ARM GAS  /tmp/ccmXepIc.s 			page 1


   1              		.cpu cortex-m7
   2              		.eabi_attribute 28, 1
   3              		.eabi_attribute 20, 1
   4              		.eabi_attribute 21, 1
   5              		.eabi_attribute 23, 3
   6              		.eabi_attribute 24, 1
   7              		.eabi_attribute 25, 1
   8              		.eabi_attribute 26, 1
   9              		.eabi_attribute 30, 2
  10              		.eabi_attribute 34, 1
  11              		.eabi_attribute 18, 4
  12              		.file	"chcore.c"
  13              		.file 1 "/usr/lib/gcc/arm-none-eabi/10.3.1/include/stdint.h"
  14              		.file 2 "third_party/ChibiOS/os/common/ports/ARM-common/chtypes.h"
  15              		.file 3 "third_party/ChibiOS/os/rt/include/chearly.h"
  16              		.file 4 "third_party/ChibiOS/os/rt/include/chobjects.h"
  17              		.file 5 "third_party/ChibiOS/os/rt/include/chrfcu.h"
  18              		.file 6 "third_party/ChibiOS/os/rt/include/chdebug.h"
  19              		.file 7 "third_party/ChibiOS/os/rt/include/chtime.h"
  20              		.file 8 "third_party/ChibiOS/os/rt/include/chlists.h"
  21              		.file 9 "third_party/ChibiOS/os/rt/include/chtrace.h"
  22              		.file 10 "third_party/ChibiOS/os/common/ext/ST/STM32H7xx/stm32h743xx.h"
  23              		.file 11 "third_party/ChibiOS/os/common/ext/ARM/CMSIS/Core/Include/core_cm7.h"
  24              		.file 12 "third_party/ChibiOS/os/common/ports/ARMv7-M/chcore.h"
  25              		.file 13 "third_party/ChibiOS/os/rt/include/chsem.h"
  26              		.file 14 "third_party/ChibiOS/os/rt/include/chmtx.h"
  27              		.file 15 "third_party/ChibiOS/os/common/ports/ARMv7-M/chcore.c"
  28              		.file 16 "third_party/ChibiOS/os/common/ext/ARM/CMSIS/Core/Include/cmsis_gcc.h"
  29              		.section	.gnu.debuglto_.debug_info,"e",%progbits
  30              	.Ldebug_info0:
  31              		.hidden	chcore.c.e1571be0
  32              		.weak	chcore.c.e1571be0
  33              	chcore.c.e1571be0:
  34 0000 25170000 		.4byte	0x1725
  35 0004 0400     		.2byte	0x4
  36 0006 00000000 		.4byte	.Ldebug_abbrev0
  37 000a 04       		.byte	0x4
  38 000b 01       		.uleb128 0x1
  39 000c 330B0000 		.4byte	.LASF381
  40 0010 0C       		.byte	0xc
  41 0011 98060000 		.4byte	.LASF382
  42 0015 FB090000 		.4byte	.LASF383
  43 0019 00000000 		.4byte	.Ldebug_line0
  44 001d 02       		.uleb128 0x2
  45 001e 04       		.byte	0x4
  46 001f 05       		.byte	0x5
  47 0020 696E7400 		.ascii	"int\000"
  48 0024 03       		.uleb128 0x3
  49 0025 04       		.byte	0x4
  50 0026 07       		.byte	0x7
  51 0027 E90D0000 		.4byte	.LASF0
  52 002b 03       		.uleb128 0x3
  53 002c 08       		.byte	0x8
  54 002d 05       		.byte	0x5
  55 002e CF080000 		.4byte	.LASF1
  56 0032 03       		.uleb128 0x3
  57 0033 08       		.byte	0x8
ARM GAS  /tmp/ccmXepIc.s 			page 2


  58 0034 04       		.byte	0x4
  59 0035 740A0000 		.4byte	.LASF2
  60 0039 03       		.uleb128 0x3
  61 003a 01       		.byte	0x1
  62 003b 06       		.byte	0x6
  63 003c 23100000 		.4byte	.LASF3
  64 0040 03       		.uleb128 0x3
  65 0041 01       		.byte	0x1
  66 0042 08       		.byte	0x8
  67 0043 220F0000 		.4byte	.LASF4
  68 0047 03       		.uleb128 0x3
  69 0048 02       		.byte	0x2
  70 0049 05       		.byte	0x5
  71 004a 27020000 		.4byte	.LASF5
  72 004e 03       		.uleb128 0x3
  73 004f 02       		.byte	0x2
  74 0050 07       		.byte	0x7
  75 0051 3C100000 		.4byte	.LASF6
  76 0055 03       		.uleb128 0x3
  77 0056 04       		.byte	0x4
  78 0057 05       		.byte	0x5
  79 0058 ED050000 		.4byte	.LASF7
  80 005c 03       		.uleb128 0x3
  81 005d 04       		.byte	0x4
  82 005e 07       		.byte	0x7
  83 005f 490E0000 		.4byte	.LASF8
  84 0063 03       		.uleb128 0x3
  85 0064 08       		.byte	0x8
  86 0065 07       		.byte	0x7
  87 0066 FE030000 		.4byte	.LASF9
  88 006a 04       		.uleb128 0x4
  89 006b 04       		.byte	0x4
  90 006c 03       		.uleb128 0x3
  91 006d 01       		.byte	0x1
  92 006e 08       		.byte	0x8
  93 006f 5E070000 		.4byte	.LASF10
  94 0073 05       		.uleb128 0x5
  95 0074 6C000000 		.4byte	0x6c
  96 0078 06       		.uleb128 0x6
  97 0079 04       		.byte	0x4
  98 007a 73000000 		.4byte	0x73
  99 007e 07       		.uleb128 0x7
 100 007f 78000000 		.4byte	0x78
 101 0083 08       		.uleb128 0x8
 102 0084 930E0000 		.4byte	.LASF11
 103 0088 01       		.byte	0x1
 104 0089 28       		.byte	0x28
 105 008a 18       		.byte	0x18
 106 008b 55000000 		.4byte	0x55
 107 008f 08       		.uleb128 0x8
 108 0090 22080000 		.4byte	.LASF12
 109 0094 01       		.byte	0x1
 110 0095 2E       		.byte	0x2e
 111 0096 18       		.byte	0x18
 112 0097 40000000 		.4byte	0x40
 113 009b 07       		.uleb128 0x7
 114 009c 8F000000 		.4byte	0x8f
ARM GAS  /tmp/ccmXepIc.s 			page 3


 115 00a0 08       		.uleb128 0x8
 116 00a1 950A0000 		.4byte	.LASF13
 117 00a5 01       		.byte	0x1
 118 00a6 31       		.byte	0x31
 119 00a7 19       		.byte	0x19
 120 00a8 4E000000 		.4byte	0x4e
 121 00ac 08       		.uleb128 0x8
 122 00ad 34010000 		.4byte	.LASF14
 123 00b1 01       		.byte	0x1
 124 00b2 34       		.byte	0x34
 125 00b3 19       		.byte	0x19
 126 00b4 5C000000 		.4byte	0x5c
 127 00b8 07       		.uleb128 0x7
 128 00b9 AC000000 		.4byte	0xac
 129 00bd 05       		.uleb128 0x5
 130 00be B8000000 		.4byte	0xb8
 131 00c2 08       		.uleb128 0x8
 132 00c3 730D0000 		.4byte	.LASF15
 133 00c7 01       		.byte	0x1
 134 00c8 37       		.byte	0x37
 135 00c9 19       		.byte	0x19
 136 00ca 63000000 		.4byte	0x63
 137 00ce 07       		.uleb128 0x7
 138 00cf C2000000 		.4byte	0xc2
 139 00d3 08       		.uleb128 0x8
 140 00d4 F00C0000 		.4byte	.LASF16
 141 00d8 02       		.byte	0x2
 142 00d9 48       		.byte	0x48
 143 00da 1D       		.byte	0x1d
 144 00db C2000000 		.4byte	0xc2
 145 00df 08       		.uleb128 0x8
 146 00e0 5A100000 		.4byte	.LASF17
 147 00e4 03       		.byte	0x3
 148 00e5 50       		.byte	0x50
 149 00e6 19       		.byte	0x19
 150 00e7 D3000000 		.4byte	0xd3
 151 00eb 08       		.uleb128 0x8
 152 00ec F3090000 		.4byte	.LASF18
 153 00f0 03       		.byte	0x3
 154 00f1 53       		.byte	0x53
 155 00f2 19       		.byte	0x19
 156 00f3 8F000000 		.4byte	0x8f
 157 00f7 08       		.uleb128 0x8
 158 00f8 B5070000 		.4byte	.LASF19
 159 00fc 03       		.byte	0x3
 160 00fd 54       		.byte	0x54
 161 00fe 19       		.byte	0x19
 162 00ff 8F000000 		.4byte	0x8f
 163 0103 08       		.uleb128 0x8
 164 0104 170C0000 		.4byte	.LASF20
 165 0108 03       		.byte	0x3
 166 0109 55       		.byte	0x55
 167 010a 19       		.byte	0x19
 168 010b 8F000000 		.4byte	0x8f
 169 010f 08       		.uleb128 0x8
 170 0110 ED030000 		.4byte	.LASF21
 171 0114 03       		.byte	0x3
ARM GAS  /tmp/ccmXepIc.s 			page 4


 172 0115 57       		.byte	0x57
 173 0116 19       		.byte	0x19
 174 0117 AC000000 		.4byte	0xac
 175 011b 08       		.uleb128 0x8
 176 011c 27090000 		.4byte	.LASF22
 177 0120 03       		.byte	0x3
 178 0121 58       		.byte	0x58
 179 0122 19       		.byte	0x19
 180 0123 83000000 		.4byte	0x83
 181 0127 08       		.uleb128 0x8
 182 0128 8F030000 		.4byte	.LASF23
 183 012c 03       		.byte	0x3
 184 012d 5A       		.byte	0x5a
 185 012e 19       		.byte	0x19
 186 012f AC000000 		.4byte	0xac
 187 0133 08       		.uleb128 0x8
 188 0134 DB0F0000 		.4byte	.LASF24
 189 0138 03       		.byte	0x3
 190 0139 5C       		.byte	0x5c
 191 013a 19       		.byte	0x19
 192 013b 83000000 		.4byte	0x83
 193 013f 08       		.uleb128 0x8
 194 0140 96110000 		.4byte	.LASF25
 195 0144 03       		.byte	0x3
 196 0145 80       		.byte	0x80
 197 0146 12       		.byte	0x12
 198 0147 24000000 		.4byte	0x24
 199 014b 08       		.uleb128 0x8
 200 014c 9A050000 		.4byte	.LASF26
 201 0150 03       		.byte	0x3
 202 0151 85       		.byte	0x85
 203 0152 1A       		.byte	0x1a
 204 0153 57010000 		.4byte	0x157
 205 0157 09       		.uleb128 0x9
 206 0158 52080000 		.4byte	.LASF41
 207 015c 48       		.byte	0x48
 208 015d 04       		.byte	0x4
 209 015e 9C       		.byte	0x9c
 210 015f 08       		.byte	0x8
 211 0160 3A020000 		.4byte	0x23a
 212 0164 0A       		.uleb128 0xa
 213 0165 68647200 		.ascii	"hdr\000"
 214 0169 04       		.byte	0x4
 215 016a AD       		.byte	0xad
 216 016b 05       		.byte	0x5
 217 016c FD130000 		.4byte	0x13fd
 218 0170 00       		.byte	0
 219 0171 0A       		.uleb128 0xa
 220 0172 63747800 		.ascii	"ctx\000"
 221 0176 04       		.byte	0x4
 222 0177 B1       		.byte	0xb1
 223 0178 21       		.byte	0x21
 224 0179 67130000 		.4byte	0x1367
 225 017d 0C       		.byte	0xc
 226 017e 0B       		.uleb128 0xb
 227 017f C5070000 		.4byte	.LASF27
 228 0183 04       		.byte	0x4
ARM GAS  /tmp/ccmXepIc.s 			page 5


 229 0184 B6       		.byte	0xb6
 230 0185 21       		.byte	0x21
 231 0186 73030000 		.4byte	0x373
 232 018a 10       		.byte	0x10
 233 018b 0B       		.uleb128 0xb
 234 018c 3E050000 		.4byte	.LASF28
 235 0190 04       		.byte	0x4
 236 0191 BB       		.byte	0xbb
 237 0192 22       		.byte	0x22
 238 0193 0A150000 		.4byte	0x150a
 239 0197 18       		.byte	0x18
 240 0198 0B       		.uleb128 0xb
 241 0199 C40D0000 		.4byte	.LASF29
 242 019d 04       		.byte	0x4
 243 019e C0       		.byte	0xc0
 244 019f 22       		.byte	0x22
 245 01a0 78000000 		.4byte	0x78
 246 01a4 1C       		.byte	0x1c
 247 01a5 0B       		.uleb128 0xb
 248 01a6 91070000 		.4byte	.LASF30
 249 01aa 04       		.byte	0x4
 250 01ab C9       		.byte	0xc9
 251 01ac 22       		.byte	0x22
 252 01ad 10150000 		.4byte	0x1510
 253 01b1 20       		.byte	0x20
 254 01b2 0B       		.uleb128 0xb
 255 01b3 D00E0000 		.4byte	.LASF31
 256 01b7 04       		.byte	0x4
 257 01b8 CE       		.byte	0xce
 258 01b9 21       		.byte	0x21
 259 01ba F7000000 		.4byte	0xf7
 260 01be 24       		.byte	0x24
 261 01bf 0B       		.uleb128 0xb
 262 01c0 B7000000 		.4byte	.LASF32
 263 01c4 04       		.byte	0x4
 264 01c5 D2       		.byte	0xd2
 265 01c6 21       		.byte	0x21
 266 01c7 EB000000 		.4byte	0xeb
 267 01cb 25       		.byte	0x25
 268 01cc 0B       		.uleb128 0xb
 269 01cd A5010000 		.4byte	.LASF33
 270 01d1 04       		.byte	0x4
 271 01d2 D7       		.byte	0xd7
 272 01d3 21       		.byte	0x21
 273 01d4 03010000 		.4byte	0x103
 274 01d8 26       		.byte	0x26
 275 01d9 0C       		.uleb128 0xc
 276 01da 7500     		.ascii	"u\000"
 277 01dc 04       		.byte	0x4
 278 01dd 2801     		.2byte	0x128
 279 01df 21       		.byte	0x21
 280 01e0 2B140000 		.4byte	0x142b
 281 01e4 28       		.byte	0x28
 282 01e5 0D       		.uleb128 0xd
 283 01e6 3B0F0000 		.4byte	.LASF34
 284 01ea 04       		.byte	0x4
 285 01eb 2D01     		.2byte	0x12d
ARM GAS  /tmp/ccmXepIc.s 			page 6


 286 01ed 21       		.byte	0x21
 287 01ee 46030000 		.4byte	0x346
 288 01f2 2C       		.byte	0x2c
 289 01f3 0D       		.uleb128 0xd
 290 01f4 49080000 		.4byte	.LASF35
 291 01f8 04       		.byte	0x4
 292 01f9 3301     		.2byte	0x133
 293 01fb 21       		.byte	0x21
 294 01fc 73030000 		.4byte	0x373
 295 0200 30       		.byte	0x30
 296 0201 0D       		.uleb128 0xd
 297 0202 08010000 		.4byte	.LASF36
 298 0206 04       		.byte	0x4
 299 0207 3901     		.2byte	0x139
 300 0209 21       		.byte	0x21
 301 020a 27010000 		.4byte	0x127
 302 020e 38       		.byte	0x38
 303 020f 0D       		.uleb128 0xd
 304 0210 60050000 		.4byte	.LASF37
 305 0214 04       		.byte	0x4
 306 0215 4001     		.2byte	0x140
 307 0217 22       		.byte	0x22
 308 0218 04150000 		.4byte	0x1504
 309 021c 3C       		.byte	0x3c
 310 021d 0D       		.uleb128 0xd
 311 021e 1A100000 		.4byte	.LASF38
 312 0222 04       		.byte	0x4
 313 0223 4401     		.2byte	0x144
 314 0225 21       		.byte	0x21
 315 0226 0F010000 		.4byte	0x10f
 316 022a 40       		.byte	0x40
 317 022b 0D       		.uleb128 0xd
 318 022c B7110000 		.4byte	.LASF39
 319 0230 04       		.byte	0x4
 320 0231 4B01     		.2byte	0x14b
 321 0233 22       		.byte	0x22
 322 0234 6A000000 		.4byte	0x6a
 323 0238 44       		.byte	0x44
 324 0239 00       		.byte	0
 325 023a 08       		.uleb128 0x8
 326 023b BD0F0000 		.4byte	.LASF40
 327 023f 03       		.byte	0x3
 328 0240 8A       		.byte	0x8a
 329 0241 1F       		.byte	0x1f
 330 0242 46020000 		.4byte	0x246
 331 0246 0E       		.uleb128 0xe
 332 0247 E2060000 		.4byte	.LASF42
 333 024b 9008     		.2byte	0x890
 334 024d 04       		.byte	0x4
 335 024e 8A01     		.2byte	0x18a
 336 0250 08       		.byte	0x8
 337 0251 D4020000 		.4byte	0x2d4
 338 0255 0D       		.uleb128 0xd
 339 0256 850D0000 		.4byte	.LASF43
 340 025a 04       		.byte	0x4
 341 025b 8E01     		.2byte	0x18e
 342 025d 21       		.byte	0x21
ARM GAS  /tmp/ccmXepIc.s 			page 7


 343 025e 41150000 		.4byte	0x1541
 344 0262 00       		.byte	0
 345 0263 0D       		.uleb128 0xd
 346 0264 ED010000 		.4byte	.LASF44
 347 0268 04       		.byte	0x4
 348 0269 9201     		.2byte	0x192
 349 026b 21       		.byte	0x21
 350 026c BE130000 		.4byte	0x13be
 351 0270 10       		.byte	0x10
 352 0271 0D       		.uleb128 0xd
 353 0272 D30F0000 		.4byte	.LASF45
 354 0276 04       		.byte	0x4
 355 0277 9901     		.2byte	0x199
 356 0279 21       		.byte	0x21
 357 027a E5130000 		.4byte	0x13e5
 358 027e 28       		.byte	0x28
 359 027f 0D       		.uleb128 0xd
 360 0280 34110000 		.4byte	.LASF46
 361 0284 04       		.byte	0x4
 362 0285 9E01     		.2byte	0x19e
 363 0287 21       		.byte	0x21
 364 0288 3F010000 		.4byte	0x13f
 365 028c 30       		.byte	0x30
 366 028d 0D       		.uleb128 0xd
 367 028e 7F050000 		.4byte	.LASF47
 368 0292 04       		.byte	0x4
 369 0293 A401     		.2byte	0x1a4
 370 0295 21       		.byte	0x21
 371 0296 FB020000 		.4byte	0x2fb
 372 029a 34       		.byte	0x34
 373 029b 0D       		.uleb128 0xd
 374 029c 64060000 		.4byte	.LASF48
 375 02a0 04       		.byte	0x4
 376 02a1 A901     		.2byte	0x1a9
 377 02a3 22       		.byte	0x22
 378 02a4 B5150000 		.4byte	0x15b5
 379 02a8 38       		.byte	0x38
 380 02a9 0D       		.uleb128 0xd
 381 02aa 340A0000 		.4byte	.LASF49
 382 02ae 04       		.byte	0x4
 383 02af AD01     		.2byte	0x1ad
 384 02b1 21       		.byte	0x21
 385 02b2 4B010000 		.4byte	0x14b
 386 02b6 3C       		.byte	0x3c
 387 02b7 0C       		.uleb128 0xc
 388 02b8 64626700 		.ascii	"dbg\000"
 389 02bc 04       		.byte	0x4
 390 02bd B101     		.2byte	0x1b1
 391 02bf 21       		.byte	0x21
 392 02c0 22030000 		.4byte	0x322
 393 02c4 84       		.byte	0x84
 394 02c5 0D       		.uleb128 0xd
 395 02c6 A20E0000 		.4byte	.LASF50
 396 02ca 04       		.byte	0x4
 397 02cb B601     		.2byte	0x1b6
 398 02cd 21       		.byte	0x21
 399 02ce D2050000 		.4byte	0x5d2
ARM GAS  /tmp/ccmXepIc.s 			page 8


 400 02d2 88       		.byte	0x88
 401 02d3 00       		.byte	0
 402 02d4 08       		.uleb128 0x8
 403 02d5 73070000 		.4byte	.LASF51
 404 02d9 05       		.byte	0x5
 405 02da 3F       		.byte	0x3f
 406 02db 12       		.byte	0x12
 407 02dc AC000000 		.4byte	0xac
 408 02e0 09       		.uleb128 0x9
 409 02e1 6B060000 		.4byte	.LASF52
 410 02e5 04       		.byte	0x4
 411 02e6 05       		.byte	0x5
 412 02e7 44       		.byte	0x44
 413 02e8 10       		.byte	0x10
 414 02e9 FB020000 		.4byte	0x2fb
 415 02ed 0B       		.uleb128 0xb
 416 02ee C1090000 		.4byte	.LASF53
 417 02f2 05       		.byte	0x5
 418 02f3 48       		.byte	0x48
 419 02f4 21       		.byte	0x21
 420 02f5 D4020000 		.4byte	0x2d4
 421 02f9 00       		.byte	0
 422 02fa 00       		.byte	0
 423 02fb 08       		.uleb128 0x8
 424 02fc 9B0E0000 		.4byte	.LASF54
 425 0300 05       		.byte	0x5
 426 0301 49       		.byte	0x49
 427 0302 03       		.byte	0x3
 428 0303 E0020000 		.4byte	0x2e0
 429 0307 09       		.uleb128 0x9
 430 0308 06030000 		.4byte	.LASF55
 431 030c 04       		.byte	0x4
 432 030d 06       		.byte	0x6
 433 030e 3E       		.byte	0x3e
 434 030f 10       		.byte	0x10
 435 0310 22030000 		.4byte	0x322
 436 0314 0B       		.uleb128 0xb
 437 0315 3C110000 		.4byte	.LASF56
 438 0319 06       		.byte	0x6
 439 031a 46       		.byte	0x46
 440 031b 24       		.byte	0x24
 441 031c 7E000000 		.4byte	0x7e
 442 0320 00       		.byte	0
 443 0321 00       		.byte	0
 444 0322 08       		.uleb128 0x8
 445 0323 A6080000 		.4byte	.LASF57
 446 0327 06       		.byte	0x6
 447 0328 51       		.byte	0x51
 448 0329 03       		.byte	0x3
 449 032a 07030000 		.4byte	0x307
 450 032e 08       		.uleb128 0x8
 451 032f BD000000 		.4byte	.LASF58
 452 0333 07       		.byte	0x7
 453 0334 6D       		.byte	0x6d
 454 0335 12       		.byte	0x12
 455 0336 AC000000 		.4byte	0xac
 456 033a 08       		.uleb128 0x8
ARM GAS  /tmp/ccmXepIc.s 			page 9


 457 033b CB090000 		.4byte	.LASF59
 458 033f 07       		.byte	0x7
 459 0340 79       		.byte	0x79
 460 0341 12       		.byte	0x12
 461 0342 AC000000 		.4byte	0xac
 462 0346 08       		.uleb128 0x8
 463 0347 DA0A0000 		.4byte	.LASF60
 464 034b 08       		.byte	0x8
 465 034c 32       		.byte	0x32
 466 034d 18       		.byte	0x18
 467 034e 52030000 		.4byte	0x352
 468 0352 09       		.uleb128 0x9
 469 0353 4E030000 		.4byte	.LASF61
 470 0357 04       		.byte	0x4
 471 0358 08       		.byte	0x8
 472 0359 38       		.byte	0x38
 473 035a 08       		.byte	0x8
 474 035b 6D030000 		.4byte	0x36d
 475 035f 0B       		.uleb128 0xb
 476 0360 000D0000 		.4byte	.LASF62
 477 0364 08       		.byte	0x8
 478 0365 39       		.byte	0x39
 479 0366 1A       		.byte	0x1a
 480 0367 6D030000 		.4byte	0x36d
 481 036b 00       		.byte	0
 482 036c 00       		.byte	0
 483 036d 06       		.uleb128 0x6
 484 036e 04       		.byte	0x4
 485 036f 46030000 		.4byte	0x346
 486 0373 08       		.uleb128 0x8
 487 0374 D9090000 		.4byte	.LASF63
 488 0378 08       		.byte	0x8
 489 0379 3F       		.byte	0x3f
 490 037a 19       		.byte	0x19
 491 037b 7F030000 		.4byte	0x37f
 492 037f 09       		.uleb128 0x9
 493 0380 E00E0000 		.4byte	.LASF64
 494 0384 08       		.byte	0x8
 495 0385 08       		.byte	0x8
 496 0386 45       		.byte	0x45
 497 0387 08       		.byte	0x8
 498 0388 A7030000 		.4byte	0x3a7
 499 038c 0B       		.uleb128 0xb
 500 038d 000D0000 		.4byte	.LASF62
 501 0391 08       		.byte	0x8
 502 0392 46       		.byte	0x46
 503 0393 1A       		.byte	0x1a
 504 0394 A7030000 		.4byte	0x3a7
 505 0398 00       		.byte	0
 506 0399 0B       		.uleb128 0xb
 507 039a 77020000 		.4byte	.LASF65
 508 039e 08       		.byte	0x8
 509 039f 47       		.byte	0x47
 510 03a0 1A       		.byte	0x1a
 511 03a1 A7030000 		.4byte	0x3a7
 512 03a5 04       		.byte	0x4
 513 03a6 00       		.byte	0
ARM GAS  /tmp/ccmXepIc.s 			page 10


 514 03a7 06       		.uleb128 0x6
 515 03a8 04       		.byte	0x4
 516 03a9 73030000 		.4byte	0x373
 517 03ad 08       		.uleb128 0x8
 518 03ae 0E060000 		.4byte	.LASF66
 519 03b2 08       		.byte	0x8
 520 03b3 4E       		.byte	0x4e
 521 03b4 22       		.byte	0x22
 522 03b5 B9030000 		.4byte	0x3b9
 523 03b9 09       		.uleb128 0x9
 524 03ba D9020000 		.4byte	.LASF67
 525 03be 0C       		.byte	0xc
 526 03bf 08       		.byte	0x8
 527 03c0 55       		.byte	0x55
 528 03c1 08       		.byte	0x8
 529 03c2 EE030000 		.4byte	0x3ee
 530 03c6 0B       		.uleb128 0xb
 531 03c7 000D0000 		.4byte	.LASF62
 532 03cb 08       		.byte	0x8
 533 03cc 56       		.byte	0x56
 534 03cd 1A       		.byte	0x1a
 535 03ce EE030000 		.4byte	0x3ee
 536 03d2 00       		.byte	0
 537 03d3 0B       		.uleb128 0xb
 538 03d4 77020000 		.4byte	.LASF65
 539 03d8 08       		.byte	0x8
 540 03d9 57       		.byte	0x57
 541 03da 1A       		.byte	0x1a
 542 03db EE030000 		.4byte	0x3ee
 543 03df 04       		.byte	0x4
 544 03e0 0B       		.uleb128 0xb
 545 03e1 33070000 		.4byte	.LASF68
 546 03e5 08       		.byte	0x8
 547 03e6 58       		.byte	0x58
 548 03e7 19       		.byte	0x19
 549 03e8 0F010000 		.4byte	0x10f
 550 03ec 08       		.byte	0x8
 551 03ed 00       		.byte	0
 552 03ee 06       		.uleb128 0x6
 553 03ef 04       		.byte	0x4
 554 03f0 AD030000 		.4byte	0x3ad
 555 03f4 08       		.uleb128 0x8
 556 03f5 63070000 		.4byte	.LASF69
 557 03f9 08       		.byte	0x8
 558 03fa 5F       		.byte	0x5f
 559 03fb 1E       		.byte	0x1e
 560 03fc 00040000 		.4byte	0x400
 561 0400 09       		.uleb128 0x9
 562 0401 56030000 		.4byte	.LASF70
 563 0405 0C       		.byte	0xc
 564 0406 08       		.byte	0x8
 565 0407 64       		.byte	0x64
 566 0408 08       		.byte	0x8
 567 0409 35040000 		.4byte	0x435
 568 040d 0B       		.uleb128 0xb
 569 040e 000D0000 		.4byte	.LASF62
 570 0412 08       		.byte	0x8
ARM GAS  /tmp/ccmXepIc.s 			page 11


 571 0413 65       		.byte	0x65
 572 0414 1A       		.byte	0x1a
 573 0415 35040000 		.4byte	0x435
 574 0419 00       		.byte	0
 575 041a 0B       		.uleb128 0xb
 576 041b 77020000 		.4byte	.LASF65
 577 041f 08       		.byte	0x8
 578 0420 66       		.byte	0x66
 579 0421 1A       		.byte	0x1a
 580 0422 35040000 		.4byte	0x435
 581 0426 04       		.byte	0x4
 582 0427 0B       		.uleb128 0xb
 583 0428 2F100000 		.4byte	.LASF71
 584 042c 08       		.byte	0x8
 585 042d 67       		.byte	0x67
 586 042e 19       		.byte	0x19
 587 042f 3A030000 		.4byte	0x33a
 588 0433 08       		.byte	0x8
 589 0434 00       		.byte	0
 590 0435 06       		.uleb128 0x6
 591 0436 04       		.byte	0x4
 592 0437 F4030000 		.4byte	0x3f4
 593 043b 0F       		.uleb128 0xf
 594 043c 08       		.byte	0x8
 595 043d 09       		.byte	0x9
 596 043e 83       		.byte	0x83
 597 043f 05       		.byte	0x5
 598 0440 5F040000 		.4byte	0x45f
 599 0444 0A       		.uleb128 0xa
 600 0445 6E747000 		.ascii	"ntp\000"
 601 0449 09       		.byte	0x9
 602 044a 87       		.byte	0x87
 603 044b 1E       		.byte	0x1e
 604 044c 5F040000 		.4byte	0x45f
 605 0450 00       		.byte	0
 606 0451 0B       		.uleb128 0xb
 607 0452 D6010000 		.4byte	.LASF72
 608 0456 09       		.byte	0x9
 609 0457 8B       		.byte	0x8b
 610 0458 1E       		.byte	0x1e
 611 0459 6A000000 		.4byte	0x6a
 612 045d 04       		.byte	0x4
 613 045e 00       		.byte	0
 614 045f 06       		.uleb128 0x6
 615 0460 04       		.byte	0x4
 616 0461 4B010000 		.4byte	0x14b
 617 0465 0F       		.uleb128 0xf
 618 0466 08       		.byte	0x8
 619 0467 09       		.byte	0x9
 620 0468 90       		.byte	0x90
 621 0469 05       		.byte	0x5
 622 046a 88040000 		.4byte	0x488
 623 046e 0A       		.uleb128 0xa
 624 046f 747000   		.ascii	"tp\000"
 625 0472 09       		.byte	0x9
 626 0473 94       		.byte	0x94
 627 0474 1E       		.byte	0x1e
ARM GAS  /tmp/ccmXepIc.s 			page 12


 628 0475 5F040000 		.4byte	0x45f
 629 0479 00       		.byte	0
 630 047a 0A       		.uleb128 0xa
 631 047b 6D736700 		.ascii	"msg\000"
 632 047f 09       		.byte	0x9
 633 0480 98       		.byte	0x98
 634 0481 1D       		.byte	0x1d
 635 0482 1B010000 		.4byte	0x11b
 636 0486 04       		.byte	0x4
 637 0487 00       		.byte	0
 638 0488 0F       		.uleb128 0xf
 639 0489 04       		.byte	0x4
 640 048a 09       		.byte	0x9
 641 048b 9D       		.byte	0x9d
 642 048c 05       		.byte	0x5
 643 048d 9F040000 		.4byte	0x49f
 644 0491 0B       		.uleb128 0xb
 645 0492 C40D0000 		.4byte	.LASF29
 646 0496 09       		.byte	0x9
 647 0497 A1       		.byte	0xa1
 648 0498 1E       		.byte	0x1e
 649 0499 78000000 		.4byte	0x78
 650 049d 00       		.byte	0
 651 049e 00       		.byte	0
 652 049f 0F       		.uleb128 0xf
 653 04a0 04       		.byte	0x4
 654 04a1 09       		.byte	0x9
 655 04a2 A6       		.byte	0xa6
 656 04a3 05       		.byte	0x5
 657 04a4 B6040000 		.4byte	0x4b6
 658 04a8 0B       		.uleb128 0xb
 659 04a9 AD040000 		.4byte	.LASF73
 660 04ad 09       		.byte	0x9
 661 04ae AA       		.byte	0xaa
 662 04af 1E       		.byte	0x1e
 663 04b0 78000000 		.4byte	0x78
 664 04b4 00       		.byte	0
 665 04b5 00       		.byte	0
 666 04b6 0F       		.uleb128 0xf
 667 04b7 08       		.byte	0x8
 668 04b8 09       		.byte	0x9
 669 04b9 AF       		.byte	0xaf
 670 04ba 05       		.byte	0x5
 671 04bb DA040000 		.4byte	0x4da
 672 04bf 0A       		.uleb128 0xa
 673 04c0 75703100 		.ascii	"up1\000"
 674 04c4 09       		.byte	0x9
 675 04c5 B3       		.byte	0xb3
 676 04c6 1E       		.byte	0x1e
 677 04c7 6A000000 		.4byte	0x6a
 678 04cb 00       		.byte	0
 679 04cc 0A       		.uleb128 0xa
 680 04cd 75703200 		.ascii	"up2\000"
 681 04d1 09       		.byte	0x9
 682 04d2 B7       		.byte	0xb7
 683 04d3 1E       		.byte	0x1e
 684 04d4 6A000000 		.4byte	0x6a
ARM GAS  /tmp/ccmXepIc.s 			page 13


 685 04d8 04       		.byte	0x4
 686 04d9 00       		.byte	0
 687 04da 10       		.uleb128 0x10
 688 04db 08       		.byte	0x8
 689 04dc 09       		.byte	0x9
 690 04dd 7F       		.byte	0x7f
 691 04de 03       		.byte	0x3
 692 04df 1F050000 		.4byte	0x51f
 693 04e3 11       		.uleb128 0x11
 694 04e4 737700   		.ascii	"sw\000"
 695 04e7 09       		.byte	0x9
 696 04e8 8C       		.byte	0x8c
 697 04e9 07       		.byte	0x7
 698 04ea 3B040000 		.4byte	0x43b
 699 04ee 11       		.uleb128 0x11
 700 04ef 72647900 		.ascii	"rdy\000"
 701 04f3 09       		.byte	0x9
 702 04f4 99       		.byte	0x99
 703 04f5 07       		.byte	0x7
 704 04f6 65040000 		.4byte	0x465
 705 04fa 11       		.uleb128 0x11
 706 04fb 69737200 		.ascii	"isr\000"
 707 04ff 09       		.byte	0x9
 708 0500 A2       		.byte	0xa2
 709 0501 07       		.byte	0x7
 710 0502 88040000 		.4byte	0x488
 711 0506 12       		.uleb128 0x12
 712 0507 67040000 		.4byte	.LASF74
 713 050b 09       		.byte	0x9
 714 050c AB       		.byte	0xab
 715 050d 07       		.byte	0x7
 716 050e 9F040000 		.4byte	0x49f
 717 0512 12       		.uleb128 0x12
 718 0513 E7100000 		.4byte	.LASF75
 719 0517 09       		.byte	0x9
 720 0518 B8       		.byte	0xb8
 721 0519 07       		.byte	0x7
 722 051a B6040000 		.4byte	0x4b6
 723 051e 00       		.byte	0
 724 051f 0F       		.uleb128 0xf
 725 0520 10       		.byte	0x10
 726 0521 09       		.byte	0x9
 727 0522 6C       		.byte	0x6c
 728 0523 09       		.byte	0x9
 729 0524 71050000 		.4byte	0x571
 730 0528 13       		.uleb128 0x13
 731 0529 080F0000 		.4byte	.LASF76
 732 052d 09       		.byte	0x9
 733 052e 70       		.byte	0x70
 734 052f 19       		.byte	0x19
 735 0530 AC000000 		.4byte	0xac
 736 0534 04       		.byte	0x4
 737 0535 03       		.byte	0x3
 738 0536 1D       		.byte	0x1d
 739 0537 00       		.byte	0
 740 0538 13       		.uleb128 0x13
 741 0539 D00E0000 		.4byte	.LASF31
ARM GAS  /tmp/ccmXepIc.s 			page 14


 742 053d 09       		.byte	0x9
 743 053e 74       		.byte	0x74
 744 053f 19       		.byte	0x19
 745 0540 AC000000 		.4byte	0xac
 746 0544 04       		.byte	0x4
 747 0545 05       		.byte	0x5
 748 0546 18       		.byte	0x18
 749 0547 00       		.byte	0
 750 0548 13       		.uleb128 0x13
 751 0549 850E0000 		.4byte	.LASF77
 752 054d 09       		.byte	0x9
 753 054e 7A       		.byte	0x7a
 754 054f 19       		.byte	0x19
 755 0550 AC000000 		.4byte	0xac
 756 0554 04       		.byte	0x4
 757 0555 18       		.byte	0x18
 758 0556 00       		.byte	0
 759 0557 00       		.byte	0
 760 0558 0B       		.uleb128 0xb
 761 0559 18050000 		.4byte	.LASF78
 762 055d 09       		.byte	0x9
 763 055e 7E       		.byte	0x7e
 764 055f 19       		.byte	0x19
 765 0560 2E030000 		.4byte	0x32e
 766 0564 04       		.byte	0x4
 767 0565 0A       		.uleb128 0xa
 768 0566 7500     		.ascii	"u\000"
 769 0568 09       		.byte	0x9
 770 0569 B9       		.byte	0xb9
 771 056a 05       		.byte	0x5
 772 056b DA040000 		.4byte	0x4da
 773 056f 08       		.byte	0x8
 774 0570 00       		.byte	0
 775 0571 08       		.uleb128 0x8
 776 0572 B8030000 		.4byte	.LASF79
 777 0576 09       		.byte	0x9
 778 0577 BA       		.byte	0xba
 779 0578 03       		.byte	0x3
 780 0579 1F050000 		.4byte	0x51f
 781 057d 14       		.uleb128 0x14
 782 057e 0808     		.2byte	0x808
 783 0580 09       		.byte	0x9
 784 0581 C0       		.byte	0xc0
 785 0582 09       		.byte	0x9
 786 0583 BC050000 		.4byte	0x5bc
 787 0587 0B       		.uleb128 0xb
 788 0588 3D010000 		.4byte	.LASF80
 789 058c 09       		.byte	0x9
 790 058d C4       		.byte	0xc4
 791 058e 19       		.byte	0x19
 792 058f A0000000 		.4byte	0xa0
 793 0593 00       		.byte	0
 794 0594 0B       		.uleb128 0xb
 795 0595 94090000 		.4byte	.LASF81
 796 0599 09       		.byte	0x9
 797 059a C8       		.byte	0xc8
 798 059b 19       		.byte	0x19
ARM GAS  /tmp/ccmXepIc.s 			page 15


 799 059c A0000000 		.4byte	0xa0
 800 05a0 02       		.byte	0x2
 801 05a1 0A       		.uleb128 0xa
 802 05a2 70747200 		.ascii	"ptr\000"
 803 05a6 09       		.byte	0x9
 804 05a7 CC       		.byte	0xcc
 805 05a8 1A       		.byte	0x1a
 806 05a9 BC050000 		.4byte	0x5bc
 807 05ad 04       		.byte	0x4
 808 05ae 0B       		.uleb128 0xb
 809 05af 82090000 		.4byte	.LASF82
 810 05b3 09       		.byte	0x9
 811 05b4 D0       		.byte	0xd0
 812 05b5 19       		.byte	0x19
 813 05b6 C2050000 		.4byte	0x5c2
 814 05ba 08       		.byte	0x8
 815 05bb 00       		.byte	0
 816 05bc 06       		.uleb128 0x6
 817 05bd 04       		.byte	0x4
 818 05be 71050000 		.4byte	0x571
 819 05c2 15       		.uleb128 0x15
 820 05c3 71050000 		.4byte	0x571
 821 05c7 D2050000 		.4byte	0x5d2
 822 05cb 16       		.uleb128 0x16
 823 05cc 24000000 		.4byte	0x24
 824 05d0 7F       		.byte	0x7f
 825 05d1 00       		.byte	0
 826 05d2 08       		.uleb128 0x8
 827 05d3 E4090000 		.4byte	.LASF83
 828 05d7 09       		.byte	0x9
 829 05d8 D1       		.byte	0xd1
 830 05d9 03       		.byte	0x3
 831 05da 7D050000 		.4byte	0x57d
 832 05de 17       		.uleb128 0x17
 833 05df 05       		.byte	0x5
 834 05e0 02       		.byte	0x2
 835 05e1 47000000 		.4byte	0x47
 836 05e5 0A       		.byte	0xa
 837 05e6 31       		.byte	0x31
 838 05e7 01       		.byte	0x1
 839 05e8 65090000 		.4byte	0x965
 840 05ec 18       		.uleb128 0x18
 841 05ed CF0C0000 		.4byte	.LASF84
 842 05f1 72       		.sleb128 -14
 843 05f2 18       		.uleb128 0x18
 844 05f3 75100000 		.4byte	.LASF85
 845 05f7 73       		.sleb128 -13
 846 05f8 18       		.uleb128 0x18
 847 05f9 29030000 		.4byte	.LASF86
 848 05fd 74       		.sleb128 -12
 849 05fe 18       		.uleb128 0x18
 850 05ff 68090000 		.4byte	.LASF87
 851 0603 75       		.sleb128 -11
 852 0604 18       		.uleb128 0x18
 853 0605 E9000000 		.4byte	.LASF88
 854 0609 76       		.sleb128 -10
 855 060a 18       		.uleb128 0x18
ARM GAS  /tmp/ccmXepIc.s 			page 16


 856 060b DE040000 		.4byte	.LASF89
 857 060f 7B       		.sleb128 -5
 858 0610 18       		.uleb128 0x18
 859 0611 F60E0000 		.4byte	.LASF90
 860 0615 7C       		.sleb128 -4
 861 0616 18       		.uleb128 0x18
 862 0617 9E020000 		.4byte	.LASF91
 863 061b 7E       		.sleb128 -2
 864 061c 18       		.uleb128 0x18
 865 061d 5C010000 		.4byte	.LASF92
 866 0621 7F       		.sleb128 -1
 867 0622 19       		.uleb128 0x19
 868 0623 DD080000 		.4byte	.LASF93
 869 0627 00       		.byte	0
 870 0628 19       		.uleb128 0x19
 871 0629 F7080000 		.4byte	.LASF94
 872 062d 01       		.byte	0x1
 873 062e 19       		.uleb128 0x19
 874 062f 7F030000 		.4byte	.LASF95
 875 0633 02       		.byte	0x2
 876 0634 19       		.uleb128 0x19
 877 0635 4A060000 		.4byte	.LASF96
 878 0639 03       		.byte	0x3
 879 063a 19       		.uleb128 0x19
 880 063b AA010000 		.4byte	.LASF97
 881 063f 04       		.byte	0x4
 882 0640 19       		.uleb128 0x19
 883 0641 20030000 		.4byte	.LASF98
 884 0645 05       		.byte	0x5
 885 0646 19       		.uleb128 0x19
 886 0647 C1010000 		.4byte	.LASF99
 887 064b 06       		.byte	0x6
 888 064c 19       		.uleb128 0x19
 889 064d A60D0000 		.4byte	.LASF100
 890 0651 07       		.byte	0x7
 891 0652 19       		.uleb128 0x19
 892 0653 07070000 		.4byte	.LASF101
 893 0657 08       		.byte	0x8
 894 0658 19       		.uleb128 0x19
 895 0659 4F100000 		.4byte	.LASF102
 896 065d 09       		.byte	0x9
 897 065e 19       		.uleb128 0x19
 898 065f 89090000 		.4byte	.LASF103
 899 0663 0A       		.byte	0xa
 900 0664 19       		.uleb128 0x19
 901 0665 28060000 		.4byte	.LASF104
 902 0669 0B       		.byte	0xb
 903 066a 19       		.uleb128 0x19
 904 066b 9E0A0000 		.4byte	.LASF105
 905 066f 0C       		.byte	0xc
 906 0670 19       		.uleb128 0x19
 907 0671 5C080000 		.4byte	.LASF106
 908 0675 0D       		.byte	0xd
 909 0676 19       		.uleb128 0x19
 910 0677 7C020000 		.4byte	.LASF107
 911 067b 0E       		.byte	0xe
 912 067c 19       		.uleb128 0x19
ARM GAS  /tmp/ccmXepIc.s 			page 17


 913 067d DD070000 		.4byte	.LASF108
 914 0681 0F       		.byte	0xf
 915 0682 19       		.uleb128 0x19
 916 0683 11010000 		.4byte	.LASF109
 917 0687 10       		.byte	0x10
 918 0688 19       		.uleb128 0x19
 919 0689 580D0000 		.4byte	.LASF110
 920 068d 11       		.byte	0x11
 921 068e 19       		.uleb128 0x19
 922 068f A9090000 		.4byte	.LASF111
 923 0693 12       		.byte	0x12
 924 0694 19       		.uleb128 0x19
 925 0695 1D050000 		.4byte	.LASF112
 926 0699 13       		.byte	0x13
 927 069a 19       		.uleb128 0x19
 928 069b 9A000000 		.4byte	.LASF113
 929 069f 14       		.byte	0x14
 930 06a0 19       		.uleb128 0x19
 931 06a1 65100000 		.4byte	.LASF114
 932 06a5 15       		.byte	0x15
 933 06a6 19       		.uleb128 0x19
 934 06a7 8E020000 		.4byte	.LASF115
 935 06ab 16       		.byte	0x16
 936 06ac 19       		.uleb128 0x19
 937 06ad 430F0000 		.4byte	.LASF116
 938 06b1 17       		.byte	0x17
 939 06b2 19       		.uleb128 0x19
 940 06b3 C6030000 		.4byte	.LASF117
 941 06b7 18       		.byte	0x18
 942 06b8 19       		.uleb128 0x19
 943 06b9 7E0F0000 		.4byte	.LASF118
 944 06bd 19       		.byte	0x19
 945 06be 19       		.uleb128 0x19
 946 06bf D70D0000 		.4byte	.LASF119
 947 06c3 1A       		.byte	0x1a
 948 06c4 19       		.uleb128 0x19
 949 06c5 0E0D0000 		.4byte	.LASF120
 950 06c9 1B       		.byte	0x1b
 951 06ca 19       		.uleb128 0x19
 952 06cb 5B0E0000 		.4byte	.LASF121
 953 06cf 1C       		.byte	0x1c
 954 06d0 19       		.uleb128 0x19
 955 06d1 98070000 		.4byte	.LASF122
 956 06d5 1D       		.byte	0x1d
 957 06d6 19       		.uleb128 0x19
 958 06d7 FE000000 		.4byte	.LASF123
 959 06db 1E       		.byte	0x1e
 960 06dc 19       		.uleb128 0x19
 961 06dd 540A0000 		.4byte	.LASF124
 962 06e1 1F       		.byte	0x1f
 963 06e2 19       		.uleb128 0x19
 964 06e3 050E0000 		.4byte	.LASF125
 965 06e7 20       		.byte	0x20
 966 06e8 19       		.uleb128 0x19
 967 06e9 21070000 		.4byte	.LASF126
 968 06ed 21       		.byte	0x21
 969 06ee 19       		.uleb128 0x19
ARM GAS  /tmp/ccmXepIc.s 			page 18


 970 06ef AA000000 		.4byte	.LASF127
 971 06f3 22       		.byte	0x22
 972 06f4 19       		.uleb128 0x19
 973 06f5 3C040000 		.4byte	.LASF128
 974 06f9 23       		.byte	0x23
 975 06fa 19       		.uleb128 0x19
 976 06fb 9D0F0000 		.4byte	.LASF129
 977 06ff 24       		.byte	0x24
 978 0700 19       		.uleb128 0x19
 979 0701 AC0C0000 		.4byte	.LASF130
 980 0705 25       		.byte	0x25
 981 0706 19       		.uleb128 0x19
 982 0707 FD0F0000 		.4byte	.LASF131
 983 070b 26       		.byte	0x26
 984 070c 19       		.uleb128 0x19
 985 070d 0A110000 		.4byte	.LASF132
 986 0711 27       		.byte	0x27
 987 0712 19       		.uleb128 0x19
 988 0713 F8060000 		.4byte	.LASF133
 989 0717 28       		.byte	0x28
 990 0718 19       		.uleb128 0x19
 991 0719 240B0000 		.4byte	.LASF134
 992 071d 29       		.byte	0x29
 993 071e 19       		.uleb128 0x19
 994 071f 52020000 		.4byte	.LASF135
 995 0723 2B       		.byte	0x2b
 996 0724 19       		.uleb128 0x19
 997 0725 6E080000 		.4byte	.LASF136
 998 0729 2C       		.byte	0x2c
 999 072a 19       		.uleb128 0x19
 1000 072b 5B0F0000 		.4byte	.LASF137
 1001 072f 2D       		.byte	0x2d
 1002 0730 19       		.uleb128 0x19
 1003 0731 4B0D0000 		.4byte	.LASF138
 1004 0735 2E       		.byte	0x2e
 1005 0736 19       		.uleb128 0x19
 1006 0737 9B040000 		.4byte	.LASF139
 1007 073b 2F       		.byte	0x2f
 1008 073c 19       		.uleb128 0x19
 1009 073d AD050000 		.4byte	.LASF140
 1010 0741 30       		.byte	0x30
 1011 0742 19       		.uleb128 0x19
 1012 0743 0A000000 		.4byte	.LASF141
 1013 0747 31       		.byte	0x31
 1014 0748 19       		.uleb128 0x19
 1015 0749 16030000 		.4byte	.LASF142
 1016 074d 32       		.byte	0x32
 1017 074e 19       		.uleb128 0x19
 1018 074f 54070000 		.4byte	.LASF143
 1019 0753 33       		.byte	0x33
 1020 0754 19       		.uleb128 0x19
 1021 0755 BB020000 		.4byte	.LASF144
 1022 0759 34       		.byte	0x34
 1023 075a 19       		.uleb128 0x19
 1024 075b C40C0000 		.4byte	.LASF145
 1025 075f 35       		.byte	0x35
 1026 0760 19       		.uleb128 0x19
ARM GAS  /tmp/ccmXepIc.s 			page 19


 1027 0761 C90D0000 		.4byte	.LASF146
 1028 0765 36       		.byte	0x36
 1029 0766 19       		.uleb128 0x19
 1030 0767 B30F0000 		.4byte	.LASF147
 1031 076b 37       		.byte	0x37
 1032 076c 19       		.uleb128 0x19
 1033 076d CD000000 		.4byte	.LASF148
 1034 0771 38       		.byte	0x38
 1035 0772 19       		.uleb128 0x19
 1036 0773 0D090000 		.4byte	.LASF149
 1037 0777 39       		.byte	0x39
 1038 0778 19       		.uleb128 0x19
 1039 0779 15040000 		.4byte	.LASF150
 1040 077d 3A       		.byte	0x3a
 1041 077e 19       		.uleb128 0x19
 1042 077f 8B0F0000 		.4byte	.LASF151
 1043 0783 3B       		.byte	0x3b
 1044 0784 19       		.uleb128 0x19
 1045 0785 55000000 		.4byte	.LASF152
 1046 0789 3C       		.byte	0x3c
 1047 078a 19       		.uleb128 0x19
 1048 078b 5C110000 		.4byte	.LASF153
 1049 078f 3D       		.byte	0x3d
 1050 0790 19       		.uleb128 0x19
 1051 0791 8C050000 		.4byte	.LASF154
 1052 0795 3E       		.byte	0x3e
 1053 0796 19       		.uleb128 0x19
 1054 0797 09050000 		.4byte	.LASF155
 1055 079b 3F       		.byte	0x3f
 1056 079c 19       		.uleb128 0x19
 1057 079d 73000000 		.4byte	.LASF156
 1058 07a1 44       		.byte	0x44
 1059 07a2 19       		.uleb128 0x19
 1060 07a3 7C0C0000 		.4byte	.LASF157
 1061 07a7 45       		.byte	0x45
 1062 07a8 19       		.uleb128 0x19
 1063 07a9 C7050000 		.4byte	.LASF158
 1064 07ad 46       		.byte	0x46
 1065 07ae 19       		.uleb128 0x19
 1066 07af 120E0000 		.4byte	.LASF159
 1067 07b3 47       		.byte	0x47
 1068 07b4 19       		.uleb128 0x19
 1069 07b5 980C0000 		.4byte	.LASF160
 1070 07b9 48       		.byte	0x48
 1071 07ba 19       		.uleb128 0x19
 1072 07bb D9050000 		.4byte	.LASF161
 1073 07bf 49       		.byte	0x49
 1074 07c0 19       		.uleb128 0x19
 1075 07c1 F6100000 		.4byte	.LASF162
 1076 07c5 4A       		.byte	0x4a
 1077 07c6 19       		.uleb128 0x19
 1078 07c7 F4010000 		.4byte	.LASF163
 1079 07cb 4B       		.byte	0x4b
 1080 07cc 19       		.uleb128 0x19
 1081 07cd B60E0000 		.4byte	.LASF164
 1082 07d1 4C       		.byte	0x4c
 1083 07d2 19       		.uleb128 0x19
ARM GAS  /tmp/ccmXepIc.s 			page 20


 1084 07d3 58060000 		.4byte	.LASF165
 1085 07d7 4D       		.byte	0x4d
 1086 07d8 19       		.uleb128 0x19
 1087 07d9 00000000 		.4byte	.LASF166
 1088 07dd 4E       		.byte	0x4e
 1089 07de 19       		.uleb128 0x19
 1090 07df 7C0D0000 		.4byte	.LASF167
 1091 07e3 50       		.byte	0x50
 1092 07e4 19       		.uleb128 0x19
 1093 07e5 53110000 		.4byte	.LASF168
 1094 07e9 51       		.byte	0x51
 1095 07ea 19       		.uleb128 0x19
 1096 07eb 16110000 		.4byte	.LASF169
 1097 07ef 52       		.byte	0x52
 1098 07f0 19       		.uleb128 0x19
 1099 07f1 3E0E0000 		.4byte	.LASF170
 1100 07f5 53       		.byte	0x53
 1101 07f6 19       		.uleb128 0x19
 1102 07f7 85000000 		.4byte	.LASF171
 1103 07fb 54       		.byte	0x54
 1104 07fc 19       		.uleb128 0x19
 1105 07fd 8E0C0000 		.4byte	.LASF172
 1106 0801 55       		.byte	0x55
 1107 0802 19       		.uleb128 0x19
 1108 0803 AE030000 		.4byte	.LASF173
 1109 0807 56       		.byte	0x56
 1110 0808 19       		.uleb128 0x19
 1111 0809 D60E0000 		.4byte	.LASF174
 1112 080d 57       		.byte	0x57
 1113 080e 19       		.uleb128 0x19
 1114 080f F60D0000 		.4byte	.LASF175
 1115 0813 58       		.byte	0x58
 1116 0814 19       		.uleb128 0x19
 1117 0815 53050000 		.4byte	.LASF176
 1118 0819 59       		.byte	0x59
 1119 081a 19       		.uleb128 0x19
 1120 081b 800A0000 		.4byte	.LASF177
 1121 081f 5A       		.byte	0x5a
 1122 0820 19       		.uleb128 0x19
 1123 0821 33080000 		.4byte	.LASF178
 1124 0825 5B       		.byte	0x5b
 1125 0826 19       		.uleb128 0x19
 1126 0827 2C0E0000 		.4byte	.LASF179
 1127 082b 5C       		.byte	0x5c
 1128 082c 19       		.uleb128 0x19
 1129 082d B5080000 		.4byte	.LASF180
 1130 0831 5D       		.byte	0x5d
 1131 0832 19       		.uleb128 0x19
 1132 0833 230E0000 		.4byte	.LASF181
 1133 0837 5E       		.byte	0x5e
 1134 0838 19       		.uleb128 0x19
 1135 0839 46110000 		.4byte	.LASF182
 1136 083d 5F       		.byte	0x5f
 1137 083e 19       		.uleb128 0x19
 1138 083f FA0A0000 		.4byte	.LASF183
 1139 0843 60       		.byte	0x60
 1140 0844 19       		.uleb128 0x19
ARM GAS  /tmp/ccmXepIc.s 			page 21


 1141 0845 260A0000 		.4byte	.LASF184
 1142 0849 61       		.byte	0x61
 1143 084a 19       		.uleb128 0x19
 1144 084b 79010000 		.4byte	.LASF185
 1145 084f 62       		.byte	0x62
 1146 0850 19       		.uleb128 0x19
 1147 0851 64030000 		.4byte	.LASF186
 1148 0855 63       		.byte	0x63
 1149 0856 19       		.uleb128 0x19
 1150 0857 AA020000 		.4byte	.LASF187
 1151 085b 64       		.byte	0x64
 1152 085c 19       		.uleb128 0x19
 1153 085d D4030000 		.4byte	.LASF188
 1154 0861 65       		.byte	0x65
 1155 0862 19       		.uleb128 0x19
 1156 0863 94010000 		.4byte	.LASF189
 1157 0867 66       		.byte	0x66
 1158 0868 19       		.uleb128 0x19
 1159 0869 38070000 		.4byte	.LASF190
 1160 086d 67       		.byte	0x67
 1161 086e 19       		.uleb128 0x19
 1162 086f 6B0C0000 		.4byte	.LASF191
 1163 0873 68       		.byte	0x68
 1164 0874 19       		.uleb128 0x19
 1165 0875 B6050000 		.4byte	.LASF192
 1166 0879 69       		.byte	0x69
 1167 087a 19       		.uleb128 0x19
 1168 087b D6100000 		.4byte	.LASF193
 1169 087f 6A       		.byte	0x6a
 1170 0880 19       		.uleb128 0x19
 1171 0881 23010000 		.4byte	.LASF194
 1172 0885 6B       		.byte	0x6b
 1173 0886 19       		.uleb128 0x19
 1174 0887 31020000 		.4byte	.LASF195
 1175 088b 6C       		.byte	0x6c
 1176 088c 19       		.uleb128 0x19
 1177 088d E7080000 		.4byte	.LASF196
 1178 0891 6D       		.byte	0x6d
 1179 0892 19       		.uleb128 0x19
 1180 0893 070B0000 		.4byte	.LASF197
 1181 0897 6E       		.byte	0x6e
 1182 0898 19       		.uleb128 0x19
 1183 0899 CD040000 		.4byte	.LASF198
 1184 089d 6F       		.byte	0x6f
 1185 089e 19       		.uleb128 0x19
 1186 089f 09100000 		.4byte	.LASF199
 1187 08a3 70       		.byte	0x70
 1188 08a4 19       		.uleb128 0x19
 1189 08a5 CC070000 		.4byte	.LASF200
 1190 08a9 71       		.byte	0x71
 1191 08aa 19       		.uleb128 0x19
 1192 08ab A0110000 		.4byte	.LASF201
 1193 08af 72       		.byte	0x72
 1194 08b0 19       		.uleb128 0x19
 1195 08b1 7F070000 		.4byte	.LASF202
 1196 08b5 73       		.byte	0x73
 1197 08b6 19       		.uleb128 0x19
ARM GAS  /tmp/ccmXepIc.s 			page 22


 1198 08b7 17080000 		.4byte	.LASF203
 1199 08bb 74       		.byte	0x74
 1200 08bc 19       		.uleb128 0x19
 1201 08bd 8F000000 		.4byte	.LASF204
 1202 08c1 75       		.byte	0x75
 1203 08c2 19       		.uleb128 0x19
 1204 08c3 8B0D0000 		.4byte	.LASF205
 1205 08c7 76       		.byte	0x76
 1206 08c8 19       		.uleb128 0x19
 1207 08c9 42020000 		.4byte	.LASF206
 1208 08cd 77       		.byte	0x77
 1209 08ce 19       		.uleb128 0x19
 1210 08cf 500F0000 		.4byte	.LASF207
 1211 08d3 78       		.byte	0x78
 1212 08d4 19       		.uleb128 0x19
 1213 08d5 1C0A0000 		.4byte	.LASF208
 1214 08d9 79       		.byte	0x79
 1215 08da 19       		.uleb128 0x19
 1216 08db DF000000 		.4byte	.LASF209
 1217 08df 7A       		.byte	0x7a
 1218 08e0 19       		.uleb128 0x19
 1219 08e1 FD040000 		.4byte	.LASF210
 1220 08e5 7C       		.byte	0x7c
 1221 08e6 19       		.uleb128 0x19
 1222 08e7 300F0000 		.4byte	.LASF211
 1223 08eb 7D       		.byte	0x7d
 1224 08ec 19       		.uleb128 0x19
 1225 08ed 99090000 		.4byte	.LASF212
 1226 08f1 7F       		.byte	0x7f
 1227 08f2 19       		.uleb128 0x19
 1228 08f3 F6050000 		.4byte	.LASF213
 1229 08f7 80       		.byte	0x80
 1230 08f8 19       		.uleb128 0x19
 1231 08f9 83110000 		.4byte	.LASF214
 1232 08fd 81       		.byte	0x81
 1233 08fe 19       		.uleb128 0x19
 1234 08ff 610A0000 		.4byte	.LASF215
 1235 0903 82       		.byte	0x82
 1236 0904 19       		.uleb128 0x19
 1237 0905 C6020000 		.4byte	.LASF216
 1238 0909 83       		.byte	0x83
 1239 090a 19       		.uleb128 0x19
 1240 090b 720E0000 		.4byte	.LASF217
 1241 090f 84       		.byte	0x84
 1242 0910 19       		.uleb128 0x19
 1243 0911 A2070000 		.4byte	.LASF218
 1244 0915 85       		.byte	0x85
 1245 0916 19       		.uleb128 0x19
 1246 0917 21110000 		.4byte	.LASF219
 1247 091b 86       		.byte	0x86
 1248 091c 19       		.uleb128 0x19
 1249 091d 4D090000 		.4byte	.LASF220
 1250 0921 87       		.byte	0x87
 1251 0922 19       		.uleb128 0x19
 1252 0923 6C040000 		.4byte	.LASF221
 1253 0927 88       		.byte	0x88
 1254 0928 19       		.uleb128 0x19
ARM GAS  /tmp/ccmXepIc.s 			page 23


 1255 0929 BC040000 		.4byte	.LASF222
 1256 092d 89       		.byte	0x89
 1257 092e 19       		.uleb128 0x19
 1258 092f 3D080000 		.4byte	.LASF223
 1259 0933 8A       		.byte	0x8a
 1260 0934 19       		.uleb128 0x19
 1261 0935 B5010000 		.4byte	.LASF224
 1262 0939 8B       		.byte	0x8b
 1263 093a 19       		.uleb128 0x19
 1264 093b C80A0000 		.4byte	.LASF225
 1265 093f 8C       		.byte	0x8c
 1266 0940 19       		.uleb128 0x19
 1267 0941 EA040000 		.4byte	.LASF226
 1268 0945 8D       		.byte	0x8d
 1269 0946 19       		.uleb128 0x19
 1270 0947 48000000 		.4byte	.LASF227
 1271 094b 8E       		.byte	0x8e
 1272 094c 19       		.uleb128 0x19
 1273 094d 2A080000 		.4byte	.LASF228
 1274 0951 90       		.byte	0x90
 1275 0952 19       		.uleb128 0x19
 1276 0953 4B070000 		.4byte	.LASF229
 1277 0957 91       		.byte	0x91
 1278 0958 19       		.uleb128 0x19
 1279 0959 8B0A0000 		.4byte	.LASF230
 1280 095d 92       		.byte	0x92
 1281 095e 19       		.uleb128 0x19
 1282 095f 83060000 		.4byte	.LASF231
 1283 0963 95       		.byte	0x95
 1284 0964 00       		.byte	0
 1285 0965 08       		.uleb128 0x8
 1286 0966 A3050000 		.4byte	.LASF232
 1287 096a 0A       		.byte	0xa
 1288 096b C8       		.byte	0xc8
 1289 096c 03       		.byte	0x3
 1290 096d DE050000 		.4byte	0x5de
 1291 0971 1A       		.uleb128 0x1a
 1292 0972 040E     		.2byte	0xe04
 1293 0974 0B       		.byte	0xb
 1294 0975 A501     		.2byte	0x1a5
 1295 0977 09       		.byte	0x9
 1296 0978 3B0A0000 		.4byte	0xa3b
 1297 097c 0D       		.uleb128 0xd
 1298 097d A9030000 		.4byte	.LASF233
 1299 0981 0B       		.byte	0xb
 1300 0982 A701     		.2byte	0x1a7
 1301 0984 12       		.byte	0x12
 1302 0985 4B0A0000 		.4byte	0xa4b
 1303 0989 00       		.byte	0
 1304 098a 0D       		.uleb128 0xd
 1305 098b 1F0C0000 		.4byte	.LASF234
 1306 098f 0B       		.byte	0xb
 1307 0990 A801     		.2byte	0x1a8
 1308 0992 12       		.byte	0x12
 1309 0993 500A0000 		.4byte	0xa50
 1310 0997 20       		.byte	0x20
 1311 0998 0D       		.uleb128 0xd
ARM GAS  /tmp/ccmXepIc.s 			page 24


 1312 0999 790F0000 		.4byte	.LASF235
 1313 099d 0B       		.byte	0xb
 1314 099e A901     		.2byte	0x1a9
 1315 09a0 12       		.byte	0x12
 1316 09a1 4B0A0000 		.4byte	0xa4b
 1317 09a5 80       		.byte	0x80
 1318 09a6 0D       		.uleb128 0xd
 1319 09a7 F5030000 		.4byte	.LASF236
 1320 09ab 0B       		.byte	0xb
 1321 09ac AA01     		.2byte	0x1aa
 1322 09ae 12       		.byte	0x12
 1323 09af 500A0000 		.4byte	0xa50
 1324 09b3 A0       		.byte	0xa0
 1325 09b4 1B       		.uleb128 0x1b
 1326 09b5 A1100000 		.4byte	.LASF237
 1327 09b9 0B       		.byte	0xb
 1328 09ba AB01     		.2byte	0x1ab
 1329 09bc 12       		.byte	0x12
 1330 09bd 4B0A0000 		.4byte	0xa4b
 1331 09c1 0001     		.2byte	0x100
 1332 09c3 1B       		.uleb128 0x1b
 1333 09c4 CC100000 		.4byte	.LASF238
 1334 09c8 0B       		.byte	0xb
 1335 09c9 AC01     		.2byte	0x1ac
 1336 09cb 12       		.byte	0x12
 1337 09cc 500A0000 		.4byte	0xa50
 1338 09d0 2001     		.2byte	0x120
 1339 09d2 1B       		.uleb128 0x1b
 1340 09d3 C6090000 		.4byte	.LASF239
 1341 09d7 0B       		.byte	0xb
 1342 09d8 AD01     		.2byte	0x1ad
 1343 09da 12       		.byte	0x12
 1344 09db 4B0A0000 		.4byte	0xa4b
 1345 09df 8001     		.2byte	0x180
 1346 09e1 1B       		.uleb128 0x1b
 1347 09e2 46040000 		.4byte	.LASF240
 1348 09e6 0B       		.byte	0xb
 1349 09e7 AE01     		.2byte	0x1ae
 1350 09e9 12       		.byte	0x12
 1351 09ea 500A0000 		.4byte	0xa50
 1352 09ee A001     		.2byte	0x1a0
 1353 09f0 1B       		.uleb128 0x1b
 1354 09f1 AE0F0000 		.4byte	.LASF241
 1355 09f5 0B       		.byte	0xb
 1356 09f6 AF01     		.2byte	0x1af
 1357 09f8 12       		.byte	0x12
 1358 09f9 4B0A0000 		.4byte	0xa4b
 1359 09fd 0002     		.2byte	0x200
 1360 09ff 1B       		.uleb128 0x1b
 1361 0a00 470C0000 		.4byte	.LASF242
 1362 0a04 0B       		.byte	0xb
 1363 0a05 B001     		.2byte	0x1b0
 1364 0a07 12       		.byte	0x12
 1365 0a08 600A0000 		.4byte	0xa60
 1366 0a0c 2002     		.2byte	0x220
 1367 0a0e 1C       		.uleb128 0x1c
 1368 0a0f 495000   		.ascii	"IP\000"
ARM GAS  /tmp/ccmXepIc.s 			page 25


 1369 0a12 0B       		.byte	0xb
 1370 0a13 B101     		.2byte	0x1b1
 1371 0a15 12       		.byte	0x12
 1372 0a16 800A0000 		.4byte	0xa80
 1373 0a1a 0003     		.2byte	0x300
 1374 0a1c 1B       		.uleb128 0x1b
 1375 0a1d 510C0000 		.4byte	.LASF243
 1376 0a21 0B       		.byte	0xb
 1377 0a22 B201     		.2byte	0x1b2
 1378 0a24 12       		.byte	0x12
 1379 0a25 850A0000 		.4byte	0xa85
 1380 0a29 F003     		.2byte	0x3f0
 1381 0a2b 1B       		.uleb128 0x1b
 1382 0a2c F9000000 		.4byte	.LASF244
 1383 0a30 0B       		.byte	0xb
 1384 0a31 B301     		.2byte	0x1b3
 1385 0a33 12       		.byte	0x12
 1386 0a34 B8000000 		.4byte	0xb8
 1387 0a38 000E     		.2byte	0xe00
 1388 0a3a 00       		.byte	0
 1389 0a3b 15       		.uleb128 0x15
 1390 0a3c B8000000 		.4byte	0xb8
 1391 0a40 4B0A0000 		.4byte	0xa4b
 1392 0a44 16       		.uleb128 0x16
 1393 0a45 24000000 		.4byte	0x24
 1394 0a49 07       		.byte	0x7
 1395 0a4a 00       		.byte	0
 1396 0a4b 07       		.uleb128 0x7
 1397 0a4c 3B0A0000 		.4byte	0xa3b
 1398 0a50 15       		.uleb128 0x15
 1399 0a51 AC000000 		.4byte	0xac
 1400 0a55 600A0000 		.4byte	0xa60
 1401 0a59 16       		.uleb128 0x16
 1402 0a5a 24000000 		.4byte	0x24
 1403 0a5e 17       		.byte	0x17
 1404 0a5f 00       		.byte	0
 1405 0a60 15       		.uleb128 0x15
 1406 0a61 AC000000 		.4byte	0xac
 1407 0a65 700A0000 		.4byte	0xa70
 1408 0a69 16       		.uleb128 0x16
 1409 0a6a 24000000 		.4byte	0x24
 1410 0a6e 37       		.byte	0x37
 1411 0a6f 00       		.byte	0
 1412 0a70 15       		.uleb128 0x15
 1413 0a71 9B000000 		.4byte	0x9b
 1414 0a75 800A0000 		.4byte	0xa80
 1415 0a79 16       		.uleb128 0x16
 1416 0a7a 24000000 		.4byte	0x24
 1417 0a7e EF       		.byte	0xef
 1418 0a7f 00       		.byte	0
 1419 0a80 07       		.uleb128 0x7
 1420 0a81 700A0000 		.4byte	0xa70
 1421 0a85 15       		.uleb128 0x15
 1422 0a86 AC000000 		.4byte	0xac
 1423 0a8a 960A0000 		.4byte	0xa96
 1424 0a8e 1D       		.uleb128 0x1d
 1425 0a8f 24000000 		.4byte	0x24
ARM GAS  /tmp/ccmXepIc.s 			page 26


 1426 0a93 8302     		.2byte	0x283
 1427 0a95 00       		.byte	0
 1428 0a96 1E       		.uleb128 0x1e
 1429 0a97 B10D0000 		.4byte	.LASF245
 1430 0a9b 0B       		.byte	0xb
 1431 0a9c B401     		.2byte	0x1b4
 1432 0a9e 04       		.byte	0x4
 1433 0a9f 71090000 		.4byte	0x971
 1434 0aa3 1A       		.uleb128 0x1a
 1435 0aa4 AC02     		.2byte	0x2ac
 1436 0aa6 0B       		.byte	0xb
 1437 0aa7 C701     		.2byte	0x1c7
 1438 0aa9 09       		.byte	0x9
 1439 0aaa 830D0000 		.4byte	0xd83
 1440 0aae 0D       		.uleb128 0xd
 1441 0aaf 22060000 		.4byte	.LASF246
 1442 0ab3 0B       		.byte	0xb
 1443 0ab4 C901     		.2byte	0x1c9
 1444 0ab6 12       		.byte	0x12
 1445 0ab7 BD000000 		.4byte	0xbd
 1446 0abb 00       		.byte	0
 1447 0abc 0D       		.uleb128 0xd
 1448 0abd 390E0000 		.4byte	.LASF247
 1449 0ac1 0B       		.byte	0xb
 1450 0ac2 CA01     		.2byte	0x1ca
 1451 0ac4 12       		.byte	0x12
 1452 0ac5 B8000000 		.4byte	0xb8
 1453 0ac9 04       		.byte	0x4
 1454 0aca 0D       		.uleb128 0xd
 1455 0acb 000E0000 		.4byte	.LASF248
 1456 0acf 0B       		.byte	0xb
 1457 0ad0 CB01     		.2byte	0x1cb
 1458 0ad2 12       		.byte	0x12
 1459 0ad3 B8000000 		.4byte	0xb8
 1460 0ad7 08       		.byte	0x8
 1461 0ad8 0D       		.uleb128 0xd
 1462 0ad9 8B070000 		.4byte	.LASF249
 1463 0add 0B       		.byte	0xb
 1464 0ade CC01     		.2byte	0x1cc
 1465 0ae0 12       		.byte	0x12
 1466 0ae1 B8000000 		.4byte	0xb8
 1467 0ae5 0C       		.byte	0xc
 1468 0ae6 0C       		.uleb128 0xc
 1469 0ae7 53435200 		.ascii	"SCR\000"
 1470 0aeb 0B       		.byte	0xb
 1471 0aec CD01     		.2byte	0x1cd
 1472 0aee 12       		.byte	0x12
 1473 0aef B8000000 		.4byte	0xb8
 1474 0af3 10       		.byte	0x10
 1475 0af4 0C       		.uleb128 0xc
 1476 0af5 43435200 		.ascii	"CCR\000"
 1477 0af9 0B       		.byte	0xb
 1478 0afa CE01     		.2byte	0x1ce
 1479 0afc 12       		.byte	0x12
 1480 0afd B8000000 		.4byte	0xb8
 1481 0b01 14       		.byte	0x14
 1482 0b02 0D       		.uleb128 0xd
ARM GAS  /tmp/ccmXepIc.s 			page 27


 1483 0b03 40060000 		.4byte	.LASF250
 1484 0b07 0B       		.byte	0xb
 1485 0b08 CF01     		.2byte	0x1cf
 1486 0b0a 12       		.byte	0x12
 1487 0b0b 930D0000 		.4byte	0xd93
 1488 0b0f 18       		.byte	0x18
 1489 0b10 0D       		.uleb128 0xd
 1490 0b11 330C0000 		.4byte	.LASF251
 1491 0b15 0B       		.byte	0xb
 1492 0b16 D001     		.2byte	0x1d0
 1493 0b18 12       		.byte	0x12
 1494 0b19 B8000000 		.4byte	0xb8
 1495 0b1d 24       		.byte	0x24
 1496 0b1e 0D       		.uleb128 0xd
 1497 0b1f 93060000 		.4byte	.LASF252
 1498 0b23 0B       		.byte	0xb
 1499 0b24 D101     		.2byte	0x1d1
 1500 0b26 12       		.byte	0x12
 1501 0b27 B8000000 		.4byte	0xb8
 1502 0b2b 28       		.byte	0x28
 1503 0b2c 0D       		.uleb128 0xd
 1504 0b2d 2E070000 		.4byte	.LASF253
 1505 0b31 0B       		.byte	0xb
 1506 0b32 D201     		.2byte	0x1d2
 1507 0b34 12       		.byte	0x12
 1508 0b35 B8000000 		.4byte	0xb8
 1509 0b39 2C       		.byte	0x2c
 1510 0b3a 0D       		.uleb128 0xd
 1511 0b3b 74010000 		.4byte	.LASF254
 1512 0b3f 0B       		.byte	0xb
 1513 0b40 D301     		.2byte	0x1d3
 1514 0b42 12       		.byte	0x12
 1515 0b43 B8000000 		.4byte	0xb8
 1516 0b47 30       		.byte	0x30
 1517 0b48 0D       		.uleb128 0xd
 1518 0b49 1E0B0000 		.4byte	.LASF255
 1519 0b4d 0B       		.byte	0xb
 1520 0b4e D401     		.2byte	0x1d4
 1521 0b50 12       		.byte	0x12
 1522 0b51 B8000000 		.4byte	0xb8
 1523 0b55 34       		.byte	0x34
 1524 0b56 0D       		.uleb128 0xd
 1525 0b57 45060000 		.4byte	.LASF256
 1526 0b5b 0B       		.byte	0xb
 1527 0b5c D501     		.2byte	0x1d5
 1528 0b5e 12       		.byte	0x12
 1529 0b5f B8000000 		.4byte	0xb8
 1530 0b63 38       		.byte	0x38
 1531 0b64 0D       		.uleb128 0xd
 1532 0b65 65110000 		.4byte	.LASF257
 1533 0b69 0B       		.byte	0xb
 1534 0b6a D601     		.2byte	0x1d6
 1535 0b6c 12       		.byte	0x12
 1536 0b6d B8000000 		.4byte	0xb8
 1537 0b71 3C       		.byte	0x3c
 1538 0b72 0D       		.uleb128 0xd
 1539 0b73 BF100000 		.4byte	.LASF258
ARM GAS  /tmp/ccmXepIc.s 			page 28


 1540 0b77 0B       		.byte	0xb
 1541 0b78 D701     		.2byte	0x1d7
 1542 0b7a 12       		.byte	0x12
 1543 0b7b AD0D0000 		.4byte	0xdad
 1544 0b7f 40       		.byte	0x40
 1545 0b80 0D       		.uleb128 0xd
 1546 0b81 BE070000 		.4byte	.LASF259
 1547 0b85 0B       		.byte	0xb
 1548 0b86 D801     		.2byte	0x1d8
 1549 0b88 12       		.byte	0x12
 1550 0b89 BD000000 		.4byte	0xbd
 1551 0b8d 48       		.byte	0x48
 1552 0b8e 0D       		.uleb128 0xd
 1553 0b8f 8E040000 		.4byte	.LASF260
 1554 0b93 0B       		.byte	0xb
 1555 0b94 D901     		.2byte	0x1d9
 1556 0b96 12       		.byte	0x12
 1557 0b97 BD000000 		.4byte	0xbd
 1558 0b9b 4C       		.byte	0x4c
 1559 0b9c 0D       		.uleb128 0xd
 1560 0b9d 07060000 		.4byte	.LASF261
 1561 0ba1 0B       		.byte	0xb
 1562 0ba2 DA01     		.2byte	0x1da
 1563 0ba4 12       		.byte	0x12
 1564 0ba5 C70D0000 		.4byte	0xdc7
 1565 0ba9 50       		.byte	0x50
 1566 0baa 0D       		.uleb128 0xd
 1567 0bab 3F0A0000 		.4byte	.LASF262
 1568 0baf 0B       		.byte	0xb
 1569 0bb0 DB01     		.2byte	0x1db
 1570 0bb2 12       		.byte	0x12
 1571 0bb3 E10D0000 		.4byte	0xde1
 1572 0bb7 60       		.byte	0x60
 1573 0bb8 0D       		.uleb128 0xd
 1574 0bb9 1F0C0000 		.4byte	.LASF234
 1575 0bbd 0B       		.byte	0xb
 1576 0bbe DC01     		.2byte	0x1dc
 1577 0bc0 12       		.byte	0x12
 1578 0bc1 E60D0000 		.4byte	0xde6
 1579 0bc5 74       		.byte	0x74
 1580 0bc6 0D       		.uleb128 0xd
 1581 0bc7 C6100000 		.4byte	.LASF263
 1582 0bcb 0B       		.byte	0xb
 1583 0bcc DD01     		.2byte	0x1dd
 1584 0bce 12       		.byte	0x12
 1585 0bcf BD000000 		.4byte	0xbd
 1586 0bd3 78       		.byte	0x78
 1587 0bd4 0C       		.uleb128 0xc
 1588 0bd5 43545200 		.ascii	"CTR\000"
 1589 0bd9 0B       		.byte	0xb
 1590 0bda DE01     		.2byte	0x1de
 1591 0bdc 12       		.byte	0x12
 1592 0bdd BD000000 		.4byte	0xbd
 1593 0be1 7C       		.byte	0x7c
 1594 0be2 0D       		.uleb128 0xd
 1595 0be3 8D010000 		.4byte	.LASF264
 1596 0be7 0B       		.byte	0xb
ARM GAS  /tmp/ccmXepIc.s 			page 29


 1597 0be8 DF01     		.2byte	0x1df
 1598 0bea 12       		.byte	0x12
 1599 0beb BD000000 		.4byte	0xbd
 1600 0bef 80       		.byte	0x80
 1601 0bf0 0D       		.uleb128 0xd
 1602 0bf1 C8080000 		.4byte	.LASF265
 1603 0bf5 0B       		.byte	0xb
 1604 0bf6 E001     		.2byte	0x1e0
 1605 0bf8 12       		.byte	0x12
 1606 0bf9 B8000000 		.4byte	0xb8
 1607 0bfd 84       		.byte	0x84
 1608 0bfe 0D       		.uleb128 0xd
 1609 0bff B1110000 		.4byte	.LASF266
 1610 0c03 0B       		.byte	0xb
 1611 0c04 E101     		.2byte	0x1e1
 1612 0c06 12       		.byte	0x12
 1613 0c07 B8000000 		.4byte	0xb8
 1614 0c0b 88       		.byte	0x88
 1615 0c0c 0D       		.uleb128 0xd
 1616 0c0d 46040000 		.4byte	.LASF240
 1617 0c11 0B       		.byte	0xb
 1618 0c12 E201     		.2byte	0x1e2
 1619 0c14 12       		.byte	0x12
 1620 0c15 F60D0000 		.4byte	0xdf6
 1621 0c19 8C       		.byte	0x8c
 1622 0c1a 1B       		.uleb128 0x1b
 1623 0c1b F9000000 		.4byte	.LASF244
 1624 0c1f 0B       		.byte	0xb
 1625 0c20 E301     		.2byte	0x1e3
 1626 0c22 12       		.byte	0x12
 1627 0c23 B8000000 		.4byte	0xb8
 1628 0c27 0002     		.2byte	0x200
 1629 0c29 1B       		.uleb128 0x1b
 1630 0c2a 470C0000 		.4byte	.LASF242
 1631 0c2e 0B       		.byte	0xb
 1632 0c2f E401     		.2byte	0x1e4
 1633 0c31 12       		.byte	0x12
 1634 0c32 060E0000 		.4byte	0xe06
 1635 0c36 0402     		.2byte	0x204
 1636 0c38 1B       		.uleb128 0x1b
 1637 0c39 1B0D0000 		.4byte	.LASF267
 1638 0c3d 0B       		.byte	0xb
 1639 0c3e E501     		.2byte	0x1e5
 1640 0c40 12       		.byte	0x12
 1641 0c41 BD000000 		.4byte	0xbd
 1642 0c45 4002     		.2byte	0x240
 1643 0c47 1B       		.uleb128 0x1b
 1644 0c48 84100000 		.4byte	.LASF268
 1645 0c4c 0B       		.byte	0xb
 1646 0c4d E601     		.2byte	0x1e6
 1647 0c4f 12       		.byte	0x12
 1648 0c50 BD000000 		.4byte	0xbd
 1649 0c54 4402     		.2byte	0x244
 1650 0c56 1B       		.uleb128 0x1b
 1651 0c57 8A100000 		.4byte	.LASF269
 1652 0c5b 0B       		.byte	0xb
 1653 0c5c E701     		.2byte	0x1e7
ARM GAS  /tmp/ccmXepIc.s 			page 30


 1654 0c5e 12       		.byte	0x12
 1655 0c5f BD000000 		.4byte	0xbd
 1656 0c63 4802     		.2byte	0x248
 1657 0c65 1B       		.uleb128 0x1b
 1658 0c66 510C0000 		.4byte	.LASF243
 1659 0c6a 0B       		.byte	0xb
 1660 0c6b E801     		.2byte	0x1e8
 1661 0c6d 12       		.byte	0x12
 1662 0c6e E60D0000 		.4byte	0xde6
 1663 0c72 4C02     		.2byte	0x24c
 1664 0c74 1B       		.uleb128 0x1b
 1665 0c75 54010000 		.4byte	.LASF270
 1666 0c79 0B       		.byte	0xb
 1667 0c7a E901     		.2byte	0x1e9
 1668 0c7c 12       		.byte	0x12
 1669 0c7d B8000000 		.4byte	0xb8
 1670 0c81 5002     		.2byte	0x250
 1671 0c83 1B       		.uleb128 0x1b
 1672 0c84 EC100000 		.4byte	.LASF271
 1673 0c88 0B       		.byte	0xb
 1674 0c89 EA01     		.2byte	0x1ea
 1675 0c8b 12       		.byte	0x12
 1676 0c8c E60D0000 		.4byte	0xde6
 1677 0c90 5402     		.2byte	0x254
 1678 0c92 1B       		.uleb128 0x1b
 1679 0c93 B4040000 		.4byte	.LASF272
 1680 0c97 0B       		.byte	0xb
 1681 0c98 EB01     		.2byte	0x1eb
 1682 0c9a 12       		.byte	0x12
 1683 0c9b B8000000 		.4byte	0xb8
 1684 0c9f 5802     		.2byte	0x258
 1685 0ca1 1B       		.uleb128 0x1b
 1686 0ca2 45090000 		.4byte	.LASF273
 1687 0ca6 0B       		.byte	0xb
 1688 0ca7 EC01     		.2byte	0x1ec
 1689 0ca9 12       		.byte	0x12
 1690 0caa B8000000 		.4byte	0xb8
 1691 0cae 5C02     		.2byte	0x25c
 1692 0cb0 1B       		.uleb128 0x1b
 1693 0cb1 C7000000 		.4byte	.LASF274
 1694 0cb5 0B       		.byte	0xb
 1695 0cb6 ED01     		.2byte	0x1ed
 1696 0cb8 12       		.byte	0x12
 1697 0cb9 B8000000 		.4byte	0xb8
 1698 0cbd 6002     		.2byte	0x260
 1699 0cbf 1B       		.uleb128 0x1b
 1700 0cc0 60090000 		.4byte	.LASF275
 1701 0cc4 0B       		.byte	0xb
 1702 0cc5 EE01     		.2byte	0x1ee
 1703 0cc7 12       		.byte	0x12
 1704 0cc8 B8000000 		.4byte	0xb8
 1705 0ccc 6402     		.2byte	0x264
 1706 0cce 1B       		.uleb128 0x1b
 1707 0ccf 1F090000 		.4byte	.LASF276
 1708 0cd3 0B       		.byte	0xb
 1709 0cd4 EF01     		.2byte	0x1ef
 1710 0cd6 12       		.byte	0x12
ARM GAS  /tmp/ccmXepIc.s 			page 31


 1711 0cd7 B8000000 		.4byte	0xb8
 1712 0cdb 6802     		.2byte	0x268
 1713 0cdd 1B       		.uleb128 0x1b
 1714 0cde 95040000 		.4byte	.LASF277
 1715 0ce2 0B       		.byte	0xb
 1716 0ce3 F001     		.2byte	0x1f0
 1717 0ce5 12       		.byte	0x12
 1718 0ce6 B8000000 		.4byte	0xb8
 1719 0cea 6C02     		.2byte	0x26c
 1720 0cec 1B       		.uleb128 0x1b
 1721 0ced 04090000 		.4byte	.LASF278
 1722 0cf1 0B       		.byte	0xb
 1723 0cf2 F101     		.2byte	0x1f1
 1724 0cf4 12       		.byte	0x12
 1725 0cf5 B8000000 		.4byte	0xb8
 1726 0cf9 7002     		.2byte	0x270
 1727 0cfb 1B       		.uleb128 0x1b
 1728 0cfc C1080000 		.4byte	.LASF279
 1729 0d00 0B       		.byte	0xb
 1730 0d01 F201     		.2byte	0x1f2
 1731 0d03 12       		.byte	0x12
 1732 0d04 B8000000 		.4byte	0xb8
 1733 0d08 7402     		.2byte	0x274
 1734 0d0a 1B       		.uleb128 0x1b
 1735 0d0b CC010000 		.4byte	.LASF280
 1736 0d0f 0B       		.byte	0xb
 1737 0d10 F301     		.2byte	0x1f3
 1738 0d12 12       		.byte	0x12
 1739 0d13 160E0000 		.4byte	0xe16
 1740 0d17 7802     		.2byte	0x278
 1741 0d19 1B       		.uleb128 0x1b
 1742 0d1a 35100000 		.4byte	.LASF281
 1743 0d1e 0B       		.byte	0xb
 1744 0d1f F401     		.2byte	0x1f4
 1745 0d21 12       		.byte	0x12
 1746 0d22 B8000000 		.4byte	0xb8
 1747 0d26 9002     		.2byte	0x290
 1748 0d28 1B       		.uleb128 0x1b
 1749 0d29 960D0000 		.4byte	.LASF282
 1750 0d2d 0B       		.byte	0xb
 1751 0d2e F501     		.2byte	0x1f5
 1752 0d30 12       		.byte	0x12
 1753 0d31 B8000000 		.4byte	0xb8
 1754 0d35 9402     		.2byte	0x294
 1755 0d37 1B       		.uleb128 0x1b
 1756 0d38 47010000 		.4byte	.LASF283
 1757 0d3c 0B       		.byte	0xb
 1758 0d3d F601     		.2byte	0x1f6
 1759 0d3f 12       		.byte	0x12
 1760 0d40 B8000000 		.4byte	0xb8
 1761 0d44 9802     		.2byte	0x298
 1762 0d46 1B       		.uleb128 0x1b
 1763 0d47 8D080000 		.4byte	.LASF284
 1764 0d4b 0B       		.byte	0xb
 1765 0d4c F701     		.2byte	0x1f7
 1766 0d4e 12       		.byte	0x12
 1767 0d4f B8000000 		.4byte	0xb8
ARM GAS  /tmp/ccmXepIc.s 			page 32


 1768 0d53 9C02     		.2byte	0x29c
 1769 0d55 1B       		.uleb128 0x1b
 1770 0d56 F6040000 		.4byte	.LASF285
 1771 0d5a 0B       		.byte	0xb
 1772 0d5b F801     		.2byte	0x1f8
 1773 0d5d 12       		.byte	0x12
 1774 0d5e B8000000 		.4byte	0xb8
 1775 0d62 A002     		.2byte	0x2a0
 1776 0d64 1B       		.uleb128 0x1b
 1777 0d65 610C0000 		.4byte	.LASF286
 1778 0d69 0B       		.byte	0xb
 1779 0d6a F901     		.2byte	0x1f9
 1780 0d6c 12       		.byte	0x12
 1781 0d6d E60D0000 		.4byte	0xde6
 1782 0d71 A402     		.2byte	0x2a4
 1783 0d73 1B       		.uleb128 0x1b
 1784 0d74 5B0C0000 		.4byte	.LASF287
 1785 0d78 0B       		.byte	0xb
 1786 0d79 FA01     		.2byte	0x1fa
 1787 0d7b 12       		.byte	0x12
 1788 0d7c B8000000 		.4byte	0xb8
 1789 0d80 A802     		.2byte	0x2a8
 1790 0d82 00       		.byte	0
 1791 0d83 15       		.uleb128 0x15
 1792 0d84 9B000000 		.4byte	0x9b
 1793 0d88 930D0000 		.4byte	0xd93
 1794 0d8c 16       		.uleb128 0x16
 1795 0d8d 24000000 		.4byte	0x24
 1796 0d91 0B       		.byte	0xb
 1797 0d92 00       		.byte	0
 1798 0d93 07       		.uleb128 0x7
 1799 0d94 830D0000 		.4byte	0xd83
 1800 0d98 15       		.uleb128 0x15
 1801 0d99 BD000000 		.4byte	0xbd
 1802 0d9d A80D0000 		.4byte	0xda8
 1803 0da1 16       		.uleb128 0x16
 1804 0da2 24000000 		.4byte	0x24
 1805 0da6 01       		.byte	0x1
 1806 0da7 00       		.byte	0
 1807 0da8 05       		.uleb128 0x5
 1808 0da9 980D0000 		.4byte	0xd98
 1809 0dad 07       		.uleb128 0x7
 1810 0dae A80D0000 		.4byte	0xda8
 1811 0db2 15       		.uleb128 0x15
 1812 0db3 BD000000 		.4byte	0xbd
 1813 0db7 C20D0000 		.4byte	0xdc2
 1814 0dbb 16       		.uleb128 0x16
 1815 0dbc 24000000 		.4byte	0x24
 1816 0dc0 03       		.byte	0x3
 1817 0dc1 00       		.byte	0
 1818 0dc2 05       		.uleb128 0x5
 1819 0dc3 B20D0000 		.4byte	0xdb2
 1820 0dc7 07       		.uleb128 0x7
 1821 0dc8 C20D0000 		.4byte	0xdc2
 1822 0dcc 15       		.uleb128 0x15
 1823 0dcd BD000000 		.4byte	0xbd
 1824 0dd1 DC0D0000 		.4byte	0xddc
ARM GAS  /tmp/ccmXepIc.s 			page 33


 1825 0dd5 16       		.uleb128 0x16
 1826 0dd6 24000000 		.4byte	0x24
 1827 0dda 04       		.byte	0x4
 1828 0ddb 00       		.byte	0
 1829 0ddc 05       		.uleb128 0x5
 1830 0ddd CC0D0000 		.4byte	0xdcc
 1831 0de1 07       		.uleb128 0x7
 1832 0de2 DC0D0000 		.4byte	0xddc
 1833 0de6 15       		.uleb128 0x15
 1834 0de7 AC000000 		.4byte	0xac
 1835 0deb F60D0000 		.4byte	0xdf6
 1836 0def 16       		.uleb128 0x16
 1837 0df0 24000000 		.4byte	0x24
 1838 0df4 00       		.byte	0
 1839 0df5 00       		.byte	0
 1840 0df6 15       		.uleb128 0x15
 1841 0df7 AC000000 		.4byte	0xac
 1842 0dfb 060E0000 		.4byte	0xe06
 1843 0dff 16       		.uleb128 0x16
 1844 0e00 24000000 		.4byte	0x24
 1845 0e04 5C       		.byte	0x5c
 1846 0e05 00       		.byte	0
 1847 0e06 15       		.uleb128 0x15
 1848 0e07 AC000000 		.4byte	0xac
 1849 0e0b 160E0000 		.4byte	0xe16
 1850 0e0f 16       		.uleb128 0x16
 1851 0e10 24000000 		.4byte	0x24
 1852 0e14 0E       		.byte	0xe
 1853 0e15 00       		.byte	0
 1854 0e16 15       		.uleb128 0x15
 1855 0e17 AC000000 		.4byte	0xac
 1856 0e1b 260E0000 		.4byte	0xe26
 1857 0e1f 16       		.uleb128 0x16
 1858 0e20 24000000 		.4byte	0x24
 1859 0e24 05       		.byte	0x5
 1860 0e25 00       		.byte	0
 1861 0e26 1E       		.uleb128 0x1e
 1862 0e27 BB0D0000 		.4byte	.LASF288
 1863 0e2b 0B       		.byte	0xb
 1864 0e2c FB01     		.2byte	0x1fb
 1865 0e2e 03       		.byte	0x3
 1866 0e2f A30A0000 		.4byte	0xaa3
 1867 0e33 1A       		.uleb128 0x1a
 1868 0e34 B80F     		.2byte	0xfb8
 1869 0e36 0B       		.byte	0xb
 1870 0e37 5C04     		.2byte	0x45c
 1871 0e39 09       		.byte	0x9
 1872 0e3a AD0F0000 		.4byte	0xfad
 1873 0e3e 0D       		.uleb128 0xd
 1874 0e3f BD110000 		.4byte	.LASF289
 1875 0e43 0B       		.byte	0xb
 1876 0e44 5E04     		.2byte	0x45e
 1877 0e46 12       		.byte	0x12
 1878 0e47 B8000000 		.4byte	0xb8
 1879 0e4b 00       		.byte	0
 1880 0e4c 0D       		.uleb128 0xd
 1881 0e4d A50C0000 		.4byte	.LASF290
ARM GAS  /tmp/ccmXepIc.s 			page 34


 1882 0e51 0B       		.byte	0xb
 1883 0e52 5F04     		.2byte	0x45f
 1884 0e54 12       		.byte	0x12
 1885 0e55 B8000000 		.4byte	0xb8
 1886 0e59 04       		.byte	0x4
 1887 0e5a 0D       		.uleb128 0xd
 1888 0e5b 7C060000 		.4byte	.LASF291
 1889 0e5f 0B       		.byte	0xb
 1890 0e60 6004     		.2byte	0x460
 1891 0e62 12       		.byte	0x12
 1892 0e63 B8000000 		.4byte	0xb8
 1893 0e67 08       		.byte	0x8
 1894 0e68 0D       		.uleb128 0xd
 1895 0e69 AA110000 		.4byte	.LASF292
 1896 0e6d 0B       		.byte	0xb
 1897 0e6e 6104     		.2byte	0x461
 1898 0e70 12       		.byte	0x12
 1899 0e71 B8000000 		.4byte	0xb8
 1900 0e75 0C       		.byte	0xc
 1901 0e76 0D       		.uleb128 0xd
 1902 0e77 9D0D0000 		.4byte	.LASF293
 1903 0e7b 0B       		.byte	0xb
 1904 0e7c 6204     		.2byte	0x462
 1905 0e7e 12       		.byte	0x12
 1906 0e7f B8000000 		.4byte	0xb8
 1907 0e83 10       		.byte	0x10
 1908 0e84 0D       		.uleb128 0xd
 1909 0e85 F1060000 		.4byte	.LASF294
 1910 0e89 0B       		.byte	0xb
 1911 0e8a 6304     		.2byte	0x463
 1912 0e8c 12       		.byte	0x12
 1913 0e8d B8000000 		.4byte	0xb8
 1914 0e91 14       		.byte	0x14
 1915 0e92 0D       		.uleb128 0xd
 1916 0e93 CB0F0000 		.4byte	.LASF295
 1917 0e97 0B       		.byte	0xb
 1918 0e98 6404     		.2byte	0x464
 1919 0e9a 12       		.byte	0x12
 1920 0e9b B8000000 		.4byte	0xb8
 1921 0e9f 18       		.byte	0x18
 1922 0ea0 0D       		.uleb128 0xd
 1923 0ea1 F10E0000 		.4byte	.LASF296
 1924 0ea5 0B       		.byte	0xb
 1925 0ea6 6504     		.2byte	0x465
 1926 0ea8 12       		.byte	0x12
 1927 0ea9 BD000000 		.4byte	0xbd
 1928 0ead 1C       		.byte	0x1c
 1929 0eae 0D       		.uleb128 0xd
 1930 0eaf 1D000000 		.4byte	.LASF297
 1931 0eb3 0B       		.byte	0xb
 1932 0eb4 6604     		.2byte	0x466
 1933 0eb6 12       		.byte	0x12
 1934 0eb7 B8000000 		.4byte	0xb8
 1935 0ebb 20       		.byte	0x20
 1936 0ebc 0D       		.uleb128 0xd
 1937 0ebd 2D090000 		.4byte	.LASF298
 1938 0ec1 0B       		.byte	0xb
ARM GAS  /tmp/ccmXepIc.s 			page 35


 1939 0ec2 6704     		.2byte	0x467
 1940 0ec4 12       		.byte	0x12
 1941 0ec5 B8000000 		.4byte	0xb8
 1942 0ec9 24       		.byte	0x24
 1943 0eca 0D       		.uleb128 0xd
 1944 0ecb EF070000 		.4byte	.LASF299
 1945 0ecf 0B       		.byte	0xb
 1946 0ed0 6804     		.2byte	0x468
 1947 0ed2 12       		.byte	0x12
 1948 0ed3 B8000000 		.4byte	0xb8
 1949 0ed7 28       		.byte	0x28
 1950 0ed8 0D       		.uleb128 0xd
 1951 0ed9 1F0C0000 		.4byte	.LASF234
 1952 0edd 0B       		.byte	0xb
 1953 0ede 6904     		.2byte	0x469
 1954 0ee0 12       		.byte	0x12
 1955 0ee1 E60D0000 		.4byte	0xde6
 1956 0ee5 2C       		.byte	0x2c
 1957 0ee6 0D       		.uleb128 0xd
 1958 0ee7 23000000 		.4byte	.LASF300
 1959 0eeb 0B       		.byte	0xb
 1960 0eec 6A04     		.2byte	0x46a
 1961 0eee 12       		.byte	0x12
 1962 0eef B8000000 		.4byte	0xb8
 1963 0ef3 30       		.byte	0x30
 1964 0ef4 0D       		.uleb128 0xd
 1965 0ef5 33090000 		.4byte	.LASF301
 1966 0ef9 0B       		.byte	0xb
 1967 0efa 6B04     		.2byte	0x46b
 1968 0efc 12       		.byte	0x12
 1969 0efd B8000000 		.4byte	0xb8
 1970 0f01 34       		.byte	0x34
 1971 0f02 0D       		.uleb128 0xd
 1972 0f03 F9070000 		.4byte	.LASF302
 1973 0f07 0B       		.byte	0xb
 1974 0f08 6C04     		.2byte	0x46c
 1975 0f0a 12       		.byte	0x12
 1976 0f0b B8000000 		.4byte	0xb8
 1977 0f0f 38       		.byte	0x38
 1978 0f10 0D       		.uleb128 0xd
 1979 0f11 290C0000 		.4byte	.LASF303
 1980 0f15 0B       		.byte	0xb
 1981 0f16 6D04     		.2byte	0x46d
 1982 0f18 12       		.byte	0x12
 1983 0f19 E60D0000 		.4byte	0xde6
 1984 0f1d 3C       		.byte	0x3c
 1985 0f1e 0D       		.uleb128 0xd
 1986 0f1f 29000000 		.4byte	.LASF304
 1987 0f23 0B       		.byte	0xb
 1988 0f24 6E04     		.2byte	0x46e
 1989 0f26 12       		.byte	0x12
 1990 0f27 B8000000 		.4byte	0xb8
 1991 0f2b 40       		.byte	0x40
 1992 0f2c 0D       		.uleb128 0xd
 1993 0f2d 39090000 		.4byte	.LASF305
 1994 0f31 0B       		.byte	0xb
 1995 0f32 6F04     		.2byte	0x46f
ARM GAS  /tmp/ccmXepIc.s 			page 36


 1996 0f34 12       		.byte	0x12
 1997 0f35 B8000000 		.4byte	0xb8
 1998 0f39 44       		.byte	0x44
 1999 0f3a 0D       		.uleb128 0xd
 2000 0f3b 03080000 		.4byte	.LASF306
 2001 0f3f 0B       		.byte	0xb
 2002 0f40 7004     		.2byte	0x470
 2003 0f42 12       		.byte	0x12
 2004 0f43 B8000000 		.4byte	0xb8
 2005 0f47 48       		.byte	0x48
 2006 0f48 0D       		.uleb128 0xd
 2007 0f49 CC100000 		.4byte	.LASF238
 2008 0f4d 0B       		.byte	0xb
 2009 0f4e 7104     		.2byte	0x471
 2010 0f50 12       		.byte	0x12
 2011 0f51 E60D0000 		.4byte	0xde6
 2012 0f55 4C       		.byte	0x4c
 2013 0f56 0D       		.uleb128 0xd
 2014 0f57 2F000000 		.4byte	.LASF307
 2015 0f5b 0B       		.byte	0xb
 2016 0f5c 7204     		.2byte	0x472
 2017 0f5e 12       		.byte	0x12
 2018 0f5f B8000000 		.4byte	0xb8
 2019 0f63 50       		.byte	0x50
 2020 0f64 0D       		.uleb128 0xd
 2021 0f65 3F090000 		.4byte	.LASF308
 2022 0f69 0B       		.byte	0xb
 2023 0f6a 7304     		.2byte	0x473
 2024 0f6c 12       		.byte	0x12
 2025 0f6d B8000000 		.4byte	0xb8
 2026 0f71 54       		.byte	0x54
 2027 0f72 0D       		.uleb128 0xd
 2028 0f73 0D080000 		.4byte	.LASF309
 2029 0f77 0B       		.byte	0xb
 2030 0f78 7404     		.2byte	0x474
 2031 0f7a 12       		.byte	0x12
 2032 0f7b B8000000 		.4byte	0xb8
 2033 0f7f 58       		.byte	0x58
 2034 0f80 0D       		.uleb128 0xd
 2035 0f81 46040000 		.4byte	.LASF240
 2036 0f85 0B       		.byte	0xb
 2037 0f86 7504     		.2byte	0x475
 2038 0f88 12       		.byte	0x12
 2039 0f89 AD0F0000 		.4byte	0xfad
 2040 0f8d 5C       		.byte	0x5c
 2041 0f8e 1C       		.uleb128 0x1c
 2042 0f8f 4C415200 		.ascii	"LAR\000"
 2043 0f93 0B       		.byte	0xb
 2044 0f94 7604     		.2byte	0x476
 2045 0f96 12       		.byte	0x12
 2046 0f97 B8000000 		.4byte	0xb8
 2047 0f9b B00F     		.2byte	0xfb0
 2048 0f9d 1C       		.uleb128 0x1c
 2049 0f9e 4C535200 		.ascii	"LSR\000"
 2050 0fa2 0B       		.byte	0xb
 2051 0fa3 7704     		.2byte	0x477
 2052 0fa5 12       		.byte	0x12
ARM GAS  /tmp/ccmXepIc.s 			page 37


 2053 0fa6 BD000000 		.4byte	0xbd
 2054 0faa B40F     		.2byte	0xfb4
 2055 0fac 00       		.byte	0
 2056 0fad 15       		.uleb128 0x15
 2057 0fae AC000000 		.4byte	0xac
 2058 0fb2 BE0F0000 		.4byte	0xfbe
 2059 0fb6 1D       		.uleb128 0x1d
 2060 0fb7 24000000 		.4byte	0x24
 2061 0fbb D403     		.2byte	0x3d4
 2062 0fbd 00       		.byte	0
 2063 0fbe 1E       		.uleb128 0x1e
 2064 0fbf D9060000 		.4byte	.LASF310
 2065 0fc3 0B       		.byte	0xb
 2066 0fc4 7804     		.2byte	0x478
 2067 0fc6 03       		.byte	0x3
 2068 0fc7 330E0000 		.4byte	0xe33
 2069 0fcb 1F       		.uleb128 0x1f
 2070 0fcc 1C       		.byte	0x1c
 2071 0fcd 0B       		.byte	0xb
 2072 0fce F405     		.2byte	0x5f4
 2073 0fd0 09       		.byte	0x9
 2074 0fd1 38100000 		.4byte	0x1038
 2075 0fd5 0D       		.uleb128 0xd
 2076 0fd6 1F0C0000 		.4byte	.LASF234
 2077 0fda 0B       		.byte	0xb
 2078 0fdb F605     		.2byte	0x5f6
 2079 0fdd 12       		.byte	0x12
 2080 0fde E60D0000 		.4byte	0xde6
 2081 0fe2 00       		.byte	0
 2082 0fe3 0D       		.uleb128 0xd
 2083 0fe4 4E0A0000 		.4byte	.LASF311
 2084 0fe8 0B       		.byte	0xb
 2085 0fe9 F705     		.2byte	0x5f7
 2086 0feb 12       		.byte	0x12
 2087 0fec B8000000 		.4byte	0xb8
 2088 0ff0 04       		.byte	0x4
 2089 0ff1 0D       		.uleb128 0xd
 2090 0ff2 D40A0000 		.4byte	.LASF312
 2091 0ff6 0B       		.byte	0xb
 2092 0ff7 F805     		.2byte	0x5f8
 2093 0ff9 12       		.byte	0x12
 2094 0ffa B8000000 		.4byte	0xb8
 2095 0ffe 08       		.byte	0x8
 2096 0fff 0D       		.uleb128 0xd
 2097 1000 470A0000 		.4byte	.LASF313
 2098 1004 0B       		.byte	0xb
 2099 1005 F905     		.2byte	0x5f9
 2100 1007 12       		.byte	0x12
 2101 1008 B8000000 		.4byte	0xb8
 2102 100c 0C       		.byte	0xc
 2103 100d 0D       		.uleb128 0xd
 2104 100e 1B0D0000 		.4byte	.LASF267
 2105 1012 0B       		.byte	0xb
 2106 1013 FA05     		.2byte	0x5fa
 2107 1015 12       		.byte	0x12
 2108 1016 BD000000 		.4byte	0xbd
 2109 101a 10       		.byte	0x10
ARM GAS  /tmp/ccmXepIc.s 			page 38


 2110 101b 0D       		.uleb128 0xd
 2111 101c 84100000 		.4byte	.LASF268
 2112 1020 0B       		.byte	0xb
 2113 1021 FB05     		.2byte	0x5fb
 2114 1023 12       		.byte	0x12
 2115 1024 BD000000 		.4byte	0xbd
 2116 1028 14       		.byte	0x14
 2117 1029 0D       		.uleb128 0xd
 2118 102a 8A100000 		.4byte	.LASF269
 2119 102e 0B       		.byte	0xb
 2120 102f FC05     		.2byte	0x5fc
 2121 1031 12       		.byte	0x12
 2122 1032 BD000000 		.4byte	0xbd
 2123 1036 18       		.byte	0x18
 2124 1037 00       		.byte	0
 2125 1038 1E       		.uleb128 0x1e
 2126 1039 C70E0000 		.4byte	.LASF314
 2127 103d 0B       		.byte	0xb
 2128 103e FD05     		.2byte	0x5fd
 2129 1040 03       		.byte	0x3
 2130 1041 CB0F0000 		.4byte	0xfcb
 2131 1045 1F       		.uleb128 0x1f
 2132 1046 10       		.byte	0x10
 2133 1047 0B       		.byte	0xb
 2134 1048 6106     		.2byte	0x661
 2135 104a 09       		.byte	0x9
 2136 104b 88100000 		.4byte	0x1088
 2137 104f 0D       		.uleb128 0xd
 2138 1050 E70F0000 		.4byte	.LASF315
 2139 1054 0B       		.byte	0xb
 2140 1055 6306     		.2byte	0x663
 2141 1057 12       		.byte	0x12
 2142 1058 B8000000 		.4byte	0xb8
 2143 105c 00       		.byte	0
 2144 105d 0D       		.uleb128 0xd
 2145 105e A3090000 		.4byte	.LASF316
 2146 1062 0B       		.byte	0xb
 2147 1063 6406     		.2byte	0x664
 2148 1065 12       		.byte	0x12
 2149 1066 B8000000 		.4byte	0xb8
 2150 106a 04       		.byte	0x4
 2151 106b 0D       		.uleb128 0xd
 2152 106c 6A110000 		.4byte	.LASF317
 2153 1070 0B       		.byte	0xb
 2154 1071 6506     		.2byte	0x665
 2155 1073 12       		.byte	0x12
 2156 1074 B8000000 		.4byte	0xb8
 2157 1078 08       		.byte	0x8
 2158 1079 0D       		.uleb128 0xd
 2159 107a 4E010000 		.4byte	.LASF318
 2160 107e 0B       		.byte	0xb
 2161 107f 6606     		.2byte	0x666
 2162 1081 12       		.byte	0x12
 2163 1082 B8000000 		.4byte	0xb8
 2164 1086 0C       		.byte	0xc
 2165 1087 00       		.byte	0
 2166 1088 1E       		.uleb128 0x1e
ARM GAS  /tmp/ccmXepIc.s 			page 39


 2167 1089 B2090000 		.4byte	.LASF319
 2168 108d 0B       		.byte	0xb
 2169 108e 6706     		.2byte	0x667
 2170 1090 03       		.byte	0x3
 2171 1091 45100000 		.4byte	0x1045
 2172 1095 20       		.uleb128 0x20
 2173 1096 81080000 		.4byte	.LASF320
 2174 109a 68       		.byte	0x68
 2175 109b 0C       		.byte	0xc
 2176 109c AF01     		.2byte	0x1af
 2177 109e 08       		.byte	0x8
 2178 109f 01120000 		.4byte	0x1201
 2179 10a3 0C       		.uleb128 0xc
 2180 10a4 723000   		.ascii	"r0\000"
 2181 10a7 0C       		.byte	0xc
 2182 10a8 B001     		.2byte	0x1b0
 2183 10aa 11       		.byte	0x11
 2184 10ab AC000000 		.4byte	0xac
 2185 10af 00       		.byte	0
 2186 10b0 0C       		.uleb128 0xc
 2187 10b1 723100   		.ascii	"r1\000"
 2188 10b4 0C       		.byte	0xc
 2189 10b5 B101     		.2byte	0x1b1
 2190 10b7 11       		.byte	0x11
 2191 10b8 AC000000 		.4byte	0xac
 2192 10bc 04       		.byte	0x4
 2193 10bd 0C       		.uleb128 0xc
 2194 10be 723200   		.ascii	"r2\000"
 2195 10c1 0C       		.byte	0xc
 2196 10c2 B201     		.2byte	0x1b2
 2197 10c4 11       		.byte	0x11
 2198 10c5 AC000000 		.4byte	0xac
 2199 10c9 08       		.byte	0x8
 2200 10ca 0C       		.uleb128 0xc
 2201 10cb 723300   		.ascii	"r3\000"
 2202 10ce 0C       		.byte	0xc
 2203 10cf B301     		.2byte	0x1b3
 2204 10d1 11       		.byte	0x11
 2205 10d2 AC000000 		.4byte	0xac
 2206 10d6 0C       		.byte	0xc
 2207 10d7 0C       		.uleb128 0xc
 2208 10d8 72313200 		.ascii	"r12\000"
 2209 10dc 0C       		.byte	0xc
 2210 10dd B401     		.2byte	0x1b4
 2211 10df 11       		.byte	0x11
 2212 10e0 AC000000 		.4byte	0xac
 2213 10e4 10       		.byte	0x10
 2214 10e5 0D       		.uleb128 0xd
 2215 10e6 A70F0000 		.4byte	.LASF321
 2216 10ea 0C       		.byte	0xc
 2217 10eb B501     		.2byte	0x1b5
 2218 10ed 11       		.byte	0x11
 2219 10ee AC000000 		.4byte	0xac
 2220 10f2 14       		.byte	0x14
 2221 10f3 0C       		.uleb128 0xc
 2222 10f4 706300   		.ascii	"pc\000"
 2223 10f7 0C       		.byte	0xc
ARM GAS  /tmp/ccmXepIc.s 			page 40


 2224 10f8 B601     		.2byte	0x1b6
 2225 10fa 11       		.byte	0x11
 2226 10fb AC000000 		.4byte	0xac
 2227 10ff 18       		.byte	0x18
 2228 1100 0D       		.uleb128 0xd
 2229 1101 1E0E0000 		.4byte	.LASF322
 2230 1105 0C       		.byte	0xc
 2231 1106 B701     		.2byte	0x1b7
 2232 1108 11       		.byte	0x11
 2233 1109 AC000000 		.4byte	0xac
 2234 110d 1C       		.byte	0x1c
 2235 110e 0C       		.uleb128 0xc
 2236 110f 733000   		.ascii	"s0\000"
 2237 1112 0C       		.byte	0xc
 2238 1113 B901     		.2byte	0x1b9
 2239 1115 11       		.byte	0x11
 2240 1116 AC000000 		.4byte	0xac
 2241 111a 20       		.byte	0x20
 2242 111b 0C       		.uleb128 0xc
 2243 111c 733100   		.ascii	"s1\000"
 2244 111f 0C       		.byte	0xc
 2245 1120 BA01     		.2byte	0x1ba
 2246 1122 11       		.byte	0x11
 2247 1123 AC000000 		.4byte	0xac
 2248 1127 24       		.byte	0x24
 2249 1128 0C       		.uleb128 0xc
 2250 1129 733200   		.ascii	"s2\000"
 2251 112c 0C       		.byte	0xc
 2252 112d BB01     		.2byte	0x1bb
 2253 112f 11       		.byte	0x11
 2254 1130 AC000000 		.4byte	0xac
 2255 1134 28       		.byte	0x28
 2256 1135 0C       		.uleb128 0xc
 2257 1136 733300   		.ascii	"s3\000"
 2258 1139 0C       		.byte	0xc
 2259 113a BC01     		.2byte	0x1bc
 2260 113c 11       		.byte	0x11
 2261 113d AC000000 		.4byte	0xac
 2262 1141 2C       		.byte	0x2c
 2263 1142 0C       		.uleb128 0xc
 2264 1143 733400   		.ascii	"s4\000"
 2265 1146 0C       		.byte	0xc
 2266 1147 BD01     		.2byte	0x1bd
 2267 1149 11       		.byte	0x11
 2268 114a AC000000 		.4byte	0xac
 2269 114e 30       		.byte	0x30
 2270 114f 0C       		.uleb128 0xc
 2271 1150 733500   		.ascii	"s5\000"
 2272 1153 0C       		.byte	0xc
 2273 1154 BE01     		.2byte	0x1be
 2274 1156 11       		.byte	0x11
 2275 1157 AC000000 		.4byte	0xac
 2276 115b 34       		.byte	0x34
 2277 115c 0C       		.uleb128 0xc
 2278 115d 733600   		.ascii	"s6\000"
 2279 1160 0C       		.byte	0xc
 2280 1161 BF01     		.2byte	0x1bf
ARM GAS  /tmp/ccmXepIc.s 			page 41


 2281 1163 11       		.byte	0x11
 2282 1164 AC000000 		.4byte	0xac
 2283 1168 38       		.byte	0x38
 2284 1169 0C       		.uleb128 0xc
 2285 116a 733700   		.ascii	"s7\000"
 2286 116d 0C       		.byte	0xc
 2287 116e C001     		.2byte	0x1c0
 2288 1170 11       		.byte	0x11
 2289 1171 AC000000 		.4byte	0xac
 2290 1175 3C       		.byte	0x3c
 2291 1176 0C       		.uleb128 0xc
 2292 1177 733800   		.ascii	"s8\000"
 2293 117a 0C       		.byte	0xc
 2294 117b C101     		.2byte	0x1c1
 2295 117d 11       		.byte	0x11
 2296 117e AC000000 		.4byte	0xac
 2297 1182 40       		.byte	0x40
 2298 1183 0C       		.uleb128 0xc
 2299 1184 733900   		.ascii	"s9\000"
 2300 1187 0C       		.byte	0xc
 2301 1188 C201     		.2byte	0x1c2
 2302 118a 11       		.byte	0x11
 2303 118b AC000000 		.4byte	0xac
 2304 118f 44       		.byte	0x44
 2305 1190 0C       		.uleb128 0xc
 2306 1191 73313000 		.ascii	"s10\000"
 2307 1195 0C       		.byte	0xc
 2308 1196 C301     		.2byte	0x1c3
 2309 1198 11       		.byte	0x11
 2310 1199 AC000000 		.4byte	0xac
 2311 119d 48       		.byte	0x48
 2312 119e 0C       		.uleb128 0xc
 2313 119f 73313100 		.ascii	"s11\000"
 2314 11a3 0C       		.byte	0xc
 2315 11a4 C401     		.2byte	0x1c4
 2316 11a6 11       		.byte	0x11
 2317 11a7 AC000000 		.4byte	0xac
 2318 11ab 4C       		.byte	0x4c
 2319 11ac 0C       		.uleb128 0xc
 2320 11ad 73313200 		.ascii	"s12\000"
 2321 11b1 0C       		.byte	0xc
 2322 11b2 C501     		.2byte	0x1c5
 2323 11b4 11       		.byte	0x11
 2324 11b5 AC000000 		.4byte	0xac
 2325 11b9 50       		.byte	0x50
 2326 11ba 0C       		.uleb128 0xc
 2327 11bb 73313300 		.ascii	"s13\000"
 2328 11bf 0C       		.byte	0xc
 2329 11c0 C601     		.2byte	0x1c6
 2330 11c2 11       		.byte	0x11
 2331 11c3 AC000000 		.4byte	0xac
 2332 11c7 54       		.byte	0x54
 2333 11c8 0C       		.uleb128 0xc
 2334 11c9 73313400 		.ascii	"s14\000"
 2335 11cd 0C       		.byte	0xc
 2336 11ce C701     		.2byte	0x1c7
 2337 11d0 11       		.byte	0x11
ARM GAS  /tmp/ccmXepIc.s 			page 42


 2338 11d1 AC000000 		.4byte	0xac
 2339 11d5 58       		.byte	0x58
 2340 11d6 0C       		.uleb128 0xc
 2341 11d7 73313500 		.ascii	"s15\000"
 2342 11db 0C       		.byte	0xc
 2343 11dc C801     		.2byte	0x1c8
 2344 11de 11       		.byte	0x11
 2345 11df AC000000 		.4byte	0xac
 2346 11e3 5C       		.byte	0x5c
 2347 11e4 0D       		.uleb128 0xd
 2348 11e5 61040000 		.4byte	.LASF323
 2349 11e9 0C       		.byte	0xc
 2350 11ea C901     		.2byte	0x1c9
 2351 11ec 11       		.byte	0x11
 2352 11ed AC000000 		.4byte	0xac
 2353 11f1 60       		.byte	0x60
 2354 11f2 0D       		.uleb128 0xd
 2355 11f3 98100000 		.4byte	.LASF324
 2356 11f7 0C       		.byte	0xc
 2357 11f8 CA01     		.2byte	0x1ca
 2358 11fa 11       		.byte	0x11
 2359 11fb AC000000 		.4byte	0xac
 2360 11ff 64       		.byte	0x64
 2361 1200 00       		.byte	0
 2362 1201 20       		.uleb128 0x20
 2363 1202 B80C0000 		.4byte	.LASF325
 2364 1206 64       		.byte	0x64
 2365 1207 0C       		.byte	0xc
 2366 1208 E001     		.2byte	0x1e0
 2367 120a 08       		.byte	0x8
 2368 120b 67130000 		.4byte	0x1367
 2369 120f 0C       		.uleb128 0xc
 2370 1210 73313600 		.ascii	"s16\000"
 2371 1214 0C       		.byte	0xc
 2372 1215 E801     		.2byte	0x1e8
 2373 1217 11       		.byte	0x11
 2374 1218 AC000000 		.4byte	0xac
 2375 121c 00       		.byte	0
 2376 121d 0C       		.uleb128 0xc
 2377 121e 73313700 		.ascii	"s17\000"
 2378 1222 0C       		.byte	0xc
 2379 1223 E901     		.2byte	0x1e9
 2380 1225 11       		.byte	0x11
 2381 1226 AC000000 		.4byte	0xac
 2382 122a 04       		.byte	0x4
 2383 122b 0C       		.uleb128 0xc
 2384 122c 73313800 		.ascii	"s18\000"
 2385 1230 0C       		.byte	0xc
 2386 1231 EA01     		.2byte	0x1ea
 2387 1233 11       		.byte	0x11
 2388 1234 AC000000 		.4byte	0xac
 2389 1238 08       		.byte	0x8
 2390 1239 0C       		.uleb128 0xc
 2391 123a 73313900 		.ascii	"s19\000"
 2392 123e 0C       		.byte	0xc
 2393 123f EB01     		.2byte	0x1eb
 2394 1241 11       		.byte	0x11
ARM GAS  /tmp/ccmXepIc.s 			page 43


 2395 1242 AC000000 		.4byte	0xac
 2396 1246 0C       		.byte	0xc
 2397 1247 0C       		.uleb128 0xc
 2398 1248 73323000 		.ascii	"s20\000"
 2399 124c 0C       		.byte	0xc
 2400 124d EC01     		.2byte	0x1ec
 2401 124f 11       		.byte	0x11
 2402 1250 AC000000 		.4byte	0xac
 2403 1254 10       		.byte	0x10
 2404 1255 0C       		.uleb128 0xc
 2405 1256 73323100 		.ascii	"s21\000"
 2406 125a 0C       		.byte	0xc
 2407 125b ED01     		.2byte	0x1ed
 2408 125d 11       		.byte	0x11
 2409 125e AC000000 		.4byte	0xac
 2410 1262 14       		.byte	0x14
 2411 1263 0C       		.uleb128 0xc
 2412 1264 73323200 		.ascii	"s22\000"
 2413 1268 0C       		.byte	0xc
 2414 1269 EE01     		.2byte	0x1ee
 2415 126b 11       		.byte	0x11
 2416 126c AC000000 		.4byte	0xac
 2417 1270 18       		.byte	0x18
 2418 1271 0C       		.uleb128 0xc
 2419 1272 73323300 		.ascii	"s23\000"
 2420 1276 0C       		.byte	0xc
 2421 1277 EF01     		.2byte	0x1ef
 2422 1279 11       		.byte	0x11
 2423 127a AC000000 		.4byte	0xac
 2424 127e 1C       		.byte	0x1c
 2425 127f 0C       		.uleb128 0xc
 2426 1280 73323400 		.ascii	"s24\000"
 2427 1284 0C       		.byte	0xc
 2428 1285 F001     		.2byte	0x1f0
 2429 1287 11       		.byte	0x11
 2430 1288 AC000000 		.4byte	0xac
 2431 128c 20       		.byte	0x20
 2432 128d 0C       		.uleb128 0xc
 2433 128e 73323500 		.ascii	"s25\000"
 2434 1292 0C       		.byte	0xc
 2435 1293 F101     		.2byte	0x1f1
 2436 1295 11       		.byte	0x11
 2437 1296 AC000000 		.4byte	0xac
 2438 129a 24       		.byte	0x24
 2439 129b 0C       		.uleb128 0xc
 2440 129c 73323600 		.ascii	"s26\000"
 2441 12a0 0C       		.byte	0xc
 2442 12a1 F201     		.2byte	0x1f2
 2443 12a3 11       		.byte	0x11
 2444 12a4 AC000000 		.4byte	0xac
 2445 12a8 28       		.byte	0x28
 2446 12a9 0C       		.uleb128 0xc
 2447 12aa 73323700 		.ascii	"s27\000"
 2448 12ae 0C       		.byte	0xc
 2449 12af F301     		.2byte	0x1f3
 2450 12b1 11       		.byte	0x11
 2451 12b2 AC000000 		.4byte	0xac
ARM GAS  /tmp/ccmXepIc.s 			page 44


 2452 12b6 2C       		.byte	0x2c
 2453 12b7 0C       		.uleb128 0xc
 2454 12b8 73323800 		.ascii	"s28\000"
 2455 12bc 0C       		.byte	0xc
 2456 12bd F401     		.2byte	0x1f4
 2457 12bf 11       		.byte	0x11
 2458 12c0 AC000000 		.4byte	0xac
 2459 12c4 30       		.byte	0x30
 2460 12c5 0C       		.uleb128 0xc
 2461 12c6 73323900 		.ascii	"s29\000"
 2462 12ca 0C       		.byte	0xc
 2463 12cb F501     		.2byte	0x1f5
 2464 12cd 11       		.byte	0x11
 2465 12ce AC000000 		.4byte	0xac
 2466 12d2 34       		.byte	0x34
 2467 12d3 0C       		.uleb128 0xc
 2468 12d4 73333000 		.ascii	"s30\000"
 2469 12d8 0C       		.byte	0xc
 2470 12d9 F601     		.2byte	0x1f6
 2471 12db 11       		.byte	0x11
 2472 12dc AC000000 		.4byte	0xac
 2473 12e0 38       		.byte	0x38
 2474 12e1 0C       		.uleb128 0xc
 2475 12e2 73333100 		.ascii	"s31\000"
 2476 12e6 0C       		.byte	0xc
 2477 12e7 F701     		.2byte	0x1f7
 2478 12e9 11       		.byte	0x11
 2479 12ea AC000000 		.4byte	0xac
 2480 12ee 3C       		.byte	0x3c
 2481 12ef 0C       		.uleb128 0xc
 2482 12f0 723400   		.ascii	"r4\000"
 2483 12f3 0C       		.byte	0xc
 2484 12f4 F901     		.2byte	0x1f9
 2485 12f6 11       		.byte	0x11
 2486 12f7 AC000000 		.4byte	0xac
 2487 12fb 40       		.byte	0x40
 2488 12fc 0C       		.uleb128 0xc
 2489 12fd 723500   		.ascii	"r5\000"
 2490 1300 0C       		.byte	0xc
 2491 1301 FA01     		.2byte	0x1fa
 2492 1303 11       		.byte	0x11
 2493 1304 AC000000 		.4byte	0xac
 2494 1308 44       		.byte	0x44
 2495 1309 0C       		.uleb128 0xc
 2496 130a 723600   		.ascii	"r6\000"
 2497 130d 0C       		.byte	0xc
 2498 130e FB01     		.2byte	0x1fb
 2499 1310 11       		.byte	0x11
 2500 1311 AC000000 		.4byte	0xac
 2501 1315 48       		.byte	0x48
 2502 1316 0C       		.uleb128 0xc
 2503 1317 723700   		.ascii	"r7\000"
 2504 131a 0C       		.byte	0xc
 2505 131b FC01     		.2byte	0x1fc
 2506 131d 11       		.byte	0x11
 2507 131e AC000000 		.4byte	0xac
 2508 1322 4C       		.byte	0x4c
ARM GAS  /tmp/ccmXepIc.s 			page 45


 2509 1323 0C       		.uleb128 0xc
 2510 1324 723800   		.ascii	"r8\000"
 2511 1327 0C       		.byte	0xc
 2512 1328 FD01     		.2byte	0x1fd
 2513 132a 11       		.byte	0x11
 2514 132b AC000000 		.4byte	0xac
 2515 132f 50       		.byte	0x50
 2516 1330 0C       		.uleb128 0xc
 2517 1331 723900   		.ascii	"r9\000"
 2518 1334 0C       		.byte	0xc
 2519 1335 FE01     		.2byte	0x1fe
 2520 1337 11       		.byte	0x11
 2521 1338 AC000000 		.4byte	0xac
 2522 133c 54       		.byte	0x54
 2523 133d 0C       		.uleb128 0xc
 2524 133e 72313000 		.ascii	"r10\000"
 2525 1342 0C       		.byte	0xc
 2526 1343 FF01     		.2byte	0x1ff
 2527 1345 11       		.byte	0x11
 2528 1346 AC000000 		.4byte	0xac
 2529 134a 58       		.byte	0x58
 2530 134b 0C       		.uleb128 0xc
 2531 134c 72313100 		.ascii	"r11\000"
 2532 1350 0C       		.byte	0xc
 2533 1351 0002     		.2byte	0x200
 2534 1353 11       		.byte	0x11
 2535 1354 AC000000 		.4byte	0xac
 2536 1358 5C       		.byte	0x5c
 2537 1359 0C       		.uleb128 0xc
 2538 135a 6C7200   		.ascii	"lr\000"
 2539 135d 0C       		.byte	0xc
 2540 135e 0102     		.2byte	0x201
 2541 1360 11       		.byte	0x11
 2542 1361 AC000000 		.4byte	0xac
 2543 1365 60       		.byte	0x60
 2544 1366 00       		.byte	0
 2545 1367 20       		.uleb128 0x20
 2546 1368 07020000 		.4byte	.LASF326
 2547 136c 04       		.byte	0x4
 2548 136d 0C       		.byte	0xc
 2549 136e 0A02     		.2byte	0x20a
 2550 1370 08       		.byte	0x8
 2551 1371 83130000 		.4byte	0x1383
 2552 1375 0C       		.uleb128 0xc
 2553 1376 737000   		.ascii	"sp\000"
 2554 1379 0C       		.byte	0xc
 2555 137a 0B02     		.2byte	0x20b
 2556 137c 1A       		.byte	0x1a
 2557 137d 83130000 		.4byte	0x1383
 2558 1381 00       		.byte	0
 2559 1382 00       		.byte	0
 2560 1383 06       		.uleb128 0x6
 2561 1384 04       		.byte	0x4
 2562 1385 01120000 		.4byte	0x1201
 2563 1389 09       		.uleb128 0x9
 2564 138a 68050000 		.4byte	.LASF327
 2565 138e 18       		.byte	0x18
ARM GAS  /tmp/ccmXepIc.s 			page 46


 2566 138f 04       		.byte	0x4
 2567 1390 64       		.byte	0x64
 2568 1391 10       		.byte	0x10
 2569 1392 BE130000 		.4byte	0x13be
 2570 1396 0B       		.uleb128 0xb
 2571 1397 450D0000 		.4byte	.LASF328
 2572 139b 04       		.byte	0x4
 2573 139c 68       		.byte	0x68
 2574 139d 21       		.byte	0x21
 2575 139e F4030000 		.4byte	0x3f4
 2576 13a2 00       		.byte	0
 2577 13a3 0B       		.uleb128 0xb
 2578 13a4 6A0D0000 		.4byte	.LASF329
 2579 13a8 04       		.byte	0x4
 2580 13a9 73       		.byte	0x73
 2581 13aa 21       		.byte	0x21
 2582 13ab 2E030000 		.4byte	0x32e
 2583 13af 0C       		.byte	0xc
 2584 13b0 0B       		.uleb128 0xb
 2585 13b1 66020000 		.4byte	.LASF330
 2586 13b5 04       		.byte	0x4
 2587 13b6 79       		.byte	0x79
 2588 13b7 21       		.byte	0x21
 2589 13b8 CE000000 		.4byte	0xce
 2590 13bc 10       		.byte	0x10
 2591 13bd 00       		.byte	0
 2592 13be 08       		.uleb128 0x8
 2593 13bf E40A0000 		.4byte	.LASF331
 2594 13c3 04       		.byte	0x4
 2595 13c4 7B       		.byte	0x7b
 2596 13c5 03       		.byte	0x3
 2597 13c6 89130000 		.4byte	0x1389
 2598 13ca 09       		.uleb128 0x9
 2599 13cb 67000000 		.4byte	.LASF332
 2600 13cf 08       		.byte	0x8
 2601 13d0 04       		.byte	0x4
 2602 13d1 80       		.byte	0x80
 2603 13d2 10       		.byte	0x10
 2604 13d3 E5130000 		.4byte	0x13e5
 2605 13d7 0B       		.uleb128 0xb
 2606 13d8 8D0E0000 		.4byte	.LASF333
 2607 13dc 04       		.byte	0x4
 2608 13dd 84       		.byte	0x84
 2609 13de 21       		.byte	0x21
 2610 13df 73030000 		.4byte	0x373
 2611 13e3 00       		.byte	0
 2612 13e4 00       		.byte	0
 2613 13e5 08       		.uleb128 0x8
 2614 13e6 69010000 		.4byte	.LASF334
 2615 13ea 04       		.byte	0x4
 2616 13eb 85       		.byte	0x85
 2617 13ec 03       		.byte	0x3
 2618 13ed CA130000 		.4byte	0x13ca
 2619 13f1 08       		.uleb128 0x8
 2620 13f2 B50A0000 		.4byte	.LASF335
 2621 13f6 04       		.byte	0x4
 2622 13f7 8A       		.byte	0x8a
ARM GAS  /tmp/ccmXepIc.s 			page 47


 2623 13f8 14       		.byte	0x14
 2624 13f9 5F040000 		.4byte	0x45f
 2625 13fd 10       		.uleb128 0x10
 2626 13fe 0C       		.byte	0xc
 2627 13ff 04       		.byte	0x4
 2628 1400 A0       		.byte	0xa0
 2629 1401 03       		.byte	0x3
 2630 1402 2B140000 		.4byte	0x142b
 2631 1406 12       		.uleb128 0x12
 2632 1407 3F030000 		.4byte	.LASF336
 2633 140b 04       		.byte	0x4
 2634 140c A4       		.byte	0xa4
 2635 140d 21       		.byte	0x21
 2636 140e 46030000 		.4byte	0x346
 2637 1412 12       		.uleb128 0x12
 2638 1413 8D0E0000 		.4byte	.LASF333
 2639 1417 04       		.byte	0x4
 2640 1418 A8       		.byte	0xa8
 2641 1419 21       		.byte	0x21
 2642 141a 73030000 		.4byte	0x373
 2643 141e 12       		.uleb128 0x12
 2644 141f C6040000 		.4byte	.LASF337
 2645 1423 04       		.byte	0x4
 2646 1424 AC       		.byte	0xac
 2647 1425 21       		.byte	0x21
 2648 1426 AD030000 		.4byte	0x3ad
 2649 142a 00       		.byte	0
 2650 142b 10       		.uleb128 0x10
 2651 142c 04       		.byte	0x4
 2652 142d 04       		.byte	0x4
 2653 142e EB       		.byte	0xeb
 2654 142f 03       		.byte	0x3
 2655 1430 9B140000 		.4byte	0x149b
 2656 1434 12       		.uleb128 0x12
 2657 1435 E6050000 		.4byte	.LASF338
 2658 1439 04       		.byte	0x4
 2659 143a F2       		.byte	0xf2
 2660 143b 21       		.byte	0x21
 2661 143c 1B010000 		.4byte	0x11b
 2662 1440 12       		.uleb128 0x12
 2663 1441 7A110000 		.4byte	.LASF339
 2664 1445 04       		.byte	0x4
 2665 1446 F9       		.byte	0xf9
 2666 1447 21       		.byte	0x21
 2667 1448 1B010000 		.4byte	0x11b
 2668 144c 21       		.uleb128 0x21
 2669 144d D6010000 		.4byte	.LASF72
 2670 1451 04       		.byte	0x4
 2671 1452 0001     		.2byte	0x100
 2672 1454 22       		.byte	0x22
 2673 1455 6A000000 		.4byte	0x6a
 2674 1459 21       		.uleb128 0x21
 2675 145a E10F0000 		.4byte	.LASF340
 2676 145e 04       		.byte	0x4
 2677 145f 0701     		.2byte	0x107
 2678 1461 22       		.byte	0x22
 2679 1462 9B140000 		.4byte	0x149b
ARM GAS  /tmp/ccmXepIc.s 			page 48


 2680 1466 21       		.uleb128 0x21
 2681 1467 77030000 		.4byte	.LASF341
 2682 146b 04       		.byte	0x4
 2683 146c 0C01     		.2byte	0x10c
 2684 146e 21       		.byte	0x21
 2685 146f 1B010000 		.4byte	0x11b
 2686 1473 21       		.uleb128 0x21
 2687 1474 AF0E0000 		.4byte	.LASF342
 2688 1478 04       		.byte	0x4
 2689 1479 1501     		.2byte	0x115
 2690 147b 22       		.byte	0x22
 2691 147c C9140000 		.4byte	0x14c9
 2692 1480 21       		.uleb128 0x21
 2693 1481 16000000 		.4byte	.LASF343
 2694 1485 04       		.byte	0x4
 2695 1486 1E01     		.2byte	0x11e
 2696 1488 22       		.byte	0x22
 2697 1489 04150000 		.4byte	0x1504
 2698 148d 21       		.uleb128 0x21
 2699 148e 70020000 		.4byte	.LASF344
 2700 1492 04       		.byte	0x4
 2701 1493 2601     		.2byte	0x126
 2702 1495 21       		.byte	0x21
 2703 1496 27010000 		.4byte	0x127
 2704 149a 00       		.byte	0
 2705 149b 06       		.uleb128 0x6
 2706 149c 04       		.byte	0x4
 2707 149d F1130000 		.4byte	0x13f1
 2708 14a1 09       		.uleb128 0x9
 2709 14a2 E0030000 		.4byte	.LASF345
 2710 14a6 0C       		.byte	0xc
 2711 14a7 0D       		.byte	0xd
 2712 14a8 34       		.byte	0x34
 2713 14a9 10       		.byte	0x10
 2714 14aa C9140000 		.4byte	0x14c9
 2715 14ae 0B       		.uleb128 0xb
 2716 14af 8D0E0000 		.4byte	.LASF333
 2717 14b3 0D       		.byte	0xd
 2718 14b4 35       		.byte	0x35
 2719 14b5 19       		.byte	0x19
 2720 14b6 73030000 		.4byte	0x373
 2721 14ba 00       		.byte	0
 2722 14bb 0A       		.uleb128 0xa
 2723 14bc 636E7400 		.ascii	"cnt\000"
 2724 14c0 0D       		.byte	0xd
 2725 14c1 37       		.byte	0x37
 2726 14c2 19       		.byte	0x19
 2727 14c3 33010000 		.4byte	0x133
 2728 14c7 08       		.byte	0x8
 2729 14c8 00       		.byte	0
 2730 14c9 06       		.uleb128 0x6
 2731 14ca 04       		.byte	0x4
 2732 14cb A1140000 		.4byte	0x14a1
 2733 14cf 09       		.uleb128 0x9
 2734 14d0 73060000 		.4byte	.LASF346
 2735 14d4 10       		.byte	0x10
 2736 14d5 0E       		.byte	0xe
ARM GAS  /tmp/ccmXepIc.s 			page 49


 2737 14d6 39       		.byte	0x39
 2738 14d7 08       		.byte	0x8
 2739 14d8 04150000 		.4byte	0x1504
 2740 14dc 0B       		.uleb128 0xb
 2741 14dd 8D0E0000 		.4byte	.LASF333
 2742 14e1 0E       		.byte	0xe
 2743 14e2 3A       		.byte	0x3a
 2744 14e3 19       		.byte	0x19
 2745 14e4 73030000 		.4byte	0x373
 2746 14e8 00       		.byte	0
 2747 14e9 0B       		.uleb128 0xb
 2748 14ea 3E050000 		.4byte	.LASF28
 2749 14ee 0E       		.byte	0xe
 2750 14ef 3C       		.byte	0x3c
 2751 14f0 1A       		.byte	0x1a
 2752 14f1 5F040000 		.4byte	0x45f
 2753 14f5 08       		.byte	0x8
 2754 14f6 0B       		.uleb128 0xb
 2755 14f7 000D0000 		.4byte	.LASF62
 2756 14fb 0E       		.byte	0xe
 2757 14fc 3E       		.byte	0x3e
 2758 14fd 1A       		.byte	0x1a
 2759 14fe C7150000 		.4byte	0x15c7
 2760 1502 0C       		.byte	0xc
 2761 1503 00       		.byte	0
 2762 1504 06       		.uleb128 0x6
 2763 1505 04       		.byte	0x4
 2764 1506 CF140000 		.4byte	0x14cf
 2765 150a 06       		.uleb128 0x6
 2766 150b 04       		.byte	0x4
 2767 150c 3A020000 		.4byte	0x23a
 2768 1510 06       		.uleb128 0x6
 2769 1511 04       		.byte	0x4
 2770 1512 DF000000 		.4byte	0xdf
 2771 1516 20       		.uleb128 0x20
 2772 1517 9B030000 		.4byte	.LASF347
 2773 151b 10       		.byte	0x10
 2774 151c 04       		.byte	0x4
 2775 151d 5C01     		.2byte	0x15c
 2776 151f 10       		.byte	0x10
 2777 1520 41150000 		.4byte	0x1541
 2778 1524 0D       		.uleb128 0xd
 2779 1525 C6040000 		.4byte	.LASF337
 2780 1529 04       		.byte	0x4
 2781 152a 6101     		.2byte	0x161
 2782 152c 21       		.byte	0x21
 2783 152d AD030000 		.4byte	0x3ad
 2784 1531 00       		.byte	0
 2785 1532 0D       		.uleb128 0xd
 2786 1533 90100000 		.4byte	.LASF348
 2787 1537 04       		.byte	0x4
 2788 1538 6501     		.2byte	0x165
 2789 153a 22       		.byte	0x22
 2790 153b 5F040000 		.4byte	0x45f
 2791 153f 0C       		.byte	0xc
 2792 1540 00       		.byte	0
 2793 1541 1E       		.uleb128 0x1e
ARM GAS  /tmp/ccmXepIc.s 			page 50


 2794 1542 650E0000 		.4byte	.LASF349
 2795 1546 04       		.byte	0x4
 2796 1547 6601     		.2byte	0x166
 2797 1549 03       		.byte	0x3
 2798 154a 16150000 		.4byte	0x1516
 2799 154e 20       		.uleb128 0x20
 2800 154f 2F0D0000 		.4byte	.LASF350
 2801 1553 14       		.byte	0x14
 2802 1554 04       		.byte	0x4
 2803 1555 6B01     		.2byte	0x16b
 2804 1557 10       		.byte	0x10
 2805 1558 A3150000 		.4byte	0x15a3
 2806 155c 0D       		.uleb128 0xd
 2807 155d C40D0000 		.4byte	.LASF29
 2808 1561 04       		.byte	0x4
 2809 1562 6F01     		.2byte	0x16f
 2810 1564 22       		.byte	0x22
 2811 1565 78000000 		.4byte	0x78
 2812 1569 00       		.byte	0
 2813 156a 0D       		.uleb128 0xd
 2814 156b DD010000 		.4byte	.LASF351
 2815 156f 04       		.byte	0x4
 2816 1570 7501     		.2byte	0x175
 2817 1572 22       		.byte	0x22
 2818 1573 10150000 		.4byte	0x1510
 2819 1577 04       		.byte	0x4
 2820 1578 0D       		.uleb128 0xd
 2821 1579 44050000 		.4byte	.LASF352
 2822 157d 04       		.byte	0x4
 2823 157e 7901     		.2byte	0x179
 2824 1580 22       		.byte	0x22
 2825 1581 10150000 		.4byte	0x1510
 2826 1585 08       		.byte	0x8
 2827 1586 0D       		.uleb128 0xd
 2828 1587 ED0F0000 		.4byte	.LASF353
 2829 158b 04       		.byte	0x4
 2830 158c 7F01     		.2byte	0x17f
 2831 158e 22       		.byte	0x22
 2832 158f 10150000 		.4byte	0x1510
 2833 1593 0C       		.byte	0xc
 2834 1594 0D       		.uleb128 0xd
 2835 1595 12070000 		.4byte	.LASF354
 2836 1599 04       		.byte	0x4
 2837 159a 8301     		.2byte	0x183
 2838 159c 22       		.byte	0x22
 2839 159d 10150000 		.4byte	0x1510
 2840 15a1 10       		.byte	0x10
 2841 15a2 00       		.byte	0
 2842 15a3 1E       		.uleb128 0x1e
 2843 15a4 27040000 		.4byte	.LASF355
 2844 15a8 04       		.byte	0x4
 2845 15a9 8501     		.2byte	0x185
 2846 15ab 03       		.byte	0x3
 2847 15ac 4E150000 		.4byte	0x154e
 2848 15b0 05       		.uleb128 0x5
 2849 15b1 A3150000 		.4byte	0x15a3
 2850 15b5 06       		.uleb128 0x6
ARM GAS  /tmp/ccmXepIc.s 			page 51


 2851 15b6 04       		.byte	0x4
 2852 15b7 B0150000 		.4byte	0x15b0
 2853 15bb 08       		.uleb128 0x8
 2854 15bc E90E0000 		.4byte	.LASF356
 2855 15c0 0E       		.byte	0xe
 2856 15c1 34       		.byte	0x34
 2857 15c2 19       		.byte	0x19
 2858 15c3 CF140000 		.4byte	0x14cf
 2859 15c7 06       		.uleb128 0x6
 2860 15c8 04       		.byte	0x4
 2861 15c9 BB150000 		.4byte	0x15bb
 2862 15cd 03       		.uleb128 0x3
 2863 15ce 01       		.byte	0x1
 2864 15cf 02       		.byte	0x2
 2865 15d0 3A060000 		.4byte	.LASF357
 2866 15d4 22       		.uleb128 0x22
 2867 15d5 92080000 		.4byte	.LASF360
 2868 15d9 0F       		.byte	0xf
 2869 15da 3801     		.2byte	0x138
 2870 15dc 06       		.byte	0x6
 2871 15dd FE150000 		.4byte	0x15fe
 2872 15e1 23       		.uleb128 0x23
 2873 15e2 24       		.uleb128 0x24
 2874 15e3 730F0000 		.4byte	.LASF358
 2875 15e7 0F       		.byte	0xf
 2876 15e8 3C01     		.2byte	0x13c
 2877 15ea 19       		.byte	0x19
 2878 15eb FE150000 		.4byte	0x15fe
 2879 15ef 24       		.uleb128 0x24
 2880 15f0 180B0000 		.4byte	.LASF359
 2881 15f4 0F       		.byte	0xf
 2882 15f5 3D01     		.2byte	0x13d
 2883 15f7 0E       		.byte	0xe
 2884 15f8 AC000000 		.4byte	0xac
 2885 15fc 00       		.byte	0
 2886 15fd 00       		.byte	0
 2887 15fe 06       		.uleb128 0x6
 2888 15ff 04       		.byte	0x4
 2889 1600 95100000 		.4byte	0x1095
 2890 1604 25       		.uleb128 0x25
 2891 1605 44030000 		.4byte	.LASF361
 2892 1609 0F       		.byte	0xf
 2893 160a FE       		.byte	0xfe
 2894 160b 06       		.byte	0x6
 2895 160c 1D160000 		.4byte	0x161d
 2896 1610 26       		.uleb128 0x26
 2897 1611 6F697000 		.ascii	"oip\000"
 2898 1615 0F       		.byte	0xf
 2899 1616 FE       		.byte	0xfe
 2900 1617 1F       		.byte	0x1f
 2901 1618 0A150000 		.4byte	0x150a
 2902 161c 00       		.byte	0
 2903 161d 25       		.uleb128 0x25
 2904 161e CD060000 		.4byte	.LASF362
 2905 1622 0F       		.byte	0xf
 2906 1623 7B       		.byte	0x7b
 2907 1624 06       		.byte	0x6
ARM GAS  /tmp/ccmXepIc.s 			page 52


 2908 1625 36160000 		.4byte	0x1636
 2909 1629 27       		.uleb128 0x27
 2910 162a 70737000 		.ascii	"psp\000"
 2911 162e 0F       		.byte	0xf
 2912 162f 7D       		.byte	0x7d
 2913 1630 0C       		.byte	0xc
 2914 1631 AC000000 		.4byte	0xac
 2915 1635 00       		.byte	0
 2916 1636 28       		.uleb128 0x28
 2917 1637 A6100000 		.4byte	.LASF363
 2918 163b 0C       		.byte	0xc
 2919 163c 6F03     		.2byte	0x36f
 2920 163e 1B       		.byte	0x1b
 2921 163f 28       		.uleb128 0x28
 2922 1640 0D0F0000 		.4byte	.LASF364
 2923 1644 0C       		.byte	0xc
 2924 1645 5B03     		.2byte	0x35b
 2925 1647 1B       		.byte	0x1b
 2926 1648 28       		.uleb128 0x28
 2927 1649 14020000 		.4byte	.LASF365
 2928 164d 0C       		.byte	0xc
 2929 164e 5003     		.2byte	0x350
 2930 1650 1B       		.byte	0x1b
 2931 1651 28       		.uleb128 0x28
 2932 1652 B3100000 		.4byte	.LASF366
 2933 1656 0C       		.byte	0xc
 2934 1657 4103     		.2byte	0x341
 2935 1659 1B       		.byte	0x1b
 2936 165a 28       		.uleb128 0x28
 2937 165b 70110000 		.4byte	.LASF367
 2938 165f 0C       		.byte	0xc
 2939 1660 2903     		.2byte	0x329
 2940 1662 1B       		.byte	0x1b
 2941 1663 29       		.uleb128 0x29
 2942 1664 35000000 		.4byte	.LASF370
 2943 1668 0B       		.byte	0xb
 2944 1669 E807     		.2byte	0x7e8
 2945 166b 16       		.byte	0x16
 2946 166c 8B160000 		.4byte	0x168b
 2947 1670 2A       		.uleb128 0x2a
 2948 1671 B00A0000 		.4byte	.LASF368
 2949 1675 0B       		.byte	0xb
 2950 1676 E807     		.2byte	0x7e8
 2951 1678 33       		.byte	0x33
 2952 1679 65090000 		.4byte	0x965
 2953 167d 2A       		.uleb128 0x2a
 2954 167e 050D0000 		.4byte	.LASF369
 2955 1682 0B       		.byte	0xb
 2956 1683 E807     		.2byte	0x7e8
 2957 1685 42       		.byte	0x42
 2958 1686 AC000000 		.4byte	0xac
 2959 168a 00       		.byte	0
 2960 168b 29       		.uleb128 0x29
 2961 168c EB020000 		.4byte	.LASF371
 2962 1690 0B       		.byte	0xb
 2963 1691 4907     		.2byte	0x749
 2964 1693 16       		.byte	0x16
ARM GAS  /tmp/ccmXepIc.s 			page 53


 2965 1694 C0160000 		.4byte	0x16c0
 2966 1698 2A       		.uleb128 0x2a
 2967 1699 390C0000 		.4byte	.LASF372
 2968 169d 0B       		.byte	0xb
 2969 169e 4907     		.2byte	0x749
 2970 16a0 3A       		.byte	0x3a
 2971 16a1 AC000000 		.4byte	0xac
 2972 16a5 24       		.uleb128 0x24
 2973 16a6 57040000 		.4byte	.LASF373
 2974 16aa 0B       		.byte	0xb
 2975 16ab 4B07     		.2byte	0x74b
 2976 16ad 0C       		.byte	0xc
 2977 16ae AC000000 		.4byte	0xac
 2978 16b2 24       		.uleb128 0x24
 2979 16b3 2D050000 		.4byte	.LASF374
 2980 16b7 0B       		.byte	0xb
 2981 16b8 4C07     		.2byte	0x74c
 2982 16ba 0C       		.byte	0xc
 2983 16bb AC000000 		.4byte	0xac
 2984 16bf 00       		.byte	0
 2985 16c0 2B       		.uleb128 0x2b
 2986 16c1 76090000 		.4byte	.LASF384
 2987 16c5 10       		.byte	0x10
 2988 16c6 FE02     		.2byte	0x2fe
 2989 16c8 1F       		.byte	0x1f
 2990 16c9 AC000000 		.4byte	0xac
 2991 16cd 29       		.uleb128 0x29
 2992 16ce 210D0000 		.4byte	.LASF375
 2993 16d2 10       		.byte	0x10
 2994 16d3 EB01     		.2byte	0x1eb
 2995 16d5 1B       		.byte	0x1b
 2996 16d6 E8160000 		.4byte	0x16e8
 2997 16da 2A       		.uleb128 0x2a
 2998 16db 84050000 		.4byte	.LASF376
 2999 16df 10       		.byte	0x10
 3000 16e0 EB01     		.2byte	0x1eb
 3001 16e2 32       		.byte	0x32
 3002 16e3 AC000000 		.4byte	0xac
 3003 16e7 00       		.byte	0
 3004 16e8 29       		.uleb128 0x29
 3005 16e9 0D0C0000 		.4byte	.LASF377
 3006 16ed 10       		.byte	0x10
 3007 16ee 1501     		.2byte	0x115
 3008 16f0 1B       		.byte	0x1b
 3009 16f1 03170000 		.4byte	0x1703
 3010 16f5 2A       		.uleb128 0x2a
 3011 16f6 7F040000 		.4byte	.LASF378
 3012 16fa 10       		.byte	0x10
 3013 16fb 1501     		.2byte	0x115
 3014 16fd 2E       		.byte	0x2e
 3015 16fe AC000000 		.4byte	0xac
 3016 1702 00       		.byte	0
 3017 1703 2C       		.uleb128 0x2c
 3018 1704 C2110000 		.4byte	.LASF385
 3019 1708 10       		.byte	0x10
 3020 1709 F7       		.byte	0xf7
 3021 170a 1F       		.byte	0x1f
ARM GAS  /tmp/ccmXepIc.s 			page 54


 3022 170b AC000000 		.4byte	0xac
 3023 170f 20170000 		.4byte	0x1720
 3024 1713 2D       		.uleb128 0x2d
 3025 1714 50040000 		.4byte	.LASF379
 3026 1718 10       		.byte	0x10
 3027 1719 F9       		.byte	0xf9
 3028 171a 0C       		.byte	0xc
 3029 171b AC000000 		.4byte	0xac
 3030 171f 00       		.byte	0
 3031 1720 2E       		.uleb128 0x2e
 3032 1721 E30C0000 		.4byte	.LASF380
 3033 1725 10       		.byte	0x10
 3034 1726 81       		.byte	0x81
 3035 1727 1B       		.byte	0x1b
 3036 1728 00       		.byte	0
 3037              		.section	.gnu.debuglto_.debug_abbrev,"e",%progbits
 3038              	.Ldebug_abbrev0:
 3039 0000 01       		.uleb128 0x1
 3040 0001 11       		.uleb128 0x11
 3041 0002 01       		.byte	0x1
 3042 0003 25       		.uleb128 0x25
 3043 0004 0E       		.uleb128 0xe
 3044 0005 13       		.uleb128 0x13
 3045 0006 0B       		.uleb128 0xb
 3046 0007 03       		.uleb128 0x3
 3047 0008 0E       		.uleb128 0xe
 3048 0009 1B       		.uleb128 0x1b
 3049 000a 0E       		.uleb128 0xe
 3050 000b 10       		.uleb128 0x10
 3051 000c 17       		.uleb128 0x17
 3052 000d 00       		.byte	0
 3053 000e 00       		.byte	0
 3054 000f 02       		.uleb128 0x2
 3055 0010 24       		.uleb128 0x24
 3056 0011 00       		.byte	0
 3057 0012 0B       		.uleb128 0xb
 3058 0013 0B       		.uleb128 0xb
 3059 0014 3E       		.uleb128 0x3e
 3060 0015 0B       		.uleb128 0xb
 3061 0016 03       		.uleb128 0x3
 3062 0017 08       		.uleb128 0x8
 3063 0018 00       		.byte	0
 3064 0019 00       		.byte	0
 3065 001a 03       		.uleb128 0x3
 3066 001b 24       		.uleb128 0x24
 3067 001c 00       		.byte	0
 3068 001d 0B       		.uleb128 0xb
 3069 001e 0B       		.uleb128 0xb
 3070 001f 3E       		.uleb128 0x3e
 3071 0020 0B       		.uleb128 0xb
 3072 0021 03       		.uleb128 0x3
 3073 0022 0E       		.uleb128 0xe
 3074 0023 00       		.byte	0
 3075 0024 00       		.byte	0
 3076 0025 04       		.uleb128 0x4
 3077 0026 0F       		.uleb128 0xf
 3078 0027 00       		.byte	0
ARM GAS  /tmp/ccmXepIc.s 			page 55


 3079 0028 0B       		.uleb128 0xb
 3080 0029 0B       		.uleb128 0xb
 3081 002a 00       		.byte	0
 3082 002b 00       		.byte	0
 3083 002c 05       		.uleb128 0x5
 3084 002d 26       		.uleb128 0x26
 3085 002e 00       		.byte	0
 3086 002f 49       		.uleb128 0x49
 3087 0030 13       		.uleb128 0x13
 3088 0031 00       		.byte	0
 3089 0032 00       		.byte	0
 3090 0033 06       		.uleb128 0x6
 3091 0034 0F       		.uleb128 0xf
 3092 0035 00       		.byte	0
 3093 0036 0B       		.uleb128 0xb
 3094 0037 0B       		.uleb128 0xb
 3095 0038 49       		.uleb128 0x49
 3096 0039 13       		.uleb128 0x13
 3097 003a 00       		.byte	0
 3098 003b 00       		.byte	0
 3099 003c 07       		.uleb128 0x7
 3100 003d 35       		.uleb128 0x35
 3101 003e 00       		.byte	0
 3102 003f 49       		.uleb128 0x49
 3103 0040 13       		.uleb128 0x13
 3104 0041 00       		.byte	0
 3105 0042 00       		.byte	0
 3106 0043 08       		.uleb128 0x8
 3107 0044 16       		.uleb128 0x16
 3108 0045 00       		.byte	0
 3109 0046 03       		.uleb128 0x3
 3110 0047 0E       		.uleb128 0xe
 3111 0048 3A       		.uleb128 0x3a
 3112 0049 0B       		.uleb128 0xb
 3113 004a 3B       		.uleb128 0x3b
 3114 004b 0B       		.uleb128 0xb
 3115 004c 39       		.uleb128 0x39
 3116 004d 0B       		.uleb128 0xb
 3117 004e 49       		.uleb128 0x49
 3118 004f 13       		.uleb128 0x13
 3119 0050 00       		.byte	0
 3120 0051 00       		.byte	0
 3121 0052 09       		.uleb128 0x9
 3122 0053 13       		.uleb128 0x13
 3123 0054 01       		.byte	0x1
 3124 0055 03       		.uleb128 0x3
 3125 0056 0E       		.uleb128 0xe
 3126 0057 0B       		.uleb128 0xb
 3127 0058 0B       		.uleb128 0xb
 3128 0059 3A       		.uleb128 0x3a
 3129 005a 0B       		.uleb128 0xb
 3130 005b 3B       		.uleb128 0x3b
 3131 005c 0B       		.uleb128 0xb
 3132 005d 39       		.uleb128 0x39
 3133 005e 0B       		.uleb128 0xb
 3134 005f 01       		.uleb128 0x1
 3135 0060 13       		.uleb128 0x13
ARM GAS  /tmp/ccmXepIc.s 			page 56


 3136 0061 00       		.byte	0
 3137 0062 00       		.byte	0
 3138 0063 0A       		.uleb128 0xa
 3139 0064 0D       		.uleb128 0xd
 3140 0065 00       		.byte	0
 3141 0066 03       		.uleb128 0x3
 3142 0067 08       		.uleb128 0x8
 3143 0068 3A       		.uleb128 0x3a
 3144 0069 0B       		.uleb128 0xb
 3145 006a 3B       		.uleb128 0x3b
 3146 006b 0B       		.uleb128 0xb
 3147 006c 39       		.uleb128 0x39
 3148 006d 0B       		.uleb128 0xb
 3149 006e 49       		.uleb128 0x49
 3150 006f 13       		.uleb128 0x13
 3151 0070 38       		.uleb128 0x38
 3152 0071 0B       		.uleb128 0xb
 3153 0072 00       		.byte	0
 3154 0073 00       		.byte	0
 3155 0074 0B       		.uleb128 0xb
 3156 0075 0D       		.uleb128 0xd
 3157 0076 00       		.byte	0
 3158 0077 03       		.uleb128 0x3
 3159 0078 0E       		.uleb128 0xe
 3160 0079 3A       		.uleb128 0x3a
 3161 007a 0B       		.uleb128 0xb
 3162 007b 3B       		.uleb128 0x3b
 3163 007c 0B       		.uleb128 0xb
 3164 007d 39       		.uleb128 0x39
 3165 007e 0B       		.uleb128 0xb
 3166 007f 49       		.uleb128 0x49
 3167 0080 13       		.uleb128 0x13
 3168 0081 38       		.uleb128 0x38
 3169 0082 0B       		.uleb128 0xb
 3170 0083 00       		.byte	0
 3171 0084 00       		.byte	0
 3172 0085 0C       		.uleb128 0xc
 3173 0086 0D       		.uleb128 0xd
 3174 0087 00       		.byte	0
 3175 0088 03       		.uleb128 0x3
 3176 0089 08       		.uleb128 0x8
 3177 008a 3A       		.uleb128 0x3a
 3178 008b 0B       		.uleb128 0xb
 3179 008c 3B       		.uleb128 0x3b
 3180 008d 05       		.uleb128 0x5
 3181 008e 39       		.uleb128 0x39
 3182 008f 0B       		.uleb128 0xb
 3183 0090 49       		.uleb128 0x49
 3184 0091 13       		.uleb128 0x13
 3185 0092 38       		.uleb128 0x38
 3186 0093 0B       		.uleb128 0xb
 3187 0094 00       		.byte	0
 3188 0095 00       		.byte	0
 3189 0096 0D       		.uleb128 0xd
 3190 0097 0D       		.uleb128 0xd
 3191 0098 00       		.byte	0
 3192 0099 03       		.uleb128 0x3
ARM GAS  /tmp/ccmXepIc.s 			page 57


 3193 009a 0E       		.uleb128 0xe
 3194 009b 3A       		.uleb128 0x3a
 3195 009c 0B       		.uleb128 0xb
 3196 009d 3B       		.uleb128 0x3b
 3197 009e 05       		.uleb128 0x5
 3198 009f 39       		.uleb128 0x39
 3199 00a0 0B       		.uleb128 0xb
 3200 00a1 49       		.uleb128 0x49
 3201 00a2 13       		.uleb128 0x13
 3202 00a3 38       		.uleb128 0x38
 3203 00a4 0B       		.uleb128 0xb
 3204 00a5 00       		.byte	0
 3205 00a6 00       		.byte	0
 3206 00a7 0E       		.uleb128 0xe
 3207 00a8 13       		.uleb128 0x13
 3208 00a9 01       		.byte	0x1
 3209 00aa 03       		.uleb128 0x3
 3210 00ab 0E       		.uleb128 0xe
 3211 00ac 0B       		.uleb128 0xb
 3212 00ad 05       		.uleb128 0x5
 3213 00ae 3A       		.uleb128 0x3a
 3214 00af 0B       		.uleb128 0xb
 3215 00b0 3B       		.uleb128 0x3b
 3216 00b1 05       		.uleb128 0x5
 3217 00b2 39       		.uleb128 0x39
 3218 00b3 0B       		.uleb128 0xb
 3219 00b4 01       		.uleb128 0x1
 3220 00b5 13       		.uleb128 0x13
 3221 00b6 00       		.byte	0
 3222 00b7 00       		.byte	0
 3223 00b8 0F       		.uleb128 0xf
 3224 00b9 13       		.uleb128 0x13
 3225 00ba 01       		.byte	0x1
 3226 00bb 0B       		.uleb128 0xb
 3227 00bc 0B       		.uleb128 0xb
 3228 00bd 3A       		.uleb128 0x3a
 3229 00be 0B       		.uleb128 0xb
 3230 00bf 3B       		.uleb128 0x3b
 3231 00c0 0B       		.uleb128 0xb
 3232 00c1 39       		.uleb128 0x39
 3233 00c2 0B       		.uleb128 0xb
 3234 00c3 01       		.uleb128 0x1
 3235 00c4 13       		.uleb128 0x13
 3236 00c5 00       		.byte	0
 3237 00c6 00       		.byte	0
 3238 00c7 10       		.uleb128 0x10
 3239 00c8 17       		.uleb128 0x17
 3240 00c9 01       		.byte	0x1
 3241 00ca 0B       		.uleb128 0xb
 3242 00cb 0B       		.uleb128 0xb
 3243 00cc 3A       		.uleb128 0x3a
 3244 00cd 0B       		.uleb128 0xb
 3245 00ce 3B       		.uleb128 0x3b
 3246 00cf 0B       		.uleb128 0xb
 3247 00d0 39       		.uleb128 0x39
 3248 00d1 0B       		.uleb128 0xb
 3249 00d2 01       		.uleb128 0x1
ARM GAS  /tmp/ccmXepIc.s 			page 58


 3250 00d3 13       		.uleb128 0x13
 3251 00d4 00       		.byte	0
 3252 00d5 00       		.byte	0
 3253 00d6 11       		.uleb128 0x11
 3254 00d7 0D       		.uleb128 0xd
 3255 00d8 00       		.byte	0
 3256 00d9 03       		.uleb128 0x3
 3257 00da 08       		.uleb128 0x8
 3258 00db 3A       		.uleb128 0x3a
 3259 00dc 0B       		.uleb128 0xb
 3260 00dd 3B       		.uleb128 0x3b
 3261 00de 0B       		.uleb128 0xb
 3262 00df 39       		.uleb128 0x39
 3263 00e0 0B       		.uleb128 0xb
 3264 00e1 49       		.uleb128 0x49
 3265 00e2 13       		.uleb128 0x13
 3266 00e3 00       		.byte	0
 3267 00e4 00       		.byte	0
 3268 00e5 12       		.uleb128 0x12
 3269 00e6 0D       		.uleb128 0xd
 3270 00e7 00       		.byte	0
 3271 00e8 03       		.uleb128 0x3
 3272 00e9 0E       		.uleb128 0xe
 3273 00ea 3A       		.uleb128 0x3a
 3274 00eb 0B       		.uleb128 0xb
 3275 00ec 3B       		.uleb128 0x3b
 3276 00ed 0B       		.uleb128 0xb
 3277 00ee 39       		.uleb128 0x39
 3278 00ef 0B       		.uleb128 0xb
 3279 00f0 49       		.uleb128 0x49
 3280 00f1 13       		.uleb128 0x13
 3281 00f2 00       		.byte	0
 3282 00f3 00       		.byte	0
 3283 00f4 13       		.uleb128 0x13
 3284 00f5 0D       		.uleb128 0xd
 3285 00f6 00       		.byte	0
 3286 00f7 03       		.uleb128 0x3
 3287 00f8 0E       		.uleb128 0xe
 3288 00f9 3A       		.uleb128 0x3a
 3289 00fa 0B       		.uleb128 0xb
 3290 00fb 3B       		.uleb128 0x3b
 3291 00fc 0B       		.uleb128 0xb
 3292 00fd 39       		.uleb128 0x39
 3293 00fe 0B       		.uleb128 0xb
 3294 00ff 49       		.uleb128 0x49
 3295 0100 13       		.uleb128 0x13
 3296 0101 0B       		.uleb128 0xb
 3297 0102 0B       		.uleb128 0xb
 3298 0103 0D       		.uleb128 0xd
 3299 0104 0B       		.uleb128 0xb
 3300 0105 0C       		.uleb128 0xc
 3301 0106 0B       		.uleb128 0xb
 3302 0107 38       		.uleb128 0x38
 3303 0108 0B       		.uleb128 0xb
 3304 0109 00       		.byte	0
 3305 010a 00       		.byte	0
 3306 010b 14       		.uleb128 0x14
ARM GAS  /tmp/ccmXepIc.s 			page 59


 3307 010c 13       		.uleb128 0x13
 3308 010d 01       		.byte	0x1
 3309 010e 0B       		.uleb128 0xb
 3310 010f 05       		.uleb128 0x5
 3311 0110 3A       		.uleb128 0x3a
 3312 0111 0B       		.uleb128 0xb
 3313 0112 3B       		.uleb128 0x3b
 3314 0113 0B       		.uleb128 0xb
 3315 0114 39       		.uleb128 0x39
 3316 0115 0B       		.uleb128 0xb
 3317 0116 01       		.uleb128 0x1
 3318 0117 13       		.uleb128 0x13
 3319 0118 00       		.byte	0
 3320 0119 00       		.byte	0
 3321 011a 15       		.uleb128 0x15
 3322 011b 01       		.uleb128 0x1
 3323 011c 01       		.byte	0x1
 3324 011d 49       		.uleb128 0x49
 3325 011e 13       		.uleb128 0x13
 3326 011f 01       		.uleb128 0x1
 3327 0120 13       		.uleb128 0x13
 3328 0121 00       		.byte	0
 3329 0122 00       		.byte	0
 3330 0123 16       		.uleb128 0x16
 3331 0124 21       		.uleb128 0x21
 3332 0125 00       		.byte	0
 3333 0126 49       		.uleb128 0x49
 3334 0127 13       		.uleb128 0x13
 3335 0128 2F       		.uleb128 0x2f
 3336 0129 0B       		.uleb128 0xb
 3337 012a 00       		.byte	0
 3338 012b 00       		.byte	0
 3339 012c 17       		.uleb128 0x17
 3340 012d 04       		.uleb128 0x4
 3341 012e 01       		.byte	0x1
 3342 012f 3E       		.uleb128 0x3e
 3343 0130 0B       		.uleb128 0xb
 3344 0131 0B       		.uleb128 0xb
 3345 0132 0B       		.uleb128 0xb
 3346 0133 49       		.uleb128 0x49
 3347 0134 13       		.uleb128 0x13
 3348 0135 3A       		.uleb128 0x3a
 3349 0136 0B       		.uleb128 0xb
 3350 0137 3B       		.uleb128 0x3b
 3351 0138 0B       		.uleb128 0xb
 3352 0139 39       		.uleb128 0x39
 3353 013a 0B       		.uleb128 0xb
 3354 013b 01       		.uleb128 0x1
 3355 013c 13       		.uleb128 0x13
 3356 013d 00       		.byte	0
 3357 013e 00       		.byte	0
 3358 013f 18       		.uleb128 0x18
 3359 0140 28       		.uleb128 0x28
 3360 0141 00       		.byte	0
 3361 0142 03       		.uleb128 0x3
 3362 0143 0E       		.uleb128 0xe
 3363 0144 1C       		.uleb128 0x1c
ARM GAS  /tmp/ccmXepIc.s 			page 60


 3364 0145 0D       		.uleb128 0xd
 3365 0146 00       		.byte	0
 3366 0147 00       		.byte	0
 3367 0148 19       		.uleb128 0x19
 3368 0149 28       		.uleb128 0x28
 3369 014a 00       		.byte	0
 3370 014b 03       		.uleb128 0x3
 3371 014c 0E       		.uleb128 0xe
 3372 014d 1C       		.uleb128 0x1c
 3373 014e 0B       		.uleb128 0xb
 3374 014f 00       		.byte	0
 3375 0150 00       		.byte	0
 3376 0151 1A       		.uleb128 0x1a
 3377 0152 13       		.uleb128 0x13
 3378 0153 01       		.byte	0x1
 3379 0154 0B       		.uleb128 0xb
 3380 0155 05       		.uleb128 0x5
 3381 0156 3A       		.uleb128 0x3a
 3382 0157 0B       		.uleb128 0xb
 3383 0158 3B       		.uleb128 0x3b
 3384 0159 05       		.uleb128 0x5
 3385 015a 39       		.uleb128 0x39
 3386 015b 0B       		.uleb128 0xb
 3387 015c 01       		.uleb128 0x1
 3388 015d 13       		.uleb128 0x13
 3389 015e 00       		.byte	0
 3390 015f 00       		.byte	0
 3391 0160 1B       		.uleb128 0x1b
 3392 0161 0D       		.uleb128 0xd
 3393 0162 00       		.byte	0
 3394 0163 03       		.uleb128 0x3
 3395 0164 0E       		.uleb128 0xe
 3396 0165 3A       		.uleb128 0x3a
 3397 0166 0B       		.uleb128 0xb
 3398 0167 3B       		.uleb128 0x3b
 3399 0168 05       		.uleb128 0x5
 3400 0169 39       		.uleb128 0x39
 3401 016a 0B       		.uleb128 0xb
 3402 016b 49       		.uleb128 0x49
 3403 016c 13       		.uleb128 0x13
 3404 016d 38       		.uleb128 0x38
 3405 016e 05       		.uleb128 0x5
 3406 016f 00       		.byte	0
 3407 0170 00       		.byte	0
 3408 0171 1C       		.uleb128 0x1c
 3409 0172 0D       		.uleb128 0xd
 3410 0173 00       		.byte	0
 3411 0174 03       		.uleb128 0x3
 3412 0175 08       		.uleb128 0x8
 3413 0176 3A       		.uleb128 0x3a
 3414 0177 0B       		.uleb128 0xb
 3415 0178 3B       		.uleb128 0x3b
 3416 0179 05       		.uleb128 0x5
 3417 017a 39       		.uleb128 0x39
 3418 017b 0B       		.uleb128 0xb
 3419 017c 49       		.uleb128 0x49
 3420 017d 13       		.uleb128 0x13
ARM GAS  /tmp/ccmXepIc.s 			page 61


 3421 017e 38       		.uleb128 0x38
 3422 017f 05       		.uleb128 0x5
 3423 0180 00       		.byte	0
 3424 0181 00       		.byte	0
 3425 0182 1D       		.uleb128 0x1d
 3426 0183 21       		.uleb128 0x21
 3427 0184 00       		.byte	0
 3428 0185 49       		.uleb128 0x49
 3429 0186 13       		.uleb128 0x13
 3430 0187 2F       		.uleb128 0x2f
 3431 0188 05       		.uleb128 0x5
 3432 0189 00       		.byte	0
 3433 018a 00       		.byte	0
 3434 018b 1E       		.uleb128 0x1e
 3435 018c 16       		.uleb128 0x16
 3436 018d 00       		.byte	0
 3437 018e 03       		.uleb128 0x3
 3438 018f 0E       		.uleb128 0xe
 3439 0190 3A       		.uleb128 0x3a
 3440 0191 0B       		.uleb128 0xb
 3441 0192 3B       		.uleb128 0x3b
 3442 0193 05       		.uleb128 0x5
 3443 0194 39       		.uleb128 0x39
 3444 0195 0B       		.uleb128 0xb
 3445 0196 49       		.uleb128 0x49
 3446 0197 13       		.uleb128 0x13
 3447 0198 00       		.byte	0
 3448 0199 00       		.byte	0
 3449 019a 1F       		.uleb128 0x1f
 3450 019b 13       		.uleb128 0x13
 3451 019c 01       		.byte	0x1
 3452 019d 0B       		.uleb128 0xb
 3453 019e 0B       		.uleb128 0xb
 3454 019f 3A       		.uleb128 0x3a
 3455 01a0 0B       		.uleb128 0xb
 3456 01a1 3B       		.uleb128 0x3b
 3457 01a2 05       		.uleb128 0x5
 3458 01a3 39       		.uleb128 0x39
 3459 01a4 0B       		.uleb128 0xb
 3460 01a5 01       		.uleb128 0x1
 3461 01a6 13       		.uleb128 0x13
 3462 01a7 00       		.byte	0
 3463 01a8 00       		.byte	0
 3464 01a9 20       		.uleb128 0x20
 3465 01aa 13       		.uleb128 0x13
 3466 01ab 01       		.byte	0x1
 3467 01ac 03       		.uleb128 0x3
 3468 01ad 0E       		.uleb128 0xe
 3469 01ae 0B       		.uleb128 0xb
 3470 01af 0B       		.uleb128 0xb
 3471 01b0 3A       		.uleb128 0x3a
 3472 01b1 0B       		.uleb128 0xb
 3473 01b2 3B       		.uleb128 0x3b
 3474 01b3 05       		.uleb128 0x5
 3475 01b4 39       		.uleb128 0x39
 3476 01b5 0B       		.uleb128 0xb
 3477 01b6 01       		.uleb128 0x1
ARM GAS  /tmp/ccmXepIc.s 			page 62


 3478 01b7 13       		.uleb128 0x13
 3479 01b8 00       		.byte	0
 3480 01b9 00       		.byte	0
 3481 01ba 21       		.uleb128 0x21
 3482 01bb 0D       		.uleb128 0xd
 3483 01bc 00       		.byte	0
 3484 01bd 03       		.uleb128 0x3
 3485 01be 0E       		.uleb128 0xe
 3486 01bf 3A       		.uleb128 0x3a
 3487 01c0 0B       		.uleb128 0xb
 3488 01c1 3B       		.uleb128 0x3b
 3489 01c2 05       		.uleb128 0x5
 3490 01c3 39       		.uleb128 0x39
 3491 01c4 0B       		.uleb128 0xb
 3492 01c5 49       		.uleb128 0x49
 3493 01c6 13       		.uleb128 0x13
 3494 01c7 00       		.byte	0
 3495 01c8 00       		.byte	0
 3496 01c9 22       		.uleb128 0x22
 3497 01ca 2E       		.uleb128 0x2e
 3498 01cb 01       		.byte	0x1
 3499 01cc 3F       		.uleb128 0x3f
 3500 01cd 19       		.uleb128 0x19
 3501 01ce 03       		.uleb128 0x3
 3502 01cf 0E       		.uleb128 0xe
 3503 01d0 3A       		.uleb128 0x3a
 3504 01d1 0B       		.uleb128 0xb
 3505 01d2 3B       		.uleb128 0x3b
 3506 01d3 05       		.uleb128 0x5
 3507 01d4 39       		.uleb128 0x39
 3508 01d5 0B       		.uleb128 0xb
 3509 01d6 27       		.uleb128 0x27
 3510 01d7 19       		.uleb128 0x19
 3511 01d8 01       		.uleb128 0x1
 3512 01d9 13       		.uleb128 0x13
 3513 01da 00       		.byte	0
 3514 01db 00       		.byte	0
 3515 01dc 23       		.uleb128 0x23
 3516 01dd 0B       		.uleb128 0xb
 3517 01de 01       		.byte	0x1
 3518 01df 00       		.byte	0
 3519 01e0 00       		.byte	0
 3520 01e1 24       		.uleb128 0x24
 3521 01e2 34       		.uleb128 0x34
 3522 01e3 00       		.byte	0
 3523 01e4 03       		.uleb128 0x3
 3524 01e5 0E       		.uleb128 0xe
 3525 01e6 3A       		.uleb128 0x3a
 3526 01e7 0B       		.uleb128 0xb
 3527 01e8 3B       		.uleb128 0x3b
 3528 01e9 05       		.uleb128 0x5
 3529 01ea 39       		.uleb128 0x39
 3530 01eb 0B       		.uleb128 0xb
 3531 01ec 49       		.uleb128 0x49
 3532 01ed 13       		.uleb128 0x13
 3533 01ee 00       		.byte	0
 3534 01ef 00       		.byte	0
ARM GAS  /tmp/ccmXepIc.s 			page 63


 3535 01f0 25       		.uleb128 0x25
 3536 01f1 2E       		.uleb128 0x2e
 3537 01f2 01       		.byte	0x1
 3538 01f3 3F       		.uleb128 0x3f
 3539 01f4 19       		.uleb128 0x19
 3540 01f5 03       		.uleb128 0x3
 3541 01f6 0E       		.uleb128 0xe
 3542 01f7 3A       		.uleb128 0x3a
 3543 01f8 0B       		.uleb128 0xb
 3544 01f9 3B       		.uleb128 0x3b
 3545 01fa 0B       		.uleb128 0xb
 3546 01fb 39       		.uleb128 0x39
 3547 01fc 0B       		.uleb128 0xb
 3548 01fd 27       		.uleb128 0x27
 3549 01fe 19       		.uleb128 0x19
 3550 01ff 01       		.uleb128 0x1
 3551 0200 13       		.uleb128 0x13
 3552 0201 00       		.byte	0
 3553 0202 00       		.byte	0
 3554 0203 26       		.uleb128 0x26
 3555 0204 05       		.uleb128 0x5
 3556 0205 00       		.byte	0
 3557 0206 03       		.uleb128 0x3
 3558 0207 08       		.uleb128 0x8
 3559 0208 3A       		.uleb128 0x3a
 3560 0209 0B       		.uleb128 0xb
 3561 020a 3B       		.uleb128 0x3b
 3562 020b 0B       		.uleb128 0xb
 3563 020c 39       		.uleb128 0x39
 3564 020d 0B       		.uleb128 0xb
 3565 020e 49       		.uleb128 0x49
 3566 020f 13       		.uleb128 0x13
 3567 0210 00       		.byte	0
 3568 0211 00       		.byte	0
 3569 0212 27       		.uleb128 0x27
 3570 0213 34       		.uleb128 0x34
 3571 0214 00       		.byte	0
 3572 0215 03       		.uleb128 0x3
 3573 0216 08       		.uleb128 0x8
 3574 0217 3A       		.uleb128 0x3a
 3575 0218 0B       		.uleb128 0xb
 3576 0219 3B       		.uleb128 0x3b
 3577 021a 0B       		.uleb128 0xb
 3578 021b 39       		.uleb128 0x39
 3579 021c 0B       		.uleb128 0xb
 3580 021d 49       		.uleb128 0x49
 3581 021e 13       		.uleb128 0x13
 3582 021f 00       		.byte	0
 3583 0220 00       		.byte	0
 3584 0221 28       		.uleb128 0x28
 3585 0222 2E       		.uleb128 0x2e
 3586 0223 00       		.byte	0
 3587 0224 03       		.uleb128 0x3
 3588 0225 0E       		.uleb128 0xe
 3589 0226 3A       		.uleb128 0x3a
 3590 0227 0B       		.uleb128 0xb
 3591 0228 3B       		.uleb128 0x3b
ARM GAS  /tmp/ccmXepIc.s 			page 64


 3592 0229 05       		.uleb128 0x5
 3593 022a 39       		.uleb128 0x39
 3594 022b 0B       		.uleb128 0xb
 3595 022c 27       		.uleb128 0x27
 3596 022d 19       		.uleb128 0x19
 3597 022e 00       		.byte	0
 3598 022f 00       		.byte	0
 3599 0230 29       		.uleb128 0x29
 3600 0231 2E       		.uleb128 0x2e
 3601 0232 01       		.byte	0x1
 3602 0233 03       		.uleb128 0x3
 3603 0234 0E       		.uleb128 0xe
 3604 0235 3A       		.uleb128 0x3a
 3605 0236 0B       		.uleb128 0xb
 3606 0237 3B       		.uleb128 0x3b
 3607 0238 05       		.uleb128 0x5
 3608 0239 39       		.uleb128 0x39
 3609 023a 0B       		.uleb128 0xb
 3610 023b 27       		.uleb128 0x27
 3611 023c 19       		.uleb128 0x19
 3612 023d 01       		.uleb128 0x1
 3613 023e 13       		.uleb128 0x13
 3614 023f 00       		.byte	0
 3615 0240 00       		.byte	0
 3616 0241 2A       		.uleb128 0x2a
 3617 0242 05       		.uleb128 0x5
 3618 0243 00       		.byte	0
 3619 0244 03       		.uleb128 0x3
 3620 0245 0E       		.uleb128 0xe
 3621 0246 3A       		.uleb128 0x3a
 3622 0247 0B       		.uleb128 0xb
 3623 0248 3B       		.uleb128 0x3b
 3624 0249 05       		.uleb128 0x5
 3625 024a 39       		.uleb128 0x39
 3626 024b 0B       		.uleb128 0xb
 3627 024c 49       		.uleb128 0x49
 3628 024d 13       		.uleb128 0x13
 3629 024e 00       		.byte	0
 3630 024f 00       		.byte	0
 3631 0250 2B       		.uleb128 0x2b
 3632 0251 2E       		.uleb128 0x2e
 3633 0252 00       		.byte	0
 3634 0253 03       		.uleb128 0x3
 3635 0254 0E       		.uleb128 0xe
 3636 0255 3A       		.uleb128 0x3a
 3637 0256 0B       		.uleb128 0xb
 3638 0257 3B       		.uleb128 0x3b
 3639 0258 05       		.uleb128 0x5
 3640 0259 39       		.uleb128 0x39
 3641 025a 0B       		.uleb128 0xb
 3642 025b 27       		.uleb128 0x27
 3643 025c 19       		.uleb128 0x19
 3644 025d 49       		.uleb128 0x49
 3645 025e 13       		.uleb128 0x13
 3646 025f 00       		.byte	0
 3647 0260 00       		.byte	0
 3648 0261 2C       		.uleb128 0x2c
ARM GAS  /tmp/ccmXepIc.s 			page 65


 3649 0262 2E       		.uleb128 0x2e
 3650 0263 01       		.byte	0x1
 3651 0264 03       		.uleb128 0x3
 3652 0265 0E       		.uleb128 0xe
 3653 0266 3A       		.uleb128 0x3a
 3654 0267 0B       		.uleb128 0xb
 3655 0268 3B       		.uleb128 0x3b
 3656 0269 0B       		.uleb128 0xb
 3657 026a 39       		.uleb128 0x39
 3658 026b 0B       		.uleb128 0xb
 3659 026c 27       		.uleb128 0x27
 3660 026d 19       		.uleb128 0x19
 3661 026e 49       		.uleb128 0x49
 3662 026f 13       		.uleb128 0x13
 3663 0270 01       		.uleb128 0x1
 3664 0271 13       		.uleb128 0x13
 3665 0272 00       		.byte	0
 3666 0273 00       		.byte	0
 3667 0274 2D       		.uleb128 0x2d
 3668 0275 34       		.uleb128 0x34
 3669 0276 00       		.byte	0
 3670 0277 03       		.uleb128 0x3
 3671 0278 0E       		.uleb128 0xe
 3672 0279 3A       		.uleb128 0x3a
 3673 027a 0B       		.uleb128 0xb
 3674 027b 3B       		.uleb128 0x3b
 3675 027c 0B       		.uleb128 0xb
 3676 027d 39       		.uleb128 0x39
 3677 027e 0B       		.uleb128 0xb
 3678 027f 49       		.uleb128 0x49
 3679 0280 13       		.uleb128 0x13
 3680 0281 00       		.byte	0
 3681 0282 00       		.byte	0
 3682 0283 2E       		.uleb128 0x2e
 3683 0284 2E       		.uleb128 0x2e
 3684 0285 00       		.byte	0
 3685 0286 03       		.uleb128 0x3
 3686 0287 0E       		.uleb128 0xe
 3687 0288 3A       		.uleb128 0x3a
 3688 0289 0B       		.uleb128 0xb
 3689 028a 3B       		.uleb128 0x3b
 3690 028b 0B       		.uleb128 0xb
 3691 028c 39       		.uleb128 0x39
 3692 028d 0B       		.uleb128 0xb
 3693 028e 27       		.uleb128 0x27
 3694 028f 19       		.uleb128 0x19
 3695 0290 00       		.byte	0
 3696 0291 00       		.byte	0
 3697 0292 00       		.byte	0
 3698              		.section	.gnu.debuglto_.debug_line,"e",%progbits
 3699              	.Ldebug_line0:
 3700 0000 F9010000 		.4byte	.LELT0-.LSLT0
 3701              	.LSLT0:
 3702 0004 0400     		.2byte	0x4
 3703 0006 F3010000 		.4byte	.LELTP0-.LASLTP0
 3704              	.LASLTP0:
 3705 000a 01       		.byte	0x1
ARM GAS  /tmp/ccmXepIc.s 			page 66


 3706 000b 01       		.byte	0x1
 3707 000c 01       		.byte	0x1
 3708 000d F6       		.byte	0xf6
 3709 000e F2       		.byte	0xf2
 3710 000f 0D       		.byte	0xd
 3711 0010 00       		.byte	0
 3712 0011 01       		.byte	0x1
 3713 0012 01       		.byte	0x1
 3714 0013 01       		.byte	0x1
 3715 0014 01       		.byte	0x1
 3716 0015 00       		.byte	0
 3717 0016 00       		.byte	0
 3718 0017 00       		.byte	0
 3719 0018 01       		.byte	0x1
 3720 0019 00       		.byte	0
 3721 001a 00       		.byte	0
 3722 001b 01       		.byte	0x1
 3723 001c 74686972 		.ascii	"third_party/ChibiOS/os/common/ext/ARM/CMSIS/Core/In"
 3723      645F7061 
 3723      7274792F 
 3723      43686962 
 3723      694F532F 
 3724 004f 636C7564 		.ascii	"clude"
 3724      65
 3725 0054 00       		.byte	0
 3726 0055 74686972 		.ascii	"third_party/ChibiOS/os/common/ext/ST/STM32H7xx"
 3726      645F7061 
 3726      7274792F 
 3726      43686962 
 3726      694F532F 
 3727 0083 00       		.byte	0
 3728 0084 74686972 		.ascii	"third_party/ChibiOS/os/common/ports/ARM-common"
 3728      645F7061 
 3728      7274792F 
 3728      43686962 
 3728      694F532F 
 3729 00b2 00       		.byte	0
 3730 00b3 74686972 		.ascii	"third_party/ChibiOS/os/common/ports/ARMv7-M"
 3730      645F7061 
 3730      7274792F 
 3730      43686962 
 3730      694F532F 
 3731 00de 00       		.byte	0
 3732 00df 74686972 		.ascii	"third_party/ChibiOS/os/rt/include"
 3732      645F7061 
 3732      7274792F 
 3732      43686962 
 3732      694F532F 
 3733 0100 00       		.byte	0
 3734 0101 2F757372 		.ascii	"/usr/lib/gcc/arm-none-eabi/10.3.1/include"
 3734      2F6C6962 
 3734      2F676363 
 3734      2F61726D 
 3734      2D6E6F6E 
 3735 012a 00       		.byte	0
 3736 012b 00       		.byte	0
 3737 012c 73746469 		.ascii	"stdint.h\000"
ARM GAS  /tmp/ccmXepIc.s 			page 67


 3737      6E742E68 
 3737      00
 3738 0135 06       		.uleb128 0x6
 3739 0136 00       		.uleb128 0
 3740 0137 00       		.uleb128 0
 3741 0138 63687479 		.ascii	"chtypes.h\000"
 3741      7065732E 
 3741      6800
 3742 0142 03       		.uleb128 0x3
 3743 0143 00       		.uleb128 0
 3744 0144 00       		.uleb128 0
 3745 0145 63686561 		.ascii	"chearly.h\000"
 3745      726C792E 
 3745      6800
 3746 014f 05       		.uleb128 0x5
 3747 0150 00       		.uleb128 0
 3748 0151 00       		.uleb128 0
 3749 0152 63686F62 		.ascii	"chobjects.h\000"
 3749      6A656374 
 3749      732E6800 
 3750 015e 05       		.uleb128 0x5
 3751 015f 00       		.uleb128 0
 3752 0160 00       		.uleb128 0
 3753 0161 63687266 		.ascii	"chrfcu.h\000"
 3753      63752E68 
 3753      00
 3754 016a 05       		.uleb128 0x5
 3755 016b 00       		.uleb128 0
 3756 016c 00       		.uleb128 0
 3757 016d 63686465 		.ascii	"chdebug.h\000"
 3757      6275672E 
 3757      6800
 3758 0177 05       		.uleb128 0x5
 3759 0178 00       		.uleb128 0
 3760 0179 00       		.uleb128 0
 3761 017a 63687469 		.ascii	"chtime.h\000"
 3761      6D652E68 
 3761      00
 3762 0183 05       		.uleb128 0x5
 3763 0184 00       		.uleb128 0
 3764 0185 00       		.uleb128 0
 3765 0186 63686C69 		.ascii	"chlists.h\000"
 3765      7374732E 
 3765      6800
 3766 0190 05       		.uleb128 0x5
 3767 0191 00       		.uleb128 0
 3768 0192 00       		.uleb128 0
 3769 0193 63687472 		.ascii	"chtrace.h\000"
 3769      6163652E 
 3769      6800
 3770 019d 05       		.uleb128 0x5
 3771 019e 00       		.uleb128 0
 3772 019f 00       		.uleb128 0
 3773 01a0 73746D33 		.ascii	"stm32h743xx.h\000"
 3773      32683734 
 3773      3378782E 
 3773      6800
ARM GAS  /tmp/ccmXepIc.s 			page 68


 3774 01ae 02       		.uleb128 0x2
 3775 01af 00       		.uleb128 0
 3776 01b0 00       		.uleb128 0
 3777 01b1 636F7265 		.ascii	"core_cm7.h\000"
 3777      5F636D37 
 3777      2E6800
 3778 01bc 01       		.uleb128 0x1
 3779 01bd 00       		.uleb128 0
 3780 01be 00       		.uleb128 0
 3781 01bf 6368636F 		.ascii	"chcore.h\000"
 3781      72652E68 
 3781      00
 3782 01c8 04       		.uleb128 0x4
 3783 01c9 00       		.uleb128 0
 3784 01ca 00       		.uleb128 0
 3785 01cb 63687365 		.ascii	"chsem.h\000"
 3785      6D2E6800 
 3786 01d3 05       		.uleb128 0x5
 3787 01d4 00       		.uleb128 0
 3788 01d5 00       		.uleb128 0
 3789 01d6 63686D74 		.ascii	"chmtx.h\000"
 3789      782E6800 
 3790 01de 05       		.uleb128 0x5
 3791 01df 00       		.uleb128 0
 3792 01e0 00       		.uleb128 0
 3793 01e1 6368636F 		.ascii	"chcore.c\000"
 3793      72652E63 
 3793      00
 3794 01ea 04       		.uleb128 0x4
 3795 01eb 00       		.uleb128 0
 3796 01ec 00       		.uleb128 0
 3797 01ed 636D7369 		.ascii	"cmsis_gcc.h\000"
 3797      735F6763 
 3797      632E6800 
 3798 01f9 01       		.uleb128 0x1
 3799 01fa 00       		.uleb128 0
 3800 01fb 00       		.uleb128 0
 3801 01fc 00       		.byte	0
 3802              	.LELTP0:
 3803              	.LELT0:
 3804              		.section	.gnu.debuglto_.debug_str,"eMS",%progbits,1
 3805              	.LASF166:
 3806 0000 44434D49 		.ascii	"DCMI_IRQn\000"
 3806      5F495251 
 3806      6E00
 3807              	.LASF141:
 3808 000a 53444D4D 		.ascii	"SDMMC1_IRQn\000"
 3808      43315F49 
 3808      52516E00 
 3809              	.LASF343:
 3810 0016 77746D74 		.ascii	"wtmtxp\000"
 3810      787000
 3811              	.LASF297:
 3812 001d 434F4D50 		.ascii	"COMP0\000"
 3812      3000
 3813              	.LASF300:
 3814 0023 434F4D50 		.ascii	"COMP1\000"
ARM GAS  /tmp/ccmXepIc.s 			page 69


 3814      3100
 3815              	.LASF304:
 3816 0029 434F4D50 		.ascii	"COMP2\000"
 3816      3200
 3817              	.LASF307:
 3818 002f 434F4D50 		.ascii	"COMP3\000"
 3818      3300
 3819              	.LASF370:
 3820 0035 5F5F4E56 		.ascii	"__NVIC_SetPriority\000"
 3820      49435F53 
 3820      65745072 
 3820      696F7269 
 3820      747900
 3821              	.LASF227:
 3822 0048 4C505541 		.ascii	"LPUART1_IRQn\000"
 3822      5254315F 
 3822      4952516E 
 3822      00
 3823              	.LASF152:
 3824 0055 444D4132 		.ascii	"DMA2_Stream4_IRQn\000"
 3824      5F537472 
 3824      65616D34 
 3824      5F495251 
 3824      6E00
 3825              	.LASF332:
 3826 0067 63685F72 		.ascii	"ch_registry\000"
 3826      65676973 
 3826      74727900 
 3827              	.LASF156:
 3828 0073 444D4132 		.ascii	"DMA2_Stream5_IRQn\000"
 3828      5F537472 
 3828      65616D35 
 3828      5F495251 
 3828      6E00
 3829              	.LASF171:
 3830 0085 53504934 		.ascii	"SPI4_IRQn\000"
 3830      5F495251 
 3830      6E00
 3831              	.LASF204:
 3832 008f 54494D31 		.ascii	"TIM16_IRQn\000"
 3832      365F4952 
 3832      516E00
 3833              	.LASF113:
 3834 009a 46444341 		.ascii	"FDCAN2_IT0_IRQn\000"
 3834      4E325F49 
 3834      54305F49 
 3834      52516E00 
 3835              	.LASF127:
 3836 00aa 49324332 		.ascii	"I2C2_ER_IRQn\000"
 3836      5F45525F 
 3836      4952516E 
 3836      00
 3837              	.LASF32:
 3838 00b7 666C6167 		.ascii	"flags\000"
 3838      7300
 3839              	.LASF58:
 3840 00bd 73797374 		.ascii	"systime_t\000"
ARM GAS  /tmp/ccmXepIc.s 			page 70


 3840      696D655F 
 3840      7400
 3841              	.LASF274:
 3842 00c7 44434953 		.ascii	"DCISW\000"
 3842      5700
 3843              	.LASF148:
 3844 00cd 444D4132 		.ascii	"DMA2_Stream0_IRQn\000"
 3844      5F537472 
 3844      65616D30 
 3844      5F495251 
 3844      6E00
 3845              	.LASF209:
 3846 00df 4D444D41 		.ascii	"MDMA_IRQn\000"
 3846      5F495251 
 3846      6E00
 3847              	.LASF88:
 3848 00e9 55736167 		.ascii	"UsageFault_IRQn\000"
 3848      65466175 
 3848      6C745F49 
 3848      52516E00 
 3849              	.LASF244:
 3850 00f9 53544952 		.ascii	"STIR\000"
 3850      00
 3851              	.LASF123:
 3852 00fe 54494D34 		.ascii	"TIM4_IRQn\000"
 3852      5F495251 
 3852      6E00
 3853              	.LASF36:
 3854 0108 6570656E 		.ascii	"epending\000"
 3854      64696E67 
 3854      00
 3855              	.LASF109:
 3856 0111 444D4131 		.ascii	"DMA1_Stream5_IRQn\000"
 3856      5F537472 
 3856      65616D35 
 3856      5F495251 
 3856      6E00
 3857              	.LASF194:
 3858 0123 48525449 		.ascii	"HRTIM1_TIMD_IRQn\000"
 3858      4D315F54 
 3858      494D445F 
 3858      4952516E 
 3858      00
 3859              	.LASF14:
 3860 0134 75696E74 		.ascii	"uint32_t\000"
 3860      33325F74 
 3860      00
 3861              	.LASF80:
 3862 013d 73757370 		.ascii	"suspended\000"
 3862      656E6465 
 3862      6400
 3863              	.LASF283:
 3864 0147 41484250 		.ascii	"AHBPCR\000"
 3864      435200
 3865              	.LASF318:
 3866 014e 44454D43 		.ascii	"DEMCR\000"
 3866      5200
ARM GAS  /tmp/ccmXepIc.s 			page 71


 3867              	.LASF270:
 3868 0154 49434941 		.ascii	"ICIALLU\000"
 3868      4C4C5500 
 3869              	.LASF92:
 3870 015c 53797354 		.ascii	"SysTick_IRQn\000"
 3870      69636B5F 
 3870      4952516E 
 3870      00
 3871              	.LASF334:
 3872 0169 72656769 		.ascii	"registry_t\000"
 3872      73747279 
 3872      5F7400
 3873              	.LASF254:
 3874 0174 44465352 		.ascii	"DFSR\000"
 3874      00
 3875              	.LASF185:
 3876 0179 4F54475F 		.ascii	"OTG_FS_EP1_OUT_IRQn\000"
 3876      46535F45 
 3876      50315F4F 
 3876      55545F49 
 3876      52516E00 
 3877              	.LASF264:
 3878 018d 43435349 		.ascii	"CCSIDR\000"
 3878      445200
 3879              	.LASF189:
 3880 0194 444D414D 		.ascii	"DMAMUX1_OVR_IRQn\000"
 3880      5558315F 
 3880      4F56525F 
 3880      4952516E 
 3880      00
 3881              	.LASF33:
 3882 01a5 72656673 		.ascii	"refs\000"
 3882      00
 3883              	.LASF97:
 3884 01aa 464C4153 		.ascii	"FLASH_IRQn\000"
 3884      485F4952 
 3884      516E00
 3885              	.LASF224:
 3886 01b5 4C505449 		.ascii	"LPTIM3_IRQn\000"
 3886      4D335F49 
 3886      52516E00 
 3887              	.LASF99:
 3888 01c1 45585449 		.ascii	"EXTI0_IRQn\000"
 3888      305F4952 
 3888      516E00
 3889              	.LASF280:
 3890 01cc 52455345 		.ascii	"RESERVED7\000"
 3890      52564544 
 3890      3700
 3891              	.LASF72:
 3892 01d6 77746F62 		.ascii	"wtobjp\000"
 3892      6A7000
 3893              	.LASF351:
 3894 01dd 6D61696E 		.ascii	"mainthread_base\000"
 3894      74687265 
 3894      61645F62 
 3894      61736500 
ARM GAS  /tmp/ccmXepIc.s 			page 72


 3895              	.LASF44:
 3896 01ed 76746C69 		.ascii	"vtlist\000"
 3896      737400
 3897              	.LASF163:
 3898 01f4 4F54475F 		.ascii	"OTG_HS_EP1_IN_IRQn\000"
 3898      48535F45 
 3898      50315F49 
 3898      4E5F4952 
 3898      516E00
 3899              	.LASF326:
 3900 0207 706F7274 		.ascii	"port_context\000"
 3900      5F636F6E 
 3900      74657874 
 3900      00
 3901              	.LASF365:
 3902 0214 706F7274 		.ascii	"port_lock_from_isr\000"
 3902      5F6C6F63 
 3902      6B5F6672 
 3902      6F6D5F69 
 3902      737200
 3903              	.LASF5:
 3904 0227 73686F72 		.ascii	"short int\000"
 3904      7420696E 
 3904      7400
 3905              	.LASF195:
 3906 0231 48525449 		.ascii	"HRTIM1_TIME_IRQn\000"
 3906      4D315F54 
 3906      494D455F 
 3906      4952516E 
 3906      00
 3907              	.LASF206:
 3908 0242 4D44494F 		.ascii	"MDIOS_WKUP_IRQn\000"
 3908      535F574B 
 3908      55505F49 
 3908      52516E00 
 3909              	.LASF135:
 3910 0252 54494D38 		.ascii	"TIM8_BRK_TIM12_IRQn\000"
 3910      5F42524B 
 3910      5F54494D 
 3910      31325F49 
 3910      52516E00 
 3911              	.LASF330:
 3912 0266 6C617374 		.ascii	"laststamp\000"
 3912      7374616D 
 3912      7000
 3913              	.LASF344:
 3914 0270 65776D61 		.ascii	"ewmask\000"
 3914      736B00
 3915              	.LASF65:
 3916 0277 70726576 		.ascii	"prev\000"
 3916      00
 3917              	.LASF107:
 3918 027c 444D4131 		.ascii	"DMA1_Stream3_IRQn\000"
 3918      5F537472 
 3918      65616D33 
 3918      5F495251 
 3918      6E00
ARM GAS  /tmp/ccmXepIc.s 			page 73


 3919              	.LASF115:
 3920 028e 46444341 		.ascii	"FDCAN2_IT1_IRQn\000"
 3920      4E325F49 
 3920      54315F49 
 3920      52516E00 
 3921              	.LASF91:
 3922 029e 50656E64 		.ascii	"PendSV_IRQn\000"
 3922      53565F49 
 3922      52516E00 
 3923              	.LASF187:
 3924 02aa 4F54475F 		.ascii	"OTG_FS_WKUP_IRQn\000"
 3924      46535F57 
 3924      4B55505F 
 3924      4952516E 
 3924      00
 3925              	.LASF144:
 3926 02bb 55415254 		.ascii	"UART4_IRQn\000"
 3926      345F4952 
 3926      516E00
 3927              	.LASF216:
 3928 02c6 42444D41 		.ascii	"BDMA_Channel2_IRQn\000"
 3928      5F436861 
 3928      6E6E656C 
 3928      325F4952 
 3928      516E00
 3929              	.LASF67:
 3930 02d9 63685F70 		.ascii	"ch_priority_queue\000"
 3930      72696F72 
 3930      6974795F 
 3930      71756575 
 3930      6500
 3931              	.LASF371:
 3932 02eb 5F5F4E56 		.ascii	"__NVIC_SetPriorityGrouping\000"
 3932      49435F53 
 3932      65745072 
 3932      696F7269 
 3932      74794772 
 3933              	.LASF55:
 3934 0306 63685F73 		.ascii	"ch_system_debug\000"
 3934      79737465 
 3934      6D5F6465 
 3934      62756700 
 3935              	.LASF142:
 3936 0316 54494D35 		.ascii	"TIM5_IRQn\000"
 3936      5F495251 
 3936      6E00
 3937              	.LASF98:
 3938 0320 5243435F 		.ascii	"RCC_IRQn\000"
 3938      4952516E 
 3938      00
 3939              	.LASF86:
 3940 0329 4D656D6F 		.ascii	"MemoryManagement_IRQn\000"
 3940      72794D61 
 3940      6E616765 
 3940      6D656E74 
 3940      5F495251 
 3941              	.LASF336:
ARM GAS  /tmp/ccmXepIc.s 			page 74


 3942 033f 6C697374 		.ascii	"list\000"
 3942      00
 3943              	.LASF361:
 3944 0344 706F7274 		.ascii	"port_init\000"
 3944      5F696E69 
 3944      7400
 3945              	.LASF61:
 3946 034e 63685F6C 		.ascii	"ch_list\000"
 3946      69737400 
 3947              	.LASF70:
 3948 0356 63685F64 		.ascii	"ch_delta_list\000"
 3948      656C7461 
 3948      5F6C6973 
 3948      7400
 3949              	.LASF186:
 3950 0364 4F54475F 		.ascii	"OTG_FS_EP1_IN_IRQn\000"
 3950      46535F45 
 3950      50315F49 
 3950      4E5F4952 
 3950      516E00
 3951              	.LASF341:
 3952 0377 73656E74 		.ascii	"sentmsg\000"
 3952      6D736700 
 3953              	.LASF95:
 3954 037f 54414D50 		.ascii	"TAMP_STAMP_IRQn\000"
 3954      5F535441 
 3954      4D505F49 
 3954      52516E00 
 3955              	.LASF23:
 3956 038f 6576656E 		.ascii	"eventmask_t\000"
 3956      746D6173 
 3956      6B5F7400 
 3957              	.LASF347:
 3958 039b 63685F72 		.ascii	"ch_ready_list\000"
 3958      65616479 
 3958      5F6C6973 
 3958      7400
 3959              	.LASF233:
 3960 03a9 49534552 		.ascii	"ISER\000"
 3960      00
 3961              	.LASF173:
 3962 03ae 53504936 		.ascii	"SPI6_IRQn\000"
 3962      5F495251 
 3962      6E00
 3963              	.LASF79:
 3964 03b8 74726163 		.ascii	"trace_event_t\000"
 3964      655F6576 
 3964      656E745F 
 3964      7400
 3965              	.LASF117:
 3966 03c6 54494D31 		.ascii	"TIM1_BRK_IRQn\000"
 3966      5F42524B 
 3966      5F495251 
 3966      6E00
 3967              	.LASF188:
 3968 03d4 4F54475F 		.ascii	"OTG_FS_IRQn\000"
 3968      46535F49 
ARM GAS  /tmp/ccmXepIc.s 			page 75


 3968      52516E00 
 3969              	.LASF345:
 3970 03e0 63685F73 		.ascii	"ch_semaphore\000"
 3970      656D6170 
 3970      686F7265 
 3970      00
 3971              	.LASF21:
 3972 03ed 74707269 		.ascii	"tprio_t\000"
 3972      6F5F7400 
 3973              	.LASF236:
 3974 03f5 52534552 		.ascii	"RSERVED1\000"
 3974      56454431 
 3974      00
 3975              	.LASF9:
 3976 03fe 6C6F6E67 		.ascii	"long long unsigned int\000"
 3976      206C6F6E 
 3976      6720756E 
 3976      7369676E 
 3976      65642069 
 3977              	.LASF150:
 3978 0415 444D4132 		.ascii	"DMA2_Stream2_IRQn\000"
 3978      5F537472 
 3978      65616D32 
 3978      5F495251 
 3978      6E00
 3979              	.LASF355:
 3980 0427 6F735F69 		.ascii	"os_instance_config_t\000"
 3980      6E737461 
 3980      6E63655F 
 3980      636F6E66 
 3980      69675F74 
 3981              	.LASF128:
 3982 043c 53504931 		.ascii	"SPI1_IRQn\000"
 3982      5F495251 
 3982      6E00
 3983              	.LASF240:
 3984 0446 52455345 		.ascii	"RESERVED3\000"
 3984      52564544 
 3984      3300
 3985              	.LASF379:
 3986 0450 72657375 		.ascii	"result\000"
 3986      6C7400
 3987              	.LASF373:
 3988 0457 7265675F 		.ascii	"reg_value\000"
 3988      76616C75 
 3988      6500
 3989              	.LASF323:
 3990 0461 66707363 		.ascii	"fpscr\000"
 3990      7200
 3991              	.LASF74:
 3992 0467 68616C74 		.ascii	"halt\000"
 3992      00
 3993              	.LASF221:
 3994 046c 42444D41 		.ascii	"BDMA_Channel7_IRQn\000"
 3994      5F436861 
 3994      6E6E656C 
 3994      375F4952 
ARM GAS  /tmp/ccmXepIc.s 			page 76


 3994      516E00
 3995              	.LASF378:
 3996 047f 746F704F 		.ascii	"topOfProcStack\000"
 3996      6650726F 
 3996      63537461 
 3996      636B00
 3997              	.LASF260:
 3998 048e 49445F41 		.ascii	"ID_AFR\000"
 3998      465200
 3999              	.LASF277:
 4000 0495 44434353 		.ascii	"DCCSW\000"
 4000      5700
 4001              	.LASF139:
 4002 049b 444D4131 		.ascii	"DMA1_Stream7_IRQn\000"
 4002      5F537472 
 4002      65616D37 
 4002      5F495251 
 4002      6E00
 4003              	.LASF73:
 4004 04ad 72656173 		.ascii	"reason\000"
 4004      6F6E00
 4005              	.LASF272:
 4006 04b4 4943494D 		.ascii	"ICIMVAU\000"
 4006      56415500 
 4007              	.LASF222:
 4008 04bc 434F4D50 		.ascii	"COMP_IRQn\000"
 4008      5F495251 
 4008      6E00
 4009              	.LASF337:
 4010 04c6 70717565 		.ascii	"pqueue\000"
 4010      756500
 4011              	.LASF198:
 4012 04cd 44465344 		.ascii	"DFSDM1_FLT1_IRQn\000"
 4012      4D315F46 
 4012      4C54315F 
 4012      4952516E 
 4012      00
 4013              	.LASF89:
 4014 04de 53564361 		.ascii	"SVCall_IRQn\000"
 4014      6C6C5F49 
 4014      52516E00 
 4015              	.LASF226:
 4016 04ea 4C505449 		.ascii	"LPTIM5_IRQn\000"
 4016      4D355F49 
 4016      52516E00 
 4017              	.LASF285:
 4018 04f6 41484253 		.ascii	"AHBSCR\000"
 4018      435200
 4019              	.LASF210:
 4020 04fd 53444D4D 		.ascii	"SDMMC2_IRQn\000"
 4020      43325F49 
 4020      52516E00 
 4021              	.LASF155:
 4022 0509 46444341 		.ascii	"FDCAN_CAL_IRQn\000"
 4022      4E5F4341 
 4022      4C5F4952 
 4022      516E00
ARM GAS  /tmp/ccmXepIc.s 			page 77


 4023              	.LASF78:
 4024 0518 74696D65 		.ascii	"time\000"
 4024      00
 4025              	.LASF112:
 4026 051d 46444341 		.ascii	"FDCAN1_IT0_IRQn\000"
 4026      4E315F49 
 4026      54305F49 
 4026      52516E00 
 4027              	.LASF374:
 4028 052d 5072696F 		.ascii	"PriorityGroupTmp\000"
 4028      72697479 
 4028      47726F75 
 4028      70546D70 
 4028      00
 4029              	.LASF28:
 4030 053e 6F776E65 		.ascii	"owner\000"
 4030      7200
 4031              	.LASF352:
 4032 0544 6D61696E 		.ascii	"mainthread_end\000"
 4032      74687265 
 4032      61645F65 
 4032      6E6400
 4033              	.LASF176:
 4034 0553 4C544443 		.ascii	"LTDC_ER_IRQn\000"
 4034      5F45525F 
 4034      4952516E 
 4034      00
 4035              	.LASF37:
 4036 0560 6D74786C 		.ascii	"mtxlist\000"
 4036      69737400 
 4037              	.LASF327:
 4038 0568 63685F76 		.ascii	"ch_virtual_timers_list\000"
 4038      69727475 
 4038      616C5F74 
 4038      696D6572 
 4038      735F6C69 
 4039              	.LASF47:
 4040 057f 72666375 		.ascii	"rfcu\000"
 4040      00
 4041              	.LASF376:
 4042 0584 62617365 		.ascii	"basePri\000"
 4042      50726900 
 4043              	.LASF154:
 4044 058c 4554485F 		.ascii	"ETH_WKUP_IRQn\000"
 4044      574B5550 
 4044      5F495251 
 4044      6E00
 4045              	.LASF26:
 4046 059a 74687265 		.ascii	"thread_t\000"
 4046      61645F74 
 4046      00
 4047              	.LASF232:
 4048 05a3 4952516E 		.ascii	"IRQn_Type\000"
 4048      5F547970 
 4048      6500
 4049              	.LASF140:
 4050 05ad 464D435F 		.ascii	"FMC_IRQn\000"
ARM GAS  /tmp/ccmXepIc.s 			page 78


 4050      4952516E 
 4050      00
 4051              	.LASF192:
 4052 05b6 48525449 		.ascii	"HRTIM1_TIMB_IRQn\000"
 4052      4D315F54 
 4052      494D425F 
 4052      4952516E 
 4052      00
 4053              	.LASF158:
 4054 05c7 444D4132 		.ascii	"DMA2_Stream7_IRQn\000"
 4054      5F537472 
 4054      65616D37 
 4054      5F495251 
 4054      6E00
 4055              	.LASF161:
 4056 05d9 49324333 		.ascii	"I2C3_ER_IRQn\000"
 4056      5F45525F 
 4056      4952516E 
 4056      00
 4057              	.LASF338:
 4058 05e6 7264796D 		.ascii	"rdymsg\000"
 4058      736700
 4059              	.LASF7:
 4060 05ed 6C6F6E67 		.ascii	"long int\000"
 4060      20696E74 
 4060      00
 4061              	.LASF213:
 4062 05f6 444D414D 		.ascii	"DMAMUX2_OVR_IRQn\000"
 4062      5558325F 
 4062      4F56525F 
 4062      4952516E 
 4062      00
 4063              	.LASF261:
 4064 0607 49445F4D 		.ascii	"ID_MFR\000"
 4064      465200
 4065              	.LASF66:
 4066 060e 63685F70 		.ascii	"ch_priority_queue_t\000"
 4066      72696F72 
 4066      6974795F 
 4066      71756575 
 4066      655F7400 
 4067              	.LASF246:
 4068 0622 43505549 		.ascii	"CPUID\000"
 4068      4400
 4069              	.LASF104:
 4070 0628 444D4131 		.ascii	"DMA1_Stream0_IRQn\000"
 4070      5F537472 
 4070      65616D30 
 4070      5F495251 
 4070      6E00
 4071              	.LASF357:
 4072 063a 5F426F6F 		.ascii	"_Bool\000"
 4072      6C00
 4073              	.LASF250:
 4074 0640 53485052 		.ascii	"SHPR\000"
 4074      00
 4075              	.LASF256:
ARM GAS  /tmp/ccmXepIc.s 			page 79


 4076 0645 42464152 		.ascii	"BFAR\000"
 4076      00
 4077              	.LASF96:
 4078 064a 5254435F 		.ascii	"RTC_WKUP_IRQn\000"
 4078      574B5550 
 4078      5F495251 
 4078      6E00
 4079              	.LASF165:
 4080 0658 4F54475F 		.ascii	"OTG_HS_IRQn\000"
 4080      48535F49 
 4080      52516E00 
 4081              	.LASF48:
 4082 0664 636F6E66 		.ascii	"config\000"
 4082      696700
 4083              	.LASF52:
 4084 066b 63685F72 		.ascii	"ch_rfcu\000"
 4084      66637500 
 4085              	.LASF346:
 4086 0673 63685F6D 		.ascii	"ch_mutex\000"
 4086      75746578 
 4086      00
 4087              	.LASF291:
 4088 067c 43504943 		.ascii	"CPICNT\000"
 4088      4E5400
 4089              	.LASF231:
 4090 0683 57414B45 		.ascii	"WAKEUP_PIN_IRQn\000"
 4090      55505F50 
 4090      494E5F49 
 4090      52516E00 
 4091              	.LASF252:
 4092 0693 43465352 		.ascii	"CFSR\000"
 4092      00
 4093              	.LASF382:
 4094 0698 74686972 		.ascii	"third_party/ChibiOS/os/common/ports/ARMv7-M/chcore."
 4094      645F7061 
 4094      7274792F 
 4094      43686962 
 4094      694F532F 
 4095 06cb 6300     		.ascii	"c\000"
 4096              	.LASF362:
 4097 06cd 5356435F 		.ascii	"SVC_Handler\000"
 4097      48616E64 
 4097      6C657200 
 4098              	.LASF310:
 4099 06d9 4457545F 		.ascii	"DWT_Type\000"
 4099      54797065 
 4099      00
 4100              	.LASF42:
 4101 06e2 63685F6F 		.ascii	"ch_os_instance\000"
 4101      735F696E 
 4101      7374616E 
 4101      636500
 4102              	.LASF294:
 4103 06f1 4C535543 		.ascii	"LSUCNT\000"
 4103      4E5400
 4104              	.LASF133:
 4105 06f8 45585449 		.ascii	"EXTI15_10_IRQn\000"
ARM GAS  /tmp/ccmXepIc.s 			page 80


 4105      31355F31 
 4105      305F4952 
 4105      516E00
 4106              	.LASF101:
 4107 0707 45585449 		.ascii	"EXTI2_IRQn\000"
 4107      325F4952 
 4107      516E00
 4108              	.LASF354:
 4109 0712 69646C65 		.ascii	"idlethread_end\000"
 4109      74687265 
 4109      61645F65 
 4109      6E6400
 4110              	.LASF126:
 4111 0721 49324332 		.ascii	"I2C2_EV_IRQn\000"
 4111      5F45565F 
 4111      4952516E 
 4111      00
 4112              	.LASF253:
 4113 072e 48465352 		.ascii	"HFSR\000"
 4113      00
 4114              	.LASF68:
 4115 0733 7072696F 		.ascii	"prio\000"
 4115      00
 4116              	.LASF190:
 4117 0738 48525449 		.ascii	"HRTIM1_Master_IRQn\000"
 4117      4D315F4D 
 4117      61737465 
 4117      725F4952 
 4117      516E00
 4118              	.LASF229:
 4119 074b 4543435F 		.ascii	"ECC_IRQn\000"
 4119      4952516E 
 4119      00
 4120              	.LASF143:
 4121 0754 53504933 		.ascii	"SPI3_IRQn\000"
 4121      5F495251 
 4121      6E00
 4122              	.LASF10:
 4123 075e 63686172 		.ascii	"char\000"
 4123      00
 4124              	.LASF69:
 4125 0763 63685F64 		.ascii	"ch_delta_list_t\000"
 4125      656C7461 
 4125      5F6C6973 
 4125      745F7400 
 4126              	.LASF51:
 4127 0773 72666375 		.ascii	"rfcu_mask_t\000"
 4127      5F6D6173 
 4127      6B5F7400 
 4128              	.LASF202:
 4129 077f 5357504D 		.ascii	"SWPMI1_IRQn\000"
 4129      49315F49 
 4129      52516E00 
 4130              	.LASF249:
 4131 078b 41495243 		.ascii	"AIRCR\000"
 4131      5200
 4132              	.LASF30:
ARM GAS  /tmp/ccmXepIc.s 			page 81


 4133 0791 77616261 		.ascii	"wabase\000"
 4133      736500
 4134              	.LASF122:
 4135 0798 54494D33 		.ascii	"TIM3_IRQn\000"
 4135      5F495251 
 4135      6E00
 4136              	.LASF218:
 4137 07a2 42444D41 		.ascii	"BDMA_Channel4_IRQn\000"
 4137      5F436861 
 4137      6E6E656C 
 4137      345F4952 
 4137      516E00
 4138              	.LASF19:
 4139 07b5 74737461 		.ascii	"tstate_t\000"
 4139      74655F74 
 4139      00
 4140              	.LASF259:
 4141 07be 49445F44 		.ascii	"ID_DFR\000"
 4141      465200
 4142              	.LASF27:
 4143 07c5 72717565 		.ascii	"rqueue\000"
 4143      756500
 4144              	.LASF200:
 4145 07cc 44465344 		.ascii	"DFSDM1_FLT3_IRQn\000"
 4145      4D315F46 
 4145      4C54335F 
 4145      4952516E 
 4145      00
 4146              	.LASF108:
 4147 07dd 444D4131 		.ascii	"DMA1_Stream4_IRQn\000"
 4147      5F537472 
 4147      65616D34 
 4147      5F495251 
 4147      6E00
 4148              	.LASF299:
 4149 07ef 46554E43 		.ascii	"FUNCTION0\000"
 4149      54494F4E 
 4149      3000
 4150              	.LASF302:
 4151 07f9 46554E43 		.ascii	"FUNCTION1\000"
 4151      54494F4E 
 4151      3100
 4152              	.LASF306:
 4153 0803 46554E43 		.ascii	"FUNCTION2\000"
 4153      54494F4E 
 4153      3200
 4154              	.LASF309:
 4155 080d 46554E43 		.ascii	"FUNCTION3\000"
 4155      54494F4E 
 4155      3300
 4156              	.LASF203:
 4157 0817 54494D31 		.ascii	"TIM15_IRQn\000"
 4157      355F4952 
 4157      516E00
 4158              	.LASF12:
 4159 0822 75696E74 		.ascii	"uint8_t\000"
 4159      385F7400 
ARM GAS  /tmp/ccmXepIc.s 			page 82


 4160              	.LASF228:
 4161 082a 4352535F 		.ascii	"CRS_IRQn\000"
 4161      4952516E 
 4161      00
 4162              	.LASF178:
 4163 0833 53414932 		.ascii	"SAI2_IRQn\000"
 4163      5F495251 
 4163      6E00
 4164              	.LASF223:
 4165 083d 4C505449 		.ascii	"LPTIM2_IRQn\000"
 4165      4D325F49 
 4165      52516E00 
 4166              	.LASF35:
 4167 0849 6D736771 		.ascii	"msgqueue\000"
 4167      75657565 
 4167      00
 4168              	.LASF41:
 4169 0852 63685F74 		.ascii	"ch_thread\000"
 4169      68726561 
 4169      6400
 4170              	.LASF106:
 4171 085c 444D4131 		.ascii	"DMA1_Stream2_IRQn\000"
 4171      5F537472 
 4171      65616D32 
 4171      5F495251 
 4171      6E00
 4172              	.LASF136:
 4173 086e 54494D38 		.ascii	"TIM8_UP_TIM13_IRQn\000"
 4173      5F55505F 
 4173      54494D31 
 4173      335F4952 
 4173      516E00
 4174              	.LASF320:
 4175 0881 706F7274 		.ascii	"port_extctx\000"
 4175      5F657874 
 4175      63747800 
 4176              	.LASF284:
 4177 088d 43414352 		.ascii	"CACR\000"
 4177      00
 4178              	.LASF360:
 4179 0892 5F5F706F 		.ascii	"__port_irq_epilogue\000"
 4179      72745F69 
 4179      72715F65 
 4179      70696C6F 
 4179      67756500 
 4180              	.LASF57:
 4181 08a6 73797374 		.ascii	"system_debug_t\000"
 4181      656D5F64 
 4181      65627567 
 4181      5F7400
 4182              	.LASF180:
 4183 08b5 4C505449 		.ascii	"LPTIM1_IRQn\000"
 4183      4D315F49 
 4183      52516E00 
 4184              	.LASF279:
 4185 08c1 44434349 		.ascii	"DCCISW\000"
 4185      535700
ARM GAS  /tmp/ccmXepIc.s 			page 83


 4186              	.LASF265:
 4187 08c8 43535345 		.ascii	"CSSELR\000"
 4187      4C5200
 4188              	.LASF1:
 4189 08cf 6C6F6E67 		.ascii	"long long int\000"
 4189      206C6F6E 
 4189      6720696E 
 4189      7400
 4190              	.LASF93:
 4191 08dd 57574447 		.ascii	"WWDG_IRQn\000"
 4191      5F495251 
 4191      6E00
 4192              	.LASF196:
 4193 08e7 48525449 		.ascii	"HRTIM1_FLT_IRQn\000"
 4193      4D315F46 
 4193      4C545F49 
 4193      52516E00 
 4194              	.LASF94:
 4195 08f7 5056445F 		.ascii	"PVD_AVD_IRQn\000"
 4195      4156445F 
 4195      4952516E 
 4195      00
 4196              	.LASF278:
 4197 0904 44434349 		.ascii	"DCCIMVAC\000"
 4197      4D564143 
 4197      00
 4198              	.LASF149:
 4199 090d 444D4132 		.ascii	"DMA2_Stream1_IRQn\000"
 4199      5F537472 
 4199      65616D31 
 4199      5F495251 
 4199      6E00
 4200              	.LASF276:
 4201 091f 4443434D 		.ascii	"DCCMVAC\000"
 4201      56414300 
 4202              	.LASF22:
 4203 0927 6D73675F 		.ascii	"msg_t\000"
 4203      7400
 4204              	.LASF298:
 4205 092d 4D41534B 		.ascii	"MASK0\000"
 4205      3000
 4206              	.LASF301:
 4207 0933 4D41534B 		.ascii	"MASK1\000"
 4207      3100
 4208              	.LASF305:
 4209 0939 4D41534B 		.ascii	"MASK2\000"
 4209      3200
 4210              	.LASF308:
 4211 093f 4D41534B 		.ascii	"MASK3\000"
 4211      3300
 4212              	.LASF273:
 4213 0945 4443494D 		.ascii	"DCIMVAC\000"
 4213      56414300 
 4214              	.LASF220:
 4215 094d 42444D41 		.ascii	"BDMA_Channel6_IRQn\000"
 4215      5F436861 
 4215      6E6E656C 
ARM GAS  /tmp/ccmXepIc.s 			page 84


 4215      365F4952 
 4215      516E00
 4216              	.LASF275:
 4217 0960 4443434D 		.ascii	"DCCMVAU\000"
 4217      56415500 
 4218              	.LASF87:
 4219 0968 42757346 		.ascii	"BusFault_IRQn\000"
 4219      61756C74 
 4219      5F495251 
 4219      6E00
 4220              	.LASF384:
 4221 0976 5F5F6765 		.ascii	"__get_FPSCR\000"
 4221      745F4650 
 4221      53435200 
 4222              	.LASF82:
 4223 0982 62756666 		.ascii	"buffer\000"
 4223      657200
 4224              	.LASF103:
 4225 0989 45585449 		.ascii	"EXTI4_IRQn\000"
 4225      345F4952 
 4225      516E00
 4226              	.LASF81:
 4227 0994 73697A65 		.ascii	"size\000"
 4227      00
 4228              	.LASF212:
 4229 0999 41444333 		.ascii	"ADC3_IRQn\000"
 4229      5F495251 
 4229      6E00
 4230              	.LASF316:
 4231 09a3 44435253 		.ascii	"DCRSR\000"
 4231      5200
 4232              	.LASF111:
 4233 09a9 4144435F 		.ascii	"ADC_IRQn\000"
 4233      4952516E 
 4233      00
 4234              	.LASF319:
 4235 09b2 436F7265 		.ascii	"CoreDebug_Type\000"
 4235      44656275 
 4235      675F5479 
 4235      706500
 4236              	.LASF53:
 4237 09c1 6D61736B 		.ascii	"mask\000"
 4237      00
 4238              	.LASF239:
 4239 09c6 49435052 		.ascii	"ICPR\000"
 4239      00
 4240              	.LASF59:
 4241 09cb 73797369 		.ascii	"sysinterval_t\000"
 4241      6E746572 
 4241      76616C5F 
 4241      7400
 4242              	.LASF63:
 4243 09d9 63685F71 		.ascii	"ch_queue_t\000"
 4243      75657565 
 4243      5F7400
 4244              	.LASF83:
 4245 09e4 74726163 		.ascii	"trace_buffer_t\000"
ARM GAS  /tmp/ccmXepIc.s 			page 85


 4245      655F6275 
 4245      66666572 
 4245      5F7400
 4246              	.LASF18:
 4247 09f3 746D6F64 		.ascii	"tmode_t\000"
 4247      655F7400 
 4248              	.LASF383:
 4249 09fb 2F686F6D 		.ascii	"/home/ian/Documents/BPRL_balance\000"
 4249      652F6961 
 4249      6E2F446F 
 4249      63756D65 
 4249      6E74732F 
 4250              	.LASF208:
 4251 0a1c 4A504547 		.ascii	"JPEG_IRQn\000"
 4251      5F495251 
 4251      6E00
 4252              	.LASF184:
 4253 0a26 53504449 		.ascii	"SPDIF_RX_IRQn\000"
 4253      465F5258 
 4253      5F495251 
 4253      6E00
 4254              	.LASF49:
 4255 0a34 6D61696E 		.ascii	"mainthread\000"
 4255      74687265 
 4255      616400
 4256              	.LASF262:
 4257 0a3f 49445F49 		.ascii	"ID_ISAR\000"
 4257      53415200 
 4258              	.LASF313:
 4259 0a47 46504453 		.ascii	"FPDSCR\000"
 4259      435200
 4260              	.LASF311:
 4261 0a4e 46504343 		.ascii	"FPCCR\000"
 4261      5200
 4262              	.LASF124:
 4263 0a54 49324331 		.ascii	"I2C1_EV_IRQn\000"
 4263      5F45565F 
 4263      4952516E 
 4263      00
 4264              	.LASF215:
 4265 0a61 42444D41 		.ascii	"BDMA_Channel1_IRQn\000"
 4265      5F436861 
 4265      6E6E656C 
 4265      315F4952 
 4265      516E00
 4266              	.LASF2:
 4267 0a74 6C6F6E67 		.ascii	"long double\000"
 4267      20646F75 
 4267      626C6500 
 4268              	.LASF177:
 4269 0a80 444D4132 		.ascii	"DMA2D_IRQn\000"
 4269      445F4952 
 4269      516E00
 4270              	.LASF230:
 4271 0a8b 53414934 		.ascii	"SAI4_IRQn\000"
 4271      5F495251 
 4271      6E00
ARM GAS  /tmp/ccmXepIc.s 			page 86


 4272              	.LASF13:
 4273 0a95 75696E74 		.ascii	"uint16_t\000"
 4273      31365F74 
 4273      00
 4274              	.LASF105:
 4275 0a9e 444D4131 		.ascii	"DMA1_Stream1_IRQn\000"
 4275      5F537472 
 4275      65616D31 
 4275      5F495251 
 4275      6E00
 4276              	.LASF368:
 4277 0ab0 4952516E 		.ascii	"IRQn\000"
 4277      00
 4278              	.LASF335:
 4279 0ab5 74687265 		.ascii	"thread_reference_t\000"
 4279      61645F72 
 4279      65666572 
 4279      656E6365 
 4279      5F7400
 4280              	.LASF225:
 4281 0ac8 4C505449 		.ascii	"LPTIM4_IRQn\000"
 4281      4D345F49 
 4281      52516E00 
 4282              	.LASF312:
 4283 0ad4 46504341 		.ascii	"FPCAR\000"
 4283      5200
 4284              	.LASF60:
 4285 0ada 63685F6C 		.ascii	"ch_list_t\000"
 4285      6973745F 
 4285      7400
 4286              	.LASF331:
 4287 0ae4 76697274 		.ascii	"virtual_timers_list_t\000"
 4287      75616C5F 
 4287      74696D65 
 4287      72735F6C 
 4287      6973745F 
 4288              	.LASF183:
 4289 0afa 49324334 		.ascii	"I2C4_ER_IRQn\000"
 4289      5F45525F 
 4289      4952516E 
 4289      00
 4290              	.LASF197:
 4291 0b07 44465344 		.ascii	"DFSDM1_FLT0_IRQn\000"
 4291      4D315F46 
 4291      4C54305F 
 4291      4952516E 
 4291      00
 4292              	.LASF359:
 4293 0b18 735F7073 		.ascii	"s_psp\000"
 4293      7000
 4294              	.LASF255:
 4295 0b1e 4D4D4641 		.ascii	"MMFAR\000"
 4295      5200
 4296              	.LASF134:
 4297 0b24 5254435F 		.ascii	"RTC_Alarm_IRQn\000"
 4297      416C6172 
 4297      6D5F4952 
ARM GAS  /tmp/ccmXepIc.s 			page 87


 4297      516E00
 4298              	.LASF381:
 4299 0b33 474E5520 		.ascii	"GNU C17 10.3.1 20210621 (release) -mcpu=cortex-m7 -"
 4299      43313720 
 4299      31302E33 
 4299      2E312032 
 4299      30323130 
 4300 0b66 6D746875 		.ascii	"mthumb -mfloat-abi=hard -mfpu=fpv5-d16 -march=armv7"
 4300      6D62202D 
 4300      6D666C6F 
 4300      61742D61 
 4300      62693D68 
 4301 0b99 652D6D2B 		.ascii	"e-m+fp.dp -ggdb -O2 -fomit-frame-pointer -falign-fu"
 4301      66702E64 
 4301      70202D67 
 4301      67646220 
 4301      2D4F3220 
 4302 0bcc 6E637469 		.ascii	"nctions=16 -ffunction-sections -fdata-sections -fno"
 4302      6F6E733D 
 4302      3136202D 
 4302      6666756E 
 4302      6374696F 
 4303 0bff 2D636F6D 		.ascii	"-common -flto\000"
 4303      6D6F6E20 
 4303      2D666C74 
 4303      6F00
 4304              	.LASF377:
 4305 0c0d 5F5F7365 		.ascii	"__set_PSP\000"
 4305      745F5053 
 4305      5000
 4306              	.LASF20:
 4307 0c17 74726566 		.ascii	"trefs_t\000"
 4307      735F7400 
 4308              	.LASF234:
 4309 0c1f 52455345 		.ascii	"RESERVED0\000"
 4309      52564544 
 4309      3000
 4310              	.LASF303:
 4311 0c29 52455345 		.ascii	"RESERVED1\000"
 4311      52564544 
 4311      3100
 4312              	.LASF251:
 4313 0c33 53484353 		.ascii	"SHCSR\000"
 4313      5200
 4314              	.LASF372:
 4315 0c39 5072696F 		.ascii	"PriorityGroup\000"
 4315      72697479 
 4315      47726F75 
 4315      7000
 4316              	.LASF242:
 4317 0c47 52455345 		.ascii	"RESERVED4\000"
 4317      52564544 
 4317      3400
 4318              	.LASF243:
 4319 0c51 52455345 		.ascii	"RESERVED5\000"
 4319      52564544 
 4319      3500
ARM GAS  /tmp/ccmXepIc.s 			page 88


 4320              	.LASF287:
 4321 0c5b 41424653 		.ascii	"ABFSR\000"
 4321      5200
 4322              	.LASF286:
 4323 0c61 52455345 		.ascii	"RESERVED8\000"
 4323      52564544 
 4323      3800
 4324              	.LASF191:
 4325 0c6b 48525449 		.ascii	"HRTIM1_TIMA_IRQn\000"
 4325      4D315F54 
 4325      494D415F 
 4325      4952516E 
 4325      00
 4326              	.LASF157:
 4327 0c7c 444D4132 		.ascii	"DMA2_Stream6_IRQn\000"
 4327      5F537472 
 4327      65616D36 
 4327      5F495251 
 4327      6E00
 4328              	.LASF172:
 4329 0c8e 53504935 		.ascii	"SPI5_IRQn\000"
 4329      5F495251 
 4329      6E00
 4330              	.LASF160:
 4331 0c98 49324333 		.ascii	"I2C3_EV_IRQn\000"
 4331      5F45565F 
 4331      4952516E 
 4331      00
 4332              	.LASF290:
 4333 0ca5 43594343 		.ascii	"CYCCNT\000"
 4333      4E5400
 4334              	.LASF130:
 4335 0cac 55534152 		.ascii	"USART1_IRQn\000"
 4335      54315F49 
 4335      52516E00 
 4336              	.LASF325:
 4337 0cb8 706F7274 		.ascii	"port_intctx\000"
 4337      5F696E74 
 4337      63747800 
 4338              	.LASF145:
 4339 0cc4 55415254 		.ascii	"UART5_IRQn\000"
 4339      355F4952 
 4339      516E00
 4340              	.LASF84:
 4341 0ccf 4E6F6E4D 		.ascii	"NonMaskableInt_IRQn\000"
 4341      61736B61 
 4341      626C6549 
 4341      6E745F49 
 4341      52516E00 
 4342              	.LASF380:
 4343 0ce3 5F5F656E 		.ascii	"__enable_irq\000"
 4343      61626C65 
 4343      5F697271 
 4343      00
 4344              	.LASF16:
 4345 0cf0 706F7274 		.ascii	"port_stkalign_t\000"
 4345      5F73746B 
ARM GAS  /tmp/ccmXepIc.s 			page 89


 4345      616C6967 
 4345      6E5F7400 
 4346              	.LASF62:
 4347 0d00 6E657874 		.ascii	"next\000"
 4347      00
 4348              	.LASF369:
 4349 0d05 7072696F 		.ascii	"priority\000"
 4349      72697479 
 4349      00
 4350              	.LASF120:
 4351 0d0e 54494D31 		.ascii	"TIM1_CC_IRQn\000"
 4351      5F43435F 
 4351      4952516E 
 4351      00
 4352              	.LASF267:
 4353 0d1b 4D564652 		.ascii	"MVFR0\000"
 4353      3000
 4354              	.LASF375:
 4355 0d21 5F5F7365 		.ascii	"__set_BASEPRI\000"
 4355      745F4241 
 4355      53455052 
 4355      4900
 4356              	.LASF350:
 4357 0d2f 63685F6F 		.ascii	"ch_os_instance_config\000"
 4357      735F696E 
 4357      7374616E 
 4357      63655F63 
 4357      6F6E6669 
 4358              	.LASF328:
 4359 0d45 646C6973 		.ascii	"dlist\000"
 4359      7400
 4360              	.LASF138:
 4361 0d4b 54494D38 		.ascii	"TIM8_CC_IRQn\000"
 4361      5F43435F 
 4361      4952516E 
 4361      00
 4362              	.LASF110:
 4363 0d58 444D4131 		.ascii	"DMA1_Stream6_IRQn\000"
 4363      5F537472 
 4363      65616D36 
 4363      5F495251 
 4363      6E00
 4364              	.LASF329:
 4365 0d6a 6C617374 		.ascii	"lasttime\000"
 4365      74696D65 
 4365      00
 4366              	.LASF15:
 4367 0d73 75696E74 		.ascii	"uint64_t\000"
 4367      36345F74 
 4367      00
 4368              	.LASF167:
 4369 0d7c 524E475F 		.ascii	"RNG_IRQn\000"
 4369      4952516E 
 4369      00
 4370              	.LASF43:
 4371 0d85 726C6973 		.ascii	"rlist\000"
 4371      7400
ARM GAS  /tmp/ccmXepIc.s 			page 90


 4372              	.LASF205:
 4373 0d8b 54494D31 		.ascii	"TIM17_IRQn\000"
 4373      375F4952 
 4373      516E00
 4374              	.LASF282:
 4375 0d96 4454434D 		.ascii	"DTCMCR\000"
 4375      435200
 4376              	.LASF293:
 4377 0d9d 534C4545 		.ascii	"SLEEPCNT\000"
 4377      50434E54 
 4377      00
 4378              	.LASF100:
 4379 0da6 45585449 		.ascii	"EXTI1_IRQn\000"
 4379      315F4952 
 4379      516E00
 4380              	.LASF245:
 4381 0db1 4E564943 		.ascii	"NVIC_Type\000"
 4381      5F547970 
 4381      6500
 4382              	.LASF288:
 4383 0dbb 5343425F 		.ascii	"SCB_Type\000"
 4383      54797065 
 4383      00
 4384              	.LASF29:
 4385 0dc4 6E616D65 		.ascii	"name\000"
 4385      00
 4386              	.LASF146:
 4387 0dc9 54494D36 		.ascii	"TIM6_DAC_IRQn\000"
 4387      5F444143 
 4387      5F495251 
 4387      6E00
 4388              	.LASF119:
 4389 0dd7 54494D31 		.ascii	"TIM1_TRG_COM_IRQn\000"
 4389      5F545247 
 4389      5F434F4D 
 4389      5F495251 
 4389      6E00
 4390              	.LASF0:
 4391 0de9 756E7369 		.ascii	"unsigned int\000"
 4391      676E6564 
 4391      20696E74 
 4391      00
 4392              	.LASF175:
 4393 0df6 4C544443 		.ascii	"LTDC_IRQn\000"
 4393      5F495251 
 4393      6E00
 4394              	.LASF248:
 4395 0e00 56544F52 		.ascii	"VTOR\000"
 4395      00
 4396              	.LASF125:
 4397 0e05 49324331 		.ascii	"I2C1_ER_IRQn\000"
 4397      5F45525F 
 4397      4952516E 
 4397      00
 4398              	.LASF159:
 4399 0e12 55534152 		.ascii	"USART6_IRQn\000"
 4399      54365F49 
ARM GAS  /tmp/ccmXepIc.s 			page 91


 4399      52516E00 
 4400              	.LASF322:
 4401 0e1e 78707372 		.ascii	"xpsr\000"
 4401      00
 4402              	.LASF181:
 4403 0e23 4345435F 		.ascii	"CEC_IRQn\000"
 4403      4952516E 
 4403      00
 4404              	.LASF179:
 4405 0e2c 51554144 		.ascii	"QUADSPI_IRQn\000"
 4405      5350495F 
 4405      4952516E 
 4405      00
 4406              	.LASF247:
 4407 0e39 49435352 		.ascii	"ICSR\000"
 4407      00
 4408              	.LASF170:
 4409 0e3e 55415254 		.ascii	"UART8_IRQn\000"
 4409      385F4952 
 4409      516E00
 4410              	.LASF8:
 4411 0e49 6C6F6E67 		.ascii	"long unsigned int\000"
 4411      20756E73 
 4411      69676E65 
 4411      6420696E 
 4411      7400
 4412              	.LASF121:
 4413 0e5b 54494D32 		.ascii	"TIM2_IRQn\000"
 4413      5F495251 
 4413      6E00
 4414              	.LASF349:
 4415 0e65 72656164 		.ascii	"ready_list_t\000"
 4415      795F6C69 
 4415      73745F74 
 4415      00
 4416              	.LASF217:
 4417 0e72 42444D41 		.ascii	"BDMA_Channel3_IRQn\000"
 4417      5F436861 
 4417      6E6E656C 
 4417      335F4952 
 4417      516E00
 4418              	.LASF77:
 4419 0e85 72747374 		.ascii	"rtstamp\000"
 4419      616D7000 
 4420              	.LASF333:
 4421 0e8d 71756575 		.ascii	"queue\000"
 4421      6500
 4422              	.LASF11:
 4423 0e93 696E7433 		.ascii	"int32_t\000"
 4423      325F7400 
 4424              	.LASF54:
 4425 0e9b 72666375 		.ascii	"rfcu_t\000"
 4425      5F7400
 4426              	.LASF50:
 4427 0ea2 74726163 		.ascii	"trace_buffer\000"
 4427      655F6275 
 4427      66666572 
ARM GAS  /tmp/ccmXepIc.s 			page 92


 4427      00
 4428              	.LASF342:
 4429 0eaf 77747365 		.ascii	"wtsemp\000"
 4429      6D7000
 4430              	.LASF164:
 4431 0eb6 4F54475F 		.ascii	"OTG_HS_WKUP_IRQn\000"
 4431      48535F57 
 4431      4B55505F 
 4431      4952516E 
 4431      00
 4432              	.LASF314:
 4433 0ec7 4650555F 		.ascii	"FPU_Type\000"
 4433      54797065 
 4433      00
 4434              	.LASF31:
 4435 0ed0 73746174 		.ascii	"state\000"
 4435      6500
 4436              	.LASF174:
 4437 0ed6 53414931 		.ascii	"SAI1_IRQn\000"
 4437      5F495251 
 4437      6E00
 4438              	.LASF64:
 4439 0ee0 63685F71 		.ascii	"ch_queue\000"
 4439      75657565 
 4439      00
 4440              	.LASF356:
 4441 0ee9 6D757465 		.ascii	"mutex_t\000"
 4441      785F7400 
 4442              	.LASF296:
 4443 0ef1 50435352 		.ascii	"PCSR\000"
 4443      00
 4444              	.LASF90:
 4445 0ef6 44656275 		.ascii	"DebugMonitor_IRQn\000"
 4445      674D6F6E 
 4445      69746F72 
 4445      5F495251 
 4445      6E00
 4446              	.LASF76:
 4447 0f08 74797065 		.ascii	"type\000"
 4447      00
 4448              	.LASF364:
 4449 0f0d 706F7274 		.ascii	"port_unlock_from_isr\000"
 4449      5F756E6C 
 4449      6F636B5F 
 4449      66726F6D 
 4449      5F697372 
 4450              	.LASF4:
 4451 0f22 756E7369 		.ascii	"unsigned char\000"
 4451      676E6564 
 4451      20636861 
 4451      7200
 4452              	.LASF211:
 4453 0f30 4853454D 		.ascii	"HSEM1_IRQn\000"
 4453      315F4952 
 4453      516E00
 4454              	.LASF34:
 4455 0f3b 77616974 		.ascii	"waiting\000"
ARM GAS  /tmp/ccmXepIc.s 			page 93


 4455      696E6700 
 4456              	.LASF116:
 4457 0f43 45585449 		.ascii	"EXTI9_5_IRQn\000"
 4457      395F355F 
 4457      4952516E 
 4457      00
 4458              	.LASF207:
 4459 0f50 4D44494F 		.ascii	"MDIOS_IRQn\000"
 4459      535F4952 
 4459      516E00
 4460              	.LASF137:
 4461 0f5b 54494D38 		.ascii	"TIM8_TRG_COM_TIM14_IRQn\000"
 4461      5F545247 
 4461      5F434F4D 
 4461      5F54494D 
 4461      31345F49 
 4462              	.LASF358:
 4463 0f73 65637478 		.ascii	"ectxp\000"
 4463      7000
 4464              	.LASF235:
 4465 0f79 49434552 		.ascii	"ICER\000"
 4465      00
 4466              	.LASF118:
 4467 0f7e 54494D31 		.ascii	"TIM1_UP_IRQn\000"
 4467      5F55505F 
 4467      4952516E 
 4467      00
 4468              	.LASF151:
 4469 0f8b 444D4132 		.ascii	"DMA2_Stream3_IRQn\000"
 4469      5F537472 
 4469      65616D33 
 4469      5F495251 
 4469      6E00
 4470              	.LASF129:
 4471 0f9d 53504932 		.ascii	"SPI2_IRQn\000"
 4471      5F495251 
 4471      6E00
 4472              	.LASF321:
 4473 0fa7 6C725F74 		.ascii	"lr_thd\000"
 4473      686400
 4474              	.LASF241:
 4475 0fae 49414252 		.ascii	"IABR\000"
 4475      00
 4476              	.LASF147:
 4477 0fb3 54494D37 		.ascii	"TIM7_IRQn\000"
 4477      5F495251 
 4477      6E00
 4478              	.LASF40:
 4479 0fbd 6F735F69 		.ascii	"os_instance_t\000"
 4479      6E737461 
 4479      6E63655F 
 4479      7400
 4480              	.LASF295:
 4481 0fcb 464F4C44 		.ascii	"FOLDCNT\000"
 4481      434E5400 
 4482              	.LASF45:
 4483 0fd3 7265676C 		.ascii	"reglist\000"
ARM GAS  /tmp/ccmXepIc.s 			page 94


 4483      69737400 
 4484              	.LASF24:
 4485 0fdb 636E745F 		.ascii	"cnt_t\000"
 4485      7400
 4486              	.LASF340:
 4487 0fe1 77747472 		.ascii	"wttrp\000"
 4487      7000
 4488              	.LASF315:
 4489 0fe7 44484353 		.ascii	"DHCSR\000"
 4489      5200
 4490              	.LASF353:
 4491 0fed 69646C65 		.ascii	"idlethread_base\000"
 4491      74687265 
 4491      61645F62 
 4491      61736500 
 4492              	.LASF131:
 4493 0ffd 55534152 		.ascii	"USART2_IRQn\000"
 4493      54325F49 
 4493      52516E00 
 4494              	.LASF199:
 4495 1009 44465344 		.ascii	"DFSDM1_FLT2_IRQn\000"
 4495      4D315F46 
 4495      4C54325F 
 4495      4952516E 
 4495      00
 4496              	.LASF38:
 4497 101a 7265616C 		.ascii	"realprio\000"
 4497      7072696F 
 4497      00
 4498              	.LASF3:
 4499 1023 7369676E 		.ascii	"signed char\000"
 4499      65642063 
 4499      68617200 
 4500              	.LASF71:
 4501 102f 64656C74 		.ascii	"delta\000"
 4501      6100
 4502              	.LASF281:
 4503 1035 4954434D 		.ascii	"ITCMCR\000"
 4503      435200
 4504              	.LASF6:
 4505 103c 73686F72 		.ascii	"short unsigned int\000"
 4505      7420756E 
 4505      7369676E 
 4505      65642069 
 4505      6E7400
 4506              	.LASF102:
 4507 104f 45585449 		.ascii	"EXTI3_IRQn\000"
 4507      335F4952 
 4507      516E00
 4508              	.LASF17:
 4509 105a 73746B61 		.ascii	"stkalign_t\000"
 4509      6C69676E 
 4509      5F7400
 4510              	.LASF114:
 4511 1065 46444341 		.ascii	"FDCAN1_IT1_IRQn\000"
 4511      4E315F49 
 4511      54315F49 
ARM GAS  /tmp/ccmXepIc.s 			page 95


 4511      52516E00 
 4512              	.LASF85:
 4513 1075 48617264 		.ascii	"HardFault_IRQn\000"
 4513      4661756C 
 4513      745F4952 
 4513      516E00
 4514              	.LASF268:
 4515 1084 4D564652 		.ascii	"MVFR1\000"
 4515      3100
 4516              	.LASF269:
 4517 108a 4D564652 		.ascii	"MVFR2\000"
 4517      3200
 4518              	.LASF348:
 4519 1090 63757272 		.ascii	"current\000"
 4519      656E7400 
 4520              	.LASF324:
 4521 1098 72657365 		.ascii	"reserved\000"
 4521      72766564 
 4521      00
 4522              	.LASF237:
 4523 10a1 49535052 		.ascii	"ISPR\000"
 4523      00
 4524              	.LASF363:
 4525 10a6 706F7274 		.ascii	"port_suspend\000"
 4525      5F737573 
 4525      70656E64 
 4525      00
 4526              	.LASF366:
 4527 10b3 706F7274 		.ascii	"port_unlock\000"
 4527      5F756E6C 
 4527      6F636B00 
 4528              	.LASF258:
 4529 10bf 49445F50 		.ascii	"ID_PFR\000"
 4529      465200
 4530              	.LASF263:
 4531 10c6 434C4944 		.ascii	"CLIDR\000"
 4531      5200
 4532              	.LASF238:
 4533 10cc 52455345 		.ascii	"RESERVED2\000"
 4533      52564544 
 4533      3200
 4534              	.LASF193:
 4535 10d6 48525449 		.ascii	"HRTIM1_TIMC_IRQn\000"
 4535      4D315F54 
 4535      494D435F 
 4535      4952516E 
 4535      00
 4536              	.LASF75:
 4537 10e7 75736572 		.ascii	"user\000"
 4537      00
 4538              	.LASF271:
 4539 10ec 52455345 		.ascii	"RESERVED6\000"
 4539      52564544 
 4539      3600
 4540              	.LASF162:
 4541 10f6 4F54475F 		.ascii	"OTG_HS_EP1_OUT_IRQn\000"
 4541      48535F45 
ARM GAS  /tmp/ccmXepIc.s 			page 96


 4541      50315F4F 
 4541      55545F49 
 4541      52516E00 
 4542              	.LASF132:
 4543 110a 55534152 		.ascii	"USART3_IRQn\000"
 4543      54335F49 
 4543      52516E00 
 4544              	.LASF169:
 4545 1116 55415254 		.ascii	"UART7_IRQn\000"
 4545      375F4952 
 4545      516E00
 4546              	.LASF219:
 4547 1121 42444D41 		.ascii	"BDMA_Channel5_IRQn\000"
 4547      5F436861 
 4547      6E6E656C 
 4547      355F4952 
 4547      516E00
 4548              	.LASF46:
 4549 1134 636F7265 		.ascii	"core_id\000"
 4549      5F696400 
 4550              	.LASF56:
 4551 113c 70616E69 		.ascii	"panic_msg\000"
 4551      635F6D73 
 4551      6700
 4552              	.LASF182:
 4553 1146 49324334 		.ascii	"I2C4_EV_IRQn\000"
 4553      5F45565F 
 4553      4952516E 
 4553      00
 4554              	.LASF168:
 4555 1153 4650555F 		.ascii	"FPU_IRQn\000"
 4555      4952516E 
 4555      00
 4556              	.LASF153:
 4557 115c 4554485F 		.ascii	"ETH_IRQn\000"
 4557      4952516E 
 4557      00
 4558              	.LASF257:
 4559 1165 41465352 		.ascii	"AFSR\000"
 4559      00
 4560              	.LASF317:
 4561 116a 44435244 		.ascii	"DCRDR\000"
 4561      5200
 4562              	.LASF367:
 4563 1170 706F7274 		.ascii	"port_lock\000"
 4563      5F6C6F63 
 4563      6B00
 4564              	.LASF339:
 4565 117a 65786974 		.ascii	"exitcode\000"
 4565      636F6465 
 4565      00
 4566              	.LASF214:
 4567 1183 42444D41 		.ascii	"BDMA_Channel0_IRQn\000"
 4567      5F436861 
 4567      6E6E656C 
 4567      305F4952 
 4567      516E00
ARM GAS  /tmp/ccmXepIc.s 			page 97


 4568              	.LASF25:
 4569 1196 636F7265 		.ascii	"core_id_t\000"
 4569      5F69645F 
 4569      7400
 4570              	.LASF201:
 4571 11a0 53414933 		.ascii	"SAI3_IRQn\000"
 4571      5F495251 
 4571      6E00
 4572              	.LASF292:
 4573 11aa 45584343 		.ascii	"EXCCNT\000"
 4573      4E5400
 4574              	.LASF266:
 4575 11b1 43504143 		.ascii	"CPACR\000"
 4575      5200
 4576              	.LASF39:
 4577 11b7 6D706F6F 		.ascii	"mpool\000"
 4577      6C00
 4578              	.LASF289:
 4579 11bd 4354524C 		.ascii	"CTRL\000"
 4579      00
 4580              	.LASF385:
 4581 11c2 5F5F6765 		.ascii	"__get_PSP\000"
 4581      745F5053 
 4581      5000
 4582              		.text
 4583              		.section	.gnu.lto_.profile.462aa1bddc5d861a,"e",%progbits
 4584 0000 789C6362 		.ascii	"x\234cb\000\001\000\000\022\000\003"
 4584      00010000 
 4584      120003
 4585              		.text
 4586              		.section	.gnu.lto_.icf.462aa1bddc5d861a,"e",%progbits
 4587 0000 789C9362 		.ascii	"x\234\223b@\000\026\206+s\276\257cb\3769s\301.6\226"
 4587      40001686 
 4587      2B73BEAF 
 4587      6362FE39 
 4587      73C12E36 
 4588 0015 ADB3FE7E 		.ascii	"\255\263\376~cc\335~\357\334en\006\000\253\244\014\275"
 4588      6363DD7E 
 4588      EFDC656E 
 4588      0600ABA4 
 4588      0CBD
 4589              		.text
 4590              		.section	.gnu.lto_.ipa_sra.462aa1bddc5d861a,"e",%progbits
 4591 0000 789C9360 		.ascii	"x\234\223`@\000\026\006\006F d`f`d\001R\014\254\214"
 4591      40001606 
 4591      06462064 
 4591      60666064 
 4591      01520CAC 
 4592 0015 AC600100 		.ascii	"\254`\001\000\004\335\0005"
 4592      04DD0035 
 4593              		.text
 4594              		.section	.gnu.lto_.inline.462aa1bddc5d861a,"e",%progbits
 4595 0000 789C9BC3 		.ascii	"x\234\233\303\200\000,\014\014\002\015\015\015\037\230"
 4595      80002C0C 
 4595      0C020D0D 
 4595      0D1F98
 4596 000f D2191998 		.ascii	"\322\031\031\230D\200\254\005Li\014\014l@F\003S\012"
ARM GAS  /tmp/ccmXepIc.s 			page 98


 4596      4480AC05 
 4596      4C690C0C 
 4596      6C404603 
 4596      530A
 4597 0021 13031350 		.ascii	"\023\003\023P\011##H!\0237\210df\340\202\250\001\252"
 4597      09232348 
 4597      21133788 
 4597      6466E082 
 4597      A801AA
 4598 0034 E603B20E 		.ascii	"\346\003\262\0160\247\242\251fa\020\002\362&\200\315"
 4598      30A7A2A9 
 4598      66611002 
 4598      F22680CD 
 4599 0044 9303B21E 		.ascii	"\223\003\262\0360\243\233\307\312\300\325\264x\351."
 4599      30A39BC7 
 4599      CAC0D5B4 
 4599      78E92E
 4600 0053 B0193C73 		.ascii	"\260\031<s~\264~fB7\203\221\013\3546\000{\370!G"
 4600      7EB47E66 
 4600      42378391 
 4600      0BEC3600 
 4600      7BF82147 
 4601              		.text
 4602              		.section	.gnu.lto_.jmpfuncs.462aa1bddc5d861a,"e",%progbits
 4603 0000 789C1363 		.ascii	"x\234\023c@\000\0260\311\014d0220,af`\005\361\001\011"
 4603      40001630 
 4603      C90C6430 
 4603      3232302C 
 4603      61666005 
 4604 0017 2F00D0   		.ascii	"/\000\320"
 4605              		.text
 4606              		.section	.gnu.lto_.pureconst.462aa1bddc5d861a,"e",%progbits
 4607 0000 789CE365 		.ascii	"x\234\343e```a\330\305\312\274\213\225e\027+\353.V\000"
 4607      60606061 
 4607      D8C5CABC 
 4607      8B956517 
 4607      2BEB2E56 
 4608 0015 14B6031A 		.ascii	"\024\266\003\032"
 4609              		.text
 4610              		.section	.gnu.lto_.lto.462aa1bddc5d861a,"e",%progbits
 4611 0000 09000400 		.ascii	"\011\000\004\000\001\000\000\000"
 4611      01000000 
 4612              		.text
 4613              		.section	.gnu.lto_SVC_Handler.347.462aa1bddc5d861a,"e",%progbits
 4614 0000 789C9D94 		.ascii	"x\234\235\224_L[u\024\307\317\271\277KK\315R\214\372"
 4614      5F4C5B75 
 4614      14C7CFB9 
 4614      BF4B4BCD 
 4614      528CFA
 4615 0013 E4539959 		.ascii	"\344S\231Y\214\206q\331\303\262'\023\025|Xb3B}\362\001"
 4615      8C8671D9 
 4615      C3B22713 
 4615      157C5862 
 4615      33427DF2 
 4616 0028 52EEAEB6 		.ascii	"R\356\256\266\221\376\361\266\030\367\264\013\325\021"
 4616      91FEF1B6 
 4616      18F7B40B 
ARM GAS  /tmp/ccmXepIc.s 			page 99


 4616      D511
 4617 0036 D1AC6C24 		.ascii	"\321\254l$\212I+\011i\314H4\352\203\310\006\333::W\030"
 4617      8A492B09 
 4617      69CC4834 
 4617      EA83C806 
 4617      DB3A3A57 
 4618 004b 3092CEC4 		.ascii	"0\222\316\304\015\035\350|1>\270:F\203A\305s~\277\266"
 4618      0D1DE87C 
 4618      313EB83A 
 4618      468341C5 
 4618      737EBFB6 
 4619 005f E983FA60 		.ascii	"\351\203\372`\223\366\376\316\371\235\363\375}\316\371"
 4619      93F6FECE 
 4619      F99DF3FD 
 4619      7DCEF9
 4620 006e 9DDB9B3A 		.ascii	"\235\333\233:@\027\002<\001\000(\000\317\236\031\325"
 4620      4017023C 
 4620      01002800 
 4620      CF9E19D5 
 4621 007e C0719C67 		.ascii	"\300q\234g\335\032\016\235\031\365\340y\224\026\302"
 4621      DD1A0E9D 
 4621      19F5E079 
 4621      9416C2
 4622 008d 490D4FE2 		.ascii	"I\015O\342\270x\212\314\235\267\307w\013\350\234\313"
 4622      B8788ACC 
 4622      9DB7C777 
 4622      0BE89CCB 
 4623 009d 634E007C 		.ascii	"cN\000|D\337\352'#\360\254\310\011D\275\272\322\320"
 4623      44DFEA27 
 4623      23F0ACC8 
 4623      0944BDBA 
 4623      D2D0
 4624 00af 472BF132 		.ascii	"G+\3612\357\034\310;N\371\317\324\210wl\2509'\004~\205"
 4624      EF1CC83B 
 4624      4EF9CFD4 
 4624      88776CA8 
 4624      3927047E 
 4625 00c4 94893388 		.ascii	"\224\2113\210_\"\347\366N\267\271\000gQ\351\011N{\275"
 4625      5F22E7F6 
 4625      4EB7B900 
 4625      6751E909 
 4625      4E7BBD
 4626 00d7 96365B1E 		.ascii	"\2266[\036\371}\304\355,::'^\240D\254&\342\034%\367"
 4626      F97DC4ED 
 4626      2C3A3A27 
 4626      5EA044AC 
 4626      26E21C25 
 4627 00ec 8EB753A0 		.ascii	"\216\267S\240K\032\2745\217\234\350\"\322\371\225\007"
 4627      4B1ABC35 
 4627      8F9CE822 
 4627      D2F99507 
 4628 00fc E9A7818A 		.ascii	"\351\247\201\212 wMlG\212e\234\374[\276\232\0324\252"
 4628      20774D6C 
 4628      478A659C 
 4628      FC5BBE9A 
 4628      1A34AA
 4629 010f 01095DA2 		.ascii	"\001\011]\242\365\305\272\020\327\250a^\032\342\222"
ARM GAS  /tmp/ccmXepIc.s 			page 100


 4629      F5C5BA10 
 4629      D7A8615E 
 4629      1AE292
 4630 011e 7C3CC9C5 		.ascii	"|<\311\305|\272\364\201w\014Y\344\012rDUd\201]\275\333"
 4630      7CBAF481 
 4630      770C59E4 
 4630      0A724455 
 4630      64815DBD 
 4631 0133 076BE74D 		.ascii	"\007k\347M\334\236|\257\016\177\245\361\270\005TMc\324"
 4631      DC9E7CAF 
 4631      0E7FA5F1 
 4631      B805544D 
 4631      63D4
 4632 0145 9D62000B 		.ascii	"\235b\000\013\250X5b\000\274\212\3253%\200\300k\365"
 4632      A8583562 
 4632      00BC8AD5 
 4632      332580C0 
 4632      6BF5
 4633 0157 B26EAD0A 		.ascii	"\262n\255\012\025\250\327\013\315\0267\262\004^$g\223"
 4633      15A8D70B 
 4633      CD1637B2 
 4633      045E2467 
 4633      93
 4634 0168 E44C6935 		.ascii	"\344Li5N*\370\273\265\307\251`\011\260\204\254U\005"
 4634      4E2AF8BB 
 4634      B5C7A960 
 4634      09B084AC 
 4634      5505
 4635 017a B82E51D7 		.ascii	"\270.Q\327\353\250\027N\2773\327VH\325`\227\032a\257"
 4635      EBA8174E 
 4635      BF33D756 
 4635      48D56097 
 4635      1A61AF
 4636 018d 37C0CE5E 		.ascii	"7\300\316^\313\272p\231\234\213\254&iW\220\001)F\243"
 4636      CBBA7099 
 4636      9C8BAC26 
 4636      69579001 
 4636      2946A3
 4637 01a0 4BA4067E 		.ascii	"K\244\006~Vj\312;\177\354\245\235|\321\263\233:}\357"
 4637      566ACA3B 
 4637      7FECA59D 
 4637      7CD1B39B 
 4637      3A7DEF
 4638 01b3 BCD68C90 		.ascii	"\274\326\214\220\023\272\306?:\337\264\3523\244\005"
 4638      13BAC63F 
 4638      3ADFB4EA 
 4638      33A405
 4639 01c2 0F9CA3A3 		.ascii	"\017\234\243\243\223\007\030\023\2322Rd\374\202\316"
 4639      93071813 
 4639      9A325264 
 4639      FC82CE
 4640 01d1 DDDD22F2 		.ascii	"\335\335\"\362s\353\307\364\306\332$\322\245H\357\326"
 4640      73EBC7F4 
 4640      C6DA24D2 
 4640      A548EFD6 
 4641 01e1 9A072FAB 		.ascii	"\232\007/\253e\245\005\356\341\320~>\371]\215\360Z'"
 4641      65A505EE 
ARM GAS  /tmp/ccmXepIc.s 			page 101


 4641      E1D07E3E 
 4641      F95D8DF0 
 4641      5A27
 4642 01f3 B453345F 		.ascii	"\264S4_M\264\324y\250o \320\023\327pJ\270Xr\330G\247"
 4642      4DB4D479 
 4642      A86F20D0 
 4642      13D7704A 
 4642      B85872D8 
 4643 0209 F29A9377 		.ascii	"\362\232\223wZ\330S\376\242t\371\034\217\272\344\221"
 4643      5AD853FE 
 4643      A274F91C 
 4643      8FBAE491 
 4644 0219 21B3F590 		.ascii	"!\263\365\220;\313\032\374\212\251\314\251Ur\351\344"
 4644      3BCB1AFC 
 4644      8AA9CCA9 
 4644      5572E9E4 
 4645 0229 E5B9D6F1 		.ascii	"\345\271\326\361\347\206@]\006n\313\300\205\371\351"
 4645      E786405D 
 4645      066ECBC0 
 4645      85F9E9
 4646 0238 C7A60456 		.ascii	"\307\246\004V\347\337\205P_}\276\221r\274d}\314o\024"
 4646      E7DF8550 
 4646      5F7DBE91 
 4646      72BC647D 
 4646      CC6F14
 4647 024b 11BAF126 		.ascii	"\021\272\361&b\011\241\2435'\232\361\033\314\312\367"
 4647      6209A1A3 
 4647      35279AF1 
 4647      1BCCCAF7 
 4648 025b 888E7A7F 		.ascii	"\210\216z\177\2044\265)\225\247\343_{{{-\254\\\036\305"
 4648      8434B529 
 4648      95A7E35F 
 4648      7B7B7B2D 
 4648      AC5C1EC5 
 4649 026f 7F4DFF56 		.ascii	"\177M\377V\245S\236d\231\274\241)\274B\015\217\032\270"
 4649      A5539E64 
 4649      99BCA129 
 4649      BC420D8F 
 4649      1AB8
 4650 0281 5ECA220D 		.ascii	"^\312\"\015\225\014\330,y\360k\224\235\223\327*;7-;"
 4650      950CD82C 
 4650      79F06B94 
 4650      9D93D72A 
 4650      3B372D3B 
 4651 0295 E7A975EE 		.ascii	"\347\251u\356\266\352\334\272\224P}\272\377\333K\334"
 4651      B6EADCBA 
 4651      94507DBA 
 4651      FFDB4BDC 
 4652 02a5 A602AACB 		.ascii	"\246\002\252\313\231\361J\351\355L\245r\353QT7uw\267"
 4652      99F14AE9 
 4652      ED4CA572 
 4652      EB515437 
 4652      7577B7
 4653 02b8 32A1B67F 		.ascii	"2\241\266\177\032g\357\242\362~X\365\022\323\262,L\250"
 4653      1A67EFA2 
 4653      F27E58F5 
 4653      12D3B22C 
ARM GAS  /tmp/ccmXepIc.s 			page 102


 4653      4CA8
 4654 02ca 20E29AD9 		.ascii	" \342\232\331$\256\025\0256\267\351\301U\346\032\336"
 4654      24AE1515 
 4654      36B7E9C1 
 4654      55E61ADE 
 4655 02da CFC3F4C9 		.ascii	"\317\303\364\311?q\335Q\\\033\210\337\313\366\266^\224"
 4655      3F71DD51 
 4655      5C1B88DF 
 4655      CBF6B65E 
 4655      94
 4656 02eb FB0FC9CD 		.ascii	"\373\017\311\315\037\324)\345\007\231\211J3\360\214"
 4656      1FD429E5 
 4656      0799894A 
 4656      33F08C
 4657 02fa C27D79C3 		.ascii	"\302}y\303[]D.\377\245\322\002\325\214\015\347\331l"
 4657      5B5D442E 
 4657      FFA5D202 
 4657      D58C0DE7 
 4657      D96C
 4658 030c 3542B188 		.ascii	"5B\261\210e\204\203Q\243+f\016F\254h2a<\337\335\363"
 4658      65848351 
 4658      A32B660E 
 4658      46AC6832 
 4658      613CDFDD 
 4659 0321 625F7F70 		.ascii	"b_\177p \0305-8\234\014\205\355\343}\361\240\235<at"
 4659      2018352D 
 4659      389C0C85 
 4659      EDE37DF1 
 4659      A09D3C61 
 4660 0336 86C2FDE1 		.ascii	"\206\302\375\341c\001#\2260\314X$\022\213\032\361\230"
 4660      63012396 
 4660      30CC5824 
 4660      128B1AF1 
 4660      98
 4661 0347 4D19CFF5 		.ascii	"M\031\317\365\370\3378r\320o\230!3f[\355&\210x\"\376"
 4661      F8DF3872 
 4661      D06F9821 
 4661      33665BED 
 4661      26887822 
 4662 035c 48CD6AB7 		.ascii	"H\315j\267\016\035>r\250\337\352\000\227m%\006\007\222"
 4662      0E1D3E72 
 4662      A8DFEA00 
 4662      976D2506 
 4662      0792
 4663 036e 2FFCB7A6 		.ascii	"/\374\267\246\365f\222\025\215N\177\340h\300\350$\015"
 4663      F5669215 
 4663      8D4E7FE0 
 4663      68C0E824 
 4663      0D
 4664 037f E368D41C 		.ascii	"\343h\324\034\030<n\031f$\021N\364\275j\232\355!\360"
 4664      183C6E19 
 4664      6624114E 
 4664      F4BD6A9A 
 4664      ED21F0
 4665 0392 2663F163 		.ascii	"&c\361c\257t\33313\220\014\232\257\375\037\320\020\270"
 4665      AF74DB31 
 4665      33900C9A 
ARM GAS  /tmp/ccmXepIc.s 			page 103


 4665      AFFD1FD0 
 4665      10B8
 4666 03a4 FB8309AB 		.ascii	"\373\203\011\253\333\016\357\363\367\004|\007:\332|"
 4666      DB0EEFF3 
 4666      F7047C07 
 4666      3ADA7C
 4667 03b3 040EE219 		.ascii	"\004\016\342\031\033\366\371\003=l\264\221\0274\033"
 4667      1BF6F903 
 4667      3D6CB491 
 4667      17341B
 4668 03c2 1E669B83 		.ascii	"\036f\233\203\343vX\372\334\021+\022\263O\300\337&\224"
 4668      E37658FA 
 4668      DC112B12 
 4668      B34FC0DF 
 4668      2694
 4669 03d4 EF81     		.ascii	"\357\201"
 4670              		.text
 4671              		.section	.gnu.lto_port_init.348.462aa1bddc5d861a,"e",%progbits
 4672 0000 789C9D56 		.ascii	"x\234\235V]l\024U\024\276g\356\356v\267-mY\023\022M"
 4672      5D6C1455 
 4672      14BE67EE 
 4672      EE76B72D 
 4672      6D591312 
 4673 0015 4CB618A2 		.ascii	"L\266\030\242$\205)\006B|0Q\301\030\022\033\261\365"
 4673      24852906 
 4673      427C3051 
 4673      C118121B 
 4673      B1F5
 4674 0027 C98736ED 		.ascii	"\311\2076\3552\241\233\260\335u\333\242\304D.[\201\244"
 4674      32A19BB0 
 4674      DD75DBA2 
 4674      C4442E5B 
 4674      81A4
 4675 0039 624A5BC0 		.ascii	"bJ[\300\022\213b\263JI4@\015\177\362\323\005\304\"\377"
 4675      128B62B3 
 4675      4A493440 
 4675      0D7FF2D3 
 4675      05C422FF 
 4676 004d 6D29D456 		.ascii	"m)\324V,\202\006D\320m\221\026\255t=\347\336\231\355"
 4676      2C820644 
 4676      D06D9116 
 4676      AD743DE7 
 4676      DE99ED
 4677 0060 80D0079A 		.ascii	"\200\320\007\232tf\356\235\363}\347\373\3169s\263\223"
 4677      7466EE9D 
 4677      F37DE7FB 
 4677      CE3973B3 
 4677      93
 4678 0071 3C8CAD07 		.ascii	"<\214\255\007\306\236b\214\001g\320P_\2531!\304\013"
 4678      C69E628C 
 4678      0167D050 
 4678      5FAB3121 
 4678      C40B
 4679 0083 691AACA8 		.ascii	"i\032\254\250\257\365\300^\220+`\3135X\016\215|:.\357"
 4679      AFF5C05E 
 4679      902B60CB 
 4679      35580E8D 
ARM GAS  /tmp/ccmXepIc.s 			page 104


 4679      7C3A2EEF 
 4680 0097 AC6C1CEB 		.ascii	"\254l\034\353\000\321\032\207\030g\354\023\374\227\177"
 4680      00D11A87 
 4680      1867EC13 
 4680      FC977F
 4681 00a6 CD1C1A78 		.ascii	"\315\034\032x\214\0038\314'\015|\370\304\337dO\307\205"
 4681      8C0338CC 
 4681      270D7CF8 
 4681      C4DF644F 
 4681      C785
 4682 00b8 38DBBE47 		.ascii	"8\333\276G\010\017\213q\016\273\0011\260\013`'f\306"
 4682      080F8B71 
 4682      0EBB0131 
 4682      B00B6027 
 4682      66C6
 4683 00ca 8DE2B579 		.ascii	"\215\342\265y\214\271L&'A\336\"\262i\210\272\263\256"
 4683      8CB94C26 
 4683      2741DE22 
 4683      B26988BA 
 4683      B3AE
 4684 00dc B67934FF 		.ascii	"\266y4\377P\2158&\0341\356\200o\020\012&\024\366!\274"
 4684      508D3826 
 4684      1C31EE80 
 4684      6F100A26 
 4684      14F621BC 
 4685 00f0 B86D0601 		.ascii	"\270m\006\001:\300Bl\377x4l\006\357\267\007\037\240"
 4685      3AC0426C 
 4685      FF78346C 
 4685      06EFB707 
 4685      1FA0
 4686 0102 E0CF29D8 		.ascii	"\340\317)\330E\013\002\323\333\203\022\310;\345\215"
 4686      450B02D3 
 4686      DB8312C8 
 4686      3BE58D
 4687 0111 7426368E 		.ascii	"t&6\216^\273\002\302K\004\355v\002r\353(n\232a)k\032"
 4687      5EBB02C2 
 4687      4B04ED76 
 4687      0272EB28 
 4687      6E9A6129 
 4688 0127 6C5F9366 		.ascii	"l_\223f\351j\267Y\302HU\015\027\326jO\307l8\204{{\211"
 4688      E96AB759 
 4688      C248550D 
 4688      17D66A4F 
 4688      C76C3884 
 4689 013e 6A2257CC 		.ascii	"j\"W\314\356\352!f\230\335\014V\014\276\0058\202\313"
 4689      EEEA2166 
 4689      98DD0C56 
 4689      0CBE0538 
 4689      82CB
 4690 0150 C3960F59 		.ascii	"\303\226\017YD\015\276\203\361fh\251f\344\220\321\001"
 4690      440DBE83 
 4690      F16668A9 
 4690      66E490D1 
 4690      01
 4691 0161 65149525 		.ascii	"e\024\225%z\223_\366\203H\217q'|\017\004;\006\200u\204"
 4691      7A935FF6 
 4691      83488F71 
ARM GAS  /tmp/ccmXepIc.s 			page 105


 4691      277C0F04 
 4691      3B068075 
 4692 0176 E368D459 		.ascii	"\343h\324Y\234\310#\015B\031\275\341\022\255$CE\262"
 4692      9CC8230D 
 4692      4219BDE1 
 4692      12AD2443 
 4692      45B2
 4693 0188 F1482595 		.ascii	"\361H%\225\377\222*\037Z\353M>\323D\275&\325'%\261\251"
 4693      FF922A1F 
 4693      5AEB4D3E 
 4693      D344BD26 
 4693      D52725B1 
 4694 019d FA94ACE0 		.ascii	"\372\224\254\340\335\274\007V\360\244\335\337)[\005"
 4694      DDBC0756 
 4694      F0A4DDDF 
 4694      295B05
 4695 01ac EF9C9B0D 		.ascii	"\357\234\233\015\247\001N\230E\324hR\340\014\230&Ia"
 4695      A7014E98 
 4695      45D46852 
 4695      E00C9826 
 4695      4961
 4696 01be 62AC2338 		.ascii	"b\254#8\221<J\266\266Y\304\337\367\261\2113\365\314"
 4696      913C4AB6 
 4696      B659C4DF 
 4696      F7B18933 
 4696      F5CC
 4697 01d0 862E80CE 		.ascii	"\206.\200\316{2u[\231dm9\364\200\025\336{\324\241\002"
 4697      7B32755B 
 4697      99646D39 
 4697      F48015DE 
 4697      7BD4A102 
 4698 01e4 1DB20637 		.ascii	"\035\262\0067\307k\320W\327\177\346\011L(\215]\000\202"
 4698      C76BD057 
 4698      D77FE609 
 4698      4C288D5D 
 4698      0082
 4699 01f6 99E97A65 		.ascii	"\231\351ze\011\372RC4\3348\260/\357Hj\020.\330\245\365"
 4699      09FA5243 
 4699      34DC38B0 
 4699      2FEF486A 
 4699      102ED8A5 
 4700 020b DAC7E8F6 		.ascii	"\332\307\350\366&\027\374\200\233\347\211M\012\353\003"
 4700      2617FC80 
 4700      9BE7894D 
 4700      0AEB03
 4701 021a 4B0B0973 		.ascii	"K\013\011s\302\217\343\302n?\251\002\2352\360\"\320"
 4701      C28FE3C2 
 4701      6E3FA902 
 4701      9D32F022 
 4701      D0
 4702 022b 3B24039C 		.ascii	";$\003\234\227m]\316\270\3707Y'\342\035\236\261\325"
 4702      976D5DCE 
 4702      B8F83759 
 4702      27E21D9E 
 4702      B1D5
 4703 023d 8D1DA7B4 		.ascii	"\215\035\247\264\311\200Uqit\341tq\320\305C\263\225"
 4703      C9805571 
ARM GAS  /tmp/ccmXepIc.s 			page 106


 4703      6974E174 
 4703      71D0C543 
 4703      B395
 4704 024f 4E970CBA 		.ascii	"N\227\014\2720V\307\351X\020\016\020q\306\326rM-jpq"
 4704      3056C7E9 
 4704      58100E10 
 4704      71C6D672 
 4704      4D2D6A70 
 4705 0264 1DC4E5FA 		.ascii	"\035\304\345\372.\220\367\015^\272\335\272\271\345\340"
 4705      2E90F70D 
 4705      5EBADDBA 
 4705      B9E5E0
 4706 0273 48EF6328 		.ascii	"H\357c(An\366\2144\001\205E}\350\200F\321\001\3712l"
 4706      416EF68C 
 4706      34018545 
 4706      7DE88046 
 4706      D101F932 
 4707 0288 E7A7BB06 		.ascii	"\347\247\273\0066\001\032\221a\373\006<\320\017\354"
 4707      36011A91 
 4707      61FB063C 
 4707      D00FEC
 4708 0297 4F884E25 		.ascii	"O\210N%\265\2034\270\271Q\276\312\035\343i\370\350\240"
 4708      B58334B8 
 4708      B951BECA 
 4708      1DE369F8 
 4708      E8A0
 4709 02a9 13EA1230 		.ascii	"\023\352\0220\274\303\317\000j\216sW\312\367n\371\362"
 4709      BCC3CF00 
 4709      6A8E7357 
 4709      CAF76EF9 
 4709      F2
 4710 02ba 8ACA92B8 		.ascii	"\212\312\222\270\261\345\334\210\233Q\265$\357\371\267"
 4710      B1E5DC88 
 4710      9B51B524 
 4710      EFF9B7
 4711 02c9 CD640DC7 		.ascii	"\315d\015\3071\331E\225\354\243\343\036\370\211\222"
 4711      31D94595 
 4711      ECA3E31E 
 4711      F88992
 4712 02d8 AD988A48 		.ascii	"\255\230\212H\366!\277\237\354W\205\036\332~\271\336"
 4712      F621BF9F 
 4712      EC57851E 
 4712      DA7EB9DE 
 4713 02e8 894D56F2 		.ascii	"\211MV\362\017\231\362\271d\334\272\256mx\320\213\037"
 4713      0F99F2B9 
 4713      64DCBAAE 
 4713      6D78D08B 
 4713      1F
 4714 02f9 9F64DC3D 		.ascii	"\237d\334=\274\021\340\250z\3363,\001\233\237\303\257"
 4714      BC11E0A8 
 4714      7ADE332C 
 4714      019B9FC3 
 4714      AF
 4715 030a D3FCFC5C 		.ascii	"\323\374\374\\\220f`\311\334\004\277\012p-\025{`\370"
 4715      906660C9 
 4715      DC04BF0A 
 4715      702D157B 
ARM GAS  /tmp/ccmXepIc.s 			page 107


 4715      60F8
 4716 031c 71F6071C 		.ascii	"q\366\007\034\336\2775\273\205{\314`O\352\373\365\200"
 4716      DEBF35BB 
 4716      857BCC60 
 4716      4FEAFBF5 
 4716      80
 4717 032d E8AB1159 		.ascii	"\350\253\021Y\270\372\202\332\224\016\277\003\\\007"
 4717      B8FA82DA 
 4717      940EBF03 
 4717      5C07
 4718 033b 96FF9910 		.ascii	"\226\377\231\020\255Sb<\003n\300&<5\225\210\350\346"
 4718      AD53623C 
 4718      036EC026 
 4718      3C359588 
 4718      E8E6
 4719 034d E7B15748 		.ascii	"\347\261WH#\211\333%q\315\206\3257q+\035w\225\214\344"
 4719      2389DB25 
 4719      71CD86D5 
 4719      37712B1D 
 4719      77958CE4 
 4720 0361 20576628 		.ascii	" Wf(2]Fv\252\310\206\325\267q+\003w\225K\261\352\232"
 4720      325D4676 
 4720      AAC886D5 
 4720      B7712B03 
 4720      77954BB1 
 4721 0377 3E1E9A21 		.ascii	">\036\232!C/(\265\033\266f?P\022'I\011K\222\002E\023"
 4721      432F28B5 
 4721      1BB6663F 
 4721      50122749 
 4721      094B9202 
 4722 038d 3B2ED717 		.ascii	";.\327\027`\015\351\034\264\370Tk\332\274\312\372\224"
 4722      600DE91C 
 4722      B4F8546B 
 4722      DABCCAFA 
 4722      94
 4723 039e 166ED529 		.ascii	"\026n\325)3e=\023\022\375\226uU\271Ip\013`\010S\345"
 4723      33653D13 
 4723      12FD9675 
 4723      55B94970 
 4723      0B600853 
 4724 03b3 529ABF30 		.ascii	"R\232\2770\015}!R9\346\322Z\254JS4\021'j\341\241\350"
 4724      0D7D2152 
 4724      39E6D25A 
 4724      AC4A5334 
 4724      11276AE1 
 4725 03c9 11854698 		.ascii	"\021\205F\230\352\036\0160\"\206Z\263\314\354Y)\035"
 4725      EA1E0E30 
 4725      22865AB3 
 4725      CCEC5929 
 4725      1D
 4726 03da 5920368B 		.ascii	"Y 6\213q\035\3441\033\376\001\370[yv\023\333(\262i\214"
 4726      711DE431 
 4726      1BFE01F8 
 4726      5B797613 
 4726      DB28B269 
 4727 03ef 3548FF3D 		.ascii	"5H\377=\315_\177\225\251FZ\261\356\377-\253\205s\233"
 4727      CD5F7F95 
ARM GAS  /tmp/ccmXepIc.s 			page 108


 4727      A9465AB1 
 4727      EEFF2DAB 
 4727      85739B
 4728 0402 94145E4A 		.ascii	"\224\024^J\031C0\267\031q`\2602\002\377wq/t\205&\241"
 4728      194330B7 
 4728      197160B0 
 4728      3202FF77 
 4728      712F7485 
 4729 0418 8891F9BA 		.ascii	"\210\221\371\272\273\314A=!\225;\341]\265<m\316\255"
 4729      BBCC413D 
 4729      21953BE1 
 4729      5DB53C6D 
 4729      CEAD
 4730 042a 66CEEDF6 		.ascii	"f\316\355\366$\316\355\0315\177;\2238\267g\325sgr\272"
 4730      24CEED19 
 4730      357F3B93 
 4730      38B767D5 
 4730      736772BA 
 4731 043e CA78D779 		.ascii	"\312x\327y\177{q-;\234\031\3439\260\022\323:\350\020"
 4731      7F7B712D 
 4731      3B9C19E3 
 4731      39B012D3 
 4731      3AE810
 4732 0451 7E96B6B2 		.ascii	"~\226\266\262c|2\254\322p\246\345\301L\251\274\340S"
 4732      637C32AC 
 4732      D270A6E5 
 4732      C14CA9BC 
 4732      E053
 4733 0463 9D6F582F 		.ascii	"\235oX/;\177\302\352\374i\353\243\364\252u\247)\364"
 4733      3B7FC2EA 
 4733      FC69EBA3 
 4733      F4AA75A7 
 4733      29F4
 4734 0475 3DB5C4D3 		.ascii	"=\265\304\323\367*\330Ev\333D\236{\220HU\250\364\011"
 4734      F72AD845 
 4734      76DB449E 
 4734      7B904855 
 4734      A8F409
 4735 0488 E57EA0E4 		.ascii	"\345~\240\344v\333\344\256\321\000\177\350\320\236\222"
 4735      76DBE4AE 
 4735      D1007FE8 
 4735      D09E92
 4736 0497 9BAFE4B6 		.ascii	"\233\257\344\266)\271\235\226\\\254'\033\202\350\245"
 4736      29B99D96 
 4736      5CAC271B 
 4736      82E8A5
 4737 04a6 1D45F217 		.ascii	"\035E\362\027N\035\007u\356E\343\264\314\325\313CAC"
 4737      4E1D0775 
 4737      EE45E3B4 
 4737      CCD5CB43 
 4737      4143
 4738 04b8 0F9456E8 		.ascii	"\017\224V\350\363C\376\352\240QQU\251\277\264\260\360"
 4738      F343FEEA 
 4738      A0515155 
 4738      A9BFB4B0 
 4738      F0
 4739 04c9 D592B2D2 		.ascii	"\325\222\262\322%\245\025~\203\315\251*\017D\026\225"
ARM GAS  /tmp/ccmXepIc.s 			page 109


 4739      25A5157E 
 4739      83CDA92A 
 4739      0F441695 
 4740 04d9 844B2355 		.ascii	"\204K#U\313\364y\345\201\262\300kEz\250R\367\207\202"
 4740      CBF479E5 
 4740      81B2C06B 
 4740      457AA852 
 4740      F78782
 4741 04ec C150851E 		.ascii	"\301P\205\036\016E\020\361ba\301\322\2713\012t\177\271"
 4741      0E4510F1 
 4741      6261C1D2 
 4741      B9330A74 
 4741      7FB9
 4742 04fe 3F143166 		.ascii	"?\0241f\372\031\017\005\302^k5\323\2305g\356\2542#\237"
 4742      FA190F05 
 4742      C25E6B35 
 4742      D3983567 
 4742      EEAC3223 
 4743 0513 E52C8C04 		.ascii	"\345,\214\004B\221@\325\262W\"\241\352\360\033\301\360"
 4743      429140D5 
 4743      B25722A1 
 4743      EAF01BC1 
 4743      F0
 4744 0524 FC89D98D 		.ascii	"\374\211\331\215w\252\210[\237WP\264\240H\237\207l\372"
 4744      77AA885B 
 4744      9F5750B4 
 4744      A0489F87 
 4744      6CFA
 4745 0536 820AFF92 		.ascii	"\202\012\377\222\352E\206N\324%\376\340\334\231\345"
 4745      EA45864E 
 4745      D425FEE0 
 4745      DC99E5
 4746 0545 CC133116 		.ascii	"\314\0231\026\227,-]RmL\272\207\337\261\240\360\365"
 4746      972C2D5D 
 4746      526D4CBA 
 4746      87DFB1A0 
 4746      F0F5
 4747 0557 0A77D8DC 		.ascii	"\012w\330\334J++\2554\360\375\313\217\2362X\031\250"
 4747      4A2B2BAD 
 4747      34F0FDCB 
 4747      8F9E3258 
 4747      19A8
 4748 0569 2C59ECF7 		.ascii	",Y\354\367c\316G)K9\313)(*\364\221\016\024\225\347\233"
 4748      63CE4729 
 4748      4B39CB29 
 4748      282AF491 
 4748      0E1495E7 
 4749 057e 96CFB408 		.ascii	"\226\317\264\010K\013\032\301Pd\031s\373\303\225\001"
 4749      4B0B1AC1 
 4749      50641973 
 4749      FBC39501 
 4750 058e C31760FF 		.ascii	"\303\027`\377\001\3224b\266"
 4750      01D23462 
 4750      B6
 4751              		.text
 4752              		.section	.gnu.lto___port_irq_epilogue.349.462aa1bddc5d861a,"e",%progbits
 4753 0000 789C9D52 		.ascii	"x\234\235R]H\223a\024>\347}\277\315Y\026QwB\240ED`~"
ARM GAS  /tmp/ccmXepIc.s 			page 110


 4753      5D489361 
 4753      143EE77D 
 4753      BFCD5916 
 4753      517742A0 
 4754 0018 93286F2B 		.ascii	"\223(o+\353\"h\024\012\335\312\374\374h\203\266\311"
 4754      EB226814 
 4754      0ADDCAFC 
 4754      FC6883B6 
 4754      C9
 4755 0029 A651577E 		.ascii	"\246QW~95*\302?\014\203ie#\272\353\217\374/\277\\\377"
 4755      39352AC2 
 4755      3F0C8369 
 4755      6523BAEB 
 4755      8FFC2FBF 
 4756 003f 7F8A2594 		.ascii	"\177\212%\224\201a\005\271\010[\032cTP\347}\277mz\325"
 4756      816105B9 
 4756      085B1A63 
 4756      5450E77D 
 4756      BF6D7AD5 
 4757 0053 45836DE7 		.ascii	"E\203m\347<\347\3579\317yG8@\036\002\034\002\000\264"
 4757      3CE7EF39 
 4757      CF794738 
 4757      401E021C 
 4757      0200B4
 4758 0066 03B6B79D 		.ascii	"\003\266\267\235f`\030\306\316\034\306\302mg\030\336"
 4758      666018C6 
 4758      CE1CC6C2 
 4758      6D6718DE 
 4759 0076 C64F277F 		.ascii	"\306O'\177\346)\215m\253#\251\246m\012\307N\207\025"
 4759      E6298D6D 
 4759      AB23A9A6 
 4759      6D0AC74E 
 4759      8715
 4760 0088 57B0B3ED 		.ascii	"W\260\263\355\351\345\376\304\273\2158\210\022\261\341"
 4760      E9E5FEC4 
 4760      BB8D3888 
 4760      12B1E1
 4761 0097 896C3542 		.ascii	"\211l5B=\343\212\015\353\261\203o!$\325\324\221z\202"
 4761      3DE38A0D 
 4761      EBB1836F 
 4761      2124D5D4 
 4761      917A82
 4762 00aa C65513A3 		.ascii	"\306U\023\2434\261\207\276\351\217]z4\006X\204\243\364"
 4762      34B187BE 
 4762      E98F5D7A 
 4762      34065884 
 4762      A3F4
 4763 00bc 10FB1032 		.ascii	"\020\373\0202\016\303~\313\241&\003\317w\210L\002\323"
 4763      0EC37ECB 
 4763      A12603CF 
 4763      77884C02 
 4763      D3
 4764 00cd 611CC065 		.ascii	"a\034\300e\341\310Plf=\020\233\036\316\005\326\316\243"
 4764      E1C8506C 
 4764      663D109B 
 4764      1ECE05D6 
 4764      CEA3
ARM GAS  /tmp/ccmXepIc.s 			page 111


 4765 00df D44B495B 		.ascii	"\324KI[\014\013\310\342\2552}\263I\224\022\247\337\215"
 4765      0C0BC8E2 
 4765      AD327DB3 
 4765      499412A7 
 4765      DF8D
 4766 00f1 E7470C53 		.ascii	"\347G\014S\211r\216wP\014\036A\034F\300\273\304\222"
 4766      89728E77 
 4766      500C1E41 
 4766      1C46C0BB 
 4766      C492
 4767 0103 CFE0F456 		.ascii	"\317\340\364VJ\335$R\1774\237\032.\212\205\215\307F"
 4767      4ADD2452 
 4767      7F349F1A 
 4767      2E8A858D 
 4767      C746
 4768 0115 36199692 		.ascii	"6\031\226\222i\215\014\303\207\335v\034%pH\264\023\313"
 4768      698D0CC3 
 4768      87DD761C 
 4768      257048B4 
 4768      13CB
 4769 0127 A1995D47 		.ascii	"\241\231]GP|>\267\331ZAYb\035\236\"\326c\204\331 =/"
 4769      507C3EB7 
 4769      D95A4159 
 4769      621D9E22 
 4769      D66384D9 
 4770 013e F176F0EB 		.ascii	"\361v\360\353,\032\355\006\376sZ\352G\304\216\367\011"
 4770      2C1AED06 
 4770      FE735AEA 
 4770      47C48EF7 
 4770      09
 4771 014f 8C65A73D 		.ascii	"\214e\247=\220\323D\316\265I\233i\374\376\323b\230\217"
 4771      90D344CE 
 4771      B5499B69 
 4771      FCFED362 
 4771      988F
 4772 0161 7253A7DA 		.ascii	"rS\247\332\307\343\314\301 \312\025.~\000Z\2708\224"
 4772      C7E3CCC1 
 4772      20CA152E 
 4772      7E005AB8 
 4772      3894
 4773 0173 A1A06102 		.ascii	"\241\240a\002\264rf9ar\276\240\261p\243\367\202K\334"
 4773      B4726639 
 4773      6172BEA0 
 4773      B170A3F7 
 4773      824BDC
 4774 0186 84ECC5F8 		.ascii	"\204\354\305\370\331\211\344\233uDPx\037\246\222](s"
 4774      D989E49B 
 4774      75445078 
 4774      1FA6925D 
 4774      2873
 4775 0198 3EDE5A24 		.ascii	">\336Z$4f\241\257\026-\264\241\200\370\010\2659:e\361"
 4775      3466A1AF 
 4775      162DB4A1 
 4775      80F808B5 
 4775      393A65F1 
 4776 01ac 6C67DFFB 		.ascii	"lg\337\373n$Z2m\370}.>D\370\206\015\033\004\311\357"
 4776      6E245A32 
ARM GAS  /tmp/ccmXepIc.s 			page 112


 4776      6DF87D2E 
 4776      3E44F886 
 4776      0D1B04C9 
 4777 01c1 488B1436 		.ascii	"H\213\0246\260fG\224\333\310T\304#|\214@\377\370\004"
 4777      B0664794 
 4777      DBC854C4 
 4777      237C8C40 
 4777      FFF804
 4778 01d4 F19194AD 		.ascii	"\361\221\224\255\260I\306\3552\370\314\232\222\230;"
 4778      B049C6ED 
 4778      32F8CC9A 
 4778      92983B
 4779 01e3 3BB9E800 		.ascii	";\271\350\000\261\273\244{\375\346\005\233\240;\217"
 4779      B1BBA47B 
 4779      FDE6059B 
 4779      A03B8F
 4780 01f2 6323F155 		.ascii	"c#\361U\275\234\245o\236\203\220\265\214\351\260\261"
 4780      BD9CA56F 
 4780      9E8390B5 
 4780      8CE9B0B1 
 4781 0202 9ABC2BE2 		.ascii	"\232\274+\342\261RC\007\276D|\201\340\274$\335\\\034"
 4781      B1524307 
 4781      BE447C81 
 4781      E0BC24DD 
 4781      5C1C
 4782 0214 C76EF92C 		.ascii	"\307n\371,\3471|\356\344\024\353\345\234\032\211Z\322"
 4782      E7317CEE 
 4782      E414EBE5 
 4782      9C1A895A 
 4782      D2
 4783 0225 680DC4B1 		.ascii	"h\015\304\2611\036\313'\320B\254\307\333\312\371\305"
 4783      311ECB27 
 4783      D042ACC7 
 4783      DBCAF9C5 
 4784 0235 BB139F41 		.ascii	"\273\023\237A\352\226@\016\215\310\242|E\017\247SD\371"
 4784      EA96400E 
 4784      8DC8A27C 
 4784      450FA753 
 4784      44F9
 4785 0247 4A99A1CC 		.ascii	"J\231\241\314\336\273\326\3053\312~\2701\235Q5)T\035"
 4785      DEBBD6C5 
 4785      33CA7EB8 
 4785      319D5135 
 4785      29541D
 4786 025a B084F945 		.ascii	"\260\204\371E\252\322\303\225\272v\010|\310\302\317"
 4786      AAD2C395 
 4786      BA76087C 
 4786      C8C2CF
 4787 0269 27B3BA8E 		.ascii	"'\263\272\216\246u\205\345\272\232K\272\336[\256kZ\301"
 4787      A67585E5 
 4787      BA9A4BBA 
 4787      DE5BAE6B 
 4787      5AC1
 4788 027b D752CBE5 		.ascii	"\327R\313\345\262u%I\266Q\264\310\333\226\216\276\200"
 4788      B2752549 
 4788      B651B4C8 
 4788      DB968EBE 
ARM GAS  /tmp/ccmXepIc.s 			page 113


 4788      80
 4789 028c 4C6ED4C2 		.ascii	"Ln\324\302\321\002\033L\341\026\252\236\200OW\275n\277"
 4789      D1021B4C 
 4789      E116AA9E 
 4789      804F57BD 
 4789      6EBF
 4790 029e BA27A0D5 		.ascii	"\272'\240\325\371t\177mH\335}\260|\177e\225\373\210"
 4790      F9747F6D 
 4790      48DD7DB0 
 4790      7C7F6595 
 4790      FB88
 4791 02b0 DBAFE9B0 		.ascii	"\333\257\351\260\275\326\343\015VW\326\270\203\265\307"
 4791      BDD6E30D 
 4791      5657D6B8 
 4791      83B5C7
 4792 02bf D5328FB7 		.ascii	"\3252\217\267\312{\240B\015\204T-\340\363\005\374jM"
 4792      CA7BA042 
 4792      0D84542D 
 4792      E0F305FC 
 4792      6A4D
 4793 02d1 204815BB 		.ascii	" H\025\273\312]GK\267\272T\315\243\005\202z\261\366"
 4793      CA5D474B 
 4793      B7BA54CD 
 4793      A305827A 
 4793      B1F6
 4794 02e3 5F551EC8 		.ascii	"_U\036\310\251r\207\364\203A\357\336\177W\353\307jE"
 4794      A97287F4 
 4794      8341EFDE 
 4794      7F57EBC7 
 4794      6A45
 4795 02f5 AD5AE6AA 		.ascii	"\255Z\346\252\330W\241\226Q\255\272\317\257\035\251"
 4795      D857A196 
 4795      51ADBACF 
 4795      AF1DA9
 4796 0304 ABD655CD 		.ascii	"\253\326U\315\027\362\206*\017k\032u[\233aS\254\227"
 4796      17F2862A 
 4796      0F6B1A75 
 4796      5B9B6153 
 4796      AC97
 4797 0316 6C2F2DA9 		.ascii	"l/-\251\322\235\260\306UQ^ \206\324\004\275E\005\233"
 4797      D29DB0C6 
 4797      55515E20 
 4797      86D404BD 
 4797      45059B
 4798 0329 9CC08290 		.ascii	"\234\300\202\220\343\323}\201\340q\370\013y\250\236"
 4798      E3D37D81 
 4798      E071F80B 
 4798      79A89E
 4799 0338 6D       		.ascii	"m"
 4800              		.text
 4801              		.section	.gnu.lto___port_irq_epilogue.part.0.360.462aa1bddc5d861a,"e",%progbits
 4802 0000 789C9D55 		.ascii	"x\234\235U]l\024U\024\276g\356\354\314\026\332-\202"
 4802      5D6C1455 
 4802      14BE67EE 
 4802      ECCC16DA 
 4802      2D82
 4803 0012 81C404B3 		.ascii	"\201\304\004\263\230 QJ\007B\220\027M\320\352\003\211"
ARM GAS  /tmp/ccmXepIc.s 			page 114


 4803      9820514A 
 4803      07429017 
 4803      4DD0EA03 
 4803      89
 4804 0023 0DA41B9E 		.ascii	"\015\244\033\236\233vX\335\215m\267\331]\014>1m\227"
 4804      9B7658DD 
 4804      8D6DB7D9 
 4804      5D0C3E31 
 4804      6D97
 4805 0035 12AB912D 		.ascii	"\022\253\221-\015\322\207m\305fc\340\301\037\022T\240"
 4805      0DD2876D 
 4805      C56663E0 
 4805      C11F1254 
 4805      A0
 4806 0046 450B05A4 		.ascii	"E\013\005\244Z\\Z\251\225B\027\251&\264\210v)`\027R"
 4806      5A5C5AA9 
 4806      954217A9 
 4806      26B48876 
 4806      29601752 
 4807 005a 52CFB9F3 		.ascii	"R\317\271\363\323y\020b\334\2443\347\236\363\235\357"
 4807      D3791062 
 4807      DCA433E7 
 4807      9EF39DEF 
 4808 006a FCCEED61 		.ascii	"\374\316\355a\225\261\365\300X\2101\006^\006\007\274"
 4808      95B1F5C0 
 4808      58883106 
 4808      5E0607BC 
 4809 007a CC308C4D 		.ascii	"\3140\214M\252\012\213\305[\222\232Z\337\223`\020\360"
 4809      AA0A8BC5 
 4809      5B929A5A 
 4809      DF936010 
 4809      F0
 4810 008b E49713AD 		.ascii	"\344\227\023\255>\361\346\260\277u\201\260\313(\265"
 4810      3EF1E6B0 
 4810      BF7581B0 
 4810      CB28B5
 4811 009a 48A68F07 		.ascii	"H\246\217\007>lm\231\231x\336DoR\025hpl\300v\251\022"
 4811      3E6C6D99 
 4811      9978DE44 
 4811      6F521568 
 4811      706CC076 
 4812 00b0 973D0AEC 		.ascii	"\227=\012\354\2026\236\342\360\034\252\363\273\333\362"
 4812      82369EE2 
 4812      F01CAAF3 
 4812      BBDBF2
 4813 00bf FD601CEA 		.ascii	"\375`\034\352\2054g\254\023\377\304\217L\311y-PjG\351"
 4813      853467AC 
 4813      13FFC48F 
 4813      4CC9792D 
 4813      506A47E9 
 4814 00d3 C9D04F11 		.ascii	"\311\320O\021@\370\012\230\220\200$\217\255\227\340"
 4814      40F80A98 
 4814      9080248F 
 4814      AD97E0
 4815 00e2 1838200E 		.ascii	"\0308 \016\307\315\003\322\035\033x\201\301\327\200"
 4815      C7CD03D2 
 4815      1D1B7881 
ARM GAS  /tmp/ccmXepIc.s 			page 115


 4815      C1D780
 4816 00f1 4ACB0C27 		.ascii	"J\313\014'\300eN\235\350\313.g\320\215\000\231t\373"
 4816      C0654E9D 
 4816      E8CB2E67 
 4816      D08D0099 
 4816      74FB
 4817 0103 781A9965 		.ascii	"x\032\231eK\222\300\217\022O\012\370\252^\314;\327r"
 4817      4B92C08F 
 4817      124F0AF8 
 4817      AA5ECC3B 
 4817      D772
 4818 0115 25F354CA 		.ascii	"%\363T\312\350\225\323\030\345[\240\300\337\000\234"
 4818      E895D318 
 4818      E55BA0C0 
 4818      DF009C
 4819 0124 04069434 		.ascii	"\004\006\2244\317\302\350\032\204\256$\350\335\346w"
 4819      CFC2E81A 
 4819      84AE24E8 
 4819      DDE677
 4820 0133 BB4BFA9A 		.ascii	"\273K\372\232\214\363\206\003\206y\260U\023ex\256C\201"
 4820      8CF38603 
 4820      8679B055 
 4820      136578AE 
 4820      4381
 4821 0145 53A8EC21 		.ascii	"S\250\354!:*\016N\203]\016\24580\261\312,\3013\237u"
 4821      3A2A0E4E 
 4821      835D0EA5 
 4821      3830B1CA 
 4821      2CC1339F 
 4822 015a D330667D 		.ascii	"\3230f}\006u\012\263\342\345.\037\277u\035\214}\006"
 4822      06750AB3 
 4822      E2E52E1F 
 4822      BF751D8C 
 4822      7D06
 4823 016c 3C365AFE 		.ascii	"<6Z\376nJ\201s\250<\353D\373\016\334\315S\241_\034\370"
 4823      6E4A8173 
 4823      A83CEB44 
 4823      FB0EDCCD 
 4823      53A15F1C 
 4824 0181 6DB0A9F3 		.ascii	"m\260\251\363\355\223\231\027\261\350\204\237\250\277"
 4824      ED939917 
 4824      B1E8849F 
 4824      A8BF
 4825 018f 071A8345 		.ascii	"\007\032\203E\375\003Rgaj59\3148\016\271\331\303\037"
 4825      FD035267 
 4825      616A3539 
 4825      CC380EB9 
 4825      D9C31F
 4826 01a2 F8920DDE 		.ascii	"\370\222\015\3364\227a\300\015\277 \340\343\253E0<\221"
 4826      349761C0 
 4826      0DBF20E0 
 4826      E3AB4530 
 4826      3C91
 4827 01b4 3FCE117E 		.ascii	"?\316\021~\204,\\_m{?\354\337cz\233\301\300\035\354"
 4827      842C5C5F 
 4827      6D7B3FEC 
 4827      DF637A9B 
ARM GAS  /tmp/ccmXepIc.s 			page 116


 4827      C1C01DEC 
 4828 01c8 5121C01D 		.ascii	"Q!\300\035\302,\006.\002d\200Z\207\374N\375g\316b:\203"
 4828      C22C062E 
 4828      0264805A 
 4828      87FC4EFD 
 4828      67CE623A 
 4829 01dd E8A18AE2 		.ascii	"\350\241\212\342\207\300\256\367\241\223\376\261\\\313"
 4829      87C0AEF7 
 4829      A193FEB1 
 4829      5CCB
 4830 01eb FD3DAA3D 		.ascii	"\375=\252=\270K\210\365\332\354\303\242\200\266R3\000"
 4830      B84B88F5 
 4830      DAECC3A2 
 4830      80B65233 
 4830      00
 4831 01fc 9EC8F6B3 		.ascii	"\236\310\366\263\303\3363p\364\263\345&\275\327\351"
 4831      C3DE3370 
 4831      F4B3E526 
 4831      BDD7E9
 4832 020b 9E6073DA 		.ascii	"\236`s\332w\311\235,\321a\032\360\013\312#`\023\321"
 4832      77C99D2C 
 4832      D1611AF0 
 4832      0BCA2360 
 4832      13D1
 4833 021d 180A60D4 		.ascii	"\030\012`\324L+!\331\313\227\373\264\377\200/)\306{"
 4833      4C2B21D9 
 4833      CB97FBB4 
 4833      FF802F29 
 4833      C67B
 4834 022f 05086191 		.ascii	"\005\010a\221\\57\357\236\263y\355\2472\357;\351_q\307"
 4834      5C3537EF 
 4834      9EB379ED 
 4834      A732EF3B 
 4834      E95F71C7 
 4835 0243 BBEADEBB 		.ascii	"\273\352\336\273\231m0\006f\262\005\242\027Y\240\240"
 4835      996D3006 
 4835      66B205A2 
 4835      1759A0A0 
 4836 0253 08913121 		.ascii	"\010\2211!\372R\315\354\247n\024\247\016\211\215g\363"
 4836      FA52CDEC 
 4836      A76E14A7 
 4836      0E898D67 
 4836      F3
 4837 0264 9DC0DFCA 		.ascii	"\235\300\337\312\336\204\025k\267\031\213\271\"\375"
 4837      DE84156B 
 4837      B7198BB9 
 4837      22FD
 4838 0272 2A3EDE0C 		.ascii	"*>\336\014\340\020>\037\362\030\306\354\334^l\317\263"
 4838      E0103E1F 
 4838      F218C6EC 
 4838      DC5E6CCF 
 4838      B3
 4839 0283 4B170155 		.ascii	"K\027\001U+\221\211\323\204d\226\346\036\017>\024\205"
 4839      2B9189D3 
 4839      846496E6 
 4839      1E0F3E14 
 4839      85
ARM GAS  /tmp/ccmXepIc.s 			page 117


 4840 0294 24951E8C 		.ascii	"$\225\036\214\355\345ty\0302\220\250\232\"gI.\331\342"
 4840      EDE57479 
 4840      183290A8 
 4840      9A226749 
 4840      2ED9E2
 4841 02a7 4D30C6F3 		.ascii	"M0\306\363\001\314]H\017\226\210\327\276\245\364\272"
 4841      01CC5D48 
 4841      0F9688D7 
 4841      BEA5F4BA 
 4842 02b7 737DFFEC 		.ascii	"s}\377\354T~\011NV(;\246\333\001~\002\226\203\246\203"
 4842      547E094E 
 4842      56283BA6 
 4842      DB017E02 
 4842      9683A683 
 4843 02cb 1B5802A4 		.ascii	"\033X\002\2444W;\371\0022\247qH\010\231>2t|\233E\205"
 4843      34573BF9 
 4843      0232A771 
 4843      4808993E 
 4843      32747C9B 
 4844 02e1 CED9CC47 		.ascii	"\316\331\314G\200\303\020\316w2\005p\331\024\377.fS"
 4844      80C310CE 
 4844      77320570 
 4844      D914FF2E 
 4844      6653
 4845 02f3 D0F00CB5 		.ascii	"\320\360\014\265\247M\302\346\2548(5\343\366\025\240"
 4845      A74DC2E6 
 4845      AC382835 
 4845      E3F615A0 
 4846 0303 2853A9BF 		.ascii	"(S\251\277\001\3037\374\016]to\335\204F?\326I\262H\265"
 4846      01C337FC 
 4846      0E5D746F 
 4846      DD84463F 
 4846      D649B248 
 4847 0318 9834390C 		.ascii	"\23049\014t\317\213\221h\336&$\343@\276\034\221\330"
 4847      74CF8B91 
 4847      68DE2624 
 4847      E340BE1C 
 4847      91D8
 4848 032a 5FD0946A 		.ascii	"_\320\224j\036C\225\324e^@\036h\237\233\233+\236\307"
 4848      1E4395D4 
 4848      655E401E 
 4848      689F9B9B 
 4848      2B9EC7
 4849 033d 4A02DB2D 		.ascii	"J\002\333-\260\215\263{\010\313M-\002.\322I\000\006"
 4849      B08DB37B 
 4849      08CB4D2D 
 4849      022ED249 
 4849      0006
 4850 034f 4DC0F4C4 		.ascii	"M\300\364\304\223\326M&\213e\372\204j^\200 \270\001"
 4850      93D64D26 
 4850      8B65FA84 
 4850      6A5E8020 
 4850      B801
 4851 0361 6C2DB6F2 		.ascii	"l-\266\362P\021\255\310\004t\320\015L8N\027\270\350"
 4851      5011ADC8 
 4851      0474D00D 
 4851      4C384E17 
ARM GAS  /tmp/ccmXepIc.s 			page 118


 4851      B8E8
 4852 0373 CAF8B0E0 		.ascii	"\312\370\260\3408\3353\271\254\213\333\027\342B`\216"
 4852      38DD33B9 
 4852      AC8BDB17 
 4852      E242608E 
 4853 0383 F445B6C9 		.ascii	"\364E\266\311\360\331\244\205p\013\340\017$\375\030"
 4853      F0D9A485 
 4853      700BE00F 
 4853      24FD18
 4854 0392 DDD3BC08 		.ascii	"\335\323\274\010\376DNZ\001\314\"\3272,=:\370\024\002"
 4854      FE444E5A 
 4854      01CC22D7 
 4854      322C3D3A 
 4854      F81402
 4855 03a5 25C63086 		.ascii	"%\3060\206\210:6b\0253fW\213#\031\035\352\000\334N\001"
 4855      883A3662 
 4855      15336657 
 4855      8B23191D 
 4855      EA00DC4E 
 4856 03ba B8365400 		.ascii	"\2706T\000\327@\314\202\370\323b\026G\304,|\366,n\233"
 4856      D740CC82 
 4856      F8D36216 
 4856      47C42C7C 
 4856      F62C6E9B 
 4857 03ce B3981614 		.ascii	"\263\230\026\024f\347\307O\322\210i\341\005\313\335"
 4857      66E7C74F 
 4857      D28869E1 
 4857      05CBDD
 4858 03dd 656221D6 		.ascii	"eb!\326wq\217X\211\342N\276\020\311\370\"6\011\211\311"
 4858      77718F58 
 4858      89E24EBE 
 4858      10C9F822 
 4858      360989C9 
 4859 03f1 BE6AD453 		.ascii	"\276j\324S\225\012\230\377\230\222\2347`\306\222\265"
 4859      950A98FF 
 4859      98929C37 
 4859      60C692B5 
 4860 0401 79F747B8 		.ascii	"y\367G\270\325\177\034\224\222\200F\303\230x:\315\237"
 4860      D57F1C94 
 4860      928046C3 
 4860      98783ACD 
 4860      9F
 4861 0412 E8E48556 		.ascii	"\350\344\205V\305\027\376\275b\037U<\203\025s\252X\021"
 4861      C517FEBD 
 4861      621F553C 
 4861      831573AA 
 4861      5811
 4862 0424 CCB29BB9 		.ascii	"\314\262\233\271m\324\305\254\272\231\213\376\003\363"
 4862      6DD4C5AC 
 4862      BA998BFE 
 4862      03F3
 4863 0432 039B5915 		.ascii	"\003\233Y\025\314\036\367\327\3221*\261\244d\234\227"
 4863      CC1EF7D7 
 4863      D2312AB1 
 4863      A4649C97 
 4864 0442 8549B14D 		.ascii	"\205I\261M\323\320\270\311\254q\257\230=*\261el\205"
 4864      D3D0B8C9 
ARM GAS  /tmp/ccmXepIc.s 			page 119


 4864      AC71AF98 
 4864      3D2AB165 
 4864      6C85
 4865 0454 168AD406 		.ascii	"\026\212\324\006\265pU\235\366jD\337Q\033\254\213\307"
 4865      B570559D 
 4865      F66A44DF 
 4865      511BAC8B 
 4865      C7
 4866 0465 B457B656 		.ascii	"\264W\266V\274^Y]USU\247\007\331\206x(\034\335^Y_\025"
 4866      BC5E595D 
 4866      555355A7 
 4866      07D98678 
 4866      281CDD5E 
 4867 047c 8DBFA395 		.ascii	"\215\277\243\225\205\302\325\341-\001-\022\323\364H"
 4867      85C2D5E1 
 4867      2D012D12 
 4867      D3F448
 4868 048b 6D6DA44E 		.ascii	"mm\244N\253\217D\321\343\345\212\362\2677\256)\327\364"
 4868      AB8F44D1 
 4868      E3E58AF2 
 4868      B737AE29 
 4868      D7F4
 4869 049d 901E8906 		.ascii	"\220\036\211\006K\365\377\345\025bjuU,\2705\032~\355"
 4869      4BF5FFE5 
 4869      15626A75 
 4869      552CB835 
 4869      1A7EED
 4870 04b0 F1DEC19D 		.ascii	"\361\336\301\235q\362\325\312\312\003\233\003Z\031\372"
 4870      71F2D5CA 
 4870      CA039B03 
 4870      5A19FA
 4871 04bf 6A9BEBF4 		.ascii	"j\233\353\364\232\035\333\203\232^\033\013\307*\337"
 4871      9A1DDB83 
 4871      9A5E1B0B 
 4871      C72ADF
 4872 04ce D475645B 		.ascii	"\324ud[lgS\032\\\267a\343\272\352\340Z\346\211U\326"
 4872      6C67531A 
 4872      5CB761E3 
 4872      BAEAE05A 
 4872      E68955D6 
 4873 04e2 C7EA3D41 		.ascii	"\307\352=A=\276\263^\211\006c;j\342\276x\244~\313\033"
 4873      3DBEB35E 
 4873      8906633B 
 4873      6AE2BE78 
 4873      A47ECB1B 
 4874 04f6 5BA3113D 		.ascii	"[\243\021=\020\257\322\337*,\257\010\370W\256-\361#"
 4874      10AFD2DF 
 4874      2A2CAF08 
 4874      F857AE2D 
 4874      F123
 4875 0508 8EF197A2 		.ascii	"\216\361\227\242\254\260<PA\207\022\3242)\312\376\001"
 4875      ACB03C50 
 4875      418712D4 
 4875      3229CAFE 
 4875      01
 4876 0519 58ABD1ED 		.ascii	"X\253\321\355"
 4877              		.text
ARM GAS  /tmp/ccmXepIc.s 			page 120


 4878              		.section	.gnu.lto_.symbol_nodes.462aa1bddc5d861a,"e",%progbits
 4879 0000 789C75CE 		.ascii	"x\234u\316;\016\302@\014\004\320\231\331$+Z.\220\243"
 4879      3B0EC240 
 4879      0C04D099 
 4879      D9242B5A 
 4879      2E90A3
 4880 0013 DA2B7100 		.ascii	"\332+q\000\216\220k@AE\035\245\017\377&\334\002\010"
 4880      8E906B40 
 4880      41451DA5 
 4880      0FFF26DC 
 4880      0208
 4881 0025 D906A19D 		.ascii	"\331\006\241\235\312\322\263\306^\021\200\2362\370'"
 4881      CAD2B3C6 
 4881      5E11809E 
 4881      32F827
 4882 0034 15B73D60 		.ascii	"\025\267=`\300n\223\222\0133\002\274\312\370\312i\277"
 4882      C06E9392 
 4882      0B3302BC 
 4882      CAF8CA69 
 4882      BF
 4883 0045 2B80773E 		.ascii	"+\200w>+o2\025L\243,\374\324\356=1\227\352$\253\212"
 4883      2B6F3215 
 4883      4CA32CFC 
 4883      D4EE3D31 
 4883      97EA24AB 
 4884 005a 7896D525 		.ascii	"x\226\325%\344]\326\374\235\364\345\235\213,\026, ."
 4884      E45DD6FC 
 4884      9DF4E59D 
 4884      8B2C162C 
 4884      202E
 4885 006c 95C77540 		.ascii	"\225\307u@\223G\206\032\335a\230\300G\304\033\236\370"
 4885      9347861A 
 4885      DD6198C0 
 4885      47C41B9E 
 4885      F8
 4886 007d 5891     		.ascii	"X\221"
 4887              		.text
 4888              		.section	.gnu.lto_.refs.462aa1bddc5d861a,"e",%progbits
 4889 0000 789CE366 		.ascii	"x\234\343f```b`bTe`b\322``\000\000\002q\000b"
 4889      60606062 
 4889      60625465 
 4889      6062D260 
 4889      60000002 
 4890              		.text
 4891              		.section	.gnu.lto_.decls.462aa1bddc5d861a,"e",%progbits
 4892 0000 789CCD7B 		.ascii	"x\234\315{it\024G\266f\336\214\314\254RI \214p\333\375"
 4892      69741447 
 4892      B666DE8C 
 4892      CCAC5249 
 4892      208C70DB 
 4893 0015 A6C7CDEB 		.ascii	"\246\307\315\353\307\233\246\247\261\331l\3547\247\317"
 4893      C79BA6A7 
 4893      B1D96CEC 
 4893      37A7CF
 4894 0024 3C63099E 		.ascii	"<c\011\236u\032l=\311\313x\346G\215,\225\221\246\321"
 4894      751A6C3D 
 4894      C9CB78E6 
ARM GAS  /tmp/ccmXepIc.s 			page 121


 4894      478D2C95 
 4894      91A6D1
 4895 0037 D2558597 		.ascii	"\322U\205\227\367\343M\261\011\011\020\010\004X\200"
 4895      F7E34DB1 
 4895      09091008 
 4895      045880
 4896 0046 00B18B45 		.ascii	"\000\261\213EP\354\002\261ha\221\000\261\357\373.\201"
 4896      50EC02B1 
 4896      68619100 
 4896      B1EFFB2E 
 4896      81
 4897 0057 58040810 		.ascii	"X\004\010\020\002\304\334\210\310\312\310T\026\266O"
 4897      02C4DC88 
 4897      C8CAC854 
 4897      16B64F
 4898 0066 9FF3CE19 		.ascii	"\237\363\316\031\301\315\255\276\370\356\215\033\021"
 4898      C1CDADBE 
 4898      F8EE8D1B 
 4898      11
 4899 0073 376E4465 		.ascii	"7nDe\225\016\224\2442\227$\245\311\222\364\022\377T"
 4899      950E94A4 
 4899      329724A5 
 4899      C992F412 
 4899      FF54
 4900 0085 49920EA3 		.ascii	"I\222\016\243\000\012\301g\364\317\211\342\302\353("
 4900      000AC167 
 4900      F4CF89E2 
 4900      C2EB28
 4901 0094 94CE285D 		.ascii	"\224\316(]P\272\241D\240\274\201\362\226\2163\377\375"
 4901      50BAA144 
 4901      A0BC81F2 
 4901      968E33FF 
 4901      FD
 4902 00a5 BD224991 		.ascii	"\275\"I\221xNC\351\212\322\015e\013\222\376\036\317"
 4902      784E43E9 
 4902      8AD20D65 
 4902      0B92FE1E 
 4902      CF
 4903 00b6 DD11FF01 		.ascii	"\335\021\377\001\312\373(\377\210\362\337P\376Y\346"
 4903      CAFB28FF 
 4903      88F2DF50 
 4903      FE59E6
 4904 00c5 3AFBE359 		.ascii	":\373\343Y\223\270\2168\224x\224!(\237\242$\206\321"
 4904      93B88E38 
 4904      94789421 
 4904      289FA224 
 4904      86D1
 4905 00d7 F307D413 		.ascii	"\363\007\324\023\323A\017\265\233\352\372R\346\372B"
 4905      D3410FB5 
 4905      9BEAFA52 
 4905      E6FA42
 4906 00e6 FCB7519A 		.ascii	"\374\267Q\232t\235\255(O\250\015D\222\006\240\224\341"
 4906      749DAD28 
 4906      4FA80D44 
 4906      9206A094 
 4906      E1
 4907 00f7 F54A94DF 		.ascii	"\365J\224\337 \236\372\240\026\257[P\376\001?\373#\312"
ARM GAS  /tmp/ccmXepIc.s 			page 122


 4907      209EFAA0 
 4907      16AF5B50 
 4907      FE013FFB 
 4907      23CA
 4908 0109 69DD2E5A 		.ascii	"i\335.Z\357\177\302\373\377N\270]\003\361\034G\354v"
 4908      EF7FC2FB 
 4908      FF4EB85D 
 4908      03F11C47 
 4908      EC76
 4909 011b C5A05D51 		.ascii	"\305\240]Q\257\250\1778{\006!\207S\367\301&<;$\356_"
 4909      AFA87F38 
 4909      7B062187 
 4909      53F7C126 
 4909      3C3B24EE 
 4910 0130 73DD3F46 		.ascii	"s\335?F\314\237\011o\213\216\177\257+\\OG}c\010\327"
 4910      CC9F096F 
 4910      8B8E7FAF 
 4910      2B5C4F47 
 4910      7D6308D7 
 4911 0144 F91B2C33 		.ascii	"\371\033,3\026\257\177%s\377\377;\261\267A\016>\373"
 4911      16AF7F25 
 4911      73FFFF3B 
 4911      B1B7410E 
 4911      3EFB
 4912 0156 CFBA2D48 		.ascii	"\317\272-H'e\342\271\017\336g\341\371/(\235u\233\\\257"
 4912      2765E2B9 
 4912      0FDE67E1 
 4912      F92F289D 
 4912      759B5CAF 
 4913 016a B02B8F88 		.ascii	"\260+\217\2106\013\365\213P\237\351\3707\225@WP\360"
 4913      360BF58B 
 4913      509FE9F8 
 4913      37954057 
 4913      50F0
 4914 017c D80DBAB3 		.ascii	"\330\015\272\263\353\\\340\247.\354Ye\200\337\006\000"
 4914      EB5CE0A7 
 4914      2EEC5965 
 4914      80DF0600 
 4915 018c 1B936852 		.ascii	"\033\223hR\357\000\373\273\362\226\004\025\300\010\342"
 4915      EF00FBBB 
 4915      F2960415 
 4915      C008E2
 4916 019b 22C99712 		.ascii	"\"\311\227\022\031&\221\277J\263\211\366\342\330\361"
 4916      192691BF 
 4916      4AB389F6 
 4916      E2D8F1
 4917 01aa 430ED77F 		.ascii	"C\016\327\177\002\300\377\225\201@c\240z$\221\240?\364"
 4917      02C0FF95 
 4917      814063A0 
 4917      7A2491A0 
 4917      3FF4
 4918 01bc 9160073E 		.ascii	"\221`\007>\001\011\252\000\252A\306\313Q\201\300\363"
 4918      0109AA00 
 4918      AA41C6CB 
 4918      5181C0F3 
 4919 01cc DFE27936 		.ascii	"\337\342y6\221K\332\017-\213tQ|ex<b.\316\2317%*\012"
 4919      914BDA0F 
ARM GAS  /tmp/ccmXepIc.s 			page 123


 4919      2D8B7451 
 4919      7C65783C 
 4919      622ECE99 
 4920 01e4 31CD8192 		.ascii	"1\315\201\222j\005j\0006\000\254G\033`'\036\0200\365"
 4920      6A056A00 
 4920      3600AC47 
 4920      1B60271E 
 4920      1030F5
 4921 01f7 E1C2079D 		.ascii	"\341\302\007\235\242.\275\022\240\254\235\2675'\242"
 4921      A22EBD12 
 4921      A0AC9DB7 
 4921      3527A2
 4922 0206 47CCE540 		.ascii	"G\314\345@\240\365\374\270s\325\377P\2257.P0\222\300"
 4922      A0F5FCB8 
 4922      73D5FF50 
 4922      95372E50 
 4922      3092C0
 4923 0219 2E80ED00 		.ascii	".\200\355\000{\004\2767J_)@\231\002\225\212\244?\207"
 4923      7B04BE37 
 4923      4A5F2940 
 4923      9902958A 
 4923      A43F87
 4924 022c 6D0CB415 		.ascii	"m\014\264\025`7\033\224\273\200j\255,\277\277\326\025"
 4924      60371B94 
 4924      BB806AAD 
 4924      2CBFBFD6 
 4924      15
 4925 023d 63C3D65A 		.ascii	"c\303\326Z\260\314\205\037\260c\255\304\375\252\220"
 4925      B0CC851F 
 4925      B063ADC4 
 4925      FDAA90
 4926 024c 63C09F57 		.ascii	"c\300\237WJ\344\"\273\374=\320\201\037\315\256$\322"
 4926      4AE422BB 
 4926      FC3DD081 
 4926      1FCDAE24 
 4926      D2
 4927 025d C8E88F07 		.ascii	"\310\350\217\007\352\213\235.V\353\3121\021\006\375"
 4927      EA8B9D2E 
 4927      56EBCA31 
 4927      1106FD
 4928 026c 11400CB2 		.ascii	"\021@\014\262\037\0068\004\244\031\341\255\014~\355"
 4928      1F063804 
 4928      A419E1AD 
 4928      0C7EED
 4929 027b E1CA96E8 		.ascii	"\341\312\226\350\030\336F\225\254}\3408\300\011j\211"
 4929      18DE4695 
 4929      AC7DE038 
 4929      C0096A89 
 4930 028b C49C74EF 		.ascii	"\304\234t\357\322\314U&/\236\020\225>\211\0072\022\033"
 4930      D2CC5526 
 4930      2F9E1095 
 4930      3E890732 
 4930      121B
 4931 029d 79BC4C81 		.ascii	"y\274L\201\273\037\355\233\256\332\025\2376+f\346\367"
 4931      BB1FED9B 
 4931      AEDA159F 
 4931      362B66E6 
ARM GAS  /tmp/ccmXepIc.s 			page 124


 4931      F7
 4932 02ae 614727AF 		.ascii	"aG'\257\225Df \303<\224E\214\345JK\331R\331j\317%\200"
 4932      95446620 
 4932      C33C9445 
 4932      8CE54A4B 
 4932      D952D96A 
 4933 02c5 CBBA3DA4 		.ascii	"\313\272=\244\214\201\012\367\3465\271\254\240+\002"
 4933      8C810AF7 
 4933      E635B9AC 
 4933      A02B02
 4934 02d4 4459EE8C 		.ascii	"DY\356\214\256u\012\243\257\012\243\257Q\243\313)\213"
 4934      AE750AA3 
 4934      AF0AA3AF 
 4934      51A3CB29 
 4934      8B
 4935 02e5 76F2EEFD 		.ascii	"v\362\356\375y\2211=z \311\030\336\024\347\001\316\001"
 4935      7991313D 
 4935      7A20C918 
 4935      DE14E701 
 4935      CE01
 4936 02f7 53788335 		.ascii	"Sx\2035E#@\003eD\242\326\266\302\3115\235\213\261jQ"
 4936      45234003 
 4936      6544A2D6 
 4936      B6C2C935 
 4936      9D8BB16A 
 4937 030c C801D719 		.ascii	"\310\001\327\031\304\334\374\033\200\302\202\223F\217"
 4937      C4DCFC1B 
 4937      80C28293 
 4937      468F
 4938 031a 0B74E198 		.ascii	"\013t\341\230\2136L_j\333\365\207W\016G\305\330\224"
 4938      8B364C5F 
 4938      6ADBF587 
 4938      570E47C5 
 4938      D894
 4939 032c 5EE9A894 		.ascii	"^\351\250\224y\251'\271\205\256y\300j\275sQ\353-b\255"
 4939      79A927B9 
 4939      85AE79C0 
 4939      6ABD7351 
 4939      EB2D62AD 
 4940 0340 F56D803B 		.ascii	"\365m\200;!\327\2641\320\262`K\241\303\012\272+@\010"
 4940      21D7B431 
 4940      D0B2604B 
 4940      A1C30ABA 
 4940      2B4008
 4941 0353 5870BF62 		.ascii	"Xp\277b\234*\\sOX\330\314;\375\313\255KO\3121=l\035"
 4941      9C2A5C73 
 4941      4F58D8CC 
 4941      3BFDCBAD 
 4941      4B4FCA31 
 4942 036a 1475DD67 		.ascii	"\024u\335g\006>\320]\022|Z\036\010DDa9Z\325\373a\252"
 4942      063ED05D 
 4942      127C5A1E 
 4942      08444461 
 4942      395AD5FB 
 4943 0380 5AFAE8F1 		.ascii	"Z\372\350\361\022\305\336\325\357Z\230\010\006:\202"
 4943      12C5DED5 
 4943      EF5A9808 
ARM GAS  /tmp/ccmXepIc.s 			page 125


 4943      063A82
 4944 038f 018CE4A3 		.ascii	"\001\214\344\243LC\231MXm\257\037-P\255\025i\005x**"
 4944      4C43994D 
 4944      586DAF1F 
 4944      2D50AD15 
 4944      6905782A 
 4945 03a4 B2FBC9AA 		.ascii	"\262\373\311\252\025\321\242\"O\205\3766\332\306\245"
 4945      15D1A222 
 4945      4F85FE36 
 4945      DAC6A5
 4946 03b3 847A5063 		.ascii	"\204zPc#\304\301\256(\323\367$\310\330\357\2358^\255"
 4946      23C4C1AE 
 4946      28D3F724 
 4946      C8D8EF9D 
 4946      385EAD
 4947 03c6 B9021D3B 		.ascii	"\271\002\035;k; \016\015{\001\360\034\310F4f+\203\217"
 4947      6B3B200E 
 4947      0D7B01F0 
 4947      1CC84634 
 4947      662B838F 
 4948 03da 1937B3AE 		.ascii	"\0317\263\256C\257\034)\303(Yw\375n\016z4\357q\007\213"
 4948      43AF1C29 
 4948      C3285977 
 4948      FD6E0E7A 
 4948      34EF7107 
 4949 03ef 470B1002 		.ascii	"G\013\020\002N\314\234\271Z\026\026\217\221\015\213"
 4949      4ECC9CB9 
 4949      5A16168F 
 4949      910D8B
 4950 03fe C7629C25 		.ascii	"\307b\234%\007\031\313\211\226\245\027:\205\001A\216"
 4950      0719CB89 
 4950      96A5173A 
 4950      8501418E 
 4951 040e CC600869 		.ascii	"\314`\010ih\230\2650R@\306\011\236\\\312s\005\315\276"
 4951      6898B530 
 4951      5240C609 
 4951      9E5CCA73 
 4951      05CDBE
 4952 0421 89F280F2 		.ascii	"\211\362\200\362u\275V\321\264\000zt\353\301\377hO~"
 4952      75BD56D1 
 4952      B4007A74 
 4952      EBC1FF68 
 4952      4F7E
 4953 0433 306F7B5D 		.ascii	"0o{]W\336\223O\002<\006\310\227\177&\220I\024\202n)"
 4953      57DE934F 
 4953      023C06C8 
 4953      977F2690 
 4953      4914826E 
 4954 0448 90A15086 		.ascii	"\220\241P\206\2512L\226a\222\014\323d\230(\303\024:"
 4954      A9324C96 
 4954      61920CD3 
 4954      649828C3 
 4954      143A
 4955 045a 47D012C5 		.ascii	"G\320\022\305\313\246v\246\321\361%\300\2630\244\324"
 4955      CBA676A6 
 4955      D1F125C0 
 4955      B330A4D4 
ARM GAS  /tmp/ccmXepIc.s 			page 126


 4956 046a DEC9751C 		.ascii	"\336\311u\034\222+C@\016\257\367\326R\203eB\030\010"
 4956      922B4340 
 4956      0EAFF7D6 
 4956      52836542 
 4956      1808
 4957 047c ED7707F2 		.ascii	"\355w\007\362\370\030;\003\360\350\025\212ruE\303 \357"
 4957      F8183B03 
 4957      F0E8158A 
 4957      727545C3 
 4957      20EF
 4958 048e 157A9E0A 		.ascii	"\025z\236\012=\343\303\353i.\323I\332\000\236\204\321"
 4958      3DE3C3EB 
 4958      692ED349 
 4958      DA009E84 
 4958      D1
 4959 049f C302180F 		.ascii	"\303\002\030\017f\335I\251B\357\177\203t\354\204\221"
 4959      66DD49A9 
 4959      42EF7F83 
 4959      74EC8491 
 4960 04af 4AA14DB5 		.ascii	"J\241M\265\351\342\310\005|\2362\315k\263dD\240;g\312"
 4960      E9E2C805 
 4960      7C9E32CD 
 4960      6BB36444 
 4960      A03B67CA 
 4961 04c3 50243396 		.ascii	"P$3\226\236d\203\"\221\012V\344\336\332s\015\235:\026"
 4961      9E648322 
 4961      910A56E4 
 4961      DEDA730D 
 4961      9D3A16
 4962 04d6 996B2E42 		.ascii	"\231k.Bj\020\\\307\300\347\237\256<j\003\317\267\200"
 4962      6A105CC7 
 4962      C0E79FAE 
 4962      3C6A03CF 
 4962      B780
 4963 04e8 8F30CB7A 		.ascii	"\2170\313z\302\377eG\211\234f\005G]\230]\312\246\211"
 4963      C2FF6547 
 4963      899C6605 
 4963      475D985D 
 4963      CAA689
 4964 04fb 96406551 		.ascii	"\226@eQ\201f\204\241%2\202\260\354b\031\026\311\210"
 4964      816684A1 
 4964      253282B0 
 4964      EC621916 
 4964      C988
 4965 050d AB1F3571 		.ascii	"\253\0375q[g\321\327\226\012'\224\312z\214z\223\\C{"
 4965      5B67D1D7 
 4965      960A2794 
 4965      CA7A8C7A 
 4965      935C437B 
 4966 0521 6EA2DC63 		.ascii	"n\242\334c\324+7N\\\244X\307\301J\031\312B\203\245\235"
 4966      D42B374E 
 4966      5CA458C7 
 4966      C14A19CA 
 4966      4283A59D 
 4967 0535 814A6A2A 		.ascii	"\201Jj*\016t\010f\253\004\010\001\005\347\356(B\357"
 4967      0E740866 
 4967      AB040801 
ARM GAS  /tmp/ccmXepIc.s 			page 127


 4967      05E7EE28 
 4967      42EF
 4968 0547 6AA13718 		.ascii	"j\2417\030\322\333\205LT%R\210\362#\312,\225\226\312"
 4968      D2DB854C 
 4968      54255288 
 4968      F223CA2C 
 4968      9596CA
 4969 055a BBD7F477 		.ascii	"\273\327\364wV\326\0152l\024\254\363\246-/1\315f\033"
 4969      56D60D32 
 4969      6C14ACF3 
 4969      A62D2F31 
 4969      CD661B
 4970 056d 052D4DDD 		.ascii	"\005-M\335\310\022J\242\214\332\260\367vD\230\010X."
 4970      C8124AA2 
 4970      8CDAB0F7 
 4970      76449808 
 4970      582E
 4971 057f C366360E 		.ascii	"\303f6\016\266\310\372\244p\242)X\250m\3010\230\367"
 4971      B6C8FAA4 
 4971      70A22958 
 4971      A86DC130 
 4971      98F7
 4972 0591 2612C07A 		.ascii	"&\022\300z\006\260\365\222\256\020\305Z\371\022z\011"
 4972      06B0F592 
 4972      AE10C55A 
 4972      F9127A09 
 4973 05a1 2DBD83D2 		.ascii	"-\275\203\322\302\254\235\275\355v\240C\260\336\201"
 4973      C2AC9DBD 
 4973      ED76A043 
 4973      B0DE81
 4974 05b0 894EC853 		.ascii	"\211N\310S9\032\005\335X\276\3736XAU\002\204\200`\345"
 4974      391A05DD 
 4974      58BEFB36 
 4974      58415502 
 4974      848060E5 
 4975 05c4 F16D9AA8 		.ascii	"\361m\232\250S\265\260\240\206\326i\026eq\256\232\276"
 4975      53B5B0A0 
 4975      86D66916 
 4975      6571AE9A 
 4975      BE
 4976 05d5 B7D1D923 		.ascii	"\267\321\331#\206E\200\362\266\302U\243\035\201\332"
 4976      864580F2 
 4976      B6C255A3 
 4976      1D81DA
 4977 05e4 4A40048D 		.ascii	"J@\004\215\335\273\303\014\020}v\332*C\205\314\314\332"
 4977      DDBBC30C 
 4977      107D76DA 
 4977      2A4385CC 
 4977      CCDA
 4978 05f6 CDAABE4B 		.ascii	"\315\252\276K\206=2\324\352\016\010\256\326\247;\344"
 4978      863D32D4 
 4978      EA0E08AE 
 4978      D6A73BE4 
 4979 0606 B96EE3E1 		.ascii	"\271n\343\341Sbs\371\302Il\030\035\005\330)\2331\347"
 4979      536273F9 
 4979      C2496C18 
 4979      1D05D829 
ARM GAS  /tmp/ccmXepIc.s 			page 128


 4979      9B31E7
 4980 0619 203451CC 		.ascii	" 4Q\314\017\266\224h16\255Ua\264\222y\232D\026\263:"
 4980      0FB69468 
 4980      3136AD55 
 4980      61B49279 
 4980      9A4416B3 
 4981 062e 35B4975E 		.ascii	"5\264\227^\356DC[\200E\265\375\213\365\250\366\020`"
 4981      EE44435B 
 4981      8045B5FD 
 4981      8BF5A8F6 
 4981      1060
 4982 0640 9F0CF53F 		.ascii	"\237\014\365?W)\211B\220|\277\014\007e8\240\207\261"
 4982      57298942 
 4982      907CBF0C 
 4982      076538A0 
 4982      87B1
 4983 0652 E0B9C501 		.ascii	"\340\271\305\001V\245:\031\2663\226\020\332`\011\236"
 4983      56A53A19 
 4983      B6339610 
 4983      DA60099E 
 4984 0662 D2213701 		.ascii	"\322!7\001\3662\010\037<!\010YN\315\373\335\213us';"
 4984      F632081F 
 4984      3C210859 
 4984      4ECDFBDD 
 4984      8B757327 
 4985 0677 31E6C6F4 		.ascii	"1\346\306\3640\377Q\257\315\335\223\023\35022\012\026"
 4985      30FF51AF 
 4985      CDDD9313 
 4985      E832320A 
 4985      16
 4986 0688 C85022C3 		.ascii	"\310P\"\3031\231\015[\011f\310\"\217x*b\334)\240\220"
 4986      31990D5B 
 4986      0966C822 
 4986      8F782A62 
 4986      DC29A090 
 4987 069c 505DF682 		.ascii	"P]\366\202\021\302\316/Vi\033\242\376m\214\305f\250"
 4987      11C2CE2F 
 4987      56691BA2 
 4987      FE6D8CC5 
 4987      66A8
 4988 06ae 5EDDFDE8 		.ascii	"^\335\375\350\017`3\3261V\341\2432\234\226\341\222\014"
 4988      0F6033D6 
 4988      3156E1A3 
 4988      329C96E1 
 4988      920C
 4989 06c0 67D07219 		.ascii	"g\320r\031.\313p\030\273\201\014ge8'\303)\031N\310p"
 4989      2ECB7018 
 4989      BB810C67 
 4989      653827C3 
 4989      29194EC8 
 4990 06d5 44860B32 		.ascii	"D\206\0132\034\227\341\244\336\324\315\023WL\0155\343"
 4990      1C97E1A4 
 4990      DED4CD13 
 4990      574C0D35 
 4990      E3
 4991 06e6 418B4507 		.ascii	"A\213E\007\014\213\202M\313\014\307\\`\230\220c\316"
 4991      0C8B824D 
ARM GAS  /tmp/ccmXepIc.s 			page 129


 4991      CB0CC75C 
 4991      60989063 
 4991      CE
 4992 06f7 82115567 		.ascii	"\202\021Ug\357\013\205\346C\262\215\006k\317j\246O%"
 4992      EF0B85E6 
 4992      43B28D06 
 4992      6BCF6AA6 
 4992      4F25
 4993 0709 D8924D16 		.ascii	"\330\222M\026]\267\004(xs,w\021\016\271u\026\246s :"
 4993      5DB70428 
 4993      78732C77 
 4993      110EB975 
 4993      16A67320 
 4994 071e DFB35D9C 		.ascii	"\337\263]\234)(\303\012\013h\231lX\264z\351\324N\301"
 4994      2928C30A 
 4994      0B68996C 
 4994      58B47AE9 
 4994      D44EC1
 4995 0731 0081D932 		.ascii	"\000\201\3312\374\330\2619\246\313\274\305\365\346\300"
 4995      FCD8B139 
 4995      A6CBBCC5 
 4995      F5E6C0
 4996 0740 49A0C56E 		.ascii	"I\240\305n\220>\347\354\341\252v\002,\267\253\322\333"
 4996      903EE7EC 
 4996      E1AA7602 
 4996      2CB7ABD2 
 4996      DB
 4997 0751 35770227 		.ascii	"5w\002'\302\231\367\230\275]u\243\227\353\006\315\223"
 4997      C299F798 
 4997      BD5D75A3 
 4997      97EB06CD 
 4997      93
 4998 0762 614E4783 		.ascii	"aNG\203\212\271AwE\027\\+\233=\275F\324k\246nP\251\014"
 4998      8AB94177 
 4998      45175C2B 
 4998      9B3DBD46 
 4998      D46BA66E 
 4999 0779 0B2D06CD 		.ascii	"\013-\006\315\220C\003o\324\206\366\006s2\252w\225\321"
 4999      9043036F 
 4999      D486F606 
 4999      7332AA77 
 4999      95D1
 5000 078b 7F7B5721 		.ascii	"\177{W!A\034\237\233X\344:5\343hq\207\310u\015\343D"
 5000      411C9F9B 
 5000      58E43A35 
 5000      E3687187 
 5000      C8750DE3 
 5001 07a0 28BCD533 		.ascii	"(\274\3253\320\316\365\253~\3150\225!\314\015\201\301"
 5001      D0CEF5AB 
 5001      7ECD3095 
 5001      21CC0D81 
 5001      C1
 5002 07b1 CF176FBD 		.ascii	"\317\027o\275\260\326\224\3465\210Z4\262d\007\2655\240"
 5002      B0D694E6 
 5002      35885A34 
 5002      B26407B5 
 5002      35A0
ARM GAS  /tmp/ccmXepIc.s 			page 130


 5003 07c3 DC436961 		.ascii	"\334Cia\204\333Go\231\020a_\207"
 5003      84DB476F 
 5003      9910615F 
 5003      87
 5004 07d0 DC964DEB 		.ascii	"\334\226M\353\020\014\362;F\215\035/\367\210\241Q\274"
 5004      100CF23B 
 5004      468D1D2F 
 5004      F788A151 
 5004      BC
 5005 07e1 A02DB0AE 		.ascii	"\240-\260\256\307\316\321, \336\221\241I\206{?\227\021"
 5005      C7CED12C 
 5005      20DE91A1 
 5005      49867B3F 
 5005      9711
 5006 07f3 C12D0642 		.ascii	"\301-\006B\276\273\254\322+\035T\365\224\031K\"\354"
 5006      BEBBACD2 
 5006      2B1D54F5 
 5006      94194B22 
 5006      EC
 5007 0804 E96EB315 		.ascii	"\351n\263\025\272\316A\347\204\257\214\245\333W8'W\260"
 5007      BACE41E7 
 5007      84AF8CA5 
 5007      DB573827 
 5007      57B0
 5008 0816 E28B724E 		.ascii	"\342\213rN\277\014\263\202z$#\006\213\267\310\360P&"
 5008      BF0CB382 
 5008      7A242306 
 5008      8BB7C8F0 
 5008      5026
 5009 0828 BB1CE839 		.ascii	"\273\034\3509\012W\026\324\026\317v\305\330\227/\255"
 5009      0A5716D4 
 5009      16CF76C5 
 5009      D8972FAD 
 5010 0838 323C65FA 		.ascii	"2<e\372\332\364\220V\376`\336\304\177d\265\343\001\353"
 5010      DAF49056 
 5010      FE60DEC4 
 5010      7F64B5E3 
 5010      01EB
 5011 084a A92D609D 		.ascii	"\251-`\235f\372k'\374X\020m_\231<\263\360\361e\033\220"
 5011      66FA6B27 
 5011      FC58106D 
 5011      5F993CB3 
 5011      F0F1651B 
 5012 085f 6B684713 		.ascii	"khG\023J\013+\272n\364\334\302(\273\351\001b^u\266#"
 5012      4A0B2BBA 
 5012      6EF4DCC2 
 5012      28BBE901 
 5012      625E75B6 
 5013 0874 7C8C93E5 		.ascii	"|\214\223\345\356G\352\036t\350\031\243\011\214!z\317"
 5013      EE47EA1E 
 5013      74E819A3 
 5013      098C217A 
 5013      CF
 5014 0885 98CA40EB 		.ascii	"\230\312@\353nm\332\243YAc\005\010\001-s\362\026;D\327"
 5014      6E6DDAA3 
 5014      59416305 
 5014      08012D73 
ARM GAS  /tmp/ccmXepIc.s 			page 131


 5014      F2163B44 
 5015 089a C82146A3 		.ascii	"\310!F\243\215#\310\262\300\211\253\000\306t\240\266"
 5015      8D23C8B2 
 5015      C089AB00 
 5015      C674A0B6 
 5016 08aa F27167BB 		.ascii	"\362qg\273uy\304\322%\234\255/^NT\3659\022\327{\007"
 5016      7579C4D2 
 5016      259CAD2F 
 5016      5E4E54F5 
 5016      3912D77B 
 5017 08bf 17EAEBBD 		.ascii	"\027\352\353\275\361\230\260\022\230H:N\\\266\371j4"
 5017      F198B012 
 5017      98483A4E 
 5017      5CB6F96A 
 5017      34
 5018 08d0 4321E324 		.ascii	"C!\343$\002\371\004&\020=t\036\250\3413\3408BgI\023"
 5018      02F90426 
 5018      103D741E 
 5018      A8E133E0 
 5018      38426749 
 5019 08e5 9169E158 		.ascii	"\221i\341X\257\317\244\210\271h\303\260\261:\256\366"
 5019      AFCFA488 
 5019      B968C3B0 
 5019      B13AAEF6 
 5020 08f5 E645977D 		.ascii	"\346E\227}\222\034\033F)\331\210u\257G9\311\352\277"
 5020      921C1B46 
 5020      29D98875 
 5020      AF4739C9 
 5020      EABF
 5021 0907 F1FAEC53 		.ascii	"\361\372\354S.\327%[\262\3072B\221\3549\217\255,\036"
 5021      2ED7255B 
 5021      B2C73242 
 5021      91EC398F 
 5021      AD2C1E
 5022 091a 27D3098B 		.ascii	"'\323\011\213O\250\247\026v\035\311\0340\231\300(\002"
 5022      4FA8A716 
 5022      761DC91C 
 5022      3099C028 
 5022      02
 5023 092b 33488719 		.ascii	"3H\207\031\3462\235\247\026\242\331E\330\265\012\011"
 5023      E6329DA7 
 5023      16A2D945 
 5023      D8B50A09 
 5024 093b 4C61980E 		.ascii	"La\230\016\201H\267\367M\011^\3104\022B\001g\002\230"
 5024      8148B7F7 
 5024      4D095EC8 
 5024      34124201 
 5024      670298
 5025 094e 46E04702 		.ascii	"F\340G\002\323u'\005\233t\007\320\234\\\246\220\216"
 5025      D3752705 
 5025      9B7407D0 
 5025      9C5CA690 
 5025      8E
 5026 095f E19C5CE2 		.ascii	"\341\234\\\342\335bL\311N5\306F[\024\206\226\365\325"
 5026      DD624CC9 
 5026      4E35C646 
 5026      5B148696 
ARM GAS  /tmp/ccmXepIc.s 			page 132


 5026      F5D5
 5027 0971 0090C7E8 		.ascii	"\000\220\307\350\211\347(\343#\350\272\277\252\272("
 5027      89E728E3 
 5027      23E8BABF 
 5027      AABA28
 5028 0980 9F36336D 		.ascii	"\23763m\231z}2\032\213\221\026\343\255]\251p\367,B\253"
 5028      997A7D32 
 5028      1A8B9116 
 5028      E3AD5DA9 
 5028      70F72C42 
 5029 0995 04C50C86 		.ascii	"\004\305\014\206zJ\010\314%\372\322\247nE\"e\341)\303"
 5029      7A4A08CC 
 5029      25FAD2A7 
 5029      6E452265 
 5029      E129C3
 5030 09a8 BC8E7E22 		.ascii	"\274\216~\"S\251^9\177\375\341\0325\306F8\277#!\313"
 5030      53A95E39 
 5030      7FFDE11A 
 5030      35C64638 
 5030      BF2321CB 
 5031 09bc 180B5EE3 		.ascii	"\030\013^\343\306\347\001\231\027\301\037\005\370\006"
 5031      C6E70199 
 5031      17C11F05 
 5031      F806
 5032 09ca 5B002BB4 		.ascii	"[\000+\264\222\021\236\035\273f\222u\024\341\\\023\032"
 5032      92119E1D 
 5032      BB669275 
 5032      14E15C13 
 5032      1A
 5033 09db 43410669 		.ascii	"CA\006i\332<\2659\312:\206\226\023\003\204\200\351\355"
 5033      DA3CB539 
 5033      CA3A8696 
 5033      13038480 
 5033      E9ED
 5034 09ed 07CB5D62 		.ascii	"\007\313]b\014\255\020\036XIt\007va\332e\262\235\331"
 5034      0CAD101E 
 5034      58497407 
 5034      7661DA65 
 5034      B29DD9
 5035 0a00 F15F3070 		.ascii	"\361_0p\021v\226H\015\323\361$\247t.[\343\334\016T\216"
 5035      11769648 
 5035      0DD3F124 
 5035      A7742E5B 
 5035      E3DC0E54 
 5036 0a15 52252823 		.ascii	"R%(#\260\012\227\"k)\006\253\265\006'_B\366GH\344\204"
 5036      B00A9722 
 5036      6B2906AB 
 5036      B506275F 
 5036      42F64748 
 5037 0a2b 5E9197B4 		.ascii	"^\221\227\264\324\303Q\373OG\031+p|j$\342X\2667l$\344"
 5037      D4C351FB 
 5037      4F47192B 
 5037      707C6A24 
 5037      E258B637 
 5038 0a42 3C16B9C2 		.ascii	"<\026\271\3024\334\336us\177'\373\370\335L:n-\021f\360"
 5038      34DCDE75 
 5038      737F27FB 
ARM GAS  /tmp/ccmXepIc.s 			page 133


 5038      F8DD4C3A 
 5038      6E2D1166 
 5039 0a57 9BA48935 		.ascii	"\233\244\2115\364\243\365\301It[\221\356.\312\260\203"
 5039      F4A3F5C1 
 5039      49745B91 
 5039      EE2ECAB0 
 5039      83
 5040 0a68 7082D111 		.ascii	"p\202\321\021bY\273\003um'PI\350\326\"\306\343\177\306"
 5040      6259BB03 
 5040      756D2750 
 5040      49E8D622 
 5040      C6E37FC6 
 5041 0a7c 278C821F 		.ascii	"'\214\202\037U$\031W3\363\221j\336\237,}S\322\347\343"
 5041      55241957 
 5041      33F3916A 
 5041      DE9F2C7D 
 5041      53D2E7E3 
 5042 0a90 1A2CBD93 		.ascii	"\032,\275\223\300.\"\343%e\300|\232\220\207L\367\223"
 5042      C02E22E3 
 5042      2565C07C 
 5042      9A90874C 
 5042      F793
 5043 0aa2 D5ABA639 		.ascii	"\325\253\2469\315\305\212\214b{\260X\035\201ZZ\344O"
 5043      CDC58A8C 
 5043      627BB058 
 5043      1D815A5A 
 5043      E44F
 5044 0ab4 7887B92D 		.ascii	"x\207\271-!\255X\331\027(#]\264\364\356\373c\016F\363"
 5044      21AD58D9 
 5044      1728235D 
 5044      B4F4EEFB 
 5044      630E46F3 
 5045 0ac8 2EDA3A6B 		.ascii	".\332:k\355\375\363\037\324\360\331i\030\354#p\300\026"
 5045      EDFDF31F 
 5045      D4F0D969 
 5045      18EC2370 
 5045      C016
 5046 0ada 3F3A866C 		.ascii	"?:\206l\211b\3201\007\011\324\033\303K\317\226\206\301"
 5046      8962D031 
 5046      0709D41B 
 5046      C34BCF96 
 5046      86C1
 5047 0aec 7E1B0576 		.ascii	"~\033\005v\321\265.\234\265\251nelm~1\260\2111xF/\203"
 5047      D1B52E9C 
 5047      B5A96E65 
 5047      6C6D7E31 
 5047      B0893178 
 5048 0b03 19CD614C 		.ascii	"\031\315aL\374:\026\3528\323I\024\202j\217\260\020\264"
 5048      FC3A16EA 
 5048      38D34914 
 5048      826A8FB0 
 5048      10B4
 5049 0b15 9DB18D5B 		.ascii	"\235\261\215[\362bzg\373ZJ\202\343\014z\"d^\235P\205"
 5049      F2627A67 
 5049      FB5A4A82 
 5049      E30C7A22 
 5049      645E9D50 
ARM GAS  /tmp/ccmXepIc.s 			page 134


 5050 0b2a C9D3719B 		.ascii	"\311\323q\233}\325h\337n\224\275\314?Mg\252\267\313"
 5050      7DD568DF 
 5050      6E94BDCC 
 5050      3F4D67AA 
 5050      B7CB
 5051 0b3c DC3FC195 		.ascii	"\334?\301\225zI\034\302\247\011\234\015cd\007\337\234"
 5051      7A491CC2 
 5051      A7099C0D 
 5051      636407DF 
 5051      9C
 5052 0b4d 659ACF10 		.ascii	"e\232\317\0208\027\032\276\345\213'\207\366\002N\331"
 5052      38171ABE 
 5052      E58B2787 
 5052      F6024ED9 
 5053 0b5d 2868E4A9 		.ascii	"(h\344\251G\315\207\230\346\003G\002q=\230w\232'\357"
 5053      47CD8798 
 5053      E6034702 
 5053      713D9877 
 5053      9A27EF
 5054 0b70 9A1C8A1D 		.ascii	"\232\034\212\035\027\010\\\356\250\230\3326\333pz\236"
 5054      17085CEE 
 5054      A898DA36 
 5054      DB707A9E 
 5055 0b80 DC1111B6 		.ascii	"\334\021\021\266\335.3\333.\022\270D\330\370\214z\261"
 5055      DD2E33DB 
 5055      2E12B844 
 5055      D8F88C7A 
 5055      B1
 5056 0b91 7F7A1D86 		.ascii	"\177z\035\206d\272\177C-m\275\316R~l\277\275\004\256"
 5056      64BA7F43 
 5056      2D6DBDCE 
 5056      527E6CBF 
 5056      BD04AE
 5057 0ba4 910EF338 		.ascii	"\221\016\3638M\014\317\352*\261)\0161\310\317\271\343"
 5057      4D0CCFEA 
 5057      2AB1290E 
 5057      31C8CFB9 
 5057      E3
 5058 0bb5 1A53D980 		.ascii	"\032S\331\200S\023\201\033\004\256\022\270\242\373%"
 5058      5313811B 
 5058      04AE12B8 
 5058      A2FB25
 5059 0bc4 B8594F32 		.ascii	"\270YO2\321#'_\241n\257\256\016[\354Xxu\301b\235\005"
 5059      D123275F 
 5059      A16EAFAE 
 5059      0E5BEC58 
 5059      7875C162 
 5060 0bda EB763E0C 		.ascii	"\353v>\014\313l\322\271\366\370\316\321\321|y\304<\333"
 5060      CB6CD2B9 
 5060      F6F8CED1 
 5060      D17C79C4 
 5060      3CDB
 5061 0bec AEAF18F1 		.ascii	"\256\257\030\361\1779\201\273\341\374\326\334\2668{"
 5061      7F3981BB 
 5061      E1FCD6DC 
 5061      B6387B
 5062 0bfb 7E147C25 		.ascii	"~\024|%u\374X\337\335\341K#T\206\351\372]\241\362\234"
ARM GAS  /tmp/ccmXepIc.s 			page 135


 5062      75FC58DF 
 5062      DDE14B23 
 5062      5486E9FA 
 5062      5DA1F29C 
 5063 0c0f 48D71B17 		.ascii	"H\327\033\027N\312\017@\365\2338\372`7\323RE\330\370"
 5063      4ECA0F40 
 5063      F59B38FA 
 5063      6037D352 
 5063      45D8F8
 5064 0c22 EC0D5B08 		.ascii	"\354\015[\010\334$z\023\266\215\036W\371Q\024\306\005"
 5064      DC247A13 
 5064      B68D1E57 
 5064      F95114C6 
 5064      05
 5065 0c33 D8C6405B 		.ascii	"\330\306@[\011T\020\023\252?C\335\256\311\241\250\032"
 5065      09541013 
 5065      AA3F43DD 
 5065      AEC9A1A8 
 5065      1A
 5066 0c44 42177488 		.ascii	"B\027t\210\252\266RU\021\333D\302\014G\3077\021\270"
 5066      AAB65255 
 5066      11DB44C2 
 5066      0C47C737 
 5066      11B8
 5067 0c56 43E03681 		.ascii	"C\3406\201F\002\267x\243\313\007\227<\236'\333g\212"
 5067      4602B778 
 5067      A3CB0797 
 5067      3C9E27DB 
 5067      678A
 5068 0c68 E5E427CA 		.ascii	"\345\344'\312\234*{\331*w\345e\320\206{\004\226\022"
 5068      9C2A7BD9 
 5068      2A77E565 
 5068      D0867B04 
 5068      9612
 5069 0c7a 58422D6D 		.ascii	"XB-m&,\250\"\310u\245\245\2650:\344\346\340\304\006"
 5069      262CA822 
 5069      C875A5A5 
 5069      B5303AE4 
 5069      E6E0C406 
 5070 0c8e 5C868E8A 		.ascii	"\\\206\216\212\202u\004\326\023xD\364\310m\356\300E"
 5070      827504D6 
 5070      137844F4 
 5070      C86DEEC0 
 5070      45
 5071 0c9f 02B2DA06 		.ascii	"\002\262\332\006)c\265\012\226.\345\355\333\214\015"
 5071      2963B50A 
 5071      962EE5ED 
 5071      DB8C0D
 5072 0cae C13021C5 		.ascii	"\3010!\305&g\027\357\341-\272\022W#\014\363\312\221"
 5072      266717EF 
 5072      E12DBA12 
 5072      57230CF3 
 5072      CA91
 5073 0cc0 500EB089 		.ascii	"P\016\260\211~\360\210\325\364>\201\007\330\206\270"
 5073      7EF088D5 
 5073      F43E8107 
 5073      D886B8
ARM GAS  /tmp/ccmXepIc.s 			page 136


 5074 0ccf 126431E5 		.ascii	"\022d1\345\030\035\203\362\326\262\222K\235b:\026\201"
 5074      181D83F2 
 5074      D6B2924B 
 5074      9D623A16 
 5074      81
 5075 0ce0 C7246CA1 		.ascii	"\307$l\241\331\244\333\304\302\271\271\021\306\012<"
 5075      D9A4DBC4 
 5075      C2B9B911 
 5075      C60A3C
 5076 0cef 8667379B 		.ascii	"\206g7\233\313\364\354\346\271\014Od\030\251\030\235"
 5076      CBF4ECE6 
 5076      B90C4F64 
 5076      18A9189D 
 5077 0cff E49658D0 		.ascii	"\344\226X\320\356\317\347\335\373\276\0147\031&d\367"
 5077      EECFE7DD 
 5077      FBBE0C37 
 5077      192664F7 
 5078 0d0f 59D34274 		.ascii	"Y\323Btn\031w\300\002\\B\022\012\012\265\260\030\003"
 5078      6E1977C0 
 5078      025C4212 
 5078      0A0AB5B0 
 5078      1803
 5079 0d21 37759E3A 		.ascii	"7u\236:\200-`\346\331l\3429\257\363\\\221\241\236\201"
 5079      802D60E6 
 5079      D96CE239 
 5079      AFF35C91 
 5079      A19E81
 5080 0d34 F86A4CAC 		.ascii	"\370jL\254\015\331\302O\007=!\260\230)\0139l\243\260"
 5080      0DD9C24F 
 5080      073D21B0 
 5080      98290B39 
 5080      6CA3B0
 5081 0d47 7A39C5D0 		.ascii	"z9\305\320\244l&\201vf6O\222\314\253\303\340v\335\244"
 5081      A46C2681 
 5081      7666364F 
 5081      92CCABC3 
 5081      E076DDA4 
 5082 0d5b C7323CB0 		.ascii	"\3072<\260W\2157\333\351z\236\0365\312p\325\202\021"
 5082      578D37DB 
 5082      E97A9E1E 
 5082      35CA70D5 
 5082      8211
 5083 0d6d BB107A16 		.ascii	"\273\020z\026\266\210\300B\3026\372\020E\327\012\250"
 5083      B688C042 
 5083      C236FA10 
 5083      45D70AA8 
 5084 0d7d 99402BC6 		.ascii	"\231@+\306T\002O\011\004\024xN\340\031\201\027\241."
 5084      54024F09 
 5084      0414784E 
 5084      E0198117 
 5084      A12E
 5085 0d8f 7EB0E9A1 		.ascii	"~\260\351\2419\213\323\313\257\372\245\345\027\216\257"
 5085      398BD3CB 
 5085      AFFAA5E5 
 5085      178EAF
 5086 0d9e 7D6CDA1F 		.ascii	"}l\332\037\034%L\033\2550\300\212\253\025\347\243\256"
 5086      1C254C1B 
ARM GAS  /tmp/ccmXepIc.s 			page 137


 5086      AD30C08A 
 5086      AB15E7A3 
 5086      AE
 5087 0daf 8344D72C 		.ascii	"\203D\327,J*`d\037\200\007\227\364?\211\324- \007d-"
 5087      4A2A6064 
 5087      1F800797 
 5087      F43F89D4 
 5087      2D200764 
 5088 0dc4 95C82EE2 		.ascii	"\225\310.\342\"\251\256Zx\253g\013\371\320)\367\214"
 5088      22A9AE5A 
 5088      78AB670B 
 5088      F9D029F7 
 5088      8C
 5089 0dd5 76394B6B 		.ascii	"v9Kk\240\213Ku\312r\243#\325\325\263\015+T\242u\377"
 5089      A08B4B75 
 5089      CA72A323 
 5089      D5D5B30D 
 5089      2B54A275 
 5090 0dea 30A0A44E 		.ascii	"0\240\244N|\275\321\021\220\013>\351\326\377C<6:j!\025"
 5090      7CBDD111 
 5090      900B3EE9 
 5090      D6FF433C 
 5090      363A6A21 
 5091 0dff 4B2528CE 		.ascii	"K%(\316.x\325\350p\265\220\222|-\265^\316\375=\324\202"
 5091      2E78D5E8 
 5091      70B59092 
 5091      7C2DB55E 
 5091      CEFD3DD4 
 5092 0e14 2BB55F37 		.ascii	"+\265_7\254\333\207N\347[\321\325\244\232\014\226$\247"
 5092      ACDB874E 
 5092      E75BD1D5 
 5092      A49A0C96 
 5092      24A7
 5093 0e26 33B8EA75 		.ascii	"3\270\352uW\243#\032)z\246v\357\222\332=\272\026\324"
 5093      57A3231A 
 5093      297AA676 
 5093      EF92DA3D 
 5093      BA16D4
 5094 0e39 D45457B7 		.ascii	"\324TW\267\236\022\032\221\332\257\337\207\262\013\231"
 5094      9E121A91 
 5094      DAAFDF87 
 5094      B20B99
 5095 0e48 15672DF4 		.ascii	"\025g-\364#\020\325/p\271\351\015\227\352\212x\253{"
 5095      2310D52F 
 5095      70B9E90D 
 5095      97EA8A78 
 5095      AB7B
 5096 0e5a 4F494A95 		.ascii	"OIJ\225\006\313\310K^\206\376\300\201:S\305-@O\227\334"
 5096      06CBC84B 
 5096      5E86FEC0 
 5096      813A53C5 
 5096      2D404F97 
 5097 0e6f 4F267F6E 		.ascii	"O&\177ntH\222,w\307\000\2568\243\2420[T\234\021\356"
 5097      7448922C 
 5097      77C700AE 
 5097      38A3A230 
 5097      5B549C11 
ARM GAS  /tmp/ccmXepIc.s 			page 138


 5098 0e84 3FA726F4 		.ascii	"?\247&\364sI\215\016\031?\352\246\320\275wQ\322\205"
 5098      73498D0E 
 5098      193FEAA6 
 5098      D0BD7751 
 5098      D285
 5099 0e96 EB01D8F7 		.ascii	"\353\001\330\367\277p\000\261\177\364\000\372\001\350"
 5099      BF7000B1 
 5099      7FF400FA 
 5099      01E8
 5100 0ea4 2DF0D70B 		.ascii	"-\360\327\013Bj\330s\232G\312:\232B\370S\343\244_S\200"
 5100      426AD873 
 5100      9A47CA3A 
 5100      9A42F853 
 5100      E3A45F53 
 5101 0eb9 ACF384BE 		.ascii	"\254\363\204\276H\006^FWB\217&r\003\002:$\304\303\313"
 5101      48065E46 
 5101      57428F26 
 5101      7203023A 
 5101      24C4C3CB 
 5102 0ecd E800A3AC 		.ascii	"\350\000\243\254~Iu0\260l.\303\312Y\014\027\224\222"
 5102      7E497530 
 5102      B06C2EC3 
 5102      CA590C17 
 5102      9492
 5103 0edf 411B3249 		.ascii	"A\0332I\3427t\207x\373\311\177\273A\277+\332z\367\301"
 5103      E2377487 
 5103      78FBC97F 
 5103      BB41BF2B 
 5103      DA7AF7C1 
 5104 0ef3 B648E852 		.ascii	"\266H\350R\360\241\004dT\244D\346D\262EX\305\244}\256"
 5104      F0A10464 
 5104      54A444E6 
 5104      44B24558 
 5104      C5A47DAE 
 5105 0f07 370234D9 		.ascii	"7\0024\331\015t\2034#\036\346b\034\312b\004K\203\023"
 5105      0D748334 
 5105      231EE662 
 5105      1CCA6204 
 5105      4B8313
 5106 0f1a F747FFAE 		.ascii	"\367G\377\256\250(\320z\244b\344\274_\343\022\022\363"
 5106      A828D07A 
 5106      A462E4BC 
 5106      5FE31212 
 5106      F3
 5107 0f2b 3CECD4B9 		.ascii	"<\354\324\271\012\214Sx\336\015y\364\032\227n\012\214"
 5107      0A8C5378 
 5107      DE0D79F4 
 5107      1A976E0A 
 5107      8C
 5108 0f3c 51E28EFD 		.ascii	"Q\342\216\375\361w\005E\201\202\342\222J9\200\013f\304"
 5108      F1770545 
 5108      8182E292 
 5108      4A39800B 
 5108      66C4
 5109 0f4e E5987039 		.ascii	"\345\230p9!\234D\032\230\005w\267-\\\021\365\273\"\266"
 5109      219C441A 
 5109      980577B7 
ARM GAS  /tmp/ccmXepIc.s 			page 139


 5109      2D5C11F5 
 5109      BB22B6
 5110 0f61 FB5CF04C 		.ascii	"\373\\\360L+*\017\214Q\251~\230\240\227\222\360Jb;\355"
 5110      2B2A0F8C 
 5110      51A97E98 
 5110      A09792F0 
 5110      4A623BED 
 5111 0f75 0CBF6D6E 		.ascii	"\014\277mn[\203L\361\3013\233\232\003\316\236\024\232"
 5111      5B834CF1 
 5111      C1339B9A 
 5111      03CE9E14 
 5111      9A
 5112 0f86 6F40F339 		.ascii	"o@\3639\2640\212B\177\274S76R7}\315\2167\271\351\001"
 5112      B4308A42 
 5112      7FBC5337 
 5112      3652377D 
 5112      CD8E37B9 
 5113 0f9c 66FA64A3 		.ascii	"f\372d\243"
 5114 0fa0 C464C3F0 		.ascii	"\304d\303\3609\275\310<V\356\324\346\213\223\")\021"
 5114      39BDC83C 
 5114      56EED4E6 
 5114      8B932229 
 5114      11
 5115 0fb1 DD66CBA2 		.ascii	"\335f\313\242\311}y\303tG\030/\025b\331\251||.\2728"
 5115      C97D79C3 
 5115      7447182F 
 5115      1562D9A9 
 5115      7C7C2EBA 
 5116 0fc6 E58493EA 		.ascii	"\345\204\223\352\012\266\217\303@\304\025\025*0\305"
 5116      0AB68FC3 
 5116      40C41515 
 5116      2A30C5
 5117 0fd5 5034C550 		.ascii	"P4\305P4\246\027Y\306\024\025\255\315\273\022i\360~"
 5117      34A61759 
 5117      C61415AD 
 5117      CDBB1269 
 5117      F07E
 5118 0fe7 65F0CE30 		.ascii	"e\360\3160\274\177\346\371\224\345\016Z\333\334q\225"
 5118      BC7FE6F9 
 5118      94E50E5A 
 5118      DBDC7195 
 5119 0ff7 0948EAC1 		.ascii	"\011H\352\301\317`\272\3019"
 5119      CF60BAC1 
 5119      39
 5120 1000 9D57B72A 		.ascii	"\235W\267*J\"g)\243\266e\374\372\205\012O\323#d(VFQ"
 5120      4A226729 
 5120      A3B665FC 
 5120      FA850A4F 
 5120      D3236428 
 5121 1017 338A1596 		.ascii	"3\212\025\226\262\217\211\322\277P\231I\037\3414\254"
 5121      B28F89D2 
 5121      BF509949 
 5121      1FE134AC 
 5122 1027 C06C0575 		.ascii	"\300l\005u,\251\234}\011\014+\212\025\303\2149\206\031"
 5122      2CA99C7D 
 5122      090C2B8A 
 5122      15C38C39 
ARM GAS  /tmp/ccmXepIc.s 			page 140


 5122      8619
 5123 1039 2FCE3F5A 		.ascii	"/\316?Z\251\261F\232\332Pu\262{\325\350\222\236\370"
 5123      A9B1469A 
 5123      DA5075B2 
 5123      7BD5E892 
 5123      9EF8
 5124 104b 29141986 		.ascii	")\024\031\206\024)z\177[z\372\314b9\334:h\236B\363\207"
 5124      14297A7F 
 5124      5B7AFACC 
 5124      6239DC3A 
 5124      689E42F3 
 5125 1060 550431B9 		.ascii	"U\0041\271cfM\004}n\377\337\200q=\224\204\224(\014'"
 5125      63664D04 
 5125      7D6EFFDF 
 5125      80713D94 
 5125      8494280C 
 5126 1075 91FC4E94 		.ascii	"\221\374N\224\353\351\302\266&B\327\371\315\225\257"
 5126      EBE9C2B6 
 5126      2642D7F9 
 5126      CD95AF
 5127 1084 5C2791C2 		.ascii	"\\'\221\302N\022\231\311\3409\225\015\207\234\014\376"
 5127      4E1299C9 
 5127      E039950D 
 5127      879C0CFE 
 5128 1094 EA651529 		.ascii	"\352e\025)A\370\022\224\225\254\310\216\023\217wj\341"
 5128      41F81294 
 5128      95ACC88E 
 5128      138F776A 
 5128      E1
 5129 10a5 AC5DC6AC 		.ascii	"\254]\306\254\355M\373g{\336\211\316]y\302\217\211\310"
 5129      ED4DFB67 
 5129      7BDE89CE 
 5129      5D79C28F 
 5129      89C8
 5130 10b7 1631D72F 		.ascii	"\0261\327/W\030\216/\002\177\303\277\022\001\262\221"
 5130      57188E2F 
 5130      027FC3BF 
 5130      1201B291 
 5131 10c7 1277D938 		.ascii	"\022w\3318a\305FY\237\237{\\G\277\2656\255y\031\271"
 5131      61C54659 
 5131      9F9F7B5C 
 5131      47BFB536 
 5131      AD7919B9 
 5132 10db 9C7FB5B2 		.ascii	"\234\177\265\262@\201\371\012\254\0271~\215\276\243"
 5132      4081F90A 
 5132      AC17317E 
 5132      8DBEA3
 5133 10ea 7A9D2668 		.ascii	"z\235&h\027\263i\252\207\230\205v\214\276I\301!\213"
 5133      17B369AA 
 5133      87988576 
 5133      8CBE49C1 
 5133      218B
 5134 10fc 15586481 		.ascii	"\025Xd\201\230\026\371\301\273\034\263\\\201R\013Fl"
 5134      9816F9C1 
 5134      BB1CB35C 
 5134      81520B46 
 5134      6C
ARM GAS  /tmp/ccmXepIc.s 			page 141


 5135 110d 75B41A2C 		.ascii	"u\264\032,K\354,\034r\317\200,\265\221X\262\234\225"
 5135      4BEC2C1C 
 5135      72CF802C 
 5135      B59158B2 
 5135      9C95
 5136 111f B8D4464F 		.ascii	"\270\324FOP\014]\"+\260N\201\265\012\004\025X\255\300"
 5136      500C5D22 
 5136      2BB04E81 
 5136      B50A0415 
 5136      58ADC0
 5137 1132 2A2C48BB 		.ascii	"*,H\273\007\255\335s\243ve\026F}\373\232\214\354L\233"
 5137      07ADDD73 
 5137      A3766516 
 5137      467DFB9A 
 5137      8CEC4C9B 
 5138 1146 65CDF473 		.ascii	"e\315\364sOILGz\330\250\374\264\002\3726\302\224\223"
 5138      4F494C47 
 5138      7AD8A8FC 
 5138      B402FA36 
 5138      C29493
 5139 1159 4DA62FC4 		.ascii	"M\246/\3046\011\015\345|\234n\270\373<\250\206k\361"
 5139      36090DE5 
 5139      7C9C6EB8 
 5139      FB3CA886 
 5139      6BF1
 5140 116b CDACC5FB 		.ascii	"\315\254\305\373\320WN\026\266m%\346\356\031\032\017"
 5140      D0574E16 
 5140      B66D25E6 
 5140      EE191A0F 
 5141 117b 5B1406E3 		.ascii	"[\024\006\343\015\256\321\316\2769w_D8\262\255\214\254"
 5141      0DAED1CE 
 5141      BE39775F 
 5141      4438B2AD 
 5141      8CAC
 5142 118d 42614807 		.ascii	"BaH\007\353\032\037 \376\350\325\033\325\321f\346\355"
 5142      EB1A1F20 
 5142      FEE8D51B 
 5142      D5D166E6 
 5142      ED
 5143 119e 0A6CA37E 		.ascii	"\012l\243~\333\241\2602\022\031\337Y\"\323\230\017&"
 5143      DBA1B032 
 5143      1219DF59 
 5143      22D3980F 
 5143      26
 5144 11af 54D7146B 		.ascii	"T\327\024k\364\263*n\370\361\251\355{ec\224n\021\251"
 5144      F4B32A6E 
 5144      F8F1A9ED 
 5144      7B656394 
 5144      6E11A9
 5145 11c2 6B0D1FA5 		.ascii	"k\015\037\2454\350\266N{x\377\305\237pq]\032\010\024"
 5145      34E8B64E 
 5145      7B78FFC5 
 5145      9F70715D 
 5145      1A0814
 5146 11d5 D4E2325E 		.ascii	"\324\3422^\201J>D\001\235\261\223\336\205b\320\350w"
 5146      814A3E44 
 5146      019DB193 
ARM GAS  /tmp/ccmXepIc.s 			page 142


 5146      DE8562D0 
 5146      E877
 5147 11e7 4863583D 		.ascii	"HcX=\005\271\307\006\260\330\207*h\354;\223?3/\\\354"
 5147      05B9C706 
 5147      B0D8872A 
 5147      68EC3B93 
 5147      3F332F5C 
 5148 11fc AB45AA3D 		.ascii	"\253E\252=\012\327\333\\vsR\347C8>\012T|\016\273t\235"
 5148      0AD7DB5C 
 5148      767352E7 
 5148      43383E0A 
 5148      547C0EBB 
 5149 1212 BB15A8A3 		.ascii	"\273\025\250\243w!\235\215o\223\007v\235\224 xv2\017"
 5149      77219D8D 
 5149      6F930776 
 5149      9D942078 
 5149      76320F
 5150 1225 9A55DD28 		.ascii	"\232U\335(\301^\235`\037\346\214\364.DP\3776\011D\207"
 5150      C15E9D60 
 5150      1FE68CF4 
 5150      2E4450FF 
 5150      36094487 
 5151 1239 25283FD1 		.ascii	"%(?\321\024\334\344\340\021\03690\302\327\353\034\007"
 5151      14DCE4E0 
 5151      111E3930 
 5151      C2D7EB1C 
 5151      07
 5152 124a 143848EF 		.ascii	"\0248H\357B\034;z\221\351\3419\202y\025\331\272\343"
 5152      421C3B7A 
 5152      91E9E139 
 5152      827915D9 
 5152      BAE3
 5153 125c B0FC21BD 		.ascii	"\260\374!\275\374a\005\216\320\273P\371\303\275\260"
 5153      FC61058E 
 5153      D0BB50F9 
 5153      C3BDB0
 5154 126b 39DFC484 		.ascii	"9\337\304\204\003\3309\020\370w\344:\262\370\366f\227"
 5154      03D83910 
 5154      F877E43A 
 5154      B2F8F666 
 5154      97
 5155 127c 933A29B7 		.ascii	"\223:)\267\244J\226\014'\035g\335\365\230\002G\0252"
 5155      A44A960C 
 5155      271D67DD 
 5155      F5980247 
 5155      1532
 5156 128e 9F696DAA 		.ascii	"\237im\252\276\337\252\332\220pB1cY\267)U\331\251D%"
 5156      BEDFAADA 
 5156      90704231 
 5156      6359B729 
 5156      55D9A944 
 5157 12a3 2BA225B2 		.ascii	"+\242%\262!\232w\273\"\225l\305\333*\375\266@%\265x"
 5157      219A77BB 
 5157      22956CC5 
 5157      DB2AFDB6 
 5157      4025B578 
 5158 12b7 7B50BF6D 		.ascii	"{P\277mU\310\011\375R\245+\213\261\253\037+\341\372"
ARM GAS  /tmp/ccmXepIc.s 			page 143


 5158      55C809FD 
 5158      52A52B8B 
 5158      B1AB1F2B 
 5158      E1FA
 5159 12c9 E775D63F 		.ascii	"\347u\326?\257\321\350\377b\344\372=\321b\241\205\255"
 5159      AFD1E8FF 
 5159      62E4FA3D 
 5159      D162A185 
 5159      AD
 5160 12da 1E4AAE6F 		.ascii	"\036J\256o(\014\310\351\232\025r\011\0255\350\354\215"
 5160      280CC8E9 
 5160      9A157209 
 5160      1535E8EC 
 5160      8D
 5161 12eb 0A69C6DB 		.ascii	"\012i\306\333\307\372\355%\205\264\343mN\027~{J!\023"
 5161      C7FAED25 
 5161      85B4E36D 
 5161      4E177E7B 
 5161      4A2113
 5162 12fe BB6047D6 		.ascii	"\273`G\326o\017)\244\030o\227\350\267\265\012Y\245_"
 5162      6F0F29A4 
 5162      186F97E8 
 5162      B7B50A59 
 5162      A55F
 5163 1310 56F2AA06 		.ascii	"V\362\252\006\370\351O<\206\022R\256\177\334\231~c\277"
 5163      F8E94F3C 
 5163      861252AE 
 5163      7FDC997E 
 5163      63BF
 5164 1322 BF726674 		.ascii	"\277rft\270:\264\263:\274\240ux|\362\341\244\010K\035"
 5164      B83AB4B3 
 5164      3ABCA075 
 5164      787CF2E1 
 5164      A4084B1D 
 5165 1336 9E29D046 		.ascii	"\236)\320F\333\366\245\302\200\022\251\326)[\370\033"
 5165      DBF6A5C2 
 5165      8012A9D6 
 5165      295BF81B 
 5166 1346 0A256F90 		.ascii	"\012%o\220=\372\223s\264Y.U\255\231\3249\234\226\261"
 5166      3DFA9373 
 5166      B4592E55 
 5166      AD99D439 
 5166      9C96B1
 5167 1359 2AD53286 		.ascii	"*\3252\206z\263q\333\371\006\253\226Q*\214T\021\224"
 5167      7AB371DB 
 5167      F906AB96 
 5167      512A8C54 
 5167      1194
 5168 136b A332A044 		.ascii	"\2432\240D\016c5O\242\\\320\271[%r\035oo\352\267\315"
 5168      0E63354F 
 5168      A25CD0B9 
 5168      5B25721D 
 5168      6F6FEAB7 
 5169 1380 BAB7F8A9 		.ascii	"\272\267\370\251\033\267\004\310\275.\324\204\306\331"
 5169      1BB704C8 
 5169      BD2ED484 
 5169      C6D9
ARM GAS  /tmp/ccmXepIc.s 			page 144


 5170 138e 877787DD 		.ascii	"\207w\207\335A\234\312LXO\337\001\254\271\224S\342\262"
 5170      419CCA4C 
 5170      584FDF01 
 5170      ACB99453 
 5170      E2B2
 5171 13a0 9880236E 		.ascii	"\230\200#n25\241Pe@Jt\365\371\365\035\221\002\204\261"
 5171      3235A150 
 5171      65404A74 
 5171      F5F9F51D 
 5171      910284B1 
 5172 13b4 B62388B7 		.ascii	"\266#\210\267\212D\2360\305\205\267\236\255\016\253"
 5172      8A449E30 
 5172      C585B79E 
 5172      AD0EAB
 5173 13c3 F847A6B8 		.ascii	"\370G\246\270\202N\331\253f\235\315\003\213\342\320"
 5173      824ED9AB 
 5173      669DCD03 
 5173      8BE2D0
 5174 13d2 A2B04865 		.ascii	"\242\260He@\246x\316\311\261\016\213\342\216 \322\216"
 5174      40A678CE 
 5174      C9B10E8B 
 5174      E28E20D2 
 5174      8E
 5175 13e3 DE18FB9A 		.ascii	"\336\030\373\232D&\276F\013\254\257\330W*[XCk\3269*"
 5175      4426BE46 
 5175      0BACAFD8 
 5175      572A5B58 
 5175      436BD639 
 5176 13f8 0FB5F4E5 		.ascii	"\017\265\364\345\267#\255\367\300\302\332\021D\012\221"
 5176      B723ADF7 
 5176      C0C2DA11 
 5176      440A91
 5177 1407 B108650E 		.ascii	"\261\010e\016\312B\224R\2242\224\265(\345\257\361\352"
 5177      CA429452 
 5177      943294B5 
 5177      28E5AFF1 
 5177      EA
 5178 1418 4622D5B1 		.ascii	"F\"\325\261\343G\257\205\015\376\245\254\246KU\262\215"
 5178      E347AF85 
 5178      0DFEA5AC 
 5178      A64B55B2 
 5178      8D
 5179 1429 D9B57F77 		.ascii	"\331\265\177w>.z*\255\257\241,SM\257\241 \350\376\270"
 5179      3E2E7A2A 
 5179      ADAFA12C 
 5179      534DAFA1 
 5179      20E8FEB8 
 5180 143d B5235D46 		.ascii	"\265#]F0_\256\032\273\344+TFH\211&^\270\334\026MS\222"
 5180      305FAE1A 
 5180      BBE42B54 
 5180      46488926 
 5180      5EB8DC16 
 5181 1454 9F223A52 		.ascii	"\237\":RW0&\302 Zi'\"\273\260\036u(\365(GQN\241\234"
 5181      573026C2 
 5181      205A6927 
 5181      22BBB01E 
 5181      7528F528 
ARM GAS  /tmp/ccmXepIc.s 			page 145


 5182 146d D7EBB552 		.ascii	"\327\353\265R\345\243\346\277\222\253\324\366o\016\316"
 5182      E5A3E6BF 
 5182      92ABD4F6 
 5182      6F0ECE
 5183 147c 79B42ABA 		.ascii	"y\264*\272\307\317\374\305\330\037]fI\312\374\207\177"
 5183      C7CFFCC5 
 5183      D81F5D66 
 5183      49CAFC87 
 5183      7F
 5184 148d A8E67BB3 		.ascii	"\250\346{\2638\351\257U\341\244\032f\322\017>\235\314"
 5184      38E9AF55 
 5184      E1A41A66 
 5184      D20F3E9D 
 5184      CC
 5185 149e D7DA985D 		.ascii	"\327\332\230]\234Q\314\230\323\212Hd\266\353 l\260\011"
 5185      9C51CC98 
 5185      D38A4864 
 5185      B6EB206C 
 5185      B009
 5186 14b0 16A2F12A 		.ascii	"\026\242\361*\007\321\014\243T\007\241\266\305\026P"
 5186      07D10CA3 
 5186      5407A1B6 
 5186      C51650
 5187 14bf E8E5010A 		.ascii	"\350\345\001\012\272+@\027,\352\316),k\240\332v\010"
 5187      BA2B4017 
 5187      2CEACE29 
 5187      2C6BA0DA 
 5187      7608
 5188 14d1 6D7916A2 		.ascii	"my\026\242\315<\235Y\214\230-\253\371^\303L\025f0L\250"
 5188      CD3C9D59 
 5188      8C982DAB 
 5188      F95EC34C 
 5188      1566304C 
 5189 14e6 7B4E578D 		.ascii	"{NW\215\224g\205\320\265\300\302sV\354G\234\021\325"
 5189      946785D0 
 5189      B5C0C273 
 5189      56EC479C 
 5189      11D5
 5190 14f8 6FB1D8F3 		.ascii	"o\261\330\363\320T\375\231\302\240u6?r]\215BW\223\205"
 5190      D054FD99 
 5190      C2A07536 
 5190      3F725D8D 
 5190      42579385 
 5191 150c E796222A 		.ascii	"\347\226\"*\277L\200\026Yxn\211<\355\274\300\334\263"
 5191      BF4C8016 
 5191      59786E89 
 5191      3CEDBCC0 
 5191      DCB3
 5192 151e 10DD518C 		.ascii	"\020\335Q\214\312\257\326+?W\205b\306c\354\255\013\236"
 5192      CAAFD62B 
 5192      3F578562 
 5192      C663ECAD 
 5192      0B9E
 5193 1530 E58267A1 		.ascii	"\345\202g\241]\227nP\255\000\345\332=\255\203Z\005\350"
 5193      5D976E50 
 5193      AD00E5DA 
 5193      3DAD835A 
ARM GAS  /tmp/ccmXepIc.s 			page 146


 5193      05E8
 5194 1542 ACBD8770 		.ascii	"\254\275\207pm\305\002\023\264\020\231\363\330\275\272"
 5194      6DC50213 
 5194      B41099F3 
 5194      D8BDBA
 5195 1551 D9392A8C 		.ascii	"\3319*\214f\240P\314\335h\002\235\022\015\362\304\242"
 5195      66A050CC 
 5195      DD68029D 
 5195      120DF2C4 
 5195      A2
 5196 1562 EDB1C991 		.ascii	"\355\261\311\221\373\204\272\200E\335S\305h\331&]\333"
 5196      FB84BA80 
 5196      45DD53C5 
 5196      68D9265D 
 5196      DB
 5197 1573 0D05AE32 		.ascii	"\015\005\2562\242\320\\xE\230}A\360\334\265;[WvN\200"
 5197      A2D05C78 
 5197      45987D41 
 5197      F0DCB53B 
 5197      5B57764E 
 5198 1588 EE5B40CD 		.ascii	"\356[@\315&P\235\000\215\263X\264Q4I\231\300\224X0{"
 5198      26509D00 
 5198      8DB358B4 
 5198      51344999 
 5198      C0945830 
 5199 159d 05E6ACC0 		.ascii	"\005\346\254\300<\260+\343\230\271\002\263\312\302c"
 5199      3CB02BE3 
 5199      98B902B3 
 5199      CAC263
 5200 15ac 5E7BD48B 		.ascii	"^{\324\213>\273\320B\324*\210n\011\242F\013\246\301"
 5200      3EBBD042 
 5200      D42A886E 
 5200      09A2460B 
 5200      A6C1
 5201 15be D4F9CB05 		.ascii	"\324\371\313\005\321l\213\266}\302\352\331\202h\215"
 5201      D16C8BB6 
 5201      7DC2EAD9 
 5201      82688D
 5202 15cd BDF9CD5B 		.ascii	"\275\371\315[\373\033TXO\233\0341\0306+U\330\244\302"
 5202      FB1B5458 
 5202      4F9B1C31 
 5202      18362B55 
 5202      D8A4C2
 5203 15e0 09CC3455 		.ascii	"\011\3144U\270\256\302\021\025N\253\260E\205j\025v\251"
 5203      B8AEC211 
 5203      154EABB0 
 5203      45856A15 
 5203      76A9
 5204 15f2 B05D8533 		.ascii	"\260]\2053*\034R\341\246\012;U8\256\302%\025\266\251"
 5204      2A1C52E1 
 5204      A60A3B55 
 5204      38AEC225 
 5204      15B6A9
 5205 1605 70598546 		.ascii	"pY\205F\025\316\252\260\031IT\330\255\302A\025\352T"
 5205      15CEAAB0 
 5205      194954D8 
 5205      ADC24115 
ARM GAS  /tmp/ccmXepIc.s 			page 147


 5205      EA54
 5206 1617 D8A7C205 		.ascii	"\330\247\302\005\025\216\252pJ\205+*\354U\341\232\012"
 5206      158EAA70 
 5206      4A852B2A 
 5206      EC55E19A 
 5206      0A
 5207 1628 3B5438AC 		.ascii	";T8\254\302\001\025jT\250W\341\206\012U*\234S\341\230"
 5207      C201156A 
 5207      54A857E1 
 5207      860A552A 
 5207      9C53E198 
 5208 163c 0AFB71E0 		.ascii	"\012\373q\340\250pQ\205\012\025\256\252\260G\205r\025"
 5208      A8705185 
 5208      0A15AEAA 
 5208      B0478572 
 5208      15
 5209 164d 1A547D79 		.ascii	"\032T}ys@\324{\276\335\201\350\234\371\010\232G;\331"
 5209      7340D47B 
 5209      BEDD81E8 
 5209      9CF9089A 
 5209      473BD9
 5210 1660 C8282853 		.ascii	"\310((Sa\011\253x(\336/\023K\274\225\3029\363\355aH"
 5210      6109AB78 
 5210      28DE2F13 
 5210      4BBC95C2 
 5210      39F3ED61 
 5211 1675 F7F236A1 		.ascii	"\367\3626\241m\242=\302r\242\233\202\350\246\275\271"
 5211      6DA23DC2 
 5211      72A29B82 
 5211      E8A6BDB9 
 5212 1685 38E6B6C0 		.ascii	"8\346\266\300\\\266`.\212\221\261_\037\031/\025x\316"
 5212      5CB6602E 
 5212      8A91B15F 
 5212      1F192F15 
 5212      78CE
 5213 1697 30A10CEB 		.ascii	"0\241\014\353\251\251C\337\021D\227\354D\272\325\233"
 5213      A9A943DF 
 5213      114497EC 
 5213      44BAD59B 
 5214 16a7 85D5B3EC 		.ascii	"\205\325\263\354}\003A4ZU\350\352\246\2510\205\201B"
 5214      7D034134 
 5214      5A55E8EA 
 5214      A6A93085 
 5214      8142
 5215 16b9 29CC24D5 		.ascii	")\314$\325\010\371\007\005Q\231}\324\353+Xa\321y\373"
 5215      08F90705 
 5215      51997DD4 
 5215      EB2B5861 
 5215      D179FB
 5216 16cc D4A19B7D 		.ascii	"\324\241\233}Z\200\036\331\3439'\232#0\253\355\343\207"
 5216      5A801ED9 
 5216      E339279A 
 5216      2330ABED 
 5216      E387
 5217 16de 632E0ACC 		.ascii	"c.\012\314m{<\347\2306\201\331h\3419%|\275U\204\263"
 5217      6D7B3CE7 
 5217      983681D9 
ARM GAS  /tmp/ccmXepIc.s 			page 148


 5217      68E13925 
 5217      7CBD5584 
 5218 16f3 520B4FBE 		.ascii	"R\013O\276i\346\\%\210\346\331\003\003\375\226\357&"
 5218      69E65C25 
 5218      88E6D903 
 5218      03FD96EF 
 5218      26
 5219 1704 CB650E14 		.ascii	"\313e\016\024=\177b\376\362\205\017&\270\245\376\177"
 5219      3D7F62FE 
 5219      F2850F26 
 5219      B8A5FE7F 
 5220 1714 3E9CD0F4 		.ascii	">\234\320\364\315\317[\226\230\336\225j\022u\274M\263"
 5220      CDCF5B96 
 5220      98DE956A 
 5220      1275BC4D 
 5220      B3
 5221 1725 A2079805 		.ascii	"\242\007\230\005\265\242\264\243\214\351J\277\017\372"
 5221      B5A2B4A3 
 5221      8CE94ABF 
 5221      0FFA
 5222 1733 7179438E 		.ascii	"qyC\216\306r\033\373\327S\367Ym\037\252\360@\205G*\264"
 5222      C6721BFB 
 5222      D753F759 
 5222      6D1FAAF0 
 5222      4085472A 
 5223 1748 501DD48F 		.ascii	"P\035\324\217\373\037\206\3668\356\252\024\324!\335"
 5223      FB1F86F6 
 5223      38EEAA14 
 5223      D421DD
 5224 1757 61338701 		.ascii	"a3\207\001\271g\203\360V=` \232-\210\320LF1\365\006"
 5224      B96783F0 
 5224      563D6020 
 5224      9A2D88D0 
 5224      4C4631F5 
 5225 176c E68E1DD3 		.ascii	"\346\216\035\323\027\227\376\264\012\362\255\351\017"
 5225      1797FEB4 
 5225      0AF2ADE9 
 5225      0F
 5226 1779 EB88FDBB 		.ascii	"\353\210\375\273\262\307j\330\012\320\367ioTM\006\341"
 5226      B2C76AD8 
 5226      0AD0F769 
 5226      6F544D06 
 5226      E1
 5227 178a A427A698 		.ascii	"\244'\246\230\023\312\364\203\277%3\273\352+3~:\366"
 5227      13CAF483 
 5227      BF2533BB 
 5227      EA2B337E 
 5227      3AF6
 5228 179c 165F7B3C 		.ascii	"\026_{<\342\357\031\034s\320\205\340\215\302\373\235"
 5228      E2EF191C 
 5228      73D085E0 
 5228      8DC2FB9D 
 5229 17ac C225C72F 		.ascii	"\302%\307/Yr\334N\227@\027\246\356\336b]\177\274P\341"
 5229      5972DC4E 
 5229      974017A6 
 5229      EEDE625D 
 5229      7FBC50E1 
ARM GAS  /tmp/ccmXepIc.s 			page 149


 5230 17c0 39ED9501 		.ascii	"9\355\225\001\215\0011\007\357*\221\245(e(\353"
 5230      8D013107 
 5230      EF2A91A5 
 5230      286528EB 
 5231 17d0 50B6A1EC 		.ascii	"P\266\241\354A\251G9\212r\036\245\001\345\016\312C\224"
 5231      41A94739 
 5231      8A721EA5 
 5231      01E50ECA 
 5231      4394
 5232 17e2 1728A363 		.ascii	"\027(\243c$\222\2072\011e\006\312\034\224%(e(\353Q*"
 5232      24928732 
 5232      096506CA 
 5232      1C942528 
 5232      6528EB51 
 5233 17f7 62B8D9E5 		.ascii	"b\270\331\345\277\345\257k=\003R\031\203\225\037p\370"
 5233      BFE5AF6B 
 5233      3D035219 
 5233      83951F70 
 5233      F8
 5234 1808 E2CB67D1 		.ascii	"\342\313g\321\257Hh\365\2446Xw4\344\367B\015\346ja\333"
 5234      AF4868F5 
 5234      A4365877 
 5234      34E4F742 
 5234      0DE66A61 
 5235 181d 66878199 		.ascii	"f\207\201\231n\301\230:\301Y\0032\336\0021\007\344\372"
 5235      6EC1983A 
 5235      C1590332 
 5235      DE023107 
 5235      E4FA
 5236 182f A3A1DDAD 		.ascii	"\243\241\335\255\311\026L\350\215I\321\254E\032\374"
 5236      C9164CE8 
 5236      8D49D1AC 
 5236      451AFC
 5237 183e A8E1C3B9 		.ascii	"\250\341\303\271\354\367\031+4\230\255\301|\015fiP\246"
 5237      ECF7192B 
 5237      3498ADC1 
 5237      7C0D6669 
 5237      50A6
 5238 1850 4189064B 		.ascii	"A\211\006K5\230\243\301b\015\226i\260V\203E\032\004"
 5238      3598A3C1 
 5238      620D9669 
 5238      B0568345 
 5238      1A04
 5239 1862 3528D660 		.ascii	"5(\326`\225\006\3535(\325`\235\006\2535X\240\301\022"
 5239      9506EB35 
 5239      28D5609D 
 5239      06AB3558 
 5239      A0C112
 5240 1875 0D566AB0 		.ascii	"\015Vj\260\\\2035\032,\324`\236\246OE\367\014[fZlyj"
 5240      5C83351A 
 5240      2CD4609E 
 5240      A64F45F7 
 5240      0C5B665A 
 5241 188c 8A21FB8C 		.ascii	"\212!\373\214:M\261`\326\230\222\357Z\0033\315\356>"
 5241      3A4DB160 
 5241      D69892EF 
 5241      5A0333CD 
ARM GAS  /tmp/ccmXepIc.s 			page 150


 5241      EE3E
 5242 189e FDDBC0A3 		.ascii	"\375\333\300\243\241\275\3061\026\310>\223\207\357\032"
 5242      A1BDC631 
 5242      16C83E93 
 5242      87EF1A
 5243 18ad 346DAACD 		.ascii	"4m\252\315\034Ns\372\250i\313\322\0041'\237\007\014"
 5243      1C4E73FA 
 5243      A869CBD2 
 5243      0431279F 
 5243      070C
 5244 18bf 9A491655 		.ascii	"\232I\026U3D\024\276e@F[ \246$\177\277\001)\260\267"
 5244      334414BE 
 5244      6540465B 
 5244      20A6247F 
 5244      BF0129B0 
 5245 18d4 939EE519 		.ascii	"\223\236\345\031\220q\026\210)[>h@\362\355\266\350\366"
 5245      90711688 
 5245      295B3E68 
 5245      40F2EDB6 
 5245      E8F6
 5246 18e6 DE363023 		.ascii	"\33660#-\230g\302\230\355\006d\206\255\357qD\223\201"
 5246      2D9867C2 
 5246      98ED0664 
 5246      86ADEF71 
 5246      449381
 5247 18f9 1865AF91 		.ascii	"\030e\257\221\256h\257\201\231joJNs\316\200\344Y \246"
 5247      AE68AF81 
 5247      996A6F4A 
 5247      4E73CE80 
 5247      E45920A6 
 5248 190d 4CB2D180 		.ascii	"L\262\321\200\214\265\267$\207\2341 \023\354\343\200"
 5248      8CB5B724 
 5248      879C3120 
 5248      13ECE380 
 5249 191d 37E49DA3 		.ascii	"7\344\235\243\012\205\0044\232\262#$\024#\236\231\354"
 5249      0A850434 
 5249      9AB22324 
 5249      14239E99 
 5249      EC
 5250 192e 3D65D04C 		.ascii	"=e\320L\324l\215\255O\247\006$\307\336\004\241\357\230"
 5250      D46C8DAD 
 5250      4FA70624 
 5250      C7DE04A1 
 5250      EF98
 5251 1940 8D3E936B 		.ascii	"\215>\223k\257\023\235\004w\306\260\337\255\224\326"
 5251      AF139D04 
 5251      77C6B0DF 
 5251      AD94D6
 5252 194f AC8B8CE9 		.ascii	"\254\213\214\3518\374`\203\366\0374\000\351\217\305"
 5252      38FC6083 
 5252      F61F3400 
 5252      E98FC5
 5253 195e 1697BC6D 		.ascii	"\026\227\274m\372e\2060m\223F_\026\216\341\033\2473"
 5253      FA658630 
 5253      6D93465F 
 5253      168EE11B 
 5253      A733
ARM GAS  /tmp/ccmXepIc.s 			page 151


 5254 1970 9F955F86 		.ascii	"\237\225_\206\300x4\214\356\213A\271\246\177S\266Y\303"
 5254      C078348C 
 5254      EE8B41B9 
 5254      A67F53B6 
 5254      59C3
 5255 1982 EBD096E3 		.ascii	"\353\320\226\343\204\267IcL\270\275\331\262\353\333"
 5255      84B74963 
 5255      4CB8BDD9 
 5255      B2EBDB
 5256 1991 17F32FAA 		.ascii	"\027\363/\252N*PAw\244w?\315\271\252\204\331\255\335"
 5256      4E2A5041 
 5256      77A4773F 
 5256      CDB9AA84 
 5256      D9ADDD
 5257 19a4 86645B35 		.ascii	"\206d[5}\237\363\324K\266\317\3711>\205-!\215\333\351"
 5257      7D9FF3D4 
 5257      4BB6CFF9 
 5257      313E852D 
 5257      218DDBE9 
 5258 19b8 7548E3D5 		.ascii	"uH\343\325^\344YL\330M\322\326\023M\315\025\216\212"
 5258      5EE4594C 
 5258      D84DD2D6 
 5258      134DCD15 
 5258      8E8A
 5259 19ca F240606C 		.ascii	"\362@`l 0\352\017\354\233\272\035\234\003*5\250\322"
 5259      2030EA0F 
 5259      EC9BBA1D 
 5259      9C032A35 
 5259      A8D2
 5260 19dc F02EC4B2 		.ascii	"\360.\304\262\261\027\311\355\026~\273v\332\303)\377"
 5260      B117C9ED 
 5260      167EBB76 
 5260      DAC329FF 
 5261 19ec 6ADEADAD 		.ascii	"j\336\255\255\326)j4\330\251\341]\210\242\344\035,\276"
 5261      D6296A34 
 5261      D8A9E15D 
 5261      88A2E41D 
 5261      2CBE
 5262 19fe F75CF099 		.ascii	"\367\\\360\231\351\347\217\271bS\177\027\365\345\364"
 5262      E9E78FB9 
 5262      62537F17 
 5262      F5E5F4
 5263 1a0d 57E838D1 		.ascii	"W\3508\321\024\330`\331\022\336\255+\331\243A\255\206"
 5263      14D860D9 
 5263      12DEAD2B 
 5263      D9A341AD 
 5263      86
 5264 1a1e 772125B5 		.ascii	"w!%\265\275Hix\216\340\351\315\246-\341:\275\374^\015"
 5264      BD486978 
 5264      8EE0E9CD 
 5264      A62DE13A 
 5264      BDFC5E0D 
 5265 1a32 F6697817 		.ascii	"\366ix\027*\177\246\027Y\333\015g)\224*\224](u(\365"
 5265      2A7FA617 
 5265      59DB0D67 
 5265      29942A94 
 5265      5D287528 
ARM GAS  /tmp/ccmXepIc.s 			page 152


 5266 1a47 2887518E 		.ascii	"(\207Q\216\243\234F9\207r\021\345\012\312u\224F\224"
 5266      A39C4639 
 5266      877211E5 
 5266      0ACA7594 
 5266      4694
 5267 1a59 2694BB28 		.ascii	"&\224\273(\367QZP\236\240<Gy\211\222\363:&\005(\371"
 5267      F7515A50 
 5267      9EA03C47 
 5267      798992F3 
 5267      3A260528 
 5268 1a6e 28052885 		.ascii	"(\005(\205(3^\327\367_\365\027\227\261\315\007\034\311"
 5268      28335ED7 
 5268      F75FF517 
 5268      97B1CD07 
 5268      1CC9
 5269 1a80 299AE3FC 		.ascii	")\232\343\374\211m\036\352\270Y\253\307\2637\037\260"
 5269      896D1EEA 
 5269      B859ABC7 
 5269      B3371FB0 
 5270 1a90 E3ECD7A0 		.ascii	"\343\354\327\240]\364\306I\372\230\244\257P\214\327"
 5270      5DF4C649 
 5270      FA98A4AF 
 5270      508CD7
 5271 1a9f 534A041D 		.ascii	"SJ\004\035\263\200B#\216\202\356\346\033\240\213\026"
 5271      B3804223 
 5271      8E82EEE6 
 5271      1BA08B16 
 5272 1aaf 90F80542 		.ascii	"\220\370\005Bp\262 :h\301\350a\217br\005\346\204\005"
 5272      70B2203A 
 5272      68C1E861 
 5272      8F627205 
 5272      E68405
 5273 1ac2 63FAE540 		.ascii	"c\372\345@\360\236Pv\301\256L\007\315\024L\365\366\272"
 5273      F09E5076 
 5273      C1AE4C07 
 5273      CD144CF5 
 5273      F6BA
 5274 1ad4 716D1304 		.ascii	"qm\023\004\346\250\005\243G6\212i\023\312\316Y0\346"
 5274      E6A805A3 
 5274      47368A69 
 5274      13CACE59 
 5274      30E6
 5275 1ae6 1FB2E409 		.ascii	"\037\262\344\011\242\343v\037\351o\031\011\314\001{"
 5275      A2E3761F 
 5275      E96F1909 
 5275      CC017B
 5276 1af5 F575A297 		.ascii	"\365u\242\227B\333I{\3759\321\013\2019m\301\210wZ\202"
 5276      42DB497B 
 5276      FD39D10B 
 5276      81396DC1 
 5276      88775A82 
 5277 1b09 7704E692 		.ascii	"w\004\346\222\005\263\306d\3653\001:k\001\211\337{\004"
 5277      05B3C664 
 5277      F533013A 
 5277      6B0189DF 
 5277      7B04
 5278 1b1b 9F0ACC79 		.ascii	"\237\012\314y{\3659\346\271\300\234\261\363\350\312"
ARM GAS  /tmp/ccmXepIc.s 			page 153


 5278      7BF539E6 
 5278      B9C09CB1 
 5278      F3E8CA
 5279 1b2a 6E09D055 		.ascii	"n\011\320U\013H\274@\025l\022\230+vL\350\307\307\302"
 5279      0B48BC40 
 5279      156C1298 
 5279      2B764CE8 
 5279      C7C7C2
 5280 1b3d 8F872CA0 		.ascii	"\217\207,\240\351&?N\024\240#\366\226\265$]\215\032"
 5280      E9263F4E 
 5280      14A023F6 
 5280      96B5245D 
 5280      8D1A
 5281 1b4f 34E0A0BD 		.ascii	"4\340\240\275\301`\030\365G:\340\245\006m\032<\323`"
 5281      C16018F5 
 5281      473AE0A5 
 5281      066D1A3C 
 5281      D360
 5282 1b61 94031E6B 		.ascii	"\224\003\036k\320\244\301]\015Z5\270\257\301\023\015"
 5282      D0A4C15D 
 5282      0D5A35B8 
 5282      AFC1130D 
 5283 1b71 9E6AF008 		.ascii	"\236j\360\010'1\007\264hpG\203\007\032\334\322\240\031"
 5283      273107B4 
 5283      68704783 
 5283      071ADCD2 
 5283      A019
 5284 1b83 27340D02 		.ascii	"'4\015\002\016x\256\301m\015\036jpO\203\233\232\376"
 5284      0E78AEC1 
 5284      6D0D1E6A 
 5284      704F839B 
 5284      9AFE
 5285 1b95 E2E74D51 		.ascii	"\342\347MQ\261k\026sL\357\306\347\013\223\017\333\353"
 5285      B16B1673 
 5285      4CEFC6E7 
 5285      0B930FDB 
 5285      EB
 5286 1ba6 C51DD428 		.ascii	"\305\035\324(x\256\333x8\344\266\200\\\266\267<\307"
 5286      78AEDB78 
 5286      38E4B680 
 5286      5CB6B73C 
 5286      C7
 5287 1bb7 B40BCC29 		.ascii	"\264\013\314){\017\332\300~3\3374\252}\277\351;S\023"
 5287      7B0FDAC0 
 5287      7E33DF34 
 5287      AA7DBFE9 
 5287      3B5313
 5288 1bca 688C83EF 		.ascii	"h\214\203\357\300?\272Pe\212\2773D\374\035\313\001\323"
 5288      C03FBA50 
 5288      658ABF33 
 5288      44FC1DCB 
 5288      01D3
 5289 1bdc 2E5CCC31 		.ascii	".\\\3141\275\2754G\000r\034\364\227\013\257\207\237"
 5289      BDBD3447 
 5289      00721CF4 
 5289      970BAF87 
 5289      9F
ARM GAS  /tmp/ccmXepIc.s 			page 154


 5290 1bed 4AA63DBC 		.ascii	"J\246=\274\374R\333!\246\222\032L\266\034<\304\346:"
 5290      FC52DB21 
 5290      A6921A4C 
 5290      B61C3CC4 
 5290      E63A
 5291 1bff 20CF8177 		.ascii	" \317\201w\241\020[\371\266DR\277\036\366\256?-\335"
 5291      A1105BF9 
 5291      B64452BF 
 5291      1EF6AE3F 
 5291      2DDD
 5292 1c11 9BEACE4E 		.ascii	"\233\352\316N\366\372\177\350\035\233\226\376u\372\247"
 5292      F6FA7FE8 
 5292      1D9B96FE 
 5292      75FAA7
 5293 1c20 49BDB37C 		.ascii	"I\275\263|\275S\26222\2622{ggy\375\276\336\003\023\207"
 5293      BD53B232 
 5293      32B2327B 
 5293      676779FD 
 5293      BEDE0313 
 5294 1c35 7EFBFEDB 		.ascii	"~\373\376\333C{\247\244\245dy=\357\2448\377\345\223"
 5294      437BA7A4 
 5294      A564793D 
 5294      EFA438FF 
 5294      E593
 5295 1c47 CFBBC7F6 		.ascii	"\317\273\307\366}_\352\032z\362\216\247\357{\357\367"
 5295      7D5FEA1A 
 5295      7AF28EA7 
 5295      EF7BEFF7 
 5296 1c57 FDDAD347 		.ascii	"\375\332\323G\212NIs\373~\360\371=\031\356T\317\327"
 5296      8A4E4973 
 5296      FB7EF0F9 
 5296      3D19EE54 
 5296      CFD7
 5297 1c69 23864564 		.ascii	"#\206Ed'g\246\247\2703|\303\224\224\264d\357\337\367"
 5297      2767A6A7 
 5297      B8337CC3 
 5297      9494B464 
 5297      EFDFF7
 5298 1c7c 4ECBCAF0 		.ascii	"N\313\312\360\364NO\316\354\035\227\2252\"\303\223\211"
 5298      F44E4FCE 
 5298      EC1D9795 
 5298      3222C393 
 5298      89
 5299 1c8d FC1F2524 		.ascii	"\374\037%$\016q\177\235<<93\305#\365z\205E^\177\357"
 5299      0E717F9D 
 5299      3C3C3933 
 5299      C523F57A 
 5299      85455E7F 
 5300 1ca2 F4CC94E1 		.ascii	"\364\314\224\341#R=h\007\243~'M\352lV\345\366\2732\222"
 5300      23523D68 
 5300      07A37E27 
 5300      4DEA6C56 
 5300      E5F6BB32 
 5301 1cb7 D333FD69 		.ascii	"\3233\375i^Or\252\023\017\303\263\275\351Y\016?=\272"
 5301      5E4F72AA 
 5301      130FC3B3 
 5301      BDE9590E 
ARM GAS  /tmp/ccmXepIc.s 			page 155


 5301      3F3DBA
 5302 1cca FD8E0CFF 		.ascii	"\375\216\014\377\367\303\323}~'\032\2301\302\357\371"
 5302      F7C3D37D 
 5302      7E271A98 
 5302      31C2EFF9 
 5303 1cda DEE9C9F6 		.ascii	"\336\351\311\366d\246\246g\016\213\364|\213fd$\373\376"
 5303      64A6A667 
 5303      0E8BF47C 
 5303      8B666424 
 5303      FBFE
 5304 1cec E2F63BD1 		.ascii	"\342\366;\321\320\277\216\360\214\360(\231\236\357\031"
 5304      D0BF8EF0 
 5304      8CF02899 
 5304      9EEF19
 5305 1cfb 96DDB942 		.ascii	"\226\335\271B\027n\277\222\355\365|\373\213\214\244"
 5305      176EBF92 
 5305      EDF57CFB 
 5305      8B8CA4
 5306 1d0a DA7C68A4 		.ascii	"\332|h\244\343\273\344t?\352q \011}\026\241\237\335"
 5306      E3BBE474 
 5306      3FEA7120 
 5306      097D16A1 
 5306      9FDD
 5307 1d1c 7E18A179 		.ascii	"~\030\241y\276\243\212\265\357\374h^6\236|\236\214\354"
 5307      BEA38AB5 
 5307      EFFC685E 
 5307      369E7C9E 
 5307      8CEC
 5308 1d2e 28EA434F 		.ascii	"(\352COFrv\032:\327\341\243\306\371\206\251(n\277\372"
 5308      4672761A 
 5308      3AD7E1A3 
 5308      C6F986A9 
 5308      286EBFFA 
 5309 1d42 9DDFEFCD 		.ascii	"\235\337\357\315\246\014z5\371\311\355\357\252_x=\337"
 5309      A60C7A35 
 5309      F9C9EDEF 
 5309      AA5F783D 
 5309      DF
 5310 1d53 78BC1E74 		.ascii	"x\274\036t\244\333\217lY_\377\237l\247\347\373t\177"
 5310      A4DB8F6C 
 5310      595FFF9F 
 5310      6CA7E7FB 
 5310      747F
 5311 1d65 4A56AA47 		.ascii	"JV\252G\363\246\376\200$\357\374\022\333\261\240'\205"
 5311      F3A6FE80 
 5311      24EFFC12 
 5311      DBB1A027 
 5311      85
 5312 1d76 59AF20A3 		.ascii	"Y\257 \243\317\341\247GT\377\315\360\344ax\227\201t"
 5312      CFE1A747 
 5312      54FFCDF0 
 5312      E4617897 
 5312      8174
 5313 1d88 78E7F327 		.ascii	"x\347\363'\373=N?;Q}\311_'\373<.\237\377/\311\303\323"
 5313      FB3D4E3F 
 5313      3B517DC9 
 5313      5F27FB3C 
ARM GAS  /tmp/ccmXepIc.s 			page 156


 5313      2E9FFF2F 
 5314 1d9f 8765A2AF 		.ascii	"\207e\242\2572\2233<j\326w\231\036og49\313\347N\317"
 5314      3293333C 
 5314      6AD67799 
 5314      1E6F6734 
 5314      39CBE74E 
 5315 1db4 44305AD7 		.ascii	"D0Z\327\311t\215%\275\314\271$\305\377\275\354\313\216"
 5315      C9748D25 
 5315      BDCCB924 
 5315      C5FFBDEC 
 5315      CB8E
 5316 1dc6 A4BD0E3F 		.ascii	"\244\275\016?\365\343m\024\273N\311\312\304\006\363"
 5316      F5E36D14 
 5316      BB4EC9CA 
 5316      C406F3
 5317 1dd5 BFF73774 		.ascii	"\277\3677t\3264\211\244\245z\265l\246\34054\202\366"
 5317      D63489A4 
 5317      A57AB56C 
 5317      A6E03534 
 5317      82F6
 5318 1de7 066FBAFF 		.ascii	"\006o\272\377\007\336\2361\266'\254\205\323\263T\336"
 5318      07DE9E31 
 5318      B627AC85 
 5318      D3B354DE 
 5319 1df7 0B683BA9 		.ascii	"\013h;\251\031\331YY\30354\342\233\364a\257[\353\341"
 5319      19D95959 
 5319      C33534E2 
 5319      9BF461AF 
 5319      5BEBE1
 5320 1e0a E64FBBD9 		.ascii	"\346O\273\331\037!\217\367\233\224\021\264\321\351Y"
 5320      1F218FF7 
 5320      9B9411B4 
 5320      D1E959
 5321 1e19 A1CD1C49 		.ascii	"\241\315\034I\257\334\274\247\375\361\2274\003\305c"
 5321      AFDCBCA7 
 5321      FDF19734 
 5321      03C563
 5322 1e28 153456CE 		.ascii	"\0254V\316\357\2405r\247\247F\350g|\342\365\014\243"
 5322      EFA03572 
 5322      A7A746E8 
 5322      677CE2F5 
 5322      0CA3
 5323 1e3a 2646522D 		.ascii	"&FR-\236ax\345\375\301\025\272@\277~\353g]~x\262\317"
 5323      9E6178E5 
 5323      FDC115BA 
 5323      40BF7EEB 
 5323      675D7E78 
 5324 1e50 EF4FCFF0 		.ascii	"\357O\317\360D\320\341\202gl\272T\372A',\226\352\031"
 5324      44D0E182 
 5324      676CBA54 
 5324      FA41272C 
 5324      96EA19
 5325 1e63 EE4F66FD 		.ascii	"\356Of\3751\332rG1\364\246\023\226\301\266\360x\277"
 5325      31DA7247 
 5325      31F4A613 
 5325      96C1B6F0 
 5325      78BF
ARM GAS  /tmp/ccmXepIc.s 			page 157


 5326 1e75 4D1EEEF6 		.ascii	"M\036\356\366\377\0121\337\246{\375#\350\0152y}\274"
 5326      FF0A31DF 
 5326      A67BFD23 
 5326      E80D3279 
 5326      7DBC
 5327 1e87 4B530D58 		.ascii	"KS\015X\375\214l\347\010\004\017x\327\355\177=\014\014"
 5327      FD8C6CE7 
 5327      08040F78 
 5327      D7ED7F3D 
 5327      0C0C
 5328 1e99 39BD21BD 		.ascii	"9\275!\275\264\267\376\300\236:RFx\261\313\372\243\304"
 5328      B4B7FEC0 
 5328      9E3A5246 
 5328      78B1CBFA 
 5328      A3C4
 5329 1eab 23B73FCA 		.ascii	"#\267?\312\357MF_~=\342\033\354\317$\333\357\355\304"
 5329      EF4D465F 
 5329      7E3DE21B 
 5329      ECCF24DB 
 5329      EFEDC4
 5330 1ebe 1FB0B18A 		.ascii	"\037\260\261\212\276\365\245\377\233\207\351\352;\300"
 5330      BEF5A5FF 
 5330      9B87E9EA 
 5330      3BC0
 5331 1ecc ED8FF08D 		.ascii	"\355\217\360\215\360\321\301\354I\325x\001\205*e\037"
 5331      F0D1C1EC 
 5331      49D57801 
 5331      852A651F 
 5332 1edc F7EF47BD 		.ascii	"\367\357G\275\304mS\374?d{\224\021>$\034\221\335\017"
 5332      C46D53FC 
 5332      3F647B94 
 5332      113E241C 
 5332      91DD0F
 5333 1eef A5EF2F1A 		.ascii	"\245\357/\032\307L1\035\011i\311\303\261\253z\222}Y"
 5333      C74C311D 
 5333      0969C9C3 
 5333      B1AB7A92 
 5333      7D59
 5334 1f01 9924DDE7 		.ascii	"\231$\335\347%8\236\010\016(\331\237-\373\276#\231\376"
 5334      25389E08 
 5334      0E28D99F 
 5334      2DFBBE23 
 5334      99FE
 5335 1f13 ECCE66A3 		.ascii	"\354\316f\243\335~\322w\200\024\235\354\315\370\366"
 5335      DD7ED277 
 5335      80149DEC 
 5335      CDF8F6
 5336 1f22 7DCFDB19 		.ascii	"}\317\333\031\177\374&\373\235\324l\311\205m\207}\371"
 5336      7FFC26FB 
 5336      9DD46CC9 
 5336      856D877D 
 5336      F9
 5337 1f33 ED8CF7A5 		.ascii	"\355\214\367\245\277s\273yO\367\376\325\355\311N\037"
 5337      BF73BB79 
 5337      4FF7FED5 
 5337      EDC94E1F 
 5338 1f43 9E356C84 		.ascii	"\2365l\204\347\035j\312;}b\302|\364\267\364\376\024"
ARM GAS  /tmp/ccmXepIc.s 			page 158


 5338      E71D6ACA 
 5338      3B7D62C2 
 5338      7CF4B7F4 
 5338      FE14
 5339 1f55 E9573A93 		.ascii	"\351W:\223\357;\014\002i\356o\274Y\031n\264\275\233"
 5339      EF3B0C02 
 5339      69EE6FBC 
 5339      59196EB4 
 5339      BD9B
 5340 1f67 FE98C606 		.ascii	"\376\230\306\006\343ad\322\027\261\356\217\2233S\207"
 5340      E36164D2 
 5340      17B1EE8F 
 5340      93335387 
 5341 1f77 7BBC11FA 		.ascii	"{\274\021\372 L\367\277\341\306\012\245\017\307\010"
 5341      204CF7BF 
 5341      E1C60AA5 
 5341      0FC708
 5342 1f86 E6C6BAB8 		.ascii	"\346\306\272\270\207y\260@\266/\305\373\353\224\264"
 5342      8779B040 
 5342      B62FC5FB 
 5342      EB94B4
 5343 1f95 A494B478 		.ascii	"\244\224\264x_\202\327\2031\313\237"
 5343      5F82D783 
 5343      31CB9F
 5344 1fa0 9E9599E8 		.ascii	"\236\225\231\350\371\353\210t\257'Uu\177\204\003\346"
 5344      F9EB8874 
 5344      AF275575 
 5344      7F8403E6 
 5345 1fb0 1775701F 		.ascii	"\027up\037\306rt\255:\364\213\301\211}\331\261\2176"
 5345      C67274AD 
 5345      3AF48BC1 
 5345      897DD9B1 
 5345      8F36
 5346 1fc2 38212E29 		.ascii	"8!.)6Q\035\234\020;\220\035c\023#\022\007%\015J\374"
 5346      36511D9C 
 5346      103B901D 
 5346      63132312 
 5346      07250D4A 
 5347 1fd7 62505C1F 		.ascii	"bP\\\037\006\351\027\367\323\256\300PA\035\321;vhR|"
 5347      06E917F7 
 5347      D3AEC050 
 5347      411DD13B 
 5347      7668527C 
 5348 1feb 52EF5874 		.ascii	"R\357XtD\357\370\220F:rR2\336G\235\316\301\011\237\273"
 5348      44EFF890 
 5348      463A7252 
 5348      32DE479D 
 5348      CEC1099F 
 5349 2000 3FC31E11 		.ascii	"?\303\036\021\341f\225JHJ\350\224<\374\273\344\037\350"
 5349      E166954A 
 5349      484AE894 
 5349      3CFCBBE4 
 5349      1FE8
 5350 2012 501E9E9E 		.ascii	"P\036\236\236\351\031\364\267k\311\360\245\373\334\303"
 5350      E919F4B7 
 5350      6BC9F0A5 
 5350      FBDCC3
ARM GAS  /tmp/ccmXepIc.s 			page 159


 5351 2021 5252500D 		.ascii	"RRP\015\262\373tv~\365\321\300\244A\011\211\361\335"
 5351      B2FB7476 
 5351      7EF5D1C0 
 5351      A4410989 
 5351      F1DD
 5352 2033 98834764 		.ascii	"\230\203Gd\016\317J\371\213h\001\323\303\210\370\304"
 5352      0ECF4AF9 
 5352      8B6801D3 
 5352      C388F8C4 
 5353 2043 7FCDE406 		.ascii	"\177\315\344\006\206\252\377\2016\360\343\217\3207J"
 5353      86AAFF81 
 5353      36F0E38F 
 5353      D0374A
 5354 2052 ECC0D844 		.ascii	"\354\300\330Dz\235\200\247\270\317b\207\342)\236\235"
 5354      7A9D80A7 
 5354      B8CF6287 
 5354      E2299E9D 
 5355 2062 0CE8FB5A 		.ascii	"\014\350\373Z\\ll|\322\227Nz\032\372\305\300X\025/\222"
 5355      5C6C6C7C 
 5355      D2974E7A 
 5355      1AFAC5C0 
 5355      58152F92 
 5356 2076 BE74E091 		.ascii	"\276t\340\221\336\351\347\317\361i<{\3120\216xv\376"
 5356      DEE9E7CF 
 5356      F1693C7B 
 5356      CA308E78 
 5356      76FE
 5357 2088 DC601940 		.ascii	"\334`\031@\237\014\0342D<y\317\270zWI\372,^(\354\257"
 5357      9F0C1C32 
 5357      443C79CF 
 5357      B87A5749 
 5357      FA2C5E28 
 5358 209e C62650AB 		.ascii	"\306&P\253b\223\222\006\015\301SlR|\\\"\211\375,Q\215"
 5358      62939206 
 5358      0DC1536C 
 5358      527C5C22 
 5358      89FD2C51 
 5359 20b3 1D82578E 		.ascii	"\035\202W\216\3708w|\322@\2643\316=t0;\015\344\2478"
 5359      F838777C 
 5359      D240B433 
 5359      CE3D7430 
 5359      3B0DE4A7 
 5360 20c8 7E4A189C 		.ascii	"~J\030\234\250\014\034\234\224\250|4\030\233}\350P<"
 5360      A80C1C9C 
 5360      94A87C34 
 5360      189B7DE8 
 5360      503C
 5361 20da 2A71F4FE 		.ascii	"*q\364\376cz\210\305\203\232\364q,^&}\234\220\350\240"
 5361      637A88C5 
 5361      839AF471 
 5361      2C5E267D 
 5361      9C90E8A0 
 5362 20ee 43FB031C 		.ascii	"C\373\003\034a\3309\010\355,\003\343\023\321-_|\366"
 5362      61D83908 
 5362      ED2C03E3 
 5362      13D12D5F 
 5362      7CF6
ARM GAS  /tmp/ccmXepIc.s 			page 160


 5363 2100 69A2128F 		.ascii	"i\242\022\217 \264\345\363\3708u\340GX\314\231\024\373"
 5363      20B4E5F3 
 5363      F83875E0 
 5363      4758CC99 
 5363      14FB
 5364 2112 117323D6 		.ascii	"\021s#\32651.\221\036\021\020G\271\324\270A\350\263"
 5364      35312E91 
 5364      1E111047 
 5364      B9D4B841 
 5364      E8B3
 5365 2124 CEB4EDE2 		.ascii	"\316\264\355\342X\006Aad\310\300\304\210\301\237\177"
 5365      58064161 
 5365      64C8C0C4 
 5365      88C19F7F 
 5366 2134 12FB59FC 		.ascii	"\022\373Y\374\247\237\364W\207\016L\3723\326\355\323"
 5366      A79FF457 
 5366      870E4CFA 
 5366      33D6EDD3 
 5367 2144 A109FD8D 		.ascii	"\241\011\375\215\272\3663>\357\307>\357\307>\357g|\336"
 5367      BAF6333E 
 5367      EFC73EEF 
 5367      C73EEF67 
 5367      7CDE
 5368 2156 D7F8BC2F 		.ascii	"\327\370\274/\373\274/\373\\<\355\303\236\366aO\373"
 5368      FBBC2FFB 
 5368      5C3CEDC3 
 5368      9EF6614F 
 5368      FB
 5369 2167 28096889 		.ascii	"(\011h\211c\360\247C\342b?\371L\033\222\3649\236\234"
 5369      63F0A743 
 5369      E2623FF9 
 5369      4C1B92F4 
 5369      399E9C
 5370 217a 4943060D 		.ascii	"IC\006\015J\240\367\203\376G,=\305&\304\263\323W\364"
 5370      4AA0F783 
 5370      FE472C3D 
 5370      C526C4B3 
 5370      D357F4
 5371 218d 4E41AF0E 		.ascii	"NA\257\016!C\260jq_~\306l\306P\362\311\027\361\261\356"
 5371      2143B06A 
 5371      715F7EC6 
 5371      6CC650F2 
 5371      C917F1B1 
 5372 21a2 248F3F41 		.ascii	"$\217?A\237\315\376\305\2335\"\033\263\216\256\366\217"
 5372      9FCDFEC5 
 5372      9B35221B 
 5372      B38EAEF6 
 5372      8F
 5373 21b3 F8A4AAC7 		.ascii	"\370\244\252\307\314(\267\333\223\231\374\365p\017\015"
 5373      CC28B7DB 
 5373      9399FCF5 
 5373      700F0D
 5374 21c2 365DD927 		.ascii	"6]\331'\226.\031a<\302\224\012C\347\2678\276\331\370"
 5374      962E1961 
 5374      3CC2940A 
 5374      43E7B738 
 5374      BED9F8
ARM GAS  /tmp/ccmXepIc.s 			page 161


 5375 21d5 27BEBEEF 		.ascii	"'\276\276\357\241\274\213\322\037\245\037J_\224>\262"
 5375      A1BC8BD2 
 5375      1FA51F4A 
 5375      5F943EB2 
 5376 21e5 EF9F64DF 		.ascii	"\357\237d\337\007\262\357}\3317@\366\275'\373\336\225"
 5376      07B2EF7D 
 5376      D93740F6 
 5376      BD27FBDE 
 5376      95
 5377 21f6 7DFD655F 		.ascii	"}\375e_?\331\327W\366\365Q\276\317\366y\345\354\024"
 5377      3FD9D757 
 5377      F6F551BE 
 5377      CFF679E5 
 5377      EC14
 5378 2208 6D3806C8 		.ascii	"m8\006\310\264T\342\355\333O\366\366\227\275x\354+{"
 5378      B454E2ED 
 5378      DB4FF6F6 
 5378      97BD78EC 
 5378      2B7B
 5379 221a FB44EA51 		.ascii	"\373D\352Q\211\316\375\221|\\\016N\300\006\376\177w"
 5379      89CEFD91 
 5379      7C5C0E4E 
 5379      C006FE7F 
 5379      77
 5380 222b 229939   		.ascii	"\"\2319"
 5381              		.text
 5382              		.section	.gnu.lto_.symtab.462aa1bddc5d861a,"e",%progbits
 5383 0000 5356435F 		.ascii	"SVC_Handler\000"
 5383      48616E64 
 5383      6C657200 
 5384 000c 00       		.ascii	"\000"
 5385 000d 00       		.ascii	"\000"
 5386 000e 00       		.ascii	"\000"
 5387 000f 00000000 		.ascii	"\000\000\000\000\000\000\000\000"
 5387      00000000 
 5388 0017 10020000 		.ascii	"\020\002\000\000"
 5389 001b 706F7274 		.ascii	"port_init\000"
 5389      5F696E69 
 5389      7400
 5390 0025 00       		.ascii	"\000"
 5391 0026 00       		.ascii	"\000"
 5392 0027 00       		.ascii	"\000"
 5393 0028 00000000 		.ascii	"\000\000\000\000\000\000\000\000"
 5393      00000000 
 5394 0030 14020000 		.ascii	"\024\002\000\000"
 5395 0034 5F5F706F 		.ascii	"__port_irq_epilogue\000"
 5395      72745F69 
 5395      72715F65 
 5395      70696C6F 
 5395      67756500 
 5396 0048 00       		.ascii	"\000"
 5397 0049 00       		.ascii	"\000"
 5398 004a 00       		.ascii	"\000"
 5399 004b 00000000 		.ascii	"\000\000\000\000\000\000\000\000"
 5399      00000000 
 5400 0053 09020000 		.ascii	"\011\002\000\000"
 5401 0057 5F5F706F 		.ascii	"__port_switch_from_isr\000"
ARM GAS  /tmp/ccmXepIc.s 			page 162


 5401      72745F73 
 5401      77697463 
 5401      685F6672 
 5401      6F6D5F69 
 5402 006e 00       		.ascii	"\000"
 5403 006f 02       		.ascii	"\002"
 5404 0070 00       		.ascii	"\000"
 5405 0071 00000000 		.ascii	"\000\000\000\000\000\000\000\000"
 5405      00000000 
 5406 0079 0C020000 		.ascii	"\014\002\000\000"
 5407 007d 5F5F706F 		.ascii	"__port_exit_from_isr\000"
 5407      72745F65 
 5407      7869745F 
 5407      66726F6D 
 5407      5F697372 
 5408 0092 00       		.ascii	"\000"
 5409 0093 02       		.ascii	"\002"
 5410 0094 00       		.ascii	"\000"
 5411 0095 00000000 		.ascii	"\000\000\000\000\000\000\000\000"
 5411      00000000 
 5412 009d 0E020000 		.ascii	"\016\002\000\000"
 5413 00a1 63685363 		.ascii	"chSchIsPreemptionRequired\000"
 5413      68497350 
 5413      7265656D 
 5413      7074696F 
 5413      6E526571 
 5414 00bb 00       		.ascii	"\000"
 5415 00bc 02       		.ascii	"\002"
 5416 00bd 00       		.ascii	"\000"
 5417 00be 00000000 		.ascii	"\000\000\000\000\000\000\000\000"
 5417      00000000 
 5418 00c6 1E020000 		.ascii	"\036\002\000\000"
 5419              		.text
 5420              		.section	.gnu.lto_.ext_symtab.462aa1bddc5d861a,"e",%progbits
 5421 0000 01       		.ascii	"\001"
 5422 0001 01       		.ascii	"\001"
 5423 0002 00       		.ascii	"\000"
 5424 0003 01       		.ascii	"\001"
 5425 0004 00       		.ascii	"\000"
 5426 0005 01       		.ascii	"\001"
 5427 0006 00       		.ascii	"\000"
 5428 0007 01       		.ascii	"\001"
 5429 0008 00       		.ascii	"\000"
 5430 0009 01       		.ascii	"\001"
 5431 000a 00       		.ascii	"\000"
 5432 000b 01       		.ascii	"\001"
 5433 000c 00       		.ascii	"\000"
 5434              		.text
 5435              		.section	.gnu.lto_.opts,"e",%progbits
 5436 0000 272D666E 		.ascii	"'-fno-openmp' '-fno-openacc' '-fno-pie' '-fcf-prote"
 5436      6F2D6F70 
 5436      656E6D70 
 5436      2720272D 
 5436      666E6F2D 
 5437 0033 6374696F 		.ascii	"ction=none' '-g' '-mcpu=cortex-m7' '-mthumb' '-mflo"
 5437      6E3D6E6F 
 5437      6E652720 
ARM GAS  /tmp/ccmXepIc.s 			page 163


 5437      272D6727 
 5437      20272D6D 
 5438 0066 61742D61 		.ascii	"at-abi=hard' '-mfpu=fpv5-d16' '-mlibarch=armv7e-m+f"
 5438      62693D68 
 5438      61726427 
 5438      20272D6D 
 5438      6670753D 
 5439 0099 702E6470 		.ascii	"p.dp' '-march=armv7e-m+fp.dp' '-O2' '-fomit-frame-p"
 5439      2720272D 
 5439      6D617263 
 5439      683D6172 
 5439      6D763765 
 5440 00cc 6F696E74 		.ascii	"ointer' '-falign-functions=16' '-ffunction-sections"
 5440      65722720 
 5440      272D6661 
 5440      6C69676E 
 5440      2D66756E 
 5441 00ff 2720272D 		.ascii	"' '-fdata-sections' '-fno-common' '-flto' '-Xassemb"
 5441      66646174 
 5441      612D7365 
 5441      6374696F 
 5441      6E732720 
 5442 0132 6C657227 		.ascii	"ler' '-alms=build/lst/chcore.lst'\000"
 5442      20272D61 
 5442      6C6D733D 
 5442      6275696C 
 5442      642F6C73 
 5443              		.text
 5444              		.comm	__gnu_lto_slim,1,1
 5445              		.ident	"GCC: (15:10.3-2021.07-4) 10.3.1 20210621 (release)"
ARM GAS  /tmp/ccmXepIc.s 			page 164


DEFINED SYMBOLS
                            *ABS*:0000000000000000 chcore.c
     /tmp/ccmXepIc.s:33     .gnu.debuglto_.debug_info:0000000000000000 chcore.c.e1571be0
                            *COM*:0000000000000001 __gnu_lto_slim

NO UNDEFINED SYMBOLS
