ARM GAS  /tmp/cckQkKsc.s 			page 1


   1              		.cpu cortex-m7
   2              		.eabi_attribute 28, 1
   3              		.eabi_attribute 20, 1
   4              		.eabi_attribute 21, 1
   5              		.eabi_attribute 23, 3
   6              		.eabi_attribute 24, 1
   7              		.eabi_attribute 25, 1
   8              		.eabi_attribute 26, 1
   9              		.eabi_attribute 30, 2
  10              		.eabi_attribute 34, 1
  11              		.eabi_attribute 18, 4
  12              		.file	"chdynamic.c"
  13              		.file 1 "/usr/lib/gcc/arm-none-eabi/10.3.1/include/stddef.h"
  14              		.file 2 "/usr/lib/gcc/arm-none-eabi/10.3.1/include/stdint.h"
  15              		.file 3 "third_party/ChibiOS/os/common/ports/ARM-common/chtypes.h"
  16              		.file 4 "third_party/ChibiOS/os/rt/include/chearly.h"
  17              		.file 5 "third_party/ChibiOS/os/rt/include/chobjects.h"
  18              		.file 6 "third_party/ChibiOS/os/rt/include/chrfcu.h"
  19              		.file 7 "third_party/ChibiOS/os/rt/include/chdebug.h"
  20              		.file 8 "third_party/ChibiOS/os/rt/include/chtime.h"
  21              		.file 9 "third_party/ChibiOS/os/rt/include/chlists.h"
  22              		.file 10 "third_party/ChibiOS/os/rt/include/chtrace.h"
  23              		.file 11 "third_party/ChibiOS/os/common/ports/ARMv7-M/chcore.h"
  24              		.file 12 "third_party/ChibiOS/os/rt/include/chsem.h"
  25              		.file 13 "third_party/ChibiOS/os/rt/include/chmtx.h"
  26              		.file 14 "third_party/ChibiOS/os/rt/include/chthreads.h"
  27              		.file 15 "third_party/ChibiOS/os/oslib/include/chmemcore.h"
  28              		.file 16 "third_party/ChibiOS/os/oslib/include/chmemheaps.h"
  29              		.file 17 "third_party/ChibiOS/os/oslib/include/chmempools.h"
  30              		.file 18 "third_party/ChibiOS/os/rt/src/chdynamic.c"
  31              		.file 19 "third_party/ChibiOS/os/rt/include/chsys.h"
  32              		.file 20 "third_party/ChibiOS/os/common/ext/ARM/CMSIS/Core/Include/cmsis_gcc.h"
  33              		.section	.gnu.debuglto_.debug_info,"e",%progbits
  34              	.Ldebug_info0:
  35              		.hidden	chdynamic.c.13db9003
  36              		.weak	chdynamic.c.13db9003
  37              	chdynamic.c.13db9003:
  38 0000 300D0000 		.4byte	0xd30
  39 0004 0400     		.2byte	0x4
  40 0006 00000000 		.4byte	.Ldebug_abbrev0
  41 000a 04       		.byte	0x4
  42 000b 01       		.uleb128 0x1
  43 000c 36020000 		.4byte	.LASF146
  44 0010 0C       		.byte	0xc
  45 0011 29030000 		.4byte	.LASF147
  46 0015 A1060000 		.4byte	.LASF148
  47 0019 00000000 		.4byte	.Ldebug_line0
  48 001d 02       		.uleb128 0x2
  49 001e 04       		.byte	0x4
  50 001f 05       		.byte	0x5
  51 0020 696E7400 		.ascii	"int\000"
  52 0024 03       		.uleb128 0x3
  53 0025 15000000 		.4byte	.LASF5
  54 0029 01       		.byte	0x1
  55 002a D1       		.byte	0xd1
  56 002b 17       		.byte	0x17
  57 002c 30000000 		.4byte	0x30
ARM GAS  /tmp/cckQkKsc.s 			page 2


  58 0030 04       		.uleb128 0x4
  59 0031 04       		.byte	0x4
  60 0032 07       		.byte	0x7
  61 0033 FC010000 		.4byte	.LASF0
  62 0037 04       		.uleb128 0x4
  63 0038 08       		.byte	0x8
  64 0039 05       		.byte	0x5
  65 003a C5000000 		.4byte	.LASF1
  66 003e 04       		.uleb128 0x4
  67 003f 08       		.byte	0x8
  68 0040 04       		.byte	0x4
  69 0041 A0050000 		.4byte	.LASF2
  70 0045 04       		.uleb128 0x4
  71 0046 01       		.byte	0x1
  72 0047 06       		.byte	0x6
  73 0048 D3000000 		.4byte	.LASF3
  74 004c 04       		.uleb128 0x4
  75 004d 02       		.byte	0x2
  76 004e 05       		.byte	0x5
  77 004f 22050000 		.4byte	.LASF4
  78 0053 03       		.uleb128 0x3
  79 0054 F9040000 		.4byte	.LASF6
  80 0058 02       		.byte	0x2
  81 0059 28       		.byte	0x28
  82 005a 18       		.byte	0x18
  83 005b 5F000000 		.4byte	0x5f
  84 005f 04       		.uleb128 0x4
  85 0060 04       		.byte	0x4
  86 0061 05       		.byte	0x5
  87 0062 24010000 		.4byte	.LASF7
  88 0066 03       		.uleb128 0x3
  89 0067 93060000 		.4byte	.LASF8
  90 006b 02       		.byte	0x2
  91 006c 2E       		.byte	0x2e
  92 006d 18       		.byte	0x18
  93 006e 72000000 		.4byte	0x72
  94 0072 04       		.uleb128 0x4
  95 0073 01       		.byte	0x1
  96 0074 08       		.byte	0x8
  97 0075 01050000 		.4byte	.LASF9
  98 0079 03       		.uleb128 0x3
  99 007a 52010000 		.4byte	.LASF10
 100 007e 02       		.byte	0x2
 101 007f 31       		.byte	0x31
 102 0080 19       		.byte	0x19
 103 0081 85000000 		.4byte	0x85
 104 0085 04       		.uleb128 0x4
 105 0086 02       		.byte	0x2
 106 0087 07       		.byte	0x7
 107 0088 58030000 		.4byte	.LASF11
 108 008c 03       		.uleb128 0x3
 109 008d 75050000 		.4byte	.LASF12
 110 0091 02       		.byte	0x2
 111 0092 34       		.byte	0x34
 112 0093 19       		.byte	0x19
 113 0094 98000000 		.4byte	0x98
 114 0098 04       		.uleb128 0x4
ARM GAS  /tmp/cckQkKsc.s 			page 3


 115 0099 04       		.byte	0x4
 116 009a 07       		.byte	0x7
 117 009b DF000000 		.4byte	.LASF13
 118 009f 03       		.uleb128 0x3
 119 00a0 56040000 		.4byte	.LASF14
 120 00a4 02       		.byte	0x2
 121 00a5 37       		.byte	0x37
 122 00a6 19       		.byte	0x19
 123 00a7 B0000000 		.4byte	0xb0
 124 00ab 05       		.uleb128 0x5
 125 00ac 9F000000 		.4byte	0x9f
 126 00b0 04       		.uleb128 0x4
 127 00b1 08       		.byte	0x8
 128 00b2 07       		.byte	0x7
 129 00b3 FF000000 		.4byte	.LASF15
 130 00b7 03       		.uleb128 0x3
 131 00b8 85050000 		.4byte	.LASF16
 132 00bc 03       		.byte	0x3
 133 00bd 48       		.byte	0x48
 134 00be 1D       		.byte	0x1d
 135 00bf 9F000000 		.4byte	0x9f
 136 00c3 03       		.uleb128 0x3
 137 00c4 D2030000 		.4byte	.LASF17
 138 00c8 04       		.byte	0x4
 139 00c9 50       		.byte	0x50
 140 00ca 19       		.byte	0x19
 141 00cb B7000000 		.4byte	0xb7
 142 00cf 03       		.uleb128 0x3
 143 00d0 92030000 		.4byte	.LASF18
 144 00d4 04       		.byte	0x4
 145 00d5 53       		.byte	0x53
 146 00d6 19       		.byte	0x19
 147 00d7 66000000 		.4byte	0x66
 148 00db 03       		.uleb128 0x3
 149 00dc 41010000 		.4byte	.LASF19
 150 00e0 04       		.byte	0x4
 151 00e1 54       		.byte	0x54
 152 00e2 19       		.byte	0x19
 153 00e3 66000000 		.4byte	0x66
 154 00e7 03       		.uleb128 0x3
 155 00e8 D0040000 		.4byte	.LASF20
 156 00ec 04       		.byte	0x4
 157 00ed 55       		.byte	0x55
 158 00ee 19       		.byte	0x19
 159 00ef 66000000 		.4byte	0x66
 160 00f3 03       		.uleb128 0x3
 161 00f4 E2040000 		.4byte	.LASF21
 162 00f8 04       		.byte	0x4
 163 00f9 57       		.byte	0x57
 164 00fa 19       		.byte	0x19
 165 00fb 8C000000 		.4byte	0x8c
 166 00ff 03       		.uleb128 0x3
 167 0100 75030000 		.4byte	.LASF22
 168 0104 04       		.byte	0x4
 169 0105 58       		.byte	0x58
 170 0106 19       		.byte	0x19
 171 0107 53000000 		.4byte	0x53
ARM GAS  /tmp/cckQkKsc.s 			page 4


 172 010b 03       		.uleb128 0x3
 173 010c B0030000 		.4byte	.LASF23
 174 0110 04       		.byte	0x4
 175 0111 5A       		.byte	0x5a
 176 0112 19       		.byte	0x19
 177 0113 8C000000 		.4byte	0x8c
 178 0117 03       		.uleb128 0x3
 179 0118 ED010000 		.4byte	.LASF24
 180 011c 04       		.byte	0x4
 181 011d 5C       		.byte	0x5c
 182 011e 19       		.byte	0x19
 183 011f 53000000 		.4byte	0x53
 184 0123 03       		.uleb128 0x3
 185 0124 C6040000 		.4byte	.LASF25
 186 0128 04       		.byte	0x4
 187 0129 80       		.byte	0x80
 188 012a 12       		.byte	0x12
 189 012b 30000000 		.4byte	0x30
 190 012f 03       		.uleb128 0x3
 191 0130 BF050000 		.4byte	.LASF26
 192 0134 04       		.byte	0x4
 193 0135 85       		.byte	0x85
 194 0136 1A       		.byte	0x1a
 195 0137 3B010000 		.4byte	0x13b
 196 013b 06       		.uleb128 0x6
 197 013c 6B030000 		.4byte	.LASF41
 198 0140 48       		.byte	0x48
 199 0141 05       		.byte	0x5
 200 0142 9C       		.byte	0x9c
 201 0143 08       		.byte	0x8
 202 0144 1E020000 		.4byte	0x21e
 203 0148 07       		.uleb128 0x7
 204 0149 68647200 		.ascii	"hdr\000"
 205 014d 05       		.byte	0x5
 206 014e AD       		.byte	0xad
 207 014f 05       		.byte	0x5
 208 0150 D7070000 		.4byte	0x7d7
 209 0154 00       		.byte	0
 210 0155 07       		.uleb128 0x7
 211 0156 63747800 		.ascii	"ctx\000"
 212 015a 05       		.byte	0x5
 213 015b B1       		.byte	0xb1
 214 015c 21       		.byte	0x21
 215 015d 41070000 		.4byte	0x741
 216 0161 0C       		.byte	0xc
 217 0162 08       		.uleb128 0x8
 218 0163 2F020000 		.4byte	.LASF27
 219 0167 05       		.byte	0x5
 220 0168 B6       		.byte	0xb6
 221 0169 21       		.byte	0x21
 222 016a 6E030000 		.4byte	0x36e
 223 016e 10       		.byte	0x10
 224 016f 08       		.uleb128 0x8
 225 0170 95050000 		.4byte	.LASF28
 226 0174 05       		.byte	0x5
 227 0175 BB       		.byte	0xbb
 228 0176 22       		.byte	0x22
ARM GAS  /tmp/cckQkKsc.s 			page 5


 229 0177 E4080000 		.4byte	0x8e4
 230 017b 18       		.byte	0x18
 231 017c 08       		.uleb128 0x8
 232 017d 24030000 		.4byte	.LASF29
 233 0181 05       		.byte	0x5
 234 0182 C0       		.byte	0xc0
 235 0183 22       		.byte	0x22
 236 0184 06030000 		.4byte	0x306
 237 0188 1C       		.byte	0x1c
 238 0189 08       		.uleb128 0x8
 239 018a AC050000 		.4byte	.LASF30
 240 018e 05       		.byte	0x5
 241 018f C9       		.byte	0xc9
 242 0190 22       		.byte	0x22
 243 0191 EA080000 		.4byte	0x8ea
 244 0195 20       		.byte	0x20
 245 0196 08       		.uleb128 0x8
 246 0197 1E010000 		.4byte	.LASF31
 247 019b 05       		.byte	0x5
 248 019c CE       		.byte	0xce
 249 019d 21       		.byte	0x21
 250 019e DB000000 		.4byte	0xdb
 251 01a2 24       		.byte	0x24
 252 01a3 08       		.uleb128 0x8
 253 01a4 9B060000 		.4byte	.LASF32
 254 01a8 05       		.byte	0x5
 255 01a9 D2       		.byte	0xd2
 256 01aa 21       		.byte	0x21
 257 01ab CF000000 		.4byte	0xcf
 258 01af 25       		.byte	0x25
 259 01b0 08       		.uleb128 0x8
 260 01b1 D8040000 		.4byte	.LASF33
 261 01b5 05       		.byte	0x5
 262 01b6 D7       		.byte	0xd7
 263 01b7 21       		.byte	0x21
 264 01b8 E7000000 		.4byte	0xe7
 265 01bc 26       		.byte	0x26
 266 01bd 09       		.uleb128 0x9
 267 01be 7500     		.ascii	"u\000"
 268 01c0 05       		.byte	0x5
 269 01c1 2801     		.2byte	0x128
 270 01c3 21       		.byte	0x21
 271 01c4 05080000 		.4byte	0x805
 272 01c8 28       		.byte	0x28
 273 01c9 0A       		.uleb128 0xa
 274 01ca A6010000 		.4byte	.LASF34
 275 01ce 05       		.byte	0x5
 276 01cf 2D01     		.2byte	0x12d
 277 01d1 21       		.byte	0x21
 278 01d2 41030000 		.4byte	0x341
 279 01d6 2C       		.byte	0x2c
 280 01d7 0A       		.uleb128 0xa
 281 01d8 F3010000 		.4byte	.LASF35
 282 01dc 05       		.byte	0x5
 283 01dd 3301     		.2byte	0x133
 284 01df 21       		.byte	0x21
 285 01e0 6E030000 		.4byte	0x36e
ARM GAS  /tmp/cckQkKsc.s 			page 6


 286 01e4 30       		.byte	0x30
 287 01e5 0A       		.uleb128 0xa
 288 01e6 7B030000 		.4byte	.LASF36
 289 01ea 05       		.byte	0x5
 290 01eb 3901     		.2byte	0x139
 291 01ed 21       		.byte	0x21
 292 01ee 0B010000 		.4byte	0x10b
 293 01f2 38       		.byte	0x38
 294 01f3 0A       		.uleb128 0xa
 295 01f4 02070000 		.4byte	.LASF37
 296 01f8 05       		.byte	0x5
 297 01f9 4001     		.2byte	0x140
 298 01fb 22       		.byte	0x22
 299 01fc DE080000 		.4byte	0x8de
 300 0200 3C       		.byte	0x3c
 301 0201 0A       		.uleb128 0xa
 302 0202 EF030000 		.4byte	.LASF38
 303 0206 05       		.byte	0x5
 304 0207 4401     		.2byte	0x144
 305 0209 21       		.byte	0x21
 306 020a F3000000 		.4byte	0xf3
 307 020e 40       		.byte	0x40
 308 020f 0A       		.uleb128 0xa
 309 0210 66060000 		.4byte	.LASF39
 310 0214 05       		.byte	0x5
 311 0215 4B01     		.2byte	0x14b
 312 0217 22       		.byte	0x22
 313 0218 60040000 		.4byte	0x460
 314 021c 44       		.byte	0x44
 315 021d 00       		.byte	0
 316 021e 03       		.uleb128 0x3
 317 021f 1A060000 		.4byte	.LASF40
 318 0223 04       		.byte	0x4
 319 0224 8A       		.byte	0x8a
 320 0225 1F       		.byte	0x1f
 321 0226 2A020000 		.4byte	0x22a
 322 022a 0B       		.uleb128 0xb
 323 022b 0B060000 		.4byte	.LASF42
 324 022f 9008     		.2byte	0x890
 325 0231 05       		.byte	0x5
 326 0232 8A01     		.2byte	0x18a
 327 0234 08       		.byte	0x8
 328 0235 B8020000 		.4byte	0x2b8
 329 0239 0A       		.uleb128 0xa
 330 023a 8D060000 		.4byte	.LASF43
 331 023e 05       		.byte	0x5
 332 023f 8E01     		.2byte	0x18e
 333 0241 21       		.byte	0x21
 334 0242 1B090000 		.4byte	0x91b
 335 0246 00       		.byte	0
 336 0247 0A       		.uleb128 0xa
 337 0248 45000000 		.4byte	.LASF44
 338 024c 05       		.byte	0x5
 339 024d 9201     		.2byte	0x192
 340 024f 21       		.byte	0x21
 341 0250 98070000 		.4byte	0x798
 342 0254 10       		.byte	0x10
ARM GAS  /tmp/cckQkKsc.s 			page 7


 343 0255 0A       		.uleb128 0xa
 344 0256 28060000 		.4byte	.LASF45
 345 025a 05       		.byte	0x5
 346 025b 9901     		.2byte	0x199
 347 025d 21       		.byte	0x21
 348 025e BF070000 		.4byte	0x7bf
 349 0262 28       		.byte	0x28
 350 0263 0A       		.uleb128 0xa
 351 0264 E5010000 		.4byte	.LASF46
 352 0268 05       		.byte	0x5
 353 0269 9E01     		.2byte	0x19e
 354 026b 21       		.byte	0x21
 355 026c 23010000 		.4byte	0x123
 356 0270 30       		.byte	0x30
 357 0271 0A       		.uleb128 0xa
 358 0272 29000000 		.4byte	.LASF47
 359 0276 05       		.byte	0x5
 360 0277 A401     		.2byte	0x1a4
 361 0279 21       		.byte	0x21
 362 027a DF020000 		.4byte	0x2df
 363 027e 34       		.byte	0x34
 364 027f 0A       		.uleb128 0xa
 365 0280 B8050000 		.4byte	.LASF48
 366 0284 05       		.byte	0x5
 367 0285 A901     		.2byte	0x1a9
 368 0287 22       		.byte	0x22
 369 0288 8F090000 		.4byte	0x98f
 370 028c 38       		.byte	0x38
 371 028d 0A       		.uleb128 0xa
 372 028e 93000000 		.4byte	.LASF49
 373 0292 05       		.byte	0x5
 374 0293 AD01     		.2byte	0x1ad
 375 0295 21       		.byte	0x21
 376 0296 2F010000 		.4byte	0x12f
 377 029a 3C       		.byte	0x3c
 378 029b 09       		.uleb128 0x9
 379 029c 64626700 		.ascii	"dbg\000"
 380 02a0 05       		.byte	0x5
 381 02a1 B101     		.2byte	0x1b1
 382 02a3 21       		.byte	0x21
 383 02a4 1D030000 		.4byte	0x31d
 384 02a8 84       		.byte	0x84
 385 02a9 0A       		.uleb128 0xa
 386 02aa CB060000 		.4byte	.LASF50
 387 02ae 05       		.byte	0x5
 388 02af B601     		.2byte	0x1b6
 389 02b1 21       		.byte	0x21
 390 02b2 CF050000 		.4byte	0x5cf
 391 02b6 88       		.byte	0x88
 392 02b7 00       		.byte	0
 393 02b8 03       		.uleb128 0x3
 394 02b9 F8030000 		.4byte	.LASF51
 395 02bd 06       		.byte	0x6
 396 02be 3F       		.byte	0x3f
 397 02bf 12       		.byte	0x12
 398 02c0 8C000000 		.4byte	0x8c
 399 02c4 06       		.uleb128 0x6
ARM GAS  /tmp/cckQkKsc.s 			page 8


 400 02c5 4A010000 		.4byte	.LASF52
 401 02c9 04       		.byte	0x4
 402 02ca 06       		.byte	0x6
 403 02cb 44       		.byte	0x44
 404 02cc 10       		.byte	0x10
 405 02cd DF020000 		.4byte	0x2df
 406 02d1 08       		.uleb128 0x8
 407 02d2 86010000 		.4byte	.LASF53
 408 02d6 06       		.byte	0x6
 409 02d7 48       		.byte	0x48
 410 02d8 21       		.byte	0x21
 411 02d9 B8020000 		.4byte	0x2b8
 412 02dd 00       		.byte	0
 413 02de 00       		.byte	0
 414 02df 03       		.uleb128 0x3
 415 02e0 1B050000 		.4byte	.LASF54
 416 02e4 06       		.byte	0x6
 417 02e5 49       		.byte	0x49
 418 02e6 03       		.byte	0x3
 419 02e7 C4020000 		.4byte	0x2c4
 420 02eb 06       		.uleb128 0x6
 421 02ec 96010000 		.4byte	.LASF55
 422 02f0 04       		.byte	0x4
 423 02f1 07       		.byte	0x7
 424 02f2 3E       		.byte	0x3e
 425 02f3 10       		.byte	0x10
 426 02f4 06030000 		.4byte	0x306
 427 02f8 08       		.uleb128 0x8
 428 02f9 FA050000 		.4byte	.LASF56
 429 02fd 07       		.byte	0x7
 430 02fe 46       		.byte	0x46
 431 02ff 24       		.byte	0x24
 432 0300 0C030000 		.4byte	0x30c
 433 0304 00       		.byte	0
 434 0305 00       		.byte	0
 435 0306 0C       		.uleb128 0xc
 436 0307 04       		.byte	0x4
 437 0308 18030000 		.4byte	0x318
 438 030c 05       		.uleb128 0x5
 439 030d 06030000 		.4byte	0x306
 440 0311 04       		.uleb128 0x4
 441 0312 01       		.byte	0x1
 442 0313 08       		.byte	0x8
 443 0314 B3050000 		.4byte	.LASF57
 444 0318 0D       		.uleb128 0xd
 445 0319 11030000 		.4byte	0x311
 446 031d 03       		.uleb128 0x3
 447 031e 20020000 		.4byte	.LASF58
 448 0322 07       		.byte	0x7
 449 0323 51       		.byte	0x51
 450 0324 03       		.byte	0x3
 451 0325 EB020000 		.4byte	0x2eb
 452 0329 03       		.uleb128 0x3
 453 032a CE050000 		.4byte	.LASF59
 454 032e 08       		.byte	0x8
 455 032f 6D       		.byte	0x6d
 456 0330 12       		.byte	0x12
ARM GAS  /tmp/cckQkKsc.s 			page 9


 457 0331 8C000000 		.4byte	0x8c
 458 0335 03       		.uleb128 0x3
 459 0336 B2000000 		.4byte	.LASF60
 460 033a 08       		.byte	0x8
 461 033b 79       		.byte	0x79
 462 033c 12       		.byte	0x12
 463 033d 8C000000 		.4byte	0x8c
 464 0341 03       		.uleb128 0x3
 465 0342 42040000 		.4byte	.LASF61
 466 0346 09       		.byte	0x9
 467 0347 32       		.byte	0x32
 468 0348 18       		.byte	0x18
 469 0349 4D030000 		.4byte	0x34d
 470 034d 06       		.uleb128 0x6
 471 034e 9A030000 		.4byte	.LASF62
 472 0352 04       		.byte	0x4
 473 0353 09       		.byte	0x9
 474 0354 38       		.byte	0x38
 475 0355 08       		.byte	0x8
 476 0356 68030000 		.4byte	0x368
 477 035a 08       		.uleb128 0x8
 478 035b C0000000 		.4byte	.LASF63
 479 035f 09       		.byte	0x9
 480 0360 39       		.byte	0x39
 481 0361 1A       		.byte	0x1a
 482 0362 68030000 		.4byte	0x368
 483 0366 00       		.byte	0
 484 0367 00       		.byte	0
 485 0368 0C       		.uleb128 0xc
 486 0369 04       		.byte	0x4
 487 036a 41030000 		.4byte	0x341
 488 036e 03       		.uleb128 0x3
 489 036f 8B010000 		.4byte	.LASF64
 490 0373 09       		.byte	0x9
 491 0374 3F       		.byte	0x3f
 492 0375 19       		.byte	0x19
 493 0376 7A030000 		.4byte	0x37a
 494 037a 06       		.uleb128 0x6
 495 037b EA040000 		.4byte	.LASF65
 496 037f 08       		.byte	0x8
 497 0380 09       		.byte	0x9
 498 0381 45       		.byte	0x45
 499 0382 08       		.byte	0x8
 500 0383 A2030000 		.4byte	0x3a2
 501 0387 08       		.uleb128 0x8
 502 0388 C0000000 		.4byte	.LASF63
 503 038c 09       		.byte	0x9
 504 038d 46       		.byte	0x46
 505 038e 1A       		.byte	0x1a
 506 038f A2030000 		.4byte	0x3a2
 507 0393 00       		.byte	0
 508 0394 08       		.uleb128 0x8
 509 0395 2E000000 		.4byte	.LASF66
 510 0399 09       		.byte	0x9
 511 039a 47       		.byte	0x47
 512 039b 1A       		.byte	0x1a
 513 039c A2030000 		.4byte	0x3a2
ARM GAS  /tmp/cckQkKsc.s 			page 10


 514 03a0 04       		.byte	0x4
 515 03a1 00       		.byte	0
 516 03a2 0C       		.uleb128 0xc
 517 03a3 04       		.byte	0x4
 518 03a4 6E030000 		.4byte	0x36e
 519 03a8 03       		.uleb128 0x3
 520 03a9 E6050000 		.4byte	.LASF67
 521 03ad 09       		.byte	0x9
 522 03ae 4E       		.byte	0x4e
 523 03af 22       		.byte	0x22
 524 03b0 B4030000 		.4byte	0x3b4
 525 03b4 06       		.uleb128 0x6
 526 03b5 35060000 		.4byte	.LASF68
 527 03b9 0C       		.byte	0xc
 528 03ba 09       		.byte	0x9
 529 03bb 55       		.byte	0x55
 530 03bc 08       		.byte	0x8
 531 03bd E9030000 		.4byte	0x3e9
 532 03c1 08       		.uleb128 0x8
 533 03c2 C0000000 		.4byte	.LASF63
 534 03c6 09       		.byte	0x9
 535 03c7 56       		.byte	0x56
 536 03c8 1A       		.byte	0x1a
 537 03c9 E9030000 		.4byte	0x3e9
 538 03cd 00       		.byte	0
 539 03ce 08       		.uleb128 0x8
 540 03cf 2E000000 		.4byte	.LASF66
 541 03d3 09       		.byte	0x9
 542 03d4 57       		.byte	0x57
 543 03d5 1A       		.byte	0x1a
 544 03d6 E9030000 		.4byte	0x3e9
 545 03da 04       		.byte	0x4
 546 03db 08       		.uleb128 0x8
 547 03dc B4040000 		.4byte	.LASF69
 548 03e0 09       		.byte	0x9
 549 03e1 58       		.byte	0x58
 550 03e2 19       		.byte	0x19
 551 03e3 F3000000 		.4byte	0xf3
 552 03e7 08       		.byte	0x8
 553 03e8 00       		.byte	0
 554 03e9 0C       		.uleb128 0xc
 555 03ea 04       		.byte	0x4
 556 03eb A8030000 		.4byte	0x3a8
 557 03ef 03       		.uleb128 0x3
 558 03f0 47060000 		.4byte	.LASF70
 559 03f4 09       		.byte	0x9
 560 03f5 5F       		.byte	0x5f
 561 03f6 1E       		.byte	0x1e
 562 03f7 FB030000 		.4byte	0x3fb
 563 03fb 06       		.uleb128 0x6
 564 03fc F1000000 		.4byte	.LASF71
 565 0400 0C       		.byte	0xc
 566 0401 09       		.byte	0x9
 567 0402 64       		.byte	0x64
 568 0403 08       		.byte	0x8
 569 0404 30040000 		.4byte	0x430
 570 0408 08       		.uleb128 0x8
ARM GAS  /tmp/cckQkKsc.s 			page 11


 571 0409 C0000000 		.4byte	.LASF63
 572 040d 09       		.byte	0x9
 573 040e 65       		.byte	0x65
 574 040f 1A       		.byte	0x1a
 575 0410 30040000 		.4byte	0x430
 576 0414 00       		.byte	0
 577 0415 08       		.uleb128 0x8
 578 0416 2E000000 		.4byte	.LASF66
 579 041a 09       		.byte	0x9
 580 041b 66       		.byte	0x66
 581 041c 1A       		.byte	0x1a
 582 041d 30040000 		.4byte	0x430
 583 0421 04       		.byte	0x4
 584 0422 08       		.uleb128 0x8
 585 0423 A6000000 		.4byte	.LASF72
 586 0427 09       		.byte	0x9
 587 0428 67       		.byte	0x67
 588 0429 19       		.byte	0x19
 589 042a 35030000 		.4byte	0x335
 590 042e 08       		.byte	0x8
 591 042f 00       		.byte	0
 592 0430 0C       		.uleb128 0xc
 593 0431 04       		.byte	0x4
 594 0432 EF030000 		.4byte	0x3ef
 595 0436 0E       		.uleb128 0xe
 596 0437 08       		.byte	0x8
 597 0438 0A       		.byte	0xa
 598 0439 83       		.byte	0x83
 599 043a 05       		.byte	0x5
 600 043b 5A040000 		.4byte	0x45a
 601 043f 07       		.uleb128 0x7
 602 0440 6E747000 		.ascii	"ntp\000"
 603 0444 0A       		.byte	0xa
 604 0445 87       		.byte	0x87
 605 0446 1E       		.byte	0x1e
 606 0447 5A040000 		.4byte	0x45a
 607 044b 00       		.byte	0
 608 044c 08       		.uleb128 0x8
 609 044d 35050000 		.4byte	.LASF73
 610 0451 0A       		.byte	0xa
 611 0452 8B       		.byte	0x8b
 612 0453 1E       		.byte	0x1e
 613 0454 60040000 		.4byte	0x460
 614 0458 04       		.byte	0x4
 615 0459 00       		.byte	0
 616 045a 0C       		.uleb128 0xc
 617 045b 04       		.byte	0x4
 618 045c 2F010000 		.4byte	0x12f
 619 0460 0F       		.uleb128 0xf
 620 0461 04       		.byte	0x4
 621 0462 0E       		.uleb128 0xe
 622 0463 08       		.byte	0x8
 623 0464 0A       		.byte	0xa
 624 0465 90       		.byte	0x90
 625 0466 05       		.byte	0x5
 626 0467 85040000 		.4byte	0x485
 627 046b 07       		.uleb128 0x7
ARM GAS  /tmp/cckQkKsc.s 			page 12


 628 046c 747000   		.ascii	"tp\000"
 629 046f 0A       		.byte	0xa
 630 0470 94       		.byte	0x94
 631 0471 1E       		.byte	0x1e
 632 0472 5A040000 		.4byte	0x45a
 633 0476 00       		.byte	0
 634 0477 07       		.uleb128 0x7
 635 0478 6D736700 		.ascii	"msg\000"
 636 047c 0A       		.byte	0xa
 637 047d 98       		.byte	0x98
 638 047e 1D       		.byte	0x1d
 639 047f FF000000 		.4byte	0xff
 640 0483 04       		.byte	0x4
 641 0484 00       		.byte	0
 642 0485 0E       		.uleb128 0xe
 643 0486 04       		.byte	0x4
 644 0487 0A       		.byte	0xa
 645 0488 9D       		.byte	0x9d
 646 0489 05       		.byte	0x5
 647 048a 9C040000 		.4byte	0x49c
 648 048e 08       		.uleb128 0x8
 649 048f 24030000 		.4byte	.LASF29
 650 0493 0A       		.byte	0xa
 651 0494 A1       		.byte	0xa1
 652 0495 1E       		.byte	0x1e
 653 0496 06030000 		.4byte	0x306
 654 049a 00       		.byte	0
 655 049b 00       		.byte	0
 656 049c 0E       		.uleb128 0xe
 657 049d 04       		.byte	0x4
 658 049e 0A       		.byte	0xa
 659 049f A6       		.byte	0xa6
 660 04a0 05       		.byte	0x5
 661 04a1 B3040000 		.4byte	0x4b3
 662 04a5 08       		.uleb128 0x8
 663 04a6 56050000 		.4byte	.LASF74
 664 04aa 0A       		.byte	0xa
 665 04ab AA       		.byte	0xaa
 666 04ac 1E       		.byte	0x1e
 667 04ad 06030000 		.4byte	0x306
 668 04b1 00       		.byte	0
 669 04b2 00       		.byte	0
 670 04b3 0E       		.uleb128 0xe
 671 04b4 08       		.byte	0x8
 672 04b5 0A       		.byte	0xa
 673 04b6 AF       		.byte	0xaf
 674 04b7 05       		.byte	0x5
 675 04b8 D7040000 		.4byte	0x4d7
 676 04bc 07       		.uleb128 0x7
 677 04bd 75703100 		.ascii	"up1\000"
 678 04c1 0A       		.byte	0xa
 679 04c2 B3       		.byte	0xb3
 680 04c3 1E       		.byte	0x1e
 681 04c4 60040000 		.4byte	0x460
 682 04c8 00       		.byte	0
 683 04c9 07       		.uleb128 0x7
 684 04ca 75703200 		.ascii	"up2\000"
ARM GAS  /tmp/cckQkKsc.s 			page 13


 685 04ce 0A       		.byte	0xa
 686 04cf B7       		.byte	0xb7
 687 04d0 1E       		.byte	0x1e
 688 04d1 60040000 		.4byte	0x460
 689 04d5 04       		.byte	0x4
 690 04d6 00       		.byte	0
 691 04d7 10       		.uleb128 0x10
 692 04d8 08       		.byte	0x8
 693 04d9 0A       		.byte	0xa
 694 04da 7F       		.byte	0x7f
 695 04db 03       		.byte	0x3
 696 04dc 1C050000 		.4byte	0x51c
 697 04e0 11       		.uleb128 0x11
 698 04e1 737700   		.ascii	"sw\000"
 699 04e4 0A       		.byte	0xa
 700 04e5 8C       		.byte	0x8c
 701 04e6 07       		.byte	0x7
 702 04e7 36040000 		.4byte	0x436
 703 04eb 11       		.uleb128 0x11
 704 04ec 72647900 		.ascii	"rdy\000"
 705 04f0 0A       		.byte	0xa
 706 04f1 99       		.byte	0x99
 707 04f2 07       		.byte	0x7
 708 04f3 62040000 		.4byte	0x462
 709 04f7 11       		.uleb128 0x11
 710 04f8 69737200 		.ascii	"isr\000"
 711 04fc 0A       		.byte	0xa
 712 04fd A2       		.byte	0xa2
 713 04fe 07       		.byte	0x7
 714 04ff 85040000 		.4byte	0x485
 715 0503 12       		.uleb128 0x12
 716 0504 8E000000 		.4byte	.LASF75
 717 0508 0A       		.byte	0xa
 718 0509 AB       		.byte	0xab
 719 050a 07       		.byte	0x7
 720 050b 9C040000 		.4byte	0x49c
 721 050f 12       		.uleb128 0x12
 722 0510 DD040000 		.4byte	.LASF76
 723 0514 0A       		.byte	0xa
 724 0515 B8       		.byte	0xb8
 725 0516 07       		.byte	0x7
 726 0517 B3040000 		.4byte	0x4b3
 727 051b 00       		.byte	0
 728 051c 0E       		.uleb128 0xe
 729 051d 10       		.byte	0x10
 730 051e 0A       		.byte	0xa
 731 051f 6C       		.byte	0x6c
 732 0520 09       		.byte	0x9
 733 0521 6E050000 		.4byte	0x56e
 734 0525 13       		.uleb128 0x13
 735 0526 55000000 		.4byte	.LASF77
 736 052a 0A       		.byte	0xa
 737 052b 70       		.byte	0x70
 738 052c 19       		.byte	0x19
 739 052d 8C000000 		.4byte	0x8c
 740 0531 04       		.byte	0x4
 741 0532 03       		.byte	0x3
ARM GAS  /tmp/cckQkKsc.s 			page 14


 742 0533 1D       		.byte	0x1d
 743 0534 00       		.byte	0
 744 0535 13       		.uleb128 0x13
 745 0536 1E010000 		.4byte	.LASF31
 746 053a 0A       		.byte	0xa
 747 053b 74       		.byte	0x74
 748 053c 19       		.byte	0x19
 749 053d 8C000000 		.4byte	0x8c
 750 0541 04       		.byte	0x4
 751 0542 05       		.byte	0x5
 752 0543 18       		.byte	0x18
 753 0544 00       		.byte	0
 754 0545 13       		.uleb128 0x13
 755 0546 DD030000 		.4byte	.LASF78
 756 054a 0A       		.byte	0xa
 757 054b 7A       		.byte	0x7a
 758 054c 19       		.byte	0x19
 759 054d 8C000000 		.4byte	0x8c
 760 0551 04       		.byte	0x4
 761 0552 18       		.byte	0x18
 762 0553 00       		.byte	0
 763 0554 00       		.byte	0
 764 0555 08       		.uleb128 0x8
 765 0556 AF040000 		.4byte	.LASF79
 766 055a 0A       		.byte	0xa
 767 055b 7E       		.byte	0x7e
 768 055c 19       		.byte	0x19
 769 055d 29030000 		.4byte	0x329
 770 0561 04       		.byte	0x4
 771 0562 07       		.uleb128 0x7
 772 0563 7500     		.ascii	"u\000"
 773 0565 0A       		.byte	0xa
 774 0566 B9       		.byte	0xb9
 775 0567 05       		.byte	0x5
 776 0568 D7040000 		.4byte	0x4d7
 777 056c 08       		.byte	0x8
 778 056d 00       		.byte	0
 779 056e 03       		.uleb128 0x3
 780 056f 6E000000 		.4byte	.LASF80
 781 0573 0A       		.byte	0xa
 782 0574 BA       		.byte	0xba
 783 0575 03       		.byte	0x3
 784 0576 1C050000 		.4byte	0x51c
 785 057a 14       		.uleb128 0x14
 786 057b 0808     		.2byte	0x808
 787 057d 0A       		.byte	0xa
 788 057e C0       		.byte	0xc0
 789 057f 09       		.byte	0x9
 790 0580 B9050000 		.4byte	0x5b9
 791 0584 08       		.uleb128 0x8
 792 0585 4C040000 		.4byte	.LASF81
 793 0589 0A       		.byte	0xa
 794 058a C4       		.byte	0xc4
 795 058b 19       		.byte	0x19
 796 058c 79000000 		.4byte	0x79
 797 0590 00       		.byte	0
 798 0591 08       		.uleb128 0x8
ARM GAS  /tmp/cckQkKsc.s 			page 15


 799 0592 53030000 		.4byte	.LASF82
 800 0596 0A       		.byte	0xa
 801 0597 C8       		.byte	0xc8
 802 0598 19       		.byte	0x19
 803 0599 79000000 		.4byte	0x79
 804 059d 02       		.byte	0x2
 805 059e 07       		.uleb128 0x7
 806 059f 70747200 		.ascii	"ptr\000"
 807 05a3 0A       		.byte	0xa
 808 05a4 CC       		.byte	0xcc
 809 05a5 1A       		.byte	0x1a
 810 05a6 B9050000 		.4byte	0x5b9
 811 05aa 04       		.byte	0x4
 812 05ab 08       		.uleb128 0x8
 813 05ac 76010000 		.4byte	.LASF83
 814 05b0 0A       		.byte	0xa
 815 05b1 D0       		.byte	0xd0
 816 05b2 19       		.byte	0x19
 817 05b3 BF050000 		.4byte	0x5bf
 818 05b7 08       		.byte	0x8
 819 05b8 00       		.byte	0
 820 05b9 0C       		.uleb128 0xc
 821 05ba 04       		.byte	0x4
 822 05bb 6E050000 		.4byte	0x56e
 823 05bf 15       		.uleb128 0x15
 824 05c0 6E050000 		.4byte	0x56e
 825 05c4 CF050000 		.4byte	0x5cf
 826 05c8 16       		.uleb128 0x16
 827 05c9 30000000 		.4byte	0x30
 828 05cd 7F       		.byte	0x7f
 829 05ce 00       		.byte	0
 830 05cf 03       		.uleb128 0x3
 831 05d0 5B010000 		.4byte	.LASF84
 832 05d4 0A       		.byte	0xa
 833 05d5 D1       		.byte	0xd1
 834 05d6 03       		.byte	0x3
 835 05d7 7A050000 		.4byte	0x57a
 836 05db 17       		.uleb128 0x17
 837 05dc 33000000 		.4byte	.LASF85
 838 05e0 64       		.byte	0x64
 839 05e1 0B       		.byte	0xb
 840 05e2 E001     		.2byte	0x1e0
 841 05e4 08       		.byte	0x8
 842 05e5 41070000 		.4byte	0x741
 843 05e9 09       		.uleb128 0x9
 844 05ea 73313600 		.ascii	"s16\000"
 845 05ee 0B       		.byte	0xb
 846 05ef E801     		.2byte	0x1e8
 847 05f1 11       		.byte	0x11
 848 05f2 8C000000 		.4byte	0x8c
 849 05f6 00       		.byte	0
 850 05f7 09       		.uleb128 0x9
 851 05f8 73313700 		.ascii	"s17\000"
 852 05fc 0B       		.byte	0xb
 853 05fd E901     		.2byte	0x1e9
 854 05ff 11       		.byte	0x11
 855 0600 8C000000 		.4byte	0x8c
ARM GAS  /tmp/cckQkKsc.s 			page 16


 856 0604 04       		.byte	0x4
 857 0605 09       		.uleb128 0x9
 858 0606 73313800 		.ascii	"s18\000"
 859 060a 0B       		.byte	0xb
 860 060b EA01     		.2byte	0x1ea
 861 060d 11       		.byte	0x11
 862 060e 8C000000 		.4byte	0x8c
 863 0612 08       		.byte	0x8
 864 0613 09       		.uleb128 0x9
 865 0614 73313900 		.ascii	"s19\000"
 866 0618 0B       		.byte	0xb
 867 0619 EB01     		.2byte	0x1eb
 868 061b 11       		.byte	0x11
 869 061c 8C000000 		.4byte	0x8c
 870 0620 0C       		.byte	0xc
 871 0621 09       		.uleb128 0x9
 872 0622 73323000 		.ascii	"s20\000"
 873 0626 0B       		.byte	0xb
 874 0627 EC01     		.2byte	0x1ec
 875 0629 11       		.byte	0x11
 876 062a 8C000000 		.4byte	0x8c
 877 062e 10       		.byte	0x10
 878 062f 09       		.uleb128 0x9
 879 0630 73323100 		.ascii	"s21\000"
 880 0634 0B       		.byte	0xb
 881 0635 ED01     		.2byte	0x1ed
 882 0637 11       		.byte	0x11
 883 0638 8C000000 		.4byte	0x8c
 884 063c 14       		.byte	0x14
 885 063d 09       		.uleb128 0x9
 886 063e 73323200 		.ascii	"s22\000"
 887 0642 0B       		.byte	0xb
 888 0643 EE01     		.2byte	0x1ee
 889 0645 11       		.byte	0x11
 890 0646 8C000000 		.4byte	0x8c
 891 064a 18       		.byte	0x18
 892 064b 09       		.uleb128 0x9
 893 064c 73323300 		.ascii	"s23\000"
 894 0650 0B       		.byte	0xb
 895 0651 EF01     		.2byte	0x1ef
 896 0653 11       		.byte	0x11
 897 0654 8C000000 		.4byte	0x8c
 898 0658 1C       		.byte	0x1c
 899 0659 09       		.uleb128 0x9
 900 065a 73323400 		.ascii	"s24\000"
 901 065e 0B       		.byte	0xb
 902 065f F001     		.2byte	0x1f0
 903 0661 11       		.byte	0x11
 904 0662 8C000000 		.4byte	0x8c
 905 0666 20       		.byte	0x20
 906 0667 09       		.uleb128 0x9
 907 0668 73323500 		.ascii	"s25\000"
 908 066c 0B       		.byte	0xb
 909 066d F101     		.2byte	0x1f1
 910 066f 11       		.byte	0x11
 911 0670 8C000000 		.4byte	0x8c
 912 0674 24       		.byte	0x24
ARM GAS  /tmp/cckQkKsc.s 			page 17


 913 0675 09       		.uleb128 0x9
 914 0676 73323600 		.ascii	"s26\000"
 915 067a 0B       		.byte	0xb
 916 067b F201     		.2byte	0x1f2
 917 067d 11       		.byte	0x11
 918 067e 8C000000 		.4byte	0x8c
 919 0682 28       		.byte	0x28
 920 0683 09       		.uleb128 0x9
 921 0684 73323700 		.ascii	"s27\000"
 922 0688 0B       		.byte	0xb
 923 0689 F301     		.2byte	0x1f3
 924 068b 11       		.byte	0x11
 925 068c 8C000000 		.4byte	0x8c
 926 0690 2C       		.byte	0x2c
 927 0691 09       		.uleb128 0x9
 928 0692 73323800 		.ascii	"s28\000"
 929 0696 0B       		.byte	0xb
 930 0697 F401     		.2byte	0x1f4
 931 0699 11       		.byte	0x11
 932 069a 8C000000 		.4byte	0x8c
 933 069e 30       		.byte	0x30
 934 069f 09       		.uleb128 0x9
 935 06a0 73323900 		.ascii	"s29\000"
 936 06a4 0B       		.byte	0xb
 937 06a5 F501     		.2byte	0x1f5
 938 06a7 11       		.byte	0x11
 939 06a8 8C000000 		.4byte	0x8c
 940 06ac 34       		.byte	0x34
 941 06ad 09       		.uleb128 0x9
 942 06ae 73333000 		.ascii	"s30\000"
 943 06b2 0B       		.byte	0xb
 944 06b3 F601     		.2byte	0x1f6
 945 06b5 11       		.byte	0x11
 946 06b6 8C000000 		.4byte	0x8c
 947 06ba 38       		.byte	0x38
 948 06bb 09       		.uleb128 0x9
 949 06bc 73333100 		.ascii	"s31\000"
 950 06c0 0B       		.byte	0xb
 951 06c1 F701     		.2byte	0x1f7
 952 06c3 11       		.byte	0x11
 953 06c4 8C000000 		.4byte	0x8c
 954 06c8 3C       		.byte	0x3c
 955 06c9 09       		.uleb128 0x9
 956 06ca 723400   		.ascii	"r4\000"
 957 06cd 0B       		.byte	0xb
 958 06ce F901     		.2byte	0x1f9
 959 06d0 11       		.byte	0x11
 960 06d1 8C000000 		.4byte	0x8c
 961 06d5 40       		.byte	0x40
 962 06d6 09       		.uleb128 0x9
 963 06d7 723500   		.ascii	"r5\000"
 964 06da 0B       		.byte	0xb
 965 06db FA01     		.2byte	0x1fa
 966 06dd 11       		.byte	0x11
 967 06de 8C000000 		.4byte	0x8c
 968 06e2 44       		.byte	0x44
 969 06e3 09       		.uleb128 0x9
ARM GAS  /tmp/cckQkKsc.s 			page 18


 970 06e4 723600   		.ascii	"r6\000"
 971 06e7 0B       		.byte	0xb
 972 06e8 FB01     		.2byte	0x1fb
 973 06ea 11       		.byte	0x11
 974 06eb 8C000000 		.4byte	0x8c
 975 06ef 48       		.byte	0x48
 976 06f0 09       		.uleb128 0x9
 977 06f1 723700   		.ascii	"r7\000"
 978 06f4 0B       		.byte	0xb
 979 06f5 FC01     		.2byte	0x1fc
 980 06f7 11       		.byte	0x11
 981 06f8 8C000000 		.4byte	0x8c
 982 06fc 4C       		.byte	0x4c
 983 06fd 09       		.uleb128 0x9
 984 06fe 723800   		.ascii	"r8\000"
 985 0701 0B       		.byte	0xb
 986 0702 FD01     		.2byte	0x1fd
 987 0704 11       		.byte	0x11
 988 0705 8C000000 		.4byte	0x8c
 989 0709 50       		.byte	0x50
 990 070a 09       		.uleb128 0x9
 991 070b 723900   		.ascii	"r9\000"
 992 070e 0B       		.byte	0xb
 993 070f FE01     		.2byte	0x1fe
 994 0711 11       		.byte	0x11
 995 0712 8C000000 		.4byte	0x8c
 996 0716 54       		.byte	0x54
 997 0717 09       		.uleb128 0x9
 998 0718 72313000 		.ascii	"r10\000"
 999 071c 0B       		.byte	0xb
 1000 071d FF01     		.2byte	0x1ff
 1001 071f 11       		.byte	0x11
 1002 0720 8C000000 		.4byte	0x8c
 1003 0724 58       		.byte	0x58
 1004 0725 09       		.uleb128 0x9
 1005 0726 72313100 		.ascii	"r11\000"
 1006 072a 0B       		.byte	0xb
 1007 072b 0002     		.2byte	0x200
 1008 072d 11       		.byte	0x11
 1009 072e 8C000000 		.4byte	0x8c
 1010 0732 5C       		.byte	0x5c
 1011 0733 09       		.uleb128 0x9
 1012 0734 6C7200   		.ascii	"lr\000"
 1013 0737 0B       		.byte	0xb
 1014 0738 0102     		.2byte	0x201
 1015 073a 11       		.byte	0x11
 1016 073b 8C000000 		.4byte	0x8c
 1017 073f 60       		.byte	0x60
 1018 0740 00       		.byte	0
 1019 0741 17       		.uleb128 0x17
 1020 0742 D8010000 		.4byte	.LASF86
 1021 0746 04       		.byte	0x4
 1022 0747 0B       		.byte	0xb
 1023 0748 0A02     		.2byte	0x20a
 1024 074a 08       		.byte	0x8
 1025 074b 5D070000 		.4byte	0x75d
 1026 074f 09       		.uleb128 0x9
ARM GAS  /tmp/cckQkKsc.s 			page 19


 1027 0750 737000   		.ascii	"sp\000"
 1028 0753 0B       		.byte	0xb
 1029 0754 0B02     		.2byte	0x20b
 1030 0756 1A       		.byte	0x1a
 1031 0757 5D070000 		.4byte	0x75d
 1032 075b 00       		.byte	0
 1033 075c 00       		.byte	0
 1034 075d 0C       		.uleb128 0xc
 1035 075e 04       		.byte	0x4
 1036 075f DB050000 		.4byte	0x5db
 1037 0763 06       		.uleb128 0x6
 1038 0764 17040000 		.4byte	.LASF87
 1039 0768 18       		.byte	0x18
 1040 0769 05       		.byte	0x5
 1041 076a 64       		.byte	0x64
 1042 076b 10       		.byte	0x10
 1043 076c 98070000 		.4byte	0x798
 1044 0770 08       		.uleb128 0x8
 1045 0771 C8050000 		.4byte	.LASF88
 1046 0775 05       		.byte	0x5
 1047 0776 68       		.byte	0x68
 1048 0777 21       		.byte	0x21
 1049 0778 EF030000 		.4byte	0x3ef
 1050 077c 00       		.byte	0
 1051 077d 08       		.uleb128 0x8
 1052 077e 2C050000 		.4byte	.LASF89
 1053 0782 05       		.byte	0x5
 1054 0783 73       		.byte	0x73
 1055 0784 21       		.byte	0x21
 1056 0785 29030000 		.4byte	0x329
 1057 0789 0C       		.byte	0xc
 1058 078a 08       		.uleb128 0x8
 1059 078b E5030000 		.4byte	.LASF90
 1060 078f 05       		.byte	0x5
 1061 0790 79       		.byte	0x79
 1062 0791 21       		.byte	0x21
 1063 0792 AB000000 		.4byte	0xab
 1064 0796 10       		.byte	0x10
 1065 0797 00       		.byte	0
 1066 0798 03       		.uleb128 0x3
 1067 0799 BC030000 		.4byte	.LASF91
 1068 079d 05       		.byte	0x5
 1069 079e 7B       		.byte	0x7b
 1070 079f 03       		.byte	0x3
 1071 07a0 63070000 		.4byte	0x763
 1072 07a4 06       		.uleb128 0x6
 1073 07a5 6A010000 		.4byte	.LASF92
 1074 07a9 08       		.byte	0x8
 1075 07aa 05       		.byte	0x5
 1076 07ab 80       		.byte	0x80
 1077 07ac 10       		.byte	0x10
 1078 07ad BF070000 		.4byte	0x7bf
 1079 07b1 08       		.uleb128 0x8
 1080 07b2 1E030000 		.4byte	.LASF93
 1081 07b6 05       		.byte	0x5
 1082 07b7 84       		.byte	0x84
 1083 07b8 21       		.byte	0x21
ARM GAS  /tmp/cckQkKsc.s 			page 20


 1084 07b9 6E030000 		.4byte	0x36e
 1085 07bd 00       		.byte	0
 1086 07be 00       		.byte	0
 1087 07bf 03       		.uleb128 0x3
 1088 07c0 6A050000 		.4byte	.LASF94
 1089 07c4 05       		.byte	0x5
 1090 07c5 85       		.byte	0x85
 1091 07c6 03       		.byte	0x3
 1092 07c7 A4070000 		.4byte	0x7a4
 1093 07cb 03       		.uleb128 0x3
 1094 07cc 04040000 		.4byte	.LASF95
 1095 07d0 05       		.byte	0x5
 1096 07d1 8A       		.byte	0x8a
 1097 07d2 14       		.byte	0x14
 1098 07d3 5A040000 		.4byte	0x45a
 1099 07d7 10       		.uleb128 0x10
 1100 07d8 0C       		.byte	0xc
 1101 07d9 05       		.byte	0x5
 1102 07da A0       		.byte	0xa0
 1103 07db 03       		.byte	0x3
 1104 07dc 05080000 		.4byte	0x805
 1105 07e0 12       		.uleb128 0x12
 1106 07e1 E4060000 		.4byte	.LASF96
 1107 07e5 05       		.byte	0x5
 1108 07e6 A4       		.byte	0xa4
 1109 07e7 21       		.byte	0x21
 1110 07e8 41030000 		.4byte	0x341
 1111 07ec 12       		.uleb128 0x12
 1112 07ed 1E030000 		.4byte	.LASF93
 1113 07f1 05       		.byte	0x5
 1114 07f2 A8       		.byte	0xa8
 1115 07f3 21       		.byte	0x21
 1116 07f4 6E030000 		.4byte	0x36e
 1117 07f8 12       		.uleb128 0x12
 1118 07f9 04060000 		.4byte	.LASF97
 1119 07fd 05       		.byte	0x5
 1120 07fe AC       		.byte	0xac
 1121 07ff 21       		.byte	0x21
 1122 0800 A8030000 		.4byte	0x3a8
 1123 0804 00       		.byte	0
 1124 0805 10       		.uleb128 0x10
 1125 0806 04       		.byte	0x4
 1126 0807 05       		.byte	0x5
 1127 0808 EB       		.byte	0xeb
 1128 0809 03       		.byte	0x3
 1129 080a 75080000 		.4byte	0x875
 1130 080e 12       		.uleb128 0x12
 1131 080f 1C000000 		.4byte	.LASF98
 1132 0813 05       		.byte	0x5
 1133 0814 F2       		.byte	0xf2
 1134 0815 21       		.byte	0x21
 1135 0816 FF000000 		.4byte	0xff
 1136 081a 12       		.uleb128 0x12
 1137 081b 7D010000 		.4byte	.LASF99
 1138 081f 05       		.byte	0x5
 1139 0820 F9       		.byte	0xf9
 1140 0821 21       		.byte	0x21
ARM GAS  /tmp/cckQkKsc.s 			page 21


 1141 0822 FF000000 		.4byte	0xff
 1142 0826 18       		.uleb128 0x18
 1143 0827 35050000 		.4byte	.LASF73
 1144 082b 05       		.byte	0x5
 1145 082c 0001     		.2byte	0x100
 1146 082e 22       		.byte	0x22
 1147 082f 60040000 		.4byte	0x460
 1148 0833 18       		.uleb128 0x18
 1149 0834 2E040000 		.4byte	.LASF100
 1150 0838 05       		.byte	0x5
 1151 0839 0701     		.2byte	0x107
 1152 083b 22       		.byte	0x22
 1153 083c 75080000 		.4byte	0x875
 1154 0840 18       		.uleb128 0x18
 1155 0841 9E000000 		.4byte	.LASF101
 1156 0845 05       		.byte	0x5
 1157 0846 0C01     		.2byte	0x10c
 1158 0848 21       		.byte	0x21
 1159 0849 FF000000 		.4byte	0xff
 1160 084d 18       		.uleb128 0x18
 1161 084e 19020000 		.4byte	.LASF102
 1162 0852 05       		.byte	0x5
 1163 0853 1501     		.2byte	0x115
 1164 0855 22       		.byte	0x22
 1165 0856 A3080000 		.4byte	0x8a3
 1166 085a 18       		.uleb128 0x18
 1167 085b 7E050000 		.4byte	.LASF103
 1168 085f 05       		.byte	0x5
 1169 0860 1E01     		.2byte	0x11e
 1170 0862 22       		.byte	0x22
 1171 0863 DE080000 		.4byte	0x8de
 1172 0867 18       		.uleb128 0x18
 1173 0868 3C050000 		.4byte	.LASF104
 1174 086c 05       		.byte	0x5
 1175 086d 2601     		.2byte	0x126
 1176 086f 21       		.byte	0x21
 1177 0870 0B010000 		.4byte	0x10b
 1178 0874 00       		.byte	0
 1179 0875 0C       		.uleb128 0xc
 1180 0876 04       		.byte	0x4
 1181 0877 CB070000 		.4byte	0x7cb
 1182 087b 06       		.uleb128 0x6
 1183 087c 5D050000 		.4byte	.LASF105
 1184 0880 0C       		.byte	0xc
 1185 0881 0C       		.byte	0xc
 1186 0882 34       		.byte	0x34
 1187 0883 10       		.byte	0x10
 1188 0884 A3080000 		.4byte	0x8a3
 1189 0888 08       		.uleb128 0x8
 1190 0889 1E030000 		.4byte	.LASF93
 1191 088d 0C       		.byte	0xc
 1192 088e 35       		.byte	0x35
 1193 088f 19       		.byte	0x19
 1194 0890 6E030000 		.4byte	0x36e
 1195 0894 00       		.byte	0
 1196 0895 07       		.uleb128 0x7
 1197 0896 636E7400 		.ascii	"cnt\000"
ARM GAS  /tmp/cckQkKsc.s 			page 22


 1198 089a 0C       		.byte	0xc
 1199 089b 37       		.byte	0x37
 1200 089c 19       		.byte	0x19
 1201 089d 17010000 		.4byte	0x117
 1202 08a1 08       		.byte	0x8
 1203 08a2 00       		.byte	0
 1204 08a3 0C       		.uleb128 0xc
 1205 08a4 04       		.byte	0x4
 1206 08a5 7B080000 		.4byte	0x87b
 1207 08a9 06       		.uleb128 0x6
 1208 08aa C2060000 		.4byte	.LASF106
 1209 08ae 10       		.byte	0x10
 1210 08af 0D       		.byte	0xd
 1211 08b0 39       		.byte	0x39
 1212 08b1 08       		.byte	0x8
 1213 08b2 DE080000 		.4byte	0x8de
 1214 08b6 08       		.uleb128 0x8
 1215 08b7 1E030000 		.4byte	.LASF93
 1216 08bb 0D       		.byte	0xd
 1217 08bc 3A       		.byte	0x3a
 1218 08bd 19       		.byte	0x19
 1219 08be 6E030000 		.4byte	0x36e
 1220 08c2 00       		.byte	0
 1221 08c3 08       		.uleb128 0x8
 1222 08c4 95050000 		.4byte	.LASF28
 1223 08c8 0D       		.byte	0xd
 1224 08c9 3C       		.byte	0x3c
 1225 08ca 1A       		.byte	0x1a
 1226 08cb 5A040000 		.4byte	0x45a
 1227 08cf 08       		.byte	0x8
 1228 08d0 08       		.uleb128 0x8
 1229 08d1 C0000000 		.4byte	.LASF63
 1230 08d5 0D       		.byte	0xd
 1231 08d6 3E       		.byte	0x3e
 1232 08d7 1A       		.byte	0x1a
 1233 08d8 220A0000 		.4byte	0xa22
 1234 08dc 0C       		.byte	0xc
 1235 08dd 00       		.byte	0
 1236 08de 0C       		.uleb128 0xc
 1237 08df 04       		.byte	0x4
 1238 08e0 A9080000 		.4byte	0x8a9
 1239 08e4 0C       		.uleb128 0xc
 1240 08e5 04       		.byte	0x4
 1241 08e6 1E020000 		.4byte	0x21e
 1242 08ea 0C       		.uleb128 0xc
 1243 08eb 04       		.byte	0x4
 1244 08ec C3000000 		.4byte	0xc3
 1245 08f0 17       		.uleb128 0x17
 1246 08f1 A2030000 		.4byte	.LASF107
 1247 08f5 10       		.byte	0x10
 1248 08f6 05       		.byte	0x5
 1249 08f7 5C01     		.2byte	0x15c
 1250 08f9 10       		.byte	0x10
 1251 08fa 1B090000 		.4byte	0x91b
 1252 08fe 0A       		.uleb128 0xa
 1253 08ff 04060000 		.4byte	.LASF97
 1254 0903 05       		.byte	0x5
ARM GAS  /tmp/cckQkKsc.s 			page 23


 1255 0904 6101     		.2byte	0x161
 1256 0906 21       		.byte	0x21
 1257 0907 A8030000 		.4byte	0x3a8
 1258 090b 00       		.byte	0
 1259 090c 0A       		.uleb128 0xa
 1260 090d B9040000 		.4byte	.LASF108
 1261 0911 05       		.byte	0x5
 1262 0912 6501     		.2byte	0x165
 1263 0914 22       		.byte	0x22
 1264 0915 5A040000 		.4byte	0x45a
 1265 0919 0C       		.byte	0xc
 1266 091a 00       		.byte	0
 1267 091b 19       		.uleb128 0x19
 1268 091c 08000000 		.4byte	.LASF109
 1269 0920 05       		.byte	0x5
 1270 0921 6601     		.2byte	0x166
 1271 0923 03       		.byte	0x3
 1272 0924 F0080000 		.4byte	0x8f0
 1273 0928 17       		.uleb128 0x17
 1274 0929 79040000 		.4byte	.LASF110
 1275 092d 14       		.byte	0x14
 1276 092e 05       		.byte	0x5
 1277 092f 6B01     		.2byte	0x16b
 1278 0931 10       		.byte	0x10
 1279 0932 7D090000 		.4byte	0x97d
 1280 0936 0A       		.uleb128 0xa
 1281 0937 24030000 		.4byte	.LASF29
 1282 093b 05       		.byte	0x5
 1283 093c 6F01     		.2byte	0x16f
 1284 093e 22       		.byte	0x22
 1285 093f 06030000 		.4byte	0x306
 1286 0943 00       		.byte	0
 1287 0944 0A       		.uleb128 0xa
 1288 0945 BA010000 		.4byte	.LASF111
 1289 0949 05       		.byte	0x5
 1290 094a 7501     		.2byte	0x175
 1291 094c 22       		.byte	0x22
 1292 094d EA080000 		.4byte	0x8ea
 1293 0951 04       		.byte	0x4
 1294 0952 0A       		.uleb128 0xa
 1295 0953 57060000 		.4byte	.LASF112
 1296 0957 05       		.byte	0x5
 1297 0958 7901     		.2byte	0x179
 1298 095a 22       		.byte	0x22
 1299 095b EA080000 		.4byte	0x8ea
 1300 095f 08       		.byte	0x8
 1301 0960 0A       		.uleb128 0xa
 1302 0961 09020000 		.4byte	.LASF113
 1303 0965 05       		.byte	0x5
 1304 0966 7F01     		.2byte	0x17f
 1305 0968 22       		.byte	0x22
 1306 0969 EA080000 		.4byte	0x8ea
 1307 096d 0C       		.byte	0xc
 1308 096e 0A       		.uleb128 0xa
 1309 096f F3060000 		.4byte	.LASF114
 1310 0973 05       		.byte	0x5
 1311 0974 8301     		.2byte	0x183
ARM GAS  /tmp/cckQkKsc.s 			page 24


 1312 0976 22       		.byte	0x22
 1313 0977 EA080000 		.4byte	0x8ea
 1314 097b 10       		.byte	0x10
 1315 097c 00       		.byte	0
 1316 097d 19       		.uleb128 0x19
 1317 097e 6C060000 		.4byte	.LASF115
 1318 0982 05       		.byte	0x5
 1319 0983 8501     		.2byte	0x185
 1320 0985 03       		.byte	0x3
 1321 0986 28090000 		.4byte	0x928
 1322 098a 0D       		.uleb128 0xd
 1323 098b 7D090000 		.4byte	0x97d
 1324 098f 0C       		.uleb128 0xc
 1325 0990 04       		.byte	0x4
 1326 0991 8A090000 		.4byte	0x98a
 1327 0995 03       		.uleb128 0x3
 1328 0996 00000000 		.4byte	.LASF116
 1329 099a 0E       		.byte	0xe
 1330 099b 34       		.byte	0x34
 1331 099c 10       		.byte	0x10
 1332 099d A1090000 		.4byte	0x9a1
 1333 09a1 0C       		.uleb128 0xc
 1334 09a2 04       		.byte	0x4
 1335 09a3 A7090000 		.4byte	0x9a7
 1336 09a7 1A       		.uleb128 0x1a
 1337 09a8 B2090000 		.4byte	0x9b2
 1338 09ac 1B       		.uleb128 0x1b
 1339 09ad 60040000 		.4byte	0x460
 1340 09b1 00       		.byte	0
 1341 09b2 0E       		.uleb128 0xe
 1342 09b3 18       		.byte	0x18
 1343 09b4 0E       		.byte	0xe
 1344 09b5 39       		.byte	0x39
 1345 09b6 09       		.byte	0x9
 1346 09b7 0A0A0000 		.4byte	0xa0a
 1347 09bb 08       		.uleb128 0x8
 1348 09bc 24030000 		.4byte	.LASF29
 1349 09c0 0E       		.byte	0xe
 1350 09c1 3D       		.byte	0x3d
 1351 09c2 16       		.byte	0x16
 1352 09c3 06030000 		.4byte	0x306
 1353 09c7 00       		.byte	0
 1354 09c8 08       		.uleb128 0x8
 1355 09c9 8F040000 		.4byte	.LASF117
 1356 09cd 0E       		.byte	0xe
 1357 09ce 41       		.byte	0x41
 1358 09cf 16       		.byte	0x16
 1359 09d0 EA080000 		.4byte	0x8ea
 1360 09d4 04       		.byte	0x4
 1361 09d5 08       		.uleb128 0x8
 1362 09d6 89000000 		.4byte	.LASF118
 1363 09da 0E       		.byte	0xe
 1364 09db 45       		.byte	0x45
 1365 09dc 16       		.byte	0x16
 1366 09dd EA080000 		.4byte	0x8ea
 1367 09e1 08       		.byte	0x8
 1368 09e2 08       		.uleb128 0x8
ARM GAS  /tmp/cckQkKsc.s 			page 25


 1369 09e3 B4040000 		.4byte	.LASF69
 1370 09e7 0E       		.byte	0xe
 1371 09e8 49       		.byte	0x49
 1372 09e9 15       		.byte	0x15
 1373 09ea F3000000 		.4byte	0xf3
 1374 09ee 0C       		.byte	0xc
 1375 09ef 08       		.uleb128 0x8
 1376 09f0 23000000 		.4byte	.LASF119
 1377 09f4 0E       		.byte	0xe
 1378 09f5 4D       		.byte	0x4d
 1379 09f6 15       		.byte	0x15
 1380 09f7 95090000 		.4byte	0x995
 1381 09fb 10       		.byte	0x10
 1382 09fc 07       		.uleb128 0x7
 1383 09fd 61726700 		.ascii	"arg\000"
 1384 0a01 0E       		.byte	0xe
 1385 0a02 51       		.byte	0x51
 1386 0a03 16       		.byte	0x16
 1387 0a04 60040000 		.4byte	0x460
 1388 0a08 14       		.byte	0x14
 1389 0a09 00       		.byte	0
 1390 0a0a 03       		.uleb128 0x3
 1391 0a0b 5A000000 		.4byte	.LASF120
 1392 0a0f 0E       		.byte	0xe
 1393 0a10 58       		.byte	0x58
 1394 0a11 03       		.byte	0x3
 1395 0a12 B2090000 		.4byte	0x9b2
 1396 0a16 03       		.uleb128 0x3
 1397 0a17 CA010000 		.4byte	.LASF121
 1398 0a1b 0D       		.byte	0xd
 1399 0a1c 34       		.byte	0x34
 1400 0a1d 19       		.byte	0x19
 1401 0a1e A9080000 		.4byte	0x8a9
 1402 0a22 0C       		.uleb128 0xc
 1403 0a23 04       		.byte	0x4
 1404 0a24 160A0000 		.4byte	0xa16
 1405 0a28 04       		.uleb128 0x4
 1406 0a29 01       		.byte	0x1
 1407 0a2a 02       		.byte	0x2
 1408 0a2b F3040000 		.4byte	.LASF122
 1409 0a2f 03       		.uleb128 0x3
 1410 0a30 7C000000 		.4byte	.LASF123
 1411 0a34 0F       		.byte	0xf
 1412 0a35 47       		.byte	0x47
 1413 0a36 11       		.byte	0x11
 1414 0a37 3B0A0000 		.4byte	0xa3b
 1415 0a3b 0C       		.uleb128 0xc
 1416 0a3c 04       		.byte	0x4
 1417 0a3d 410A0000 		.4byte	0xa41
 1418 0a41 1C       		.uleb128 0x1c
 1419 0a42 60040000 		.4byte	0x460
 1420 0a46 550A0000 		.4byte	0xa55
 1421 0a4a 1B       		.uleb128 0x1b
 1422 0a4b 24000000 		.4byte	0x24
 1423 0a4f 1B       		.uleb128 0x1b
 1424 0a50 30000000 		.4byte	0x30
 1425 0a54 00       		.byte	0
ARM GAS  /tmp/cckQkKsc.s 			page 26


 1426 0a55 03       		.uleb128 0x3
 1427 0a56 A1040000 		.4byte	.LASF124
 1428 0a5a 0F       		.byte	0xf
 1429 0a5b 4C       		.byte	0x4c
 1430 0a5c 11       		.byte	0x11
 1431 0a5d 610A0000 		.4byte	0xa61
 1432 0a61 0C       		.uleb128 0xc
 1433 0a62 04       		.byte	0x4
 1434 0a63 670A0000 		.4byte	0xa67
 1435 0a67 1C       		.uleb128 0x1c
 1436 0a68 60040000 		.4byte	0x460
 1437 0a6c 800A0000 		.4byte	0xa80
 1438 0a70 1B       		.uleb128 0x1b
 1439 0a71 24000000 		.4byte	0x24
 1440 0a75 1B       		.uleb128 0x1b
 1441 0a76 30000000 		.4byte	0x30
 1442 0a7a 1B       		.uleb128 0x1b
 1443 0a7b 24000000 		.4byte	0x24
 1444 0a7f 00       		.byte	0
 1445 0a80 03       		.uleb128 0x3
 1446 0a81 84030000 		.4byte	.LASF125
 1447 0a85 10       		.byte	0x10
 1448 0a86 48       		.byte	0x48
 1449 0a87 1C       		.byte	0x1c
 1450 0a88 8C0A0000 		.4byte	0xa8c
 1451 0a8c 06       		.uleb128 0x6
 1452 0a8d 11070000 		.4byte	.LASF126
 1453 0a91 1C       		.byte	0x1c
 1454 0a92 10       		.byte	0x10
 1455 0a93 60       		.byte	0x60
 1456 0a94 08       		.byte	0x8
 1457 0a95 C10A0000 		.4byte	0xac1
 1458 0a99 08       		.uleb128 0x8
 1459 0a9a 4C000000 		.4byte	.LASF127
 1460 0a9e 10       		.byte	0x10
 1461 0a9f 61       		.byte	0x61
 1462 0aa0 19       		.byte	0x19
 1463 0aa1 550A0000 		.4byte	0xa55
 1464 0aa5 00       		.byte	0
 1465 0aa6 08       		.uleb128 0x8
 1466 0aa7 0A070000 		.4byte	.LASF128
 1467 0aab 10       		.byte	0x10
 1468 0aac 63       		.byte	0x63
 1469 0aad 19       		.byte	0x19
 1470 0aae C10A0000 		.4byte	0xac1
 1471 0ab2 04       		.byte	0x4
 1472 0ab3 07       		.uleb128 0x7
 1473 0ab4 6D747800 		.ascii	"mtx\000"
 1474 0ab8 10       		.byte	0x10
 1475 0ab9 65       		.byte	0x65
 1476 0aba 19       		.byte	0x19
 1477 0abb 160A0000 		.4byte	0xa16
 1478 0abf 0C       		.byte	0xc
 1479 0ac0 00       		.byte	0
 1480 0ac1 03       		.uleb128 0x3
 1481 0ac2 D8050000 		.4byte	.LASF129
 1482 0ac6 10       		.byte	0x10
ARM GAS  /tmp/cckQkKsc.s 			page 27


 1483 0ac7 4D       		.byte	0x4d
 1484 0ac8 1B       		.byte	0x1b
 1485 0ac9 CD0A0000 		.4byte	0xacd
 1486 0acd 1D       		.uleb128 0x1d
 1487 0ace 0F050000 		.4byte	.LASF149
 1488 0ad2 08       		.byte	0x8
 1489 0ad3 10       		.byte	0x10
 1490 0ad4 52       		.byte	0x52
 1491 0ad5 07       		.byte	0x7
 1492 0ad6 F30A0000 		.4byte	0xaf3
 1493 0ada 12       		.uleb128 0x12
 1494 0adb 30060000 		.4byte	.LASF130
 1495 0adf 10       		.byte	0x10
 1496 0ae0 56       		.byte	0x56
 1497 0ae1 05       		.byte	0x5
 1498 0ae2 F30A0000 		.4byte	0xaf3
 1499 0ae6 12       		.uleb128 0x12
 1500 0ae7 C1040000 		.4byte	.LASF131
 1501 0aeb 10       		.byte	0x10
 1502 0aec 5A       		.byte	0x5a
 1503 0aed 05       		.byte	0x5
 1504 0aee 1D0B0000 		.4byte	0xb1d
 1505 0af2 00       		.byte	0
 1506 0af3 0E       		.uleb128 0xe
 1507 0af4 08       		.byte	0x8
 1508 0af5 10       		.byte	0x10
 1509 0af6 53       		.byte	0x53
 1510 0af7 03       		.byte	0x3
 1511 0af8 170B0000 		.4byte	0xb17
 1512 0afc 08       		.uleb128 0x8
 1513 0afd C0000000 		.4byte	.LASF63
 1514 0b01 10       		.byte	0x10
 1515 0b02 54       		.byte	0x54
 1516 0b03 1A       		.byte	0x1a
 1517 0b04 170B0000 		.4byte	0xb17
 1518 0b08 00       		.byte	0
 1519 0b09 08       		.uleb128 0x8
 1520 0b0a 3F000000 		.4byte	.LASF132
 1521 0b0e 10       		.byte	0x10
 1522 0b0f 55       		.byte	0x55
 1523 0b10 19       		.byte	0x19
 1524 0b11 24000000 		.4byte	0x24
 1525 0b15 04       		.byte	0x4
 1526 0b16 00       		.byte	0
 1527 0b17 0C       		.uleb128 0xc
 1528 0b18 04       		.byte	0x4
 1529 0b19 C10A0000 		.4byte	0xac1
 1530 0b1d 0E       		.uleb128 0xe
 1531 0b1e 08       		.byte	0x8
 1532 0b1f 10       		.byte	0x10
 1533 0b20 57       		.byte	0x57
 1534 0b21 03       		.byte	0x3
 1535 0b22 410B0000 		.4byte	0xb41
 1536 0b26 08       		.uleb128 0x8
 1537 0b27 9B050000 		.4byte	.LASF133
 1538 0b2b 10       		.byte	0x10
 1539 0b2c 58       		.byte	0x58
ARM GAS  /tmp/cckQkKsc.s 			page 28


 1540 0b2d 1A       		.byte	0x1a
 1541 0b2e 410B0000 		.4byte	0xb41
 1542 0b32 00       		.byte	0
 1543 0b33 08       		.uleb128 0x8
 1544 0b34 53030000 		.4byte	.LASF82
 1545 0b38 10       		.byte	0x10
 1546 0b39 59       		.byte	0x59
 1547 0b3a 19       		.byte	0x19
 1548 0b3b 24000000 		.4byte	0x24
 1549 0b3f 04       		.byte	0x4
 1550 0b40 00       		.byte	0
 1551 0b41 0C       		.uleb128 0xc
 1552 0b42 04       		.byte	0x4
 1553 0b43 800A0000 		.4byte	0xa80
 1554 0b47 06       		.uleb128 0x6
 1555 0b48 81060000 		.4byte	.LASF134
 1556 0b4c 04       		.byte	0x4
 1557 0b4d 11       		.byte	0x11
 1558 0b4e 38       		.byte	0x38
 1559 0b4f 08       		.byte	0x8
 1560 0b50 620B0000 		.4byte	0xb62
 1561 0b54 08       		.uleb128 0x8
 1562 0b55 C0000000 		.4byte	.LASF63
 1563 0b59 11       		.byte	0x11
 1564 0b5a 39       		.byte	0x39
 1565 0b5b 1A       		.byte	0x1a
 1566 0b5c 620B0000 		.4byte	0xb62
 1567 0b60 00       		.byte	0
 1568 0b61 00       		.byte	0
 1569 0b62 0C       		.uleb128 0xc
 1570 0b63 04       		.byte	0x4
 1571 0b64 470B0000 		.4byte	0xb47
 1572 0b68 0E       		.uleb128 0xe
 1573 0b69 10       		.byte	0x10
 1574 0b6a 11       		.byte	0x11
 1575 0b6b 40       		.byte	0x40
 1576 0b6c 09       		.byte	0x9
 1577 0b6d A60B0000 		.4byte	0xba6
 1578 0b71 08       		.uleb128 0x8
 1579 0b72 C0000000 		.4byte	.LASF63
 1580 0b76 11       		.byte	0x11
 1581 0b77 41       		.byte	0x41
 1582 0b78 1A       		.byte	0x1a
 1583 0b79 620B0000 		.4byte	0xb62
 1584 0b7d 00       		.byte	0
 1585 0b7e 08       		.uleb128 0x8
 1586 0b7f 95040000 		.4byte	.LASF135
 1587 0b83 11       		.byte	0x11
 1588 0b84 42       		.byte	0x42
 1589 0b85 19       		.byte	0x19
 1590 0b86 24000000 		.4byte	0x24
 1591 0b8a 04       		.byte	0x4
 1592 0b8b 08       		.uleb128 0x8
 1593 0b8c D2010000 		.4byte	.LASF136
 1594 0b90 11       		.byte	0x11
 1595 0b91 44       		.byte	0x44
 1596 0b92 19       		.byte	0x19
ARM GAS  /tmp/cckQkKsc.s 			page 29


 1597 0b93 30000000 		.4byte	0x30
 1598 0b97 08       		.byte	0x8
 1599 0b98 08       		.uleb128 0x8
 1600 0b99 4C000000 		.4byte	.LASF127
 1601 0b9d 11       		.byte	0x11
 1602 0b9e 45       		.byte	0x45
 1603 0b9f 19       		.byte	0x19
 1604 0ba0 2F0A0000 		.4byte	0xa2f
 1605 0ba4 0C       		.byte	0xc
 1606 0ba5 00       		.byte	0
 1607 0ba6 03       		.uleb128 0x3
 1608 0ba7 10030000 		.4byte	.LASF137
 1609 0bab 11       		.byte	0x11
 1610 0bac 47       		.byte	0x47
 1611 0bad 03       		.byte	0x3
 1612 0bae 680B0000 		.4byte	0xb68
 1613 0bb2 1E       		.uleb128 0x1e
 1614 0bb3 5F040000 		.4byte	.LASF138
 1615 0bb7 12       		.byte	0x12
 1616 0bb8 89       		.byte	0x89
 1617 0bb9 0B       		.byte	0xb
 1618 0bba 5A040000 		.4byte	0x45a
 1619 0bbe 340C0000 		.4byte	0xc34
 1620 0bc2 1F       		.uleb128 0x1f
 1621 0bc3 6D7000   		.ascii	"mp\000"
 1622 0bc6 12       		.byte	0x12
 1623 0bc7 89       		.byte	0x89
 1624 0bc8 34       		.byte	0x34
 1625 0bc9 340C0000 		.4byte	0xc34
 1626 0bcd 20       		.uleb128 0x20
 1627 0bce 24030000 		.4byte	.LASF29
 1628 0bd2 12       		.byte	0x12
 1629 0bd3 89       		.byte	0x89
 1630 0bd4 44       		.byte	0x44
 1631 0bd5 06030000 		.4byte	0x306
 1632 0bd9 20       		.uleb128 0x20
 1633 0bda B4040000 		.4byte	.LASF69
 1634 0bde 12       		.byte	0x12
 1635 0bdf 8A       		.byte	0x8a
 1636 0be0 2D       		.byte	0x2d
 1637 0be1 F3000000 		.4byte	0xf3
 1638 0be5 1F       		.uleb128 0x1f
 1639 0be6 706600   		.ascii	"pf\000"
 1640 0be9 12       		.byte	0x12
 1641 0bea 8A       		.byte	0x8a
 1642 0beb 3B       		.byte	0x3b
 1643 0bec 95090000 		.4byte	0x995
 1644 0bf0 1F       		.uleb128 0x1f
 1645 0bf1 61726700 		.ascii	"arg\000"
 1646 0bf5 12       		.byte	0x12
 1647 0bf6 8A       		.byte	0x8a
 1648 0bf7 45       		.byte	0x45
 1649 0bf8 60040000 		.4byte	0x460
 1650 0bfc 21       		.uleb128 0x21
 1651 0bfd 747000   		.ascii	"tp\000"
 1652 0c00 12       		.byte	0x12
 1653 0c01 8B       		.byte	0x8b
ARM GAS  /tmp/cckQkKsc.s 			page 30


 1654 0c02 0D       		.byte	0xd
 1655 0c03 5A040000 		.4byte	0x45a
 1656 0c07 22       		.uleb128 0x22
 1657 0c08 8F040000 		.4byte	.LASF117
 1658 0c0c 12       		.byte	0x12
 1659 0c0d 8C       		.byte	0x8c
 1660 0c0e 09       		.byte	0x9
 1661 0c0f 60040000 		.4byte	0x460
 1662 0c13 22       		.uleb128 0x22
 1663 0c14 89000000 		.4byte	.LASF118
 1664 0c18 12       		.byte	0x12
 1665 0c19 8C       		.byte	0x8c
 1666 0c1a 11       		.byte	0x11
 1667 0c1b 60040000 		.4byte	0x460
 1668 0c1f 23       		.uleb128 0x23
 1669 0c20 43050000 		.4byte	.LASF141
 1670 0c24 4A0C0000 		.4byte	0xc4a
 1671 0c28 21       		.uleb128 0x21
 1672 0c29 746400   		.ascii	"td\000"
 1673 0c2c 12       		.byte	0x12
 1674 0c2d 96       		.byte	0x96
 1675 0c2e 17       		.byte	0x17
 1676 0c2f 0A0A0000 		.4byte	0xa0a
 1677 0c33 00       		.byte	0
 1678 0c34 0C       		.uleb128 0xc
 1679 0c35 04       		.byte	0x4
 1680 0c36 A60B0000 		.4byte	0xba6
 1681 0c3a 15       		.uleb128 0x15
 1682 0c3b 18030000 		.4byte	0x318
 1683 0c3f 4A0C0000 		.4byte	0xc4a
 1684 0c43 16       		.uleb128 0x16
 1685 0c44 30000000 		.4byte	0x30
 1686 0c48 19       		.byte	0x19
 1687 0c49 00       		.byte	0
 1688 0c4a 0D       		.uleb128 0xd
 1689 0c4b 3A0C0000 		.4byte	0xc3a
 1690 0c4f 1E       		.uleb128 0x1e
 1691 0c50 2D010000 		.4byte	.LASF139
 1692 0c54 12       		.byte	0x12
 1693 0c55 52       		.byte	0x52
 1694 0c56 0B       		.byte	0xb
 1695 0c57 5A040000 		.4byte	0x45a
 1696 0c5b D50C0000 		.4byte	0xcd5
 1697 0c5f 20       		.uleb128 0x20
 1698 0c60 AC000000 		.4byte	.LASF140
 1699 0c64 12       		.byte	0x12
 1700 0c65 52       		.byte	0x52
 1701 0c66 2E       		.byte	0x2e
 1702 0c67 410B0000 		.4byte	0xb41
 1703 0c6b 20       		.uleb128 0x20
 1704 0c6c 53030000 		.4byte	.LASF82
 1705 0c70 12       		.byte	0x12
 1706 0c71 52       		.byte	0x52
 1707 0c72 3C       		.byte	0x3c
 1708 0c73 24000000 		.4byte	0x24
 1709 0c77 20       		.uleb128 0x20
 1710 0c78 24030000 		.4byte	.LASF29
ARM GAS  /tmp/cckQkKsc.s 			page 31


 1711 0c7c 12       		.byte	0x12
 1712 0c7d 53       		.byte	0x53
 1713 0c7e 2B       		.byte	0x2b
 1714 0c7f 06030000 		.4byte	0x306
 1715 0c83 20       		.uleb128 0x20
 1716 0c84 B4040000 		.4byte	.LASF69
 1717 0c88 12       		.byte	0x12
 1718 0c89 53       		.byte	0x53
 1719 0c8a 39       		.byte	0x39
 1720 0c8b F3000000 		.4byte	0xf3
 1721 0c8f 1F       		.uleb128 0x1f
 1722 0c90 706600   		.ascii	"pf\000"
 1723 0c93 12       		.byte	0x12
 1724 0c94 54       		.byte	0x54
 1725 0c95 27       		.byte	0x27
 1726 0c96 95090000 		.4byte	0x995
 1727 0c9a 1F       		.uleb128 0x1f
 1728 0c9b 61726700 		.ascii	"arg\000"
 1729 0c9f 12       		.byte	0x12
 1730 0ca0 54       		.byte	0x54
 1731 0ca1 31       		.byte	0x31
 1732 0ca2 60040000 		.4byte	0x460
 1733 0ca6 21       		.uleb128 0x21
 1734 0ca7 747000   		.ascii	"tp\000"
 1735 0caa 12       		.byte	0x12
 1736 0cab 55       		.byte	0x55
 1737 0cac 0D       		.byte	0xd
 1738 0cad 5A040000 		.4byte	0x45a
 1739 0cb1 22       		.uleb128 0x22
 1740 0cb2 8F040000 		.4byte	.LASF117
 1741 0cb6 12       		.byte	0x12
 1742 0cb7 56       		.byte	0x56
 1743 0cb8 09       		.byte	0x9
 1744 0cb9 60040000 		.4byte	0x460
 1745 0cbd 22       		.uleb128 0x22
 1746 0cbe 89000000 		.4byte	.LASF118
 1747 0cc2 12       		.byte	0x12
 1748 0cc3 56       		.byte	0x56
 1749 0cc4 11       		.byte	0x11
 1750 0cc5 60040000 		.4byte	0x460
 1751 0cc9 21       		.uleb128 0x21
 1752 0cca 746400   		.ascii	"td\000"
 1753 0ccd 12       		.byte	0x12
 1754 0cce 5E       		.byte	0x5e
 1755 0ccf 17       		.byte	0x17
 1756 0cd0 0A0A0000 		.4byte	0xa0a
 1757 0cd4 00       		.byte	0
 1758 0cd5 24       		.uleb128 0x24
 1759 0cd6 D8060000 		.4byte	.LASF150
 1760 0cda 13       		.byte	0x13
 1761 0cdb A501     		.2byte	0x1a5
 1762 0cdd 14       		.byte	0x14
 1763 0cde EC0C0000 		.4byte	0xcec
 1764 0ce2 23       		.uleb128 0x23
 1765 0ce3 43050000 		.4byte	.LASF141
 1766 0ce7 FC0C0000 		.4byte	0xcfc
 1767 0ceb 00       		.byte	0
ARM GAS  /tmp/cckQkKsc.s 			page 32


 1768 0cec 15       		.uleb128 0x15
 1769 0ced 18030000 		.4byte	0x318
 1770 0cf1 FC0C0000 		.4byte	0xcfc
 1771 0cf5 16       		.uleb128 0x16
 1772 0cf6 30000000 		.4byte	0x30
 1773 0cfa 0B       		.byte	0xb
 1774 0cfb 00       		.byte	0
 1775 0cfc 0D       		.uleb128 0xd
 1776 0cfd EC0C0000 		.4byte	0xcec
 1777 0d01 25       		.uleb128 0x25
 1778 0d02 4C050000 		.4byte	.LASF142
 1779 0d06 13       		.byte	0x13
 1780 0d07 9701     		.2byte	0x197
 1781 0d09 14       		.byte	0x14
 1782 0d0a 25       		.uleb128 0x25
 1783 0d0b AE010000 		.4byte	.LASF143
 1784 0d0f 0B       		.byte	0xb
 1785 0d10 4103     		.2byte	0x341
 1786 0d12 1B       		.byte	0x1b
 1787 0d13 25       		.uleb128 0x25
 1788 0d14 E9060000 		.4byte	.LASF144
 1789 0d18 0B       		.byte	0xb
 1790 0d19 2903     		.2byte	0x329
 1791 0d1b 1B       		.byte	0x1b
 1792 0d1c 26       		.uleb128 0x26
 1793 0d1d 34040000 		.4byte	.LASF151
 1794 0d21 14       		.byte	0x14
 1795 0d22 EB01     		.2byte	0x1eb
 1796 0d24 1B       		.byte	0x1b
 1797 0d25 27       		.uleb128 0x27
 1798 0d26 16010000 		.4byte	.LASF145
 1799 0d2a 14       		.byte	0x14
 1800 0d2b EB01     		.2byte	0x1eb
 1801 0d2d 32       		.byte	0x32
 1802 0d2e 8C000000 		.4byte	0x8c
 1803 0d32 00       		.byte	0
 1804 0d33 00       		.byte	0
 1805              		.section	.gnu.debuglto_.debug_abbrev,"e",%progbits
 1806              	.Ldebug_abbrev0:
 1807 0000 01       		.uleb128 0x1
 1808 0001 11       		.uleb128 0x11
 1809 0002 01       		.byte	0x1
 1810 0003 25       		.uleb128 0x25
 1811 0004 0E       		.uleb128 0xe
 1812 0005 13       		.uleb128 0x13
 1813 0006 0B       		.uleb128 0xb
 1814 0007 03       		.uleb128 0x3
 1815 0008 0E       		.uleb128 0xe
 1816 0009 1B       		.uleb128 0x1b
 1817 000a 0E       		.uleb128 0xe
 1818 000b 10       		.uleb128 0x10
 1819 000c 17       		.uleb128 0x17
 1820 000d 00       		.byte	0
 1821 000e 00       		.byte	0
 1822 000f 02       		.uleb128 0x2
 1823 0010 24       		.uleb128 0x24
 1824 0011 00       		.byte	0
ARM GAS  /tmp/cckQkKsc.s 			page 33


 1825 0012 0B       		.uleb128 0xb
 1826 0013 0B       		.uleb128 0xb
 1827 0014 3E       		.uleb128 0x3e
 1828 0015 0B       		.uleb128 0xb
 1829 0016 03       		.uleb128 0x3
 1830 0017 08       		.uleb128 0x8
 1831 0018 00       		.byte	0
 1832 0019 00       		.byte	0
 1833 001a 03       		.uleb128 0x3
 1834 001b 16       		.uleb128 0x16
 1835 001c 00       		.byte	0
 1836 001d 03       		.uleb128 0x3
 1837 001e 0E       		.uleb128 0xe
 1838 001f 3A       		.uleb128 0x3a
 1839 0020 0B       		.uleb128 0xb
 1840 0021 3B       		.uleb128 0x3b
 1841 0022 0B       		.uleb128 0xb
 1842 0023 39       		.uleb128 0x39
 1843 0024 0B       		.uleb128 0xb
 1844 0025 49       		.uleb128 0x49
 1845 0026 13       		.uleb128 0x13
 1846 0027 00       		.byte	0
 1847 0028 00       		.byte	0
 1848 0029 04       		.uleb128 0x4
 1849 002a 24       		.uleb128 0x24
 1850 002b 00       		.byte	0
 1851 002c 0B       		.uleb128 0xb
 1852 002d 0B       		.uleb128 0xb
 1853 002e 3E       		.uleb128 0x3e
 1854 002f 0B       		.uleb128 0xb
 1855 0030 03       		.uleb128 0x3
 1856 0031 0E       		.uleb128 0xe
 1857 0032 00       		.byte	0
 1858 0033 00       		.byte	0
 1859 0034 05       		.uleb128 0x5
 1860 0035 35       		.uleb128 0x35
 1861 0036 00       		.byte	0
 1862 0037 49       		.uleb128 0x49
 1863 0038 13       		.uleb128 0x13
 1864 0039 00       		.byte	0
 1865 003a 00       		.byte	0
 1866 003b 06       		.uleb128 0x6
 1867 003c 13       		.uleb128 0x13
 1868 003d 01       		.byte	0x1
 1869 003e 03       		.uleb128 0x3
 1870 003f 0E       		.uleb128 0xe
 1871 0040 0B       		.uleb128 0xb
 1872 0041 0B       		.uleb128 0xb
 1873 0042 3A       		.uleb128 0x3a
 1874 0043 0B       		.uleb128 0xb
 1875 0044 3B       		.uleb128 0x3b
 1876 0045 0B       		.uleb128 0xb
 1877 0046 39       		.uleb128 0x39
 1878 0047 0B       		.uleb128 0xb
 1879 0048 01       		.uleb128 0x1
 1880 0049 13       		.uleb128 0x13
 1881 004a 00       		.byte	0
ARM GAS  /tmp/cckQkKsc.s 			page 34


 1882 004b 00       		.byte	0
 1883 004c 07       		.uleb128 0x7
 1884 004d 0D       		.uleb128 0xd
 1885 004e 00       		.byte	0
 1886 004f 03       		.uleb128 0x3
 1887 0050 08       		.uleb128 0x8
 1888 0051 3A       		.uleb128 0x3a
 1889 0052 0B       		.uleb128 0xb
 1890 0053 3B       		.uleb128 0x3b
 1891 0054 0B       		.uleb128 0xb
 1892 0055 39       		.uleb128 0x39
 1893 0056 0B       		.uleb128 0xb
 1894 0057 49       		.uleb128 0x49
 1895 0058 13       		.uleb128 0x13
 1896 0059 38       		.uleb128 0x38
 1897 005a 0B       		.uleb128 0xb
 1898 005b 00       		.byte	0
 1899 005c 00       		.byte	0
 1900 005d 08       		.uleb128 0x8
 1901 005e 0D       		.uleb128 0xd
 1902 005f 00       		.byte	0
 1903 0060 03       		.uleb128 0x3
 1904 0061 0E       		.uleb128 0xe
 1905 0062 3A       		.uleb128 0x3a
 1906 0063 0B       		.uleb128 0xb
 1907 0064 3B       		.uleb128 0x3b
 1908 0065 0B       		.uleb128 0xb
 1909 0066 39       		.uleb128 0x39
 1910 0067 0B       		.uleb128 0xb
 1911 0068 49       		.uleb128 0x49
 1912 0069 13       		.uleb128 0x13
 1913 006a 38       		.uleb128 0x38
 1914 006b 0B       		.uleb128 0xb
 1915 006c 00       		.byte	0
 1916 006d 00       		.byte	0
 1917 006e 09       		.uleb128 0x9
 1918 006f 0D       		.uleb128 0xd
 1919 0070 00       		.byte	0
 1920 0071 03       		.uleb128 0x3
 1921 0072 08       		.uleb128 0x8
 1922 0073 3A       		.uleb128 0x3a
 1923 0074 0B       		.uleb128 0xb
 1924 0075 3B       		.uleb128 0x3b
 1925 0076 05       		.uleb128 0x5
 1926 0077 39       		.uleb128 0x39
 1927 0078 0B       		.uleb128 0xb
 1928 0079 49       		.uleb128 0x49
 1929 007a 13       		.uleb128 0x13
 1930 007b 38       		.uleb128 0x38
 1931 007c 0B       		.uleb128 0xb
 1932 007d 00       		.byte	0
 1933 007e 00       		.byte	0
 1934 007f 0A       		.uleb128 0xa
 1935 0080 0D       		.uleb128 0xd
 1936 0081 00       		.byte	0
 1937 0082 03       		.uleb128 0x3
 1938 0083 0E       		.uleb128 0xe
ARM GAS  /tmp/cckQkKsc.s 			page 35


 1939 0084 3A       		.uleb128 0x3a
 1940 0085 0B       		.uleb128 0xb
 1941 0086 3B       		.uleb128 0x3b
 1942 0087 05       		.uleb128 0x5
 1943 0088 39       		.uleb128 0x39
 1944 0089 0B       		.uleb128 0xb
 1945 008a 49       		.uleb128 0x49
 1946 008b 13       		.uleb128 0x13
 1947 008c 38       		.uleb128 0x38
 1948 008d 0B       		.uleb128 0xb
 1949 008e 00       		.byte	0
 1950 008f 00       		.byte	0
 1951 0090 0B       		.uleb128 0xb
 1952 0091 13       		.uleb128 0x13
 1953 0092 01       		.byte	0x1
 1954 0093 03       		.uleb128 0x3
 1955 0094 0E       		.uleb128 0xe
 1956 0095 0B       		.uleb128 0xb
 1957 0096 05       		.uleb128 0x5
 1958 0097 3A       		.uleb128 0x3a
 1959 0098 0B       		.uleb128 0xb
 1960 0099 3B       		.uleb128 0x3b
 1961 009a 05       		.uleb128 0x5
 1962 009b 39       		.uleb128 0x39
 1963 009c 0B       		.uleb128 0xb
 1964 009d 01       		.uleb128 0x1
 1965 009e 13       		.uleb128 0x13
 1966 009f 00       		.byte	0
 1967 00a0 00       		.byte	0
 1968 00a1 0C       		.uleb128 0xc
 1969 00a2 0F       		.uleb128 0xf
 1970 00a3 00       		.byte	0
 1971 00a4 0B       		.uleb128 0xb
 1972 00a5 0B       		.uleb128 0xb
 1973 00a6 49       		.uleb128 0x49
 1974 00a7 13       		.uleb128 0x13
 1975 00a8 00       		.byte	0
 1976 00a9 00       		.byte	0
 1977 00aa 0D       		.uleb128 0xd
 1978 00ab 26       		.uleb128 0x26
 1979 00ac 00       		.byte	0
 1980 00ad 49       		.uleb128 0x49
 1981 00ae 13       		.uleb128 0x13
 1982 00af 00       		.byte	0
 1983 00b0 00       		.byte	0
 1984 00b1 0E       		.uleb128 0xe
 1985 00b2 13       		.uleb128 0x13
 1986 00b3 01       		.byte	0x1
 1987 00b4 0B       		.uleb128 0xb
 1988 00b5 0B       		.uleb128 0xb
 1989 00b6 3A       		.uleb128 0x3a
 1990 00b7 0B       		.uleb128 0xb
 1991 00b8 3B       		.uleb128 0x3b
 1992 00b9 0B       		.uleb128 0xb
 1993 00ba 39       		.uleb128 0x39
 1994 00bb 0B       		.uleb128 0xb
 1995 00bc 01       		.uleb128 0x1
ARM GAS  /tmp/cckQkKsc.s 			page 36


 1996 00bd 13       		.uleb128 0x13
 1997 00be 00       		.byte	0
 1998 00bf 00       		.byte	0
 1999 00c0 0F       		.uleb128 0xf
 2000 00c1 0F       		.uleb128 0xf
 2001 00c2 00       		.byte	0
 2002 00c3 0B       		.uleb128 0xb
 2003 00c4 0B       		.uleb128 0xb
 2004 00c5 00       		.byte	0
 2005 00c6 00       		.byte	0
 2006 00c7 10       		.uleb128 0x10
 2007 00c8 17       		.uleb128 0x17
 2008 00c9 01       		.byte	0x1
 2009 00ca 0B       		.uleb128 0xb
 2010 00cb 0B       		.uleb128 0xb
 2011 00cc 3A       		.uleb128 0x3a
 2012 00cd 0B       		.uleb128 0xb
 2013 00ce 3B       		.uleb128 0x3b
 2014 00cf 0B       		.uleb128 0xb
 2015 00d0 39       		.uleb128 0x39
 2016 00d1 0B       		.uleb128 0xb
 2017 00d2 01       		.uleb128 0x1
 2018 00d3 13       		.uleb128 0x13
 2019 00d4 00       		.byte	0
 2020 00d5 00       		.byte	0
 2021 00d6 11       		.uleb128 0x11
 2022 00d7 0D       		.uleb128 0xd
 2023 00d8 00       		.byte	0
 2024 00d9 03       		.uleb128 0x3
 2025 00da 08       		.uleb128 0x8
 2026 00db 3A       		.uleb128 0x3a
 2027 00dc 0B       		.uleb128 0xb
 2028 00dd 3B       		.uleb128 0x3b
 2029 00de 0B       		.uleb128 0xb
 2030 00df 39       		.uleb128 0x39
 2031 00e0 0B       		.uleb128 0xb
 2032 00e1 49       		.uleb128 0x49
 2033 00e2 13       		.uleb128 0x13
 2034 00e3 00       		.byte	0
 2035 00e4 00       		.byte	0
 2036 00e5 12       		.uleb128 0x12
 2037 00e6 0D       		.uleb128 0xd
 2038 00e7 00       		.byte	0
 2039 00e8 03       		.uleb128 0x3
 2040 00e9 0E       		.uleb128 0xe
 2041 00ea 3A       		.uleb128 0x3a
 2042 00eb 0B       		.uleb128 0xb
 2043 00ec 3B       		.uleb128 0x3b
 2044 00ed 0B       		.uleb128 0xb
 2045 00ee 39       		.uleb128 0x39
 2046 00ef 0B       		.uleb128 0xb
 2047 00f0 49       		.uleb128 0x49
 2048 00f1 13       		.uleb128 0x13
 2049 00f2 00       		.byte	0
 2050 00f3 00       		.byte	0
 2051 00f4 13       		.uleb128 0x13
 2052 00f5 0D       		.uleb128 0xd
ARM GAS  /tmp/cckQkKsc.s 			page 37


 2053 00f6 00       		.byte	0
 2054 00f7 03       		.uleb128 0x3
 2055 00f8 0E       		.uleb128 0xe
 2056 00f9 3A       		.uleb128 0x3a
 2057 00fa 0B       		.uleb128 0xb
 2058 00fb 3B       		.uleb128 0x3b
 2059 00fc 0B       		.uleb128 0xb
 2060 00fd 39       		.uleb128 0x39
 2061 00fe 0B       		.uleb128 0xb
 2062 00ff 49       		.uleb128 0x49
 2063 0100 13       		.uleb128 0x13
 2064 0101 0B       		.uleb128 0xb
 2065 0102 0B       		.uleb128 0xb
 2066 0103 0D       		.uleb128 0xd
 2067 0104 0B       		.uleb128 0xb
 2068 0105 0C       		.uleb128 0xc
 2069 0106 0B       		.uleb128 0xb
 2070 0107 38       		.uleb128 0x38
 2071 0108 0B       		.uleb128 0xb
 2072 0109 00       		.byte	0
 2073 010a 00       		.byte	0
 2074 010b 14       		.uleb128 0x14
 2075 010c 13       		.uleb128 0x13
 2076 010d 01       		.byte	0x1
 2077 010e 0B       		.uleb128 0xb
 2078 010f 05       		.uleb128 0x5
 2079 0110 3A       		.uleb128 0x3a
 2080 0111 0B       		.uleb128 0xb
 2081 0112 3B       		.uleb128 0x3b
 2082 0113 0B       		.uleb128 0xb
 2083 0114 39       		.uleb128 0x39
 2084 0115 0B       		.uleb128 0xb
 2085 0116 01       		.uleb128 0x1
 2086 0117 13       		.uleb128 0x13
 2087 0118 00       		.byte	0
 2088 0119 00       		.byte	0
 2089 011a 15       		.uleb128 0x15
 2090 011b 01       		.uleb128 0x1
 2091 011c 01       		.byte	0x1
 2092 011d 49       		.uleb128 0x49
 2093 011e 13       		.uleb128 0x13
 2094 011f 01       		.uleb128 0x1
 2095 0120 13       		.uleb128 0x13
 2096 0121 00       		.byte	0
 2097 0122 00       		.byte	0
 2098 0123 16       		.uleb128 0x16
 2099 0124 21       		.uleb128 0x21
 2100 0125 00       		.byte	0
 2101 0126 49       		.uleb128 0x49
 2102 0127 13       		.uleb128 0x13
 2103 0128 2F       		.uleb128 0x2f
 2104 0129 0B       		.uleb128 0xb
 2105 012a 00       		.byte	0
 2106 012b 00       		.byte	0
 2107 012c 17       		.uleb128 0x17
 2108 012d 13       		.uleb128 0x13
 2109 012e 01       		.byte	0x1
ARM GAS  /tmp/cckQkKsc.s 			page 38


 2110 012f 03       		.uleb128 0x3
 2111 0130 0E       		.uleb128 0xe
 2112 0131 0B       		.uleb128 0xb
 2113 0132 0B       		.uleb128 0xb
 2114 0133 3A       		.uleb128 0x3a
 2115 0134 0B       		.uleb128 0xb
 2116 0135 3B       		.uleb128 0x3b
 2117 0136 05       		.uleb128 0x5
 2118 0137 39       		.uleb128 0x39
 2119 0138 0B       		.uleb128 0xb
 2120 0139 01       		.uleb128 0x1
 2121 013a 13       		.uleb128 0x13
 2122 013b 00       		.byte	0
 2123 013c 00       		.byte	0
 2124 013d 18       		.uleb128 0x18
 2125 013e 0D       		.uleb128 0xd
 2126 013f 00       		.byte	0
 2127 0140 03       		.uleb128 0x3
 2128 0141 0E       		.uleb128 0xe
 2129 0142 3A       		.uleb128 0x3a
 2130 0143 0B       		.uleb128 0xb
 2131 0144 3B       		.uleb128 0x3b
 2132 0145 05       		.uleb128 0x5
 2133 0146 39       		.uleb128 0x39
 2134 0147 0B       		.uleb128 0xb
 2135 0148 49       		.uleb128 0x49
 2136 0149 13       		.uleb128 0x13
 2137 014a 00       		.byte	0
 2138 014b 00       		.byte	0
 2139 014c 19       		.uleb128 0x19
 2140 014d 16       		.uleb128 0x16
 2141 014e 00       		.byte	0
 2142 014f 03       		.uleb128 0x3
 2143 0150 0E       		.uleb128 0xe
 2144 0151 3A       		.uleb128 0x3a
 2145 0152 0B       		.uleb128 0xb
 2146 0153 3B       		.uleb128 0x3b
 2147 0154 05       		.uleb128 0x5
 2148 0155 39       		.uleb128 0x39
 2149 0156 0B       		.uleb128 0xb
 2150 0157 49       		.uleb128 0x49
 2151 0158 13       		.uleb128 0x13
 2152 0159 00       		.byte	0
 2153 015a 00       		.byte	0
 2154 015b 1A       		.uleb128 0x1a
 2155 015c 15       		.uleb128 0x15
 2156 015d 01       		.byte	0x1
 2157 015e 27       		.uleb128 0x27
 2158 015f 19       		.uleb128 0x19
 2159 0160 01       		.uleb128 0x1
 2160 0161 13       		.uleb128 0x13
 2161 0162 00       		.byte	0
 2162 0163 00       		.byte	0
 2163 0164 1B       		.uleb128 0x1b
 2164 0165 05       		.uleb128 0x5
 2165 0166 00       		.byte	0
 2166 0167 49       		.uleb128 0x49
ARM GAS  /tmp/cckQkKsc.s 			page 39


 2167 0168 13       		.uleb128 0x13
 2168 0169 00       		.byte	0
 2169 016a 00       		.byte	0
 2170 016b 1C       		.uleb128 0x1c
 2171 016c 15       		.uleb128 0x15
 2172 016d 01       		.byte	0x1
 2173 016e 27       		.uleb128 0x27
 2174 016f 19       		.uleb128 0x19
 2175 0170 49       		.uleb128 0x49
 2176 0171 13       		.uleb128 0x13
 2177 0172 01       		.uleb128 0x1
 2178 0173 13       		.uleb128 0x13
 2179 0174 00       		.byte	0
 2180 0175 00       		.byte	0
 2181 0176 1D       		.uleb128 0x1d
 2182 0177 17       		.uleb128 0x17
 2183 0178 01       		.byte	0x1
 2184 0179 03       		.uleb128 0x3
 2185 017a 0E       		.uleb128 0xe
 2186 017b 0B       		.uleb128 0xb
 2187 017c 0B       		.uleb128 0xb
 2188 017d 3A       		.uleb128 0x3a
 2189 017e 0B       		.uleb128 0xb
 2190 017f 3B       		.uleb128 0x3b
 2191 0180 0B       		.uleb128 0xb
 2192 0181 39       		.uleb128 0x39
 2193 0182 0B       		.uleb128 0xb
 2194 0183 01       		.uleb128 0x1
 2195 0184 13       		.uleb128 0x13
 2196 0185 00       		.byte	0
 2197 0186 00       		.byte	0
 2198 0187 1E       		.uleb128 0x1e
 2199 0188 2E       		.uleb128 0x2e
 2200 0189 01       		.byte	0x1
 2201 018a 3F       		.uleb128 0x3f
 2202 018b 19       		.uleb128 0x19
 2203 018c 03       		.uleb128 0x3
 2204 018d 0E       		.uleb128 0xe
 2205 018e 3A       		.uleb128 0x3a
 2206 018f 0B       		.uleb128 0xb
 2207 0190 3B       		.uleb128 0x3b
 2208 0191 0B       		.uleb128 0xb
 2209 0192 39       		.uleb128 0x39
 2210 0193 0B       		.uleb128 0xb
 2211 0194 27       		.uleb128 0x27
 2212 0195 19       		.uleb128 0x19
 2213 0196 49       		.uleb128 0x49
 2214 0197 13       		.uleb128 0x13
 2215 0198 01       		.uleb128 0x1
 2216 0199 13       		.uleb128 0x13
 2217 019a 00       		.byte	0
 2218 019b 00       		.byte	0
 2219 019c 1F       		.uleb128 0x1f
 2220 019d 05       		.uleb128 0x5
 2221 019e 00       		.byte	0
 2222 019f 03       		.uleb128 0x3
 2223 01a0 08       		.uleb128 0x8
ARM GAS  /tmp/cckQkKsc.s 			page 40


 2224 01a1 3A       		.uleb128 0x3a
 2225 01a2 0B       		.uleb128 0xb
 2226 01a3 3B       		.uleb128 0x3b
 2227 01a4 0B       		.uleb128 0xb
 2228 01a5 39       		.uleb128 0x39
 2229 01a6 0B       		.uleb128 0xb
 2230 01a7 49       		.uleb128 0x49
 2231 01a8 13       		.uleb128 0x13
 2232 01a9 00       		.byte	0
 2233 01aa 00       		.byte	0
 2234 01ab 20       		.uleb128 0x20
 2235 01ac 05       		.uleb128 0x5
 2236 01ad 00       		.byte	0
 2237 01ae 03       		.uleb128 0x3
 2238 01af 0E       		.uleb128 0xe
 2239 01b0 3A       		.uleb128 0x3a
 2240 01b1 0B       		.uleb128 0xb
 2241 01b2 3B       		.uleb128 0x3b
 2242 01b3 0B       		.uleb128 0xb
 2243 01b4 39       		.uleb128 0x39
 2244 01b5 0B       		.uleb128 0xb
 2245 01b6 49       		.uleb128 0x49
 2246 01b7 13       		.uleb128 0x13
 2247 01b8 00       		.byte	0
 2248 01b9 00       		.byte	0
 2249 01ba 21       		.uleb128 0x21
 2250 01bb 34       		.uleb128 0x34
 2251 01bc 00       		.byte	0
 2252 01bd 03       		.uleb128 0x3
 2253 01be 08       		.uleb128 0x8
 2254 01bf 3A       		.uleb128 0x3a
 2255 01c0 0B       		.uleb128 0xb
 2256 01c1 3B       		.uleb128 0x3b
 2257 01c2 0B       		.uleb128 0xb
 2258 01c3 39       		.uleb128 0x39
 2259 01c4 0B       		.uleb128 0xb
 2260 01c5 49       		.uleb128 0x49
 2261 01c6 13       		.uleb128 0x13
 2262 01c7 00       		.byte	0
 2263 01c8 00       		.byte	0
 2264 01c9 22       		.uleb128 0x22
 2265 01ca 34       		.uleb128 0x34
 2266 01cb 00       		.byte	0
 2267 01cc 03       		.uleb128 0x3
 2268 01cd 0E       		.uleb128 0xe
 2269 01ce 3A       		.uleb128 0x3a
 2270 01cf 0B       		.uleb128 0xb
 2271 01d0 3B       		.uleb128 0x3b
 2272 01d1 0B       		.uleb128 0xb
 2273 01d2 39       		.uleb128 0x39
 2274 01d3 0B       		.uleb128 0xb
 2275 01d4 49       		.uleb128 0x49
 2276 01d5 13       		.uleb128 0x13
 2277 01d6 00       		.byte	0
 2278 01d7 00       		.byte	0
 2279 01d8 23       		.uleb128 0x23
 2280 01d9 34       		.uleb128 0x34
ARM GAS  /tmp/cckQkKsc.s 			page 41


 2281 01da 00       		.byte	0
 2282 01db 03       		.uleb128 0x3
 2283 01dc 0E       		.uleb128 0xe
 2284 01dd 49       		.uleb128 0x49
 2285 01de 13       		.uleb128 0x13
 2286 01df 34       		.uleb128 0x34
 2287 01e0 19       		.uleb128 0x19
 2288 01e1 00       		.byte	0
 2289 01e2 00       		.byte	0
 2290 01e3 24       		.uleb128 0x24
 2291 01e4 2E       		.uleb128 0x2e
 2292 01e5 01       		.byte	0x1
 2293 01e6 03       		.uleb128 0x3
 2294 01e7 0E       		.uleb128 0xe
 2295 01e8 3A       		.uleb128 0x3a
 2296 01e9 0B       		.uleb128 0xb
 2297 01ea 3B       		.uleb128 0x3b
 2298 01eb 05       		.uleb128 0x5
 2299 01ec 39       		.uleb128 0x39
 2300 01ed 0B       		.uleb128 0xb
 2301 01ee 27       		.uleb128 0x27
 2302 01ef 19       		.uleb128 0x19
 2303 01f0 01       		.uleb128 0x1
 2304 01f1 13       		.uleb128 0x13
 2305 01f2 00       		.byte	0
 2306 01f3 00       		.byte	0
 2307 01f4 25       		.uleb128 0x25
 2308 01f5 2E       		.uleb128 0x2e
 2309 01f6 00       		.byte	0
 2310 01f7 03       		.uleb128 0x3
 2311 01f8 0E       		.uleb128 0xe
 2312 01f9 3A       		.uleb128 0x3a
 2313 01fa 0B       		.uleb128 0xb
 2314 01fb 3B       		.uleb128 0x3b
 2315 01fc 05       		.uleb128 0x5
 2316 01fd 39       		.uleb128 0x39
 2317 01fe 0B       		.uleb128 0xb
 2318 01ff 27       		.uleb128 0x27
 2319 0200 19       		.uleb128 0x19
 2320 0201 00       		.byte	0
 2321 0202 00       		.byte	0
 2322 0203 26       		.uleb128 0x26
 2323 0204 2E       		.uleb128 0x2e
 2324 0205 01       		.byte	0x1
 2325 0206 03       		.uleb128 0x3
 2326 0207 0E       		.uleb128 0xe
 2327 0208 3A       		.uleb128 0x3a
 2328 0209 0B       		.uleb128 0xb
 2329 020a 3B       		.uleb128 0x3b
 2330 020b 05       		.uleb128 0x5
 2331 020c 39       		.uleb128 0x39
 2332 020d 0B       		.uleb128 0xb
 2333 020e 27       		.uleb128 0x27
 2334 020f 19       		.uleb128 0x19
 2335 0210 00       		.byte	0
 2336 0211 00       		.byte	0
 2337 0212 27       		.uleb128 0x27
ARM GAS  /tmp/cckQkKsc.s 			page 42


 2338 0213 05       		.uleb128 0x5
 2339 0214 00       		.byte	0
 2340 0215 03       		.uleb128 0x3
 2341 0216 0E       		.uleb128 0xe
 2342 0217 3A       		.uleb128 0x3a
 2343 0218 0B       		.uleb128 0xb
 2344 0219 3B       		.uleb128 0x3b
 2345 021a 05       		.uleb128 0x5
 2346 021b 39       		.uleb128 0x39
 2347 021c 0B       		.uleb128 0xb
 2348 021d 49       		.uleb128 0x49
 2349 021e 13       		.uleb128 0x13
 2350 021f 00       		.byte	0
 2351 0220 00       		.byte	0
 2352 0221 00       		.byte	0
 2353              		.section	.gnu.debuglto_.debug_line,"e",%progbits
 2354              	.Ldebug_line0:
 2355 0000 46020000 		.4byte	.LELT0-.LSLT0
 2356              	.LSLT0:
 2357 0004 0400     		.2byte	0x4
 2358 0006 40020000 		.4byte	.LELTP0-.LASLTP0
 2359              	.LASLTP0:
 2360 000a 01       		.byte	0x1
 2361 000b 01       		.byte	0x1
 2362 000c 01       		.byte	0x1
 2363 000d F6       		.byte	0xf6
 2364 000e F2       		.byte	0xf2
 2365 000f 0D       		.byte	0xd
 2366 0010 00       		.byte	0
 2367 0011 01       		.byte	0x1
 2368 0012 01       		.byte	0x1
 2369 0013 01       		.byte	0x1
 2370 0014 01       		.byte	0x1
 2371 0015 00       		.byte	0
 2372 0016 00       		.byte	0
 2373 0017 00       		.byte	0
 2374 0018 01       		.byte	0x1
 2375 0019 00       		.byte	0
 2376 001a 00       		.byte	0
 2377 001b 01       		.byte	0x1
 2378 001c 74686972 		.ascii	"third_party/ChibiOS/os/common/ext/ARM/CMSIS/Core/In"
 2378      645F7061 
 2378      7274792F 
 2378      43686962 
 2378      694F532F 
 2379 004f 636C7564 		.ascii	"clude"
 2379      65
 2380 0054 00       		.byte	0
 2381 0055 74686972 		.ascii	"third_party/ChibiOS/os/common/ports/ARM-common"
 2381      645F7061 
 2381      7274792F 
 2381      43686962 
 2381      694F532F 
 2382 0083 00       		.byte	0
 2383 0084 74686972 		.ascii	"third_party/ChibiOS/os/common/ports/ARMv7-M"
 2383      645F7061 
 2383      7274792F 
ARM GAS  /tmp/cckQkKsc.s 			page 43


 2383      43686962 
 2383      694F532F 
 2384 00af 00       		.byte	0
 2385 00b0 74686972 		.ascii	"third_party/ChibiOS/os/oslib/include"
 2385      645F7061 
 2385      7274792F 
 2385      43686962 
 2385      694F532F 
 2386 00d4 00       		.byte	0
 2387 00d5 74686972 		.ascii	"third_party/ChibiOS/os/rt/include"
 2387      645F7061 
 2387      7274792F 
 2387      43686962 
 2387      694F532F 
 2388 00f6 00       		.byte	0
 2389 00f7 74686972 		.ascii	"third_party/ChibiOS/os/rt/src"
 2389      645F7061 
 2389      7274792F 
 2389      43686962 
 2389      694F532F 
 2390 0114 00       		.byte	0
 2391 0115 2F757372 		.ascii	"/usr/lib/gcc/arm-none-eabi/10.3.1/include"
 2391      2F6C6962 
 2391      2F676363 
 2391      2F61726D 
 2391      2D6E6F6E 
 2392 013e 00       		.byte	0
 2393 013f 00       		.byte	0
 2394 0140 73746464 		.ascii	"stddef.h\000"
 2394      65662E68 
 2394      00
 2395 0149 07       		.uleb128 0x7
 2396 014a 00       		.uleb128 0
 2397 014b 00       		.uleb128 0
 2398 014c 73746469 		.ascii	"stdint.h\000"
 2398      6E742E68 
 2398      00
 2399 0155 07       		.uleb128 0x7
 2400 0156 00       		.uleb128 0
 2401 0157 00       		.uleb128 0
 2402 0158 63687479 		.ascii	"chtypes.h\000"
 2402      7065732E 
 2402      6800
 2403 0162 02       		.uleb128 0x2
 2404 0163 00       		.uleb128 0
 2405 0164 00       		.uleb128 0
 2406 0165 63686561 		.ascii	"chearly.h\000"
 2406      726C792E 
 2406      6800
 2407 016f 05       		.uleb128 0x5
 2408 0170 00       		.uleb128 0
 2409 0171 00       		.uleb128 0
 2410 0172 63686F62 		.ascii	"chobjects.h\000"
 2410      6A656374 
 2410      732E6800 
 2411 017e 05       		.uleb128 0x5
 2412 017f 00       		.uleb128 0
ARM GAS  /tmp/cckQkKsc.s 			page 44


 2413 0180 00       		.uleb128 0
 2414 0181 63687266 		.ascii	"chrfcu.h\000"
 2414      63752E68 
 2414      00
 2415 018a 05       		.uleb128 0x5
 2416 018b 00       		.uleb128 0
 2417 018c 00       		.uleb128 0
 2418 018d 63686465 		.ascii	"chdebug.h\000"
 2418      6275672E 
 2418      6800
 2419 0197 05       		.uleb128 0x5
 2420 0198 00       		.uleb128 0
 2421 0199 00       		.uleb128 0
 2422 019a 63687469 		.ascii	"chtime.h\000"
 2422      6D652E68 
 2422      00
 2423 01a3 05       		.uleb128 0x5
 2424 01a4 00       		.uleb128 0
 2425 01a5 00       		.uleb128 0
 2426 01a6 63686C69 		.ascii	"chlists.h\000"
 2426      7374732E 
 2426      6800
 2427 01b0 05       		.uleb128 0x5
 2428 01b1 00       		.uleb128 0
 2429 01b2 00       		.uleb128 0
 2430 01b3 63687472 		.ascii	"chtrace.h\000"
 2430      6163652E 
 2430      6800
 2431 01bd 05       		.uleb128 0x5
 2432 01be 00       		.uleb128 0
 2433 01bf 00       		.uleb128 0
 2434 01c0 6368636F 		.ascii	"chcore.h\000"
 2434      72652E68 
 2434      00
 2435 01c9 03       		.uleb128 0x3
 2436 01ca 00       		.uleb128 0
 2437 01cb 00       		.uleb128 0
 2438 01cc 63687365 		.ascii	"chsem.h\000"
 2438      6D2E6800 
 2439 01d4 05       		.uleb128 0x5
 2440 01d5 00       		.uleb128 0
 2441 01d6 00       		.uleb128 0
 2442 01d7 63686D74 		.ascii	"chmtx.h\000"
 2442      782E6800 
 2443 01df 05       		.uleb128 0x5
 2444 01e0 00       		.uleb128 0
 2445 01e1 00       		.uleb128 0
 2446 01e2 63687468 		.ascii	"chthreads.h\000"
 2446      72656164 
 2446      732E6800 
 2447 01ee 05       		.uleb128 0x5
 2448 01ef 00       		.uleb128 0
 2449 01f0 00       		.uleb128 0
 2450 01f1 63686D65 		.ascii	"chmemcore.h\000"
 2450      6D636F72 
 2450      652E6800 
 2451 01fd 04       		.uleb128 0x4
ARM GAS  /tmp/cckQkKsc.s 			page 45


 2452 01fe 00       		.uleb128 0
 2453 01ff 00       		.uleb128 0
 2454 0200 63686D65 		.ascii	"chmemheaps.h\000"
 2454      6D686561 
 2454      70732E68 
 2454      00
 2455 020d 04       		.uleb128 0x4
 2456 020e 00       		.uleb128 0
 2457 020f 00       		.uleb128 0
 2458 0210 63686D65 		.ascii	"chmempools.h\000"
 2458      6D706F6F 
 2458      6C732E68 
 2458      00
 2459 021d 04       		.uleb128 0x4
 2460 021e 00       		.uleb128 0
 2461 021f 00       		.uleb128 0
 2462 0220 63686479 		.ascii	"chdynamic.c\000"
 2462      6E616D69 
 2462      632E6300 
 2463 022c 06       		.uleb128 0x6
 2464 022d 00       		.uleb128 0
 2465 022e 00       		.uleb128 0
 2466 022f 63687379 		.ascii	"chsys.h\000"
 2466      732E6800 
 2467 0237 05       		.uleb128 0x5
 2468 0238 00       		.uleb128 0
 2469 0239 00       		.uleb128 0
 2470 023a 636D7369 		.ascii	"cmsis_gcc.h\000"
 2470      735F6763 
 2470      632E6800 
 2471 0246 01       		.uleb128 0x1
 2472 0247 00       		.uleb128 0
 2473 0248 00       		.uleb128 0
 2474 0249 00       		.byte	0
 2475              	.LELTP0:
 2476              	.LELT0:
 2477              		.section	.gnu.debuglto_.debug_str,"eMS",%progbits,1
 2478              	.LASF116:
 2479 0000 7466756E 		.ascii	"tfunc_t\000"
 2479      635F7400 
 2480              	.LASF109:
 2481 0008 72656164 		.ascii	"ready_list_t\000"
 2481      795F6C69 
 2481      73745F74 
 2481      00
 2482              	.LASF5:
 2483 0015 73697A65 		.ascii	"size_t\000"
 2483      5F7400
 2484              	.LASF98:
 2485 001c 7264796D 		.ascii	"rdymsg\000"
 2485      736700
 2486              	.LASF119:
 2487 0023 66756E63 		.ascii	"funcp\000"
 2487      7000
 2488              	.LASF47:
 2489 0029 72666375 		.ascii	"rfcu\000"
 2489      00
ARM GAS  /tmp/cckQkKsc.s 			page 46


 2490              	.LASF66:
 2491 002e 70726576 		.ascii	"prev\000"
 2491      00
 2492              	.LASF85:
 2493 0033 706F7274 		.ascii	"port_intctx\000"
 2493      5F696E74 
 2493      63747800 
 2494              	.LASF132:
 2495 003f 70616765 		.ascii	"pages\000"
 2495      7300
 2496              	.LASF44:
 2497 0045 76746C69 		.ascii	"vtlist\000"
 2497      737400
 2498              	.LASF127:
 2499 004c 70726F76 		.ascii	"provider\000"
 2499      69646572 
 2499      00
 2500              	.LASF77:
 2501 0055 74797065 		.ascii	"type\000"
 2501      00
 2502              	.LASF120:
 2503 005a 74687265 		.ascii	"thread_descriptor_t\000"
 2503      61645F64 
 2503      65736372 
 2503      6970746F 
 2503      725F7400 
 2504              	.LASF80:
 2505 006e 74726163 		.ascii	"trace_event_t\000"
 2505      655F6576 
 2505      656E745F 
 2505      7400
 2506              	.LASF123:
 2507 007c 6D656D67 		.ascii	"memgetfunc_t\000"
 2507      65746675 
 2507      6E635F74 
 2507      00
 2508              	.LASF118:
 2509 0089 77656E64 		.ascii	"wend\000"
 2509      00
 2510              	.LASF75:
 2511 008e 68616C74 		.ascii	"halt\000"
 2511      00
 2512              	.LASF49:
 2513 0093 6D61696E 		.ascii	"mainthread\000"
 2513      74687265 
 2513      616400
 2514              	.LASF101:
 2515 009e 73656E74 		.ascii	"sentmsg\000"
 2515      6D736700 
 2516              	.LASF72:
 2517 00a6 64656C74 		.ascii	"delta\000"
 2517      6100
 2518              	.LASF140:
 2519 00ac 68656170 		.ascii	"heapp\000"
 2519      7000
 2520              	.LASF60:
 2521 00b2 73797369 		.ascii	"sysinterval_t\000"
ARM GAS  /tmp/cckQkKsc.s 			page 47


 2521      6E746572 
 2521      76616C5F 
 2521      7400
 2522              	.LASF63:
 2523 00c0 6E657874 		.ascii	"next\000"
 2523      00
 2524              	.LASF1:
 2525 00c5 6C6F6E67 		.ascii	"long long int\000"
 2525      206C6F6E 
 2525      6720696E 
 2525      7400
 2526              	.LASF3:
 2527 00d3 7369676E 		.ascii	"signed char\000"
 2527      65642063 
 2527      68617200 
 2528              	.LASF13:
 2529 00df 6C6F6E67 		.ascii	"long unsigned int\000"
 2529      20756E73 
 2529      69676E65 
 2529      6420696E 
 2529      7400
 2530              	.LASF71:
 2531 00f1 63685F64 		.ascii	"ch_delta_list\000"
 2531      656C7461 
 2531      5F6C6973 
 2531      7400
 2532              	.LASF15:
 2533 00ff 6C6F6E67 		.ascii	"long long unsigned int\000"
 2533      206C6F6E 
 2533      6720756E 
 2533      7369676E 
 2533      65642069 
 2534              	.LASF145:
 2535 0116 62617365 		.ascii	"basePri\000"
 2535      50726900 
 2536              	.LASF31:
 2537 011e 73746174 		.ascii	"state\000"
 2537      6500
 2538              	.LASF7:
 2539 0124 6C6F6E67 		.ascii	"long int\000"
 2539      20696E74 
 2539      00
 2540              	.LASF139:
 2541 012d 63685468 		.ascii	"chThdCreateFromHeap\000"
 2541      64437265 
 2541      61746546 
 2541      726F6D48 
 2541      65617000 
 2542              	.LASF19:
 2543 0141 74737461 		.ascii	"tstate_t\000"
 2543      74655F74 
 2543      00
 2544              	.LASF52:
 2545 014a 63685F72 		.ascii	"ch_rfcu\000"
 2545      66637500 
 2546              	.LASF10:
 2547 0152 75696E74 		.ascii	"uint16_t\000"
ARM GAS  /tmp/cckQkKsc.s 			page 48


 2547      31365F74 
 2547      00
 2548              	.LASF84:
 2549 015b 74726163 		.ascii	"trace_buffer_t\000"
 2549      655F6275 
 2549      66666572 
 2549      5F7400
 2550              	.LASF92:
 2551 016a 63685F72 		.ascii	"ch_registry\000"
 2551      65676973 
 2551      74727900 
 2552              	.LASF83:
 2553 0176 62756666 		.ascii	"buffer\000"
 2553      657200
 2554              	.LASF99:
 2555 017d 65786974 		.ascii	"exitcode\000"
 2555      636F6465 
 2555      00
 2556              	.LASF53:
 2557 0186 6D61736B 		.ascii	"mask\000"
 2557      00
 2558              	.LASF64:
 2559 018b 63685F71 		.ascii	"ch_queue_t\000"
 2559      75657565 
 2559      5F7400
 2560              	.LASF55:
 2561 0196 63685F73 		.ascii	"ch_system_debug\000"
 2561      79737465 
 2561      6D5F6465 
 2561      62756700 
 2562              	.LASF34:
 2563 01a6 77616974 		.ascii	"waiting\000"
 2563      696E6700 
 2564              	.LASF143:
 2565 01ae 706F7274 		.ascii	"port_unlock\000"
 2565      5F756E6C 
 2565      6F636B00 
 2566              	.LASF111:
 2567 01ba 6D61696E 		.ascii	"mainthread_base\000"
 2567      74687265 
 2567      61645F62 
 2567      61736500 
 2568              	.LASF121:
 2569 01ca 6D757465 		.ascii	"mutex_t\000"
 2569      785F7400 
 2570              	.LASF136:
 2571 01d2 616C6967 		.ascii	"align\000"
 2571      6E00
 2572              	.LASF86:
 2573 01d8 706F7274 		.ascii	"port_context\000"
 2573      5F636F6E 
 2573      74657874 
 2573      00
 2574              	.LASF46:
 2575 01e5 636F7265 		.ascii	"core_id\000"
 2575      5F696400 
 2576              	.LASF24:
ARM GAS  /tmp/cckQkKsc.s 			page 49


 2577 01ed 636E745F 		.ascii	"cnt_t\000"
 2577      7400
 2578              	.LASF35:
 2579 01f3 6D736771 		.ascii	"msgqueue\000"
 2579      75657565 
 2579      00
 2580              	.LASF0:
 2581 01fc 756E7369 		.ascii	"unsigned int\000"
 2581      676E6564 
 2581      20696E74 
 2581      00
 2582              	.LASF113:
 2583 0209 69646C65 		.ascii	"idlethread_base\000"
 2583      74687265 
 2583      61645F62 
 2583      61736500 
 2584              	.LASF102:
 2585 0219 77747365 		.ascii	"wtsemp\000"
 2585      6D7000
 2586              	.LASF58:
 2587 0220 73797374 		.ascii	"system_debug_t\000"
 2587      656D5F64 
 2587      65627567 
 2587      5F7400
 2588              	.LASF27:
 2589 022f 72717565 		.ascii	"rqueue\000"
 2589      756500
 2590              	.LASF146:
 2591 0236 474E5520 		.ascii	"GNU C17 10.3.1 20210621 (release) -mcpu=cortex-m7 -"
 2591      43313720 
 2591      31302E33 
 2591      2E312032 
 2591      30323130 
 2592 0269 6D746875 		.ascii	"mthumb -mfloat-abi=hard -mfpu=fpv5-d16 -march=armv7"
 2592      6D62202D 
 2592      6D666C6F 
 2592      61742D61 
 2592      62693D68 
 2593 029c 652D6D2B 		.ascii	"e-m+fp.dp -ggdb -O2 -fomit-frame-pointer -falign-fu"
 2593      66702E64 
 2593      70202D67 
 2593      67646220 
 2593      2D4F3220 
 2594 02cf 6E637469 		.ascii	"nctions=16 -ffunction-sections -fdata-sections -fno"
 2594      6F6E733D 
 2594      3136202D 
 2594      6666756E 
 2594      6374696F 
 2595 0302 2D636F6D 		.ascii	"-common -flto\000"
 2595      6D6F6E20 
 2595      2D666C74 
 2595      6F00
 2596              	.LASF137:
 2597 0310 6D656D6F 		.ascii	"memory_pool_t\000"
 2597      72795F70 
 2597      6F6F6C5F 
 2597      7400
ARM GAS  /tmp/cckQkKsc.s 			page 50


 2598              	.LASF93:
 2599 031e 71756575 		.ascii	"queue\000"
 2599      6500
 2600              	.LASF29:
 2601 0324 6E616D65 		.ascii	"name\000"
 2601      00
 2602              	.LASF147:
 2603 0329 74686972 		.ascii	"third_party/ChibiOS/os/rt/src/chdynamic.c\000"
 2603      645F7061 
 2603      7274792F 
 2603      43686962 
 2603      694F532F 
 2604              	.LASF82:
 2605 0353 73697A65 		.ascii	"size\000"
 2605      00
 2606              	.LASF11:
 2607 0358 73686F72 		.ascii	"short unsigned int\000"
 2607      7420756E 
 2607      7369676E 
 2607      65642069 
 2607      6E7400
 2608              	.LASF41:
 2609 036b 63685F74 		.ascii	"ch_thread\000"
 2609      68726561 
 2609      6400
 2610              	.LASF22:
 2611 0375 6D73675F 		.ascii	"msg_t\000"
 2611      7400
 2612              	.LASF36:
 2613 037b 6570656E 		.ascii	"epending\000"
 2613      64696E67 
 2613      00
 2614              	.LASF125:
 2615 0384 6D656D6F 		.ascii	"memory_heap_t\000"
 2615      72795F68 
 2615      6561705F 
 2615      7400
 2616              	.LASF18:
 2617 0392 746D6F64 		.ascii	"tmode_t\000"
 2617      655F7400 
 2618              	.LASF62:
 2619 039a 63685F6C 		.ascii	"ch_list\000"
 2619      69737400 
 2620              	.LASF107:
 2621 03a2 63685F72 		.ascii	"ch_ready_list\000"
 2621      65616479 
 2621      5F6C6973 
 2621      7400
 2622              	.LASF23:
 2623 03b0 6576656E 		.ascii	"eventmask_t\000"
 2623      746D6173 
 2623      6B5F7400 
 2624              	.LASF91:
 2625 03bc 76697274 		.ascii	"virtual_timers_list_t\000"
 2625      75616C5F 
 2625      74696D65 
 2625      72735F6C 
ARM GAS  /tmp/cckQkKsc.s 			page 51


 2625      6973745F 
 2626              	.LASF17:
 2627 03d2 73746B61 		.ascii	"stkalign_t\000"
 2627      6C69676E 
 2627      5F7400
 2628              	.LASF78:
 2629 03dd 72747374 		.ascii	"rtstamp\000"
 2629      616D7000 
 2630              	.LASF90:
 2631 03e5 6C617374 		.ascii	"laststamp\000"
 2631      7374616D 
 2631      7000
 2632              	.LASF38:
 2633 03ef 7265616C 		.ascii	"realprio\000"
 2633      7072696F 
 2633      00
 2634              	.LASF51:
 2635 03f8 72666375 		.ascii	"rfcu_mask_t\000"
 2635      5F6D6173 
 2635      6B5F7400 
 2636              	.LASF95:
 2637 0404 74687265 		.ascii	"thread_reference_t\000"
 2637      61645F72 
 2637      65666572 
 2637      656E6365 
 2637      5F7400
 2638              	.LASF87:
 2639 0417 63685F76 		.ascii	"ch_virtual_timers_list\000"
 2639      69727475 
 2639      616C5F74 
 2639      696D6572 
 2639      735F6C69 
 2640              	.LASF100:
 2641 042e 77747472 		.ascii	"wttrp\000"
 2641      7000
 2642              	.LASF151:
 2643 0434 5F5F7365 		.ascii	"__set_BASEPRI\000"
 2643      745F4241 
 2643      53455052 
 2643      4900
 2644              	.LASF61:
 2645 0442 63685F6C 		.ascii	"ch_list_t\000"
 2645      6973745F 
 2645      7400
 2646              	.LASF81:
 2647 044c 73757370 		.ascii	"suspended\000"
 2647      656E6465 
 2647      6400
 2648              	.LASF14:
 2649 0456 75696E74 		.ascii	"uint64_t\000"
 2649      36345F74 
 2649      00
 2650              	.LASF138:
 2651 045f 63685468 		.ascii	"chThdCreateFromMemoryPool\000"
 2651      64437265 
 2651      61746546 
 2651      726F6D4D 
ARM GAS  /tmp/cckQkKsc.s 			page 52


 2651      656D6F72 
 2652              	.LASF110:
 2653 0479 63685F6F 		.ascii	"ch_os_instance_config\000"
 2653      735F696E 
 2653      7374616E 
 2653      63655F63 
 2653      6F6E6669 
 2654              	.LASF117:
 2655 048f 77626173 		.ascii	"wbase\000"
 2655      6500
 2656              	.LASF135:
 2657 0495 6F626A65 		.ascii	"object_size\000"
 2657      63745F73 
 2657      697A6500 
 2658              	.LASF124:
 2659 04a1 6D656D67 		.ascii	"memgetfunc2_t\000"
 2659      65746675 
 2659      6E63325F 
 2659      7400
 2660              	.LASF79:
 2661 04af 74696D65 		.ascii	"time\000"
 2661      00
 2662              	.LASF69:
 2663 04b4 7072696F 		.ascii	"prio\000"
 2663      00
 2664              	.LASF108:
 2665 04b9 63757272 		.ascii	"current\000"
 2665      656E7400 
 2666              	.LASF131:
 2667 04c1 75736564 		.ascii	"used\000"
 2667      00
 2668              	.LASF25:
 2669 04c6 636F7265 		.ascii	"core_id_t\000"
 2669      5F69645F 
 2669      7400
 2670              	.LASF20:
 2671 04d0 74726566 		.ascii	"trefs_t\000"
 2671      735F7400 
 2672              	.LASF33:
 2673 04d8 72656673 		.ascii	"refs\000"
 2673      00
 2674              	.LASF76:
 2675 04dd 75736572 		.ascii	"user\000"
 2675      00
 2676              	.LASF21:
 2677 04e2 74707269 		.ascii	"tprio_t\000"
 2677      6F5F7400 
 2678              	.LASF65:
 2679 04ea 63685F71 		.ascii	"ch_queue\000"
 2679      75657565 
 2679      00
 2680              	.LASF122:
 2681 04f3 5F426F6F 		.ascii	"_Bool\000"
 2681      6C00
 2682              	.LASF6:
 2683 04f9 696E7433 		.ascii	"int32_t\000"
 2683      325F7400 
ARM GAS  /tmp/cckQkKsc.s 			page 53


 2684              	.LASF9:
 2685 0501 756E7369 		.ascii	"unsigned char\000"
 2685      676E6564 
 2685      20636861 
 2685      7200
 2686              	.LASF149:
 2687 050f 68656170 		.ascii	"heap_header\000"
 2687      5F686561 
 2687      64657200 
 2688              	.LASF54:
 2689 051b 72666375 		.ascii	"rfcu_t\000"
 2689      5F7400
 2690              	.LASF4:
 2691 0522 73686F72 		.ascii	"short int\000"
 2691      7420696E 
 2691      7400
 2692              	.LASF89:
 2693 052c 6C617374 		.ascii	"lasttime\000"
 2693      74696D65 
 2693      00
 2694              	.LASF73:
 2695 0535 77746F62 		.ascii	"wtobjp\000"
 2695      6A7000
 2696              	.LASF104:
 2697 053c 65776D61 		.ascii	"ewmask\000"
 2697      736B00
 2698              	.LASF141:
 2699 0543 5F5F6675 		.ascii	"__func__\000"
 2699      6E635F5F 
 2699      00
 2700              	.LASF142:
 2701 054c 63685379 		.ascii	"chSysLock\000"
 2701      734C6F63 
 2701      6B00
 2702              	.LASF74:
 2703 0556 72656173 		.ascii	"reason\000"
 2703      6F6E00
 2704              	.LASF105:
 2705 055d 63685F73 		.ascii	"ch_semaphore\000"
 2705      656D6170 
 2705      686F7265 
 2705      00
 2706              	.LASF94:
 2707 056a 72656769 		.ascii	"registry_t\000"
 2707      73747279 
 2707      5F7400
 2708              	.LASF12:
 2709 0575 75696E74 		.ascii	"uint32_t\000"
 2709      33325F74 
 2709      00
 2710              	.LASF103:
 2711 057e 77746D74 		.ascii	"wtmtxp\000"
 2711      787000
 2712              	.LASF16:
 2713 0585 706F7274 		.ascii	"port_stkalign_t\000"
 2713      5F73746B 
 2713      616C6967 
ARM GAS  /tmp/cckQkKsc.s 			page 54


 2713      6E5F7400 
 2714              	.LASF28:
 2715 0595 6F776E65 		.ascii	"owner\000"
 2715      7200
 2716              	.LASF133:
 2717 059b 68656170 		.ascii	"heap\000"
 2717      00
 2718              	.LASF2:
 2719 05a0 6C6F6E67 		.ascii	"long double\000"
 2719      20646F75 
 2719      626C6500 
 2720              	.LASF30:
 2721 05ac 77616261 		.ascii	"wabase\000"
 2721      736500
 2722              	.LASF57:
 2723 05b3 63686172 		.ascii	"char\000"
 2723      00
 2724              	.LASF48:
 2725 05b8 636F6E66 		.ascii	"config\000"
 2725      696700
 2726              	.LASF26:
 2727 05bf 74687265 		.ascii	"thread_t\000"
 2727      61645F74 
 2727      00
 2728              	.LASF88:
 2729 05c8 646C6973 		.ascii	"dlist\000"
 2729      7400
 2730              	.LASF59:
 2731 05ce 73797374 		.ascii	"systime_t\000"
 2731      696D655F 
 2731      7400
 2732              	.LASF129:
 2733 05d8 68656170 		.ascii	"heap_header_t\000"
 2733      5F686561 
 2733      6465725F 
 2733      7400
 2734              	.LASF67:
 2735 05e6 63685F70 		.ascii	"ch_priority_queue_t\000"
 2735      72696F72 
 2735      6974795F 
 2735      71756575 
 2735      655F7400 
 2736              	.LASF56:
 2737 05fa 70616E69 		.ascii	"panic_msg\000"
 2737      635F6D73 
 2737      6700
 2738              	.LASF97:
 2739 0604 70717565 		.ascii	"pqueue\000"
 2739      756500
 2740              	.LASF42:
 2741 060b 63685F6F 		.ascii	"ch_os_instance\000"
 2741      735F696E 
 2741      7374616E 
 2741      636500
 2742              	.LASF40:
 2743 061a 6F735F69 		.ascii	"os_instance_t\000"
 2743      6E737461 
ARM GAS  /tmp/cckQkKsc.s 			page 55


 2743      6E63655F 
 2743      7400
 2744              	.LASF45:
 2745 0628 7265676C 		.ascii	"reglist\000"
 2745      69737400 
 2746              	.LASF130:
 2747 0630 66726565 		.ascii	"free\000"
 2747      00
 2748              	.LASF68:
 2749 0635 63685F70 		.ascii	"ch_priority_queue\000"
 2749      72696F72 
 2749      6974795F 
 2749      71756575 
 2749      6500
 2750              	.LASF70:
 2751 0647 63685F64 		.ascii	"ch_delta_list_t\000"
 2751      656C7461 
 2751      5F6C6973 
 2751      745F7400 
 2752              	.LASF112:
 2753 0657 6D61696E 		.ascii	"mainthread_end\000"
 2753      74687265 
 2753      61645F65 
 2753      6E6400
 2754              	.LASF39:
 2755 0666 6D706F6F 		.ascii	"mpool\000"
 2755      6C00
 2756              	.LASF115:
 2757 066c 6F735F69 		.ascii	"os_instance_config_t\000"
 2757      6E737461 
 2757      6E63655F 
 2757      636F6E66 
 2757      69675F74 
 2758              	.LASF134:
 2759 0681 706F6F6C 		.ascii	"pool_header\000"
 2759      5F686561 
 2759      64657200 
 2760              	.LASF43:
 2761 068d 726C6973 		.ascii	"rlist\000"
 2761      7400
 2762              	.LASF8:
 2763 0693 75696E74 		.ascii	"uint8_t\000"
 2763      385F7400 
 2764              	.LASF32:
 2765 069b 666C6167 		.ascii	"flags\000"
 2765      7300
 2766              	.LASF148:
 2767 06a1 2F686F6D 		.ascii	"/home/ian/Documents/BPRL_balance\000"
 2767      652F6961 
 2767      6E2F446F 
 2767      63756D65 
 2767      6E74732F 
 2768              	.LASF106:
 2769 06c2 63685F6D 		.ascii	"ch_mutex\000"
 2769      75746578 
 2769      00
 2770              	.LASF50:
ARM GAS  /tmp/cckQkKsc.s 			page 56


 2771 06cb 74726163 		.ascii	"trace_buffer\000"
 2771      655F6275 
 2771      66666572 
 2771      00
 2772              	.LASF150:
 2773 06d8 63685379 		.ascii	"chSysUnlock\000"
 2773      73556E6C 
 2773      6F636B00 
 2774              	.LASF96:
 2775 06e4 6C697374 		.ascii	"list\000"
 2775      00
 2776              	.LASF144:
 2777 06e9 706F7274 		.ascii	"port_lock\000"
 2777      5F6C6F63 
 2777      6B00
 2778              	.LASF114:
 2779 06f3 69646C65 		.ascii	"idlethread_end\000"
 2779      74687265 
 2779      61645F65 
 2779      6E6400
 2780              	.LASF37:
 2781 0702 6D74786C 		.ascii	"mtxlist\000"
 2781      69737400 
 2782              	.LASF128:
 2783 070a 68656164 		.ascii	"header\000"
 2783      657200
 2784              	.LASF126:
 2785 0711 6D656D6F 		.ascii	"memory_heap\000"
 2785      72795F68 
 2785      65617000 
 2786              		.text
 2787              		.section	.gnu.lto_.profile.ed13ae4738a12bf2,"e",%progbits
 2788 0000 789C6362 		.ascii	"x\234cb\000\001\000\000\022\000\003"
 2788      00010000 
 2788      120003
 2789              		.text
 2790              		.section	.gnu.lto_.icf.ed13ae4738a12bf2,"e",%progbits
 2791 0000 789CE363 		.ascii	"x\234\343c@\000&\206\303\333\346N\343fl\330\271\355"
 2791      40002686 
 2791      C3DBE64E 
 2791      E3666CD8 
 2791      B9ED
 2792 0012 3F130300 		.ascii	"?\023\003\000*\325\005\271"
 2792      2AD505B9 
 2793              		.text
 2794              		.section	.gnu.lto_.ipa_sra.ed13ae4738a12bf2,"e",%progbits
 2795 0000 789C8B64 		.ascii	"x\234\213d@\000&\0066\006\016\006v\006,\200\231\011"
 2795      40002606 
 2795      36060E06 
 2795      76062C80 
 2795      9909
 2796 0012 C6626484 		.ascii	"\306bd\204\01006\360 \3113\262b\325\305\000Q\014\000"
 2796      083036F0 
 2796      20C933B2 
 2796      62D5C500 
 2796      510C00
 2797 0025 45BE0112 		.ascii	"E\276\001\022"
ARM GAS  /tmp/cckQkKsc.s 			page 57


 2798              		.text
 2799              		.section	.gnu.lto_.inline.ed13ae4738a12bf2,"e",%progbits
 2800 0000 789CAB64 		.ascii	"x\234\253d@\000&\006\011\251\375\277\277~e\312`d`\222"
 2800      40002606 
 2800      09A9FDBF 
 2800      BF7E65CA 
 2800      60646092 
 2801 0014 D8B56FFF 		.ascii	"\330\265o\3779\2464\006\006\266\006 `Ja\002J300\363"
 2801      39A63406 
 2801      06B60620 
 2801      604A6102 
 2801      4A333030 
 2802 0029 80D44DF0 		.ascii	"\200\324M\360\2030\030\031X\371@\202\023\374\200\"\214"
 2802      83301819 
 2802      58F94082 
 2802      13FC8022 
 2802      8C
 2803 003a 12522F26 		.ascii	"\022R/&\356\374\014\326,\275\275\261\363;H3\373\322"
 2803      EEFC0CD6 
 2803      2CBDBDB1 
 2803      F33B4833 
 2803      FBD2
 2804 004c 9B3DDB70 		.ascii	"\233=\333pi\206P@>\000)\221\031\243"
 2804      69865040 
 2804      3E002991 
 2804      19A3
 2805              		.text
 2806              		.section	.gnu.lto_.jmpfuncs.ed13ae4738a12bf2,"e",%progbits
 2807 0000 789C858E 		.ascii	"x\234\205\216\321\011\002A\014\005\337lr\353\372!\226"
 2807      D1090241 
 2807      0C05DF6C 
 2807      72EBFA21 
 2807      96
 2808 0011 60297676 		.ascii	"`)vv\366`\015[\202w\337\026&h.\302\011r\350\203aI\310"
 2808      F6600D5B 
 2808      8277DF16 
 2808      26682EC2 
 2808      0972E883 
 2809 0028 3EE680D6 		.ascii	">\346\200\326\024U2g\272\351\322\215\240\004\026x0\270"
 2809      14553267 
 2809      BAE9D28D 
 2809      A0041678 
 2809      30B8
 2810 003a C4DD51F0 		.ascii	"\304\335Q\360\214\034U\256\326\255\362Y/-\353\360Xn"
 2810      8C1C55AE 
 2810      D6ADF259 
 2810      2F2DEBF0 
 2810      586E
 2811 004c C89B1DBC 		.ascii	"\310\233\035\274\237\374W}\024_U>\262\331\336h\271n"
 2811      9FFC577D 
 2811      145F553E 
 2811      B2D9DE68 
 2811      B96E
 2812 005e D9CE9086 		.ascii	"\331\316\220\206\247\260\331\377\267\343\306O3&\230"
 2812      A7B0D9FF 
 2812      B7E3C64F 
 2812      332698
ARM GAS  /tmp/cckQkKsc.s 			page 58


 2813 006d 291B367A 		.ascii	")\0336z\001s\037E\177"
 2813      01731F45 
 2813      7F
 2814              		.text
 2815              		.section	.gnu.lto_.pureconst.ed13ae4738a12bf2,"e",%progbits
 2816 0000 789C6367 		.ascii	"x\234cg```b\330\305\312\270\213\025\000\005\230\001"
 2816      60606062 
 2816      D8C5CAB8 
 2816      8B150005 
 2816      9801
 2817 0012 89       		.ascii	"\211"
 2818              		.text
 2819              		.section	.gnu.lto_.lto.ed13ae4738a12bf2,"e",%progbits
 2820 0000 09000400 		.ascii	"\011\000\004\000\001\000\000\000"
 2820      01000000 
 2821              		.text
 2822              		.section	.gnu.lto_chThdCreateFromHeap.347.ed13ae4738a12bf2,"e",%progbits
 2823 0000 789C8D94 		.ascii	"x\234\215\224klSe\030\307\337\347\274\2477t\003d\\6"
 2823      6B6C5365 
 2823      18C7DFE7 
 2823      BCA73774 
 2823      03645C36 
 2824 0014 3F389610 		.ascii	"?8\226\020\243\301\235.\250\204o(jBd\201\260\364\233"
 2824      A3C19D2E 
 2824      A8846F28 
 2824      6A426481 
 2824      B0F49B
 2825 0027 C9D27595 		.ascii	"\311\322u\2256\322K\332\"\216\304p\330\312\014h\334"
 2825      36D24BDA 
 2825      228EC470 
 2825      D8CA0C68 
 2825      DC
 2826 0038 0541D8DA 		.ascii	"\005A\330\332IFY\030\"\002\021\030\316aa\302\006\242"
 2826      49465918 
 2826      22021118 
 2826      CE6161C2 
 2826      06A2
 2827 004a CC8DCB2E 		.ascii	"\314\215\313.\206\031&\272\011b\245\010\303`\364y\237"
 2827      861926BA 
 2827      0962A508 
 2827      C360F479 
 2827      9F
 2828 005b 73EC8544 		.ascii	"s\354\205D\342\227\355\234\377\371=\227\367\377<og\231"
 2828      E297ED9C 
 2828      FFF93D97 
 2828      F7FF3C6F 
 2828      6799
 2829 006d 187B0D18 		.ascii	"\030{\015\030{\2051\006\006\006\215\015\233%\246\252"
 2829      7B853106 
 2829      06068D0D 
 2829      9B25A6AA 
 2830 007d EA629324 		.ascii	"\352b\223$\205\033\336\225\340\033\030iKZ\344\232\206"
 2830      851BDE95 
 2830      E01B1869 
 2830      4B5AE49A 
 2830      86
 2831 008e DCDD43EF 		.ascii	"\334\335C\357=/s\370\240a\363\345\350\263\204\310\260"
ARM GAS  /tmp/cckQkKsc.s 			page 59


 2831      3D2F73F8 
 2831      A061F3E5 
 2831      E8B384C8 
 2831      B0
 2832 009f 2185035B 		.ascii	"!\205\003[/q\031\326\303\026\036\341\320\310c\234\201"
 2832      2F7119D6 
 2832      C3161EE1 
 2832      D0C8639C 
 2832      81
 2833 00b0 AC3F0114 		.ascii	"\254?\001\024>\025W\325\311\215[\366\216\031#{\342r"
 2833      3E1557D5 
 2833      C98D5BF6 
 2833      8E19237B 
 2833      E272
 2834 00c2 8C4BAC05 		.ascii	"\214K\254\005\201\303\000\237aq\306\020\344\313\331"
 2834      81C3009F 
 2834      6171C610 
 2834      E4CBD9
 2835 00d1 9308F55D 		.ascii	"\223\010\365]\351PU\013\213q\016G!\203A\3016:Gpoh\334"
 2835      E950550B 
 2835      8B710E47 
 2835      218341C1 
 2835      363A4770 
 2836 00e8 7D9D93E1 		.ascii	"}\235\223\341X6'\333\256\023\347'.\361\361\330\266\334"
 2836      583627DB 
 2836      AE13E727 
 2836      2EF1F1D8 
 2836      B6DC
 2837 00fa 7A887103 		.ascii	"z\210q\003tfs\006\333]\342\326h\371\356\351\371\214"
 2837      74667306 
 2837      DB5DE2D6 
 2837      68F9EEE9 
 2837      F98C
 2838 010c D095CD19 		.ascii	"\320\225\315\031m5\371\202[\247\345\3337\266\205\362"
 2838      6D35F982 
 2838      5BA7E5DB 
 2838      37B685F2 
 2839 011c 99E0CB6C 		.ascii	"\231\340\313l\316d\253#\356m-\337\204\236\317\014'\262"
 2839      CE64AB23 
 2839      EE6D2DDF 
 2839      849ECF0C 
 2839      27B2
 2840 012e 39B3AD29 		.ascii	"9\263\255)\237N\254\2314'eR\034D\370\006\020\337\346"
 2840      9F4EAC99 
 2840      34276552 
 2840      1C44F806 
 2840      10DFE6
 2841 0141 D563A9E3 		.ascii	"\325c\251\343c\257\326o0\307\270\005NQ\212\257\000\272"
 2841      63AFD66F 
 2841      30C7B805 
 2841      4E518AAF 
 2841      00BA
 2842 0153 C92EDB19 		.ascii	"\311.\333\031\252\024\326P\321\325\376]\233s\2115C\017"
 2842      AA14D650 
 2842      D1D5FE5D 
 2842      9B738935 
 2842      430F
ARM GAS  /tmp/cckQkKsc.s 			page 60


 2843 0165 64596BEB 		.ascii	"dYk\353\"vS\212\355\333!:+\024\350\231\007\320\203\204"
 2843      2276538A 
 2843      EDDB213A 
 2843      2B14E899 
 2843      07D08384 
 2844 0179 D6A5D37E 		.ascii	"\326\245\323~\262\353\035-\255\004_?\300\266\345\033"
 2844      B2EB1D2D 
 2844      AD045F3F 
 2844      C0B6E51B 
 2845 0189 199C0338 		.ascii	"\031\234\0038\013\320\013p\032\304@\031\2230\322\310"
 2845      0BD00B70 
 2845      1AC44019 
 2845      9330D2C8 
 2846 0199 F019E05B 		.ascii	"\360\031\340[Jc\304\355\350\370\251\204\341\"\265\340"
 2846      4A63C4ED 
 2846      E8F8A984 
 2846      E122B5E0 
 2847 01a9 D47525B2 		.ascii	"\324u%\262\367\324\367\030~\0365N\303\357\"X\0307\331"
 2847      F7D4F718 
 2847      7E1E354E 
 2847      C3EF2258 
 2847      1837D9
 2848 01bc F4FEC8F9 		.ascii	"\364\376\310\371\202\210*\266d\012|\007\"\225V\025\372"
 2848      82882AB6 
 2848      640A7C07 
 2848      22955615 
 2848      FA
 2849 01cd D1F629B6 		.ascii	"\321\366)\266\335\005zw\223G\032\207\216\315\357\256"
 2849      DD057A77 
 2849      93471A87 
 2849      8ECDEFAE 
 2850 01dd 517BD514 		.ascii	"Q{\325\024\313\322\254\266V\242\332\344\355\210\021"
 2850      CBD2ACB6 
 2850      56A2DAE4 
 2850      ED8811
 2851 01ec 0650EC13 		.ascii	"\006P\354\023\331\030\366\007\0272\373\213\234\373!"
 2851      D918F607 
 2851      1732FB8B 
 2851      9CFB21
 2852 01fb 576B504E 		.ascii	"WkPN7\270\361\017l\360\022j\006\226\256\267\251\363"
 2852      37B8F10F 
 2852      6CF0126A 
 2852      0696AEB7 
 2852      A9F3
 2853 020d FFD4EB38 		.ascii	"\377\324\3538\0355\302 \212\227S\365\206\250\0362r\246"
 2853      1D35C220 
 2853      8A9753F5 
 2853      86A81E32 
 2853      72A6
 2854 021f 679FF61B 		.ascii	"g\237\366\033\342\352\375\277\353\324x\217e_w\363hT"
 2854      E2EAFDBF 
 2854      EBD4788F 
 2854      655F77F3 
 2854      6854
 2855 0231 2A00DC10 		.ascii	"*\000\334\020I\006\350\000\003\300\347`b\010\233\031"
 2855      4906E800 
 2855      03C0E760 
ARM GAS  /tmp/cckQkKsc.s 			page 61


 2855      62089B19 
 2856 0241 E216802F 		.ascii	"\342\026\200/ \007\3408L\025\2532\035\340$\344\211\011"
 2856      2007E038 
 2856      4C15AB32 
 2856      1DE024E4 
 2856      8909
 2857 0253 3056C7C5 		.ascii	"0V\307\305\035TeP\343\214\325sI{\251\301\227_@\275:"
 2857      1D546550 
 2857      E38CD573 
 2857      497BA9C1 
 2857      975F40BD 
 2858 0268 72DA8267 		.ascii	"r\332\202g\243G\364\\\374K\030Y\002jw.l\345\2460H1\376"
 2858      A347F45C 
 2858      FC4B1859 
 2858      026A772E 
 2858      6CE5A630 
 2859 027f 480BC71E 		.ascii	"H\013\307\036[\271\334\312\015b\025\037\005\234x\016"
 2859      5BB9DCCA 
 2859      0D62151F 
 2859      059C780E 
 2860 028f A2D58558 		.ascii	"\242\325\205X\035)\212J\342\214' <\336]\200\012\024"
 2860      1D298A4A 
 2860      E28C2720 
 2860      3CDE5D80 
 2860      0A14
 2861 02a1 8B25C062 		.ascii	"\213%\300b\274\375\354\265\003<U\354\036B7\241\346P"
 2861      BCFDECB5 
 2861      033C55EC 
 2861      1E4237A1 
 2861      E650
 2862 02b3 ED298C33 		.ascii	"\355)\2143#\210)\265D\275B \346/b\252\233&f[\3055D\037"
 2862      238829B5 
 2862      44BD4220 
 2862      E62F62AA 
 2862      9B26665B 
 2863 02cb A262755A 		.ascii	"\242buZ\271E\310\333,B\315%\025\204jzP\225\204j\246"
 2863      B945C8DB 
 2863      2C42CD25 
 2863      15846A7A 
 2863      5095846A 
 2864 02e0 14A41A49 		.ascii	"\024\244\032I\345B\315I\253&Re\241NM\253fR\015B\235"
 2864      E542CD49 
 2864      AB265265 
 2864      A14E4DAB 
 2864      66520D42 
 2865 02f5 4ECDECE8 		.ascii	"N\315\354\350!k\222\355[\2574m\003\334H\355\254\303"
 2865      216B92ED 
 2865      5BAF346D 
 2865      03DC48ED 
 2865      ACC3
 2866 0307 163A4FF2 		.ascii	"\026:O\362\327\330\241\344\340\014\\\034\222\007\222"
 2866      D7D8A1E4 
 2866      E00C5C1C 
 2866      920792
 2867 0316 DB8169C7 		.ascii	"\333\201i\307\031\240K;\005\254\204\035\216\034\031"
 2867      19A04B3B 
 2867      05AC841D 
ARM GAS  /tmp/cckQkKsc.s 			page 62


 2867      8E1C19
 2868 0325 8D026E15 		.ascii	"\215\002n\025a\235\243\026\270\010\3547\250.\0223?!"
 2868      619DA316 
 2868      B808EC37 
 2868      A82E1233 
 2868      3F21
 2869 0337 2EC5DC7E 		.ascii	".\305\334~\251\026]\235\212\217\262\370\255\375\021"
 2869      A9165D9D 
 2869      8A8FB2F8 
 2869      ADFD11
 2870 0346 18FE876B 		.ascii	"\030\376\207k\000c\264\207s/\322\367i\364\361g\255J"
 2870      0063B487 
 2870      732FD2F7 
 2870      69F4F167 
 2870      AD4A
 2871 0358 E246AC3F 		.ascii	"\342F\254?\211\303\037\240W\365V\373\326\333\303\363"
 2871      89C31FA0 
 2871      57F556FB 
 2871      D6DBC3F3 
 2872 0368 A8C2DDE1 		.ascii	"\250\302\335\341Y\244\034\354?\266L\0147\001\341\235"
 2872      59A41CEC 
 2872      3FB64C0C 
 2872      3701E19D 
 2873 0378 25AD3C8F 		.ascii	"%\255<\217\3069\275\005=ca\300-\330\363D\214?\206GF"
 2873      C639BD05 
 2873      3D6361C0 
 2873      2DD8F344 
 2873      8C3F8647 
 2874 038d 26C66788 		.ascii	"&\306g\210\234;Kpe\220\2444\321\036\232\304\255\361"
 2874      9C3B4B70 
 2874      6590A434 
 2874      D11E9AC4 
 2874      ADF1
 2875 039f 5CFD4748 		.ascii	"\\\375GH\242^\332D\3508f\312C\020\256\003\263\342;6"
 2875      A25EDA44 
 2875      E83866CA 
 2875      4310AE03 
 2875      B3E23B36 
 2876 03b3 37136EA0 		.ascii	"7\023n\240y\270*\002\235\005\332a?\352\021\3457\026"
 2876      79B82A02 
 2876      9D05DA61 
 2876      3FEA11E5 
 2876      3716
 2877 03c5 32AA3DBB 		.ascii	"2\252=\273\005'\203\346\346\011d\216X\346|\242\016\230"
 2877      052783E6 
 2877      E609648E 
 2877      58E67CA2 
 2877      0E98
 2878 03d7 74979B9A 		.ascii	"t\227\233\232\321\345Kz\350\310\207\332\311\256\036"
 2878      D1E54B7A 
 2878      E8C887DA 
 2878      C9AE1E
 2879 03e6 6CD6CED5 		.ascii	"l\326\316\3255B_\212R\177\256^x\\\237C\343\035\234\303"
 2879      35425F8A 
 2879      527FAE5E 
 2879      785C9F43 
 2879      E31D9CC3 
ARM GAS  /tmp/cckQkKsc.s 			page 63


 2880 03fa 652D70C7 		.ascii	"e-p\307\235\324\034\006\3659\260\3149\014\245\3470\234"
 2880      9DD41C06 
 2880      F539B0CC 
 2880      390CA5E7 
 2880      309C
 2881 040c 3907DDF1 		.ascii	"9\007\335\361\337\311\373L\233\267\337A\233\007u\233"
 2881      DFC9FB4C 
 2881      9BB7DF41 
 2881      9B07759B 
 2882 041c 0FB476CA 		.ascii	"\017\264v\312\302T\261\336r\372.\335\204\223W\304\245"
 2882      C254B1DE 
 2882      72FA2EDD 
 2882      849357C4 
 2882      A5
 2883 042d 5D5484BF 		.ascii	"]T\204\277\310\354\026T/\306s\012\352O\0004I\332\177"
 2883      C8EC1654 
 2883      2FC6730A 
 2883      EA4F0034 
 2883      49DA7F
 2884 0440 3461C630 		.ascii	"4a\3060<;\337\337\351\302K\011Zlu\\\334\224\271\212"
 2884      3C3BDFDF 
 2884      E9C24B09 
 2884      5A6C755C 
 2884      DC94B98A 
 2885 0454 CBE7712A 		.ascii	"\313\347q*n\273Wy\311\347X\343qzCA\345\305\025+\227"
 2885      6EBB5779 
 2885      C9E758E3 
 2885      717A4341 
 2885      E5C5152B 
 2886 0469 9557D857 		.ascii	"\225W\330W\333\275\016'{:\344r\007*\313\375\366@\250"
 2886      DBBD0E27 
 2886      7B3AE472 
 2886      072ACBFD 
 2886      F640A8
 2887 047c 4A59E272 		.ascii	"JY\342rW\270\227\227)\276\240\022\010)\301\200Cq\270"
 2887      57B89797 
 2887      29BEA012 
 2887      0829C180 
 2887      4371B8
 2888 048f 2AABBC76 		.ascii	"*\253\274v\217\333Q\354`\006\227\323\356\367\317\314"
 2888      8FDB51EC 
 2888      600697D3 
 2888      EEF7CFCC 
 2889 049f 908A4B16 		.ascii	"\220\212K\026TV,\262Z\02709\350^\347\224Qv\312\376\200"
 2889      54562CB2 
 2889      5A173039 
 2889      E85EE794 
 2889      5176CAFE 
 2890 04b4 DB27F95F 		.ascii	"\333'\371_\347\366\300*)T)\257uz+\015k+\354A\247\024"
 2890      E7F6C02A 
 2890      295429AF 
 2890      757A2B0D 
 2890      6B2BEC41 
 2891 04ca F23FA49A 		.ascii	"\362?\244\232\333\353X\275\246\322\211\025\203U\301"
 2891      DBEB58BD 
 2891      A6D28915 
 2891      8355C1
ARM GAS  /tmp/cckQkKsc.s 			page 64


 2892 04d9 62173389 		.ascii	"b\0273\211\220\025\001\367\313\377\021\342\360y<>\257"
 2892      901501F7 
 2892      CBFF11E2 
 2892      F0793C3E 
 2892      AF
 2893 04ea E27C2BA4 		.ascii	"\342|+\244\274\260\262TYRZ\266\264LY\342\0138\225\245"
 2893      BCB0B254 
 2893      59525AB6 
 2893      B44C59E2 
 2893      0B3895A5 
 2894 04fe FF66F204 		.ascii	"\377f\362\004\335\301\362U\016\007f{\356\341Y\374\276"
 2894      DDC1F255 
 2894      0E07667B 
 2894      EEE159FC 
 2894      BE
 2895 050f 001A8379 		.ascii	"\000\032\203y\336\\\370L)\266\340\300<\0305\255\264"
 2895      DE5CF84C 
 2895      29B6E0C0 
 2895      3C1835AD 
 2895      B4
 2896 0520 6C65A1E8 		.ascii	"le\241\350\003\3174\277p\236\225I\001f\3628=\276@\025"
 2896      03CF34BF 
 2896      709E9549 
 2896      0166F238 
 2896      3DBE4015 
 2897 0534 FB07C4C2 		.ascii	"\373\007\304\302\271\370"
 2897      B9F8
 2898              		.text
 2899              		.section	.gnu.lto_chThdCreateFromMemoryPool.348.ed13ae4738a12bf2,"e",%progbits
 2900 0000 789C8D55 		.ascii	"x\234\215UmLSg\024~\317}o\277t\"L\024\207?\206&d\331"
 2900      6D4C5367 
 2900      147ECF7D 
 2900      6FBF7422 
 2900      4C14873F 
 2901 0018 C2B830B7 		.ascii	"\302\2700\267\031\377\271\261-1\223h\312\376\263R:\333"
 2901      19FFB9B1 
 2901      2D319368 
 2901      CAFEB352 
 2901      3ADB
 2902 002a C4B6A4AD 		.ascii	"\304\266\244\255s$K\274|I\246.\362\025T,\314\220b4Q"
 2902      73244BBC 
 2902      7C49A62E 
 2902      F215542C 
 2902      CC906234 
 2903 003f A7644E1C 		.ascii	"\247dN\034\352:\035\350\030L@>\0046H\330\330`3\332P"
 2903      EA3A1DE8 
 2903      184C403E 
 2903      043648D8 
 2903      D86033DA 
 2904 0054 75CCB9B8 		.ascii	"u\314\271\270\363\236[\332B2\262?\275\367}\336\347<"
 2904      F39E5BDA 
 2904      4232B23F 
 2904      BDF77DDE 
 2904      E73C
 2905 0066 E7BCE739 		.ascii	"\347\274\3479\357\355\373\006\306\336\003\306\336a\214"
 2905      EFEDFB06 
 2905      C6DE03C6 
ARM GAS  /tmp/cckQkKsc.s 			page 65


 2905      DE618C
 2906 0075 818E414D 		.ascii	"\201\216AM\365~\211\251\252\272\305 I\345\325\007$\370"
 2906      F57E89A9 
 2906      AABAC520 
 2906      49E5D507 
 2906      24F8
 2907 0087 1EC64E84 		.ascii	"\036\306N\204MrYuB\313\310\301\327e\016u\325\373'N\277"
 2907      4D725975 
 2907      42CBC8C1 
 2907      D7650E75 
 2907      D5FB274E 
 2908 009c 4A14194A 		.ascii	"J\024\031J\242t`{%.\303^\250\345~\0165<\300\031\310"
 2908      A274607B 
 2908      252EC35E 
 2908      A8E57E0E 
 2908      353CC019 
 2909 00b1 913780B4 		.ascii	"\2217\200\264\027\203\252:WQ{tJ\357?\031\224\003\\b"
 2909      1783AA3A 
 2909      57517B74 
 2909      4AEF3F19 
 2909      94035C62 
 2910 00c5 4D48B800 		.ascii	"MH\270\000\360\005&g\014\211|;{\001I\275w\333T\325\304"
 2910      F0052667 
 2910      0C897C3B 
 2910      7B0149BD 
 2910      77DB54D5 
 2911 00da 029CC345 		.ascii	"\002\234\303E\210\343 `\276\226\"xv\215w\260\254RMD"
 2911      88E32060 
 2911      BE962278 
 2911      768D77B0 
 2911      AC524D44 
 2912 00ee 25192E2D 		.ascii	"%\031.-\344\311\346\036\3429\211\027jh9\234P\005\001"
 2912      E4C9E61E 
 2912      E2398917 
 2912      6A68399C 
 2912      500501
 2913 0101 AE83F685 		.ascii	"\256\203\366\205<\235y\204x\036M\357\357H^=\\Y\310\323"
 2913      3C9D7984 
 2913      781E4DEF 
 2913      EF485E3D 
 2913      5C59C8D3 
 2914 0115 9BA788B7 		.ascii	"\233\247\210\267[\343}\032\311k\200\257\027\362\014"
 2914      5BE37D1A 
 2914      C96B80AF 
 2914      17F20C
 2915 0124 E6500A9D 		.ascii	"\346P\012\235D;\374\332\350\341\203 \302\213\305Vz\025"
 2915      443BFCDA 
 2915      E8E18320 
 2915      C28BC556 
 2915      7A15
 2916 0136 567476EA 		.ascii	"Vtv\352\335\252\022c\200\033\341:)\\\003\370\206\272"
 2916      DDAA1263 
 2916      801BE13A 
 2916      295C03F8 
 2916      86BA
 2917 0148 603E2982 		.ascii	"`>)\202\370\307\304\024\265\373[\366'\020\325\000\035"
 2917      F8C7C414 
ARM GAS  /tmp/cckQkKsc.s 			page 66


 2917      B5FB5BF6 
 2917      2710D500 
 2917      1D
 2918 0159 B0A061E6 		.ascii	"\260\240a\346Z\242\226\300<\267\367\250\250?MPo,\242"
 2918      5AA296C0 
 2918      3CB7F7A8 
 2918      A83F4D50 
 2918      6F2CA2
 2919 016c 5612B532 		.ascii	"V\022\2652J\015\035k\251\324d%\370n\021\367I\212\236"
 2919      4A0D1D6B 
 2919      A9D46425 
 2919      F86E11F7 
 2919      498A9E
 2920 017f 4117C04D 		.ascii	"A\027\300M\200N\200oA\330\304\230\204\221z\206\357\000"
 2920      804E806F 
 2920      41D8C498 
 2920      84917A86 
 2920      EF00
 2921 0191 DD24A347 		.ascii	"\335$\243G\317\333\306_a8\036M\350e\004\3617t\374\210"
 2921      CFDBC65F 
 2921      61381E4D 
 2921      E86504F1 
 2921      3774FC88 
 2922 01a5 E13D8871 		.ascii	"\341=\210q\262\364\002\221E\333\346\036\037\030\273"
 2922      B2F40291 
 2922      45DBE61E 
 2922      1F18BB
 2923 01b4 95EA5785 		.ascii	"\225\352W\205\367&\270\005BJ\313\012\275h\216\311\334"
 2923      F726B805 
 2923      424ACB0A 
 2923      BD688EC9 
 2923      DC
 2924 01c5 921AA96E 		.ascii	"\222\032\251n\256\276f\344R\306\3652\365\246\032\345"
 2924      AEBE66E4 
 2924      52C6F532 
 2924      F5A61AE5 
 2925 01d5 B218571B 		.ascii	"\262\030W\033\026\221m\356\201_\017}\010\376 \324\030"
 2925      16916DEE 
 2925      815F0F7D 
 2925      08FE20D4 
 2925      18
 2926 01e6 D607FDF1 		.ascii	"\326\007\375\361\365\371\273\003k\264\002\345X\201\025"
 2926      F5F9BB03 
 2926      6BB402E5 
 2926      588115
 2927 01f5 0FB1C001 		.ascii	"\017\261\300\001\304t,\226\357\223\366\377\223\257\255"
 2927      C4742C96 
 2927      EF93F6FF 
 2927      93AFAD
 2928 0204 B3510F43 		.ascii	"\263Q\017C\010\016F\363\015S>\344\310\361=\373\274_"
 2928      080E46F3 
 2928      0D533EE4 
 2928      C8F13DFB 
 2928      BC5F
 2929 0216 17549F3C 		.ascii	"\027T\237<=\244\006o\230\032:~\015u\247\257\003\234"
 2929      3DA4066F 
 2929      981A3A7E 
ARM GAS  /tmp/cckQkKsc.s 			page 67


 2929      0D75A7AF 
 2929      039C
 2930 0228 0F49C69F 		.ascii	"\017I\306\237e:\200600$\033\031\322M\000_\301\012\200"
 2930      653A8036 
 2930      3030241B 
 2930      19D24D00 
 2930      5FC10A80 
 2931 023c CBB012E0 		.ascii	"\313\260\022\340*$\211iI\026\0160v\210\213\233\245\312"
 2931      2A248969 
 2931      49160E30 
 2931      76888B9B 
 2931      A5CA
 2932 024e A00619AB 		.ascii	"\240\006\031\253\342\222\266(\303\305\357\240N^\354"
 2932      E292B628 
 2932      C3C5EFA0 
 2932      4E5EEC
 2933 025d 32E1D9E8 		.ascii	"2\341\331\350\265m\031=.\323cC\364g\262w\031\013A\371"
 2933      B56D193D 
 2933      2ED36343 
 2933      F467B277 
 2933      190B41F9 
 2934 0271 F14DCDDC 		.ascii	"\361M\315\334P\016R\200/o\342Xt3\327\005\3703H(M\303"
 2934      500E5280 
 2934      2F6FE258 
 2934      7433D705 
 2934      F8334828 
 2935 0287 22708FB8 		.ascii	"\"p\217\270\2671\343\014\224O_OE\0042\305,`N~\252k\352"
 2935      B731E30C 
 2935      944F5F4F 
 2935      450432C5 
 2935      2C604E7E 
 2936 029e 1C8FE61C 		.ascii	"\034\217\346\034A\322=(\275|*\243\231\317\337mN\375"
 2936      41D23D28 
 2936      BD7C2AA3 
 2936      99CFDF6D 
 2936      4EFD
 2937 02b0 3E01581C 		.ascii	">\001X\034\016\324\012T\207Q`Y\3322\001\306\240Q\014"
 2937      0ED40A54 
 2937      87516059 
 2937      DA3201C6 
 2937      A0510C
 2938 02c3 108695B5 		.ascii	"\020\206\225\265\356\353\300tF\324\307h-\177\247\000"
 2938      EEEBC074 
 2938      46D4C768 
 2938      2D7FA700 
 2939 02d3 48FA274D 		.ascii	"H\372'M\272a&%K\\a\354b#*c\261&\001\327\233\004\272"
 2939      BA612625 
 2939      4B5C61EC 
 2939      62232A63 
 2939      B12601D7 
 2940 02ea 925049A0 		.ascii	"\222PI\240\206\305(\027\250\221$\010\325\021*\013tE"
 2940      86C52817 
 2940      A8912408 
 2940      D5112A0B 
 2940      7445
 2941 02fc 0CD513AA 		.ascii	"\014\325\023\252\023\350\312\030j \224Z\223D\305\374"
 2941      13E8CA18 
ARM GAS  /tmp/cckQkKsc.s 			page 68


 2941      6A20945A 
 2941      9344C5FC 
 2942 030c D5458D0D 		.ascii	"\325E\215\015\317\324\2157\324\003\3163\241\341Q\023"
 2942      CFD48D37 
 2942      D403CE33 
 2942      A1E15113 
 2943 031c B5217C26 		.ascii	"\265!|&\320\032\276\263\012\307N\353\\\370\0100\355"
 2943      D01ABEB3 
 2943      0AC74EEB 
 2943      5CF80830 
 2943      ED
 2944 032d 387DD411 		.ascii	"8}\324\021\023d\021\355\341\341/'\032\001g\222h\355"
 2944      136411ED 
 2944      E1E12F27 
 2944      1A016792 
 2944      68ED
 2945 033f 1326B80D 		.ascii	"\023&\270\015\354>\224n\020\023sI\\\251\365]\322>\354"
 2945      EC3E946E 
 2945      10137349 
 2945      5CA9F55D 
 2945      D23EEC
 2946 0352 5222BECA 		.ascii	"R\"\276\312\342\373\373\0130|\302\024\300\317\324\325"
 2946      E2FBFB0B 
 2946      307CC214 
 2946      C0CFD4D5 
 2947 0362 F53DB49F 		.ascii	"\365=\264\237D\233\277iYB\247\003\375a\034\235>Z\252"
 2947      449BBF69 
 2947      5942A703 
 2947      FD611C9D 
 2947      3E5AAA
 2948 0375 B333750F 		.ascii	"\2633u\017F\323)\303\237\243k\0109\337?\274M\214\206"
 2948      46D329C3 
 2948      9FA36B08 
 2948      39DF3FBC 
 2948      4D8C86
 2949 0388 F03EBB99 		.ascii	"\360>\273\231'\223\367\3176a\317X\271\260\351\344\363"
 2949      2793F7CF 
 2949      3661CF58 
 2949      B9B0E9E4 
 2949      F3
 2950 0399 01BE0A8F 		.ascii	"\001\276\012\217\214\234\000O\026\232\307\263q\340\232"
 2950      8C9C004F 
 2950      169AC7B3 
 2950      71E09A
 2951 03a8 E95D9DFC 		.ascii	"\351]\235\374Gsbv:!\342\260\024sx\032\225V#\021\376"
 2951      47736276 
 2951      3A21E2B0 
 2951      1473781A 
 2951      95562311 
 2952 03bd 885ABC06 		.ascii	"\210Z\274\006\356b\363P[PS@\"\215\247\363n&,\021i\200"
 2952      EE62F350 
 2952      5B505340 
 2952      228DA7F3 
 2952      6E262C11 
 2953 03d3 FB1869A4 		.ascii	"\373\030i\244\211\244\250j*\272\"\215Q\305k\233\264"
 2953      89A4A86A 
 2953      2ABA228D 
ARM GAS  /tmp/cckQkKsc.s 			page 69


 2953      51C56B9B 
 2953      B4
 2954 03e4 BD6421FC 		.ascii	"\275d!\374\234\270@\251\304\252Y\036\361\246\341\030"
 2954      9CB840A9 
 2954      C4AA591E 
 2954      F1A6E118 
 2955 03f4 7A33A075 		.ascii	"z3\240u\367\263\261\303Z?&\317\037\323\272qe\014\026"
 2955      F7B3B1C3 
 2955      5A3F26CF 
 2955      1FD3BA71 
 2955      650C16
 2956 0407 5D878175 		.ascii	"]\207\201u\021\367j\036\241{\203Z\340\321GQ\367\206"
 2956      11F76A1E 
 2956      A17B835A 
 2956      E0D14751 
 2956      F786
 2957 0419 22EEB178 		.ascii	"\"\356\261x\367\206c\356\335\211w/\342S\230\034\213"
 2957      F78663EE 
 2957      DD89772F 
 2957      E253981C 
 2957      8B
 2958 042a 37E7C823 		.ascii	"7\347\310#4g(b\316\271\326\021YX!\356\222\034\273\277"
 2958      34672862 
 2958      CEB9D611 
 2958      595821EE 
 2958      921CBBBF 
 2959 043e F7E0DAB8 		.ascii	"\367\340\332\270\370Pl\336\200\177\002l\026J\267\340"
 2959      F8506CDE 
 2959      807F026C 
 2959      164AB7E0 
 2960 044e 3905EB31 		.ascii	"9\005\3531\0006H:;\0302b\030\236\235_\035\261\343\207"
 2960      0036483A 
 2960      3B183262 
 2960      189E9D5F 
 2960      1DB1E387 
 2961 0462 00B4D8D2 		.ascii	"\000\264\330\322\240\270J\353\025\273\333iS\034\026"
 2961      A0B84AEB 
 2961      15BBDB69 
 2961      531C16
 2962 0471 97F296DB 		.ascii	"\227\362\226\333\272\333is\371\274\312\233;\314\333"
 2962      BADB6973 
 2962      F9BCCA9B 
 2962      3BCCDB
 2963 0480 F20B2CBB 		.ascii	"\362\013,\273,.\253\215\275\344\263;<\205\371E\026\217"
 2963      2C2EAB8D 
 2963      BDE4B33B 
 2963      3C85F945 
 2963      168F
 2964 0492 AF58C9B1 		.ascii	"\257X\311\261;\012\034\333\363\024\267W\361\370\024"
 2964      3B0A1CDB 
 2964      F314B757 
 2964      F1F814
 2965 04a1 AFC7AA58 		.ascii	"\257\307\252X\355\205\305.\213\323a\315\2642\311Y\264"
 2965      ED85C52E 
 2965      8BD361CD 
 2965      B432C959 
 2965      B4
ARM GAS  /tmp/cckQkKsc.s 			page 70


 2966 04b2 3A6E9D99 		.ascii	":n\235\231\275\261\260`sV\326F&#b\223\213<\016\267T"
 2966      BDB1B060 
 2966      7356D646 
 2966      26236293 
 2966      8B3C0EB7 
 2967 04c7 F401B778 		.ascii	"\364\001\267xvJ\276By\217\315U\250\333S`\361\332$_\321"
 2967      764ABE42 
 2967      798FCD55 
 2967      A8DB5360 
 2967      F1DA245F 
 2968 04dc 12591C2E 		.ascii	"\022Y\034.\353\256\335\2056\314\344-\366f\332\231A\204"
 2968      EBAEDD85 
 2968      36CCE42D 
 2968      F666DA99 
 2968      4184
 2969 04ee ECF038DE 		.ascii	"\354\3608\336\376\217\020\253\333\351t\273\024\333G"
 2969      FE8F10AB 
 2969      DBE974BB 
 2969      14DB47
 2970 04fd 3EE50D73 		.ascii	">\345\015s\256\222\223\233\2675O\311q{l\312\326y%\247"
 2970      AE92939B 
 2970      B7354FC9 
 2970      717B6CCA 
 2970      D67925A7 
 2971 0511 D7E1CDDF 		.ascii	"\327\341\315\337i\265\242\332kK\253\024\271=\330\020"
 2971      69B5A2DA 
 2971      6B4BAB14 
 2971      B93DD810 
 2972 0521 D4F970D3 		.ascii	"\324\371p\323\313\271X\202\025u0*17\317\234&\352\300"
 2972      CBB95882 
 2972      1575302A 
 2972      3137CF9C 
 2972      26EAC0
 2973 0534 3365A4A5 		.ascii	"3e\244\245g1\311\303\014N\233\323\355)f\377\002\255"
 2973      6731C9C3 
 2973      0C4E9BD3 
 2973      ED2966FF 
 2973      02AD
 2974 0546 45CEBE   		.ascii	"E\316\276"
 2975              		.text
 2976              		.section	.gnu.lto_.symbol_nodes.ed13ae4738a12bf2,"e",%progbits
 2977 0000 789C758E 		.ascii	"x\234u\216;\012\302P\020E\357\347\245\026\"\330\272"
 2977      3B0AC250 
 2977      1045EFE7 
 2977      A51622D8 
 2977      BA
 2978 0011 D4899005 		.ascii	"\324\211\220\005\270\015\273\324\326V\026\331@\374 "
 2978      B80DBBD4 
 2978      D65616D9 
 2978      40FC20
 2979 0020 C4D62D68 		.ascii	"\304\326-h\222\027\313w\252\201s\270\314\007\023\032"
 2979      9217CB77 
 2979      AA8173B8 
 2979      CC07131A 
 2980 0030 14682612 		.ascii	"\024h&\022\217=\020\300\2719\020\304\"o\012\226$\237"
 2980      8F3D10C0 
 2980      B93910C4 
ARM GAS  /tmp/cckQkKsc.s 			page 71


 2980      226F0A96 
 2980      249F
 2981 0042 0A7D57F6 		.ascii	"\012}W\366K\200yi\266|(\\rwE*\271\227\242*8#\345WZ\032"
 2981      4B807969 
 2981      B67C285C 
 2981      7277452A 
 2981      B997A22A 
 2982 005c 3E5DDF9D 		.ascii	">]\337\2359n\014\345\263\335\232U\016F\232\377\2406"
 2982      396E0CE5 
 2982      B3DD9A55 
 2982      0E469AFF 
 2982      A036
 2983 006e D7E0B2C3 		.ascii	"\327\340\262\303\017\242\270U~"
 2983      0FA2B855 
 2983      7E
 2984              		.text
 2985              		.section	.gnu.lto_.refs.ed13ae4738a12bf2,"e",%progbits
 2986 0000 789C6364 		.ascii	"x\234cd\000\002\000\000\012\000\002"
 2986      00020000 
 2986      0A0002
 2987              		.text
 2988              		.section	.gnu.lto_.decls.ed13ae4738a12bf2,"e",%progbits
 2989 0000 789C9D59 		.ascii	"x\234\235YiTTW\266\276\373\234\242\252(@|BV\322vVb\347"
 2989      69545457 
 2989      B6BEFB9C 
 2989      A2AA2840 
 2989      7C4256D2 
 2990 0018 F93AA4D3 		.ascii	"\371:\244\323\212\303\352$\357\307[K\333\327Igu\322"
 2990      8AC3EA24 
 2990      EFC75B4B 
 2990      DBD74967 
 2990      75D2
 2991 002a ED8ADD2B 		.ascii	"\355\212\335++\275\326[\025\254*\241\236@U\252.\016"
 2991      2BBDD65B 
 2991      15AC2AA1 
 2991      9E4055AA 
 2991      2E0E
 2992 003c FDE79580 		.ascii	"\375\347\225\200Q\304\001\305\011'P\034\300\201AEAD"
 2992      51C401C5 
 2992      0927501C 
 2992      C0814145 
 2992      4144
 2993 004e 111C7040 		.ascii	"\021\034p@EPq@\301\001P\020QPQQ\336>\347\336\252{k\300"
 2993      45507140 
 2993      C1015010 
 2993      51505151 
 2993      DE3EE7DE 
 2994 0066 A49BE4D4 		.ascii	"\244\233\344\324=\367\334\357\354\375\355}\366\331g"
 2994      3DF7DCEF 
 2994      ECFDED7D 
 2994      F6D967
 2995 0075 70C80841 		.ascii	"p\310\010A\210\320\012\202@\004a\000\377(V\353\260\030"
 2995      88D00A82 
 2995      40046100 
 2995      FF2856EB 
 2995      B018
 2996 0087 B0E84110 		.ascii	"\260\350A\020\252\3609\004\237\303\260\274\215%\026"
ARM GAS  /tmp/cckQkKsc.s 			page 72


 2996      AAF03904 
 2996      9FC3B0BC 
 2996      8D2516
 2997 0096 DF197C34 		.ascii	"\337\031|4\326\277\303\347D|\012r\333WX\377\026\313"
 2997      D6BFC3E7 
 2997      447C0A72 
 2997      DB5758FF 
 2997      16CB
 2998 00a8 F70C8725 		.ascii	"\367\014\207%\001\313\017\362w\365_\026\352\032\216"
 2998      01CB0FF2 
 2998      77F55F16 
 2998      EA1A8E
 2999 00b7 CF615822 		.ascii	"\317aX\"\261\334\206\301u\215\302\347],\255\262\276"
 2999      B1DC86C1 
 2999      758DC2E7 
 2999      5D2CADB2 
 2999      BE
 3000 00c8 787CBE8F 		.ascii	"x|\276\217\245\035\313\003,] q\231\206\345\026\226<"
 3000      A51DCB03 
 3000      2C5D2071 
 3000      9986E516 
 3000      963C
 3001 00da 2CEF22EE 		.ascii	",\357\"\356!H\234\214\370\324\341\363c|\376\032\313"
 3001      21489C8C 
 3001      F8D4E1F3 
 3001      637CFE1A 
 3001      CB
 3002 00eb 6FB07C88 		.ascii	"o\260|\210\345?\260|\204\345&\226`\231\373\023,}X^b"
 3002      E53FB07C 
 3002      84E52696 
 3002      6099FB13 
 3002      2C7D585E 
 3003 0100 7905924F 		.ascii	"y\005\222O\022d[\276\017`G!~\377\245\217\035\314\037"
 3003      12645BBE 
 3003      0F604721 
 3003      7EFFA58F 
 3003      1DCC1F
 3004 0113 83D9C0F8 		.ascii	"\203\331\300\370\003\366\261c}\202l\357?k\013\343\372"
 3004      03F6B163 
 3004      7D826CEF 
 3004      3F6B0BE3 
 3004      FA
 3005 0124 5FF0667B 		.ascii	"_\360f{.\313\270o\007\261\351\2077\330\264\214\3020"
 3005      2ECBB86F 
 3005      07B1E987 
 3005      37D8B48C 
 3005      C230
 3006 0136 D0E06F24 		.ascii	"\320\340o$\214\340u=\377\035\312[\\\300\037\225\002"
 3006      8CE0753D 
 3006      FF1DCA5B 
 3006      5CC01F95 
 3006      02
 3007 0147 25020D16 		.ascii	"%\002\015\026\350\020\006\377\016X\334\204\363\232@"
 3007      E81006FF 
 3007      0E58DC84 
 3007      F39A40
 3008 0156 23856817 		.ascii	"#\205h\027\377\253z_\200\303\222\202/B\350\377\010k"
ARM GAS  /tmp/cckQkKsc.s 			page 73


 3008      FFAB7A5F 
 3008      80C39282 
 3008      2F42E8FF 
 3008      086B
 3009 0168 2959D6F3 		.ascii	")Y\326\363\254Fk\250t\271\272]\225\251\301\002\224\000"
 3009      AC466BA8 
 3009      74B9BA5D 
 3009      95A9C102 
 3009      9400
 3010 017a EC05018E 		.ascii	"\354\005\001\216\000\366\254\0048\004P\001\324,P+\003"
 3010      00F6AC04 
 3010      38045001 
 3010      D42C502B 
 3010      03
 3011 018b 5F7A7466 		.ascii	"_ztf\037\215\224dUr9p\024\340\030\000\177\241I\014s"
 3011      1F8D9464 
 3011      55723970 
 3011      14E01800 
 3011      7FA1490C 
 3012 01a0 EEC0C96B 		.ascii	"\356\300\311k:o\314q\005\303\000\327\216\254\014\015"
 3012      3A6FCC71 
 3012      05C300D7 
 3012      8EAC0C0D 
 3013 01b0 E51A73AA 		.ascii	"\345\032s\2524p\002d\235\002\324\000\003h\227.=q\205"
 3013      34700264 
 3013      9D02D400 
 3013      0368972E 
 3013      3D7185
 3014 01c3 8E1C1981 		.ascii	"\216\034\031\201\220\276U\247Z\223?\3368o\236+c\016"
 3014      90BE55A7 
 3014      5A933FDE 
 3014      386F9E2B 
 3014      630E
 3015 01d5 C5EF500D 		.ascii	"\305\357P\015pZ\351\020\215e\254\300D\355\312]<\204"
 3015      705AE910 
 3015      8D65ACC0 
 3015      44EDCA5D 
 3015      3C84
 3016 01e7 41AA000E 		.ascii	"A\252\000\016\372AJ@@2\251\310G#@\031\300>\366\3414"
 3016      FA414A40 
 3016      4032A9C8 
 3016      47234019 
 3016      C03EF6E1 
 3017 01fc 63042701 		.ascii	"c\004'\001Nq\356\215\350\247&,8\306\264\015\030\317"
 3017      4E71EE8D 
 3017      E8A7262C 
 3017      38C6B40D 
 3017      18CF
 3018 020e 8D0F7A6B 		.ascii	"\215\017zk!\302\313\220s\000\347\335\306\366p\320\274"
 3018      21C2CB90 
 3018      7300E7DD 
 3018      C6F670D0 
 3018      BC
 3019 021f 05FBAF52 		.ascii	"\005\373\257RoP\235\002B\300\331\262]\007\251b\355\005"
 3019      6F509D02 
 3019      42C0D9B2 
 3019      5D07A962 
ARM GAS  /tmp/cckQkKsc.s 			page 74


 3019      ED05
 3020 0231 8559BD64 		.ascii	"\205Y\275dm\351\215\275\003\032\311\332\356\322j\311"
 3020      6DE98DBD 
 3020      031AC9DA 
 3020      EED26AC9 
 3021 0241 8A7A80B3 		.ascii	"\212z\200\263\000\227\002\031Z\246\030Z\353\007\011"
 3021      00970219 
 3021      5AA6185A 
 3021      EB0709
 3022 0250 68E8256E 		.ascii	"h\350%nh\003\300E\211\222\366\331\243s\231\241##G\""
 3022      6803C045 
 3022      8992F6D9 
 3022      A37399A1 
 3022      23234722 
 3023 0264 B4BB2037 		.ascii	"\264\273 7\250\246\222;\254\034\240\021<\235$\205\276"
 3023      A8A6923B 
 3023      AC1CA011 
 3023      3C9D2485 
 3023      BE
 3024 0275 C2D86837 		.ascii	"\302\330h7rq\227\001\2560q\210(:\220\353r\015M\015e"
 3024      72719701 
 3024      AE307188 
 3024      283A90EB 
 3024      720D4D0D 
 3025 028a 8ACE0410 		.ascii	"\212\316\004\020\202N\310\333\356j\3441\341-\355\270"
 3025      824EC8DB 
 3025      EE6AE431 
 3025      E12DEDB8 
 3026 029a AF343A87 		.ascii	"\2574:\2070\370\332\303e\3334\032\346K\264\322\206\015"
 3026      30F8DAC3 
 3026      65DB341A 
 3026      E64BB4D2 
 3026      860D
 3027 02ac 15B7D38B 		.ascii	"\025\267\323\213\264\274\341;\270\016\3300\367as\003"
 3027      B4BCE13B 
 3027      B80ED830 
 3027      F7617303 
 3028 02bc B8114DC0 		.ascii	"\270\021M\300\247\003\341\363`(~\335\325|\366\212\376"
 3028      A703E1F3 
 3028      60287EDD 
 3028      D57CF68A 
 3028      FE
 3029 02cd 6D54D7E9 		.ascii	"mT\327\351rEB,4\003\260)\010-\250\363\006\367:\331\327"
 3029      7245422C 
 3029      3403B029 
 3029      082DA8F3 
 3029      06F73AD9 
 3030 02e2 BA668346 		.ascii	"\272f\203F\031\226\026\305\217\267\370\330\321\005\234"
 3030      199616C5 
 3030      8FB7F8D8 
 3030      D1059C
 3031 02f1 C9ABC38B 		.ascii	"\311\253\303\213[\003\301\3406\310@\256\372]\256\272"
 3031      5B03C1E0 
 3031      36C840AE 
 3031      FA5DAEBA 
 3032 0301 19E86A9C 		.ascii	"\031\350j\234\203\353\260l\342\275S\347e\235$\336\301"
 3032      83EBB06C 
ARM GAS  /tmp/cckQkKsc.s 			page 75


 3032      E2BD53E7 
 3032      659D24DE 
 3032      C1
 3033 0312 710FE0BE 		.ascii	"q\017\340\276;\202vJ\240'\331O\203\274A\035\012\210"
 3033      3B82764A 
 3033      A027D94F 
 3033      83BC411D 
 3033      0A88
 3034 0324 4DBAACAC 		.ascii	"M\272\254\254B\242p\350T\250\262\374DKP]9\227t\253w"
 3034      42A270E8 
 3034      54A8B2FC 
 3034      444B505D 
 3034      399774AB 
 3035 0339 D7361F75 		.ascii	"\3276\037u\017\001\272\335\352\216rP\346\251\264\016"
 3035      0F01BADD 
 3035      EA8E7250 
 3035      E6A9B40E 
 3036 0349 8337E891 		.ascii	"\2037\350\221\002bR\036\244\324\350\025u\217\025u=L"
 3036      0262521E 
 3036      A4D4E815 
 3036      758F1575 
 3036      3D4C
 3037 035b DD392645 		.ascii	"\3359&E{\271\353QvH\304\310\221~C\212\012\237\360!}"
 3037      7BB9EB51 
 3037      7648C4C8 
 3037      917E438A 
 3037      0A9FF021 
 3038 0370 06F09449 		.ascii	"\006\360\224Id\223\270q\345\222\352!\3530\277\204\242"
 3038      6493B871 
 3038      E592EA21 
 3038      EB30BF84 
 3038      A2
 3039 0381 0CE8E510 		.ascii	"\014\350\345\020\237\260EX\321\342\224y<\216z\3704\177"
 3039      9FB04558 
 3039      D1E29479 
 3039      3C8E7AF8 
 3039      347F
 3040 0393 E21BFDC8 		.ascii	"\342\033\375\310\355n\317\255\272\320\010?\245\217|"
 3040      ED6ECFAD 
 3040      BAD0083F 
 3040      A58F7C
 3041 03a2 95D23994 		.ascii	"\225\3229\224\301\357\364\354\354\015\367\266\3659\300"
 3041      C1EFF4EC 
 3041      EC0DF7B6 
 3041      F539C0
 3042 03b1 0BB74316 		.ascii	"\013\267C\026p\320\221\275w\013\206x\203^* \026k\347"
 3042      70D091BD 
 3042      770B8678 
 3042      835E2A20 
 3042      166BE7
 3043 03c4 6EEC0857 		.ascii	"n\354\010W\034\322\257\360z\305cI\237\235Y|R\217\316"
 3043      1CD2AFF0 
 3043      7AC56349 
 3043      9F9D597C 
 3043      528FCE
 3044 03d7 5079A314 		.ascii	"Py\243\024`?pm\2579\2619\004\006\000\\DrHi\303\232\376"
 3044      603F706D 
ARM GAS  /tmp/cckQkKsc.s 			page 76


 3044      AF39B139 
 3044      0406005C 
 3044      44724869 
 3045 03ee CF98371E 		.ascii	"\317\2307\036\000\264s\210[\"\2376|\242\027\275.u\271"
 3045      00B47388 
 3045      5B229F36 
 3045      7CA217BD 
 3045      2E75B9
 3046 0401 82435107 		.ascii	"\202CQ\007s\206/D\232\350\335/\036k\330\354\355\003"
 3046      73862F44 
 3046      9AE8DD2F 
 3046      1E6BD8EC 
 3046      ED03
 3047 0413 E8E218BF 		.ascii	"\350\342\030\277\211w\"\273\246K\3550\231\327\313\000"
 3047      897722BB 
 3047      A64BED30 
 3047      99D7CB00 
 3048 0423 BCD0900D 		.ascii	"\274\320\220\015]=UA\336\206\264\002\340*\311\022_\012"
 3048      5D3D5541 
 3048      DE86B402 
 3048      E02AC912 
 3048      5F0A
 3049 0435 611DE612 		.ascii	"a\035\346\022\370\221@*\221\246~\351\232\364\332\177"
 3049      F891402A 
 3049      91A67EE9 
 3049      9AF4DA7F 
 3050 0445 77310AC9 		.ascii	"w1\012\311\004\3328F\322\240\320d\246\234\224\007\366"
 3050      04DA3846 
 3050      D2A0D064 
 3050      A69C9407 
 3050      F6
 3051 0456 0EC0350E 		.ascii	"\016\3005\016\362\036X\226CN\3139\344*\300\001\016Q"
 3051      F21E5896 
 3051      434ECB39 
 3051      E42AC001 
 3051      0E51
 3052 0468 9B52C253 		.ascii	"\233R\302SmOY]+\215\360\243V\027\200\032\242\237\365"
 3052      6D4F595D 
 3052      2B8DF0A3 
 3052      5617801A 
 3052      A29FF5
 3053 047b B7B40C51 		.ascii	"\267\264\014QFm\236\242t>\"h\005\033{\355\253\206\213"
 3053      466D9EA2 
 3053      743E2268 
 3053      051B7BED 
 3053      AB868B
 3054 048e E775865F 		.ascii	"\347u\206_\002\340\377\010mwUa\340\300x\030#@\032\001"
 3054      02E0FF08 
 3054      6D775561 
 3054      E0C07818 
 3054      23401A01 
 3055 04a2 4C01904E 		.ascii	"L\001\220N`!a\325d\227\253\377}|\242\350\234\327\347"
 3055      602161D5 
 3055      6497ABFF 
 3055      7D7CA2E8 
 3055      9CD7E7
 3056 04b5 F343D892 		.ascii	"\363C\330\222\331^\031\030\217\230\233\353\263\227\252"
ARM GAS  /tmp/cckQkKsc.s 			page 77


 3056      D95E1918 
 3056      8F989BEB 
 3056      B397AA
 3057 04c4 16B9458A 		.ascii	"\026\271E\212\372\305\204/\350\037zVh\334)\320*\036"
 3057      FAC5842F 
 3057      E81F7A56 
 3057      68DC29D0 
 3057      2A1E
 3058 04d6 8A175DB5 		.ascii	"\212\027]\265\353\364\376k\361R\202\03040\203\300\022"
 3058      EBF4FE6B 
 3058      F1528218 
 3058      343083C0 
 3058      12
 3059 04e7 26FB5E5F 		.ascii	"&\373^_jG8O~\261<;\276\274\2637\205x\322]\234'\335-"
 3059      6A47384F 
 3059      7EB13C3B 
 3059      BEBCB337 
 3059      8578D25D 
 3060 04ff 473E9984 		.ascii	"G>\231\204{#u\361\334\033Z\205\316r\205\316\012\302"
 3060      7B2375F1 
 3060      DC1B5A85 
 3060      CE7285CE 
 3060      0AC2
 3061 0511 D3DD294E 		.ascii	"\323\335)N`{\332\206f\032\000\006+\211\033x\201\342"
 3061      607BDA86 
 3061      661A0006 
 3061      2B891B78 
 3061      81E2
 3062 0523 5A89A589 		.ascii	"Z\211\245\2112+\242\340\377\370/\256\233\\@\362\215"
 3062      322BA2E0 
 3062      FFF82FAE 
 3062      9B5C40F2 
 3062      8D
 3063 0534 B579DC82 		.ascii	"\265y\334\202^W\345\352\014\255g\206\256'\010B\023\326"
 3063      5E57E5EA 
 3063      0CAD6786 
 3063      AE270842 
 3063      13D6
 3064 0546 1158CB4C 		.ascii	"\021X\313L\250M^X\241\032\235\015\012\237l6:\017PA\017"
 3064      A84D5E58 
 3064      A11A9D0D 
 3064      0A9F6C36 
 3064      3A0F5041 
 3065 055b 9572EB3B 		.ascii	"\225r\353;\322\366\006h\037\3230\244s[\3153=\206(\013"
 3065      D2F60668 
 3065      1FD330A4 
 3065      735BCD33 
 3065      3D86280B 
 3066 056f 53965BFA 		.ascii	"S\226[\372\262\327\347\206H\271e\025\201\325\004\362"
 3066      B2D7E786 
 3066      48B96515 
 3066      81D504F2 
 3067 057f 1459FB3D 		.ascii	"\024Y\373=\263\251;\255:\235/\233\331\004r\2740J\376"
 3067      B3A93BAD 
 3067      3A9D2F9B 
 3067      D90472BC 
 3067      304AFE
ARM GAS  /tmp/cckQkKsc.s 			page 78


 3068 0592 E9CECA95 		.ascii	"\351\316\312\2250\313\010dyaTSN\216\275\\\002\230\342"
 3068      30CB0864 
 3068      79615453 
 3068      4E8EBD5C 
 3068      0298E2
 3069 05a5 050642AB 		.ascii	"\005\006B\253v\020\330J`;\201m\004\266\020\310\227\247"
 3069      7610D84A 
 3069      603B816D 
 3069      04B610C8 
 3069      97A7
 3070 05b7 7977BEAC 		.ascii	"yw\276\2544\0266\373\363\222\347\306\"yn \2615\376J"
 3070      341636FB 
 3070      F392E7C6 
 3070      22796E20 
 3070      B135FE4A 
 3071 05cb A554F04A 		.ascii	"\245T\360JJ\005\213\011l\364\343>V\240;4\314\365\313"
 3071      4A058B09 
 3071      6CF4E33E 
 3071      56A03B34 
 3071      CCF5CB
 3072 05de B7AE5E16 		.ascii	"\267\256^\026\036\341K\021v\2227\220\304n\271\363\013"
 3072      1EE14B11 
 3072      76923790 
 3072      C46EB9F3 
 3072      0B
 3073 05ef AE813212 		.ascii	"\256\2012\022\273\024\351\005l$\016k\004z\014K\035\327"
 3073      BB14E905 
 3073      6C240E6B 
 3073      047A0C4B 
 3073      1DD7
 3074 0601 D15C5C91 		.ascii	"\321\\\\\221\243\365\316\225\305\004v\023O\256<YQ\337"
 3074      A3F5CE95 
 3074      C5047613 
 3074      4FAE3C59 
 3074      51DF
 3075 0613 A892B65B 		.ascii	"\250\222\266[\221\266G\012\304\3079kj\202\344\225\234"
 3075      91B6470A 
 3075      C4C7396B 
 3075      6A82E495 
 3075      9C
 3076 0624 C56EEEA5 		.ascii	"\305n\356\245\371s\303\335\013\371^\026\032\251\315"
 3076      F973C3DD 
 3076      0BF95E16 
 3076      1AA9CD
 3077 0633 570BC303 		.ascii	"W\013\303\003,\336\373\320\230\022I\310\231\376\003"
 3077      2CDEFBD0 
 3077      981249C8 
 3077      99FE03
 3078 0642 69218A96 		.ascii	"i!\212\226}*\317JA\332\304\331>\252}\266><\000\014J"
 3078      7D2ACF4A 
 3078      41DAC4D9 
 3078      3EAA7DB6 
 3078      3E3C000C 
 3079 0657 890C5C4B 		.ascii	"\211\014\\K\015\345\371M\267\265,\230\374\262\267\000"
 3079      0DE5F94D 
 3079      B7B52C98 
 3079      FCB2B700 
ARM GAS  /tmp/cckQkKsc.s 			page 79


 3080 0667 07B8E30E 		.ascii	"\007\270\343\016\021\250 p\220@\271<\256}{\333\316\027"
 3080      11A82070 
 3080      9040B93C 
 3080      AE7D7BDB 
 3080      CE17
 3081 0679 8FAC4EE1 		.ascii	"\217\254N\341\211\257\214\260\234v\300?X\330\300-\224"
 3081      89AF8CB0 
 3081      9C76C03F 
 3081      58D8C02D 
 3081      94
 3082 068a 07F73B28 		.ascii	"\007\367;($~\030il\027\310\0204\277\310\013\243\012"
 3082      247E1869 
 3082      6C17C810 
 3082      34BFC80B 
 3082      A30A
 3083 069c CC34795B 		.ascii	"\3144y[\270\207\260\265\340\200_\000\254\017b\346.\355"
 3083      B887B0B5 
 3083      E0805F00 
 3083      AC0F62E6 
 3083      2EED
 3084 06ae 98B32BCC 		.ascii	"\230\263+\314?\327\037&\001\355\300\016\205K\267\356"
 3084      3FD71F26 
 3084      01EDC00E 
 3084      854BB7EE 
 3085 06be 516D2C2A 		.ascii	"Qm,*\025\271G$?\357\270]\336\024\2129\226\3415f\300"
 3085      15B94724 
 3085      3FEFB85D 
 3085      DE148A39 
 3085      96E13566 
 3086 06d3 DDDA27F8 		.ascii	"\335\332'\370c\020\376N\205H\027q\021\255\231\022\003"
 3086      6310FE4E 
 3086      85481771 
 3086      11AD9912 
 3086      03
 3087 06e4 3550B3A1 		.ascii	"5P\263\241\006\336\213\352\245\023\364$*\334\240\317"
 3087      06DE8BEA 
 3087      A513F424 
 3087      2ADCA0CF 
 3088 06f4 AB86A186 		.ascii	"\253\206\241\206 =!\355:\263!\352\005\206`\216v\304"
 3088      203D21ED 
 3088      3AB321EA 
 3088      0586608E 
 3088      76C4
 3089 0706 0497C6BC 		.ascii	"\004\227\306\274\360\255v\235\213d\3749r\374\004\374"
 3089      F0AD769D 
 3089      8B64FC39 
 3089      72FC04FC 
 3090 0716 6DD7D580 		.ascii	"m\327\325\200\031{M\326\350\207b\255]g\350\2459\213"
 3090      197B4DD6 
 3090      E88762AD 
 3090      5D67E8A5 
 3090      398B
 3091 0728 B4E65A32 		.ascii	"\264\346Z2\377C\334\352\033\314\343\330\216q\202^\377"
 3091      FF43DCEA 
 3091      1BCCE3D8 
 3091      8E71825E 
 3091      FF
ARM GAS  /tmp/cckQkKsc.s 			page 80


 3092 0739 5E781526 		.ascii	"^x\025&\310\317\361<\252/*x\313\320\256\013G\021Q\346"
 3092      C8CFF13C 
 3092      AA2F2A78 
 3092      CBD0AE0B 
 3092      471151E6 
 3093 074d 1143CD23 		.ascii	"\021C\315#\302k \310l6DF\011H\302<n\334\004b@\311\032"
 3093      C26B20C8 
 3093      6C364446 
 3093      0948C23C 
 3093      6EDC0462 
 3094 0764 7D0D8CA3 		.ascii	"}\015\214\243\020:\316\325\322\361\266!\310\020\374"
 3094      103ACED5 
 3094      D2F1B621 
 3094      C810FC
 3095 0773 DE882841 		.ascii	"\336\210(A0\013\237\023\224K\007\334\177\240C\235f\345"
 3095      300B9F13 
 3095      944B07DC 
 3095      7FA0439D 
 3095      66E5
 3096 0785 1520CA40 		.ascii	"\025 \312@\306\021\372\247v<\234\0222\002\2278\215>"
 3096      C611FAA7 
 3096      763C9C12 
 3096      32029738 
 3096      8D3E
 3097 0797 34145CF8 		.ascii	"4\024\\\370\0106\376\311<y\234Ah\327\021\374\024\251"
 3097      0836FEC9 
 3097      3C799C41 
 3097      68D711FC 
 3097      14A9
 3098 07a9 C1351394 		.ascii	"\3015\023\224\236\006\314tp\355w\350m\376\037\373\001"
 3098      9E06CC74 
 3098      70ED77E8 
 3098      6DFE1FFB 
 3098      01
 3099 07ba F907D82B 		.ascii	"\371\007\330+H\347x\267\032\336\316\317\2352\232A\244"
 3099      48E778B7 
 3099      1ADECECF 
 3099      9D329A41 
 3099      A4
 3100 07cb 56CF43AE 		.ascii	"V\317C\2563"
 3100      33
 3101 07d0 0091E510 		.ascii	"\000\221\345\020\3718\010R\037Y\011\373U\011\367@@\206"
 3101      F9380852 
 3101      1F5909FB 
 3101      5509F740 
 3101      4086
 3102 07e2 B8E5487D 		.ascii	"\270\345H}d\200\247\257\\e:8\230\250\373\360~^\304\025"
 3102      6480A7AF 
 3102      5C653A38 
 3102      98A8FBF0 
 3102      7E5EC415 
 3103 07f6 918247AC 		.ascii	"\221\202G\254\233\222 \275`\334d\037\272\374\217Vt\233"
 3103      9B9220BD 
 3103      60DC641F 
 3103      BAFC8F56 
 3103      749B
 3104 0808 ABFFD2A3 		.ascii	"\253\377\322\243\233Z\030\2321A\000z\212\007\251\357"
ARM GAS  /tmp/cckQkKsc.s 			page 81


 3104      9B5A189A 
 3104      3141007A 
 3104      8A07A9EF 
 3105 0818 DA957CB9 		.ascii	"\332\225|\271\374X\010\177\307\354}\214\315\377\352"
 3105      FC58087F 
 3105      C7EC7D8C 
 3105      CDFFEA
 3106 0827 F24DBFE2 		.ascii	"\362M\277\342\015\230\206\217\363\206\201\014W(o\301"
 3106      0D98868F 
 3106      F386810C 
 3106      57286FC1 
 3107 0837 047882B5 		.ascii	"\004x\202\265\324U\\m\013s'\215\032\326r;m\347_x\003"
 3107      D4555C6D 
 3107      0B73278D 
 3107      1AD6723B 
 3107      6DE75F78 
 3108 084c 9E9C4EB2 		.ascii	"\236\234N\262\206\013\235\351\327B=Y\004\367Y\3564r"
 3108      860B9DE9 
 3108      D7423D59 
 3108      04F759EE 
 3108      3472
 3109 085e 1A2D3C25 		.ascii	"\032-<%\205wOsZ\267\376\203\325\253]}\375]9%\277=\222"
 3109      85774F73 
 3109      5AB7FE83 
 3109      D5AB5D7D 
 3109      FD5D3925 
 3110 0875 E2CA6301 		.ascii	"\342\312c\001\207\0208*\2474<\361 \276\232@\025\371"
 3110      8710382A 
 3110      A7343CF1 
 3110      20BE9A40 
 3110      15F9
 3111 0887 E2DC3B34 		.ascii	"\342\334;4M\373\2236\234\365\265\341\234\237\015\347"
 3111      4DFB9336 
 3111      9CF5B5E1 
 3111      9C9F0DE7 
 3112 0897 59CBB5B9 		.ascii	"Y\313\265\271\305\213\275O\227\002\\P\022\351\335\216"
 3112      C58BBD4F 
 3112      97025C50 
 3112      12E9DD8E 
 3113 08a7 139921DE 		.ascii	"\023\231!\336\231\026'\262\012\320\260\265\374\242j"
 3113      991627B2 
 3113      0AD0B0B5 
 3113      FCA26A
 3114 08b6 9B5EAF4C 		.ascii	"\233^\257L\336\006\311\272\003\367v\227I\207\250\006"
 3114      DE06C9BA 
 3114      03F77697 
 3114      4987A806 
 3115 08c6 02754C65 		.ascii	"\002uLe\333\325\214\274\340@>\271\2046^\224z=X\230Y"
 3115      DBD58CBC 
 3115      E0403EB9 
 3115      84365E94 
 3115      7A3D5898 
 3116 08db 3F84F9A4 		.ascii	"?\204\371\244(k.&&\334\365\2704\370\035j=\016\251\365"
 3116      286B2E26 
 3116      26DCF5B8 
 3116      34F81D6A 
 3116      3D0EA9F5 
ARM GAS  /tmp/cckQkKsc.s 			page 82


 3117 08ef 3864F7DB 		.ascii	"8d\367\3334W\313\026i-\237\012:^c\204g\321\"\356\250"
 3117      3457CB16 
 3117      692D9F0A 
 3117      3A5E6384 
 3117      67D122EE 
 3118 0904 87972E56 		.ascii	"\207\227.Vi\015.\337\375\3145\2028LHW\011\\a\274:\016"
 3118      690D2EDF 
 3118      FDCC3582 
 3118      384C4857 
 3118      095C61BC 
 3119 091a 0DCCE044 		.ascii	"\015\314\340D\257\023\356\317\025Y\005=z\336\200\034"
 3119      AF13EECF 
 3119      1559053D 
 3119      7ADE801C 
 3120 092a 9B18A2A8 		.ascii	"\233\030\242\250\252\376\034\015\260\303\271\211\\n"
 3120      AAFE1C0D 
 3120      B0C3B989 
 3120      5C6E
 3121 0938 48C4D3BA 		.ascii	"H\304\323\272\006\346\301\007\2531;_\357\311\271<\342"
 3121      06E6C107 
 3121      AB313B5F 
 3121      EFC9B93C 
 3121      E2
 3122 0949 484A4E14 		.ascii	"HJN\024~\206F\017\357F>}\350-\316,\220\367o)\316=\\"
 3122      7E86460F 
 3122      EF463E7D 
 3122      E82DCE2C 
 3122      90F76F29 
 3123 0960 9ADA221D 		.ascii	"\232\332\"\035\034*\335\336\307uT\005h]U]\036\254x\377"
 3123      1C2ADDDE 
 3123      C7755405 
 3123      685D555D 
 3123      1EAC78FF 
 3124 0974 B6E2FD3B 		.ascii	"\266\342\375;\022\235\227w\027\017\347&\334\221l\312"
 3124      129D9777 
 3124      170FE726 
 3124      DC916CCA 
 3125 0984 3F73BD4F 		.ascii	"?s\275O\033\310\367\255h\302]\251O~FA\261\206\233\320"
 3125      1BC8F7AD 
 3125      68C25DA9 
 3125      4F7E4641 
 3125      B1869BD0 
 3126 0998 97DD98AF 		.ascii	"\227\335\230\257[\347\252\"\370\031Z<&\264H&\364i\177"
 3126      5BE7AA22 
 3126      F8195A3C 
 3126      26B44826 
 3126      F4697F
 3127 09ab 7225BDC7 		.ascii	"r%\275\307\274\226\\^\335\243q\317\212\373\254ee\331"
 3127      BC965C5E 
 3127      DDA371CF 
 3127      8AFBAC65 
 3127      65D9
 3128 09bd F54581D6 		.ascii	"\365E\201\326\326N$\321!\221H\356k\334\250\343$\326"
 3128      D64E24D1 
 3128      219148EE 
 3128      6BDCA8E3 
 3128      24D6
ARM GAS  /tmp/cckQkKsc.s 			page 83


 3129 09cf A40FE46A 		.ascii	"\244\017\344j9\211N\002\355\036\022\355\022\211t\035"
 3129      39894E02 
 3129      ED1E12ED 
 3129      1289741D 
 3130 09df 43E76C1C 		.ascii	"C\347l\034xep\007\031c\261\366\306\276\376\340\000\032"
 3130      78657007 
 3130      1963B1F6 
 3130      C6BEFEE0 
 3130      001A
 3131 09f1 BA51C343 		.ascii	"\272Q\303CI\303\2613\031\273\202\230\206\322\275m9\337"
 3131      49C3B133 
 3131      19BB8298 
 3131      86D2BD6D 
 3131      39DF
 3132 0a03 7205DD04 		.ascii	"r\005\335\004\272<\012\272\270\002\276\367\253\024\350"
 3132      BA3C0ABA 
 3132      B802BEF7 
 3132      AB14E8
 3133 0a12 2A9D54FD 		.ascii	"*\235T\375\214\346p\215\017\233\263\012T\033\353\027"
 3133      8CE6708D 
 3133      0F9BB30A 
 3133      541BEB17 
 3134 0a22 CAC1E829 		.ascii	"\312\301\350)\333\257\344\351\004Z\314\201\307\237\234"
 3134      DBAFE4E9 
 3134      045ACC81 
 3134      C79F9C
 3135 0a31 5E11E4BF 		.ascii	"^\021\344\277\231\356So\246\271\3441\264B\326\021E\217"
 3135      99EE536F 
 3135      A6B9E431 
 3135      B442D611 
 3135      458F
 3136 0a43 63F7B3BC 		.ascii	"c\367\263\274\373\321\315}\367}.v^c\312\227Y\322K\034"
 3136      FBD1CD7D 
 3136      F77D2E76 
 3136      5E63CA97 
 3136      59D24B1C 
 3137 0a57 945FD49B 		.ascii	"\224_\324\233\251\363\006\271\250\007\204\200M\217\312"
 3137      A9F306B9 
 3137      A8078480 
 3137      4D8FCA
 3138 0a66 E705296C 		.ascii	"\347\005)lq\015w\263M\246\014\240\0318\270\3552\211"
 3138      710D77B3 
 3138      4DA60CA0 
 3138      1938B8ED 
 3138      3289
 3139 0a78 E05731D2 		.ascii	"\340W1\322\252-\323D])\224\361L\245\236C\364sQ\332\347"
 3139      AA2DD344 
 3139      5D2994F1 
 3139      4CA59E43 
 3139      F47351DA 
 3140 0a8d 2653B60D 		.ascii	"&S\266\015H\241>\333\000v\317\362\344\351VM\204\237"
 3140      48A13EDB 
 3140      0076CFF2 
 3140      E4E9564D 
 3140      849F
 3141 0a9f 30E4A412 		.ascii	"0\344\244\022F\233\321\310[X\356a\351\306\362L2\370"
 3141      469BD1C8 
ARM GAS  /tmp/cckQkKsc.s 			page 84


 3141      5B58EE61 
 3141      E9C6F24C 
 3141      32F8
 3142 0ab1 6E7D86CF 		.ascii	"n}\206\317=\304\002\012\351\324c\313\361g\005\352sp"
 3142      3DC4020A 
 3142      E9D463CB 
 3142      F16705EA 
 3142      7370
 3143 0ac3 BAA27F21 		.ascii	"\272\242\177!\212\245\251z\201.\304\262L\317/-z\267"
 3143      8AA5A97A 
 3143      812EC4B2 
 3143      4CCF2F2D 
 3143      7AB7
 3144 0ad5 DD080B70 		.ascii	"\335\010\013pi\001K(\277\266`\351\250mM\256j\027\227"
 3144      69014B28 
 3144      BFB660E9 
 3144      A86D4DAE 
 3144      6A1797
 3145 0ae8 A1C85BCA 		.ascii	"\241\310[\312\344mAY;\261\2240y\303\356\224wl\202\221"
 3145      E46D4159 
 3145      3BB19430 
 3145      79C3EE94 
 3145      776C8291 
 3146 0afc 9123A53F 		.ascii	"\221#\245?\276\361\317mY\365\321Qi\023\366\224\300|"
 3146      BEF1CF6D 
 3146      59F5D151 
 3146      6913F694 
 3146      C07C
 3147 0b0e 0A2B7D3D 		.ascii	"\012+}=\342\353\010\201A\020\236Ea\035\205\265\024V"
 3147      E2EB0881 
 3147      41109E45 
 3147      611D85B5 
 3147      1456
 3148 0b20 53584561 		.ascii	"SXEa=\205\025\024\326P\351L\333\275.\177\031\337ma6"
 3148      3D851514 
 3148      D650E94C 
 3148      DBBD2E7F 
 3148      19DF6D61 
 3149 0b35 5A144028 		.ascii	"Z\024@(#\274\344\244\004YJa\361 z\357o\363HY\036XJ\321"
 3149      23BCE4A4 
 3149      04594A61 
 3149      F1207AEF 
 3149      6FF34859 
 3150 0b4d D93469EB 		.ascii	"\3314i\353\367\234\300\274A\024\315\227\025\305\262"
 3150      F79CC0BC 
 3150      4114CD97 
 3150      15C5B2
 3151 0b5c 2BAE807A 		.ascii	"+\256\200z\236+z2\007\021\262K\026\262\220BZ\000\010"
 3151      9E2B7A32 
 3151      0711B24B 
 3151      16B29042 
 3151      5A0008
 3152 0b6f 3F5F8DE1 		.ascii	"?_\215\341\023`\004\355\320\263\367wa\000\370\003\003"
 3152      136004ED 
 3152      D0B3F777 
 3152      6100F803 
 3152      03
ARM GAS  /tmp/cckQkKsc.s 			page 85


 3153 0b80 840FE7FE 		.ascii	"\204\017\347\376\233s6IG^\325\0219\227!\320\235\233"
 3153      9B733649 
 3153      475ED511 
 3153      399721D0 
 3153      9D9B
 3154 0b92 286CA45C 		.ascii	"(l\244\\J\024\355\303\021{\315\273<\334}\275-\314\267"
 3154      4A14EDC3 
 3154      117BCDBB 
 3154      3CDC7DBD 
 3154      2DCCB7
 3155 0ba5 CB367517 		.ascii	"\3136u\027\372c0\206L0\0037=\337Y\357\007\336\356\005"
 3155      FA633086 
 3155      4C300337 
 3155      3DDF59EF 
 3155      07DEEE05 
 3156 0bb9 5E81E075 		.ascii	"^\201\340u\034\274s\337\302\315\032\357H\335E\241@\216"
 3156      1CBC73DF 
 3156      C2CD1AEF 
 3156      48DD45A1 
 3156      408E
 3157 0bcb 54BA8383 		.ascii	"T\272\203\203r\252\313\317\372\314\337B\005\204\200"
 3157      72AACBCF 
 3157      FACCDF42 
 3157      058480
 3158 0bda 8CEB0F54 		.ascii	"\214\353\017T7{E\212W\212Y\364\225\241\266J,G\261\234"
 3158      377B458A 
 3158      578A59F4 
 3158      95A1B64A 
 3158      2C47B19C 
 3159 0bee E002D31E 		.ascii	"\340\002\323\036v\014\367\226WBa\237\"/{\371\366\034"
 3159      760CF796 
 3159      5742619F 
 3159      222F7BF9 
 3159      F61C
 3160 0c00 5562DAA7 		.ascii	"Ub\332\247\010\334\317\004\3263!\232\344\222S\235\301"
 3160      08DCCF04 
 3160      D633219A 
 3160      E492539D 
 3160      C1
 3161 0c11 01A67B29 		.ascii	"\001\246{)\2052\036\232\007\334\323=\243\2608S{\000"
 3161      85321E9A 
 3161      07DCD33D 
 3161      A3B03853 
 3161      7B00
 3162 0c23 0F7E69EF 		.ascii	"\017~i\357\240\000\330\313\001~\0037\014B\245\253G\201"
 3162      A000D8CB 
 3162      017E0337 
 3162      0C42A5AB 
 3162      4781
 3163 0c35 AE340874 		.ascii	"\2564\010t\015\226\215\006~\205Z\321\351\362\311L\207"
 3163      0D968D06 
 3163      7E855AD1 
 3163      E9F2C94C 
 3163      87
 3164 0c46 5181DB47 		.ascii	"Q\201\333G{8\250u\373\361N\237\033\356#\012\210\255"
 3164      7B38A875 
 3164      FBF14E9F 
ARM GAS  /tmp/cckQkKsc.s 			page 86


 3164      1BEE230A 
 3164      88AD
 3165 0c58 BB95172B 		.ascii	"\273\225\027+T\327\006U\012\203j\236\276\364\005+N\265"
 3165      54D70655 
 3165      0A836A9E 
 3165      BEF4052B 
 3165      4EB5
 3166 0c6a EBD9591C 		.ascii	"\353\331Y\0341\245\215+\013Rt|>V\363\014u,@\274\312"
 3166      31A58D2B 
 3166      0B52747C 
 3166      3E56F30C 
 3166      752C40BC 
 3167 0c7f 67938314 		.ascii	"g\223\203\024\312)\247t\214\233}\224\302q\012'd\343"
 3167      CA29A774 
 3167      8C9B7D94 
 3167      C2710A27 
 3167      64E3
 3168 0c91 8B0AE543 		.ascii	"\213\012\345C\021\312\351\365\223#\037\212J\345\213"
 3168      11CAE9F5 
 3168      93231F8A 
 3168      4AE58B
 3169 0ca0 70E9B4AE 		.ascii	"p\351\264\256\302\310\207+v\203_\324+\035W\275\265\036"
 3169      C2C8872B 
 3169      76835FD4 
 3169      2B1D57BD 
 3169      B51E
 3170 0cb2 09A0959E 		.ascii	"\011\240\225\236`\036\321\267\275\316k\011ci\306\305"
 3170      601ED1B7 
 3170      BDCE6B09 
 3170      6369C6C5 
 3171 0cc2 33CC912B 		.ascii	"3\314\221+#\345\0143\227\302I\012\247\177\312\"\201"
 3171      23E50C33 
 3171      97C2490A 
 3171      A77FCA22 
 3171      81
 3172 0cd3 41107E8A 		.ascii	"A\020~\212B-\2053rJ)\272\276E\272\335\252\241p\210K"
 3172      422D8533 
 3172      724A29BA 
 3172      BE45BADD 
 3172      AAA17088 
 3173 0ce8 71A3950B 		.ascii	"q\243\225\013\260F\031\"\335\345!\304\373.\217\217u"
 3173      B0461922 
 3173      DDE521C4 
 3173      FB2E8F8F 
 3173      75
 3174 0cf9 8D34572B 		.ascii	"\2154W+5\364\014c\373\301\253=\033\226\270\357B\224"
 3174      35F40C63 
 3174      FBC1AB3D 
 3174      1B96B8EF 
 3174      4294
 3175 0d0b 3FE6C00D 		.ascii	"?\346\300\015'~t\015\235\023\012;(\344Sh\240|B\011\220"
 3175      277E740D 
 3175      9D130A3B 
 3175      28E45368 
 3175      A07C4209 
 3176 0d20 4D95B3E9 		.ascii	"M\225\263\351s%\373<#\014\342\266\254\227x\222K\323"
 3176      7325FB3C 
ARM GAS  /tmp/cckQkKsc.s 			page 87


 3176      230CE2B6 
 3176      AC977892 
 3176      4BD3
 3177 0d32 16E95F07 		.ascii	"\026\351_\007(Tp)~\264e\343\317Q8K\371\345v\0037\277"
 3177      28547029 
 3177      7EB465E3 
 3177      CF51384B 
 3177      F9E57603 
 3178 0d48 9EC2150A 		.ascii	"\236\302\025\012\315\024\256Rh\242\320B\241\216\302"
 3178      CD14AE52 
 3178      68A2D042 
 3178      A18EC2
 3179 0d57 4D0AD730 		.ascii	"M\012\3270OQh\244p\211\302\005\0127(\\\244pY\036\365"
 3179      4F5168A4 
 3179      7089C205 
 3179      0A37285C 
 3179      A470591E 
 3180 0d6c EE853B96 		.ascii	"\356\205;\226\271G\264\307\213\321c\017\243\242\216"
 3180      B947B4C7 
 3180      8BD1630F 
 3180      A3A28E
 3181 0d7b 7C8F9B5E 		.ascii	"|\217\233^r\214\333M/\210'\337\255=\355N\232\347\251"
 3181      728CDB4D 
 3181      2F8827DF 
 3181      AD3DED4E 
 3181      9AE7A9
 3182 0d8e 9F18F9E6 		.ascii	"\237\030\371\346\264IN\3628\256\257\274t\365+\240\242"
 3182      B4494EF2 
 3182      38AEAFBC 
 3182      74F52BA0 
 3182      A2
 3183 0d9f 7B732517 		.ascii	"{s%\027\341\314\333\343%Iu\306\357~yL\222TL\331]\256"
 3183      E1CCDBE3 
 3183      254975C6 
 3183      EF7E794C 
 3183      92544CD9 
 3184 0db5 0AB44961 		.ascii	"\012\264IaT\270mYX\021\256\302\233)\344\370\016\307"
 3184      54B86D59 
 3184      5811AEC2 
 3184      9B29E4F8 
 3184      0EC7
 3185 0dc7 062A8DBF 		.ascii	"\006*\215\277<\034\230\236\177\244~\204\344\325\340"
 3185      3C1C989E 
 3185      7FA47E84 
 3185      E4D5E0
 3186 0dd6 84A44ABA 		.ascii	"\204\244J\272\010\362U%\217\353\374tI\020\256\211O\374"
 3186      08F25525 
 3186      8FEBFC74 
 3186      4910AE89 
 3186      4FFC
 3187 0de8 C75526BD 		.ascii	"\307U&\275]&\224Ga\253/\241-\022\241.% wS\265\247U\267"
 3187      5D269447 
 3187      61AB2FA1 
 3187      2D12A12E 
 3187      25207753 
 3188 0e00 6A5932A1 		.ascii	"jY2\241l\002;\275HsA|\016&\227\274nS\337@\313\241\322"
 3188      6C023BBD 
ARM GAS  /tmp/cckQkKsc.s 			page 88


 3188      4873417C 
 3188      0E2697BC 
 3188      6E53DF40 
 3189 0e17 F1AF870A 		.ascii	"\361\257\207\012\012\255<^\266HusqKQ|\233J\267\224<"
 3189      0AAD3C5E 
 3189      B6487573 
 3189      714B517C 
 3189      9B4AB794 
 3190 0e2c BF751EBB 		.ascii	"\277u\036\273w&\314\177\013x\207z\337\247\326\326\354"
 3190      7726CC7F 
 3190      0B78877A 
 3190      DFA7D6D6 
 3190      EC
 3191 0e3d E9525D46 		.ascii	"\351R]Fv*\233\371V\236\345HIW\177Q\220\347\034\203\023"
 3191      762A9BF9 
 3191      569EE548 
 3191      49577F51 
 3191      90E71C83 
 3192 0e52 D1FDBD0D 		.ascii	"\321\375\275\015-\211\2061\354\3526\367\305A:L2\363"
 3192      2D898631 
 3192      ECEA36F7 
 3192      C5413A4C 
 3192      32F3
 3193 0e64 7B58403C 		.ascii	"{X@<\033\337v\312a\322\004\326\"r[\331\374\323\301\201"
 3193      1BDF76CA 
 3193      61D204D6 
 3193      22725BD9 
 3193      FCD3C181 
 3194 0e78 84DDE7C2 		.ascii	"\204\335\347\302\356Q\216\324\361\231\376\031\342\353"
 3194      EE518ED4 
 3194      F199FE19 
 3194      E2EB
 3195 0e86 6FB75685 		.ascii	"o\267V\205\253%wR\350`\356}@y\037F\360\340\341\315\231"
 3195      AB257752 
 3195      E860EE7D 
 3195      40791F46 
 3195      F0E0E1CD 
 3196 0e9b 3AC58256 		.ascii	":\305\202V\305\202.\011\220\363\242\355\261\352\274"
 3196      C5822E09 
 3196      90F3A2ED 
 3196      B1EABC
 3197 0eaa 7253013C 		.ascii	"rS\001<d\213\3235\\7\356q\227\245WU\257c\377\322\006"
 3197      648BD335 
 3197      5C37EE71 
 3197      97A55755 
 3197      AF63FFD2 
 3198 0ebf 8FA48E19 		.ascii	"\217\244\216\031\363\033>\341\373\373\273\224\357\357"
 3198      F31B3EE1 
 3198      FBFBBB94 
 3198      EFEF
 3199 0ecd AF2ECA4A 		.ascii	"\257.\312J\323\0058\211\365\"\231\036\354\362A\006\036"
 3199      D3053889 
 3199      F522991E 
 3199      ECF24106 
 3199      1E
 3200 0ede A76FEC2F 		.ascii	"\247o\354/~9\252\232\037\2473j\010~\203niM\201\307\024"
 3200      7E39AA9A 
ARM GAS  /tmp/cckQkKsc.s 			page 89


 3200      1FA7336A 
 3200      087E836E 
 3200      694D81C7 
 3201 0ef3 9EB037F7 		.ascii	"\236\2607\367\021r\335pZ\021\302\377\035\265|\361iC"
 3201      1172DD70 
 3201      5A11C2FF 
 3201      1DB57CF1 
 3201      6943
 3202 0f05 00B9CF10 		.ascii	"\000\271\317\020j\223\305n8\364\350\342\330*I\354\037"
 3202      6A93C56E 
 3202      38F4E8E2 
 3202      D82A49EC 
 3202      1F
 3203 0f16 F10B3C95 		.ascii	"\361\013<\225W*\350cu\267\3149\303\351\343\020?[\270"
 3203      572AE863 
 3203      75B7CC39 
 3203      C3E9E310 
 3203      3F5BB8
 3204 0f29 848CC2A5 		.ascii	"\204\214\302\245ku\345\270\250\316u\271\222?b\322\341"
 3204      6B75E5B8 
 3204      A8CE75B9 
 3204      923F62D2 
 3204      E1
 3205 0f3a B9CCEC05 		.ascii	"\271\314\354\005\205\227\354\315-%s8\355\017q\353\255"
 3205      8597ECCD 
 3205      2D257338 
 3205      ED0F71EB 
 3205      AD
 3206 0f4b BBE2A5B7 		.ascii	"\273\342\245\267\337\255\367\025\253\273{\\\374\005"
 3206      DFADF715 
 3206      ABBB7B5C 
 3206      FC05
 3207 0f59 9D1F3AA8 		.ascii	"\235\037:\250\336b\037\275\257e\275\003\024\360\204"
 3207      DE621FBD 
 3207      AF65BD03 
 3207      14F084
 3208 0f68 FDDA2365 		.ascii	"\375\332#e\301p\224\260jE\366\337\225\321\352VFk\016"
 3208      C17094B0 
 3208      6A45F6DF 
 3208      95D1EA56 
 3208      466B0E
 3209 0f7b 1B0B6D9C 		.ascii	"\033\013m\234%\306lqh\2469,\226 {L\254\305\371\221\030"
 3209      25C66C71 
 3209      68A6392C 
 3209      96207B4C 
 3209      ACC5F991 
 3210 0f90 6775988D 		.ascii	"gu\230\215\366\030\2078;zR\234u\252\365/"
 3210      F6188738 
 3210      3B7A529C 
 3210      75AAF52F 
 3211 0fa0 53A26DCE 		.ascii	"S\242m\316h\207\030\355t\230\242Mq\346\331\2111\011"
 3211      688718ED 
 3211      7498A24D 
 3211      71E6D989 
 3211      3109
 3212 0fb2 56D36893 		.ascii	"V\323h\223\376\213?\377m\304\244\261\237\012o\251\032"
 3212      FE8B3FFF 
ARM GAS  /tmp/cckQkKsc.s 			page 90


 3212      6DC4A4B1 
 3212      9F0A6FA9 
 3212      1A
 3213 0fc3 478F1D6F 		.ascii	"G\217\035o\236\372\237c\306\214\027\264N\353?,FQ\223"
 3213      9EFA9F63 
 3213      C68C17B4 
 3213      4EEB3F2C 
 3213      465193
 3214 0fd6 68992586 		.ascii	"h\231%\206\240\032\273Q\322\025\246\252\033\305_E\307"
 3214      A01ABB51 
 3214      D215A6AA 
 3214      1BC55F45 
 3214      C7
 3215 0fe7 D9122CD1 		.ascii	"\331\022,\321\326\230\304\350\377\266\231\222\022,\211"
 3215      D698C4E8 
 3215      FFB69992 
 3215      122C89
 3216 0ff6 A233FAF7 		.ascii	"\2423\372\367\223\277\371\31285"
 3216      93BFF9CA 
 3216      3835
 3217 1000 263E26D1 		.ascii	"&>&\321d\021\306\015B\310\346\214\267N\215\266&\232"
 3217      6411C60D 
 3217      42C8E68C 
 3217      B74E8DB6 
 3217      269A
 3218 1012 E293CC16 		.ascii	"\342\223\314\026\344\225`I`\222\235\243\343\004M\222"
 3218      E4956049 
 3218      60929DA3 
 3218      E3044D92 
 3219 1022 D362D630 		.ascii	"\323b\3260\375\032\326\024\202\237l\216\331L\247=LU"
 3219      FD1AD614 
 3219      829F6C8E 
 3219      D94CA73D 
 3219      4C55
 3220 1034 378A7ABB 		.ascii	"7\212z\273\3036\303\312Has\254E\234\226\224h\032g\024"
 3220      C336C3CA 
 3220      486173AC 
 3220      459C9694 
 3220      681A6714 
 3221 1048 6982382B 		.ascii	"i\2028+\31063\321\342\0106\305\031\3058\007\222\325"
 3221      C83633D1 
 3221      E20836C5 
 3221      19C53807 
 3221      92D5
 3222 105a 4B0FA318 		.ascii	"K\017\243\030\364C\222%\311\242\307\017\274bpW\320T"
 3222      F4439225 
 3222      C9A2C70F 
 3222      BC627057 
 3222      D054
 3223 106c BBC332E3 		.ascii	"\273\3032\343\267\203\373O\341\032ou\212\214(\223\222"
 3223      B783FB4F 
 3223      E11A6F75 
 3223      8A8C2893 
 3223      92
 3224 107d 90245A66 		.ascii	"\220$Zf\351\370\257Q\374\315\317\351\215\354\230\221"
 3224      E9F8AF51 
 3224      FCCDCFE9 
ARM GAS  /tmp/cckQkKsc.s 			page 91


 3224      8DEC9891 
 3225 108d A6B81887 		.ascii	"\246\270\030\207N\264;\2546\243\250\343\324\221\034"
 3225      4EB43BAC 
 3225      36A3A8E3 
 3225      D4911C
 3226 109c 7BD835AC 		.ascii	"{\3305\254Q3\323\222h68\305\3511\361\326\330D\3744s"
 3226      5133D392 
 3226      683638C5 
 3226      E931F1D6 
 3226      D844FC34 
 3227 10b1 6A8CD3A2 		.ascii	"j\214\323\242\301q\262\320\030G\354\350\237\243I\262"
 3227      C171B2D0 
 3227      1847ECE8 
 3227      9FA349B2 
 3228 10c1 99318D90 		.ascii	"\2311\215\220\3157[\234&\207\325.\332p\354\202\270\344"
 3228      CD375B9C 
 3228      2687D52E 
 3228      DA70EC82 
 3228      B8E4
 3229 10d3 10DBD4FF 		.ascii	"\020\333\324\377\265\230D#sw\210\335f\213\227\3076T"
 3229      B5984423 
 3229      737788DD 
 3229      668B97C7 
 3229      3654
 3230 10e5 71A951FC 		.ascii	"q\251Q\374'\006\221\211`\032\335#\305E\212t\354'Bx\214"
 3230      27069189 
 3230      601ADD23 
 3230      C5458A74 
 3230      EC274278 
 3231 10fa 2361C6A7 		.ascii	"#a\306\247\226Q\011\037O\263\2176\333\005\203\311\346"
 3231      9651091F 
 3231      4FB38F36 
 3231      DB0583C9 
 3231      E6
 3232 110b 40AF8D4A 		.ascii	"@\257\215J\370T\2100\305\3755\316<\011)\212\226\317"
 3232      F8548830 
 3232      C5FD35CE 
 3232      3C09298A 
 3232      96CF
 3233 111d 1DB6843F 		.ascii	"\035\266\204?\342\360\276\301\227>\221,\374\302\247"
 3233      E2F0BEC1 
 3233      973E912C 
 3233      FCC2A7
 3234 112c FBD75CF5 		.ascii	"\373\327\\\365d\324\034j\212\233b\212\3736f\272%\311"
 3234      64D41C6A 
 3234      8A9B628A 
 3234      FB3666BA 
 3234      25C9
 3235 113e 3E2528C1 		.ascii	">%(\301\031k\024?\3769\236s\242x4\342-\225\340)IN;\016"
 3235      196B143F 
 3235      FE399E73 
 3235      A27834E2 
 3235      2D95E029 
 3236 1156 89C5FCE5 		.ascii	"\211\305\374\3450S\034#81>\336f\232\310|h1\207\230\342"
 3236      30531C23 
 3236      38313EDE 
 3236      669AC87C 
ARM GAS  /tmp/cckQkKsc.s 			page 92


 3236      68318798 
 3237 116b 983ADEA4 		.ascii	"\230:\336\244Gx<\033B\035\2164\013\025\275\205u\264"
 3237      47783C1B 
 3237      421D8E34 
 3237      0B15BD85 
 3237      75B4
 3238 117d 26C68658 		.ascii	"&\306\206Xf\340\004I\210qN\307\330E2<\360t3c\254\"~"
 3238      66E00449 
 3238      88714EC7 
 3238      D845323C 
 3238      F0743363 
 3239 1194 D4613031 		.ascii	"\324a01t\260\3744\212\220\244\265\314dh\355L\021E\331"
 3239      74B0FC34 
 3239      8A90A4B5 
 3239      CC6468ED 
 3239      4C1145D9 
 3240 11a8 F1E14407 		.ascii	"\361\341D\007\243MF|\306\330\343l\016\213\316\311$:"
 3240      A34D467C 
 3240      C6D8E36C 
 3240      0E8BCEC9 
 3240      243A
 3241 11ba 6383668A 		.ascii	"c\203f\212\242\303>L\036f\207e\232\305a\301\351g\024"
 3241      A2C33E4C 
 3241      1E668765 
 3241      9AC561C1 
 3241      E96714
 3242 11cd B1138EB0 		.ascii	"\261\023\216\260]o\231e\025M6\263E\3530\317F\374\317"
 3242      5D6F9965 
 3242      154D36B3 
 3242      45EB30CF 
 3242      46FCCF
 3243 11e0 8A1F2934 		.ascii	"\212\037)4\370\224D\211N\235\310~Y\224\306\307\304\342"
 3243      F8944489 
 3243      4E9DC87E 
 3243      5994C6C7 
 3243      C4E2
 3244 11f2 5B028AC3 		.ascii	"[\002\212\3037\247\210\336\321\213\374\301\364\305\260"
 3244      37A788DE 
 3244      D18BFCC1 
 3244      F4C5B0
 3245 1201 401D8224 		.ascii	"@\035\202$mN\2435\021\233\221G\230\252\216\030\007\267"
 3245      6D4EA335 
 3245      119B9147 
 3245      98AA8E18 
 3245      07B7
 3246 1213 9C9AC459 		.ascii	"\234\232\304Y\304i\307\250s\210\370U\304\327P^7\331"
 3246      C469C7A8 
 3246      7388F855 
 3246      C4D7505E 
 3246      37D9
 3247 1225 123130C4 		.ascii	"\02210\304\337\015\302\321dKH\260%F3\2503z\3427_\317"
 3247      DF0DC2D1 
 3247      644B48B0 
 3247      254633A8 
 3247      337AE237 
 3248 123b F874D4D7 		.ascii	"\370t\324\327\310\026\303\311\202Ti\234\331\241\265"
 3248      C816C3C9 
ARM GAS  /tmp/cckQkKsc.s 			page 93


 3248      8254699C 
 3248      D9A1B5
 3249 124a 7305FF86 		.ascii	"s\005\377\206$\330@8\254\342li\226G\370\265\340\274"
 3249      24D84038 
 3249      ACE26C69 
 3249      9647F8B5 
 3249      E0BC
 3250 125c 67DE0EE2 		.ascii	"g\336\016\342\201\253OB\032\3431\205\204\031\321\305"
 3250      81AB4F42 
 3250      1AE33185 
 3250      8419D1C5 
 3251 126c A2F1F713 		.ascii	"\242\361\367\023\247\374a\3627_\206\305\304\317\214"
 3251      A7FC61F2 
 3251      375F86C5 
 3251      C4CF8C
 3252 127b 99CD2C88 		.ascii	"\231\315,\210\267&Z\376\360fZH\234\221\212\236\364\365"
 3252      B7265AFE 
 3252      F0665A48 
 3252      9C918A9E 
 3252      F4F5
 3253 128d 942FA744 		.ascii	"\224/\247DOBR\321_\272=\232\340\264:\215\261&\023\322"
 3253      4F4252D1 
 3253      5FBA3D9A 
 3253      E0B43A8D 
 3253      B12613D2 
 3254 12a1 C4619E32 		.ascii	"\304a\2362\333\371\225\3154\375g%\015\347l6\014\301"
 3254      DBF995CD 
 3254      34FD6725 
 3254      0DE76C36 
 3254      0CC1
 3255 12b3 DC3D1863 		.ascii	"\334=\030c\323Cx\367\277%\362:oM\342\365\377\0076\232"
 3255      D34378F7 
 3255      BF25F23A 
 3255      6F4DE2F5 
 3255      FF07369A 
 3256 12c7 C161     		.ascii	"\301a"
 3257              		.text
 3258              		.section	.gnu.lto_.symtab.ed13ae4738a12bf2,"e",%progbits
 3259 0000 63685468 		.ascii	"chThdCreateFromHeap\000"
 3259      64437265 
 3259      61746546 
 3259      726F6D48 
 3259      65617000 
 3260 0014 00       		.ascii	"\000"
 3261 0015 00       		.ascii	"\000"
 3262 0016 00       		.ascii	"\000"
 3263 0017 00000000 		.ascii	"\000\000\000\000\000\000\000\000"
 3263      00000000 
 3264 001f 4C010000 		.ascii	"L\001\000\000"
 3265 0023 63685468 		.ascii	"chThdCreateFromMemoryPool\000"
 3265      64437265 
 3265      61746546 
 3265      726F6D4D 
 3265      656D6F72 
 3266 003d 00       		.ascii	"\000"
 3267 003e 00       		.ascii	"\000"
 3268 003f 00       		.ascii	"\000"
ARM GAS  /tmp/cckQkKsc.s 			page 94


 3269 0040 00000000 		.ascii	"\000\000\000\000\000\000\000\000"
 3269      00000000 
 3270 0048 57010000 		.ascii	"W\001\000\000"
 3271 004c 63685363 		.ascii	"chSchWakeupS\000"
 3271      6857616B 
 3271      65757053 
 3271      00
 3272 0059 00       		.ascii	"\000"
 3273 005a 02       		.ascii	"\002"
 3274 005b 00       		.ascii	"\000"
 3275 005c 00000000 		.ascii	"\000\000\000\000\000\000\000\000"
 3275      00000000 
 3276 0064 60010000 		.ascii	"`\001\000\000"
 3277 0068 63685468 		.ascii	"chThdCreateSuspendedI\000"
 3277      64437265 
 3277      61746553 
 3277      75737065 
 3277      6E646564 
 3278 007e 00       		.ascii	"\000"
 3279 007f 02       		.ascii	"\002"
 3280 0080 00       		.ascii	"\000"
 3281 0081 00000000 		.ascii	"\000\000\000\000\000\000\000\000"
 3281      00000000 
 3282 0089 67010000 		.ascii	"g\001\000\000"
 3283 008d 63684865 		.ascii	"chHeapAllocAligned\000"
 3283      6170416C 
 3283      6C6F6341 
 3283      6C69676E 
 3283      656400
 3284 00a0 00       		.ascii	"\000"
 3285 00a1 02       		.ascii	"\002"
 3286 00a2 00       		.ascii	"\000"
 3287 00a3 00000000 		.ascii	"\000\000\000\000\000\000\000\000"
 3287      00000000 
 3288 00ab 6D010000 		.ascii	"m\001\000\000"
 3289 00af 6368506F 		.ascii	"chPoolAlloc\000"
 3289      6F6C416C 
 3289      6C6F6300 
 3290 00bb 00       		.ascii	"\000"
 3291 00bc 02       		.ascii	"\002"
 3292 00bd 00       		.ascii	"\000"
 3293 00be 00000000 		.ascii	"\000\000\000\000\000\000\000\000"
 3293      00000000 
 3294 00c6 71010000 		.ascii	"q\001\000\000"
 3295              		.text
 3296              		.section	.gnu.lto_.ext_symtab.ed13ae4738a12bf2,"e",%progbits
 3297 0000 01       		.ascii	"\001"
 3298 0001 01       		.ascii	"\001"
 3299 0002 00       		.ascii	"\000"
 3300 0003 01       		.ascii	"\001"
 3301 0004 00       		.ascii	"\000"
 3302 0005 01       		.ascii	"\001"
 3303 0006 00       		.ascii	"\000"
 3304 0007 01       		.ascii	"\001"
 3305 0008 00       		.ascii	"\000"
 3306 0009 01       		.ascii	"\001"
 3307 000a 00       		.ascii	"\000"
ARM GAS  /tmp/cckQkKsc.s 			page 95


 3308 000b 01       		.ascii	"\001"
 3309 000c 00       		.ascii	"\000"
 3310              		.text
 3311              		.section	.gnu.lto_.opts,"e",%progbits
 3312 0000 272D666E 		.ascii	"'-fno-openmp' '-fno-openacc' '-fno-pie' '-fcf-prote"
 3312      6F2D6F70 
 3312      656E6D70 
 3312      2720272D 
 3312      666E6F2D 
 3313 0033 6374696F 		.ascii	"ction=none' '-g' '-mcpu=cortex-m7' '-mthumb' '-mflo"
 3313      6E3D6E6F 
 3313      6E652720 
 3313      272D6727 
 3313      20272D6D 
 3314 0066 61742D61 		.ascii	"at-abi=hard' '-mfpu=fpv5-d16' '-mlibarch=armv7e-m+f"
 3314      62693D68 
 3314      61726427 
 3314      20272D6D 
 3314      6670753D 
 3315 0099 702E6470 		.ascii	"p.dp' '-march=armv7e-m+fp.dp' '-O2' '-fomit-frame-p"
 3315      2720272D 
 3315      6D617263 
 3315      683D6172 
 3315      6D763765 
 3316 00cc 6F696E74 		.ascii	"ointer' '-falign-functions=16' '-ffunction-sections"
 3316      65722720 
 3316      272D6661 
 3316      6C69676E 
 3316      2D66756E 
 3317 00ff 2720272D 		.ascii	"' '-fdata-sections' '-fno-common' '-flto' '-Xassemb"
 3317      66646174 
 3317      612D7365 
 3317      6374696F 
 3317      6E732720 
 3318 0132 6C657227 		.ascii	"ler' '-alms=build/lst/chdynamic.lst'\000"
 3318      20272D61 
 3318      6C6D733D 
 3318      6275696C 
 3318      642F6C73 
 3319              		.text
 3320              		.comm	__gnu_lto_slim,1,1
 3321              		.ident	"GCC: (15:10.3-2021.07-4) 10.3.1 20210621 (release)"
ARM GAS  /tmp/cckQkKsc.s 			page 96


DEFINED SYMBOLS
                            *ABS*:0000000000000000 chdynamic.c
     /tmp/cckQkKsc.s:37     .gnu.debuglto_.debug_info:0000000000000000 chdynamic.c.13db9003
                            *COM*:0000000000000001 __gnu_lto_slim

NO UNDEFINED SYMBOLS
