ARM GAS  /tmp/ccBn30D0.s 			page 1


   1              		.cpu cortex-m7
   2              		.eabi_attribute 28, 1
   3              		.eabi_attribute 20, 1
   4              		.eabi_attribute 21, 1
   5              		.eabi_attribute 23, 3
   6              		.eabi_attribute 24, 1
   7              		.eabi_attribute 25, 1
   8              		.eabi_attribute 26, 1
   9              		.eabi_attribute 30, 2
  10              		.eabi_attribute 34, 1
  11              		.eabi_attribute 18, 4
  12              		.file	"chevents.c"
  13              		.file 1 "/usr/lib/gcc/arm-none-eabi/10.3.1/include/stdint.h"
  14              		.file 2 "third_party/ChibiOS/os/common/ports/ARM-common/chtypes.h"
  15              		.file 3 "third_party/ChibiOS/os/rt/include/chearly.h"
  16              		.file 4 "third_party/ChibiOS/os/rt/include/chobjects.h"
  17              		.file 5 "third_party/ChibiOS/os/rt/include/chrfcu.h"
  18              		.file 6 "third_party/ChibiOS/os/rt/include/chdebug.h"
  19              		.file 7 "third_party/ChibiOS/os/rt/include/chtime.h"
  20              		.file 8 "third_party/ChibiOS/os/rt/include/chlists.h"
  21              		.file 9 "third_party/ChibiOS/os/rt/include/chtrace.h"
  22              		.file 10 "third_party/ChibiOS/os/common/ports/ARMv7-M/chcore.h"
  23              		.file 11 "third_party/ChibiOS/os/rt/include/chsem.h"
  24              		.file 12 "third_party/ChibiOS/os/rt/include/chmtx.h"
  25              		.file 13 "third_party/ChibiOS/os/rt/include/chevents.h"
  26              		.file 14 "third_party/ChibiOS/os/rt/src/chevents.c"
  27              		.file 15 "third_party/ChibiOS/os/rt/include/chsys.h"
  28              		.file 16 "third_party/ChibiOS/os/common/ext/ARM/CMSIS/Core/Include/cmsis_gcc.h"
  29              		.file 17 "third_party/ChibiOS/os/rt/include/chthreads.h"
  30              		.section	.gnu.debuglto_.debug_info,"e",%progbits
  31              	.Ldebug_info0:
  32              		.hidden	chevents.c.a126dee7
  33              		.weak	chevents.c.a126dee7
  34              	chevents.c.a126dee7:
  35 0000 A70F0000 		.4byte	0xfa7
  36 0004 0400     		.2byte	0x4
  37 0006 00000000 		.4byte	.Ldebug_abbrev0
  38 000a 04       		.byte	0x4
  39 000b 01       		.uleb128 0x1
  40 000c A2020000 		.4byte	.LASF155
  41 0010 0C       		.byte	0xc
  42 0011 84010000 		.4byte	.LASF156
  43 0015 56070000 		.4byte	.LASF157
  44 0019 00000000 		.4byte	.Ldebug_line0
  45 001d 02       		.uleb128 0x2
  46 001e 04       		.byte	0x4
  47 001f 05       		.byte	0x5
  48 0020 696E7400 		.ascii	"int\000"
  49 0024 03       		.uleb128 0x3
  50 0025 04       		.byte	0x4
  51 0026 07       		.byte	0x7
  52 0027 58020000 		.4byte	.LASF0
  53 002b 03       		.uleb128 0x3
  54 002c 08       		.byte	0x8
  55 002d 05       		.byte	0x5
  56 002e AD030000 		.4byte	.LASF1
  57 0032 03       		.uleb128 0x3
ARM GAS  /tmp/ccBn30D0.s 			page 2


  58 0033 08       		.byte	0x8
  59 0034 04       		.byte	0x4
  60 0035 58060000 		.4byte	.LASF2
  61 0039 03       		.uleb128 0x3
  62 003a 01       		.byte	0x1
  63 003b 06       		.byte	0x6
  64 003c B4000000 		.4byte	.LASF3
  65 0040 03       		.uleb128 0x3
  66 0041 02       		.byte	0x2
  67 0042 05       		.byte	0x5
  68 0043 C1050000 		.4byte	.LASF4
  69 0047 04       		.uleb128 0x4
  70 0048 7B050000 		.4byte	.LASF6
  71 004c 01       		.byte	0x1
  72 004d 28       		.byte	0x28
  73 004e 18       		.byte	0x18
  74 004f 53000000 		.4byte	0x53
  75 0053 03       		.uleb128 0x3
  76 0054 04       		.byte	0x4
  77 0055 05       		.byte	0x5
  78 0056 19010000 		.4byte	.LASF5
  79 005a 04       		.uleb128 0x4
  80 005b 48070000 		.4byte	.LASF7
  81 005f 01       		.byte	0x1
  82 0060 2E       		.byte	0x2e
  83 0061 18       		.byte	0x18
  84 0062 66000000 		.4byte	0x66
  85 0066 03       		.uleb128 0x3
  86 0067 01       		.byte	0x1
  87 0068 08       		.byte	0x8
  88 0069 83050000 		.4byte	.LASF8
  89 006d 04       		.uleb128 0x4
  90 006e 44010000 		.4byte	.LASF9
  91 0072 01       		.byte	0x1
  92 0073 31       		.byte	0x31
  93 0074 19       		.byte	0x19
  94 0075 79000000 		.4byte	0x79
  95 0079 03       		.uleb128 0x3
  96 007a 02       		.byte	0x2
  97 007b 07       		.byte	0x7
  98 007c 9A030000 		.4byte	.LASF10
  99 0080 04       		.uleb128 0x4
 100 0081 32060000 		.4byte	.LASF11
 101 0085 01       		.byte	0x1
 102 0086 34       		.byte	0x34
 103 0087 19       		.byte	0x19
 104 0088 8C000000 		.4byte	0x8c
 105 008c 03       		.uleb128 0x3
 106 008d 04       		.byte	0x4
 107 008e 07       		.byte	0x7
 108 008f D4000000 		.4byte	.LASF12
 109 0093 04       		.uleb128 0x4
 110 0094 F4040000 		.4byte	.LASF13
 111 0098 01       		.byte	0x1
 112 0099 37       		.byte	0x37
 113 009a 19       		.byte	0x19
 114 009b A4000000 		.4byte	0xa4
ARM GAS  /tmp/ccBn30D0.s 			page 3


 115 009f 05       		.uleb128 0x5
 116 00a0 93000000 		.4byte	0x93
 117 00a4 03       		.uleb128 0x3
 118 00a5 08       		.byte	0x8
 119 00a6 07       		.byte	0x7
 120 00a7 F4000000 		.4byte	.LASF14
 121 00ab 04       		.uleb128 0x4
 122 00ac 42060000 		.4byte	.LASF15
 123 00b0 02       		.byte	0x2
 124 00b1 48       		.byte	0x48
 125 00b2 1D       		.byte	0x1d
 126 00b3 93000000 		.4byte	0x93
 127 00b7 04       		.uleb128 0x4
 128 00b8 53040000 		.4byte	.LASF16
 129 00bc 03       		.byte	0x3
 130 00bd 50       		.byte	0x50
 131 00be 19       		.byte	0x19
 132 00bf AB000000 		.4byte	0xab
 133 00c3 04       		.uleb128 0x4
 134 00c4 13040000 		.4byte	.LASF17
 135 00c8 03       		.byte	0x3
 136 00c9 53       		.byte	0x53
 137 00ca 19       		.byte	0x19
 138 00cb 5A000000 		.4byte	0x5a
 139 00cf 04       		.uleb128 0x4
 140 00d0 5E040000 		.4byte	.LASF18
 141 00d4 03       		.byte	0x3
 142 00d5 54       		.byte	0x54
 143 00d6 19       		.byte	0x19
 144 00d7 5A000000 		.4byte	0x5a
 145 00db 04       		.uleb128 0x4
 146 00dc 52050000 		.4byte	.LASF19
 147 00e0 03       		.byte	0x3
 148 00e1 55       		.byte	0x55
 149 00e2 19       		.byte	0x19
 150 00e3 5A000000 		.4byte	0x5a
 151 00e7 04       		.uleb128 0x4
 152 00e8 64050000 		.4byte	.LASF20
 153 00ec 03       		.byte	0x3
 154 00ed 57       		.byte	0x57
 155 00ee 19       		.byte	0x19
 156 00ef 80000000 		.4byte	0x80
 157 00f3 04       		.uleb128 0x4
 158 00f4 D9030000 		.4byte	.LASF21
 159 00f8 03       		.byte	0x3
 160 00f9 58       		.byte	0x58
 161 00fa 19       		.byte	0x19
 162 00fb 47000000 		.4byte	0x47
 163 00ff 04       		.uleb128 0x4
 164 0100 F2010000 		.4byte	.LASF22
 165 0104 03       		.byte	0x3
 166 0105 59       		.byte	0x59
 167 0106 19       		.byte	0x19
 168 0107 47000000 		.4byte	0x47
 169 010b 04       		.uleb128 0x4
 170 010c 31040000 		.4byte	.LASF23
 171 0110 03       		.byte	0x3
ARM GAS  /tmp/ccBn30D0.s 			page 4


 172 0111 5A       		.byte	0x5a
 173 0112 19       		.byte	0x19
 174 0113 80000000 		.4byte	0x80
 175 0117 04       		.uleb128 0x4
 176 0118 CC030000 		.4byte	.LASF24
 177 011c 03       		.byte	0x3
 178 011d 5B       		.byte	0x5b
 179 011e 19       		.byte	0x19
 180 011f 80000000 		.4byte	0x80
 181 0123 04       		.uleb128 0x4
 182 0124 49020000 		.4byte	.LASF25
 183 0128 03       		.byte	0x3
 184 0129 5C       		.byte	0x5c
 185 012a 19       		.byte	0x19
 186 012b 47000000 		.4byte	0x47
 187 012f 04       		.uleb128 0x4
 188 0130 48050000 		.4byte	.LASF26
 189 0134 03       		.byte	0x3
 190 0135 80       		.byte	0x80
 191 0136 12       		.byte	0x12
 192 0137 24000000 		.4byte	0x24
 193 013b 04       		.uleb128 0x4
 194 013c 77060000 		.4byte	.LASF27
 195 0140 03       		.byte	0x3
 196 0141 85       		.byte	0x85
 197 0142 1A       		.byte	0x1a
 198 0143 47010000 		.4byte	0x147
 199 0147 06       		.uleb128 0x6
 200 0148 BB030000 		.4byte	.LASF42
 201 014c 48       		.byte	0x48
 202 014d 04       		.byte	0x4
 203 014e 9C       		.byte	0x9c
 204 014f 08       		.byte	0x8
 205 0150 2A020000 		.4byte	0x22a
 206 0154 07       		.uleb128 0x7
 207 0155 68647200 		.ascii	"hdr\000"
 208 0159 04       		.byte	0x4
 209 015a AD       		.byte	0xad
 210 015b 05       		.byte	0x5
 211 015c E3070000 		.4byte	0x7e3
 212 0160 00       		.byte	0
 213 0161 07       		.uleb128 0x7
 214 0162 63747800 		.ascii	"ctx\000"
 215 0166 04       		.byte	0x4
 216 0167 B1       		.byte	0xb1
 217 0168 21       		.byte	0x21
 218 0169 4D070000 		.4byte	0x74d
 219 016d 0C       		.byte	0xc
 220 016e 08       		.uleb128 0x8
 221 016f 94070000 		.4byte	.LASF28
 222 0173 04       		.byte	0x4
 223 0174 B6       		.byte	0xb6
 224 0175 21       		.byte	0x21
 225 0176 7A030000 		.4byte	0x37a
 226 017a 10       		.byte	0x10
 227 017b 08       		.uleb128 0x8
 228 017c 52060000 		.4byte	.LASF29
ARM GAS  /tmp/ccBn30D0.s 			page 5


 229 0180 04       		.byte	0x4
 230 0181 BB       		.byte	0xbb
 231 0182 22       		.byte	0x22
 232 0183 F0080000 		.4byte	0x8f0
 233 0187 18       		.byte	0x18
 234 0188 08       		.uleb128 0x8
 235 0189 84030000 		.4byte	.LASF30
 236 018d 04       		.byte	0x4
 237 018e C0       		.byte	0xc0
 238 018f 22       		.byte	0x22
 239 0190 12030000 		.4byte	0x312
 240 0194 1C       		.byte	0x1c
 241 0195 08       		.uleb128 0x8
 242 0196 64060000 		.4byte	.LASF31
 243 019a 04       		.byte	0x4
 244 019b C9       		.byte	0xc9
 245 019c 22       		.byte	0x22
 246 019d F6080000 		.4byte	0x8f6
 247 01a1 20       		.byte	0x20
 248 01a2 08       		.uleb128 0x8
 249 01a3 13010000 		.4byte	.LASF32
 250 01a7 04       		.byte	0x4
 251 01a8 CE       		.byte	0xce
 252 01a9 21       		.byte	0x21
 253 01aa CF000000 		.4byte	0xcf
 254 01ae 24       		.byte	0x24
 255 01af 08       		.uleb128 0x8
 256 01b0 50070000 		.4byte	.LASF33
 257 01b4 04       		.byte	0x4
 258 01b5 D2       		.byte	0xd2
 259 01b6 21       		.byte	0x21
 260 01b7 C3000000 		.4byte	0xc3
 261 01bb 25       		.byte	0x25
 262 01bc 08       		.uleb128 0x8
 263 01bd 5A050000 		.4byte	.LASF34
 264 01c1 04       		.byte	0x4
 265 01c2 D7       		.byte	0xd7
 266 01c3 21       		.byte	0x21
 267 01c4 DB000000 		.4byte	0xdb
 268 01c8 26       		.byte	0x26
 269 01c9 09       		.uleb128 0x9
 270 01ca 7500     		.ascii	"u\000"
 271 01cc 04       		.byte	0x4
 272 01cd 2801     		.2byte	0x128
 273 01cf 21       		.byte	0x21
 274 01d0 11080000 		.4byte	0x811
 275 01d4 28       		.byte	0x28
 276 01d5 0A       		.uleb128 0xa
 277 01d6 EA010000 		.4byte	.LASF35
 278 01da 04       		.byte	0x4
 279 01db 2D01     		.2byte	0x12d
 280 01dd 21       		.byte	0x21
 281 01de 4D030000 		.4byte	0x34d
 282 01e2 2C       		.byte	0x2c
 283 01e3 0A       		.uleb128 0xa
 284 01e4 4F020000 		.4byte	.LASF36
 285 01e8 04       		.byte	0x4
ARM GAS  /tmp/ccBn30D0.s 			page 6


 286 01e9 3301     		.2byte	0x133
 287 01eb 21       		.byte	0x21
 288 01ec 7A030000 		.4byte	0x37a
 289 01f0 30       		.byte	0x30
 290 01f1 0A       		.uleb128 0xa
 291 01f2 DF030000 		.4byte	.LASF37
 292 01f6 04       		.byte	0x4
 293 01f7 3901     		.2byte	0x139
 294 01f9 21       		.byte	0x21
 295 01fa 0B010000 		.4byte	0x10b
 296 01fe 38       		.byte	0x38
 297 01ff 0A       		.uleb128 0xa
 298 0200 08080000 		.4byte	.LASF38
 299 0204 04       		.byte	0x4
 300 0205 4001     		.2byte	0x140
 301 0207 22       		.byte	0x22
 302 0208 EA080000 		.4byte	0x8ea
 303 020c 3C       		.byte	0x3c
 304 020d 0A       		.uleb128 0xa
 305 020e 8A040000 		.4byte	.LASF39
 306 0212 04       		.byte	0x4
 307 0213 4401     		.2byte	0x144
 308 0215 21       		.byte	0x21
 309 0216 E7000000 		.4byte	0xe7
 310 021a 40       		.byte	0x40
 311 021b 0A       		.uleb128 0xa
 312 021c 8F030000 		.4byte	.LASF40
 313 0220 04       		.byte	0x4
 314 0221 4B01     		.2byte	0x14b
 315 0223 22       		.byte	0x22
 316 0224 6C040000 		.4byte	0x46c
 317 0228 44       		.byte	0x44
 318 0229 00       		.byte	0
 319 022a 04       		.uleb128 0x4
 320 022b CB060000 		.4byte	.LASF41
 321 022f 03       		.byte	0x3
 322 0230 8A       		.byte	0x8a
 323 0231 1F       		.byte	0x1f
 324 0232 36020000 		.4byte	0x236
 325 0236 0B       		.uleb128 0xb
 326 0237 BC060000 		.4byte	.LASF43
 327 023b 9008     		.2byte	0x890
 328 023d 04       		.byte	0x4
 329 023e 8A01     		.2byte	0x18a
 330 0240 08       		.byte	0x8
 331 0241 C4020000 		.4byte	0x2c4
 332 0245 0A       		.uleb128 0xa
 333 0246 27070000 		.4byte	.LASF44
 334 024a 04       		.byte	0x4
 335 024b 8E01     		.2byte	0x18e
 336 024d 21       		.byte	0x21
 337 024e 27090000 		.4byte	0x927
 338 0252 00       		.byte	0
 339 0253 0A       		.uleb128 0xa
 340 0254 38000000 		.4byte	.LASF45
 341 0258 04       		.byte	0x4
 342 0259 9201     		.2byte	0x192
ARM GAS  /tmp/ccBn30D0.s 			page 7


 343 025b 21       		.byte	0x21
 344 025c A4070000 		.4byte	0x7a4
 345 0260 10       		.byte	0x10
 346 0261 0A       		.uleb128 0xa
 347 0262 D9060000 		.4byte	.LASF46
 348 0266 04       		.byte	0x4
 349 0267 9901     		.2byte	0x199
 350 0269 21       		.byte	0x21
 351 026a CB070000 		.4byte	0x7cb
 352 026e 28       		.byte	0x28
 353 026f 0A       		.uleb128 0xa
 354 0270 00000000 		.4byte	.LASF47
 355 0274 04       		.byte	0x4
 356 0275 9E01     		.2byte	0x19e
 357 0277 21       		.byte	0x21
 358 0278 2F010000 		.4byte	0x12f
 359 027c 30       		.byte	0x30
 360 027d 0A       		.uleb128 0xa
 361 027e 22000000 		.4byte	.LASF48
 362 0282 04       		.byte	0x4
 363 0283 A401     		.2byte	0x1a4
 364 0285 21       		.byte	0x21
 365 0286 EB020000 		.4byte	0x2eb
 366 028a 34       		.byte	0x34
 367 028b 0A       		.uleb128 0xa
 368 028c 70060000 		.4byte	.LASF49
 369 0290 04       		.byte	0x4
 370 0291 A901     		.2byte	0x1a9
 371 0293 22       		.byte	0x22
 372 0294 9B090000 		.4byte	0x99b
 373 0298 38       		.byte	0x38
 374 0299 0A       		.uleb128 0xa
 375 029a 72000000 		.4byte	.LASF50
 376 029e 04       		.byte	0x4
 377 029f AD01     		.2byte	0x1ad
 378 02a1 21       		.byte	0x21
 379 02a2 3B010000 		.4byte	0x13b
 380 02a6 3C       		.byte	0x3c
 381 02a7 09       		.uleb128 0x9
 382 02a8 64626700 		.ascii	"dbg\000"
 383 02ac 04       		.byte	0x4
 384 02ad B101     		.2byte	0x1b1
 385 02af 21       		.byte	0x21
 386 02b0 29030000 		.4byte	0x329
 387 02b4 84       		.byte	0x84
 388 02b5 0A       		.uleb128 0xa
 389 02b6 22010000 		.4byte	.LASF51
 390 02ba 04       		.byte	0x4
 391 02bb B601     		.2byte	0x1b6
 392 02bd 21       		.byte	0x21
 393 02be DB050000 		.4byte	0x5db
 394 02c2 88       		.byte	0x88
 395 02c3 00       		.byte	0
 396 02c4 04       		.uleb128 0x4
 397 02c5 93040000 		.4byte	.LASF52
 398 02c9 05       		.byte	0x5
 399 02ca 3F       		.byte	0x3f
ARM GAS  /tmp/ccBn30D0.s 			page 8


 400 02cb 12       		.byte	0x12
 401 02cc 80000000 		.4byte	0x80
 402 02d0 06       		.uleb128 0x6
 403 02d1 2F010000 		.4byte	.LASF53
 404 02d5 04       		.byte	0x4
 405 02d6 05       		.byte	0x5
 406 02d7 44       		.byte	0x44
 407 02d8 10       		.byte	0x10
 408 02d9 EB020000 		.4byte	0x2eb
 409 02dd 08       		.uleb128 0x8
 410 02de B6010000 		.4byte	.LASF54
 411 02e2 05       		.byte	0x5
 412 02e3 48       		.byte	0x48
 413 02e4 21       		.byte	0x21
 414 02e5 C4020000 		.4byte	0x2c4
 415 02e9 00       		.byte	0
 416 02ea 00       		.byte	0
 417 02eb 04       		.uleb128 0x4
 418 02ec BA050000 		.4byte	.LASF55
 419 02f0 05       		.byte	0x5
 420 02f1 49       		.byte	0x49
 421 02f2 03       		.byte	0x3
 422 02f3 D0020000 		.4byte	0x2d0
 423 02f7 06       		.uleb128 0x6
 424 02f8 DA010000 		.4byte	.LASF56
 425 02fc 04       		.byte	0x4
 426 02fd 06       		.byte	0x6
 427 02fe 3E       		.byte	0x3e
 428 02ff 10       		.byte	0x10
 429 0300 12030000 		.4byte	0x312
 430 0304 08       		.uleb128 0x8
 431 0305 AB060000 		.4byte	.LASF57
 432 0309 06       		.byte	0x6
 433 030a 46       		.byte	0x46
 434 030b 24       		.byte	0x24
 435 030c 18030000 		.4byte	0x318
 436 0310 00       		.byte	0
 437 0311 00       		.byte	0
 438 0312 0C       		.uleb128 0xc
 439 0313 04       		.byte	0x4
 440 0314 24030000 		.4byte	0x324
 441 0318 05       		.uleb128 0x5
 442 0319 12030000 		.4byte	0x312
 443 031d 03       		.uleb128 0x3
 444 031e 01       		.byte	0x1
 445 031f 08       		.byte	0x8
 446 0320 6B060000 		.4byte	.LASF58
 447 0324 0D       		.uleb128 0xd
 448 0325 1D030000 		.4byte	0x31d
 449 0329 04       		.uleb128 0x4
 450 032a 7C020000 		.4byte	.LASF59
 451 032e 06       		.byte	0x6
 452 032f 51       		.byte	0x51
 453 0330 03       		.byte	0x3
 454 0331 F7020000 		.4byte	0x2f7
 455 0335 04       		.uleb128 0x4
 456 0336 86060000 		.4byte	.LASF60
ARM GAS  /tmp/ccBn30D0.s 			page 9


 457 033a 07       		.byte	0x7
 458 033b 6D       		.byte	0x6d
 459 033c 12       		.byte	0x12
 460 033d 80000000 		.4byte	0x80
 461 0341 04       		.uleb128 0x4
 462 0342 2F020000 		.4byte	.LASF61
 463 0346 07       		.byte	0x7
 464 0347 79       		.byte	0x79
 465 0348 12       		.byte	0x12
 466 0349 80000000 		.4byte	0x80
 467 034d 04       		.uleb128 0x4
 468 034e E0040000 		.4byte	.LASF62
 469 0352 08       		.byte	0x8
 470 0353 32       		.byte	0x32
 471 0354 18       		.byte	0x18
 472 0355 59030000 		.4byte	0x359
 473 0359 06       		.uleb128 0x6
 474 035a 1B040000 		.4byte	.LASF63
 475 035e 04       		.byte	0x4
 476 035f 08       		.byte	0x8
 477 0360 38       		.byte	0x38
 478 0361 08       		.byte	0x8
 479 0362 74030000 		.4byte	0x374
 480 0366 08       		.uleb128 0x8
 481 0367 8B000000 		.4byte	.LASF64
 482 036b 08       		.byte	0x8
 483 036c 39       		.byte	0x39
 484 036d 1A       		.byte	0x1a
 485 036e 74030000 		.4byte	0x374
 486 0372 00       		.byte	0
 487 0373 00       		.byte	0
 488 0374 0C       		.uleb128 0xc
 489 0375 04       		.byte	0x4
 490 0376 4D030000 		.4byte	0x34d
 491 037a 04       		.uleb128 0x4
 492 037b BB010000 		.4byte	.LASF65
 493 037f 08       		.byte	0x8
 494 0380 3F       		.byte	0x3f
 495 0381 19       		.byte	0x19
 496 0382 86030000 		.4byte	0x386
 497 0386 06       		.uleb128 0x6
 498 0387 6C050000 		.4byte	.LASF66
 499 038b 08       		.byte	0x8
 500 038c 08       		.byte	0x8
 501 038d 45       		.byte	0x45
 502 038e 08       		.byte	0x8
 503 038f AE030000 		.4byte	0x3ae
 504 0393 08       		.uleb128 0x8
 505 0394 8B000000 		.4byte	.LASF64
 506 0398 08       		.byte	0x8
 507 0399 46       		.byte	0x46
 508 039a 1A       		.byte	0x1a
 509 039b AE030000 		.4byte	0x3ae
 510 039f 00       		.byte	0
 511 03a0 08       		.uleb128 0x8
 512 03a1 27000000 		.4byte	.LASF67
 513 03a5 08       		.byte	0x8
ARM GAS  /tmp/ccBn30D0.s 			page 10


 514 03a6 47       		.byte	0x47
 515 03a7 1A       		.byte	0x1a
 516 03a8 AE030000 		.4byte	0x3ae
 517 03ac 04       		.byte	0x4
 518 03ad 00       		.byte	0
 519 03ae 0C       		.uleb128 0xc
 520 03af 04       		.byte	0x4
 521 03b0 7A030000 		.4byte	0x37a
 522 03b4 04       		.uleb128 0x4
 523 03b5 97060000 		.4byte	.LASF68
 524 03b9 08       		.byte	0x8
 525 03ba 4E       		.byte	0x4e
 526 03bb 22       		.byte	0x22
 527 03bc C0030000 		.4byte	0x3c0
 528 03c0 06       		.uleb128 0x6
 529 03c1 E1060000 		.4byte	.LASF69
 530 03c5 0C       		.byte	0xc
 531 03c6 08       		.byte	0x8
 532 03c7 55       		.byte	0x55
 533 03c8 08       		.byte	0x8
 534 03c9 F5030000 		.4byte	0x3f5
 535 03cd 08       		.uleb128 0x8
 536 03ce 8B000000 		.4byte	.LASF64
 537 03d2 08       		.byte	0x8
 538 03d3 56       		.byte	0x56
 539 03d4 1A       		.byte	0x1a
 540 03d5 F5030000 		.4byte	0x3f5
 541 03d9 00       		.byte	0
 542 03da 08       		.uleb128 0x8
 543 03db 27000000 		.4byte	.LASF67
 544 03df 08       		.byte	0x8
 545 03e0 57       		.byte	0x57
 546 03e1 1A       		.byte	0x1a
 547 03e2 F5030000 		.4byte	0x3f5
 548 03e6 04       		.byte	0x4
 549 03e7 08       		.uleb128 0x8
 550 03e8 32050000 		.4byte	.LASF70
 551 03ec 08       		.byte	0x8
 552 03ed 58       		.byte	0x58
 553 03ee 19       		.byte	0x19
 554 03ef E7000000 		.4byte	0xe7
 555 03f3 08       		.byte	0x8
 556 03f4 00       		.byte	0
 557 03f5 0C       		.uleb128 0xc
 558 03f6 04       		.byte	0x4
 559 03f7 B4030000 		.4byte	0x3b4
 560 03fb 04       		.uleb128 0x4
 561 03fc F3060000 		.4byte	.LASF71
 562 0400 08       		.byte	0x8
 563 0401 5F       		.byte	0x5f
 564 0402 1E       		.byte	0x1e
 565 0403 07040000 		.4byte	0x407
 566 0407 06       		.uleb128 0x6
 567 0408 E6000000 		.4byte	.LASF72
 568 040c 0C       		.byte	0xc
 569 040d 08       		.byte	0x8
 570 040e 64       		.byte	0x64
ARM GAS  /tmp/ccBn30D0.s 			page 11


 571 040f 08       		.byte	0x8
 572 0410 3C040000 		.4byte	0x43c
 573 0414 08       		.uleb128 0x8
 574 0415 8B000000 		.4byte	.LASF64
 575 0419 08       		.byte	0x8
 576 041a 65       		.byte	0x65
 577 041b 1A       		.byte	0x1a
 578 041c 3C040000 		.4byte	0x43c
 579 0420 00       		.byte	0
 580 0421 08       		.uleb128 0x8
 581 0422 27000000 		.4byte	.LASF67
 582 0426 08       		.byte	0x8
 583 0427 66       		.byte	0x66
 584 0428 1A       		.byte	0x1a
 585 0429 3C040000 		.4byte	0x43c
 586 042d 04       		.byte	0x4
 587 042e 08       		.uleb128 0x8
 588 042f 85000000 		.4byte	.LASF73
 589 0433 08       		.byte	0x8
 590 0434 67       		.byte	0x67
 591 0435 19       		.byte	0x19
 592 0436 41030000 		.4byte	0x341
 593 043a 08       		.byte	0x8
 594 043b 00       		.byte	0
 595 043c 0C       		.uleb128 0xc
 596 043d 04       		.byte	0x4
 597 043e FB030000 		.4byte	0x3fb
 598 0442 0E       		.uleb128 0xe
 599 0443 08       		.byte	0x8
 600 0444 09       		.byte	0x9
 601 0445 83       		.byte	0x83
 602 0446 05       		.byte	0x5
 603 0447 66040000 		.4byte	0x466
 604 044b 07       		.uleb128 0x7
 605 044c 6E747000 		.ascii	"ntp\000"
 606 0450 09       		.byte	0x9
 607 0451 87       		.byte	0x87
 608 0452 1E       		.byte	0x1e
 609 0453 66040000 		.4byte	0x466
 610 0457 00       		.byte	0
 611 0458 08       		.uleb128 0x8
 612 0459 EB050000 		.4byte	.LASF74
 613 045d 09       		.byte	0x9
 614 045e 8B       		.byte	0x8b
 615 045f 1E       		.byte	0x1e
 616 0460 6C040000 		.4byte	0x46c
 617 0464 04       		.byte	0x4
 618 0465 00       		.byte	0
 619 0466 0C       		.uleb128 0xc
 620 0467 04       		.byte	0x4
 621 0468 3B010000 		.4byte	0x13b
 622 046c 0F       		.uleb128 0xf
 623 046d 04       		.byte	0x4
 624 046e 0E       		.uleb128 0xe
 625 046f 08       		.byte	0x8
 626 0470 09       		.byte	0x9
 627 0471 90       		.byte	0x90
ARM GAS  /tmp/ccBn30D0.s 			page 12


 628 0472 05       		.byte	0x5
 629 0473 91040000 		.4byte	0x491
 630 0477 07       		.uleb128 0x7
 631 0478 747000   		.ascii	"tp\000"
 632 047b 09       		.byte	0x9
 633 047c 94       		.byte	0x94
 634 047d 1E       		.byte	0x1e
 635 047e 66040000 		.4byte	0x466
 636 0482 00       		.byte	0
 637 0483 07       		.uleb128 0x7
 638 0484 6D736700 		.ascii	"msg\000"
 639 0488 09       		.byte	0x9
 640 0489 98       		.byte	0x98
 641 048a 1D       		.byte	0x1d
 642 048b F3000000 		.4byte	0xf3
 643 048f 04       		.byte	0x4
 644 0490 00       		.byte	0
 645 0491 0E       		.uleb128 0xe
 646 0492 04       		.byte	0x4
 647 0493 09       		.byte	0x9
 648 0494 9D       		.byte	0x9d
 649 0495 05       		.byte	0x5
 650 0496 A8040000 		.4byte	0x4a8
 651 049a 08       		.uleb128 0x8
 652 049b 84030000 		.4byte	.LASF30
 653 049f 09       		.byte	0x9
 654 04a0 A1       		.byte	0xa1
 655 04a1 1E       		.byte	0x1e
 656 04a2 12030000 		.4byte	0x312
 657 04a6 00       		.byte	0
 658 04a7 00       		.byte	0
 659 04a8 0E       		.uleb128 0xe
 660 04a9 04       		.byte	0x4
 661 04aa 09       		.byte	0x9
 662 04ab A6       		.byte	0xa6
 663 04ac 05       		.byte	0x5
 664 04ad BF040000 		.4byte	0x4bf
 665 04b1 08       		.uleb128 0x8
 666 04b2 0C060000 		.4byte	.LASF75
 667 04b6 09       		.byte	0x9
 668 04b7 AA       		.byte	0xaa
 669 04b8 1E       		.byte	0x1e
 670 04b9 12030000 		.4byte	0x312
 671 04bd 00       		.byte	0
 672 04be 00       		.byte	0
 673 04bf 0E       		.uleb128 0xe
 674 04c0 08       		.byte	0x8
 675 04c1 09       		.byte	0x9
 676 04c2 AF       		.byte	0xaf
 677 04c3 05       		.byte	0x5
 678 04c4 E3040000 		.4byte	0x4e3
 679 04c8 07       		.uleb128 0x7
 680 04c9 75703100 		.ascii	"up1\000"
 681 04cd 09       		.byte	0x9
 682 04ce B3       		.byte	0xb3
 683 04cf 1E       		.byte	0x1e
 684 04d0 6C040000 		.4byte	0x46c
ARM GAS  /tmp/ccBn30D0.s 			page 13


 685 04d4 00       		.byte	0
 686 04d5 07       		.uleb128 0x7
 687 04d6 75703200 		.ascii	"up2\000"
 688 04da 09       		.byte	0x9
 689 04db B7       		.byte	0xb7
 690 04dc 1E       		.byte	0x1e
 691 04dd 6C040000 		.4byte	0x46c
 692 04e1 04       		.byte	0x4
 693 04e2 00       		.byte	0
 694 04e3 10       		.uleb128 0x10
 695 04e4 08       		.byte	0x8
 696 04e5 09       		.byte	0x9
 697 04e6 7F       		.byte	0x7f
 698 04e7 03       		.byte	0x3
 699 04e8 28050000 		.4byte	0x528
 700 04ec 11       		.uleb128 0x11
 701 04ed 737700   		.ascii	"sw\000"
 702 04f0 09       		.byte	0x9
 703 04f1 8C       		.byte	0x8c
 704 04f2 07       		.byte	0x7
 705 04f3 42040000 		.4byte	0x442
 706 04f7 11       		.uleb128 0x11
 707 04f8 72647900 		.ascii	"rdy\000"
 708 04fc 09       		.byte	0x9
 709 04fd 99       		.byte	0x99
 710 04fe 07       		.byte	0x7
 711 04ff 6E040000 		.4byte	0x46e
 712 0503 11       		.uleb128 0x11
 713 0504 69737200 		.ascii	"isr\000"
 714 0508 09       		.byte	0x9
 715 0509 A2       		.byte	0xa2
 716 050a 07       		.byte	0x7
 717 050b 91040000 		.4byte	0x491
 718 050f 12       		.uleb128 0x12
 719 0510 5E000000 		.4byte	.LASF76
 720 0514 09       		.byte	0x9
 721 0515 AB       		.byte	0xab
 722 0516 07       		.byte	0x7
 723 0517 A8040000 		.4byte	0x4a8
 724 051b 12       		.uleb128 0x12
 725 051c 5F050000 		.4byte	.LASF77
 726 0520 09       		.byte	0x9
 727 0521 B8       		.byte	0xb8
 728 0522 07       		.byte	0x7
 729 0523 BF040000 		.4byte	0x4bf
 730 0527 00       		.byte	0
 731 0528 0E       		.uleb128 0xe
 732 0529 10       		.byte	0x10
 733 052a 09       		.byte	0x9
 734 052b 6C       		.byte	0x6c
 735 052c 09       		.byte	0x9
 736 052d 7A050000 		.4byte	0x57a
 737 0531 13       		.uleb128 0x13
 738 0532 4B000000 		.4byte	.LASF78
 739 0536 09       		.byte	0x9
 740 0537 70       		.byte	0x70
 741 0538 19       		.byte	0x19
ARM GAS  /tmp/ccBn30D0.s 			page 14


 742 0539 80000000 		.4byte	0x80
 743 053d 04       		.byte	0x4
 744 053e 03       		.byte	0x3
 745 053f 1D       		.byte	0x1d
 746 0540 00       		.byte	0
 747 0541 13       		.uleb128 0x13
 748 0542 13010000 		.4byte	.LASF32
 749 0546 09       		.byte	0x9
 750 0547 74       		.byte	0x74
 751 0548 19       		.byte	0x19
 752 0549 80000000 		.4byte	0x80
 753 054d 04       		.byte	0x4
 754 054e 05       		.byte	0x5
 755 054f 18       		.byte	0x18
 756 0550 00       		.byte	0
 757 0551 13       		.uleb128 0x13
 758 0552 67040000 		.4byte	.LASF79
 759 0556 09       		.byte	0x9
 760 0557 7A       		.byte	0x7a
 761 0558 19       		.byte	0x19
 762 0559 80000000 		.4byte	0x80
 763 055d 04       		.byte	0x4
 764 055e 18       		.byte	0x18
 765 055f 00       		.byte	0
 766 0560 00       		.byte	0
 767 0561 08       		.uleb128 0x8
 768 0562 20050000 		.4byte	.LASF80
 769 0566 09       		.byte	0x9
 770 0567 7E       		.byte	0x7e
 771 0568 19       		.byte	0x19
 772 0569 35030000 		.4byte	0x335
 773 056d 04       		.byte	0x4
 774 056e 07       		.uleb128 0x7
 775 056f 7500     		.ascii	"u\000"
 776 0571 09       		.byte	0x9
 777 0572 B9       		.byte	0xb9
 778 0573 05       		.byte	0x5
 779 0574 E3040000 		.4byte	0x4e3
 780 0578 08       		.byte	0x8
 781 0579 00       		.byte	0
 782 057a 04       		.uleb128 0x4
 783 057b 50000000 		.4byte	.LASF81
 784 057f 09       		.byte	0x9
 785 0580 BA       		.byte	0xba
 786 0581 03       		.byte	0x3
 787 0582 28050000 		.4byte	0x528
 788 0586 14       		.uleb128 0x14
 789 0587 0808     		.2byte	0x808
 790 0589 09       		.byte	0x9
 791 058a C0       		.byte	0xc0
 792 058b 09       		.byte	0x9
 793 058c C5050000 		.4byte	0x5c5
 794 0590 08       		.uleb128 0x8
 795 0591 EA040000 		.4byte	.LASF82
 796 0595 09       		.byte	0x9
 797 0596 C4       		.byte	0xc4
 798 0597 19       		.byte	0x19
ARM GAS  /tmp/ccBn30D0.s 			page 15


 799 0598 6D000000 		.4byte	0x6d
 800 059c 00       		.byte	0
 801 059d 08       		.uleb128 0x8
 802 059e 95030000 		.4byte	.LASF83
 803 05a2 09       		.byte	0x9
 804 05a3 C8       		.byte	0xc8
 805 05a4 19       		.byte	0x19
 806 05a5 6D000000 		.4byte	0x6d
 807 05a9 02       		.byte	0x2
 808 05aa 07       		.uleb128 0x7
 809 05ab 70747200 		.ascii	"ptr\000"
 810 05af 09       		.byte	0x9
 811 05b0 CC       		.byte	0xcc
 812 05b1 1A       		.byte	0x1a
 813 05b2 C5050000 		.4byte	0x5c5
 814 05b6 04       		.byte	0x4
 815 05b7 08       		.uleb128 0x8
 816 05b8 90060000 		.4byte	.LASF84
 817 05bc 09       		.byte	0x9
 818 05bd D0       		.byte	0xd0
 819 05be 19       		.byte	0x19
 820 05bf CB050000 		.4byte	0x5cb
 821 05c3 08       		.byte	0x8
 822 05c4 00       		.byte	0
 823 05c5 0C       		.uleb128 0xc
 824 05c6 04       		.byte	0x4
 825 05c7 7A050000 		.4byte	0x57a
 826 05cb 15       		.uleb128 0x15
 827 05cc 7A050000 		.4byte	0x57a
 828 05d0 DB050000 		.4byte	0x5db
 829 05d4 16       		.uleb128 0x16
 830 05d5 24000000 		.4byte	0x24
 831 05d9 7F       		.byte	0x7f
 832 05da 00       		.byte	0
 833 05db 04       		.uleb128 0x4
 834 05dc 4D010000 		.4byte	.LASF85
 835 05e0 09       		.byte	0x9
 836 05e1 D1       		.byte	0xd1
 837 05e2 03       		.byte	0x3
 838 05e3 86050000 		.4byte	0x586
 839 05e7 17       		.uleb128 0x17
 840 05e8 2C000000 		.4byte	.LASF86
 841 05ec 64       		.byte	0x64
 842 05ed 0A       		.byte	0xa
 843 05ee E001     		.2byte	0x1e0
 844 05f0 08       		.byte	0x8
 845 05f1 4D070000 		.4byte	0x74d
 846 05f5 09       		.uleb128 0x9
 847 05f6 73313600 		.ascii	"s16\000"
 848 05fa 0A       		.byte	0xa
 849 05fb E801     		.2byte	0x1e8
 850 05fd 11       		.byte	0x11
 851 05fe 80000000 		.4byte	0x80
 852 0602 00       		.byte	0
 853 0603 09       		.uleb128 0x9
 854 0604 73313700 		.ascii	"s17\000"
 855 0608 0A       		.byte	0xa
ARM GAS  /tmp/ccBn30D0.s 			page 16


 856 0609 E901     		.2byte	0x1e9
 857 060b 11       		.byte	0x11
 858 060c 80000000 		.4byte	0x80
 859 0610 04       		.byte	0x4
 860 0611 09       		.uleb128 0x9
 861 0612 73313800 		.ascii	"s18\000"
 862 0616 0A       		.byte	0xa
 863 0617 EA01     		.2byte	0x1ea
 864 0619 11       		.byte	0x11
 865 061a 80000000 		.4byte	0x80
 866 061e 08       		.byte	0x8
 867 061f 09       		.uleb128 0x9
 868 0620 73313900 		.ascii	"s19\000"
 869 0624 0A       		.byte	0xa
 870 0625 EB01     		.2byte	0x1eb
 871 0627 11       		.byte	0x11
 872 0628 80000000 		.4byte	0x80
 873 062c 0C       		.byte	0xc
 874 062d 09       		.uleb128 0x9
 875 062e 73323000 		.ascii	"s20\000"
 876 0632 0A       		.byte	0xa
 877 0633 EC01     		.2byte	0x1ec
 878 0635 11       		.byte	0x11
 879 0636 80000000 		.4byte	0x80
 880 063a 10       		.byte	0x10
 881 063b 09       		.uleb128 0x9
 882 063c 73323100 		.ascii	"s21\000"
 883 0640 0A       		.byte	0xa
 884 0641 ED01     		.2byte	0x1ed
 885 0643 11       		.byte	0x11
 886 0644 80000000 		.4byte	0x80
 887 0648 14       		.byte	0x14
 888 0649 09       		.uleb128 0x9
 889 064a 73323200 		.ascii	"s22\000"
 890 064e 0A       		.byte	0xa
 891 064f EE01     		.2byte	0x1ee
 892 0651 11       		.byte	0x11
 893 0652 80000000 		.4byte	0x80
 894 0656 18       		.byte	0x18
 895 0657 09       		.uleb128 0x9
 896 0658 73323300 		.ascii	"s23\000"
 897 065c 0A       		.byte	0xa
 898 065d EF01     		.2byte	0x1ef
 899 065f 11       		.byte	0x11
 900 0660 80000000 		.4byte	0x80
 901 0664 1C       		.byte	0x1c
 902 0665 09       		.uleb128 0x9
 903 0666 73323400 		.ascii	"s24\000"
 904 066a 0A       		.byte	0xa
 905 066b F001     		.2byte	0x1f0
 906 066d 11       		.byte	0x11
 907 066e 80000000 		.4byte	0x80
 908 0672 20       		.byte	0x20
 909 0673 09       		.uleb128 0x9
 910 0674 73323500 		.ascii	"s25\000"
 911 0678 0A       		.byte	0xa
 912 0679 F101     		.2byte	0x1f1
ARM GAS  /tmp/ccBn30D0.s 			page 17


 913 067b 11       		.byte	0x11
 914 067c 80000000 		.4byte	0x80
 915 0680 24       		.byte	0x24
 916 0681 09       		.uleb128 0x9
 917 0682 73323600 		.ascii	"s26\000"
 918 0686 0A       		.byte	0xa
 919 0687 F201     		.2byte	0x1f2
 920 0689 11       		.byte	0x11
 921 068a 80000000 		.4byte	0x80
 922 068e 28       		.byte	0x28
 923 068f 09       		.uleb128 0x9
 924 0690 73323700 		.ascii	"s27\000"
 925 0694 0A       		.byte	0xa
 926 0695 F301     		.2byte	0x1f3
 927 0697 11       		.byte	0x11
 928 0698 80000000 		.4byte	0x80
 929 069c 2C       		.byte	0x2c
 930 069d 09       		.uleb128 0x9
 931 069e 73323800 		.ascii	"s28\000"
 932 06a2 0A       		.byte	0xa
 933 06a3 F401     		.2byte	0x1f4
 934 06a5 11       		.byte	0x11
 935 06a6 80000000 		.4byte	0x80
 936 06aa 30       		.byte	0x30
 937 06ab 09       		.uleb128 0x9
 938 06ac 73323900 		.ascii	"s29\000"
 939 06b0 0A       		.byte	0xa
 940 06b1 F501     		.2byte	0x1f5
 941 06b3 11       		.byte	0x11
 942 06b4 80000000 		.4byte	0x80
 943 06b8 34       		.byte	0x34
 944 06b9 09       		.uleb128 0x9
 945 06ba 73333000 		.ascii	"s30\000"
 946 06be 0A       		.byte	0xa
 947 06bf F601     		.2byte	0x1f6
 948 06c1 11       		.byte	0x11
 949 06c2 80000000 		.4byte	0x80
 950 06c6 38       		.byte	0x38
 951 06c7 09       		.uleb128 0x9
 952 06c8 73333100 		.ascii	"s31\000"
 953 06cc 0A       		.byte	0xa
 954 06cd F701     		.2byte	0x1f7
 955 06cf 11       		.byte	0x11
 956 06d0 80000000 		.4byte	0x80
 957 06d4 3C       		.byte	0x3c
 958 06d5 09       		.uleb128 0x9
 959 06d6 723400   		.ascii	"r4\000"
 960 06d9 0A       		.byte	0xa
 961 06da F901     		.2byte	0x1f9
 962 06dc 11       		.byte	0x11
 963 06dd 80000000 		.4byte	0x80
 964 06e1 40       		.byte	0x40
 965 06e2 09       		.uleb128 0x9
 966 06e3 723500   		.ascii	"r5\000"
 967 06e6 0A       		.byte	0xa
 968 06e7 FA01     		.2byte	0x1fa
 969 06e9 11       		.byte	0x11
ARM GAS  /tmp/ccBn30D0.s 			page 18


 970 06ea 80000000 		.4byte	0x80
 971 06ee 44       		.byte	0x44
 972 06ef 09       		.uleb128 0x9
 973 06f0 723600   		.ascii	"r6\000"
 974 06f3 0A       		.byte	0xa
 975 06f4 FB01     		.2byte	0x1fb
 976 06f6 11       		.byte	0x11
 977 06f7 80000000 		.4byte	0x80
 978 06fb 48       		.byte	0x48
 979 06fc 09       		.uleb128 0x9
 980 06fd 723700   		.ascii	"r7\000"
 981 0700 0A       		.byte	0xa
 982 0701 FC01     		.2byte	0x1fc
 983 0703 11       		.byte	0x11
 984 0704 80000000 		.4byte	0x80
 985 0708 4C       		.byte	0x4c
 986 0709 09       		.uleb128 0x9
 987 070a 723800   		.ascii	"r8\000"
 988 070d 0A       		.byte	0xa
 989 070e FD01     		.2byte	0x1fd
 990 0710 11       		.byte	0x11
 991 0711 80000000 		.4byte	0x80
 992 0715 50       		.byte	0x50
 993 0716 09       		.uleb128 0x9
 994 0717 723900   		.ascii	"r9\000"
 995 071a 0A       		.byte	0xa
 996 071b FE01     		.2byte	0x1fe
 997 071d 11       		.byte	0x11
 998 071e 80000000 		.4byte	0x80
 999 0722 54       		.byte	0x54
 1000 0723 09       		.uleb128 0x9
 1001 0724 72313000 		.ascii	"r10\000"
 1002 0728 0A       		.byte	0xa
 1003 0729 FF01     		.2byte	0x1ff
 1004 072b 11       		.byte	0x11
 1005 072c 80000000 		.4byte	0x80
 1006 0730 58       		.byte	0x58
 1007 0731 09       		.uleb128 0x9
 1008 0732 72313100 		.ascii	"r11\000"
 1009 0736 0A       		.byte	0xa
 1010 0737 0002     		.2byte	0x200
 1011 0739 11       		.byte	0x11
 1012 073a 80000000 		.4byte	0x80
 1013 073e 5C       		.byte	0x5c
 1014 073f 09       		.uleb128 0x9
 1015 0740 6C7200   		.ascii	"lr\000"
 1016 0743 0A       		.byte	0xa
 1017 0744 0102     		.2byte	0x201
 1018 0746 11       		.byte	0x11
 1019 0747 80000000 		.4byte	0x80
 1020 074b 60       		.byte	0x60
 1021 074c 00       		.byte	0
 1022 074d 17       		.uleb128 0x17
 1023 074e 13050000 		.4byte	.LASF87
 1024 0752 04       		.byte	0x4
 1025 0753 0A       		.byte	0xa
 1026 0754 0A02     		.2byte	0x20a
ARM GAS  /tmp/ccBn30D0.s 			page 19


 1027 0756 08       		.byte	0x8
 1028 0757 69070000 		.4byte	0x769
 1029 075b 09       		.uleb128 0x9
 1030 075c 737000   		.ascii	"sp\000"
 1031 075f 0A       		.byte	0xa
 1032 0760 0B02     		.2byte	0x20b
 1033 0762 1A       		.byte	0x1a
 1034 0763 69070000 		.4byte	0x769
 1035 0767 00       		.byte	0
 1036 0768 00       		.byte	0
 1037 0769 0C       		.uleb128 0xc
 1038 076a 04       		.byte	0x4
 1039 076b E7050000 		.4byte	0x5e7
 1040 076f 06       		.uleb128 0x6
 1041 0770 BB040000 		.4byte	.LASF88
 1042 0774 18       		.byte	0x18
 1043 0775 04       		.byte	0x4
 1044 0776 64       		.byte	0x64
 1045 0777 10       		.byte	0x10
 1046 0778 A4070000 		.4byte	0x7a4
 1047 077c 08       		.uleb128 0x8
 1048 077d 80060000 		.4byte	.LASF89
 1049 0781 04       		.byte	0x4
 1050 0782 68       		.byte	0x68
 1051 0783 21       		.byte	0x21
 1052 0784 FB030000 		.4byte	0x3fb
 1053 0788 00       		.byte	0
 1054 0789 08       		.uleb128 0x8
 1055 078a CB050000 		.4byte	.LASF90
 1056 078e 04       		.byte	0x4
 1057 078f 73       		.byte	0x73
 1058 0790 21       		.byte	0x21
 1059 0791 35030000 		.4byte	0x335
 1060 0795 0C       		.byte	0xc
 1061 0796 08       		.uleb128 0x8
 1062 0797 6F040000 		.4byte	.LASF91
 1063 079b 04       		.byte	0x4
 1064 079c 79       		.byte	0x79
 1065 079d 21       		.byte	0x21
 1066 079e 9F000000 		.4byte	0x9f
 1067 07a2 10       		.byte	0x10
 1068 07a3 00       		.byte	0
 1069 07a4 04       		.uleb128 0x4
 1070 07a5 3D040000 		.4byte	.LASF92
 1071 07a9 04       		.byte	0x4
 1072 07aa 7B       		.byte	0x7b
 1073 07ab 03       		.byte	0x3
 1074 07ac 6F070000 		.4byte	0x76f
 1075 07b0 06       		.uleb128 0x6
 1076 07b1 71010000 		.4byte	.LASF93
 1077 07b5 08       		.byte	0x8
 1078 07b6 04       		.byte	0x4
 1079 07b7 80       		.byte	0x80
 1080 07b8 10       		.byte	0x10
 1081 07b9 CB070000 		.4byte	0x7cb
 1082 07bd 08       		.uleb128 0x8
 1083 07be 89030000 		.4byte	.LASF94
ARM GAS  /tmp/ccBn30D0.s 			page 20


 1084 07c2 04       		.byte	0x4
 1085 07c3 84       		.byte	0x84
 1086 07c4 21       		.byte	0x21
 1087 07c5 7A030000 		.4byte	0x37a
 1088 07c9 00       		.byte	0
 1089 07ca 00       		.byte	0
 1090 07cb 04       		.uleb128 0x4
 1091 07cc 20060000 		.4byte	.LASF95
 1092 07d0 04       		.byte	0x4
 1093 07d1 85       		.byte	0x85
 1094 07d2 03       		.byte	0x3
 1095 07d3 B0070000 		.4byte	0x7b0
 1096 07d7 04       		.uleb128 0x4
 1097 07d8 9F040000 		.4byte	.LASF96
 1098 07dc 04       		.byte	0x4
 1099 07dd 8A       		.byte	0x8a
 1100 07de 14       		.byte	0x14
 1101 07df 66040000 		.4byte	0x466
 1102 07e3 10       		.uleb128 0x10
 1103 07e4 0C       		.byte	0xc
 1104 07e5 04       		.byte	0x4
 1105 07e6 A0       		.byte	0xa0
 1106 07e7 03       		.byte	0x3
 1107 07e8 11080000 		.4byte	0x811
 1108 07ec 12       		.uleb128 0x12
 1109 07ed EA070000 		.4byte	.LASF97
 1110 07f1 04       		.byte	0x4
 1111 07f2 A4       		.byte	0xa4
 1112 07f3 21       		.byte	0x21
 1113 07f4 4D030000 		.4byte	0x34d
 1114 07f8 12       		.uleb128 0x12
 1115 07f9 89030000 		.4byte	.LASF94
 1116 07fd 04       		.byte	0x4
 1117 07fe A8       		.byte	0xa8
 1118 07ff 21       		.byte	0x21
 1119 0800 7A030000 		.4byte	0x37a
 1120 0804 12       		.uleb128 0x12
 1121 0805 B5060000 		.4byte	.LASF98
 1122 0809 04       		.byte	0x4
 1123 080a AC       		.byte	0xac
 1124 080b 21       		.byte	0x21
 1125 080c B4030000 		.4byte	0x3b4
 1126 0810 00       		.byte	0
 1127 0811 10       		.uleb128 0x10
 1128 0812 04       		.byte	0x4
 1129 0813 04       		.byte	0x4
 1130 0814 EB       		.byte	0xeb
 1131 0815 03       		.byte	0x3
 1132 0816 81080000 		.4byte	0x881
 1133 081a 12       		.uleb128 0x12
 1134 081b 1B000000 		.4byte	.LASF99
 1135 081f 04       		.byte	0x4
 1136 0820 F2       		.byte	0xf2
 1137 0821 21       		.byte	0x21
 1138 0822 F3000000 		.4byte	0xf3
 1139 0826 12       		.uleb128 0x12
 1140 0827 AD010000 		.4byte	.LASF100
ARM GAS  /tmp/ccBn30D0.s 			page 21


 1141 082b 04       		.byte	0x4
 1142 082c F9       		.byte	0xf9
 1143 082d 21       		.byte	0x21
 1144 082e F3000000 		.4byte	0xf3
 1145 0832 18       		.uleb128 0x18
 1146 0833 EB050000 		.4byte	.LASF74
 1147 0837 04       		.byte	0x4
 1148 0838 0001     		.2byte	0x100
 1149 083a 22       		.byte	0x22
 1150 083b 6C040000 		.4byte	0x46c
 1151 083f 18       		.uleb128 0x18
 1152 0840 15000000 		.4byte	.LASF101
 1153 0844 04       		.byte	0x4
 1154 0845 0701     		.2byte	0x107
 1155 0847 22       		.byte	0x22
 1156 0848 81080000 		.4byte	0x881
 1157 084c 18       		.uleb128 0x18
 1158 084d 7D000000 		.4byte	.LASF102
 1159 0851 04       		.byte	0x4
 1160 0852 0C01     		.2byte	0x10c
 1161 0854 21       		.byte	0x21
 1162 0855 F3000000 		.4byte	0xf3
 1163 0859 18       		.uleb128 0x18
 1164 085a 75020000 		.4byte	.LASF103
 1165 085e 04       		.byte	0x4
 1166 085f 1501     		.2byte	0x115
 1167 0861 22       		.byte	0x22
 1168 0862 AF080000 		.4byte	0x8af
 1169 0866 18       		.uleb128 0x18
 1170 0867 3B060000 		.4byte	.LASF104
 1171 086b 04       		.byte	0x4
 1172 086c 1E01     		.2byte	0x11e
 1173 086e 22       		.byte	0x22
 1174 086f EA080000 		.4byte	0x8ea
 1175 0873 18       		.uleb128 0x18
 1176 0874 F2050000 		.4byte	.LASF105
 1177 0878 04       		.byte	0x4
 1178 0879 2601     		.2byte	0x126
 1179 087b 21       		.byte	0x21
 1180 087c 0B010000 		.4byte	0x10b
 1181 0880 00       		.byte	0
 1182 0881 0C       		.uleb128 0xc
 1183 0882 04       		.byte	0x4
 1184 0883 D7070000 		.4byte	0x7d7
 1185 0887 06       		.uleb128 0x6
 1186 0888 13060000 		.4byte	.LASF106
 1187 088c 0C       		.byte	0xc
 1188 088d 0B       		.byte	0xb
 1189 088e 34       		.byte	0x34
 1190 088f 10       		.byte	0x10
 1191 0890 AF080000 		.4byte	0x8af
 1192 0894 08       		.uleb128 0x8
 1193 0895 89030000 		.4byte	.LASF94
 1194 0899 0B       		.byte	0xb
 1195 089a 35       		.byte	0x35
 1196 089b 19       		.byte	0x19
 1197 089c 7A030000 		.4byte	0x37a
ARM GAS  /tmp/ccBn30D0.s 			page 22


 1198 08a0 00       		.byte	0
 1199 08a1 07       		.uleb128 0x7
 1200 08a2 636E7400 		.ascii	"cnt\000"
 1201 08a6 0B       		.byte	0xb
 1202 08a7 37       		.byte	0x37
 1203 08a8 19       		.byte	0x19
 1204 08a9 23010000 		.4byte	0x123
 1205 08ad 08       		.byte	0x8
 1206 08ae 00       		.byte	0
 1207 08af 0C       		.uleb128 0xc
 1208 08b0 04       		.byte	0x4
 1209 08b1 87080000 		.4byte	0x887
 1210 08b5 06       		.uleb128 0x6
 1211 08b6 8B070000 		.4byte	.LASF107
 1212 08ba 10       		.byte	0x10
 1213 08bb 0C       		.byte	0xc
 1214 08bc 39       		.byte	0x39
 1215 08bd 08       		.byte	0x8
 1216 08be EA080000 		.4byte	0x8ea
 1217 08c2 08       		.uleb128 0x8
 1218 08c3 89030000 		.4byte	.LASF94
 1219 08c7 0C       		.byte	0xc
 1220 08c8 3A       		.byte	0x3a
 1221 08c9 19       		.byte	0x19
 1222 08ca 7A030000 		.4byte	0x37a
 1223 08ce 00       		.byte	0
 1224 08cf 08       		.uleb128 0x8
 1225 08d0 52060000 		.4byte	.LASF29
 1226 08d4 0C       		.byte	0xc
 1227 08d5 3C       		.byte	0x3c
 1228 08d6 1A       		.byte	0x1a
 1229 08d7 66040000 		.4byte	0x466
 1230 08db 08       		.byte	0x8
 1231 08dc 08       		.uleb128 0x8
 1232 08dd 8B000000 		.4byte	.LASF64
 1233 08e1 0C       		.byte	0xc
 1234 08e2 3E       		.byte	0x3e
 1235 08e3 1A       		.byte	0x1a
 1236 08e4 BA090000 		.4byte	0x9ba
 1237 08e8 0C       		.byte	0xc
 1238 08e9 00       		.byte	0
 1239 08ea 0C       		.uleb128 0xc
 1240 08eb 04       		.byte	0x4
 1241 08ec B5080000 		.4byte	0x8b5
 1242 08f0 0C       		.uleb128 0xc
 1243 08f1 04       		.byte	0x4
 1244 08f2 2A020000 		.4byte	0x22a
 1245 08f6 0C       		.uleb128 0xc
 1246 08f7 04       		.byte	0x4
 1247 08f8 B7000000 		.4byte	0xb7
 1248 08fc 17       		.uleb128 0x17
 1249 08fd 23040000 		.4byte	.LASF108
 1250 0901 10       		.byte	0x10
 1251 0902 04       		.byte	0x4
 1252 0903 5C01     		.2byte	0x15c
 1253 0905 10       		.byte	0x10
 1254 0906 27090000 		.4byte	0x927
ARM GAS  /tmp/ccBn30D0.s 			page 23


 1255 090a 0A       		.uleb128 0xa
 1256 090b B5060000 		.4byte	.LASF98
 1257 090f 04       		.byte	0x4
 1258 0910 6101     		.2byte	0x161
 1259 0912 21       		.byte	0x21
 1260 0913 B4030000 		.4byte	0x3b4
 1261 0917 00       		.byte	0
 1262 0918 0A       		.uleb128 0xa
 1263 0919 37050000 		.4byte	.LASF109
 1264 091d 04       		.byte	0x4
 1265 091e 6501     		.2byte	0x165
 1266 0920 22       		.byte	0x22
 1267 0921 66040000 		.4byte	0x466
 1268 0925 0C       		.byte	0xc
 1269 0926 00       		.byte	0
 1270 0927 19       		.uleb128 0x19
 1271 0928 08000000 		.4byte	.LASF110
 1272 092c 04       		.byte	0x4
 1273 092d 6601     		.2byte	0x166
 1274 092f 03       		.byte	0x3
 1275 0930 FC080000 		.4byte	0x8fc
 1276 0934 17       		.uleb128 0x17
 1277 0935 FD040000 		.4byte	.LASF111
 1278 0939 14       		.byte	0x14
 1279 093a 04       		.byte	0x4
 1280 093b 6B01     		.2byte	0x16b
 1281 093d 10       		.byte	0x10
 1282 093e 89090000 		.4byte	0x989
 1283 0942 0A       		.uleb128 0xa
 1284 0943 84030000 		.4byte	.LASF30
 1285 0947 04       		.byte	0x4
 1286 0948 6F01     		.2byte	0x16f
 1287 094a 22       		.byte	0x22
 1288 094b 12030000 		.4byte	0x312
 1289 094f 00       		.byte	0
 1290 0950 0A       		.uleb128 0xa
 1291 0951 08020000 		.4byte	.LASF112
 1292 0955 04       		.byte	0x4
 1293 0956 7501     		.2byte	0x175
 1294 0958 22       		.byte	0x22
 1295 0959 F6080000 		.4byte	0x8f6
 1296 095d 04       		.byte	0x4
 1297 095e 0A       		.uleb128 0xa
 1298 095f 03070000 		.4byte	.LASF113
 1299 0963 04       		.byte	0x4
 1300 0964 7901     		.2byte	0x179
 1301 0966 22       		.byte	0x22
 1302 0967 F6080000 		.4byte	0x8f6
 1303 096b 08       		.byte	0x8
 1304 096c 0A       		.uleb128 0xa
 1305 096d 65020000 		.4byte	.LASF114
 1306 0971 04       		.byte	0x4
 1307 0972 7F01     		.2byte	0x17f
 1308 0974 22       		.byte	0x22
 1309 0975 F6080000 		.4byte	0x8f6
 1310 0979 0C       		.byte	0xc
 1311 097a 0A       		.uleb128 0xa
ARM GAS  /tmp/ccBn30D0.s 			page 24


 1312 097b F9070000 		.4byte	.LASF115
 1313 097f 04       		.byte	0x4
 1314 0980 8301     		.2byte	0x183
 1315 0982 22       		.byte	0x22
 1316 0983 F6080000 		.4byte	0x8f6
 1317 0987 10       		.byte	0x10
 1318 0988 00       		.byte	0
 1319 0989 19       		.uleb128 0x19
 1320 098a 12070000 		.4byte	.LASF116
 1321 098e 04       		.byte	0x4
 1322 098f 8501     		.2byte	0x185
 1323 0991 03       		.byte	0x3
 1324 0992 34090000 		.4byte	0x934
 1325 0996 0D       		.uleb128 0xd
 1326 0997 89090000 		.4byte	0x989
 1327 099b 0C       		.uleb128 0xc
 1328 099c 04       		.byte	0x4
 1329 099d 96090000 		.4byte	0x996
 1330 09a1 1A       		.uleb128 0x1a
 1331 09a2 63683000 		.ascii	"ch0\000"
 1332 09a6 0F       		.byte	0xf
 1333 09a7 4101     		.2byte	0x141
 1334 09a9 16       		.byte	0x16
 1335 09aa 2A020000 		.4byte	0x22a
 1336 09ae 04       		.uleb128 0x4
 1337 09af 18020000 		.4byte	.LASF117
 1338 09b3 0C       		.byte	0xc
 1339 09b4 34       		.byte	0x34
 1340 09b5 19       		.byte	0x19
 1341 09b6 B5080000 		.4byte	0x8b5
 1342 09ba 0C       		.uleb128 0xc
 1343 09bb 04       		.byte	0x4
 1344 09bc AE090000 		.4byte	0x9ae
 1345 09c0 04       		.uleb128 0x4
 1346 09c1 79040000 		.4byte	.LASF118
 1347 09c5 0D       		.byte	0xd
 1348 09c6 34       		.byte	0x34
 1349 09c7 1F       		.byte	0x1f
 1350 09c8 CC090000 		.4byte	0x9cc
 1351 09cc 06       		.uleb128 0x6
 1352 09cd 10080000 		.4byte	.LASF119
 1353 09d1 14       		.byte	0x14
 1354 09d2 0D       		.byte	0xd
 1355 09d3 39       		.byte	0x39
 1356 09d4 08       		.byte	0x8
 1357 09d5 1B0A0000 		.4byte	0xa1b
 1358 09d9 08       		.uleb128 0x8
 1359 09da 8B000000 		.4byte	.LASF64
 1360 09de 0D       		.byte	0xd
 1361 09df 3A       		.byte	0x3a
 1362 09e0 1A       		.byte	0x1a
 1363 09e1 1B0A0000 		.4byte	0xa1b
 1364 09e5 00       		.byte	0
 1365 09e6 08       		.uleb128 0x8
 1366 09e7 B2040000 		.4byte	.LASF120
 1367 09eb 0D       		.byte	0xd
 1368 09ec 3D       		.byte	0x3d
ARM GAS  /tmp/ccBn30D0.s 			page 25


 1369 09ed 1A       		.byte	0x1a
 1370 09ee 66040000 		.4byte	0x466
 1371 09f2 04       		.byte	0x4
 1372 09f3 08       		.uleb128 0x8
 1373 09f4 2B060000 		.4byte	.LASF121
 1374 09f8 0D       		.byte	0xd
 1375 09f9 3F       		.byte	0x3f
 1376 09fa 19       		.byte	0x19
 1377 09fb 0B010000 		.4byte	0x10b
 1378 09ff 08       		.byte	0x8
 1379 0a00 08       		.uleb128 0x8
 1380 0a01 50070000 		.4byte	.LASF33
 1381 0a05 0D       		.byte	0xd
 1382 0a06 41       		.byte	0x41
 1383 0a07 19       		.byte	0x19
 1384 0a08 17010000 		.4byte	0x117
 1385 0a0c 0C       		.byte	0xc
 1386 0a0d 08       		.uleb128 0x8
 1387 0a0e 7D010000 		.4byte	.LASF122
 1388 0a12 0D       		.byte	0xd
 1389 0a13 43       		.byte	0x43
 1390 0a14 19       		.byte	0x19
 1391 0a15 17010000 		.4byte	0x117
 1392 0a19 10       		.byte	0x10
 1393 0a1a 00       		.byte	0
 1394 0a1b 0C       		.uleb128 0xc
 1395 0a1c 04       		.byte	0x4
 1396 0a1d C0090000 		.4byte	0x9c0
 1397 0a21 06       		.uleb128 0x6
 1398 0a22 2D070000 		.4byte	.LASF123
 1399 0a26 04       		.byte	0x4
 1400 0a27 0D       		.byte	0xd
 1401 0a28 4A       		.byte	0x4a
 1402 0a29 10       		.byte	0x10
 1403 0a2a 3C0A0000 		.4byte	0xa3c
 1404 0a2e 08       		.uleb128 0x8
 1405 0a2f 8B000000 		.4byte	.LASF64
 1406 0a33 0D       		.byte	0xd
 1407 0a34 4B       		.byte	0x4b
 1408 0a35 1A       		.byte	0x1a
 1409 0a36 1B0A0000 		.4byte	0xa1b
 1410 0a3a 00       		.byte	0
 1411 0a3b 00       		.byte	0
 1412 0a3c 04       		.uleb128 0x4
 1413 0a3d 20020000 		.4byte	.LASF124
 1414 0a41 0D       		.byte	0xd
 1415 0a42 4E       		.byte	0x4e
 1416 0a43 03       		.byte	0x3
 1417 0a44 210A0000 		.4byte	0xa21
 1418 0a48 04       		.uleb128 0x4
 1419 0a49 3D020000 		.4byte	.LASF125
 1420 0a4d 0D       		.byte	0xd
 1421 0a4e 53       		.byte	0x53
 1422 0a4f 10       		.byte	0x10
 1423 0a50 590A0000 		.4byte	0xa59
 1424 0a54 0D       		.uleb128 0xd
 1425 0a55 480A0000 		.4byte	0xa48
ARM GAS  /tmp/ccBn30D0.s 			page 26


 1426 0a59 0C       		.uleb128 0xc
 1427 0a5a 04       		.byte	0x4
 1428 0a5b 5F0A0000 		.4byte	0xa5f
 1429 0a5f 1B       		.uleb128 0x1b
 1430 0a60 6A0A0000 		.4byte	0xa6a
 1431 0a64 1C       		.uleb128 0x1c
 1432 0a65 FF000000 		.4byte	0xff
 1433 0a69 00       		.byte	0
 1434 0a6a 03       		.uleb128 0x3
 1435 0a6b 01       		.byte	0x1
 1436 0a6c 02       		.byte	0x2
 1437 0a6d 75050000 		.4byte	.LASF126
 1438 0a71 1D       		.uleb128 0x1d
 1439 0a72 C0000000 		.4byte	.LASF128
 1440 0a76 0E       		.byte	0xe
 1441 0a77 6402     		.2byte	0x264
 1442 0a79 0D       		.byte	0xd
 1443 0a7a 0B010000 		.4byte	0x10b
 1444 0a7e AA0A0000 		.4byte	0xaaa
 1445 0a82 1E       		.uleb128 0x1e
 1446 0a83 2B060000 		.4byte	.LASF121
 1447 0a87 0E       		.byte	0xe
 1448 0a88 6402     		.2byte	0x264
 1449 0a8a 2D       		.byte	0x2d
 1450 0a8b 0B010000 		.4byte	0x10b
 1451 0a8f 1E       		.uleb128 0x1e
 1452 0a90 7C030000 		.4byte	.LASF127
 1453 0a94 0E       		.byte	0xe
 1454 0a95 6402     		.2byte	0x264
 1455 0a97 43       		.byte	0x43
 1456 0a98 41030000 		.4byte	0x341
 1457 0a9c 1F       		.uleb128 0x1f
 1458 0a9d C5030000 		.4byte	.LASF130
 1459 0aa1 0E       		.byte	0xe
 1460 0aa2 6502     		.2byte	0x265
 1461 0aa4 0D       		.byte	0xd
 1462 0aa5 66040000 		.4byte	0x466
 1463 0aa9 00       		.byte	0
 1464 0aaa 1D       		.uleb128 0x1d
 1465 0aab 90000000 		.4byte	.LASF129
 1466 0aaf 0E       		.byte	0xe
 1467 0ab0 3B02     		.2byte	0x23b
 1468 0ab2 0D       		.byte	0xd
 1469 0ab3 0B010000 		.4byte	0x10b
 1470 0ab7 EE0A0000 		.4byte	0xaee
 1471 0abb 1E       		.uleb128 0x1e
 1472 0abc 2B060000 		.4byte	.LASF121
 1473 0ac0 0E       		.byte	0xe
 1474 0ac1 3B02     		.2byte	0x23b
 1475 0ac3 2D       		.byte	0x2d
 1476 0ac4 0B010000 		.4byte	0x10b
 1477 0ac8 1E       		.uleb128 0x1e
 1478 0ac9 7C030000 		.4byte	.LASF127
 1479 0acd 0E       		.byte	0xe
 1480 0ace 3B02     		.2byte	0x23b
 1481 0ad0 43       		.byte	0x43
 1482 0ad1 41030000 		.4byte	0x341
ARM GAS  /tmp/ccBn30D0.s 			page 27


 1483 0ad5 1F       		.uleb128 0x1f
 1484 0ad6 C5030000 		.4byte	.LASF130
 1485 0ada 0E       		.byte	0xe
 1486 0adb 3C02     		.2byte	0x23c
 1487 0add 0D       		.byte	0xd
 1488 0ade 66040000 		.4byte	0x466
 1489 0ae2 20       		.uleb128 0x20
 1490 0ae3 6D00     		.ascii	"m\000"
 1491 0ae5 0E       		.byte	0xe
 1492 0ae6 3D02     		.2byte	0x23d
 1493 0ae8 0F       		.byte	0xf
 1494 0ae9 0B010000 		.4byte	0x10b
 1495 0aed 00       		.byte	0
 1496 0aee 1D       		.uleb128 0x1d
 1497 0aef 77070000 		.4byte	.LASF131
 1498 0af3 0E       		.byte	0xe
 1499 0af4 1002     		.2byte	0x210
 1500 0af6 0D       		.byte	0xd
 1501 0af7 0B010000 		.4byte	0x10b
 1502 0afb 320B0000 		.4byte	0xb32
 1503 0aff 1E       		.uleb128 0x1e
 1504 0b00 2B060000 		.4byte	.LASF121
 1505 0b04 0E       		.byte	0xe
 1506 0b05 1002     		.2byte	0x210
 1507 0b07 2D       		.byte	0x2d
 1508 0b08 0B010000 		.4byte	0x10b
 1509 0b0c 1E       		.uleb128 0x1e
 1510 0b0d 7C030000 		.4byte	.LASF127
 1511 0b11 0E       		.byte	0xe
 1512 0b12 1002     		.2byte	0x210
 1513 0b14 43       		.byte	0x43
 1514 0b15 41030000 		.4byte	0x341
 1515 0b19 1F       		.uleb128 0x1f
 1516 0b1a C5030000 		.4byte	.LASF130
 1517 0b1e 0E       		.byte	0xe
 1518 0b1f 1102     		.2byte	0x211
 1519 0b21 0D       		.byte	0xd
 1520 0b22 66040000 		.4byte	0x466
 1521 0b26 20       		.uleb128 0x20
 1522 0b27 6D00     		.ascii	"m\000"
 1523 0b29 0E       		.byte	0xe
 1524 0b2a 1202     		.2byte	0x212
 1525 0b2c 0F       		.byte	0xf
 1526 0b2d 0B010000 		.4byte	0x10b
 1527 0b31 00       		.byte	0
 1528 0b32 1D       		.uleb128 0x1d
 1529 0b33 25050000 		.4byte	.LASF132
 1530 0b37 0E       		.byte	0xe
 1531 0b38 EA01     		.2byte	0x1ea
 1532 0b3a 0D       		.byte	0xd
 1533 0b3b 0B010000 		.4byte	0x10b
 1534 0b3f 5E0B0000 		.4byte	0xb5e
 1535 0b43 1E       		.uleb128 0x1e
 1536 0b44 2B060000 		.4byte	.LASF121
 1537 0b48 0E       		.byte	0xe
 1538 0b49 EA01     		.2byte	0x1ea
 1539 0b4b 26       		.byte	0x26
ARM GAS  /tmp/ccBn30D0.s 			page 28


 1540 0b4c 0B010000 		.4byte	0x10b
 1541 0b50 1F       		.uleb128 0x1f
 1542 0b51 C5030000 		.4byte	.LASF130
 1543 0b55 0E       		.byte	0xe
 1544 0b56 EB01     		.2byte	0x1eb
 1545 0b58 0D       		.byte	0xd
 1546 0b59 66040000 		.4byte	0x466
 1547 0b5d 00       		.byte	0
 1548 0b5e 1D       		.uleb128 0x1d
 1549 0b5f 37010000 		.4byte	.LASF133
 1550 0b63 0E       		.byte	0xe
 1551 0b64 CE01     		.2byte	0x1ce
 1552 0b66 0D       		.byte	0xd
 1553 0b67 0B010000 		.4byte	0x10b
 1554 0b6b 950B0000 		.4byte	0xb95
 1555 0b6f 1E       		.uleb128 0x1e
 1556 0b70 2B060000 		.4byte	.LASF121
 1557 0b74 0E       		.byte	0xe
 1558 0b75 CE01     		.2byte	0x1ce
 1559 0b77 26       		.byte	0x26
 1560 0b78 0B010000 		.4byte	0x10b
 1561 0b7c 1F       		.uleb128 0x1f
 1562 0b7d C5030000 		.4byte	.LASF130
 1563 0b81 0E       		.byte	0xe
 1564 0b82 CF01     		.2byte	0x1cf
 1565 0b84 0D       		.byte	0xd
 1566 0b85 66040000 		.4byte	0x466
 1567 0b89 20       		.uleb128 0x20
 1568 0b8a 6D00     		.ascii	"m\000"
 1569 0b8c 0E       		.byte	0xe
 1570 0b8d D001     		.2byte	0x1d0
 1571 0b8f 0F       		.byte	0xf
 1572 0b90 0B010000 		.4byte	0x10b
 1573 0b94 00       		.byte	0
 1574 0b95 1D       		.uleb128 0x1d
 1575 0b96 91050000 		.4byte	.LASF134
 1576 0b9a 0E       		.byte	0xe
 1577 0b9b B001     		.2byte	0x1b0
 1578 0b9d 0D       		.byte	0xd
 1579 0b9e 0B010000 		.4byte	0x10b
 1580 0ba2 CC0B0000 		.4byte	0xbcc
 1581 0ba6 1E       		.uleb128 0x1e
 1582 0ba7 2B060000 		.4byte	.LASF121
 1583 0bab 0E       		.byte	0xe
 1584 0bac B001     		.2byte	0x1b0
 1585 0bae 26       		.byte	0x26
 1586 0baf 0B010000 		.4byte	0x10b
 1587 0bb3 1F       		.uleb128 0x1f
 1588 0bb4 C5030000 		.4byte	.LASF130
 1589 0bb8 0E       		.byte	0xe
 1590 0bb9 B101     		.2byte	0x1b1
 1591 0bbb 0D       		.byte	0xd
 1592 0bbc 66040000 		.4byte	0x466
 1593 0bc0 20       		.uleb128 0x20
 1594 0bc1 6D00     		.ascii	"m\000"
 1595 0bc3 0E       		.byte	0xe
 1596 0bc4 B201     		.2byte	0x1b2
ARM GAS  /tmp/ccBn30D0.s 			page 29


 1597 0bc6 0F       		.byte	0xf
 1598 0bc7 0B010000 		.4byte	0x10b
 1599 0bcb 00       		.byte	0
 1600 0bcc 21       		.uleb128 0x21
 1601 0bcd D2040000 		.4byte	.LASF136
 1602 0bd1 0E       		.byte	0xe
 1603 0bd2 8D01     		.2byte	0x18d
 1604 0bd4 06       		.byte	0x6
 1605 0bd5 0A0C0000 		.4byte	0xc0a
 1606 0bd9 1E       		.uleb128 0x1e
 1607 0bda 3F050000 		.4byte	.LASF135
 1608 0bde 0E       		.byte	0xe
 1609 0bdf 8D01     		.2byte	0x18d
 1610 0be1 27       		.byte	0x27
 1611 0be2 0A0C0000 		.4byte	0xc0a
 1612 0be6 1E       		.uleb128 0x1e
 1613 0be7 2B060000 		.4byte	.LASF121
 1614 0beb 0E       		.byte	0xe
 1615 0bec 8D01     		.2byte	0x18d
 1616 0bee 3D       		.byte	0x3d
 1617 0bef 0B010000 		.4byte	0x10b
 1618 0bf3 20       		.uleb128 0x20
 1619 0bf4 65696400 		.ascii	"eid\000"
 1620 0bf8 0E       		.byte	0xe
 1621 0bf9 8E01     		.2byte	0x18e
 1622 0bfb 0D       		.byte	0xd
 1623 0bfc FF000000 		.4byte	0xff
 1624 0c00 22       		.uleb128 0x22
 1625 0c01 F9050000 		.4byte	.LASF139
 1626 0c05 200C0000 		.4byte	0xc20
 1627 0c09 00       		.byte	0
 1628 0c0a 0C       		.uleb128 0xc
 1629 0c0b 04       		.byte	0x4
 1630 0c0c 540A0000 		.4byte	0xa54
 1631 0c10 15       		.uleb128 0x15
 1632 0c11 24030000 		.4byte	0x324
 1633 0c15 200C0000 		.4byte	0xc20
 1634 0c19 16       		.uleb128 0x16
 1635 0c1a 24000000 		.4byte	0x24
 1636 0c1e 0D       		.byte	0xd
 1637 0c1f 00       		.byte	0
 1638 0c20 0D       		.uleb128 0xd
 1639 0c21 100C0000 		.4byte	0xc10
 1640 0c25 21       		.uleb128 0x21
 1641 0c26 C6010000 		.4byte	.LASF137
 1642 0c2a 0E       		.byte	0xe
 1643 0c2b 7C01     		.2byte	0x17c
 1644 0c2d 06       		.byte	0x6
 1645 0c2e 4D0C0000 		.4byte	0xc4d
 1646 0c32 23       		.uleb128 0x23
 1647 0c33 65737000 		.ascii	"esp\000"
 1648 0c37 0E       		.byte	0xe
 1649 0c38 7C01     		.2byte	0x17c
 1650 0c3a 2A       		.byte	0x2a
 1651 0c3b 4D0C0000 		.4byte	0xc4d
 1652 0c3f 1E       		.uleb128 0x1e
 1653 0c40 50070000 		.4byte	.LASF33
ARM GAS  /tmp/ccBn30D0.s 			page 30


 1654 0c44 0E       		.byte	0xe
 1655 0c45 7C01     		.2byte	0x17c
 1656 0c47 3C       		.byte	0x3c
 1657 0c48 17010000 		.4byte	0x117
 1658 0c4c 00       		.byte	0
 1659 0c4d 0C       		.uleb128 0xc
 1660 0c4e 04       		.byte	0x4
 1661 0c4f 3C0A0000 		.4byte	0xa3c
 1662 0c53 21       		.uleb128 0x21
 1663 0c54 5C010000 		.4byte	.LASF138
 1664 0c58 0E       		.byte	0xe
 1665 0c59 5A01     		.2byte	0x15a
 1666 0c5b 06       		.byte	0x6
 1667 0c5c 910C0000 		.4byte	0xc91
 1668 0c60 23       		.uleb128 0x23
 1669 0c61 65737000 		.ascii	"esp\000"
 1670 0c65 0E       		.byte	0xe
 1671 0c66 5A01     		.2byte	0x15a
 1672 0c68 2B       		.byte	0x2b
 1673 0c69 4D0C0000 		.4byte	0xc4d
 1674 0c6d 1E       		.uleb128 0x1e
 1675 0c6e 50070000 		.4byte	.LASF33
 1676 0c72 0E       		.byte	0xe
 1677 0c73 5A01     		.2byte	0x15a
 1678 0c75 3D       		.byte	0x3d
 1679 0c76 17010000 		.4byte	0x117
 1680 0c7a 20       		.uleb128 0x20
 1681 0c7b 656C7000 		.ascii	"elp\000"
 1682 0c7f 0E       		.byte	0xe
 1683 0c80 5B01     		.2byte	0x15b
 1684 0c82 15       		.byte	0x15
 1685 0c83 1B0A0000 		.4byte	0xa1b
 1686 0c87 22       		.uleb128 0x22
 1687 0c88 F9050000 		.4byte	.LASF139
 1688 0c8c A10C0000 		.4byte	0xca1
 1689 0c90 00       		.byte	0
 1690 0c91 15       		.uleb128 0x15
 1691 0c92 24030000 		.4byte	0x324
 1692 0c96 A10C0000 		.4byte	0xca1
 1693 0c9a 16       		.uleb128 0x16
 1694 0c9b 24000000 		.4byte	0x24
 1695 0c9f 14       		.byte	0x14
 1696 0ca0 00       		.byte	0
 1697 0ca1 0D       		.uleb128 0xd
 1698 0ca2 910C0000 		.4byte	0xc91
 1699 0ca6 21       		.uleb128 0x21
 1700 0ca7 3F000000 		.4byte	.LASF140
 1701 0cab 0E       		.byte	0xe
 1702 0cac 3F01     		.2byte	0x13f
 1703 0cae 06       		.byte	0x6
 1704 0caf D60C0000 		.4byte	0xcd6
 1705 0cb3 23       		.uleb128 0x23
 1706 0cb4 747000   		.ascii	"tp\000"
 1707 0cb7 0E       		.byte	0xe
 1708 0cb8 3F01     		.2byte	0x13f
 1709 0cba 1C       		.byte	0x1c
 1710 0cbb 66040000 		.4byte	0x466
ARM GAS  /tmp/ccBn30D0.s 			page 31


 1711 0cbf 1E       		.uleb128 0x1e
 1712 0cc0 2B060000 		.4byte	.LASF121
 1713 0cc4 0E       		.byte	0xe
 1714 0cc5 3F01     		.2byte	0x13f
 1715 0cc7 2C       		.byte	0x2c
 1716 0cc8 0B010000 		.4byte	0x10b
 1717 0ccc 22       		.uleb128 0x22
 1718 0ccd F9050000 		.4byte	.LASF139
 1719 0cd1 E60C0000 		.4byte	0xce6
 1720 0cd5 00       		.byte	0
 1721 0cd6 15       		.uleb128 0x15
 1722 0cd7 24030000 		.4byte	0x324
 1723 0cdb E60C0000 		.4byte	0xce6
 1724 0cdf 16       		.uleb128 0x16
 1725 0ce0 24000000 		.4byte	0x24
 1726 0ce4 0B       		.byte	0xb
 1727 0ce5 00       		.byte	0
 1728 0ce6 0D       		.uleb128 0xd
 1729 0ce7 D60C0000 		.4byte	0xcd6
 1730 0ceb 21       		.uleb128 0x21
 1731 0cec 1F080000 		.4byte	.LASF141
 1732 0cf0 0E       		.byte	0xe
 1733 0cf1 2701     		.2byte	0x127
 1734 0cf3 06       		.byte	0x6
 1735 0cf4 1B0D0000 		.4byte	0xd1b
 1736 0cf8 23       		.uleb128 0x23
 1737 0cf9 747000   		.ascii	"tp\000"
 1738 0cfc 0E       		.byte	0xe
 1739 0cfd 2701     		.2byte	0x127
 1740 0cff 1D       		.byte	0x1d
 1741 0d00 66040000 		.4byte	0x466
 1742 0d04 1E       		.uleb128 0x1e
 1743 0d05 2B060000 		.4byte	.LASF121
 1744 0d09 0E       		.byte	0xe
 1745 0d0a 2701     		.2byte	0x127
 1746 0d0c 2D       		.byte	0x2d
 1747 0d0d 0B010000 		.4byte	0x10b
 1748 0d11 22       		.uleb128 0x22
 1749 0d12 F9050000 		.4byte	.LASF139
 1750 0d16 2B0D0000 		.4byte	0xd2b
 1751 0d1a 00       		.byte	0
 1752 0d1b 15       		.uleb128 0x15
 1753 0d1c 24030000 		.4byte	0x324
 1754 0d20 2B0D0000 		.4byte	0xd2b
 1755 0d24 16       		.uleb128 0x16
 1756 0d25 24000000 		.4byte	0x24
 1757 0d29 0C       		.byte	0xc
 1758 0d2a 00       		.byte	0
 1759 0d2b 0D       		.uleb128 0xd
 1760 0d2c 1B0D0000 		.4byte	0xd1b
 1761 0d30 1D       		.uleb128 0x1d
 1762 0d31 C1070000 		.4byte	.LASF142
 1763 0d35 0E       		.byte	0xe
 1764 0d36 0E01     		.2byte	0x10e
 1765 0d38 0E       		.byte	0xe
 1766 0d39 17010000 		.4byte	0x117
 1767 0d3d 650D0000 		.4byte	0xd65
ARM GAS  /tmp/ccBn30D0.s 			page 32


 1768 0d41 23       		.uleb128 0x23
 1769 0d42 656C7000 		.ascii	"elp\000"
 1770 0d46 0E       		.byte	0xe
 1771 0d47 0E01     		.2byte	0x10e
 1772 0d49 36       		.byte	0x36
 1773 0d4a 1B0A0000 		.4byte	0xa1b
 1774 0d4e 1F       		.uleb128 0x1f
 1775 0d4f 50070000 		.4byte	.LASF33
 1776 0d53 0E       		.byte	0xe
 1777 0d54 0F01     		.2byte	0x10f
 1778 0d56 10       		.byte	0x10
 1779 0d57 17010000 		.4byte	0x117
 1780 0d5b 22       		.uleb128 0x22
 1781 0d5c F9050000 		.4byte	.LASF139
 1782 0d60 750D0000 		.4byte	0xd75
 1783 0d64 00       		.byte	0
 1784 0d65 15       		.uleb128 0x15
 1785 0d66 24030000 		.4byte	0x324
 1786 0d6a 750D0000 		.4byte	0xd75
 1787 0d6e 16       		.uleb128 0x16
 1788 0d6f 24000000 		.4byte	0x24
 1789 0d73 15       		.byte	0x15
 1790 0d74 00       		.byte	0
 1791 0d75 0D       		.uleb128 0xd
 1792 0d76 650D0000 		.4byte	0xd65
 1793 0d7a 24       		.uleb128 0x24
 1794 0d7b D4050000 		.4byte	.LASF143
 1795 0d7f 0E       		.byte	0xe
 1796 0d80 F7       		.byte	0xf7
 1797 0d81 0E       		.byte	0xe
 1798 0d82 17010000 		.4byte	0x117
 1799 0d86 AC0D0000 		.4byte	0xdac
 1800 0d8a 25       		.uleb128 0x25
 1801 0d8b 656C7000 		.ascii	"elp\000"
 1802 0d8f 0E       		.byte	0xe
 1803 0d90 F7       		.byte	0xf7
 1804 0d91 37       		.byte	0x37
 1805 0d92 1B0A0000 		.4byte	0xa1b
 1806 0d96 26       		.uleb128 0x26
 1807 0d97 50070000 		.4byte	.LASF33
 1808 0d9b 0E       		.byte	0xe
 1809 0d9c F8       		.byte	0xf8
 1810 0d9d 10       		.byte	0x10
 1811 0d9e 17010000 		.4byte	0x117
 1812 0da2 22       		.uleb128 0x22
 1813 0da3 F9050000 		.4byte	.LASF139
 1814 0da7 BC0D0000 		.4byte	0xdbc
 1815 0dab 00       		.byte	0
 1816 0dac 15       		.uleb128 0x15
 1817 0dad 24030000 		.4byte	0x324
 1818 0db1 BC0D0000 		.4byte	0xdbc
 1819 0db5 16       		.uleb128 0x16
 1820 0db6 24000000 		.4byte	0x24
 1821 0dba 16       		.byte	0x16
 1822 0dbb 00       		.byte	0
 1823 0dbc 0D       		.uleb128 0xd
 1824 0dbd AC0D0000 		.4byte	0xdac
ARM GAS  /tmp/ccBn30D0.s 			page 33


 1825 0dc1 24       		.uleb128 0x24
 1826 0dc2 63000000 		.4byte	.LASF144
 1827 0dc6 0E       		.byte	0xe
 1828 0dc7 E2       		.byte	0xe2
 1829 0dc8 0D       		.byte	0xd
 1830 0dc9 0B010000 		.4byte	0x10b
 1831 0dcd EA0D0000 		.4byte	0xdea
 1832 0dd1 27       		.uleb128 0x27
 1833 0dd2 2B060000 		.4byte	.LASF121
 1834 0dd6 0E       		.byte	0xe
 1835 0dd7 E2       		.byte	0xe2
 1836 0dd8 28       		.byte	0x28
 1837 0dd9 0B010000 		.4byte	0x10b
 1838 0ddd 26       		.uleb128 0x26
 1839 0dde E3070000 		.4byte	.LASF145
 1840 0de2 0E       		.byte	0xe
 1841 0de3 E3       		.byte	0xe3
 1842 0de4 0F       		.byte	0xf
 1843 0de5 0B010000 		.4byte	0x10b
 1844 0de9 00       		.byte	0
 1845 0dea 24       		.uleb128 0x24
 1846 0deb 8B020000 		.4byte	.LASF146
 1847 0def 0E       		.byte	0xe
 1848 0df0 CF       		.byte	0xcf
 1849 0df1 0D       		.byte	0xd
 1850 0df2 0B010000 		.4byte	0x10b
 1851 0df6 110E0000 		.4byte	0xe11
 1852 0dfa 27       		.uleb128 0x27
 1853 0dfb 2B060000 		.4byte	.LASF121
 1854 0dff 0E       		.byte	0xe
 1855 0e00 CF       		.byte	0xcf
 1856 0e01 30       		.byte	0x30
 1857 0e02 0B010000 		.4byte	0x10b
 1858 0e06 28       		.uleb128 0x28
 1859 0e07 6D00     		.ascii	"m\000"
 1860 0e09 0E       		.byte	0xe
 1861 0e0a D0       		.byte	0xd0
 1862 0e0b 0F       		.byte	0xf
 1863 0e0c 0B010000 		.4byte	0x10b
 1864 0e10 00       		.byte	0
 1865 0e11 24       		.uleb128 0x24
 1866 0e12 9B070000 		.4byte	.LASF147
 1867 0e16 0E       		.byte	0xe
 1868 0e17 BB       		.byte	0xbb
 1869 0e18 0D       		.byte	0xd
 1870 0e19 0B010000 		.4byte	0x10b
 1871 0e1d 440E0000 		.4byte	0xe44
 1872 0e21 27       		.uleb128 0x27
 1873 0e22 2B060000 		.4byte	.LASF121
 1874 0e26 0E       		.byte	0xe
 1875 0e27 BB       		.byte	0xbb
 1876 0e28 31       		.byte	0x31
 1877 0e29 0B010000 		.4byte	0x10b
 1878 0e2d 26       		.uleb128 0x26
 1879 0e2e C5030000 		.4byte	.LASF130
 1880 0e32 0E       		.byte	0xe
 1881 0e33 BC       		.byte	0xbc
ARM GAS  /tmp/ccBn30D0.s 			page 34


 1882 0e34 0D       		.byte	0xd
 1883 0e35 66040000 		.4byte	0x466
 1884 0e39 28       		.uleb128 0x28
 1885 0e3a 6D00     		.ascii	"m\000"
 1886 0e3c 0E       		.byte	0xe
 1887 0e3d BD       		.byte	0xbd
 1888 0e3e 0F       		.byte	0xf
 1889 0e3f 0B010000 		.4byte	0x10b
 1890 0e43 00       		.byte	0
 1891 0e44 29       		.uleb128 0x29
 1892 0e45 E8030000 		.4byte	.LASF148
 1893 0e49 0E       		.byte	0xe
 1894 0e4a 9E       		.byte	0x9e
 1895 0e4b 06       		.byte	0x6
 1896 0e4c 7C0E0000 		.4byte	0xe7c
 1897 0e50 25       		.uleb128 0x25
 1898 0e51 65737000 		.ascii	"esp\000"
 1899 0e55 0E       		.byte	0xe
 1900 0e56 9E       		.byte	0x9e
 1901 0e57 26       		.byte	0x26
 1902 0e58 4D0C0000 		.4byte	0xc4d
 1903 0e5c 25       		.uleb128 0x25
 1904 0e5d 656C7000 		.ascii	"elp\000"
 1905 0e61 0E       		.byte	0xe
 1906 0e62 9E       		.byte	0x9e
 1907 0e63 3D       		.byte	0x3d
 1908 0e64 1B0A0000 		.4byte	0xa1b
 1909 0e68 28       		.uleb128 0x28
 1910 0e69 7000     		.ascii	"p\000"
 1911 0e6b 0E       		.byte	0xe
 1912 0e6c 9F       		.byte	0x9f
 1913 0e6d 15       		.byte	0x15
 1914 0e6e 1B0A0000 		.4byte	0xa1b
 1915 0e72 22       		.uleb128 0x22
 1916 0e73 F9050000 		.4byte	.LASF139
 1917 0e77 8C0E0000 		.4byte	0xe8c
 1918 0e7b 00       		.byte	0
 1919 0e7c 15       		.uleb128 0x15
 1920 0e7d 24030000 		.4byte	0x324
 1921 0e81 8C0E0000 		.4byte	0xe8c
 1922 0e85 16       		.uleb128 0x16
 1923 0e86 24000000 		.4byte	0x24
 1924 0e8a 0F       		.byte	0xf
 1925 0e8b 00       		.byte	0
 1926 0e8c 0D       		.uleb128 0xd
 1927 0e8d 7C0E0000 		.4byte	0xe7c
 1928 0e91 29       		.uleb128 0x29
 1929 0e92 F8030000 		.4byte	.LASF149
 1930 0e96 0E       		.byte	0xe
 1931 0e97 87       		.byte	0x87
 1932 0e98 06       		.byte	0x6
 1933 0e99 CE0E0000 		.4byte	0xece
 1934 0e9d 25       		.uleb128 0x25
 1935 0e9e 65737000 		.ascii	"esp\000"
 1936 0ea2 0E       		.byte	0xe
 1937 0ea3 87       		.byte	0x87
 1938 0ea4 31       		.byte	0x31
ARM GAS  /tmp/ccBn30D0.s 			page 35


 1939 0ea5 4D0C0000 		.4byte	0xc4d
 1940 0ea9 25       		.uleb128 0x25
 1941 0eaa 656C7000 		.ascii	"elp\000"
 1942 0eae 0E       		.byte	0xe
 1943 0eaf 88       		.byte	0x88
 1944 0eb0 33       		.byte	0x33
 1945 0eb1 1B0A0000 		.4byte	0xa1b
 1946 0eb5 27       		.uleb128 0x27
 1947 0eb6 2B060000 		.4byte	.LASF121
 1948 0eba 0E       		.byte	0xe
 1949 0ebb 89       		.byte	0x89
 1950 0ebc 2D       		.byte	0x2d
 1951 0ebd 0B010000 		.4byte	0x10b
 1952 0ec1 27       		.uleb128 0x27
 1953 0ec2 7D010000 		.4byte	.LASF122
 1954 0ec6 0E       		.byte	0xe
 1955 0ec7 8A       		.byte	0x8a
 1956 0ec8 2E       		.byte	0x2e
 1957 0ec9 17010000 		.4byte	0x117
 1958 0ecd 00       		.byte	0
 1959 0ece 29       		.uleb128 0x29
 1960 0ecf 9E050000 		.4byte	.LASF150
 1961 0ed3 0E       		.byte	0xe
 1962 0ed4 67       		.byte	0x67
 1963 0ed5 06       		.byte	0x6
 1964 0ed6 200F0000 		.4byte	0xf20
 1965 0eda 25       		.uleb128 0x25
 1966 0edb 65737000 		.ascii	"esp\000"
 1967 0edf 0E       		.byte	0xe
 1968 0ee0 67       		.byte	0x67
 1969 0ee1 32       		.byte	0x32
 1970 0ee2 4D0C0000 		.4byte	0xc4d
 1971 0ee6 25       		.uleb128 0x25
 1972 0ee7 656C7000 		.ascii	"elp\000"
 1973 0eeb 0E       		.byte	0xe
 1974 0eec 68       		.byte	0x68
 1975 0eed 34       		.byte	0x34
 1976 0eee 1B0A0000 		.4byte	0xa1b
 1977 0ef2 27       		.uleb128 0x27
 1978 0ef3 2B060000 		.4byte	.LASF121
 1979 0ef7 0E       		.byte	0xe
 1980 0ef8 69       		.byte	0x69
 1981 0ef9 2E       		.byte	0x2e
 1982 0efa 0B010000 		.4byte	0x10b
 1983 0efe 27       		.uleb128 0x27
 1984 0eff 7D010000 		.4byte	.LASF122
 1985 0f03 0E       		.byte	0xe
 1986 0f04 6A       		.byte	0x6a
 1987 0f05 2F       		.byte	0x2f
 1988 0f06 17010000 		.4byte	0x117
 1989 0f0a 26       		.uleb128 0x26
 1990 0f0b C5030000 		.4byte	.LASF130
 1991 0f0f 0E       		.byte	0xe
 1992 0f10 6B       		.byte	0x6b
 1993 0f11 0D       		.byte	0xd
 1994 0f12 66040000 		.4byte	0x466
 1995 0f16 22       		.uleb128 0x22
ARM GAS  /tmp/ccBn30D0.s 			page 36


 1996 0f17 F9050000 		.4byte	.LASF139
 1997 0f1b 300F0000 		.4byte	0xf30
 1998 0f1f 00       		.byte	0
 1999 0f20 15       		.uleb128 0x15
 2000 0f21 24030000 		.4byte	0x324
 2001 0f25 300F0000 		.4byte	0xf30
 2002 0f29 16       		.uleb128 0x16
 2003 0f2a 24000000 		.4byte	0x24
 2004 0f2e 1B       		.byte	0x1b
 2005 0f2f 00       		.byte	0
 2006 0f30 0D       		.uleb128 0xd
 2007 0f31 200F0000 		.4byte	0xf20
 2008 0f35 2A       		.uleb128 0x2a
 2009 0f36 A4000000 		.4byte	.LASF158
 2010 0f3a 0D       		.byte	0xd
 2011 0f3b 1101     		.2byte	0x111
 2012 0f3d 1B       		.byte	0x1b
 2013 0f3e 0B010000 		.4byte	0x10b
 2014 0f42 540F0000 		.4byte	0xf54
 2015 0f46 1E       		.uleb128 0x1e
 2016 0f47 2B060000 		.4byte	.LASF121
 2017 0f4b 0D       		.byte	0xd
 2018 0f4c 1101     		.2byte	0x111
 2019 0f4e 37       		.byte	0x37
 2020 0f4f 0B010000 		.4byte	0x10b
 2021 0f53 00       		.byte	0
 2022 0f54 2B       		.uleb128 0x2b
 2023 0f55 3A070000 		.4byte	.LASF159
 2024 0f59 11       		.byte	0x11
 2025 0f5a 5501     		.2byte	0x155
 2026 0f5c 19       		.byte	0x19
 2027 0f5d 66040000 		.4byte	0x466
 2028 0f61 2C       		.uleb128 0x2c
 2029 0f62 D7070000 		.4byte	.LASF160
 2030 0f66 0F       		.byte	0xf
 2031 0f67 A501     		.2byte	0x1a5
 2032 0f69 14       		.byte	0x14
 2033 0f6a 780F0000 		.4byte	0xf78
 2034 0f6e 22       		.uleb128 0x22
 2035 0f6f F9050000 		.4byte	.LASF139
 2036 0f73 E60C0000 		.4byte	0xce6
 2037 0f77 00       		.byte	0
 2038 0f78 2D       		.uleb128 0x2d
 2039 0f79 02060000 		.4byte	.LASF151
 2040 0f7d 0F       		.byte	0xf
 2041 0f7e 9701     		.2byte	0x197
 2042 0f80 14       		.byte	0x14
 2043 0f81 2D       		.uleb128 0x2d
 2044 0f82 FC010000 		.4byte	.LASF152
 2045 0f86 0A       		.byte	0xa
 2046 0f87 4103     		.2byte	0x341
 2047 0f89 1B       		.byte	0x1b
 2048 0f8a 2D       		.uleb128 0x2d
 2049 0f8b EF070000 		.4byte	.LASF153
 2050 0f8f 0A       		.byte	0xa
 2051 0f90 2903     		.2byte	0x329
 2052 0f92 1B       		.byte	0x1b
ARM GAS  /tmp/ccBn30D0.s 			page 37


 2053 0f93 2E       		.uleb128 0x2e
 2054 0f94 B3070000 		.4byte	.LASF161
 2055 0f98 10       		.byte	0x10
 2056 0f99 EB01     		.2byte	0x1eb
 2057 0f9b 1B       		.byte	0x1b
 2058 0f9c 1E       		.uleb128 0x1e
 2059 0f9d 0B010000 		.4byte	.LASF154
 2060 0fa1 10       		.byte	0x10
 2061 0fa2 EB01     		.2byte	0x1eb
 2062 0fa4 32       		.byte	0x32
 2063 0fa5 80000000 		.4byte	0x80
 2064 0fa9 00       		.byte	0
 2065 0faa 00       		.byte	0
 2066              		.section	.gnu.debuglto_.debug_abbrev,"e",%progbits
 2067              	.Ldebug_abbrev0:
 2068 0000 01       		.uleb128 0x1
 2069 0001 11       		.uleb128 0x11
 2070 0002 01       		.byte	0x1
 2071 0003 25       		.uleb128 0x25
 2072 0004 0E       		.uleb128 0xe
 2073 0005 13       		.uleb128 0x13
 2074 0006 0B       		.uleb128 0xb
 2075 0007 03       		.uleb128 0x3
 2076 0008 0E       		.uleb128 0xe
 2077 0009 1B       		.uleb128 0x1b
 2078 000a 0E       		.uleb128 0xe
 2079 000b 10       		.uleb128 0x10
 2080 000c 17       		.uleb128 0x17
 2081 000d 00       		.byte	0
 2082 000e 00       		.byte	0
 2083 000f 02       		.uleb128 0x2
 2084 0010 24       		.uleb128 0x24
 2085 0011 00       		.byte	0
 2086 0012 0B       		.uleb128 0xb
 2087 0013 0B       		.uleb128 0xb
 2088 0014 3E       		.uleb128 0x3e
 2089 0015 0B       		.uleb128 0xb
 2090 0016 03       		.uleb128 0x3
 2091 0017 08       		.uleb128 0x8
 2092 0018 00       		.byte	0
 2093 0019 00       		.byte	0
 2094 001a 03       		.uleb128 0x3
 2095 001b 24       		.uleb128 0x24
 2096 001c 00       		.byte	0
 2097 001d 0B       		.uleb128 0xb
 2098 001e 0B       		.uleb128 0xb
 2099 001f 3E       		.uleb128 0x3e
 2100 0020 0B       		.uleb128 0xb
 2101 0021 03       		.uleb128 0x3
 2102 0022 0E       		.uleb128 0xe
 2103 0023 00       		.byte	0
 2104 0024 00       		.byte	0
 2105 0025 04       		.uleb128 0x4
 2106 0026 16       		.uleb128 0x16
 2107 0027 00       		.byte	0
 2108 0028 03       		.uleb128 0x3
 2109 0029 0E       		.uleb128 0xe
ARM GAS  /tmp/ccBn30D0.s 			page 38


 2110 002a 3A       		.uleb128 0x3a
 2111 002b 0B       		.uleb128 0xb
 2112 002c 3B       		.uleb128 0x3b
 2113 002d 0B       		.uleb128 0xb
 2114 002e 39       		.uleb128 0x39
 2115 002f 0B       		.uleb128 0xb
 2116 0030 49       		.uleb128 0x49
 2117 0031 13       		.uleb128 0x13
 2118 0032 00       		.byte	0
 2119 0033 00       		.byte	0
 2120 0034 05       		.uleb128 0x5
 2121 0035 35       		.uleb128 0x35
 2122 0036 00       		.byte	0
 2123 0037 49       		.uleb128 0x49
 2124 0038 13       		.uleb128 0x13
 2125 0039 00       		.byte	0
 2126 003a 00       		.byte	0
 2127 003b 06       		.uleb128 0x6
 2128 003c 13       		.uleb128 0x13
 2129 003d 01       		.byte	0x1
 2130 003e 03       		.uleb128 0x3
 2131 003f 0E       		.uleb128 0xe
 2132 0040 0B       		.uleb128 0xb
 2133 0041 0B       		.uleb128 0xb
 2134 0042 3A       		.uleb128 0x3a
 2135 0043 0B       		.uleb128 0xb
 2136 0044 3B       		.uleb128 0x3b
 2137 0045 0B       		.uleb128 0xb
 2138 0046 39       		.uleb128 0x39
 2139 0047 0B       		.uleb128 0xb
 2140 0048 01       		.uleb128 0x1
 2141 0049 13       		.uleb128 0x13
 2142 004a 00       		.byte	0
 2143 004b 00       		.byte	0
 2144 004c 07       		.uleb128 0x7
 2145 004d 0D       		.uleb128 0xd
 2146 004e 00       		.byte	0
 2147 004f 03       		.uleb128 0x3
 2148 0050 08       		.uleb128 0x8
 2149 0051 3A       		.uleb128 0x3a
 2150 0052 0B       		.uleb128 0xb
 2151 0053 3B       		.uleb128 0x3b
 2152 0054 0B       		.uleb128 0xb
 2153 0055 39       		.uleb128 0x39
 2154 0056 0B       		.uleb128 0xb
 2155 0057 49       		.uleb128 0x49
 2156 0058 13       		.uleb128 0x13
 2157 0059 38       		.uleb128 0x38
 2158 005a 0B       		.uleb128 0xb
 2159 005b 00       		.byte	0
 2160 005c 00       		.byte	0
 2161 005d 08       		.uleb128 0x8
 2162 005e 0D       		.uleb128 0xd
 2163 005f 00       		.byte	0
 2164 0060 03       		.uleb128 0x3
 2165 0061 0E       		.uleb128 0xe
 2166 0062 3A       		.uleb128 0x3a
ARM GAS  /tmp/ccBn30D0.s 			page 39


 2167 0063 0B       		.uleb128 0xb
 2168 0064 3B       		.uleb128 0x3b
 2169 0065 0B       		.uleb128 0xb
 2170 0066 39       		.uleb128 0x39
 2171 0067 0B       		.uleb128 0xb
 2172 0068 49       		.uleb128 0x49
 2173 0069 13       		.uleb128 0x13
 2174 006a 38       		.uleb128 0x38
 2175 006b 0B       		.uleb128 0xb
 2176 006c 00       		.byte	0
 2177 006d 00       		.byte	0
 2178 006e 09       		.uleb128 0x9
 2179 006f 0D       		.uleb128 0xd
 2180 0070 00       		.byte	0
 2181 0071 03       		.uleb128 0x3
 2182 0072 08       		.uleb128 0x8
 2183 0073 3A       		.uleb128 0x3a
 2184 0074 0B       		.uleb128 0xb
 2185 0075 3B       		.uleb128 0x3b
 2186 0076 05       		.uleb128 0x5
 2187 0077 39       		.uleb128 0x39
 2188 0078 0B       		.uleb128 0xb
 2189 0079 49       		.uleb128 0x49
 2190 007a 13       		.uleb128 0x13
 2191 007b 38       		.uleb128 0x38
 2192 007c 0B       		.uleb128 0xb
 2193 007d 00       		.byte	0
 2194 007e 00       		.byte	0
 2195 007f 0A       		.uleb128 0xa
 2196 0080 0D       		.uleb128 0xd
 2197 0081 00       		.byte	0
 2198 0082 03       		.uleb128 0x3
 2199 0083 0E       		.uleb128 0xe
 2200 0084 3A       		.uleb128 0x3a
 2201 0085 0B       		.uleb128 0xb
 2202 0086 3B       		.uleb128 0x3b
 2203 0087 05       		.uleb128 0x5
 2204 0088 39       		.uleb128 0x39
 2205 0089 0B       		.uleb128 0xb
 2206 008a 49       		.uleb128 0x49
 2207 008b 13       		.uleb128 0x13
 2208 008c 38       		.uleb128 0x38
 2209 008d 0B       		.uleb128 0xb
 2210 008e 00       		.byte	0
 2211 008f 00       		.byte	0
 2212 0090 0B       		.uleb128 0xb
 2213 0091 13       		.uleb128 0x13
 2214 0092 01       		.byte	0x1
 2215 0093 03       		.uleb128 0x3
 2216 0094 0E       		.uleb128 0xe
 2217 0095 0B       		.uleb128 0xb
 2218 0096 05       		.uleb128 0x5
 2219 0097 3A       		.uleb128 0x3a
 2220 0098 0B       		.uleb128 0xb
 2221 0099 3B       		.uleb128 0x3b
 2222 009a 05       		.uleb128 0x5
 2223 009b 39       		.uleb128 0x39
ARM GAS  /tmp/ccBn30D0.s 			page 40


 2224 009c 0B       		.uleb128 0xb
 2225 009d 01       		.uleb128 0x1
 2226 009e 13       		.uleb128 0x13
 2227 009f 00       		.byte	0
 2228 00a0 00       		.byte	0
 2229 00a1 0C       		.uleb128 0xc
 2230 00a2 0F       		.uleb128 0xf
 2231 00a3 00       		.byte	0
 2232 00a4 0B       		.uleb128 0xb
 2233 00a5 0B       		.uleb128 0xb
 2234 00a6 49       		.uleb128 0x49
 2235 00a7 13       		.uleb128 0x13
 2236 00a8 00       		.byte	0
 2237 00a9 00       		.byte	0
 2238 00aa 0D       		.uleb128 0xd
 2239 00ab 26       		.uleb128 0x26
 2240 00ac 00       		.byte	0
 2241 00ad 49       		.uleb128 0x49
 2242 00ae 13       		.uleb128 0x13
 2243 00af 00       		.byte	0
 2244 00b0 00       		.byte	0
 2245 00b1 0E       		.uleb128 0xe
 2246 00b2 13       		.uleb128 0x13
 2247 00b3 01       		.byte	0x1
 2248 00b4 0B       		.uleb128 0xb
 2249 00b5 0B       		.uleb128 0xb
 2250 00b6 3A       		.uleb128 0x3a
 2251 00b7 0B       		.uleb128 0xb
 2252 00b8 3B       		.uleb128 0x3b
 2253 00b9 0B       		.uleb128 0xb
 2254 00ba 39       		.uleb128 0x39
 2255 00bb 0B       		.uleb128 0xb
 2256 00bc 01       		.uleb128 0x1
 2257 00bd 13       		.uleb128 0x13
 2258 00be 00       		.byte	0
 2259 00bf 00       		.byte	0
 2260 00c0 0F       		.uleb128 0xf
 2261 00c1 0F       		.uleb128 0xf
 2262 00c2 00       		.byte	0
 2263 00c3 0B       		.uleb128 0xb
 2264 00c4 0B       		.uleb128 0xb
 2265 00c5 00       		.byte	0
 2266 00c6 00       		.byte	0
 2267 00c7 10       		.uleb128 0x10
 2268 00c8 17       		.uleb128 0x17
 2269 00c9 01       		.byte	0x1
 2270 00ca 0B       		.uleb128 0xb
 2271 00cb 0B       		.uleb128 0xb
 2272 00cc 3A       		.uleb128 0x3a
 2273 00cd 0B       		.uleb128 0xb
 2274 00ce 3B       		.uleb128 0x3b
 2275 00cf 0B       		.uleb128 0xb
 2276 00d0 39       		.uleb128 0x39
 2277 00d1 0B       		.uleb128 0xb
 2278 00d2 01       		.uleb128 0x1
 2279 00d3 13       		.uleb128 0x13
 2280 00d4 00       		.byte	0
ARM GAS  /tmp/ccBn30D0.s 			page 41


 2281 00d5 00       		.byte	0
 2282 00d6 11       		.uleb128 0x11
 2283 00d7 0D       		.uleb128 0xd
 2284 00d8 00       		.byte	0
 2285 00d9 03       		.uleb128 0x3
 2286 00da 08       		.uleb128 0x8
 2287 00db 3A       		.uleb128 0x3a
 2288 00dc 0B       		.uleb128 0xb
 2289 00dd 3B       		.uleb128 0x3b
 2290 00de 0B       		.uleb128 0xb
 2291 00df 39       		.uleb128 0x39
 2292 00e0 0B       		.uleb128 0xb
 2293 00e1 49       		.uleb128 0x49
 2294 00e2 13       		.uleb128 0x13
 2295 00e3 00       		.byte	0
 2296 00e4 00       		.byte	0
 2297 00e5 12       		.uleb128 0x12
 2298 00e6 0D       		.uleb128 0xd
 2299 00e7 00       		.byte	0
 2300 00e8 03       		.uleb128 0x3
 2301 00e9 0E       		.uleb128 0xe
 2302 00ea 3A       		.uleb128 0x3a
 2303 00eb 0B       		.uleb128 0xb
 2304 00ec 3B       		.uleb128 0x3b
 2305 00ed 0B       		.uleb128 0xb
 2306 00ee 39       		.uleb128 0x39
 2307 00ef 0B       		.uleb128 0xb
 2308 00f0 49       		.uleb128 0x49
 2309 00f1 13       		.uleb128 0x13
 2310 00f2 00       		.byte	0
 2311 00f3 00       		.byte	0
 2312 00f4 13       		.uleb128 0x13
 2313 00f5 0D       		.uleb128 0xd
 2314 00f6 00       		.byte	0
 2315 00f7 03       		.uleb128 0x3
 2316 00f8 0E       		.uleb128 0xe
 2317 00f9 3A       		.uleb128 0x3a
 2318 00fa 0B       		.uleb128 0xb
 2319 00fb 3B       		.uleb128 0x3b
 2320 00fc 0B       		.uleb128 0xb
 2321 00fd 39       		.uleb128 0x39
 2322 00fe 0B       		.uleb128 0xb
 2323 00ff 49       		.uleb128 0x49
 2324 0100 13       		.uleb128 0x13
 2325 0101 0B       		.uleb128 0xb
 2326 0102 0B       		.uleb128 0xb
 2327 0103 0D       		.uleb128 0xd
 2328 0104 0B       		.uleb128 0xb
 2329 0105 0C       		.uleb128 0xc
 2330 0106 0B       		.uleb128 0xb
 2331 0107 38       		.uleb128 0x38
 2332 0108 0B       		.uleb128 0xb
 2333 0109 00       		.byte	0
 2334 010a 00       		.byte	0
 2335 010b 14       		.uleb128 0x14
 2336 010c 13       		.uleb128 0x13
 2337 010d 01       		.byte	0x1
ARM GAS  /tmp/ccBn30D0.s 			page 42


 2338 010e 0B       		.uleb128 0xb
 2339 010f 05       		.uleb128 0x5
 2340 0110 3A       		.uleb128 0x3a
 2341 0111 0B       		.uleb128 0xb
 2342 0112 3B       		.uleb128 0x3b
 2343 0113 0B       		.uleb128 0xb
 2344 0114 39       		.uleb128 0x39
 2345 0115 0B       		.uleb128 0xb
 2346 0116 01       		.uleb128 0x1
 2347 0117 13       		.uleb128 0x13
 2348 0118 00       		.byte	0
 2349 0119 00       		.byte	0
 2350 011a 15       		.uleb128 0x15
 2351 011b 01       		.uleb128 0x1
 2352 011c 01       		.byte	0x1
 2353 011d 49       		.uleb128 0x49
 2354 011e 13       		.uleb128 0x13
 2355 011f 01       		.uleb128 0x1
 2356 0120 13       		.uleb128 0x13
 2357 0121 00       		.byte	0
 2358 0122 00       		.byte	0
 2359 0123 16       		.uleb128 0x16
 2360 0124 21       		.uleb128 0x21
 2361 0125 00       		.byte	0
 2362 0126 49       		.uleb128 0x49
 2363 0127 13       		.uleb128 0x13
 2364 0128 2F       		.uleb128 0x2f
 2365 0129 0B       		.uleb128 0xb
 2366 012a 00       		.byte	0
 2367 012b 00       		.byte	0
 2368 012c 17       		.uleb128 0x17
 2369 012d 13       		.uleb128 0x13
 2370 012e 01       		.byte	0x1
 2371 012f 03       		.uleb128 0x3
 2372 0130 0E       		.uleb128 0xe
 2373 0131 0B       		.uleb128 0xb
 2374 0132 0B       		.uleb128 0xb
 2375 0133 3A       		.uleb128 0x3a
 2376 0134 0B       		.uleb128 0xb
 2377 0135 3B       		.uleb128 0x3b
 2378 0136 05       		.uleb128 0x5
 2379 0137 39       		.uleb128 0x39
 2380 0138 0B       		.uleb128 0xb
 2381 0139 01       		.uleb128 0x1
 2382 013a 13       		.uleb128 0x13
 2383 013b 00       		.byte	0
 2384 013c 00       		.byte	0
 2385 013d 18       		.uleb128 0x18
 2386 013e 0D       		.uleb128 0xd
 2387 013f 00       		.byte	0
 2388 0140 03       		.uleb128 0x3
 2389 0141 0E       		.uleb128 0xe
 2390 0142 3A       		.uleb128 0x3a
 2391 0143 0B       		.uleb128 0xb
 2392 0144 3B       		.uleb128 0x3b
 2393 0145 05       		.uleb128 0x5
 2394 0146 39       		.uleb128 0x39
ARM GAS  /tmp/ccBn30D0.s 			page 43


 2395 0147 0B       		.uleb128 0xb
 2396 0148 49       		.uleb128 0x49
 2397 0149 13       		.uleb128 0x13
 2398 014a 00       		.byte	0
 2399 014b 00       		.byte	0
 2400 014c 19       		.uleb128 0x19
 2401 014d 16       		.uleb128 0x16
 2402 014e 00       		.byte	0
 2403 014f 03       		.uleb128 0x3
 2404 0150 0E       		.uleb128 0xe
 2405 0151 3A       		.uleb128 0x3a
 2406 0152 0B       		.uleb128 0xb
 2407 0153 3B       		.uleb128 0x3b
 2408 0154 05       		.uleb128 0x5
 2409 0155 39       		.uleb128 0x39
 2410 0156 0B       		.uleb128 0xb
 2411 0157 49       		.uleb128 0x49
 2412 0158 13       		.uleb128 0x13
 2413 0159 00       		.byte	0
 2414 015a 00       		.byte	0
 2415 015b 1A       		.uleb128 0x1a
 2416 015c 34       		.uleb128 0x34
 2417 015d 00       		.byte	0
 2418 015e 03       		.uleb128 0x3
 2419 015f 08       		.uleb128 0x8
 2420 0160 3A       		.uleb128 0x3a
 2421 0161 0B       		.uleb128 0xb
 2422 0162 3B       		.uleb128 0x3b
 2423 0163 05       		.uleb128 0x5
 2424 0164 39       		.uleb128 0x39
 2425 0165 0B       		.uleb128 0xb
 2426 0166 49       		.uleb128 0x49
 2427 0167 13       		.uleb128 0x13
 2428 0168 3F       		.uleb128 0x3f
 2429 0169 19       		.uleb128 0x19
 2430 016a 3C       		.uleb128 0x3c
 2431 016b 19       		.uleb128 0x19
 2432 016c 00       		.byte	0
 2433 016d 00       		.byte	0
 2434 016e 1B       		.uleb128 0x1b
 2435 016f 15       		.uleb128 0x15
 2436 0170 01       		.byte	0x1
 2437 0171 27       		.uleb128 0x27
 2438 0172 19       		.uleb128 0x19
 2439 0173 01       		.uleb128 0x1
 2440 0174 13       		.uleb128 0x13
 2441 0175 00       		.byte	0
 2442 0176 00       		.byte	0
 2443 0177 1C       		.uleb128 0x1c
 2444 0178 05       		.uleb128 0x5
 2445 0179 00       		.byte	0
 2446 017a 49       		.uleb128 0x49
 2447 017b 13       		.uleb128 0x13
 2448 017c 00       		.byte	0
 2449 017d 00       		.byte	0
 2450 017e 1D       		.uleb128 0x1d
 2451 017f 2E       		.uleb128 0x2e
ARM GAS  /tmp/ccBn30D0.s 			page 44


 2452 0180 01       		.byte	0x1
 2453 0181 3F       		.uleb128 0x3f
 2454 0182 19       		.uleb128 0x19
 2455 0183 03       		.uleb128 0x3
 2456 0184 0E       		.uleb128 0xe
 2457 0185 3A       		.uleb128 0x3a
 2458 0186 0B       		.uleb128 0xb
 2459 0187 3B       		.uleb128 0x3b
 2460 0188 05       		.uleb128 0x5
 2461 0189 39       		.uleb128 0x39
 2462 018a 0B       		.uleb128 0xb
 2463 018b 27       		.uleb128 0x27
 2464 018c 19       		.uleb128 0x19
 2465 018d 49       		.uleb128 0x49
 2466 018e 13       		.uleb128 0x13
 2467 018f 01       		.uleb128 0x1
 2468 0190 13       		.uleb128 0x13
 2469 0191 00       		.byte	0
 2470 0192 00       		.byte	0
 2471 0193 1E       		.uleb128 0x1e
 2472 0194 05       		.uleb128 0x5
 2473 0195 00       		.byte	0
 2474 0196 03       		.uleb128 0x3
 2475 0197 0E       		.uleb128 0xe
 2476 0198 3A       		.uleb128 0x3a
 2477 0199 0B       		.uleb128 0xb
 2478 019a 3B       		.uleb128 0x3b
 2479 019b 05       		.uleb128 0x5
 2480 019c 39       		.uleb128 0x39
 2481 019d 0B       		.uleb128 0xb
 2482 019e 49       		.uleb128 0x49
 2483 019f 13       		.uleb128 0x13
 2484 01a0 00       		.byte	0
 2485 01a1 00       		.byte	0
 2486 01a2 1F       		.uleb128 0x1f
 2487 01a3 34       		.uleb128 0x34
 2488 01a4 00       		.byte	0
 2489 01a5 03       		.uleb128 0x3
 2490 01a6 0E       		.uleb128 0xe
 2491 01a7 3A       		.uleb128 0x3a
 2492 01a8 0B       		.uleb128 0xb
 2493 01a9 3B       		.uleb128 0x3b
 2494 01aa 05       		.uleb128 0x5
 2495 01ab 39       		.uleb128 0x39
 2496 01ac 0B       		.uleb128 0xb
 2497 01ad 49       		.uleb128 0x49
 2498 01ae 13       		.uleb128 0x13
 2499 01af 00       		.byte	0
 2500 01b0 00       		.byte	0
 2501 01b1 20       		.uleb128 0x20
 2502 01b2 34       		.uleb128 0x34
 2503 01b3 00       		.byte	0
 2504 01b4 03       		.uleb128 0x3
 2505 01b5 08       		.uleb128 0x8
 2506 01b6 3A       		.uleb128 0x3a
 2507 01b7 0B       		.uleb128 0xb
 2508 01b8 3B       		.uleb128 0x3b
ARM GAS  /tmp/ccBn30D0.s 			page 45


 2509 01b9 05       		.uleb128 0x5
 2510 01ba 39       		.uleb128 0x39
 2511 01bb 0B       		.uleb128 0xb
 2512 01bc 49       		.uleb128 0x49
 2513 01bd 13       		.uleb128 0x13
 2514 01be 00       		.byte	0
 2515 01bf 00       		.byte	0
 2516 01c0 21       		.uleb128 0x21
 2517 01c1 2E       		.uleb128 0x2e
 2518 01c2 01       		.byte	0x1
 2519 01c3 3F       		.uleb128 0x3f
 2520 01c4 19       		.uleb128 0x19
 2521 01c5 03       		.uleb128 0x3
 2522 01c6 0E       		.uleb128 0xe
 2523 01c7 3A       		.uleb128 0x3a
 2524 01c8 0B       		.uleb128 0xb
 2525 01c9 3B       		.uleb128 0x3b
 2526 01ca 05       		.uleb128 0x5
 2527 01cb 39       		.uleb128 0x39
 2528 01cc 0B       		.uleb128 0xb
 2529 01cd 27       		.uleb128 0x27
 2530 01ce 19       		.uleb128 0x19
 2531 01cf 01       		.uleb128 0x1
 2532 01d0 13       		.uleb128 0x13
 2533 01d1 00       		.byte	0
 2534 01d2 00       		.byte	0
 2535 01d3 22       		.uleb128 0x22
 2536 01d4 34       		.uleb128 0x34
 2537 01d5 00       		.byte	0
 2538 01d6 03       		.uleb128 0x3
 2539 01d7 0E       		.uleb128 0xe
 2540 01d8 49       		.uleb128 0x49
 2541 01d9 13       		.uleb128 0x13
 2542 01da 34       		.uleb128 0x34
 2543 01db 19       		.uleb128 0x19
 2544 01dc 00       		.byte	0
 2545 01dd 00       		.byte	0
 2546 01de 23       		.uleb128 0x23
 2547 01df 05       		.uleb128 0x5
 2548 01e0 00       		.byte	0
 2549 01e1 03       		.uleb128 0x3
 2550 01e2 08       		.uleb128 0x8
 2551 01e3 3A       		.uleb128 0x3a
 2552 01e4 0B       		.uleb128 0xb
 2553 01e5 3B       		.uleb128 0x3b
 2554 01e6 05       		.uleb128 0x5
 2555 01e7 39       		.uleb128 0x39
 2556 01e8 0B       		.uleb128 0xb
 2557 01e9 49       		.uleb128 0x49
 2558 01ea 13       		.uleb128 0x13
 2559 01eb 00       		.byte	0
 2560 01ec 00       		.byte	0
 2561 01ed 24       		.uleb128 0x24
 2562 01ee 2E       		.uleb128 0x2e
 2563 01ef 01       		.byte	0x1
 2564 01f0 3F       		.uleb128 0x3f
 2565 01f1 19       		.uleb128 0x19
ARM GAS  /tmp/ccBn30D0.s 			page 46


 2566 01f2 03       		.uleb128 0x3
 2567 01f3 0E       		.uleb128 0xe
 2568 01f4 3A       		.uleb128 0x3a
 2569 01f5 0B       		.uleb128 0xb
 2570 01f6 3B       		.uleb128 0x3b
 2571 01f7 0B       		.uleb128 0xb
 2572 01f8 39       		.uleb128 0x39
 2573 01f9 0B       		.uleb128 0xb
 2574 01fa 27       		.uleb128 0x27
 2575 01fb 19       		.uleb128 0x19
 2576 01fc 49       		.uleb128 0x49
 2577 01fd 13       		.uleb128 0x13
 2578 01fe 01       		.uleb128 0x1
 2579 01ff 13       		.uleb128 0x13
 2580 0200 00       		.byte	0
 2581 0201 00       		.byte	0
 2582 0202 25       		.uleb128 0x25
 2583 0203 05       		.uleb128 0x5
 2584 0204 00       		.byte	0
 2585 0205 03       		.uleb128 0x3
 2586 0206 08       		.uleb128 0x8
 2587 0207 3A       		.uleb128 0x3a
 2588 0208 0B       		.uleb128 0xb
 2589 0209 3B       		.uleb128 0x3b
 2590 020a 0B       		.uleb128 0xb
 2591 020b 39       		.uleb128 0x39
 2592 020c 0B       		.uleb128 0xb
 2593 020d 49       		.uleb128 0x49
 2594 020e 13       		.uleb128 0x13
 2595 020f 00       		.byte	0
 2596 0210 00       		.byte	0
 2597 0211 26       		.uleb128 0x26
 2598 0212 34       		.uleb128 0x34
 2599 0213 00       		.byte	0
 2600 0214 03       		.uleb128 0x3
 2601 0215 0E       		.uleb128 0xe
 2602 0216 3A       		.uleb128 0x3a
 2603 0217 0B       		.uleb128 0xb
 2604 0218 3B       		.uleb128 0x3b
 2605 0219 0B       		.uleb128 0xb
 2606 021a 39       		.uleb128 0x39
 2607 021b 0B       		.uleb128 0xb
 2608 021c 49       		.uleb128 0x49
 2609 021d 13       		.uleb128 0x13
 2610 021e 00       		.byte	0
 2611 021f 00       		.byte	0
 2612 0220 27       		.uleb128 0x27
 2613 0221 05       		.uleb128 0x5
 2614 0222 00       		.byte	0
 2615 0223 03       		.uleb128 0x3
 2616 0224 0E       		.uleb128 0xe
 2617 0225 3A       		.uleb128 0x3a
 2618 0226 0B       		.uleb128 0xb
 2619 0227 3B       		.uleb128 0x3b
 2620 0228 0B       		.uleb128 0xb
 2621 0229 39       		.uleb128 0x39
 2622 022a 0B       		.uleb128 0xb
ARM GAS  /tmp/ccBn30D0.s 			page 47


 2623 022b 49       		.uleb128 0x49
 2624 022c 13       		.uleb128 0x13
 2625 022d 00       		.byte	0
 2626 022e 00       		.byte	0
 2627 022f 28       		.uleb128 0x28
 2628 0230 34       		.uleb128 0x34
 2629 0231 00       		.byte	0
 2630 0232 03       		.uleb128 0x3
 2631 0233 08       		.uleb128 0x8
 2632 0234 3A       		.uleb128 0x3a
 2633 0235 0B       		.uleb128 0xb
 2634 0236 3B       		.uleb128 0x3b
 2635 0237 0B       		.uleb128 0xb
 2636 0238 39       		.uleb128 0x39
 2637 0239 0B       		.uleb128 0xb
 2638 023a 49       		.uleb128 0x49
 2639 023b 13       		.uleb128 0x13
 2640 023c 00       		.byte	0
 2641 023d 00       		.byte	0
 2642 023e 29       		.uleb128 0x29
 2643 023f 2E       		.uleb128 0x2e
 2644 0240 01       		.byte	0x1
 2645 0241 3F       		.uleb128 0x3f
 2646 0242 19       		.uleb128 0x19
 2647 0243 03       		.uleb128 0x3
 2648 0244 0E       		.uleb128 0xe
 2649 0245 3A       		.uleb128 0x3a
 2650 0246 0B       		.uleb128 0xb
 2651 0247 3B       		.uleb128 0x3b
 2652 0248 0B       		.uleb128 0xb
 2653 0249 39       		.uleb128 0x39
 2654 024a 0B       		.uleb128 0xb
 2655 024b 27       		.uleb128 0x27
 2656 024c 19       		.uleb128 0x19
 2657 024d 01       		.uleb128 0x1
 2658 024e 13       		.uleb128 0x13
 2659 024f 00       		.byte	0
 2660 0250 00       		.byte	0
 2661 0251 2A       		.uleb128 0x2a
 2662 0252 2E       		.uleb128 0x2e
 2663 0253 01       		.byte	0x1
 2664 0254 03       		.uleb128 0x3
 2665 0255 0E       		.uleb128 0xe
 2666 0256 3A       		.uleb128 0x3a
 2667 0257 0B       		.uleb128 0xb
 2668 0258 3B       		.uleb128 0x3b
 2669 0259 05       		.uleb128 0x5
 2670 025a 39       		.uleb128 0x39
 2671 025b 0B       		.uleb128 0xb
 2672 025c 27       		.uleb128 0x27
 2673 025d 19       		.uleb128 0x19
 2674 025e 49       		.uleb128 0x49
 2675 025f 13       		.uleb128 0x13
 2676 0260 01       		.uleb128 0x1
 2677 0261 13       		.uleb128 0x13
 2678 0262 00       		.byte	0
 2679 0263 00       		.byte	0
ARM GAS  /tmp/ccBn30D0.s 			page 48


 2680 0264 2B       		.uleb128 0x2b
 2681 0265 2E       		.uleb128 0x2e
 2682 0266 00       		.byte	0
 2683 0267 03       		.uleb128 0x3
 2684 0268 0E       		.uleb128 0xe
 2685 0269 3A       		.uleb128 0x3a
 2686 026a 0B       		.uleb128 0xb
 2687 026b 3B       		.uleb128 0x3b
 2688 026c 05       		.uleb128 0x5
 2689 026d 39       		.uleb128 0x39
 2690 026e 0B       		.uleb128 0xb
 2691 026f 27       		.uleb128 0x27
 2692 0270 19       		.uleb128 0x19
 2693 0271 49       		.uleb128 0x49
 2694 0272 13       		.uleb128 0x13
 2695 0273 00       		.byte	0
 2696 0274 00       		.byte	0
 2697 0275 2C       		.uleb128 0x2c
 2698 0276 2E       		.uleb128 0x2e
 2699 0277 01       		.byte	0x1
 2700 0278 03       		.uleb128 0x3
 2701 0279 0E       		.uleb128 0xe
 2702 027a 3A       		.uleb128 0x3a
 2703 027b 0B       		.uleb128 0xb
 2704 027c 3B       		.uleb128 0x3b
 2705 027d 05       		.uleb128 0x5
 2706 027e 39       		.uleb128 0x39
 2707 027f 0B       		.uleb128 0xb
 2708 0280 27       		.uleb128 0x27
 2709 0281 19       		.uleb128 0x19
 2710 0282 01       		.uleb128 0x1
 2711 0283 13       		.uleb128 0x13
 2712 0284 00       		.byte	0
 2713 0285 00       		.byte	0
 2714 0286 2D       		.uleb128 0x2d
 2715 0287 2E       		.uleb128 0x2e
 2716 0288 00       		.byte	0
 2717 0289 03       		.uleb128 0x3
 2718 028a 0E       		.uleb128 0xe
 2719 028b 3A       		.uleb128 0x3a
 2720 028c 0B       		.uleb128 0xb
 2721 028d 3B       		.uleb128 0x3b
 2722 028e 05       		.uleb128 0x5
 2723 028f 39       		.uleb128 0x39
 2724 0290 0B       		.uleb128 0xb
 2725 0291 27       		.uleb128 0x27
 2726 0292 19       		.uleb128 0x19
 2727 0293 00       		.byte	0
 2728 0294 00       		.byte	0
 2729 0295 2E       		.uleb128 0x2e
 2730 0296 2E       		.uleb128 0x2e
 2731 0297 01       		.byte	0x1
 2732 0298 03       		.uleb128 0x3
 2733 0299 0E       		.uleb128 0xe
 2734 029a 3A       		.uleb128 0x3a
 2735 029b 0B       		.uleb128 0xb
 2736 029c 3B       		.uleb128 0x3b
ARM GAS  /tmp/ccBn30D0.s 			page 49


 2737 029d 05       		.uleb128 0x5
 2738 029e 39       		.uleb128 0x39
 2739 029f 0B       		.uleb128 0xb
 2740 02a0 27       		.uleb128 0x27
 2741 02a1 19       		.uleb128 0x19
 2742 02a2 00       		.byte	0
 2743 02a3 00       		.byte	0
 2744 02a4 00       		.byte	0
 2745              		.section	.gnu.debuglto_.debug_line,"e",%progbits
 2746              	.Ldebug_line0:
 2747 0000 F3010000 		.4byte	.LELT0-.LSLT0
 2748              	.LSLT0:
 2749 0004 0400     		.2byte	0x4
 2750 0006 ED010000 		.4byte	.LELTP0-.LASLTP0
 2751              	.LASLTP0:
 2752 000a 01       		.byte	0x1
 2753 000b 01       		.byte	0x1
 2754 000c 01       		.byte	0x1
 2755 000d F6       		.byte	0xf6
 2756 000e F2       		.byte	0xf2
 2757 000f 0D       		.byte	0xd
 2758 0010 00       		.byte	0
 2759 0011 01       		.byte	0x1
 2760 0012 01       		.byte	0x1
 2761 0013 01       		.byte	0x1
 2762 0014 01       		.byte	0x1
 2763 0015 00       		.byte	0
 2764 0016 00       		.byte	0
 2765 0017 00       		.byte	0
 2766 0018 01       		.byte	0x1
 2767 0019 00       		.byte	0
 2768 001a 00       		.byte	0
 2769 001b 01       		.byte	0x1
 2770 001c 74686972 		.ascii	"third_party/ChibiOS/os/common/ext/ARM/CMSIS/Core/In"
 2770      645F7061 
 2770      7274792F 
 2770      43686962 
 2770      694F532F 
 2771 004f 636C7564 		.ascii	"clude"
 2771      65
 2772 0054 00       		.byte	0
 2773 0055 74686972 		.ascii	"third_party/ChibiOS/os/common/ports/ARM-common"
 2773      645F7061 
 2773      7274792F 
 2773      43686962 
 2773      694F532F 
 2774 0083 00       		.byte	0
 2775 0084 74686972 		.ascii	"third_party/ChibiOS/os/common/ports/ARMv7-M"
 2775      645F7061 
 2775      7274792F 
 2775      43686962 
 2775      694F532F 
 2776 00af 00       		.byte	0
 2777 00b0 74686972 		.ascii	"third_party/ChibiOS/os/rt/include"
 2777      645F7061 
 2777      7274792F 
 2777      43686962 
ARM GAS  /tmp/ccBn30D0.s 			page 50


 2777      694F532F 
 2778 00d1 00       		.byte	0
 2779 00d2 74686972 		.ascii	"third_party/ChibiOS/os/rt/src"
 2779      645F7061 
 2779      7274792F 
 2779      43686962 
 2779      694F532F 
 2780 00ef 00       		.byte	0
 2781 00f0 2F757372 		.ascii	"/usr/lib/gcc/arm-none-eabi/10.3.1/include"
 2781      2F6C6962 
 2781      2F676363 
 2781      2F61726D 
 2781      2D6E6F6E 
 2782 0119 00       		.byte	0
 2783 011a 00       		.byte	0
 2784 011b 73746469 		.ascii	"stdint.h\000"
 2784      6E742E68 
 2784      00
 2785 0124 06       		.uleb128 0x6
 2786 0125 00       		.uleb128 0
 2787 0126 00       		.uleb128 0
 2788 0127 63687479 		.ascii	"chtypes.h\000"
 2788      7065732E 
 2788      6800
 2789 0131 02       		.uleb128 0x2
 2790 0132 00       		.uleb128 0
 2791 0133 00       		.uleb128 0
 2792 0134 63686561 		.ascii	"chearly.h\000"
 2792      726C792E 
 2792      6800
 2793 013e 04       		.uleb128 0x4
 2794 013f 00       		.uleb128 0
 2795 0140 00       		.uleb128 0
 2796 0141 63686F62 		.ascii	"chobjects.h\000"
 2796      6A656374 
 2796      732E6800 
 2797 014d 04       		.uleb128 0x4
 2798 014e 00       		.uleb128 0
 2799 014f 00       		.uleb128 0
 2800 0150 63687266 		.ascii	"chrfcu.h\000"
 2800      63752E68 
 2800      00
 2801 0159 04       		.uleb128 0x4
 2802 015a 00       		.uleb128 0
 2803 015b 00       		.uleb128 0
 2804 015c 63686465 		.ascii	"chdebug.h\000"
 2804      6275672E 
 2804      6800
 2805 0166 04       		.uleb128 0x4
 2806 0167 00       		.uleb128 0
 2807 0168 00       		.uleb128 0
 2808 0169 63687469 		.ascii	"chtime.h\000"
 2808      6D652E68 
 2808      00
 2809 0172 04       		.uleb128 0x4
 2810 0173 00       		.uleb128 0
 2811 0174 00       		.uleb128 0
ARM GAS  /tmp/ccBn30D0.s 			page 51


 2812 0175 63686C69 		.ascii	"chlists.h\000"
 2812      7374732E 
 2812      6800
 2813 017f 04       		.uleb128 0x4
 2814 0180 00       		.uleb128 0
 2815 0181 00       		.uleb128 0
 2816 0182 63687472 		.ascii	"chtrace.h\000"
 2816      6163652E 
 2816      6800
 2817 018c 04       		.uleb128 0x4
 2818 018d 00       		.uleb128 0
 2819 018e 00       		.uleb128 0
 2820 018f 6368636F 		.ascii	"chcore.h\000"
 2820      72652E68 
 2820      00
 2821 0198 03       		.uleb128 0x3
 2822 0199 00       		.uleb128 0
 2823 019a 00       		.uleb128 0
 2824 019b 63687365 		.ascii	"chsem.h\000"
 2824      6D2E6800 
 2825 01a3 04       		.uleb128 0x4
 2826 01a4 00       		.uleb128 0
 2827 01a5 00       		.uleb128 0
 2828 01a6 63686D74 		.ascii	"chmtx.h\000"
 2828      782E6800 
 2829 01ae 04       		.uleb128 0x4
 2830 01af 00       		.uleb128 0
 2831 01b0 00       		.uleb128 0
 2832 01b1 63686576 		.ascii	"chevents.h\000"
 2832      656E7473 
 2832      2E6800
 2833 01bc 04       		.uleb128 0x4
 2834 01bd 00       		.uleb128 0
 2835 01be 00       		.uleb128 0
 2836 01bf 63686576 		.ascii	"chevents.c\000"
 2836      656E7473 
 2836      2E6300
 2837 01ca 05       		.uleb128 0x5
 2838 01cb 00       		.uleb128 0
 2839 01cc 00       		.uleb128 0
 2840 01cd 63687379 		.ascii	"chsys.h\000"
 2840      732E6800 
 2841 01d5 04       		.uleb128 0x4
 2842 01d6 00       		.uleb128 0
 2843 01d7 00       		.uleb128 0
 2844 01d8 636D7369 		.ascii	"cmsis_gcc.h\000"
 2844      735F6763 
 2844      632E6800 
 2845 01e4 01       		.uleb128 0x1
 2846 01e5 00       		.uleb128 0
 2847 01e6 00       		.uleb128 0
 2848 01e7 63687468 		.ascii	"chthreads.h\000"
 2848      72656164 
 2848      732E6800 
 2849 01f3 04       		.uleb128 0x4
 2850 01f4 00       		.uleb128 0
 2851 01f5 00       		.uleb128 0
ARM GAS  /tmp/ccBn30D0.s 			page 52


 2852 01f6 00       		.byte	0
 2853              	.LELTP0:
 2854              	.LELT0:
 2855              		.section	.gnu.debuglto_.debug_str,"eMS",%progbits,1
 2856              	.LASF47:
 2857 0000 636F7265 		.ascii	"core_id\000"
 2857      5F696400 
 2858              	.LASF110:
 2859 0008 72656164 		.ascii	"ready_list_t\000"
 2859      795F6C69 
 2859      73745F74 
 2859      00
 2860              	.LASF101:
 2861 0015 77747472 		.ascii	"wttrp\000"
 2861      7000
 2862              	.LASF99:
 2863 001b 7264796D 		.ascii	"rdymsg\000"
 2863      736700
 2864              	.LASF48:
 2865 0022 72666375 		.ascii	"rfcu\000"
 2865      00
 2866              	.LASF67:
 2867 0027 70726576 		.ascii	"prev\000"
 2867      00
 2868              	.LASF86:
 2869 002c 706F7274 		.ascii	"port_intctx\000"
 2869      5F696E74 
 2869      63747800 
 2870              	.LASF45:
 2871 0038 76746C69 		.ascii	"vtlist\000"
 2871      737400
 2872              	.LASF140:
 2873 003f 63684576 		.ascii	"chEvtSignal\000"
 2873      74536967 
 2873      6E616C00 
 2874              	.LASF78:
 2875 004b 74797065 		.ascii	"type\000"
 2875      00
 2876              	.LASF81:
 2877 0050 74726163 		.ascii	"trace_event_t\000"
 2877      655F6576 
 2877      656E745F 
 2877      7400
 2878              	.LASF76:
 2879 005e 68616C74 		.ascii	"halt\000"
 2879      00
 2880              	.LASF144:
 2881 0063 63684576 		.ascii	"chEvtAddEvents\000"
 2881      74416464 
 2881      4576656E 
 2881      747300
 2882              	.LASF50:
 2883 0072 6D61696E 		.ascii	"mainthread\000"
 2883      74687265 
 2883      616400
 2884              	.LASF102:
 2885 007d 73656E74 		.ascii	"sentmsg\000"
ARM GAS  /tmp/ccBn30D0.s 			page 53


 2885      6D736700 
 2886              	.LASF73:
 2887 0085 64656C74 		.ascii	"delta\000"
 2887      6100
 2888              	.LASF64:
 2889 008b 6E657874 		.ascii	"next\000"
 2889      00
 2890              	.LASF129:
 2891 0090 63684576 		.ascii	"chEvtWaitAnyTimeout\000"
 2891      74576169 
 2891      74416E79 
 2891      54696D65 
 2891      6F757400 
 2892              	.LASF158:
 2893 00a4 63684576 		.ascii	"chEvtAddEventsI\000"
 2893      74416464 
 2893      4576656E 
 2893      74734900 
 2894              	.LASF3:
 2895 00b4 7369676E 		.ascii	"signed char\000"
 2895      65642063 
 2895      68617200 
 2896              	.LASF128:
 2897 00c0 63684576 		.ascii	"chEvtWaitAllTimeout\000"
 2897      74576169 
 2897      74416C6C 
 2897      54696D65 
 2897      6F757400 
 2898              	.LASF12:
 2899 00d4 6C6F6E67 		.ascii	"long unsigned int\000"
 2899      20756E73 
 2899      69676E65 
 2899      6420696E 
 2899      7400
 2900              	.LASF72:
 2901 00e6 63685F64 		.ascii	"ch_delta_list\000"
 2901      656C7461 
 2901      5F6C6973 
 2901      7400
 2902              	.LASF14:
 2903 00f4 6C6F6E67 		.ascii	"long long unsigned int\000"
 2903      206C6F6E 
 2903      6720756E 
 2903      7369676E 
 2903      65642069 
 2904              	.LASF154:
 2905 010b 62617365 		.ascii	"basePri\000"
 2905      50726900 
 2906              	.LASF32:
 2907 0113 73746174 		.ascii	"state\000"
 2907      6500
 2908              	.LASF5:
 2909 0119 6C6F6E67 		.ascii	"long int\000"
 2909      20696E74 
 2909      00
 2910              	.LASF51:
 2911 0122 74726163 		.ascii	"trace_buffer\000"
ARM GAS  /tmp/ccBn30D0.s 			page 54


 2911      655F6275 
 2911      66666572 
 2911      00
 2912              	.LASF53:
 2913 012f 63685F72 		.ascii	"ch_rfcu\000"
 2913      66637500 
 2914              	.LASF133:
 2915 0137 63684576 		.ascii	"chEvtWaitAny\000"
 2915      74576169 
 2915      74416E79 
 2915      00
 2916              	.LASF9:
 2917 0144 75696E74 		.ascii	"uint16_t\000"
 2917      31365F74 
 2917      00
 2918              	.LASF85:
 2919 014d 74726163 		.ascii	"trace_buffer_t\000"
 2919      655F6275 
 2919      66666572 
 2919      5F7400
 2920              	.LASF138:
 2921 015c 63684576 		.ascii	"chEvtBroadcastFlagsI\000"
 2921      7442726F 
 2921      61646361 
 2921      7374466C 
 2921      61677349 
 2922              	.LASF93:
 2923 0171 63685F72 		.ascii	"ch_registry\000"
 2923      65676973 
 2923      74727900 
 2924              	.LASF122:
 2925 017d 77666C61 		.ascii	"wflags\000"
 2925      677300
 2926              	.LASF156:
 2927 0184 74686972 		.ascii	"third_party/ChibiOS/os/rt/src/chevents.c\000"
 2927      645F7061 
 2927      7274792F 
 2927      43686962 
 2927      694F532F 
 2928              	.LASF100:
 2929 01ad 65786974 		.ascii	"exitcode\000"
 2929      636F6465 
 2929      00
 2930              	.LASF54:
 2931 01b6 6D61736B 		.ascii	"mask\000"
 2931      00
 2932              	.LASF65:
 2933 01bb 63685F71 		.ascii	"ch_queue_t\000"
 2933      75657565 
 2933      5F7400
 2934              	.LASF137:
 2935 01c6 63684576 		.ascii	"chEvtBroadcastFlags\000"
 2935      7442726F 
 2935      61646361 
 2935      7374466C 
 2935      61677300 
 2936              	.LASF56:
ARM GAS  /tmp/ccBn30D0.s 			page 55


 2937 01da 63685F73 		.ascii	"ch_system_debug\000"
 2937      79737465 
 2937      6D5F6465 
 2937      62756700 
 2938              	.LASF35:
 2939 01ea 77616974 		.ascii	"waiting\000"
 2939      696E6700 
 2940              	.LASF22:
 2941 01f2 6576656E 		.ascii	"eventid_t\000"
 2941      7469645F 
 2941      7400
 2942              	.LASF152:
 2943 01fc 706F7274 		.ascii	"port_unlock\000"
 2943      5F756E6C 
 2943      6F636B00 
 2944              	.LASF112:
 2945 0208 6D61696E 		.ascii	"mainthread_base\000"
 2945      74687265 
 2945      61645F62 
 2945      61736500 
 2946              	.LASF117:
 2947 0218 6D757465 		.ascii	"mutex_t\000"
 2947      785F7400 
 2948              	.LASF124:
 2949 0220 6576656E 		.ascii	"event_source_t\000"
 2949      745F736F 
 2949      75726365 
 2949      5F7400
 2950              	.LASF61:
 2951 022f 73797369 		.ascii	"sysinterval_t\000"
 2951      6E746572 
 2951      76616C5F 
 2951      7400
 2952              	.LASF125:
 2953 023d 65766861 		.ascii	"evhandler_t\000"
 2953      6E646C65 
 2953      725F7400 
 2954              	.LASF25:
 2955 0249 636E745F 		.ascii	"cnt_t\000"
 2955      7400
 2956              	.LASF36:
 2957 024f 6D736771 		.ascii	"msgqueue\000"
 2957      75657565 
 2957      00
 2958              	.LASF0:
 2959 0258 756E7369 		.ascii	"unsigned int\000"
 2959      676E6564 
 2959      20696E74 
 2959      00
 2960              	.LASF114:
 2961 0265 69646C65 		.ascii	"idlethread_base\000"
 2961      74687265 
 2961      61645F62 
 2961      61736500 
 2962              	.LASF103:
 2963 0275 77747365 		.ascii	"wtsemp\000"
 2963      6D7000
ARM GAS  /tmp/ccBn30D0.s 			page 56


 2964              	.LASF59:
 2965 027c 73797374 		.ascii	"system_debug_t\000"
 2965      656D5F64 
 2965      65627567 
 2965      5F7400
 2966              	.LASF146:
 2967 028b 63684576 		.ascii	"chEvtGetAndClearEvents\000"
 2967      74476574 
 2967      416E6443 
 2967      6C656172 
 2967      4576656E 
 2968              	.LASF155:
 2969 02a2 474E5520 		.ascii	"GNU C17 10.3.1 20210621 (release) -mcpu=cortex-m7 -"
 2969      43313720 
 2969      31302E33 
 2969      2E312032 
 2969      30323130 
 2970 02d5 6D746875 		.ascii	"mthumb -mfloat-abi=hard -mfpu=fpv5-d16 -march=armv7"
 2970      6D62202D 
 2970      6D666C6F 
 2970      61742D61 
 2970      62693D68 
 2971 0308 652D6D2B 		.ascii	"e-m+fp.dp -ggdb -O2 -fomit-frame-pointer -falign-fu"
 2971      66702E64 
 2971      70202D67 
 2971      67646220 
 2971      2D4F3220 
 2972 033b 6E637469 		.ascii	"nctions=16 -ffunction-sections -fdata-sections -fno"
 2972      6F6E733D 
 2972      3136202D 
 2972      6666756E 
 2972      6374696F 
 2973 036e 2D636F6D 		.ascii	"-common -flto\000"
 2973      6D6F6E20 
 2973      2D666C74 
 2973      6F00
 2974              	.LASF127:
 2975 037c 74696D65 		.ascii	"timeout\000"
 2975      6F757400 
 2976              	.LASF30:
 2977 0384 6E616D65 		.ascii	"name\000"
 2977      00
 2978              	.LASF94:
 2979 0389 71756575 		.ascii	"queue\000"
 2979      6500
 2980              	.LASF40:
 2981 038f 6D706F6F 		.ascii	"mpool\000"
 2981      6C00
 2982              	.LASF83:
 2983 0395 73697A65 		.ascii	"size\000"
 2983      00
 2984              	.LASF10:
 2985 039a 73686F72 		.ascii	"short unsigned int\000"
 2985      7420756E 
 2985      7369676E 
 2985      65642069 
 2985      6E7400
ARM GAS  /tmp/ccBn30D0.s 			page 57


 2986              	.LASF1:
 2987 03ad 6C6F6E67 		.ascii	"long long int\000"
 2987      206C6F6E 
 2987      6720696E 
 2987      7400
 2988              	.LASF42:
 2989 03bb 63685F74 		.ascii	"ch_thread\000"
 2989      68726561 
 2989      6400
 2990              	.LASF130:
 2991 03c5 63757272 		.ascii	"currtp\000"
 2991      747000
 2992              	.LASF24:
 2993 03cc 6576656E 		.ascii	"eventflags_t\000"
 2993      74666C61 
 2993      67735F74 
 2993      00
 2994              	.LASF21:
 2995 03d9 6D73675F 		.ascii	"msg_t\000"
 2995      7400
 2996              	.LASF37:
 2997 03df 6570656E 		.ascii	"epending\000"
 2997      64696E67 
 2997      00
 2998              	.LASF148:
 2999 03e8 63684576 		.ascii	"chEvtUnregister\000"
 2999      74556E72 
 2999      65676973 
 2999      74657200 
 3000              	.LASF149:
 3001 03f8 63684576 		.ascii	"chEvtRegisterMaskWithFlags\000"
 3001      74526567 
 3001      69737465 
 3001      724D6173 
 3001      6B576974 
 3002              	.LASF17:
 3003 0413 746D6F64 		.ascii	"tmode_t\000"
 3003      655F7400 
 3004              	.LASF63:
 3005 041b 63685F6C 		.ascii	"ch_list\000"
 3005      69737400 
 3006              	.LASF108:
 3007 0423 63685F72 		.ascii	"ch_ready_list\000"
 3007      65616479 
 3007      5F6C6973 
 3007      7400
 3008              	.LASF23:
 3009 0431 6576656E 		.ascii	"eventmask_t\000"
 3009      746D6173 
 3009      6B5F7400 
 3010              	.LASF92:
 3011 043d 76697274 		.ascii	"virtual_timers_list_t\000"
 3011      75616C5F 
 3011      74696D65 
 3011      72735F6C 
 3011      6973745F 
 3012              	.LASF16:
ARM GAS  /tmp/ccBn30D0.s 			page 58


 3013 0453 73746B61 		.ascii	"stkalign_t\000"
 3013      6C69676E 
 3013      5F7400
 3014              	.LASF18:
 3015 045e 74737461 		.ascii	"tstate_t\000"
 3015      74655F74 
 3015      00
 3016              	.LASF79:
 3017 0467 72747374 		.ascii	"rtstamp\000"
 3017      616D7000 
 3018              	.LASF91:
 3019 046f 6C617374 		.ascii	"laststamp\000"
 3019      7374616D 
 3019      7000
 3020              	.LASF118:
 3021 0479 6576656E 		.ascii	"event_listener_t\000"
 3021      745F6C69 
 3021      7374656E 
 3021      65725F74 
 3021      00
 3022              	.LASF39:
 3023 048a 7265616C 		.ascii	"realprio\000"
 3023      7072696F 
 3023      00
 3024              	.LASF52:
 3025 0493 72666375 		.ascii	"rfcu_mask_t\000"
 3025      5F6D6173 
 3025      6B5F7400 
 3026              	.LASF96:
 3027 049f 74687265 		.ascii	"thread_reference_t\000"
 3027      61645F72 
 3027      65666572 
 3027      656E6365 
 3027      5F7400
 3028              	.LASF120:
 3029 04b2 6C697374 		.ascii	"listener\000"
 3029      656E6572 
 3029      00
 3030              	.LASF88:
 3031 04bb 63685F76 		.ascii	"ch_virtual_timers_list\000"
 3031      69727475 
 3031      616C5F74 
 3031      696D6572 
 3031      735F6C69 
 3032              	.LASF136:
 3033 04d2 63684576 		.ascii	"chEvtDispatch\000"
 3033      74446973 
 3033      70617463 
 3033      6800
 3034              	.LASF62:
 3035 04e0 63685F6C 		.ascii	"ch_list_t\000"
 3035      6973745F 
 3035      7400
 3036              	.LASF82:
 3037 04ea 73757370 		.ascii	"suspended\000"
 3037      656E6465 
 3037      6400
ARM GAS  /tmp/ccBn30D0.s 			page 59


 3038              	.LASF13:
 3039 04f4 75696E74 		.ascii	"uint64_t\000"
 3039      36345F74 
 3039      00
 3040              	.LASF111:
 3041 04fd 63685F6F 		.ascii	"ch_os_instance_config\000"
 3041      735F696E 
 3041      7374616E 
 3041      63655F63 
 3041      6F6E6669 
 3042              	.LASF87:
 3043 0513 706F7274 		.ascii	"port_context\000"
 3043      5F636F6E 
 3043      74657874 
 3043      00
 3044              	.LASF80:
 3045 0520 74696D65 		.ascii	"time\000"
 3045      00
 3046              	.LASF132:
 3047 0525 63684576 		.ascii	"chEvtWaitAll\000"
 3047      74576169 
 3047      74416C6C 
 3047      00
 3048              	.LASF70:
 3049 0532 7072696F 		.ascii	"prio\000"
 3049      00
 3050              	.LASF109:
 3051 0537 63757272 		.ascii	"current\000"
 3051      656E7400 
 3052              	.LASF135:
 3053 053f 68616E64 		.ascii	"handlers\000"
 3053      6C657273 
 3053      00
 3054              	.LASF26:
 3055 0548 636F7265 		.ascii	"core_id_t\000"
 3055      5F69645F 
 3055      7400
 3056              	.LASF19:
 3057 0552 74726566 		.ascii	"trefs_t\000"
 3057      735F7400 
 3058              	.LASF34:
 3059 055a 72656673 		.ascii	"refs\000"
 3059      00
 3060              	.LASF77:
 3061 055f 75736572 		.ascii	"user\000"
 3061      00
 3062              	.LASF20:
 3063 0564 74707269 		.ascii	"tprio_t\000"
 3063      6F5F7400 
 3064              	.LASF66:
 3065 056c 63685F71 		.ascii	"ch_queue\000"
 3065      75657565 
 3065      00
 3066              	.LASF126:
 3067 0575 5F426F6F 		.ascii	"_Bool\000"
 3067      6C00
 3068              	.LASF6:
ARM GAS  /tmp/ccBn30D0.s 			page 60


 3069 057b 696E7433 		.ascii	"int32_t\000"
 3069      325F7400 
 3070              	.LASF8:
 3071 0583 756E7369 		.ascii	"unsigned char\000"
 3071      676E6564 
 3071      20636861 
 3071      7200
 3072              	.LASF134:
 3073 0591 63684576 		.ascii	"chEvtWaitOne\000"
 3073      74576169 
 3073      744F6E65 
 3073      00
 3074              	.LASF150:
 3075 059e 63684576 		.ascii	"chEvtRegisterMaskWithFlagsI\000"
 3075      74526567 
 3075      69737465 
 3075      724D6173 
 3075      6B576974 
 3076              	.LASF55:
 3077 05ba 72666375 		.ascii	"rfcu_t\000"
 3077      5F7400
 3078              	.LASF4:
 3079 05c1 73686F72 		.ascii	"short int\000"
 3079      7420696E 
 3079      7400
 3080              	.LASF90:
 3081 05cb 6C617374 		.ascii	"lasttime\000"
 3081      74696D65 
 3081      00
 3082              	.LASF143:
 3083 05d4 63684576 		.ascii	"chEvtGetAndClearFlagsI\000"
 3083      74476574 
 3083      416E6443 
 3083      6C656172 
 3083      466C6167 
 3084              	.LASF74:
 3085 05eb 77746F62 		.ascii	"wtobjp\000"
 3085      6A7000
 3086              	.LASF105:
 3087 05f2 65776D61 		.ascii	"ewmask\000"
 3087      736B00
 3088              	.LASF139:
 3089 05f9 5F5F6675 		.ascii	"__func__\000"
 3089      6E635F5F 
 3089      00
 3090              	.LASF151:
 3091 0602 63685379 		.ascii	"chSysLock\000"
 3091      734C6F63 
 3091      6B00
 3092              	.LASF75:
 3093 060c 72656173 		.ascii	"reason\000"
 3093      6F6E00
 3094              	.LASF106:
 3095 0613 63685F73 		.ascii	"ch_semaphore\000"
 3095      656D6170 
 3095      686F7265 
 3095      00
ARM GAS  /tmp/ccBn30D0.s 			page 61


 3096              	.LASF95:
 3097 0620 72656769 		.ascii	"registry_t\000"
 3097      73747279 
 3097      5F7400
 3098              	.LASF121:
 3099 062b 6576656E 		.ascii	"events\000"
 3099      747300
 3100              	.LASF11:
 3101 0632 75696E74 		.ascii	"uint32_t\000"
 3101      33325F74 
 3101      00
 3102              	.LASF104:
 3103 063b 77746D74 		.ascii	"wtmtxp\000"
 3103      787000
 3104              	.LASF15:
 3105 0642 706F7274 		.ascii	"port_stkalign_t\000"
 3105      5F73746B 
 3105      616C6967 
 3105      6E5F7400 
 3106              	.LASF29:
 3107 0652 6F776E65 		.ascii	"owner\000"
 3107      7200
 3108              	.LASF2:
 3109 0658 6C6F6E67 		.ascii	"long double\000"
 3109      20646F75 
 3109      626C6500 
 3110              	.LASF31:
 3111 0664 77616261 		.ascii	"wabase\000"
 3111      736500
 3112              	.LASF58:
 3113 066b 63686172 		.ascii	"char\000"
 3113      00
 3114              	.LASF49:
 3115 0670 636F6E66 		.ascii	"config\000"
 3115      696700
 3116              	.LASF27:
 3117 0677 74687265 		.ascii	"thread_t\000"
 3117      61645F74 
 3117      00
 3118              	.LASF89:
 3119 0680 646C6973 		.ascii	"dlist\000"
 3119      7400
 3120              	.LASF60:
 3121 0686 73797374 		.ascii	"systime_t\000"
 3121      696D655F 
 3121      7400
 3122              	.LASF84:
 3123 0690 62756666 		.ascii	"buffer\000"
 3123      657200
 3124              	.LASF68:
 3125 0697 63685F70 		.ascii	"ch_priority_queue_t\000"
 3125      72696F72 
 3125      6974795F 
 3125      71756575 
 3125      655F7400 
 3126              	.LASF57:
 3127 06ab 70616E69 		.ascii	"panic_msg\000"
ARM GAS  /tmp/ccBn30D0.s 			page 62


 3127      635F6D73 
 3127      6700
 3128              	.LASF98:
 3129 06b5 70717565 		.ascii	"pqueue\000"
 3129      756500
 3130              	.LASF43:
 3131 06bc 63685F6F 		.ascii	"ch_os_instance\000"
 3131      735F696E 
 3131      7374616E 
 3131      636500
 3132              	.LASF41:
 3133 06cb 6F735F69 		.ascii	"os_instance_t\000"
 3133      6E737461 
 3133      6E63655F 
 3133      7400
 3134              	.LASF46:
 3135 06d9 7265676C 		.ascii	"reglist\000"
 3135      69737400 
 3136              	.LASF69:
 3137 06e1 63685F70 		.ascii	"ch_priority_queue\000"
 3137      72696F72 
 3137      6974795F 
 3137      71756575 
 3137      6500
 3138              	.LASF71:
 3139 06f3 63685F64 		.ascii	"ch_delta_list_t\000"
 3139      656C7461 
 3139      5F6C6973 
 3139      745F7400 
 3140              	.LASF113:
 3141 0703 6D61696E 		.ascii	"mainthread_end\000"
 3141      74687265 
 3141      61645F65 
 3141      6E6400
 3142              	.LASF116:
 3143 0712 6F735F69 		.ascii	"os_instance_config_t\000"
 3143      6E737461 
 3143      6E63655F 
 3143      636F6E66 
 3143      69675F74 
 3144              	.LASF44:
 3145 0727 726C6973 		.ascii	"rlist\000"
 3145      7400
 3146              	.LASF123:
 3147 072d 6576656E 		.ascii	"event_source\000"
 3147      745F736F 
 3147      75726365 
 3147      00
 3148              	.LASF159:
 3149 073a 63685468 		.ascii	"chThdGetSelfX\000"
 3149      64476574 
 3149      53656C66 
 3149      5800
 3150              	.LASF7:
 3151 0748 75696E74 		.ascii	"uint8_t\000"
 3151      385F7400 
 3152              	.LASF33:
ARM GAS  /tmp/ccBn30D0.s 			page 63


 3153 0750 666C6167 		.ascii	"flags\000"
 3153      7300
 3154              	.LASF157:
 3155 0756 2F686F6D 		.ascii	"/home/ian/Documents/BPRL_balance\000"
 3155      652F6961 
 3155      6E2F446F 
 3155      63756D65 
 3155      6E74732F 
 3156              	.LASF131:
 3157 0777 63684576 		.ascii	"chEvtWaitOneTimeout\000"
 3157      74576169 
 3157      744F6E65 
 3157      54696D65 
 3157      6F757400 
 3158              	.LASF107:
 3159 078b 63685F6D 		.ascii	"ch_mutex\000"
 3159      75746578 
 3159      00
 3160              	.LASF28:
 3161 0794 72717565 		.ascii	"rqueue\000"
 3161      756500
 3162              	.LASF147:
 3163 079b 63684576 		.ascii	"chEvtGetAndClearEventsI\000"
 3163      74476574 
 3163      416E6443 
 3163      6C656172 
 3163      4576656E 
 3164              	.LASF161:
 3165 07b3 5F5F7365 		.ascii	"__set_BASEPRI\000"
 3165      745F4241 
 3165      53455052 
 3165      4900
 3166              	.LASF142:
 3167 07c1 63684576 		.ascii	"chEvtGetAndClearFlags\000"
 3167      74476574 
 3167      416E6443 
 3167      6C656172 
 3167      466C6167 
 3168              	.LASF160:
 3169 07d7 63685379 		.ascii	"chSysUnlock\000"
 3169      73556E6C 
 3169      6F636B00 
 3170              	.LASF145:
 3171 07e3 6E657765 		.ascii	"newevt\000"
 3171      767400
 3172              	.LASF97:
 3173 07ea 6C697374 		.ascii	"list\000"
 3173      00
 3174              	.LASF153:
 3175 07ef 706F7274 		.ascii	"port_lock\000"
 3175      5F6C6F63 
 3175      6B00
 3176              	.LASF115:
 3177 07f9 69646C65 		.ascii	"idlethread_end\000"
 3177      74687265 
 3177      61645F65 
 3177      6E6400
ARM GAS  /tmp/ccBn30D0.s 			page 64


 3178              	.LASF38:
 3179 0808 6D74786C 		.ascii	"mtxlist\000"
 3179      69737400 
 3180              	.LASF119:
 3181 0810 6576656E 		.ascii	"event_listener\000"
 3181      745F6C69 
 3181      7374656E 
 3181      657200
 3182              	.LASF141:
 3183 081f 63684576 		.ascii	"chEvtSignalI\000"
 3183      74536967 
 3183      6E616C49 
 3183      00
 3184              		.text
 3185              		.section	.gnu.lto_.profile.cc9bb7b850bc0f1d,"e",%progbits
 3186 0000 789C6361 		.ascii	"x\234ca\000\002F^\006\000\000E\000\023"
 3186      0002465E 
 3186      06000045 
 3186      0013
 3187              		.text
 3188              		.section	.gnu.lto_.icf.cc9bb7b850bc0f1d,"e",%progbits
 3189 0000 789C2B66 		.ascii	"x\234+f@\000a\206\245K\317>\344f\372\275v\323Z\016\346"
 3189      40006186 
 3189      A54BCF3E 
 3189      E466FABD 
 3189      76D35A0E 
 3190 0015 AE3BF35F 		.ascii	"\256;\363_\362\263\354\3740k\011?k\377\313O{\230\331"
 3190      F2B3ECFC 
 3190      306B093F 
 3190      6BFFCB4F 
 3190      7B98D9
 3191 0028 562DDF74 		.ascii	"V-\337t\225\221\275qN\347n~\216U3\037\037b\343\274\265"
 3191      9591BD71 
 3191      4EE76E7E 
 3191      8E55331F 
 3191      1F62E3BC 
 3192 003d F1F97A76 		.ascii	"\361\371zv\256\223Sn\317c\342\376\323\364l)\017\017"
 3192      AE93536E 
 3192      CF63E2FE 
 3192      D3F46C29 
 3192      0F0F
 3193 004f 98CDBBF1 		.ascii	"\230\315\273\361\330\207)\034|\253\036\356\270\310\316"
 3193      D887291C 
 3193      7CAB1EEE 
 3193      B8C8CE
 3194 005e DFF8A96F 		.ascii	"\337\370\251o2\263\300\315\246\335K\371\004\333\026"
 3194      32B3C0CD 
 3194      A6DD4BF9 
 3194      04DB16
 3195 006d 5FB8C325 		.ascii	"_\270\303%\264s\362\232\371|\302\2476\315\340e\000\000"
 3195      B473F29A 
 3195      F97CC2A7 
 3195      36CDE065 
 3195      0000
 3196 007f EC7737B9 		.ascii	"\354w7\271"
 3197              		.text
 3198              		.section	.gnu.lto_.ipa_sra.cc9bb7b850bc0f1d,"e",%progbits
ARM GAS  /tmp/ccBn30D0.s 			page 65


 3199 0000 789C758E 		.ascii	"x\234u\216\333\016\200 \014C[@\305;\312\017\373\351"
 3199      DB0E8020 
 3199      0C435B40 
 3199      C53BCA0F 
 3199      FBE9
 3200 0012 922D8051 		.ascii	"\222-\200Q\334\003mN\272\216@\224\211px\015\315\027"
 3200      DC036D4E 
 3200      BA8E4094 
 3200      8970780D 
 3200      CD17
 3201 0024 5953AC93 		.ascii	"YS\254\223m\333\251\364*\203\212W\031k\232\274R\033"
 3201      6DDBA9F4 
 3201      2A838A57 
 3201      196B9ABC 
 3201      521B
 3202 0036 27038F41 		.ascii	"'\003\217A@\352W\226\262\234k\022\\~B\353\243N\336M"
 3202      40EA5796 
 3202      B29C6B12 
 3202      5C7E42EB 
 3202      A34EDE4D 
 3203 004a CF807B36 		.ascii	"\317\200{6!\233\243d\365\313\262q\266`lA\334\252\270"
 3203      219BA364 
 3203      F5CBB271 
 3203      B6606C41 
 3203      DCAAB8
 3204 005d 02FC     		.ascii	"\002\374"
 3205              		.text
 3206              		.section	.gnu.lto_.inline.cc9bb7b850bc0f1d,"e",%progbits
 3207 0000 789CA594 		.ascii	"x\234\245\224[O\023Q\020\307g\346\234\266\333\013\260"
 3207      5B4F1351 
 3207      10C767E6 
 3207      9CB6DB0B 
 3207      B0
 3208 0011 48211135 		.ascii	"H!\0215\351'\352g\250 \027}\222o\260`\372 JZ\015\232"
 3208      E927EA67 
 3208      A820177D 
 3208      926FB060 
 3208      FA204A5A 
 3209 0027 9858A85C 		.ascii	"\230X\250\\\224\210\222\030\010\012\202\"\341I%\006"
 3209      94889218 
 3209      080A8222 
 3209      E1492506 
 3210 0037 1EBC41B8 		.ascii	"\036\274A\270h|!\274\220\024\342\203Df\316nwK\021\023"
 3210      687C21BC 
 3210      9014E283 
 3210      4466CE6E 
 3210      774B1113 
 3211 004b 63B36967 		.ascii	"c\263ig\346\314\314\177\316\357\354\351\303\020\370"
 3211      E6CCCC7F 
 3211      CEEFECE9 
 3211      C310F8
 3212 005a 9F0680B8 		.ascii	"\237\006\200\270\3438\013\324\216\0108\242\000\370\321"
 3212      E3380BD4 
 3212      8E0838A2 
 3212      00F8D1
 3213 0069 16871C6A 		.ascii	"\026\207\034j\003H\230\2656\002\0024\261\026\002\355"
 3213      034898B5 
ARM GAS  /tmp/ccBn30D0.s 			page 66


 3213      36020234 
 3213      B11602ED 
 3214 0079 DBA0B903 		.ascii	"\333\240\271\003A\215x\252\035\201\304**\256\023c\313"
 3214      418D78AA 
 3214      1D81C42A 
 3214      2AAE1363 
 3214      CB
 3215 008a AD938E89 		.ascii	"\255\223\216\211\371\215\227wT'g\324\367\036.^S\235"
 3215      F98D9777 
 3215      542767D4 
 3215      F71E2E5E 
 3215      539D
 3216 009c 0091E9BB 		.ascii	"\000\221\351\2737\007\351\222\233\241!j:zC\240\024\305"
 3216      3707E992 
 3216      9BA1216A 
 3216      3A7A43A0 
 3216      14C5
 3217 00ae 5C6980B0 		.ascii	"\\i\200\260Y2\231d\314V\243\033:>\270\251\251\225\210"
 3217      59329964 
 3217      CC56A31B 
 3217      3A3EB8A9 
 3217      A99588
 3218 00c1 3ABD26EC 		.ascii	":\275&\354\353\000%\314\324\307sy,\210\270q$\351J\240"
 3218      EB0025CC 
 3218      D4C77379 
 3218      2C88B871 
 3218      24E94AA0 
 3219 00d5 32E0190E 		.ascii	"2\340\031\016B\244\274q\223\265\340\026\375\031\214"
 3219      42A4BC71 
 3219      93B5E016 
 3219      FD198C
 3220 00e4 1FB582A8 		.ascii	"\037\265\202\250\345\017\223`)\253b\030\261\212\262"
 3220      E50F9360 
 3220      29AB6218 
 3220      B18AB2
 3221 00f3 D9A8D981 		.ascii	"\331\250\331\2017L\024\232\006'\366v\030m\004\256\216"
 3221      374C149A 
 3221      0627F676 
 3221      186D04AE 
 3221      8E
 3222 0104 28755B8D 		.ascii	"(u[\215(\2151U\344\305.\366q\012\215\035\254\305\215"
 3222      288D3155 
 3222      E4C52EF6 
 3222      710A8D1D 
 3222      ACC58D
 3223 0117 6F70A805 		.ascii	"op\250\005\005\350\201\221\210\206\3125\202\272`/\335"
 3223      05E88191 
 3223      8886CA35 
 3223      82BA602F 
 3223      DD
 3224 0128 27F7920A 		.ascii	"'\367\222\012\246N\371Sg\202u\207\371D\373\327\007z"
 3224      A64EF953 
 3224      67827587 
 3224      F944FBD7 
 3224      077A
 3225 013a 79680683 		.ascii	"yh\006\203o\346\373\327)\303\004\034\022\014\236+\036"
 3225      6FE6FBD7 
ARM GAS  /tmp/ccBn30D0.s 			page 67


 3225      29C3041C 
 3225      120C9E2B 
 3225      1E
 3226 014b 846F4DE4 		.ascii	"\204oM\344\262\324\252a\213\035\234\\\374U\244\214-"
 3226      B2D4AA61 
 3226      8B1D9C5C 
 3226      FC55A48C 
 3226      2D
 3227 015c 89FC5576 		.ascii	"\211\374Uv\305\203\360\362\367\331g\252\305\346D\033"
 3227      C583F0F2 
 3227      F7D967AA 
 3227      C5E6441B 
 3228 016c B06FFC71 		.ascii	"\260o\374q\2362I\002~\312\016$\345\205\213\003\377b"
 3228      9E324902 
 3228      7ECA0E24 
 3228      E5858B03 
 3228      FF62
 3229 017e 3E1D33B4 		.ascii	">\0353\264\212\252\203\001j\367\020\253N\023c\262y%"
 3229      8AAA8301 
 3229      6AF710AB 
 3229      4E1363B2 
 3229      7925
 3230 0190 B4299FCE 		.ascii	"\264)\237\316\247\343\320\350l\316-\323\025\324\310"
 3230      A7E3D0E8 
 3230      6CCE2DD3 
 3230      15D4C8
 3231 019f D048A091 		.ascii	"\320H\240\221\000\302.1\246\321Ee.\001\232S\347\206"
 3231      00C22E31 
 3231      A6D14565 
 3231      2E019A53 
 3231      E786
 3232 01b1 F6B7B599 		.ascii	"\366\267\265\231\035ye+Z\373\034\354\200\223\015\372"
 3232      1D79652B 
 3232      5AFB1CEC 
 3232      80930DFA 
 3233 01c1 ED44A987 		.ascii	"\355D\251\207:\230\2305p\343\347W\352\260\370\220E\037"
 3233      3A989835 
 3233      70E3E757 
 3233      EAB0F890 
 3233      451F
 3234 01d3 3DFDC43F 		.ascii	"=\375\304?O\\\003\311\311\322\3208O\014\324\\\230]y"
 3234      4F5C03C9 
 3234      C9D2D038 
 3234      4F0CD45C 
 3234      985D79
 3235 01e6 4797AB2A 		.ascii	"G\227\253*\264\315\335\231F-4\016o\357\317\220\364N"
 3235      B4CDDD99 
 3235      462D340E 
 3235      6FEFCF90 
 3235      F44E
 3236 01f8 E5B29F5E 		.ascii	"\345\262\237^\253\366\252L\001\007\010u\320\300\211"
 3236      ABF6AA4C 
 3236      01070875 
 3236      D0C089
 3237 0207 F74CE279 		.ascii	"\367L\342yN\374M\247$\332P\277\273\271\373\224\023\203"
 3237      4EFC4DA7 
 3237      24DA50BF 
ARM GAS  /tmp/ccBn30D0.s 			page 68


 3237      BBB9FB94 
 3237      1383
 3238 0219 1BD67498 		.ascii	"\033\326t\230[\375PUPy\303\274\322z\2700TX\036\345R"
 3238      5BFD5055 
 3238      5079C3BC 
 3238      D27AB830 
 3238      54581EE5 
 3239 022e 25A04302 		.ascii	"%\240C\002:T\006\035\302\347\350\362\225?\242P\363\344"
 3239      3A54061D 
 3239      C2E7E8F2 
 3239      953FA250 
 3239      F3E4
 3240 0240 F0D8E7AA 		.ascii	"\360\330\347\252\226\272\333miCbtv|\214Z\205$\275p6"
 3240      96BADB6D 
 3240      69436274 
 3240      767C8C5A 
 3240      8524BD70 
 3241 0255 B274511B 		.ascii	"\262tQ\033!]#7\210 \237>\003\347\016\262\2739_\313\355"
 3241      215D2337 
 3241      88209F3E 
 3241      03E70EB2 
 3241      BB395FCB 
 3242 026a 7E52A769 		.ascii	"~R\247i\255\364\343\311\177\3504\300\331\367=\037\357"
 3242      ADF4E3C9 
 3242      7FE834C0 
 3242      D9F73D1F 
 3242      EF
 3243 027b B38EFE9B 		.ascii	"\263\216\376\233N\031U8\351\354\035\\\257\326{\260\275"
 3243      4E195538 
 3243      E9EC1D5C 
 3243      AFD67BB0 
 3243      BD
 3244 028c BF62F4AC 		.ascii	"\277b\364\254\251\302R\237\247\327\263\264\366\310\275"
 3244      A9C2529F 
 3244      A7D7B3B4 
 3244      F6C8BD
 3245 029b 6873ABAF 		.ascii	"hs\253\257\276\234T\206#\334\315D\316"
 3245      BE9C5486 
 3245      23DCCD44 
 3245      CE
 3246              		.text
 3247              		.section	.gnu.lto_.jmpfuncs.cc9bb7b850bc0f1d,"e",%progbits
 3248 0000 789C9550 		.ascii	"x\234\225P\333\015\3020\014\3649\356+\005\012t\001V"
 3248      DB0DC230 
 3248      0CF439EE 
 3248      2B050A74 
 3248      0156
 3249 0012 60C17607 		.ascii	"`\301v\007f\350\014\360\313f\340\244\246\012Q>\300\322"
 3249      66E80CF0 
 3249      CB66E0A4 
 3249      A60A513E 
 3249      C0D2
 3250 0024 C9CA3D74 		.ascii	"\311\312=tV\256L\333\214$\320\031\346\305\325\012R@"
 3250      56AE4CDB 
 3250      8C24D019 
 3250      E6C5D50A 
 3250      5240
ARM GAS  /tmp/ccBn30D0.s 			page 69


 3251 0036 C15CA61D 		.ascii	"\301\\\246\035\003\356C\006K\020*\333\265\355f\335\324"
 3251      03EE4306 
 3251      4B102ADB 
 3251      B5ED66DD 
 3251      D4
 3252 0047 DAEE2CD4 		.ascii	"\332\356,\324\004\221e\322Z<\005\244x\351\014\344\203"
 3252      049165D2 
 3252      5A3C05A4 
 3252      78E90CE4 
 3252      83
 3253 0058 016A5080 		.ascii	"\001jP\200\244\340\220\0119\325'\247\260\344j\376\336"
 3253      A4E09009 
 3253      39D527A7 
 3253      B0E46AFE 
 3253      DE
 3254 0069 5945ADE0 		.ascii	"YE\255\340_+\366V\321\306\303\277\325\006|s\213\353"
 3254      5F2BF656 
 3254      D1C6C3BF 
 3254      D5067C73 
 3254      8BEB
 3255 007b 40EB8ADC 		.ascii	"@\353\212\334|9\330\037pT\035|\014\371\020\244a\323"
 3255      7C39D81F 
 3255      70541D7C 
 3255      0CF910A4 
 3255      61D3
 3256 008d 7047C21F 		.ascii	"pG\302\037\263L\037\265>j';!\030*\311\202\205\223\317"
 3256      B34C1FB5 
 3256      3E6A273B 
 3256      21182AC9 
 3256      828593CF 
 3257 00a1 7FFAC7CC 		.ascii	"\177\372\307\314\377@R^\360\323\033\301\003~\312"
 3257      FF40525E 
 3257      F0D31BC1 
 3257      037ECA
 3258              		.text
 3259              		.section	.gnu.lto_.pureconst.cc9bb7b850bc0f1d,"e",%progbits
 3260 0000 789C05C1 		.ascii	"x\234\005\301\207\021\200@\014\300\260\034\304\364\376"
 3260      87118040 
 3260      0CC0B01C 
 3260      C4F4FE
 3261 000f DBB02919 		.ascii	"\333\260)\031\305\323!\275\021\321\242\262\223^\262"
 3261      C5D321BD 
 3261      11D1A2B2 
 3261      935EB2
 3262 001e 121964AC 		.ascii	"\022\031d\254\234d\256\\d\255\334d\377\362\220S.\271"
 3262      9C64AE5C 
 3262      64ADDC64 
 3262      FFF29053 
 3262      2EB9
 3263 0030 E591263F 		.ascii	"\345\221&?\240u\016q"
 3263      A0750E71 
 3264              		.text
 3265              		.section	.gnu.lto_.lto.cc9bb7b850bc0f1d,"e",%progbits
 3266 0000 09000400 		.ascii	"\011\000\004\000\001\000\000\000"
 3266      01000000 
 3267              		.text
 3268              		.section	.gnu.lto_chEvtRegisterMaskWithFlagsI.347.cc9bb7b850bc0f1d,"e",%progbits
ARM GAS  /tmp/ccBn30D0.s 			page 70


 3269 0000 789C8D53 		.ascii	"x\234\215SMk\023Q\024}g\336d\322h\333U\261\253\212\037"
 3269      4D6B1351 
 3269      147D67DE 
 3269      64D268DB 
 3269      55B1AB8A 
 3270 0015 88749351 		.ascii	"\210t\223Q\027\272\025\025\334\210J\374\001%M\306&\230"
 3270      17BA1515 
 3270      DC884AFC 
 3270      01254DC6 
 3270      2698
 3271 0027 A661922A 		.ascii	"\246a\222*]u\232*B6\375\022\005\255\2021H\334(\012\332"
 3271      5D759A2A 
 3271      4236FD12 
 3271      05AD8231 
 3271      48DC280A 
 3272 003c 685B4DAD 		.ascii	"h[M\255\032Q\252\245\332\326\266\212RA\264\013-u#(\352"
 3272      1A51AAA5 
 3272      DAD6B68A 
 3272      5241B40B 
 3272      2D752328 
 3273 0051 7DEF451B 		.ascii	"}\357E\033\353\007\006f\346\335\363\316\271\347\336"
 3273      EB070666 
 3273      E6DDF3CE 
 3273      B9E7DE
 3274 0060 FB5EC639 		.ascii	"\373^\3069c\027\031ck\351\001g\350\356Ji\314q\234\255"
 3274      63171963 
 3274      6BE90167 
 3274      E8EE4A69 
 3274      CC719CAD 
 3275 0074 6E0D6D5D 		.ascii	"n\015m])\017\206 #\260V\015\255\350\341\265\024~:\322"
 3275      290F8620 
 3275      23B0560D 
 3275      ADE8E1B5 
 3275      147E3AD2 
 3276 0088 F378184E 		.ascii	"\363x\030N6\217\014\311\317\320#\177\275\034\335<\303"
 3276      368F0CC9 
 3276      CFD0237F 
 3276      BD1CDD3C 
 3276      C3
 3277 0099 01BDB8D2 		.ascii	"\001\275\270\322\260\212V|7[\237w\234\321\271\234\343"
 3277      B08A567C 
 3277      375B9F77 
 3277      9CD1B99C 
 3277      E3
 3278 00aa 78588673 		.ascii	"xX\206s\364\2014\270\006\\\005C\216\222p\337t\215`6"
 3278      F48134B8 
 3278      065C0543 
 3278      8E9270DF 
 3278      748D6036 
 3279 00be 48E6FCB3 		.ascii	"H\346\374\263\366S\225\235\004\353\270^\312\274! \337"
 3279      F653959D 
 3279      04EBB85E 
 3279      CABC2120 
 3279      DF
 3280 00cf 1BC93CA0 		.ascii	"\033\311<\240\230S\303'$\323\205\376R\346\200\200|\013"
 3280      9853C327 
 3280      24D385FE 
ARM GAS  /tmp/ccBn30D0.s 			page 71


 3280      52E68080 
 3280      7C0B
 3281 00e1 92692BE6 		.ascii	"\222i+\346\364k\30540X\312\274) \337\327\032Y=o\021"
 3281      F46BC534 
 3281      3058CABC 
 3281      2920DFD7 
 3281      1A593D6F 
 3282 00f6 EF75823E 		.ascii	"\357u\202>s\356heg[Y\206\273q\253\224\237\007c\276\324"
 3282      73EE6865 
 3282      675B5986 
 3282      BB71AB94 
 3282      9F0763BE 
 3283 010b 4A43AE04 		.ascii	"JC\256\004>D \211\0141\007\3406D\006\203f\224\255\026"
 3283      3E442089 
 3283      0C3107E0 
 3283      36440683 
 3283      6694AD16 
 3284 011f 7B8431DA 		.ascii	"{\2041\332\302\260\334\"-\2734\346\312;_\276u8\316d"
 3284      C2B0DC22 
 3284      2DBB34E6 
 3284      CA3B5FBE 
 3284      7538CE64 
 3285 0133 CD87E79F 		.ascii	"\315\207\347\237\313*5\032\211\233\2449\350\240\026"
 3285      CB2A351A 
 3285      899BA439 
 3285      E8A016
 3286 0142 5D14EA1E 		.ascii	"]\024\352\036P\013\345\240\352\030\353\340\342<\034"
 3286      500BE5A0 
 3286      EA18EBE0 
 3286      E23C1C
 3287 0151 1D4E9EB1 		.ascii	"\035N\236\261N\256\251\240\235\20298\263}\005\210\357"
 3287      4EAEA9A0 
 3287      9D823938 
 3287      B37D0588 
 3287      EF
 3288 0162 C7B3C7A6 		.ascii	"\307\263\307\246'zA>\022}9\341\301\035\260\367H\016"
 3288      277A413E 
 3288      127D39E1 
 3288      C11DB0F7 
 3288      480E
 3289 0174 5CA84873 		.ascii	"\\\250Hs\255x\036e\262\272\303\320h\231\345\262\345"
 3289      AD781E65 
 3289      B2BAC3D0 
 3289      6899E5B2 
 3289      E5
 3290 0185 F3203F0F 		.ascii	"\363 ?\017\356\001w\345\346\006\312N]/C\001\247\271"
 3290      EE0177E5 
 3290      E606CA4E 
 3290      5D2F4301 
 3290      A7B9
 3291 0197 2CBC88B8 		.ascii	",\274\210\270q\237\0200e\221\234\277|\245?'n\007\315"
 3291      719F1030 
 3291      65919CBF 
 3291      7CA53F27 
 3291      6E07CD
 3292 01aa 810CA46B 		.ascii	"\201\014\244k\177a\205\374\016\252\232\326\374|\315"
 3292      7F6185FC 
ARM GAS  /tmp/ccBn30D0.s 			page 72


 3292      0EAA9AD6 
 3292      FC7CCD
 3293 01b9 8EBA552D 		.ascii	"\216\272U-\325i\356*\326\302\241\354U\366\345i\002\036"
 3293      D569EE2A 
 3293      D6C2A1EC 
 3293      55F6E569 
 3293      021E
 3294 01cb 8015CD74 		.ascii	"\200\025\315t<$3\215\306E\262\371\324\310\217\006\364"
 3294      3C24338D 
 3294      C645B2F9 
 3294      D4C88F06 
 3294      F4
 3295 01dc 455196C2 		.ascii	"EQ\226\302\3624!#%\252G\244\242\252\311E\332>)\310\031"
 3295      F2342123 
 3295      25AA47A4 
 3295      A2AAC945 
 3295      DA3E29C8 
 3296 01f1 9C7C5755 		.ascii	"\234|WU\252\372\315kTyQ2\251\032W\252\343\277\252\226"
 3296      AAFACD6B 
 3296      54795132 
 3296      A91A57AA 
 3296      E3BFAA96 
 3297 0205 78B93146 		.ascii	"x\2711F*]\250T\363\223\177\364Z\242r\341)\251\\B\345"
 3297      2A5DA854 
 3297      F3937FF4 
 3297      5AA272E1 
 3297      29A95C42 
 3298 021a 91AA29A5 		.ascii	"\221\252)\245Zx\373/\225\201\011R\3215\022#\250\200"
 3298      5A78FB2F 
 3298      95810952 
 3298      D1351223 
 3298      A880
 3299 022c 3AF899FF 		.ascii	":\370\231\377\36130EJ\267\360+g\013H\276z\261S\376S"
 3299      F1333045 
 3299      4AB7F02B 
 3299      670B48BE 
 3299      7AB153FE 
 3300 0241 3B38D435 		.ascii	";8\3245J\346E\270\332\01455Zf\330\0375w4\005\232\033"
 3300      4AE645B8 
 3300      DA0C3535 
 3300      5A66D81F 
 3300      35773405 
 3301 0257 AD68226E 		.ascii	"\255h\"nn\333\353\333UW\357\217\370\243\001\213\325"
 3301      6EDBEBDB 
 3301      5557EF8F 
 3301      F8A3018B 
 3301      D5
 3302 0268 2642613B 		.ascii	"&Ba;X\027\363\333\211\026s{(\\\037\336\263\317l\212"
 3302      5817F3DB 
 3302      8916737B 
 3302      285C1FDE 
 3302      B3CF6C8A 
 3303 027c 9B76C28C 		.ascii	"\233v\302\214\333\0013\020\262\016\012\2217\300\270"
 3303      DB013310 
 3303      B20E0A91 
 3303      37C0B8
 3304 028b 158F552D 		.ascii	"\025\217U-\306^\377\306M\233\203\226\265\2056\"1C\301"
ARM GAS  /tmp/ccBn30D0.s 			page 73


 3304      C65EFFC6 
 3304      4D9B8396 
 3304      B5853622 
 3304      3143C1
 3305 029e C6A1FD11 		.ascii	"\306\241\375\021\177C\334\0104\333v\"\346\375{\356p"
 3305      7F43DC08 
 3305      34DB7622 
 3305      E6FD7BEE 
 3305      70
 3306 02af 3410690E 		.ascii	"4\020i\016Z\224?\021\262-\1770\356\015\261\357\345\327"
 3306      5A943F11 
 3306      B22D7F30 
 3306      EE0DB1EF 
 3306      E5D7
 3307 02c1 6ACD     		.ascii	"j\315"
 3308              		.text
 3309              		.section	.gnu.lto_chEvtRegisterMaskWithFlags.348.cc9bb7b850bc0f1d,"e",%progbits
 3310 0000 789C8D55 		.ascii	"x\234\215U\377oSU\024\277\347\335\327\327\026\004\227"
 3310      FF6F5355 
 3310      14BFE7DD 
 3310      D7D71604 
 3310      97
 3311 0011 4824D1A0 		.ascii	"H$\321\240\033\206\030\014\356M\022%\361'u\370\003\011"
 3311      1B86180C 
 3311      EE4D1225 
 3311      F12775F8 
 3311      0309
 3312 0023 D3E5ED0F 		.ascii	"\323\345\355\017 ]\367\334\032\327\265\276v\350~\342"
 3312      205DF7DC 
 3312      1AD7B5BE 
 3312      76E87EE2 
 3313 0033 B1A1C4F9 		.ascii	"\261\241\304\371C\307H\306\330\027\226\3404[bB \001"
 3313      43C748C6 
 3313      D81796E0 
 3313      345B6242 
 3313      2001
 3314 0045 36B769B1 		.ascii	"6\267i\261\216!\272/lcl\355dd8\024\"RV\230\323\030\361"
 3314      8E21BA2F 
 3314      6C636CED 
 3314      64643814 
 3314      22525698 
 3315 005c DC7B5FBF 		.ascii	"\334{_\277m\2424\331z\357\271\347\3639\347\334\3639"
 3315      6DA234D9 
 3315      7AEFB9E7 
 3315      F339E7DC 
 3315      F339
 3316 006e B7C50E42 		.ascii	"\267\305\016Bj\200\220\347\010!@\0114\036\252\227\210"
 3316      6A8090E7 
 3316      08214009 
 3316      341EAA97 
 3316      88
 3317 007f 699AAFD9 		.ascii	"i\232\257\331%\330\177\250\336\011_\003\337\001\331"
 3317      25D87FA8 
 3317      DE095F03 
 3317      DF01D9
 3318 008e 27C13E38 		.ascii	"'\301>8L\267\342v\371\303\303\241A0\273\302\320I\011"
 3318      4CB7E276 
ARM GAS  /tmp/ccBn30D0.s 			page 74


 3318      F9C3C3A1 
 3318      4130BBC2 
 3318      D04909
 3319 00a1 39867FFC 		.ascii	"9\206\177\374\323F\241\221vR\000\331ZI\220\213+\372"
 3319      D346A191 
 3319      765200D9 
 3319      5A49908B 
 3319      2BFA
 3320 00b3 16793E6C 		.ascii	"\026y>l\232c7{L\323I:)\205\263\200\0308\003p\032#\243"
 3320      9A63377B 
 3320      4CD3493A 
 3320      2985B380 
 3320      18380370 
 3321 00ca 416BDFC4 		.ascii	"Ak\337\304\374\312\271_\274y\241e}\0032\313\320\233"
 3321      FCCAB95F 
 3321      BC79A165 
 3321      7D0332CB 
 3321      D09B
 3322 00dc ED276BDD 		.ascii	"\355'k\335\334\357]\341w\364\263#\334\317\006}\331~"
 3322      DCEF5DE1 
 3322      77F4B323 
 3322      DCCF067D 
 3322      D97E
 3323 00ee 36ED34F7 		.ascii	"6\3554\3673\204_\313\240\360S` \333O\321\316m\"D\261"
 3323      33845FCB 
 3323      A0F05360 
 3323      20DB4FD1 
 3323      CE6D2244 
 3324 0103 2AA008E1 		.ascii	"*\240\010\341k\2000\260Z\024\254\264gd;\301+8F\245\244"
 3324      6B8030B0 
 3324      5A14ACB4 
 3324      67643BC1 
 3324      2B3846A5 
 3325 0118 A5ED8FC8 		.ascii	"\245\355\217\310\254B\340\034\332(\263\321N\356\314"
 3325      AC42E01C 
 3325      DA28B3D1 
 3325      4EEECC
 3326 0127 222DF77C 		.ascii	"\"-\367|\022\033}\252\315\014\313\235\324\016\021`T"
 3326      121B7DAA 
 3326      CD0CCB9D 
 3326      D40E1160 
 3326      54
 3327 0138 22187C8B 		.ascii	"\"\030|\213\361\355Z\333\263\350\271\205yN\206fz\267"
 3327      F1ED5ADB 
 3327      B3E8B985 
 3327      794E8666 
 3327      7AB7
 3328 014a 45EACC0B 		.ascii	"E\352\314\013f\312\227\244}\305]\262h\313\367\332\024"
 3328      66CA97A4 
 3328      7DC55DB2 
 3328      68CBF7DA 
 3328      14
 3329 015b 1844E337 		.ascii	"\030D\3437\214\215\345\012\347S\371\261de\270\3007\264"
 3329      8C8DE50A 
 3329      E753F9B1 
 3329      6465B8C0 
 3329      37B4
ARM GAS  /tmp/ccBn30D0.s 			page 75


 3330 016d 8B67C8C9 		.ascii	"\213g\310\311\233g\332_\305,\016\344vR\007|\207@[\222"
 3330      9B67DA5F 
 3330      C52C0EE4 
 3330      7652077C 
 3330      87405B92 
 3331 0181 FA22526B 		.ascii	"\372\"Rk\365\317p0\333\260\243\357S\371\307G#\342\346"
 3331      F5CF7030 
 3331      DBB0A3EF 
 3331      53F9C747 
 3331      23E2E6
 3332 0194 458752A8 		.ascii	"E\207R\250\037\230I\213n\262\370\343\241\301\367x\336"
 3332      1F98498B 
 3332      6EB2F8E3 
 3332      A1C1F778 
 3332      DE
 3333 01a5 D98D4437 		.ascii	"\331\215D7\2217\247\232\256k\315hb\212j\204\231\264"
 3333      9137A79A 
 3333      AE6BCD68 
 3333      628A6A84 
 3333      99B4
 3334 01b7 1BABA8B2 		.ascii	"\033\253\250\262{\215n\031T3\221\314>\247\250\306\230"
 3334      7B8D6E19 
 3334      543391CC 
 3334      3EA7A8C6 
 3334      98
 3335 01c8 495B5C45 		.ascii	"I[\\E\225-\007t\313\240\212^\317\224B\212j\234\231\264"
 3335      952D0774 
 3335      CBA08A5E 
 3335      CF94428A 
 3335      6A9C99B4 
 3336 01dc BF575165 		.ascii	"\277WQe+\006\3352\0323\262\035&\000.\001\214\002\014"
 3336      2B06DD32 
 3336      1A33B21D 
 3336      26002E01 
 3336      8C020C
 3337 01ef 8310892D 		.ascii	"\203\020\211-\331\202x\354\323\203\353\033\366;\222"
 3337      D98278EC 
 3337      D383EB1B 
 3337      F63B92
 3338 01fe 0D20990D 		.ascii	"\015 \231\015\020\275\203\313\270\235\004\353\372\031"
 3338      10BD83CB 
 3338      B89D04EB 
 3338      FA19
 3339 020c 65D74602 		.ascii	"e\327F\002S\350,\3636_\001\253\263\\\206\243\226\014"
 3339      53E82CF3 
 3339      365F01AB 
 3339      B35C86A3 
 3339      960C
 3340 021e 95B40CEB 		.ascii	"\225\264\014\353\356#\311\014\332\354$\255\252\217\373"
 3340      EE23C90C 
 3340      DAEC24AD 
 3340      AA8FFB
 3341 022d 1E45553D 		.ascii	"\036EU=\347\333\025\210\2411\232R\325,W\025\36391n\013"
 3341      E7DB1588 
 3341      A1319A52 
 3341      D52C5715 
 3341      F339316E 
ARM GAS  /tmp/ccBn30D0.s 			page 76


 3342 0242 9B7F3D08 		.ascii	"\233\177=\010\231\341!g\313`\353\203n)G\002\350\001"
 3342      99E12167 
 3342      CB60EB83 
 3342      6E294702 
 3342      E801
 3343 0254 14F39720 		.ascii	"\024\363\227 \003\364\203\015\340+\254\000\213\263\263"
 3343      03F4830D 
 3343      E02BAC00 
 3343      8BB3B3
 3344 0263 A9242444 		.ascii	"\251$$D\331\223a\312`\206\011i\240\222\330\324\341\346"
 3344      D99361CA 
 3344      60860969 
 3344      A092D8D4 
 3344      E1E6
 3345 0275 1698F3BD 		.ascii	"\026\230\363\275X4~'\026BW[\232\000'\207[\023Q'?Ntw"
 3345      58347E27 
 3345      1642575B 
 3345      9A002787 
 3345      5B135127 
 3346 028d 9C4A4C3F 		.ascii	"\234JL?\201\002\347\346\211D30{m.\312\236\275!v(\340"
 3346      8102E7E6 
 3346      89443330 
 3346      7B6D2ECA 
 3346      9EBD2176 
 3347 02a3 6E779BCE 		.ascii	"nw\233\316\314\265\003\252\237\273\365\3159a\010\310"
 3347      CCB503AA 
 3347      9FBBF5CD 
 3347      396108C8 
 3348 02b3 1DA8DDCC 		.ascii	"\035\250\335\314\262>!aeya\351#\274q'.e\366\232\315"
 3348      B23E2161 
 3348      657961E9 
 3348      23BC7127 
 3348      2E65F69A 
 3349 02c8 01C16FB8 		.ascii	"\001\301o\270\006p\225_d^\204\237\257\341\207\363\""
 3349      0670955F 
 3349      645E849F 
 3349      AFE187F3 
 3349      22
 3350 02d9 4ABCAB63 		.ascii	"J\274\253c<\341 l\304\030\357\342B\350^t\013\217\360"
 3350      3CE1206C 
 3350      C418EFE2 
 3350      42E85E74 
 3350      0B8FF0
 3351 02ec 7BF4496E 		.ascii	"{\364In99>\261\033\257^\2444\014\307\361%\340\313Q\\"
 3351      39393EB1 
 3351      1BAF5EA4 
 3351      340CC7F1 
 3351      25E0CB51 
 3352 0301 52B1BC84 		.ascii	"R\261\274\204KY,'pic\270\353\035\007\327b{9\325\331"
 3352      4B592C27 
 3352      706963B8 
 3352      EB1D07D7 
 3352      627B39D5 
 3353 0316 21273696 		.ascii	"!'6\226Wq\373\213\350T\033`s\371\301\334\224\023\246"
 3353      5771FB8B 
 3353      E8541B60 
 3353      73F9C1DC 
ARM GAS  /tmp/ccBn30D0.s 			page 77


 3353      9413A6
 3354 0329 81FC06B5 		.ascii	"\201\374\006\265\375\335\353\216S\305z6\327\362t\017"
 3354      FDDDEB8E 
 3354      53C57A36 
 3354      D7F2740F 
 3355 0339 8084CB2E 		.ascii	"\200\204\313.\312\273\3669\340M?\006\013\000?\361\303"
 3355      CABBF639 
 3355      E04D3F06 
 3355      0B003FF1 
 3355      C3
 3356 034a 02BC61AC 		.ascii	"\002\274a\254e\035\334\200v\312\325bY\034\3603Z\200"
 3356      651DDC80 
 3356      76CAD562 
 3356      591CF033 
 3356      5A80
 3357 035c 8810B5F1 		.ascii	"\210\020\265\361\223\247\372zXt\224\033\006\020w7\304"
 3357      93A7FA7A 
 3357      5874941B 
 3357      06107737 
 3357      C4
 3358 036d 2B9B1F18 		.ascii	"+\233\037\030\342YlN\375\233\037\263\213\\6\036\247"
 3358      E2596C4E 
 3358      FD9B1FB3 
 3358      8B5C361E 
 3358      A7
 3359 037e 762B170A 		.ascii	"v+\027\012\251\360\353\261v\270\011\304\212$\303-\214"
 3359      A9F0EBB1 
 3359      76B809C4 
 3359      8A24C32D 
 3359      8C
 3360 038f 24311133 		.ascii	"$1\0213T\274~X\2620r\032\3638^\022\374*0]\374\3506\202"
 3360      54BC7E58 
 3360      B230721A 
 3360      F3385E12 
 3360      FC2A305D 
 3361 03a7 2803610C 		.ascii	"(\003a\014\321\361!\216o\271\271\341\337\002\011\320"
 3361      D1F1218E 
 3361      6FB9B9E1 
 3361      DF0209D0 
 3362 03b7 9D642471 		.ascii	"\235d$q\347\346\374e\001jJ\203VFr\300]\004\311\002$"
 3362      E7E6FC65 
 3362      016A4A83 
 3362      564672C0 
 3362      5D04C902 
 3363 03cc 0ABFB22A 		.ascii	"\012\277\262*\322J\220\015\022\010\262\011\220\314A"
 3363      D24A900D 
 3363      1208B209 
 3363      90CC41
 3364 03db 3302B4F8 		.ascii	"3\002\264\370\313CA\012\334G\220\302@\254\372\034!\245"
 3364      CB43410A 
 3364      DC4790C2 
 3364      40ACFA1C 
 3364      21A5
 3365 03ed F9D8FF46 		.ascii	"\371\330\377FS`\031\201v\021\215\251\246\366Z\337E\366"
 3365      53601981 
 3365      76118DA9 
 3365      A6F65ADF 
ARM GAS  /tmp/ccBn30D0.s 			page 78


 3365      45F6
 3366 03ff 8BCB1E94 		.ascii	"\213\313\036\224\244\312HRc$\2510A\337\277\306\032\252"
 3366      A4CA4852 
 3366      6324A930 
 3366      41DFBFC6 
 3366      1AAA
 3367 0411 96561CAA 		.ascii	"\226V\034\252\031!\250\216\330\021\353\370d\253\220"
 3367      1921A88E 
 3367      D811EBF8 
 3367      64AB90
 3368 0420 F1406C65 		.ascii	"\361@le\223'\237\266\306\256q\011\307.*\200G\227Rc\027"
 3368      93279FB6 
 3368      C6AE7109 
 3368      C72E2A80 
 3368      47975263 
 3369 0435 B3C68E64 		.ascii	"\263\306\216d\216\335lz\354~\314\034;k\300\376\344\243"
 3369      8EDD6C7A 
 3369      EC7ECC1C 
 3369      3B6BC0FE 
 3369      E4A3
 3370 0447 963955CD 		.ascii	"\2269U\315K8U\030\233,2\021.N\354d3\304>!\012\342y\250"
 3370      4B385518 
 3370      9B2C3211 
 3370      2E4EEC64 
 3370      33C43E21 
 3371 045f 0DB36D9E 		.ascii	"\015\263m\236Z\341\363\352\252\307U\245\356\364\271"
 3371      5AE1F3EA 
 3371      AAC755A5 
 3371      EEF4B9
 3372 046e ABBD7A55 		.ascii	"\253\275zU0\240\276Q\254\355\336S\352\252tU\271u\262"
 3372      30A0BE51 
 3372      ACEDDE53 
 3372      EAAA7455 
 3372      B975B2
 3373 0481 3558E131 		.ascii	"5X\3411\312\366\370]F\260F-\254\360\224z\336.Q}\001"
 3373      CAF6F85D 
 3373      46B0462D 
 3373      ACF0947A 
 3373      DE2E517D 
 3374 0496 D508AA01 		.ascii	"\325\010\252\001\303\255\272+\364\275\014\224\357&T"
 3374      C3ADBA2B 
 3374      F4BD0C94 
 3374      EF2654
 3375 04a5 0FF837A4 		.ascii	"\017\3707\244\367\371\256\227\266\277R\246\353;\360"
 3375      F7F9AE97 
 3375      B6BF52A6 
 3375      EB3BF0
 3376 04b4 A0D2AF08 		.ascii	"\240\322\257\010\263\362\376;\225\256\362\300\013\017"
 3376      B3F2FE3B 
 3376      95AEF2C0 
 3376      0B0F
 3377 04c2 27F554B9 		.ascii	"'\365T\271+\253\313t$\016\324\004\362+\210\275\324\025"
 3377      2BABCB74 
 3377      240ED404 
 3377      F22B88BD 
 3377      D415
 3378 04d4 D08B0DCF 		.ascii	"\320\213\015\317\233\017\201\270}^\257\257J\325?\010"
ARM GAS  /tmp/ccBn30D0.s 			page 79


 3378      9B0F81B8 
 3378      7D5EAFAF 
 3378      4AD53F08 
 3379 04e4 AAAF6B45 		.ascii	"\252\257kEjaQ\311\256\022\265\320g\350\352\256$\223"
 3379      6A6151C9 
 3379      AE12B5D0 
 3379      67E8EAAE 
 3379      2493
 3380 04f6 37E009EC 		.ascii	"7\340\011\354)w\273\221\355\345\377f\361\373\014\254"
 3380      2977BB91 
 3380      EDE5FF66 
 3380      F1FB0CAC 
 3381 0506 1F79F6EE 		.ascii	"\037y\366\356x\261\010Sp#\017\242\024w\265a\004\375"
 3381      78B10853 
 3381      70230FA2 
 3381      1477B561 
 3381      04FD
 3382 0518 3945255A 		.ascii	"9E%Z.K\307ox\266\345n) \222A\354^\335\3533jH\376\243"
 3382      2E4BC76F 
 3382      78B6E56E 
 3382      29209241 
 3382      EC5EDDEB 
 3383 0531 5414AC30 		.ascii	"T\024\2540tW\031\253\352\0370,&\263"
 3383      745719AB 
 3383      EA1F302C 
 3383      26B3
 3384              		.text
 3385              		.section	.gnu.lto_chEvtUnregister.349.cc9bb7b850bc0f1d,"e",%progbits
 3386 0000 789C8D53 		.ascii	"x\234\215S]L\024W\024\276g\356\374,\321\022\223\032"
 3386      5D4C1457 
 3386      14BE67EE 
 3386      FC2CD112 
 3386      931A
 3387 0012 1E2C49C1 		.ascii	"\036,I\301\20446\226\241&\312K\223\376`\037LJk\226\276"
 3387      84343696 
 3387      A126CA4B 
 3387      93FE601F 
 3387      4C4A6B96 
 3388 0027 936599BA 		.ascii	"\223e\231\272\233\262?\231]Myr\004k#4\302\256\221R\335"
 3388      9BB23F99 
 3388      5D4D7972 
 3388      046B2334 
 3388      C2AE9152 
 3389 003c A5ED666D 		.ascii	"\245\355fm\264M\177hR]D`\313\212\340\242\240bZd\245"
 3389      B44D7F68 
 3389      525D4460 
 3389      CB8AE0A2 
 3389      A0625A64 
 3390 0051 36DB17A9 		.ascii	"6\333\027\251\011%,Pbj\354\271w\206eib\323y\230{\357"
 3390      09252C50 
 3390      626AECB9 
 3390      77866569 
 3390      62D37998 
 3391 0067 B9DF39E7 		.ascii	"\271\3379\347;\347|\367U\211\220j \244\215\020\0026"
 3391      3BE77CF7 
 3391      5589906A 
 3391      20A48D10 
ARM GAS  /tmp/ccBn30D0.s 			page 80


 3391      0236
 3392 0079 02E1509B 		.ascii	"\002\341P\233@\014\303xM\021\340T(=\325\377\333C\001"
 3392      400CC378 
 3392      4D11E054 
 3392      283DD5FF 
 3392      DB4301
 3393 008c C6805BA8 		.ascii	"\306\200[\250p4\324.\300\000\3742:L\305\217B\305\347"
 3393      7034D42E 
 3393      C000FC32 
 3393      3A4CC58F 
 3393      42C5E7
 3394 009f 1303AF88 		.ascii	"\023\003\257\210\"t\205\322\243\307\347u\216Q\340T\357"
 3394      227485D2 
 3394      A3C7E775 
 3394      8E51E054 
 3394      EF
 3395 00b0 16338024 		.ascii	"\0263\200$\264\232p\016;\026*\346n2\034\011\265M~+p"
 3395      B49A700E 
 3395      3B162AE6 
 3395      6E321C09 
 3395      B54D7E2B 
 3396 00c5 0890C302 		.ascii	"\010\220\303\002\025\025I\206\303\002\022\311\177'\351"
 3396      15154986 
 3396      C30212C9 
 3396      7F27E9
 3397 00d4 0EBC5FFD 		.ascii	"\016\274_\375\360\344\340\010\030\347\222\020\247\204"
 3397      F0E4E008 
 3397      18E79210 
 3397      A784
 3398 00e2 F450EB32 		.ascii	"\364P\3532B!L\343\024@\264v\002\224\341\216\276M^H\032"
 3398      42214CE3 
 3398      1440B476 
 3398      0294E18E 
 3398      BE4D5E48 
 3399 00f7 C6CD8984 		.ascii	"\306\315\211\204a\024\2218\245p\021\320\007.\000\374"
 3399      61149138 
 3399      A57011D0 
 3399      072E00FC 
 3400 0107 8805A2C1 		.ascii	"\210\005\242\301~\263\224\341\016\230\270\307\026N\204"
 3400      7EB394E1 
 3400      0E98B8C7 
 3400      164E84
 3401 0116 BE8D38D1 		.ascii	"\276\2158\321~\257\224g\241\357\263\177\005\202\027"
 3401      7EAF9467 
 3401      A1EFB37F 
 3401      058217
 3402 0125 86CEB617 		.ascii	"\206\316\266\027w\036\2611t\177!\232\020\373\203R\231"
 3402      771EB131 
 3402      747F219A 
 3402      10FB8352 
 3402      99
 3403 0136 C06530F9 		.ascii	"\300e0\371\011\350 3\256\000\203\300\274e\254#\261\264"
 3403      09E82033 
 3403      AE0083C0 
 3403      BC65AC23 
 3403      B1B4
 3404 0148 8B601B7A 		.ascii	"\213`\033z\250\260f\211\314\266.\243\327\020\332(\317"
ARM GAS  /tmp/ccBn30D0.s 			page 81


 3404      A8B06689 
 3404      CCB62EA3 
 3404      D710DA28 
 3404      CF
 3405 0159 D4CDC18C 		.ascii	"\324\315\301\214\327jg{fr[\304H\212q*\301O\300B\231"
 3405      D76A677B 
 3405      66725BC4 
 3405      488A712A 
 3405      C14FC042 
 3406 016e C96018FB 		.ascii	"\311`\030\373 \331#\317[\244V#\035\307\373w\246Z\215"
 3406      20D923CF 
 3406      5BA45623 
 3406      1DC7FB77 
 3406      A65A8D
 3407 0181 31238F25 		.ascii	"1#\217%\353X\263S<\377\325\250\014)4&Y4\202\374\340"
 3407      EB58B353 
 3407      3CFFD5A8 
 3407      0C293426 
 3407      593482FC 
 3408 0196 4A9E1F23 		.ascii	"J\236\037#+\302\325<\331\310\365D\211\311V\264\356a"
 3408      2BC2D53C 
 3408      D9C8F544 
 3408      89C956B4 
 3408      EE61
 3409 01a8 140AEF67 		.ascii	"\024\012\357gS\367\220\372\030\002$\262\316\344n\337"
 3409      53F790FA 
 3409      180224B2 
 3409      CEE46EDF 
 3410 01b8 FF61B2BA 		.ascii	"\377a\262\272\024\221!\215\306ky&\343\234\011b\000\233"
 3410      1491218D 
 3410      C66B7926 
 3410      E39C0962 
 3410      009B
 3411 01ca F8DD6D29 		.ascii	"\370\335m)i\374\375\244\303H\216\026\015\216d\027\346"
 3411      69FCFDA4 
 3411      C3488E16 
 3411      0D8E6417 
 3411      E6
 3412 01db 2A36036B 		.ascii	"*6\003k.\366 \001\022\333\311l@\012\373\331\000.\241"
 3412      2EF62001 
 3412      12DBC96C 
 3412      400AFBD9 
 3412      002EA1
 3413 01ee 5B07255F 		.ascii	"[\007%_e\262{\300H\022\322I\005\276o\305\375\037`d\237"
 3413      65B27BC0 
 3413      4812D249 
 3413      05BE6FC5 
 3413      FD1F6064 
 3414 0203 602AB686 		.ascii	"`*\266\2067\261e{\376\227\355f\206\226\3177a\300\030"
 3414      37B1657B 
 3414      FE97ED66 
 3414      8696CF37 
 3414      61C018
 3415 0216 4E8099A2 		.ascii	"N\200\231\242\343\034\233[>\361\353\351.\300\232\271"
 3415      E31C9B5B 
 3415      3EF1EBE9 
 3415      2EC09AB9 
ARM GAS  /tmp/ccBn30D0.s 			page 82


 3416 0226 35375384 		.ascii	"57S\204\245\362\213\276\236\037r\323\317\"s~1\225\303"
 3416      A5F28BBE 
 3416      9E1F72D3 
 3416      CF22737E 
 3416      3195C3
 3417 0239 91B12065 		.ascii	"\221\261 eX\017\023\241\004U\034\366E\327\205\373Q\000"
 3417      580F13A1 
 3417      04551CF6 
 3417      45D785FB 
 3417      5100
 3418 024b 335AB6FF 		.ascii	"3Z\266\377~\021\\\007\362'\264lgEF\230>\312\277\021"
 3418      7E115C07 
 3418      F227B46C 
 3418      67454698 
 3418      3ECABF11 
 3419 025f 8EA19264 		.ascii	"\216\241\222d\334\212\354\325M\000\301\025&\001n\360"
 3419      DC8AECD5 
 3419      4D00C115 
 3419      26016EF0 
 3420 026f 2E977FCF 		.ascii	".\227\177\317\357\025~y\313\314\262\220\350\271\235"
 3420      EF157E79 
 3420      CBCCB290 
 3420      E8B99D
 3421 027e C3E799E6 		.ascii	"\303\347\231\346Gcq\371\304\322\314Y\260\250e\377\232"
 3421      476371F9 
 3421      C4D2CC59 
 3421      B0A865FF 
 3421      9A
 3422 028f 2921AC7A 		.ascii	")!\254z\232\036~\370;]+\177\2617\226y\027'I\346\340"
 3422      9A1E7EF8 
 3422      3B5D2B7F 
 3422      B1379679 
 3422      172749E6 
 3423 02a4 E8835443 		.ascii	"\350\203TC\214*1j\343/\250\223\212\271\350\304\266|"
 3423      8C2A316A 
 3423      E32FA893 
 3423      8AB9E8C4 
 3423      B67C
 3424 02b6 9F2E8E53 		.ascii	"\237.\216S2\017-\227\317\227\3048-V\217\310\271|\311"
 3424      320F2D97 
 3424      CF97C438 
 3424      2D568FC8 
 3424      B97CC9
 3425 02c9 5E3E92B1 		.ascii	"^>\222\261\241+L\001\2512\217\"\334\201(\177\217\350"
 3425      A12B4C01 
 3425      A9328F22 
 3425      DC81287F 
 3425      8FE8
 3426 02db B6D0F618 		.ascii	"\266\320\366\030\326\240\3476s\254\264\001\373\263\211"
 3426      D6A0E736 
 3426      73ACB401 
 3426      FBB389
 3427 02ea C5D83C5B 		.ascii	"\305\330<[\037f#\217@\212\241\356E6@e:\036\275\206#"
 3427      1F66238F 
 3427      408AA1EE 
 3427      45364065 
 3427      3A1EBD86 
ARM GAS  /tmp/ccBn30D0.s 			page 83


 3428 02ff 465E12FA 		.ascii	"F^\022\372\030\242EL\340\3431K\354\035\377\030X-\214"
 3428      18A2454C 
 3428      E0E3314B 
 3428      EC1DFF18 
 3428      582D8C
 3429 0312 E6DC3358 		.ascii	"\346\3343X\313Fr\260!\341\264E\016\013\237K\275\207"
 3429      CB4672B0 
 3429      21E1B445 
 3429      0E0B9F4B 
 3429      BD87
 3430 0324 13463C3B 		.ascii	"\023F<;?\0026na\342\356V4(\363\231R\314(\177]\250\230"
 3430      3F02366E 
 3430      61E2EE56 
 3430      3428F399 
 3430      52CC287F 
 3431 033b 5B79159C 		.ascii	"[y\025\234>\203*\0302\223\177\226\371\304\354{\266\367"
 3431      3E832A18 
 3431      32937F96 
 3431      F9C4EC7B 
 3431      B6F7
 3432 034d 4C055F07 		.ascii	"L\005_\0072\360/I\335y\316RIx\005U\2224\035?]\311\253"
 3432      32F02F49 
 3432      DD79CE52 
 3432      49780555 
 3432      92341D3F 
 3433 0364 2465A984 		.ascii	"$e\251\204\024\252\344\312\272JF\012Ub\351a\206+\243"
 3433      14AAE4CA 
 3433      BA4A460A 
 3433      5562E961 
 3433      862BA3
 3434 0377 5004DD2B 		.ascii	"P\004\335+(\002|\312d\021\217\275\341\331\275\254'\354"
 3434      28027CCA 
 3434      64118FBD 
 3434      E1D9BDAC 
 3434      27EC
 3435 0389 EBA0C00B 		.ascii	"\353\240\300\013iI\262S\271\352\362y4\325\355\360\252"
 3435      6949B253 
 3435      B9EAF279 
 3435      34D5EDF0 
 3435      AA
 3436 039a 7B7DCE83 		.ascii	"{}\316\203\036\315\033\014\250o\354\267\277U\337\340"
 3436      1ECD1B0C 
 3436      A86FECB7 
 3436      BF55DFE0 
 3437 03aa 6872789D 		.ascii	"hrx\235\032\331\021t\271\365\306z\277C\0176\2535.w\203"
 3437      1AD91174 
 3437      B9F5C67A 
 3437      BF430F36 
 3437      AB352E77 
 3438 03bf FB9D3AD5 		.ascii	"\373\235:\325\027P\365\240\032\320\235\252\323\245\035"
 3438      1750F5A0 
 3438      1AD09DAA 
 3438      D3A51D
 3439 03ce 624E954E 		.ascii	"bN\225NB\265\200\177\353\372\271\322\361\362\256=\215"
 3439      42B5807F 
 3439      EBFAB9D2 
 3439      F1F2AE3D 
ARM GAS  /tmp/ccBn30D0.s 			page 84


 3439      8D
 3440 03df 9A568D17 		.ascii	"\232V\215\027M~\360\277\370\364@n\257\263\351`\243\206"
 3440      4D7EF0BF 
 3440      F8F4406E 
 3440      AFB3E960 
 3440      A386
 3441 03f1 C102CD81 		.ascii	"\301\002\315\201J\027Q\032\034\001m\277\356~\363).N"
 3441      4A17511A 
 3441      1C016DBF 
 3441      EE7EF329 
 3441      2E4E
 3442 0403 9FC7E3F3 		.ascii	"\237\307\343\363\252\332\007A\365u{\255ZS[\267\257N"
 3442      AADA0741 
 3442      F5757BAD 
 3442      5A535BB7 
 3442      AF4E
 3443 0415 ADF1E99A 		.ascii	"\255\361\351\232\272o-\222'\340\016\324\037p:1\332\356"
 3443      BA6F2D92 
 3443      27E00ED4 
 3443      1F703A31 
 3443      DAEE
 3444 0427 FF8EE2F7 		.ascii	"\377\216\342\367\351X3\3069T\375R-Rpb\034\364\332R["
 3444      E95833C6 
 3444      3954FD52 
 3444      2D527062 
 3444      1CF4DA52 
 3445 043c 672F633C 		.ascii	"g/c<\374\272{gYE\025\021t\242x4\217Oo&\377\000-\343"
 3445      FCBA7B67 
 3445      59451511 
 3445      74A27834 
 3445      8F4F6F26 
 3446 0454 4547     		.ascii	"EG"
 3447              		.text
 3448              		.section	.gnu.lto_chEvtGetAndClearEventsI.350.cc9bb7b850bc0f1d,"e",%progbits
 3449 0000 789C7552 		.ascii	"x\234uR?h\023Q\030\177\277{\311\245\031\354$\272d\250"
 3449      3F681351 
 3449      187FBF7B 
 3449      C9A519EC 
 3449      24BA64A8 
 3450 0014 834A0773 		.ascii	"\203J\007s*\250\253\250\243\250(\235\313\365rp\221$"
 3450      2AA8ABA8 
 3450      A3A8289D 
 3450      CBF57270 
 3450      9124
 3451 0026 2D978BE0 		.ascii	"-\227\213\340\324\327T\011dI\333\240(D\261\241\2258"
 3451      D4D75409 
 3451      6449DBA0 
 3451      2844B1A1 
 3451      9538
 3452 0038 9422544C 		.ascii	"\224\"TL5\325\263\212\"\005\021\207\016.\201J\221:H"
 3452      35D5B38A 
 3452      22051187 
 3452      0E2E814A 
 3452      913A48
 3453 004b A88BA52D 		.ascii	"\250\213\245-\365{\357\016\333A\207{\367\275\357\373"
 3453      F57BEF0E 
 3453      DB41877B 
ARM GAS  /tmp/ccBn30D0.s 			page 85


 3453      F7BDEFFB 
 3454 005b FDF9BE8F 		.ascii	"\375\371\276\2177\25316\311\030;B\0378\303\304xYcB\210"
 3454      37AB3136 
 3454      C9183B42 
 3454      1F38C3C4 
 3454      78596342 
 3455 0070 B3310D23 		.ascii	"\2631\015#\343\345\357\315\271\010\026\240\022`\303"
 3455      E3E5EFCD 
 3455      B90816A0 
 3455      1260C3
 3456 007f 1A8651E5 		.ascii	"\032\206Q\3455\216\011>E\340H\030\001=\275\276\020\277"
 3456      358E093E 
 3456      45E04818 
 3456      013DBDBE 
 3456      10BF
 3457 0091 6F5737A7 		.ascii	"oW7\247c\265\206\037\231\342\032{H\200g\300\034H\231"
 3457      63B5861F 
 3457      99E21A7B 
 3457      488067C0 
 3457      1C4899
 3458 00a4 11905F62 		.ascii	"\021\220_bG\011\364y\255)D\234\021\002\317\261\213A"
 3458      4709F479 
 3458      AD29449C 
 3458      1102CFB1 
 3458      8B41
 3459 00b6 1394EA9B 		.ascii	"\023\224\352\233L\004\330\353\362<L\360\316\366j\251"
 3459      4C04D8EB 
 3459      F23C4CF0 
 3459      CEF66AA9 
 3460 00c6 7B6CA44B 		.ascii	"{l\244K\342\347\367\342_\220n\337|B\2023\177\301[\323"
 3460      E2E7F7E2 
 3460      5F906EDF 
 3460      7C428233 
 3460      7FC15BD3 
 3461 00da 2198E3E5 		.ascii	"!\230\343\345^pK\202g\022\272\214$S\226\026(O<\235\321"
 3461      5E704B82 
 3461      6712BA8C 
 3461      24539616 
 3461      284F3C9D 
 3462 00ef 0D780529 		.ascii	"\015x\005)\242\323\240\215\203\262F9F%\274V%\242K\336"
 3462      A2D3A08D 
 3462      83B24639 
 3462      4625BC56 
 3462      25A24BDE 
 3463 0103 EC97A82F 		.ascii	"\354\227\250/\266v*B\264\215\215\326\267x\0344GD\223"
 3463      B6762A42 
 3463      B48D8DD6 
 3463      B7781C34 
 3463      474493
 3464 0116 07974794 		.ascii	"\007\227G\224\016\256\203f\211\005\015V\270\334\245"
 3464      0EAE8366 
 3464      89050D56 
 3464      B8DCA5
 3465 0125 8840F88C 		.ascii	"\210@\370\214\215q-\270\214\322\345\007\304\312\306"
 3465      8D712DB8 
 3465      8CD2E507 
 3465      C4CAC6
ARM GAS  /tmp/ccBn30D0.s 			page 86


 3466 0134 12E4FFD7 		.ascii	"\022\344\377\327L\345\353r\015d\245\262\355\3458|\260"
 3466      4CE5EB72 
 3466      0D64A5B2 
 3466      EDE5387C 
 3466      B0
 3467 0145 9F28B69E 		.ascii	"\237(\266\236\354\253\363h\270\343\250j\360\0264\012"
 3467      ECABF368 
 3467      B8E3A86A 
 3467      F016340A 
 3468 0155 1B5C6DE9 		.ascii	"\033\\m\351\261\264\327\261\010\274Q\305\343\244N\263"
 3468      B1B4D7B1 
 3468      08BC51C5 
 3468      E3A44EB3 
 3469 0165 C7F0160F 		.ascii	"\307\360\026\017\270\352=\314p\274\243\014X`Q\354<]"
 3469      B8EA3DCC 
 3469      70BCA30C 
 3469      586051EC 
 3469      3C5D
 3470 0177 6C37E334 		.ascii	"l7\3434$m\203\014\224\353f\320\313\312\316\322\001\365"
 3470      246D830C 
 3470      94EB66D0 
 3470      CBCACED2 
 3470      01F5
 3471 0189 AF7E0A5A 		.ascii	"\257~\012ZX\353\256s\204-p\004\256\201h\027Q\361\036"
 3471      58EBAE73 
 3471      842D7004 
 3471      AE816817 
 3471      51F11E
 3472 019c 2CF4D0F0 		.ascii	",\364\320\360\201<\3505\021m\364n\351X\235\307\210Y"
 3472      813CE835 
 3472      116DF46E 
 3472      E9589DC7 
 3472      8859
 3473 01ae E7BA74EC 		.ascii	"\347\272t\354\241mPB)\337\011\224\357\225\266\265:\327"
 3473      A16D5042 
 3473      29DF0994 
 3473      EF95B6B5 
 3473      3AD7
 3474 01c0 24401156 		.ascii	"$@\021V)\344\212\241\311r\247\214\177y\251w\36310\""
 3474      29E48AA1 
 3474      C972A78C 
 3474      7F79A977 
 3474      F3313022 
 3475 01d4 BC12BC4F 		.ascii	"\274\022\274O\202\353(>:%\035\230\\:\202=\027}y=d8\203"
 3475      82EB283E 
 3475      3A251D98 
 3475      5C3A823D 
 3475      177D793D 
 3476 01eb 59DB489B 		.ascii	"Y\333H\2339\343\302\240U\310\3329/o\234\273r\365b\377"
 3476      39E3C2A0 
 3476      55C8DA39 
 3476      2F6F9CBB 
 3476      72F562FF 
 3477 01ff 80993173 		.ascii	"\200\2311s\226\315z='\355\246\372\207L\327\273i\234"
 3477      96CD7A3D 
 3477      27EDA6FA 
 3477      874CD7BB 
ARM GAS  /tmp/ccBn30D0.s 			page 87


 3477      699C
 3478 0211 77D203E9 		.ascii	"w\322\003\351\313\327\214\301\274\341zF\336\265\014"
 3478      CBD78CC1 
 3478      BCE17A46 
 3478      DEB50C
 3479 0220 CBB16F48 		.ascii	"\313\261oHR\322bz\020\355\337M%\315\023'O\247l\373\014"
 3479      52D2627A 
 3479      10EDDF4D 
 3479      25CD1327 
 3479      4FA76CFB 
 3480 0235 4356B70A 		.ascii	"CV\267\012\256\353\015%\377/\227\316Y\231B\312&I\317"
 3480      AEEB0D25 
 3480      FF2F97CE 
 3480      599942CA 
 3480      2649CF
 3481 0248 716D3395 		.ascii	"qm3\225O:\354\017\230H\015\223"
 3481      4F3AEC0F 
 3481      98480D93 
 3482              		.text
 3483              		.section	.gnu.lto_chEvtGetAndClearEvents.351.cc9bb7b850bc0f1d,"e",%progbits
 3484 0000 789C8D55 		.ascii	"x\234\215U]L\034U\024>gfv\226\225HL4\232X\022\241\011"
 3484      5D4C1C55 
 3484      143E6766 
 3484      76969548 
 3484      4C349A58 
 3485 0017 9A9A9641 		.ascii	"\232\232\226AM\355\233Q\321\207&E\033\010\317d\031&"
 3485      4DED9B51 
 3485      D1872645 
 3485      1B08CF64 
 3485      1926
 3486 0029 EE1A9625 		.ascii	"\356\032\226%\263K#O\235.X\"\017@!m),\213\222V\360\301"
 3486      B34B234F 
 3486      9D2E5822 
 3486      0F40216D 
 3486      292C8B92 
 3487 0040 542AAD0B 		.ascii	"T*\255\013\264\272\026mk\251\264\374\266\005,\272Z\265"
 3487      B4BA166D 
 3487      6BA9B4FC 
 3487      B6052CBA 
 3487      5AB5
 3488 0052 3E2874CB 		.ascii	">(t\313Om\021\317\2753;\254QL_f\356=\367;\347\373\316"
 3488      4F6D11CF 
 3488      BD333BAC 
 3488      514C5F66 
 3488      EE3DF73B 
 3489 0069 CF9DA995 		.ascii	"\317\235\251\225\001\312\021\340i\000@\021\260\371@"
 3489      01CA11E0 
 3489      69004011 
 3489      B0F940
 3490 0078 BD008661 		.ascii	"\275\000\206a\274\354\024p\337\201\372\345\201>\011"
 3490      BCEC1470 
 3490      DF81FAE5 
 3490      813E09
 3491 0087 07911B10 		.ascii	"\007\221\033\020\366\012\270\027[\304\260\210\315\342"
 3491      F60AB817 
 3491      5BC4B088 
 3491      CDE2
ARM GAS  /tmp/ccBn30D0.s 			page 88


 3492 0095 51024BD6 		.ascii	"Q\002K\326\0121kK\3140V\336m\351\354v\206{b\322QQ\200"
 3492      0A316B4B 
 3492      CC3056DE 
 3492      6DE9EC76 
 3492      867B62D2 
 3493 00ac 08014E22 		.ascii	"\010\001N\"\366Qp\000\002\212o\3003\004\272\362k\324"
 3493      F6517000 
 3493      028A6FC0 
 3493      3304BAF2 
 3493      6BD4
 3494 00be 305C4008 		.ascii	"0\\@\010\374\014S0d(\376s\223\211|\233=s\010<\337\363"
 3494      FC0C5330 
 3494      6428FE73 
 3494      93897C9B 
 3494      3D73083C 
 3495 00d4 4B5D46D3 		.ascii	"K]F\323\2764\206\356\307\177D,\336\237)\003\016 \343"
 3495      BE3486EE 
 3495      C77F442C 
 3495      DE9F2903 
 3495      0E20E3
 3496 00e7 01609A28 		.ascii	"\001`\232(\223\010I9\215\314[&\311\321\311\027\200\304"
 3496      93084939 
 3496      8DCC5B26 
 3496      C9D1C917 
 3496      80C4
 3497 00f9 47488C65 		.ascii	"GH\214e\011\317\016\315\222\327\031\262\211\234\351"
 3497      09CF0ECD 
 3497      92D719B2 
 3497      899CE9
 3498 0108 3007335D 		.ascii	"0\0073]+\177\325\317\\~2l0\361\"~\201,\224I\2061$Sq"
 3498      2B7FD5CF 
 3498      5C7E326C 
 3498      30F1227E 
 3498      812C9449 
 3499 0121 F8294BD4 		.ascii	"\370)K\324J[\343\365\376\255C5\306\005\303\306\302:"
 3499      4A5BE3F5 
 3499      FEAD4335 
 3499      C605C3C6 
 3499      C23A
 3500 0133 D6CC96B1 		.ascii	"\326\314\226\261\255\334\011\313\370%\031?g\321\200"
 3500      ADDC09CB 
 3500      F825193F 
 3500      67D180
 3501 0142 F4E1595B 		.ascii	"\364\341Y[\037\023+\341W\230Lu\245\365\326\361\227\210"
 3501      1F132BE1 
 3501      57984C75 
 3501      A5F5D6F1 
 3501      9788
 3502 0154 BE362B99 		.ascii	"\2766+\231\254#\031\363k\212Y\334\237\311\364\266\013"
 3502      AC2319F3 
 3502      6B8A59DC 
 3502      9FC9F4B6 
 3502      0B
 3503 0165 7669EE1F 		.ascii	"vi\356\037\263J#\341\271T\364y\206\3768\223s\320\206"
 3503      B34A23E1 
 3503      B954F479 
 3503      86FE3893 
ARM GAS  /tmp/ccBn30D0.s 			page 89


 3503      73D086
 3504 0178 79B3D30B 		.ascii	"y\263\323\013v\246\363\367\216\265e4a\262\003\266\343"
 3504      76A6F3F7 
 3504      8EB56534 
 3504      61B203B6 
 3504      E3
 3505 0189 37CC54FC 		.ascii	"7\314T\374Af\222\240\263\333\256}j\247\010\227\222\342"
 3505      416692A0 
 3505      B3DBAE7D 
 3505      6AA70897 
 3505      92E2
 3506 019b 64002FA2 		.ascii	"d\000/\242Ye\207-m\365\346\177v\215'\262\221~H\325o"
 3506      5965872D 
 3506      6DF5E67F 
 3506      768D27B2 
 3506      917E48D5 
 3507 01b0 5608BF45 		.ascii	"V\010\277E\274D\226a\264\3243\306\236'\000G\010/\361"
 3507      BC449661 
 3507      B4D433C6 
 3507      9E270047 
 3507      082FF1
 3508 01c3 7A5E46AB 		.ascii	"z^F\253\204\274\337SV\277\345\365~\327,R\234Q\2629a"
 3508      84BCDF53 
 3508      56BFE5F5 
 3508      7ED72C52 
 3508      9C51B239 
 3509 01d8 BD7DEF0D 		.ascii	"\275}\357\015>H\373\242\347:d\034'\343\230\335\276\011"
 3509      3E48FBA2 
 3509      E73A641C 
 3509      27E398DD 
 3509      BE09
 3510 01ea DE3EC230 		.ascii	"\336>\3020a\307\307\0341\343\376Z\243\021;\357\352\254"
 3510      61C7C71C 
 3510      31E3FE5A 
 3510      A3113BEF 
 3510      EAAC
 3511 01fc 8BAC0D08 		.ascii	"\213\254\015\010\351\002b\224n\021\345$\321\303\341"
 3511      E9026294 
 3511      6E11E524 
 3511      D1C3E1
 3512 020b 0082C96C 		.ascii	"\000\202\311l\345d\017\200F\221\335-CB#\006\320$\012"
 3512      E5640F80 
 3512      4691DD2D 
 3512      43422306 
 3512      D0240A
 3513 021e E6A68636 		.ascii	"\346\246\2066\277\241\021\037\035A\376\236\310`\257"
 3513      BFA1111F 
 3513      1D41FE9E 
 3513      C860AF
 3514 022d C442C38D 		.ascii	"\304B\303\215\266CH\303\312\215\211i\027G%NFN$\256="
 3514      B64348C3 
 3514      CA8D8969 
 3514      1747254E 
 3514      464E24AE 
 3515 0242 4A33C5CD 		.ascii	"J3\305\315\343\211Vd\366P\026M\032\273\213\"\346q\330"
 3515      E3895664 
 3515      F650164D 
ARM GAS  /tmp/ccBn30D0.s 			page 90


 3515      1ABB8B22 
 3515      E671D8
 3516 0255 EAC15373 		.ascii	"\352\301Ss\035H\003\307a\203s.\034B\370\003C\233\231"
 3516      1D4803C7 
 3516      6183732E 
 3516      1C42F803 
 3516      439B99
 3517 0268 FE2E8172 		.ascii	"\376.\201r\314\376T\330O\345\227i)\261\333\177\025\201"
 3517      CCFE54D8 
 3517      4FE59769 
 3517      29B1DB7F 
 3517      1581
 3518 027a DE780D71 		.ascii	"\336x\015q\212\2274\373\024?w\362\303i\223e\276/2\226"
 3518      8A9734FB 
 3518      143F77F2 
 3518      C3699365 
 3518      BE2F3296 
 3519 028e 480336D5 		.ascii	"H\0036\325,\356\355\205\206;\3239\234ay\372qn\351=\261"
 3519      2CEEED85 
 3519      863BD339 
 3519      9C6179FA 
 3519      716EE93D 
 3520 02a3 B88B9A60 		.ascii	"\270\213\232`J\272\210]t\371\310\374\343\362p\003R#"
 3520      4ABA885D 
 3520      74F9C8FC 
 3520      E3F27003 
 3520      5223
 3521 02b5 39F4EEB0 		.ascii	"9\364\356\260\013\315T\023w\273\247\247\302Hm\344\007"
 3521      0BCD5413 
 3521      77BBA7A7 
 3521      C2486DE4 
 3521      07
 3522 02c6 73532EBC 		.ascii	"sS.\274\202\360;\206N\177\364p\227\230\374\320\244q"
 3522      82F03B86 
 3522      4E7FF470 
 3522      9798FCD0 
 3522      A471
 3523 02d8 39B528D0 		.ascii	"9\265(\320\262G\344\375\371\020\251\240.\374\016q\226"
 3523      B247E4FD 
 3523      F910A9A0 
 3523      2EFC0E71 
 3523      96
 3524 02e9 1FE65121 		.ascii	"\037\346Q!I\353Cx\003;D>\027\226E\3029\262 \230\024"
 3524      49EB4378 
 3524      033B443E 
 3524      179645C2 
 3524      39B22098 
 3525 02fe A1F9DEB3 		.ascii	"\241\371\336\263sQ\306N\263E\004\234\365\236%km\230"
 3525      7351C64E 
 3525      B345049C 
 3525      F59E256B 
 3525      6D98
 3526 0310 67106F19 		.ascii	"g\020o\0311%\334\312\350\022\223_8\011m\326t\362\303"
 3526      3125DCCA 
 3526      E812935F 
 3526      38096DD6 
 3526      74F2C3
ARM GAS  /tmp/ccBn30D0.s 			page 91


 3527 0323 1F102C02 		.ascii	"\037\020,\002\001\343D \260)%\257\232Cu\333\272D\007"
 3527      01E34420 
 3527      B02925AF 
 3527      9A4375DB 
 3527      BA4407
 3528 0336 654DBE66 		.ascii	"eM\276f\015.\021\221\203\007>h\006n\255[\245S\231U\206"
 3528      0D2E1191 
 3528      83073E68 
 3528      066EAD5B 
 3528      A5539955 
 3529 034b 3BDCA49D 		.ascii	";\334\244\235\223\340dc\307\363\365\370/*\376\271\374"
 3529      93E06463 
 3529      C7F3F5F8 
 3529      2F2AFEB9 
 3529      FC
 3530 035c 29C94370 		.ascii	")\311Cp\036\357\010/b\350\373\253#\351Tqv\017\223\214"
 3530      1EEF082F 
 3530      62E8FBAB 
 3530      23E95471 
 3530      760F938C 
 3531 0370 D662C0A6 		.ascii	"\326b\300\246\276n\325{\241\241\255\235fj\324\314\270"
 3531      BE6ED57B 
 3531      A1A1AD9D 
 3531      666AD4CC 
 3531      B8
 3532 0381 73E6B0D9 		.ascii	"s\346\260\331\307xo\273\331\30533\374d\263\375\210O"
 3532      C7786FBB 
 3532      D9C53333 
 3532      FC64B3FD 
 3532      884F
 3533 0393 6CB2A6AE 		.ascii	"l\262\246\256y\211\246n\314t<\262dO\335\2705u\220:u"
 3533      7989A66E 
 3533      CC743CB2 
 3533      644FDDB8 
 3533      3575903A 
 3534 03a8 13EB5337 		.ascii	"\023\353S7\231:u\326|\375\314'-u\250Z\227h\250\306\255"
 3534      993A75D6 
 3534      7CFDCC27 
 3534      2D75A85A 
 3534      9768A8C6 
 3535 03bd A1FA24BE 		.ascii	"\241\372$\276\310~:p\033C\357og\031\000\2739h^\226P"
 3535      C87E3A70 
 3535      1B43EF6F 
 3535      671900BB 
 3535      39685E96 
 3536 03d2 8C6DB315 		.ascii	"\214m\263\025\217\337\247)^w\205\362\232_\255\362i\025"
 3536      8FDFA729 
 3536      5E7785F2 
 3536      9A5FADF2 
 3536      6915
 3537 03e4 C180F2EA 		.ascii	"\301\200\362\352\356\302]%\245\356rw\205\252\301\226"
 3537      EEC25D25 
 3537      A5EE7277 
 3537      85AAC196 
 3538 03f4 A0C7AB97 		.ascii	"\240\307\253\227\225T\272\365`\265\222\357\361\226z"
 3538      9554BAF5 
 3538      60B592EF 
ARM GAS  /tmp/ccBn30D0.s 			page 92


 3538      F1967A
 3539 0403 DF2C52FC 		.ascii	"\337,R\374\001E\017*\001]UT\217\266\2079\345\252 \233"
 3539      01450F2A 
 3539      015D5554 
 3539      8FB68739 
 3539      E5AA209B 
 3540 0417 ABC7D64D 		.ascii	"\253\307\326M\271\356\347\236\177\261L\323v\000\372"
 3540      B9EEE79E 
 3540      7FB14CD3 
 3540      7600FA
 3541 0426 9EDD388E 		.ascii	"\236\3358\216\267B-\257*\323(V\240:\220\353\001g\251"
 3541      B7422DAF 
 3541      2AD32856 
 3541      A03A90EB 
 3541      0167A9
 3542 0439 3BA0EDD6 		.ascii	";\240\355\326\275\257o\340\242\372}>\177\205\242\275"
 3542      BDAF6FE0 
 3542      A2FA7D3E 
 3542      7F85A2BD 
 3543 0449 13545E29 		.ascii	"\023T^),P\362\013\212v\026)\371~]Sv&#\371\002\336@\311"
 3543      2C50F20B 
 3543      8A761629 
 3543      F97E5D53 
 3543      762623F9 
 3544 0461 5BAA4AD1 		.ascii	"[\252J\321\266\377\177\224J\277N)S\234=;\266\025\220"
 3544      B6FF7F94 
 3544      4ABF4E29 
 3544      539C3D3B 
 3544      B61590
 3545 0474 0495E290 		.ascii	"\004\225\342\220\227\254V\351z\260\362\221\202\242\302"
 3545      97AC56E9 
 3545      7AB0F291 
 3545      82A2C2
 3546 0483 2C26A752 		.ascii	",&\247R\367n\315\312\311\003A\007\247O\363\371\365j"
 3546      F76ECDCA 
 3546      C9034107 
 3546      A74FF3F9 
 3546      F56A
 3547 0495 C87D908C 		.ascii	"\310}\220\214\202\036]s\227\261\254\376\006N0\233I"
 3547      821E5D73 
 3547      97B1ACFE 
 3547      064E309B 
 3547      49
 3548              		.text
 3549              		.section	.gnu.lto_chEvtAddEvents.352.cc9bb7b850bc0f1d,"e",%progbits
 3550 0000 789C8D54 		.ascii	"x\234\215TQl\024U\024\275w\336\354lW\243\222@\374\260"
 3550      516C1455 
 3550      14BD77DE 
 3550      EC6C57A3 
 3550      9240FCB0 
 3551 0014 896C49AA 		.ascii	"\211lI\252\301\320N\321 \011_j\365\203\204*i\323\357"
 3551      C1D04ED1 
 3551      20095F6A 
 3551      F583842A 
 3551      69D3EF
 3552 0027 663B9DB0 		.ascii	"f;\235\260c\330\335fv\251\366\213a\0134\326\217-\333"
 3552      63D8DD66 
ARM GAS  /tmp/ccBn30D0.s 			page 93


 3552      76A9F68B 
 3552      610B34D6 
 3552      8F2DDB
 3553 003a 046AD916 		.ascii	"\004j\331\026m\012\302\227\326T-\264\325\305j\013-P"
 3553      6D0AC297 
 3553      D6542DB4 
 3553      D5C56A0B 
 3553      2D50
 3554 004c 58D1428B 		.ascii	"X\321B\2134\331\017k\375\200\206\205Z\243\211\336\367"
 3554      34D90F6B 
 3554      FD808685 
 3554      5AA389DE 
 3554      F7
 3555 005d DEEC6E35 		.ascii	"\336\354n5b\370\231ys\337\271\367\236{\316{\263\321"
 3555      62F89979 
 3555      73DFB9F7 
 3555      9E7BCE7B 
 3555      B3D1
 3556 006f 036021C0 		.ascii	"\003`!\300s\000\200\0140y\244C\001\307q^\361*x\340H"
 3556      7300800C 
 3556      3079A443 
 3556      01C7715E 
 3556      F12A78E0 
 3557 0084 C7CCD890 		.ascii	"\307\314\330\220\212#(\002\010\373\025\334\217],\305"
 3557      8A232802 
 3557      08FB15DC 
 3557      8F5D2CC5 
 3558 0094 30C90608 		.ascii	"0\311\006\010\254\272+D\377\346\264\343\254\036\352"
 3558      ACBA2B44 
 3558      FFE6B4E3 
 3558      AC1EEA
 3559 00a3 9AFAD89B 		.ascii	"\232\372\330\233:\235V\007\230\002}\004\370\034q\210"
 3559      3A9D5607 
 3559      98027D04 
 3559      F81C7188 
 3560 00b3 8A031090 		.ascii	"\212\003\020\220\275\011\317\023\350\352\215a\307\361"
 3560      BD09CF13 
 3560      E8EA8D61 
 3560      C7F1
 3561 00c1 0121F04B 		.ascii	"\001!\360K\\\203\241@\375\265R\211|\233?\313\011\274"
 3561      5C83A140 
 3561      FDB55289 
 3561      7C9B3FCB 
 3561      09BC
 3562 00d3 3CBDD8FE 		.ascii	"<\275\330\376d\347\201\022\216>\213\377\250X\377S\251"
 3562      64E78112 
 3562      8E3E8BFF 
 3562      A858FF53 
 3562      A9
 3563 00e4 06780E79 		.ascii	"\006x\016y\037\000\316I\003Z#\216\"\317\326\210\362"
 3563      1F00CE49 
 3563      035A238E 
 3563      22CFD688 
 3563      F2
 3564 00f5 EACF2F01 		.ascii	"\352\317/\001\221\357#2n$\2654~\213\262\306(\306D\247"
 3564      91EF2332 
 3564      6E24B534 
ARM GAS  /tmp/ccBn30D0.s 			page 94


 3564      7E8BB2C6 
 3564      28C644A7 
 3565 0109 9400735E 		.ascii	"\224\000s^\253\335\357\317\317<\223r8y\206_#/%\233a"
 3565      ABDDEFCF 
 3565      CF3C9372 
 3565      3879865F 
 3565      232F259B 
 3566 011e 1A29549F 		.ascii	"\032)T\237\332\350\222Z\035J\334<\273e\274\315\271\340"
 3566      DAE8925A 
 3566      1D4ADC3C 
 3566      BB65BCCD 
 3566      B9E0
 3567 0130 14B050C4 		.ascii	"\024\260P\304\312iE\377\373)\015\317S\360+^\015\210"
 3567      CA6945FF 
 3567      FB290DCF 
 3567      53F02B5E 
 3567      0D88
 3568 0142 1F7E53E0 		.ascii	"\037~S\340\307\311\252\370m\261\177g\327\231\245R\331"
 3568      C7C9AAF8 
 3568      6DB17F67 
 3568      D799A552 
 3568      D9
 3569 0153 5F4AA3E6 		.ascii	"_J\243\346k~\207\\\234\211g\363\375\273\257\215\356"
 3569      6B7E875C 
 3569      9C8967F3 
 3569      FDBBAF8D 
 3569      EE
 3570 0164 20E041FF 		.ascii	" \340A\377\277E$d\261\373\360\3428\303\011\224\012\250"
 3570      BF452464 
 3570      B1FBF0E2 
 3570      38C30994 
 3570      0AA8
 3571 0176 A2FB24BA 		.ascii	"\242\373$\272\015\005\273EW\035OQ\235\266\007\244\316"
 3571      0D05BB45 
 3571      571D4F51 
 3571      9DB607A4 
 3571      CE
 3572 0187 458A6950 		.ascii	"E\212iP\034\366\275\221G\031vx\242W\303i\012N\025\206"
 3572      1CF6BD91 
 3572      47197678 
 3572      A257C369 
 3572      0A4E1586 
 3573 019b BD2486E5 		.ascii	"\275$\206\345\230O2\236\264\363\347_\011'=\351\233j"
 3573      984F329E 
 3573      B4F3E75F 
 3573      09273DE9 
 3573      9B6A
 3574 01ad EF991D53 		.ascii	"\357\231\035S|\012\3420\035\270\001\246\252\364\360"
 3574      7C0AE230 
 3574      1DB801A6 
 3574      AAF4F0
 3575 01bc 78F80320 		.ascii	"x\370\003 \301\370\341sTt\322\000\235L\221\037m\364"
 3575      C1F8E173 
 3575      5474D200 
 3575      9D4C911F 
 3575      6DF4
 3576 01ce F12B3AD9 		.ascii	"\361+:\331c3(\336=O\361W\356d\342v\317Q$7E07\347\023"
ARM GAS  /tmp/ccBn30D0.s 			page 95


 3576      633328DE 
 3576      3D4FF157 
 3576      EE64E276 
 3576      CF512437 
 3577 01e7 A8DC52DF 		.ascii	"\250\334R\337g\271\033\353It\021\376>\327\215<\036\367"
 3577      67B91BEB 
 3577      497411FE 
 3577      3ED78D3C 
 3577      1EF7
 3578 01f9 9315FCB0 		.ascii	"\223\025\374\2602\254\022\260\301\243_,\364\"9\"`#\013"
 3578      32AC12B0 
 3578      C1A35F2C 
 3578      F4223922 
 3578      60230B
 3579 020c 3E1C47B8 		.ascii	">\034G\270\213\361M\234\362\025\205\306*[P\016\323\321"
 3579      8BF14D9C 
 3579      F21585C6 
 3579      2A5B500E 
 3579      D3D1
 3580 021e D368A9F2 		.ascii	"\323h\251\362\353A\335\351\215W\021\257\010\025\313"
 3580      EB41DDE9 
 3580      8D5711AF 
 3580      0815CB
 3581 022d B262DF2B 		.ascii	"\262b\337+63\262\313\362/}\231\\\011p\333y\335{'\023"
 3581      3633B2CB 
 3581      F22F7D99 
 3581      5C0970DB 
 3581      79DD7B27 
 3582 0242 F7E7CA45 		.ascii	"\367\347\312E\207\337\346\236\026\221\301\354\357\273"
 3582      87DFE69E 
 3582      1691C1EC 
 3582      EFBB
 3583 0250 48774969 		.ascii	"HwIi\002\373\351tr:\037\235\312d\210\316\244\2443\233"
 3583      02FBE974 
 3583      723A1F9D 
 3583      CA6488CE 
 3583      A4A4339B 
 3584 0264 F1E10584 		.ascii	"\361\341\005\204;\030\037=\363D?\313_\271\022\321\367"
 3584      3B181F3D 
 3584      F3443FCB 
 3584      5FB912D1 
 3584      F7
 3585 0275 202AB43C 		.ascii	" *\264<\315\204\366\247\220\224\363\341\017\210\327"
 3585      CD84F6A7 
 3585      9094F3E1 
 3585      0F88D7
 3586 0284 C5661529 		.ascii	"\305f\025)F\244\036\303\037\261\227\011\317\335\210"
 3586      46A41EC3 
 3586      1FB19709 
 3586      CFDD88
 3587 0293 8AB31441 		.ascii	"\212\263\024A\036\021u\227*\372Y\376\002\253X(\3658"
 3587      1E117597 
 3587      2AFA59FE 
 3587      02AB5828 
 3587      F538
 3588 02a5 75C39B08 		.ascii	"u\303\233\010U\342\212\316Q\212\342\246\264%\333\211"
 3588      55E28ACE 
ARM GAS  /tmp/ccBn30D0.s 			page 96


 3588      518AE2A6 
 3588      B425DB89 
 3589 02b5 AD870853 		.ascii	"\255\207\010S\"/\261\334\201\377\235u+\237Ep!\012\315"
 3589      222FB1DC 
 3589      81FF9D75 
 3589      2B9F4570 
 3589      210ACD
 3590 02c8 BC5C4243 		.ascii	"\274\\BC\363\363(\007?\347\3569\331\023\322Tr\263\347"
 3590      F3F32807 
 3590      3FE7EE39 
 3590      D913D254 
 3590      72B3E7
 3591 02db 38B97951 		.ascii	"8\271yQ\012pb\376\230T0;x\\\35276/v6\025\036\331\353"
 3591      0A7062FE 
 3591      9854303B 
 3591      785CEA37 
 3591      362F7636 
 3592 02f3 A5AEDFC9 		.ascii	"\245\256\337\311\025\362{J&~\260R\360{\332\365\033\326"
 3592      15F27B4A 
 3592      267EB052 
 3592      F07BDAF5 
 3592      1BD6
 3593 0305 FA7DA9E8 		.ascii	"\372}\251\350\367\345\265~\273\316\336\026\036\257\265"
 3593      F7E5B57E 
 3593      BBCEDE16 
 3593      1EAFB5
 3594 0314 B37B85EC 		.ascii	"\263{\205\354\234v\355\3744\371\007\377\037\302=\214"
 3594      9C76EDFC 
 3594      34F907FF 
 3594      1FC23D8C 
 3595 0324 7FB88D4F 		.ascii	"\177\270\215O\000\374\314\242<\246\3614\377,\323\203"
 3595      00FCCCA2 
 3595      3CA6F134 
 3595      FF2CD383 
 3596 0334 9190A95B 		.ascii	"\221\220\251[\201\260\376z\304\330\0272\303\261\250"
 3596      81B0FE7A 
 3596      C4D81732 
 3596      C3B1A8
 3597 0343 FEDAEEDA 		.ascii	"\376\332\356\332]\015\215\201\275\201\260a\302\346X"
 3597      5D0D8D81 
 3597      BD81B061 
 3597      C2E658
 3598 0352 D0B29B1A 		.ascii	"\320\262\233\032\232\003v\254U\257\016Z\215\326[uz$"
 3598      9A0376AC 
 3598      55AF0E5A 
 3598      8DD65B75 
 3598      7A24
 3599 0364 AADB313D 		.ascii	"\252\3331=j\033\272\0214[xR\245\001\232\\m(\206*\003"
 3599      6A1BBA11 
 3599      345B7852 
 3599      A5019A5C 
 3599      6D28862A 
 3600 0379 5B5F7CB9 		.ascii	"[_|\271\3114\267\203\0266\3371[b/<\274\230\0256\366"
 3600      C934B783 
 3600      1636DF31 
 3600      5B622F3C 
 3600      BC981536 
ARM GAS  /tmp/ccBn30D0.s 			page 97


 3601 038e EE6B32A9 		.ascii	"\356k2\251`\2645Z\031\004oc j\356\266\2557\036\222b"
 3601      60B4355A 
 3601      19046F63 
 3601      206AEEB6 
 3601      AD371E92 
 3602 03a3 4442A148 		.ascii	"DB\241HX7\337\215\351\257\326\326\350\3255u;\353\364"
 3602      5837DF8D 
 3602      E9AFD6D6 
 3602      E8D53575 
 3602      3BEBF4
 3603 03b6 EA886DEA 		.ascii	"\352\210m\352;\363\225BQ+\332\260\3070\250\332\266\377"
 3603      3BF39542 
 3603      512BDAB0 
 3603      C730A8DA 
 3603      B6FF
 3604 03c8 AFD21CB1 		.ascii	"\257\322\034\261in\252\323\262\275\242\206(\030T\207"
 3604      696EAAD3 
 3604      B2BDA286 
 3604      28185487 
 3605 03d8 B22A1E85 		.ascii	"\262*\036\205\256;l\020\326\325\324\325\3729\353f\333"
 3605      AE3B6C10 
 3605      D6D5D4D5 
 3605      FA39EB66 
 3605      DB
 3606 03e9 DAE22FAF 		.ascii	"\332\342/\257\002\305\006o\310\014E\354V\370\033\003"
 3606      02C5066F 
 3606      C80C45EC 
 3606      56F81B03 
 3607 03f9 06283F   		.ascii	"\006(?"
 3608              		.text
 3609              		.section	.gnu.lto_chEvtGetAndClearFlagsI.353.cc9bb7b850bc0f1d,"e",%progbits
 3610 0000 789C6D50 		.ascii	"x\234mP\317KTa\024\275\347\3357\243I4\033\231\215\033"
 3610      CF4B5461 
 3610      14BDE7DD 
 3610      37A34934 
 3610      1B998D1B 
 3611 0014 0B4ADCF8 		.ascii	"\013J\334\370\365\003l\027\242.\243b\372\003\344\371"
 3611      F5036C17 
 3611      A22EA362 
 3611      FA03E4F9 
 3612 0024 7C3903E3 		.ascii	"|9\003\343\214\314L\201\253\371fD\204\331\214\243\340"
 3612      8CCC4C81 
 3612      ABF96644 
 3612      84D98CA3 
 3612      E0
 3613 0035 CA221E43 		.ascii	"\312\"\036C\314\256M\221\331DC\020\266S\374\023\244"
 3613      CCAE4D91 
 3613      D9444310 
 3613      B653FC13 
 3613      A4
 3614 0046 4D2EB484 		.ascii	"M.\264\204h\210\011\273\337{\251\005\003\337\257\363"
 3614      688809BB 
 3614      DF7BA905 
 3614      03DFAFF3 
 3615 0056 71CEB9E7 		.ascii	"q\316\271\347\336/ J\023\3215\331`\302j\255b\221\326"
 3615      DE2F204A 
 3615      13D135D9 
ARM GAS  /tmp/ccBn30D0.s 			page 98


 3615      60C26AAD 
 3615      6291D6
 3616 0069 7AACC742 		.ascii	"z\254\307B\251V\331\376\274k\343\035\202\017P\321B\021"
 3616      A956D9FE 
 3616      BC6BE31D 
 3616      820F50D1 
 3616      4211
 3617 007b 6BBCC158 		.ascii	"k\274\301X\345\272\220\355\277/`p\270\245u{i\355h\273"
 3617      E5BA90ED 
 3617      BF2F6070 
 3617      B8A5757B 
 3617      69ED68BB 
 3618 008f 67A3D1B2 		.ascii	"g\243\321\262\353l\3213!\274\006^I\001\"!\362=\032\022"
 3618      EB6CD133 
 3618      21BC065E 
 3618      49012221 
 3618      F23D1A12 
 3619 00a3 D2EED1A6 		.ascii	"\322\356\321\246\326\027\250\316\2147\370\207#\037\211"
 3619      D617A8CE 
 3619      8C37F887 
 3619      231F89
 3620 00b2 CA40C89C 		.ascii	"\312@\310\2345\347U!\177k/W.\255\224z\305\017o\361\237"
 3620      35E75521 
 3620      7F6B2F57 
 3620      2EAD947A 
 3620      C50F6FF1 
 3621 00c7 63627D20 		.ascii	"cb} J\330\202\251c\262\313\022\364r/\322\322\235\223"
 3621      4AD882A9 
 3621      63B2CB12 
 3621      F4722FD2 
 3621      D29D93
 3622 00da AAD62777 		.ascii	"\252\326'w:M\277O\272\300\246\351k\013\266\224\260\243"
 3622      3A4DBF4F 
 3622      BAC0A6E9 
 3622      6B0BB694 
 3622      B0A3
 3623 00ec 64A25195 		.ascii	"d\242Q\225M\217\332\206n\021\255\260\025\202\222\200"
 3623      4D8FDA86 
 3623      6E11ADB0 
 3623      15829280 
 3624 00fc 03E8FDEF 		.ascii	"\003\350\375\357;\010\356\037;\361\340\376\031\342+"
 3624      3B08EE1F 
 3624      3BF1E0FE 
 3624      19E22B
 3625 010b 67C7FEAF 		.ascii	"g\307\376\257\030\035\242\334\374z\321\347\323i0L\350"
 3625      181DA2DC 
 3625      FC7AD1E7 
 3625      D369304C 
 3625      E8
 3626 011c 1766548D 		.ascii	"\027fT\215X\235#\276Dn\202\256\013\016\342\277\307\323"
 3626      589D23BE 
 3626      446E82AE 
 3626      0B0EE2BF 
 3626      C7D3
 3627 012e 20E801CA 		.ascii	" \350\001\312\317oI\034Q\006V\277\305\\\274\216\033"
 3627      CF6F491C 
 3627      510656BF 
ARM GAS  /tmp/ccBn30D0.s 			page 99


 3627      C55CBC8E 
 3627      1B
 3628 013f B1333977 		.ascii	"\26139w\221\177\010\345\246\222\2150fm\017a\212\270"
 3628      917F08E5 
 3628      A6928D30 
 3628      666D0F61 
 3628      8AB8
 3629 0151 CFF6A9B8 		.ascii	"\317\366\251\270\267\213\366\243h\315\314\016\261\270"
 3629      B78BF6A3 
 3629      68CDCC0E 
 3629      B1B8
 3630 015f BEFCC9F2 		.ascii	"\276\374\311\3629*\305EC\307(\017\0122\261\252\214\363"
 3630      392AC545 
 3630      43C7280F 
 3630      0A32B1AA 
 3630      8CF3
 3631 0171 89105D56 		.ascii	"\211\020]V\311\354\234\247RNFMf\335\307s^\246\220W\343"
 3631      C9EC9CA7 
 3631      524E464D 
 3631      66DDC773 
 3631      5EA69057 
 3632 0186 0F1277A7 		.ascii	"\017\022w\247\246\235\264\223q=\032.$S\271\231\251y"
 3632      A69DB493 
 3632      713D1A2E 
 3632      2453B999 
 3632      A979
 3633 0198 27575850 		.ascii	"'WXP\023\311\324t\352\376C\225\315\253\\A\345s\256r"
 3633      13C9D474 
 3633      EAFE4395 
 3633      CDAB5C41 
 3633      E573AE72 
 3634 01ac 93DE1323 		.ascii	"\223\336\023#\032q\211\275\364|\3779\036qn\334\034\235"
 3634      1A7189BD 
 3634      F47CFF39 
 3634      1E716EDC 
 3634      1C9D
 3635 01be F1BCDB14 		.ascii	"\361\274\333\024y\224vf\363\177\000\347\004\301,"
 3635      79947666 
 3635      F37F00E7 
 3635      04C12C
 3636              		.text
 3637              		.section	.gnu.lto_chEvtGetAndClearFlags.354.cc9bb7b850bc0f1d,"e",%progbits
 3638 0000 789C8D93 		.ascii	"x\234\215\223\337O\024W\024\307\317\231;\273\313&Mm"
 3638      DF4F1457 
 3638      14C7CF99 
 3638      3BBBCB26 
 3638      4D6D
 3639 0012 D4F8800F 		.ascii	"\324\370\200\017\005\222\265\241Q\006\255-\257\266\264"
 3639      0592B5A1 
 3639      5106AD2D 
 3639      AFB6B4
 3640 0021 0F24AE35 		.ascii	"\017$\2565\313\037@\226ad7\331\037df%\345\311q7\325"
 3640      CB1F4096 
 3640      616437D9 
 3640      1F646625 
 3640      E5C97137 
 3641 0036 4813F961 		.ascii	"H\023\371a\212\024\207U7\033\303K\343\217\330v)*\253"
ARM GAS  /tmp/ccBn30D0.s 			page 100


 3641      8A148755 
 3641      371BC34B 
 3641      E38FD876 
 3641      292AAB
 3642 0049 08A8B442 		.ascii	"\010\250\264BVm(hMx\263\017\324\260\202<\230\264\347"
 3642      566D2868 
 3642      4D78B30F 
 3642      D4B0823C 
 3642      98B4E7
 3643 005c DE5976D7 		.ascii	"\336Yv\327F\233\276\314\334{\346\234\357\371\336\317"
 3643      469BBECC 
 3643      DC7BE69C 
 3643      EFF9DECF 
 3644 006c 3D139601 		.ascii	"=\023\226\001\032\020`\007\000 \003\354\357\353\226"
 3644      1A106007 
 3644      002003EC 
 3644      EFEB96
 3645 007b C034CD7D 		.ascii	"\3004\315}.\011\217\366uO\317\314\3118\206\"\200pD\302"
 3645      2E098FF6 
 3645      754FCFCC 
 3645      C9388622 
 3645      807044C2 
 3646 008f 23788A59 		.ascii	"#x\212Y\014\373Y\232\222\345\302\012\261\2526k\232\353"
 3646      0CFB599A 
 3646      92E5C20A 
 3646      B1AA366B 
 3646      9AEB
 3647 00a1 5F9F4ADE 		.ascii	"_\237J\336uY#Y9\315$HR\302\017\210WI\034\200\022\331"
 3647      75592359 
 3647      39CD2448 
 3647      52C20F88 
 3647      57491C80 
 3648 00b7 01F88092 		.ascii	"\001\370\200\222\346\2263\246\351\2064c\370\023\226"
 3648      E69633A6 
 3648      E9863463 
 3648      F81396
 3649 00c6 E550C077 		.ascii	"\345P\300w\263\322\316l\347O\017%??{\242\373\335\336"
 3649      B3D2CE6C 
 3649      E74F0F25 
 3649      3F3F7BA2 
 3649      FBDDDE
 3650 00d9 A315A487 		.ascii	"\243\025\244\207\243\370\232\242\357~\245\023\360g\344"
 3650      A3F89AA2 
 3650      EF7EA513 
 3650      F067E4
 3651 00e8 7D00242A 		.ascii	"}\000$*p\002\255\021\257!\257v\222\345\365G{\201\314"
 3651      7002AD11 
 3651      AF21AF76 
 3651      92E5F547 
 3651      7B81CC
 3652 00fb 27C94C21 		.ascii	"'\311L!b=\231xLU\327)\306D\247A\221\314}\255\367~\263"
 3652      623D9978 
 3652      4C55D729 
 3652      C644A741 
 3652      91CC7DAD 
 3653 0112 385B6999 		.ascii	"8[i\231\334\274\214\343\310\245\354f\230E\012\371\254"
 3653      DCBC8CE3 
ARM GAS  /tmp/ccBn30D0.s 			page 101


 3653      C8A5EC66 
 3653      98450AF9 
 3653      AC
 3654 0123 F70BA6D6 		.ascii	"\367\013\246\326\255\236\337GwN$\314;f1\027J\271\366"
 3654      AD9EDF47 
 3654      774E24CC 
 3654      3B663117 
 3654      4AB9F6
 3655 0136 6945FF17 		.ascii	"iE\377\027\226\023oR\360\006W\003\362\207\267\312\375"
 3655      96136F52 
 3655      F0065703 
 3655      F287B7CA 
 3655      FD
 3656 0147 59BF643C 		.ascii	"Y\277d<\266A\271d0\261J\006oS\314\001\245~'\306\376"
 3656      B641B964 
 3656      30B14A06 
 3656      6F53CC01 
 3656      A57E27C6 
 3657 015c 4FBFCCD4 		.ascii	"O\277\314\324\260\023\247(8Y\3547-\372Q\016\022\252"
 3657      B013A728 
 3657      3859EC37 
 3657      2DFA510E 
 3657      12AA
 3658 016e 8B3947D6 		.ascii	"\2139G\326|\365w\217\231\235v'\237%gg$\267\204\230\241"
 3658      7CF5778F 
 3658      999D7627 
 3658      9F256767 
 3658      24B78498 
 3659 0183 6B4F3387 		.ascii	"kO3\207\314a:\201\337\034\3640>\002\246\214f\026\240"
 3659      CC613A81 
 3659      DF1CF430 
 3659      3E02A68C 
 3659      6616A0
 3660 0196 9749F626 		.ascii	"\227I\366&A\233?\321\\\032\317\241x\3476\363WM\361\261"
 3660      419B3FD1 
 3660      5C1ACFA1 
 3660      78E736F3 
 3660      574DF1B1 
 3661 01aa F49B08E4 		.ascii	"\364\233\010\344WO\37614\200\004Y\004\363\013nQ\226"
 3661      574FFE31 
 3661      34800459 
 3661      04F30B6E 
 3661      5196
 3662 01bc 1F4D5EC9 		.ascii	"\037M^\311\317o!\026\"\374 O\350i\025\257\"B|\206d\254"
 3662      CF6F2116 
 3662      22FC204F 
 3662      E86915AF 
 3662      22427C86 
 3663 01d2 1769E707 		.ascii	"\027i\347\007~|:\214\004J\244\215=u\343\004\302_\030"
 3663      7E7C3A8C 
 3663      044AA48D 
 3663      3D75E304 
 3663      C25F18
 3664 01e5 AFE1C7B0 		.ascii	"\257\341\307\260\370=W\177/\035\243\211p\322R\346S{"
 3664      F83D577F 
 3664      2F1DA389 
 3664      70D252E6 
ARM GAS  /tmp/ccBn30D0.s 			page 102


 3664      537B
 3665 01f7 0F81DE38 		.ascii	"\017\201\3368\203xW\240\255\276$\276\273\304\307_\355"
 3665      837857A0 
 3665      ADBE24BE 
 3665      BBC4C75F 
 3665      ED
 3666 0208 2ECF33C9 		.ascii	".\3173\311\\\276\002\370mp\335\225\325\223/\026<\242"
 3666      5CBE02F8 
 3666      6D70DD95 
 3666      D5932F16 
 3666      3CA2
 3667 021a C3CB856D 		.ascii	"\303\313\205m\"r\371\326\267^\272\013X\306\370\265g"
 3667      2272F9D6 
 3667      B75EBA0B 
 3667      58C6F8B5 
 3667      67
 3668 022b EFA4D8C6 		.ascii	"\357\244\330\306l3\241y\201\377\002#\233\322\254\"E"
 3668      6C33A179 
 3668      81FF0223 
 3668      9BD2AC22 
 3668      45
 3669 023c A3388B50 		.ascii	"\2438\213PO{1\226s8\314\007\22079\367\021!\244J\241"
 3669      4F7B3196 
 3669      7338CC07 
 3669      903739F7 
 3669      1121A44A 
 3670 0251 BB98135A 		.ascii	"\273\230\023Z+#\233\212\345\354\015\3459\273\234wr\330"
 3670      2B239B8A 
 3670      E5EC0DE5 
 3670      39BB9C77 
 3670      72D8
 3671 0263 DE969ED8 		.ascii	"\336\226\236\330|\211\343\320\031\342x\333&qv\361t\341"
 3671      7C89E3D0 
 3671      19E278DB 
 3671      267176F1 
 3671      74E1
 3672 0275 FBE533B6 		.ascii	"\373\3453\266\363\353\213\370\257\013x\270\275@\272"
 3672      F3EB8BF8 
 3672      AF0B78B8 
 3672      BD40BA
 3673 0284 7F8D484F 		.ascii	"\177\215HO\332\205\337\255\025IO\025HC9\351\351\022"
 3673      DA85DFAD 
 3673      15494F15 
 3673      484339E9 
 3673      E912
 3674 0296 E93BE5A4 		.ascii	"\351;\345\244\013L\037\011\272\345 \007\327\010\344"
 3674      0B4C1F09 
 3674      BAE52007 
 3674      D708E4
 3675 02a5 5401E4A5 		.ascii	"T\001\344\245\370iG\021\333\266\024c\033\247\255x\303"
 3675      F8694711 
 3675      DBB61463 
 3675      1BA7AD78 
 3675      C3
 3676 02b6 61E7E9B0 		.ascii	"a\347\351\260|^\22711p|RJ1'\025p`+\344\216v\234c\017"
 3676      7C5E9731 
 3676      31707C52 
ARM GAS  /tmp/ccBn30D0.s 			page 103


 3676      4A312715 
 3676      70602BE4 
 3677 02cf 437BDCE2 		.ascii	"C{\334\342Y\276\255V\002\321\260\246\004\375\021\345"
 3677      59BEAD56 
 3677      02D1B0A6 
 3677      04FD11E5 
 3678 02df F3A87A38 		.ascii	"\363\250z8\254Eb\206\362\331A\337\376\226V\177\310\037"
 3678      AC456286 
 3678      F2D941DF 
 3678      FE96567F 
 3678      C81F
 3679 02f1 5135A88D 		.ascii	"Q5\250\215\005\202z[K\207_\217u)\215\201`k\360\313f"
 3679      05827A5B 
 3679      4B875F8F 
 3679      75298D81 
 3679      606BF0CB 
 3680 0306 256A287A 		.ascii	"%j(zL1tUQ\003Z'/\252S\201i\241\216\255\245}\235\177"
 3680      4C317455 
 3680      51035A27 
 3680      2FAA5381 
 3680      69A18EAD 
 3681 031e F79E4FDA 		.ascii	"\367\236O\3324\255\001\034\207B\376v\343\303\267\013"
 3681      34AD011C 
 3681      8742FE76 
 3681      E3C3B70B 
 3682 032e 05236AE8 		.ascii	"\005#j\350p\233FbF\227Q\027\000W\253\337\320\016\352"
 3682      709B4662 
 3682      46975117 
 3682      0057ABDF 
 3682      D00EEA
 3683 0341 C12FDE52 		.ascii	"\301/\336R\242F\303\341hD\321\276\212)\237\372\274J"
 3683      A246C3E1 
 3683      6844D1BE 
 3683      8A299FFA 
 3683      BC4A
 3684 0353 A3B7B9A9 		.ascii	"\243\267\271\251Yi\214\352\232\322\264\241\0246\202"
 3684      59698CEA 
 3684      9AD2B4A1 
 3684      143682
 3685 0362 464BBBAA 		.ascii	"FK\273\252\222\332\307\377\255\322\021\325\351\314\244"
 3685      92DAC7FF 
 3685      ADD211D5 
 3685      E9CCA4
 3686 0371 D3D9B0CB 		.ascii	"\323\331\260\313K\026T\322\241\252\367\274\315\276*"
 3686      4B1654D2 
 3686      A1AAF7BC 
 3686      CDBE2A
 3687 0380 EEA3430F 		.ascii	"\356\243C\017\356\254\362\324\203\244\203+\254\205\243"
 3687      EEACF2D4 
 3687      83A4832B 
 3687      AC85A3
 3688 038f 7A17FC03 		.ascii	"z\027\374\003\000`\341\351"
 3688      0060E1E9 
 3689              		.text
 3690              		.section	.gnu.lto_chEvtSignalI.355.cc9bb7b850bc0f1d,"e",%progbits
 3691 0000 789C8552 		.ascii	"x\234\205RKHTQ\030\376\377s\356c\036Y\2134H\210\254"
 3691      4B485451 
ARM GAS  /tmp/ccBn30D0.s 			page 104


 3691      18FEFF73 
 3691      EE631E59 
 3691      8B344888 
 3692 0015 4DD8A25B 		.ascii	"M\330\242[-\212vQ-\24327\265\222q\234\230\001_\214S"
 3692      2D8A7651 
 3692      2DA33237 
 3692      B592719C 
 3692      98015F8C 
 3693 002a 112D3CEA 		.ascii	"\021-<\352\2301-t4\213\240\206\032/6mj\021\226\225\326"
 3693      98312D74 
 3693      348BA086 
 3693      1A2F366D 
 3693      6A119695 
 3694 003f 84151885 		.ascii	"\204\025\030\205\221D\213\012L\"4\322DZh\017\354?\347"
 3694      91448B0A 
 3694      4C2234D2 
 3694      445A680F 
 3694      EC3FE7
 3695 0052 5EC714A3 		.ascii	"^\307\024\243\013\367<\276\373\375\337\367\375\347\334"
 3695      0BF73CBE 
 3695      FBFDDFF7 
 3695      FDE7DC
 3696 0061 931CA012 		.ascii	"\223\034\240\022\000\004\275\350\001lO&\030\010!v\233"
 3696      0004BDE8 
 3696      016C4F26 
 3696      18082176 
 3696      9B
 3697 0072 8C3525CF 		.ascii	"\2145%\3171|\200_\273>\026h\361\344\312\363\357S\233"
 3697      317C805F 
 3697      BB3E1668 
 3697      F1E4CAF3 
 3697      EF539B
 3698 0085 35CECE24 		.ascii	"5\316\316$\375\364\275H\"j\326Xs\322\2578-.G\227\234"
 3698      FDF4BD48 
 3698      226AD658 
 3698      73D2AF38 
 3698      2D2E4797 
 3699 009a 45888117 		.ascii	"E\210\201\027s\272&6$\023^\322U;\204z\3065\3350\261"
 3699      73BA2636 
 3699      24135ED2 
 3699      553B847A 
 3699      C635DD30 
 3700 00af 1E3B7831 		.ascii	"\036;x1a3\315\035C\203(2Y\264)[\212^\365\\\346\330\316"
 3700      6133CD1D 
 3700      43832832 
 3700      59B4295B 
 3700      8A5EF55C 
 3701 00c6 6D8EA8B9 		.ascii	"m\216\250\271+\206E\264\342\007`SV\210W\375\275Bx\301"
 3701      2B8645B4 
 3701      E2076053 
 3701      568857FD 
 3701      BD4278C1 
 3702 00da E61CEF22 		.ascii	"\346\034\357\"\325\340\035\304\036\004\011\224\314\254"
 3702      D5E01DC4 
 3702      1E040994 
 3702      CCAC
 3703 00e8 95BC630E 		.ascii	"\225\274c\016\357\203\313\323\360\336b\236V\022/\004"
ARM GAS  /tmp/ccBn30D0.s 			page 105


 3703      EF83CBD3 
 3703      F0DE629E 
 3703      56122F04 
 3704 00f8 30E61D09 		.ascii	"0\346\035\011\203[\257\365\254\3705\327*\304\304g\234"
 3704      835BAFF5 
 3704      ACF835D7 
 3704      2AC4C467 
 3704      9C
 3705 0109 285E45E6 		.ascii	"(^E\346\275\250\021W\327\345`\320`\230r\345\221\203"
 3705      BDA81157 
 3705      D7E560D0 
 3705      609872E5 
 3705      9183
 3706 011b 54D57D72 		.ascii	"T\325}r\360#\336\247\372V\016s\364p\024Y\2006\316\234"
 3706      F023DEA7 
 3706      FA560E73 
 3706      F4701459 
 3706      8036CE9C 
 3707 012f 4D036DBE 		.ascii	"M\003m\276\240\030\275=\274F\315=\303(\347\215\271a"
 3707      A018BD3D 
 3707      BC46CD3D 
 3707      C328E78D 
 3707      B961
 3708 0141 B477354C 		.ascii	"\264w5Lbc\337\215\3744\237\357\225\243\354\277[\036"
 3708      6263DF8D 
 3708      FC349FEF 
 3708      95A3ECBF 
 3708      5B1E
 3709 0153 99C7E666 		.ascii	"\231\307\346f\232\200>\204\255\252\217~\274\242\022"
 3709      9A803E84 
 3709      ADAA8F7E 
 3709      BCA212
 3710 0162 4F62537B 		.ascii	"ObS{\013\246\271Nei\356\227\032S\011\374g\331#\247\214"
 3710      0BA6B94E 
 3710      6569EE97 
 3710      1A5309FC 
 3710      67D923A7 
 3711 0177 F8CAB49F 		.ascii	"\370\312\264\237bH\327\361\27447\226+r\266\036|Lu\362"
 3711      6248D7F1 
 3711      BC343796 
 3711      2B72B61E 
 3711      7C4C75F2 
 3712 018b 70C6313E 		.ascii	"p\3061>6PHd\231\317\203>uIm\234\217\244\0227Qv\211R"
 3712      36504864 
 3712      99CF833E 
 3712      75496D9C 
 3712      8FA41237 
 3713 01a3 6EF6DB27 		.ascii	"n\366\333'R0\347\005\307\326-(\022\346\212z\361\011"
 3713      5230E705 
 3713      C7D62D28 
 3713      12E68A7A 
 3713      F109
 3714 01b5 89325026 		.ascii	"\2112P&\231\3652\335S\002\270\323\324\205\226\337,\315"
 3714      99F532DD 
 3714      5302B8D3 
 3714      D48596DF 
 3714      2CCD
ARM GAS  /tmp/ccBn30D0.s 			page 106


 3715 01c7 3DAA3153 		.ascii	"=\2521S\332\216\017\374\354>B\2104\326\020\\cmh\352"
 3715      DA8E0FFC 
 3715      EC3E4288 
 3715      34D6105C 
 3715      636D68EA 
 3716 01db 47C6395E 		.ascii	"G\3069^\025m\256\373t.\234\337\345\350\227\256=lS\341"
 3716      156DAEFB 
 3716      742E9CDF 
 3716      E5E897AE 
 3716      3D6C53E1 
 3717 01ef 54AFB3DF 		.ascii	"T\257\263\337e8\357\377\302\015.\015\367|i8\237\012"
 3717      6538EFFF 
 3717      C20D2E0D 
 3717      F77C6938 
 3717      9F0A
 3718 0201 E7758CBB 		.ascii	"\347u\214\273\256\037\2455\201\256\251\361\254\263\363"
 3718      AE1FA535 
 3718      81AEA9F1 
 3718      ACB3F3
 3719 0210 2CE6EEFD 		.ascii	",\346\356\375\3150\223\346\323\231\202\234/_\336\367"
 3719      CD3093E6 
 3719      D399829C 
 3719      2F5FDEF7 
 3720 0220 C55FBE79 		.ascii	"\305_\276y6\367\341K\0024\000\331\223\037\035\265\267"
 3720      36F7E14B 
 3720      023400D9 
 3720      931F1DB5 
 3720      B7
 3721 0231 A43685F1 		.ascii	"\2446\205\361\253\273 \216\314\346+R\362nH\313\346y"
 3721      ABBB208E 
 3721      CCE62B52 
 3721      F26E48CB 
 3721      E679
 3722 0243 CADCA462 		.ascii	"\312\334\244b\241)\363il\034yW\252B\265rtp\371g\002"
 3722      A129F369 
 3722      6C1C7957 
 3722      AA42B572 
 3722      7470F967 
 3723 0258 6CB0C235 		.ascii	"l\260\3025U!+\022\250\266\366\325\004\217W\205\252c"
 3723      55212B12 
 3723      A8B6F6D5 
 3723      048F5785 
 3723      AA63
 3724 026a 75D69E43 		.ascii	"u\326\236C\207\367\227\225\007*\003\325\301\020\024"
 3724      87F79795 
 3724      072A03D5 
 3724      C11014
 3725 0279 C7C29168 		.ascii	"\307\302\221hEYm \032;e\355\015G\312#\007K\255\232:"
 3725      45596D20 
 3725      1A3B65ED 
 3725      0D47CA23 
 3725      074BAD9A 
 3726 028e 2B1AB3EA 		.ascii	"+\032\263\352\242A+\030\016\235\220E[\202\300b\265\371"
 3726      A2412B18 
 3726      0E9D9045 
 3726      5B82C062 
 3726      B5F9
ARM GAS  /tmp/ccBn30D0.s 			page 107


 3727 02a0 0BDB2D81 		.ascii	"\013\333-\201m\333wT\204B;\301p\240?\277\226U6"
 3727      6DDB7754 
 3727      84423BC1 
 3727      70A03FBF 
 3727      965536
 3728              		.text
 3729              		.section	.gnu.lto_chEvtSignal.356.cc9bb7b850bc0f1d,"e",%progbits
 3730 0000 789C8D52 		.ascii	"x\234\215R\315KTQ\024?\347\335\371pj\023\024\202\265"
 3730      CD4B5451 
 3730      143FE7DD 
 3730      F9706A13 
 3730      1482B5
 3731 0013 6834240A 		.ascii	"h4$\012\363Y`n+k!4\345\307\037 \343\363\325\01483\362"
 3731      F359606E 
 3731      2B6B2134 
 3731      E5C71F20 
 3731      E3F3D50C 
 3732 002a 66945CF9 		.ascii	"f\224\\\371\322\0144\310T0\323\347D1\2136QSdcfN\371"
 3732      D20C34C8 
 3732      5430D3E7 
 3732      44318B36 
 3732      51536463 
 3733 0041 DD079545 		.ascii	"\335\007\225E\230Z\202\3136\211\243\346\"\260s\357\033"
 3733      985A82CB 
 3733      3689A3E6 
 3733      22B073EF 
 3733      1B
 3734 0052 1D0B8A1E 		.ascii	"\035\013\212\036\314\334{\316\375\235\363\373\235\337"
 3734      CCDC7BCE 
 3734      FD9DF3FB 
 3734      9DDF
 3735 0060 BD710650 		.ascii	"\275q\006P\200\000\373\000\000\031`{[\213\004\272\256"
 3735      8000FB00 
 3735      0019607B 
 3735      5B8B04BA 
 3735      AE
 3736 0071 1FB34B78 		.ascii	"\037\263Kx\261\255\305\201\003(\"\204z\011\353\261\203"
 3736      B1ADC581 
 3736      03282284 
 3736      7A09EBB1 
 3736      83
 3737 0082 1DA070AD 		.ascii	"\035\240p\255\251c}\022\365;q\214Py\230~\3423\030\266"
 3737      A9637D12 
 3737      F53B718C 
 3737      5079987E 
 3737      E23318B6 
 3738 0096 B30843B4 		.ascii	"\263\010C\264$w\022:i\307\316\300\376\270\256\277{\032"
 3738      2477123A 
 3738      69C7CEC0 
 3738      FEB8AEBF 
 3738      7B1A
 3739 00a8 D3750744 		.ascii	"\323u\007D\030\303\307H5\330\207\370\210\230)Q\3620"
 3739      18C3C748 
 3739      35D887F8 
 3739      88982951 
 3739      F230
 3740 00ba 83E3CE99 		.ascii	"\203\343\316\231\270\271$\316\202\375\277\343,%C\031"
ARM GAS  /tmp/ccBn30D0.s 			page 108


 3740      B8B924CE 
 3740      82FDBFE3 
 3740      2C254319 
 3741 00ca 00B624A3 		.ascii	"\000\266$\243D%b\217\370\0249\267\215+\033\315\007\222"
 3741      4425628F 
 3741      F81439B7 
 3741      8D2B1BCD 
 3741      0792
 3742 00dc 1C66D246 		.ascii	"\034f\322F\306\3702<g\003\034\244\034\3439\326%\300"
 3742      C6F8323C 
 3742      67031CA4 
 3742      1CE339D6 
 3742      25C0
 3743 00ee 9C69EDDA 		.ascii	"\234i\355\332\225\331\267\273\015=n\2110+\016!oe\222"
 3743      95D9B7BB 
 3743      0D3D6E89 
 3743      302B0E21 
 3743      6F6592
 3744 0101 219FCC5A 		.ascii	"!\237\314Zb\354%d6G\032\255\237\373s\206\033\365\011"
 3744      62EC2564 
 3744      36471AAD 
 3744      9FFB7386 
 3744      1BF509
 3745 0114 7D130B29 		.ascii	"}\023\013)\2549\273\340_6l\370\234\222\317x7\256\025"
 3745      AC39BBE0 
 3745      5F366CF8 
 3745      9C92CF78 
 3745      37AE15
 3746 0127 5F6CD567 		.ascii	"_l\325g\274\216\345\230\002-)\201\215+$p\204rVH\361"
 3746      BC8EE598 
 3746      022D2981 
 3746      8D2B2470 
 3746      84725648 
 3747 013c 350FFC0F 		.ascii	"5\017\374\017_l\254\327\206c\224\034\335\344\033\027"
 3747      5F6CACD7 
 3747      8663941C 
 3747      DDE41B17 
 3748 014c 7C1C736F 		.ascii	"|\034so\312\032\327\177\256\267\352\361q\307zs\317\372"
 3748      CA1AD77F 
 3748      AEB7EAF1 
 3748      71C77A73 
 3748      CFFA
 3749 015e B4942621 		.ascii	"\264\224&!\306\220\306|B\347\255\214_\264nA=\016p\215"
 3749      C690C67C 
 3749      42E7AD8C 
 3749      5FB46E41 
 3749      3D0E708D 
 3750 0172 4966D048 		.ascii	"If\320H\3017\324\027:>!_\2636\377\026:\323\371\222X"
 3750      C137D417 
 3750      3A3E215F 
 3750      B336FF16 
 3750      3AD3F992 
 3751 0187 B9FAB5BB 		.ascii	"\271\372\265\273\023\311P\221L\3148\004>\321\037~\220"
 3751      13C95091 
 3751      4CCC3804 
 3751      3ED11F7E 
 3751      90
ARM GAS  /tmp/ccBn30D0.s 			page 109


 3752 0198 98DE4973 		.ascii	"\230\336Is\213\364\207\004\331L\273\006'\271\301\237"
 3752      8BF48704 
 3752      D94CBB06 
 3752      27B9C19F 
 3753 01a8 8215F304 		.ascii	"\202\025\363\004\354Vg\337|/\222)\00260\357\300a\204"
 3753      EC5667DF 
 3753      7C2F9229 
 3753      023630EF 
 3753      C06184
 3754 01bb EFD890C5 		.ascii	"\357\330\220\305%\033\374N3\357J\227\323\"\314F[\013"
 3754      251BFC4E 
 3754      33EF4A97 
 3754      D322CC46 
 3754      5B0B
 3755 01cd 7F942F11 		.ascii	"\177\224/\021h\305W\210\223\302\306\314\373\342\334"
 3755      68C55788 
 3755      93C2C6CC 
 3755      FBE2DC
 3756 01dc 2E0EDF98 		.ascii	".\016\337\230,\213\261\360T\"\015\270\363\274\357\322"
 3756      2C8BB1F0 
 3756      54220DB8 
 3756      F3BCEFD2 
 3757 01ec CAD5E599 		.ascii	"\312\325\345\231l\301\360cF\250^\212\276\210\272\310"
 3757      6CC1F063 
 3757      46A85E8A 
 3757      BE88BAC8 
 3758 01fc 7758C426 		.ascii	"wX\304&'\\B)\302\322\302\214\354\272\315\244\333\214"
 3758      275C4229 
 3758      C2D2C28C 
 3758      ECBACDA4 
 3758      DB8C
 3759 020e F43904BA 		.ascii	"\3649\004\272;\235\000\215I\300\2660\263\363g\267]\034"
 3759      3B9D008D 
 3759      49C0B630 
 3759      B3F367B7 
 3759      5D1C
 3760 0220 191BD377 		.ascii	"\031\033\323w\367\320\364#\246\376\233\263\327M\306"
 3760      F7D0F423 
 3760      A6FE9BB3 
 3760      D74DC6
 3761 022f 85688FC9 		.ascii	"\205h\217\31178\373\247m\037\367$\375i_%\177F\315\302"
 3761      3738FBA7 
 3761      6D1FF724 
 3761      FD695F25 
 3761      7F46CDC2 
 3762 0243 1BAB9BFE 		.ascii	"\033\253\233\376\214%\375\201\255\376\214\247\374\231"
 3762      8C25FD81 
 3762      ADFE8CA7 
 3762      FC99
 3763 0251 D8EA4FD2 		.ascii	"\330\352O\322\211\367\302\223\255\343w\255\322\370\364"
 3763      89F7C293 
 3763      ADE377AD 
 3763      D2F8F4
 3764 0260 106089C2 		.ascii	"\020`\211\302\350R\364\024\037\226\177\255\014\315\213"
 3764      E852F414 
 3764      1F967FAD 
 3764      0CCD8B
ARM GAS  /tmp/ccBn30D0.s 			page 110


 3765 026f 6D88F330 		.ascii	"m\210\3630S\366\004|\252\354u\373\345\223\001\245\306"
 3765      53F6047C 
 3765      AAEC75FB 
 3765      E59301A5 
 3765      C6
 3766 0280 A7FA4341 		.ascii	"\247\372CA\371Dq\351\351\362\012w\225\333\257\250p "
 3766      F94471E9 
 3766      E9F20A77 
 3766      95DBAFA8 
 3766      7020
 3767 0292 E4F16A95 		.ascii	"\344\361j\225\345\325n-T'\027z\274\025\336\263er (k"
 3767      E5D56E2D 
 3767      5427177A 
 3767      BC15DEB3 
 3767      65722028 
 3768 02a7 2139A829 		.ascii	"!9\250)\262\342QkyQ\256\002R\250zW*\314u\037>r\264R"
 3768      B2E2516B 
 3768      7951AE02 
 3768      52A87A57 
 3768      2ACC751F 
 3769 02bf 550BC066 		.ascii	"U\013\300f\246\016\376\275\221\327\257T\325T\252\324"
 3769      A60EFEBD 
 3769      91D7AF54 
 3769      D554AAD4 
 3770 02cf 2C5817CC 		.ascii	",X\027\314\365\200\275\302\035T\2135\357\251\277\224"
 3770      F580BDC2 
 3770      1D548B35 
 3770      EFA9BF94 
 3771 02df 28019F2F 		.ascii	"(\001\237/\340\227\325\013!\371x\251K.t\225\025\225"
 3771      E097D50B 
 3771      21F978A9 
 3771      4B2E7495 
 3771      1595
 3772 02f1 C985014D 		.ascii	"\311\205\001M\225\2136:\371\202\336`\371yE\241n\371"
 3772      958B363A 
 3772      F982DE60 
 3772      F97945A1 
 3772      6EF9
 3773 0303 FFEE521D 		.ascii	"\377\356R\035\320hf\352S[p\310E\022\024\352CU;\\e\245"
 3773      D06866EA 
 3773      535B70C8 
 3773      451214EA 
 3773      43553B5C 
 3774 0319 4EAEA35A 		.ascii	"N\256\243Z\363\3468\263\363@\322\300\356S}\001\255\016"
 3774      F3E638B3 
 3774      F340D2C0 
 3774      EE537D01 
 3774      AD0E
 3775 032b 7E01C30D 		.ascii	"~\001\303\015\253\206"
 3775      AB86
 3776              		.text
 3777              		.section	.gnu.lto_chEvtBroadcastFlagsI.357.cc9bb7b850bc0f1d,"e",%progbits
 3778 0000 789C7553 		.ascii	"x\234uS[HTQ\024=\373\354s\357\235\361\035T\372\023X"
 3778      5B485451 
 3778      143DFBEC 
 3778      73EF9DF1 
 3778      1D54FA13 
ARM GAS  /tmp/ccBn30D0.s 			page 111


 3779 0015 10521FDE 		.ascii	"\020R\037\336\036P~J\366\031\025\366\321G\0371\2167"
 3779      1E507E4A 
 3779      F61915F6 
 3779      D1471F31 
 3779      8E37
 3780 0027 157CE158 		.ascii	"\025|\341X\320\227\327\307$\214\341\314XiAY\014C\031"
 3780      D097D7C7 
 3780      248CE1CC 
 3780      58694159 
 3780      0C4319
 3781 003a 816251BE 		.ascii	"\201bQ\276zXF\022R\224\201\363Q\201\011\201J\217\241"
 3781      7A584612 
 3781      529481F3 
 3781      51810981 
 3781      4A8FA1
 3782 004d 8F0C4B6A 		.ascii	"\217\014Kj\2373\3271\261\006f\237s\366Y{\255\275\317"
 3782      9F33D731 
 3782      B106669F 
 3782      73F6597B 
 3782      ADBDCF
 3783 0060 DEF70332 		.ascii	"\336\367\0032V\313\030\353\244?\270\031t\204\003\234"
 3783      56CB18EB 
 3783      A43FB819 
 3783      7484039C 
 3784 0070 D9B65D68 		.ascii	"\331\266]hp\350\012\007b\357n\013x\000\312\201\334\037"
 3784      70E80A07 
 3784      62EF6E0B 
 3784      7800CA81 
 3784      DC1F
 3785 0082 4E0DF406 		.ascii	"N\015\364\0067\210\226p\306\367\327\361\355BH\017\335"
 3785      37889670 
 3785      C6F7D7F1 
 3785      ED42480F 
 3785      DD
 3786 0093 E58A33E1 		.ascii	"\345\2123\341\014\265j\320\231$\320\241\253?E\355\014"
 3786      0CB56AD0 
 3786      9924D0A1 
 3786      AB3F45ED 
 3786      0C
 3787 00a4 DE1C6EE3 		.ascii	"\336\034n\343\3043\031_,\020\027C3\320\033\364\033\302"
 3787      C433195F 
 3787      2C101743 
 3787      33D01BF4 
 3787      1BC2
 3788 00b6 058DE1C0 		.ascii	"\005\215\341\300\327\367\\a\2005p\024\232n\270\240\201"
 3788      D7F75C61 
 3788      80357014 
 3788      9A6EB8A0 
 3788      81
 3789 00c7 1B6CE577 		.ascii	"\033l\345w\016\267\021\340\207\377\334\360\004\330="
 3789      0EB711E0 
 3789      87FFDCF0 
 3789      04D83D
 3790 00d6 A310A58C 		.ascii	"\243\020\245\214\273\321\271\274\214\320\201Q\004\020"
 3790      BBD1B9BC 
 3790      8CD08151 
 3790      0410
ARM GAS  /tmp/ccBn30D0.s 			page 112


 3791 00e4 CE8E432E 		.ascii	"\316\216C.\355\360 \313\033\265\355Wo\007m\333\315\242"
 3791      EDF020CB 
 3791      1BB5ED57 
 3791      6F076DDB 
 3791      CDA2
 3792 00f6 88300014 		.ascii	"\2100\000\024\003\367\000\356\002\223\216\342\351\034"
 3792      03F700EE 
 3792      02938EE2 
 3792      E91C
 3793 0104 892B4BE0 		.ascii	"\211+K\340\226\034\234\200\241\3258Q\3749G\251`\225"
 3793      961C9C80 
 3793      A1D53851 
 3793      FC3947A9 
 3793      6095
 3794 0116 B45B091C 		.ascii	"\264[\011\034\037\271\325\226\021jtEQ\203\221\277\321"
 3794      1FB9D596 
 3794      116A7445 
 3794      518391BF 
 3794      D1
 3795 0127 8C152FE6 		.ascii	"\214\025/\346\350\014\356\203\223\037\371\200N}\223"
 3795      E80CEE83 
 3795      931FF980 
 3795      4E7D93
 3796 0136 DAA8FDEB 		.ascii	"\332\250\375\353w\320\266c\307\316\216-\364\302:\220"
 3796      77D0B663 
 3796      C7CE8E2D 
 3796      F4C23A90 
 3797 0146 2041F4BA 		.ascii	" A\364\272&\215.\215!\215\213\214!\023\321S\001\006"
 3797      268D2E8D 
 3797      218D8B8C 
 3797      2113D153 
 3797      0106
 3798 0158 214DE2D2 		.ascii	"!M\342\322\001\206!K\321\262 \262\370bO\001\330\243"
 3798      0186214B 
 3798      D1B220B2 
 3798      F8624F01 
 3798      D8A3
 3799 016a 8C8590AB 		.ascii	"\214\205\220\253}#\355\347\301\236Y\230\002\265\376"
 3799      7D23EDE7 
 3799      C19E5998 
 3799      02B5FE
 3800 0179 9CDAA8D6 		.ascii	"\234\332\250\326\245\304yK\322\314\204\262\331\027h"
 3800      A5C4794B 
 3800      D2CC84B2 
 3800      D91768
 3801 0188 BA3F8711 		.ascii	"\272?\207\021Ls\236\013A\226u]6\270'#\212\256\010\246"
 3801      4C739E0B 
 3801      4196755D 
 3801      36B82723 
 3801      8AAE08A6 
 3802 019c C243603B 		.ascii	"\302C`;\350\254\012|\004WT)\363\320t-\223R\240HEu!&"
 3802      E8AC0A7C 
 3802      04575429 
 3802      F3D0742D 
 3802      9352A048 
 3803 01b4 0B0E2186 		.ascii	"\013\016!\206\375\261qL\346p)\306\225\304\315\365\021"
 3803      FDB1714C 
ARM GAS  /tmp/ccBn30D0.s 			page 113


 3803      E67029C6 
 3803      95C4CDF5 
 3803      11
 3804 01c5 5CEE88B6 		.ascii	"\\\356\210\266\"A\224\356\0105\3531)\250\327~B\364\222"
 3804      224194EE 
 3804      0835EB31 
 3804      29A8D77E 
 3804      42F492
 3805 01d8 E80B3477 		.ascii	"\350\0134w\264\022\271Fa\021L\227\034\361\000\3747\354"
 3805      B412B946 
 3805      61114C97 
 3805      1CF100FC 
 3805      37EC
 3806 01ea 69228CF0 		.ascii	"i\"\214\360J\365*\251\316A\313\354X\011\305JI\001\211"
 3806      4AF52AA9 
 3806      CE41CBEC 
 3806      5809C54A 
 3806      490189
 3807 01fd E908A158 		.ascii	"\351\010\241Xj\277\321\317e~ \363\032\372\364\221$\364"
 3807      6ABFD1CF 
 3807      657E20F3 
 3807      1AFAF491 
 3807      24F4
 3808 020f 7F11278E 		.ascii	"\177\021'\216\002\306\211\233'R\352l}\301#hP\200\314"
 3808      02C6899B 
 3808      2752EA6C 
 3808      7DC12368 
 3808      5080CC
 3809 0222 8914E6C6 		.ascii	"\211\024\346\306\036\365\036 \017<\003\207_{\363\240"
 3809      1EF51E20 
 3809      0F3C0387 
 3809      5F7BF3A0 
 3810 0232 B98F27EB 		.ascii	"\271\217'\353\277\023CU?\261\272\226Ef\263W\253\314"
 3810      BF134355 
 3810      3FB1BA96 
 3810      4566B357 
 3810      ABCC
 3811 0244 5282063C 		.ascii	"R\202\006<'\031T2\012\355Nv!o-:\005&\010-\010\035\007"
 3811      27195432 
 3811      0AED4E76 
 3811      216F2D3A 
 3811      0526082D 
 3812 025b 7F2E6B01 		.ascii	"\177.k\001\036\305\324\356\304\013P\307\334Qj\212LF"
 3812      1EC5D4EE 
 3812      C40B50C7 
 3812      DC516A8A 
 3812      4C46
 3813 026d 5FDD8C01 		.ascii	"_\335\214\001\247\031si\021\314J\362g\256\251Y\203\227"
 3813      A7197369 
 3813      11CC4AF2 
 3813      67AEA959 
 3813      8397
 3814 027f 44AF395D 		.ascii	"D\2579]\336\255\272\234\245\010\015\002\330\302!l*d"
 3814      DEADBA9C 
 3814      A5080D02 
 3814      D8C2216C 
 3814      2A64
ARM GAS  /tmp/ccBn30D0.s 			page 114


 3815 0291 EA2A3165 		.ascii	"\352*1e\347\217\322\347\254\336\244\210\\46\362=\026"
 3815      E78FD2E7 
 3815      ACDEA488 
 3815      5C3436F2 
 3815      3D16
 3816 02a3 410E086F 		.ascii	"A\016\010o\037\332D\014\372\303\021\2138\\\311!\375"
 3816      1FDA440C 
 3816      FAC3118B 
 3816      385CC921 
 3816      FD
 3817 02b4 064DD323 		.ascii	"\006M\323#G\325\303\005\021\222s\314\330f\263\274\246"
 3817      47D5C305 
 3817      119273CC 
 3817      D866B3BC 
 3817      A6
 3818 02c5 CA322B3C 		.ascii	"\3122+<\325\346\376\032\357\311*\253\272\336g\356;\\"
 3818      D5E6FE1A 
 3818      EFC92AAB 
 3818      BADE67EE 
 3818      3B5C
 3819 02d7 7CE07889 		.ascii	"|\340x\211\247\322S\355\265\330\266\372\362\212\272"
 3819      A7D253ED 
 3819      B5D8B6FA 
 3819      F28ABA
 3820 02e6 D2E3B59E 		.ascii	"\322\343\265\236\272\372\323fQyEI\305\241#f\215\317"
 3820      BAFAD366 
 3820      51794549 
 3820      C5A12366 
 3820      8DCF
 3821 02f8 ACAB377D 		.ascii	"\254\2537}u^\323[n\235\222A\371^\206\226\257v\375\312"
 3821      755ED35B 
 3821      6E9D9241 
 3821      F95E8696 
 3821      AF76FDCA 
 3822 030c 39DFB373 		.ascii	"9\337\263s\327\236R\313\332\313\264\023\225\2362\037"
 3822      D79E52CB 
 3822      DACBB413 
 3822      959E321F 
 3823 031c 5A95B57F 		.ascii	"Z\225\265\177\000<\376|c"
 3823      003CFE7C 
 3823      63
 3824              		.text
 3825              		.section	.gnu.lto_chEvtBroadcastFlags.358.cc9bb7b850bc0f1d,"e",%progbits
 3826 0000 789C8D52 		.ascii	"x\234\215RKO\023Q\024>gn\037T7&\032Cpa\321\020\203\001"
 3826      4B4F1351 
 3826      143E676E 
 3826      1F543726 
 3826      1A437061 
 3827 0018 068DC856 		.ascii	"\006\215\310VE\026&VI\371\001\244\014#mB[2S\210\254"
 3827      45162656 
 3827      49F901A4 
 3827      0C236D42 
 3827      5B325388 
 3828 002d 18414CC4 		.ascii	"\030AL\304D^\011>(5\222.\334\030\204D,\"R\345\3453\012"
 3828      445E093E 
 3828      2835922E 
 3828      DC188444 
ARM GAS  /tmp/ccBn30D0.s 			page 115


 3828      2C2252E5 
 3829 0044 9AA8A092 		.ascii	"\232\250\240\222\260\324\205\204\002\262\300\340\271"
 3829      B0D48584 
 3829      02B2C0E0 
 3829      B9
 3830 0051 772AC505 		.ascii	"w*\305\005\306I\332\271\347\234\357\234\357;\337\235"
 3830      C649DAB9 
 3830      E79CEF9C 
 3830      EF3BDF9D 
 3831 0061 5E065088 		.ascii	"^\006P\210\000\373\001\000\031`{[\263\004\206a\034\263"
 3831      00FB0100 
 3831      19607B5B 
 3831      B3048661 
 3831      1CB3
 3832 0073 4B78A1AD 		.ascii	"Kx\241\255\331\201C(\"\204z\011\353\261\203eS\270\332"
 3832      D9814328 
 3832      22847A09 
 3832      EBB18365 
 3832      53B8DA
 3833 0086 D4B1F612 		.ascii	"\324\261\366\022\215;q\214R{\204~\342\0113lgQ\206hI"
 3833      8D3B718C 
 3833      527B847E 
 3833      E209336C 
 3833      67518668 
 3834 009b 9E2474D2 		.ascii	"\236$t\322\211\235\201\003q\303x;\0233\014\007D\031"
 3834      899D8103 
 3834      71C3783B 
 3834      13330C07 
 3834      4419
 3835 00ad C307483D 		.ascii	"\303\007H=8\200x\237\230)\341\356O\347\270J\023\267"
 3835      3880789F 
 3835      9829E1EE 
 3835      4FE7B84A 
 3835      13B7
 3836 00bf 96C45970 		.ascii	"\226\304Yp\360o\234\305=\222\016`K2J\324\"\316\210\217"
 3836      F06F9CC5 
 3836      3D920E60 
 3836      4B324AD4 
 3836      22CE888F 
 3837 00d3 9073DB48 		.ascii	"\220s\333HYl\275\000Hr\204I\1772\341/\243\237m\200\303"
 3837      596CBD00 
 3837      48728449 
 3837      7F32E12F 
 3837      A39F6D80 
 3838 00e8 94633CC7 		.ascii	"\224c<\307\256\0130gZm\2752\373&#l\304-Qf\305\021\344"
 3838      AE0B3067 
 3838      5A6DBD32 
 3838      FB26236C 
 3838      C42D5166 
 3839 00ff A34C32E4 		.ascii	"\243L2\344\233Y\335\341\275\204\314\342\310p\313\247"
 3839      9B59DDE1 
 3839      BD84CCE2 
 3839      C870CBA7 
 3840 010f C19CD146 		.ascii	"\301\234\321F\343\231\261\201\205\024\326\334\235\263"
 3840      E399B181 
 3840      8514D6DC 
 3840      9DB3
ARM GAS  /tmp/ccBn30D0.s 			page 116


 3841 011d AD2E856D 		.ascii	"\255.\205m\370\204\222\217\3714\256\025\237n\326\027"
 3841      F884928F 
 3841      F934AE15 
 3841      9F6ED617 
 3842 012d 7E153D62 		.ascii	"~\025=b\012\264\244\0046.\223\3001\312Y!\305wy\350\177"
 3842      0AB4A404 
 3842      362E93C0 
 3842      31CA5921 
 3842      C57779E8 
 3843 0142 F86213DD 		.ascii	"\370b\023\3356\234\240\344\370\006\337\244\340\343\230"
 3843      369CA0E4 
 3843      F806DFA4 
 3843      E0E398
 3844 0151 DE696BDC 		.ascii	"\336ik\334X[o1\342\223\216\265\357\363\013\315\271i"
 3844      585B6F31 
 3844      E2938EB5 
 3844      EFF30BCD 
 3844      B969
 3845 0163 12620C69 		.ascii	"\022b\014i\315\207Toa\374\242\015\013\032q\200V&\231"
 3845      CD87546F 
 3845      61FCA20D 
 3845      0B1A7180 
 3845      562699
 3846 0176 412305DF 		.ascii	"A#\005\337\320\230\377\365\001\371;\261|\365\353\315"
 3846      D098FFF5 
 3846      01F93BB1 
 3846      7CF5EBCD 
 3847 0186 4E24FF44 		.ascii	"N$\377D61\343\020\345\304`\244?\361q'\255)\322\357\022"
 3847      3631E310 
 3847      E5C460A4 
 3847      3FF17127 
 3847      AD29D2EF 
 3848 019b E42A9D1A 		.ascii	"\344*\235\032\234\264<\277y+\346\013\330\355\316\201"
 3848      9CB43CBF 
 3848      792BE60B 
 3848      D8EDCE81 
 3849 01ab B96E240F 		.ascii	"\271n$\017\004lh\316\201\243\010?\260a\037W\030\346"
 3849      046C68CE 
 3849      81A3083F 
 3849      B0611F57 
 3849      18E6
 3850 01bd 57987957 		.ascii	"W\230yW\272\224\026e6:Z\3707\370\002\201\336\370\022"
 3850      BA941665 
 3850      363A5AF8 
 3850      37F80281 
 3850      DEF812
 3851 01d0 F1B9702D 		.ascii	"\361\271p-\363\236\250\333E\361\265\311\262\020\213"
 3851      F39EA8DB 
 3851      45F1B5C9 
 3851      B2108B
 3852 01df 4C27D280 		.ascii	"L'\322\200\033\315\347.._]\232\311\022\014?gv\213L\337"
 3852      1BCDE72E 
 3852      2E5F5D9A 
 3852      C9120C3F 
 3852      67768B4C 
 3853 01f4 E2888B6C 		.ascii	"\342\210\213l\206\005lr\302E\224\242,-\302\310\235\036"
 3853      86056C72 
ARM GAS  /tmp/ccBn30D0.s 			page 117


 3853      C24594A2 
 3853      2C2DC2C8 
 3853      9D1E
 3854 0206 26F530D2 		.ascii	"&\3650\322\347\020\350\326\014\0024&\001\333\"\314\316"
 3854      E710E8D6 
 3854      0C023426 
 3854      01DB22CC 
 3854      CE
 3855 0217 BFB2EDA2 		.ascii	"\277\262\355\242\324\236\221\334\376f\027m?f\352\277"
 3855      D49E91DC 
 3855      FE66176D 
 3855      3F66EABF 
 3856 0227 357BCD64 		.ascii	"5{\315d\234\357\3532\371\206gEe\337\306\337\374\373"
 3856      9CEFEB32 
 3856      F9866745 
 3856      65DFC6DF 
 3856      FCFB
 3857 0239 3D497FDA 		.ascii	"=I\177\332W\310\237q\263\361\306\312\206?\023I\177`"
 3857      57C89F71 
 3857      B3F1C6CA 
 3857      863F1349 
 3857      7F60
 3858 024b B33F9329 		.ascii	"\263?\223)\177\236m\366'\351\304\224\360d\363\372\327"
 3858      7F9E6DF6 
 3858      27E9C494 
 3858      F064F3FA 
 3858      D7
 3859 025c 57687DBA 		.ascii	"Wh}\272wX\244\260\257g\252\230/\313\237\026\206\346"
 3859      7758A4B0 
 3859      AF67AA98 
 3859      2FCB9F16 
 3859      86E6
 3860 026e 3D36C479 		.ascii	"=6\304y\230){\203~U\366y\002\362\311\240R\343W\003!"
 3860      98297B83 
 3860      7E55F679 
 3860      02F2C9A0 
 3860      52E35703 
 3861 0283 5D3E51E2 		.ascii	"]>Q\342>]V\356\251\362\004\024\025\262C^\237VQV\355"
 3861      3E5D56EE 
 3861      A9F20414 
 3861      15B2435E 
 3861      9F565156 
 3862 0298 D1427572 		.ascii	"\321Bur\221\327W\356;[*\007uY\013\311\272\246\310\212"
 3862      91D757EE 
 3862      3B5B2A07 
 3862      75590BC9 
 3862      BAA6C88A 
 3863 02ac 57ADE54D 		.ascii	"W\255\345My\0120U\257\336\225\212\363<\207\016\037\255"
 3863      790A3055 
 3863      AFDE958A 
 3863      F33C870E 
 3863      1FAD
 3864 02be 50D542B0 		.ascii	"P\325B\260\236\253\362T\352\007\267\036\344\013(U5\025"
 3864      9EABF254 
 3864      EA07B71E 
 3864      E40B2855 
 3864      3515
ARM GAS  /tmp/ccBn30D0.s 			page 118


 3865 02d0 2A0DD3EB 		.ascii	"*\015\323\353\364</\330\313=\272Z\242\371\212\267hQ"
 3865      F43C2FD8 
 3865      CB3DBA5A 
 3865      A2F98AB7 
 3865      6851
 3866 02e2 827E7F30 		.ascii	"\202~\1770 \253\347C\362q\267K.r\225\236*\225\213\202"
 3866      20ABE743 
 3866      F271B74B 
 3866      2E72959E 
 3866      2A958B82 
 3867 02f6 9A2A9FFA 		.ascii	"\232*\237\3723\311\257\373\364\262JE\241i\005\377\236"
 3867      33C9AFFB 
 3867      F4B24A45 
 3867      A16905FF 
 3867      9E
 3868 0307 521DD468 		.ascii	"R\035\324hg\232S[\230\353\"\011\012\315\241\256\035"
 3868      679A535B 
 3868      98EB2209 
 3868      0ACDA1AE 
 3868      1D
 3869 0318 AE52B793 		.ascii	"\256R\267\223\353\250\326|9\316\254|\2204\260\373U\177"
 3869      EBA8D67C 
 3869      39CEAC7C 
 3869      9034B0FB 
 3869      557F
 3870 032a 50AB83DF 		.ascii	"P\253\203\337dO\246K"
 3870      644FA64B 
 3871              		.text
 3872              		.section	.gnu.lto_chEvtDispatch.359.cc9bb7b850bc0f1d,"e",%progbits
 3873 0000 789C5D52 		.ascii	"x\234]R]H\223Q\030>\3579\337\317\346\317\246(\010^Y"
 3873      5D489351 
 3873      183EEF39 
 3873      DFCFE6CF 
 3873      A628085E 
 3874 0015 10E18D1F 		.ascii	"\020\341\215\037uQ^Jv\031\025u!\004!s\033l\2403\266"
 3874      75515E4A 
 3874      76191575 
 3874      21042173 
 3874      1B6CA033 
 3875 002a 6574E5E7 		.ascii	"et\345\347\324\015\264\330\246$]\230\310\030\341MV\202"
 3875      D40DB4D8 
 3875      A6245D98 
 3875      C818E14D 
 3875      5682
 3876 003c 65A53594 		.ascii	"e\2455\224\250\033I$\021Wa\030\005*\250$Q\015\305\336"
 3876      A81B4924 
 3876      11576118 
 3876      052AA824 
 3876      510DC5DE 
 3877 0050 F77C6359 		.ascii	"\367|cY\037|\357y\317s\236\367y\336\363sC0\326\301\030"
 3877      1F7CEF79 
 3877      CF739EF7 
 3877      79DEF373 
 3877      4330D6C1 
 3878 0065 1BC01F6C 		.ascii	"\033\300\037l\014\006\222}\234\231\246\331\240s\030"
 3878      0C06927D 
 3878      9C99A6D9 
ARM GAS  /tmp/ccBn30D0.s 			page 119


 3878      A07318
 3879 0074 4AF6AD6E 		.ascii	"J\366\255nL(0\003\022\020\274'Y\214Y\215\322\233t\310"
 3879      4C283003 
 3879      1210BC27 
 3879      598C598D 
 3879      D29B74C8 
 3880 0088 51813B05 		.ascii	"Q\201;\005\272\012C\217\213d\246\361\356d?\307\252\305"
 3880      BA0A438F 
 3880      8B64A6F1 
 3880      EE643FC7 
 3880      AAC5
 3881 009a 9D5CBD12 		.ascii	"\235\\\275\022K:\306\343\275\272\242C\027\312mrI\001"
 3881      4B3AC6E3 
 3881      BDBAA243 
 3881      17CA6D72 
 3881      4901
 3882 00ac D6C985A2 		.ascii	"\326\311\205\242j:tr\215AF\201\003\374\364B\302\362"
 3882      6A3A7472 
 3882      8D414681 
 3882      03FCF442 
 3882      C2F2
 3883 00be DFA0A845 		.ascii	"\337\240\250E\376\257\336\301{\363`\216e \215\335\216"
 3883      FEAFDEC1 
 3883      7BF3608E 
 3883      65208DDD 
 3883      8E
 3884 00cf 88FCE2B0 		.ascii	"\210\374\342\260\200\001\221\026\000J>\343P\203\231"
 3884      80019116 
 3884      004A3EE3 
 3884      508399
 3885 00de 38CF8E67 		.ascii	"8\317\216gLs\341\335\224i\332YZ\010x\012X\003O\000&"
 3885      4C73E1DD 
 3885      9469DA59 
 3885      5A08780A 
 3885      58034F00 
 3886 00f3 8111D0B4 		.ascii	"\201\021\320\264RE\274V\213\267\237\347)\360\354_\236"
 3886      5245BC56 
 3886      8BB79FE7 
 3886      29F0EC5F 
 3886      9E
 3887 0104 D2F4AD4A 		.ascii	"\322\364\255J\272\210\020\305c\330\311\316\310\203\230"
 3887      BA8810C5 
 3887      63D8C9CE 
 3887      C88398
 3888 0113 23D1654B 		.ascii	"#\321eK\013\025^\034f3\326\264[\205;\231\206|\177\210"
 3888      0B155E1C 
 3888      6633D6B4 
 3888      5B853B99 
 3888      867C7F88 
 3889 0127 01CE1E2E 		.ascii	"\001\316\036.\252\031s\357 n\232\333\376\333s\333\223"
 3889      AA1973EF 
 3889      206E9ADB 
 3889      FEDB73DB 
 3889      93
 3890 0138 50C9193C 		.ascii	"P\311\031<\007lz\012\024\364\320T\012\032\005\235\026"
 3890      076C7A0A 
 3890      14F4D054 
ARM GAS  /tmp/ccBn30D0.s 			page 120


 3890      0A1A059D 
 3890      16
 3891 0149 6C14ECA4 		.ascii	"l\024\354\244S\002\230\225\322\202\203\202\023\203^"
 3891      53029895 
 3891      D2828382 
 3891      13835E
 3892 0158 46DD9763 		.ascii	"F\335\227c\260UH+\026\027l'7V\017f\206\261\204\3402"
 3892      B055482B 
 3892      16176C27 
 3892      37560F66 
 3892      86B184E0 
 3893 016d EFC27C03 		.ascii	"\357\302|\003\314\265\231,\310q\241\232\206\243\205"
 3893      CCB5992C 
 3893      C871A19A 
 3893      86A385
 3894 017c B0F69E80 		.ascii	"\260\366\236\200\310\250\023\025\350\324\354`\361\227"
 3894      C8A81315 
 3894      E8D4EC60 
 3894      F197
 3895 018a B3B48F84 		.ascii	"\263\264\217\204\020\311\336\3457\242 \263\222\345l"
 3895      10C9DEE5 
 3895      37A220B3 
 3895      92E56C
 3896 0199 0B227BB1 		.ascii	"\013\"{\261O<%\224\224\260\343\254{/\372\025S5%l\210"
 3896      4F3C2594 
 3896      94B0E3AC 
 3896      7B2FFA15 
 3896      5335256C 
 3897 01ae 11301483 		.ascii	"\0210\024\203\224\320\020\"E\015\200\255C\317\372\\"
 3897      94D01022 
 3897      450D80AD 
 3897      43CFFA5C 
 3898 01be 0B621660 		.ascii	"\013b\026`\335XB(og7\277\000\211\253$\376!+\376k\356"
 3898      DD584228 
 3898      6F6737BF 
 3898      0089AB24 
 3898      FE212BFE 
 3899 01d4 6335C9E5 		.ascii	"c5\311\345\242K\350V\012\257\300\322\217\334\215\315"
 3899      A24BE856 
 3899      0AAFC0D2 
 3899      8FDC8DCD 
 3900 01e4 23E040CC 		.ascii	"#\340@\314r\373\201\013\\\332;h35xV\010H\205U\324D\316"
 3900      72FB810B 
 3900      5CDA3B68 
 3900      33357856 
 3900      08488555 
 3901 01fb A3E83E42 		.ascii	"\243\350>BN\254\247\016t\220mND\021+K\011\201+R\266"
 3901      4EACA70E 
 3901      74906D4E 
 3901      44112B4B 
 3901      09812B52 
 3902 0210 1FE7E5F9 		.ascii	"\037\347\345\371\347#\200\335\247\227\216\267[\204,"
 3902      E72380DD 
 3902      A7978EB7 
 3902      5B842C
 3903 021f 98C5AE77 		.ascii	"\230\305\256w\240g\324\311\220\203\277=-\212\345&\324"
 3903      A067D4C9 
ARM GAS  /tmp/ccBn30D0.s 			page 121


 3903      9083BF3D 
 3903      2D8AE526 
 3903      D4
 3904 0230 C3271469 		.ascii	"\303'\024i`\322\\\227\346\273\331\"|\370d5\034}\215"
 3904      60D25C97 
 3904      E6BBD922 
 3904      7CF86435 
 3904      1C7D8D
 3905 0243 68059691 		.ascii	"h\005\226\221\266\012`\3659M c9\320\261{\334\033v\255"
 3905      B60A60F5 
 3905      394D2063 
 3905      39D0B17B 
 3905      DC1B76AD 
 3906 0257 6C2DFDB6 		.ascii	"l-\375\266QUBhho*\207\224\211n\307\234K\017[\376\242"
 3906      51554268 
 3906      686F2A87 
 3906      94896EC7 
 3906      9C4B0F5B 
 3907 026d 6E01D1E9 		.ascii	"n\001\321\351\210\033\021$}\305:\341\034\340\211\224"
 3907      881B1124 
 3907      7DC53AE1 
 3907      1CE08994 
 3908 027d 7092D555 		.ascii	"p\222\325U\234\331\341%\360\361\245\253HG[ud\331\205"
 3908      9CD9E125 
 3908      F0F1A5AB 
 3908      48475B75 
 3908      64D985
 3909 0290 267AE199 		.ascii	"&z\341\231|\207\310\347\237Wde\\@\341%1v\304\360\265"
 3909      7C87C8E7 
 3909      9F576465 
 3909      5C40E125 
 3909      3176C4F0 
 3910 02a5 B7790DBF 		.ascii	"\267y\015\277+`\234mw_o\363\006\302!\343\314\305K\347"
 3910      2B609C6D 
 3910      775F6FF3 
 3910      06C221E3 
 3910      CCC54BE7 
 3911 02b9 9A5B5CAD 		.ascii	"\232[\\\255\256\200\333\313j\303>\177\320\323|\315\025"
 3911      AE80DBCB 
 3911      6AC33E7F 
 3911      D0D37CCD 
 3911      15
 3912 02ca 0CDF341A 		.ascii	"\014\3374\032}\376\026\377\205\313F{\310\010\206\215"
 3912      7DFE16FF 
 3912      85CB467B 
 3912      C808868D 
 3913 02da 50D06DB8 		.ascii	"P\320m\270}\336\016*\252s3\233\317\025\360\264z\203"
 3913      7DDE0E2A 
 3913      AA73339B 
 3913      CF15F0B4 
 3913      7A83
 3914 02ec A1CABF60 		.ascii	"\241\312\277`\235\353\304\311S\036\257\3674\323,Hx\375"
 3914      9DEBC4C9 
 3914      531EAFF7 
 3914      34D32C48 
 3914      78FD
 3915 02fe 9E3FAE58 		.ascii	"\236?\256Xb\327"
ARM GAS  /tmp/ccBn30D0.s 			page 122


 3915      62D7
 3916              		.text
 3917              		.section	.gnu.lto_chEvtWaitOne.360.cc9bb7b850bc0f1d,"e",%progbits
 3918 0000 789C8D54 		.ascii	"x\234\215TmL[U\030~\337{n[\312w\3426\222\021#,!f\313"
 3918      6D4C5B55 
 3918      187EDF7B 
 3918      6E5BCA77 
 3918      E2369211 
 3919 0019 C645936D 		.ascii	"\306E\223m\277L\246\350\217\031\321\005\302oRJck(%\267"
 3919      BF4CA6E8 
 3919      8F19D105 
 3919      C26F524A 
 3919      636B2825 
 3920 002e 65915FBB 		.ascii	"e\221_\273+8\"\373\321\301\014CV\252i\010\201\037\250"
 3920      2B3822FB 
 3920      D1C10C43 
 3920      56AA6908 
 3920      811FA8
 3921 0041 E8743098 		.ascii	"\350t0\230T;\307\324}\000\373p\243\002I\343\014\314"
 3921      543BC7D4 
 3921      7D00FB70 
 3921      A30249E3 
 3921      0CCC
 3922 0053 B8753011 		.ascii	"\270u0\021\347\307|\317\271wmgd\331\237\323{\336\373"
 3922      E7C77CCF 
 3922      B9776D67 
 3922      64D99FD3 
 3922      7BDEFB
 3923 0066 9CF77D9E 		.ascii	"\234\367}\236\347<\267\023f\200z\004x\025\000\320\004"
 3923      E73CB713 
 3923      66807A04 
 3923      781500D0 
 3923      04
 3924 0077 D8D9D12E 		.ascii	"\330\331\321.\201\246i{,\222\324\322qX\302\323\330\376"
 3924      81A6697B 
 3924      2C92D4D2 
 3924      7158C2D3 
 3924      D8FE
 3925 0089 5160A3DC 		.ascii	"Q`\243\334\332\221\273:\235\330&3|/\211\220\361`G\373"
 3925      DA91BB3A 
 3925      9DD82633 
 3925      7C2F8990 
 3925      F16047FB 
 3926 009d 833B2764 		.ascii	"\203;'d\002\211\002\302\001\211\311x\000\217\262 \303"
 3926      028902C2 
 3926      0189C978 
 3926      008FB220 
 3926      C3
 3927 00ae 4ED6C700 		.ascii	"N\326\307\000e\343\011\261hkD\323\326\3369\2728d\011"
 3927      65E309B1 
 3927      686B44D3 
 3927      D6DE39BA 
 3927      386409
 3928 00c1 0E44E43E 		.ascii	"\016D\344>&A\210\000\237#\236 \002\000\004d\257\303"
 3928      26418800 
 3928      9F239E20 
 3928      02000464 
ARM GAS  /tmp/ccBn30D0.s 			page 123


 3928      AFC3
 3929 00d3 B3049ABA 		.ascii	"\263\004\232\2728\242iV \004\236\3044\014\025\252\373"
 3929      38A26956 
 3929      20049EC4 
 3929      340C15AA 
 3929      FB
 3930 00e4 0B74E45B 		.ascii	"\013t\344[|-!p\342\326\257m\271G\016fp\364(>\322\261"
 3930      7C2D2170 
 3930      E2D6AF6D 
 3930      B9470E66 
 3930      70F4283E 
 3931 00fa 3A52C0A1 		.ascii	":R\300\241\365I\350\322\220\001e8\366\037\350g\005f"
 3931      F549E8D2 
 3931      90016538 
 3931      F61FE867 
 3931      0566
 3932 010c C071C453 		.ascii	"\300q\304S\310Y\001p\005\344M\210\210\177\211\274\201"
 3932      C8590170 
 3932      05E44D88 
 3932      887F89BC 
 3932      81
 3933 011d 9924AEFD 		.ascii	"\231$\256\375\263\013Hl\210\250\033\225\340/-\277\321"
 3933      B30B486C 
 3933      88A81B95 
 3933      E02F2DBF 
 3933      D1
 3934 012e C109AA31 		.ascii	"\301\011\2521\301+$\300\\\305Z\360p\354\322\346\240"
 3934      C12B24C0 
 3934      5CC55AF0 
 3934      70ECD2E6 
 3934      A0
 3935 013f C6A5CAF8 		.ascii	"\306\245\312\370\025\362V\372<\374\032\251T\035|\306"
 3935      15F256FA 
 3935      3CFC1AA9 
 3935      541D7CC6 
 3936 014f E0B53612 		.ascii	"\340\2656\022xwl{\264E;\247%\261\220\302\352\336\360"
 3936      78776C7B 
 3936      B4453BA7 
 3936      25B190C2 
 3936      EADEF0
 3937 0162 6923677B 		.ascii	"i#g{\315\030\245b\204w\003\342\207g\222\3748Y\031\317"
 3937      CD18A562 
 3937      847703E2 
 3937      876792FC 
 3937      385919CF 
 3938 0176 26C98E9F 		.ascii	"&\311\216\237\357;Y\252\323\225\005t\022\323\336\216"
 3938      EF3B59AA 
 3938      D3950574 
 3938      12D3DE8E 
 3939 0186 AC1A524C 		.ascii	"\254\032RL))\321\037I\312\267T3C\212\331\215\321'a\266"
 3939      2929D11F 
 3939      49CAB754 
 3939      33438AD9 
 3939      8DD12761 
 3940 019b 762F68C6 		.ascii	"v/h\306\357\251\370]\222\331y\301\2140\334\324\217g"
 3940      EFA9F85D 
 3940      92D979C1 
ARM GAS  /tmp/ccBn30D0.s 			page 124


 3940      8C30DCD4 
 3940      8F67
 3941 01ad 4C11EDAF 		.ascii	"L\021\355\257\007\001-2i]\274plrM\332\200t\237&\211"
 3941      07012D32 
 3941      695DBC70 
 3941      6C724DDA 
 3941      80749F26 
 3942 01c2 2F8C2F32 		.ascii	"/\214/2_L|1\363\305\002t*\223\236X\026\342\010f\363"
 3942      5F4C7C31 
 3942      F3C50274 
 3942      2A939E58 
 3942      16E20866 
 3943 01d7 6D1E5FF2 		.ascii	"m\036_\362\371\002\020`<\204\232\214Z\004\340\010\223"
 3943      F9021060 
 3943      3C849A8C 
 3943      5A04E008 
 3943      93
 3944 01e8 F44D0B6D 		.ascii	"\364M\013mn\241\026\277\034C\376\2732\330?{-\210\244"
 3944      6EA116BF 
 3944      1C43FEBB 
 3944      32D83F7B 
 3944      2D88A4
 3945 01fb 5C5417AE 		.ascii	"\\T\027\256Y\361\034\302m\364\217\017\346\204Y\246\021"
 3945      59F11CC2 
 3945      6DF48F0F 
 3945      E68459A6 
 3945      11
 3946 020c 4DB330A5 		.ascii	"M\2630\245\025%z\034`BR?'g\301K\210\027\305\3132\352"
 3946      15257A1C 
 3946      6042523F 
 3946      2767C14B 
 3946      8817C5CB 
 3947 0222 4EB1C9C0 		.ascii	"N\261\311\300)\354e\302J\243\302p\232*\010\372\010\177"
 3947      29EC65C2 
 3947      4AA3C270 
 3947      9A2A08FA 
 3947      087F
 3948 0234 62B8736E 		.ascii	"b\270sn\324J\276R\224h\200\230zU\347\022\277^((\015"
 3948      D44ABE52 
 3948      94688098 
 3948      7A55E712 
 3948      BF5E2828 
 3949 0249 05E67BBA 		.ascii	"\005\346{\272\220l\026\305\225Y\253`\274r7\364\351\312"
 3949      906C16C5 
 3949      9559AB60 
 3949      BC7237F4 
 3949      E9CA
 3950 025b F5A7C83E 		.ascii	"\365\247\310>\235\377J7\362\272\277\210L\345\034e,\023"
 3950      9DFF4A37 
 3950      F2BABF88 
 3950      4CE51C65 
 3950      2C13
 3951 026d B0D1AE2F 		.ascii	"\260\321\256/\026z\221\274\025\260\261\005+^@\270\203"
 3951      167A91BC 
 3951      15B0B105 
 3951      2B5E40B8 
 3951      83
ARM GAS  /tmp/ccBn30D0.s 			page 125


 3952 027e FE2DDCE9 		.ascii	"\376-\334\351i\211\250\026\307\245CD\314J\2172\377\250"
 3952      6989A816 
 3952      C7A54344 
 3952      CC4A8F32 
 3952      FFA8
 3953 0290 AF20D02F 		.ascii	"\257 \320/^E\274,\244\024\337\024\3573\305\313\037\364"
 3953      5E45BC2C 
 3953      A414DF14 
 3953      EF33C5CB 
 3953      1FF4
 3954 02a2 29894468 		.ascii	")\211Dhf%\003\370\005\362\276\313C\201{\263%b\302\357"
 3954      662503F8 
 3954      05F2BECB 
 3954      43817BB3 
 3954      2562C2EF 
 3955 02b6 B39B4465 		.ascii	"\263\233Dexf\256\202d\011\357\226r\303\014\015\357\030"
 3955      7866AE82 
 3955      6409EF96 
 3955      72C30C0D 
 3955      EF18
 3956 02c8 EA76E96E 		.ascii	"\352v\351nd\221f\274\201`\230#\341,\231#\321\240\333"
 3956      649166BC 
 3956      81609823 
 3956      E12C9923 
 3956      D1A0DB
 3957 02db D8D2D5B6 		.ascii	"\330\322\325\266#\314\262\351d\230e\351\312N\321c\266"
 3957      23CCB2E9 
 3957      649865E9 
 3957      CA4ED163 
 3957      B6
 3958 02ec 98324716 		.ascii	"\2302G\026-a\353bt3Ux[I|\224\374b\331T\342\376\000&"
 3958      2D61EB62 
 3958      74335578 
 3958      5B497C94 
 3958      FC62D954 
 3959 0304 2F762126 		.ascii	"/v!&q\016=\203\005\017\307.\346\244\346\246n*\033\347"
 3959      710E3D83 
 3959      050FC72E 
 3959      E6A4E6A6 
 3959      6E2A1BE7 
 3960 0318 68345D15 		.ascii	"h4]\025\337\017\344\361\216\363T \321\372x-~\227:%\260"
 3960      DF0FE4F1 
 3960      8EF35420 
 3960      D1FA782D 
 3960      7E973A25 
 3961 032d B508C4C5 		.ascii	"\265\010\304\305\347\204\230\005\200\217\316\305\314"
 3961      E7849805 
 3961      808FCEC5 
 3961      CC
 3962 033a 3E962720 		.ascii	">\226' \313\205\272\336\2740\223\036\2472\236\256\362"
 3962      CB85BADE 
 3962      BC30931E 
 3962      A7329EAE 
 3962      F2
 3963 034b 8530E3F8 		.ascii	"\2050\343\370GT\346\011)rzF\375{@\274\262\3506\307\254"
 3963      4754E609 
 3963      29727A46 
ARM GAS  /tmp/ccBn30D0.s 			page 126


 3963      FD7B40BC 
 3963      B2E836C7 
 3964 0360 86BB8943 		.ascii	"\206\273\211Cd\023\343u\321\215\020\371\306>\331-_\034"
 3964      6413E375 
 3964      D18D10F9 
 3964      C63ED92D 
 3964      5F1C
 3965 0372 F9236624 		.ascii	"\371#f$yS\230\311\377\307N\374\177\376\224\244\346\357"
 3965      795398C9 
 3965      FFC74EFC 
 3965      7FFE94A4 
 3965      E6EF
 3966 0384 6EFB9B58 		.ascii	"n\373\233X\231\370y\321\372&\355\314t\226jbp;\256\333"
 3966      99F879D1 
 3966      FA26EDCC 
 3966      74966A62 
 3966      703BAEDB 
 3967 0398 E567BD0B 		.ascii	"\345g\275\013\341\305\350?\215\257k(\320s\234\242<\241"
 3967      E1C5E83F 
 3967      8DAF6B28 
 3967      D0739CA2 
 3967      3CA1
 3968 03aa 87F183D8 		.ascii	"\207\361\203\3301=>\361\341\343zxN\353\270-\311%~\245"
 3968      313D3EF1 
 3968      E1E37A78 
 3968      4EEBB82D 
 3968      C9257EA5 
 3969 03be D0087BE7 		.ascii	"\320\010{\347*\205=\242\037|\1775\031\366\250\021vH"
 3969      2A853DA2 
 3969      1F7C7F35 
 3969      19F6A811 
 3969      7648
 3970 03d0 0FFB9954 		.ascii	"\017\373\231T\330\277I\017\273\021\353E\021\360\364"
 3970      D8BF490F 
 3970      BB11EB45 
 3970      11F0F4
 3971 03df 2C77AF52 		.ascii	",w\257R\226\243F\226?Y^0qo\227\321\377\341N.\036\340"
 3971      96A34696 
 3971      3F595E30 
 3971      716F97D1 
 3971      FFE14E2E 
 3972 03f5 3E5A2867 		.ascii	">Z(g\322\374\334F\272\032\026Zx\232\376MP\277\034\177"
 3972      D2FCDC46 
 3972      BA1A165A 
 3972      789AFE4D 
 3972      50BF1C7F 
 3973 0409 84C7AE58 		.ascii	"\204\307\256Xqz\334\016\305ekP^\366\330\233\334\216"
 3973      717ADC0E 
 3973      C5656B50 
 3973      5EF6D89B 
 3973      DC8E
 3974 041b 069F5779 		.ascii	"\006\237Wyi_\345k5\265\266z[\203\335\001[}N\227ZW\323"
 3974      695FE56B 
 3974      35B5B67A 
 3974      5B83DD01 
 3974      5B7D4E97 
 3975 0432 68537DCD 		.ascii	"hS}\315J\271\323U\353z\243J\361x\025\325\247xU\273b"
ARM GAS  /tmp/ccBn30D0.s 			page 127


 3975      4AB9D355 
 3975      EB7AA34A 
 3975      F17815D5 
 3975      A77855BB 
 3976 0447 773AF6F3 		.ascii	"w:\366\363C\245v0\353O\033R\245R\333s\317\357\252s8"
 3976      43A57630 
 3976      EB4F1B52 
 3976      A552DB73 
 3976      CFEFAA73 
 3977 045c 7603BACD 		.ascii	"v\003\272\315\366&U\3655n[\277\235\253\301^\337T\347"
 3977      F62655F5 
 3977      356E5BBF 
 3977      9DABC15E 
 3977      DF54E7
 3978 046f A096DE66 		.ascii	"\240\226\336fo\251\023,\2656\257c\237\352ze\235#v\217"
 3978      6FA9132C 
 3978      B536AF63 
 3978      9FEA7A65 
 3978      9D23768F 
 3979 0483 DBED6950 		.ascii	"\333\355iP\034o\373\224\027++\224\362\212\252\275UJ"
 3979      1C6FFB94 
 3979      172B2B94 
 3979      F28AAABD 
 3979      554A
 3980 0495 B9477528 		.ascii	"\271Gu({\037vr{]\336\2327\355v\352\266\363\361]\032"
 3980      7B1F7672 
 3980      7B5DDE9A 
 3980      37ED76EA 
 3980      B6F3F15D 
 3981 04aa 3D2A29A7 		.ascii	"=*)\247>\373w\357\250 \012v\352C\247J\237\204\256\317"
 3981      3EFB77EF 
 3981      A8200A76 
 3981      EA43A74A 
 3981      9F84AECF 
 3982 04be A93A6C75 		.ascii	"\251:lu\234r~EUe\021\247\335\250\272\266\027\225\224"
 3982      9C727E45 
 3982      556511A7 
 3982      DDA8BAB6 
 3982      179594
 3983 04d1 81A482C5 		.ascii	"\201\244\202\305\355p{\324f\370\027bw\263A"
 3983      ED707BD4 
 3983      66F81762 
 3983      77B341
 3984              		.text
 3985              		.section	.gnu.lto_chEvtWaitAny.361.cc9bb7b850bc0f1d,"e",%progbits
 3986 0000 789C8D54 		.ascii	"x\234\215TmLSW\030>\357=\267\267\024FY\266\211\211\313"
 3986      6D4C5357 
 3986      183EEF3D 
 3986      B7B71446 
 3986      59B68989 
 3987 0015 1C989045 		.ascii	"\034\230\220E\243\\\266\304\371k\211\033\333\017\227"
 3987      A35CB6C4 
 3987      F96B891B 
 3987      DB0F97
 3988 0024 B11908BF 		.ascii	"\261\031\010\277I)7k\027J\311m1\343\227\327\202#\342"
 3988      4929376B 
 3988      174AC96D 
ARM GAS  /tmp/ccBn30D0.s 			page 128


 3988      31E397D7 
 3988      8223E2
 3989 0037 8F0A2EC8 		.ascii	"\217\012.\310\260\324\245!\006~0\206q[\371P:\353\324"
 3989      B0D4A521 
 3989      067E3086 
 3989      715BF950 
 3989      3AEBD4
 3990 004a 6D4E40D1 		.ascii	"mN@\321\015\030%i\346\206[\"\035\025$\312>\336s\356"
 3990      0D182569 
 3990      E6865B22 
 3990      1D1524CA 
 3990      3EDE73EE 
 3991 005e A5ADCB30 		.ascii	"\245\255\3130\3769\275\367=\317y\337\347y\316s{X\"\244"
 3991      FE39BDF7 
 3991      3DCF79DF 
 3991      E779CE73 
 3991      7B5822A4 
 3992 0072 1608799B 		.ascii	"\026\010y\233\020\002&\002\355m\255\002\3214m\257Y\020"
 3992      10022602 
 3992      ED6DAD02 
 3992      D1346DAF 
 3992      5910
 3993 0084 9ADA8E0A 		.ascii	"\232\332\216\012p\016Z?\363o\022\233\333\254+\223\211"
 3993      700E5A3F 
 3993      F36F129B 
 3993      DBAC2B93 
 3993      89
 3994 0095 1D22858F 		.ascii	"\035\"\205\217S\010\021\016\265\265\376\366\360\254"
 3994      5308110E 
 3994      B5B5FEF6 
 3994      F0AC
 3995 00a3 88205E00 		.ascii	"\210 ^\000rP\240\"\034\204\3434@\241\235\366P\002\242"
 3995      7250A022 
 3995      1C84E334 
 3995      40A19DF6 
 3995      5002A2
 3996 00b6 F10450B0 		.ascii	"\361\004P\260=\242i\253\207\217\007\007\314\201\336"
 3996      3DA269AB 
 3996      878F0707 
 3996      CC81DE
 3997 00c5 88D84305 		.ascii	"\210\330C\005\022D\300\027\000g\221\000!\010\244\357"
 3997      1244C017 
 3997      00679100 
 3997      2108A4EF 
 3998 00d5 92971034 		.ascii	"\222\227\0204q-\254i\026\202\010\370\01220X\250\\\314"
 3998      712DAC69 
 3998      168208F8 
 3998      0A323058 
 3998      A85CCC
 3999 00e8 D7911FB0 		.ascii	"\327\221\037\260\265\010\301\211\336\305\026\353\261"
 3999      B508C189 
 3999      DEC516EB 
 3999      B1
 4000 00f5 43590C3D 		.ascii	"CY\014=\004\217t\254<\262\231AkS\320S\003\006\224\302"
 4000      048F74AC 
 4000      3CB29941 
 4000      6B53D053 
ARM GAS  /tmp/ccBn30D0.s 			page 129


 4000      030694C2 
 4001 0109 C87FA06B 		.ascii	"\310\177\240k\371\022\201Q\200a`\254\010a\012\320\233"
 4001      F9128151 
 4001      806160AC 
 4001      08610AD0 
 4001      9B
 4002 011a 20123F0F 		.ascii	" \022?\017\254\201\204\022\303s{\010\212\015\"u\243"
 4002      AC818412 
 4002      C3737B08 
 4002      8A0D2275 
 4002      A3
 4003 012b 12F8A369 		.ascii	"\022\370\243i\031\017\216a\215r^A\016f*V\003Gg\307\267"
 4003      190F8E61 
 4003      8D725E41 
 4003      0E662A56 
 4003      034767C7 
 4004 0140 04342655 		.ascii	"\0044&U\204\257\201\265\322\347\301\005\300Re\340E\203"
 4004      84AF81B5 
 4004      D2E7C105 
 4004      C05265E0 
 4004      4583
 4005 0152 D76AD87F 		.ascii	"\327j\330\177ddg\264I\273\242\245\260$\215\325\275\341"
 4005      646467B4 
 4005      49BBA2A5 
 4005      B0248DD5 
 4005      BDE1
 4006 0164 F32F754B 		.ascii	"\363/uK\020\305b\204u#\310\017.\246\3701\262\"\\J\221"
 4006      10C56284 
 4006      7523C80F 
 4006      2EA6F831 
 4006      B2225C4A 
 4007 0179 1DBDBA36 		.ascii	"\035\275\2726Z\254\323\0259\3642d\354\206o\032RLi)\321"
 4007      5AACD315 
 4007      39F43264 
 4007      EC866F1A 
 4007      524C6929 
 4008 018e 9F51CAB7 		.ascii	"\237Q\312\267X\223H\232\331\364\320\2230[\275\027\220"
 4008      5893489A 
 4008      D9F4D093 
 4008      305BBD17 
 4008      90
 4009 019f E07B2C7E 		.ascii	"\340{,~\227bv\2253C\0143u\340\272)\242\255\375\343\327"
 4009      97627695 
 4009      33430C33 
 4009      75E0BA29 
 4009      A2ADFDE3 
 4010 01b4 22972DC1 		.ascii	"\"\227-\301\361\023\213\017\205g\000\357\323$\260\205"
 4010      F1138B0F 
 4010      856700EF 
 4010      D324B085 
 4011 01c4 B245648B 		.ascii	"\262Ed\213\211-Hb\030\330\365\323l\2000\344\260W+[\010"
 4011      892D4862 
 4011      18D8F5D3 
 4011      6C8030E4 
 4011      B0572B5B 
 4012 01d9 F153163D 		.ascii	"\361S\026=M\004-B\3101*\350/M\370\362;h\361\261\030"
 4012      4D042D42 
ARM GAS  /tmp/ccBn30D0.s 			page 130


 4012      C8312AE8 
 4012      2F4DF8F2 
 4012      3B68F1B1 
 4013 01ee B0DF64DF 		.ascii	"\260\337d\337\351\231[\001@\275\274:\177\313\002W\200"
 4013      E9995B01 
 4013      40BDBC3A 
 4013      7FCB0257 
 4013      80
 4014 01ff DC05DF68 		.ascii	"\334\005\337h_n\210Z\214@J\334\212f\020\360\261\227"
 4014      5F6E885A 
 4014      8C404ADC 
 4014      8A6610F0 
 4014      B197
 4015 0211 7221A719 		.ascii	"r!\247\031%3\214\003\\\343\233%\330\035\303\222\005"
 4015      25338C03 
 4015      5CE39B25 
 4015      D81DC392 
 4015      05
 4016 0222 13D04DB9 		.ascii	"\023\320M\271\201F\205\302$V\200\350#|\211\301\245\344"
 4016      814685C2 
 4016      245680E8 
 4016      237C89C1 
 4016      A5E4
 4017 0234 9005DDC4 		.ascii	"\220\005\335\304\000\341\000>uR\347\022\237\332\312"
 4017      00E1003E 
 4017      7552E712 
 4017      9FDACA
 4018 0243 29F5FB63 		.ascii	")\365\373c]\035\200\346\362br\306\302\031'\377\014\236"
 4018      5D1D80E6 
 4018      F26272C6 
 4018      C21927FF 
 4018      0C9E
 4019 0255 49FEF42C 		.ascii	"I\376\364,\232\306\3137\222\235\300\352\276\002\264"
 4019      9AC6CB37 
 4019      929DC0EA 
 4019      BE02B4
 4020 0264 927114A1 		.ascii	"\222q\024\241\204\303\206:\276\234\357\006t\224\303"
 4020      84C3863A 
 4020      BE9CEF06 
 4020      7494C3
 4021 0273 46E62DF0 		.ascii	"F\346-\360\003\220E\360mc\376N\012H\2650.|\204\304\230"
 4021      039045F0 
 4021      6D63FE4E 
 4021      0A48B530 
 4021      2E7C84C4 
 4022 0288 38917DCA 		.ascii	"8\221}\312S@\360\027n\002\334\340R\012o\363\375l\276"
 4022      5340F017 
 4022      6E02DCE0 
 4022      520A6FF3 
 4022      FD6CBE
 4023 029b F9A33E25 		.ascii	"\371\243>%\221\010^Of\021vm\254\357R\277\377\336L\021"
 4023      91085E4F 
 4023      6611766D 
 4023      ACEF52BF 
 4023      FFDE4C11 
 4024 02af 9F707F26 		.ascii	"\237p\177&\237W\006\317,\227\241,\356\335\035k\210\202"
 4024      9F5706CF 
ARM GAS  /tmp/ccBn30D0.s 			page 131


 4024      2C97A12C 
 4024      EEDD1D6B 
 4024      8882
 4025 02c1 E11D05DD 		.ascii	"\341\035\005\335.\335\215\034\324\014\323@\014s\004"
 4025      2EDD8D1C 
 4025      D40CD340 
 4025      0C7304
 4026 02d0 98417304 		.ascii	"\230As\004\034t\027\232:Zv\205\030\000}\311\326\225"
 4026      1C74179A 
 4026      3A5A7685 
 4026      18007DC9 
 4026      D695
 4027 02e2 0DE3630E 		.ascii	"\015\343c\016\2372\215\026\335\201\346\205\350\026\254"
 4027      9F328D16 
 4027      DD81E685 
 4027      E816AC
 4028 02f1 B0B602FF 		.ascii	"\260\266\002\377\024\331\305\322\211\304\203^H]\354"
 4028      14D9C5D2 
 4028      89C4835E 
 4028      485DEC
 4029 0300 6C4C601C 		.ascii	"lL`\034\272\3726\257\217]\310M\317M\337\324S0\207\243"
 4029      BAFA36AF 
 4029      8F5DC84D 
 4029      CF4DDFD4 
 4029      533087A3 
 4030 0314 F1AAD87B 		.ascii	"\361\252\330{o\036\353\030\303\002\212\326\307k\361"
 4030      6F1EEB18 
 4030      C3028AD6 
 4030      C76BF1
 4031 0323 39EC9480 		.ascii	"9\354\224\200\346\002\302/>7H\315\204\260\321V\310\356"
 4031      E602C22F 
 4031      3E3748CD 
 4031      84B0D156 
 4031      C8EE
 4032 0335 A1791C12 		.ascii	"\241y\034\022\333\252\353\315\013Q\341q*\343\231*_\013"
 4032      DBAAEBCD 
 4032      0B51E171 
 4032      2AE3992A 
 4032      5F0B
 4033 0347 51F44778 		.ascii	"Q\364GxD\245\225K\02133\352\333K\370\226\244\307 fY"
 4033      44A5954B 
 4033      113333EA 
 4033      DB4BF896 
 4033      A4C72066 
 4034 035c 77B72F3F 		.ascii	"w\267/?D\351\377M\343\377\202\277\244F\371:[\376\302"
 4034      44E9FF4D 
 4034      E3FF82BF 
 4034      A446F93A 
 4034      5BFEC2
 4035 036f 29226BC1 		.ascii	")\"k\301\007\337\3067\023\236\305\032\333N\264\302\206"
 4035      07DFC637 
 4035      139EC51A 
 4035      DB4EB4C2 
 4035      86
 4036 0380 5D7ED5BB 		.ascii	"]~\325\273 \236O_6\276\226~\177\327I\214\346\230\036"
 4036      209E4F5F 
 4036      36BE967E 
ARM GAS  /tmp/ccBn30D0.s 			page 132


 4036      7FD7498C 
 4036      E6981E
 4037 0393 AE53B327 		.ascii	"\256S\263'\3648\304\007O\352a87\313w\266\245\226\370"
 4037      F438C407 
 4037      4FEA6138 
 4037      37CB77B6 
 4037      A596F8
 4038 03a6 D4F34678 		.ascii	"\324\363Fx\333W0\274\021\375\340'+\251\360F\215\360"
 4038      DB5730BC 
 4038      11FDE027 
 4038      2BA9F046 
 4038      8DF0
 4039 03b8 92CCF05E 		.ascii	"\222\314\360^L\207\367\233\314\360\0321]\340\201\315"
 4039      4C87F79B 
 4039      CCF01A31 
 4039      5DE081CD 
 4040 03c8 CC66E70A 		.ascii	"\314f\347\012f3jd\363\363\013\367M\314\253%\360}\272"
 4040      66336A64 
 4040      F3F30BF7 
 4040      4DCCAB25 
 4040      F07DBA
 4041 03db 9B8927E4 		.ascii	"\233\211'\344\001H\230\033\341\374\362&\264\232\376"
 4041      0148981B 
 4041      E1FCF226 
 4041      B49AFE
 4042 03ea BDFC02FE 		.ascii	"\275\374\002\376;\200n\266/\302bT(;\334.Ev\332\352\344"
 4042      3B806EB6 
 4042      2FC26254 
 4042      283BDC2E 
 4042      4576DAEA 
 4043 03ff 37DDF606 		.ascii	"7\335\366\006\227R\347\365\310o\354/\177\247\252\332"
 4043      9752E7F5 
 4043      C86FEC2F 
 4043      7FA7AADA 
 4044 040f 566BABB3 		.ascii	"Vk\253\263+d\273\327\341Tk\252\352m\252\267Q.u8\253"
 4044      2B64BBD7 
 4044      E1546BAA 
 4044      EA6DAAB7 
 4044      512E7538 
 4045 0424 9DEF55C8 		.ascii	"\235\357U\310n\217\254ze\217j\227\355\016\345\000;T"
 4045      6E8FAC7A 
 4045      658F6A97 
 4045      ED0EE500 
 4045      3B54
 4046 0436 6C2792FE 		.ascii	"l'\222\376\364\\\272Tl{\371\225Wk\024\005\377F]\222"
 4046      F45CBA54 
 4046      6C7BF995 
 4046      576B1405 
 4046      FF465D92 
 4047 044a BD4155BD 		.ascii	"\275AU\275\365;6n\347\254\263\3276\324(\330\322\323"
 4047      F53B366E 
 4047      E7ACB3D7 
 4047      36D428D8 
 4047      D2D3
 4048 045c E8297610 		.ascii	"\350)v\020s\265\315\243\354W\235omp\304\356v\271\334"
 4048      73B5CDA3 
 4048      EC579D6F 
ARM GAS  /tmp/ccBn30D0.s 			page 133


 4048      6D70C4EE 
 4048      76B9DC
 4049 046f 75B2F2A1 		.ascii	"u\262\362\241W~\275\274L.-\253\330W!\227\272UE\336\267"
 4049      577EBDBC 
 4049      4C2E2DAB 
 4049      D8572197 
 4049      BA5545DE 
 4050 0484 DEC9E571 		.ascii	"\336\311\345qz\252\336\267\333\261\333\356\307w\251"
 4050      7AAADEB7 
 4050      DBB1DBEE 
 4050      C777A9
 4051 0493 77ABA81C 		.ascii	"w\253\250\034\373\034\330\263\253\014)\330\261\017\236"
 4051      FB1CD8B3 
 4051      AB0C29D8 
 4051      B10F9E
 4052 04a2 2A7E12BA 		.ascii	"*~\022\272^\207\252\330j\030\345\247\313*\312\013\030"
 4052      5E87AAD8 
 4052      6A18E5A7 
 4052      CB2ACA0B 
 4052      18
 4053 04b3 ED7AD5B9 		.ascii	"\355z\325\271\263\240\250\204\010*1\273\024\227[m$\377"
 4053      B3A0A884 
 4053      082A31BB 
 4053      14975B6D 
 4053      24FF
 4054 04c5 020199A0 		.ascii	"\002\001\231\240\372"
 4054      FA
 4055              		.text
 4056              		.section	.gnu.lto_chEvtWaitAll.362.cc9bb7b850bc0f1d,"e",%progbits
 4057 0000 789C8D54 		.ascii	"x\234\215T_lSU\030\377\276{n\333U\334f\242\231\011>"
 4057      5F6C5355 
 4057      18FFBE7B 
 4057      6EDB55DC 
 4057      66A29909 
 4058 0015 D0912C06 		.ascii	"\320\221,\006\203\273\323\004\367\252N\0370V\311\226"
 4058      83BBD304 
 4058      F7AA4E1F 
 4058      3056C996 
 4059 0025 3D2FDDDD 		.ascii	"=/\335\335\015-\241\355r\333\021\367\304\245\233.\216"
 4059      0D2DA1ED 
 4059      72DB11F7 
 4059      C4A59B2E 
 4059      8E
 4060 0036 87B261C6 		.ascii	"\207\262a\306\034\335\220e\220\3614G\246l\356\017\035"
 4060      1CDD9065 
 4060      90F13447 
 4060      A66CEE0F 
 4060      1D
 4061 0047 53980A0C 		.ascii	"S\230\012\014\206\374\2615\026GL\2301\243\2410\252\010"
 4061      86FCB135 
 4061      16474C98 
 4061      31A3A130 
 4061      AA08
 4062 0059 F89D732F 		.ascii	"\370\235s/mI\234\341\345\364\234\337\371\316\357\373"
 4062      6D499CE1 
 4062      E5F49CDF 
 4062      F9CEEFFB 
ARM GAS  /tmp/ccBn30D0.s 			page 134


 4063 0069 7DDFF7BB 		.ascii	"}\337\367\273\235\260\001\354@\200\367\000\000m\200"
 4063      9DB001EC 
 4063      4080F700 
 4063      006D80
 4064 0078 DD5D9D12 		.ascii	"\335]\235\022\030\206\361\246C\222\332\272\366J8\211"
 4064      1886F1A6 
 4064      4392DABA 
 4064      F64A3889 
 4065 0088 7F1D1ADA 		.ascii	"\177\035\032\332 \267w\225t\\O\272d\206\237\345\"d\334"
 4065      20B77795 
 4065      745C4FBA 
 4065      64869FE5 
 4065      2264DC
 4066 009b D3D579EB 		.ascii	"\323\325y\353\341\230LA\002@\330-1\031w\343~\026c\330"
 4066      E1984C41 
 4066      0240D82D 
 4066      311977E3 
 4066      7E1663D8 
 4067 00af CD8618A0 		.ascii	"\315\206\030\240l\355\020]\233\342\206\221\375x\177"
 4067      6CED105D 
 4067      9BE28691 
 4067      FD787F
 4068 00be 62C4111B 		.ascii	"b\304\021\033\216\313CL\202\001\012\370\012q\214\004"
 4068      8ECB434C 
 4068      82010AF8 
 4068      0A718C04 
 4069 00ce 005020FB 		.ascii	"\000P \373\000^\246\240\013\347\307\015\303\011\024"
 4069      005EA6A0 
 4069      0BE7C70D 
 4069      C30914
 4070 00dd 8127B020 		.ascii	"\201'\260 \206\200\372\27123r\007_+(8\235\034\351(\331"
 4070      8680FAB9 
 4070      32337207 
 4070      5F2B2838 
 4070      9D1CE928 
 4071 00f2 B7A76888 		.ascii	"\267\247h\2101\234\300'\030\353/\224\331\001\277A\236"
 4071      319CC027 
 4071      18EB2F94 
 4071      D901BF41 
 4071      9E
 4072 0103 07806BB2 		.ascii	"\007\200k\262\003\355\021\247\220\277\266\223\350\354"
 4072      03ED11A7 
 4072      90BFB693 
 4072      E8EC
 4073 0111 DD6A20F9 		.ascii	"\335j \371\003$\306Bb\313mw\351\3254aLd\212\211`\256"
 4073      0324C642 
 4073      62CB6D77 
 4073      E9D53461 
 4073      4C648A89 
 4074 0127 2BDBBB37 		.ascii	"+\333\2737\271\260>fp\3612\236DNe&\3038\022T\037\333"
 4074      B9B03E66 
 4074      70F1329E 
 4074      444E6526 
 4074      C3381254 
 4075 013d 6089CA8E 		.ascii	"`\211\312\216E?\235\334<\327f\314\033\271X\310\307\232"
 4075      453F9DDC 
 4075      3CD766CC 
ARM GAS  /tmp/ccBn30D0.s 			page 135


 4075      1BB958C8 
 4075      C79A
 4076 014f D5F26CE3 		.ascii	"\325\362l\343\247\373\3558K\340\014g\003\322\207\247"
 4076      A7FBED38 
 4076      4BE00C67 
 4076      03D287A7 
 4077 015f 72FAB858 		.ascii	"r\372\270X\031\277\315\211\235:\373\347L\245)W\026\241"
 4077      19BFCD89 
 4077      9D3AFBE7 
 4077      4CA52957 
 4077      16A1
 4078 0171 DF61C16D 		.ascii	"\337a\301mv\305*\305\226/e\356\027*\345\014av\310+\373"
 4078      76C52AC5 
 4078      962F65EE 
 4078      172AE50C 
 4078      6176C82B 
 4079 0186 79E26994 		.ascii	"y\342i\224e\357\304\354\370=\201\3639e?\010e<fd\321"
 4079      65EFC4EC 
 4079      F83D81F3 
 4079      39653F08 
 4079      653C6664 
 4080 019b 1637FE79 		.ascii	"\0267\376y\0245\342g\234\211\205\003\367\036J\245H\343"
 4080      1435E267 
 4080      9C898503 
 4080      F71E4AA5 
 4080      48E3
 4081 01ad B1497C61 		.ascii	"\261I|a|\221\371b\343K\021-\314\2118N\017\243\214[\307"
 4081      7C91F962 
 4081      E34B112D 
 4081      CC89384E 
 4081      0FA38C5B 
 4082 01c2 90D18803 		.ascii	"\220\321\210\003\354c\222yh\243\303\037h,\235H!\377"
 4082      EC639279 
 4082      68A3C31F 
 4082      682C9D48 
 4082      21FF
 4083 01d4 CD1C3E9A 		.ascii	"\315\034>\232\270\022C\252N\240\251+N<\215\260\202\221"
 4083      B81243AA 
 4083      4EA0A92B 
 4083      4E3C8DB0 
 4083      8291
 4084 01e6 A963C583 		.ascii	"\251c\305\203\254\3102\224]\024\336\216\022m\207\231"
 4084      ACC83294 
 4084      5D14DE8E 
 4084      126D8799 
 4085 01f6 907D946B 		.ascii	"\220}\224kp\3409\304\263\342\262\212\330\311\027Ex\036"
 4085      70E039C4 
 4085      B3E2B28A 
 4085      D8C91745 
 4085      781E
 4086 0208 FB996897 		.ascii	"\373\231h\227\2050\\ \004\301L\021I\217\036\277?\341"
 4086      85305C20 
 4086      04C14C11 
 4086      498F1EBF 
 4086      3FE1
 4087 021a A4DE9157 		.ascii	"\244\336\221W(\201\310:ii9\022\375\265\257\007\251\207"
 4087      2881C83A 
ARM GAS  /tmp/ccBn30D0.s 			page 136


 4087      69693912 
 4087      FDB5AF07 
 4087      A987
 4088 022c 02CD249C 		.ascii	"\002\315$\234Bjfy\340x\346\332\363\324\033\001_\312"
 4088      426A6679 
 4088      E078E6DA 
 4088      F3D41B01 
 4088      5FCA
 4089 023e F422C723 		.ascii	"\364\"\307#.\352\030\027'c\225\010\033\355\371:\325"
 4089      2EEA1817 
 4089      27639508 
 4089      1BEDF93A 
 4089      D5
 4090 024f 8FD4388B 		.ascii	"\217\3248\213\323\211?\"\334\302\310F\336\306\005\211"
 4090      D3893F22 
 4090      DCC2C846 
 4090      DEC60589 
 4091 025f 34965F97 		.ascii	"4\226_\227>!EN\332\312\374\033\\D\240_\274\204xQ\324"
 4091      3E21454E 
 4091      DACAFC1B 
 4091      5C44A05F 
 4091      BC847851 
 4092 0274 507E43DC 		.ascii	"P~C\334?#./\233Y\3227\007\0263E\300\247\303yo\037\211"
 4092      3F232E2F 
 4092      9B59D237 
 4092      07163345 
 4092      C0A7C379 
 4093 028b DE495488 		.ascii	"\336IT\210\014\367\022e\002\031]\272\357\246z\314\246"
 4093      0CF71265 
 4093      02195DBA 
 4093      EFA67ACC 
 4093      A6
 4094 029c 950E32B4 		.ascii	"\225\0162\264\232\306\320\354\223\331\206uT,^E\260\272"
 4094      9AC6D0EC 
 4094      93D98675 
 4094      542C5E45 
 4094      B0BA
 4095 02ae 22E135EA 		.ascii	"\"\3415\352\212D\211V\260\255\247\343\034\033d\022="
 4095      8A448956 
 4095      B0ADA7E3 
 4095      1C1B6412 
 4095      3D
 4096 02bf 1D644E58 		.ascii	"\035dNX\306\366\345\271\365\342\354\344_\026\315\216"
 4096      C6F6E5B9 
 4096      F5E2ECE4 
 4096      5F16CD8E 
 4097 02cf CD3F3AFC 		.ascii	"\315?:\3747\346fw2%\361l}\307^|\234\340fq>C~\030\317"
 4097      37E66677 
 4097      3225F16C 
 4097      7DC75E7C 
 4097      9CE06671 
 4098 02e8 628292D0 		.ascii	"b\202\222\3204\370y\270\224gM\022@\345qj\316t\221\230"
 4098      34F879B8 
 4098      94674D12 
 4098      40E5716A 
 4098      CE749198 
 4099 02fc D2D8EE02 		.ascii	"\322\330\356\0021\333\342\001\346\000\340\332Kp\335"
ARM GAS  /tmp/ccBn30D0.s 			page 137


 4099      31DBE201 
 4099      E600E0DA 
 4099      4B70DD
 4100 030b 102B15B9 		.ascii	"\020+\025\271\345'}s9eUZ6\310\330\177\325'\376JR\271"
 4100      E5277D73 
 4100      3965555A 
 4100      36C8D87F 
 4100      D527FE4A 
 4101 0321 E222BD1D 		.ascii	"\342\"\275\035\017\250\022\231g\024\245\376N'\033\275"
 4101      0FA81299 
 4101      6714A5FE 
 4101      4E271BBD 
 4102 0331 258C5FA7 		.ascii	"%\214_\247;qM\226\337L\026\212\027\251\257\346l\322"
 4102      3B714D96 
 4102      DF4C168A 
 4102      17A9AFE6 
 4102      6CD2
 4103 0343 77906C32 		.ascii	"w\220l2m\016\372P\362\2009\232\245\321\203\346`\246"
 4103      6D0EFA50 
 4103      F280399A 
 4103      A5D183E6 
 4103      60A6
 4104 0355 93E26663 		.ascii	"\223\342fcnY\372\351%\313H\335\253d\244\031\363\341"
 4104      6E59FAE9 
 4104      25CB48DD 
 4104      AB64A419 
 4104      F3E1
 4105 0367 E7AB3923 		.ascii	"\347\2539#\315ZF\202B#\235\312\033i\256\320H\226en\010"
 4105      CD5A4682 
 4105      42239DCA 
 4105      1B69AED0 
 4105      4896656E 
 4106 037c F314FAA4 		.ascii	"\363\024\372\244w\225|2k\371\344\313\305\0076\356\212"
 4106      77957C32 
 4106      6BF9E4CB 
 4106      C50736EE 
 4106      8A
 4107 038d DB18F962 		.ascii	"\333\030\371b\2135\311(C\263\231\2218?\226+\336\240"
 4107      8B35C928 
 4107      43B39991 
 4107      383F962B 
 4107      DEA0
 4108 039f 5F537C9E 		.ascii	"_S|\236\200\362NPm\361k\201pHy{[\355\373\015\215\236"
 4108      80F24E50 
 4108      6DF16B81 
 4108      7048797B 
 4108      5BEDFB0D 
 4109 03b5 9D9E80AA 		.ascii	"\235\236\200\252\301\246\260\327\247754{\364p\253R\343"
 4109      C1A6B0D7 
 4109      A7373534 
 4109      7BF470AB 
 4109      52E3
 4110 03c7 F535FA3E 		.ascii	"\3655\372>\254S\202!E\017+!]UT\257\266\213?\252T\301"
 4110      AC538221 
 4110      450F2B21 
 4110      5D5554AF 
 4110      B68B3FAA 
ARM GAS  /tmp/ccBn30D0.s 			page 138


 4111 03dd 6EEE5EC8 		.ascii	"n\356^\310C\225\236\327^\177\243I\323\252\301\256\266"
 4111      43959ED7 
 4111      5E7FA349 
 4111      D3AAC1AE 
 4111      B6
 4112 03ee E87AB8F9 		.ascii	"\350z\270\371\225\265\311|\001ugK\223F\204\241\326P"
 4112      95B5C97C 
 4112      0175674B 
 4112      934684A1 
 4112      D650
 4113 0400 A5171C8D 		.ascii	"\245\027\034\215\236\220\266M\367\275\273\306\0235\350"
 4113      9E90B64D 
 4113      F7BDBBC6 
 4113      1335E8
 4114 040f F707038A 		.ascii	"\367\007\003\212\366QXy\253\326\255\324\270\353\266"
 4114      F6515879 
 4114      ABD6ADD4 
 4114      B8EBB6
 4115 041e D6293541 		.ascii	"\326)5A]S\266>f\362\207|\241\206\355\252Jl[\376\237"
 4115      5D53B63E 
 4115      66F2877C 
 4115      A186EDAA 
 4115      4A6C5BFE 
 4116 0433 A539A853 		.ascii	"\2459\250S\335\304\263\253\372U7IP\211\207^U>\215\334"
 4116      DDC4B3AB 
 4116      FA553749 
 4116      5089875E 
 4116      553E8DDC 
 4117 0447 B057D73C 		.ascii	"\260W\327<M\\\362s\356\272Z\027\227\335\254\3736\273"
 4117      4D5CF273 
 4117      EEBA5A17 
 4117      97DDACFB 
 4117      36BB
 4118 0459 2AAA40D2 		.ascii	"*\252@\322\301\341\327\374A\275\025\376\005y-c\377"
 4118      C1E1D7FC 
 4118      41BD15FE 
 4118      05792D63 
 4118      FF
 4119              		.text
 4120              		.section	.gnu.lto_chEvtWaitOneTimeout.363.cc9bb7b850bc0f1d,"e",%progbits
 4121 0000 789C9D56 		.ascii	"x\234\235VoLSW\024\277\347\335\327\327V\306\237\015"
 4121      6F4C5357 
 4121      14BFE7DD 
 4121      D7D756C6 
 4121      9F0D
 4122 0012 C68CFB60 		.ascii	"\306\214\373`11\323Ey\272?\272/K\334\334\314L\306f$"
 4122      3131D345 
 4122      79BA3FBA 
 4122      2F4BDCDC 
 4122      CC4CC666 
 4123 0027 7C36509A 		.ascii	"|6P\232\321\305R\326\026\243\237|\026\201L\315\200\032"
 4123      D1C552D6 
 4123      16A39F7C 
 4123      16814CCD 
 4123      801A
 4124 0039 A4D52A4B 		.ascii	"\244\325*K\323\020\334>h\027\267\201\242\242\014\374"
 4124      D310DC3E 
ARM GAS  /tmp/ccBn30D0.s 			page 139


 4124      6817B781 
 4124      A2A20CFC 
 4125 0049 2F8A8A08 		.ascii	"/\212\212\010*X\246A\023\020\005\025\346\277\235{_\373"
 4125      2A58A641 
 4125      13100515 
 4125      E6BF9D7B 
 4125      5FFB
 4126 005b 5A7418E6 		.ascii	"Zt\030\346\227\313\275\347\376\316\371\235\363;\347"
 4126      97CBBDE7 
 4126      FECEF99D 
 4126      F33BE7
 4127 006a DD72DF48 		.ascii	"\335r\337H\210\013\010\361\023B`\032\001O\325&\201("
 4127      880B08F1 
 4127      1342601A 
 4127      014FD526 
 4127      8128
 4128 007c 8AB2442F 		.ascii	"\212\262D/\010%U\233\0058\014x2\211\336\312\260\272"
 4128      0825559B 
 4128      05380C78 
 4128      3289DECA 
 4128      B0BA
 4129 008e A1C2C6AA 		.ascii	"\241\302\306\252\204\362\276\036\223XZ\2254^\033\234"
 4129      84F2BE1E 
 4129      93585A95 
 4129      345E1B9C 
 4130 009e 298AE0F3 		.ascii	")\212\340\363\004\3565\206\326r7\235PV\225p~\337\335"
 4130      04EE3586 
 4130      D672379D 
 4130      50569570 
 4130      7EDFDD
 4131 00b1 14B1BC2A 		.ascii	"\024\261\274*i\317\251JY\224\330}\350\320B~\255\007"
 4131      69CFA94A 
 4131      5994D87D 
 4131      E8D0427E 
 4131      AD07
 4132 00c3 AF2790A1 		.ascii	"\257'\220\2412\030\270\343\331\320\200AeY\2427\302\006"
 4132      3218B8E3 
 4132      D9D08041 
 4132      6559A237 
 4132      C206
 4133 00d5 8D1FC87A 		.ascii	"\215\037\310z\201\212:Io0\302z\330J\375\024<4H\011\210"
 4133      818A3A49 
 4133      6F30C27A 
 4133      D84AFD14 
 4133      3C344809 
 4134 00ea 911D8069 		.ascii	"\221\035\200in\263\242\214\225n\255\017}t\244\244\364"
 4134      6EB3A28C 
 4134      956EAD0F 
 4134      7D74A4A4 
 4134      F4
 4135 00fb AB2015C8 		.ascii	"\253 \025\310.\004\374\016\260\017K\302\242(\320o\310"
 4135      2E04FC0E 
 4135      B00F4BC2 
 4135      A228D06F 
 4135      C8
 4136 010c 7B083A77 		.ascii	"{\010:w\255AQ\214\004\021\360'\304a\320\220\363\374"
 4136      AD41518C 
ARM GAS  /tmp/ccBn30D0.s 			page 140


 4136      0411F027 
 4136      C461D090 
 4136      F3FC
 4137 011e 6D86FB5E 		.ascii	"m\206\373^\305m.)WR\304 \245\3208\021Gs\266\244\253"
 4137      C56D2E29 
 4137      5752C420 
 4137      A5D03811 
 4137      4773B6A4 
 4138 0133 111D6C9D 		.ascii	"\021\035l\235\215\340\341_BO\372@\361(\300\342\036\200"
 4138      8DE0E15F 
 4138      424FFA40 
 4138      F128C0E2 
 4138      1E80
 4139 0145 09DC3975 		.ascii	"\011\3349u\351\014\354\322\300\273C\243Q\260\010\007"
 4139      E90CECD2 
 4139      C0BB43A3 
 4139      51B00807 
 4140 0155 5F00FBD2 		.ascii	"_\000\373\322%\002\207\000\232\200U@\210\016\275$\202"
 4140      25028700 
 4140      9A805540 
 4140      880EBD24 
 4140      82
 4141 0166 7B806660 		.ascii	"{\200f`!$\324\244\341\226\027Q\207\321U\210\232\374"
 4141      2124D4A4 
 4141      E1961751 
 4141      87D15588 
 4141      9AFC
 4142 0178 8F4B1EA0 		.ascii	"\217K\036\240\355\010\332(O\256\216\243Y)cM\233{\332"
 4142      ED08DA28 
 4142      4FAE8EA3 
 4142      5929634D 
 4142      9B7BDA
 4143 018b 67F89566 		.ascii	"g\370\225f\254F\007-\300b\251\204\360\027\346\240\313"
 4143      AC46072D 
 4143      C062A984 
 4143      F017E6A0 
 4143      CB
 4144 019c F1CF8CA4 		.ascii	"\361\317\214\2446\326U\361\343\201y-%\312qE\303\222"
 4144      36D655F1 
 4144      E381792D 
 4144      25CA7145 
 4144      C392
 4145 01ae 18561592 		.ascii	"\030V\025\222'\320\266S\202V4\036e\321\010&\010m\361"
 4145      27D0B653 
 4145      8256341E 
 4145      65D10826 
 4145      086DF1
 4146 01c1 09369D1E 		.ascii	"\0116\235\036m\375\341\205\014\2330\303E\004\216G3\374"
 4146      6DFDE185 
 4146      0C9B30C3 
 4146      45048E47 
 4146      33FC
 4147 01d3 FF8427D1 		.ascii	"\377\204'\321xB#<5\221\260o2\3023\257O\330\216\306\263"
 4147      7842233C 
 4147      3591B06F 
 4147      32C233AF 
 4147      4FD88EC6 
ARM GAS  /tmp/ccBn30D0.s 			page 141


 4148 01e8 1AE1398D 		.ascii	"\032\3419\215\220\365C\204\2168\366`\353\015\235J/r"
 4148      90F54384 
 4148      8E38F660 
 4148      EB0D9D4A 
 4148      2F72
 4149 01fa EC0588BB 		.ascii	"\354\005\210\273n\350\214\266K\027kW\313U\264]B\233"
 4149      6EE88CB6 
 4149      4B176B57 
 4149      CB55B45D 
 4149      429B
 4150 020c 1497DB95 		.ascii	"\024\227\333\225\306\251\34466\352\227\3402\032;\265"
 4150      C6A9E436 
 4150      36EA97E0 
 4150      321A3BB5 
 4151 021c DCBA786E 		.ascii	"\334\272xn\210a\223\263\247C\327\254<y^\2414\0373\326"
 4151      886193B3 
 4151      A743D7AC 
 4151      3C795EA1 
 4151      341F33D6 
 4152 0230 8786B73C 		.ascii	"\207\206\267<\363-\233\0018\271\222\200\213\236\262"
 4152      F32D9B01 
 4152      38B99280 
 4152      8B9EB2
 4153 023f 9DC8161D 		.ascii	"\235\310\026\035[$\266\350\331b \350\313?\215D\\\304"
 4153      5B24B6E8 
 4153      D96220E8 
 4153      CB3F8D44 
 4153      5CC4
 4154 0251 24800648 		.ascii	"$\200\006Hf\266\024\200\375\220\312vil!\244\202\262"
 4154      66B61480 
 4154      FD90CA76 
 4154      696C21A4 
 4154      82B2
 4155 0263 2F531141 		.ascii	"/S\021Ai&\244\222\012\352\241\004\017w@\011_\010{\001"
 4155      6926A492 
 4155      0AEAA104 
 4155      0F774009 
 4155      5F087B01 
 4156 0277 AB65FB91 		.ascii	"\253e\373\221\333u\335\235~@9\370Mo\247\021.\002\031"
 4156      DB75DD9D 
 4156      7E4039F8 
 4156      4D6FA711 
 4156      2E0219
 4157 028a 0277D3EE 		.ascii	"\002w\323\356\304\000M\214|\277\006\256\324F\020p[O"
 4157      C4004D8C 
 4157      7CBF06AE 
 4157      D4461070 
 4157      5B4F
 4158 029c 7999752C 		.ascii	"y\231u,_#\364\000t\363\313\005\310`\010\322ip\025vR"
 4158      5F23F400 
 4158      74F3CB05 
 4158      C86008D2 
 4158      69701576 
 4159 02b1 AE6FC422 		.ascii	"\256o\304\"\3025\264\000Q)\334\303!OuY\015\243\307\217"
 4159      C235B400 
 4159      5129DCC3 
 4159      214F7559 
ARM GAS  /tmp/ccBn30D0.s 			page 142


 4159      0DA3C78F 
 4160 02c5 081938ED 		.ascii	"\010\0318\355\245\360t\376\267+\217\3474Xq}\3736@\355"
 4160      A5F074FE 
 4160      B72B8FE7 
 4160      3458717D 
 4160      FB3640ED 
 4161 02d9 B971A4DB 		.ascii	"\271q\244\333\310\323\036\011\325\3766\322\225\212\232"
 4161      C8D31E09 
 4161      D5FE36D2 
 4161      958A9A
 4162 02e8 AA458C78 		.ascii	"\252E\214x\201\331\335&T\232%\251\203\005\0346\276\355"
 4162      81D9DD26 
 4162      549A25A9 
 4162      83051C36 
 4162      BEED
 4163 02fa 8FDE9D80 		.ascii	"\217\336\235\200\202s\330\201^#\\\001r\027\334\263\230"
 4163      8273D881 
 4163      5E235C01 
 4163      7217DCB3 
 4163      98
 4164 030b FC5704CC 		.ascii	"\374W\004\3145\343\216P\206\231%\340Vd\217i\037\020"
 4164      35E38E50 
 4164      869925E0 
 4164      56648F69 
 4164      1F10
 4165 031d FC0B3700 		.ascii	"\374\0137\000zy-\031\203\374\376\015~\331\257\262\014"
 4165      7A792D19 
 4165      83FCFE0D 
 4165      7ED9AFB2 
 4165      0C
 4166 032e EFADED18 		.ascii	"\357\255\355\030\301\006\\\346G\345\376`\305h\367l\316"
 4166      C1065CE6 
 4166      47E5FE60 
 4166      C568F76C 
 4166      CE
 4167 033f F0A83B9D 		.ascii	"\360\250;\235[B\035\325mF&+S\357vR\200BD=\021T\301T"
 4167      5B421DD5 
 4167      6D46262B 
 4167      53EF7652 
 4167      8042443D 
 4168 0357 3D98AC70 		.ascii	"=\230\254p\023HD\036\001n\241<\0022\015A\311\266\362"
 4168      1348441E 
 4168      016EA13C 
 4168      02320D41 
 4168      C9B6F2
 4169 036a F9019A8C 		.ascii	"\371\001\232\214\236\001\232\244\226\326\204\333dNs"
 4169      9E019AA4 
 4169      96D684DB 
 4169      644E73
 4170 0379 0D35BA0D 		.ascii	"\0155\272\015\033\007Zf\240\205\205\025\370{\304\332"
 4170      1B075A66 
 4170      A0858515 
 4170      F87BC4DA 
 4171 0389 4B37602C 		.ascii	"K7`,Akoox\216\212\314\013\320\024\206\244\032R\364+"
 4171      416B6F6F 
 4171      788E8ACC 
 4171      0BD01486 
ARM GAS  /tmp/ccBn30D0.s 			page 143


 4171      A41A52F4 
 4172 039e 77DDA021 		.ascii	"w\335\240!\357\205?\211\010\276}\007\012~F\225\254\266"
 4172      EF853F89 
 4172      08BE7D07 
 4172      0A7E4695 
 4172      ACB6
 4173 03b0 A7462D32 		.ascii	"\247F-2\034\332\241\226x\260\207\337\314\322\226\360"
 4173      1CDAA196 
 4173      78B087DF 
 4173      CCD296F0 
 4174 03c0 C577232D 		.ascii	"\305w#-\361<\304\226\234U\035}\017\265\226\264GZB\342"
 4174      F13CC496 
 4174      9C551D7D 
 4174      0FB596B4 
 4174      475A42E2 
 4175 03d4 5B722ED6 		.ascii	"[r.\326\222\363\361-\211\210\177\207\267!^q\357CT\274"
 4175      92F3F12D 
 4175      89887F87 
 4175      B7215E71 
 4175      EF4354BC 
 4176 03e8 3DA278C8 		.ascii	"=\242x\310S\323\226\300\364e\205\350\376~^\371\224h"
 4176      53D396C0 
 4176      F46585E8 
 4176      FE7E5EF9 
 4176      9468
 4177 03fa 853CC292 		.ascii	"\205<\302\222Q\366\355\273\337\211*=\220\030\223:6\236"
 4177      51F6EDBB 
 4177      DF892A3D 
 4177      9018933A 
 4177      369E
 4178 040c 4930886A 		.ascii	"I0\210j\343|\262s}2\023q\010\015H\253*\256\204\3071"
 4178      E37CB273 
 4178      7D321371 
 4178      080D48AB 
 4178      2AAE84C7 
 4179 0421 D23094FE 		.ascii	"\3220\224\376\374a\000\177>\331\300'\357\242zBX5)0\015"
 4179      FC61007F 
 4179      3ED9C027 
 4179      EFA27A42 
 4179      58352930 
 4180 0436 050DD237 		.ascii	"\005\015\3227\231\272=L]\201\231\337\322\324\225~\335"
 4180      99BA3D4C 
 4180      5D8199DF 
 4180      D2D4957E 
 4180      DD
 4181 0447 F4CCA4E5 		.ascii	"\364\314\244\345\364x\242\270\307_W\334\023/\211{\222"
 4181      F478A2B8 
 4181      C75F57DC 
 4181      132F897B 
 4181      92
 4182 0458 6B1527EC 		.ascii	"k\025'\354\251\230\260\247\247.\354\311\250\260\341"
 4182      A998B0A7 
 4182      A72EECC9 
 4182      A8B0E1
 4183 0467 3861F58D 		.ascii	"8a\365\215\017<Wc\302V\365\317Q\347\031\247\222\276"
 4183      0F3C5763 
 4183      C256F5CF 
ARM GAS  /tmp/ccBn30D0.s 			page 144


 4183      51E719A7 
 4183      92BE
 4184 0479 6A8A1FC4 		.ascii	"j\212\037\304O\361\247\001\232\212\370\011S\234\312"
 4184      4FF1A701 
 4184      9A8AF809 
 4184      539CCA
 4185 0488 C31BF663 		.ascii	"\303\033\366c\370\350\250\272\227\020~e\340T\325\375"
 4185      F8E8A8BA 
 4185      97107E65 
 4185      E054D5FD 
 4186 0498 EAAB8474 		.ascii	"\352\253\204t\303e\370\035\210\354\202\207CHZ\344\254"
 4186      C365F81D 
 4186      88EC8287 
 4186      43485AE4 
 4186      AC
 4187 04a9 854BE33E 		.ascii	"\205K\343>5\375\323\325\307*=@u\377\225\036\377?\342"
 4187      35FDD3D5 
 4187      C72A3D40 
 4187      75FF951E 
 4187      FF3FE2
 4188 04bc 91969BDB 		.ascii	"\221\226\233\333[\376T\010P\211\371\363\3207\361\244"
 4188      5BFE5408 
 4188      5089F9F3 
 4188      D037F1A4 
 4189 04cc 475FB471 		.ascii	"G_\264q\342M0i\224q5\012\342\325~\364O\217o\357\221"
 4189      E24D3069 
 4189      9471350A 
 4189      E2D57EF4 
 4189      4F8F6FEF 
 4190 04e1 D76DEFD1 		.ascii	"\327m\357\321\227\332\333\372b{\333b\355=6\365\366\266"
 4190      97DADBFA 
 4190      627BDB62 
 4190      ED3D36F5 
 4190      F6B6
 4191 04f3 46DABB37 		.ascii	"F\332\2737\354[\306\273\373\017\030\360\351\020\256"
 4191      EC5BC6BB 
 4191      FB0F18F0 
 4191      E910AE
 4192 0502 57B761D1 		.ascii	"W\267a\321\251\372\237|m\024;b\214\3756\334g\035\011"
 4192      A9FA9F7C 
 4192      6D143B62 
 4192      8CFD36DC 
 4192      671D09
 4193 0515 507C6E11 		.ascii	"P|n\021k\204\001\020w\325\224U\360\267z\000\244[5L6"
 4193      6B840110 
 4193      77D59455 
 4193      F0B77A00 
 4193      A45B354C 
 4194 052a C390AF2C 		.ascii	"\303\220\257,\021\177_@us7\263\321\317\220\013\3546"
 4194      117F5F40 
 4194      757337B3 
 4194      D1CF900B 
 4194      EC36
 4195 053c 8B6CCD2D 		.ascii	"\213l\315-\224\277\260\233\213m\226B\227S\376|\305\312"
 4195      94BFB09B 
 4195      8B6D9642 
 4195      9753FE7C 
ARM GAS  /tmp/ccBn30D0.s 			page 145


 4195      C5CA
 4196 054e AF57E5E5 		.ascii	"\257W\345\345\256\316-4[\310\\W\201\325\221\277\252"
 4196      AECE2D34 
 4196      5BC85C57 
 4196      81D591BF 
 4196      AA
 4197 055f 28D7E15A 		.ascii	"(\327\341Z'/-\260\346Y\277\315\226\355N\331\341\222"
 4197      272F2DB0 
 4197      E659BFCD 
 4197      96ED4ED9 
 4197      E192
 4198 0571 9D0EB36C 		.ascii	"\235\016\263l.\260\254aN\231f\"\251\273\264\230)3w\341"
 4198      2EB0AC61 
 4198      4E996622 
 4198      A9BBB498 
 4198      293377E1 
 4199 0585 078BF22D 		.ascii	"\007\213\362-\226\305D\357\262\332,\366b\027\330$s\261"
 4199      96C544EF 
 4199      B2DA2CF6 
 4199      6217D824 
 4199      73B1
 4200 0597 C3E12A7A 		.ascii	"\303\341*z\177\362\260\326B\363\352\342|\013\206v\256"
 4200      7FF2B0D6 
 4200      42F3EAE2 
 4200      7C0B8676 
 4200      AE
 4201 05a8 73661610 		.ascii	"sf\026\020}^\256\323\262\302a\375r\022\027\263\335f"
 4201      7D5EAED3 
 4201      B2C261FD 
 4201      721217B3 
 4201      DD66
 4202 05ba B317CA96 		.ascii	"\263\027\312\226\265.\371\263\225Y\362\322\254\354\345"
 4202      B52EF9B3 
 4202      9559F2D2 
 4202      ACECE5
 4203 05c9 D9F252BB 		.ascii	"\331\362R\273\303\"/\217F\2629\255\316U\337\231\315"
 4203      C3222F8F 
 4203      46B239AD 
 4203      CE55DF99 
 4203      CD
 4204 05da 18EDE357 		.ascii	"\030\355\343WG)\262;P\001\214\263f\361\374,L\301\214"
 4204      4729B23B 
 4204      50018CB3 
 4204      66F1FC2C 
 4204      4CC18C
 4205 05ed 71D02B73 		.ascii	"q\320+s*\351\272\012\034\226\334|\226rJV\366J\023K\273"
 4205      2AE9BA0A 
 4205      1C96DC7C 
 4205      96724A56 
 4205      F64A134B 
 4206 0602 C8619D67 		.ascii	"\310a\235g\232\275\200\010\016\242\267Ylv\307:\362/"
 4206      9ABD8008 
 4206      0EA2B759 
 4206      6C76C73A 
 4206      F22F
 4207 0614 780AF911 		.ascii	"x\012\371\021"
 4208              		.text
ARM GAS  /tmp/ccBn30D0.s 			page 146


 4209              		.section	.gnu.lto_chEvtWaitAnyTimeout.364.cc9bb7b850bc0f1d,"e",%progbits
 4210 0000 789C9D56 		.ascii	"x\234\235VkL\024W\024\276g\356\354\314\256\310\243\264"
 4210      6B4C1457 
 4210      14BE67EE 
 4210      ECCCAEC8 
 4210      A3B4
 4211 0012 5A627F08 		.ascii	"Zb\177\010&\246\265Q\306\326V\373\247\211\255\255\251"
 4211      26A6B551 
 4211      C6D656FB 
 4211      A789ADAD 
 4211      A9
 4212 0023 49698D84 		.ascii	"Ii\215\204\337\006\226M\331\306e\351\356b\364\227\343"
 4212      DF06964D 
 4212      D9C665E9 
 4212      EE62F497 
 4212      E3
 4213 0034 2290AA11 		.ascii	"\"\220\252\021XS\\t\221fC\214\246&:E*\012*B]\361\211"
 4213      58535C74 
 4213      9166438C 
 4213      A6263A45 
 4213      2A0A2A42 
 4214 004b EF2A6841 		.ascii	"\357*hA\254\004L\320\255\370\200\342\243\347\336Yf\027"
 4214      AC044CD0 
 4214      ADF880E2 
 4214      A3E7DE59 
 4214      6617
 4215 005d 2D86FAE7 		.ascii	"-\206\372\347\356\235s\277{\276\357|\347\316\235m\260"
 4215      EE9D73BF 
 4215      7BBEEF7C 
 4215      E7CE9D6D 
 4215      B0
 4216 006e 10E20142 		.ascii	"\020\342\001B\002\204\020\230D\300W\261^ \252\252.\224"
 4216      02841098 
 4216      44C057B1 
 4216      5E20AAAA 
 4216      2E94
 4217 0080 05A1A862 		.ascii	"\005\241\250b\203\000G\000\237RE\177y\217>\241\302\272"
 4217      83004700 
 4217      9F52457F 
 4217      798F3EA1 
 4217      C2BA
 4218 0092 8AB8D2EE 		.ascii	"\212\270\322\356\316T\261\270\"a\270\246v\272(B\225"
 4218      CE54B1B8 
 4218      2261B8A6 
 4218      76BA2842 
 4218      95
 4219 00a3 2FF8F7C6 		.ascii	"/\370\367\306\272U|\233I(\251\210;\277\357^\222XZ\221"
 4219      BA557C9B 
 4219      4928A988 
 4219      3BBFEF5E 
 4219      92585A91 
 4220 00b7 B0E754B9 		.ascii	"\260\347T\271\"Jl]\253\232\307\227e\360\373\202i:\203"
 4220      224A6C5D 
 4220      AB9AC797 
 4220      65F0FB82 
 4220      693A83
 4221 00ca 996FDC59 		.ascii	"\231o\334Y\327g\326Y\026\312\026Xk\360\003Y#P\321$\311"
ARM GAS  /tmp/ccBn30D0.s 			page 147


 4221      D767D659 
 4221      16CA1658 
 4221      6BF00359 
 4221      2350D124 
 4222 00df 660BAC81 		.ascii	"f\013\254\201\3154@\301Gk)\00112\003H\235\325\254\252"
 4222      CD3440C1 
 4222      476B2901 
 4222      31320348 
 4222      9DD5ACAA 
 4223 00f3 43C59B47 		.ascii	"C\305\233G\264\217\216\026\025\177UK\005\262\035\001"
 4223      B48F8E16 
 4223      157F554B 
 4223      05B21D01 
 4224 0103 F500FBB0 		.ascii	"\365\000\373\260$,\212\002\375\206\274\213\240s7\032"
 4224      242C8A02 
 4224      FD86BC8B 
 4224      A073371A 
 4225 0113 54D54210 		.ascii	"T\325B\020\001\373!\006\203\201\254\306)\014\367\275"
 4225      01FB2106 
 4225      8381ACC6 
 4225      290CF7BD 
 4226 0123 8EDB5054 		.ascii	"\216\333PT\252&\211\265\224\302\201\2618\232\3256E\317"
 4226      AA2689B5 
 4226      94C281B1 
 4226      389AD536 
 4226      45CF
 4227 0135 E862E34C 		.ascii	"\350b\343L\004\207\237jO\272A\365\251\300\3626\302\030"
 4227      04879F6A 
 4227      4FBA41F5 
 4227      A9C0F236 
 4227      C218
 4228 0147 EEAC1E9E 		.ascii	"\356\254\036\236\326c\200\237h\017F\301\"\034z\001|"
 4228      D663809F 
 4228      680F46C1 
 4228      221C7A01 
 4228      7C
 4229 0158 798A44E0 		.ascii	"y\212D\3400@\023\260\012\0101\341.\211\340\034\240\031"
 4229      304013B0 
 4229      0A0831E1 
 4229      2E89E01C 
 4229      A019
 4230 016a 580A093D 		.ascii	"X\012\011=ih\257B\324\021\334*\214\206\002#E\0171v\024"
 4230      6968AF42 
 4230      D411DC2A 
 4230      8C860223 
 4230      450F3176 
 4231 017f 63948BDB 		.ascii	"c\224\213\333\301\321\254\224\241\246\015\235\355\323"
 4231      C1D1AC94 
 4231      A1A60D9D 
 4231      EDD3
 4232 018d 026A3356 		.ascii	"\002j3Vc\202V`\271tB\370\0355\230\262\002\323#\322\206"
 4232      63825660 
 4232      B97442F8 
 4232      1D3598B2 
 4232      02D323D2 
 4233 01a2 AE96FDD8 		.ascii	"\256\226\375\3308\273\265HmS\015,\211bu#\271\200P\265"
 4233      38BBB548 
ARM GAS  /tmp/ccBn30D0.s 			page 148


 4233      6D530D2C 
 4233      89627523 
 4233      B98050B5 
 4234 01b6 04C730D8 		.ascii	"\004\3070\330\302\262\021\024\010\241X\201M\247\273"
 4234      C2B21114 
 4234      08A15881 
 4234      4DA7BB
 4235 01c5 4FFFF082 		.ascii	"O\377\360\202\302&T8\237@\333\250\302\377Ox\022\203"
 4235      C2265438 
 4235      9F40DBA8 
 4235      C2FF4F78 
 4235      1283
 4236 01d7 270CC253 		.ascii	"'\014\302Sc\011w\217Gx\346\365\011\3331x\326 <g\020"
 4236      6309778F 
 4236      4778E6F5 
 4236      09DB3178 
 4236      D6203C67 
 4237 01ec B27E8870 		.ascii	"\262~\210p!\206=|\374\246I\247\0279\366\"\304,\017="
 4237      21863D7C 
 4237      FCA649A7 
 4237      1739F622 
 4237      C42C0F3D 
 4238 0200 F747DA65 		.ascii	"\367G\332e\212\266\253\365:\306.cL\212\321v\355\300"
 4238      8AB6ABF5 
 4238      3AC62E63 
 4238      4C8AD176 
 4238      EDC0
 4239 0212 44B40D3D 		.ascii	"D\264\015=\010H\360\007\006\257\030\332\256rm\210a'"
 4239      0848F007 
 4239      06AF18DA 
 4239      AE726D88 
 4239      6127
 4240 0224 67CF0553 		.ascii	"g\317\005S\263\372\344y\231\332|\3342\242\2057n\257"
 4240      B3FAE479 
 4240      99DA7CDC 
 4240      32A28537 
 4240      6EAF
 4241 0236 5F9C0278 		.ascii	"_\234\002xr%\001\007\231\262\231\310\006\023\033$6\310"
 4241      72250107 
 4241      99B299C8 
 4241      06131B24 
 4241      36C8
 4242 0248 04B799D9 		.ascii	"\004\267\231\331K0\031\0071\036\240\001\022X,\021\340"
 4242      4B301907 
 4242      311EA001 
 4242      12582C11 
 4242      E0
 4243 0259 2024B319 		.ascii	" $\263\031!e\224\275\217\252\010j3!\345T\320\037\212"
 4243      216594BD 
 4243      8FAA086A 
 4243      3321E554 
 4243      D01F8A
 4244 026c F0E10EA8 		.ascii	"\360\341\016\250=\303\267\374\2005\262\371`\377\216"
 4244      3DC3B7FC 
 4244      8035B2F9 
 4244      60FF8E
 4245 027b 8E2B0140 		.ascii	"\216+\001@\023\370J\327\025\013\\\002r\027\274M\273"
ARM GAS  /tmp/ccBn30D0.s 			page 149


 4245      13F84AD7 
 4245      150B5C02 
 4245      7217BC4D 
 4245      BB
 4246 028c E2837472 		.ascii	"\342\203tr\344\2555s\177\326\201\200\323\235\224\027"
 4246      E4AD3573 
 4246      7FD68180 
 4246      D39D9417 
 4247 029c B783A9B4 		.ascii	"\267\203\251\264@'@\007_\234\213\014\346Z:\011\256C"
 4247      40274007 
 4247      5F9C8B0C 
 4247      E65A3A09 
 4247      AE43
 4248 02ae 35E5AE46 		.ascii	"5\345\256F\"\"\334\300\010\020\235\302\033\326ZjJ\266"
 4248      2222DCC0 
 4248      08109DC2 
 4248      1BD65A6A 
 4248      4AB6
 4249 02c0 307A7C75 		.ascii	"0z|u\220\201\323\216\334J\341\277\317\254\\\323@\331"
 4249      9081D38E 
 4249      DC4AE1BF 
 4249      CFAC5CD3 
 4249      40D9
 4250 02d2 9F5B2B01 		.ascii	"\237[+\001\035\347\301\301\016\013\227=\250\325\374"
 4250      1DE7C1C1 
 4250      0E0B973D 
 4250      A8D5FC
 4251 02e1 3A78F54D 		.ascii	":x\365Mt\222\207/\016\372\201\305\275\251\350/\023i"
 4251      7492872F 
 4251      0EFA81C5 
 4251      BDA9E82F 
 4251      1369
 4252 02f3 82B91C36 		.ascii	"\202\271\0346\\\371[W5\240\315\034\326\330e\201k@\356"
 4252      5CF95B57 
 4252      35A0CD1C 
 4252      D6D86581 
 4252      6B40EE
 4253 0306 81770633 		.ascii	"\201w\0063\375\232\200Z\323\356\010%\250,\016\247\""
 4253      FD9A805A 
 4253      D3EE0825 
 4253      A82C0EA7 
 4253      22
 4254 0317 BB42BB81 		.ascii	"\273B\273\201\340/\334\004\350\342\265\244\015\360\365"
 4254      E02FDC04 
 4254      E8E2B5A4 
 4254      0DF0F5
 4255 0326 C97CF196 		.ascii	"\311|\361\226\316\022\336[sa\320LX/Y\336\373\003e\017"
 4255      CE12DE5B 
 4255      7361D04C 
 4255      582F59DE 
 4255      FB03650F 
 4256 033a 3A667286 		.ascii	":fr\206\307\035SyD\363j!\013\263\225\271\327\237\020"
 4256      C71D5379 
 4256      44F36A21 
 4256      0BB395B9 
 4256      D79F10
 4257 034d A410714F 		.ascii	"\244\020qO\004\3350\335\017f+\334\006\022\261G\200^"
ARM GAS  /tmp/ccBn30D0.s 			page 150


 4257      04DD30DD 
 4257      0F662BDC 
 4257      0612B147 
 4257      805E
 4258 035f B44740A6 		.ascii	"\264G@\246\273PTY:'H\331\316 \215\327Kk\302i\002\247"
 4258      BB505459 
 4258      3A2748D9 
 4258      CE208DD7 
 4258      4B6BC269 
 4259 0375 D9DC9B42 		.ascii	"\331\334\233B\372a]_\3534\214\260\264\002\277\205X{"
 4259      FA615D5F 
 4259      EB348CB0 
 4259      B402BF85 
 4259      587B
 4260 0387 E95ACC25 		.ascii	"\351Z\314%\030\355\375\251\367=\035\231\023\244\211"
 4260      18EDFDA9 
 4260      F73D1D99 
 4260      13A489
 4261 0396 0C490DA4 		.ascii	"\014I\015\244\030P\357y\301@n\351\375$b\370\326mh\370"
 4261      1850EF79 
 4261      C1406EE9 
 4261      FD2462F8 
 4261      D66D68F8 
 4262 03aa 19DDB29A 		.ascii	"\031\335\262\232\316-z\221=\3326\275\304C\235|e\206"
 4262      CE2D7A91 
 4262      3DDA36BD 
 4262      C4439D7C 
 4262      6586
 4263 03bc 31F45C7A 		.ascii	"1\364\\z'\322\022\337#l\311Y}c\325#\243%\355\221\226"
 4263      27D212DF 
 4263      236CC959 
 4263      7D63D523 
 4263      A325ED91 
 4264 03d1 90D8969C 		.ascii	"\220\330\226\234\213\266\344|lK\"\346\337\341m\210u"
 4264      8BB6E47C 
 4264      6C4B22E6 
 4264      DFE16D88 
 4264      75
 4265 03e2 DCFF081D 		.ascii	"\334\377\010\035o\2178\256\265h\2418\346/+\304\364\327"
 4265      6F8F38AE 
 4265      B568A138 
 4265      E62F2BC4 
 4265      F4D7
 4266 03f4 F3F2A7C4 		.ascii	"\363\362\247\304(\244\032KF\333\267\356z{\324\351\276"
 4266      28A41A4B 
 4266      46DBB7EE 
 4266      7A7BD4E9 
 4266      BE
 4267 0405 F8A8D5D1 		.ascii	"\370\250\325\321\343\231\000\003\3506\236O\366\2743"
 4267      E3990003 
 4267      E8369E4F 
 4267      F6BC33
 4268 0414 91997817 		.ascii	"\221\231x\027\003H\253;\216\305c\2460\024\377</\210"
 4268      0348AB3B 
 4268      8EC563A6 
 4268      3014FF3C 
 4268      2F88
ARM GAS  /tmp/ccBn30D0.s 			page 151


 4269 0426 1F4D76E0 		.ascii	"\037Mv\340\023\267S\231\020VM\022LBCk\351\033\314\335"
 4269      13B75399 
 4269      10564D12 
 4269      4C42436B 
 4269      E91BCCDD 
 4270 043a 4EE6AEC0 		.ascii	"N\346\256\300\302\311\206\273\322/\353\237\245\032\232"
 4270      C2C986BB 
 4270      D22FEB9F 
 4270      A51A9A
 4271 0449 B4B1E6B6 		.ascii	"\264\261\346\266\275\256\271'^2\367$\367*\306\330SQ"
 4271      BDAEB927 
 4271      5E32F724 
 4271      F72AC6D8 
 4271      5351
 4272 045b 634F4FDC 		.ascii	"cOO\334\330\223\243\306\372\352\242\306\312\007\036"
 4272      D893A3C6 
 4272      FAEAA2C6 
 4272      CA071E
 4273 046a FAAE478D 		.ascii	"\372\256G\215\335\257\033\333\324\237\030\244\364U\247"
 4273      DDAF1BDB 
 4273      D49F18A4 
 4273      F455A7
 4274 0479 F861EC29 		.ascii	"\370a\354)\3764H\223\021?\346\024'\363\364\346\203\230"
 4274      FE344893 
 4274      113FE614 
 4274      27F3F4E6 
 4274      8398
 4275 048b 7EF4A87A 		.ascii	"~\364\250z\027\022\276$\353\352{\365[\211_>S\203T\374"
 4275      1712BE24 
 4275      EBEA7BF5 
 4275      5B895F3E 
 4275      538354FC 
 4276 049f 2F3AFE6F 		.ascii	"/:\376o\340\261\301\345\365\227>\025\202\324\304rp\346"
 4276      E0B1C1E5 
 4276      F5973E15 
 4276      82D4C472 
 4276      70E6
 4277 04b1 DBF824E1 		.ascii	"\333\370$\341^\214\261\345\360z\0307\313\260\236\005"
 4277      5E8CB1E5 
 4277      F07A1837 
 4277      CBB09E05 
 4278 04c1 F17A1B7A 		.ascii	"\361z\033zSb\333u\364u\333\325\362R\273\216\275\330"
 4278      5362DB75 
 4278      F475DBD5 
 4278      F252BB8E 
 4278      BDD8
 4279 04d3 AE50B45D 		.ascii	"\256P\264]\307'\336\256c\221v\355\365\326/\346\335\372"
 4279      C727DEAE 
 4279      639176ED 
 4279      F5D62FE6 
 4279      DDFA
 4280 04e5 0764BC0A 		.ascii	"\007d\274\012\204MZ\010\213N\226\017\327\205(:l\211"
 4280      844D5A08 
 4280      8B4E960F 
 4280      D785283A 
 4280      6C89
 4281 04f7 DEF5F799 		.ascii	"\336\365\367\231\303Aj&\014k\206>\020\317j%e\374\356"
ARM GAS  /tmp/ccBn30D0.s 			page 152


 4281      C3416A26 
 4281      0C6B863E 
 4281      10CF6A25 
 4281      65FCEE
 4282 050a ED03A9B2 		.ascii	"\355\003\251\262\016\215\222\315\233\352K\342\361{\001"
 4282      0E8D92CD 
 4282      9BEA4BE2 
 4282      F17B01
 4283 0519 FA366F33 		.ascii	"\3726o3;\312iJ\236\323aS\354\331\371\312\027Nk\241\303"
 4283      3BCA694A 
 4283      9ED36153 
 4283      ECD9F9CA 
 4283      174E6BA1 
 4284 052e 96EF712B 		.ascii	"\226\357q+\237/]\366\365\362\234\354\025\331\371V\033"
 4284      9F2F5DF6 
 4284      F5F29CEC 
 4284      15D9F956 
 4284      1B
 4285 053f 99E5C9B3 		.ascii	"\231\345\311\263\273r\227\027d\273<\253\225Ey\366\034"
 4285      BB729717 
 4285      64BB3CAB 
 4285      954579F6 
 4285      1C
 4286 0550 FBB7998A 		.ascii	"\373\267\231\212\323\255\270<\212\333eU\254y\266\225"
 4286      D3ADB83C 
 4286      8ADB6555 
 4286      AC79B695 
 4287 0560 6C53BA95 		.ascii	"lS\272\225H\372\354\255h(=\373\203\017\347\347\332l"
 4287      48FAECAD 
 4287      68283DFB 
 4287      830FE7E7 
 4287      DA6C
 4288 0572 0B88ECB1 		.ascii	"\013\210\354\261;l\316B\0178$k\241\313\345)x\177\374"
 4288      3B6CCE42 
 4288      0F38246B 
 4288      A1CBE529 
 4288      787FFC
 4289 0585 B4F67CEB 		.ascii	"\264\366|\353\212\302\\\033\246v\257v\247\347\0219'"
 4289      8AC25C1B 
 4289      A676AF76 
 4289      A7E71139 
 4289      27
 4290 0596 DB6D5BEA 		.ascii	"\333m[\352\262\1779\316\026\253\323\341p\346+\266U\036"
 4290      B27F39CE 
 4290      16ABD3E1 
 4290      70E62BB6 
 4290      551E
 4291 05a8 E5B36519 		.ascii	"\345\263e\031\312\242\214\314%\231\312\"\247\313\246"
 4291      CAA28CCC 
 4291      2599CA22 
 4291      A7CBA6
 4292 05b7 2C19CDE4 		.ascii	",\031\315\344p\333\335\313\277\263Z1\333\307\257\316"
 4292      70DBDDCB 
 4292      BFB35A31 
 4292      DBC7AFCE 
 4293 05c7 52E074A1 		.ascii	"R\340t\241\003\230g\345\2029\031(\301\212ypW\372D\344"
 4293      039867E5 
ARM GAS  /tmp/ccBn30D0.s 			page 153


 4293      82391928 
 4293      C18A7970 
 4293      57FA44E4 
 4294 05db 7AF25CB6 		.ascii	"z\362\\\266\354\\&9)#sY*\223]\340\262\317N\2359\227"
 4294      EC5C2639 
 4294      29237359 
 4294      2A935DE0 
 4294      B2CF4E9D 
 4295 05f1 082E223B 		.ascii	"\010.\";l\016\247k5\371\027v'\347i"
 4295      6C0EA76B 
 4295      35F91776 
 4295      27E769
 4296              		.text
 4297              		.section	.gnu.lto_chEvtWaitAllTimeout.365.cc9bb7b850bc0f1d,"e",%progbits
 4298 0000 789C9D95 		.ascii	"x\234\235\225\177lSU\024\307\357y\367\365uu\033\314"
 4298      7F6C5355 
 4298      14C7EF79 
 4298      F7F57575 
 4298      1BCC
 4299 0012 1F43837F 		.ascii	"\037C\203\1770L\210\202\270\207\242\340\237(J$qJX\366"
 4299      304C8882 
 4299      B887A2E0 
 4299      9F284A24 
 4299      714A58F6 
 4300 0026 37E9BA17 		.ascii	"7\351\272\027[C\327\371\332\021\370\213g\313\266\010"
 4300      5B43D7F9 
 4300      DA11F88B 
 4300      67CBB608 
 4301 0036 2665C38C 		.ascii	"&e\303\214\001e\323Z\221%&8\006:\354\012\305\302\030"
 4301      0165D35A 
 4301      91252638 
 4301      063AEC0A 
 4301      C5C218
 4302 0049 B20D18C8 		.ascii	"\262\015\030\310\217\025\030\233\222\0150c\2601\207"
 4302      8F15189B 
 4302      920D3063 
 4302      B03187
 4303 0058 C11FE7DE 		.ascii	"\301\037\347\336\327\276v\340\314\344\237\333{\317="
 4303      D7BE76E0 
 4303      CCE49FDB 
 4303      7BCF3D
 4304 0067 F79CEFF9 		.ascii	"\367\234\357\371\334\363n\343\031\204\250@\310FB\010"
 4304      DCF36EE3 
 4304      1984A840 
 4304      C8464208 
 4305 0077 5808D454 		.ascii	"X\010\324To\024\210\246iK\314\202\340\253\336$@\004"
 4305      6F1488A6 
 4305      694BCC82 
 4305      E0ABDE24 
 4305      4004
 4306 0089 3EBB543F 		.ascii	">\273T?O\254\252\236\366\333\227}\271\"\0256TgV]\215"
 4306      4FACAA9E 
 4306      F6DB977D 
 4306      B9221536 
 4306      5467565D 
 4307 009e E78915D5 		.ascii	"\347\211\025\325\323\3565\204f\211\"\324\325\004o\307"
 4307      D3EE3584 
ARM GAS  /tmp/ccBn30D0.s 			page 154


 4307      668922D4 
 4307      D5046FC7 
 4308 00ae 9BD7F253 		.ascii	"\233\327\362S&\241\262:\363\364\276[9\354\304\236\023"
 4308      26A1B23A 
 4308      F3F4BE5B 
 4308      39ECC49E 
 4308      13
 4309 00bf 9B655162 		.ascii	"\233eQb\373M\203\013\371\266\231;\0175\333\371*\003"
 4309      FB4D830B 
 4309      F9B6993B 
 4309      0F35DBF9 
 4309      2A03
 4310 00d1 3E36D201 		.ascii	">6\322\001Y/P\321$\241q=l\241\001\01254D\011\210\211"
 4310      592F50D1 
 4310      24A1713D 
 4310      6CA1010A 
 4310      35344409 
 4311 00e7 1940DEDC 		.ascii	"\031@\336\334\250\246\215Wl\351h~\365\260\257\342\235"
 4311      A8A68D57 
 4311      6CE9687E 
 4311      F5B0AFE2 
 4311      9D
 4312 00f8 1015483D 		.ascii	"\020\025H=:\354\007\330\207\005\020\202\216\364=\362"
 4312      3AEC07D8 
 4312      87051082 
 4312      8EF43DF2 
 4313 0108 3C3A9DBA 		.ascii	"<:\235\272\334\242i\026\202\036\360=\244\371\240\241"
 4313      DCA26916 
 4313      821EF03D 
 4313      A4F9A0A1 
 4314 0118 C89BCBFC 		.ascii	"\310\233\313\374>\324\3756\371\252\264\0341D)\034\230"
 4314      3ED4FD36 
 4314      F9AAB41C 
 4314      3144291C 
 4314      98
 4315 0129 E8478BFC 		.ascii	"\350G\213\374\271zD\225\215s\320y\270\263y\364*h5\032"
 4315      B97A4495 
 4315      8D73D079 
 4315      B8B379F4 
 4315      2A68351A 
 4316 013d 84A80861 		.ascii	"\204\250\010a\230\220\273(\220+\021h\005\246\210\020"
 4316      9890BB28 
 4316      902B1168 
 4316      05A68810 
 4317 014d 131E9108 		.ascii	"\023\036\221\010\316\001\016\002;/a\211-c\333\320%\202"
 4317      CE010E02 
 4317      3B2F6189 
 4317      2D63DBD0 
 4317      2582
 4318 015f E784A429 		.ascii	"\347\204\244)p\317w\027m\207\320Fy\262\020\367f\322"
 4318      70CF7717 
 4318      6D87D046 
 4318      79B210F7 
 4318      66D2
 4319 0171 C65B36C5 		.ascii	"\306[6\305O\316\014hQTg\202\303\300b\351\331\340G\024"
 4319      4FCE0C68 
 4319      51546782 
ARM GAS  /tmp/ccBn30D0.s 			page 155


 4319      C3C062E9 
 4319      D9E04714 
 4320 0185 602A0ACC 		.ascii	"`*\012\314J\350\032?\353\377$<?\346\323\3325\303\227"
 4320      4AE81A3F 
 4320      EBFF243C 
 4320      3FE6D3DA 
 4320      35C397
 4321 0198 A47C7530 		.ascii	"\244|u0\\@\333N\011bh\214\262h\004\005\302\221t\201"
 4321      5C40DB4E 
 4321      0962688C 
 4321      B2680405 
 4321      C2917481 
 4322 01ac AD1DF7BB 		.ascii	"\255\035\367\273>z@a+*\\D\240-\251\360\377'lG\3431#"
 4322      3E7A4061 
 4322      2B2A5C44 
 4322      A02DA9F0 
 4322      FF276C47 
 4323 01c3 E1F18909 		.ascii	"\341\361\211\011\007'Kx\342\321\023v\242\261\303H\330"
 4323      07274B78 
 4323      E2D11376 
 4323      A2B1C348 
 4323      D8
 4324 01d4 652464F7 		.ascii	"e$d\367!\302\251\264\354\373\272\372Lzz\221\373\236"
 4324      21C2A9B4 
 4324      ECFBBAFA 
 4324      4C7A7A91 
 4324      FB9E
 4325 01e6 86B4EDF1 		.ascii	"\206\264\355\361\201\344u\231R\327\025\273\204\2663"
 4325      81E47599 
 4325      52D715BB 
 4325      84B633
 4326 01f5 6893D2B4 		.ascii	"h\223\322\264]<0\025m\343\243\001\011~F\343YC\3339\256"
 4326      5D3C3015 
 4326      6DE3A301 
 4326      097E46E3 
 4326      5943DB39 
 4327 020a 8DF9ECE9 		.ascii	"\215\371\354\3516E\265\373\177\373\265\3501KG\363\360"
 4327      3645B5FB 
 4327      7FFBB5E8 
 4327      314B47F3 
 4327      F0
 4328 021b A77F4596 		.ascii	"\247\177E\226\345\002\266\241$\260\201\342`\026\331"
 4328      E502B6A1 
 4328      24B081E2 
 4328      6016D9
 4329 022a CCC40689 		.ascii	"\314\304\006\211\015f\326\314\2318\210Y\000-\220\015"
 4329      0D66D6CC 
 4329      99388859 
 4329      002D900D 
 4330 023a F00306F2 		.ascii	"\360\003\006\362S\3661i\"hQB6SA_\370pq\003\264\376\035"
 4330      53F63169 
 4330      22685142 
 4330      3653415F 
 4330      F8707103 
 4331 0251 03758015 		.ascii	"\003u\200\025\261\371H\337\256\236s\001\300\222\371"
 4331      B1F948DF 
 4331      AE9E7301 
ARM GAS  /tmp/ccBn30D0.s 			page 156


 4331      C092F9
 4332 0260 4EEF390B 		.ascii	"N\3579\013t\003\031\002okcv\220f&\276\271\014Nc\003"
 4332      74031902 
 4332      6F6B6376 
 4332      906626BE 
 4332      B90C4E63 
 4333 0275 0838DD4D 		.ascii	"\0108\335My)\273\230,\013\\\004\270\3007\027`\206\214"
 4333      7929BB98 
 4333      2C0B5C04 
 4333      B8C03717 
 4333      60868C
 4334 0288 107D0C7A 		.ascii	"\020}\014z`'\345\014\023\026\021\342h\001\242\247\360"
 4334      6027E50C 
 4334      131611E2 
 4334      6801A2A7 
 4334      F0
 4335 0299 0E37751F 		.ascii	"\0167u\037\250\334\312\322\343W\202\031x\332\206\201"
 4335      A8DCCAD2 
 4335      E3578219 
 4335      78DA8681 
 4336 02a9 67B8986B 		.ascii	"g\270\230k\376+\333k\001\301r\353H\217\205\353\035i"
 4336      FE2BDB6B 
 4336      01C172EB 
 4336      488F85EB 
 4336      1D69
 4337 02bb 6CD83B72 		.ascii	"l\330;r\341I\004\306\315gF\352\200\331\275y\210\221"
 4337      E14904C6 
 4337      CD6746EA 
 4337      80D9BD79 
 4337      8891
 4338 02cd A933C102 		.ascii	"\2513\301\002\356v\273\366\273\336\235\2004\271[\270"
 4338      EE76BBF6 
 4338      BBDE9D80 
 4338      34B95BB8 
 4339 02dd D702E781 		.ascii	"\327\002\347\201\334\002\357s\214\355y\001E\316\036"
 4339      DC02EF73 
 4339      8CED7901 
 4339      45CE1E
 4340 02ec 142A5112 		.ascii	"\024*Q\022+Kd\357\334\025 \370\013\275\000\227y\021"
 4340      2B4B64EF 
 4340      DC1520F8 
 4340      0BBD0097 
 4340      7911
 4341 02fe B36FF2FD 		.ascii	"\263o\362\375,\276\331\247g\031\336\335\320=\222A\330"
 4341      2CBED9A7 
 4341      6719DEDD 
 4341      D03D9241 
 4341      D8
 4342 030f 95B1B877 		.ascii	"\225\261\270w\256\371G{\346\360\014\277\367\314\340"
 4342      AEF9477B 
 4342      E6F00CBF 
 4342      F7CCE0
 4343 031e 96266FB8 		.ascii	"\226&o\270\315\302xrl\323\203\024\022\330D\320I\351"
 4343      CDC27872 
 4343      6CD38314 
 4343      12D844D0 
 4343      49E9
ARM GAS  /tmp/ccBn30D0.s 			page 157


 4344 0330 20184FF8 		.ascii	" \030O\370\005H\202\213\000\277\"\027\0013\015\201\257"
 4344      0548828B 
 4344      00BF2217 
 4344      01330D81 
 4344      AF
 4345 0341 B6AA9306 		.ascii	"\266\252\223\006\251\200G\2034\213\\\207\015\327c3\371"
 4345      A9804783 
 4345      348B5C87 
 4345      0DD76333 
 4345      F9
 4346 0352 3A8B3D2A 		.ascii	":\213=*x\203\364\213\276\273\247\005\343\006\233\007"
 4346      7883F48B 
 4346      BEBBA705 
 4346      E3069B07 
 4347 0362 5E605E83 		.ascii	"^`^\203\261\342 \315f\251(\177}\230\247X\337\330\373"
 4347      B1E220CD 
 4347      66A9287F 
 4347      7D98A758 
 4347      DFD8FB
 4348 0375 0D189EFB 		.ascii	"\015\030\236\373\007^O\240\335\276\003\321\236\320\341"
 4348      075E4FA0 
 4348      DDBE03D1 
 4348      9ED0E1
 4349 0384 34C4B7EA 		.ascii	"4\304\267\352\345\3647\355\320\213\211\304\371\316s"
 4349      E5F437ED 
 4349      D08B89C4 
 4349      F9CE73
 4350 0393 C6D07FF6 		.ascii	"\306\320\177\366\331\004\374\2321\204\337\241\037\334"
 4350      D904FC9A 
 4350      3184DFA1 
 4350      1FDC
 4351 03a1 3666C0EF 		.ascii	"6f\300\357L\300'\351\360\273R\360O\246\303O`\036\340"
 4351      4CC027E9 
 4351      F0BB52F0 
 4351      4FA6C34F 
 4351      601EE0
 4352 03b4 C0D3D9D6 		.ascii	"\300\323\331\326\215!\333\316\004\333\246\275\341\266"
 4352      8D21DBCE 
 4352      04DBA6BD 
 4352      E1B6
 4353 03c2 4C469215 		.ascii	"LF\222\025b\362\266\324~\225*$\214%#\340\355\215O'\231"
 4353      62F2B6D4 
 4353      7E952A24 
 4353      8C2523E0 
 4353      ED8D4F27 
 4354 03d7 0E66A7A0 		.ascii	"\016f\247\240\246:p\032\334@\256\330\202l\275{:\003"
 4354      A63A701A 
 4354      DC40AED8 
 4354      826CBD7B 
 4354      3A03
 4355 03e9 7D130D98 		.ascii	"}\023\015\230\226\321\344\245b\244a\250\370|a\220R\336"
 4355      96D1E4A5 
 4355      62A461A8 
 4355      F87C6190 
 4355      52DE
 4356 03fb D3D3EBA9 		.ascii	"\323\323\353\251\231\020VM\016d\"\320\020}\234\321\215"
 4356      9910564D 
ARM GAS  /tmp/ccBn30D0.s 			page 158


 4356      0E6422D0 
 4356      107D9CD1 
 4356      8D
 4357 040c 33BA9499 		.ascii	"3\272\224\231\2370\350J}5G_44\035\232\010\267\355Q\341"
 4357      9F30E84A 
 4357      7D35475F 
 4357      34341D9A 
 4357      08B7ED51 
 4358 0421 1E7B086E 		.ascii	"\036{\010n;g\225\006\366x\012\354OS\007\333\236\004"
 4358      3B679506 
 4358      F6780AEC 
 4358      4F5307DB 
 4358      9E04
 4359 0433 EB8DA4C0 		.ascii	"\353\215\244\300\232\275G\342_\247z\351<~|\274sg\004"
 4359      9ABD47E2 
 4359      5FA77AE9 
 4359      3C7E7CBC 
 4359      736704
 4360 0446 A9F86FFD 		.ascii	"\251\370o\375\312\377?\357\030\315\352\255\253\372\023"
 4360      CAFF3FEF 
 4360      18CDEAAD 
 4360      ABFA13
 4361 0455 3BD3C470 		.ascii	";\323\304p\362\326\275\206+\011\317\242\215m\017o\204"
 4361      F2D6BD86 
 4361      2B09CFA2 
 4361      8D6D0F6F 
 4361      84
 4362 0466 49A38CEA 		.ascii	"I\243\214\352Q\320\237\247\276h|\367\234\337\241G\345"
 4362      51D09FA7 
 4362      BE687CF7 
 4362      9CDFA147 
 4362      E5
 4363 0477 177D885F 		.ascii	"\027}\210_\354A~GR\374\216N\235_,\301\357\333\376\310"
 4363      EC417E47 
 4363      52FC8E4E 
 4363      9D5F2CC1 
 4363      EFDBFEC8 
 4364 048b B224BE8C 		.ascii	"\262$\276\214\324cz\007\274K\260\030l\036\362\007\230"
 4364      D4637A07 
 4364      BC4BB018 
 4364      6C1EF207 
 4364      98
 4365 049c 59A70818 		.ascii	"Y\247\010\030\347`\270\322\317\037\270q\220*#H&\313"
 4365      E760B8D2 
 4365      CF1FB871 
 4365      902A2348 
 4365      26CB
 4366 04ae 3C14A9CC 		.ascii	"<\024\251\314\306G\031\364\243\336(k\246\331\262\335"
 4366      C64719F4 
 4366      A3DE286B 
 4366      A6D9B2DD 
 4367 04be E5546487 		.ascii	"\345Td\207\265T~\313e+w*\245\036\267\374\346\212\225"
 4367      B5547ECB 
 4367      652B772A 
 4367      A51EB7FC 
 4367      E68A95
 4368 04d1 EFAE2AB6 		.ascii	"\357\256*\266\256\266\226\332\0242\327cw\250%\253\312"
ARM GAS  /tmp/ccBn30D0.s 			page 159


 4368      AEB696DA 
 4368      1432D763 
 4368      77A825AB 
 4368      CA
 4369 04e2 ACAA679D 		.ascii	"\254\252g\235\274\324\356(v\274_(\273\334\262\352\221"
 4369      BCD4EE28 
 4369      76BC5F28 
 4369      BBDCB2EA 
 4369      91
 4370 04f3 DDAA4DB6 		.ascii	"\335\252M\266\331\2255\354P\276\215H\372\354\251\224"
 4370      D99535EC 
 4370      50BE8D48 
 4370      FAECA994 
 4371 0503 29DFFAF2 		.ascii	")\337\372\362+\213J\024e11{\034N\305U\356\221l\345\252"
 4371      2B8B4A14 
 4371      6531317B 
 4371      1C4EC555 
 4371      EE916CE5 
 4372 0518 EA299B37 		.ascii	"\352)\2337yPG\251muy\211\202\201\335\353\334\371vb."
 4372      795047A9 
 4372      6D757989 
 4372      8281DDEB 
 4372      DCF97662 
 4373 052d B6BA9515 		.ascii	"\266\272\225\025\252\343\355I\216\330\\N\247\253TV\326"
 4373      AAE3ED49 
 4373      8ED85C4E 
 4373      A7AB5456 
 4373      D6
 4374 053e 7AE43756 		.ascii	"z\3447V\026\310K\013\012\227\027\312K]\252\"/OFr\272"
 4374      16C84B0B 
 4374      0A9717CA 
 4374      4B5DAA22 
 4374      2F4F4672 
 4375 0553 1DEE551F 		.ascii	"\035\356U\037\330l\030\355\265\377\216R\346R\261~\214"
 4375      D86C18ED 
 4375      B5FF8E52 
 4375      E652B17E 
 4375      8C
 4376 0564 B366F14B 		.ascii	"\263f\361K\005(\301\206q\360T\376T\344z\354\252b-a\222"
 4376      0528C186 
 4376      71F054FE 
 4376      54E47AEC 
 4376      AA622D61 
 4377 0579 730A0A57 		.ascii	"s\012\012W\3461\331e\252c~\336\234\005DP\211\331\251"
 4377      E631D965 
 4377      AA637EDE 
 4377      9C054450 
 4377      89D9A9
 4378 058c 385DEA3A 		.ascii	"8]\352:\362\017\226\005\234\371"
 4378      F20F9605 
 4378      9CF9
 4379              		.text
 4380              		.section	.gnu.lto_.symbol_nodes.cc9bb7b850bc0f1d,"e",%progbits
 4381 0000 789C75D2 		.ascii	"x\234u\322=K\303\000\020\006\340\273\367Zk\2236\375"
 4381      3D4BC300 
 4381      1006E0BB 
 4381      F75A6B93 
ARM GAS  /tmp/ccBn30D0.s 			page 160


 4381      36FD
 4382 0012 4E46FD01 		.ascii	"NF\375\001\316\342\277\273\252\035\034\273\324]Q\020"
 4382      CEE2BFBB 
 4382      AA1D1CBB 
 4382      D45D5110 
 4383 0022 17274104 		.ascii	"\027'A\004\227P\244\223\010\216\365\263\215\237Ut\020"
 4383      9750A493 
 4383      088EF5B3 
 4383      8D9F5574 
 4383      10
 4384 0033 878AC446 		.ascii	"\207\212\304F\003]z7\035<\357;\335-\011\021\241\017"
 4384      035D7A37 
 4384      1D3CEF3B 
 4384      DD2D0911 
 4384      A10F
 4385 0045 A5E66432 		.ascii	"\245\346d2\334>#R\242\343\346*\023S2\331w\320b\022\272"
 4385      DC3E2352 
 4385      A2E3E62A 
 4385      135332D9 
 4385      77D06212 
 4386 005a 84B215C2 		.ascii	"\204\262\025\302\025\024\373\375\301\362,\273\206\212"
 4386      1514FBFD 
 4386      C1F22CBB 
 4386      868A
 4387 0068 59BC8166 		.ascii	"Y\274\201fL\274\205fM\274\203\316\2318\200\346L\034"
 4387      4CBC8566 
 4387      4DBC83CE 
 4387      993880E6 
 4387      4C1C
 4388 007a 42E7E3C9 		.ascii	"B\347\343\311\310,\214\240y\263y\017u>\306{+\263\354"
 4388      C82C8CA0 
 4388      79B3790F 
 4388      753EC67B 
 4388      2BB3EC
 4389 008d 01EA9AC5 		.ascii	"\001\352\232\305Gh\301*>A\213f\361\031\352\231\370\002"
 4389      4768C12A 
 4389      3E418B66 
 4389      F119EA99 
 4389      F802
 4390 009f 2D993882 		.ascii	"-\2318\202\226M|\205VL|\203V-\344Oh-Ng\341/@\311\357"
 4390      964D7C85 
 4390      564C7C83 
 4390      562DE44F 
 4390      682D4E67 
 4391 00b8 24CA5FD0 		.ascii	"$\312_\320\272ech\303\262o\250o\230\344\353\247\235"
 4391      BA656368 
 4391      C3B26FA8 
 4391      6F98E4EB 
 4391      A79D
 4392 00ca CE0673D7 		.ascii	"\316\006s\327\025'=\314\266#N\343\177\215\034q\363\027"
 4392      15273DCC 
 4392      B6234EE3 
 4392      7F8D1C71 
 4392      F317
 4393 00dc 27EB07E0 		.ascii	"'\353\007\340\320\225Bz\2000'\2054\320r2\305^8\0322"
 4393      D095427A 
 4393      80302785 
ARM GAS  /tmp/ccBn30D0.s 			page 161


 4393      34D07232 
 4393      C55E381A 
 4394 00f1 1F7AE2F9 		.ascii	"\037z\342\371\347\223#0\267JR\232\256e\277\027o\215"
 4394      E7932330 
 4394      B74A529A 
 4394      AE65BF17 
 4394      6F8D
 4395 0103 99773CA9 		.ascii	"\231w<\251\004Q\334\376!\356\006R\235\256\265`\355h"
 4395      0451DCFE 
 4395      21EE0652 
 4395      9DAEB560 
 4395      ED68
 4396 0115 739739F2 		.ascii	"s\2279\362\351\027xc\355\\"
 4396      E9177863 
 4396      ED5C
 4397              		.text
 4398              		.section	.gnu.lto_.refs.cc9bb7b850bc0f1d,"e",%progbits
 4399 0000 789C1DC8 		.ascii	"x\234\035\310\311\011\000 \000\003\301\215\250Ool\310"
 4399      C9090020 
 4399      0003C18D 
 4399      A84F6F6C 
 4399      C8
 4400 0011 FE7B5203 		.ascii	"\376{R\003\313\020r\000\275\"\012h{\274\022Z(\243\201"
 4400      CB107200 
 4400      BD220A68 
 4400      7BBC125A 
 4400      28A381
 4401 0024 8A9F6A9B 		.ascii	"\212\237j\233\355v\330\371\345\002/{\001*"
 4401      ED76D8F9 
 4401      E5022F7B 
 4401      012A
 4402              		.text
 4403              		.section	.gnu.lto_.decls.cc9bb7b850bc0f1d,"e",%progbits
 4404 0000 789CBD5A 		.ascii	"x\234\275Z\011T\224W\226\376\357{\177\025EY\200\012"
 4404      09549457 
 4404      96FEEF7B 
 4404      7F154559 
 4404      800A
 4405 0012 76CCD289 		.ascii	"v\314\322\211\323mO\354\351I\210f&\351\351\231s&K\247"
 4405      D36D4FEC 
 4405      E9498866 
 4405      26E9E999 
 4405      73264BA7 
 4406 0026 7B9CEE74 		.ascii	"{\234\356tgb\347\364d\316\234CW\250\2120aKU\341\322"
 4406      6762E7F4 
 4406      64CE9C43 
 4406      57A88A30 
 4406      614B55E1 
 4407 003b DDA7BB04 		.ascii	"\335\247\273\004\021\020QPq\003\001E\024\027\264\304"
 4407      11105150 
 4407      71030145 
 4407      1417B4C4 
 4408 004b 25088A08 		.ascii	"%\010\212\010((\202\273\242\242\270\213\242\202\212"
 4408      282882BB 
 4408      A2A2B88B 
 4408      A2828A
 4409 005a 88E232F7 		.ascii	"\210\3422\367\275\177\255\205\304\223\231\223\322W\377"
ARM GAS  /tmp/ccBn30D0.s 			page 162


 4409      BD7FAD85 
 4409      C4939993 
 4409      D257FF
 4410 0069 52DFBDDF 		.ascii	"R\337\275\337\275\367\335w\337\373\337\317\223\327\004"
 4410      BDF7DD77 
 4410      DFFBDFCF 
 4410      93D704
 4411 0078 6154B020 		.ascii	"aT\260 \230\314\202\360\024?\021\202 \034\302\206\227"
 4411      98CC82F0 
 4411      143F1182 
 4411      201CC286 
 4411      97
 4412 0089 421BB65D 		.ascii	"B\033\266]\330j\260\275\204\255\035\333Yl\227\2609@"
 4412      D86AB0BD 
 4412      84AD1DDB 
 4412      596C97B0 
 4412      3940
 4413 009b 10FE8CCD 		.ascii	"\020\376\214\315\205\215}\236\303\226\201\3473\261\315"
 4413      858D7D9E 
 4413      C39681E7 
 4413      33B1CD
 4414 00aa C1360F5B 		.ascii	"\3016\017[\036\266\205\330\362\261-\305\266\034\333"
 4414      1EB685D8 
 4414      F2B12DC5 
 4414      B61CDB
 4415 00b9 0A6CABB1 		.ascii	"\012l\253\261\255\305\346\301V\201m3\266\255\330\252"
 4415      ADC5E6C1 
 4415      56816D33 
 4415      B6ADD8AA 
 4416 00c9 B1EDC0B6 		.ascii	"\261\355\300\266\023[=\266=\330\366a;\200\215\321\374"
 4416      135B3DB6 
 4416      3DD8F661 
 4416      3B808DD1 
 4416      FC
 4417 00da 91085E9F 		.ascii	"\221\010^\237aT\020B\361\030\203m8\266\010\3316\275"
 4417      61541042 
 4417      F118836D 
 4417      38B608D9 
 4417      36BD
 4418 00ec DDCCCE3F 		.ascii	"\335\314\316?\241\334Tl\337\307v\021\357\235\300\366"
 4418      A1DC546C 
 4418      DFC77611 
 4418      EF9DC0F6 
 4419 00fc 2A3613B6 		.ascii	"*6\023\266/\361\336\363\330\316\343\371q\331\367c\330"
 4419      2FF1DEF3 
 4419      D8CEE3F9 
 4419      71D9F763 
 4419      D8
 4420 010d 0E633B82 		.ascii	"\016c;\202\215\310~\375\205\004\266a\004\3320\354\033"
 4420      8DC87EFD 
 4420      8504B661 
 4420      04DA30EC 
 4420      1B
 4421 011e 6C184B24 		.ascii	"l\030K$;\334xL#\3777{\030\206\3058\0131\331\330r\210"
 4421      3BDC784C 
 4421      23FF377B 
 4421      1886C538 
ARM GAS  /tmp/ccBn30D0.s 			page 163


 4421      0B31D9D8 
 4422 0134 641BB371 		.ascii	"d\033\263q.\036\363\006\261\363\025\2643x\020;\231}"
 4422      2E1EF306 
 4422      B1F315B4 
 4422      3378103B 
 4422      997D
 4423 0146 8A6DCC16 		.ascii	"\212m\314\026\220\271\215\202\324\227\214K\321\255p"
 4423      90B98D82 
 4423      D4978C4B 
 4423      D1AD70
 4424 0155 FA7E5E95 		.ascii	"\372~^\225\365+\272w\311\261g~\351\375\375\022\357Q"
 4424      F52BBA77 
 4424      C9B1677E 
 4424      E9FDFD12 
 4424      EF51
 4425 0167 9D9F5690 		.ascii	"\235\237V\220b<\357kb\374\023\024\260\370\350Vb\312"
 4425      623CEF6B 
 4425      62FC1314 
 4425      B0F8E856 
 4425      62CA
 4426 0179 F4078A6B 		.ascii	"\364\007\212k \036\026\273\274\000\261\233\367\015\261"
 4426      201E16BB 
 4426      BC00B19B 
 4426      F70DB1
 4427 0188 8BFC7FE2 		.ascii	"\213\374\177\342\017\022\244\361\240\347_H\276\236\373"
 4427      0F12A4F1 
 4427      A0E75F48 
 4427      BE9EFB
 4428 0197 6D2AF583 		.ascii	"m*\365\203\302]#\367\331\253r\336\020]n0\371|\360\357"
 4428      C25D23F7 
 4428      D9AB72DE 
 4428      105D6E30 
 4428      F97CF0EF 
 4429 01ab 9B7FF6E9 		.ascii	"\233\177\366\351\033E\007\363Ao\277\257>\306\273\324"
 4429      1B4507F3 
 4429      416FBFAF 
 4429      3EC6BBD4 
 4430 01bb C75EC556 		.ascii	"\307^\305V\337\317\007\001\306\"\213\317.\331VV?XLX"
 4430      DFCF0701 
 4430      C6228BCF 
 4430      2ED95656 
 4430      3F584C58 
 4431 01cf 0D79018F 		.ascii	"\015y\001\217\303@\322\277\010u\325\341\271A\220b\364"
 4431      C340D2BF 
 4431      0875D5E1 
 4431      B9419062 
 4431      F4
 4432 01e0 076C5F60 		.ascii	"\007l_`{\031\333\367\345\334X.\327\003\337\317x\271"
 4432      7B19DBF7 
 4432      E5DC582E 
 4432      D703DFCF 
 4432      78B9
 4433 01f2 5F0271EA 		.ascii	"_\002q\352sz1\266ex\177\011\036w\313zX.\254\030\304"
 4433      737A31B6 
 4433      65787F09 
 4433      1E77CB7A 
 4433      582EAC18 
ARM GAS  /tmp/ccBn30D0.s 			page 164


 4434 0207 B7E572ED 		.ascii	"\267\345r\355\361\375L@\276\020\301\177\014\351\373"
 4434      F1FD4C40 
 4434      BE10C17F 
 4434      0CE9FB
 4435 0216 84F12B63 		.ascii	"\204\361+c\232\331\241p3_\317\353b\253\214\353\343r"
 4435      9AD9A170 
 4435      335FCFEB 
 4435      62AB8CEB 
 4435      E372
 4436 0228 CC57CBF5 		.ascii	"\314W\313\365\321\367\363\373\000>*\234z\037\363\261"
 4436      D1F7F3FB 
 4436      003E2A9C 
 4436      7A1FF3B1 
 4437 0238 9505F071 		.ascii	"\225\005\360q\355 >\256\036\304Gk\000\276?\3131u\311"
 4437      ED203EAE 
 4437      1EC4476B 
 4437      00BE3FCB 
 4437      3175C9
 4438 024b F9FE29B6 		.ascii	"\371\376)\266\251\262O\177\302\343\024Y\017;x\002\350"
 4438      A9B24F7F 
 4438      C2E31459 
 4438      0F3B7802 
 4438      E8
 4439 025c B4A3CEA1 		.ascii	"\264\243\316\241\202\177mP\362O?n\024\177X\256\260<"
 4439      827F6D50 
 4439      F24F3F6E 
 4439      147F58AE 
 4439      B03C
 4440 026e 292052EE 		.ascii	") R\356\354\225sD?\236\224<a~V\370\324\251\277\350|"
 4440      EC957344 
 4440      3F9E943C 
 4440      617E56F8 
 4440      D4A9BFE8 
 4441 0283 DE37C8FC 		.ascii	"\3367\310\374\021\373\035\330\265\371[\330\025\377\035"
 4441      11FB1DD8 
 4441      B5F95BD8 
 4441      15FF1D
 4442 0292 D8B5F55B 		.ascii	"\330\265\365[\3305\031\355\012\367\261\353\254\217m"
 4442      D83519ED 
 4442      0AF7B1EB 
 4442      AC8F6D
 4443 02a1 C66FB06F 		.ascii	"\306o\260o\251l_\253\\\003\276\316\306\352\257\261q"
 4443      A96C5FAB 
 4443      5C03BECE 
 4443      C6EAAFB1 
 4443      71
 4444 02b2 B035C19F 		.ascii	"\2605\301\237\276c\033w|\013\033\377\372\035\333\270"
 4444      BE631B77 
 4444      7C0B1BFF 
 4444      FA1DDBB8 
 4445 02c2 F35BD838 		.ascii	"\363[\3308\227\302p\020\361;\002F\361\363\241\374\333"
 4445      97C27010 
 4445      F13B0246 
 4445      F1F3A1FC 
 4445      DB
 4446 02d3 4409FBE9 		.ascii	"D\011\373\351U`k\3050~&P\223\020\351\346\237\345/\010"
 4446      55606BC5 
ARM GAS  /tmp/ccBn30D0.s 			page 165


 4446      307E2650 
 4446      9310E9E6 
 4446      9FE52F08 
 4447 02e7 502D1580 		.ascii	"P-\025\200\237\015\241\277\025\362))\277\231\321g4\327"
 4447      9F0DA1BF 
 4447      15F22929 
 4447      BF99D167 
 4447      34D7
 4448 02f9 BADD3DEE 		.ascii	"\272\335=\356\332\351\301\002l\001\300!\001;\000%\267"
 4448      DAE9C102 
 4448      6C01C021 
 4448      013B0025 
 4448      B7
 4449 030a 0354016C 		.ascii	"\003T\001l\003\372\337\002\215f\340=\367\232\363\014"
 4449      03FADF02 
 4449      8D66E03D 
 4449      F79AF30C 
 4450 031a FEE05A2F 		.ascii	"\376\340Z/p\242@\2470\360\364\364\305{I\270D\\\313I"
 4450      70A240A7 
 4450      30F0F4F4 
 4450      C57B49B8 
 4450      445CCB49 
 4451 032e A11EA001 		.ascii	"\241\036\240\001\020\211\3474\0058\350^Q\237\301\033"
 4451      1089E734 
 4451      0538E85E 
 4451      519FC11B 
 4452 033e B45B0321 		.ascii	"\264[\003!\340\370\342\305\033\210\205S\026\327\211"
 4452      E0F8E2C5 
 4452      1B888553 
 4452      16D789
 4453 034d B0076452 		.ascii	"\260\007dR\001\032\331\014\236\205\356\345pM\375gV\264"
 4453      011AD90C 
 4453      9E85EEE5 
 4453      704DFD67 
 4453      56B4
 4454 035f 047B6BDA 		.ascii	"\004{k\332\013\260O\241+\342\240\362\275\307\316QoP"
 4454      0BB04FA1 
 4454      2BE2A0F2 
 4454      BDC7CE51 
 4454      6F50
 4455 0371 B30642C0 		.ascii	"\263\006B\300\315\353\275\315!\032\335~\215\256\005"
 4455      CDEBBDCD 
 4455      211ADD7E 
 4455      8DAE05
 4456 0380 E4A047F0 		.ascii	"\344\240G\360\240\027\003\3650\225\226\335\333\237\256"
 4456      A01703F5 
 4456      309596DD 
 4456      DB9FAE
 4457 038f 348C1E3D 		.ascii	"4\214\036=:|\364h\024\353\357hn/y\245\252\322\355\316"
 4457      3A7CF468 
 4457      14EBEF68 
 4457      6E2F79A5 
 4457      AAD2EDCE 
 4458 03a3 1C891642 		.ascii	"\034\211\026B\035\300QMG\244\300b&0\365\231%\263Cs\246"
 4458      1DC0514D 
 4458      47A4C062 
 4458      2630F599 
ARM GAS  /tmp/ccBn30D0.s 			page 166


 4458      25B34373 
 4459 03b8 51A801A8 		.ascii	"Q\250\001\250\364\302|\005*\310\223\225\232\356\036"
 4459      F4C27C05 
 4459      2AC89395 
 4459      9AEE1E
 4460 03c7 3ADDC240 		.ascii	":\335\302@\007\275@\254:\300X\001\275\230\216\216\210"
 4460      07BD40AC 
 4460      3AC05801 
 4460      BD988E8E 
 4460      88
 4461 03d8 021C00C0 		.ascii	"\002\034\000\300Lc\036\037e\316\300q\200C\000\307\000"
 4461      4C631E1F 
 4461      65CEC071 
 4461      804300C7 
 4461      00
 4462 03e9 0E031C61 		.ascii	"\016\003\034a\2761uO\321\254`\013\354\002\330\351O9"
 4462      BE31754F 
 4462      D1AC600B 
 4462      EC02D8E9 
 4462      4F39
 4463 03fb 969BF5B0 		.ascii	"\226\233\365\2607\251\011\273\263\005\240\311\317\362"
 4463      37A909BB 
 4463      B305A0C9 
 4463      CFF2
 4464 0409 B12C40EB 		.ascii	"\261,@\353\317f\344\005\205\373\0217\017J\21425s6\227"
 4464      CF66E405 
 4464      85FB1137 
 4464      0F4A8C32 
 4464      35733697 
 4465 041d EB827A42 		.ascii	"\353\202zBS\333&\005\365%x\012\374 \320t\302$\316<X"
 4465      53DB2605 
 4465      F525780A 
 4465      FC20D074 
 4465      C224CE3C 
 4466 0432 77248425 		.ascii	"w$\204%Z\247\273n\032\025\340MxC\200\323\200\010\244"
 4466      5AA7BB6E 
 4466      1A15E04D 
 4466      784380D3 
 4466      8008A4
 4467 0445 38057012 		.ascii	"8\005p\022h\016\007\2666\325\366\205\372g\344\031\257"
 4467      680E07B6 
 4467      36D5F685 
 4467      FA67E419 
 4467      AF
 4468 0456 8C2C6450 		.ascii	"\214,dP\361z\352\30141|\264\233a\271\3512\266\003\340"
 4468      F17AEAC1 
 4468      34317CB4 
 4468      9B61B9E9 
 4468      32B603E0 
 4469 046a 1C37FDBC 		.ascii	"\0347\375\274\022\247|9\354R\024\316\371F\201\256\345"
 4469      12A77C39 
 4469      EC5214CE 
 4469      F94681AE 
 4469      E5
 4470 047b D4A98FFB 		.ascii	"\324\251\217\373?\012\367\323v\301K\033\302.u_\\`\321"
 4470      3F0AF7D3 
 4470      76C14B1B 
ARM GAS  /tmp/ccBn30D0.s 			page 167


 4470      C22E755F 
 4470      5C60D1
 4471 048e 9CBFA869 		.ascii	"\234\277\250i\273\244dT\255@\253\210@\353\271\332c\356"
 4471      BBA46454 
 4471      AD40AB88 
 4471      40EBB9DA 
 4471      63EE
 4472 04a0 960293BF 		.ascii	"\226\002\223\277GW\365\036q\251\237\322f\024:\302\205"
 4472      4757F51E 
 4472      71A99FD2 
 4472      66143AC2 
 4472      85
 4473 04b1 2EDD5DD7 		.ascii	".\335]\327\033\346\235\327]\0007\264\274\356>\267x\275"
 4473      1BE69DD7 
 4473      5D0037B4 
 4473      BCEE3EB7 
 4473      78BD
 4474 04c3 CE8A1B9A 		.ascii	"\316\212\033\232\0257\3310j'\222%o\360\334F{.\243\352"
 4474      1537D930 
 4474      6A279225 
 4474      6FF0DC46 
 4474      7B2EA3EA 
 4475 04d7 5B5CF585 		.ascii	"[\\\365\205\336\362U>\303\370\016\300]e\\\335\347\240"
 4475      DEF2553E 
 4475      C3F80EC0 
 4475      5D655CDD 
 4475      E7A0
 4476 04e9 79FB32BB 		.ascii	"y\3732\273\314\336\240^\015\304\264\334Lm2i\374\367"
 4476      CCDEA05E 
 4476      0DC4B4DC 
 4476      4C6D3269 
 4476      FCF7
 4477 04fb 34FE3EC6 		.ascii	"4\376>\306\237B\021d<q\353v\321\020\034GZv\365\000K"
 4477      9F421164 
 4477      3C71EB76 
 4477      D1101C47 
 4477      5A76F500 
 4478 0510 4E46D8CF 		.ascii	"NF\330\317\203\372\020\340\201\334K\225\205K\346\244"
 4478      83FA10E0 
 4478      81DC4B95 
 4478      854BE6A4 
 4479 0520 06B959B6 		.ascii	"\006\271Y\266\366\001\334\347\010\377q\346\231-\367"
 4479      F601DCE7 
 4479      08FF71E6 
 4479      992DF7
 4480 052f 651FEFCB 		.ascii	"e\037\357\313\376\000\031}\371\356\205C\226p?\316^_"
 4480      FE00197D 
 4480      F9EE8543 
 4480      96703FCE 
 4480      5E5F
 4481 0541 4E1EA031 		.ascii	"N\036\2401t3\025\350vf.iX\321\177\335\247\230<\001\314"
 4481      743315E8 
 4481      76662E69 
 4481      58D17FDD 
 4481      A7983C01 
 4482 0556 6439320D 		.ascii	"d92\015\034\264\332\323;/\310\033\344&*\010\001\313"
 4482      1CB4DAD3 
ARM GAS  /tmp/ccBn30D0.s 			page 168


 4482      3B2FC81B 
 4482      E4262A08 
 4482      01CB
 4483 0568 6F57A71B 		.ascii	"oW\247\033\264\310L#\252\205)l\331H\305\247\333W\235"
 4483      B4C84C23 
 4483      AA85296C 
 4483      D948C5A7 
 4483      DB579D
 4484 057b 2001F216 		.ascii	" \001\362\026\271R\0113p:\221\363\366\2014\276S\010"
 4484      B9520933 
 4484      703A91F3 
 4484      F68134BE 
 4484      5308
 4485 058d 733595F8 		.ascii	"s5\225\370\273Zv\257o\245\350\237\263h\220N\023mE\017"
 4485      BB5A76AF 
 4485      6FA5E89F 
 4485      B368904E 
 4485      136D450F 
 4486 05a1 0F623B81 		.ascii	"\017b;\201\355,\266\313\222\267\227\217\344\370T\352"
 4486      ED2CB6CB 
 4486      92B7978F 
 4486      E4F854EA 
 4487 05b1 9904B288 		.ascii	"\231\004\262\210\352\310\236\373\353\327\206i\216di"
 4487      EAC89EFB 
 4487      EBD78669 
 4487      8E6469
 4488 05c0 FCB3502D 		.ascii	"\374\263P-\275CY\004\215|b\012\342gL\323\024\372\220"
 4488      BD435904 
 4488      8D7C620A 
 4488      E2674CD3 
 4488      14FA90
 4489 05d3 6BEF3E7E 		.ascii	"k\357>~\254\316hv\373f}\016A\034\0326\207\300lB\335"
 4489      ACCE6876 
 4489      FB667D0E 
 4489      411C1A36 
 4489      87C06C42 
 4490 05e8 A2406788 		.ascii	"\242@g\210|V\350]u6$\300\254\000\363\010\237\027\020"
 4490      7C56E85D 
 4490      753624C0 
 4490      AC00F308 
 4490      9F1710
 4491 05fb 72F5EA92 		.ascii	"r\365\352\222\222!\032d\276f\016\233b\351b\324U\214"
 4491      92211A64 
 4491      BE660E9B 
 4491      62E962D4 
 4491      558C
 4492 060d 6D35D337 		.ascii	"m5\3237\374Ru\327r\030\0351Z\372\260:~\360\342\271\205"
 4492      FC5275D7 
 4492      72181D31 
 4492      5AFAB03A 
 4492      7EF0E2B9 
 4493 0622 3F6E48E5 		.ascii	"?nH\345\371u\023 \203\300\022\337\200\372\306Q`\020"
 4493      F9751320 
 4493      83C012DF 
 4493      80FAC651 
 4493      6010
 4494 0634 34762981 		.ascii	"4v)\201b\002E\004\012\010\344\023XF`1\201B\026Z&Q\260"
ARM GAS  /tmp/ccBn30D0.s 			page 169


 4494      62024504 
 4494      0A08E413 
 4494      58466031 
 4494      8142165A 
 4495 064b 7A2E2FFC 		.ascii	"z./\374\271\004\262\003(e\006\317\331+A\362\010\314"
 4495      B904B203 
 4495      286506CF 
 4495      D92B41F2 
 4495      08CC
 4496 065d 1D84F7FA 		.ascii	"\035\204\367\372*U\313\242\300Z<\255\231R\346c\271O"
 4496      2A55CBA2 
 4496      C05A3CAD 
 4496      9952E663 
 4496      B94F
 4497 066f 1F842843 		.ascii	"\037\204(C&\232\010\013\006\341y\240\361,\034DI\271"
 4497      269A080B 
 4497      06E179A0 
 4497      F12C1C44 
 4497      49B9
 4498 0681 AC641681 		.ascii	"\254d\026\201\314\000\020^Q\336\340\203g\024\355\300"
 4498      CC00105E 
 4498      51DEE083 
 4498      6714EDC0 
 4499 0691 885FE23D 		.ascii	"\210_\342=\370U\307\264\345C|+|)\321Ux.8\206\336\340"
 4499      F855C7B4 
 4499      E5437C2B 
 4499      7C29D155 
 4499      782E3886 
 4500 06a7 F0EE8AF6 		.ascii	"\360\356\212\366\253~\023B\231\036N{Q\367C\221\361\215"
 4500      AB7E1342 
 4500      991E4E7B 
 4500      51F74391 
 4500      F18D
 4501 06b9 81BFF26F 		.ascii	"\201\277\362o\201N30\341\224\263\371e\274\244\366\272"
 4501      814E3330 
 4501      E194B3F9 
 4501      65BCA4F6 
 4501      BA
 4502 06ca 6B17E518 		.ascii	"k\027\345\030\325!\276\236 \010\345\313\011\254#\210"
 4502      D521BE9E 
 4502      2008E5CB 
 4502      09AC2388 
 4503 06da 6B4999B5 		.ascii	"kI\231\265#TK\231\015\232+\036\"\217\377\221t\226A\240"
 4503      23544B99 
 4503      0D9A2B1E 
 4503      228FFF91 
 4503      749641A0 
 4504 06ee B94CADF1 		.ascii	"\271L\255\361\361\321c\007\203\314/\002\340\177\037"
 4504      F1D16307 
 4504      83CC2F02 
 4504      E07F1F
 4505 06fd CB3611D8 		.ascii	"\3136\021\330L0/\010l%\3544\305\355~\364\012\036\221"
 4505      4C302F08 
 4505      6C25EC34 
 4505      C5ED7EF4 
 4505      0A1E91
 4506 0710 A4F8C9C1 		.ascii	"\244\370\311\301\325\222\343\265\201\361\210\351XZ\224"
ARM GAS  /tmp/ccBn30D0.s 			page 170


 4506      D592E3B5 
 4506      81F188E9 
 4506      585A94
 4507 071f ABABD65F 		.ascii	"\253\253\326_i\206T\262\334]\200&\024p\317\326m\235"
 4507      698654B2 
 4507      DC5D8026 
 4507      1470CFD6 
 4507      6D9D
 4508 0731 B542F41E 		.ascii	"\265B\364\036\224U\004\252\345AI\327rPq}u\253O\235\332"
 4508      945504AA 
 4508      E54149D7 
 4508      7250717D 
 4508      75AB4F9D 
 4509 0746 AE811090 		.ascii	"\256\201\020\220\323~S\324\330vhl5\214m\033\262\325"
 4509      D37E53D4 
 4509      D876686C 
 4509      358C6D1B 
 4509      B2D5
 4510 0758 626BC0D6 		.ascii	"bk\300\326\310\025fvw\275\340\255\257\216@\275\246\257"
 4510      C8156676 
 4510      77BDE0AD 
 4510      AF8E40BD 
 4510      A6AF
 4511 076a 68FE9A62 		.ascii	"h\376\232b\235\371\365\232\302\006\246\360\010S\"\246"
 4511      9DF9F59A 
 4511      C206A6F0 
 4511      085322A6 
 4512 077a 6CD97723 		.ascii	"l\331w#8@Y\333M`\017\037F\215rY\353\317\351\366\314"
 4512      384059DB 
 4512      4D600F1F 
 4512      468D7259 
 4512      EBCFE9F6 
 4513 078f 33CA4BAA 		.ascii	"3\312K\252\006\002\2738\300/\311\206\203\205g\3149\214"
 4513      0602BB38 
 4513      C02FC986 
 4513      838567CC 
 4513      398C
 4514 07a1 8F51A04B 		.ascii	"\217Q\240K\260-32k\362w\334p\373T\340\375\004Z\224\030"
 4514      B02D3332 
 4514      6BF277DC 
 4514      70FB54E0 
 4514      FD045A94 
 4515 07b6 6DE2A02B 		.ascii	"m\342\240+k\366\334\000oP\253\006B\200\247\366\330\016"
 4515      6BF6DC00 
 4515      6F50AB06 
 4515      4280A7F6 
 4515      D80E
 4516 07c8 A3E6D301 		.ascii	"\243\346\323\001\315\202\203\314"
 4516      CD8283CC 
 4517 07d0 A746A6C5 		.ascii	"\247F\246\305\264>o_\247I^\011\342\374\264^\236\237"
 4517      B43E6F5F 
 4517      A7495E09 
 4517      E2FCB45E 
 4517      9E9F
 4518 07e2 0EF2827C 		.ascii	"\016\362\202|$\300\370\222\247\234\275\010 \334\254"
 4518      24C0F892 
 4518      A79CBD08 
ARM GAS  /tmp/ccBn30D0.s 			page 171


 4518      20DCAC
 4519 07f1 23DCF5C3 		.ascii	"#\334\365\303\004\216\0228\246\324\365\015\362\034\206"
 4519      048E1238 
 4519      A6D4F50D 
 4519      F21C86
 4520 0800 7AEEFBE9 		.ascii	"z\356\373\351\221\327\223\225\362z\262\023\327_D\217"
 4520      91D79395 
 4520      F27AB213 
 4520      D75F448F 
 4521 0810 911777E8 		.ascii	"\221\027w\350\3022Oo\2611\334\217\2655\000+\335\217"
 4521      C2324F6F 
 4521      B131DC8F 
 4521      B535002B 
 4521      DD8F
 4522 0822 E13BCC7D 		.ascii	"\341;\314}\272\372\244\354|\010+\215n^\025kO\216\226"
 4522      BAFAA4EC 
 4522      7C082B8D 
 4522      6E5E156B 
 4522      4F8E96
 4523 0835 AB621A81 		.ascii	"\253b\032\2016\002\247\276\311+\201AP\373I\002\355\004"
 4523      3602A7BE 
 4523      C92B8141 
 4523      50FB4902 
 4523      ED04
 4524 0847 4ECB65D0 		.ascii	"N\313e\320\323^\352\346>\035'\320\314\265(hU\213\247"
 4524      D35EEAE6 
 4524      3E1D27D0 
 4524      CCB52868 
 4524      558BA7
 4525 085a 4D860C00 		.ascii	"M\206\014\000\234\340\020i\330z\365y\223T_jEz\202Y\373"
 4525      9CE01069 
 4525      D87AF579 
 4525      93545F6A 
 4525      457A8259 
 4526 086f 83C79B0A 		.ascii	"\203\307\233\012\347\230\244\325\270\356\303\202X\330"
 4526      E798A4D5 
 4526      B8EEC382 
 4526      58D8
 4527 087d 38C33D74 		.ascii	"8\303=t\232\005\332\001\326\020\270H\370\300\023\240"
 4527      9A05DA01 
 4527      D610B848 
 4527      F8C013A0 
 4528 088d 84686B85 		.ascii	"\204hk\205\007Z\305\274\005\014\242xvM]n\367\234)50"
 4528      075AC5BC 
 4528      050CA278 
 4528      764D5D6E 
 4528      F79C2935 
 4529 08a2 E7D19A7D 		.ascii	"\347\321\232}\\\213\237\331\262\363g\011\234!\374\211"
 4529      5C8B9FD9 
 4529      B2F36709 
 4529      9C21FC89 
 4530 08b2 E72277FF 		.ascii	"\347\"w\377\002\201N\002\335\004\256\021\270\201\256"
 4530      02814E02 
 4530      DD04AE11 
 4530      B881AE
 4531 08c1 103847E0 		.ascii	"\0208G\340\026\201\353\004\272\010\\%p\231\300y\002"
 4531      1681EB04 
ARM GAS  /tmp/ccBn30D0.s 			page 172


 4531      BA085C25 
 4531      7099C079 
 4531      02
 4532 08d2 37095C22 		.ascii	"7\011\\\"pE\356\371\236Yk\347*\275z\305\313\242\313"
 4532      7045EEF9 
 4532      9E596BE7 
 4532      2ABD7AC5 
 4532      CBA2CB
 4533 08e5 AA459EAE 		.ascii	"\252E\236\256\325j\230ns\214\022\246nmY\237\337\254"
 4533      D56A986E 
 4533      738C12A6 
 4533      6E6D599F 
 4533      DFAC
 4534 08f7 14FA0EE2 		.ascii	"\024\372\016\342\247\006\275\347\236\311\023\023\366"
 4534      A706BDE7 
 4534      9EC91313 
 4534      F6
 4535 0904 EB632FAE 		.ascii	"\353c/\256G\032\310s-M\012\021\216\300Z/M\272\307\226"
 4535      471AC873 
 4535      2D4D0A11 
 4535      8EC05A2F 
 4535      4DBAC796 
 4536 0918 9E81DD92 		.ascii	"\236\201\335\222\246\032\002\333\274@\033\211j\321\206"
 4536      A61A02DB 
 4536      BC401B89 
 4536      6AD186
 4537 0927 5573433C 		.ascii	"UsC<n\012+\011\254\360\355\216\345D\352\177\271;pJ\231"
 4537      6E0A2B09 
 4537      ACF0ED8E 
 4537      E544EA7F 
 4537      B93B704A 
 4538 093c 41FC0C92 		.ascii	"A\374\014\222g\260F\211\252\222@\205?\225\334\257\031"
 4538      67B04689 
 4538      AA924085 
 4538      3F95DCAF 
 4538      19
 4539 094d 5992229C 		.ascii	"Y\222\"\234\307\257\373\367\253l\364\032\331\240\325"
 4539      C7AFFBF7 
 4539      AB6CF41A 
 4539      D9A0D5
 4540 095c 843D9079 		.ascii	"\204=\220y\033\264J2\350\226\226\220;\211>\322[5\203"
 4540      1BB44A32 
 4540      E8969690 
 4540      3B893ED2 
 4540      5B3583
 4541 096f 16CB0679 		.ascii	"\026\313\006y\010\254\3652\250\204(\3430e\313\223\253"
 4541      08ACF532 
 4541      A88428E3 
 4541      3065CB93 
 4541      AB
 4542 0980 FA05A79C 		.ascii	"\372\005\247\234*\273\277}\252\240\322\332=\333\262"
 4542      2ABBBF7D 
 4542      AAA0D2DA 
 4542      3DDBB2
 4543 098f 75CFC9B7 		.ascii	"u\317\311\2675\342;\274\210\3213\274\316\365\345\256"
 4543      35E23BBC 
 4543      88D133BC 
ARM GAS  /tmp/ccBn30D0.s 			page 173


 4543      CEF5E5AE 
 4544 099f 1C18E2BF 		.ascii	"\034\030\342\277\316\272\253_g\261Ei\336\225C\242\310"
 4544      CEBAAB5F 
 4544      67B14569 
 4544      DE9543A2 
 4544      C8
 4545 09b0 97F10412 		.ascii	"\227\361\004\022\371H#|\240\015e+\253\216u\375\241\317"
 4545      F948237C 
 4545      A00D652B 
 4545      AB8E75FD 
 4545      A1CF
 4546 09c2 A18E1B6E 		.ascii	"\241\216\033nw\004\304\300}\002}\314\271~t\342\036_"
 4546      7704C4C0 
 4546      7D027DCC 
 4546      B97E74E2 
 4546      1E5F
 4547 09d4 B392B2CA 		.ascii	"\263\222\262\312\305\015\272\265`\277f\315\003\311\232"
 4547      C50DBAB5 
 4547      60BF66CD 
 4547      03C99A
 4548 09e3 ABDC9A1D 		.ascii	"\253\334\232\035Gw\\\224\236\012j\275`\360\220\310@"
 4548      47775C94 
 4548      9E0A6ABD 
 4548      60F090C8 
 4548      40
 4549 09f4 04ED2FAD 		.ascii	"\004\355/\255xIS5\240K\003\211k\355\305\3523\026Ld\026"
 4549      78495335 
 4549      A04B0389 
 4549      6BEDC5EA 
 4549      33164C64 
 4550 0a09 08D10600 		.ascii	"\010\321\006\000mo\341\227Y\370/*D\270\211\233\030m"
 4550      6D6FE197 
 4550      59F82F2A 
 4550      44B8899B 
 4550      186D
 4551 0a1b 9498A999 		.ascii	"\224\230\251\231\332\314M\360\362\230^\372\216\211\214"
 4551      DACC4DF0 
 4551      F2985EFA 
 4551      8E898C
 4552 0a2a 09339BCA 		.ascii	"\0113\233\312\352a\250\331`\"\2443\310f\036\363\020"
 4552      EA61A8D9 
 4552      6022A433 
 4552      C8661EF3 
 4552      10
 4553 0a3b 5700C5C6 		.ascii	"W\000\305\306Q\357\270E\333\254\021\235An\222\363\233"
 4553      51EFB845 
 4553      DBAC119D 
 4553      416E92F3 
 4553      9B
 4554 0a4c 8837DFC1 		.ascii	"\2107\337\301\357\316\240&\260\241\324G\242i(\236u\006"
 4554      EFCEA026 
 4554      B0A1D447 
 4554      A269289E 
 4554      7506
 4555 0a5e 997B6971 		.ascii	"\231{iq\266\321\326B2^\305\252n\266\215\213\300H\274"
 4555      B6D1D642 
 4555      325EC5AA 
ARM GAS  /tmp/ccBn30D0.s 			page 174


 4555      6EB68D8B 
 4555      C048BC
 4556 0a71 6332BD1C 		.ascii	"c2\275\034VG\353\350/\004\301d\362\254\037a\356\014"
 4556      5647EBE8 
 4556      2F04C164 
 4556      F2AC1F61 
 4556      EE0C
 4557 0a83 0A431563 		.ascii	"\012C\025cl\243\206\332F\2055\201\301f3G\214\021\320"
 4557      6CA386DA 
 4557      46853581 
 4557      C1663347 
 4557      8C11D0
 4558 0a96 08DBB871 		.ascii	"\010\333\270q\357\0203j\026MM0\216\202e\234\373|\327"
 4558      EF10336A 
 4558      164D4D30 
 4558      8E82659C 
 4558      FB7CD7
 4559 0aa9 73668339 		.ascii	"sf\2039\370\345Qc\004\301&\374\202\315\026\364\251\362"
 4559      F8E55163 
 4559      04C126FC 
 4559      82CD16F4 
 4559      A9F2
 4560 0abb 8120E4B4 		.ascii	"\201 \344\264i\227\000c\314d\034\241\277\352\014\022"
 4560      69970063 
 4560      CC641CA1 
 4560      BFEA0C12 
 4561 0acb 04424661 		.ascii	"\004BFa9\025M\026\013\256\246ESp\324\257l\037\2153\013"
 4561      39154D16 
 4561      0BAEA645 
 4561      5370D4AF 
 4561      6C1F8D33 
 4562 0ae0 9D41047F 		.ascii	"\235A\004\177\212\020\371\243\206*i\306\225\017t\375"
 4562      8A10F9A3 
 4562      862A69C6 
 4562      950F74FD 
 4563 0af0 338697FF 		.ascii	"3\206\227\377c_ \177\001\273\004\351\015\243B\303\357"
 4563      635F207F 
 4563      01BB04E9 
 4563      0DA342C3 
 4563      EF
 4564 0b01 B3142032 		.ascii	"\263\024 2\232A\244\273\352A>g\000\"\353Q\366\251@\222"
 4564      9A41A4BB 
 4564      EA413E67 
 4564      0022EB51 
 4564      F6A94092 
 4565 0b15 9149D8B7 		.ascii	"\221I\330\267N\271\012\001\031\242\350\221dd\200*+\237"
 4565      4EB90A01 
 4565      19A2E891 
 4565      6464802A 
 4565      2B9F
 4566 0b27 320E0E26 		.ascii	"2\016\016&z\031.\347e\270\246RP\325*&\011\322\005[\245"
 4566      7A192EE7 
 4566      65B8A652 
 4566      50D52A26 
 4566      09D2055B 
 4567 0b3c D49CF8E3 		.ascii	"\324\234\370\343\025\366\020\262\275\373\366\241 \030"
 4567      15F610B2 
ARM GAS  /tmp/ccBn30D0.s 			page 175


 4567      BDFBF6A1 
 4567      2018
 4568 0b4a 9AF38E00 		.ascii	"\232\363\216\000tn\020\373i\313\314UGL<\375k\000\022"
 4568      746E10FB 
 4568      69CBCC55 
 4568      474C3CFD 
 4568      6B0012
 4569 0b5d 593EAFCC 		.ascii	"Y>\257\314\355\226\306\003\316\015n\312\262\362\306"
 4569      ED96C603 
 4569      CE0D6ECA 
 4569      B2F2C6
 4570 0b6c D6C3167E 		.ascii	"\326\303\026~\247\005`\032\273\223S:\373\207\336+\210"
 4570      A705601A 
 4570      BB93533A 
 4570      FB87DE2B 
 4570      88
 4571 0b7d 0E7C0AA3 		.ascii	"\016|\012\243\352\012\242\352n\371\023\2237\340\202"
 4571      EA0AA2EA 
 4571      6EF91393 
 4571      37E082
 4572 0b8c 17E0E4CE 		.ascii	"\027\340\344\316\214\245\272\345\347t\252fz\032\345"
 4572      8CA5BAE5 
 4572      E774AA66 
 4572      7A1AE5
 4573 0b9b 805579B5 		.ascii	"\200Uy\265\273\201s\246QHa\234\005\003\3072\003\015"
 4573      BB8173A6 
 4573      5148619C 
 4573      0503C732 
 4573      030D
 4574 0bad C5745C58 		.ascii	"\305t\\X\316\220\204r\356,l\011\376\301\242E\356\376"
 4574      CE908472 
 4574      EE2C6C09 
 4574      FEC1A245 
 4574      EEFE
 4575 0bbf ED033DDB 		.ascii	"\355\003=\333F\026\270kq1:MD\010<\225\2277\220\301\316"
 4575      4616B86B 
 4575      71313A4D 
 4575      44083C95 
 4575      973790C1 
 4576 0bd4 F189122B 		.ascii	"\361\211\022+?\371Y\353\367i\033\217\302\203\025\275"
 4576      3FF959EB 
 4576      F7691B8F 
 4576      C28315BD 
 4577 0be4 5D214CD2 		.ascii	"]!L\3223\207U}\024ss\261L\331d\001\317\024\241\334\357"
 4577      3387557D 
 4577      147373B1 
 4577      4CD96401 
 4577      CF14A1DC 
 4578 0bf9 D3BB5C68 		.ascii	"\323\273\\hn\301\362Kj\\X\350\266\255/+\015S\214\236"
 4578      6EC1F24B 
 4578      6A5C58E8 
 4578      B6AD2F2B 
 4578      0D538C9E 
 4579 0c0d C58C3EFC 		.ascii	"\305\214>\374d\311.c\000\243g\243\266l\311\350\332\351"
 4579      64C92E63 
 4579      00A367A3 
 4579      B66CC9E8 
ARM GAS  /tmp/ccBn30D0.s 			page 176


 4579      DAE9
 4580 0c1f 8D4BC238 		.ascii	"\215K\3028u\215F=\233B\226J\235\245R7\274DSM|}\323q"
 4580      758D463D 
 4580      9B42964A 
 4580      9DA55237 
 4580      BC44534D 
 4581 0c37 BADAA274 		.ascii	"\272\332\242t\022\243\276S\261\246D\213\016\336T\230"
 4581      12A3BE53 
 4581      B1A6448B 
 4581      0EDE5498 
 4582 0c47 E6A270AE 		.ascii	"\346\242p\256\304\224w\350\370\017\031Q\317@iz\350A"
 4582      C49477E8 
 4582      F80F1951 
 4582      CF40697A 
 4582      E841
 4583 0c59 B7BBD80D 		.ascii	"\267\273\330\015\354\311#G&\202y\354\\\365\362%\232"
 4583      ECC92347 
 4583      268279EC 
 4583      5CF5F225 
 4583      9A
 4584 0c6a CFA9B6A4 		.ascii	"\317\251\266\244\267/\347A\365\024\245\253\366\241\330"
 4584      B72FE741 
 4584      F514A5AB 
 4584      F6A1D8
 4585 0c79 7CD5BEF9 		.ascii	"|\325\276\371\252\320\365\027i\005\027Z\332\274b\263"
 4585      AAD0F517 
 4585      6905175A 
 4585      DABC62B3 
 4586 0c89 E4D43E2F 		.ascii	"\344\324>/\241\005\252\320\002Uh\327\213t\227)`<\033"
 4586      A105AAD0 
 4586      025568D7 
 4586      8B749729 
 4586      603C1B
 4587 0c9c EA36A499 		.ascii	"\3526\244\231U\247j4\247\226\240\360b\311\251#\2536"
 4587      55A76A34 
 4587      A796A0F0 
 4587      62C9A923 
 4587      AB36
 4588 0cae A55AB857 		.ascii	"\245Z\270W\335\215\334+7z\265\204\302\"\225i\221\312"
 4588      DD8DDC2B 
 4588      377AB584 
 4588      C2229569 
 4588      91CA
 4589 0cc0 F4F005DA 		.ascii	"\364\360\005\332\306\231\246U\257\277 r\363\0123U\363"
 4589      C699A655 
 4589      AFBF2072 
 4589      F30A3355 
 4589      F3
 4590 0cd1 50A84015 		.ascii	"P\250@\025*P\205</\320[\201c~\262m\332o\370u#@\021\353"
 4590      2A50853C 
 4590      2FD05B81 
 4590      637EB26D 
 4590      DA6FF875 
 4591 0ce9 ED339D39 		.ascii	"\3553\2359;!@o/Ce\305\222\271Us\216\027\031\271\271"
 4591      3B21406F 
 4591      2F4365C5 
 4591      92B95573 
ARM GAS  /tmp/ccBn30D0.s 			page 177


 4591      8E1719B9 
 4592 0cfe 07F67E59 		.ascii	"\007\366~Y\306\312)\376\012\205*o\241\312\333\365<\035"
 4592      C6CA29FE 
 4592      0A852A6F 
 4592      A1CADBF5 
 4592      3C1D
 4593 0d10 E0BCBDFB 		.ascii	"\340\274\275\373\367\256\011\342\306>\325\214E\241\022"
 4593      F7AE09E2 
 4593      C63ED58C 
 4593      45A112
 4594 0d1f 55A84415 		.ascii	"U\250D\025Z\371<M\017\0168\254\353*3\356\251\271\271"
 4594      5AF93C4D 
 4594      0F0E38AC 
 4594      EB2A33EE 
 4594      A9B9B9
 4595 0d32 9259BB39 		.ascii	"\222Y\2739\257\274\233\004\260\266\014\265\255\222s"
 4595      AFBC9B04 
 4595      B0B60CB5 
 4595      AD9273
 4596 0d41 B332A7C6 		.ascii	"\2632\247\306\300\251\253\262T\3522\012\245*u\251J}"
 4596      C0A9ABB2 
 4596      54EA320A 
 4596      A52A75A9 
 4596      4A7D
 4597 0d53 64242DE0 		.ascii	"d$-\340\324\255[\313\217I\301}\344%\264F\025Z\243\012"
 4597      D4AD5BCB 
 4597      8F49C17D 
 4597      E425B446 
 4597      155AA30A 
 4598 0d67 958EA49E 		.ascii	"\225\216\244\236\340\200\301\255\357\3129$9\360\210"
 4598      E080C1AD 
 4598      EFCA3924 
 4598      39F088
 4599 0d76 4039B377 		.ascii	"@9\263w\315\362\336\016K\000{7\240\266\365\222\275Y"
 4599      CDF2DE0E 
 4599      4B007B37 
 4599      A0B6F592 
 4599      BD59
 4600 0d88 97CE7450 		.ascii	"\227\316tPN\2754[\245\336@a\235J\275N\245\336\377\034"
 4600      4EBD345B 
 4600      A5DE4061 
 4600      9D4ABD4E 
 4600      A5DEFF1C 
 4601 0d9c ADE1D40F 		.ascii	"\255\341\324\017r\017.\343\271\332\323Y\256f\020\346"
 4601      720F2EE3 
 4601      B9DAD359 
 4601      AE6610E6 
 4602 0dac EA465568 		.ascii	"\352FUh\243*\224\367\034m\346B=\333n\314\012\2252h\216"
 4602      A32A94F7 
 4602      1C6DE642 
 4602      3DDB6ECC 
 4602      0A953268 
 4603 0dc1 3EC137A9 		.ascii	">\3017\251B\233T\241\263\337\243m\\\250\275\266\250"
 4603      429B54A1 
 4603      B3DFA36D 
 4603      5CA8BDB6 
 4603      A8
ARM GAS  /tmp/ccBn30D0.s 			page 178


 4604 0dd2 CECC854E 		.ascii	"\316\314\205Ny\011mQ\205\266\250B\025\337\243\227\271"
 4604      79096D51 
 4604      85B6A842 
 4604      15DFA397 
 4604      B9
 4605 0de3 D0910D7D 		.ascii	"\320\221\015}'\245@\234\225\"s\266\275\343\337\225H"
 4605      27A5409C 
 4605      952273B6 
 4605      BDE3DF95 
 4605      48
 4606 0df4 55B2C05C 		.ascii	"U\262\300\\l\277\265\320\020h\354W\241\266mRd6\254\310"
 4606      6CBFB5D0 
 4606      1068EC57 
 4606      A1B66D52 
 4606      6436ACC8 
 4607 0e08 3DC48789 		.ascii	"=\304\207\211\247lc\222\224wU\024\276R\211\277R\211"
 4607      A76C6392 
 4607      94775514 
 4607      BE5289BF 
 4607      5289
 4608 0e1a 6F8DA00F 		.ascii	"o\215\240\0178\361\316\206\276{R\347\017\350D\266\253"
 4608      38F1CE86 
 4608      BE7B52E7 
 4608      0FE844B6 
 4608      AB
 4609 0e2b 22DB5591 		.ascii	"\"\333U\2215#h\266\231\211\314\311Y\365\020\270\310"
 4609      352368B6 
 4609      9989CCC9 
 4609      59F510B8 
 4609      C8
 4610 0e3c FE4D9A48 		.ascii	"\376M\232H\215*R\243\212\334\216\240\313\270\310\272"
 4610      8D2A52A3 
 4610      8ADC8EA0 
 4610      CBB8C8BA 
 4611 0e4c B9A5674D 		.ascii	"\271\245gM\312(b\356-\353}\324\241y\323\250yS\207\302"
 4611      CA2862EE 
 4611      2DEB7DD4 
 4611      A179D3A8 
 4611      795387C2 
 4612 0e60 BB246FF6 		.ascii	"\273$o\366\357<\273\005y\360\311\263j\323\355O\012\334"
 4612      EF3CBB05 
 4612      79F0C9B3 
 4612      6AD3ED4F 
 4612      0ADC
 4613 0e72 F84C5E47 		.ascii	"\370L^G\241V\345\251e\177\356 \320\223\234!\275zv\263"
 4613      A156E5A9 
 4613      657FEE20 
 4613      D0939C21 
 4613      BD7A76B3 
 4614 0e86 3940DEEC 		.ascii	"9@\336\354F}\211\322\216m\326\341\032\312\324\365T\247"
 4614      467D89D2 
 4614      8E6DD6E1 
 4614      1ACAD4F5 
 4614      54A7
 4615 0e98 CD98ED86 		.ascii	"\315\230\355\206\217\3607hP\2655H\332\256sm\365eE_\021"
 4615      8FF03768 
 4615      50B53548 
ARM GAS  /tmp/ccBn30D0.s 			page 179


 4615      DAAE736D 
 4615      F565455F 
 4616 0ead 6E6FBB64 		.ascii	"no\273doE\316\255s!\001\324\357E\365M\222\271W\332\036"
 4616      6F45CEAD 
 4616      732101D4 
 4616      EF45F54D 
 4616      92B957DA 
 4617 0ec2 550533FD 		.ascii	"U\0053\375\236\312\264\364\332\241\370$E\241QU\337("
 4617      9ECAB4F4 
 4617      DAA1F824 
 4617      45A15155 
 4617      DF28
 4618 0ed4 A9EF3707 		.ascii	"\251\3577\007\354\355\015\307\213*\314\012\337~\326"
 4618      ECED0DC7 
 4618      8B2ACC0A 
 4618      DF7ED6
 4619 0ee3 DD87CEE7 		.ascii	"\335\207\316\347\227\007\253\204\271DelE\306\026\211"
 4619      9707AB84 
 4619      B944656C 
 4619      45C61689 
 4620 0ef3 B1B0B56F 		.ascii	"\261\260\265o\272\201{\264\255T\362\250\225B\263J\331"
 4620      BA817BB4 
 4620      AD54F2A8 
 4620      9542B34A 
 4620      D9
 4621 0f04 2C51660F 		.ascii	",Qf\017\221\236,s\206\361\005\257;S\332m\317\220\017"
 4621      919E2C73 
 4621      86F105AF 
 4621      3B53DA6D 
 4621      CF900F
 4622 0f17 43A5E74D 		.ascii	"C\245\347M\267t\351\006\232;D\240y\330J\207\360r}\267"
 4622      B774E906 
 4622      9A3B44A0 
 4622      79D84A87 
 4622      F0727DB7 
 4623 0f2b E44E88E5 		.ascii	"\344N\210\345\334 ;7\371T\254(\332>#xt\370y|\230\256"
 4623      DC203B37 
 4623      F954AC28 
 4623      DA3E2378 
 4623      74F8797C 
 4624 0f41 A93EBFF1 		.ascii	"\251>\277\361\015\371a\372\024\205\223\024\332\251\377"
 4624      0DF961FA 
 4624      14859314 
 4624      DAA9FF
 4625 0f50 C3B4F7EE 		.ascii	"\303\264\367\356H\033\007\341J\3754\263\226\266\017"
 4625      481B07E1 
 4625      4AFD34B3 
 4625      96B60F
 4626 0f5f 912AD2ED 		.ascii	"\221*\322\355\012\263\377\266\356\031ol\027\032\331"
 4626      0AB3FFB6 
 4626      EE196F6C 
 4626      171AD9
 4627 0f6e 87ED3197 		.ascii	"\207\3551\227i[p\244\300g\303\343<\205\013r4\350<\013"
 4627      695B70A4 
 4627      C067C3E3 
 4627      3C850B72 
 4627      34E83C0B 
ARM GAS  /tmp/ccBn30D0.s 			page 180


 4628 0f82 DFF3DDBC 		.ascii	"\337\363\335\274\376y\216\251U0\0275\014\376^\272\375"
 4628      FE798EA9 
 4628      55301735 
 4628      0CFE5EBA 
 4628      FD
 4629 0f93 6C856E99 		.ascii	"l\205n\231\177I3\3772R\3222\213"
 4629      7F4933FF 
 4629      3252D232 
 4629      8B
 4630 0fa0 40CBB16D 		.ascii	"@\313\261m\301V\305\025\326\244Ve\005\373\277\334\270"
 4630      C156C515 
 4630      D6A45665 
 4630      05FBBFDC 
 4630      B8
 4631 0fb1 46752F37 		.ascii	"Fu/70H;S\322f\222\321\341l\363\247\340\312\264M\312"
 4631      30483B53 
 4631      D26692D1 
 4631      E16CF3A7 
 4631      E0CAB44D 
 4632 0fc6 8EC3757C 		.ascii	"\216\303u|\020\246p\343\033\203t\225\203P_\027w\374"
 4632      10A670E3 
 4632      1B837495 
 4632      83505F17 
 4632      77FC
 4633 0fd8 0EA7CE5D 		.ascii	"\016\247\316]\2602\330?F7\275\241\017,\254\363?U\337"
 4633      B032D83F 
 4633      4637BDA1 
 4633      0F2CACF3 
 4633      3F55DF
 4634 0feb 9E7ECAF6 		.ascii	"\236~\312\366\020C\230\370\212\031'\237\006x\365y\207"
 4634      104398F8 
 4634      8A19279F 
 4634      0678F579 
 4634      87
 4635 0ffc 6150FC36 		.ascii	"aP\3746"
 4636 1000 851E4AB3 		.ascii	"\205\036J\263B0r\014..o*\3107\207\373\277\311\270G\241"
 4636      4230720C 
 4636      2E2E6F2A 
 4636      C83787FB 
 4636      BFC9B847 
 4637 1015 8FF3DDA7 		.ascii	"\217\363\335\247\322FH\345\301\213\265\3771\015u*\373"
 4637      D24648E5 
 4637      C18BB5FF 
 4637      310D752A 
 4637      FB
 4638 1026 1CF8B3F7 		.ascii	"\034\370\263\367>\007-\342\0064e-\314\011\363\177M\321"
 4638      3E072DE2 
 4638      0634652D 
 4638      CC09F37F 
 4638      4DD1
 4639 1038 EFA5504A 		.ascii	"\357\245PJN\240k\320\220\215\330\252\270\350\246\324"
 4639      4EA06BD0 
 4639      908DD8AA 
 4639      B8E8A6D4 
 4640 1048 C279167F 		.ascii	"\302y\026\177\333\037\353\243N\033\020\276\217\303\367"
 4640      DB1FEBA3 
 4640      4E1B10BE 
ARM GAS  /tmp/ccBn30D0.s 			page 181


 4640      8FC3F7
 4641 1057 1CDE7BC7 		.ascii	"\034\336{\307'5\260$\343\222QJ\2156I\347\365\257\032"
 4641      2735B024 
 4641      E392514A 
 4641      8D3649E7 
 4641      F5AF1A
 4642 106a 8DDEA014 		.ascii	"\215\336\240\024\015\304f\350\245\231\245AZn\244\212"
 4642      0DC466E8 
 4642      A599A541 
 4642      5A6EA48A 
 4643 107a 6AAF4DC7 		.ascii	"j\257M\307\221K;\231\026S\377\343\247\263\014\312\253"
 4643      914B3B99 
 4643      1653FFE3 
 4643      A7B30CCA 
 4643      AB
 4644 108b D3C22507 		.ascii	"\323\302%\007JB\013x(p\234\247\341ZS\004\237],\277\315"
 4644      4A420B78 
 4644      28709CA7 
 4644      E15A5304 
 4644      9F5D2CBF 
 4645 10a0 2B3747A1 		.ascii	"+7G\241\023\231\"d\2100C\2247NZ\353\245\355\260\351"
 4645      13992264 
 4645      88304394 
 4645      374E5AEB 
 4645      A5EDB0E9 
 4646 10b4 22DB32D3 		.ascii	"\"\3332\323)\322\275\032j\221\267\325\020\323\344\207"
 4646      29D2BD1A 
 4646      6A91B7D5 
 4646      10D3E487 
 4647 10c4 E14FEAE9 		.ascii	"\341O\352\351M\327:\314\376;f)\001H\351-\214_Z\250@"
 4647      4DD73ACC 
 4647      FE3B6629 
 4647      0148E92D 
 4647      8C5F5AA8 
 4648 10d9 E78432C9 		.ascii	"\347\2042\311\255\227\363\333\314\346s~[\316\331\242"
 4648      AD97F3DB 
 4648      CCE6737E 
 4648      5BCED9A2 
 4649 10e9 D796B3E9 		.ascii	"\327\226\263\351\350\272\202t\302\266\253\244\3355w"
 4649      E8BA8274 
 4649      C2B6ABA4 
 4649      DD3577
 4650 10f8 F5E8F96E 		.ascii	"\365\350\371n\236\3533ExJ!W\364\331`:\317\266\251J\320"
 4650      9EEB3345 
 4650      784A2157 
 4650      F4D9603A 
 4650      CFB6A94A 
 4651 110d EE458899 		.ascii	"\356E\210\231-\302,\221a|\366!d\203G\342s4e\033!\220"
 4651      2DC22C91 
 4651      617CF621 
 4651      648347E2 
 4651      7334651B 
 4652 1123 C551ECF9 		.ascii	"\305Q\354\371\036\247V\021r\344(y\272\344\010<\241\360"
 4652      1EA75611 
 4652      72E42879 
 4652      BAE4083C 
 4652      A1F0
ARM GAS  /tmp/ccBn30D0.s 			page 182


 4653 1135 8893F9EE 		.ascii	"\210\223\371\356\346\320E\334\233M\323\213\033\014\341"
 4653      E6D045DC 
 4653      9B4DD38B 
 4653      1B0CE1
 4654 1144 7E6AE705 		.ascii	"~j\347\005P+\025M\240\3531\024\233\261\3251\005\306"
 4654      502B154D 
 4654      A0EB3114 
 4654      9BB1D531 
 4654      05C6
 4655 1156 5D758BB2 		.ascii	"]u\213\262Y?\263\256i\221\367\242p\026[\204\013L\177"
 4655      593FB3AE 
 4655      6991F7A2 
 4655      70165B84 
 4655      0B4C7F
 4656 1169 522DDE79 		.ascii	"R-\336y\"s\011\026r\030\362\344\213\260X\224\306M\317"
 4656      22730916 
 4656      7218F2E4 
 4656      8BB05894 
 4656      C64DCF
 4657 117c DEB51F33 		.ascii	"\336\265\0373-\322\376\341\022\3378\321}\334\360\354"
 4657      2DD2FEE1 
 4657      12DF38D1 
 4657      7DDCF0EC 
 4658 118c CD87EA0D 		.ascii	"\315\207\352\015\341~\012\013|\025\322\023\241R\325"
 4658      E17E0A0B 
 4658      7C15D213 
 4658      A152D5
 4659 119b 774BF51D 		.ascii	"wK\365\035W;\364\022\327p:m\343l\357\301 \300re(trH"
 4659      573BF412 
 4659      D7703A6D 
 4659      E36CEFC1 
 4659      20C07265 
 4660 11b3 D7B6B93D 		.ascii	"\327\266\271=\026\357\241P\"\252 \366\214\361\344@\245"
 4660      16EFA150 
 4660      22AA20F6 
 4660      8CF1E440 
 4660      A5
 4661 11c4 591B0A2B 		.ascii	"Y\033\012+4\227K\331P\350\343\334\177\213E\207\362\243"
 4661      34974BD9 
 4661      50E8E3DC 
 4661      7F8B4587 
 4661      F2A3
 4662 11d6 4007B8DE 		.ascii	"@\007\270\336\3733\312\012\371\233\202\033\370\314f"
 4662      FB33CA0A 
 4662      F99B821B 
 4662      F8CC66
 4663 11e5 10E4290D 		.ascii	"\020\344)\015V\213\210A\333\313DX%\322\351a\002\235"
 4663      568B8841 
 4663      DBCB4458 
 4663      25D2E961 
 4663      029D
 4664 11f7 1D2619FF 		.ascii	"\035&\031\377\224I\335M\331\177\322\242\356\360\340"
 4664      9449DD4D 
 4664      D97FD2A2 
 4664      EEF0E0
 4665 1206 5D856B3D 		.ascii	"]\205k=\372\037\011\345\"\315C\221%a\014{c\367\265\375"
 4665      FA1F09E5 
ARM GAS  /tmp/ccBn30D0.s 			page 183


 4665      22CD4391 
 4665      25610C7B 
 4665      63F7B5FD 
 4666 121a 21FE85C1 		.ascii	"!\376\205\301#\372\276k\246<*#i\011\0233\336\333\354"
 4666      23FABE6B 
 4666      A63C2A23 
 4666      69091333 
 4666      DEDBEC
 4667 122d 99CD5E7A 		.ascii	"\231\315^z\260w\037\004\266\212\222\202\324`\355E\330"
 4667      B0771F04 
 4667      B68A9282 
 4667      D460ED45 
 4667      D8
 4668 123e 56566171 		.ascii	"VVaq\372\023\331\213\017\254\245\377\212w\270\012I\221"
 4668      FA13D98B 
 4668      0FACA5FF 
 4668      8A77B80A 
 4668      4991
 4669 1250 0195A4D7 		.ascii	"\001\225\244\327/\276g\320\277=)\033)\310{nU(]\215\341"
 4669      2FBE67D0 
 4669      BF3D291B 
 4669      29C87B6E 
 4669      55285D8D 
 4670 1265 13099E32 		.ascii	"\023\011\2362\015h\212H\327r\356\373\033\326\3177\351"
 4670      0D688A48 
 4670      D772EEFB 
 4670      1BD6CF37 
 4670      E9
 4671 1276 C516A962 		.ascii	"\305\026\251b5(V+\302N&\362/xE\260Q\017:\273\005\333"
 4671      3528562B 
 4671      C24E26F2 
 4671      2F7845B0 
 4671      510F3ABB 
 4672 128c 362EBDE7 		.ascii	"6.\275\347\366\364\003aR\036\366?\034\270}\346\247\365"
 4672      F6F40361 
 4672      521EF63F 
 4672      1CB87DE6 
 4672      A7F5
 4673 129e D2CC3211 		.ascii	"\322\3142\021\260_v\373U\011\337j+0\014\006f\217\010"
 4673      B05F76FB 
 4673      5509DF6A 
 4673      2B300C06 
 4673      668F08
 4674 12b1 0DEA1892 		.ascii	"\015\352\030\222wD'B\275\237\012\314\303\353\310\335"
 4674      77442742 
 4674      BD9F0ACC 
 4674      C3EBC8DD 
 4675 12c1 CDB8C5B4 		.ascii	"\315\270\305\264\246\354\002\340\223\232\347\224,S\211"
 4675      A6EC02E0 
 4675      939AE794 
 4675      2C5389
 4676 12d0 392BC23E 		.ascii	"9+\302>_!\337YJ`\020\244\335\313S\265\217kK_\3718/\324"
 4676      5F21DF59 
 4676      4A6010A4 
 4676      DDCB53B5 
 4676      8F6B4B5F 
 4677 12e8 FFF58900 		.ascii	"\377\365\211\000\3739\264E1o\257FUA\330\217>\366=D\373"
ARM GAS  /tmp/ccBn30D0.s 			page 184


 4677      FB39B445 
 4677      316FAF46 
 4677      5541D88F 
 4677      3EF63D44 
 4678 12fd 9E604B19 		.ascii	"\236`K\031\312\342\323u\252\256\206H\361\361\254\223"
 4678      CAE2D375 
 4678      AAAE8648 
 4678      F1F1AC93 
 4679 130d 25719C1E 		.ascii	"%q\234\036\024\341p\000#}bs\2303\037\022\341\2102F+"
 4679      14E17000 
 4679      237D6273 
 4679      98331F12 
 4679      E1883246 
 4680 1322 4BE7286F 		.ascii	"K\347(o\017\017\370\251`\345%m\250@38s\353a\367\317"
 4680      0F0FF8A9 
 4680      60E5256D 
 4680      A8403338 
 4680      73EB61F7 
 4681 1337 47F3E8F4 		.ascii	"G\363\350\364\314\331=G)\020\307Dh\363%f\266\345\253"
 4681      CCD93D47 
 4681      2910C744 
 4681      68F32566 
 4681      B6E5AB
 4682 134a 415F407C 		.ascii	"A_@|\021\001\373\255\215\333v\\\204\023\"\037\223\226"
 4682      1101FBAD 
 4682      8DDB765C 
 4682      8413221F 
 4682      9396
 4683 135c C7FBF3F6 		.ascii	"\307\373\363\366b\341e\257|\231\245\375\227\371\266"
 4683      62E165AF 
 4683      7C99A5FD 
 4683      97F9B6
 4684 136b 3EF6DF2E 		.ascii	">\366\337.\021N\213>S0\"<\247eJ\354\212F\016\371\246"
 4684      114E8B3E 
 4684      5330223C 
 4684      A7654AEC 
 4684      8A460EF9 
 4685 1380 709CE694 		.ascii	"p\234\346\224gEh\027\341\214\010\247D8)\307\305\263"
 4685      67456817 
 4685      E18C08A7 
 4685      443829C7 
 4685      C5B3
 4686 1392 4DDE48C6 		.ascii	"M\336H\306\210\264\016B\267O\246\303\036k\016L\347)"
 4686      88B40E42 
 4686      B74FA6C3 
 4686      1E6B0E4C 
 4686      E729
 4687 13a4 90B5A06F 		.ascii	"\220\265\240oG\003h\311\247\241M\307\032R\303\244W "
 4687      470368C9 
 4687      A7A14DC7 
 4687      1A52C3A4 
 4687      5720
 4688 13b6 3CB24FE4 		.ascii	"<\262O\344\227DX\3577\210p9P\334z\036\226&-\263\300"
 4688      974458EF 
 4688      37887039 
 4688      50DC7A1E 
 4688      96262DB3 
ARM GAS  /tmp/ccBn30D0.s 			page 185


 4689 13cb A782EFCF 		.ascii	"\247\202\357\317\362\373`\351\365\007\222\315 \014\241"
 4689      F2FB60E9 
 4689      F50792CD 
 4689      200CA1
 4690 13da 50EAFE84 		.ascii	"P\352\376\204\250\263dv\266\033\352F\342\350\203\035"
 4690      A8B36476 
 4690      B61BEA46 
 4690      E2E8831D 
 4691 13ea 9CA552E4 		.ascii	"\234\245R\344\3433\0226\212pN\224\273\360ajz\355{\026"
 4691      E3331236 
 4691      8A704E94 
 4691      BBF0616A 
 4691      7AED7B16 
 4692 13fe AC0BB099 		.ascii	"\254\013\260\231\2036\211P!\352Por\324\215\372\031\014"
 4692      83368950 
 4692      21EA506F 
 4692      72D48DFA 
 4692      190C
 4693 1410 5525B297 		.ascii	"U%\262\2276\210\332\346\255\252R\364\233-\270\341l\027"
 4693      3688DAE6 
 4693      ADAA52F4 
 4693      9B2DB8E1 
 4693      6C17
 4694 1422 1DD7A322 		.ascii	"\035\327\243\"\\\024\241C\204\363R\247\223\003+\373"
 4694      5C14A143 
 4694      84F352A7 
 4694      93032BFB 
 4695 1432 8A88FF74 		.ascii	"\212\210\377tP\"~\215L[\371\323~2\\\222)&pE\204b\021"
 4695      50227E8D 
 4695      4C5BF9D3 
 4695      7E325C92 
 4695      29267045 
 4696 1449 8A98A557 		.ascii	"\212\230\245WE^T\021d\276\320\333?/L\011\263g\326\325"
 4696      455E5411 
 4696      64BED0DB 
 4696      3F2F4C09 
 4696      B367D6D5 
 4697 145d 19F8206B 		.ascii	"\031\370 k\2015\"\254\025\341\206\250>\214h\011\274"
 4697      813522AC 
 4697      15E186A8 
 4697      3E8C6809 
 4697      BC
 4698 146e 4883ACF4 		.ascii	"H\203\254\364\203\334\227^7\224\255\222\372\367\252"
 4698      83DC975E 
 4698      3794AD92 
 4698      FAF7AA
 4699 147d 08EB3846 		.ascii	"\010\3538F!\326\005\273\240Q\352\321R\021\226q\314\240"
 4699      21D605BB 
 4699      A051EAD1 
 4699      52119671 
 4699      CCA0
 4700 148f 23E11885 		.ascii	"#\341\030\205\243\270Dd\030\364\264S\204k\"t\211p\235"
 4700      A3B84464 
 4700      18F4B453 
 4700      846B2274 
 4700      89709D
 4701 14a2 D794596C 		.ascii	"\327\224Yl\014\222\355\345\305\347B\302}E\340\246\030"
ARM GAS  /tmp/ccBn30D0.s 			page 186


 4701      0C92EDE5 
 4701      C5E742C2 
 4701      7D45E0A6 
 4701      18
 4702 14b3 50289F46 		.ascii	"P(\237F\314\232W\230\021\254\276e\013\227\32609'~$\257"
 4702      CC9A5798 
 4702      11ACBE65 
 4702      0B97D630 
 4702      39277E24 
 4703 14c8 611E50E8 		.ascii	"a\036P\350\245\320\257e\311#\355\255\325\376l)\277o"
 4703      A5D0AF65 
 4703      C923EDAD 
 4703      D5FE6C29 
 4703      BF6F
 4704 14da 51B8C231 		.ascii	"Q\270\3021\212\341\335\272\267M\205\345R\004\226\212"
 4704      8AE1DDBA 
 4704      B74D85E5 
 4704      5204968A 
 4705 14ea B0406420 		.ascii	"\260@d \245\213\265ApM\326s\226\302\011/=\307\251\246"
 4705      A58BB541 
 4705      704DD673 
 4705      96C2092F 
 4705      3DC7A9A6 
 4706 14fe E78CACE7 		.ascii	"\347\214\254\3476\201\016\016\222^\271h/\200\030\350"
 4706      36810E0E 
 4706      925EB968 
 4706      2F8018E8 
 4707 150e 960CBA25 		.ascii	"\226\014\272%B!'S\"v\204\252lk\030\206-\275\346\213"
 4707      42212753 
 4707      227684AA 
 4707      6C6B1886 
 4707      2DBDE68B 
 4708 1522 30C03549 		.ascii	"0\3005IK!\375+ O\215l\322]\012\335\376\256I\375v\262"
 4708      4B21FD2B 
 4708      204F8D6C 
 4708      D25D0ADD 
 4708      FEAE49FD 
 4709 1538 455A045D 		.ascii	"EZ\004]\246p\316\013\243\275j\224\327Z\207)\034\242"
 4709      A670CE0B 
 4709      A3BD6A94 
 4709      D75A8729 
 4709      1CA2
 4710 154a FCB57E3F 		.ascii	"\374\265~?\357\204\333\"\334\023\241[\204>\214+\346"
 4710      EF84DB22 
 4710      DC13A15B 
 4710      843E8C2B 
 4710      E6
 4711 155b 8D087745 		.ascii	"\215\010wE\270#B\257\222\343\007\272\356\352\327j\262"
 4711      B82342AF 
 4711      92E307BA 
 4711      EEEAD76A 
 4711      B2
 4712 156c FCF66795 		.ascii	"\374\366g\225?\261k\365[?\302\207\344\376\276\345s7"
 4712      3FB16BF5 
 4712      5B3FC287 
 4712      E4FEBEE5 
 4712      7337
ARM GAS  /tmp/ccBn30D0.s 			page 187


 4713 157e FED35C77 		.ascii	"\376\323\\wq\006\205\007\"\034\344\017\031\2222\001"
 4713      71068507 
 4713      221CE40F 
 4713      19923201 
 4714 158e AF849F2D 		.ascii	"\257\204\237-\013Gt\311\314\246>\335\337\016<\320\034"
 4714      0B4774C9 
 4714      CCA63EDD 
 4714      DF0E3CD0 
 4714      1C
 4715 159f 19604B9B 		.ascii	"\031`K\233=<\257\032\357\037\334f\016\264{\361X\344"
 4715      3D3CAF1A 
 4715      EF1FDC66 
 4715      0EB47BF1 
 4715      58E4
 4716 15b1 BB0D3FC8 		.ascii	"\273\015?\310Y\344\356o[yx\313\217p:.s\273spR|,\302"
 4716      59E4EE6F 
 4716      5B7978CB 
 4716      8F703A2E 
 4716      73BB7370 
 4717 15c9 23790505 		.ascii	"#y\005\005O\330\271\262Ir\364e\266\223w\353\221\307"
 4717      4FD8B9B2 
 4717      4972F465 
 4717      B69377EB 
 4717      91C7
 4718 15db 106891F3 		.ascii	"\020h\221\363\224/r\336@\310\261\222\207\333\251<n\377"
 4718      942F72DE 
 4718      40C8B192 
 4718      87DBA93C 
 4718      6EFF
 4719 15ed 009BB51D 		.ascii	"\000\233\265\035\001\267\201\303\244%\223\221m\253o"
 4719      01B781C3 
 4719      A4259391 
 4719      6DAB6F
 4720 15fc CB680E0E 		.ascii	"\313h\016\016\244\214-\272\"a\232\201#\203\370\312\345"
 4720      A48C2DBA 
 4720      22619A81 
 4720      2383F8CA 
 4720      E5
 4721 160d A76C3BE2 		.ascii	"\247l;\342\342\225\2720\275\346\351\006H5 >\315\300"
 4721      E295BA30 
 4721      BDE6E906 
 4721      4835203E 
 4721      CDC0
 4722 161f 65049A3A 		.ascii	"e\004\232:L\240\271\303\370\346[]}\201\221\215\331t"
 4722      4CA0B9C3 
 4722      F8E65B5D 
 4722      7D81918D 
 4722      D974
 4723 1631 83B41B9F 		.ascii	"\203\264\033\237q\364-\276q\201\365\213\355d\234\312"
 4723      71F42DBE 
 4723      7181F58B 
 4723      ED649CCA 
 4724 1641 5E9C1914 		.ascii	"^\234\031\024`\243d&\252\3124\310\241y\262\246b\340"
 4724      60A36426 
 4724      AACA34C8 
 4724      A179B2A6 
 4724      62E0
ARM GAS  /tmp/ccBn30D0.s 			page 188


 4725 1653 35253404 		.ascii	"5%4\004\177\203\031\006\036\032\3100@\026\273R\2023"
 4725      7F831906 
 4725      1E1AC830 
 4725      4016BB52 
 4725      8233
 4726 1665 EF157A79 		.ascii	"\357\025zy\230$\324\267\374\316\261\261u\222\320\277"
 4726      9824D4B7 
 4726      FCCEB1B1 
 4726      7592D0BF 
 4727 1675 B1BD9B59 		.ascii	"\261\275\233Y\0069\234\331\006<W$\372_\246\335\376\226"
 4727      06399CD9 
 4727      063C5724 
 4727      FA5FA6DD 
 4727      FE96
 4728 1687 720D39DD 		.ascii	"r\0159\3359\371A\325\225nw\232\333\235\362c\2667\004"
 4728      39F941D5 
 4728      956E779A 
 4728      DB9DF263 
 4728      B63704
 4729 169a B365DE39 		.ascii	"\263e\3369\006\3101\340\225\242e\346+\364\201\312{\370"
 4729      06C831E0 
 4729      95A265E6 
 4729      2BF481CA 
 4729      7BF8
 4730 16ac A4176FAE 		.ascii	"\244\027o\256\302;\327\200\347\212\304\371\227i\332"
 4730      C23BD780 
 4730      E78AC4F9 
 4730      9769DA
 4731 16bb F0417937 		.ascii	"\360Ay7\372\360\316\223y\347\033 \317\200W\212\226i"
 4731      FAF0CE93 
 4731      79E71B20 
 4731      CF80578A 
 4731      9669
 4732 16cd AFD0DCE1 		.ascii	"\257\320\334\341\\\252\362\316\354\325\231A2+\333TW"
 4732      5CAAF2CE 
 4732      ECD59941 
 4732      322BDB54 
 4732      57
 4733 16de 58171AF0 		.ascii	"X\027\032\360\\\301oa\3113\320\363t\256.g\353\264\375"
 4733      5CC16F61 
 4733      C933D0F3 
 4733      74AE2E67 
 4733      EBB4FD
 4734 16f1 84455227 		.ascii	"\204ER'\245\025\326\336\321\375\375\3122\015\260X\002"
 4734      A515D6DE 
 4734      D1FDFDCA 
 4734      320DB058 
 4734      02
 4735 1702 EC6BF70C 		.ascii	"\354k\367\014\350\376\232q\267\006X\"\001Z\026\366f"
 4735      E8FE9A71 
 4735      B7065822 
 4735      015A16F6 
 4735      66
 4736 1713 EADEC696 		.ascii	"\352\336\306\226i\200|\011\220\332r5K\007\330\253\001"
 4736      69807C09 
 4736      90DA7235 
 4736      4B07D8AB 
ARM GAS  /tmp/ccBn30D0.s 			page 189


 4736      01
 4737 1724 0A244073 		.ascii	"\012$@s\306\300\264`\015\320\252\001\226\262?%7|\036"
 4737      C6C0B460 
 4737      0DD0AA01 
 4737      96B23F25 
 4737      377C1E
 4738 1737 679DE81C 		.ascii	"g\235\350\034\343\212\211u\330\242\222\254\016\327\324"
 4738      E38A8975 
 4738      D8A292AC 
 4738      0ED7D4
 4739 1746 C8F76362 		.ascii	"\310\367cb?\213\375\355\204\310Dg\244\303\025\351tD"
 4739      3F8BFDED 
 4739      84C84467 
 4739      A4C315E9 
 4739      7444
 4740 1758 4746C7D8 		.ascii	"GF\307\330'\331\023\\\316\327\243M\277\374\315'\243"
 4740      27D9135C 
 4740      CED7A34D 
 4740      BFFCCD27 
 4740      A3
 4741 1769 DE1FFBB6 		.ascii	"\336\037\373\266\020\241\335{\335:v\334[6\273\375m\301"
 4741      10A1DD7B 
 4741      DD3A76DC 
 4741      5B36BBFD 
 4741      6DC1
 4742 177b C26F718D 		.ascii	"\302oq\215Q.\243\364\373\020~\210\267:\277\210r\231"
 4742      512EA3F4 
 4742      FB107E88 
 4742      B73ABF88 
 4742      7299
 4743 178d E2629D2E 		.ascii	"\342b\235.{\202\335\021\034\035\023\345\212q\330\255"
 4743      7B82DD11 
 4743      1C1D13E5 
 4743      8A71D8AD 
 4744 179d 36937488 		.ascii	"6\223t\210r\211\011\366)\256P\016\216R`C\275/Q\347d"
 4744      728909F6 
 4744      29AE500E 
 4744      8E526043 
 4744      BD2F51E7 
 4745 17b2 AEFC6F22 		.ascii	"\256\374o\"c\022\343\355\221\261\326\204\310\237'F'"
 4745      6312E3ED 
 4745      91B1D684 
 4745      C89F2746 
 4745      27
 4746 17c3 C7339EC8 		.ascii	"\3073\236\310\367>\372\370\327Q\237Y\343"
 4746      F73EFAF8 
 4746      D7519F59 
 4746      E3
 4747 17d0 AC09D176 		.ascii	"\254\011\321v\341\265\301\035\212M\210\216K\266\331"
 4747      E1B5C11D 
 4747      8A4D888E 
 4747      4BB6D9
 4748 17df 35A76204 		.ascii	"5\247b\004\223\313\351\262\272\354Q\256\020\347Tgl\202"
 4748      93CBE9B2 
 4748      BAEC51AE 
 4748      10E75467 
 4748      6C82
ARM GAS  /tmp/ccBn30D0.s 			page 190


 4749 17f1 CBEE9864 		.ascii	"\313\356\230d\215\213rI\356D9\023\223\035\321\366P\375"
 4749      8D8B7249 
 4749      EE443913 
 4749      931DD1F6 
 4749      50FD
 4750 1803 05BA8256 		.ascii	"\005\272\202V\307%9b\023\203\\\354;\312\025\024\357"
 4750      C7253962 
 4750      13835CEC 
 4750      3BCA1514 
 4750      EF
 4751 1814 9AC20C35 		.ascii	"\232\302\0145\241k\361\311.\373\024\223=\311\236`\213"
 4751      A16BF1C9 
 4751      2EFB1493 
 4751      3DC99E60 
 4751      8B
 4752 1825 4D98688A 		.ascii	"M\230h\212wN\3742\331\236lg?\361\023\263r\202n'9\354"
 4752      774EFC32 
 4752      D99E6C67 
 4752      3FF113B3 
 4752      72826E27 
 4753 183b 93FEFE59 		.ascii	"\223\376\376Y\254e\312\231\261A\223\255\261.T\033\204"
 4753      AC65CA99 
 4753      B14193AD 
 4753      B12E541B 
 4753      84
 4754 184c 4AD8BD60 		.ascii	"J\330\275`\371\030\345\202d\243}2\213\264q\262\013\255"
 4754      F918E582 
 4754      64A37D32 
 4754      8BB471B2 
 4754      0BAD
 4755 185e 49C283D3 		.ascii	"I\302\203\323\036\237dA\000\036\255I1\211\016{\220\223"
 4755      1E9F6441 
 4755      001EAD49 
 4755      31890E7B 
 4755      9093
 4756 1870 F58673A2 		.ascii	"\365\206s\242\001[\224\3130\331\345r$\015\227\373\300"
 4756      015B94CB 
 4756      30D9E572 
 4756      240D97FB 
 4756      C0
 4757 1881 61FFDCEE 		.ascii	"a\377\334\356\260'0\367P4\361\263\377I2\331\247\304"
 4757      B02730F7 
 4757      5034F1B3 
 4757      FF4932D9 
 4757      A7C4
 4758 1893 BAA2136D 		.ascii	"\272\242\023mv\243\3036\025%^\177\026CQ\320\036\315"
 4758      76A3C336 
 4758      15255E7F 
 4758      164351D0 
 4758      1ECD
 4759 18a5 4D1551A3 		.ascii	"M\025Q\2433\310\305\2761@\256xT\204\234<\326\306\311"
 4759      33C8C5BE 
 4759      3140AE78 
 4759      54849C3C 
 4759      D6C6C9
 4760 18b8 D6CFAC4E 		.ascii	"\326\317\254N\273\331\351\372\302\032\027;1\201%\200"
 4760      BBD9E9FA 
ARM GAS  /tmp/ccBn30D0.s 			page 191


 4760      C21A173B 
 4760      31812580 
 4761 18c8 35DE2E46 		.ascii	"5\336.F\307X\035\206\304\311\330\333\241hv\2423*6\001"
 4761      C7581D86 
 4761      C4C9D8DB 
 4761      A16876A2 
 4761      332A3601 
 4762 18dc F1685388 		.ascii	"\361hS\210\356\034\355s\360\370\321h\327\024\342L\032"
 4762      EE1CED73 
 4762      F0F8D168 
 4762      D714E24C 
 4762      1A
 4763 18ed 9294E870 		.ascii	"\222\224\350p\341\257.\274\264\360\363\350D\354\305"
 4763      E1AF2EBC 
 4763      B4F0F3E8 
 4763      44ECC5
 4764 18fc 29AE7F1C 		.ascii	")\256\177\034\304\336\350\304\370\370\304\204H\006u"
 4764      C4DEE8C4 
 4764      F8F8C484 
 4764      480675
 4765 190b 46BEFBF1 		.ascii	"F\276\373\361\207\223\336~\355C\264<\032\003\204f\323"
 4765      8793DE7E 
 4765      ED43B43C 
 4765      1A038466 
 4765      D3
 4766 191c 189BC398 		.ascii	"\030\233\303\230\304\011\206\241\021\254\177\035\261"
 4766      C40986A1 
 4766      11AC7F1D 
 4766      B1
 4767 1929 AEA95297 		.ascii	"\256\251R\227\205\373\335\341\235\030\233h\340\027\""
 4767      85FBDDE1 
 4767      9D189B68 
 4767      E01722
 4768 1938 EB0A437C 		.ascii	"\353\012C|Rbb\\0\317\230X\314m\034\0031\326\004[\034"
 4768      5262625C 
 4768      30CF9858 
 4768      CC6D1C03 
 4768      31D6045B 
 4769 194d 4B613AF6 		.ascii	"Ka:\366-!\314\352\210\237\364\266\375\265\370\237|\236"
 4769      2D21CCEA 
 4769      889FF4B6 
 4769      FDB5F89F 
 4769      7C9E
 4770 195f F4BA2D49 		.ascii	"\364\272-I0#1\232\373Z\374\333\302\213\3211\037Lr}l"
 4770      3023319A 
 4770      FB5AFCDB 
 4770      C28BD131 
 4770      1F4C727D 
 4771 1974 9FC872DE 		.ascii	"\237\310r\336\361!v\346\357c]1\277`Y?\376\307\317:J"
 4771      F12176E6 
 4771      EF635D31 
 4771      BF60593F 
 4771      FEC7CF3A 
 4772 1989 851706D7 		.ascii	"\205\027\006\327\022\306\177\372$\301!\377\370\034\277"
 4772      12C67FFA 
 4772      24C121FF 
 4772      F81CBF
ARM GAS  /tmp/ccBn30D0.s 			page 192


 4773 1998 FEA5DDF5 		.ascii	"\376\245\335\365n\202\355\3758\273\325\361\001W2\376"
 4773      6E82EDFD 
 4773      38BBD5F1 
 4773      015732FE 
 4774 19a8 7B81EF87 		.ascii	"{\201\357\207\362\333\357\332l\322\245\037J\262tD\300"
 4774      F2DBEFDA 
 4774      6CD2A51F 
 4774      4AB27444 
 4774      C0
 4775 19b9 DB167E77 		.ascii	"\333\026~w\002\366\2665n\374\020\335E\004?\177\317\221"
 4775      02F6B635 
 4775      6EFC10DD 
 4775      45043F7F 
 4775      CF91
 4776 19cb 68B5455B 		.ascii	"h\265E[\235.IGx\200\233!\374\336\317c\235IVWt\214\244"
 4776      9D2E4947 
 4776      78809B21 
 4776      FCDECF63 
 4776      9D495657 
 4777 19e2 EFF7381C 		.ascii	"\357\3678\034~\233`\327.\336M\230\252\273\210\213\013"
 4777      7E9B60D7 
 4777      2EDE4D98 
 4777      AABB888B 
 4777      0B
 4778 19f3 D7C37E17 		.ascii	"\327\303~\027\033oOLv\205\353\321\376\367\342\342\344"
 4778      1B6F4F4C 
 4778      7685EBD1 
 4778      FEF7E2E2 
 4778      E4
 4779 1a04 7B68E584 		.ascii	"{h\345\204\350\230\217qtL\035\377\223gI~gt\214\015S"
 4779      E8988F71 
 4779      744C1DFF 
 4779      9367497E 
 4779      67748C0D 
 4780 1a19 68A82C87 		.ascii	"h\250,\207\227v[r\234}B\010\277\361\313\304\011qv{\322"
 4780      97765B72 
 4780      9C7D4208 
 4780      BFF1CBC4 
 4780      0971767B 
 4781 1a2e 8408FD95 		.ascii	"\204\010\375\225L5\201F\307\274Am\237M\014c\343u*\366"
 4781      4C358146 
 4781      C7BC416D 
 4781      9F4D0C63 
 4781      E3752AF6 
 4782 1a42 4D7C94CD 		.ascii	"M|\224\315\376Y\362\304\340$kBlt\024\016\277g\252\023"
 4782      FE59F2C4 
 4782      E0246B42 
 4782      6C74140E 
 4782      BF67AA13 
 4783 1a56 5C064D08 		.ascii	"\\\006M\010\325\353\210r\231\343\2558@\370@7\342\350"
 4783      D5EB8872 
 4783      99E3AD38 
 4783      40F84037 
 4783      E2E8
 4784 1a68 F83C76E2 		.ascii	"\370<v\342\010\357\001\026%\335\215\360\277\205\011"
 4784      08EF0116 
 4784      25DD8DF0 
ARM GAS  /tmp/ccBn30D0.s 			page 193


 4784      BF8509
 4785 1a77 EEF83C3A 		.ascii	"\356\370<:\231\025\034v\024Y\211\031\302\316\242\244"
 4785      99151C76 
 4785      14598919 
 4785      C2CEA2A4 
 4786 1a87 B2FE4C81 		.ascii	"\262\376L\201ax\264\312\310\345\\Al\250E\305\332\202"
 4786      6178B4CA 
 4786      C8E55C41 
 4786      6CA845C5 
 4786      DA82
 4787 1a99 E523DEC1 		.ascii	"\345#\336\301\204dcg\010c\341\271\351\230jVNp\300Or"
 4787      84646367 
 4787      0863E1B9 
 4787      E9986A56 
 4787      4E70C04F 
 4788 1aae F1EA1A87 		.ascii	"\361\352\032\207\251\340\302\200\0053\357\360\210\365"
 4788      A9E0C280 
 4788      0533EFF0 
 4788      88F5
 4789 1abc C4C67EC0 		.ascii	"\304\306~\300\370\242\247q.+\257\205a^W\014\303.0Y\243"
 4789      F8A2A771 
 4789      2E2BAF85 
 4789      615E570C 
 4789      C32E3059 
 4790 1ad1 26C53A5C 		.ascii	"&\305:\\\311\254\270\243\254\303)\025P\246\023\035\216"
 4790      C9ACB8A3 
 4790      ACC32915 
 4790      50A6131D 
 4790      8E
 4791 1ae2 4F322563 		.ascii	"O2%c\210\336\372\207(\327\210\0000\324\342P\230X\024"
 4791      88DEFA87 
 4791      28D78800 
 4791      30D4E250 
 4791      985814
 4792 1af5 A7F2BB41 		.ascii	"\247\362\273A\321\311\016\254\231.\213v\013'\016\227"
 4792      D1C90EAC 
 4792      992E8B76 
 4792      0B270E97 
 4793 1b05 C38AD1FB 		.ascii	"\303\212\321\373,\371s,\2504\311\345\010\221nHS\210"
 4793      2CF9732C 
 4793      A834C9E5 
 4793      08916E48 
 4793      5388
 4794 1b17 4B74C6FE 		.ascii	"Kt\306\376\321\316\271\306\276\025\345\012v&;\331La"
 4794      D1CEB9C6 
 4794      BE15E50A 
 4794      76263BD9 
 4794      4C61
 4795 1b29 B7192501 		.ascii	"\267\031%\001\221\221\362\237\337\034\307\342\"\331"
 4795      9191F29F 
 4795      DF1CC7E2 
 4795      22D9
 4796 1b37 26BAA626 		.ascii	"&\272\246&\331\305d'*LN\032\207m\3543e\003'f\2458\306"
 4796      D9C56427 
 4796      2A4C4E1A 
 4796      876DEC33 
 4796      65032766 
ARM GAS  /tmp/ccBn30D0.s 			page 194


 4797 1b4e 1A8755D3 		.ascii	"\032\207U\323nu&&\320X\247\203bA\247\230R\304\225D\234"
 4797      6E752626 
 4797      D058A783 
 4797      6241A798 
 4797      52C49544 
 4798 1b63 9369822B 		.ascii	"\223i\202+)Tot\224\353\357\236)\333\247\2622\217\021"
 4798      29546F74 
 4798      94EBEF9E 
 4798      29DBA7B2 
 4798      328F11
 4799 1b76 F95D8C0D 		.ascii	"\371]\214\015G\373\004{\334\347\377\371Ls\204\224\210"
 4799      47FB047B 
 4799      DCE7FFF9 
 4799      4C738494 
 4799      88
 4800 1b87 5C380A27 		.ascii	"\\8\012''W\324{\357N\370\340\243\217\307\207X\343&["
 4800      2757D47B 
 4800      EF4EF8E0 
 4800      A38FC787 
 4800      58E3265B 
 4801 1b9b A7B20C8C 		.ascii	"\247\262\014\214\213M\260\177\360\365\345\033\013<+"
 4801      8B4DB07F 
 4801      F0F5E51B 
 4801      0B3C2B
 4802 1baa DE91EF7F 		.ascii	"\336\221\357\1778a\374\204\310\3671\223\"\307+\014\361"
 4802      3861FC84 
 4802      C8F73193 
 4802      22C72B0C 
 4802      F1
 4803 1bbb CE5867D4 		.ascii	"\316Xg\324\304\350hd\300\011r\302T\347\257\023\243\277"
 4803      C4E86864 
 4803      C00972C2 
 4803      54E7AF13 
 4803      A3BF
 4804 1bcd 08E67343 		.ascii	"\010\346sC\034\236\015\341\367>I\340\347\374n2?\017"
 4804      1C9E0DE1 
 4804      F73E49E0 
 4804      E7FC6E32 
 4804      3F0F
 4805 1bdf F32E6FE3 		.ascii	"\363.o\343\377\027\007>\343\263"
 4805      FF17073E 
 4805      E3B3
 4806              		.text
 4807              		.section	.gnu.lto_.symtab.cc9bb7b850bc0f1d,"e",%progbits
 4808 0000 63684576 		.ascii	"chEvtRegisterMaskWithFlagsI\000"
 4808      74526567 
 4808      69737465 
 4808      724D6173 
 4808      6B576974 
 4809 001c 00       		.ascii	"\000"
 4810 001d 00       		.ascii	"\000"
 4811 001e 00       		.ascii	"\000"
 4812 001f 00000000 		.ascii	"\000\000\000\000\000\000\000\000"
 4812      00000000 
 4813 0027 88010000 		.ascii	"\210\001\000\000"
 4814 002b 63684576 		.ascii	"chEvtRegisterMaskWithFlags\000"
 4814      74526567 
ARM GAS  /tmp/ccBn30D0.s 			page 195


 4814      69737465 
 4814      724D6173 
 4814      6B576974 
 4815 0046 00       		.ascii	"\000"
 4816 0047 00       		.ascii	"\000"
 4817 0048 00       		.ascii	"\000"
 4818 0049 00000000 		.ascii	"\000\000\000\000\000\000\000\000"
 4818      00000000 
 4819 0051 8A010000 		.ascii	"\212\001\000\000"
 4820 0055 63684576 		.ascii	"chEvtUnregister\000"
 4820      74556E72 
 4820      65676973 
 4820      74657200 
 4821 0065 00       		.ascii	"\000"
 4822 0066 00       		.ascii	"\000"
 4823 0067 00       		.ascii	"\000"
 4824 0068 00000000 		.ascii	"\000\000\000\000\000\000\000\000"
 4824      00000000 
 4825 0070 8F010000 		.ascii	"\217\001\000\000"
 4826 0074 63684576 		.ascii	"chEvtGetAndClearEventsI\000"
 4826      74476574 
 4826      416E6443 
 4826      6C656172 
 4826      4576656E 
 4827 008c 00       		.ascii	"\000"
 4828 008d 00       		.ascii	"\000"
 4829 008e 00       		.ascii	"\000"
 4830 008f 00000000 		.ascii	"\000\000\000\000\000\000\000\000"
 4830      00000000 
 4831 0097 93010000 		.ascii	"\223\001\000\000"
 4832 009b 63684576 		.ascii	"chEvtGetAndClearEvents\000"
 4832      74476574 
 4832      416E6443 
 4832      6C656172 
 4832      4576656E 
 4833 00b2 00       		.ascii	"\000"
 4834 00b3 00       		.ascii	"\000"
 4835 00b4 00       		.ascii	"\000"
 4836 00b5 00000000 		.ascii	"\000\000\000\000\000\000\000\000"
 4836      00000000 
 4837 00bd 95010000 		.ascii	"\225\001\000\000"
 4838 00c1 63684576 		.ascii	"chEvtAddEvents\000"
 4838      74416464 
 4838      4576656E 
 4838      747300
 4839 00d0 00       		.ascii	"\000"
 4840 00d1 00       		.ascii	"\000"
 4841 00d2 00       		.ascii	"\000"
 4842 00d3 00000000 		.ascii	"\000\000\000\000\000\000\000\000"
 4842      00000000 
 4843 00db 97010000 		.ascii	"\227\001\000\000"
 4844 00df 63684576 		.ascii	"chEvtGetAndClearFlagsI\000"
 4844      74476574 
 4844      416E6443 
 4844      6C656172 
 4844      466C6167 
 4845 00f6 00       		.ascii	"\000"
ARM GAS  /tmp/ccBn30D0.s 			page 196


 4846 00f7 00       		.ascii	"\000"
 4847 00f8 00       		.ascii	"\000"
 4848 00f9 00000000 		.ascii	"\000\000\000\000\000\000\000\000"
 4848      00000000 
 4849 0101 9B010000 		.ascii	"\233\001\000\000"
 4850 0105 63684576 		.ascii	"chEvtGetAndClearFlags\000"
 4850      74476574 
 4850      416E6443 
 4850      6C656172 
 4850      466C6167 
 4851 011b 00       		.ascii	"\000"
 4852 011c 00       		.ascii	"\000"
 4853 011d 00       		.ascii	"\000"
 4854 011e 00000000 		.ascii	"\000\000\000\000\000\000\000\000"
 4854      00000000 
 4855 0126 9D010000 		.ascii	"\235\001\000\000"
 4856 012a 63684576 		.ascii	"chEvtSignalI\000"
 4856      74536967 
 4856      6E616C49 
 4856      00
 4857 0137 00       		.ascii	"\000"
 4858 0138 00       		.ascii	"\000"
 4859 0139 00       		.ascii	"\000"
 4860 013a 00000000 		.ascii	"\000\000\000\000\000\000\000\000"
 4860      00000000 
 4861 0142 A2010000 		.ascii	"\242\001\000\000"
 4862 0146 63684576 		.ascii	"chEvtSignal\000"
 4862      74536967 
 4862      6E616C00 
 4863 0152 00       		.ascii	"\000"
 4864 0153 00       		.ascii	"\000"
 4865 0154 00       		.ascii	"\000"
 4866 0155 00000000 		.ascii	"\000\000\000\000\000\000\000\000"
 4866      00000000 
 4867 015d A4010000 		.ascii	"\244\001\000\000"
 4868 0161 63684576 		.ascii	"chEvtBroadcastFlagsI\000"
 4868      7442726F 
 4868      61646361 
 4868      7374466C 
 4868      61677349 
 4869 0176 00       		.ascii	"\000"
 4870 0177 00       		.ascii	"\000"
 4871 0178 00       		.ascii	"\000"
 4872 0179 00000000 		.ascii	"\000\000\000\000\000\000\000\000"
 4872      00000000 
 4873 0181 A9010000 		.ascii	"\251\001\000\000"
 4874 0185 63684576 		.ascii	"chEvtBroadcastFlags\000"
 4874      7442726F 
 4874      61646361 
 4874      7374466C 
 4874      61677300 
 4875 0199 00       		.ascii	"\000"
 4876 019a 00       		.ascii	"\000"
 4877 019b 00       		.ascii	"\000"
 4878 019c 00000000 		.ascii	"\000\000\000\000\000\000\000\000"
 4878      00000000 
 4879 01a4 AB010000 		.ascii	"\253\001\000\000"
ARM GAS  /tmp/ccBn30D0.s 			page 197


 4880 01a8 63684576 		.ascii	"chEvtDispatch\000"
 4880      74446973 
 4880      70617463 
 4880      6800
 4881 01b6 00       		.ascii	"\000"
 4882 01b7 00       		.ascii	"\000"
 4883 01b8 00       		.ascii	"\000"
 4884 01b9 00000000 		.ascii	"\000\000\000\000\000\000\000\000"
 4884      00000000 
 4885 01c1 B0010000 		.ascii	"\260\001\000\000"
 4886 01c5 63684576 		.ascii	"chEvtWaitOne\000"
 4886      74576169 
 4886      744F6E65 
 4886      00
 4887 01d2 00       		.ascii	"\000"
 4888 01d3 00       		.ascii	"\000"
 4889 01d4 00       		.ascii	"\000"
 4890 01d5 00000000 		.ascii	"\000\000\000\000\000\000\000\000"
 4890      00000000 
 4891 01dd B2010000 		.ascii	"\262\001\000\000"
 4892 01e1 63684576 		.ascii	"chEvtWaitAny\000"
 4892      74576169 
 4892      74416E79 
 4892      00
 4893 01ee 00       		.ascii	"\000"
 4894 01ef 00       		.ascii	"\000"
 4895 01f0 00       		.ascii	"\000"
 4896 01f1 00000000 		.ascii	"\000\000\000\000\000\000\000\000"
 4896      00000000 
 4897 01f9 B4010000 		.ascii	"\264\001\000\000"
 4898 01fd 63684576 		.ascii	"chEvtWaitAll\000"
 4898      74576169 
 4898      74416C6C 
 4898      00
 4899 020a 00       		.ascii	"\000"
 4900 020b 00       		.ascii	"\000"
 4901 020c 00       		.ascii	"\000"
 4902 020d 00000000 		.ascii	"\000\000\000\000\000\000\000\000"
 4902      00000000 
 4903 0215 B6010000 		.ascii	"\266\001\000\000"
 4904 0219 63684576 		.ascii	"chEvtWaitOneTimeout\000"
 4904      74576169 
 4904      744F6E65 
 4904      54696D65 
 4904      6F757400 
 4905 022d 00       		.ascii	"\000"
 4906 022e 00       		.ascii	"\000"
 4907 022f 00       		.ascii	"\000"
 4908 0230 00000000 		.ascii	"\000\000\000\000\000\000\000\000"
 4908      00000000 
 4909 0238 BB010000 		.ascii	"\273\001\000\000"
 4910 023c 63684576 		.ascii	"chEvtWaitAnyTimeout\000"
 4910      74576169 
 4910      74416E79 
 4910      54696D65 
 4910      6F757400 
 4911 0250 00       		.ascii	"\000"
ARM GAS  /tmp/ccBn30D0.s 			page 198


 4912 0251 00       		.ascii	"\000"
 4913 0252 00       		.ascii	"\000"
 4914 0253 00000000 		.ascii	"\000\000\000\000\000\000\000\000"
 4914      00000000 
 4915 025b BD010000 		.ascii	"\275\001\000\000"
 4916 025f 63684576 		.ascii	"chEvtWaitAllTimeout\000"
 4916      74576169 
 4916      74416C6C 
 4916      54696D65 
 4916      6F757400 
 4917 0273 00       		.ascii	"\000"
 4918 0274 00       		.ascii	"\000"
 4919 0275 00       		.ascii	"\000"
 4920 0276 00000000 		.ascii	"\000\000\000\000\000\000\000\000"
 4920      00000000 
 4921 027e BF010000 		.ascii	"\277\001\000\000"
 4922 0282 63683000 		.ascii	"ch0\000"
 4923 0286 00       		.ascii	"\000"
 4924 0287 02       		.ascii	"\002"
 4925 0288 00       		.ascii	"\000"
 4926 0289 00000000 		.ascii	"\000\000\000\000\000\000\000\000"
 4926      00000000 
 4927 0291 7A020000 		.ascii	"z\002\000\000"
 4928 0295 63685363 		.ascii	"chSchReadyI\000"
 4928      68526561 
 4928      64794900 
 4929 02a1 00       		.ascii	"\000"
 4930 02a2 02       		.ascii	"\002"
 4931 02a3 00       		.ascii	"\000"
 4932 02a4 00000000 		.ascii	"\000\000\000\000\000\000\000\000"
 4932      00000000 
 4933 02ac C3010000 		.ascii	"\303\001\000\000"
 4934 02b0 63685363 		.ascii	"chSchRescheduleS\000"
 4934      68526573 
 4934      63686564 
 4934      756C6553 
 4934      00
 4935 02c1 00       		.ascii	"\000"
 4936 02c2 02       		.ascii	"\002"
 4937 02c3 00       		.ascii	"\000"
 4938 02c4 00000000 		.ascii	"\000\000\000\000\000\000\000\000"
 4938      00000000 
 4939 02cc C6010000 		.ascii	"\306\001\000\000"
 4940 02d0 63685363 		.ascii	"chSchGoSleepS\000"
 4940      68476F53 
 4940      6C656570 
 4940      5300
 4941 02de 00       		.ascii	"\000"
 4942 02df 02       		.ascii	"\002"
 4943 02e0 00       		.ascii	"\000"
 4944 02e1 00000000 		.ascii	"\000\000\000\000\000\000\000\000"
 4944      00000000 
 4945 02e9 CA010000 		.ascii	"\312\001\000\000"
 4946 02ed 63685363 		.ascii	"chSchGoSleepTimeoutS\000"
 4946      68476F53 
 4946      6C656570 
 4946      54696D65 
ARM GAS  /tmp/ccBn30D0.s 			page 199


 4946      6F757453 
 4947 0302 00       		.ascii	"\000"
 4948 0303 02       		.ascii	"\002"
 4949 0304 00       		.ascii	"\000"
 4950 0305 00000000 		.ascii	"\000\000\000\000\000\000\000\000"
 4950      00000000 
 4951 030d CF010000 		.ascii	"\317\001\000\000"
 4952              		.text
 4953              		.section	.gnu.lto_.ext_symtab.cc9bb7b850bc0f1d,"e",%progbits
 4954 0000 01       		.ascii	"\001"
 4955 0001 01       		.ascii	"\001"
 4956 0002 00       		.ascii	"\000"
 4957 0003 01       		.ascii	"\001"
 4958 0004 00       		.ascii	"\000"
 4959 0005 01       		.ascii	"\001"
 4960 0006 00       		.ascii	"\000"
 4961 0007 01       		.ascii	"\001"
 4962 0008 00       		.ascii	"\000"
 4963 0009 01       		.ascii	"\001"
 4964 000a 00       		.ascii	"\000"
 4965 000b 01       		.ascii	"\001"
 4966 000c 00       		.ascii	"\000"
 4967 000d 01       		.ascii	"\001"
 4968 000e 00       		.ascii	"\000"
 4969 000f 01       		.ascii	"\001"
 4970 0010 00       		.ascii	"\000"
 4971 0011 01       		.ascii	"\001"
 4972 0012 00       		.ascii	"\000"
 4973 0013 01       		.ascii	"\001"
 4974 0014 00       		.ascii	"\000"
 4975 0015 01       		.ascii	"\001"
 4976 0016 00       		.ascii	"\000"
 4977 0017 01       		.ascii	"\001"
 4978 0018 00       		.ascii	"\000"
 4979 0019 01       		.ascii	"\001"
 4980 001a 00       		.ascii	"\000"
 4981 001b 01       		.ascii	"\001"
 4982 001c 00       		.ascii	"\000"
 4983 001d 01       		.ascii	"\001"
 4984 001e 00       		.ascii	"\000"
 4985 001f 01       		.ascii	"\001"
 4986 0020 00       		.ascii	"\000"
 4987 0021 01       		.ascii	"\001"
 4988 0022 00       		.ascii	"\000"
 4989 0023 01       		.ascii	"\001"
 4990 0024 00       		.ascii	"\000"
 4991 0025 01       		.ascii	"\001"
 4992 0026 00       		.ascii	"\000"
 4993 0027 02       		.ascii	"\002"
 4994 0028 01       		.ascii	"\001"
 4995 0029 01       		.ascii	"\001"
 4996 002a 00       		.ascii	"\000"
 4997 002b 01       		.ascii	"\001"
 4998 002c 00       		.ascii	"\000"
 4999 002d 01       		.ascii	"\001"
 5000 002e 00       		.ascii	"\000"
 5001 002f 01       		.ascii	"\001"
ARM GAS  /tmp/ccBn30D0.s 			page 200


 5002 0030 00       		.ascii	"\000"
 5003              		.text
 5004              		.section	.gnu.lto_.opts,"e",%progbits
 5005 0000 272D666E 		.ascii	"'-fno-openmp' '-fno-openacc' '-fno-pie' '-fcf-prote"
 5005      6F2D6F70 
 5005      656E6D70 
 5005      2720272D 
 5005      666E6F2D 
 5006 0033 6374696F 		.ascii	"ction=none' '-g' '-mcpu=cortex-m7' '-mthumb' '-mflo"
 5006      6E3D6E6F 
 5006      6E652720 
 5006      272D6727 
 5006      20272D6D 
 5007 0066 61742D61 		.ascii	"at-abi=hard' '-mfpu=fpv5-d16' '-mlibarch=armv7e-m+f"
 5007      62693D68 
 5007      61726427 
 5007      20272D6D 
 5007      6670753D 
 5008 0099 702E6470 		.ascii	"p.dp' '-march=armv7e-m+fp.dp' '-O2' '-fomit-frame-p"
 5008      2720272D 
 5008      6D617263 
 5008      683D6172 
 5008      6D763765 
 5009 00cc 6F696E74 		.ascii	"ointer' '-falign-functions=16' '-ffunction-sections"
 5009      65722720 
 5009      272D6661 
 5009      6C69676E 
 5009      2D66756E 
 5010 00ff 2720272D 		.ascii	"' '-fdata-sections' '-fno-common' '-flto' '-Xassemb"
 5010      66646174 
 5010      612D7365 
 5010      6374696F 
 5010      6E732720 
 5011 0132 6C657227 		.ascii	"ler' '-alms=build/lst/chevents.lst'\000"
 5011      20272D61 
 5011      6C6D733D 
 5011      6275696C 
 5011      642F6C73 
 5012              		.text
 5013              		.comm	__gnu_lto_slim,1,1
 5014              		.ident	"GCC: (15:10.3-2021.07-4) 10.3.1 20210621 (release)"
ARM GAS  /tmp/ccBn30D0.s 			page 201


DEFINED SYMBOLS
                            *ABS*:0000000000000000 chevents.c
     /tmp/ccBn30D0.s:34     .gnu.debuglto_.debug_info:0000000000000000 chevents.c.a126dee7
                            *COM*:0000000000000001 __gnu_lto_slim

NO UNDEFINED SYMBOLS
