ARM GAS  /tmp/ccAvL6mB.s 			page 1


   1              		.cpu cortex-m7
   2              		.eabi_attribute 28, 1
   3              		.eabi_attribute 20, 1
   4              		.eabi_attribute 21, 1
   5              		.eabi_attribute 23, 3
   6              		.eabi_attribute 24, 1
   7              		.eabi_attribute 25, 1
   8              		.eabi_attribute 26, 1
   9              		.eabi_attribute 30, 2
  10              		.eabi_attribute 34, 1
  11              		.eabi_attribute 18, 4
  12              		.file	"chfactory.c"
  13              		.file 1 "/usr/lib/gcc/arm-none-eabi/10.3.1/include/stddef.h"
  14              		.file 2 "/usr/lib/gcc/arm-none-eabi/10.3.1/include/stdint.h"
  15              		.file 3 "third_party/ChibiOS/os/common/ports/ARM-common/chtypes.h"
  16              		.file 4 "third_party/ChibiOS/os/rt/include/chearly.h"
  17              		.file 5 "third_party/ChibiOS/os/rt/include/chobjects.h"
  18              		.file 6 "third_party/ChibiOS/os/rt/include/chrfcu.h"
  19              		.file 7 "third_party/ChibiOS/os/rt/include/chdebug.h"
  20              		.file 8 "third_party/ChibiOS/os/rt/include/chtime.h"
  21              		.file 9 "third_party/ChibiOS/os/rt/include/chlists.h"
  22              		.file 10 "third_party/ChibiOS/os/rt/include/chtrace.h"
  23              		.file 11 "third_party/ChibiOS/os/common/ports/ARMv7-M/chcore.h"
  24              		.file 12 "third_party/ChibiOS/os/rt/include/chsem.h"
  25              		.file 13 "third_party/ChibiOS/os/rt/include/chmtx.h"
  26              		.file 14 "third_party/ChibiOS/os/oslib/include/chmboxes.h"
  27              		.file 15 "third_party/ChibiOS/os/oslib/include/chmemcore.h"
  28              		.file 16 "third_party/ChibiOS/os/oslib/include/chmempools.h"
  29              		.file 17 "third_party/ChibiOS/os/oslib/include/chobjfifos.h"
  30              		.file 18 "third_party/ChibiOS/os/oslib/include/chpipes.h"
  31              		.file 19 "third_party/ChibiOS/os/oslib/include/chfactory.h"
  32              		.file 20 "third_party/ChibiOS/os/oslib/src/chfactory.c"
  33              		.section	.gnu.debuglto_.debug_info,"e",%progbits
  34              	.Ldebug_info0:
  35              		.hidden	chfactory.c.c17711e7
  36              		.weak	chfactory.c.c17711e7
  37              	chfactory.c.c17711e7:
  38 0000 1C150000 		.4byte	0x151c
  39 0004 0400     		.2byte	0x4
  40 0006 00000000 		.4byte	.Ldebug_abbrev0
  41 000a 04       		.byte	0x4
  42 000b 01       		.uleb128 0x1
  43 000c B7040000 		.4byte	.LASF211
  44 0010 0C       		.byte	0xc
  45 0011 DF010000 		.4byte	.LASF212
  46 0015 A8060000 		.4byte	.LASF213
  47 0019 00000000 		.4byte	.Ldebug_line0
  48 001d 02       		.uleb128 0x2
  49 001e 04       		.byte	0x4
  50 001f 05       		.byte	0x5
  51 0020 696E7400 		.ascii	"int\000"
  52 0024 03       		.uleb128 0x3
  53 0025 53030000 		.4byte	.LASF11
  54 0029 01       		.byte	0x1
  55 002a D1       		.byte	0xd1
  56 002b 17       		.byte	0x17
  57 002c 30000000 		.4byte	0x30
ARM GAS  /tmp/ccAvL6mB.s 			page 2


  58 0030 04       		.uleb128 0x4
  59 0031 04       		.byte	0x4
  60 0032 07       		.byte	0x7
  61 0033 DE000000 		.4byte	.LASF0
  62 0037 04       		.uleb128 0x4
  63 0038 08       		.byte	0x8
  64 0039 05       		.byte	0x5
  65 003a 91050000 		.4byte	.LASF1
  66 003e 04       		.uleb128 0x4
  67 003f 08       		.byte	0x8
  68 0040 04       		.byte	0x4
  69 0041 31070000 		.4byte	.LASF2
  70 0045 04       		.uleb128 0x4
  71 0046 01       		.byte	0x1
  72 0047 06       		.byte	0x6
  73 0048 9B0A0000 		.4byte	.LASF3
  74 004c 04       		.uleb128 0x4
  75 004d 01       		.byte	0x1
  76 004e 08       		.byte	0x8
  77 004f 85090000 		.4byte	.LASF4
  78 0053 04       		.uleb128 0x4
  79 0054 02       		.byte	0x2
  80 0055 05       		.byte	0x5
  81 0056 BF070000 		.4byte	.LASF5
  82 005a 04       		.uleb128 0x4
  83 005b 02       		.byte	0x2
  84 005c 07       		.byte	0x7
  85 005d AD0A0000 		.4byte	.LASF6
  86 0061 04       		.uleb128 0x4
  87 0062 04       		.byte	0x4
  88 0063 05       		.byte	0x5
  89 0064 00000000 		.4byte	.LASF7
  90 0068 04       		.uleb128 0x4
  91 0069 04       		.byte	0x4
  92 006a 07       		.byte	0x7
  93 006b DD080000 		.4byte	.LASF8
  94 006f 04       		.uleb128 0x4
  95 0070 08       		.byte	0x8
  96 0071 07       		.byte	0x7
  97 0072 5D020000 		.4byte	.LASF9
  98 0076 05       		.uleb128 0x5
  99 0077 04       		.byte	0x4
 100 0078 06       		.uleb128 0x6
 101 0079 04       		.byte	0x4
 102 007a 7E000000 		.4byte	0x7e
 103 007e 04       		.uleb128 0x4
 104 007f 01       		.byte	0x1
 105 0080 08       		.byte	0x8
 106 0081 6C040000 		.4byte	.LASF10
 107 0085 07       		.uleb128 0x7
 108 0086 7E000000 		.4byte	0x7e
 109 008a 06       		.uleb128 0x6
 110 008b 04       		.byte	0x4
 111 008c 85000000 		.4byte	0x85
 112 0090 08       		.uleb128 0x8
 113 0091 8A000000 		.4byte	0x8a
 114 0095 09       		.uleb128 0x9
ARM GAS  /tmp/ccAvL6mB.s 			page 3


 115 0096 7E000000 		.4byte	0x7e
 116 009a A5000000 		.4byte	0xa5
 117 009e 0A       		.uleb128 0xa
 118 009f 30000000 		.4byte	0x30
 119 00a3 07       		.byte	0x7
 120 00a4 00       		.byte	0
 121 00a5 03       		.uleb128 0x3
 122 00a6 1E090000 		.4byte	.LASF12
 123 00aa 02       		.byte	0x2
 124 00ab 28       		.byte	0x28
 125 00ac 18       		.byte	0x18
 126 00ad 61000000 		.4byte	0x61
 127 00b1 03       		.uleb128 0x3
 128 00b2 BC050000 		.4byte	.LASF13
 129 00b6 02       		.byte	0x2
 130 00b7 2E       		.byte	0x2e
 131 00b8 18       		.byte	0x18
 132 00b9 4C000000 		.4byte	0x4c
 133 00bd 03       		.uleb128 0x3
 134 00be 4B070000 		.4byte	.LASF14
 135 00c2 02       		.byte	0x2
 136 00c3 31       		.byte	0x31
 137 00c4 19       		.byte	0x19
 138 00c5 5A000000 		.4byte	0x5a
 139 00c9 03       		.uleb128 0x3
 140 00ca F5000000 		.4byte	.LASF15
 141 00ce 02       		.byte	0x2
 142 00cf 34       		.byte	0x34
 143 00d0 19       		.byte	0x19
 144 00d1 68000000 		.4byte	0x68
 145 00d5 03       		.uleb128 0x3
 146 00d6 5D080000 		.4byte	.LASF16
 147 00da 02       		.byte	0x2
 148 00db 37       		.byte	0x37
 149 00dc 19       		.byte	0x19
 150 00dd 6F000000 		.4byte	0x6f
 151 00e1 08       		.uleb128 0x8
 152 00e2 D5000000 		.4byte	0xd5
 153 00e6 03       		.uleb128 0x3
 154 00e7 F6070000 		.4byte	.LASF17
 155 00eb 03       		.byte	0x3
 156 00ec 48       		.byte	0x48
 157 00ed 1D       		.byte	0x1d
 158 00ee D5000000 		.4byte	0xd5
 159 00f2 03       		.uleb128 0x3
 160 00f3 C00A0000 		.4byte	.LASF18
 161 00f7 04       		.byte	0x4
 162 00f8 50       		.byte	0x50
 163 00f9 19       		.byte	0x19
 164 00fa E6000000 		.4byte	0xe6
 165 00fe 03       		.uleb128 0x3
 166 00ff 17070000 		.4byte	.LASF19
 167 0103 04       		.byte	0x4
 168 0104 53       		.byte	0x53
 169 0105 19       		.byte	0x19
 170 0106 B1000000 		.4byte	0xb1
 171 010a 03       		.uleb128 0x3
ARM GAS  /tmp/ccAvL6mB.s 			page 4


 172 010b A7040000 		.4byte	.LASF20
 173 010f 04       		.byte	0x4
 174 0110 54       		.byte	0x54
 175 0111 19       		.byte	0x19
 176 0112 B1000000 		.4byte	0xb1
 177 0116 03       		.uleb128 0x3
 178 0117 D5080000 		.4byte	.LASF21
 179 011b 04       		.byte	0x4
 180 011c 55       		.byte	0x55
 181 011d 19       		.byte	0x19
 182 011e B1000000 		.4byte	0xb1
 183 0122 03       		.uleb128 0x3
 184 0123 3B020000 		.4byte	.LASF22
 185 0127 04       		.byte	0x4
 186 0128 57       		.byte	0x57
 187 0129 19       		.byte	0x19
 188 012a C9000000 		.4byte	0xc9
 189 012e 03       		.uleb128 0x3
 190 012f 30060000 		.4byte	.LASF23
 191 0133 04       		.byte	0x4
 192 0134 58       		.byte	0x58
 193 0135 19       		.byte	0x19
 194 0136 A5000000 		.4byte	0xa5
 195 013a 03       		.uleb128 0x3
 196 013b 14020000 		.4byte	.LASF24
 197 013f 04       		.byte	0x4
 198 0140 5A       		.byte	0x5a
 199 0141 19       		.byte	0x19
 200 0142 C9000000 		.4byte	0xc9
 201 0146 03       		.uleb128 0x3
 202 0147 7B020000 		.4byte	.LASF25
 203 014b 04       		.byte	0x4
 204 014c 5C       		.byte	0x5c
 205 014d 19       		.byte	0x19
 206 014e A5000000 		.4byte	0xa5
 207 0152 03       		.uleb128 0x3
 208 0153 1F070000 		.4byte	.LASF26
 209 0157 04       		.byte	0x4
 210 0158 5D       		.byte	0x5d
 211 0159 19       		.byte	0x19
 212 015a C9000000 		.4byte	0xc9
 213 015e 03       		.uleb128 0x3
 214 015f 160B0000 		.4byte	.LASF27
 215 0163 04       		.byte	0x4
 216 0164 80       		.byte	0x80
 217 0165 12       		.byte	0x12
 218 0166 30000000 		.4byte	0x30
 219 016a 03       		.uleb128 0x3
 220 016b 45030000 		.4byte	.LASF28
 221 016f 04       		.byte	0x4
 222 0170 85       		.byte	0x85
 223 0171 1A       		.byte	0x1a
 224 0172 76010000 		.4byte	0x176
 225 0176 0B       		.uleb128 0xb
 226 0177 DC050000 		.4byte	.LASF43
 227 017b 48       		.byte	0x48
 228 017c 05       		.byte	0x5
ARM GAS  /tmp/ccAvL6mB.s 			page 5


 229 017d 9C       		.byte	0x9c
 230 017e 08       		.byte	0x8
 231 017f 59020000 		.4byte	0x259
 232 0183 0C       		.uleb128 0xc
 233 0184 68647200 		.ascii	"hdr\000"
 234 0188 05       		.byte	0x5
 235 0189 AD       		.byte	0xad
 236 018a 05       		.byte	0x5
 237 018b 20080000 		.4byte	0x820
 238 018f 00       		.byte	0
 239 0190 0C       		.uleb128 0xc
 240 0191 63747800 		.ascii	"ctx\000"
 241 0195 05       		.byte	0x5
 242 0196 B1       		.byte	0xb1
 243 0197 21       		.byte	0x21
 244 0198 63070000 		.4byte	0x763
 245 019c 0C       		.byte	0xc
 246 019d 0D       		.uleb128 0xd
 247 019e B0040000 		.4byte	.LASF29
 248 01a2 05       		.byte	0x5
 249 01a3 B6       		.byte	0xb6
 250 01a4 21       		.byte	0x21
 251 01a5 92030000 		.4byte	0x392
 252 01a9 10       		.byte	0x10
 253 01aa 0D       		.uleb128 0xd
 254 01ab D8020000 		.4byte	.LASF30
 255 01af 05       		.byte	0x5
 256 01b0 BB       		.byte	0xbb
 257 01b1 22       		.byte	0x22
 258 01b2 2D090000 		.4byte	0x92d
 259 01b6 18       		.byte	0x18
 260 01b7 0D       		.uleb128 0xd
 261 01b8 C4080000 		.4byte	.LASF31
 262 01bc 05       		.byte	0x5
 263 01bd C0       		.byte	0xc0
 264 01be 22       		.byte	0x22
 265 01bf 8A000000 		.4byte	0x8a
 266 01c3 1C       		.byte	0x1c
 267 01c4 0D       		.uleb128 0xd
 268 01c5 A0040000 		.4byte	.LASF32
 269 01c9 05       		.byte	0x5
 270 01ca C9       		.byte	0xc9
 271 01cb 22       		.byte	0x22
 272 01cc 33090000 		.4byte	0x933
 273 01d0 20       		.byte	0x20
 274 01d1 0D       		.uleb128 0xd
 275 01d2 FD090000 		.4byte	.LASF33
 276 01d6 05       		.byte	0x5
 277 01d7 CE       		.byte	0xce
 278 01d8 21       		.byte	0x21
 279 01d9 0A010000 		.4byte	0x10a
 280 01dd 24       		.byte	0x24
 281 01de 0D       		.uleb128 0xd
 282 01df 67000000 		.4byte	.LASF34
 283 01e3 05       		.byte	0x5
 284 01e4 D2       		.byte	0xd2
 285 01e5 21       		.byte	0x21
ARM GAS  /tmp/ccAvL6mB.s 			page 6


 286 01e6 FE000000 		.4byte	0xfe
 287 01ea 25       		.byte	0x25
 288 01eb 0D       		.uleb128 0xd
 289 01ec 14010000 		.4byte	.LASF35
 290 01f0 05       		.byte	0x5
 291 01f1 D7       		.byte	0xd7
 292 01f2 21       		.byte	0x21
 293 01f3 16010000 		.4byte	0x116
 294 01f7 26       		.byte	0x26
 295 01f8 0E       		.uleb128 0xe
 296 01f9 7500     		.ascii	"u\000"
 297 01fb 05       		.byte	0x5
 298 01fc 2801     		.2byte	0x128
 299 01fe 21       		.byte	0x21
 300 01ff 4E080000 		.4byte	0x84e
 301 0203 28       		.byte	0x28
 302 0204 0F       		.uleb128 0xf
 303 0205 93090000 		.4byte	.LASF36
 304 0209 05       		.byte	0x5
 305 020a 2D01     		.2byte	0x12d
 306 020c 21       		.byte	0x21
 307 020d 65030000 		.4byte	0x365
 308 0211 2C       		.byte	0x2c
 309 0212 0F       		.uleb128 0xf
 310 0213 D3050000 		.4byte	.LASF37
 311 0217 05       		.byte	0x5
 312 0218 3301     		.2byte	0x133
 313 021a 21       		.byte	0x21
 314 021b 92030000 		.4byte	0x392
 315 021f 30       		.byte	0x30
 316 0220 0F       		.uleb128 0xf
 317 0221 BD000000 		.4byte	.LASF38
 318 0225 05       		.byte	0x5
 319 0226 3901     		.2byte	0x139
 320 0228 21       		.byte	0x21
 321 0229 3A010000 		.4byte	0x13a
 322 022d 38       		.byte	0x38
 323 022e 0F       		.uleb128 0xf
 324 022f 09030000 		.4byte	.LASF39
 325 0233 05       		.byte	0x5
 326 0234 4001     		.2byte	0x140
 327 0236 22       		.byte	0x22
 328 0237 27090000 		.4byte	0x927
 329 023b 3C       		.byte	0x3c
 330 023c 0F       		.uleb128 0xf
 331 023d 77000000 		.4byte	.LASF40
 332 0241 05       		.byte	0x5
 333 0242 4401     		.2byte	0x144
 334 0244 21       		.byte	0x21
 335 0245 22010000 		.4byte	0x122
 336 0249 40       		.byte	0x40
 337 024a 0F       		.uleb128 0xf
 338 024b 290B0000 		.4byte	.LASF41
 339 024f 05       		.byte	0x5
 340 0250 4B01     		.2byte	0x14b
 341 0252 22       		.byte	0x22
 342 0253 76000000 		.4byte	0x76
ARM GAS  /tmp/ccAvL6mB.s 			page 7


 343 0257 44       		.byte	0x44
 344 0258 00       		.byte	0
 345 0259 03       		.uleb128 0x3
 346 025a 260A0000 		.4byte	.LASF42
 347 025e 04       		.byte	0x4
 348 025f 8A       		.byte	0x8a
 349 0260 1F       		.byte	0x1f
 350 0261 65020000 		.4byte	0x265
 351 0265 10       		.uleb128 0x10
 352 0266 16040000 		.4byte	.LASF44
 353 026a 9008     		.2byte	0x890
 354 026c 05       		.byte	0x5
 355 026d 8A01     		.2byte	0x18a
 356 026f 08       		.byte	0x8
 357 0270 F3020000 		.4byte	0x2f3
 358 0274 0F       		.uleb128 0xf
 359 0275 66080000 		.4byte	.LASF45
 360 0279 05       		.byte	0x5
 361 027a 8E01     		.2byte	0x18e
 362 027c 21       		.byte	0x21
 363 027d 64090000 		.4byte	0x964
 364 0281 00       		.byte	0
 365 0282 0F       		.uleb128 0xf
 366 0283 30010000 		.4byte	.LASF46
 367 0287 05       		.byte	0x5
 368 0288 9201     		.2byte	0x192
 369 028a 21       		.byte	0x21
 370 028b BA070000 		.4byte	0x7ba
 371 028f 10       		.byte	0x10
 372 0290 0F       		.uleb128 0xf
 373 0291 340A0000 		.4byte	.LASF47
 374 0295 05       		.byte	0x5
 375 0296 9901     		.2byte	0x199
 376 0298 21       		.byte	0x21
 377 0299 E1070000 		.4byte	0x7e1
 378 029d 28       		.byte	0x28
 379 029e 0F       		.uleb128 0xf
 380 029f FE000000 		.4byte	.LASF48
 381 02a3 05       		.byte	0x5
 382 02a4 9E01     		.2byte	0x19e
 383 02a6 21       		.byte	0x21
 384 02a7 5E010000 		.4byte	0x15e
 385 02ab 30       		.byte	0x30
 386 02ac 0F       		.uleb128 0xf
 387 02ad 28030000 		.4byte	.LASF49
 388 02b1 05       		.byte	0x5
 389 02b2 A401     		.2byte	0x1a4
 390 02b4 21       		.byte	0x21
 391 02b5 1A030000 		.4byte	0x31a
 392 02b9 34       		.byte	0x34
 393 02ba 0F       		.uleb128 0xf
 394 02bb 97070000 		.4byte	.LASF50
 395 02bf 05       		.byte	0x5
 396 02c0 A901     		.2byte	0x1a9
 397 02c2 22       		.byte	0x22
 398 02c3 D8090000 		.4byte	0x9d8
 399 02c7 38       		.byte	0x38
ARM GAS  /tmp/ccAvL6mB.s 			page 8


 400 02c8 0F       		.uleb128 0xf
 401 02c9 26070000 		.4byte	.LASF51
 402 02cd 05       		.byte	0x5
 403 02ce AD01     		.2byte	0x1ad
 404 02d0 21       		.byte	0x21
 405 02d1 6A010000 		.4byte	0x16a
 406 02d5 3C       		.byte	0x3c
 407 02d6 0E       		.uleb128 0xe
 408 02d7 64626700 		.ascii	"dbg\000"
 409 02db 05       		.byte	0x5
 410 02dc B101     		.2byte	0x1b1
 411 02de 21       		.byte	0x21
 412 02df 41030000 		.4byte	0x341
 413 02e3 84       		.byte	0x84
 414 02e4 0F       		.uleb128 0xf
 415 02e5 38090000 		.4byte	.LASF52
 416 02e9 05       		.byte	0x5
 417 02ea B601     		.2byte	0x1b6
 418 02ec 21       		.byte	0x21
 419 02ed F1050000 		.4byte	0x5f1
 420 02f1 88       		.byte	0x88
 421 02f2 00       		.byte	0
 422 02f3 03       		.uleb128 0x3
 423 02f4 81040000 		.4byte	.LASF53
 424 02f8 06       		.byte	0x6
 425 02f9 3F       		.byte	0x3f
 426 02fa 12       		.byte	0x12
 427 02fb C9000000 		.4byte	0xc9
 428 02ff 0B       		.uleb128 0xb
 429 0300 CD030000 		.4byte	.LASF54
 430 0304 04       		.byte	0x4
 431 0305 06       		.byte	0x6
 432 0306 44       		.byte	0x44
 433 0307 10       		.byte	0x10
 434 0308 1A030000 		.4byte	0x31a
 435 030c 0D       		.uleb128 0xd
 436 030d C9060000 		.4byte	.LASF55
 437 0311 06       		.byte	0x6
 438 0312 48       		.byte	0x48
 439 0313 21       		.byte	0x21
 440 0314 F3020000 		.4byte	0x2f3
 441 0318 00       		.byte	0
 442 0319 00       		.byte	0
 443 031a 03       		.uleb128 0x3
 444 031b 31090000 		.4byte	.LASF56
 445 031f 06       		.byte	0x6
 446 0320 49       		.byte	0x49
 447 0321 03       		.byte	0x3
 448 0322 FF020000 		.4byte	0x2ff
 449 0326 0B       		.uleb128 0xb
 450 0327 9E010000 		.4byte	.LASF57
 451 032b 04       		.byte	0x4
 452 032c 07       		.byte	0x7
 453 032d 3E       		.byte	0x3e
 454 032e 10       		.byte	0x10
 455 032f 41030000 		.4byte	0x341
 456 0333 0D       		.uleb128 0xd
ARM GAS  /tmp/ccAvL6mB.s 			page 9


 457 0334 B1090000 		.4byte	.LASF58
 458 0338 07       		.byte	0x7
 459 0339 46       		.byte	0x46
 460 033a 24       		.byte	0x24
 461 033b 90000000 		.4byte	0x90
 462 033f 00       		.byte	0
 463 0340 00       		.byte	0
 464 0341 03       		.uleb128 0x3
 465 0342 FF050000 		.4byte	.LASF59
 466 0346 07       		.byte	0x7
 467 0347 51       		.byte	0x51
 468 0348 03       		.byte	0x3
 469 0349 26030000 		.4byte	0x326
 470 034d 03       		.uleb128 0x3
 471 034e 6D000000 		.4byte	.LASF60
 472 0352 08       		.byte	0x8
 473 0353 6D       		.byte	0x6d
 474 0354 12       		.byte	0x12
 475 0355 C9000000 		.4byte	0xc9
 476 0359 03       		.uleb128 0x3
 477 035a E6060000 		.4byte	.LASF61
 478 035e 08       		.byte	0x8
 479 035f 79       		.byte	0x79
 480 0360 12       		.byte	0x12
 481 0361 C9000000 		.4byte	0xc9
 482 0365 03       		.uleb128 0x3
 483 0366 54070000 		.4byte	.LASF62
 484 036a 09       		.byte	0x9
 485 036b 32       		.byte	0x32
 486 036c 18       		.byte	0x18
 487 036d 71030000 		.4byte	0x371
 488 0371 0B       		.uleb128 0xb
 489 0372 96010000 		.4byte	.LASF63
 490 0376 04       		.byte	0x4
 491 0377 09       		.byte	0x9
 492 0378 38       		.byte	0x38
 493 0379 08       		.byte	0x8
 494 037a 8C030000 		.4byte	0x38c
 495 037e 0D       		.uleb128 0xd
 496 037f EB000000 		.4byte	.LASF64
 497 0383 09       		.byte	0x9
 498 0384 39       		.byte	0x39
 499 0385 1A       		.byte	0x1a
 500 0386 8C030000 		.4byte	0x38c
 501 038a 00       		.byte	0
 502 038b 00       		.byte	0
 503 038c 06       		.uleb128 0x6
 504 038d 04       		.byte	0x4
 505 038e 65030000 		.4byte	0x365
 506 0392 03       		.uleb128 0x3
 507 0393 F4060000 		.4byte	.LASF65
 508 0397 09       		.byte	0x9
 509 0398 3F       		.byte	0x3f
 510 0399 19       		.byte	0x19
 511 039a 9E030000 		.4byte	0x39e
 512 039e 0B       		.uleb128 0xb
 513 039f 6F090000 		.4byte	.LASF66
ARM GAS  /tmp/ccAvL6mB.s 			page 10


 514 03a3 08       		.byte	0x8
 515 03a4 09       		.byte	0x9
 516 03a5 45       		.byte	0x45
 517 03a6 08       		.byte	0x8
 518 03a7 C6030000 		.4byte	0x3c6
 519 03ab 0D       		.uleb128 0xd
 520 03ac EB000000 		.4byte	.LASF64
 521 03b0 09       		.byte	0x9
 522 03b1 46       		.byte	0x46
 523 03b2 1A       		.byte	0x1a
 524 03b3 C6030000 		.4byte	0x3c6
 525 03b7 00       		.byte	0
 526 03b8 0D       		.uleb128 0xd
 527 03b9 70010000 		.4byte	.LASF67
 528 03bd 09       		.byte	0x9
 529 03be 47       		.byte	0x47
 530 03bf 1A       		.byte	0x1a
 531 03c0 C6030000 		.4byte	0x3c6
 532 03c4 04       		.byte	0x4
 533 03c5 00       		.byte	0
 534 03c6 06       		.uleb128 0x6
 535 03c7 04       		.byte	0x4
 536 03c8 92030000 		.4byte	0x392
 537 03cc 03       		.uleb128 0x3
 538 03cd 68030000 		.4byte	.LASF68
 539 03d1 09       		.byte	0x9
 540 03d2 4E       		.byte	0x4e
 541 03d3 22       		.byte	0x22
 542 03d4 D8030000 		.4byte	0x3d8
 543 03d8 0B       		.uleb128 0xb
 544 03d9 4C090000 		.4byte	.LASF69
 545 03dd 0C       		.byte	0xc
 546 03de 09       		.byte	0x9
 547 03df 55       		.byte	0x55
 548 03e0 08       		.byte	0x8
 549 03e1 0D040000 		.4byte	0x40d
 550 03e5 0D       		.uleb128 0xd
 551 03e6 EB000000 		.4byte	.LASF64
 552 03ea 09       		.byte	0x9
 553 03eb 56       		.byte	0x56
 554 03ec 1A       		.byte	0x1a
 555 03ed 0D040000 		.4byte	0x40d
 556 03f1 00       		.byte	0
 557 03f2 0D       		.uleb128 0xd
 558 03f3 70010000 		.4byte	.LASF67
 559 03f7 09       		.byte	0x9
 560 03f8 57       		.byte	0x57
 561 03f9 1A       		.byte	0x1a
 562 03fa 0D040000 		.4byte	0x40d
 563 03fe 04       		.byte	0x4
 564 03ff 0D       		.uleb128 0xd
 565 0400 49040000 		.4byte	.LASF70
 566 0404 09       		.byte	0x9
 567 0405 58       		.byte	0x58
 568 0406 19       		.byte	0x19
 569 0407 22010000 		.4byte	0x122
 570 040b 08       		.byte	0x8
ARM GAS  /tmp/ccAvL6mB.s 			page 11


 571 040c 00       		.byte	0
 572 040d 06       		.uleb128 0x6
 573 040e 04       		.byte	0x4
 574 040f CC030000 		.4byte	0x3cc
 575 0413 03       		.uleb128 0x3
 576 0414 71040000 		.4byte	.LASF71
 577 0418 09       		.byte	0x9
 578 0419 5F       		.byte	0x5f
 579 041a 1E       		.byte	0x1e
 580 041b 1F040000 		.4byte	0x41f
 581 041f 0B       		.uleb128 0xb
 582 0420 3D070000 		.4byte	.LASF72
 583 0424 0C       		.byte	0xc
 584 0425 09       		.byte	0x9
 585 0426 64       		.byte	0x64
 586 0427 08       		.byte	0x8
 587 0428 54040000 		.4byte	0x454
 588 042c 0D       		.uleb128 0xd
 589 042d EB000000 		.4byte	.LASF64
 590 0431 09       		.byte	0x9
 591 0432 65       		.byte	0x65
 592 0433 1A       		.byte	0x1a
 593 0434 54040000 		.4byte	0x454
 594 0438 00       		.byte	0
 595 0439 0D       		.uleb128 0xd
 596 043a 70010000 		.4byte	.LASF67
 597 043e 09       		.byte	0x9
 598 043f 66       		.byte	0x66
 599 0440 1A       		.byte	0x1a
 600 0441 54040000 		.4byte	0x454
 601 0445 04       		.byte	0x4
 602 0446 0D       		.uleb128 0xd
 603 0447 A70A0000 		.4byte	.LASF73
 604 044b 09       		.byte	0x9
 605 044c 67       		.byte	0x67
 606 044d 19       		.byte	0x19
 607 044e 59030000 		.4byte	0x359
 608 0452 08       		.byte	0x8
 609 0453 00       		.byte	0
 610 0454 06       		.uleb128 0x6
 611 0455 04       		.byte	0x4
 612 0456 13040000 		.4byte	0x413
 613 045a 11       		.uleb128 0x11
 614 045b 08       		.byte	0x8
 615 045c 0A       		.byte	0xa
 616 045d 83       		.byte	0x83
 617 045e 05       		.byte	0x5
 618 045f 7E040000 		.4byte	0x47e
 619 0463 0C       		.uleb128 0xc
 620 0464 6E747000 		.ascii	"ntp\000"
 621 0468 0A       		.byte	0xa
 622 0469 87       		.byte	0x87
 623 046a 1E       		.byte	0x1e
 624 046b 7E040000 		.4byte	0x47e
 625 046f 00       		.byte	0
 626 0470 0D       		.uleb128 0xd
 627 0471 19010000 		.4byte	.LASF74
ARM GAS  /tmp/ccAvL6mB.s 			page 12


 628 0475 0A       		.byte	0xa
 629 0476 8B       		.byte	0x8b
 630 0477 1E       		.byte	0x1e
 631 0478 76000000 		.4byte	0x76
 632 047c 04       		.byte	0x4
 633 047d 00       		.byte	0
 634 047e 06       		.uleb128 0x6
 635 047f 04       		.byte	0x4
 636 0480 6A010000 		.4byte	0x16a
 637 0484 11       		.uleb128 0x11
 638 0485 08       		.byte	0x8
 639 0486 0A       		.byte	0xa
 640 0487 90       		.byte	0x90
 641 0488 05       		.byte	0x5
 642 0489 A7040000 		.4byte	0x4a7
 643 048d 0C       		.uleb128 0xc
 644 048e 747000   		.ascii	"tp\000"
 645 0491 0A       		.byte	0xa
 646 0492 94       		.byte	0x94
 647 0493 1E       		.byte	0x1e
 648 0494 7E040000 		.4byte	0x47e
 649 0498 00       		.byte	0
 650 0499 0C       		.uleb128 0xc
 651 049a 6D736700 		.ascii	"msg\000"
 652 049e 0A       		.byte	0xa
 653 049f 98       		.byte	0x98
 654 04a0 1D       		.byte	0x1d
 655 04a1 2E010000 		.4byte	0x12e
 656 04a5 04       		.byte	0x4
 657 04a6 00       		.byte	0
 658 04a7 11       		.uleb128 0x11
 659 04a8 04       		.byte	0x4
 660 04a9 0A       		.byte	0xa
 661 04aa 9D       		.byte	0x9d
 662 04ab 05       		.byte	0x5
 663 04ac BE040000 		.4byte	0x4be
 664 04b0 0D       		.uleb128 0xd
 665 04b1 C4080000 		.4byte	.LASF31
 666 04b5 0A       		.byte	0xa
 667 04b6 A1       		.byte	0xa1
 668 04b7 1E       		.byte	0x1e
 669 04b8 8A000000 		.4byte	0x8a
 670 04bc 00       		.byte	0
 671 04bd 00       		.byte	0
 672 04be 11       		.uleb128 0x11
 673 04bf 04       		.byte	0x4
 674 04c0 0A       		.byte	0xa
 675 04c1 A6       		.byte	0xa6
 676 04c2 05       		.byte	0x5
 677 04c3 D5040000 		.4byte	0x4d5
 678 04c7 0D       		.uleb128 0xd
 679 04c8 33040000 		.4byte	.LASF75
 680 04cc 0A       		.byte	0xa
 681 04cd AA       		.byte	0xaa
 682 04ce 1E       		.byte	0x1e
 683 04cf 8A000000 		.4byte	0x8a
 684 04d3 00       		.byte	0
ARM GAS  /tmp/ccAvL6mB.s 			page 13


 685 04d4 00       		.byte	0
 686 04d5 11       		.uleb128 0x11
 687 04d6 08       		.byte	0x8
 688 04d7 0A       		.byte	0xa
 689 04d8 AF       		.byte	0xaf
 690 04d9 05       		.byte	0x5
 691 04da F9040000 		.4byte	0x4f9
 692 04de 0C       		.uleb128 0xc
 693 04df 75703100 		.ascii	"up1\000"
 694 04e3 0A       		.byte	0xa
 695 04e4 B3       		.byte	0xb3
 696 04e5 1E       		.byte	0x1e
 697 04e6 76000000 		.4byte	0x76
 698 04ea 00       		.byte	0
 699 04eb 0C       		.uleb128 0xc
 700 04ec 75703200 		.ascii	"up2\000"
 701 04f0 0A       		.byte	0xa
 702 04f1 B7       		.byte	0xb7
 703 04f2 1E       		.byte	0x1e
 704 04f3 76000000 		.4byte	0x76
 705 04f7 04       		.byte	0x4
 706 04f8 00       		.byte	0
 707 04f9 12       		.uleb128 0x12
 708 04fa 08       		.byte	0x8
 709 04fb 0A       		.byte	0xa
 710 04fc 7F       		.byte	0x7f
 711 04fd 03       		.byte	0x3
 712 04fe 3E050000 		.4byte	0x53e
 713 0502 13       		.uleb128 0x13
 714 0503 737700   		.ascii	"sw\000"
 715 0506 0A       		.byte	0xa
 716 0507 8C       		.byte	0x8c
 717 0508 07       		.byte	0x7
 718 0509 5A040000 		.4byte	0x45a
 719 050d 13       		.uleb128 0x13
 720 050e 72647900 		.ascii	"rdy\000"
 721 0512 0A       		.byte	0xa
 722 0513 99       		.byte	0x99
 723 0514 07       		.byte	0x7
 724 0515 84040000 		.4byte	0x484
 725 0519 13       		.uleb128 0x13
 726 051a 69737200 		.ascii	"isr\000"
 727 051e 0A       		.byte	0xa
 728 051f A2       		.byte	0xa2
 729 0520 07       		.byte	0x7
 730 0521 A7040000 		.4byte	0x4a7
 731 0525 14       		.uleb128 0x14
 732 0526 58020000 		.4byte	.LASF76
 733 052a 0A       		.byte	0xa
 734 052b AB       		.byte	0xab
 735 052c 07       		.byte	0x7
 736 052d BE040000 		.4byte	0x4be
 737 0531 14       		.uleb128 0x14
 738 0532 4E030000 		.4byte	.LASF77
 739 0536 0A       		.byte	0xa
 740 0537 B8       		.byte	0xb8
 741 0538 07       		.byte	0x7
ARM GAS  /tmp/ccAvL6mB.s 			page 14


 742 0539 D5040000 		.4byte	0x4d5
 743 053d 00       		.byte	0
 744 053e 11       		.uleb128 0x11
 745 053f 10       		.byte	0x10
 746 0540 0A       		.byte	0xa
 747 0541 6C       		.byte	0x6c
 748 0542 09       		.byte	0x9
 749 0543 90050000 		.4byte	0x590
 750 0547 15       		.uleb128 0x15
 751 0548 80090000 		.4byte	.LASF78
 752 054c 0A       		.byte	0xa
 753 054d 70       		.byte	0x70
 754 054e 19       		.byte	0x19
 755 054f C9000000 		.4byte	0xc9
 756 0553 04       		.byte	0x4
 757 0554 03       		.byte	0x3
 758 0555 1D       		.byte	0x1d
 759 0556 00       		.byte	0
 760 0557 15       		.uleb128 0x15
 761 0558 FD090000 		.4byte	.LASF33
 762 055c 0A       		.byte	0xa
 763 055d 74       		.byte	0x74
 764 055e 19       		.byte	0x19
 765 055f C9000000 		.4byte	0xc9
 766 0563 04       		.byte	0x4
 767 0564 05       		.byte	0x5
 768 0565 18       		.byte	0x18
 769 0566 00       		.byte	0
 770 0567 15       		.uleb128 0x15
 771 0568 FC080000 		.4byte	.LASF79
 772 056c 0A       		.byte	0xa
 773 056d 7A       		.byte	0x7a
 774 056e 19       		.byte	0x19
 775 056f C9000000 		.4byte	0xc9
 776 0573 04       		.byte	0x4
 777 0574 18       		.byte	0x18
 778 0575 00       		.byte	0
 779 0576 00       		.byte	0
 780 0577 0D       		.uleb128 0xd
 781 0578 CD020000 		.4byte	.LASF80
 782 057c 0A       		.byte	0xa
 783 057d 7E       		.byte	0x7e
 784 057e 19       		.byte	0x19
 785 057f 4D030000 		.4byte	0x34d
 786 0583 04       		.byte	0x4
 787 0584 0C       		.uleb128 0xc
 788 0585 7500     		.ascii	"u\000"
 789 0587 0A       		.byte	0xa
 790 0588 B9       		.byte	0xb9
 791 0589 05       		.byte	0x5
 792 058a F9040000 		.4byte	0x4f9
 793 058e 08       		.byte	0x8
 794 058f 00       		.byte	0
 795 0590 03       		.uleb128 0x3
 796 0591 20020000 		.4byte	.LASF81
 797 0595 0A       		.byte	0xa
 798 0596 BA       		.byte	0xba
ARM GAS  /tmp/ccAvL6mB.s 			page 15


 799 0597 03       		.byte	0x3
 800 0598 3E050000 		.4byte	0x53e
 801 059c 16       		.uleb128 0x16
 802 059d 0808     		.2byte	0x808
 803 059f 0A       		.byte	0xa
 804 05a0 C0       		.byte	0xc0
 805 05a1 09       		.byte	0x9
 806 05a2 DB050000 		.4byte	0x5db
 807 05a6 0D       		.uleb128 0xd
 808 05a7 87000000 		.4byte	.LASF82
 809 05ab 0A       		.byte	0xa
 810 05ac C4       		.byte	0xc4
 811 05ad 19       		.byte	0x19
 812 05ae BD000000 		.4byte	0xbd
 813 05b2 00       		.byte	0
 814 05b3 0D       		.uleb128 0xd
 815 05b4 97060000 		.4byte	.LASF83
 816 05b8 0A       		.byte	0xa
 817 05b9 C8       		.byte	0xc8
 818 05ba 19       		.byte	0x19
 819 05bb BD000000 		.4byte	0xbd
 820 05bf 02       		.byte	0x2
 821 05c0 0C       		.uleb128 0xc
 822 05c1 70747200 		.ascii	"ptr\000"
 823 05c5 0A       		.byte	0xa
 824 05c6 CC       		.byte	0xcc
 825 05c7 1A       		.byte	0x1a
 826 05c8 DB050000 		.4byte	0x5db
 827 05cc 04       		.byte	0x4
 828 05cd 0D       		.uleb128 0xd
 829 05ce 80000000 		.4byte	.LASF84
 830 05d2 0A       		.byte	0xa
 831 05d3 D0       		.byte	0xd0
 832 05d4 19       		.byte	0x19
 833 05d5 E1050000 		.4byte	0x5e1
 834 05d9 08       		.byte	0x8
 835 05da 00       		.byte	0
 836 05db 06       		.uleb128 0x6
 837 05dc 04       		.byte	0x4
 838 05dd 90050000 		.4byte	0x590
 839 05e1 09       		.uleb128 0x9
 840 05e2 90050000 		.4byte	0x590
 841 05e6 F1050000 		.4byte	0x5f1
 842 05ea 0A       		.uleb128 0xa
 843 05eb 30000000 		.4byte	0x30
 844 05ef 7F       		.byte	0x7f
 845 05f0 00       		.byte	0
 846 05f1 03       		.uleb128 0x3
 847 05f2 08070000 		.4byte	.LASF85
 848 05f6 0A       		.byte	0xa
 849 05f7 D1       		.byte	0xd1
 850 05f8 03       		.byte	0x3
 851 05f9 9C050000 		.4byte	0x59c
 852 05fd 17       		.uleb128 0x17
 853 05fe C9070000 		.4byte	.LASF86
 854 0602 64       		.byte	0x64
 855 0603 0B       		.byte	0xb
ARM GAS  /tmp/ccAvL6mB.s 			page 16


 856 0604 E001     		.2byte	0x1e0
 857 0606 08       		.byte	0x8
 858 0607 63070000 		.4byte	0x763
 859 060b 0E       		.uleb128 0xe
 860 060c 73313600 		.ascii	"s16\000"
 861 0610 0B       		.byte	0xb
 862 0611 E801     		.2byte	0x1e8
 863 0613 11       		.byte	0x11
 864 0614 C9000000 		.4byte	0xc9
 865 0618 00       		.byte	0
 866 0619 0E       		.uleb128 0xe
 867 061a 73313700 		.ascii	"s17\000"
 868 061e 0B       		.byte	0xb
 869 061f E901     		.2byte	0x1e9
 870 0621 11       		.byte	0x11
 871 0622 C9000000 		.4byte	0xc9
 872 0626 04       		.byte	0x4
 873 0627 0E       		.uleb128 0xe
 874 0628 73313800 		.ascii	"s18\000"
 875 062c 0B       		.byte	0xb
 876 062d EA01     		.2byte	0x1ea
 877 062f 11       		.byte	0x11
 878 0630 C9000000 		.4byte	0xc9
 879 0634 08       		.byte	0x8
 880 0635 0E       		.uleb128 0xe
 881 0636 73313900 		.ascii	"s19\000"
 882 063a 0B       		.byte	0xb
 883 063b EB01     		.2byte	0x1eb
 884 063d 11       		.byte	0x11
 885 063e C9000000 		.4byte	0xc9
 886 0642 0C       		.byte	0xc
 887 0643 0E       		.uleb128 0xe
 888 0644 73323000 		.ascii	"s20\000"
 889 0648 0B       		.byte	0xb
 890 0649 EC01     		.2byte	0x1ec
 891 064b 11       		.byte	0x11
 892 064c C9000000 		.4byte	0xc9
 893 0650 10       		.byte	0x10
 894 0651 0E       		.uleb128 0xe
 895 0652 73323100 		.ascii	"s21\000"
 896 0656 0B       		.byte	0xb
 897 0657 ED01     		.2byte	0x1ed
 898 0659 11       		.byte	0x11
 899 065a C9000000 		.4byte	0xc9
 900 065e 14       		.byte	0x14
 901 065f 0E       		.uleb128 0xe
 902 0660 73323200 		.ascii	"s22\000"
 903 0664 0B       		.byte	0xb
 904 0665 EE01     		.2byte	0x1ee
 905 0667 11       		.byte	0x11
 906 0668 C9000000 		.4byte	0xc9
 907 066c 18       		.byte	0x18
 908 066d 0E       		.uleb128 0xe
 909 066e 73323300 		.ascii	"s23\000"
 910 0672 0B       		.byte	0xb
 911 0673 EF01     		.2byte	0x1ef
 912 0675 11       		.byte	0x11
ARM GAS  /tmp/ccAvL6mB.s 			page 17


 913 0676 C9000000 		.4byte	0xc9
 914 067a 1C       		.byte	0x1c
 915 067b 0E       		.uleb128 0xe
 916 067c 73323400 		.ascii	"s24\000"
 917 0680 0B       		.byte	0xb
 918 0681 F001     		.2byte	0x1f0
 919 0683 11       		.byte	0x11
 920 0684 C9000000 		.4byte	0xc9
 921 0688 20       		.byte	0x20
 922 0689 0E       		.uleb128 0xe
 923 068a 73323500 		.ascii	"s25\000"
 924 068e 0B       		.byte	0xb
 925 068f F101     		.2byte	0x1f1
 926 0691 11       		.byte	0x11
 927 0692 C9000000 		.4byte	0xc9
 928 0696 24       		.byte	0x24
 929 0697 0E       		.uleb128 0xe
 930 0698 73323600 		.ascii	"s26\000"
 931 069c 0B       		.byte	0xb
 932 069d F201     		.2byte	0x1f2
 933 069f 11       		.byte	0x11
 934 06a0 C9000000 		.4byte	0xc9
 935 06a4 28       		.byte	0x28
 936 06a5 0E       		.uleb128 0xe
 937 06a6 73323700 		.ascii	"s27\000"
 938 06aa 0B       		.byte	0xb
 939 06ab F301     		.2byte	0x1f3
 940 06ad 11       		.byte	0x11
 941 06ae C9000000 		.4byte	0xc9
 942 06b2 2C       		.byte	0x2c
 943 06b3 0E       		.uleb128 0xe
 944 06b4 73323800 		.ascii	"s28\000"
 945 06b8 0B       		.byte	0xb
 946 06b9 F401     		.2byte	0x1f4
 947 06bb 11       		.byte	0x11
 948 06bc C9000000 		.4byte	0xc9
 949 06c0 30       		.byte	0x30
 950 06c1 0E       		.uleb128 0xe
 951 06c2 73323900 		.ascii	"s29\000"
 952 06c6 0B       		.byte	0xb
 953 06c7 F501     		.2byte	0x1f5
 954 06c9 11       		.byte	0x11
 955 06ca C9000000 		.4byte	0xc9
 956 06ce 34       		.byte	0x34
 957 06cf 0E       		.uleb128 0xe
 958 06d0 73333000 		.ascii	"s30\000"
 959 06d4 0B       		.byte	0xb
 960 06d5 F601     		.2byte	0x1f6
 961 06d7 11       		.byte	0x11
 962 06d8 C9000000 		.4byte	0xc9
 963 06dc 38       		.byte	0x38
 964 06dd 0E       		.uleb128 0xe
 965 06de 73333100 		.ascii	"s31\000"
 966 06e2 0B       		.byte	0xb
 967 06e3 F701     		.2byte	0x1f7
 968 06e5 11       		.byte	0x11
 969 06e6 C9000000 		.4byte	0xc9
ARM GAS  /tmp/ccAvL6mB.s 			page 18


 970 06ea 3C       		.byte	0x3c
 971 06eb 0E       		.uleb128 0xe
 972 06ec 723400   		.ascii	"r4\000"
 973 06ef 0B       		.byte	0xb
 974 06f0 F901     		.2byte	0x1f9
 975 06f2 11       		.byte	0x11
 976 06f3 C9000000 		.4byte	0xc9
 977 06f7 40       		.byte	0x40
 978 06f8 0E       		.uleb128 0xe
 979 06f9 723500   		.ascii	"r5\000"
 980 06fc 0B       		.byte	0xb
 981 06fd FA01     		.2byte	0x1fa
 982 06ff 11       		.byte	0x11
 983 0700 C9000000 		.4byte	0xc9
 984 0704 44       		.byte	0x44
 985 0705 0E       		.uleb128 0xe
 986 0706 723600   		.ascii	"r6\000"
 987 0709 0B       		.byte	0xb
 988 070a FB01     		.2byte	0x1fb
 989 070c 11       		.byte	0x11
 990 070d C9000000 		.4byte	0xc9
 991 0711 48       		.byte	0x48
 992 0712 0E       		.uleb128 0xe
 993 0713 723700   		.ascii	"r7\000"
 994 0716 0B       		.byte	0xb
 995 0717 FC01     		.2byte	0x1fc
 996 0719 11       		.byte	0x11
 997 071a C9000000 		.4byte	0xc9
 998 071e 4C       		.byte	0x4c
 999 071f 0E       		.uleb128 0xe
 1000 0720 723800   		.ascii	"r8\000"
 1001 0723 0B       		.byte	0xb
 1002 0724 FD01     		.2byte	0x1fd
 1003 0726 11       		.byte	0x11
 1004 0727 C9000000 		.4byte	0xc9
 1005 072b 50       		.byte	0x50
 1006 072c 0E       		.uleb128 0xe
 1007 072d 723900   		.ascii	"r9\000"
 1008 0730 0B       		.byte	0xb
 1009 0731 FE01     		.2byte	0x1fe
 1010 0733 11       		.byte	0x11
 1011 0734 C9000000 		.4byte	0xc9
 1012 0738 54       		.byte	0x54
 1013 0739 0E       		.uleb128 0xe
 1014 073a 72313000 		.ascii	"r10\000"
 1015 073e 0B       		.byte	0xb
 1016 073f FF01     		.2byte	0x1ff
 1017 0741 11       		.byte	0x11
 1018 0742 C9000000 		.4byte	0xc9
 1019 0746 58       		.byte	0x58
 1020 0747 0E       		.uleb128 0xe
 1021 0748 72313100 		.ascii	"r11\000"
 1022 074c 0B       		.byte	0xb
 1023 074d 0002     		.2byte	0x200
 1024 074f 11       		.byte	0x11
 1025 0750 C9000000 		.4byte	0xc9
 1026 0754 5C       		.byte	0x5c
ARM GAS  /tmp/ccAvL6mB.s 			page 19


 1027 0755 0E       		.uleb128 0xe
 1028 0756 6C7200   		.ascii	"lr\000"
 1029 0759 0B       		.byte	0xb
 1030 075a 0102     		.2byte	0x201
 1031 075c 11       		.byte	0x11
 1032 075d C9000000 		.4byte	0xc9
 1033 0761 60       		.byte	0x60
 1034 0762 00       		.byte	0
 1035 0763 17       		.uleb128 0x17
 1036 0764 37010000 		.4byte	.LASF87
 1037 0768 04       		.byte	0x4
 1038 0769 0B       		.byte	0xb
 1039 076a 0A02     		.2byte	0x20a
 1040 076c 08       		.byte	0x8
 1041 076d 7F070000 		.4byte	0x77f
 1042 0771 0E       		.uleb128 0xe
 1043 0772 737000   		.ascii	"sp\000"
 1044 0775 0B       		.byte	0xb
 1045 0776 0B02     		.2byte	0x20b
 1046 0778 1A       		.byte	0x1a
 1047 0779 7F070000 		.4byte	0x77f
 1048 077d 00       		.byte	0
 1049 077e 00       		.byte	0
 1050 077f 06       		.uleb128 0x6
 1051 0780 04       		.byte	0x4
 1052 0781 FD050000 		.4byte	0x5fd
 1053 0785 0B       		.uleb128 0xb
 1054 0786 11030000 		.4byte	.LASF88
 1055 078a 18       		.byte	0x18
 1056 078b 05       		.byte	0x5
 1057 078c 64       		.byte	0x64
 1058 078d 10       		.byte	0x10
 1059 078e BA070000 		.4byte	0x7ba
 1060 0792 0D       		.uleb128 0xd
 1061 0793 45080000 		.4byte	.LASF89
 1062 0797 05       		.byte	0x5
 1063 0798 68       		.byte	0x68
 1064 0799 21       		.byte	0x21
 1065 079a 13040000 		.4byte	0x413
 1066 079e 00       		.byte	0
 1067 079f 0D       		.uleb128 0xd
 1068 07a0 54080000 		.4byte	.LASF90
 1069 07a4 05       		.byte	0x5
 1070 07a5 73       		.byte	0x73
 1071 07a6 21       		.byte	0x21
 1072 07a7 4D030000 		.4byte	0x34d
 1073 07ab 0C       		.byte	0xc
 1074 07ac 0D       		.uleb128 0xd
 1075 07ad 5F010000 		.4byte	.LASF91
 1076 07b1 05       		.byte	0x5
 1077 07b2 79       		.byte	0x79
 1078 07b3 21       		.byte	0x21
 1079 07b4 E1000000 		.4byte	0xe1
 1080 07b8 10       		.byte	0x10
 1081 07b9 00       		.byte	0
 1082 07ba 03       		.uleb128 0x3
 1083 07bb 9B090000 		.4byte	.LASF92
ARM GAS  /tmp/ccAvL6mB.s 			page 20


 1084 07bf 05       		.byte	0x5
 1085 07c0 7B       		.byte	0x7b
 1086 07c1 03       		.byte	0x3
 1087 07c2 85070000 		.4byte	0x785
 1088 07c6 0B       		.uleb128 0xb
 1089 07c7 47000000 		.4byte	.LASF93
 1090 07cb 08       		.byte	0x8
 1091 07cc 05       		.byte	0x5
 1092 07cd 80       		.byte	0x80
 1093 07ce 10       		.byte	0x10
 1094 07cf E1070000 		.4byte	0x7e1
 1095 07d3 0D       		.uleb128 0xd
 1096 07d4 04090000 		.4byte	.LASF94
 1097 07d8 05       		.byte	0x5
 1098 07d9 84       		.byte	0x84
 1099 07da 21       		.byte	0x21
 1100 07db 92030000 		.4byte	0x392
 1101 07df 00       		.byte	0
 1102 07e0 00       		.byte	0
 1103 07e1 03       		.uleb128 0x3
 1104 07e2 87060000 		.4byte	.LASF95
 1105 07e6 05       		.byte	0x5
 1106 07e7 85       		.byte	0x85
 1107 07e8 03       		.byte	0x3
 1108 07e9 C6070000 		.4byte	0x7c6
 1109 07ed 03       		.uleb128 0x3
 1110 07ee 8D040000 		.4byte	.LASF96
 1111 07f2 05       		.byte	0x5
 1112 07f3 8A       		.byte	0x8a
 1113 07f4 14       		.byte	0x14
 1114 07f5 7E040000 		.4byte	0x47e
 1115 07f9 0B       		.uleb128 0xb
 1116 07fa 1F060000 		.4byte	.LASF97
 1117 07fe 08       		.byte	0x8
 1118 07ff 05       		.byte	0x5
 1119 0800 8F       		.byte	0x8f
 1120 0801 10       		.byte	0x10
 1121 0802 14080000 		.4byte	0x814
 1122 0806 0D       		.uleb128 0xd
 1123 0807 04090000 		.4byte	.LASF94
 1124 080b 05       		.byte	0x5
 1125 080c 93       		.byte	0x93
 1126 080d 21       		.byte	0x21
 1127 080e 92030000 		.4byte	0x392
 1128 0812 00       		.byte	0
 1129 0813 00       		.byte	0
 1130 0814 03       		.uleb128 0x3
 1131 0815 F9020000 		.4byte	.LASF98
 1132 0819 05       		.byte	0x5
 1133 081a 94       		.byte	0x94
 1134 081b 03       		.byte	0x3
 1135 081c F9070000 		.4byte	0x7f9
 1136 0820 12       		.uleb128 0x12
 1137 0821 0C       		.byte	0xc
 1138 0822 05       		.byte	0x5
 1139 0823 A0       		.byte	0xa0
 1140 0824 03       		.byte	0x3
ARM GAS  /tmp/ccAvL6mB.s 			page 21


 1141 0825 4E080000 		.4byte	0x84e
 1142 0829 14       		.uleb128 0x14
 1143 082a D5010000 		.4byte	.LASF99
 1144 082e 05       		.byte	0x5
 1145 082f A4       		.byte	0xa4
 1146 0830 21       		.byte	0x21
 1147 0831 65030000 		.4byte	0x365
 1148 0835 14       		.uleb128 0x14
 1149 0836 04090000 		.4byte	.LASF94
 1150 083a 05       		.byte	0x5
 1151 083b A8       		.byte	0xa8
 1152 083c 21       		.byte	0x21
 1153 083d 92030000 		.4byte	0x392
 1154 0841 14       		.uleb128 0x14
 1155 0842 74020000 		.4byte	.LASF100
 1156 0846 05       		.byte	0x5
 1157 0847 AC       		.byte	0xac
 1158 0848 21       		.byte	0x21
 1159 0849 CC030000 		.4byte	0x3cc
 1160 084d 00       		.byte	0
 1161 084e 12       		.uleb128 0x12
 1162 084f 04       		.byte	0x4
 1163 0850 05       		.byte	0x5
 1164 0851 EB       		.byte	0xeb
 1165 0852 03       		.byte	0x3
 1166 0853 BE080000 		.4byte	0x8be
 1167 0857 14       		.uleb128 0x14
 1168 0858 5A030000 		.4byte	.LASF101
 1169 085c 05       		.byte	0x5
 1170 085d F2       		.byte	0xf2
 1171 085e 21       		.byte	0x21
 1172 085f 2E010000 		.4byte	0x12e
 1173 0863 14       		.uleb128 0x14
 1174 0864 F60A0000 		.4byte	.LASF102
 1175 0868 05       		.byte	0x5
 1176 0869 F9       		.byte	0xf9
 1177 086a 21       		.byte	0x21
 1178 086b 2E010000 		.4byte	0x12e
 1179 086f 18       		.uleb128 0x18
 1180 0870 19010000 		.4byte	.LASF74
 1181 0874 05       		.byte	0x5
 1182 0875 0001     		.2byte	0x100
 1183 0877 22       		.byte	0x22
 1184 0878 76000000 		.4byte	0x76
 1185 087c 18       		.uleb128 0x18
 1186 087d 530A0000 		.4byte	.LASF103
 1187 0881 05       		.byte	0x5
 1188 0882 0701     		.2byte	0x107
 1189 0884 22       		.byte	0x22
 1190 0885 BE080000 		.4byte	0x8be
 1191 0889 18       		.uleb128 0x18
 1192 088a 0C020000 		.4byte	.LASF104
 1193 088e 05       		.byte	0x5
 1194 088f 0C01     		.2byte	0x10c
 1195 0891 21       		.byte	0x21
 1196 0892 2E010000 		.4byte	0x12e
 1197 0896 18       		.uleb128 0x18
ARM GAS  /tmp/ccAvL6mB.s 			page 22


 1198 0897 45090000 		.4byte	.LASF105
 1199 089b 05       		.byte	0x5
 1200 089c 1501     		.2byte	0x115
 1201 089e 22       		.byte	0x22
 1202 089f EC080000 		.4byte	0x8ec
 1203 08a3 18       		.uleb128 0x18
 1204 08a4 1D000000 		.4byte	.LASF106
 1205 08a8 05       		.byte	0x5
 1206 08a9 1E01     		.2byte	0x11e
 1207 08ab 22       		.byte	0x22
 1208 08ac 27090000 		.4byte	0x927
 1209 08b0 18       		.uleb128 0x18
 1210 08b1 69010000 		.4byte	.LASF107
 1211 08b5 05       		.byte	0x5
 1212 08b6 2601     		.2byte	0x126
 1213 08b8 21       		.byte	0x21
 1214 08b9 3A010000 		.4byte	0x13a
 1215 08bd 00       		.byte	0
 1216 08be 06       		.uleb128 0x6
 1217 08bf 04       		.byte	0x4
 1218 08c0 ED070000 		.4byte	0x7ed
 1219 08c4 0B       		.uleb128 0xb
 1220 08c5 2E020000 		.4byte	.LASF108
 1221 08c9 0C       		.byte	0xc
 1222 08ca 0C       		.byte	0xc
 1223 08cb 34       		.byte	0x34
 1224 08cc 10       		.byte	0x10
 1225 08cd EC080000 		.4byte	0x8ec
 1226 08d1 0D       		.uleb128 0xd
 1227 08d2 04090000 		.4byte	.LASF94
 1228 08d6 0C       		.byte	0xc
 1229 08d7 35       		.byte	0x35
 1230 08d8 19       		.byte	0x19
 1231 08d9 92030000 		.4byte	0x392
 1232 08dd 00       		.byte	0
 1233 08de 0C       		.uleb128 0xc
 1234 08df 636E7400 		.ascii	"cnt\000"
 1235 08e3 0C       		.byte	0xc
 1236 08e4 37       		.byte	0x37
 1237 08e5 19       		.byte	0x19
 1238 08e6 46010000 		.4byte	0x146
 1239 08ea 08       		.byte	0x8
 1240 08eb 00       		.byte	0
 1241 08ec 06       		.uleb128 0x6
 1242 08ed 04       		.byte	0x4
 1243 08ee C4080000 		.4byte	0x8c4
 1244 08f2 0B       		.uleb128 0xb
 1245 08f3 E7030000 		.4byte	.LASF109
 1246 08f7 10       		.byte	0x10
 1247 08f8 0D       		.byte	0xd
 1248 08f9 39       		.byte	0x39
 1249 08fa 08       		.byte	0x8
 1250 08fb 27090000 		.4byte	0x927
 1251 08ff 0D       		.uleb128 0xd
 1252 0900 04090000 		.4byte	.LASF94
 1253 0904 0D       		.byte	0xd
 1254 0905 3A       		.byte	0x3a
ARM GAS  /tmp/ccAvL6mB.s 			page 23


 1255 0906 19       		.byte	0x19
 1256 0907 92030000 		.4byte	0x392
 1257 090b 00       		.byte	0
 1258 090c 0D       		.uleb128 0xd
 1259 090d D8020000 		.4byte	.LASF30
 1260 0911 0D       		.byte	0xd
 1261 0912 3C       		.byte	0x3c
 1262 0913 1A       		.byte	0x1a
 1263 0914 7E040000 		.4byte	0x47e
 1264 0918 08       		.byte	0x8
 1265 0919 0D       		.uleb128 0xd
 1266 091a EB000000 		.4byte	.LASF64
 1267 091e 0D       		.byte	0xd
 1268 091f 3E       		.byte	0x3e
 1269 0920 1A       		.byte	0x1a
 1270 0921 F6090000 		.4byte	0x9f6
 1271 0925 0C       		.byte	0xc
 1272 0926 00       		.byte	0
 1273 0927 06       		.uleb128 0x6
 1274 0928 04       		.byte	0x4
 1275 0929 F2080000 		.4byte	0x8f2
 1276 092d 06       		.uleb128 0x6
 1277 092e 04       		.byte	0x4
 1278 092f 59020000 		.4byte	0x259
 1279 0933 06       		.uleb128 0x6
 1280 0934 04       		.byte	0x4
 1281 0935 F2000000 		.4byte	0xf2
 1282 0939 17       		.uleb128 0x17
 1283 093a 88010000 		.4byte	.LASF110
 1284 093e 10       		.byte	0x10
 1285 093f 05       		.byte	0x5
 1286 0940 5C01     		.2byte	0x15c
 1287 0942 10       		.byte	0x10
 1288 0943 64090000 		.4byte	0x964
 1289 0947 0F       		.uleb128 0xf
 1290 0948 74020000 		.4byte	.LASF100
 1291 094c 05       		.byte	0x5
 1292 094d 6101     		.2byte	0x161
 1293 094f 21       		.byte	0x21
 1294 0950 CC030000 		.4byte	0x3cc
 1295 0954 00       		.byte	0
 1296 0955 0F       		.uleb128 0xf
 1297 0956 CB0A0000 		.4byte	.LASF111
 1298 095a 05       		.byte	0x5
 1299 095b 6501     		.2byte	0x165
 1300 095d 22       		.byte	0x22
 1301 095e 7E040000 		.4byte	0x47e
 1302 0962 0C       		.byte	0xc
 1303 0963 00       		.byte	0
 1304 0964 19       		.uleb128 0x19
 1305 0965 EF080000 		.4byte	.LASF112
 1306 0969 05       		.byte	0x5
 1307 096a 6601     		.2byte	0x166
 1308 096c 03       		.byte	0x3
 1309 096d 39090000 		.4byte	0x939
 1310 0971 17       		.uleb128 0x17
 1311 0972 2F080000 		.4byte	.LASF113
ARM GAS  /tmp/ccAvL6mB.s 			page 24


 1312 0976 14       		.byte	0x14
 1313 0977 05       		.byte	0x5
 1314 0978 6B01     		.2byte	0x16b
 1315 097a 10       		.byte	0x10
 1316 097b C6090000 		.4byte	0x9c6
 1317 097f 0F       		.uleb128 0xf
 1318 0980 C4080000 		.4byte	.LASF31
 1319 0984 05       		.byte	0x5
 1320 0985 6F01     		.2byte	0x16f
 1321 0987 22       		.byte	0x22
 1322 0988 8A000000 		.4byte	0x8a
 1323 098c 00       		.byte	0
 1324 098d 0F       		.uleb128 0xf
 1325 098e 20010000 		.4byte	.LASF114
 1326 0992 05       		.byte	0x5
 1327 0993 7501     		.2byte	0x175
 1328 0995 22       		.byte	0x22
 1329 0996 33090000 		.4byte	0x933
 1330 099a 04       		.byte	0x4
 1331 099b 0F       		.uleb128 0xf
 1332 099c EA020000 		.4byte	.LASF115
 1333 09a0 05       		.byte	0x5
 1334 09a1 7901     		.2byte	0x179
 1335 09a3 22       		.byte	0x22
 1336 09a4 33090000 		.4byte	0x933
 1337 09a8 08       		.byte	0x8
 1338 09a9 0F       		.uleb128 0xf
 1339 09aa 6F0A0000 		.4byte	.LASF116
 1340 09ae 05       		.byte	0x5
 1341 09af 7F01     		.2byte	0x17f
 1342 09b1 22       		.byte	0x22
 1343 09b2 33090000 		.4byte	0x933
 1344 09b6 0C       		.byte	0xc
 1345 09b7 0F       		.uleb128 0xf
 1346 09b8 3A040000 		.4byte	.LASF117
 1347 09bc 05       		.byte	0x5
 1348 09bd 8301     		.2byte	0x183
 1349 09bf 22       		.byte	0x22
 1350 09c0 33090000 		.4byte	0x933
 1351 09c4 10       		.byte	0x10
 1352 09c5 00       		.byte	0
 1353 09c6 19       		.uleb128 0x19
 1354 09c7 43020000 		.4byte	.LASF118
 1355 09cb 05       		.byte	0x5
 1356 09cc 8501     		.2byte	0x185
 1357 09ce 03       		.byte	0x3
 1358 09cf 71090000 		.4byte	0x971
 1359 09d3 07       		.uleb128 0x7
 1360 09d4 C6090000 		.4byte	0x9c6
 1361 09d8 06       		.uleb128 0x6
 1362 09d9 04       		.byte	0x4
 1363 09da D3090000 		.4byte	0x9d3
 1364 09de 03       		.uleb128 0x3
 1365 09df DE020000 		.4byte	.LASF119
 1366 09e3 0C       		.byte	0xc
 1367 09e4 38       		.byte	0x38
 1368 09e5 03       		.byte	0x3
ARM GAS  /tmp/ccAvL6mB.s 			page 25


 1369 09e6 C4080000 		.4byte	0x8c4
 1370 09ea 03       		.uleb128 0x3
 1371 09eb 9E070000 		.4byte	.LASF120
 1372 09ef 0D       		.byte	0xd
 1373 09f0 34       		.byte	0x34
 1374 09f1 19       		.byte	0x19
 1375 09f2 F2080000 		.4byte	0x8f2
 1376 09f6 06       		.uleb128 0x6
 1377 09f7 04       		.byte	0x4
 1378 09f8 EA090000 		.4byte	0x9ea
 1379 09fc 11       		.uleb128 0x11
 1380 09fd 28       		.byte	0x28
 1381 09fe 0E       		.byte	0xe
 1382 09ff 34       		.byte	0x34
 1383 0a00 09       		.byte	0x9
 1384 0a01 6C0A0000 		.4byte	0xa6c
 1385 0a05 0D       		.uleb128 0xd
 1386 0a06 80000000 		.4byte	.LASF84
 1387 0a0a 0E       		.byte	0xe
 1388 0a0b 35       		.byte	0x35
 1389 0a0c 1A       		.byte	0x1a
 1390 0a0d 6C0A0000 		.4byte	0xa6c
 1391 0a11 00       		.byte	0
 1392 0a12 0C       		.uleb128 0xc
 1393 0a13 746F7000 		.ascii	"top\000"
 1394 0a17 0E       		.byte	0xe
 1395 0a18 37       		.byte	0x37
 1396 0a19 1A       		.byte	0x1a
 1397 0a1a 6C0A0000 		.4byte	0xa6c
 1398 0a1e 04       		.byte	0x4
 1399 0a1f 0D       		.uleb128 0xd
 1400 0a20 D2020000 		.4byte	.LASF121
 1401 0a24 0E       		.byte	0xe
 1402 0a25 39       		.byte	0x39
 1403 0a26 1A       		.byte	0x1a
 1404 0a27 6C0A0000 		.4byte	0xa6c
 1405 0a2b 08       		.byte	0x8
 1406 0a2c 0D       		.uleb128 0xd
 1407 0a2d DC0A0000 		.4byte	.LASF122
 1408 0a31 0E       		.byte	0xe
 1409 0a32 3A       		.byte	0x3a
 1410 0a33 1A       		.byte	0x1a
 1411 0a34 6C0A0000 		.4byte	0xa6c
 1412 0a38 0C       		.byte	0xc
 1413 0a39 0C       		.uleb128 0xc
 1414 0a3a 636E7400 		.ascii	"cnt\000"
 1415 0a3e 0E       		.byte	0xe
 1416 0a3f 3B       		.byte	0x3b
 1417 0a40 19       		.byte	0x19
 1418 0a41 24000000 		.4byte	0x24
 1419 0a45 10       		.byte	0x10
 1420 0a46 0D       		.uleb128 0xd
 1421 0a47 90080000 		.4byte	.LASF123
 1422 0a4b 0E       		.byte	0xe
 1423 0a4c 3C       		.byte	0x3c
 1424 0a4d 19       		.byte	0x19
 1425 0a4e 720A0000 		.4byte	0xa72
ARM GAS  /tmp/ccAvL6mB.s 			page 26


 1426 0a52 14       		.byte	0x14
 1427 0a53 0C       		.uleb128 0xc
 1428 0a54 717700   		.ascii	"qw\000"
 1429 0a57 0E       		.byte	0xe
 1430 0a58 3D       		.byte	0x3d
 1431 0a59 19       		.byte	0x19
 1432 0a5a 14080000 		.4byte	0x814
 1433 0a5e 18       		.byte	0x18
 1434 0a5f 0C       		.uleb128 0xc
 1435 0a60 717200   		.ascii	"qr\000"
 1436 0a63 0E       		.byte	0xe
 1437 0a64 3E       		.byte	0x3e
 1438 0a65 19       		.byte	0x19
 1439 0a66 14080000 		.4byte	0x814
 1440 0a6a 20       		.byte	0x20
 1441 0a6b 00       		.byte	0
 1442 0a6c 06       		.uleb128 0x6
 1443 0a6d 04       		.byte	0x4
 1444 0a6e 2E010000 		.4byte	0x12e
 1445 0a72 04       		.uleb128 0x4
 1446 0a73 01       		.byte	0x1
 1447 0a74 02       		.byte	0x2
 1448 0a75 AB030000 		.4byte	.LASF124
 1449 0a79 03       		.uleb128 0x3
 1450 0a7a C3030000 		.4byte	.LASF125
 1451 0a7e 0E       		.byte	0xe
 1452 0a7f 3F       		.byte	0x3f
 1453 0a80 03       		.byte	0x3
 1454 0a81 FC090000 		.4byte	0x9fc
 1455 0a85 03       		.uleb128 0x3
 1456 0a86 B7080000 		.4byte	.LASF126
 1457 0a8a 0F       		.byte	0xf
 1458 0a8b 47       		.byte	0x47
 1459 0a8c 11       		.byte	0x11
 1460 0a8d 910A0000 		.4byte	0xa91
 1461 0a91 06       		.uleb128 0x6
 1462 0a92 04       		.byte	0x4
 1463 0a93 970A0000 		.4byte	0xa97
 1464 0a97 1A       		.uleb128 0x1a
 1465 0a98 76000000 		.4byte	0x76
 1466 0a9c AB0A0000 		.4byte	0xaab
 1467 0aa0 1B       		.uleb128 0x1b
 1468 0aa1 24000000 		.4byte	0x24
 1469 0aa5 1B       		.uleb128 0x1b
 1470 0aa6 30000000 		.4byte	0x30
 1471 0aaa 00       		.byte	0
 1472 0aab 06       		.uleb128 0x6
 1473 0aac 04       		.byte	0x4
 1474 0aad B1000000 		.4byte	0xb1
 1475 0ab1 0B       		.uleb128 0xb
 1476 0ab2 030A0000 		.4byte	.LASF127
 1477 0ab6 04       		.byte	0x4
 1478 0ab7 10       		.byte	0x10
 1479 0ab8 38       		.byte	0x38
 1480 0ab9 08       		.byte	0x8
 1481 0aba CC0A0000 		.4byte	0xacc
 1482 0abe 0D       		.uleb128 0xd
ARM GAS  /tmp/ccAvL6mB.s 			page 27


 1483 0abf EB000000 		.4byte	.LASF64
 1484 0ac3 10       		.byte	0x10
 1485 0ac4 39       		.byte	0x39
 1486 0ac5 1A       		.byte	0x1a
 1487 0ac6 CC0A0000 		.4byte	0xacc
 1488 0aca 00       		.byte	0
 1489 0acb 00       		.byte	0
 1490 0acc 06       		.uleb128 0x6
 1491 0acd 04       		.byte	0x4
 1492 0ace B10A0000 		.4byte	0xab1
 1493 0ad2 11       		.uleb128 0x11
 1494 0ad3 10       		.byte	0x10
 1495 0ad4 10       		.byte	0x10
 1496 0ad5 40       		.byte	0x40
 1497 0ad6 09       		.byte	0x9
 1498 0ad7 100B0000 		.4byte	0xb10
 1499 0adb 0D       		.uleb128 0xd
 1500 0adc EB000000 		.4byte	.LASF64
 1501 0ae0 10       		.byte	0x10
 1502 0ae1 41       		.byte	0x41
 1503 0ae2 1A       		.byte	0x1a
 1504 0ae3 CC0A0000 		.4byte	0xacc
 1505 0ae7 00       		.byte	0
 1506 0ae8 0D       		.uleb128 0xd
 1507 0ae9 C9080000 		.4byte	.LASF128
 1508 0aed 10       		.byte	0x10
 1509 0aee 42       		.byte	0x42
 1510 0aef 19       		.byte	0x19
 1511 0af0 24000000 		.4byte	0x24
 1512 0af4 04       		.byte	0x4
 1513 0af5 0D       		.uleb128 0xd
 1514 0af6 F00A0000 		.4byte	.LASF129
 1515 0afa 10       		.byte	0x10
 1516 0afb 44       		.byte	0x44
 1517 0afc 19       		.byte	0x19
 1518 0afd 30000000 		.4byte	0x30
 1519 0b01 08       		.byte	0x8
 1520 0b02 0D       		.uleb128 0xd
 1521 0b03 4B080000 		.4byte	.LASF130
 1522 0b07 10       		.byte	0x10
 1523 0b08 45       		.byte	0x45
 1524 0b09 19       		.byte	0x19
 1525 0b0a 850A0000 		.4byte	0xa85
 1526 0b0e 0C       		.byte	0xc
 1527 0b0f 00       		.byte	0
 1528 0b10 03       		.uleb128 0x3
 1529 0b11 24000000 		.4byte	.LASF131
 1530 0b15 10       		.byte	0x10
 1531 0b16 47       		.byte	0x47
 1532 0b17 03       		.byte	0x3
 1533 0b18 D20A0000 		.4byte	0xad2
 1534 0b1c 11       		.uleb128 0x11
 1535 0b1d 1C       		.byte	0x1c
 1536 0b1e 10       		.byte	0x10
 1537 0b1f 4D       		.byte	0x4d
 1538 0b20 09       		.byte	0x9
 1539 0b21 400B0000 		.4byte	0xb40
ARM GAS  /tmp/ccAvL6mB.s 			page 28


 1540 0b25 0C       		.uleb128 0xc
 1541 0b26 73656D00 		.ascii	"sem\000"
 1542 0b2a 10       		.byte	0x10
 1543 0b2b 4E       		.byte	0x4e
 1544 0b2c 19       		.byte	0x19
 1545 0b2d DE090000 		.4byte	0x9de
 1546 0b31 00       		.byte	0
 1547 0b32 0D       		.uleb128 0xd
 1548 0b33 25040000 		.4byte	.LASF132
 1549 0b37 10       		.byte	0x10
 1550 0b38 50       		.byte	0x50
 1551 0b39 19       		.byte	0x19
 1552 0b3a 100B0000 		.4byte	0xb10
 1553 0b3e 0C       		.byte	0xc
 1554 0b3f 00       		.byte	0
 1555 0b40 03       		.uleb128 0x3
 1556 0b41 590A0000 		.4byte	.LASF133
 1557 0b45 10       		.byte	0x10
 1558 0b46 51       		.byte	0x51
 1559 0b47 03       		.byte	0x3
 1560 0b48 1C0B0000 		.4byte	0xb1c
 1561 0b4c 0B       		.uleb128 0xb
 1562 0b4d 80080000 		.4byte	.LASF134
 1563 0b51 44       		.byte	0x44
 1564 0b52 11       		.byte	0x11
 1565 0b53 50       		.byte	0x50
 1566 0b54 10       		.byte	0x10
 1567 0b55 740B0000 		.4byte	0xb74
 1568 0b59 0D       		.uleb128 0xd
 1569 0b5a F0030000 		.4byte	.LASF135
 1570 0b5e 11       		.byte	0x11
 1571 0b5f 54       		.byte	0x54
 1572 0b60 1D       		.byte	0x1d
 1573 0b61 400B0000 		.4byte	0xb40
 1574 0b65 00       		.byte	0
 1575 0b66 0C       		.uleb128 0xc
 1576 0b67 6D627800 		.ascii	"mbx\000"
 1577 0b6b 11       		.byte	0x11
 1578 0b6c 58       		.byte	0x58
 1579 0b6d 1D       		.byte	0x1d
 1580 0b6e 790A0000 		.4byte	0xa79
 1581 0b72 1C       		.byte	0x1c
 1582 0b73 00       		.byte	0
 1583 0b74 03       		.uleb128 0x3
 1584 0b75 4E040000 		.4byte	.LASF136
 1585 0b79 11       		.byte	0x11
 1586 0b7a 59       		.byte	0x59
 1587 0b7b 03       		.byte	0x3
 1588 0b7c 4C0B0000 		.4byte	0xb4c
 1589 0b80 11       		.uleb128 0x11
 1590 0b81 50       		.byte	0x50
 1591 0b82 12       		.byte	0x12
 1592 0b83 34       		.byte	0x34
 1593 0b84 09       		.byte	0x9
 1594 0b85 190C0000 		.4byte	0xc19
 1595 0b89 0D       		.uleb128 0xd
 1596 0b8a 80000000 		.4byte	.LASF84
ARM GAS  /tmp/ccAvL6mB.s 			page 29


 1597 0b8e 12       		.byte	0x12
 1598 0b8f 35       		.byte	0x35
 1599 0b90 1A       		.byte	0x1a
 1600 0b91 AB0A0000 		.4byte	0xaab
 1601 0b95 00       		.byte	0
 1602 0b96 0C       		.uleb128 0xc
 1603 0b97 746F7000 		.ascii	"top\000"
 1604 0b9b 12       		.byte	0x12
 1605 0b9c 37       		.byte	0x37
 1606 0b9d 1A       		.byte	0x1a
 1607 0b9e AB0A0000 		.4byte	0xaab
 1608 0ba2 04       		.byte	0x4
 1609 0ba3 0D       		.uleb128 0xd
 1610 0ba4 D2020000 		.4byte	.LASF121
 1611 0ba8 12       		.byte	0x12
 1612 0ba9 39       		.byte	0x39
 1613 0baa 1A       		.byte	0x1a
 1614 0bab AB0A0000 		.4byte	0xaab
 1615 0baf 08       		.byte	0x8
 1616 0bb0 0D       		.uleb128 0xd
 1617 0bb1 DC0A0000 		.4byte	.LASF122
 1618 0bb5 12       		.byte	0x12
 1619 0bb6 3A       		.byte	0x3a
 1620 0bb7 1A       		.byte	0x1a
 1621 0bb8 AB0A0000 		.4byte	0xaab
 1622 0bbc 0C       		.byte	0xc
 1623 0bbd 0C       		.uleb128 0xc
 1624 0bbe 636E7400 		.ascii	"cnt\000"
 1625 0bc2 12       		.byte	0x12
 1626 0bc3 3B       		.byte	0x3b
 1627 0bc4 19       		.byte	0x19
 1628 0bc5 24000000 		.4byte	0x24
 1629 0bc9 10       		.byte	0x10
 1630 0bca 0D       		.uleb128 0xd
 1631 0bcb 90080000 		.4byte	.LASF123
 1632 0bcf 12       		.byte	0x12
 1633 0bd0 3C       		.byte	0x3c
 1634 0bd1 19       		.byte	0x19
 1635 0bd2 720A0000 		.4byte	0xa72
 1636 0bd6 14       		.byte	0x14
 1637 0bd7 0C       		.uleb128 0xc
 1638 0bd8 77747200 		.ascii	"wtr\000"
 1639 0bdc 12       		.byte	0x12
 1640 0bdd 3D       		.byte	0x3d
 1641 0bde 19       		.byte	0x19
 1642 0bdf ED070000 		.4byte	0x7ed
 1643 0be3 18       		.byte	0x18
 1644 0be4 0C       		.uleb128 0xc
 1645 0be5 72747200 		.ascii	"rtr\000"
 1646 0be9 12       		.byte	0x12
 1647 0bea 3E       		.byte	0x3e
 1648 0beb 19       		.byte	0x19
 1649 0bec ED070000 		.4byte	0x7ed
 1650 0bf0 1C       		.byte	0x1c
 1651 0bf1 0D       		.uleb128 0xd
 1652 0bf2 6D070000 		.4byte	.LASF137
 1653 0bf6 12       		.byte	0x12
ARM GAS  /tmp/ccAvL6mB.s 			page 30


 1654 0bf7 40       		.byte	0x40
 1655 0bf8 19       		.byte	0x19
 1656 0bf9 EA090000 		.4byte	0x9ea
 1657 0bfd 20       		.byte	0x20
 1658 0bfe 0D       		.uleb128 0xd
 1659 0bff F0000000 		.4byte	.LASF138
 1660 0c03 12       		.byte	0x12
 1661 0c04 41       		.byte	0x41
 1662 0c05 19       		.byte	0x19
 1663 0c06 EA090000 		.4byte	0x9ea
 1664 0c0a 30       		.byte	0x30
 1665 0c0b 0D       		.uleb128 0xd
 1666 0c0c DA010000 		.4byte	.LASF139
 1667 0c10 12       		.byte	0x12
 1668 0c11 42       		.byte	0x42
 1669 0c12 19       		.byte	0x19
 1670 0c13 EA090000 		.4byte	0x9ea
 1671 0c17 40       		.byte	0x40
 1672 0c18 00       		.byte	0
 1673 0c19 03       		.uleb128 0x3
 1674 0c1a 9C080000 		.4byte	.LASF140
 1675 0c1e 12       		.byte	0x12
 1676 0c1f 48       		.byte	0x48
 1677 0c20 03       		.byte	0x3
 1678 0c21 800B0000 		.4byte	0xb80
 1679 0c25 0B       		.uleb128 0xb
 1680 0c26 C4050000 		.4byte	.LASF141
 1681 0c2a 10       		.byte	0x10
 1682 0c2b 13       		.byte	0x13
 1683 0c2c A9       		.byte	0xa9
 1684 0c2d 10       		.byte	0x10
 1685 0c2e 5A0C0000 		.4byte	0xc5a
 1686 0c32 0D       		.uleb128 0xd
 1687 0c33 EB000000 		.4byte	.LASF64
 1688 0c37 13       		.byte	0x13
 1689 0c38 AD       		.byte	0xad
 1690 0c39 1A       		.byte	0x1a
 1691 0c3a 5A0C0000 		.4byte	0xc5a
 1692 0c3e 00       		.byte	0
 1693 0c3f 0D       		.uleb128 0xd
 1694 0c40 14010000 		.4byte	.LASF35
 1695 0c44 13       		.byte	0x13
 1696 0c45 B1       		.byte	0xb1
 1697 0c46 19       		.byte	0x19
 1698 0c47 52010000 		.4byte	0x152
 1699 0c4b 04       		.byte	0x4
 1700 0c4c 0D       		.uleb128 0xd
 1701 0c4d C4080000 		.4byte	.LASF31
 1702 0c51 13       		.byte	0x13
 1703 0c52 B3       		.byte	0xb3
 1704 0c53 19       		.byte	0x19
 1705 0c54 95000000 		.4byte	0x95
 1706 0c58 08       		.byte	0x8
 1707 0c59 00       		.byte	0
 1708 0c5a 06       		.uleb128 0x6
 1709 0c5b 04       		.byte	0x4
 1710 0c5c 250C0000 		.4byte	0xc25
ARM GAS  /tmp/ccAvL6mB.s 			page 31


 1711 0c60 03       		.uleb128 0x3
 1712 0c61 BB090000 		.4byte	.LASF142
 1713 0c65 13       		.byte	0x13
 1714 0c66 B7       		.byte	0xb7
 1715 0c67 03       		.byte	0x3
 1716 0c68 250C0000 		.4byte	0xc25
 1717 0c6c 0B       		.uleb128 0xb
 1718 0c6d E6050000 		.4byte	.LASF143
 1719 0c71 04       		.byte	0x4
 1720 0c72 13       		.byte	0x13
 1721 0c73 BC       		.byte	0xbc
 1722 0c74 10       		.byte	0x10
 1723 0c75 870C0000 		.4byte	0xc87
 1724 0c79 0D       		.uleb128 0xd
 1725 0c7a EB000000 		.4byte	.LASF64
 1726 0c7e 13       		.byte	0x13
 1727 0c7f BD       		.byte	0xbd
 1728 0c80 1A       		.byte	0x1a
 1729 0c81 870C0000 		.4byte	0xc87
 1730 0c85 00       		.byte	0
 1731 0c86 00       		.byte	0
 1732 0c87 06       		.uleb128 0x6
 1733 0c88 04       		.byte	0x4
 1734 0c89 600C0000 		.4byte	0xc60
 1735 0c8d 03       		.uleb128 0x3
 1736 0c8e 3C000000 		.4byte	.LASF144
 1737 0c92 13       		.byte	0x13
 1738 0c93 BE       		.byte	0xbe
 1739 0c94 03       		.byte	0x3
 1740 0c95 6C0C0000 		.4byte	0xc6c
 1741 0c99 0B       		.uleb128 0xb
 1742 0c9a 7F0A0000 		.4byte	.LASF145
 1743 0c9e 14       		.byte	0x14
 1744 0c9f 13       		.byte	0x13
 1745 0ca0 C4       		.byte	0xc4
 1746 0ca1 10       		.byte	0x10
 1747 0ca2 C10C0000 		.4byte	0xcc1
 1748 0ca6 0D       		.uleb128 0xd
 1749 0ca7 A6020000 		.4byte	.LASF146
 1750 0cab 13       		.byte	0x13
 1751 0cac C8       		.byte	0xc8
 1752 0cad 19       		.byte	0x19
 1753 0cae 600C0000 		.4byte	0xc60
 1754 0cb2 00       		.byte	0
 1755 0cb3 0D       		.uleb128 0xd
 1756 0cb4 D0010000 		.4byte	.LASF147
 1757 0cb8 13       		.byte	0x13
 1758 0cb9 CD       		.byte	0xcd
 1759 0cba 1A       		.byte	0x1a
 1760 0cbb 76000000 		.4byte	0x76
 1761 0cbf 10       		.byte	0x10
 1762 0cc0 00       		.byte	0
 1763 0cc1 03       		.uleb128 0x3
 1764 0cc2 A3080000 		.4byte	.LASF148
 1765 0cc6 13       		.byte	0x13
 1766 0cc7 CE       		.byte	0xce
 1767 0cc8 03       		.byte	0x3
ARM GAS  /tmp/ccAvL6mB.s 			page 32


 1768 0cc9 990C0000 		.4byte	0xc99
 1769 0ccd 0B       		.uleb128 0xb
 1770 0cce 3F060000 		.4byte	.LASF149
 1771 0cd2 10       		.byte	0x10
 1772 0cd3 13       		.byte	0x13
 1773 0cd4 D5       		.byte	0xd5
 1774 0cd5 10       		.byte	0x10
 1775 0cd6 E80C0000 		.4byte	0xce8
 1776 0cda 0D       		.uleb128 0xd
 1777 0cdb A6020000 		.4byte	.LASF146
 1778 0cdf 13       		.byte	0x13
 1779 0ce0 D9       		.byte	0xd9
 1780 0ce1 19       		.byte	0x19
 1781 0ce2 600C0000 		.4byte	0xc60
 1782 0ce6 00       		.byte	0
 1783 0ce7 00       		.byte	0
 1784 0ce8 03       		.uleb128 0x3
 1785 0ce9 F2050000 		.4byte	.LASF150
 1786 0ced 13       		.byte	0x13
 1787 0cee DA       		.byte	0xda
 1788 0cef 03       		.byte	0x3
 1789 0cf0 CD0C0000 		.4byte	0xccd
 1790 0cf4 0B       		.uleb128 0xb
 1791 0cf5 5E090000 		.4byte	.LASF151
 1792 0cf9 1C       		.byte	0x1c
 1793 0cfa 13       		.byte	0x13
 1794 0cfb E1       		.byte	0xe1
 1795 0cfc 10       		.byte	0x10
 1796 0cfd 1C0D0000 		.4byte	0xd1c
 1797 0d01 0D       		.uleb128 0xd
 1798 0d02 A6020000 		.4byte	.LASF146
 1799 0d06 13       		.byte	0x13
 1800 0d07 E5       		.byte	0xe5
 1801 0d08 19       		.byte	0x19
 1802 0d09 600C0000 		.4byte	0xc60
 1803 0d0d 00       		.byte	0
 1804 0d0e 0C       		.uleb128 0xc
 1805 0d0f 73656D00 		.ascii	"sem\000"
 1806 0d13 13       		.byte	0x13
 1807 0d14 E9       		.byte	0xe9
 1808 0d15 19       		.byte	0x19
 1809 0d16 DE090000 		.4byte	0x9de
 1810 0d1a 10       		.byte	0x10
 1811 0d1b 00       		.byte	0
 1812 0d1c 03       		.uleb128 0x3
 1813 0d1d 91000000 		.4byte	.LASF152
 1814 0d21 13       		.byte	0x13
 1815 0d22 EA       		.byte	0xea
 1816 0d23 03       		.byte	0x3
 1817 0d24 F40C0000 		.4byte	0xcf4
 1818 0d28 0B       		.uleb128 0xb
 1819 0d29 AE010000 		.4byte	.LASF153
 1820 0d2d 38       		.byte	0x38
 1821 0d2e 13       		.byte	0x13
 1822 0d2f F1       		.byte	0xf1
 1823 0d30 10       		.byte	0x10
 1824 0d31 500D0000 		.4byte	0xd50
ARM GAS  /tmp/ccAvL6mB.s 			page 33


 1825 0d35 0D       		.uleb128 0xd
 1826 0d36 A6020000 		.4byte	.LASF146
 1827 0d3a 13       		.byte	0x13
 1828 0d3b F5       		.byte	0xf5
 1829 0d3c 19       		.byte	0x19
 1830 0d3d 600C0000 		.4byte	0xc60
 1831 0d41 00       		.byte	0
 1832 0d42 0C       		.uleb128 0xc
 1833 0d43 6D627800 		.ascii	"mbx\000"
 1834 0d47 13       		.byte	0x13
 1835 0d48 F9       		.byte	0xf9
 1836 0d49 19       		.byte	0x19
 1837 0d4a 790A0000 		.4byte	0xa79
 1838 0d4e 10       		.byte	0x10
 1839 0d4f 00       		.byte	0
 1840 0d50 03       		.uleb128 0x3
 1841 0d51 E20A0000 		.4byte	.LASF154
 1842 0d55 13       		.byte	0x13
 1843 0d56 FA       		.byte	0xfa
 1844 0d57 03       		.byte	0x3
 1845 0d58 280D0000 		.4byte	0xd28
 1846 0d5c 17       		.uleb128 0x17
 1847 0d5d 5E060000 		.4byte	.LASF155
 1848 0d61 54       		.byte	0x54
 1849 0d62 13       		.byte	0x13
 1850 0d63 0101     		.2byte	0x101
 1851 0d65 10       		.byte	0x10
 1852 0d66 870D0000 		.4byte	0xd87
 1853 0d6a 0F       		.uleb128 0xf
 1854 0d6b A6020000 		.4byte	.LASF146
 1855 0d6f 13       		.byte	0x13
 1856 0d70 0501     		.2byte	0x105
 1857 0d72 19       		.byte	0x19
 1858 0d73 600C0000 		.4byte	0xc60
 1859 0d77 00       		.byte	0
 1860 0d78 0F       		.uleb128 0xf
 1861 0d79 EA090000 		.4byte	.LASF156
 1862 0d7d 13       		.byte	0x13
 1863 0d7e 0901     		.2byte	0x109
 1864 0d80 19       		.byte	0x19
 1865 0d81 740B0000 		.4byte	0xb74
 1866 0d85 10       		.byte	0x10
 1867 0d86 00       		.byte	0
 1868 0d87 19       		.uleb128 0x19
 1869 0d88 BD010000 		.4byte	.LASF157
 1870 0d8c 13       		.byte	0x13
 1871 0d8d 0A01     		.2byte	0x10a
 1872 0d8f 03       		.byte	0x3
 1873 0d90 5C0D0000 		.4byte	0xd5c
 1874 0d94 17       		.uleb128 0x17
 1875 0d95 9C060000 		.4byte	.LASF158
 1876 0d99 60       		.byte	0x60
 1877 0d9a 13       		.byte	0x13
 1878 0d9b 1101     		.2byte	0x111
 1879 0d9d 10       		.byte	0x10
 1880 0d9e BF0D0000 		.4byte	0xdbf
 1881 0da2 0F       		.uleb128 0xf
ARM GAS  /tmp/ccAvL6mB.s 			page 34


 1882 0da3 A6020000 		.4byte	.LASF146
 1883 0da7 13       		.byte	0x13
 1884 0da8 1501     		.2byte	0x115
 1885 0daa 19       		.byte	0x19
 1886 0dab 600C0000 		.4byte	0xc60
 1887 0daf 00       		.byte	0
 1888 0db0 0F       		.uleb128 0xf
 1889 0db1 AE020000 		.4byte	.LASF159
 1890 0db5 13       		.byte	0x13
 1891 0db6 1901     		.2byte	0x119
 1892 0db8 19       		.byte	0x19
 1893 0db9 190C0000 		.4byte	0xc19
 1894 0dbd 10       		.byte	0x10
 1895 0dbe 00       		.byte	0
 1896 0dbf 19       		.uleb128 0x19
 1897 0dc0 26090000 		.4byte	.LASF160
 1898 0dc4 13       		.byte	0x13
 1899 0dc5 1A01     		.2byte	0x11a
 1900 0dc7 03       		.byte	0x3
 1901 0dc8 940D0000 		.4byte	0xd94
 1902 0dcc 17       		.uleb128 0x17
 1903 0dcd 75010000 		.4byte	.LASF161
 1904 0dd1 48       		.byte	0x48
 1905 0dd2 13       		.byte	0x13
 1906 0dd3 2001     		.2byte	0x120
 1907 0dd5 10       		.byte	0x10
 1908 0dd6 590E0000 		.4byte	0xe59
 1909 0dda 0E       		.uleb128 0xe
 1910 0ddb 6D747800 		.ascii	"mtx\000"
 1911 0ddf 13       		.byte	0x13
 1912 0de0 2501     		.2byte	0x125
 1913 0de2 19       		.byte	0x19
 1914 0de3 EA090000 		.4byte	0x9ea
 1915 0de7 00       		.byte	0
 1916 0de8 0F       		.uleb128 0xf
 1917 0de9 0B010000 		.4byte	.LASF162
 1918 0ded 13       		.byte	0x13
 1919 0dee 2C01     		.2byte	0x12c
 1920 0df0 19       		.byte	0x19
 1921 0df1 8D0C0000 		.4byte	0xc8d
 1922 0df5 10       		.byte	0x10
 1923 0df6 0F       		.uleb128 0xf
 1924 0df7 36060000 		.4byte	.LASF163
 1925 0dfb 13       		.byte	0x13
 1926 0dfc 3001     		.2byte	0x130
 1927 0dfe 19       		.byte	0x19
 1928 0dff 100B0000 		.4byte	0xb10
 1929 0e03 14       		.byte	0x14
 1930 0e04 0F       		.uleb128 0xf
 1931 0e05 FF060000 		.4byte	.LASF164
 1932 0e09 13       		.byte	0x13
 1933 0e0a 3501     		.2byte	0x135
 1934 0e0c 19       		.byte	0x19
 1935 0e0d 8D0C0000 		.4byte	0xc8d
 1936 0e11 24       		.byte	0x24
 1937 0e12 0F       		.uleb128 0xf
 1938 0e13 200B0000 		.4byte	.LASF165
ARM GAS  /tmp/ccAvL6mB.s 			page 35


 1939 0e17 13       		.byte	0x13
 1940 0e18 3B01     		.2byte	0x13b
 1941 0e1a 19       		.byte	0x19
 1942 0e1b 8D0C0000 		.4byte	0xc8d
 1943 0e1f 28       		.byte	0x28
 1944 0e20 0F       		.uleb128 0xf
 1945 0e21 5D040000 		.4byte	.LASF166
 1946 0e25 13       		.byte	0x13
 1947 0e26 3F01     		.2byte	0x13f
 1948 0e28 19       		.byte	0x19
 1949 0e29 100B0000 		.4byte	0xb10
 1950 0e2d 2C       		.byte	0x2c
 1951 0e2e 0F       		.uleb128 0xf
 1952 0e2f E1090000 		.4byte	.LASF167
 1953 0e33 13       		.byte	0x13
 1954 0e34 4501     		.2byte	0x145
 1955 0e36 19       		.byte	0x19
 1956 0e37 8D0C0000 		.4byte	0xc8d
 1957 0e3b 3C       		.byte	0x3c
 1958 0e3c 0F       		.uleb128 0xf
 1959 0e3d 32000000 		.4byte	.LASF168
 1960 0e41 13       		.byte	0x13
 1961 0e42 4B01     		.2byte	0x14b
 1962 0e44 19       		.byte	0x19
 1963 0e45 8D0C0000 		.4byte	0xc8d
 1964 0e49 40       		.byte	0x40
 1965 0e4a 0F       		.uleb128 0xf
 1966 0e4b 0C040000 		.4byte	.LASF169
 1967 0e4f 13       		.byte	0x13
 1968 0e50 5101     		.2byte	0x151
 1969 0e52 19       		.byte	0x19
 1970 0e53 8D0C0000 		.4byte	0xc8d
 1971 0e57 44       		.byte	0x44
 1972 0e58 00       		.byte	0
 1973 0e59 19       		.uleb128 0x19
 1974 0e5a B1030000 		.4byte	.LASF170
 1975 0e5e 13       		.byte	0x13
 1976 0e5f 5301     		.2byte	0x153
 1977 0e61 03       		.byte	0x3
 1978 0e62 CC0D0000 		.4byte	0xdcc
 1979 0e66 1C       		.uleb128 0x1c
 1980 0e67 EB070000 		.4byte	.LASF214
 1981 0e6b 13       		.byte	0x13
 1982 0e6c 5E01     		.2byte	0x15e
 1983 0e6e 1A       		.byte	0x1a
 1984 0e6f 590E0000 		.4byte	0xe59
 1985 0e73 1D       		.uleb128 0x1d
 1986 0e74 660E0000 		.4byte	0xe66
 1987 0e78 14       		.byte	0x14
 1988 0e79 48       		.byte	0x48
 1989 0e7a 13       		.byte	0x13
 1990 0e7b 1E       		.uleb128 0x1e
 1991 0e7c 72060000 		.4byte	.LASF173
 1992 0e80 14       		.byte	0x14
 1993 0e81 3103     		.2byte	0x331
 1994 0e83 06       		.byte	0x6
 1995 0e84 960E0000 		.4byte	0xe96
ARM GAS  /tmp/ccAvL6mB.s 			page 36


 1996 0e88 1F       		.uleb128 0x1f
 1997 0e89 64707000 		.ascii	"dpp\000"
 1998 0e8d 14       		.byte	0x14
 1999 0e8e 3103     		.2byte	0x331
 2000 0e90 27       		.byte	0x27
 2001 0e91 960E0000 		.4byte	0xe96
 2002 0e95 00       		.byte	0
 2003 0e96 06       		.uleb128 0x6
 2004 0e97 04       		.byte	0x4
 2005 0e98 BF0D0000 		.4byte	0xdbf
 2006 0e9c 20       		.uleb128 0x20
 2007 0e9d D5030000 		.4byte	.LASF171
 2008 0ea1 14       		.byte	0x14
 2009 0ea2 1B03     		.2byte	0x31b
 2010 0ea4 0D       		.byte	0xd
 2011 0ea5 960E0000 		.4byte	0xe96
 2012 0ea9 C80E0000 		.4byte	0xec8
 2013 0ead 21       		.uleb128 0x21
 2014 0eae C4080000 		.4byte	.LASF31
 2015 0eb2 14       		.byte	0x14
 2016 0eb3 1B03     		.2byte	0x31b
 2017 0eb5 2B       		.byte	0x2b
 2018 0eb6 8A000000 		.4byte	0x8a
 2019 0eba 22       		.uleb128 0x22
 2020 0ebb 64707000 		.ascii	"dpp\000"
 2021 0ebf 14       		.byte	0x14
 2022 0ec0 1C03     		.2byte	0x31c
 2023 0ec2 0F       		.byte	0xf
 2024 0ec3 960E0000 		.4byte	0xe96
 2025 0ec7 00       		.byte	0
 2026 0ec8 20       		.uleb128 0x20
 2027 0ec9 0A090000 		.4byte	.LASF172
 2028 0ecd 14       		.byte	0x14
 2029 0ece FA02     		.2byte	0x2fa
 2030 0ed0 0D       		.byte	0xd
 2031 0ed1 960E0000 		.4byte	0xe96
 2032 0ed5 010F0000 		.4byte	0xf01
 2033 0ed9 21       		.uleb128 0x21
 2034 0eda C4080000 		.4byte	.LASF31
 2035 0ede 14       		.byte	0x14
 2036 0edf FA02     		.2byte	0x2fa
 2037 0ee1 2D       		.byte	0x2d
 2038 0ee2 8A000000 		.4byte	0x8a
 2039 0ee6 21       		.uleb128 0x21
 2040 0ee7 97060000 		.4byte	.LASF83
 2041 0eeb 14       		.byte	0x14
 2042 0eec FA02     		.2byte	0x2fa
 2043 0eee 3A       		.byte	0x3a
 2044 0eef 24000000 		.4byte	0x24
 2045 0ef3 22       		.uleb128 0x22
 2046 0ef4 64707000 		.ascii	"dpp\000"
 2047 0ef8 14       		.byte	0x14
 2048 0ef9 FB02     		.2byte	0x2fb
 2049 0efb 0F       		.byte	0xf
 2050 0efc 960E0000 		.4byte	0xe96
 2051 0f00 00       		.byte	0
 2052 0f01 1E       		.uleb128 0x1e
ARM GAS  /tmp/ccAvL6mB.s 			page 37


 2053 0f02 A1000000 		.4byte	.LASF174
 2054 0f06 14       		.byte	0x14
 2055 0f07 DE02     		.2byte	0x2de
 2056 0f09 06       		.byte	0x6
 2057 0f0a 1C0F0000 		.4byte	0xf1c
 2058 0f0e 21       		.uleb128 0x21
 2059 0f0f 06010000 		.4byte	.LASF175
 2060 0f13 14       		.byte	0x14
 2061 0f14 DE02     		.2byte	0x2de
 2062 0f16 36       		.byte	0x36
 2063 0f17 1C0F0000 		.4byte	0xf1c
 2064 0f1b 00       		.byte	0
 2065 0f1c 06       		.uleb128 0x6
 2066 0f1d 04       		.byte	0x4
 2067 0f1e 870D0000 		.4byte	0xd87
 2068 0f22 20       		.uleb128 0x20
 2069 0f23 16080000 		.4byte	.LASF176
 2070 0f27 14       		.byte	0x14
 2071 0f28 C802     		.2byte	0x2c8
 2072 0f2a 15       		.byte	0x15
 2073 0f2b 1C0F0000 		.4byte	0xf1c
 2074 0f2f 4E0F0000 		.4byte	0xf4e
 2075 0f33 21       		.uleb128 0x21
 2076 0f34 C4080000 		.4byte	.LASF31
 2077 0f38 14       		.byte	0x14
 2078 0f39 C802     		.2byte	0x2c8
 2079 0f3b 3A       		.byte	0x3a
 2080 0f3c 8A000000 		.4byte	0x8a
 2081 0f40 23       		.uleb128 0x23
 2082 0f41 06010000 		.4byte	.LASF175
 2083 0f45 14       		.byte	0x14
 2084 0f46 C902     		.2byte	0x2c9
 2085 0f48 17       		.byte	0x17
 2086 0f49 1C0F0000 		.4byte	0xf1c
 2087 0f4d 00       		.byte	0
 2088 0f4e 20       		.uleb128 0x20
 2089 0f4f 44010000 		.4byte	.LASF177
 2090 0f53 14       		.byte	0x14
 2091 0f54 9802     		.2byte	0x298
 2092 0f56 15       		.byte	0x15
 2093 0f57 1C0F0000 		.4byte	0xf1c
 2094 0f5b D70F0000 		.4byte	0xfd7
 2095 0f5f 21       		.uleb128 0x21
 2096 0f60 C4080000 		.4byte	.LASF31
 2097 0f64 14       		.byte	0x14
 2098 0f65 9802     		.2byte	0x298
 2099 0f67 3C       		.byte	0x3c
 2100 0f68 8A000000 		.4byte	0x8a
 2101 0f6c 21       		.uleb128 0x21
 2102 0f6d 78090000 		.4byte	.LASF178
 2103 0f71 14       		.byte	0x14
 2104 0f72 9902     		.2byte	0x299
 2105 0f74 37       		.byte	0x37
 2106 0f75 24000000 		.4byte	0x24
 2107 0f79 21       		.uleb128 0x21
 2108 0f7a 92060000 		.4byte	.LASF179
 2109 0f7e 14       		.byte	0x14
ARM GAS  /tmp/ccAvL6mB.s 			page 38


 2110 0f7f 9A02     		.2byte	0x29a
 2111 0f81 37       		.byte	0x37
 2112 0f82 24000000 		.4byte	0x24
 2113 0f86 21       		.uleb128 0x21
 2114 0f87 2A040000 		.4byte	.LASF180
 2115 0f8b 14       		.byte	0x14
 2116 0f8c 9B02     		.2byte	0x29b
 2117 0f8e 39       		.byte	0x39
 2118 0f8f 30000000 		.4byte	0x30
 2119 0f93 23       		.uleb128 0x23
 2120 0f94 96080000 		.4byte	.LASF181
 2121 0f98 14       		.byte	0x14
 2122 0f99 9C02     		.2byte	0x29c
 2123 0f9b 0A       		.byte	0xa
 2124 0f9c 24000000 		.4byte	0x24
 2125 0fa0 23       		.uleb128 0x23
 2126 0fa1 66040000 		.4byte	.LASF182
 2127 0fa5 14       		.byte	0x14
 2128 0fa6 9C02     		.2byte	0x29c
 2129 0fa8 11       		.byte	0x11
 2130 0fa9 24000000 		.4byte	0x24
 2131 0fad 23       		.uleb128 0x23
 2132 0fae 06010000 		.4byte	.LASF175
 2133 0fb2 14       		.byte	0x14
 2134 0fb3 9D02     		.2byte	0x29d
 2135 0fb5 17       		.byte	0x17
 2136 0fb6 1C0F0000 		.4byte	0xf1c
 2137 0fba 24       		.uleb128 0x24
 2138 0fbb 23       		.uleb128 0x23
 2139 0fbc 18060000 		.4byte	.LASF183
 2140 0fc0 14       		.byte	0x14
 2141 0fc1 AD02     		.2byte	0x2ad
 2142 0fc3 0C       		.byte	0xc
 2143 0fc4 6C0A0000 		.4byte	0xa6c
 2144 0fc8 23       		.uleb128 0x23
 2145 0fc9 61030000 		.4byte	.LASF184
 2146 0fcd 14       		.byte	0x14
 2147 0fce AE02     		.2byte	0x2ae
 2148 0fd0 0E       		.byte	0xe
 2149 0fd1 AB0A0000 		.4byte	0xaab
 2150 0fd5 00       		.byte	0
 2151 0fd6 00       		.byte	0
 2152 0fd7 1E       		.uleb128 0x1e
 2153 0fd8 C9090000 		.4byte	.LASF185
 2154 0fdc 14       		.byte	0x14
 2155 0fdd 7A02     		.2byte	0x27a
 2156 0fdf 06       		.byte	0x6
 2157 0fe0 F20F0000 		.4byte	0xff2
 2158 0fe4 1F       		.uleb128 0x1f
 2159 0fe5 646D7000 		.ascii	"dmp\000"
 2160 0fe9 14       		.byte	0x14
 2161 0fea 7A02     		.2byte	0x27a
 2162 0fec 2D       		.byte	0x2d
 2163 0fed F20F0000 		.4byte	0xff2
 2164 0ff1 00       		.byte	0
 2165 0ff2 06       		.uleb128 0x6
 2166 0ff3 04       		.byte	0x4
ARM GAS  /tmp/ccAvL6mB.s 			page 39


 2167 0ff4 500D0000 		.4byte	0xd50
 2168 0ff8 20       		.uleb128 0x20
 2169 0ff9 72070000 		.4byte	.LASF186
 2170 0ffd 14       		.byte	0x14
 2171 0ffe 6402     		.2byte	0x264
 2172 1000 10       		.byte	0x10
 2173 1001 F20F0000 		.4byte	0xff2
 2174 1005 24100000 		.4byte	0x1024
 2175 1009 21       		.uleb128 0x21
 2176 100a C4080000 		.4byte	.LASF31
 2177 100e 14       		.byte	0x14
 2178 100f 6402     		.2byte	0x264
 2179 1011 31       		.byte	0x31
 2180 1012 8A000000 		.4byte	0x8a
 2181 1016 22       		.uleb128 0x22
 2182 1017 646D7000 		.ascii	"dmp\000"
 2183 101b 14       		.byte	0x14
 2184 101c 6502     		.2byte	0x265
 2185 101e 12       		.byte	0x12
 2186 101f F20F0000 		.4byte	0xff2
 2187 1023 00       		.byte	0
 2188 1024 20       		.uleb128 0x20
 2189 1025 3C0A0000 		.4byte	.LASF187
 2190 1029 14       		.byte	0x14
 2191 102a 4302     		.2byte	0x243
 2192 102c 10       		.byte	0x10
 2193 102d F20F0000 		.4byte	0xff2
 2194 1031 5B100000 		.4byte	0x105b
 2195 1035 21       		.uleb128 0x21
 2196 1036 C4080000 		.4byte	.LASF31
 2197 103a 14       		.byte	0x14
 2198 103b 4302     		.2byte	0x243
 2199 103d 33       		.byte	0x33
 2200 103e 8A000000 		.4byte	0x8a
 2201 1042 1F       		.uleb128 0x1f
 2202 1043 6E00     		.ascii	"n\000"
 2203 1045 14       		.byte	0x14
 2204 1046 4302     		.2byte	0x243
 2205 1048 40       		.byte	0x40
 2206 1049 24000000 		.4byte	0x24
 2207 104d 22       		.uleb128 0x22
 2208 104e 646D7000 		.ascii	"dmp\000"
 2209 1052 14       		.byte	0x14
 2210 1053 4402     		.2byte	0x244
 2211 1055 12       		.byte	0x12
 2212 1056 F20F0000 		.4byte	0xff2
 2213 105a 00       		.byte	0
 2214 105b 1E       		.uleb128 0x1e
 2215 105c B3020000 		.4byte	.LASF188
 2216 1060 14       		.byte	0x14
 2217 1061 2702     		.2byte	0x227
 2218 1063 06       		.byte	0x6
 2219 1064 76100000 		.4byte	0x1076
 2220 1068 1F       		.uleb128 0x1f
 2221 1069 64737000 		.ascii	"dsp\000"
 2222 106d 14       		.byte	0x14
 2223 106e 2702     		.2byte	0x227
ARM GAS  /tmp/ccAvL6mB.s 			page 40


 2224 1070 31       		.byte	0x31
 2225 1071 76100000 		.4byte	0x1076
 2226 1075 00       		.byte	0
 2227 1076 06       		.uleb128 0x6
 2228 1077 04       		.byte	0x4
 2229 1078 1C0D0000 		.4byte	0xd1c
 2230 107c 20       		.uleb128 0x20
 2231 107d F5030000 		.4byte	.LASF189
 2232 1081 14       		.byte	0x14
 2233 1082 1102     		.2byte	0x211
 2234 1084 12       		.byte	0x12
 2235 1085 76100000 		.4byte	0x1076
 2236 1089 A8100000 		.4byte	0x10a8
 2237 108d 21       		.uleb128 0x21
 2238 108e C4080000 		.4byte	.LASF31
 2239 1092 14       		.byte	0x14
 2240 1093 1102     		.2byte	0x211
 2241 1095 35       		.byte	0x35
 2242 1096 8A000000 		.4byte	0x8a
 2243 109a 22       		.uleb128 0x22
 2244 109b 64737000 		.ascii	"dsp\000"
 2245 109f 14       		.byte	0x14
 2246 10a0 1202     		.2byte	0x212
 2247 10a2 14       		.byte	0x14
 2248 10a3 76100000 		.4byte	0x1076
 2249 10a7 00       		.byte	0
 2250 10a8 20       		.uleb128 0x20
 2251 10a9 A6070000 		.4byte	.LASF190
 2252 10ad 14       		.byte	0x14
 2253 10ae F201     		.2byte	0x1f2
 2254 10b0 12       		.byte	0x12
 2255 10b1 76100000 		.4byte	0x1076
 2256 10b5 DF100000 		.4byte	0x10df
 2257 10b9 21       		.uleb128 0x21
 2258 10ba C4080000 		.4byte	.LASF31
 2259 10be 14       		.byte	0x14
 2260 10bf F201     		.2byte	0x1f2
 2261 10c1 37       		.byte	0x37
 2262 10c2 8A000000 		.4byte	0x8a
 2263 10c6 1F       		.uleb128 0x1f
 2264 10c7 6E00     		.ascii	"n\000"
 2265 10c9 14       		.byte	0x14
 2266 10ca F201     		.2byte	0x1f2
 2267 10cc 43       		.byte	0x43
 2268 10cd 46010000 		.4byte	0x146
 2269 10d1 22       		.uleb128 0x22
 2270 10d2 64737000 		.ascii	"dsp\000"
 2271 10d6 14       		.byte	0x14
 2272 10d7 F301     		.2byte	0x1f3
 2273 10d9 14       		.byte	0x14
 2274 10da 76100000 		.4byte	0x1076
 2275 10de 00       		.byte	0
 2276 10df 1E       		.uleb128 0x1e
 2277 10e0 FF0A0000 		.4byte	.LASF191
 2278 10e4 14       		.byte	0x14
 2279 10e5 D801     		.2byte	0x1d8
 2280 10e7 06       		.byte	0x6
ARM GAS  /tmp/ccAvL6mB.s 			page 41


 2281 10e8 FA100000 		.4byte	0x10fa
 2282 10ec 1F       		.uleb128 0x1f
 2283 10ed 64627000 		.ascii	"dbp\000"
 2284 10f1 14       		.byte	0x14
 2285 10f2 D801     		.2byte	0x1d8
 2286 10f4 2B       		.byte	0x2b
 2287 10f5 FA100000 		.4byte	0x10fa
 2288 10f9 00       		.byte	0
 2289 10fa 06       		.uleb128 0x6
 2290 10fb 04       		.byte	0x4
 2291 10fc E80C0000 		.4byte	0xce8
 2292 1100 20       		.uleb128 0x20
 2293 1101 6C080000 		.4byte	.LASF192
 2294 1105 14       		.byte	0x14
 2295 1106 C201     		.2byte	0x1c2
 2296 1108 0F       		.byte	0xf
 2297 1109 FA100000 		.4byte	0x10fa
 2298 110d 2C110000 		.4byte	0x112c
 2299 1111 21       		.uleb128 0x21
 2300 1112 C4080000 		.4byte	.LASF31
 2301 1116 14       		.byte	0x14
 2302 1117 C201     		.2byte	0x1c2
 2303 1119 2F       		.byte	0x2f
 2304 111a 8A000000 		.4byte	0x8a
 2305 111e 22       		.uleb128 0x22
 2306 111f 64627000 		.ascii	"dbp\000"
 2307 1123 14       		.byte	0x14
 2308 1124 C301     		.2byte	0x1c3
 2309 1126 11       		.byte	0x11
 2310 1127 FA100000 		.4byte	0x10fa
 2311 112b 00       		.byte	0
 2312 112c 20       		.uleb128 0x20
 2313 112d D5070000 		.4byte	.LASF193
 2314 1131 14       		.byte	0x14
 2315 1132 A201     		.2byte	0x1a2
 2316 1134 0F       		.byte	0xf
 2317 1135 FA100000 		.4byte	0x10fa
 2318 1139 65110000 		.4byte	0x1165
 2319 113d 21       		.uleb128 0x21
 2320 113e C4080000 		.4byte	.LASF31
 2321 1142 14       		.byte	0x14
 2322 1143 A201     		.2byte	0x1a2
 2323 1145 31       		.byte	0x31
 2324 1146 8A000000 		.4byte	0x8a
 2325 114a 21       		.uleb128 0x21
 2326 114b 97060000 		.4byte	.LASF83
 2327 114f 14       		.byte	0x14
 2328 1150 A201     		.2byte	0x1a2
 2329 1152 3E       		.byte	0x3e
 2330 1153 24000000 		.4byte	0x24
 2331 1157 22       		.uleb128 0x22
 2332 1158 64627000 		.ascii	"dbp\000"
 2333 115c 14       		.byte	0x14
 2334 115d A301     		.2byte	0x1a3
 2335 115f 11       		.byte	0x11
 2336 1160 FA100000 		.4byte	0x10fa
 2337 1164 00       		.byte	0
ARM GAS  /tmp/ccAvL6mB.s 			page 42


 2338 1165 1E       		.uleb128 0x1e
 2339 1166 8F020000 		.4byte	.LASF194
 2340 116a 14       		.byte	0x14
 2341 116b 8601     		.2byte	0x186
 2342 116d 06       		.byte	0x6
 2343 116e 80110000 		.4byte	0x1180
 2344 1172 1F       		.uleb128 0x1f
 2345 1173 726F7000 		.ascii	"rop\000"
 2346 1177 14       		.byte	0x14
 2347 1178 8601     		.2byte	0x186
 2348 117a 32       		.byte	0x32
 2349 117b 80110000 		.4byte	0x1180
 2350 117f 00       		.byte	0
 2351 1180 06       		.uleb128 0x6
 2352 1181 04       		.byte	0x4
 2353 1182 C10C0000 		.4byte	0xcc1
 2354 1186 20       		.uleb128 0x20
 2355 1187 9F050000 		.4byte	.LASF195
 2356 118b 14       		.byte	0x14
 2357 118c 6501     		.2byte	0x165
 2358 118e 16       		.byte	0x16
 2359 118f 80110000 		.4byte	0x1180
 2360 1193 B2110000 		.4byte	0x11b2
 2361 1197 21       		.uleb128 0x21
 2362 1198 D0010000 		.4byte	.LASF147
 2363 119c 14       		.byte	0x14
 2364 119d 6501     		.2byte	0x165
 2365 119f 39       		.byte	0x39
 2366 11a0 76000000 		.4byte	0x76
 2367 11a4 22       		.uleb128 0x22
 2368 11a5 726F7000 		.ascii	"rop\000"
 2369 11a9 14       		.byte	0x14
 2370 11aa 6601     		.2byte	0x166
 2371 11ac 18       		.byte	0x18
 2372 11ad 80110000 		.4byte	0x1180
 2373 11b1 00       		.byte	0
 2374 11b2 20       		.uleb128 0x20
 2375 11b3 09000000 		.4byte	.LASF196
 2376 11b7 14       		.byte	0x14
 2377 11b8 4C01     		.2byte	0x14c
 2378 11ba 16       		.byte	0x16
 2379 11bb 80110000 		.4byte	0x1180
 2380 11bf DE110000 		.4byte	0x11de
 2381 11c3 21       		.uleb128 0x21
 2382 11c4 C4080000 		.4byte	.LASF31
 2383 11c8 14       		.byte	0x14
 2384 11c9 4C01     		.2byte	0x14c
 2385 11cb 36       		.byte	0x36
 2386 11cc 8A000000 		.4byte	0x8a
 2387 11d0 22       		.uleb128 0x22
 2388 11d1 726F7000 		.ascii	"rop\000"
 2389 11d5 14       		.byte	0x14
 2390 11d6 4D01     		.2byte	0x14d
 2391 11d8 18       		.byte	0x18
 2392 11d9 80110000 		.4byte	0x1180
 2393 11dd 00       		.byte	0
 2394 11de 20       		.uleb128 0x20
ARM GAS  /tmp/ccAvL6mB.s 			page 43


 2395 11df 2D030000 		.4byte	.LASF197
 2396 11e3 14       		.byte	0x14
 2397 11e4 2C01     		.2byte	0x12c
 2398 11e6 16       		.byte	0x16
 2399 11e7 80110000 		.4byte	0x1180
 2400 11eb 17120000 		.4byte	0x1217
 2401 11ef 21       		.uleb128 0x21
 2402 11f0 C4080000 		.4byte	.LASF31
 2403 11f4 14       		.byte	0x14
 2404 11f5 2C01     		.2byte	0x12c
 2405 11f7 3A       		.byte	0x3a
 2406 11f8 8A000000 		.4byte	0x8a
 2407 11fc 21       		.uleb128 0x21
 2408 11fd D0010000 		.4byte	.LASF147
 2409 1201 14       		.byte	0x14
 2410 1202 2D01     		.2byte	0x12d
 2411 1204 34       		.byte	0x34
 2412 1205 76000000 		.4byte	0x76
 2413 1209 22       		.uleb128 0x22
 2414 120a 726F7000 		.ascii	"rop\000"
 2415 120e 14       		.byte	0x14
 2416 120f 2E01     		.2byte	0x12e
 2417 1211 18       		.byte	0x18
 2418 1212 80110000 		.4byte	0x1180
 2419 1216 00       		.byte	0
 2420 1217 25       		.uleb128 0x25
 2421 1218 5E070000 		.4byte	.LASF215
 2422 121c 14       		.byte	0x14
 2423 121d FB       		.byte	0xfb
 2424 121e 06       		.byte	0x6
 2425 121f 26       		.uleb128 0x26
 2426 1220 06080000 		.4byte	.LASF199
 2427 1224 14       		.byte	0x14
 2428 1225 E3       		.byte	0xe3
 2429 1226 17       		.byte	0x17
 2430 1227 870C0000 		.4byte	0xc87
 2431 122b 5D120000 		.4byte	0x125d
 2432 122f 27       		.uleb128 0x27
 2433 1230 C4080000 		.4byte	.LASF31
 2434 1234 14       		.byte	0x14
 2435 1235 E3       		.byte	0xe3
 2436 1236 33       		.byte	0x33
 2437 1237 8A000000 		.4byte	0x8a
 2438 123b 28       		.uleb128 0x28
 2439 123c 646C7000 		.ascii	"dlp\000"
 2440 1240 14       		.byte	0x14
 2441 1241 E3       		.byte	0xe3
 2442 1242 45       		.byte	0x45
 2443 1243 5D120000 		.4byte	0x125d
 2444 1247 29       		.uleb128 0x29
 2445 1248 64657000 		.ascii	"dep\000"
 2446 124c 14       		.byte	0x14
 2447 124d E4       		.byte	0xe4
 2448 124e 12       		.byte	0x12
 2449 124f 870C0000 		.4byte	0xc87
 2450 1253 2A       		.uleb128 0x2a
 2451 1254 D30A0000 		.4byte	.LASF198
ARM GAS  /tmp/ccAvL6mB.s 			page 44


 2452 1258 73120000 		.4byte	0x1273
 2453 125c 00       		.byte	0
 2454 125d 06       		.uleb128 0x6
 2455 125e 04       		.byte	0x4
 2456 125f 8D0C0000 		.4byte	0xc8d
 2457 1263 09       		.uleb128 0x9
 2458 1264 85000000 		.4byte	0x85
 2459 1268 73120000 		.4byte	0x1273
 2460 126c 0A       		.uleb128 0xa
 2461 126d 30000000 		.4byte	0x30
 2462 1271 0F       		.byte	0xf
 2463 1272 00       		.byte	0
 2464 1273 07       		.uleb128 0x7
 2465 1274 63120000 		.4byte	0x1263
 2466 1278 2B       		.uleb128 0x2b
 2467 1279 C6000000 		.4byte	.LASF201
 2468 127d 14       		.byte	0x14
 2469 127e D4       		.byte	0xd4
 2470 127f 0D       		.byte	0xd
 2471 1280 B1120000 		.4byte	0x12b1
 2472 1284 28       		.uleb128 0x28
 2473 1285 64657000 		.ascii	"dep\000"
 2474 1289 14       		.byte	0x14
 2475 128a D4       		.byte	0xd4
 2476 128b 34       		.byte	0x34
 2477 128c 870C0000 		.4byte	0xc87
 2478 1290 28       		.uleb128 0x28
 2479 1291 646C7000 		.ascii	"dlp\000"
 2480 1295 14       		.byte	0x14
 2481 1296 D5       		.byte	0xd5
 2482 1297 31       		.byte	0x31
 2483 1298 5D120000 		.4byte	0x125d
 2484 129c 28       		.uleb128 0x28
 2485 129d 6D7000   		.ascii	"mp\000"
 2486 12a0 14       		.byte	0x14
 2487 12a1 D6       		.byte	0xd6
 2488 12a2 34       		.byte	0x34
 2489 12a3 B1120000 		.4byte	0x12b1
 2490 12a7 2A       		.uleb128 0x2a
 2491 12a8 D30A0000 		.4byte	.LASF198
 2492 12ac C7120000 		.4byte	0x12c7
 2493 12b0 00       		.byte	0
 2494 12b1 06       		.uleb128 0x6
 2495 12b2 04       		.byte	0x4
 2496 12b3 100B0000 		.4byte	0xb10
 2497 12b7 09       		.uleb128 0x9
 2498 12b8 85000000 		.4byte	0x85
 2499 12bc C7120000 		.4byte	0x12c7
 2500 12c0 0A       		.uleb128 0xa
 2501 12c1 30000000 		.4byte	0x30
 2502 12c5 17       		.byte	0x17
 2503 12c6 00       		.byte	0
 2504 12c7 07       		.uleb128 0x7
 2505 12c8 B7120000 		.4byte	0x12b7
 2506 12cc 26       		.uleb128 0x26
 2507 12cd 94030000 		.4byte	.LASF200
 2508 12d1 14       		.byte	0x14
ARM GAS  /tmp/ccAvL6mB.s 			page 45


 2509 12d2 B6       		.byte	0xb6
 2510 12d3 17       		.byte	0x17
 2511 12d4 870C0000 		.4byte	0xc87
 2512 12d8 15130000 		.4byte	0x1315
 2513 12dc 27       		.uleb128 0x27
 2514 12dd C4080000 		.4byte	.LASF31
 2515 12e1 14       		.byte	0x14
 2516 12e2 B6       		.byte	0xb6
 2517 12e3 3A       		.byte	0x3a
 2518 12e4 8A000000 		.4byte	0x8a
 2519 12e8 28       		.uleb128 0x28
 2520 12e9 646C7000 		.ascii	"dlp\000"
 2521 12ed 14       		.byte	0x14
 2522 12ee B7       		.byte	0xb7
 2523 12ef 3A       		.byte	0x3a
 2524 12f0 5D120000 		.4byte	0x125d
 2525 12f4 28       		.uleb128 0x28
 2526 12f5 6D7000   		.ascii	"mp\000"
 2527 12f8 14       		.byte	0x14
 2528 12f9 B8       		.byte	0xb8
 2529 12fa 3D       		.byte	0x3d
 2530 12fb B1120000 		.4byte	0x12b1
 2531 12ff 29       		.uleb128 0x29
 2532 1300 64657000 		.ascii	"dep\000"
 2533 1304 14       		.byte	0x14
 2534 1305 B9       		.byte	0xb9
 2535 1306 12       		.byte	0x12
 2536 1307 870C0000 		.4byte	0xc87
 2537 130b 2A       		.uleb128 0x2a
 2538 130c D30A0000 		.4byte	.LASF198
 2539 1310 25130000 		.4byte	0x1325
 2540 1314 00       		.byte	0
 2541 1315 09       		.uleb128 0x9
 2542 1316 85000000 		.4byte	0x85
 2543 131a 25130000 		.4byte	0x1325
 2544 131e 0A       		.uleb128 0xa
 2545 131f 30000000 		.4byte	0x30
 2546 1323 16       		.byte	0x16
 2547 1324 00       		.byte	0
 2548 1325 07       		.uleb128 0x7
 2549 1326 15130000 		.4byte	0x1315
 2550 132a 2B       		.uleb128 0x2b
 2551 132b CE060000 		.4byte	.LASF202
 2552 132f 14       		.byte	0x14
 2553 1330 A7       		.byte	0xa7
 2554 1331 0D       		.byte	0xd
 2555 1332 58130000 		.4byte	0x1358
 2556 1336 28       		.uleb128 0x28
 2557 1337 64657000 		.ascii	"dep\000"
 2558 133b 14       		.byte	0x14
 2559 133c A7       		.byte	0xa7
 2560 133d 34       		.byte	0x34
 2561 133e 870C0000 		.4byte	0xc87
 2562 1342 28       		.uleb128 0x28
 2563 1343 646C7000 		.ascii	"dlp\000"
 2564 1347 14       		.byte	0x14
 2565 1348 A8       		.byte	0xa8
ARM GAS  /tmp/ccAvL6mB.s 			page 46


 2566 1349 31       		.byte	0x31
 2567 134a 5D120000 		.4byte	0x125d
 2568 134e 2A       		.uleb128 0x2a
 2569 134f D30A0000 		.4byte	.LASF198
 2570 1353 C7120000 		.4byte	0x12c7
 2571 1357 00       		.byte	0
 2572 1358 26       		.uleb128 0x26
 2573 1359 0F0A0000 		.4byte	.LASF203
 2574 135d 14       		.byte	0x14
 2575 135e 88       		.byte	0x88
 2576 135f 17       		.byte	0x17
 2577 1360 870C0000 		.4byte	0xc87
 2578 1364 AE130000 		.4byte	0x13ae
 2579 1368 27       		.uleb128 0x27
 2580 1369 C4080000 		.4byte	.LASF31
 2581 136d 14       		.byte	0x14
 2582 136e 88       		.byte	0x88
 2583 136f 3A       		.byte	0x3a
 2584 1370 8A000000 		.4byte	0x8a
 2585 1374 28       		.uleb128 0x28
 2586 1375 646C7000 		.ascii	"dlp\000"
 2587 1379 14       		.byte	0x14
 2588 137a 89       		.byte	0x89
 2589 137b 3A       		.byte	0x3a
 2590 137c 5D120000 		.4byte	0x125d
 2591 1380 27       		.uleb128 0x27
 2592 1381 97060000 		.4byte	.LASF83
 2593 1385 14       		.byte	0x14
 2594 1386 8A       		.byte	0x8a
 2595 1387 35       		.byte	0x35
 2596 1388 24000000 		.4byte	0x24
 2597 138c 27       		.uleb128 0x27
 2598 138d F00A0000 		.4byte	.LASF129
 2599 1391 14       		.byte	0x14
 2600 1392 8B       		.byte	0x8b
 2601 1393 37       		.byte	0x37
 2602 1394 30000000 		.4byte	0x30
 2603 1398 29       		.uleb128 0x29
 2604 1399 64657000 		.ascii	"dep\000"
 2605 139d 14       		.byte	0x14
 2606 139e 8C       		.byte	0x8c
 2607 139f 12       		.byte	0x12
 2608 13a0 870C0000 		.4byte	0xc87
 2609 13a4 2A       		.uleb128 0x2a
 2610 13a5 D30A0000 		.4byte	.LASF198
 2611 13a9 25130000 		.4byte	0x1325
 2612 13ad 00       		.byte	0
 2613 13ae 26       		.uleb128 0x26
 2614 13af 87070000 		.4byte	.LASF204
 2615 13b3 14       		.byte	0x14
 2616 13b4 74       		.byte	0x74
 2617 13b5 17       		.byte	0x17
 2618 13b6 870C0000 		.4byte	0xc87
 2619 13ba E3130000 		.4byte	0x13e3
 2620 13be 27       		.uleb128 0x27
 2621 13bf A6020000 		.4byte	.LASF146
 2622 13c3 14       		.byte	0x14
ARM GAS  /tmp/ccAvL6mB.s 			page 47


 2623 13c4 74       		.byte	0x74
 2624 13c5 36       		.byte	0x36
 2625 13c6 870C0000 		.4byte	0xc87
 2626 13ca 28       		.uleb128 0x28
 2627 13cb 646C7000 		.ascii	"dlp\000"
 2628 13cf 14       		.byte	0x14
 2629 13d0 75       		.byte	0x75
 2630 13d1 33       		.byte	0x33
 2631 13d2 5D120000 		.4byte	0x125d
 2632 13d6 2C       		.uleb128 0x2c
 2633 13d7 70010000 		.4byte	.LASF67
 2634 13db 14       		.byte	0x14
 2635 13dc 76       		.byte	0x76
 2636 13dd 12       		.byte	0x12
 2637 13de 870C0000 		.4byte	0xc87
 2638 13e2 00       		.byte	0
 2639 13e3 26       		.uleb128 0x26
 2640 13e4 EF090000 		.4byte	.LASF205
 2641 13e8 14       		.byte	0x14
 2642 13e9 67       		.byte	0x67
 2643 13ea 17       		.byte	0x17
 2644 13eb 870C0000 		.4byte	0xc87
 2645 13ef 16140000 		.4byte	0x1416
 2646 13f3 27       		.uleb128 0x27
 2647 13f4 C4080000 		.4byte	.LASF31
 2648 13f8 14       		.byte	0x14
 2649 13f9 67       		.byte	0x67
 2650 13fa 31       		.byte	0x31
 2651 13fb 8A000000 		.4byte	0x8a
 2652 13ff 28       		.uleb128 0x28
 2653 1400 646C7000 		.ascii	"dlp\000"
 2654 1404 14       		.byte	0x14
 2655 1405 67       		.byte	0x67
 2656 1406 43       		.byte	0x43
 2657 1407 5D120000 		.4byte	0x125d
 2658 140b 29       		.uleb128 0x29
 2659 140c 7000     		.ascii	"p\000"
 2660 140e 14       		.byte	0x14
 2661 140f 68       		.byte	0x68
 2662 1410 12       		.byte	0x12
 2663 1411 870C0000 		.4byte	0xc87
 2664 1415 00       		.byte	0
 2665 1416 2B       		.uleb128 0x2b
 2666 1417 81020000 		.4byte	.LASF206
 2667 141b 14       		.byte	0x14
 2668 141c 62       		.byte	0x62
 2669 141d 14       		.byte	0x14
 2670 141e 2F140000 		.4byte	0x142f
 2671 1422 28       		.uleb128 0x28
 2672 1423 646C7000 		.ascii	"dlp\000"
 2673 1427 14       		.byte	0x14
 2674 1428 62       		.byte	0x62
 2675 1429 2E       		.byte	0x2e
 2676 142a 5D120000 		.4byte	0x125d
 2677 142e 00       		.byte	0
 2678 142f 2B       		.uleb128 0x2b
 2679 1430 0E060000 		.4byte	.LASF207
ARM GAS  /tmp/ccAvL6mB.s 			page 48


 2680 1434 14       		.byte	0x14
 2681 1435 56       		.byte	0x56
 2682 1436 0D       		.byte	0xd
 2683 1437 66140000 		.4byte	0x1466
 2684 143b 28       		.uleb128 0x28
 2685 143c 737000   		.ascii	"sp\000"
 2686 143f 14       		.byte	0x14
 2687 1440 56       		.byte	0x56
 2688 1441 23       		.byte	0x23
 2689 1442 8A000000 		.4byte	0x8a
 2690 1446 28       		.uleb128 0x28
 2691 1447 647000   		.ascii	"dp\000"
 2692 144a 14       		.byte	0x14
 2693 144b 56       		.byte	0x56
 2694 144c 2D       		.byte	0x2d
 2695 144d 78000000 		.4byte	0x78
 2696 1451 29       		.uleb128 0x29
 2697 1452 6900     		.ascii	"i\000"
 2698 1454 14       		.byte	0x14
 2699 1455 57       		.byte	0x57
 2700 1456 0C       		.byte	0xc
 2701 1457 30000000 		.4byte	0x30
 2702 145b 29       		.uleb128 0x29
 2703 145c 6300     		.ascii	"c\000"
 2704 145e 14       		.byte	0x14
 2705 145f 58       		.byte	0x58
 2706 1460 08       		.byte	0x8
 2707 1461 7E000000 		.4byte	0x7e
 2708 1465 00       		.byte	0
 2709 1466 2B       		.uleb128 0x2b
 2710 1467 7C030000 		.4byte	.LASF208
 2711 146b 11       		.byte	0x11
 2712 146c 80       		.byte	0x80
 2713 146d 14       		.byte	0x14
 2714 146e C4140000 		.4byte	0x14c4
 2715 1472 28       		.uleb128 0x28
 2716 1473 6F667000 		.ascii	"ofp\000"
 2717 1477 11       		.byte	0x11
 2718 1478 80       		.byte	0x80
 2719 1479 3C       		.byte	0x3c
 2720 147a C4140000 		.4byte	0x14c4
 2721 147e 27       		.uleb128 0x27
 2722 147f 78090000 		.4byte	.LASF178
 2723 1483 11       		.byte	0x11
 2724 1484 80       		.byte	0x80
 2725 1485 48       		.byte	0x48
 2726 1486 24000000 		.4byte	0x24
 2727 148a 27       		.uleb128 0x27
 2728 148b 92060000 		.4byte	.LASF179
 2729 148f 11       		.byte	0x11
 2730 1490 81       		.byte	0x81
 2731 1491 33       		.byte	0x33
 2732 1492 24000000 		.4byte	0x24
 2733 1496 27       		.uleb128 0x27
 2734 1497 2A040000 		.4byte	.LASF180
 2735 149b 11       		.byte	0x11
 2736 149c 81       		.byte	0x81
ARM GAS  /tmp/ccAvL6mB.s 			page 49


 2737 149d 42       		.byte	0x42
 2738 149e 30000000 		.4byte	0x30
 2739 14a2 27       		.uleb128 0x27
 2740 14a3 61030000 		.4byte	.LASF184
 2741 14a7 11       		.byte	0x11
 2742 14a8 82       		.byte	0x82
 2743 14a9 32       		.byte	0x32
 2744 14aa 76000000 		.4byte	0x76
 2745 14ae 27       		.uleb128 0x27
 2746 14af 18060000 		.4byte	.LASF183
 2747 14b3 11       		.byte	0x11
 2748 14b4 82       		.byte	0x82
 2749 14b5 41       		.byte	0x41
 2750 14b6 6C0A0000 		.4byte	0xa6c
 2751 14ba 2A       		.uleb128 0x2a
 2752 14bb D30A0000 		.4byte	.LASF198
 2753 14bf C7120000 		.4byte	0x12c7
 2754 14c3 00       		.byte	0
 2755 14c4 06       		.uleb128 0x6
 2756 14c5 04       		.byte	0x4
 2757 14c6 740B0000 		.4byte	0xb74
 2758 14ca 2B       		.uleb128 0x2b
 2759 14cb 4D060000 		.4byte	.LASF209
 2760 14cf 10       		.byte	0x10
 2761 14d0 BD       		.byte	0xbd
 2762 14d1 14       		.byte	0x14
 2763 14d2 FA140000 		.4byte	0x14fa
 2764 14d6 28       		.uleb128 0x28
 2765 14d7 6D7000   		.ascii	"mp\000"
 2766 14da 10       		.byte	0x10
 2767 14db BD       		.byte	0xbd
 2768 14dc 34       		.byte	0x34
 2769 14dd B1120000 		.4byte	0x12b1
 2770 14e1 27       		.uleb128 0x27
 2771 14e2 97060000 		.4byte	.LASF83
 2772 14e6 10       		.byte	0x10
 2773 14e7 BE       		.byte	0xbe
 2774 14e8 2C       		.byte	0x2c
 2775 14e9 24000000 		.4byte	0x24
 2776 14ed 27       		.uleb128 0x27
 2777 14ee 4B080000 		.4byte	.LASF130
 2778 14f2 10       		.byte	0x10
 2779 14f3 BF       		.byte	0xbf
 2780 14f4 32       		.byte	0x32
 2781 14f5 850A0000 		.4byte	0xa85
 2782 14f9 00       		.byte	0
 2783 14fa 2D       		.uleb128 0x2d
 2784 14fb 53000000 		.4byte	.LASF210
 2785 14ff 0F       		.byte	0xf
 2786 1500 96       		.byte	0x96
 2787 1501 15       		.byte	0x15
 2788 1502 76000000 		.4byte	0x76
 2789 1506 27       		.uleb128 0x27
 2790 1507 97060000 		.4byte	.LASF83
 2791 150b 0F       		.byte	0xf
 2792 150c 96       		.byte	0x96
 2793 150d 30       		.byte	0x30
ARM GAS  /tmp/ccAvL6mB.s 			page 50


 2794 150e 24000000 		.4byte	0x24
 2795 1512 27       		.uleb128 0x27
 2796 1513 F00A0000 		.4byte	.LASF129
 2797 1517 0F       		.byte	0xf
 2798 1518 96       		.byte	0x96
 2799 1519 3F       		.byte	0x3f
 2800 151a 30000000 		.4byte	0x30
 2801 151e 00       		.byte	0
 2802 151f 00       		.byte	0
 2803              		.section	.gnu.debuglto_.debug_abbrev,"e",%progbits
 2804              	.Ldebug_abbrev0:
 2805 0000 01       		.uleb128 0x1
 2806 0001 11       		.uleb128 0x11
 2807 0002 01       		.byte	0x1
 2808 0003 25       		.uleb128 0x25
 2809 0004 0E       		.uleb128 0xe
 2810 0005 13       		.uleb128 0x13
 2811 0006 0B       		.uleb128 0xb
 2812 0007 03       		.uleb128 0x3
 2813 0008 0E       		.uleb128 0xe
 2814 0009 1B       		.uleb128 0x1b
 2815 000a 0E       		.uleb128 0xe
 2816 000b 10       		.uleb128 0x10
 2817 000c 17       		.uleb128 0x17
 2818 000d 00       		.byte	0
 2819 000e 00       		.byte	0
 2820 000f 02       		.uleb128 0x2
 2821 0010 24       		.uleb128 0x24
 2822 0011 00       		.byte	0
 2823 0012 0B       		.uleb128 0xb
 2824 0013 0B       		.uleb128 0xb
 2825 0014 3E       		.uleb128 0x3e
 2826 0015 0B       		.uleb128 0xb
 2827 0016 03       		.uleb128 0x3
 2828 0017 08       		.uleb128 0x8
 2829 0018 00       		.byte	0
 2830 0019 00       		.byte	0
 2831 001a 03       		.uleb128 0x3
 2832 001b 16       		.uleb128 0x16
 2833 001c 00       		.byte	0
 2834 001d 03       		.uleb128 0x3
 2835 001e 0E       		.uleb128 0xe
 2836 001f 3A       		.uleb128 0x3a
 2837 0020 0B       		.uleb128 0xb
 2838 0021 3B       		.uleb128 0x3b
 2839 0022 0B       		.uleb128 0xb
 2840 0023 39       		.uleb128 0x39
 2841 0024 0B       		.uleb128 0xb
 2842 0025 49       		.uleb128 0x49
 2843 0026 13       		.uleb128 0x13
 2844 0027 00       		.byte	0
 2845 0028 00       		.byte	0
 2846 0029 04       		.uleb128 0x4
 2847 002a 24       		.uleb128 0x24
 2848 002b 00       		.byte	0
 2849 002c 0B       		.uleb128 0xb
 2850 002d 0B       		.uleb128 0xb
ARM GAS  /tmp/ccAvL6mB.s 			page 51


 2851 002e 3E       		.uleb128 0x3e
 2852 002f 0B       		.uleb128 0xb
 2853 0030 03       		.uleb128 0x3
 2854 0031 0E       		.uleb128 0xe
 2855 0032 00       		.byte	0
 2856 0033 00       		.byte	0
 2857 0034 05       		.uleb128 0x5
 2858 0035 0F       		.uleb128 0xf
 2859 0036 00       		.byte	0
 2860 0037 0B       		.uleb128 0xb
 2861 0038 0B       		.uleb128 0xb
 2862 0039 00       		.byte	0
 2863 003a 00       		.byte	0
 2864 003b 06       		.uleb128 0x6
 2865 003c 0F       		.uleb128 0xf
 2866 003d 00       		.byte	0
 2867 003e 0B       		.uleb128 0xb
 2868 003f 0B       		.uleb128 0xb
 2869 0040 49       		.uleb128 0x49
 2870 0041 13       		.uleb128 0x13
 2871 0042 00       		.byte	0
 2872 0043 00       		.byte	0
 2873 0044 07       		.uleb128 0x7
 2874 0045 26       		.uleb128 0x26
 2875 0046 00       		.byte	0
 2876 0047 49       		.uleb128 0x49
 2877 0048 13       		.uleb128 0x13
 2878 0049 00       		.byte	0
 2879 004a 00       		.byte	0
 2880 004b 08       		.uleb128 0x8
 2881 004c 35       		.uleb128 0x35
 2882 004d 00       		.byte	0
 2883 004e 49       		.uleb128 0x49
 2884 004f 13       		.uleb128 0x13
 2885 0050 00       		.byte	0
 2886 0051 00       		.byte	0
 2887 0052 09       		.uleb128 0x9
 2888 0053 01       		.uleb128 0x1
 2889 0054 01       		.byte	0x1
 2890 0055 49       		.uleb128 0x49
 2891 0056 13       		.uleb128 0x13
 2892 0057 01       		.uleb128 0x1
 2893 0058 13       		.uleb128 0x13
 2894 0059 00       		.byte	0
 2895 005a 00       		.byte	0
 2896 005b 0A       		.uleb128 0xa
 2897 005c 21       		.uleb128 0x21
 2898 005d 00       		.byte	0
 2899 005e 49       		.uleb128 0x49
 2900 005f 13       		.uleb128 0x13
 2901 0060 2F       		.uleb128 0x2f
 2902 0061 0B       		.uleb128 0xb
 2903 0062 00       		.byte	0
 2904 0063 00       		.byte	0
 2905 0064 0B       		.uleb128 0xb
 2906 0065 13       		.uleb128 0x13
 2907 0066 01       		.byte	0x1
ARM GAS  /tmp/ccAvL6mB.s 			page 52


 2908 0067 03       		.uleb128 0x3
 2909 0068 0E       		.uleb128 0xe
 2910 0069 0B       		.uleb128 0xb
 2911 006a 0B       		.uleb128 0xb
 2912 006b 3A       		.uleb128 0x3a
 2913 006c 0B       		.uleb128 0xb
 2914 006d 3B       		.uleb128 0x3b
 2915 006e 0B       		.uleb128 0xb
 2916 006f 39       		.uleb128 0x39
 2917 0070 0B       		.uleb128 0xb
 2918 0071 01       		.uleb128 0x1
 2919 0072 13       		.uleb128 0x13
 2920 0073 00       		.byte	0
 2921 0074 00       		.byte	0
 2922 0075 0C       		.uleb128 0xc
 2923 0076 0D       		.uleb128 0xd
 2924 0077 00       		.byte	0
 2925 0078 03       		.uleb128 0x3
 2926 0079 08       		.uleb128 0x8
 2927 007a 3A       		.uleb128 0x3a
 2928 007b 0B       		.uleb128 0xb
 2929 007c 3B       		.uleb128 0x3b
 2930 007d 0B       		.uleb128 0xb
 2931 007e 39       		.uleb128 0x39
 2932 007f 0B       		.uleb128 0xb
 2933 0080 49       		.uleb128 0x49
 2934 0081 13       		.uleb128 0x13
 2935 0082 38       		.uleb128 0x38
 2936 0083 0B       		.uleb128 0xb
 2937 0084 00       		.byte	0
 2938 0085 00       		.byte	0
 2939 0086 0D       		.uleb128 0xd
 2940 0087 0D       		.uleb128 0xd
 2941 0088 00       		.byte	0
 2942 0089 03       		.uleb128 0x3
 2943 008a 0E       		.uleb128 0xe
 2944 008b 3A       		.uleb128 0x3a
 2945 008c 0B       		.uleb128 0xb
 2946 008d 3B       		.uleb128 0x3b
 2947 008e 0B       		.uleb128 0xb
 2948 008f 39       		.uleb128 0x39
 2949 0090 0B       		.uleb128 0xb
 2950 0091 49       		.uleb128 0x49
 2951 0092 13       		.uleb128 0x13
 2952 0093 38       		.uleb128 0x38
 2953 0094 0B       		.uleb128 0xb
 2954 0095 00       		.byte	0
 2955 0096 00       		.byte	0
 2956 0097 0E       		.uleb128 0xe
 2957 0098 0D       		.uleb128 0xd
 2958 0099 00       		.byte	0
 2959 009a 03       		.uleb128 0x3
 2960 009b 08       		.uleb128 0x8
 2961 009c 3A       		.uleb128 0x3a
 2962 009d 0B       		.uleb128 0xb
 2963 009e 3B       		.uleb128 0x3b
 2964 009f 05       		.uleb128 0x5
ARM GAS  /tmp/ccAvL6mB.s 			page 53


 2965 00a0 39       		.uleb128 0x39
 2966 00a1 0B       		.uleb128 0xb
 2967 00a2 49       		.uleb128 0x49
 2968 00a3 13       		.uleb128 0x13
 2969 00a4 38       		.uleb128 0x38
 2970 00a5 0B       		.uleb128 0xb
 2971 00a6 00       		.byte	0
 2972 00a7 00       		.byte	0
 2973 00a8 0F       		.uleb128 0xf
 2974 00a9 0D       		.uleb128 0xd
 2975 00aa 00       		.byte	0
 2976 00ab 03       		.uleb128 0x3
 2977 00ac 0E       		.uleb128 0xe
 2978 00ad 3A       		.uleb128 0x3a
 2979 00ae 0B       		.uleb128 0xb
 2980 00af 3B       		.uleb128 0x3b
 2981 00b0 05       		.uleb128 0x5
 2982 00b1 39       		.uleb128 0x39
 2983 00b2 0B       		.uleb128 0xb
 2984 00b3 49       		.uleb128 0x49
 2985 00b4 13       		.uleb128 0x13
 2986 00b5 38       		.uleb128 0x38
 2987 00b6 0B       		.uleb128 0xb
 2988 00b7 00       		.byte	0
 2989 00b8 00       		.byte	0
 2990 00b9 10       		.uleb128 0x10
 2991 00ba 13       		.uleb128 0x13
 2992 00bb 01       		.byte	0x1
 2993 00bc 03       		.uleb128 0x3
 2994 00bd 0E       		.uleb128 0xe
 2995 00be 0B       		.uleb128 0xb
 2996 00bf 05       		.uleb128 0x5
 2997 00c0 3A       		.uleb128 0x3a
 2998 00c1 0B       		.uleb128 0xb
 2999 00c2 3B       		.uleb128 0x3b
 3000 00c3 05       		.uleb128 0x5
 3001 00c4 39       		.uleb128 0x39
 3002 00c5 0B       		.uleb128 0xb
 3003 00c6 01       		.uleb128 0x1
 3004 00c7 13       		.uleb128 0x13
 3005 00c8 00       		.byte	0
 3006 00c9 00       		.byte	0
 3007 00ca 11       		.uleb128 0x11
 3008 00cb 13       		.uleb128 0x13
 3009 00cc 01       		.byte	0x1
 3010 00cd 0B       		.uleb128 0xb
 3011 00ce 0B       		.uleb128 0xb
 3012 00cf 3A       		.uleb128 0x3a
 3013 00d0 0B       		.uleb128 0xb
 3014 00d1 3B       		.uleb128 0x3b
 3015 00d2 0B       		.uleb128 0xb
 3016 00d3 39       		.uleb128 0x39
 3017 00d4 0B       		.uleb128 0xb
 3018 00d5 01       		.uleb128 0x1
 3019 00d6 13       		.uleb128 0x13
 3020 00d7 00       		.byte	0
 3021 00d8 00       		.byte	0
ARM GAS  /tmp/ccAvL6mB.s 			page 54


 3022 00d9 12       		.uleb128 0x12
 3023 00da 17       		.uleb128 0x17
 3024 00db 01       		.byte	0x1
 3025 00dc 0B       		.uleb128 0xb
 3026 00dd 0B       		.uleb128 0xb
 3027 00de 3A       		.uleb128 0x3a
 3028 00df 0B       		.uleb128 0xb
 3029 00e0 3B       		.uleb128 0x3b
 3030 00e1 0B       		.uleb128 0xb
 3031 00e2 39       		.uleb128 0x39
 3032 00e3 0B       		.uleb128 0xb
 3033 00e4 01       		.uleb128 0x1
 3034 00e5 13       		.uleb128 0x13
 3035 00e6 00       		.byte	0
 3036 00e7 00       		.byte	0
 3037 00e8 13       		.uleb128 0x13
 3038 00e9 0D       		.uleb128 0xd
 3039 00ea 00       		.byte	0
 3040 00eb 03       		.uleb128 0x3
 3041 00ec 08       		.uleb128 0x8
 3042 00ed 3A       		.uleb128 0x3a
 3043 00ee 0B       		.uleb128 0xb
 3044 00ef 3B       		.uleb128 0x3b
 3045 00f0 0B       		.uleb128 0xb
 3046 00f1 39       		.uleb128 0x39
 3047 00f2 0B       		.uleb128 0xb
 3048 00f3 49       		.uleb128 0x49
 3049 00f4 13       		.uleb128 0x13
 3050 00f5 00       		.byte	0
 3051 00f6 00       		.byte	0
 3052 00f7 14       		.uleb128 0x14
 3053 00f8 0D       		.uleb128 0xd
 3054 00f9 00       		.byte	0
 3055 00fa 03       		.uleb128 0x3
 3056 00fb 0E       		.uleb128 0xe
 3057 00fc 3A       		.uleb128 0x3a
 3058 00fd 0B       		.uleb128 0xb
 3059 00fe 3B       		.uleb128 0x3b
 3060 00ff 0B       		.uleb128 0xb
 3061 0100 39       		.uleb128 0x39
 3062 0101 0B       		.uleb128 0xb
 3063 0102 49       		.uleb128 0x49
 3064 0103 13       		.uleb128 0x13
 3065 0104 00       		.byte	0
 3066 0105 00       		.byte	0
 3067 0106 15       		.uleb128 0x15
 3068 0107 0D       		.uleb128 0xd
 3069 0108 00       		.byte	0
 3070 0109 03       		.uleb128 0x3
 3071 010a 0E       		.uleb128 0xe
 3072 010b 3A       		.uleb128 0x3a
 3073 010c 0B       		.uleb128 0xb
 3074 010d 3B       		.uleb128 0x3b
 3075 010e 0B       		.uleb128 0xb
 3076 010f 39       		.uleb128 0x39
 3077 0110 0B       		.uleb128 0xb
 3078 0111 49       		.uleb128 0x49
ARM GAS  /tmp/ccAvL6mB.s 			page 55


 3079 0112 13       		.uleb128 0x13
 3080 0113 0B       		.uleb128 0xb
 3081 0114 0B       		.uleb128 0xb
 3082 0115 0D       		.uleb128 0xd
 3083 0116 0B       		.uleb128 0xb
 3084 0117 0C       		.uleb128 0xc
 3085 0118 0B       		.uleb128 0xb
 3086 0119 38       		.uleb128 0x38
 3087 011a 0B       		.uleb128 0xb
 3088 011b 00       		.byte	0
 3089 011c 00       		.byte	0
 3090 011d 16       		.uleb128 0x16
 3091 011e 13       		.uleb128 0x13
 3092 011f 01       		.byte	0x1
 3093 0120 0B       		.uleb128 0xb
 3094 0121 05       		.uleb128 0x5
 3095 0122 3A       		.uleb128 0x3a
 3096 0123 0B       		.uleb128 0xb
 3097 0124 3B       		.uleb128 0x3b
 3098 0125 0B       		.uleb128 0xb
 3099 0126 39       		.uleb128 0x39
 3100 0127 0B       		.uleb128 0xb
 3101 0128 01       		.uleb128 0x1
 3102 0129 13       		.uleb128 0x13
 3103 012a 00       		.byte	0
 3104 012b 00       		.byte	0
 3105 012c 17       		.uleb128 0x17
 3106 012d 13       		.uleb128 0x13
 3107 012e 01       		.byte	0x1
 3108 012f 03       		.uleb128 0x3
 3109 0130 0E       		.uleb128 0xe
 3110 0131 0B       		.uleb128 0xb
 3111 0132 0B       		.uleb128 0xb
 3112 0133 3A       		.uleb128 0x3a
 3113 0134 0B       		.uleb128 0xb
 3114 0135 3B       		.uleb128 0x3b
 3115 0136 05       		.uleb128 0x5
 3116 0137 39       		.uleb128 0x39
 3117 0138 0B       		.uleb128 0xb
 3118 0139 01       		.uleb128 0x1
 3119 013a 13       		.uleb128 0x13
 3120 013b 00       		.byte	0
 3121 013c 00       		.byte	0
 3122 013d 18       		.uleb128 0x18
 3123 013e 0D       		.uleb128 0xd
 3124 013f 00       		.byte	0
 3125 0140 03       		.uleb128 0x3
 3126 0141 0E       		.uleb128 0xe
 3127 0142 3A       		.uleb128 0x3a
 3128 0143 0B       		.uleb128 0xb
 3129 0144 3B       		.uleb128 0x3b
 3130 0145 05       		.uleb128 0x5
 3131 0146 39       		.uleb128 0x39
 3132 0147 0B       		.uleb128 0xb
 3133 0148 49       		.uleb128 0x49
 3134 0149 13       		.uleb128 0x13
 3135 014a 00       		.byte	0
ARM GAS  /tmp/ccAvL6mB.s 			page 56


 3136 014b 00       		.byte	0
 3137 014c 19       		.uleb128 0x19
 3138 014d 16       		.uleb128 0x16
 3139 014e 00       		.byte	0
 3140 014f 03       		.uleb128 0x3
 3141 0150 0E       		.uleb128 0xe
 3142 0151 3A       		.uleb128 0x3a
 3143 0152 0B       		.uleb128 0xb
 3144 0153 3B       		.uleb128 0x3b
 3145 0154 05       		.uleb128 0x5
 3146 0155 39       		.uleb128 0x39
 3147 0156 0B       		.uleb128 0xb
 3148 0157 49       		.uleb128 0x49
 3149 0158 13       		.uleb128 0x13
 3150 0159 00       		.byte	0
 3151 015a 00       		.byte	0
 3152 015b 1A       		.uleb128 0x1a
 3153 015c 15       		.uleb128 0x15
 3154 015d 01       		.byte	0x1
 3155 015e 27       		.uleb128 0x27
 3156 015f 19       		.uleb128 0x19
 3157 0160 49       		.uleb128 0x49
 3158 0161 13       		.uleb128 0x13
 3159 0162 01       		.uleb128 0x1
 3160 0163 13       		.uleb128 0x13
 3161 0164 00       		.byte	0
 3162 0165 00       		.byte	0
 3163 0166 1B       		.uleb128 0x1b
 3164 0167 05       		.uleb128 0x5
 3165 0168 00       		.byte	0
 3166 0169 49       		.uleb128 0x49
 3167 016a 13       		.uleb128 0x13
 3168 016b 00       		.byte	0
 3169 016c 00       		.byte	0
 3170 016d 1C       		.uleb128 0x1c
 3171 016e 34       		.uleb128 0x34
 3172 016f 00       		.byte	0
 3173 0170 03       		.uleb128 0x3
 3174 0171 0E       		.uleb128 0xe
 3175 0172 3A       		.uleb128 0x3a
 3176 0173 0B       		.uleb128 0xb
 3177 0174 3B       		.uleb128 0x3b
 3178 0175 05       		.uleb128 0x5
 3179 0176 39       		.uleb128 0x39
 3180 0177 0B       		.uleb128 0xb
 3181 0178 49       		.uleb128 0x49
 3182 0179 13       		.uleb128 0x13
 3183 017a 3F       		.uleb128 0x3f
 3184 017b 19       		.uleb128 0x19
 3185 017c 3C       		.uleb128 0x3c
 3186 017d 19       		.uleb128 0x19
 3187 017e 00       		.byte	0
 3188 017f 00       		.byte	0
 3189 0180 1D       		.uleb128 0x1d
 3190 0181 34       		.uleb128 0x34
 3191 0182 00       		.byte	0
 3192 0183 47       		.uleb128 0x47
ARM GAS  /tmp/ccAvL6mB.s 			page 57


 3193 0184 13       		.uleb128 0x13
 3194 0185 3A       		.uleb128 0x3a
 3195 0186 0B       		.uleb128 0xb
 3196 0187 3B       		.uleb128 0x3b
 3197 0188 0B       		.uleb128 0xb
 3198 0189 39       		.uleb128 0x39
 3199 018a 0B       		.uleb128 0xb
 3200 018b 00       		.byte	0
 3201 018c 00       		.byte	0
 3202 018d 1E       		.uleb128 0x1e
 3203 018e 2E       		.uleb128 0x2e
 3204 018f 01       		.byte	0x1
 3205 0190 3F       		.uleb128 0x3f
 3206 0191 19       		.uleb128 0x19
 3207 0192 03       		.uleb128 0x3
 3208 0193 0E       		.uleb128 0xe
 3209 0194 3A       		.uleb128 0x3a
 3210 0195 0B       		.uleb128 0xb
 3211 0196 3B       		.uleb128 0x3b
 3212 0197 05       		.uleb128 0x5
 3213 0198 39       		.uleb128 0x39
 3214 0199 0B       		.uleb128 0xb
 3215 019a 27       		.uleb128 0x27
 3216 019b 19       		.uleb128 0x19
 3217 019c 01       		.uleb128 0x1
 3218 019d 13       		.uleb128 0x13
 3219 019e 00       		.byte	0
 3220 019f 00       		.byte	0
 3221 01a0 1F       		.uleb128 0x1f
 3222 01a1 05       		.uleb128 0x5
 3223 01a2 00       		.byte	0
 3224 01a3 03       		.uleb128 0x3
 3225 01a4 08       		.uleb128 0x8
 3226 01a5 3A       		.uleb128 0x3a
 3227 01a6 0B       		.uleb128 0xb
 3228 01a7 3B       		.uleb128 0x3b
 3229 01a8 05       		.uleb128 0x5
 3230 01a9 39       		.uleb128 0x39
 3231 01aa 0B       		.uleb128 0xb
 3232 01ab 49       		.uleb128 0x49
 3233 01ac 13       		.uleb128 0x13
 3234 01ad 00       		.byte	0
 3235 01ae 00       		.byte	0
 3236 01af 20       		.uleb128 0x20
 3237 01b0 2E       		.uleb128 0x2e
 3238 01b1 01       		.byte	0x1
 3239 01b2 3F       		.uleb128 0x3f
 3240 01b3 19       		.uleb128 0x19
 3241 01b4 03       		.uleb128 0x3
 3242 01b5 0E       		.uleb128 0xe
 3243 01b6 3A       		.uleb128 0x3a
 3244 01b7 0B       		.uleb128 0xb
 3245 01b8 3B       		.uleb128 0x3b
 3246 01b9 05       		.uleb128 0x5
 3247 01ba 39       		.uleb128 0x39
 3248 01bb 0B       		.uleb128 0xb
 3249 01bc 27       		.uleb128 0x27
ARM GAS  /tmp/ccAvL6mB.s 			page 58


 3250 01bd 19       		.uleb128 0x19
 3251 01be 49       		.uleb128 0x49
 3252 01bf 13       		.uleb128 0x13
 3253 01c0 01       		.uleb128 0x1
 3254 01c1 13       		.uleb128 0x13
 3255 01c2 00       		.byte	0
 3256 01c3 00       		.byte	0
 3257 01c4 21       		.uleb128 0x21
 3258 01c5 05       		.uleb128 0x5
 3259 01c6 00       		.byte	0
 3260 01c7 03       		.uleb128 0x3
 3261 01c8 0E       		.uleb128 0xe
 3262 01c9 3A       		.uleb128 0x3a
 3263 01ca 0B       		.uleb128 0xb
 3264 01cb 3B       		.uleb128 0x3b
 3265 01cc 05       		.uleb128 0x5
 3266 01cd 39       		.uleb128 0x39
 3267 01ce 0B       		.uleb128 0xb
 3268 01cf 49       		.uleb128 0x49
 3269 01d0 13       		.uleb128 0x13
 3270 01d1 00       		.byte	0
 3271 01d2 00       		.byte	0
 3272 01d3 22       		.uleb128 0x22
 3273 01d4 34       		.uleb128 0x34
 3274 01d5 00       		.byte	0
 3275 01d6 03       		.uleb128 0x3
 3276 01d7 08       		.uleb128 0x8
 3277 01d8 3A       		.uleb128 0x3a
 3278 01d9 0B       		.uleb128 0xb
 3279 01da 3B       		.uleb128 0x3b
 3280 01db 05       		.uleb128 0x5
 3281 01dc 39       		.uleb128 0x39
 3282 01dd 0B       		.uleb128 0xb
 3283 01de 49       		.uleb128 0x49
 3284 01df 13       		.uleb128 0x13
 3285 01e0 00       		.byte	0
 3286 01e1 00       		.byte	0
 3287 01e2 23       		.uleb128 0x23
 3288 01e3 34       		.uleb128 0x34
 3289 01e4 00       		.byte	0
 3290 01e5 03       		.uleb128 0x3
 3291 01e6 0E       		.uleb128 0xe
 3292 01e7 3A       		.uleb128 0x3a
 3293 01e8 0B       		.uleb128 0xb
 3294 01e9 3B       		.uleb128 0x3b
 3295 01ea 05       		.uleb128 0x5
 3296 01eb 39       		.uleb128 0x39
 3297 01ec 0B       		.uleb128 0xb
 3298 01ed 49       		.uleb128 0x49
 3299 01ee 13       		.uleb128 0x13
 3300 01ef 00       		.byte	0
 3301 01f0 00       		.byte	0
 3302 01f1 24       		.uleb128 0x24
 3303 01f2 0B       		.uleb128 0xb
 3304 01f3 01       		.byte	0x1
 3305 01f4 00       		.byte	0
 3306 01f5 00       		.byte	0
ARM GAS  /tmp/ccAvL6mB.s 			page 59


 3307 01f6 25       		.uleb128 0x25
 3308 01f7 2E       		.uleb128 0x2e
 3309 01f8 00       		.byte	0
 3310 01f9 3F       		.uleb128 0x3f
 3311 01fa 19       		.uleb128 0x19
 3312 01fb 03       		.uleb128 0x3
 3313 01fc 0E       		.uleb128 0xe
 3314 01fd 3A       		.uleb128 0x3a
 3315 01fe 0B       		.uleb128 0xb
 3316 01ff 3B       		.uleb128 0x3b
 3317 0200 0B       		.uleb128 0xb
 3318 0201 39       		.uleb128 0x39
 3319 0202 0B       		.uleb128 0xb
 3320 0203 27       		.uleb128 0x27
 3321 0204 19       		.uleb128 0x19
 3322 0205 00       		.byte	0
 3323 0206 00       		.byte	0
 3324 0207 26       		.uleb128 0x26
 3325 0208 2E       		.uleb128 0x2e
 3326 0209 01       		.byte	0x1
 3327 020a 03       		.uleb128 0x3
 3328 020b 0E       		.uleb128 0xe
 3329 020c 3A       		.uleb128 0x3a
 3330 020d 0B       		.uleb128 0xb
 3331 020e 3B       		.uleb128 0x3b
 3332 020f 0B       		.uleb128 0xb
 3333 0210 39       		.uleb128 0x39
 3334 0211 0B       		.uleb128 0xb
 3335 0212 27       		.uleb128 0x27
 3336 0213 19       		.uleb128 0x19
 3337 0214 49       		.uleb128 0x49
 3338 0215 13       		.uleb128 0x13
 3339 0216 01       		.uleb128 0x1
 3340 0217 13       		.uleb128 0x13
 3341 0218 00       		.byte	0
 3342 0219 00       		.byte	0
 3343 021a 27       		.uleb128 0x27
 3344 021b 05       		.uleb128 0x5
 3345 021c 00       		.byte	0
 3346 021d 03       		.uleb128 0x3
 3347 021e 0E       		.uleb128 0xe
 3348 021f 3A       		.uleb128 0x3a
 3349 0220 0B       		.uleb128 0xb
 3350 0221 3B       		.uleb128 0x3b
 3351 0222 0B       		.uleb128 0xb
 3352 0223 39       		.uleb128 0x39
 3353 0224 0B       		.uleb128 0xb
 3354 0225 49       		.uleb128 0x49
 3355 0226 13       		.uleb128 0x13
 3356 0227 00       		.byte	0
 3357 0228 00       		.byte	0
 3358 0229 28       		.uleb128 0x28
 3359 022a 05       		.uleb128 0x5
 3360 022b 00       		.byte	0
 3361 022c 03       		.uleb128 0x3
 3362 022d 08       		.uleb128 0x8
 3363 022e 3A       		.uleb128 0x3a
ARM GAS  /tmp/ccAvL6mB.s 			page 60


 3364 022f 0B       		.uleb128 0xb
 3365 0230 3B       		.uleb128 0x3b
 3366 0231 0B       		.uleb128 0xb
 3367 0232 39       		.uleb128 0x39
 3368 0233 0B       		.uleb128 0xb
 3369 0234 49       		.uleb128 0x49
 3370 0235 13       		.uleb128 0x13
 3371 0236 00       		.byte	0
 3372 0237 00       		.byte	0
 3373 0238 29       		.uleb128 0x29
 3374 0239 34       		.uleb128 0x34
 3375 023a 00       		.byte	0
 3376 023b 03       		.uleb128 0x3
 3377 023c 08       		.uleb128 0x8
 3378 023d 3A       		.uleb128 0x3a
 3379 023e 0B       		.uleb128 0xb
 3380 023f 3B       		.uleb128 0x3b
 3381 0240 0B       		.uleb128 0xb
 3382 0241 39       		.uleb128 0x39
 3383 0242 0B       		.uleb128 0xb
 3384 0243 49       		.uleb128 0x49
 3385 0244 13       		.uleb128 0x13
 3386 0245 00       		.byte	0
 3387 0246 00       		.byte	0
 3388 0247 2A       		.uleb128 0x2a
 3389 0248 34       		.uleb128 0x34
 3390 0249 00       		.byte	0
 3391 024a 03       		.uleb128 0x3
 3392 024b 0E       		.uleb128 0xe
 3393 024c 49       		.uleb128 0x49
 3394 024d 13       		.uleb128 0x13
 3395 024e 34       		.uleb128 0x34
 3396 024f 19       		.uleb128 0x19
 3397 0250 00       		.byte	0
 3398 0251 00       		.byte	0
 3399 0252 2B       		.uleb128 0x2b
 3400 0253 2E       		.uleb128 0x2e
 3401 0254 01       		.byte	0x1
 3402 0255 03       		.uleb128 0x3
 3403 0256 0E       		.uleb128 0xe
 3404 0257 3A       		.uleb128 0x3a
 3405 0258 0B       		.uleb128 0xb
 3406 0259 3B       		.uleb128 0x3b
 3407 025a 0B       		.uleb128 0xb
 3408 025b 39       		.uleb128 0x39
 3409 025c 0B       		.uleb128 0xb
 3410 025d 27       		.uleb128 0x27
 3411 025e 19       		.uleb128 0x19
 3412 025f 01       		.uleb128 0x1
 3413 0260 13       		.uleb128 0x13
 3414 0261 00       		.byte	0
 3415 0262 00       		.byte	0
 3416 0263 2C       		.uleb128 0x2c
 3417 0264 34       		.uleb128 0x34
 3418 0265 00       		.byte	0
 3419 0266 03       		.uleb128 0x3
 3420 0267 0E       		.uleb128 0xe
ARM GAS  /tmp/ccAvL6mB.s 			page 61


 3421 0268 3A       		.uleb128 0x3a
 3422 0269 0B       		.uleb128 0xb
 3423 026a 3B       		.uleb128 0x3b
 3424 026b 0B       		.uleb128 0xb
 3425 026c 39       		.uleb128 0x39
 3426 026d 0B       		.uleb128 0xb
 3427 026e 49       		.uleb128 0x49
 3428 026f 13       		.uleb128 0x13
 3429 0270 00       		.byte	0
 3430 0271 00       		.byte	0
 3431 0272 2D       		.uleb128 0x2d
 3432 0273 2E       		.uleb128 0x2e
 3433 0274 01       		.byte	0x1
 3434 0275 03       		.uleb128 0x3
 3435 0276 0E       		.uleb128 0xe
 3436 0277 3A       		.uleb128 0x3a
 3437 0278 0B       		.uleb128 0xb
 3438 0279 3B       		.uleb128 0x3b
 3439 027a 0B       		.uleb128 0xb
 3440 027b 39       		.uleb128 0x39
 3441 027c 0B       		.uleb128 0xb
 3442 027d 27       		.uleb128 0x27
 3443 027e 19       		.uleb128 0x19
 3444 027f 49       		.uleb128 0x49
 3445 0280 13       		.uleb128 0x13
 3446 0281 00       		.byte	0
 3447 0282 00       		.byte	0
 3448 0283 00       		.byte	0
 3449              		.section	.gnu.debuglto_.debug_line,"e",%progbits
 3450              	.Ldebug_line0:
 3451 0000 11020000 		.4byte	.LELT0-.LSLT0
 3452              	.LSLT0:
 3453 0004 0400     		.2byte	0x4
 3454 0006 0B020000 		.4byte	.LELTP0-.LASLTP0
 3455              	.LASLTP0:
 3456 000a 01       		.byte	0x1
 3457 000b 01       		.byte	0x1
 3458 000c 01       		.byte	0x1
 3459 000d F6       		.byte	0xf6
 3460 000e F2       		.byte	0xf2
 3461 000f 0D       		.byte	0xd
 3462 0010 00       		.byte	0
 3463 0011 01       		.byte	0x1
 3464 0012 01       		.byte	0x1
 3465 0013 01       		.byte	0x1
 3466 0014 01       		.byte	0x1
 3467 0015 00       		.byte	0
 3468 0016 00       		.byte	0
 3469 0017 00       		.byte	0
 3470 0018 01       		.byte	0x1
 3471 0019 00       		.byte	0
 3472 001a 00       		.byte	0
 3473 001b 01       		.byte	0x1
 3474 001c 74686972 		.ascii	"third_party/ChibiOS/os/common/ports/ARM-common"
 3474      645F7061 
 3474      7274792F 
 3474      43686962 
ARM GAS  /tmp/ccAvL6mB.s 			page 62


 3474      694F532F 
 3475 004a 00       		.byte	0
 3476 004b 74686972 		.ascii	"third_party/ChibiOS/os/common/ports/ARMv7-M"
 3476      645F7061 
 3476      7274792F 
 3476      43686962 
 3476      694F532F 
 3477 0076 00       		.byte	0
 3478 0077 74686972 		.ascii	"third_party/ChibiOS/os/oslib/include"
 3478      645F7061 
 3478      7274792F 
 3478      43686962 
 3478      694F532F 
 3479 009b 00       		.byte	0
 3480 009c 74686972 		.ascii	"third_party/ChibiOS/os/oslib/src"
 3480      645F7061 
 3480      7274792F 
 3480      43686962 
 3480      694F532F 
 3481 00bc 00       		.byte	0
 3482 00bd 74686972 		.ascii	"third_party/ChibiOS/os/rt/include"
 3482      645F7061 
 3482      7274792F 
 3482      43686962 
 3482      694F532F 
 3483 00de 00       		.byte	0
 3484 00df 2F757372 		.ascii	"/usr/lib/gcc/arm-none-eabi/10.3.1/include"
 3484      2F6C6962 
 3484      2F676363 
 3484      2F61726D 
 3484      2D6E6F6E 
 3485 0108 00       		.byte	0
 3486 0109 00       		.byte	0
 3487 010a 73746464 		.ascii	"stddef.h\000"
 3487      65662E68 
 3487      00
 3488 0113 06       		.uleb128 0x6
 3489 0114 00       		.uleb128 0
 3490 0115 00       		.uleb128 0
 3491 0116 73746469 		.ascii	"stdint.h\000"
 3491      6E742E68 
 3491      00
 3492 011f 06       		.uleb128 0x6
 3493 0120 00       		.uleb128 0
 3494 0121 00       		.uleb128 0
 3495 0122 63687479 		.ascii	"chtypes.h\000"
 3495      7065732E 
 3495      6800
 3496 012c 01       		.uleb128 0x1
 3497 012d 00       		.uleb128 0
 3498 012e 00       		.uleb128 0
 3499 012f 63686561 		.ascii	"chearly.h\000"
 3499      726C792E 
 3499      6800
 3500 0139 05       		.uleb128 0x5
 3501 013a 00       		.uleb128 0
 3502 013b 00       		.uleb128 0
ARM GAS  /tmp/ccAvL6mB.s 			page 63


 3503 013c 63686F62 		.ascii	"chobjects.h\000"
 3503      6A656374 
 3503      732E6800 
 3504 0148 05       		.uleb128 0x5
 3505 0149 00       		.uleb128 0
 3506 014a 00       		.uleb128 0
 3507 014b 63687266 		.ascii	"chrfcu.h\000"
 3507      63752E68 
 3507      00
 3508 0154 05       		.uleb128 0x5
 3509 0155 00       		.uleb128 0
 3510 0156 00       		.uleb128 0
 3511 0157 63686465 		.ascii	"chdebug.h\000"
 3511      6275672E 
 3511      6800
 3512 0161 05       		.uleb128 0x5
 3513 0162 00       		.uleb128 0
 3514 0163 00       		.uleb128 0
 3515 0164 63687469 		.ascii	"chtime.h\000"
 3515      6D652E68 
 3515      00
 3516 016d 05       		.uleb128 0x5
 3517 016e 00       		.uleb128 0
 3518 016f 00       		.uleb128 0
 3519 0170 63686C69 		.ascii	"chlists.h\000"
 3519      7374732E 
 3519      6800
 3520 017a 05       		.uleb128 0x5
 3521 017b 00       		.uleb128 0
 3522 017c 00       		.uleb128 0
 3523 017d 63687472 		.ascii	"chtrace.h\000"
 3523      6163652E 
 3523      6800
 3524 0187 05       		.uleb128 0x5
 3525 0188 00       		.uleb128 0
 3526 0189 00       		.uleb128 0
 3527 018a 6368636F 		.ascii	"chcore.h\000"
 3527      72652E68 
 3527      00
 3528 0193 02       		.uleb128 0x2
 3529 0194 00       		.uleb128 0
 3530 0195 00       		.uleb128 0
 3531 0196 63687365 		.ascii	"chsem.h\000"
 3531      6D2E6800 
 3532 019e 05       		.uleb128 0x5
 3533 019f 00       		.uleb128 0
 3534 01a0 00       		.uleb128 0
 3535 01a1 63686D74 		.ascii	"chmtx.h\000"
 3535      782E6800 
 3536 01a9 05       		.uleb128 0x5
 3537 01aa 00       		.uleb128 0
 3538 01ab 00       		.uleb128 0
 3539 01ac 63686D62 		.ascii	"chmboxes.h\000"
 3539      6F786573 
 3539      2E6800
 3540 01b7 03       		.uleb128 0x3
 3541 01b8 00       		.uleb128 0
ARM GAS  /tmp/ccAvL6mB.s 			page 64


 3542 01b9 00       		.uleb128 0
 3543 01ba 63686D65 		.ascii	"chmemcore.h\000"
 3543      6D636F72 
 3543      652E6800 
 3544 01c6 03       		.uleb128 0x3
 3545 01c7 00       		.uleb128 0
 3546 01c8 00       		.uleb128 0
 3547 01c9 63686D65 		.ascii	"chmempools.h\000"
 3547      6D706F6F 
 3547      6C732E68 
 3547      00
 3548 01d6 03       		.uleb128 0x3
 3549 01d7 00       		.uleb128 0
 3550 01d8 00       		.uleb128 0
 3551 01d9 63686F62 		.ascii	"chobjfifos.h\000"
 3551      6A666966 
 3551      6F732E68 
 3551      00
 3552 01e6 03       		.uleb128 0x3
 3553 01e7 00       		.uleb128 0
 3554 01e8 00       		.uleb128 0
 3555 01e9 63687069 		.ascii	"chpipes.h\000"
 3555      7065732E 
 3555      6800
 3556 01f3 03       		.uleb128 0x3
 3557 01f4 00       		.uleb128 0
 3558 01f5 00       		.uleb128 0
 3559 01f6 63686661 		.ascii	"chfactory.h\000"
 3559      63746F72 
 3559      792E6800 
 3560 0202 03       		.uleb128 0x3
 3561 0203 00       		.uleb128 0
 3562 0204 00       		.uleb128 0
 3563 0205 63686661 		.ascii	"chfactory.c\000"
 3563      63746F72 
 3563      792E6300 
 3564 0211 04       		.uleb128 0x4
 3565 0212 00       		.uleb128 0
 3566 0213 00       		.uleb128 0
 3567 0214 00       		.byte	0
 3568              	.LELTP0:
 3569              	.LELT0:
 3570              		.section	.gnu.debuglto_.debug_str,"eMS",%progbits,1
 3571              	.LASF7:
 3572 0000 6C6F6E67 		.ascii	"long int\000"
 3572      20696E74 
 3572      00
 3573              	.LASF196:
 3574 0009 63684661 		.ascii	"chFactoryFindObject\000"
 3574      63746F72 
 3574      7946696E 
 3574      644F626A 
 3574      65637400 
 3575              	.LASF106:
 3576 001d 77746D74 		.ascii	"wtmtxp\000"
 3576      787000
 3577              	.LASF131:
ARM GAS  /tmp/ccAvL6mB.s 			page 65


 3578 0024 6D656D6F 		.ascii	"memory_pool_t\000"
 3578      72795F70 
 3578      6F6F6C5F 
 3578      7400
 3579              	.LASF168:
 3580 0032 6669666F 		.ascii	"fifo_list\000"
 3580      5F6C6973 
 3580      7400
 3581              	.LASF144:
 3582 003c 64796E5F 		.ascii	"dyn_list_t\000"
 3582      6C697374 
 3582      5F7400
 3583              	.LASF93:
 3584 0047 63685F72 		.ascii	"ch_registry\000"
 3584      65676973 
 3584      74727900 
 3585              	.LASF210:
 3586 0053 6368436F 		.ascii	"chCoreAllocAlignedI\000"
 3586      7265416C 
 3586      6C6F6341 
 3586      6C69676E 
 3586      65644900 
 3587              	.LASF34:
 3588 0067 666C6167 		.ascii	"flags\000"
 3588      7300
 3589              	.LASF60:
 3590 006d 73797374 		.ascii	"systime_t\000"
 3590      696D655F 
 3590      7400
 3591              	.LASF40:
 3592 0077 7265616C 		.ascii	"realprio\000"
 3592      7072696F 
 3592      00
 3593              	.LASF84:
 3594 0080 62756666 		.ascii	"buffer\000"
 3594      657200
 3595              	.LASF82:
 3596 0087 73757370 		.ascii	"suspended\000"
 3596      656E6465 
 3596      6400
 3597              	.LASF152:
 3598 0091 64796E5F 		.ascii	"dyn_semaphore_t\000"
 3598      73656D61 
 3598      70686F72 
 3598      655F7400 
 3599              	.LASF174:
 3600 00a1 63684661 		.ascii	"chFactoryReleaseObjectsFIFO\000"
 3600      63746F72 
 3600      7952656C 
 3600      65617365 
 3600      4F626A65 
 3601              	.LASF38:
 3602 00bd 6570656E 		.ascii	"epending\000"
 3602      64696E67 
 3602      00
 3603              	.LASF201:
 3604 00c6 64796E5F 		.ascii	"dyn_release_object_pool\000"
ARM GAS  /tmp/ccAvL6mB.s 			page 66


 3604      72656C65 
 3604      6173655F 
 3604      6F626A65 
 3604      63745F70 
 3605              	.LASF0:
 3606 00de 756E7369 		.ascii	"unsigned int\000"
 3606      676E6564 
 3606      20696E74 
 3606      00
 3607              	.LASF64:
 3608 00eb 6E657874 		.ascii	"next\000"
 3608      00
 3609              	.LASF138:
 3610 00f0 776D7478 		.ascii	"wmtx\000"
 3610      00
 3611              	.LASF15:
 3612 00f5 75696E74 		.ascii	"uint32_t\000"
 3612      33325F74 
 3612      00
 3613              	.LASF48:
 3614 00fe 636F7265 		.ascii	"core_id\000"
 3614      5F696400 
 3615              	.LASF175:
 3616 0106 646F6670 		.ascii	"dofp\000"
 3616      00
 3617              	.LASF162:
 3618 010b 6F626A5F 		.ascii	"obj_list\000"
 3618      6C697374 
 3618      00
 3619              	.LASF35:
 3620 0114 72656673 		.ascii	"refs\000"
 3620      00
 3621              	.LASF74:
 3622 0119 77746F62 		.ascii	"wtobjp\000"
 3622      6A7000
 3623              	.LASF114:
 3624 0120 6D61696E 		.ascii	"mainthread_base\000"
 3624      74687265 
 3624      61645F62 
 3624      61736500 
 3625              	.LASF46:
 3626 0130 76746C69 		.ascii	"vtlist\000"
 3626      737400
 3627              	.LASF87:
 3628 0137 706F7274 		.ascii	"port_context\000"
 3628      5F636F6E 
 3628      74657874 
 3628      00
 3629              	.LASF177:
 3630 0144 63684661 		.ascii	"chFactoryCreateObjectsFIFO\000"
 3630      63746F72 
 3630      79437265 
 3630      6174654F 
 3630      626A6563 
 3631              	.LASF91:
 3632 015f 6C617374 		.ascii	"laststamp\000"
 3632      7374616D 
ARM GAS  /tmp/ccAvL6mB.s 			page 67


 3632      7000
 3633              	.LASF107:
 3634 0169 65776D61 		.ascii	"ewmask\000"
 3634      736B00
 3635              	.LASF67:
 3636 0170 70726576 		.ascii	"prev\000"
 3636      00
 3637              	.LASF161:
 3638 0175 63685F6F 		.ascii	"ch_objects_factory\000"
 3638      626A6563 
 3638      74735F66 
 3638      6163746F 
 3638      727900
 3639              	.LASF110:
 3640 0188 63685F72 		.ascii	"ch_ready_list\000"
 3640      65616479 
 3640      5F6C6973 
 3640      7400
 3641              	.LASF63:
 3642 0196 63685F6C 		.ascii	"ch_list\000"
 3642      69737400 
 3643              	.LASF57:
 3644 019e 63685F73 		.ascii	"ch_system_debug\000"
 3644      79737465 
 3644      6D5F6465 
 3644      62756700 
 3645              	.LASF153:
 3646 01ae 63685F64 		.ascii	"ch_dyn_mailbox\000"
 3646      796E5F6D 
 3646      61696C62 
 3646      6F7800
 3647              	.LASF157:
 3648 01bd 64796E5F 		.ascii	"dyn_objects_fifo_t\000"
 3648      6F626A65 
 3648      6374735F 
 3648      6669666F 
 3648      5F7400
 3649              	.LASF147:
 3650 01d0 6F626A70 		.ascii	"objp\000"
 3650      00
 3651              	.LASF99:
 3652 01d5 6C697374 		.ascii	"list\000"
 3652      00
 3653              	.LASF139:
 3654 01da 726D7478 		.ascii	"rmtx\000"
 3654      00
 3655              	.LASF212:
 3656 01df 74686972 		.ascii	"third_party/ChibiOS/os/oslib/src/chfactory.c\000"
 3656      645F7061 
 3656      7274792F 
 3656      43686962 
 3656      694F532F 
 3657              	.LASF104:
 3658 020c 73656E74 		.ascii	"sentmsg\000"
 3658      6D736700 
 3659              	.LASF24:
 3660 0214 6576656E 		.ascii	"eventmask_t\000"
ARM GAS  /tmp/ccAvL6mB.s 			page 68


 3660      746D6173 
 3660      6B5F7400 
 3661              	.LASF81:
 3662 0220 74726163 		.ascii	"trace_event_t\000"
 3662      655F6576 
 3662      656E745F 
 3662      7400
 3663              	.LASF108:
 3664 022e 63685F73 		.ascii	"ch_semaphore\000"
 3664      656D6170 
 3664      686F7265 
 3664      00
 3665              	.LASF22:
 3666 023b 74707269 		.ascii	"tprio_t\000"
 3666      6F5F7400 
 3667              	.LASF118:
 3668 0243 6F735F69 		.ascii	"os_instance_config_t\000"
 3668      6E737461 
 3668      6E63655F 
 3668      636F6E66 
 3668      69675F74 
 3669              	.LASF76:
 3670 0258 68616C74 		.ascii	"halt\000"
 3670      00
 3671              	.LASF9:
 3672 025d 6C6F6E67 		.ascii	"long long unsigned int\000"
 3672      206C6F6E 
 3672      6720756E 
 3672      7369676E 
 3672      65642069 
 3673              	.LASF100:
 3674 0274 70717565 		.ascii	"pqueue\000"
 3674      756500
 3675              	.LASF25:
 3676 027b 636E745F 		.ascii	"cnt_t\000"
 3676      7400
 3677              	.LASF206:
 3678 0281 64796E5F 		.ascii	"dyn_list_init\000"
 3678      6C697374 
 3678      5F696E69 
 3678      7400
 3679              	.LASF194:
 3680 028f 63684661 		.ascii	"chFactoryReleaseObject\000"
 3680      63746F72 
 3680      7952656C 
 3680      65617365 
 3680      4F626A65 
 3681              	.LASF146:
 3682 02a6 656C656D 		.ascii	"element\000"
 3682      656E7400 
 3683              	.LASF159:
 3684 02ae 70697065 		.ascii	"pipe\000"
 3684      00
 3685              	.LASF188:
 3686 02b3 63684661 		.ascii	"chFactoryReleaseSemaphore\000"
 3686      63746F72 
 3686      7952656C 
ARM GAS  /tmp/ccAvL6mB.s 			page 69


 3686      65617365 
 3686      53656D61 
 3687              	.LASF80:
 3688 02cd 74696D65 		.ascii	"time\000"
 3688      00
 3689              	.LASF121:
 3690 02d2 77727074 		.ascii	"wrptr\000"
 3690      7200
 3691              	.LASF30:
 3692 02d8 6F776E65 		.ascii	"owner\000"
 3692      7200
 3693              	.LASF119:
 3694 02de 73656D61 		.ascii	"semaphore_t\000"
 3694      70686F72 
 3694      655F7400 
 3695              	.LASF115:
 3696 02ea 6D61696E 		.ascii	"mainthread_end\000"
 3696      74687265 
 3696      61645F65 
 3696      6E6400
 3697              	.LASF98:
 3698 02f9 74687265 		.ascii	"threads_queue_t\000"
 3698      6164735F 
 3698      71756575 
 3698      655F7400 
 3699              	.LASF39:
 3700 0309 6D74786C 		.ascii	"mtxlist\000"
 3700      69737400 
 3701              	.LASF88:
 3702 0311 63685F76 		.ascii	"ch_virtual_timers_list\000"
 3702      69727475 
 3702      616C5F74 
 3702      696D6572 
 3702      735F6C69 
 3703              	.LASF49:
 3704 0328 72666375 		.ascii	"rfcu\000"
 3704      00
 3705              	.LASF197:
 3706 032d 63684661 		.ascii	"chFactoryRegisterObject\000"
 3706      63746F72 
 3706      79526567 
 3706      69737465 
 3706      724F626A 
 3707              	.LASF28:
 3708 0345 74687265 		.ascii	"thread_t\000"
 3708      61645F74 
 3708      00
 3709              	.LASF77:
 3710 034e 75736572 		.ascii	"user\000"
 3710      00
 3711              	.LASF11:
 3712 0353 73697A65 		.ascii	"size_t\000"
 3712      5F7400
 3713              	.LASF101:
 3714 035a 7264796D 		.ascii	"rdymsg\000"
 3714      736700
 3715              	.LASF184:
ARM GAS  /tmp/ccAvL6mB.s 			page 70


 3716 0361 6F626A62 		.ascii	"objbuf\000"
 3716      756600
 3717              	.LASF68:
 3718 0368 63685F70 		.ascii	"ch_priority_queue_t\000"
 3718      72696F72 
 3718      6974795F 
 3718      71756575 
 3718      655F7400 
 3719              	.LASF208:
 3720 037c 63684669 		.ascii	"chFifoObjectInitAligned\000"
 3720      666F4F62 
 3720      6A656374 
 3720      496E6974 
 3720      416C6967 
 3721              	.LASF200:
 3722 0394 64796E5F 		.ascii	"dyn_create_object_pool\000"
 3722      63726561 
 3722      74655F6F 
 3722      626A6563 
 3722      745F706F 
 3723              	.LASF124:
 3724 03ab 5F426F6F 		.ascii	"_Bool\000"
 3724      6C00
 3725              	.LASF170:
 3726 03b1 6F626A65 		.ascii	"objects_factory_t\000"
 3726      6374735F 
 3726      66616374 
 3726      6F72795F 
 3726      7400
 3727              	.LASF125:
 3728 03c3 6D61696C 		.ascii	"mailbox_t\000"
 3728      626F785F 
 3728      7400
 3729              	.LASF54:
 3730 03cd 63685F72 		.ascii	"ch_rfcu\000"
 3730      66637500 
 3731              	.LASF171:
 3732 03d5 63684661 		.ascii	"chFactoryFindPipe\000"
 3732      63746F72 
 3732      7946696E 
 3732      64506970 
 3732      6500
 3733              	.LASF109:
 3734 03e7 63685F6D 		.ascii	"ch_mutex\000"
 3734      75746578 
 3734      00
 3735              	.LASF135:
 3736 03f0 66726565 		.ascii	"free\000"
 3736      00
 3737              	.LASF189:
 3738 03f5 63684661 		.ascii	"chFactoryFindSemaphore\000"
 3738      63746F72 
 3738      7946696E 
 3738      6453656D 
 3738      6170686F 
 3739              	.LASF169:
 3740 040c 70697065 		.ascii	"pipe_list\000"
ARM GAS  /tmp/ccAvL6mB.s 			page 71


 3740      5F6C6973 
 3740      7400
 3741              	.LASF44:
 3742 0416 63685F6F 		.ascii	"ch_os_instance\000"
 3742      735F696E 
 3742      7374616E 
 3742      636500
 3743              	.LASF132:
 3744 0425 706F6F6C 		.ascii	"pool\000"
 3744      00
 3745              	.LASF180:
 3746 042a 6F626A61 		.ascii	"objalign\000"
 3746      6C69676E 
 3746      00
 3747              	.LASF75:
 3748 0433 72656173 		.ascii	"reason\000"
 3748      6F6E00
 3749              	.LASF117:
 3750 043a 69646C65 		.ascii	"idlethread_end\000"
 3750      74687265 
 3750      61645F65 
 3750      6E6400
 3751              	.LASF70:
 3752 0449 7072696F 		.ascii	"prio\000"
 3752      00
 3753              	.LASF136:
 3754 044e 6F626A65 		.ascii	"objects_fifo_t\000"
 3754      6374735F 
 3754      6669666F 
 3754      5F7400
 3755              	.LASF166:
 3756 045d 73656D5F 		.ascii	"sem_pool\000"
 3756      706F6F6C 
 3756      00
 3757              	.LASF182:
 3758 0466 73697A65 		.ascii	"size2\000"
 3758      3200
 3759              	.LASF10:
 3760 046c 63686172 		.ascii	"char\000"
 3760      00
 3761              	.LASF71:
 3762 0471 63685F64 		.ascii	"ch_delta_list_t\000"
 3762      656C7461 
 3762      5F6C6973 
 3762      745F7400 
 3763              	.LASF53:
 3764 0481 72666375 		.ascii	"rfcu_mask_t\000"
 3764      5F6D6173 
 3764      6B5F7400 
 3765              	.LASF96:
 3766 048d 74687265 		.ascii	"thread_reference_t\000"
 3766      61645F72 
 3766      65666572 
 3766      656E6365 
 3766      5F7400
 3767              	.LASF32:
 3768 04a0 77616261 		.ascii	"wabase\000"
ARM GAS  /tmp/ccAvL6mB.s 			page 72


 3768      736500
 3769              	.LASF20:
 3770 04a7 74737461 		.ascii	"tstate_t\000"
 3770      74655F74 
 3770      00
 3771              	.LASF29:
 3772 04b0 72717565 		.ascii	"rqueue\000"
 3772      756500
 3773              	.LASF211:
 3774 04b7 474E5520 		.ascii	"GNU C17 10.3.1 20210621 (release) -mcpu=cortex-m7 -"
 3774      43313720 
 3774      31302E33 
 3774      2E312032 
 3774      30323130 
 3775 04ea 6D746875 		.ascii	"mthumb -mfloat-abi=hard -mfpu=fpv5-d16 -march=armv7"
 3775      6D62202D 
 3775      6D666C6F 
 3775      61742D61 
 3775      62693D68 
 3776 051d 652D6D2B 		.ascii	"e-m+fp.dp -ggdb -O2 -fomit-frame-pointer -falign-fu"
 3776      66702E64 
 3776      70202D67 
 3776      67646220 
 3776      2D4F3220 
 3777 0550 6E637469 		.ascii	"nctions=16 -ffunction-sections -fdata-sections -fno"
 3777      6F6E733D 
 3777      3136202D 
 3777      6666756E 
 3777      6374696F 
 3778 0583 2D636F6D 		.ascii	"-common -flto\000"
 3778      6D6F6E20 
 3778      2D666C74 
 3778      6F00
 3779              	.LASF1:
 3780 0591 6C6F6E67 		.ascii	"long long int\000"
 3780      206C6F6E 
 3780      6720696E 
 3780      7400
 3781              	.LASF195:
 3782 059f 63684661 		.ascii	"chFactoryFindObjectByPointer\000"
 3782      63746F72 
 3782      7946696E 
 3782      644F626A 
 3782      65637442 
 3783              	.LASF13:
 3784 05bc 75696E74 		.ascii	"uint8_t\000"
 3784      385F7400 
 3785              	.LASF141:
 3786 05c4 63685F64 		.ascii	"ch_dyn_element\000"
 3786      796E5F65 
 3786      6C656D65 
 3786      6E7400
 3787              	.LASF37:
 3788 05d3 6D736771 		.ascii	"msgqueue\000"
 3788      75657565 
 3788      00
 3789              	.LASF43:
ARM GAS  /tmp/ccAvL6mB.s 			page 73


 3790 05dc 63685F74 		.ascii	"ch_thread\000"
 3790      68726561 
 3790      6400
 3791              	.LASF143:
 3792 05e6 63685F64 		.ascii	"ch_dyn_list\000"
 3792      796E5F6C 
 3792      69737400 
 3793              	.LASF150:
 3794 05f2 64796E5F 		.ascii	"dyn_buffer_t\000"
 3794      62756666 
 3794      65725F74 
 3794      00
 3795              	.LASF59:
 3796 05ff 73797374 		.ascii	"system_debug_t\000"
 3796      656D5F64 
 3796      65627567 
 3796      5F7400
 3797              	.LASF207:
 3798 060e 636F7079 		.ascii	"copy_name\000"
 3798      5F6E616D 
 3798      6500
 3799              	.LASF183:
 3800 0618 6D736762 		.ascii	"msgbuf\000"
 3800      756600
 3801              	.LASF97:
 3802 061f 63685F74 		.ascii	"ch_threads_queue\000"
 3802      68726561 
 3802      64735F71 
 3802      75657565 
 3802      00
 3803              	.LASF23:
 3804 0630 6D73675F 		.ascii	"msg_t\000"
 3804      7400
 3805              	.LASF163:
 3806 0636 6F626A5F 		.ascii	"obj_pool\000"
 3806      706F6F6C 
 3806      00
 3807              	.LASF149:
 3808 063f 63685F64 		.ascii	"ch_dyn_object\000"
 3808      796E5F6F 
 3808      626A6563 
 3808      7400
 3809              	.LASF209:
 3810 064d 6368506F 		.ascii	"chPoolObjectInit\000"
 3810      6F6C4F62 
 3810      6A656374 
 3810      496E6974 
 3810      00
 3811              	.LASF155:
 3812 065e 63685F64 		.ascii	"ch_dyn_objects_fifo\000"
 3812      796E5F6F 
 3812      626A6563 
 3812      74735F66 
 3812      69666F00 
 3813              	.LASF173:
 3814 0672 63684661 		.ascii	"chFactoryReleasePipe\000"
 3814      63746F72 
ARM GAS  /tmp/ccAvL6mB.s 			page 74


 3814      7952656C 
 3814      65617365 
 3814      50697065 
 3815              	.LASF95:
 3816 0687 72656769 		.ascii	"registry_t\000"
 3816      73747279 
 3816      5F7400
 3817              	.LASF179:
 3818 0692 6F626A6E 		.ascii	"objn\000"
 3818      00
 3819              	.LASF83:
 3820 0697 73697A65 		.ascii	"size\000"
 3820      00
 3821              	.LASF158:
 3822 069c 63685F64 		.ascii	"ch_dyn_pipe\000"
 3822      796E5F70 
 3822      69706500 
 3823              	.LASF213:
 3824 06a8 2F686F6D 		.ascii	"/home/ian/Documents/BPRL_balance\000"
 3824      652F6961 
 3824      6E2F446F 
 3824      63756D65 
 3824      6E74732F 
 3825              	.LASF55:
 3826 06c9 6D61736B 		.ascii	"mask\000"
 3826      00
 3827              	.LASF202:
 3828 06ce 64796E5F 		.ascii	"dyn_release_object_heap\000"
 3828      72656C65 
 3828      6173655F 
 3828      6F626A65 
 3828      63745F68 
 3829              	.LASF61:
 3830 06e6 73797369 		.ascii	"sysinterval_t\000"
 3830      6E746572 
 3830      76616C5F 
 3830      7400
 3831              	.LASF65:
 3832 06f4 63685F71 		.ascii	"ch_queue_t\000"
 3832      75657565 
 3832      5F7400
 3833              	.LASF164:
 3834 06ff 6275665F 		.ascii	"buf_list\000"
 3834      6C697374 
 3834      00
 3835              	.LASF85:
 3836 0708 74726163 		.ascii	"trace_buffer_t\000"
 3836      655F6275 
 3836      66666572 
 3836      5F7400
 3837              	.LASF19:
 3838 0717 746D6F64 		.ascii	"tmode_t\000"
 3838      655F7400 
 3839              	.LASF26:
 3840 071f 75636E74 		.ascii	"ucnt_t\000"
 3840      5F7400
 3841              	.LASF51:
ARM GAS  /tmp/ccAvL6mB.s 			page 75


 3842 0726 6D61696E 		.ascii	"mainthread\000"
 3842      74687265 
 3842      616400
 3843              	.LASF2:
 3844 0731 6C6F6E67 		.ascii	"long double\000"
 3844      20646F75 
 3844      626C6500 
 3845              	.LASF72:
 3846 073d 63685F64 		.ascii	"ch_delta_list\000"
 3846      656C7461 
 3846      5F6C6973 
 3846      7400
 3847              	.LASF14:
 3848 074b 75696E74 		.ascii	"uint16_t\000"
 3848      31365F74 
 3848      00
 3849              	.LASF62:
 3850 0754 63685F6C 		.ascii	"ch_list_t\000"
 3850      6973745F 
 3850      7400
 3851              	.LASF215:
 3852 075e 5F5F6661 		.ascii	"__factory_init\000"
 3852      63746F72 
 3852      795F696E 
 3852      697400
 3853              	.LASF137:
 3854 076d 636D7478 		.ascii	"cmtx\000"
 3854      00
 3855              	.LASF186:
 3856 0772 63684661 		.ascii	"chFactoryFindMailbox\000"
 3856      63746F72 
 3856      7946696E 
 3856      644D6169 
 3856      6C626F78 
 3857              	.LASF204:
 3858 0787 64796E5F 		.ascii	"dyn_list_unlink\000"
 3858      6C697374 
 3858      5F756E6C 
 3858      696E6B00 
 3859              	.LASF50:
 3860 0797 636F6E66 		.ascii	"config\000"
 3860      696700
 3861              	.LASF120:
 3862 079e 6D757465 		.ascii	"mutex_t\000"
 3862      785F7400 
 3863              	.LASF190:
 3864 07a6 63684661 		.ascii	"chFactoryCreateSemaphore\000"
 3864      63746F72 
 3864      79437265 
 3864      61746553 
 3864      656D6170 
 3865              	.LASF5:
 3866 07bf 73686F72 		.ascii	"short int\000"
 3866      7420696E 
 3866      7400
 3867              	.LASF86:
 3868 07c9 706F7274 		.ascii	"port_intctx\000"
ARM GAS  /tmp/ccAvL6mB.s 			page 76


 3868      5F696E74 
 3868      63747800 
 3869              	.LASF193:
 3870 07d5 63684661 		.ascii	"chFactoryCreateBuffer\000"
 3870      63746F72 
 3870      79437265 
 3870      61746542 
 3870      75666665 
 3871              	.LASF214:
 3872 07eb 63685F66 		.ascii	"ch_factory\000"
 3872      6163746F 
 3872      727900
 3873              	.LASF17:
 3874 07f6 706F7274 		.ascii	"port_stkalign_t\000"
 3874      5F73746B 
 3874      616C6967 
 3874      6E5F7400 
 3875              	.LASF199:
 3876 0806 64796E5F 		.ascii	"dyn_find_object\000"
 3876      66696E64 
 3876      5F6F626A 
 3876      65637400 
 3877              	.LASF176:
 3878 0816 63684661 		.ascii	"chFactoryFindObjectsFIFO\000"
 3878      63746F72 
 3878      7946696E 
 3878      644F626A 
 3878      65637473 
 3879              	.LASF113:
 3880 082f 63685F6F 		.ascii	"ch_os_instance_config\000"
 3880      735F696E 
 3880      7374616E 
 3880      63655F63 
 3880      6F6E6669 
 3881              	.LASF89:
 3882 0845 646C6973 		.ascii	"dlist\000"
 3882      7400
 3883              	.LASF130:
 3884 084b 70726F76 		.ascii	"provider\000"
 3884      69646572 
 3884      00
 3885              	.LASF90:
 3886 0854 6C617374 		.ascii	"lasttime\000"
 3886      74696D65 
 3886      00
 3887              	.LASF16:
 3888 085d 75696E74 		.ascii	"uint64_t\000"
 3888      36345F74 
 3888      00
 3889              	.LASF45:
 3890 0866 726C6973 		.ascii	"rlist\000"
 3890      7400
 3891              	.LASF192:
 3892 086c 63684661 		.ascii	"chFactoryFindBuffer\000"
 3892      63746F72 
 3892      7946696E 
 3892      64427566 
ARM GAS  /tmp/ccAvL6mB.s 			page 77


 3892      66657200 
 3893              	.LASF134:
 3894 0880 63685F6F 		.ascii	"ch_objects_fifo\000"
 3894      626A6563 
 3894      74735F66 
 3894      69666F00 
 3895              	.LASF123:
 3896 0890 72657365 		.ascii	"reset\000"
 3896      7400
 3897              	.LASF181:
 3898 0896 73697A65 		.ascii	"size1\000"
 3898      3100
 3899              	.LASF140:
 3900 089c 70697065 		.ascii	"pipe_t\000"
 3900      5F7400
 3901              	.LASF148:
 3902 08a3 72656769 		.ascii	"registered_object_t\000"
 3902      73746572 
 3902      65645F6F 
 3902      626A6563 
 3902      745F7400 
 3903              	.LASF126:
 3904 08b7 6D656D67 		.ascii	"memgetfunc_t\000"
 3904      65746675 
 3904      6E635F74 
 3904      00
 3905              	.LASF31:
 3906 08c4 6E616D65 		.ascii	"name\000"
 3906      00
 3907              	.LASF128:
 3908 08c9 6F626A65 		.ascii	"object_size\000"
 3908      63745F73 
 3908      697A6500 
 3909              	.LASF21:
 3910 08d5 74726566 		.ascii	"trefs_t\000"
 3910      735F7400 
 3911              	.LASF8:
 3912 08dd 6C6F6E67 		.ascii	"long unsigned int\000"
 3912      20756E73 
 3912      69676E65 
 3912      6420696E 
 3912      7400
 3913              	.LASF112:
 3914 08ef 72656164 		.ascii	"ready_list_t\000"
 3914      795F6C69 
 3914      73745F74 
 3914      00
 3915              	.LASF79:
 3916 08fc 72747374 		.ascii	"rtstamp\000"
 3916      616D7000 
 3917              	.LASF94:
 3918 0904 71756575 		.ascii	"queue\000"
 3918      6500
 3919              	.LASF172:
 3920 090a 63684661 		.ascii	"chFactoryCreatePipe\000"
 3920      63746F72 
 3920      79437265 
ARM GAS  /tmp/ccAvL6mB.s 			page 78


 3920      61746550 
 3920      69706500 
 3921              	.LASF12:
 3922 091e 696E7433 		.ascii	"int32_t\000"
 3922      325F7400 
 3923              	.LASF160:
 3924 0926 64796E5F 		.ascii	"dyn_pipe_t\000"
 3924      70697065 
 3924      5F7400
 3925              	.LASF56:
 3926 0931 72666375 		.ascii	"rfcu_t\000"
 3926      5F7400
 3927              	.LASF52:
 3928 0938 74726163 		.ascii	"trace_buffer\000"
 3928      655F6275 
 3928      66666572 
 3928      00
 3929              	.LASF105:
 3930 0945 77747365 		.ascii	"wtsemp\000"
 3930      6D7000
 3931              	.LASF69:
 3932 094c 63685F70 		.ascii	"ch_priority_queue\000"
 3932      72696F72 
 3932      6974795F 
 3932      71756575 
 3932      6500
 3933              	.LASF151:
 3934 095e 63685F64 		.ascii	"ch_dyn_semaphore\000"
 3934      796E5F73 
 3934      656D6170 
 3934      686F7265 
 3934      00
 3935              	.LASF66:
 3936 096f 63685F71 		.ascii	"ch_queue\000"
 3936      75657565 
 3936      00
 3937              	.LASF178:
 3938 0978 6F626A73 		.ascii	"objsize\000"
 3938      697A6500 
 3939              	.LASF78:
 3940 0980 74797065 		.ascii	"type\000"
 3940      00
 3941              	.LASF4:
 3942 0985 756E7369 		.ascii	"unsigned char\000"
 3942      676E6564 
 3942      20636861 
 3942      7200
 3943              	.LASF36:
 3944 0993 77616974 		.ascii	"waiting\000"
 3944      696E6700 
 3945              	.LASF92:
 3946 099b 76697274 		.ascii	"virtual_timers_list_t\000"
 3946      75616C5F 
 3946      74696D65 
 3946      72735F6C 
 3946      6973745F 
 3947              	.LASF58:
ARM GAS  /tmp/ccAvL6mB.s 			page 79


 3948 09b1 70616E69 		.ascii	"panic_msg\000"
 3948      635F6D73 
 3948      6700
 3949              	.LASF142:
 3950 09bb 64796E5F 		.ascii	"dyn_element_t\000"
 3950      656C656D 
 3950      656E745F 
 3950      7400
 3951              	.LASF185:
 3952 09c9 63684661 		.ascii	"chFactoryReleaseMailbox\000"
 3952      63746F72 
 3952      7952656C 
 3952      65617365 
 3952      4D61696C 
 3953              	.LASF167:
 3954 09e1 6D62785F 		.ascii	"mbx_list\000"
 3954      6C697374 
 3954      00
 3955              	.LASF156:
 3956 09ea 6669666F 		.ascii	"fifo\000"
 3956      00
 3957              	.LASF205:
 3958 09ef 64796E5F 		.ascii	"dyn_list_find\000"
 3958      6C697374 
 3958      5F66696E 
 3958      6400
 3959              	.LASF33:
 3960 09fd 73746174 		.ascii	"state\000"
 3960      6500
 3961              	.LASF127:
 3962 0a03 706F6F6C 		.ascii	"pool_header\000"
 3962      5F686561 
 3962      64657200 
 3963              	.LASF203:
 3964 0a0f 64796E5F 		.ascii	"dyn_create_object_heap\000"
 3964      63726561 
 3964      74655F6F 
 3964      626A6563 
 3964      745F6865 
 3965              	.LASF42:
 3966 0a26 6F735F69 		.ascii	"os_instance_t\000"
 3966      6E737461 
 3966      6E63655F 
 3966      7400
 3967              	.LASF47:
 3968 0a34 7265676C 		.ascii	"reglist\000"
 3968      69737400 
 3969              	.LASF187:
 3970 0a3c 63684661 		.ascii	"chFactoryCreateMailbox\000"
 3970      63746F72 
 3970      79437265 
 3970      6174654D 
 3970      61696C62 
 3971              	.LASF103:
 3972 0a53 77747472 		.ascii	"wttrp\000"
 3972      7000
 3973              	.LASF133:
ARM GAS  /tmp/ccAvL6mB.s 			page 80


 3974 0a59 67756172 		.ascii	"guarded_memory_pool_t\000"
 3974      6465645F 
 3974      6D656D6F 
 3974      72795F70 
 3974      6F6F6C5F 
 3975              	.LASF116:
 3976 0a6f 69646C65 		.ascii	"idlethread_base\000"
 3976      74687265 
 3976      61645F62 
 3976      61736500 
 3977              	.LASF145:
 3978 0a7f 63685F72 		.ascii	"ch_registered_static_object\000"
 3978      65676973 
 3978      74657265 
 3978      645F7374 
 3978      61746963 
 3979              	.LASF3:
 3980 0a9b 7369676E 		.ascii	"signed char\000"
 3980      65642063 
 3980      68617200 
 3981              	.LASF73:
 3982 0aa7 64656C74 		.ascii	"delta\000"
 3982      6100
 3983              	.LASF6:
 3984 0aad 73686F72 		.ascii	"short unsigned int\000"
 3984      7420756E 
 3984      7369676E 
 3984      65642069 
 3984      6E7400
 3985              	.LASF18:
 3986 0ac0 73746B61 		.ascii	"stkalign_t\000"
 3986      6C69676E 
 3986      5F7400
 3987              	.LASF111:
 3988 0acb 63757272 		.ascii	"current\000"
 3988      656E7400 
 3989              	.LASF198:
 3990 0ad3 5F5F6675 		.ascii	"__func__\000"
 3990      6E635F5F 
 3990      00
 3991              	.LASF122:
 3992 0adc 72647074 		.ascii	"rdptr\000"
 3992      7200
 3993              	.LASF154:
 3994 0ae2 64796E5F 		.ascii	"dyn_mailbox_t\000"
 3994      6D61696C 
 3994      626F785F 
 3994      7400
 3995              	.LASF129:
 3996 0af0 616C6967 		.ascii	"align\000"
 3996      6E00
 3997              	.LASF102:
 3998 0af6 65786974 		.ascii	"exitcode\000"
 3998      636F6465 
 3998      00
 3999              	.LASF191:
 4000 0aff 63684661 		.ascii	"chFactoryReleaseBuffer\000"
ARM GAS  /tmp/ccAvL6mB.s 			page 81


 4000      63746F72 
 4000      7952656C 
 4000      65617365 
 4000      42756666 
 4001              	.LASF27:
 4002 0b16 636F7265 		.ascii	"core_id_t\000"
 4002      5F69645F 
 4002      7400
 4003              	.LASF165:
 4004 0b20 73656D5F 		.ascii	"sem_list\000"
 4004      6C697374 
 4004      00
 4005              	.LASF41:
 4006 0b29 6D706F6F 		.ascii	"mpool\000"
 4006      6C00
 4007              		.text
 4008              		.section	.gnu.lto_.profile.f378ce3a581fef05,"e",%progbits
 4009 0000 789C6362 		.ascii	"x\234cb\000\001\000\000\022\000\003"
 4009      00010000 
 4009      120003
 4010              		.text
 4011              		.section	.gnu.lto_.icf.f378ce3a581fef05,"e",%progbits
 4012 0000 789C01D6 		.ascii	"x\234\001\326\000)\377\312\000\000\000\000\000\000\000"
 4012      0029FFCA 
 4012      00000000 
 4012      000000
 4013 000f 00000000 		.ascii	"\000\000\000\000\"\000\375\247\211\320\011\001\365\232"
 4013      2200FDA7 
 4013      89D00901 
 4013      F59A
 4014 001d EEC10202 		.ascii	"\356\301\002\002\355\324\246\235\012\003\310\334\220"
 4014      EDD4A69D 
 4014      0A03C8DC 
 4014      90
 4015 002a 990D04E5 		.ascii	"\231\015\004\345\351\321\201\012\005\332\357\263\250"
 4015      E9D1810A 
 4015      05DAEFB3 
 4015      A8
 4016 0037 0506AF92 		.ascii	"\005\006\257\222\227\273\012\007\271\256\240\356\014"
 4016      97BB0A07 
 4016      B9AEA0EE 
 4016      0C
 4017 0044 08AEA8BE 		.ascii	"\010\256\250\276\216\014\011\364\373\232\361\014\012"
 4017      8E0C09F4 
 4017      FB9AF10C 
 4017      0A
 4018 0051 B7A7AA95 		.ascii	"\267\247\252\225\005\013\237\252\332\225\011\014\336"
 4018      050B9FAA 
 4018      DA95090C 
 4018      DE
 4019 005e FF92FA03 		.ascii	"\377\222\372\003\015\343\374\221\303\001\016\240\342"
 4019      0DE3FC91 
 4019      C3010EA0 
 4019      E2
 4020 006b 9C8A0A0F 		.ascii	"\234\212\012\017\272\372\242\334\016\020\215\377\356"
 4020      BAFAA2DC 
 4020      0E108DFF 
ARM GAS  /tmp/ccAvL6mB.s 			page 82


 4020      EE
 4021 0078 3F11C2A5 		.ascii	"?\021\302\245\221\256\005\022\346\365\2637\023\230\356"
 4021      91AE0512 
 4021      E6F5B337 
 4021      1398EE
 4022 0087 89E50314 		.ascii	"\211\345\003\024\223\250\346\276\007\025\376\262\322"
 4022      93A8E6BE 
 4022      0715FEB2 
 4022      D2
 4023 0094 AE0B16EF 		.ascii	"\256\013\026\357\362\204\226\002\027\213\221\233\223"
 4023      F2849602 
 4023      178B919B 
 4023      93
 4024 00a1 0918A9DB 		.ascii	"\011\030\251\333\272\357\006\031\253\354\262\306\001"
 4024      BAEF0619 
 4024      ABECB2C6 
 4024      01
 4025 00ae 1AADED9F 		.ascii	"\032\255\355\237\336\005\033\311\364\274\237\006\034"
 4025      DE051BC9 
 4025      F4BC9F06 
 4025      1C
 4026 00bb A2A5B7BF 		.ascii	"\242\245\267\277\015\035\303\375\245q\036\277\371\203"
 4026      0D1DC3FD 
 4026      A5711EBF 
 4026      F983
 4027 00c9 C90B1FF9 		.ascii	"\311\013\037\371\330\301\032 \363\211\260\302\011!\332"
 4027      D8C11A20 
 4027      F389B0C2 
 4027      0921DA
 4028 00d8 A4D8DB02 		.ascii	"\244\330\333\002\0007\336g\371"
 4028      0037DE67 
 4028      F9
 4029              		.text
 4030              		.section	.gnu.lto_.ipa_sra.f378ce3a581fef05,"e",%progbits
 4031 0000 789C9D52 		.ascii	"x\234\235RYr\303 \014\345I\204\244\255;\335\3675\227"
 4031      5972C320 
 4031      0CE54984 
 4031      A4AD3BDD 
 4031      F73597
 4032 0013 E9B9E24C 		.ascii	"\351\271\342L{\357\"\011\001\351\270|\304\036\260\260"
 4032      7BEF2209 
 4032      01E9B87C 
 4032      C41EB0B0 
 4033 0023 A4B7005F 		.ascii	"\244\267\000_1\324g\033\310C@B\310`\326\017,ADa\023"
 4033      31D4671B 
 4033      C8434042 
 4033      C860D60F 
 4033      2C414461 
 4034 0038 D612326B 		.ascii	"\326\0222k\345\316\021\3302y0a7\345\324\234\247\020"
 4034      E5CE11D8 
 4034      32793061 
 4034      37E5D49C 
 4034      A710
 4035 004a 93237563 		.ascii	"\223#uc%e0\344\237\014 tey\270\202Dy\254\330i\225\000"
 4035      256530E4 
 4035      9F0C2074 
 4035      6579B882 
ARM GAS  /tmp/ccAvL6mB.s 			page 83


 4035      4479ACD8 
 4036 0061 D80B2D55 		.ascii	"\330\013-Uv$vv-`\315`\226IJ\251\227\264\346\352Yd\220"
 4036      76247676 
 4036      2D60CD60 
 4036      96494AA9 
 4036      97B4E6EA 
 4037 0078 5628DDC6 		.ascii	"V(\335\3063\350\004\242`\340$V\021us4$S\331\3539\215"
 4037      33E804A2 
 4037      60E02456 
 4037      11757334 
 4037      2453D9EB 
 4038 008e 558FD7C6 		.ascii	"U\217\327\306NS\3518\220u\326m\277vLT\327\206\254R\316"
 4038      4E53E938 
 4038      9075D66D 
 4038      BF764C54 
 4038      D786AC52 
 4039 00a3 339CBE17 		.ascii	"3\234\276\027\355(\364t\300\3550\\a\300%l\307Lh\255"
 4039      ED28F474 
 4039      C0ED305C 
 4039      61C0256C 
 4039      C74C68AD 
 4040 00b7 20FB71A5 		.ascii	" \373q\245\0376\300\353b\327|7\030\3348\023\234\251"
 4040      1F36C0EB 
 4040      62D77C37 
 4040      18DC3813 
 4040      9CA9
 4041 00c9 2995236B 		.ascii	")\225#k\266Q\233d\272\035r\3379\035\265.\334\377\245"
 4041      B6519B64 
 4041      BA1D72DF 
 4041      391DB52E 
 4041      DCFFA5
 4042 00dc A24AB368 		.ascii	"\242J\263h\357aH\361\370\237\243\247#\035=\017\351^"
 4042      EF6148F1 
 4042      F89FA3A7 
 4042      231D3D0F 
 4042      E95E
 4043 00ee 961CBDC6 		.ascii	"\226\034\275\306\376\026t\224I;\347\324]\207}*mM\000"
 4043      FE167494 
 4043      493BE7D4 
 4043      5D877D2A 
 4043      6D4D00
 4044 0101 CFDF53D1 		.ascii	"\317\337S\321gmoC\011\357K\022>\216t\3739\244\332.Q"
 4044      676D6F43 
 4044      09EF4B12 
 4044      3E8E74FB 
 4044      39A4DA2E 
 4045 0116 855FB34E 		.ascii	"\205_\263N\030a"
 4045      1861
 4046              		.text
 4047              		.section	.gnu.lto_.inline.f378ce3a581fef05,"e",%progbits
 4048 0000 789CA554 		.ascii	"x\234\245T\315k\023A\024\177\363\221\3546\331t\023\233"
 4048      CD6B1341 
 4048      147FF391 
 4048      EC36D974 
 4048      139B
 4049 0012 D4AFAA2D 		.ascii	"\324\257\252-\376/\036\367o\020\255\332z\362/\220D\261"
 4049      FE2F1EF7 
ARM GAS  /tmp/ccAvL6mB.s 			page 84


 4049      6F10ADDA 
 4049      7AF22F90 
 4049      44B1
 4050 0024 140B2628 		.ascii	"\024\013&(\006K/E\202H\361`\323\012R\017\006?Pc\021"
 4050      064B2F45 
 4050      8248F160 
 4050      D30A520F 
 4050      063F5063 
 4051 0039 44D078A8 		.ascii	"D\320x\250\0071\271\230\203\241\010\271\3257ow6\331"
 4051      0731B998 
 4051      83A108B9 
 4051      D5376F77 
 4051      36D9
 4052 004b 6DD29275 		.ascii	"m\322\222u\010\33173\357\315{\277\337\357\315\324M\360"
 4052      08D93733 
 4052      EFCD7BBF 
 4052      DFEFCDD4 
 4052      4DF0
 4053 005d C70C406A 		.ascii	"\307\014@je\353\363.\237g\300\263h\375\346\363\000\361"
 4053      65EBF32E 
 4053      9F67C0B3 
 4053      68FDE6F3 
 4053      00F1
 4054 006f 3C0E3ECB 		.ascii	"<\016>\313\201\243\013\003\223\246W\230\232\026\320"
 4054      81A30B03 
 4054      93A65798 
 4054      9A16D0
 4055 007e BC1EF288 		.ascii	"\274\036\362\210\215\243\223(9%\007\247\343\177\277"
 4055      8DA39328 
 4055      392507A7 
 4055      E37FBF
 4056 008d FCFCCAAF 		.ascii	"\374\374\312\2572\034\025\001\200?\231\3504\032M>\207"
 4056      321C1501 
 4056      803F99E8 
 4056      341A4D3E 
 4056      87
 4057 009e 51B7FC28 		.ascii	"Q\267\374(F\007\\\340 }\033$\235\305@\235\32561\324"
 4057      46075CE0 
 4057      207D1B24 
 4057      9DC5409D 
 4057      D53631D4 
 4058 00b2 DA6C6DAF 		.ascii	"\332lm\257S\342\304\247\345\215\005~)\224X\246\360\217"
 4058      53E2C4A7 
 4058      E58D057E 
 4058      299458A6 
 4058      F08F
 4059 00c4 ABC4126C 		.ascii	"\253\304\022l\\\177\317\347\030\003\314\313\324\372"
 4059      5C7FCFE7 
 4059      1803CCCB 
 4059      D4FA
 4060 00d2 E0622986 		.ascii	"\340b)\206\212\305\250!v\014\354\373\315jCP\346?K\217"
 4060      8AC5A821 
 4060      760CECFB 
 4060      CD6A4350 
 4060      E63F4B8F 
 4061 00e6 1EAACC66 		.ascii	"\036\252\314f\275\272\334\326\247\010K1Sr\350K\025\304"
 4061      BDBADCD6 
ARM GAS  /tmp/ccAvL6mB.s 			page 85


 4061      A7084B31 
 4061      5372E84B 
 4061      15C4
 4062 00f8 61BCD02D 		.ascii	"a\274\320-\347)F\272\011\207\322\344e\2438\003R/\177"
 4062      E72946BA 
 4062      0987D2E4 
 4062      65A33803 
 4062      522F7F
 4063 010b BC680AAF 		.ascii	"\274h\012\257rN\214Y\337V\352\2350c\267[\257:\342\274"
 4063      724E8C59 
 4063      DF56EA9D 
 4063      3063B75B 
 4063      AF3AE2BC 
 4064 011f CB986B13 		.ascii	"\313\230k\023cn\011E\247\350\230`!\342\247\3422\343"
 4064      636E0945 
 4064      A7E89860 
 4064      21E2A7E2 
 4064      32E3
 4065 0131 70AD22C4 		.ascii	"p\255\"\304]Q\021\022SN\263s8\003w\272\207\303V\231"
 4065      5D511112 
 4065      534EB373 
 4065      380377BA 
 4065      87C35699 
 4066 0145 246E80D4 		.ascii	"$n\200\324\334\203q#\237\257\205\26419\030h\326\304"
 4066      DC837123 
 4066      9FAF85B4 
 4066      31391868 
 4066      D6C4
 4067 0157 2C981E75 		.ascii	",\230\036uR#\030\203\014r\324=\200#\304\253\364W\316"
 4067      52231883 
 4067      0C72D43D 
 4067      8023C4AB 
 4067      F457CE
 4068 016a 3D9A1260 		.ascii	"=\232\022`\357|x\260x\000Mq\254\016\244\233\244\237"
 4068      EF7C78B0 
 4068      78004D71 
 4068      AC0EA49B 
 4068      A49F
 4069 017c A8245848 		.ascii	"\250$XH\324Nt\242xRiVt,H\"M\253>Ml\223i\212\3303\026"
 4069      D44E74A2 
 4069      78526956 
 4069      742C4822 
 4069      4DAB3E4D 
 4070 0197 8D1A0550 		.ascii	"\215\032\005P\272u\246 \207\033]lE\340\226r\027\341"
 4070      BA75A620 
 4070      871B5D6C 
 4070      45E09672 
 4070      17E1
 4071 01a9 B6256254 		.ascii	"\266%bTE}\226[\034\330`o\264\266\337Rp\034\273\377\373"
 4071      457D965B 
 4071      1CD8606F 
 4071      B4B6DF52 
 4071      701CBBFF 
 4072 01be 3E7A3C47 		.ascii	">z<G\227\\\274qz!\015I\364zL\221\203;\337sDF\231\252"
 4072      975CBC71 
 4072      7A210D49 
 4072      F47A4C91 
ARM GAS  /tmp/ccAvL6mB.s 			page 86


 4072      833BDF73 
 4073 01d6 54CF3330 		.ascii	"T\31730Q~W\250\271/\300\332\235\2335\021\244\323\017"
 4073      517E57A8 
 4073      B92FC0DA 
 4073      9D9B3511 
 4073      A4D30F
 4074 01e9 0C7E8EF8 		.ascii	"\014~\216\370\371\210\262\330\360\033\327\313\033\254"
 4074      F988B2D8 
 4074      F01BD7CB 
 4074      1BAC
 4075 01f7 780272BF 		.ascii	"x\002r\277\266:KJP\365V\304\325v\274\374\372\371\233"
 4075      B63A4B4A 
 4075      50F556C4 
 4075      D576BCFC 
 4075      FAF99B
 4076 020a 10664EE6 		.ascii	"\020fN\346\305>\015{g\341\275\263\025\205d\352\335l"
 4076      C53E0D7B 
 4076      67E1BDB3 
 4076      158564EA 
 4076      DD6C
 4077 021c 542A7290 		.ascii	"T*r\220@\247U\215\3118\024\223\356k=\237\204\314zum"
 4077      40A7558D 
 4077      C9381493 
 4077      EE6B3D9F 
 4077      84CC7A75 
 4078 0231 97320FEE 		.ascii	"\2272\017\356\356P \2765a!\217F\255\376XP\021stE\216"
 4078      EE5020BE 
 4078      3561218F 
 4078      46ADFE58 
 4078      50117374 
 4079 0247 C3242A72 		.ascii	"\303$*r\357PE4\264\001\212\320S\270_\222\023QA\235\014"
 4079      EF504534 
 4079      B4018AD0 
 4079      53B85F92 
 4079      1351419D 
 4080 025c 4A3236B2 		.ascii	"J26\262$Sp\266\376q\257\215\230\360\246WDB-z\330\270"
 4080      245370B6 
 4080      FE71AF8D 
 4080      98F0A657 
 4080      44422D7A 
 4081 0272 F735CC27 		.ascii	"\3675\314'\013\235E\021\304H&\256Y}\375\247q\247\375"
 4081      0B9D4511 
 4081      C44826AE 
 4081      597DFDA7 
 4081      71A7FD
 4082 0285 DDACBF36 		.ascii	"\335\254\2776\325+\301H\253gL\277`!FJ\216\347u**%\247"
 4082      D52BC148 
 4082      AB674CBF 
 4082      6021464A 
 4082      8EE7752A 
 4083 029c 83942447 		.ascii	"\203\224$G\246\344\314\377_\274!2OG\3054\023\304d\215"
 4083      A6E4CCFF 
 4083      5FBC2132 
 4083      4F47C534 
 4083      13C4648D 
 4084 02b0 8C09FE01 		.ascii	"\214\011\376\001\364(\256\215"
 4084      F428AE8D 
ARM GAS  /tmp/ccAvL6mB.s 			page 87


 4085              		.text
 4086              		.section	.gnu.lto_.jmpfuncs.f378ce3a581fef05,"e",%progbits
 4087 0000 789CCD58 		.ascii	"x\234\315XK\216\0231\020u\331\216\343\311$t\222\311"
 4087      4B8E1331 
 4087      1075D98E 
 4087      E3C92474 
 4087      92C9
 4088 0012 4C66207C 		.ascii	"Lf |f\313\212\033\260\343X\231\015'`\313g\225\005\027"
 4088      66CB8A1B 
 4088      B0E35899 
 4088      0D2760CB 
 4088      67950517 
 4089 0026 80054222 		.ascii	"\200\005B\"\210K\260\3141X \015\325\256Npw\227\3235"
 4089      884BB0CC 
 4089      3158200D 
 4089      D5AE4E70 
 4089      7797D335 
 4090 003a B441B464 		.ascii	"\264A\264dE]v\275zU~\256\266\362z\256\016\317\265\322"
 4090      455D76BD 
 4090      7A557EAE 
 4090      B6F27AAE 
 4090      0ECFB5D2 
 4091 004e 00E66663 		.ascii	"\000\346fc&8\356A\371\002\033\343p\214\234]\343\002"
 4091      2638EE41 
 4091      F9021BE3 
 4091      708C9C5D 
 4091      E302
 4092 0060 D85A5038 		.ascii	"\330ZP8n\361)\224]C\323\244_\031\\\034\231\225\322\025"
 4092      6EF12994 
 4092      5D43D3A4 
 4092      5F195C1C 
 4092      9995D215 
 4093 0074 4C8959B8 		.ascii	"L\211Y\270\206\003\004\207)\000\375\004\033F\002\016"
 4093      86030487 
 4093      2900FD04 
 4093      1B46020E 
 4094 0084 D6810F66 		.ascii	"\326\201\017f\037`\315\036\026Ga\031\037d\32729\010"
 4094      1F60CD1E 
 4094      16476119 
 4094      1F64D732 
 4094      3908
 4095 0096 CF73A402 		.ascii	"\317s\244\002ef\272\312\016\307\014\307\334\371\035"
 4095      6566BACA 
 4095      0EC70CC7 
 4095      DCF91D
 4096 00a5 34D3C432 		.ascii	"4\323\3042|\000\370\010v=h\027@7M\316+\246NV\350\311"
 4096      7C00F808 
 4096      763D6817 
 4096      40374DCE 
 4096      2BA64E56 
 4097 00bb E4D0F634 		.ascii	"\344\320\3664M\323\000\223\201\341\276\304\370{\246"
 4097      4DD30093 
 4097      81E1BEC4 
 4097      F87BA6
 4098 00ca 11BF85C5 		.ascii	"\021\277\205\305\354`\213C@\302\252Lt\205\344\204\225"
 4098      EC608B43 
 4098      40C2AA4C 
ARM GAS  /tmp/ccAvL6mB.s 			page 88


 4098      7485E484 
 4098      95
 4099 00db E5E3093C 		.ascii	"\345\343\011<\207!$\022W{\362\226)N\363\335\267\274"
 4099      87212412 
 4099      577BF296 
 4099      294EF3DD 
 4099      B7BC
 4100 00ed 840265B0 		.ascii	"\204\002e\260Ol\251\211\"\252\037)>\210n\021!\374H!"
 4100      4F6CA989 
 4100      22AA1F29 
 4100      3E886E11 
 4100      21FC4821 
 4101 0101 307B22A9 		.ascii	"0{\"\251\366\210\002G\345\016\201\275\270\344B\036\002"
 4101      F6880247 
 4101      E50E81BD 
 4101      B8E4421E 
 4101      02
 4102 0112 B0D3EAE0 		.ascii	"\260\323\352\340\207r\266p\307\361,\227\031S\350\211"
 4102      8772B670 
 4102      C7F12C97 
 4102      1953E889 
 4103 0122 C24D7AA6 		.ascii	"\302Mz\2466\346\374\275Qo\221\027\366\026D\330\336V"
 4103      36E6FCBD 
 4103      516F9117 
 4103      F61644D8 
 4103      DE56
 4104 0134 0FC01B03 		.ascii	"\017\300\033\003\345\374E\230G\377\227\020\252\360\011"
 4104      E5FC4598 
 4104      47FF9710 
 4104      AAF009
 4105 0143 D0A87689 		.ascii	"\320\250v\211u\372\260\356\363\357\034~\306\347\264"
 4105      75FAB0EE 
 4105      F3EF1C7E 
 4105      C6E7B4
 4106 0152 6A41AB30 		.ascii	"jA\2530\273\242\026D&\033L\226\332\307\273f\251\310"
 4106      BBA21644 
 4106      261B4C96 
 4106      DAC7BB66 
 4106      A9C8
 4107 0164 7149AD68 		.ascii	"qI\255hI\2668\203r=\034af\017\314\276\035g\266\010\263"
 4107      49B63883 
 4107      723D1C61 
 4107      660FCCBE 
 4107      1D67B608 
 4108 0179 0B62065F 		.ascii	"\013b\006_\240\203\025l\001\276\202\016L.C\244AT\377"
 4108      A083156C 
 4108      01BE820E 
 4108      4C2E43A4 
 4108      4154FF
 4109 018c 5A80226A 		.ascii	"Z\200\"j\2653\221\007wjL-'\336\257^\227D\272\022\002"
 4109      B5339107 
 4109      776A4C2D 
 4109      27DEAF5E 
 4109      9744BA12 
 4110 01a1 D3F20894 		.ascii	"\323\362\010\224\007@\262\230\223\236\204\255\010|\206"
 4110      0740B298 
 4110      939E84AD 
ARM GAS  /tmp/ccAvL6mB.s 			page 89


 4110      087C86
 4111 01b0 44C475CB 		.ascii	"D\304u\313\267hNa\007\262\355b\276.\377t\273\316\"\205"
 4111      B7684E61 
 4111      07B2ED62 
 4111      BE2EFF74 
 4111      BBCE2285 
 4112 01c4 3919E5C4 		.ascii	"9\031\345\304\347T\303\323\350\222\3004\020\177|\263"
 4112      E754C3D3 
 4112      E892C034 
 4112      107F7CB3 
 4113 01d4 21299217 		.ascii	"!)\222\027t\314\246\354%bT\273D\2102Xd\224h\222\265"
 4113      74CCA6EC 
 4113      256254BB 
 4113      44883258 
 4113      64946892 
 4114 01e9 08FC9CB4 		.ascii	"\010\374\234\2642\22419\256\225~L.\242\333\327\225\214"
 4114      32943139 
 4114      AE957E4C 
 4114      2EA2DBD7 
 4114      958C
 4115 01fb 4EF25A15 		.ascii	"N\362Z\025\355\374\215\352hHZ\240p\325+\263e\306\335"
 4115      EDFC8DEA 
 4115      68485AA0 
 4115      70D52BB3 
 4115      65C6DD
 4116 020e 4EB21581 		.ascii	"N\262\025\201_\322n\373\034\235\341\357\327\355*[g\220"
 4116      5FD26EFB 
 4116      1C9DE1EF 
 4116      D7ED2A5B 
 4116      6790
 4117 0220 0845D422 		.ascii	"\010E\324\"\\*r\303\214_\341\357p\327\256p?\243N\222"
 4117      5C2A72C3 
 4117      8C5FE1EF 
 4117      70D7AE70 
 4117      3FA34E92 
 4118 0234 4445E00F 		.ascii	"DE\340\017H''9\272B?&\253\332M\332Uc$\362\035\313\324"
 4118      48272739 
 4118      BA423F26 
 4118      ABDA4DDA 
 4118      556324F2 
 4119 024b 20BCF6DE 		.ascii	" \274\366\336MZ\035:\032v\353(ID\224\373\303\214ZJ\222"
 4119      4D5A1D3A 
 4119      1A76EB28 
 4119      494494FB 
 4119      C38C5A4A 
 4120 0260 15813F22 		.ascii	"\025\201?\"-\235\346\320R?&\217\377\277~\342\273\256"
 4120      2D9DE6D0 
 4120      523F268F 
 4120      FFBF7EE2 
 4120      BBAE
 4121 0272 1CBBF61F 		.ascii	"\034\273\366\037\027\177\320Y\236dTC\222\262\010\374"
 4121      177FD059 
 4121      9E645443 
 4121      92B208FC 
 4122 0282 9AD430CE 		.ascii	"\232\3240\316\241\206~L\324/Nn\343\252"
 4122      A1867E4C 
 4122      D42F4E6E 
ARM GAS  /tmp/ccAvL6mB.s 			page 90


 4122      E3AA
 4123              		.text
 4124              		.section	.gnu.lto_.pureconst.f378ce3a581fef05,"e",%progbits
 4125 0000 789C05C1 		.ascii	"x\234\005\301\211\025\001A\000D\301a?\273\256g/\264"
 4125      89150141 
 4125      0044C161 
 4125      3FBBAE67 
 4125      2FB4
 4126 0012 DBC425B1 		.ascii	"\333\304%\261~\235\207\374T}K)\265\204\205\226?\232"
 4126      7E9D87FC 
 4126      547D4B29 
 4126      B5848596 
 4126      3F9A
 4127 0024 805985B5 		.ascii	"\200Y\205\265\332\320\205M\330j\027\366\341\020\216"
 4127      DAD0854D 
 4127      D86A17F6 
 4127      E1108E
 4128 0033 A1D71046 		.ascii	"\241\327\020F3\231Y's6\027\311\\\315Mw\3630O\275\314"
 4128      33995927 
 4128      733617C9 
 4128      5CCD4D77 
 4128      F3304FBD 
 4129 0048 DB7C54CD 		.ascii	"\333|T\315\037I#\022K"
 4129      1F492312 
 4129      4B
 4130              		.text
 4131              		.section	.gnu.lto_.lto.f378ce3a581fef05,"e",%progbits
 4132 0000 09000400 		.ascii	"\011\000\004\000\001\000\000\000"
 4132      01000000 
 4133              		.text
 4134              		.section	.gnu.lto_chCoreAllocAlignedI.281.f378ce3a581fef05,"e",%progbits
 4135 0000 789C558F 		.ascii	"x\234U\217\261K\303P\020\306\357r/-\342&\010\216uQ\354"
 4135      B14BC350 
 4135      10C6EF72 
 4135      2F2DE226 
 4135      088E7551 
 4136 0015 D0D041BA 		.ascii	"\320\320A\272\212:\012\212\202K\207\222\276F\023h\023"
 4136      8A3A0A8A 
 4136      824B8792 
 4136      BE461368 
 4136      13
 4137 0026 4D53A12E 		.ascii	"MS\241.}\212v\350R\333\256\245H\250 \010\272T\254\272"
 4137      7D8A76E8 
 4137      52DBAEA5 
 4137      48A82008 
 4137      BA54ACBA 
 4138 003a 64731517 		.ascii	"ds\025\027\377\005q\022Ap\020\352\213-\250p\007w\307"
 4138      FF057112 
 4138      417010EA 
 4138      8B2DA870 
 4138      0777C7
 4139 004d 8FEFFB6E 		.ascii	"\217\357\373n\002\001\366\000`F6\022`\263QS@\010\261"
 4139      0201F600 
 4139      60463612 
 4139      60B35153 
 4139      4008B1
 4140 0060 1055F0A0 		.ascii	"\020U\360\240Q{\270\3501\274\307\237\003BE\301\012\266"
ARM GAS  /tmp/ccAvL6mB.s 			page 91


 4140      517BB8E8 
 4140      31BCC79F 
 4140      034245C1 
 4140      0AB6
 4141 0072 A84DD8A4 		.ascii	"\250M\330\244\256\204\331hB\214\315\005B|\036\267.\317"
 4141      AE84D968 
 4141      428CCD05 
 4141      427C1EB7 
 4141      2ECF
 4142 0084 C6DBE701 		.ascii	"\306\333\347\001\353\222\002\035\011\\#\366\244\001"
 4142      EB92021D 
 4142      095C23F6 
 4142      A401
 4143 0092 80046913 		.ascii	"\200\004i\023f%\364\370\322\027b\014\272Dx\203\177\030"
 4143      6625F4F8 
 4143      D217620C 
 4143      BA447883 
 4143      7F18
 4144 00a4 794857E3 		.ascii	"yHW\343!\267;\344\006#\216\341\355\177\216\245\233q"
 4144      21B73BE4 
 4144      06238EE1 
 4144      ED7F8EA5 
 4144      9B71
 4145 00b6 8008840E 		.ascii	"\200\010\204\016aj\331WOj \276\006u!>\246:\317,\242"
 4145      616AD957 
 4145      4F6A20BE 
 4145      0675213E 
 4145      A63ACF2C 
 4146 00cb 20F651C6 		.ascii	" \366Q\306\272C\025\302,P\247\360)\301P\004\000'\244"
 4146      BA4315C2 
 4146      2C50A7F0 
 4146      29C15004 
 4146      0027A4
 4147 00de 0C9703B9 		.ascii	"\014\227\003\271\274\242\360\243\360\206\325\323y\237"
 4147      BCA2F0A3 
 4147      F086D5D3 
 4147      799F
 4148 00ec D42354BA 		.ascii	"\324#T\272\244vH\212\372\244\370D\341{\014\245H\004"
 4148      A476488A 
 4148      FAA4F844 
 4148      E17B0CA5 
 4148      4804
 4149 00fe DEF13026 		.ascii	"\336\3610&\221\320\263N\370+\0070\255\231N\301\320,"
 4149      91D0B34E 
 4149      F82B0730 
 4149      AD994EC1 
 4149      D02C
 4150 0110 DDD6961D 		.ascii	"\335\326\226\035^*\030\266W\324\026\327\326W2Y=\257"
 4150      5E2A18B6 
 4150      57D416D7 
 4150      D6573259 
 4150      3DAF
 4151 0122 DBDC80A4 		.ascii	"\333\334\200\244gZn.\263\243\273^Y[2\255\254\265\272"
 4151      675A6E2E 
 4151      B3A3BB5E 
 4151      595B32AD 
 4151      ACB5BA
ARM GAS  /tmp/ccAvL6mB.s 			page 92


 4152 0135 A1394559 		.ascii	"\2419EYy+\253Y6\317\227r\206\306\315\202Q\340\216k$"
 4152      792BAB59 
 4152      36CF9772 
 4152      86C6CD82 
 4152      51E08E6B 
 4153 014a 4C60456B 		.ascii	"L`Ek\337\230\344\346\226\316=\307-'x\202'S\251d\322"
 4153      DF98E4E6 
 4153      96CE3DC7 
 4153      2D277882 
 4153      2753A964 
 4154 015f 4881AAE7 		.ascii	"H\201\252\347\255m\373\033\345\224}t"
 4154      AD6DFB1B 
 4154      E5947D74 
 4155              		.text
 4156              		.section	.gnu.lto_chFifoObjectInitAligned.298.f378ce3a581fef05,"e",%progbits
 4157 0000 789C6D92 		.ascii	"x\234m\222\273O\024q\020\307\347\273\263\354\275\004"
 4157      BB4F1471 
 4157      10C7E7BB 
 4157      B3ECBD04 
 4158 0010 D1C4183B 		.ascii	"\321\304\030;\324\002iX\261\2415jeL4ZX\\A\356\226;n"
 4158      D4026958 
 4158      B1A1356A 
 4158      654C345A 
 4158      585C41EE 
 4159 0027 CD710BDC 		.ascii	"\315q\013\334Q\234\205\374@\021\271B\2361j\360\212\315"
 4159      519C85FC 
 4159      4011B942 
 4159      9E316AF0 
 4159      8ACD
 4160 0039 6AA8D4C4 		.ascii	"j\250\324\304\250\370>\037X`L\210\376\003\206\304\304"
 4160      A8F83E1F 
 4160      58604C88 
 4160      FE0386C4 
 4160      C4
 4161 004a 58184265 		.ascii	"X\030BeA\324\331\275\0238\343f\177\217\231|\346;\263"
 4161      41D4D9BD 
 4161      1338E366 
 4161      7F8F997C 
 4161      E63BB3
 4162 005d 337B5B23 		.ascii	"3{[#\232%\242\375\262\300\204\351\251\222FJ\251\303"
 4162      9A25A2FD 
 4162      B2C084E9 
 4162      A992464A 
 4162      A9C3
 4163 006f 210DC353 		.ascii	"!\015\303S\245\010\336\"\260@C\032\2060\303mb\376\034"
 4163      A508DE22 
 4163      B040431A 
 4163      8630C36D 
 4163      62FE1C
 4164 0082 9DB9321A 		.ascii	"\235\2712\032S\363\025xLT\226\025<s\214i\366\030\320"
 4164      53F31578 
 4164      4C549615 
 4164      3C738C69 
 4164      F618D0
 4165 0095 6B370D2D 		.ascii	"k7\015-r\343\263\324ZQjy}A\251\010y\314x\014\211\301"
 4165      72E3B3D4 
 4165      5A516A79 
ARM GAS  /tmp/ccAvL6mB.s 			page 93


 4165      7D41A908 
 4165      79CC780C 
 4166 00ab 23E021C8 		.ascii	"#\340!\310w\304\327\016\370\\\177\225\273~qL5\353\036"
 4166      77C4D70E 
 4166      F85C7F95 
 4166      BB7E714C 
 4166      35EB1E
 4167 00be EB7852CF 		.ascii	"\353xR\317\351\361_\001W\014\270\325\361\2577\233&\341"
 4167      E9F15F01 
 4167      570CB8D5 
 4167      F1AF379B 
 4167      26E1
 4168 00d0 73CFFEE5 		.ascii	"s\317\376\345Jm>w\241\252W\252\3515\340E=\327\020\277"
 4168      4A6D3E77 
 4168      A1AA57AA 
 4168      E935E045 
 4168      3DD710BF 
 4169 00e4 167063A8 		.ascii	"\026pc\250\012\226\026\253\202\006^\325\203F\334\015"
 4169      0A9616AB 
 4169      82065ED5 
 4169      8346DC0D 
 4170 00f4 C0AB5570 		.ascii	"\300\253Upy\274\246\030\302\353z0\024\277\333Fd\374"
 4170      79BCA618 
 4170      C2EB7A30 
 4170      14BFDB46 
 4170      64FC
 4171 0106 ED89F8E8 		.ascii	"\355\211\370\350\336\247\206\212Z\377=\241\324\307="
 4171      DEA7868A 
 4171      5AFF3DA1 
 4171      D4C73D
 4172 0115 E5CF7AA3 		.ascii	"\345\317z\243\006T =z\016\035X\200\001<E\010x\211\260"
 4172      0654203D 
 4172      7A0E1D58 
 4172      80013C45 
 4172      087889B0 
 4173 0129 C487FDFE 		.ascii	"\304\207\375\376Db\300\033\011\235`\177\020J\207\252"
 4173      4462C01B 
 4173      099D607F 
 4173      104A87AA 
 4174 0139 104DB256 		.ascii	"\020M\262V5\206\305\370\016\265rc\011\376\271oc[\231"
 4174      3586C5F8 
 4174      0EB57263 
 4174      09FEB96F 
 4174      635B99
 4175 014c 8BD20F8C 		.ascii	"\213\322\017\214\314\226\340r\2706\000\206?\224;\376"
 4175      CC96E072 
 4175      B8360086 
 4175      3F943BFE 
 4176 015c 08E75B3D 		.ascii	"\010\347[=\216\272\322\254w\201\357\240\270\302\036"
 4176      8EBAD2AC 
 4176      7781EFA0 
 4176      B8C21E
 4177 016b C7B0885B 		.ascii	"\307\260\210[~\255\227|\346\233||\030\357%\367*.\267"
 4177      7EAD977C 
 4177      E69B7C7C 
 4177      18EF25F7 
 4177      2A2EB7
ARM GAS  /tmp/ccAvL6mB.s 			page 94


 4178 017e 884FF378 		.ascii	"\210O\363x[YDH$]6\\\016y\334\030$+G\2670Me\326j\214"
 4178      5B594448 
 4178      245D365C 
 4178      0E79DC18 
 4178      242B47B7 
 4179 0198 E6B2E4DD 		.ascii	"\346\262\344\335\0360\3677\013\212l\224\261\373\177"
 4179      1E30F737 
 4179      0B8A6C94 
 4179      B1FB7F
 4180 01a7 65346349 		.ascii	"e4cI\312\300\2262\"\370PW\306\2162\263\237\"\342r,H"
 4180      CAC09632 
 4180      22F85057 
 4180      C68E32B3 
 4180      9F22E272 
 4181 01bd B193D630 		.ascii	"\261\223\3260\362\345\301\361\340\317\233`l\266\212"
 4181      F2E5C1F1 
 4181      E0CF9B60 
 4181      6CB68A
 4182 01cc 68AF9971 		.ascii	"h\257\231qzS\246\235\310\231\307\034k\2607\225+\344"
 4182      7A53A69D 
 4182      C899C71C 
 4182      6BB03795 
 4182      2BE4
 4183 01de CD23A74E 		.ascii	"\315#\247N\237\350J&\262\211\234\225\242C\205\214=\320"
 4183      9FE84A26 
 4183      B2899C95 
 4183      A243858C 
 4183      3DD0
 4184 01f0 DDD59718 		.ascii	"\335\325\227\030(\024\315\243\031;i\237<c:yy\263v\322"
 4184      2814CDA3 
 4184      193B699F 
 4184      3C633A79 
 4184      79B376D2 
 4185 0204 B4735676 		.ascii	"\264sVv\260;eZ\031'y.m\247\235|{\206\330I\367\355\262"
 4185      B03B655A 
 4185      1927792E 
 4185      6DA79D7C 
 4185      7B86D849 
 4186 021b 32E98455 		.ascii	"2\351\204Up\006\212\355V\273\325\321\331\331\321\221"
 4186      70068AED 
 4186      56BBD5D1 
 4186      D9D9D191 
 4187 022b EAA49050 		.ascii	"\352\244\220Py\373|J\2273\027\226-\221\265{r\206\\\222"
 4187      79FB7C4A 
 4187      97331796 
 4187      2D91B57B 
 4187      72865C92 
 4188 023f 8369A337 		.ascii	"\203i\2437\337#\307\037\237T\366\012"
 4188      DF23C71F 
 4188      9F54F60A 
 4189              		.text
 4190              		.section	.gnu.lto_copy_name.348.f378ce3a581fef05,"e",%progbits
 4191 0000 789C5592 		.ascii	"x\234U\222Mh\023A\024\307\337\233\331M6\246izP\020O"
 4191      4D681341 
 4191      14C7DF9B 
 4191      D94D36A6 
 4191      697A5010 
ARM GAS  /tmp/ccAvL6mB.s 			page 95


 4192 0015 F520D683 		.ascii	"\365 \326\203]\213H{)\024\025\274\010J\245G)\3516\222"
 4192      5D8B487B 
 4192      291415BC 
 4192      084AA547 
 4192      29E93692 
 4193 0029 609BC424 		.ascii	"`\233\304$\036zr\3324-\264\207t\033(\036\212H\014\322"
 4193      1E7A72DA 
 4193      342DB487 
 4193      741B281E 
 4193      8A480CD2 
 4194 003d 53AB8226 		.ascii	"S\253\202&Z?\"\305x\020E{\361 j\021\004\343\241\204"
 4194      5A3F22C5 
 4194      7810457B 
 4194      F1206A11 
 4194      04E3A184 
 4195 0051 225463A5 		.ascii	"\"Tc\245\276\231Mj]vg\336\274\367\233\377\274yo\273"
 4195      BE994D6A 
 4195      5D7667DE 
 4195      BCF79BFF 
 4195      BC796FBB 
 4196 0065 39C01500 		.ascii	"9\300\025\000\270H\037\272\000g\355)\006B\210\0367\303"
 4196      B8481FBA 
 4196      0067ED29 
 4196      0642881E 
 4196      37C3
 4197 0077 ACBD4759 		.ascii	"\254\275GY\234\245\355i\206\317p\265Z\353\322\306\355"
 4197      9CA5ED69 
 4197      86CF70B5 
 4197      5AEBD2C6 
 4197      ED
 4198 0088 E6C54CDA 		.ascii	"\346\305L\332\255\351\230\275\333\342\240\032\216\332"
 4198      ADE998BD 
 4198      DBE2A01A 
 4198      8EDA
 4199 0096 531E02D4 		.ascii	"S\036\002\324\012\341\032\343\272\2064\302\277'\313"
 4199      0AE11AE3 
 4199      BA8634C2 
 4199      BF27CB
 4200 00a5 8F50F467 		.ascii	"\217P\364g:\273x\313-\026J\230\247\340\215\0060\317"
 4200      3ABB78CB 
 4200      2D164A98 
 4200      A7E08D06 
 4200      30CF
 4201 00b7 7196E739 		.ascii	"q\226\3479\242V\267\030\266\222\305{\341pI\210\267\257"
 4201      A256B718 
 4201      B692C57B 
 4201      E1704988 
 4201      B7AF
 4202 00c9 8A427820 		.ascii	"\212Bx \3179\026\220\366\340\003\304\373\010\322\321"
 4202      CF391690 
 4202      F6E003C4 
 4202      FB08D2D1 
 4203 00d9 B7DC26B9 		.ascii	"\267\334&\271\313\016\367\261\316i\370\360\177N\353"
 4203      CB0EF7B1 
 4203      CE69F8F0 
 4203      7F4EEB
 4204 00e8 2BB7A953 		.ascii	"+\267\251SxD\216\207\010\256\026S\023\276;\302\310s"
ARM GAS  /tmp/ccAvL6mB.s 			page 96


 4204      78448E87 
 4204      08AE1653 
 4204      13BE3BC2 
 4204      C873
 4205 00fa 1D97157D 		.ascii	"\035\227\025}\034\217\311\\\372>(\311\330\016\270\224"
 4205      1C8FC95C 
 4205      FA3E28C9 
 4205      D80EB894 
 4206 010a 9A6C9E19 		.ascii	"\232l\236\031%\320\205Ov\313\022\372\256\215J\366\024"
 4206      25D0854F 
 4206      76CB12FA 
 4206      AE8D4AF6 
 4206      14
 4207 011b F131D6EF 		.ascii	"\3611\326\357Bn\3468\226V\365\222\330\332\316\010\261"
 4207      426EE638 
 4207      9656F592 
 4207      D8DACE08 
 4207      B1
 4208 012c 79A032BF 		.ascii	"y\2402\277a\264 \345\341fr\340r\320\000\213\250\003"
 4208      61B420E5 
 4208      E16672E0 
 4208      72D0008B 
 4208      A803
 4209 013e 3E422561 		.ascii	">B%a -=HK\257\0144\001I\370d\324/\243\000\031\016\325"
 4209      202D3D48 
 4209      4BAF0C34 
 4209      0149F864 
 4209      D42FA300 
 4210 0155 DA42178A 		.ascii	"\332B\027\212\022\300\014g\312\036%\373;\212/\237\313"
 4210      12C00C67 
 4210      CA1E25FB 
 4210      3B8A2F9F 
 4210      CB
 4211 0166 A8E6AA4B 		.ascii	"\250\346\252KM?\3444v\323K\373d)]h\200\334\303\251\374"
 4211      4D3FE434 
 4211      76D34BFB 
 4211      64295D68 
 4211      80DCC3A9 
 4212 017b 42939B90 		.ascii	"B\223\233\220\302=R6\307%\312\350\224\034\327\225U$"
 4212      C23D5236 
 4212      C725CAE8 
 4212      941CD795 
 4212      5524
 4213 018d 4B532A9B 		.ascii	"KS*\233e\331Pe\376*3X\307\324\275\211\257\024\365\022"
 4213      65D95065 
 4213      FE2A3358 
 4213      C7D4BD89 
 4213      AF14F512 
 4214 01a1 40852289 		.ascii	"@\205\"\211VE{)4v}\272;\307\233\352\275\343\010\267"
 4214      56457B29 
 4214      34767DBA 
 4214      3BC79BEA 
 4214      BDE308B7 
 4215 01b5 E59FF0AD 		.ascii	"\345\237\360\255)\317\015I?GP\031\371\351N\204)\315"
 4215      29CF0D49 
 4215      3F475019 
 4215      F9E94E84 
ARM GAS  /tmp/ccAvL6mB.s 			page 97


 4215      29CD
 4216 01c7 DF0DCD17 		.ascii	"\337\015\315\027\344\362\321\361\015M\231\213Oj\316"
 4216      E4F2D1F1 
 4216      0D4D998B 
 4216      4F6ACE
 4217 01d6 557C7541 		.ascii	"U|uA\255!\310\250Y\022]Ah\350l\271\244\314\374\304\211"
 4217      AD21C8A8 
 4217      59125D41 
 4217      68E86CB9 
 4217      A4CCFCC4 
 4218 01eb 1CF7D375 		.ascii	"\034\367\323u\234\013o\323\343w\344\344%\375\212\334"
 4218      9C0B6FD3 
 4218      E377E4E4 
 4218      25FD8ADC 
 4219 01fb 2E4BD9D4 		.ascii	".K\331\324\352\344\037r\311<$\253Sj\312\371Z\313qF\250"
 4219      EAE41F72 
 4219      C93C24AB 
 4219      536ACAF9 
 4219      5ACB7146 
 4220 0210 23A09C73 		.ascii	"#\240\234s\223\037y\216s\0053\250\340xe\245\231\326"
 4220      931F798E 
 4220      730533A8 
 4220      E07865A5 
 4220      99D6
 4221 0222 9270ABF6 		.ascii	"\222p\253\366C\015i\227\3014\312\306\253\277)T\015\252"
 4221      430D6997 
 4221      C134CAC6 
 4221      ABBF2954 
 4221      0DAA
 4222 0234 580D2945 		.ascii	"X\015)E\217\362\371\364O\2055\307\347\302\022\262\305"
 4222      8FF2F9F4 
 4222      4F8535C7 
 4222      E7C212B2 
 4222      C5
 4223 0245 C25E3A41 		.ascii	"\302^:A_/\354\247v\352v\372\375K\372\343\2513\332N7"
 4223      5F2FECA7 
 4223      76EA76FA 
 4223      FD4BFAE3 
 4223      A933DA4E 
 4224 025a 37706CCD 		.ascii	"7pl\315>\243\2643\034w\032\016p\320\014E\207\203f8\020"
 4224      3EA3B433 
 4224      1C771A0E 
 4224      70D00C45 
 4224      87836638 
 4225 026f 314F47AD 		.ascii	"1OG\255\253\303\301H2a\236<\337{\266\177 0\024\210X"
 4225      ABC3C148 
 4225      32619E3C 
 4225      DF7BB67F 
 4225      20301488 
 4226 0284 41389A0C 		.ascii	"A8\232\014\205\343\203\375\261@<9b\236\012\205\007\302"
 4226      85E383FD 
 4226      B1403C39 
 4226      629E0A85 
 4226      07C2
 4227 0296 E72E98D1 		.ascii	"\347.\230\321\004\275C\341\0013\021\267L+t)`%\243\361"
 4227      04BD43E1 
 4227      013311B7 
ARM GAS  /tmp/ccAvL6mB.s 			page 98


 4227      4C2B7429 
 4227      6025A3F1 
 4228 02aa 91760B58 		.ascii	"\221v\013X\"\266o\327\272\335\352\350\354\354\350\010"
 4228      22B66FD7 
 4228      BADDEAE8 
 4228      ECECE808 
 4229 02ba 76021B8C 		.ascii	"v\002\033\214\241\205\341\277\022\0265?"
 4229      A185E1BF 
 4229      1216353F 
 4230              		.text
 4231              		.section	.gnu.lto_dyn_list_find.350.f378ce3a581fef05,"e",%progbits
 4232 0000 789C5552 		.ascii	"x\234UROH\024Q\030\177\337\373\336\314\354\237\264."
 4232      4F481451 
 4232      187FDFFB 
 4232      DECCEC9F 
 4232      B42E
 4233 0012 5EC2431D 		.ascii	"^\302C\035\302\012r\222 /\036$;\006\205\021\036ew\335"
 4233      C20A7292 
 4233      202F1E24 
 4233      3B068511 
 4233      1E6577DD 
 4234 0026 D80577D7 		.ascii	"\330\005w\327\326\355\340\311Q\327\2045\332\035\015"
 4234      D6EDE0C9 
 4234      51D78435 
 4234      DA1D0D
 4235 0035 EBE08A0C 		.ascii	"\353\340\212\014Kh\036\302H\324tks\017K\035*\202H\350"
 4235      4B681EC2 
 4235      48D4746B 
 4235      730F4B1D 
 4235      2A8248E8 
 4236 0049 A6875C03 		.ascii	"\246\207\\\003\221\274\204\004\366\275q\326\325af\370"
 4236      91BC8404 
 4236      F6BD71D6 
 4236      D56166F8 
 4237 0059 DEF77EDF 		.ascii	"\336\367~\337\357\367\233\337\233}\316X\2341\226\244"
 4237      EFF79BDF 
 4237      9B7DCE58 
 4237      9C3196A4 
 4238 0069 075C0CC6 		.ascii	"\007\\\014\306\314\024g\206a\264j\034&\314\324\217\354"
 4238      CC146786 
 4238      61B46A1C 
 4238      26CCD48F 
 4238      EC
 4239 007a 6B0179B0 		.ascii	"k\001y\260\033\310\223\246\367Gi\015\305\260Y;\273\224"
 4239      1BC893A6 
 4239      F747690D 
 4239      C5B0593B 
 4239      BB94
 4240 008c 6F11029E 		.ascii	"o\021\002\236\231\251_\331\026{[\201\211\371\312\254"
 4240      99A95FD9 
 4240      167B5B81 
 4240      89F9CAAC 
 4241 009c CA87CC51 		.ascii	"\312\207\314QN\2036l\304\254\265\3074\0308b\007\326"
 4241      4E83366C 
 4241      C4ACB5C7 
 4241      34183862 
 4241      07D6
ARM GAS  /tmp/ccAvL6mB.s 			page 99


 4242 00ae CF5128AA 		.ascii	"\317Q(\252\006\375\\e\325k\034'\021\3060\207\014\204"
 4242      06FD5C65 
 4242      D56B1C27 
 4242      11C63087 
 4242      0C84
 4243 00c0 53019CBB 		.ascii	"S\001\234\273T0\214\277\303\343_6\275\2233\005\221C"
 4243      54308CBF 
 4243      C3E35F36 
 4243      BD933305 
 4243      9143
 4244 00d2 CEA608B0 		.ascii	"\316\246\010\260\000\360\006\344\020\001\261\2355\020"
 4244      00F006E4 
 4244      1001B19D 
 4244      3510
 4245 00e0 E86B79C9 		.ascii	"\350ky\3110\334,\207\010\213p\014C\215\216\275\006\211"
 4245      30DC2C87 
 4245      088B700C 
 4245      438D8EBD 
 4245      0689
 4246 00f2 8B1CE246 		.ascii	"\213\034\342F\207F\2143\304$`\371$Nt\0344\0342>\220"
 4246      87468C33 
 4246      C42460F9 
 4246      244E741C 
 4246      341C323E 
 4247 0107 EF0B04DE 		.ascii	"\357\013\004\336]/\246j3\003.\322\205\0258\241\3341"
 4247      5D2FA66A 
 4247      33032ED2 
 4247      851538A1 
 4247      DC31
 4248 0119 7A5165B0 		.ascii	"zQe\260\012\322\217L\220nZ\275\372\246\024\214\177\007"
 4248      0AD28F4C 
 4248      906E5ABD 
 4248      FAA6148C 
 4248      7F07
 4249 012b 69C338A8 		.ascii	"i\3038\250\177^\234K\203\027\210Y\341\364RQ\302\005"
 4249      7F5E9C4B 
 4249      83178859 
 4249      E1F45251 
 4249      C205
 4250 013d 555C0578 		.ascii	"U\\\005x\013\232\\\272\000\226\300-+\217M\306\322\310"
 4250      0B9A5CBA 
 4250      0096C02D 
 4250      2B8F4DC6 
 4250      D2C8
 4251 014f 5EFEDCB8 		.ascii	"^\376\334\270\016F\201\261\014r\273\036\240z\033\214"
 4251      0E4681B1 
 4251      0C72BB1E 
 4251      A07A1B8C 
 4252 015f 8DF9929B 		.ascii	"\215\371\222\233\202e;0\270:[g\241\346\244$@\332}!\217"
 4252      82653B30 
 4252      B83A5B67 
 4252      A1E6A424 
 4252      40DA7D21 
 4253 0174 6AAB3E87 		.ascii	"j\253>\207\232\205*\274\003v\225\326\266\361\367\220"
 4253      9A852ABC 
 4253      037695D6 
 4253      B6F1F790 
ARM GAS  /tmp/ccAvL6mB.s 			page 100


 4254 0184 B52D6EC3 		.ascii	"\265-n\303\340\364=\022\241I\233n\241$?$\203\370i\355"
 4254      E0F43D12 
 4254      A1499B6E 
 4254      A1243F24 
 4254      83F869ED 
 4255 0198 F7261EA9 		.ascii	"\367&\036\251,\226\270\224x\232\372\316-\004G\203W5"
 4255      2C96B894 
 4255      789AFACE 
 4255      2D044783 
 4255      5735
 4256 01aa 88D36551 		.ascii	"\210\323eQ\312\037\354\226\243\342\2065R!\276\244\003"
 4256      CA1FEC96 
 4256      A3E28635 
 4256      5221BEA4 
 4256      03
 4257 01bb 51A048AB 		.ascii	"Q\240H\253]x4}\315\242\337\007x\016=S\022@\234\026\272"
 4257      5D78347D 
 4257      CDA2DF07 
 4257      780E3D53 
 4257      12409C16 
 4258 01d0 24A71708 		.ascii	"$\247\027\010w\212\225!\271U\364\023\010.\333\377A\006"
 4258      778A9521 
 4258      B955F413 
 4258      082EDBFF 
 4258      4106
 4259 01e2 C55EF6F3 		.ascii	"\305^\366\363\331#?\313%r\277\017\036\322D!\267\225"
 4259      D9233FCB 
 4259      2572BF0F 
 4259      1ED24421 
 4259      B795
 4260 01f4 F55CF663 		.ascii	"\365\\\366c\325o\276\344\251\244RF\013\335\025\2373"
 4260      D56FBEE4 
 4260      A9A45246 
 4260      0BDD159F 
 4260      33
 4261 0205 3555A38E 		.ascii	"5U\243\216\313\032(\221K\356dq\332\316\302mK\252\004"
 4261      CB1A2891 
 4261      4BEE6471 
 4261      DACEC26D 
 4261      4BAA04
 4262 0218 3084C339 		.ascii	"0\204\3039\330\312\354-tbz\014R\200|\226\333\250I\361"
 4262      D8CAEC2D 
 4262      74627A0C 
 4262      52807C96 
 4262      DBA849F1 
 4263 022c 4A9BFB40 		.ascii	"J\233\373@\225\306\237\254\314H\022eg\245\236h\264\271"
 4263      95C69FAC 
 4263      CC481265 
 4263      67A59E68 
 4263      B4B9
 4264 023e CA79FD91 		.ascii	"\312y\375\221,\2264LHa\241G02\242N\345\267\\\222,\215"
 4264      2C96344C 
 4264      4861A147 
 4264      3032A24E 
 4264      E5B75C92 
 4265 0254 30573966 		.ascii	"0W9f\306\316\353\241X$\250\207}Q\375f,\3600\022\214"
 4265      C6CEEBA1 
ARM GAS  /tmp/ccAvL6mB.s 			page 101


 4265      5824A887 
 4265      7D51FD66 
 4265      2CF03012 
 4266 0269 267AF51B 		.ascii	"&z\365\033w\332ou\372}\335\276h \310\256$B\341xWg\217"
 4266      77DA6F75 
 4266      FA7DDDBE 
 4266      6820C8AE 
 4266      2442E178 
 4267 0280 2F9EE8D3 		.ascii	"/\236\350\323\333Ba\177\370\366]=\326Kww\330\257\367"
 4267      DB42617F 
 4267      F8F65D3D 
 4267      D64B7777 
 4267      D8AFF7
 4268 0293 C6037A20 		.ascii	"\306\003z t\337\027H\304\342}\215\001&\242\276H\260"
 4268      74DF1748 
 4268      C4E27D8D 
 4268      0126A2BE 
 4268      48B0
 4269 02a5 EE58A731 		.ascii	"\356X\2471\320\324\334\334\324\024lf\330\325\335\003"
 4269      D0D4DCDC 
 4269      D4146C66 
 4269      D8D5DD03 
 4270 02b5 3DFF01BA 		.ascii	"=\377\001\272w+\333"
 4270      772BDB
 4271              		.text
 4272              		.section	.gnu.lto_dyn_create_object_heap.352.f378ce3a581fef05,"e",%progbits
 4273 0000 789C4D91 		.ascii	"x\234M\221Mh\023A\024\307\347\315\233\315W!x\361\342"
 4273      4D681341 
 4273      14C7E7CD 
 4273      9BCD5721 
 4273      78F1E2
 4274 0013 C52868E8 		.ascii	"\305(h\350\301.\301C\256U{\024\224z\310\261l6\253Y\310"
 4274      C12EC143 
 4274      AE557B14 
 4274      947AC8B1 
 4274      6C36AB59 
 4275 0028 9749142A 		.ascii	"\227I\024*B&5Q\250B\223\324C\265!H\210\340M\301\252"
 4275      42263551 
 4275      A84293D4 
 4275      43B52148 
 4275      88E04DC1 
 4276 003d 89C69A52 		.ascii	"\211\306\232R\364\320\223\024z\026\012\005\353A\202"
 4276      F4D09314 
 4276      7A160A05 
 4276      EB4182
 4277 004c 78D022EA 		.ascii	"x\320\"\352\233]1\201\331\2317\377\371\355{\37773\303"
 4277      9B5D3181 
 4277      D99937FF 
 4277      F9ED7BFF 
 4277      3733C3
 4278 005f 192B31C6 		.ascii	"\031+1\306\316\320\007\032\203F}\2213)\345\264\227\363"
 4278      CED0071A 
 4278      83467D91 
 4278      3329E5B4 
 4278      97F3
 4279 0071 4AFD2E87 		.ascii	"J\375.\207\015h\364~\036\025\267\352\301\257\037n\207"
 4279      0D68F47E 
ARM GAS  /tmp/ccAvL6mB.s 			page 102


 4279      1E15B7EA 
 4279      C1AF1F6E 
 4279      87
 4280 0082 04C27D9F 		.ascii	"\004\302}\237{.\240\\\0178\021\260\022G\001%X\306&B"
 4280      7B2EA05C 
 4280      0F3811B0 
 4280      12470125 
 4280      58C62642 
 4281 0096 033BC840 		.ascii	"\003;\310@\374\213\000B\223\003)\177T\227W\366&\232"
 4281      FC8B0042 
 4281      9303297F 
 4281      549757F6 
 4281      269A
 4282 00a8 4F06A283 		.ascii	"O\006\242\203\234\265\010x\001\260\006T\224\021\210"
 4282      9CB50878 
 4282      01B00654 
 4282      941188
 4283 00b7 B32C4CD0 		.ascii	"\263,L\320\307\203\256\224~\326A\204W0b\240\013$\305"
 4283      C783AE94 
 4283      7ED64184 
 4283      573062A0 
 4283      0B24C5
 4284 00ca 3E9F5464 		.ascii	">\237Td\332!\237=\250\336\221\207(\227\200\3368\371"
 4284      DA219F3D 
 4284      A8DE9187 
 4284      289780DE 
 4284      38F9
 4285 00dc 9A4811FB 		.ascii	"\232H\021\373\356\220W\035r\370\360\361j\260F\262\006"
 4285      EE90571D 
 4285      72F8F0F1 
 4285      6AB046B2 
 4285      06
 4286 00ed 6FC6C9BE 		.ascii	"o\306\311\276\222b2\254\310\353.\271\272\347\222\036"
 4286      926232AC 
 4286      C8EB2EB9 
 4286      BAE7921E 
 4287 00fd 783B4EAE 		.ascii	"x;N\256+)v/\354:\275\251\346\023\012o\276_\014\326\312"
 4287      2B29762F 
 4287      EC3ABDA9 
 4287      E6130A6F 
 4287      BE5F0CD6 
 4288 0112 3EEA07DE 		.ascii	">\352\007\336\215\363\003\352*\266\022\3668\221\322"
 4288      8DF303EA 
 4288      2AB612F6 
 4288      3891D2
 4289 0121 37485083 		.ascii	"7HP\203\366O\267\265\201\374\365gI\312O\223\277\373"
 4289      F64FB7B5 
 4289      81FCF567 
 4289      49CA4F93 
 4289      BFFB
 4290 0133 CFFD1340 		.ascii	"\317\375\023@\335r\272\244.\010 \367\232\372\311\003"
 4290      DD72BAA4 
 4290      2E0820F7 
 4290      9AFAC903 
 4291 0143 E4CE0B54 		.ascii	"\344\316\013T\330\247N\031[Bu\343R\200\0340VC\356n\312"
 4291      D8A74E19 
 4291      5B4275E3 
ARM GAS  /tmp/ccAvL6mB.s 			page 103


 4291      52801C30 
 4291      5643EE6E 
 4292 0158 B4F90272 		.ascii	"\264\371\002r\267\267\345W%T\330\017\250\345\370\377"
 4292      B7B7E557 
 4292      2554D80F 
 4292      A8E5F8FF 
 4293 0168 69773BC0 		.ascii	"iw;\300\206P}t\272\215Z\005x\007\275-$'m\3046\322\345"
 4293      86507D74 
 4293      BA8D5A05 
 4293      7807BD2D 
 4293      24276DC4 
 4294 017f F9885908 		.ascii	"\371\210Y\010QE:v\360\235-`\373P\331\337<B\212z=\356"
 4294      51453A76 
 4294      F09D2D60 
 4294      FB50D9DF 
 4294      3C428A7A 
 4295 0195 BC902A8A 		.ascii	"\274\220*\212\303\227k\222;E\207\340m\243\317\311\347"
 4295      C3976B92 
 4295      3B4587E0 
 4295      6DA3CFC9 
 4295      E7
 4296 01a6 6F297F6E 		.ascii	"o)\177n\2766z\332\350\355`\300\341\305\310\3447X\230"
 4296      BE367ADA 
 4296      E8ED60C0 
 4296      E1C5C8E4 
 4296      375898
 4297 01b9 2646A53A 		.ascii	"&F\245:\000\200M\340\353;C\037y\246,(T{0j\217\261cz"
 4297      00804DE0 
 4297      EB3B431F 
 4297      79A62C28 
 4297      547B306A 
 4298 01d1 329BB674 		.ascii	"2\233\266t\333\310\3503Y\363Z\332\312\024\013\372\331"
 4298      DBC8E833 
 4298      59F35ADA 
 4298      CA140BFA 
 4298      D9
 4299 01e2 8BB3E7E7 		.ascii	"\213\263\347\347\342F\312\310\230\026;UL\332\371\304"
 4299      E246CAC8 
 4299      98163B55 
 4299      4CDAF9C4 
 4300 01f2 5CCEC817 		.ascii	"\\\316\310\027\347\365sI;n_\270\244g\0134Rv\\/\344M"
 4300      E7F57349 
 4300      3B6E5FB8 
 4300      A4670B34 
 4300      52765C2F 
 4301 0208 DD4C5E36 		.ascii	"\335L^6\314b6??e2\2211\322\326\3411e\312\214D\243\221"
 4301      CC62363F 
 4301      3F653291 
 4301      31D2D6E1 
 4301      3165CA8C 
 4302 021f 88156598 		.ascii	"\210\025e\230H\345D\301\276aiF\312\276\222\301\204\225"
 4302      48E544C1 
 4302      BE616946 
 4302      CABE92C1 
 4302      8495
 4303 0231 FB0B77D7 		.ascii	"\373\013w\327\341u"
 4303      E175
ARM GAS  /tmp/ccAvL6mB.s 			page 104


 4304              		.text
 4305              		.section	.gnu.lto_dyn_release_object_heap.353.f378ce3a581fef05,"e",%progbits
 4306 0000 789C7552 		.ascii	"x\234uRKHTQ\030\376\277{\356\274\022l\325\246\225\005"
 4306      4B485451 
 4306      18FEBF7B 
 4306      EEBC126C 
 4306      D5A69505 
 4307 0014 292EF4E6 		.ascii	").\364\346&\267R\321*(\014\334\312x\2751\003\2433\214"
 4307      26B752D1 
 4307      2A280CDC 
 4307      CA78BD31 
 4307      03A3338C 
 4308 0028 6320041E 		.ascii	"c \004\036G+\230\026\316h\2532\0272\206\265\011\002"
 4308      472B9816 
 4308      CE68AB32 
 4308      173286B5 
 4308      0902
 4309 003a 27331F37 		.ascii	"'3\0377'3raDFP\2130\002\013\235\244UD`\3779\327\221"
 4309      27337261 
 4309      4446508B 
 4309      30020B9D 
 4309      A4554460 
 4310 0052 C1EA70CF 		.ascii	"\301\352p\317\343\177|\337\377\270\177\275 \272JD\347"
 4310      E37F7CDF 
 4310      FFB87FBD 
 4310      20BA4A44 
 4310      E7
 4311 0063 78C34718 		.ascii	"x\303G\030\311e\014\222R\266\004\014c0w\323\300S\260"
 4311      C9650C92 
 4311      52B6040C 
 4311      633077D3 
 4311      C053B0
 4312 0076 54630EE5 		.ascii	"Tc\016\345\252\365-p+\350\331M\014\3442!\317\336\022"
 4312      AAF52D70 
 4312      2BE8D94D 
 4312      0CE43221 
 4312      CFDE12
 4313 0089 00F51BC2 		.ascii	"\000\365\033\302D\277\321?*\352Y\363\363\332\350\332"
 4313      44BFD13F 
 4313      2AEA59F3 
 4313      F3DAE8DA 
 4314 0099 64404EB9 		.ascii	"d@N\271\310s\204q\336z\215\011\214\210\274\000\314\275"
 4314      C8738471 
 4314      DE7A8D09 
 4314      8C88BC00 
 4314      CCBD
 4315 00ab 97811A7E 		.ascii	"\227\201\032~\211V\252s\245|\2755#e\210\362B\3401\030"
 4315      8956AA73 
 4315      A57CBD35 
 4315      236588F2 
 4315      42E03118 
 4316 00bf 8302300D 		.ascii	"\203\0020\015\302\014\223\210\266B\255\362\214i\317"
 4316      C20C9388 
 4316      B642ADF2 
 4316      8C69CF
 4317 00ce 9DF793B7 		.ascii	"\235\367\223\267\253\263\2546\361\244\322sV\251\332"
 4317      ABB3AC36 
ARM GAS  /tmp/ccAvL6mB.s 			page 105


 4317      F1A4D273 
 4317      56A9DA
 4318 00dd 966A89FC 		.ascii	"\226j\211\374:*\247GP\260\204\012}B!K\305Luv \250\202"
 4318      3A2AA747 
 4318      50B0840A 
 4318      7D42214B 
 4318      C54C7576 
 4319 00f4 CC311465 		.ascii	"\3141\024e\350<\210\332\336\325\261\233_\013\312\264"
 4319      E83C88DA 
 4319      DED5B19B 
 4319      5F0BCAB4 
 4320 0104 000513BD 		.ascii	"\000\005\023\275\352\324a\267\212wtX\201\305J\254\253"
 4320      EAD461B7 
 4320      8A777458 
 4320      81C54AAC 
 4320      AB
 4321 0115 135CA82B 		.ascii	"\023\\\250+\307X\233\274Q\216\261X\231\236\013\257\007"
 4321      C7589BBC 
 4321      518EB158 
 4321      999E0BAF 
 4321      07
 4322 0126 9A6BFB73 		.ascii	"\232k\373se\011\373\\K\272\204W\177s\035(ui\217\313"
 4322      6509FB5C 
 4322      4BBA8457 
 4322      7F731D28 
 4322      75698FCB 
 4323 013a AFBAFDFD 		.ascii	"\257\272\375\375\221@\021x\006U1\223\375\257Z\252\254"
 4323      91401178 
 4323      06553193 
 4323      FDAF5AAA 
 4323      AC
 4324 014b 967B8465 		.ascii	"\226{\204e~?\327\205\262\002,>|\343s\345\357\335a)W"
 4324      7E3FD785 
 4324      B2022C3E 
 4324      7CE373E5 
 4324      EFDD6129 
 4325 0160 1A4A1F67 		.ascii	"\032J\037gC\207\000\356*\2477\303\343\221\027>\277:"
 4325      438700EE 
 4325      2AA737C3 
 4325      E391173E 
 4325      BF3A
 4326 0172 821A48C3 		.ascii	"\202\032H\303\202\336\026\226\267\011\322%\312\012\303"
 4326      82DE1696 
 4326      B709D225 
 4326      CA0AC3
 4327 0181 130659F8 		.ascii	"\023\006Y\370\006\2711\275\012u\037\337?6\012U\007\024"
 4327      06B931BD 
 4327      0A751FDF 
 4327      3F360A55 
 4327      0714
 4328 0193 B3555442 		.ascii	"\263UTBz\356\276\230\020\276\275\201\360r\277\247\246"
 4328      7AEEBE98 
 4328      10BEBD81 
 4328      F072BFA7 
 4328      A6
 4329 01a4 8AB3F64F 		.ascii	"\212\263\366O\260b\005t\322\023\003x\211\273z\226J\030"
 4329      B0620574 
ARM GAS  /tmp/ccAvL6mB.s 			page 106


 4329      D2130378 
 4329      89BB7A96 
 4329      4A18
 4330 01b6 1CBBFE05 		.ascii	"\034\273\376\005\023\312\303\247p\001\354\362:\254\370"
 4330      13CAC3A7 
 4330      7001ECF2 
 4330      3AACF8
 4331 01c5 76322853 		.ascii	"v2(SL\211\177p\254z\034\214\325I\314s\236_1\264Y<\312"
 4331      4C897F70 
 4331      AC7A1C8C 
 4331      D549CC73 
 4331      9E5F31B4 
 4332 01dc 1A8FCA1B 		.ascii	"\032\217\312\033\326\254\020\017>l\234\322\005\355p"
 4332      D6AC100F 
 4332      3E6C9CD2 
 4332      05ED70
 4333 01eb F54330F2 		.ascii	"\365C0\362\"8.\014\205\345\224\371G\205\210~!\310O\243"
 4333      22382E0C 
 4333      85E594F9 
 4333      4785887E 
 4333      21C84FA3 
 4334 01ff 343F15C2 		.ascii	"4?\025\302\0130\310\\\337o\303\017\244?\255\257\006"
 4334      0B30C85C 
 4334      DF6FC30F 
 4334      A43FADAF 
 4334      06
 4335 0210 D514AA35 		.ascii	"\325\024\2525,\340\331\322\256\022\217Y\221x\227cE\303"
 4335      2CE0D9D2 
 4335      AE128F59 
 4335      91789763 
 4335      45C3
 4336 0222 DDD6D9B8 		.ascii	"\335\326\331\270\335\333\345t\247z\254\323\027[\317"
 4336      DDDBE574 
 4336      A77AACD3 
 4336      175BCF
 4337 0231 B7778463 		.ascii	"\267w\204c\341n\333\241\206T$\232\354lO\204\223\251"
 4337      E16EDBA1 
 4337      8654249A 
 4337      EC6C4F84 
 4337      93A9
 4338 0243 3EEB4C24 		.ascii	">\353L$\332\021\275p\311\212\367\360\027\213vX=I\333"
 4338      DA11BD70 
 4338      C98AF7F0 
 4338      178B7658 
 4338      3D49DB
 4339 0256 B22397C3 		.ascii	"\262#\227\303v*\236\354k\264It:\211#\025\212F\273\251"
 4339      762A9EEC 
 4339      6BB44974 
 4339      3A892315 
 4339      8A46BBA9 
 4340 026a B9B9A9C9 		.ascii	"\271\271\251\311ifK,a&\222\316\225\200\023sT\234?\331"
 4340      69664B2C 
 4340      612692CE 
 4340      95801373 
 4340      549C3FD9 
 4341 027e 302E1B   		.ascii	"0.\033"
 4342              		.text
ARM GAS  /tmp/ccAvL6mB.s 			page 107


 4343              		.section	.gnu.lto_dyn_create_object_pool.354.f378ce3a581fef05,"e",%progbits
 4344 0000 789C4D91 		.ascii	"x\234M\221Mh\023Q\020\307g\336\274|5\020\012\342\305"
 4344      4D681351 
 4344      10C767DE 
 4344      BC7C3510 
 4344      0AE2C5
 4345 0013 8B5108E2 		.ascii	"\213Q\010\342\301.\241\207\\\353\307QP\352!\307\262"
 4345      C12EA187 
 4345      5CEBC751 
 4345      50EA21C7 
 4345      B2
 4346 0024 D9AC2490 		.ascii	"\331\254$\220/\223\210\364\324\227\232(V\260I\352\261"
 4346      2F9388F4 
 4346      D4979A28 
 4346      56B049EA 
 4346      B1
 4347 0035 46592208 		.ascii	"FY\"\010\036\364P5\365\253\221\242\036z\021\317\236"
 4347      1EF45035 
 4347      F5AB91A2 
 4347      1E7A11CF 
 4347      9E
 4348 0046 0A82F550 		.ascii	"\012\202\365P\343\007\245-\2058o#&\360\366\355\274\377"
 4348      E307A52D 
 4348      85386F23 
 4348      26F0F6ED 
 4348      BCFF
 4349 0058 FC76E63F 		.ascii	"\374v\346?o\017\011\200k\000p\232\037\364\0006\033\013"
 4349      6F0F0980 
 4349      6B00709A 
 4349      1FF40036 
 4349      1B0B
 4350 006a 02945253 		.ascii	"\002\224RS>!\252\215\333\002\327\260\271\272wT^o\204"
 4350      3E21AA8D 
 4350      DB02D7B0 
 4350      B9BA7754 
 4350      5E6F84
 4351 007d B63FDC08 		.ascii	"\266?\334\010K\302\273\376A^b\2451\346F\010s\202$\316"
 4351      4BC2BBFE 
 4351      415E62A5 
 4351      31E64608 
 4351      738224CE 
 4352 0091 E1122D13 		.ascii	"\341\022-\0236\251M\200\362_\204\030>\331Uj\267\266"
 4352      36A94D80 
 4352      F25F8418 
 4352      3ED9556A 
 4352      B7B6
 4353 00a3 B4FD35B8 		.ascii	"\264\3755\270\374\250+\333$\240\305\3003\304\025\344"
 4353      FCA82BDB 
 4353      24A0C5C0 
 4353      33C415E4 
 4354 00b3 A6C0204D 		.ascii	"\246\300 M\303\011\206>\355w\224\012@\233\010_\340\220"
 4354      C309863E 
 4354      ED77940A 
 4354      409B085F 
 4354      E090
 4355 00c5 C10EB214 		.ascii	"\301\016\262\024\377\022\321d\326%\237\376\250\335T"
 4355      FF12D164 
ARM GAS  /tmp/ccAvL6mB.s 			page 108


 4355      D6259FFE 
 4355      A8DD54
 4356 00d4 E35C4BE2 		.ascii	"\343\\K\342\352(\371\222I\031\377\346\222W\\\262\267"
 4356      EA28F992 
 4356      4919FFE6 
 4356      92575CB2 
 4356      B7
 4357 00e5 FBF07EA8 		.ascii	"\373\360~\250\316\262\007_\215\222\257\265\024\377\023"
 4357      CEB2075F 
 4357      8D92AFB5 
 4357      14FF13
 4358 00f4 19F42FEB 		.ascii	"\031\364/\353=\242\361\275\367\013\241z\305\317.\361"
 4358      3DA2F1BD 
 4358      F70BA17A 
 4358      C5CF2EF1 
 4359 0104 CD28FF96 		.ascii	"\315(\377\226\275\306\373\021\257\033i}\215\005\275"
 4359      BDC6FB11 
 4359      AF1B697D 
 4359      8D05BD
 4360 0113 F8FCE4B3 		.ascii	"\370\374\344\263\247\253\016\372\213J}4n\255?\276\207"
 4360      A7AB0EFA 
 4360      8B4A7D34 
 4360      6EAD3FBE 
 4360      87
 4361 0124 63C84308 		.ascii	"c\310C\010\236\275\203\022\331\224G\177\345En\352\323"
 4361      9EBD8312 
 4361      D994477F 
 4361      E5456EEA 
 4361      D3
 4362 0135 098045D2 		.ascii	"\011\200E\322w\250$\252.@\235\304\340P\341\303wT\233"
 4362      77A824AA 
 4362      2E409DC4 
 4362      E050E1C3 
 4362      77549B
 4363 0148 BF3702BA 		.ascii	"\2777\002\272\274\016w\202\372u\374\377\266y\020\204"
 4363      BC0E7782 
 4363      FA75FCFF 
 4363      B6791084 
 4364 0158 1ED61E4C 		.ascii	"\036\326\036L:\344\251\242h\223\267E\354\302!r\210\257"
 4364      3AE4A9A2 
 4364      6893B745 
 4364      ECC22172 
 4364      88AF
 4365 016a C3C7CC7C 		.ascii	"\303\307\314|\230\233q\332\305\373\033\010[X\335Z?\302"
 4365      989B71DA 
 4365      C5FB1B08 
 4365      5B58DD5A 
 4365      3FC2
 4366 017c 8AFE1FC2 		.ascii	"\212\376\037\302\275s\335\224z\317W\224p\233\366\320"
 4366      BD73DD94 
 4366      7ACF5794 
 4366      709BF6D0 
 4367 018c EB90CFAD 		.ascii	"\353\220\317\255\347oi\177\203z\016y\333\024pa9t\370"
 4367      E76F697F 
 4367      837A0E79 
 4367      DB147061 
 4367      3974F8
ARM GAS  /tmp/ccAvL6mB.s 			page 109


 4368 019f 0BE7A718 		.ascii	"\013\347\247\030\320u\366\021\361\035\212;?{~6\314%"
 4368      D075F611 
 4368      F11D8A3B 
 4368      3F7B7E36 
 4368      CC25
 4369 01b1 48EAD970 		.ascii	"H\352\331p8\033\3001#\225\317\332F\332\314\031\347\362"
 4369      381BC031 
 4369      2395CFDA 
 4369      46DACC19 
 4369      E7F2
 4370 01c3 D6D5AC9D 		.ascii	"\326\325\254\235+\227\2143\027\247\317\317$\314\214"
 4370      2B978C33 
 4370      17A7CFCF 
 4370      24CC8C
 4371 01d2 99B36C38 		.ascii	"\231\263l8UN\245\213\311\231\202Y,\317\032gS\351D\372"
 4371      554EA58B 
 4371      C9998259 
 4371      2CCF1A67 
 4371      53E944FA 
 4372 01e6 C225235F 		.ascii	"\302%#_\342\225I'\214R\3212\254\324e\323*\347\213\263"
 4372      E2954927 
 4372      8C52D132 
 4372      ACD465D3 
 4372      2AE78BB3 
 4373 01fa 1316C89C 		.ascii	"\023\026\310\234\231\265\017\217(\023V4\026\213F\355"
 4373      99B50F8F 
 4373      28135634 
 4373      168B46ED 
 4374 020a 18503253 		.ascii	"\030P2S\020\331\002%\355\302_s\021\323\003"
 4374      10D90225 
 4374      EDC25F73 
 4374      11D303
 4375              		.text
 4376              		.section	.gnu.lto_dyn_release_object_pool.355.f378ce3a581fef05,"e",%progbits
 4377 0000 789C7552 		.ascii	"x\234uRMh\023Q\020\236\331\331d\263\012\361\344\305"
 4377      4D681351 
 4377      109ED9D9 
 4377      64B30AF1 
 4377      E4C5
 4378 0012 531542F1 		.ascii	"S\025B\361`\327^,x**\236\004\245B.\036J\272]I mB\022"
 4378      60D75E2C 
 4378      782A2A9E 
 4378      04A5422E 
 4378      1E4ABA5D 
 4379 002b C59EB26D 		.ascii	"\305\236\262m\243\205xh\322z\322\330C\011\266J\325\203"
 4379      A3857868 
 4379      D27AD2D8 
 4379      4309B64A 
 4379      D583
 4380 003d 58ABB635 		.ascii	"X\253\2665mZ\177\012\376 \352\245 R\021T\332\020{\320"
 4380      6D5A7F0A 
 4380      FE20EAA5 
 4380      20521154 
 4380      DA107BD0 
 4381 0051 2A429DF7 		.ascii	"*B\235\367\266)K\325\307\356\3337\363\346\373f\276\331"
 4381      B6294BD5 
 4381      C7EEDB37 
ARM GAS  /tmp/ccAvL6mB.s 			page 110


 4381      F3E6FB66 
 4381      BED9
 4382 0063 39450069 		.ascii	"9E\000i\0008\312/z\000\007\362Y\005l\333n\326\024\245"
 4382      0038CA2F 
 4382      7A0007F2 
 4382      59056CDB 
 4382      6ED614A5 
 4383 0077 377F51C1 		.ascii	"7\177Q\301)d\253N\315\344\375\362Kx\311\347\334\253"
 4383      2964AB4E 
 4383      CDE4FDF2 
 4383      4B78C9E7 
 4383      DCAB
 4384 0089 D89DCFEA 		.ascii	"\330\235\317\352\316}\263\206\220VH\305\264\222\036"
 4384      CE7DB386 
 4384      905648C5 
 4384      B4921E
 4385 0098 A4BDEC59 		.ascii	"\244\275\354Y;?86\242\331\243%,r\206!~\345*\020\016"
 4385      3B3F3836 
 4385      A2D9A325 
 4385      2C728621 
 4385      7EE52A10 
 4386 00ad 509110D5 		.ascii	"P\221\020\325\215\223\202u|\242\026\250/\331\366\253"
 4386      8D938275 
 4386      7CA216A8 
 4386      2FD9F6AB 
 4387 00bd E509DBD6 		.ascii	"\345\011\333\326\241H\204\367\22018\216x\027\001'\230"
 4387      A14884F7 
 4387      9031388E 
 4387      78170127 
 4387      98
 4388 00ce 84829980 		.ascii	"\204\202\231\200\210\214\312\310\352\315\221\313\376"
 4388      888CCAC8 
 4388      EACD91CB 
 4388      FE
 4389 00db 1CBB55BC 		.ascii	"\034\273U\274\357\216| \\\301\234\214\214;\221\267\372"
 4389      EF8E7C20 
 4389      5CC19C8C 
 4389      8C3B91B7 
 4389      FA
 4390 00ec AEC8480F 		.ascii	"\256\310H\017>tGN\012W\260\020\000\360\312\372X\010"
 4390      3E74474E 
 4390      0A57B010 
 4390      00F0CAFA 
 4390      5808
 4391 00fe A0802545 		.ascii	"\240\200%E\221\001\201\254\224\263\376\\\267O\2243\315"
 4391      910181AC 
 4391      94B3FE5C 
 4391      B74F9433 
 4391      CD
 4392 010f 50AC411F 		.ascii	"P\254A\037!@\360]=\207y\245!\256J(`tN\3542\355r\331"
 4392      2140F05D 
 4392      3D8779A5 
 4392      21AE4A28 
 4392      60744EEC 
 4393 0127 494B38E3 		.ascii	"IK8\343\306\316J)\323\365\265\034c#}\265\0343\356\362"
 4393      C6CE4A29 
 4393      D3F5B51C 
ARM GAS  /tmp/ccAvL6mB.s 			page 111


 4393      63237DB5 
 4393      1C33EEF2 
 4394 013b 66D1E996 		.ascii	"f\321\351\226\344Z\371\350\026\273\3115'\305.\374\315"
 4394      E45AF9E8 
 4394      16BBC935 
 4394      27C52EFC 
 4394      CD
 4395 014c B5A52973 		.ascii	"\265\245)s\033\\^\361_\336\337!\234G,\243P\314d\377"
 4395      1B5C5EF1 
 4395      5FDEDF21 
 4395      9C472CA3 
 4395      50CC64FF 
 4396 0160 530B6EB5 		.ascii	"S\013n\265\334#|\302\347\307R(;\220\315\333\257=%\373"
 4396      DC237CC2 
 4396      E7C75228 
 4396      3B90CDDB 
 4396      AF3D25FB 
 4397 0174 F77ABF6D 		.ascii	"\367z\277m\3778\270VX\325\267#r\377\271\274\011\036"
 4397      FF38B856 
 4397      58D5B723 
 4397      72FFB9BC 
 4397      091E
 4398 0186 A42279BD 		.ascii	"\244\"y\275b\323\220;\255K4\364\023\274\031\237_\001"
 4398      62D3903B 
 4398      AD4B34F4 
 4398      13BC199F 
 4398      5F01
 4399 0198 B44B0039 		.ascii	"\264K\0009R\034\243\227\215\257h/}{\201\342\273gs[Z"
 4399      521CA397 
 4399      8DAF682F 
 4399      7D7B81E2 
 4399      BB67735B 
 4400 01ad F56F717C 		.ascii	"\365oq|\367C\005{&\257\3230y6\346\307\021pM\014!\227"
 4400      F743057B 
 4400      26AFD330 
 4400      7936E6C7 
 4400      11704D0C 
 4401 01c3 AE0DB3E3 		.ascii	"\256\015\263\343\031\302~\307\364\341\002^\225\243W"
 4401      19C27EC7 
 4401      F4E1025E 
 4401      95A357
 4402 01d2 C1DEC285 		.ascii	"\301\336\302\205O8L^\206\012\234\017\327y\355\020|\325"
 4402      4F384C5E 
 4402      860A9C0F 
 4402      D779ED10 
 4402      7CD5
 4403 01e4 2CD62846 		.ascii	",\326(F\351\037\034\317\035\016\306\312\"~r\235_0\363"
 4403      E91F1CCF 
 4403      1D0EC6CA 
 4403      227E729D 
 4403      5F30F3
 4404 01f7 B9BC8B3D 		.ascii	"\271\274\213=\016\2253\3339\242\033\213K\007\244\240"
 4404      0E9533DB 
 4404      39A21B8B 
 4404      4B07A4A0 
 4405 0207 2A8F4606 		.ascii	"*\217F\006\225\"\351C\244\010,\227\314\331\265\"m\003"
 4405      9522E943 
ARM GAS  /tmp/ccAvL6mB.s 			page 112


 4405      A4082C97 
 4405      CCD9B522 
 4405      6D03
 4406 0219 F8853A5B 		.ascii	"\370\205:[JejT\307\247\3108\365\355f'V\261\347C\376"
 4406      4A656A54 
 4406      C7A7C838 
 4406      F5ED6627 
 4406      56B1E743 
 4407 022e A54F4CA3 		.ascii	"\245OL\243X\375\204\316]OI\230\273\215p\254\3032\"\241"
 4407      58FD84CE 
 4407      5D4F4998 
 4407      BB8D70AC 
 4407      C33222A1 
 4408 0242 4EE348CC 		.ascii	"N\343H\314<\323au\246\222\306\241\023-\307Z\333B\321"
 4408      3CD36175 
 4408      A692C6A1 
 4408      132DC75A 
 4408      DB42D1
 4409 0255 50A769C1 		.ascii	"P\247i\301\276T8\222ho\215\207\022\251.\343p8\322\026"
 4409      BE543892 
 4409      686F8D87 
 4409      12A92EE3 
 4409      7038D216 
 4410 0269 397ED288 		.ascii	"9~\322\210%\371\211F\332\214d\3024\314\360\351\220\231"
 4410      25F98946 
 4410      DA8C64C2 
 4410      34CCF0E9 
 4410      9099
 4411 027b 8A25BA1A 		.ascii	"\212%\272\032L\240v+\276\323\345h0\033\233\232\032\033"
 4411      4CA0762B 
 4411      BED3E568 
 4411      301B9B9A 
 4411      1A1B
 4412 028d AD26BE89 		.ascii	"\255&\276\211\306\225\216\270\032OXg5+j\211T\177\000"
 4412      C6958EB8 
 4412      1A4F5867 
 4412      352B6A89 
 4412      547F00
 4413 02a0 BD8D3D3B 		.ascii	"\275\215=;"
 4414              		.text
 4415              		.section	.gnu.lto_dyn_find_object.356.f378ce3a581fef05,"e",%progbits
 4416 0000 789C6D51 		.ascii	"x\234mQKkSQ\020\2369s\2224XZA\334\270\252\022)\202\366"
 4416      4B6B5351 
 4416      109E3973 
 4416      9234585A 
 4416      41DCB8AA 
 4417 0018 1A44B271 		.ascii	"\032D\262q!\352J\004\245.\262,\311\315\225\004\3622"
 4417      21EA4A04 
 4417      A52EB22C 
 4417      C9CD9504 
 4417      F232
 4418 002a 898BAE7A 		.ascii	"\211\213\256z\362\250BD\332\264nRb-1H]\025l\213\255"
 4418      F2A84244 
 4418      DAB46E52 
 4418      622D3148 
 4418      5D156C8B 
 4419 003f 6D69208B 		.ascii	"mi \213.,T\375\003B\026\221*\224P\020\\\010u\316\215"
ARM GAS  /tmp/ccAvL6mB.s 			page 113


 4419      2E2C54FD 
 4419      03421691 
 4419      2A945010 
 4419      5C0875CE 
 4420 0054 C60684F3 		.ascii	"\306\006\204\363\232\341{\314\314\031\026\000\031\000"
 4420      9AE17BCC 
 4420      CC191600 
 4420      1900
 4421 0062 B8CD1B1D 		.ascii	"\270\315\033\035\2003\245\242\000\245\324u\227\020\371"
 4421      8033A5A2 
 4421      00A5D475 
 4421      9710F9
 4422 0071 D253815B 		.ascii	"\322S\201[8\267\334\272(\013\245\201\326n\371\224$|"
 4422      38B7DCBA 
 4422      280BA581 
 4422      D66EF994 
 4422      247C
 4423 0083 DE4548CC 		.ascii	"\336EH\314\226\212G[+\222Av\002aB\220\304\011\234\245"
 4423      968A475B 
 4423      2B924176 
 4423      02614290 
 4423      C4099CA5 
 4424 0097 0AE10CD5 		.ascii	"\012\341\014\325\010P\376y!\016]\250+\365sr\366\303"
 4424      0850FE79 
 4424      210E5DA8 
 4424      2BF57372 
 4424      F6C3
 4425 00a9 D71395C5 		.ascii	"\327\023\225\305\272\254\221\200y\006\254\"\256 \273"
 4425      BAAC9180 
 4425      7906AC22 
 4425      AE20BB
 4426 00b8 03036914 		.ascii	"\003\003i\024\206\031\364\361\373\232Rn\250\021\341"
 4426      8619F4F1 
 4426      FB9A526E 
 4426      A811E1
 4427 00c7 3B3C86E1 		.ascii	";<\206\341\204\177\311\243q\261\016\356Y\376\211:\311"
 4427      847FC9A3 
 4427      71B10EEE 
 4427      59FE893A 
 4427      C9
 4428 00d8 4A12D77B 		.ascii	"J\022\327{q\322\277\341\351(>\324\347y\006\267ww\212"
 4428      71D2BFE1 
 4428      E9283ED4 
 4428      E77906B7 
 4428      77778A
 4429 00eb 03D3D93E 		.ascii	"\003\323\331>\366\305\015\354q\366\357x\234\200\233"
 4429      F6C50DEC 
 4429      71F6EF78 
 4429      9C809B
 4430 00fa A8EBD173 		.ascii	"\250\353\321s\340\305\321\322gG]\375:\232R\352\313\265"
 4430      E0C5D1D2 
 4430      67475DFD 
 4430      3A9A52EA 
 4430      CBB5
 4431 010c B9C6AB97 		.ascii	"\271\306\253\227\350\346&\326P\262\274\303\241\017'"
 4431      E8E626D6 
 4431      50B2BCC3 
ARM GAS  /tmp/ccAvL6mB.s 			page 114


 4431      A10F27
 4432 011b E27B74D9 		.ascii	"\342{t\331D\230\"=\023%Q\325\001\246It\202,\007\337"
 4432      4498223D 
 4432      132551D5 
 4432      01A64974 
 4432      822C07DF 
 4433 012f 5035CB7B 		.ascii	"P5\313{h\337\225A}\235\353\036\315\267\203\320\306\311"
 4433      68DF9541 
 4433      7D9DEB1E 
 4433      CDB783D0 
 4433      C6C9
 4434 0141 852B5572 		.ascii	"\205+Ur\025P\324\3109O,V%\252\222\263F.\306\344\206"
 4434      1550D4C8 
 4434      394F2C56 
 4434      25AA92B3 
 4434      462EC6E4 
 4435 0156 58BF6A3F 		.ascii	"X\277j?Us\225u\366\261\260\3378\303\031=Ua\327\257\035"
 4435      55739575 
 4435      F6B1B0DF 
 4435      38C3193D 
 4435      5561D7AF 
 4436 016b E95379B9 		.ascii	"\351Sy\271%\272\216\353{\002\0160\267\371\246\277J\372"
 4436      25BA8EEB 
 4436      7B020E30 
 4436      B7F9A6BF 
 4436      4AFA
 4437 017d 0B5EEB1F 		.ascii	"\013^\353\037\342\336\373\230\210\333\010\227;\241\033"
 4437      E2DEFB98 
 4437      88DB0897 
 4437      3BA11B
 4438 018c EBF8C26E 		.ascii	"\353\370\302n\372\000\363\225\307?\330\311\301\004-"
 4438      FA00F395 
 4438      C73FD8C9 
 4438      C1042D
 4439 019b ED46D40A 		.ascii	"\355F\324\012\355\"\376\245/\366\377\207\337\350\360"
 4439      ED22FEA5 
 4439      2FF6FF87 
 4439      DFE8F0
 4440 01aa 99679721 		.ascii	"\231g\227!{\033\337\346\202\0171\267pUw\000zL\370oL"
 4440      7B1BDFE6 
 4440      820F31B7 
 4440      70557700 
 4440      7A4CF86F 
 4441 01bf 00678D70 		.ascii	"\000g\215p\"f\031\221@\334\270\2250\037\305\254x&m\334"
 4441      22661991 
 4441      40DCB895 
 4441      301FC5AC 
 4441      78266DDC 
 4442 01d3 B8377A67 		.ascii	"\2707zg,\030\210\006\342\246\005\2272\341H*4\226\014"
 4442      2C188806 
 4442      E2A60597 
 4442      32E1482A 
 4442      34960C
 4443 01e6 A432E3C6 		.ascii	"\2442\343\306\315p$\030\271{\337H\244yE#A#\2352\015"
 4443      CD702418 
 4443      B97BDF48 
 4443      A4794523 
ARM GAS  /tmp/ccAvL6mB.s 			page 115


 4443      41239D32 
 4444 01fb 33FC2060 		.ascii	"3\374 `f\022\251\361\021\023d<\020\263N\037\313\214"
 4444      6612A9F1 
 4444      1113643C 
 4444      10B34E1F 
 4444      CB8C
 4445 020d 985E9FCF 		.ascii	"\230^\237\317\353\265|@\241h\222BV\36274\277\3372"
 4445      EBB57C40 
 4445      A1689242 
 4445      56F23734 
 4445      BFDF32
 4446              		.text
 4447              		.section	.gnu.lto___factory_init.357.f378ce3a581fef05,"e",%progbits
 4448 0000 789C9597 		.ascii	"x\234\225\227kL\\E\024\307\347\314,\260\364\201m\325"
 4448      6B4C5C45 
 4448      14C7E7CC 
 4448      2CB0F481 
 4448      6DD5
 4449 0012 98A8518C 		.ascii	"\230\250Q\214\032\333\017e\305l\302\027\223\032\365"
 4449      1ADB0F65 
 4449      C56CC217 
 4449      931AF5
 4450 0021 A3890613 		.ascii	"\243\211\006\023\2766\260\254a\223\205\305\205\232\324"
 4450      BE36B0AC 
 4450      619385C5 
 4450      859AD4
 4451 0030 2FBD6E41 		.ascii	"/\275nA\"\325\362J\237\241DqmQc\211ZZ\012\024\226B\001"
 4451      22D5F24A 
 4451      9FA14471 
 4451      6D516389 
 4451      5A5A0A14 
 4452 0047 A12C2F79 		.ascii	"\241,/y\3315}\370\010ml\203h\322UJ\361\314\235Y\357"
 4452      D9357DF8 
 4452      086D6C83 
 4452      68D2554A 
 4452      F1CC9D59 
 4453 005c 1D2E9714 		.ascii	"\035.\227\024\302\206;w\017\277\371\377\377\367\234"
 4453      C2863B77 
 4453      0FBFF9FF 
 4453      FFF79C
 4454 006b 61A9DB44 		.ascii	"a\251\333DH3!\344Y|\001#P[SI\211\246i\257\244P\370\240"
 4454      483321E4 
 4454      597C0123 
 4454      505B5349 
 4454      89A669AF 
 4455 0083 A632155A 		.ascii	"\2462\025Z@_\001\331Ga\037\324\261\035\270\214\227\327"
 4455      405F01D9 
 4455      47611FD4 
 4455      B11DB88C 
 4455      97D7
 4456 0095 2DF683D6 		.ascii	"-\366\203\326\024\2010#\244\001_\362+Y\256\234\365\014"
 4456      14813023 
 4456      A4015FF2 
 4456      2B59AE9C 
 4456      F50C
 4457 00a7 F46B80B3 		.ascii	"\364k\200\263@pQ\313\302x\355\220W\024\322\361\212e"
 4457      407051CB 
ARM GAS  /tmp/ccAvL6mB.s 			page 116


 4457      C278ED90 
 4457      5714D2F1 
 4457      8A65
 4458 00b9 F3775E88 		.ascii	"\363w^\210h\332\374`\317\221\264j\20418\017\374\227"
 4458      68DAFC60 
 4458      CF91B46A 
 4458      8431380F 
 4458      FC97
 4459 00cb 5A01CE01 		.ascii	"Z\001\316\001\2016~+\247q;\226=\317\313\026\373\337"
 4459      81367E2B 
 4459      A7713B96 
 4459      3DCFCB16 
 4459      FBDF
 4460 00dd 1DD01C89 		.ascii	"\035\320\034\2112b\224\341\226|G\224\326\332\347\206"
 4460      326294E1 
 4460      967C4794 
 4460      D6DAE786 
 4461 00ed 76BCD7C2 		.ascii	"v\274\327\3029\\\017t$4\350\202(t\352\013\346Ol\036"
 4461      395C0F74 
 4461      2434E882 
 4461      2874EA0B 
 4461      E64F6C1E 
 4462 0101 EFAC582A 		.ascii	"\357\254X*\177\242^\213 \330\001]\300k$\230\373s\344"
 4462      7FA25E8B 
 4462      20D8015D 
 4462      C06B2498 
 4462      FB73E4
 4463 0114 4CED90FB 		.ascii	"L\355\220\373\307\217\316v}\234\242\351\022D%1*\205"
 4463      C78FCE76 
 4463      7D9CA2E9 
 4463      12442531 
 4463      2A85
 4464 0126 04D60826 		.ascii	"\004\326\010&\356\375\362\307\0047\011.\232\271=\310"
 4464      EEFDF2C7 
 4464      0437092E 
 4464      9AB93DC8 
 4465 0136 4DCAB9BE 		.ascii	"M\312\271\276\032WT\022\243RrO\231\271\313\227\036\027"
 4465      1A575412 
 4465      A352724F 
 4465      99B9CB97 
 4465      1E17
 4466 0148 DC64B864 		.ascii	"\334d\270d\346\366!79\347\366j\\QI\214J#\2628F\326\017"
 4466      E6F62137 
 4466      39E7F66A 
 4466      5C51498C 
 4466      4A23B238 
 4467 015f D00BD02D 		.ascii	"\320\013\320-\203\243zp\003 \263z\340\354\207\3350\250"
 4467      83A37A70 
 4467      0320B37A 
 4467      E0EC87DD 
 4467      30A8
 4468 0171 643F94C8 		.ascii	"d?\224\310\376A\021\361\250\033\206\025DtU\204M\374"
 4468      FE4111F1 
 4468      A81B8615 
 4468      44745584 
 4468      4DFC
 4469 0183 BCA61AA3 		.ascii	"\274\246\032\243)K'\266Q*5k\304\322:\342\206q\2001\200"
ARM GAS  /tmp/ccAvL6mB.s 			page 117


 4469      294B27B6 
 4469      512A356B 
 4469      C4D23AE2 
 4469      86718031 
 4470 0198 51259689 		.ascii	"Q%\226\211\365\306\022\237t\303\244\342ij\275\261\264"
 4470      F5C6129F 
 4470      74C3A4E2 
 4470      696ABDB1 
 4470      B4
 4471 01a9 4EBB6146 		.ascii	"N\273aFA\314\256;\331\230\033\256(\210\230\216\340%"
 4471      41CCAE3B 
 4471      D9981BAE 
 4471      2888988E 
 4471      E025
 4472 01bb CDE34911 		.ascii	"\315\343I\021\355\336r\225\246]\335\325~\357\364\206"
 4472      EDDE7295 
 4472      A65DDDD5 
 4472      7EEFF486 
 4473 01cb 8D845431 		.ascii	"\215\204T1~\012h\016\320\"\204T3*\026\373qq\013\264"
 4473      7E0A680E 
 4473      D0228454 
 4473      332A16FB 
 4473      71710BB4 
 4474 01df 1B4B2340 		.ascii	"\033K#@\346\001\023,\003\032f)\015\214\221\304\224;"
 4474      E601132C 
 4474      031A6629 
 4474      0D8C91C4 
 4474      943B
 4475 01f1 7555FA7D 		.ascii	"uU\372}g\223\270}\0220\351T\270\006pU\177\363Ed5=\035"
 4475      6793B87D 
 4475      1230E954 
 4475      B8067055 
 4475      7FF34564 
 4476 0208 661BE03A 		.ascii	"f\033\340:\234\340\307E\031\2044m\016\233w#\334\000"
 4476      9CE0C745 
 4476      1984346D 
 4476      0E9B7723 
 4476      DC00
 4477 021a 5418669B 		.ascii	"T\030f\233\364m\216n\303\037\241t\034h\033\344\257\012"
 4477      F46D8E6E 
 4477      C31FA174 
 4477      1C681BE4 
 4477      AF0A
 4478 022c F2A930DB 		.ascii	"\362\2510\333\014\277!\022LH\006\277s$\347\375r\250"
 4478      0CBF2112 
 4478      4C4806BF 
 4478      7324E7FD 
 4478      72A8
 4479 023e E230E079 		.ascii	"\3420\340y\240\263\217\365\247\302\005 w t\374f\232"
 4479      A0B38FF5 
 4479      A7C20520 
 4479      772074FC 
 4479      669A
 4480 0250 D4CE604B 		.ascii	"\324\316`Kb#f\336h3\334\004\230\003\242\357\202uip\013"
 4480      622366DE 
 4480      6833DC04 
 4480      9803A2EF 
ARM GAS  /tmp/ccAvL6mB.s 			page 118


 4480      82756970 
 4481 0265 77A1FC6C 		.ascii	"w\241\374l\261\021\366\207YXk_o\012\207\334\266H\273"
 4481      B111F687 
 4481      59586B5F 
 4481      6F0A87DC 
 4481      B648BB
 4482 0278 23A5853E 		.ascii	"#\245\205>\245x\301\017.]\333q\351\273\333\016?o\306"
 4482      A578C10F 
 4482      2E5DDB71 
 4482      E9BBDB0E 
 4482      3F6FC6
 4483 028b CF61940F 		.ascii	"\317a\224\017\301\237\010g&\270\003\026\022\360t\234"
 4483      C19F0867 
 4483      26B80316 
 4483      12F0749C 
 4484 029b 6D6E6F0B 		.ascii	"mno\013<\"\226\375\240\2279\303lk\003\026\212t\376Z"
 4484      3C2296FD 
 4484      A09739C3 
 4484      6C6B0316 
 4484      8A74FE5A 
 4485 02af 3AF8EF01 		.ascii	":\370\357\001\314g@\344S\027M\205\037\370S\256\220O"
 4485      CC6740E4 
 4485      53174D85 
 4485      1FF853AE 
 4485      904F
 4486 02c1 795B034E 		.ascii	"y[\003N\324\200\355\323\275k\226\324q\371Lx\027W\025"
 4486      D480EDD3 
 4486      BD6B96D4 
 4486      71F94C78 
 4486      175715
 4487 02d4 B7A8FA87 		.ascii	"\267\250\372\207\253\202\277\245 \307\012!a\366\260"
 4487      AB82BFA5 
 4487      20C70A21 
 4487      61F6B0
 4488 02e3 1147B71E 		.ascii	"\021G\267\036\207.\237$\204\213\200\316\310\200\006"
 4488      872E9F24 
 4488      848B80CE 
 4488      C88006
 4489 02f2 ED025AB2 		.ascii	"\355\002Z\2626\306}\224\342P\322_V\033c\310h\214\313"
 4489      36C67D94 
 4489      E250D25F 
 4489      561B63C8 
 4489      688CCB
 4490 0305 96C678CE 		.ascii	"\226\306x\316\2461B\370g\222\232\032c?\325\033c\310"
 4490      A63142F8 
 4490      67929A1A 
 4490      633FD51B 
 4490      63C8
 4491 0317 4E583935 		.ascii	"NX957\306\260h\214\017\351Ji\025Ti\214A\351\273M\372"
 4491      37C6B068 
 4491      8C0FE94A 
 4491      69155469 
 4491      8C41E9BB 
 4492 032d 1EB6C37F 		.ascii	"\036\266\303\177D-\276+\021\236\244\300\017P\305w\324"
 4492      442DBE2B 
 4492      119EA4C0 
 4492      0F50C577 
ARM GAS  /tmp/ccAvL6mB.s 			page 119


 4492      D4
 4493 033e F03D62F1 		.ascii	"\360=b\361\275\335\306\367A\012\237\230}W\011\337Q;"
 4493      BDDDC6F7 
 4493      410A9F98 
 4493      7D5709DF 
 4493      513B
 4494 0350 61356661 		.ascii	"a5fa\361\250\360]k\221V\247\372\036\226\276;\244\357"
 4494      F1A8F05D 
 4494      6B9156A7 
 4494      FA1E96BE 
 4494      3BA4EF
 4495 0363 513BFC21 		.ascii	"Q;\374!j\031\210\303\010OVZ\357\010\375\177 \306d\377"
 4495      6A1988C3 
 4495      084F565A 
 4495      EF08FD7F 
 4495      20C664FF 
 4496 0377 3D2996E3 		.ascii	"=)\226\343k\015\304\2041\020?Z\006b\302v \352\2512\020"
 4496      6B0DC484 
 4496      31103F5A 
 4496      0662C276 
 4496      20EAA932 
 4497 038c 71311027 		.ascii	"q1\020',\252\032t\247\307(,\256\024\241\014\303hb\006"
 4497      2CAA1A74 
 4497      A7C7282C 
 4497      AE14A10C 
 4497      C3686206 
 4498 03a0 C61217E3 		.ascii	"\306\022\027\3432\234)\031\316\244]8\237Y\233\242\021"
 4498      329C2919 
 4498      CEA45D38 
 4498      9F599BA2 
 4498      11
 4499 03b1 65A428C9 		.ascii	"e\244(\311\177\2566\305\224\321\024\323\226\246x\331"
 4499      7FAE36C5 
 4499      94D114D3 
 4499      96A678D9 
 4500 03c1 A6294E52 		.ascii	"\246)NR\370\302\334\024\247DSL\331\011\373Ri\212I\321"
 4500      F8C2DC14 
 4500      A744534C 
 4500      D909FB52 
 4500      698A49D1 
 4501 03d5 145F59A4 		.ascii	"\024_Y\244}\2556\305\244\364\035\223\276g\354\360\337"
 4501      7DAD36C5 
 4501      A4F41D93 
 4501      BE67ECF0 
 4501      DF
 4502 03e6 587D9F46 		.ascii	"X}\237F\270S\2017\253\276g\015\337?Y|G\210\215\361\357"
 4502      B8538137 
 4502      ABBE670D 
 4502      DF3F597C 
 4502      47888DF1 
 4503 03fb 287C6B36 		.ascii	"(|k6\376\2750>k\247\254E9\005\246\205\361\263\026m\347"
 4503      FEBD303E 
 4503      6BA7AC45 
 4503      3905A685 
 4503      F1B3166D 
 4504 0410 54E333D2 		.ascii	"T\3433\322\370\2024~\305\016\177\336j\274\015\341\251"
 4504      F882347E 
ARM GAS  /tmp/ccAvL6mB.s 			page 120


 4504      C50E7FDE 
 4504      6ABC0DE1 
 4504      A9
 4505 0421 0ABC5D35 		.ascii	"\012\274]5\0363\214\377l1\336kg\274\223\302\005\263"
 4505      1E338CFF 
 4505      6C31DE6B 
 4505      67BC93C2 
 4505      05B3
 4506 0433 F12E613C 		.ascii	"\361.a<f\247\254[y\3421a\374\242E[\217j\034?\267\220"
 4506      66A7AC5B 
 4506      79E23161 
 4506      FCA2455B 
 4506      8F6A1C3F 
 4507 0449 05085DBB 		.ascii	"\005\010]\273\233\255\377\227Q\305@|\034\011E\370\362"
 4507      9BADFF97 
 4507      51C5407C 
 4507      1C0945F8 
 4507      F2
 4508 045a 195741A0 		.ascii	"\031WA\240\320\353\362\345\026\271^\017x\366\024z\213"
 4508      D0EBF2E5 
 4508      16B95E0F 
 4508      78F6147A 
 4508      8B
 4509 046b 4A4B5CAF 		.ascii	"JK\\\257\276\225\375\306\356\274\\\177n\221\307Kv\226"
 4509      BE95FDC6 
 4509      EEBC5C7F 
 4509      6E91C74B 
 4509      7696
 4510 047d 16F882F9 		.ascii	"\026\370\202\371\273\213s\203\245{]\257\025\370\362"
 4510      BB8B7383 
 4510      A57B5DAF 
 4510      15F8F2
 4511 048c 7C6FBEED 		.ascii	"|o\276\355\012\224\340\267\337\227\347*\011z\\\236\202"
 4511      0A94E0B7 
 4511      DF97E72A 
 4511      097A5C9E 
 4511      82
 4512 049d 77723DA5 		.ascii	"wr=\245\201\340\336\014\017a\371\376\342GM72<\231YY"
 4512      81E0DE0C 
 4512      0F61F9FE 
 4512      E2474D37 
 4512      323C9959 
 4513 04b2 9999DE2C 		.ascii	"\231\231\336,B\013\213_Z\023\345+\362\370\367\344{\021"
 4513      420B8B5F 
 4513      5A13E52B 
 4513      F2F8F7E4 
 4513      7B11
 4514 04c4 57E82D2C 		.ascii	"W\350-,\016\004\374%\031\005\304Q\342{\337\353,\016"
 4514      0E04FC25 
 4514      1905C451 
 4514      E27BDFEB 
 4514      2C0E
 4515 04d6 06DEF3E5 		.ascii	"\006\336\363\345{\203\377\001\037\242\324v"
 4515      7B83FF01 
 4515      1FA2D476 
 4516              		.text
 4517              		.section	.gnu.lto_chFactoryRegisterObject.358.f378ce3a581fef05,"e",%progbits
ARM GAS  /tmp/ccAvL6mB.s 			page 121


 4518 0000 789C7552 		.ascii	"x\234uRMHTQ\030\375\316\273\327\031\377\032\013i\323"
 4518      4D485451 
 4518      18FDCEBB 
 4518      D719FF1A 
 4518      0B69D3
 4519 0013 CAB088A0 		.ascii	"\312\260\210\240|\315\"\334F\265\212\242\260\205K\231"
 4519      7CCD22DC 
 4519      46B58AA2 
 4519      B0854B99 
 4520 0023 794DCC84 		.ascii	"yM\314\2043#\343\270p\345u\232\002\015\322\3216\232"
 4520      3323E3B8 
 4520      70E5759A 
 4520      020DD2D1 
 4520      369A
 4521 0035 89C823DC 		.ascii	"\211\310#\334\265\320h*\305\251\250\260_\177\332\365"
 4521      B5D0682A 
 4521      C5A9A8B0 
 4521      5F7FDAF5 
 4522 0045 072D0C5B 		.ascii	"\007-\014[\244\004\206\210P\337\275#6S\011\357\347\336"
 4522      A4048688 
 4522      50DFBD23 
 4522      365309EF 
 4522      E7DE
 4523 0057 EF9D77CE 		.ascii	"\357\235w\316\371\316w\253\004Q\033\021\235\342\033"
 4523      F9CE77AB 
 4523      04511B11 
 4523      9DE21B
 4524 0066 2584BE4C 		.ascii	"%\204\276L\267EJ\251c^\313\272\234\271fa\012\203\343"
 4524      B7454AA9 
 4524      635ECBBA 
 4524      9CB96661 
 4524      0A83E3
 4525 0079 8B87643A 		.ascii	"\213\207d:\343[|5P-\005nl!$:3\335_\337NH\006\231\002"
 4525      E35B7C35 
 4525      502D056E 
 4525      6C21243A 
 4525      33DD5FDF 
 4526 0092 A8C31212 		.ascii	"\250\303\022\022\035\350\027C\002}\302\025\004\271\271"
 4526      1DE81743 
 4526      027DC215 
 4526      04B9B9
 4527 00a1 026A0EE6 		.ascii	"\002j\016\346\224Z\273\322\377a\246bh,']a\3210\003\356"
 4527      945ABBD2 
 4527      FF61A662 
 4527      682C275D 
 4527      61D13003 
 4528 00b6 02136075 		.ascii	"\002\023`ub\240h\240\003\014\232]\317*UF\256\020\270"
 4528      62A068A0 
 4528      030C9A5D 
 4528      CF2A5546 
 4528      AE10B8
 4529 00c9 87020C17 		.ascii	"\207\002\014\027\032\227k5.jp+\037\273n\372z\341\262"
 4529      1A976B35 
 4529      2E6A702B 
 4529      1FBB6EFA 
 4529      7AE1B2
 4530 00dc E6FD629C 		.ascii	"\346\375b\234l\334\250\3153&\364s\277\006\177\352\272"
ARM GAS  /tmp/ccAvL6mB.s 			page 122


 4530      6CDCA8CD 
 4530      3326F473 
 4530      BF067FEA 
 4530      BA
 4531 00ed EEEBED2C 		.ascii	"\356\353\355,e]<D\221rc\327>\017a\022\332\217\316\201"
 4531      655D3C44 
 4531      917263D7 
 4531      3E0F6112 
 4531      DA8FCE81 
 4532 0101 2FDEDD99 		.ascii	"/\336\335\231/\311\251\215_=J-\237Y\237\234./\227@\026"
 4532      2FC9A98D 
 4532      5F3D4A2D 
 4532      9F599F9C 
 4532      2E2F9740 
 4533 0116 06E8051E 		.ascii	"\006\350\005\0360\252G\350 \224\204\312\021\365\012"
 4533      30AA47E8 
 4533      209484CA 
 4533      11F50A
 4534 0125 2BBFE9E4 		.ascii	"+\277\351\344\3157\250/S\0130\357\331jZA\272\206\322"
 4534      CD37A82F 
 4534      530B30EF 
 4534      D96A5A41 
 4534      BA86D2
 4535 0138 B05C5132 		.ascii	"\260\\Q2,`\214\351L<\320+S\367\214\011S\276\015v\357"
 4535      2C608CE9 
 4535      4C3CD02B 
 4535      53F78C09 
 4535      53BE0D76 
 4536 014d 450E9836 		.ascii	"E\016\2306\037\2170%[.\305#\334\322\346\322H\231B\031"
 4536      1F8F3025 
 4536      5B2EC523 
 4536      DCD2E6D2 
 4536      48994219 
 4537 0161 1E836377 		.ascii	"\036\203cwE\271\321x\2475\256\216d0*<\206\257b\230\343"
 4537      45B9D178 
 4537      A735AE8E 
 4537      64302A3C 
 4537      86AF6298 
 4538 0176 A55121B7 		.ascii	"\245Q!\267\021xZ(\260\266\352\372]Q\211g\254\201M\215"
 4538      11785A28 
 4538      B0B6EAFA 
 4538      5D518967 
 4538      AC814D8D 
 4539 018a EC6ABACC 		.ascii	"\354j\272\314\025;\360\\\313lC2SH\222\375\251I|x\301"
 4539      153BF05C 
 4539      CB6C4332 
 4539      534892FD 
 4539      A9497C78 
 4540 019f 24561149 		.ascii	"$V\021I\025^\346\275\356d\257\251\032\316\217]\032\333"
 4540      155EE6BD 
 4540      EE64AFA9 
 4540      1ACE8F5D 
 4540      1ADB
 4541 01b1 EF39A225 		.ascii	"\3579\242%\244\227\236\354\341\212N\3042\363\320a\212"
 4541      A4979EEC 
 4541      E18A4EC4 
 4541      32F3D061 
ARM GAS  /tmp/ccAvL6mB.s 			page 123


 4541      8A
 4542 01c2 B981F145 		.ascii	"\271\201\361Ek+\314\317\013\026}Gjp\251\312\310\263"
 4542      6B2BCCCF 
 4542      0B167D47 
 4542      6A70A9CA 
 4542      C8B3
 4543 01d4 DE58A52B 		.ascii	"\336X\245+v\361ox\015\332LI\342\015\213\013\335\267"
 4543      76F16F78 
 4543      0DDA4C49 
 4543      E20D8B0B 
 4543      DDB7
 4544 01e6 D790C8E2 		.ascii	"\327\220\310\342\211\254\262\\\321(\362\335\374\257"
 4544      89ACB25C 
 4544      D128F2DD 
 4544      FCAF
 4545 01f4 B5B97F06 		.ascii	"\265\271\177\0060\377\367\000\026\012\007\260VM?\220"
 4545      30FFF700 
 4545      160A07B0 
 4545      564D3F90 
 4546 0204 1A39AA3B 		.ascii	"\0329\252;#}2\360\347d\020\355\265\303\361h\310\216"
 4546      237D32F0 
 4546      E76410ED 
 4546      B5C3F168 
 4546      C88E
 4547 0216 0462F6C9 		.ascii	"\004b\366\311\270\323\026\015\305\222\255\366\361s\015"
 4547      B8D3160D 
 4547      C592ADF6 
 4547      F1730D
 4548 0225 A79B8281 		.ascii	"\247\233\202\201\346@\314\011\321\341d8\222\270\320"
 4548      E640CC09 
 4548      D1E16438 
 4548      92B8D0
 4549 0234 D4124824 		.ascii	"\324\022H$\333\355\023\341H0r\366\274\035o\345\2539"
 4549      DBED13E1 
 4549      483072F6 
 4549      BC1D6FE5 
 4549      AB39
 4550 0246 12B45B13 		.ascii	"\022\264[\023\216\355\204/\006\234d<\321^\347\220\214"
 4550      8EED842F 
 4550      069C643C 
 4550      D15EE790 
 4550      8C
 4551 0257 05A2A1DD 		.ascii	"\005\242\241\335\005\225:\307__\357\367\207\352I\306"
 4551      05953AC7 
 4551      5F5FEFF7 
 4551      87EA49C6 
 4552 0267 83975A44 		.ascii	"\203\227ZD\"\336\362\033\364\025\034\226"
 4552      22DEF21B 
 4552      F4151C96 
 4553              		.text
 4554              		.section	.gnu.lto_chFactoryFindObject.359.f378ce3a581fef05,"e",%progbits
 4555 0000 789C7550 		.ascii	"x\234uPKh\023Q\024\275g\356L\323\217\272\263\353H\375"
 4555      4B681351 
 4555      14BD67EE 
 4555      4CD38FBA 
 4555      B3EB48FD 
 4556 0014 2062C72C 		.ascii	" b\307,$[Q\227\202R\027\305U\231\214\221\0144\2310\211"
ARM GAS  /tmp/ccAvL6mB.s 			page 124


 4556      245B5197 
 4556      825217C5 
 4556      55998C91 
 4556      0C349930 
 4557 0029 8BAEFA12 		.ascii	"\213\256\372\022\322M\005\333\264\3334\2242Hvn*V\213"
 4557      D24D05DB 
 4557      B4DB3494 
 4557      3248766E 
 4557      2A568B
 4558 003c 75A015FC 		.ascii	"u\240\025\374lJ\027\012\305\225\033EA\213+\027\005\275"
 4558      6C4A170A 
 4558      C5951B45 
 4558      418B2B17 
 4558      05BD
 4559 004e EFA560EA 		.ascii	"\357\245`\352\007\336\314\274{\346p>\367\234ET&\242"
 4559      07DECCBC 
 4559      7BE6703E 
 4559      F79C4554 
 4559      26A2
 4560 0060 D3F28009 		.ascii	"\323\362\200\011\013\315Y\213\224R\227R\026j\315\331"
 4560      0BCD598B 
 4560      94529752 
 4560      166ACDD9 
 4561 0070 6FBBAB36 		.ascii	"o\273\2536\326a\000\320\264\205i,r\213\261\300\261\220"
 4561      D66100D0 
 4561      B485692C 
 4561      728BB1C0 
 4561      B190
 4562 0082 ED831B90 		.ascii	"\355\203\033\220>\233(\365cf\261\365f\250\325I\354\230"
 4562      3E9B28F5 
 4562      6366B1F5 
 4562      66A8D549 
 4562      EC98
 4563 0094 2D6A0BE1 		.ascii	"-j\013\341\021\260\012Q&!\362\030\235\021\322\366\327"
 4563      11B00A51 
 4563      2621F218 
 4563      9D11D2F6 
 4563      D7
 4564 00a5 35A50628 		.ascii	"5\245\006(f\306c\364p\004\030\337\034\3512\213\372}"
 4564      66C663F4 
 4564      700418DF 
 4564      1CE9328B 
 4564      FA7D
 4565 00b7 4AC87B4B 		.ascii	"J\310{K\367\356\037\233\257\365\213\036\236\340\220"
 4565      F7EE1F9B 
 4565      AFF58B1E 
 4565      9EE090
 4566 00c6 E2F8F648 		.ascii	"\342\370\366H\037\341)\264\217\316.G\246\207;N\242\366"
 4566      1FE129B4 
 4566      8FCE2E47 
 4566      A6873B4E 
 4566      A2F6
 4567 00d8 7FCE29F5 		.ascii	"\177\316)\365\361\326\376\373/\203)\311\266\006\307"
 4567      F1D6FEFB 
 4567      2F8329C9 
 4567      B606C7
 4568 00e7 10698E75 		.ascii	"\020i\216u3eC%D\363lu\207\232\014\237\241>\254\277\205"
ARM GAS  /tmp/ccAvL6mB.s 			page 125


 4568      33654325 
 4568      44F36C75 
 4568      879A0C9F 
 4568      A13EACBF 
 4569 00fc F96E0CD3 		.ascii	"\371n\014\323\036\032ij\300\212\331n3L&]\323\201\276"
 4569      1E1A696A 
 4569      C08AD96E 
 4569      334C265D 
 4569      D381BE
 4570 010f 19DCE9B0 		.ascii	"\031\334\351\260\201\037@\202\367a\003xf~^\020II\233"
 4570      811F4082 
 4570      F7610378 
 4570      667E5E10 
 4570      49499B
 4571 0122 C2732CE9 		.ascii	"\302s,\351\\\015\324\015\320\217\004\262\307\230\007"
 4571      5C0DD40D 
 4571      D08F04B2 
 4571      C79807
 4572 0131 8CC78EF6 		.ascii	"\214\307\216\366\230Ynb\205\035\2437\330\226\215\321"
 4572      98596E62 
 4572      851DA337 
 4572      D8968DD1 
 4573 0141 0AF37F0C 		.ascii	"\012\363\177\0146{\015>m\211\320\020\266\304\002\007"
 4573      367B0D3E 
 4573      6D89D010 
 4573      B6C40207 
 4574 0151 169D9331 		.ascii	"\026\235\2231\037\301\213\256\307Q\361\250\247\245\262"
 4574      1FC18BAE 
 4574      C751F1A8 
 4574      A7A5B2
 4575 0160 A81BBB77 		.ascii	"\250\033\273wR\355P\247\256\366\277\214^\376\325\344"
 4575      52ED50A7 
 4575      AEF6BF8C 
 4575      5EFED5E4 
 4576 0170 D59F4D5E 		.ascii	"\325\237M^\3676\331\035\246\357\250/_\324V\244W\214"
 4576      F736D91D 
 4576      A6EFA82F 
 4576      5FD456A4 
 4576      578C
 4577 0182 DF2B263A 		.ascii	"\337+&:\341\026\302b\336\015\274\222{5\364\357\026\363"
 4577      E116C262 
 4577      DE0DBC92 
 4577      7B35F4EF 
 4577      16F3
 4578 0194 A56AC5BD 		.ascii	"\245j\305\275|c\354\332D\316\233\364J~\236\316W\013"
 4578      7C63ECDA 
 4578      44CE9BF4 
 4578      4A7E9ECE 
 4578      570B
 4579 01a6 41747BA2 		.ascii	"At{\242\354E\325)\367J!\310\005\327o\272aE\316d\220"
 4579      EC45D529 
 4579      F74A21C8 
 4579      05D76FBA 
 4579      6145CE64 
 4580 01bb 732B91EF 		.ascii	"s+\221\357\372\205;\236_\015\243\251Q\237\354\222W\314"
 4580      FA853B9E 
 4580      5F0DA3A9 
ARM GAS  /tmp/ccAvL6mB.s 			page 126


 4580      519FEC92 
 4580      57CC
 4581 01cd 1FEF4146 		.ascii	"\037\357AF\375L6\233\311\344\263\304QX\376\005\377\323"
 4581      FD4C369B 
 4581      C9E4B3C4 
 4581      5158FE05 
 4581      FFD3
 4582 01df C864     		.ascii	"\310d"
 4583              		.text
 4584              		.section	.gnu.lto_chFactoryFindObjectByPointer.360.f378ce3a581fef05,"e",%progbits
 4585 0000 789C8553 		.ascii	"x\234\205SMHTQ\024\276\347\236\373fFg\032m!A\264(\354"
 4585      4D485451 
 4585      14BEE79E 
 4585      FB664667 
 4585      1A6D2141 
 4586 0017 8716F992 		.ascii	"\207\026\371\222 7A\221-\203\302\026n\202\230\231&\234"
 4586      20374191 
 4586      2D83C216 
 4586      6E829899 
 4586      269C
 4587 0029 48C7465B 		.ascii	"H\307F[\270\362iV\240\220\216E\265\320\210\307#\306"
 4587      B8F26956 
 4587      A0908E45 
 4587      B5D088C7 
 4587      23C6
 4588 003b 82A230D4 		.ascii	"\202\2420\324rJ\264\2244\245\037j*\261\3106\243\201"
 4588      724AB494 
 4588      34A51F6A 
 4588      2AB1C836 
 4588      A381
 4589 004d 596D2AA2 		.ascii	"Ym*\242:\367\276\031gR\244\341\316\345\274s\317\371"
 4589      3AF7BE19 
 4589      6752A4E1 
 4589      CEE5BC73 
 4589      CFF9
 4590 005f CEF9BE7B 		.ascii	"\316\371\276{\356\270`\254\2321v\236\376\220\303\240"
 4590      EEB860AC 
 4590      9A31769E 
 4590      FE90C3A0 
 4591 006f 3DDACC99 		.ascii	"=\332\314\231a\030\273\234\034.D\233\023S\267\005\334"
 4591      6118BB9C 
 4591      1C2E449B 
 4591      1353B705 
 4591      DC
 4592 0080 03E540DE 		.ascii	"\003\345@\336\024u'F\006Q\234\212z\273z\343;\204\200"
 4592      14752746 
 4592      06519C8A 
 4592      7ABB7AE3 
 4592      3B8480
 4593 0093 4BEDE697 		.ascii	"K\355\346\227\344\230S\235kp\341V:\331\301OF[8e\252"
 4593      E498539D 
 4593      6B70E156 
 4593      3AD9C14F 
 4593      465B3865 
 4594 00a8 B83351AF 		.ascii	"\2703Q\257\312s\252\370\317c\016\025\343\202\206\205"
 4594      CA73AAF8 
 4594      CF630E15 
ARM GAS  /tmp/ccAvL6mB.s 			page 127


 4594      E3828685 
 4595 00b8 62C0EA39 		.ascii	"b\300\3529\012\315A\316z\356`\231\3379\354@hG\013\031"
 4595      0ACD41CE 
 4595      7AEE6099 
 4595      DF39EC40 
 4595      68470B19 
 4596 00cc 889405B0 		.ascii	"\210\224\005\260v\363\200a|?un|\314\335\021\033\020"
 4596      76F38061 
 4596      7C3F756E 
 4596      7CCCDD11 
 4596      1B10
 4597 00de 16727699 		.ascii	"\026rv\231\002\356\000t\203L\242@,c\233(\350\351\217"
 4597      02EE0074 
 4597      834CA240 
 4597      2C639B28 
 4597      E8E98F
 4598 00f1 5EC3C861 		.ascii	"^\303\310a\026\"\364@V\0149\312/\026\332\221\225r\337"
 4598      1622F440 
 4598      560C39CA 
 4598      2F16DA91 
 4598      9572DF
 4599 0104 40C1F313 		.ascii	"@\301\363\023-g\275m\015.\302\203>\370\007\261\334*"
 4599      2D67BD6D 
 4599      0D2EC283 
 4599      3EF807B1 
 4599      DC2A
 4600 0116 7430B80B 		.ascii	"t0\270\013\262\216T\212\026}\335|\256\015\030\277\376"
 4600      B28E548A 
 4600      167DDD7C 
 4600      AE0D18BF 
 4600      FE
 4601 0127 B41AC6E7 		.ascii	"\264\032\306\347\203\177:~\347\346\203\004\346\264\011"
 4601      837F3A7E 
 4601      E7E68304 
 4601      E6B409
 4602 0136 949B9029 		.ascii	"\224\233\220)\032Y\334%-7@/x\244\225\247\260X+\262k"
 4602      1A59DC25 
 4602      2D37402F 
 4602      78A495A7 
 4602      B0582BB2 
 4603 014b 93D3DBC1 		.ascii	"\223\323\333\301\030`\254\015\271\262\033\310\236\005"
 4603      1860AC0D 
 4603      B9B21BC8 
 4603      9E05
 4604 0159 63BA3391 		.ascii	"c\2723\221C\362\2619h\354\357Zc\242+E^\003\331m\023"
 4604      43F2B139 
 4604      68ECEF5A 
 4604      63A22B45 
 4604      5E03D96D 
 4605 016e 703263A8 		.ascii	"p2c\250\010\\\225U\035\020\007\350W\207[I\321\344N\013"
 4605      085C9555 
 4605      1D1007E8 
 4605      57875B49 
 4605      D1E44E0B 
 4606 0182 9D701F3A 		.ascii	"\235p\037:e\273\322\021{\002\026\272\340\001y$\241Y"
 4606      65BBD211 
 4606      7B0216BA 
ARM GAS  /tmp/ccAvL6mB.s 			page 128


 4606      E0017924 
 4606      A159
 4607 0194 68BC729C 		.ascii	"h\274r\234z `U\355V\002\330<4\255e\0129\347\262\014"
 4607      7A206055 
 4607      ED5602D8 
 4607      3C34AD65 
 4607      0A39E7B2 
 4608 01a9 5AA6CE60 		.ascii	"Z\246\316`v\035\322*\027\206\010\2243JmT\0167<\004j"
 4608      761DD22A 
 4608      17860894 
 4608      334A6D54 
 4608      0E373C04 
 4609 01be DD428F82 		.ascii	"\335B\217\202\356^\305$;\034\035\374\364\021\027\350"
 4609      EE5EC524 
 4609      3B1C1DFC 
 4609      F41117E8 
 4610 01ce F524B8CD 		.ascii	"\365$\270\315\315k\"\244\270q\260\313\330\270+L\024"
 4610      CD6B22A4 
 4610      B871B0CB 
 4610      D8B82B4C 
 4610      14
 4611 01df 300C2C55 		.ascii	"0\014,U\006a\204\312H:3\320\224\034\362S\232\211n5#"
 4611      066184CA 
 4611      483A33D0 
 4611      941CF253 
 4611      9A896E35 
 4612 01f4 6D28BE75 		.ascii	"m(\276uN\254^\300\356K\240\302\236)0\221\247\021c+\024"
 4612      4EAC5EC0 
 4612      EE4BA0C2 
 4612      9E293091 
 4612      A711632B 
 4613 0209 649E84CC 		.ascii	"d\236\204\3144\357\205\307\204*l\215\222\005\026\235"
 4613      34EF85C7 
 4613      842A6C8D 
 4613      9205169D 
 4614 0219 8F924323 		.ascii	"\217\222C#\32498\331q\372\021\232H\213\313\366\362@"
 4614      D43938D9 
 4614      71FA119A 
 4614      488BCBF6 
 4614      F240
 4615 022b 5DC77C33 		.ascii	"]\307|3\374\017s|1\346\204\215IX\252\30185\370\217\332"
 4615      FC0F737C 
 4615      31E6848D 
 4615      4958AAC1 
 4615      3835F88F 
 4616 0240 7C59B59F 		.ascii	"|Y\265\237-Q\373\371b\265_d\253\375\224\324\376\011"
 4616      2D51FBF9 
 4616      62B55F64 
 4616      ABFD94D4 
 4616      FE09
 4617 0252 79A49DEC 		.ascii	"y\244\235\354\240\015\265\327V\347\343\214\354/\023"
 4617      A00DB5D7 
 4617      56E7E38C 
 4617      EC2F13
 4618 0261 B9E9A99A 		.ascii	"\271\351\251\232\361\230\350I3In\314\010\236\315\344"
 4618      F198E849 
 4618      33496ECC 
ARM GAS  /tmp/ccAvL6mB.s 			page 129


 4618      089ECDE4 
 4619 0271 6586494C 		.ascii	"e\206IL\2670\037^\221\303\221\032\240mj\200<\352\006"
 4619      B7301F5E 
 4619      91C3911A 
 4619      A06D6A80 
 4619      3CEA06
 4620 0284 E4933644 		.ascii	"\344\2236D\252N\343.\246\216\204=\000\345\262$\335\332"
 4620      AA4EE32E 
 4620      A68E843D 
 4620      00E5B224 
 4620      DDDA
 4621 0296 4C29B996 		.ascii	"L)\271\226\341\371:\233g\254HN\357\033{z\025\321\344"
 4621      E1F93A9B 
 4621      67AC484E 
 4621      EF1B7B7A 
 4621      15D1E4
 4622 02a9 7A0B57C2 		.ascii	"z\013W\302[\365\026\211\237\240\271\345s}\037dy\355"
 4622      5BF51689 
 4622      9FA0B9E5 
 4622      737D1F64 
 4622      79ED
 4623 02bb 463C480D 		.ascii	"F<H\0158{\343\347\327,\360\234\\<\317\313+<\265D\341"
 4623      387BE3E7 
 4623      D72CF09C 
 4623      5C3CCFCB 
 4623      2B3CB544 
 4624 02d0 778B157E 		.ascii	"w\213\025~\237\255\360;{\236]\327\323\257\365\253\344"
 4624      9FADF03B 
 4624      7B9E5DD7 
 4624      D3AFF5AB 
 4624      E4
 4625 02e1 6BAA99F9 		.ascii	"k\252\231\371\011\032\215\003=\373ap^+\224\264[\021"
 4625      091A8D03 
 4625      3DFB6170 
 4625      5E2B94B4 
 4625      5B11
 4626 02f3 AEA79F38 		.ascii	"\256\247\2378c\353\364\212peP\017\371\252\364=\341\300"
 4626      63EBF48A 
 4626      7065500F 
 4626      F9AAF43D 
 4626      E1C0
 4627 0305 89CA6055 		.ascii	"\211\312`Um\215\276{\177\331\336C~\3371_U \310\266\324"
 4627      6D8DBE7B 
 4627      7FD9DE43 
 4627      7EDF315F 
 4627      5520C8B6 
 4628 031a 56842287 		.ascii	"V\204\"\207\017U\373\"\265uziE\310\037\332w@\017\327"
 4628      0F55FB22 
 4628      B5757A69 
 4628      45C81FDA 
 4628      77400FD7 
 4629 032e D03A16F2 		.ascii	"\320:\026\362\3535\221\200\036\2508\342\013\324\206"
 4629      EB359180 
 4629      1EA838E2 
 4629      0BD486
 4630 033d 23754501 		.ascii	"#uE\001&\302\376\243\325\005Y\236\242@qIIqq\260\204"
 4630      26C2FEA3 
ARM GAS  /tmp/ccAvL6mB.s 			page 130


 4630      D505599E 
 4630      A2407149 
 4630      497171B0 
 4631 0352 61245CFD 		.ascii	"a$\\\375\027]\001\257\205"
 4631      175D01AF 
 4631      85
 4632              		.text
 4633              		.section	.gnu.lto_chFactoryReleaseObject.361.f378ce3a581fef05,"e",%progbits
 4634 0000 789C7592 		.ascii	"x\234u\222?h\024A\024\306\337\267os\311\371_\301&\215"
 4634      3F681441 
 4634      14C6DFB7 
 4634      6F73C9F9 
 4634      5FC1268D 
 4635 0014 510BB148 		.ascii	"Q\013\261H\326k\274V\324RP\"X\330\204\275u\345\026\223"
 4635      D66BBC56 
 4635      D4525022 
 4635      58D884BD 
 4635      75E51693 
 4636 0028 DBB07716 		.ascii	"\333\260w\026\25129N\213+<\223X\352\011a\220t\"\370"
 4636      A932394E 
 4636      8B2B3C93 
 4636      58EA0961 
 4636      907422F8 
 4637 003c E7C4A8AB 		.ascii	"\347\304\250\253\240\242r1XZ\211E\220\024\022R\245P"
 4637      A0A27231 
 4637      585A8945 
 4637      90141252 
 4637      A550
 4638 004e E2DBDD8B 		.ascii	"\342\333\335\213nb\\v\340}\337\314\376\346\2337\353"
 4638      6E625C76 
 4638      E07DDFCC 
 4638      FEE69B37 
 4638      EB
 4639 005f 1A445788 		.ascii	"\032DW\210\350\260\0140aj\262n\220R\352D\267\201\211"
 4639      E8B00C30 
 4639      616AB26E 
 4639      9052EA44 
 4639      B78189
 4640 0072 C97A164F 		.ascii	"\311z\026O\021+\320\270\201qL\363Q\221\253\327\246o"
 4640      112BD0B8 
 4640      81714CF3 
 4640      5191ABD7 
 4640      A66F
 4641 0084 B4A16643 		.ascii	"\264\241fCh&j\312\210\237\333\214)\326\014\230\235\312"
 4641      68266ACA 
 4641      889FDB8C 
 4641      29D60C98 
 4641      9DCA
 4642 0096 409F543C 		.ascii	"@\237T<HGB\245\026\226ZJeI3\343\011\344\033<\006\036"
 4642      484742A5 
 4642      16965A4A 
 4642      654933E3 
 4642      09E41B3C 
 4643 00ac 8122E3C2 		.ascii	"\201\"\343\302\312!\242\314:I<\272\377\271+T?\327\032"
 4643      CA21A2CC 
 4643      3A493CBA 
 4643      FFB92B54 
ARM GAS  /tmp/ccAvL6mB.s 			page 131


 4643      3FD71A
 4644 00bf 4AFD5AC4 		.ascii	"J\375Z\304\335~\331^\263i\002-\231lp\024P\231P!\321"
 4644      DD7ED95E 
 4644      B369022D 
 4644      996C7014 
 4644      50995021 
 4645 00d4 4D361231 		.ascii	"M6\0221!b\011\352\333\203/\240e\324\372\250\006CsW\223"
 4645      216209EA 
 4645      DB832FA0 
 4645      65D4FAA8 
 4645      06437357 
 4646 00e9 F1275806 		.ascii	"\361'X\006Q\025\373\231Y\216\355{\021\270\033s\300\263"
 4646      5115FB99 
 4646      598EED7B 
 4646      11B81B73 
 4646      C0B3
 4647 00fb 78F298B0 		.ascii	"x\362\230\260z4\367\3409\356Daj\250\306F\026/ \255\320"
 4647      7A34F7E0 
 4647      39EE4461 
 4647      6AA8C646 
 4647      162F20AD 
 4648 0110 BC2DDEE4 		.ascii	"\274-\336\344a/\375@\365V\0353\214\016\234\221\360\004"
 4648      612FFD40 
 4648      F5561D33 
 4648      8C0E9C91 
 4648      F004
 4649 0122 F0FD80E6 		.ascii	"\360\375\200\346\3553l\"L3w\340\2250\0211\2435\3022"
 4649      ED336C22 
 4649      4C3377E0 
 4649      95301131 
 4649      A335C232 
 4650 0136 F15AE432 		.ascii	"\361Z\3442\256w\302\356l\262\334F\202\334*\345\233t"
 4650      AE77C2EE 
 4650      6CB2DC46 
 4650      82DC2AE5 
 4650      9B74
 4651 0148 CAD5F662 		.ascii	"\312\325\366bV\363.\274\025\250\321\011\332j\037\327"
 4651      56F32EBC 
 4651      15A8D109 
 4651      DA6A1FD7 
 4652 0158 BC1BEFA2 		.ascii	"\274\033\357\242\250\377a\274O3Z\363\021c\017>\010\203"
 4652      A8FF61BC 
 4652      4F335AF3 
 4652      11630F3E 
 4652      0883
 4653 016a D38CBDF8 		.ascii	"\323\214\275\370\230\034w_|\334\271\336\215-M\210[\341"
 4653      981C775F 
 4653      7CDCB9DE 
 4653      8D2D4D88 
 4653      5BE1
 4654 017c E7FF69E4 		.ascii	"\347\377i\344\247\315\215\\Xo\344\012\252__^\214\377"
 4654      A7CD8D5C 
 4654      586FE40A 
 4654      AA5F5F5E 
 4654      8CFF
 4655 018e 9C06E3EF 		.ascii	"\234\006\343\357\225\022\035\264\212\376\210kyv\311"
 4655      95121DB4 
ARM GAS  /tmp/ccAvL6mB.s 			page 132


 4655      8AFE886B 
 4655      7976C9
 4656 019d 3AED3B57 		.ascii	":\355;WG\334R\245l\235<7xf\250`\017\333%\307\245\376"
 4656      47DC52A5 
 4656      6C9D3C37 
 4656      7866A860 
 4656      0FDB25C7 
 4657 01b3 4AD10B2E 		.ascii	"J\321\013.\015\215\332Ae\314:U\364\012\336\331\363\226"
 4657      0D8DDA41 
 4657      65CC3A55 
 4657      F40ADED9 
 4657      F396
 4658 01c5 5F9677D8 		.ascii	"_\226w\330+X\345\300\261\234\342e\333\251\370\301\330"
 4658      2B58E5C0 
 4658      B19CE265 
 4658      DBA9F8C1 
 4658      D8
 4659 01d6 80431CF8 		.ascii	"\200C\034\370\243\373S\306\200\223\313\347s97O\277\001"
 4659      A3FB53C6 
 4659      8093CBE7 
 4659      7339374F 
 4659      BF01
 4660 01e8 C6B7D0FC 		.ascii	"\306\267\320\374"
 4661              		.text
 4662              		.section	.gnu.lto_chFactoryCreateBuffer.362.f378ce3a581fef05,"e",%progbits
 4663 0000 789C7591 		.ascii	"x\234u\221QHSQ\030\307\277\3779w\233KS{\350%\011\326"
 4663      51485351 
 4663      18C7BFFF 
 4663      39779B4B 
 4663      537BE825 
 4664 0016 20A2206F 		.ascii	" \242 o>\204\257Q=EP\330\203\217\262]\027\033\270M\266"
 4664      3E84AF51 
 4664      3D4550D8 
 4664      838FB25D 
 4664      171BB84D 
 4665 002b F9602F5E 		.ascii	"\371`/^u\031\230\240\323(\2105l\\\302\227\020B\3232"
 4665      751998A0 
 4665      D3288835 
 4665      6C5CC297 
 4665      1042D332 
 4666 003f 69255428 		.ascii	"i%T(\221F \"\364`\017a\224H\017\341CT\3379\033\266\025"
 4666      91462022 
 4666      F4600F61 
 4666      94480FE1 
 4666      4354DF39 
 4667 0056 C2B9E79E 		.ascii	"\302\271\347\236\363\335\377\375\376\377\363;?\004Q"
 4667      F3DDFFFD 
 4667      FEFFF33B 
 4667      3F0451
 4668 0065 17115DE0 		.ascii	"\027\021]\340\007.\302hfP\220m\333g<B\364gn\012\314"
 4668      072EC268 
 4668      6650906D 
 4668      DB673C42 
 4668      F4676E0A 
 4669 007a 63E97ED6 		.ascii	"c\351~\326o\2443\265\323\037?\0356$n\355*\014\364f\006"
 4669      6FA433B5 
 4669      D31F3F1D 
ARM GAS  /tmp/ccAvL6mB.s 			page 133


 4669      36246EED 
 4669      2A0CF466 
 4670 008f 57B7A60C 		.ascii	"W\267\246\014\026\351\002\250GH\003=\030\223Y\211Q\351"
 4670      16E902A8 
 4670      4748033D 
 4670      18935989 
 4670      51E9
 4671 00a1 4882515A 		.ascii	"H\202QZ\001\276\343\005\333\336\271>\266\370\315\223"
 4671      01BEE305 
 4671      DBDEB93E 
 4671      B6F8CD93 
 4672 00b1 9D28188E 		.ascii	"\235(\030\216\024\224c\30140\005v'\026\312\026:\306"
 4672      149463C1 
 4672      34300576 
 4672      2716CA16 
 4672      3AC6
 4673 00c3 A2E5CD59 		.ascii	"\242\345\315Y\333\366\222#%fP\246\341B\353\274_\351"
 4673      DBF69223 
 4673      256650A6 
 4673      E142EBBC 
 4673      5FE9
 4674 00d5 A245DDAF 		.ascii	"\242E\335\257\222\316\300\223J\235\321\272\350/vL\250"
 4674      92CEC093 
 4674      4A9DD1BA 
 4674      E82F764C 
 4674      A8
 4675 00e6 F9288BB7 		.ascii	"\371(\213\267\227\036\016\326\216\364V\261/\346P\341"
 4675      971E0ED6 
 4675      8EF456B1 
 4675      2FE650E1 
 4676 00f6 DCBAEA77 		.ascii	"\334\272\352w\023\236A\345Q\034x\360n\362\275\253`\377"
 4676      139E41E5 
 4676      511C78F0 
 4676      6EF2BDAB 
 4676      60FF
 4677 0108 FC3D6CDB 		.ascii	"\374=l\333\253\035C\013\2233\250\001wv\011\236\204\033"
 4677      AB1D430B 
 4677      9333A801 
 4677      7776099E 
 4677      841B
 4678 011a 780A0F30 		.ascii	"x\012\0170\013\257\376\221\206\245bb\033\260\013D#R"
 4678      0BAFFE91 
 4678      86A56262 
 4678      1BB00B44 
 4678      2352
 4679 012c 1437BDBC 		.ascii	"\0247\275\274\371\002{\343\316:\364\373n\003m#\355\243"
 4679      F9027BE3 
 4679      CE3AF4FB 
 4679      6E036D23 
 4679      EDA3
 4680 013e 348423DD 		.ascii	"4\204#\3359\011\235Q\341av\274\322u\317\204\324\345"
 4680      39099D51 
 4680      E16176BC 
 4680      D275CF84 
 4680      D4E5
 4681 0150 07CAAE0A 		.ascii	"\007\312\256\012\005\340\271\376x\212[rz/^\340\236\312"
 4681      05E0B9FE 
ARM GAS  /tmp/ccAvL6mB.s 			page 134


 4681      788A5B72 
 4681      7A2F5EE0 
 4681      9ECA
 4682 0162 99469F2E 		.ascii	"\231F\237.\354\303K\360\0158\262Z{\344\032h\013\375"
 4682      ECC34BF0 
 4682      0D38B25A 
 4682      7BE41A68 
 4682      0BFD
 4683 0174 D981B732 		.ascii	"\331\201\2672/\221\227n\325\335\205z6\276\341\313K\257"
 4683      2F91976E 
 4683      D5DD857A 
 4683      36BEE1CB 
 4683      4BAF
 4684 0186 B6A8C931 		.ascii	"\266\250\3111|\312K\317\036\236\257\312=g\277>\256s"
 4684      7CCA4BCF 
 4684      1E9EAFCA 
 4684      3D67BF3E 
 4684      AE73
 4685 0198 E47EBC66 		.ascii	"\344~\274f[\224lw>\337\3668\262\026o\224s\276x\004\027"
 4685      5B946C77 
 4685      3EDFF638 
 4685      B2166F94 
 4685      73BE7804 
 4686 01ad 384C1D67 		.ascii	"8L\035g\350\3631\022\266\322qf\370\350\233Ho.\034\342"
 4686      E8F33112 
 4686      B6D27166 
 4686      F8E89B48 
 4686      6F2E1CE2 
 4687 01c1 8A92098D 		.ascii	"\212\222\011\215\\A\222kC\033\031\261\013in]\250\344"
 4687      5C41926B 
 4687      431B19B1 
 4687      0B696E5D 
 4687      A8E4
 4688 01d3 8F747251 		.ascii	"\217trQR\223N>0^]dV\237\223R\005\0278\301Gs\344\001"
 4688      52934E3E 
 4688      305E5D64 
 4688      569F9352 
 4688      051738C1 
 4689 01eb DDC8A8A4 		.ascii	"\335\310\250\244\275\302\226\025\230\015\332\013\356"
 4689      BDC29615 
 4689      980DDA0B 
 4689      EE
 4690 01f8 BBFFE02E 		.ascii	"\273\377\340.\377\013w\245\034\356\207\006\372\216\276"
 4690      FF0B77A5 
 4690      1CEE8706 
 4690      FA8EBE
 4691 0207 F1D3EA74 		.ascii	"\361\323\352t\244n\035\177o\235\350\210\031\216GCf$"
 4691      A46E1D7F 
 4691      6F9DE888 
 4691      198E4743 
 4691      6624
 4692 0219 1033CFC7 		.ascii	"\0203\317\307\255\256h(\226J\232g/\267\\l\013\006:\002"
 4692      ADAE6828 
 4692      964A9A67 
 4692      2FB75C6C 
 4692      0B063A02 
 4693 022d 312B4427 		.ascii	"1+D'S\341H\242\275\2553\220Hu\233\347\302\221`\344\322"
ARM GAS  /tmp/ccAvL6mB.s 			page 135


 4693      53E148A2 
 4693      BDAD3390 
 4693      48759BE7 
 4693      C29160E4 
 4694 0242 15339EE4 		.ascii	"\0253\236\344\321\021\011\232\311\204eZ\341\253\001"
 4694      D111099A 
 4694      C984655A 
 4694      E1AB01
 4695 0251 2B154F74 		.ascii	"+\025Ot7Zd\304\002\321\320\301\262J\243\325\324\334"
 4695      375A64C4 
 4695      02D1D0C1 
 4695      B24AA3D5 
 4695      D4DC
 4696 0263 DCD4146A 		.ascii	"\334\324\024j&#\031\271\026\222\355\301\316?wW\020\216"
 4696      262319B9 
 4696      1692EDC1 
 4696      CE3F7757 
 4696      108E
 4697              		.text
 4698              		.section	.gnu.lto_chFactoryFindBuffer.363.f378ce3a581fef05,"e",%progbits
 4699 0000 789C7550 		.ascii	"x\234uP=h\023a\030~\237{\357\232\326\252\233\233\224"
 4699      3D681361 
 4699      187E9F7B 
 4699      EF9AD6AA 
 4699      9B9B94
 4700 0013 5850E960 		.ascii	"XP\351`\317\014\222I(\352((u\350X.\327\223\0344?$\021"
 4700      CF0C9249 
 4700      28EA2828 
 4700      75E8582E 
 4700      D7931C34 
 4701 002a ECD42F21 		.ascii	"\354\324/!]\342\320\246\035\004\211G)\207d\353`\325"
 4701      5DE2D0A6 
 4701      1D048947 
 4701      298764EB 
 4701      60D5
 4702 003c AAA8072A 		.ascii	"\252\250\007*\250\223\270\270YpQ\004\2618)\010\372~"
 4702      A893B8B8 
 4702      59705104 
 4702      B1382908 
 4702      FA7E
 4703 004e 5F0A4DD5 		.ascii	"_\012M\325\302ww\337\373\334\303\363\363\216YDe\":!"
 4703      C27777DF 
 4703      FBDCC3F3 
 4703      F38E5944 
 4703      65223A21 
 4704 0062 0F98B0DC 		.ascii	"\017\230\260\334nY\244\224\232HY\250\267[[?7l<\206\001"
 4704      6E59A494 
 4704      9A4859A8 
 4704      B75B5B3F 
 4704      376C3C86 
 4705 0077 40F316E6 		.ascii	"@\363\026\346\261\302\035\3062\307B\266wn@z,Q\352\307"
 4705      B1C21DC6 
 4705      32C742B6 
 4705      776E407A 
 4705      2C51EAC7 
 4706 008b C24AEB5B 		.ascii	"\302J\353[\252\323M\354\230-\212\204p\017\330\200(\223"
 4706      AAD34DEC 
ARM GAS  /tmp/ccAvL6mB.s 			page 136


 4706      982D8A84 
 4706      700FD880 
 4706      2893
 4707 009d 1079924E 		.ascii	"\020y\222N\012\351\355\326\246RC\0243\343\001\3728\002"
 4707      0AE9EDD6 
 4707      A6524314 
 4707      33E301FA 
 4707      3802
 4708 00af 4CB5477B 		.ascii	"L\265G{\314\202~\037\027\362\366\215\365\326\341\245"
 4708      CC827E1F 
 4708      17F2F68D 
 4708      F5D6E1A5 
 4709 00bf FAA0E8E1 		.ascii	"\372\240\350\341!\366(NE\243\003\204G\320>:\273\034"
 4709      21F6284E 
 4709      45A30384 
 4709      47D03E3A 
 4709      BB1C
 4710 00d1 99D6DF39 		.ascii	"\231\326\3379\211\372\365{Q\251\367\327\277v>\015\247"
 4710      89FAF57B 
 4710      51A9F7D7 
 4710      BF763E0D 
 4710      A7
 4711 00e2 24DB261C 		.ascii	"$\333&\034C\244E\326\315\224\015\225\020-\261\325\033"
 4711      43A445D6 
 4711      CD940D95 
 4711      102DB1D5 
 4711      1B
 4712 00f3 EA327C81 		.ascii	"\3522|\201\372x\363\003\314\367\326\010m\243\231\246"
 4712      FA78F303 
 4712      CCF7D608 
 4712      6DA399A6 
 4713 0103 26AC98ED 		.ascii	"&\254\230\355\210a2\351\232\016\364\315\340N\227\015"
 4713      886132E9 
 4713      9A0EF4CD 
 4713      E04E970D 
 4714 0113 7C07127C 		.ascii	"|\007\022|\000O\201'\346\347i\221\224\264)<\303m\235"
 4714      004F8127 
 4714      E6E76991 
 4714      94B4293C 
 4714      C36D9D
 4715 0126 AB898601 		.ascii	"\253\211\206\001\006\221@\366\030\363\220\361\210\264"
 4715      069140F6 
 4715      18F390F1 
 4715      88B4
 4716 0134 C7C26A75 		.ascii	"\307\302ju\215\035#w \222\205\321\032\363>\372\317\373"
 4716      8D1D2377 
 4716      209285D1 
 4716      1AF33EFA 
 4716      CFFB
 4717 0146 F5BB6763 		.ascii	"\365\273gc\036\306\0131\300\216\301\347\2431\037\304"
 4717      1EC60B31 
 4717      C08EC1E7 
 4717      A3311FC4 
 4718 0156 CB9EC321 		.ascii	"\313\236\303!qh\244\245\260\210\033\263\273RlO\243\236"
 4718      7168A4A5 
 4718      B0881BB3 
 4718      BB526C4F 
ARM GAS  /tmp/ccAvL6mB.s 			page 137


 4718      A39E
 4719 0168 F4FF7C5E 		.ascii	"\364\377|^\375\323\343\365\337=\336\364\367\270?B\337"
 4719      FDD3E3F5 
 4719      DF3DDEF4 
 4719      F7B83F42 
 4719      DF
 4720 0179 D1583DA3 		.ascii	"\321X=\243\255H/\030\273\013&:\346\346K\205\300\015"
 4720      AD482F18 
 4720      BB0B263A 
 4720      E6E64B85 
 4720      C00D
 4721 018b BDA27BA1 		.ascii	"\275\242{\241\344_+\004\305Z\325=wy\362\342t\316\233"
 4721      E45F2B04 
 4721      C55AD53D 
 4721      7779F2E2 
 4721      74CE9B
 4722 019e F58A7E40 		.ascii	"\365\212~@\247j\371\26023]\366*\2659\367|>\314\205\227"
 4722      A76AF9B0 
 4722      32335DF6 
 4722      2AB539F7 
 4722      7C3ECC85 
 4723 01b3 AEB8A5AA 		.ascii	"\256\270\245\252\234\3310\347V+\276\353\347\257z~\255"
 4723      9CD930E7 
 4723      562BBEEB 
 4723      E7AF7A7E 
 4723      AD
 4724 01c4 54991BF7 		.ascii	"T\231\033\367\311.z\205\340H\0372\356g\262\331L&\310"
 4724      C92E7A85 
 4724      E0481F32 
 4724      EE67B2D9 
 4724      4C26C8
 4725 01d7 12CFE4CA 		.ascii	"\022\317\344\312\177\000s\361\306o"
 4725      7F0073F1 
 4725      C66F
 4726              		.text
 4727              		.section	.gnu.lto_chFactoryReleaseBuffer.364.f378ce3a581fef05,"e",%progbits
 4728 0000 789C6D91 		.ascii	"x\234m\221OHTQ\024\306\317\367\316st*\313\215\333Ii"
 4728      4F485451 
 4728      14C6CFF7 
 4728      CE73742A 
 4728      CB8DDB49 
 4729 0015 112DF23A 		.ascii	"\021-\362:\233f+\331R(\014Z&o\236\023\363HgdfZ\270\362"
 4729      9B662BD9 
 4729      52280C5A 
 4729      266F9E13 
 4729      F3486764 
 4730 002d 3A8C9BD9 		.ascii	":\214\233\331Lj\313\232\205\\\302]\253j\304\376\274"
 4730      4C6ACB9A 
 4730      855CC25D 
 4730      AB6AC4FE 
 4730      BC
 4731 003e 020B2A28 		.ascii	"\002\013*(\332\006!.B\"B\202\300\205`\347\3357\332\224"
 4731      DA06212E 
 4731      42224282 
 4731      C08560E7 
 4731      DD37DA94 
 4732 0052 5EEE85F3 		.ascii	"^\356\205\363}\367\275\337\3758'\345\020\335&\242sr"
ARM GAS  /tmp/ccAvL6mB.s 			page 138


 4732      7DF7BDDF 
 4732      FD3827E5 
 4732      10DD26A2 
 4732      7372
 4733 0064 C084A5C5 		.ascii	"\300\204\245\305\272CZ\353\221n\007\363\213\365$\326"
 4733      BA435AEB 
 4733      916E07F3 
 4733      8BF524D6 
 4734 0074 601568CE 		.ascii	"`\025h\316\301\034\226\371\202\310\335\205\345\326G"
 4734      C11C96F9 
 4734      82C8DD85 
 4734      E5D647
 4735 0083 E8D51086 		.ascii	"\350\325\020\206\211\232r\354\272\317Xb\303\200\333"
 4735      899A72EC 
 4735      BACF5862 
 4735      C380DB
 4736 0092 AE1C0C48 		.ascii	"\256\034\014H\305\343t>\324\372\323\227\226\326I2\314"
 4736      C5E3743E 
 4736      D4FAD397 
 4736      96D64932 
 4736      CC
 4737 00a3 780AF907 		.ascii	"x\012\371\007O\200\307\240\310\270\361c\220(q@\022\217"
 4737      4F80C7A0 
 4737      C8B8F163 
 4737      90287140 
 4737      128F
 4738 00b5 1E7DEE0A 		.ascii	"\036}\356\012\365\336~C\353\215ox\251\344y\303\256\013"
 4738      F5DE7E43 
 4738      EB8D6F78 
 4738      A9E479C3 
 4738      AE0B
 4739 00c7 B4E4B2C1 		.ascii	"\264\344\262\301Q@\355B\207Dw\331\211\305\274\210\357"
 4739      5140ED42 
 4739      874477D9 
 4739      89C5BC88 
 4739      EF
 4740 00d8 D05BBFBF 		.ascii	"\320[\277\277\202vP\033\240\032\034\303]M\306a\260\004"
 4740      8276501B 
 4740      A01A1CC3 
 4740      5D4DC661 
 4740      B004
 4741 00ea A2CAFA89 		.ascii	"\242\312\372\211U\266\366\303\010\334\215g\300\272\275"
 4741      55B6F6C3 
 4741      08DC8D67 
 4741      C0BABD
 4742 00f9 1C16568F 		.ascii	"\034\026V\217\341\036<\307\203(L\015Uk$\361\002\322"
 4742      E11E3CC7 
 4742      83284C0D 
 4742      556B24F1 
 4742      02D2
 4743 010b 0AC327EC 		.ascii	"\012\303'\354#\273)\372\211\352\275:V\030m8#\346\011"
 4743      23BB29FA 
 4743      89EABD3A 
 4743      56186D38 
 4743      23E609
 4744 011e 60FBACE1 		.ascii	"`\373\254\341\223+\354\"\354d\236\302+a\"bF\337\010"
 4744      932BEC22 
ARM GAS  /tmp/ccAvL6mB.s 			page 139


 4744      EC649EC2 
 4744      2B612262 
 4744      46DF08
 4745 0131 CBC56B91 		.ascii	"\313\305k\221;Xh\207\355m\262L#F\036\227r\2433\345\366"
 4745      3B586887 
 4745      ED6DB24C 
 4745      23461E97 
 4745      72A333E5 
 4746 0146 25C3A7F1 		.ascii	"%\303\247\361F\220N;f\204<\203\267q\316>\233s/\365o"
 4746      46904E3B 
 4746      66843C83 
 4746      B771CE3E 
 4746      9B732FF5 
 4747 015b 2F62DC71 		.ascii	"/b\334q\354wG:\360\376\377\016|8\350\300/T7\367o\332"
 4747      EC77473A 
 4747      F0FEFF0E 
 4747      7C38E8C0 
 4747      2F5437F7 
 4748 0171 9137187F 		.ascii	"\2217\030\177gA4\250\362\305\351\234\012\274\202\272"
 4748      674134A8 
 4748      F2C5E99C 
 4748      0ABC82BA 
 4749 0181 52F4EF4C 		.ascii	"R\364\357L\347\012\225\262\272|m|l\"\353My\005?G\027"
 4749      E70A95B2 
 4749      BA7C6D7C 
 4749      6C22EB4D 
 4749      79053F47 
 4750 0196 2BF9A034 		.ascii	"+\371\240491\343\225*\263j4\037d\203\253\327U\261,{"
 4750      3931E395 
 4750      2AB36A34 
 4750      1F6483AB 
 4750      D755B12C 
 4751 01ab 2AC8AA72 		.ascii	"*\310\252r\311W~\376\226\347W\212\245\331!\237x2;\323"
 4751      C9577EFE 
 4751      96E7578A 
 4751      A5D9219F 
 4751      78323BD3 
 4752 01bf DF610CF9 		.ascii	"\337a\014\371\351L&\235\316e\350\017\311\344\274R"
 4752      E94C269D 
 4752      CE65E80F 
 4752      C9E4BC52 
 4753              		.text
 4754              		.section	.gnu.lto_chFactoryCreateSemaphore.365.f378ce3a581fef05,"e",%progbits
 4755 0000 789C7552 		.ascii	"x\234uRMHTQ\030\375\316\273o\034\177\312\237\312M\024"
 4755      4D485451 
 4755      18FDCEBB 
 4755      6F1C7FCA 
 4755      9FCA4D14 
 4756 0014 3941488B 		.ascii	"9AH\213|\271\010\227EE\213\010\012[\270\224\231\347"
 4756      7CB90897 
 4756      45458B08 
 4756      0A5BB894 
 4756      99E7
 4757 0026 C40C3833 		.ascii	"\304\0148323-\334\344u\034+4\322Q\2276\230<Bh\321&I"
 4757      32332DDC 
 4757      E4751C2B 
 4757      34D25197 
ARM GAS  /tmp/ccAvL6mB.s 			page 140


 4757      36983C42 
 4758 003e FBA1294B 		.ascii	"\373\241)K))\265\037\244\026\012\266(\015J\202\310@"
 4758      2929B51F 
 4758      A4160AB6 
 4758      280D4A82 
 4758      C840
 4759 0050 B0EF5EC5 		.ascii	"\260\357^\305f\012\341\375\334\373\275s\3179\234\363"
 4759      660AE1FD 
 4759      DCFBBD73 
 4759      CF399CF3 
 4760 0060 8E0AA228 		.ascii	"\216\012\242(\021\235\346\033.BO\252\303 )\3451\267"
 4760      119DE61B 
 4760      2E424FAA 
 4760      C32029E5 
 4760      31B7
 4761 0072 61B4A53A 		.ascii	"a\264\245:\015<\302\344\315\376\375f2U<<\367i\257)\320"
 4761      0D3CC2E4 
 4761      CDFEFD66 
 4761      32553C3C 
 4761      F769AF29 
 4762 0087 B78930D1 		.ascii	"\267\2110\321\232\352\230\272:v\212Az\000j1\204\211"
 4762      9AEA98BA 
 4762      3A768A41 
 4762      7A006A31 
 4762      8489
 4763 0099 16F48A7E 		.ascii	"\026\364\212~\201\036\341\010\202\271\261\002*\016f"
 4763      811EE108 
 4763      82B9B102 
 4763      2A0E66
 4764 00a8 A45C69EF 		.ascii	"\244\\i\357]\232*\354\037\312\230\2160(\315\200a\340"
 4764      5D9A2AEC 
 4764      1FCA988E 
 4764      3028CD80 
 4764      61E0
 4765 00ba 2E589D18 		.ascii	".X\235\030(j\251\222A\323\337G\244, G\010\334C\026\206"
 4765      286AA992 
 4765      41D3DF47 
 4765      A42C2047 
 4765      08DC4316 
 4766 00cf 0775A31E 		.ascii	"\007u\243\036\205\013Q%+Nw\266]\221\245\314db4\027g"
 4766      850B5125 
 4766      2B4E77B6 
 4766      5D91A5CC 
 4766      64623417 
 4767 00e4 D68D7BD6 		.ascii	"\326\215{\326\031#\352y\200I\227\277vu\026w\267\346"
 4767      1923EA79 
 4767      804997BF 
 4767      76751677 
 4767      B7E6
 4768 00f6 B32E1E20 		.ascii	"\263.\036 G\271n\306\223Gx\010\345G\345\300\027\357"
 4768      47B96EC6 
 4768      93477808 
 4768      E547E5C0 
 4768      17EF
 4769 0108 EEBC7165 		.ascii	"\356\274qe\344\352Z\227\224\263\227\256\217\335~VV\004"
 4769      E4EA5A97 
 4769      94B397AE 
ARM GAS  /tmp/ccAvL6mB.s 			page 141


 4769      8FDD7E56 
 4769      5604
 4770 011a 6676B980 		.ascii	"fv\271\200\021\270\025<\037\270\317\330.\241\342\220"
 4770      11B8153C 
 4770      1FB8CFD8 
 4770      2EA1E290 
 4771 012a 266486A8 		.ascii	"&d\206\250[\030\353\233V\336,A.\314\316C\277?\356\243"
 4771      5B18EB9B 
 4771      56DE2C41 
 4771      2ECCCE43 
 4771      BF3FEEA3 
 4772 013e 65242B28 		.ascii	"e$+(\011\303\021yi\001mO%\303\261\361J\317\335CB\217"
 4772      09C31179 
 4772      69016D4F 
 4772      25C3B1F1 
 4772      4ACFDD43 
 4773 0154 6F29A57C 		.ascii	"o)\245|d\200\307\372\343a\246d\343\005x\202\033\312"
 4773      6480C7FA 
 4773      E361A664 
 4773      E3057882 
 4773      1BCA
 4774 0166 6212093D 		.ascii	"b\022\011=(\304Sp\370\216(\322\032sJ\343\362@\363\240"
 4774      28C45370 
 4774      F88E28D2 
 4774      1A734AE3 
 4774      F240F3A0 
 4775 017a 706BBA6D 		.ascii	"pk\272mi\316\230\006\205k\013\376\347\331\374#\253\237"
 4775      69CE9806 
 4775      856B0BFE 
 4775      E7D9FC23 
 4775      AB9F
 4776 018c 4B1CB11D 		.ascii	"K\034\261\035\343,\201\015\211\225_\023nG\024cB\251"
 4776      E32C810D 
 4776      89955F13 
 4776      6E471463 
 4776      42A9
 4777 019e 6C41F222 		.ascii	"lA\362\"\233dE\223\224\340%\223\0309$\245\230\\\267"
 4777      9B644593 
 4777      94E02593 
 4777      183924A5 
 4777      985CB7
 4778 01b1 5AC65613 		.ascii	"Z\306V\023\025\034\037\273\324\256\177rB\213H.\216\355"
 4778      151C1FBB 
 4778      D4AE7F72 
 4778      428B482E 
 4778      8EED
 4779 01c3 E6890AC4 		.ascii	"\346\211\012\304\320\245\250,\305\207k\013)c3\313\337"
 4779      D0A5A82C 
 4779      C5876B0B 
 4779      296333CB 
 4779      DF
 4780 01d4 F3067D43 		.ascii	"\363\006}C\242\257\203\317B;`\311/{\034\261\203O\342"
 4780      A2AF83CF 
 4780      423B60C9 
 4780      2F7B1CB1 
 4780      834FE2
 4781 01e7 5576543B 		.ascii	"UvT;\361\232-\010eAa\330\266\013S\314\273\214\366\215"
ARM GAS  /tmp/ccAvL6mB.s 			page 142


 4781      F19A2D08 
 4781      654161D8 
 4781      B60B53CC 
 4781      BB8CF68D 
 4782 01fb 0E76A5D5 		.ascii	"\016v\245\325g&\032\024\214/\327zfnwk\354,\2474\223"
 4782      67261A14 
 4782      8C2FD77A 
 4782      666E776B 
 4782      EC2CA734 
 4783 0210 B6AAEAED 		.ascii	"\266\252\352\355\177U\275\373\267\252\367\331U\365\370"
 4783      7F55BDFB 
 4783      B7AAF7D9 
 4783      55F5F8
 4784 021f E8071203 		.ascii	"\350\007\022\003GT\010\244\376!\374\375\207\210<V \022"
 4784      475408A4 
 4784      FE21FCFD 
 4784      87883C56 
 4784      2012
 4785 0231 F25B416F 		.ascii	"\362[Ao\330:\031\261/\206\374\341x\314:~\256\366L\275"
 4785      D83A19B1 
 4785      2F86FCE1 
 4785      78CC3A7E 
 4785      AEF64CBD 
 4786 0245 CFDBE80D 		.ascii	"\317\333\350\015\333~:\024\017\004\243\015\365M\336"
 4786      DB7E3A14 
 4786      0F04A30D 
 4786      F54DDE
 4787 0254 68BCD93A 		.ascii	"h\274\331:\021\010\372\202g\317[\221\030_\215A\237\025"
 4787      1108FA82 
 4787      67CF5B91 
 4787      185F8D41 
 4787      9F15
 4788 0266 8BDA961D 		.ascii	"\213\332\226\035\270\340\265\343\221hs\225Mf\330\033"
 4788      B8E0B5E3 
 4788      91687395 
 4788      4D66D81B 
 4789 0276 F297674D 		.ascii	"\362\227gM\252\354\352\232\232\352j\177\015!,\032bM"
 4789      AAECEA9A 
 4789      9AEA6A7F 
 4789      0D212C1A 
 4789      624D
 4790 0288 7F0047A6 		.ascii	"\177\000G\246'\352"
 4790      27EA
 4791              		.text
 4792              		.section	.gnu.lto_chFactoryFindSemaphore.366.f378ce3a581fef05,"e",%progbits
 4793 0000 789C7550 		.ascii	"x\234uP=h\023a\030~\237{sM\353\317\340 8I2\3707\264"
 4793      3D681361 
 4793      187E9F7B 
 4793      734DEBCF 
 4793      E0203849 
 4794 0018 6706C926 		.ascii	"g\006\311&EE\034\004\245\016\035\313\335\365$\007\315"
 4794      45451C04 
 4794      A50E1DCB 
 4794      DDF52407 
 4794      CD
 4795 0029 0F491C32 		.ascii	"\017I\0342\365kL\226\210\324\246\233h(\345\220\352\242"
 4795      F56B4C96 
ARM GAS  /tmp/ccAvL6mB.s 			page 143


 4795      88D4A69B 
 4795      6828E590 
 4795      EAA2
 4796 003b 01C5AAA8 		.ascii	"\001\305\252\250\301ZP\227\212 :\270\330I\004\261\212"
 4796      C15A5097 
 4796      8A203AB8 
 4796      D84904B1 
 4796      8A
 4797 004c 430741DF 		.ascii	"C\007A\337\357K\301\264*|w\367\275\317=<?\357\240ET"
 4797      EF4BC1B4 
 4797      2A7C77F7 
 4797      BDCF3D3C 
 4797      3FEFA045 
 4798 0061 20A2FDF2 		.ascii	" \242\375\362\200\011\315\231\206EJ\251\341\270\205"
 4798      8009CD99 
 4798      86454AA9 
 4798      E1B885
 4799 0070 A999C6BB 		.ascii	"\251\231\306\273KK'\361\010\006\000MZ\230\304,_c49\022"
 4799      4B4B27F1 
 4799      0806004D 
 4799      5A98C42C 
 4799      5F633439 
 4800 0085 726CE306 		.ascii	"rl\343\006$\016u\224Z\257\317\336l\037|v\261~*b\213"
 4800      240E7594 
 4800      5AAFCFDE 
 4800      6C1F7C76 
 4800      B17E2A62 
 4801 009a 5A42B807 		.ascii	"ZB\270\007\334\205(\223\020y\204\016\010\351\365\227"
 4801      DC852893 
 4801      1079840E 
 4801      08E9F597 
 4802 00aa 45A50628 		.ascii	"E\245\006(b\306}\364p\004\030\275\234\3542\263\372\275"
 4802      62C67DF4 
 4802      700418BD 
 4802      9CEC32B3 
 4802      FABD
 4803 00bc 4FC86BB7 		.ascii	"O\310k\267\332w>B5\025D\021\017\260Is\364j\262\217\360"
 4803      DA773E42 
 4803      35154411 
 4803      0FB04973 
 4803      F46AB28F 
 4804 00d1 10DA49A7 		.ascii	"\020\332I\247\227#\323\3557vG\375\3745\255\324J\003"
 4804      9723D3ED 
 4804      377647FD 
 4804      FC35ADD4 
 4804      4A03
 4805 00e3 ED95AFCB 		.ascii	"\355\225\257\313\273\342\222o\021\266\241\3224\353v"
 4805      BBE2926F 
 4805      11B6A1D2 
 4805      34EB76
 4806 00f2 2A06D521 		.ascii	"*\006\325!\272\302Vw\230\222\3413\324\352\333\325=\346"
 4806      BAC25677 
 4806      9892E133 
 4806      D4EADBD5 
 4806      3DE6
 4807 0104 FBDEA335 		.ascii	"\373\336\2435\324\022T\203\025q\254\3050\271tU\033\372"
 4807      D4125483 
ARM GAS  /tmp/ccAvL6mB.s 			page 144


 4807      1571ACC5 
 4807      30B97455 
 4807      1BFA
 4808 0116 66707B81 		.ascii	"fp{\201\015|\003\022\276\017O\200\307\346\347a\221\354"
 4808      0D7C0312 
 4808      BE0F4F80 
 4808      C7E6E761 
 4808      91EC
 4809 0128 8F388EA7 		.ascii	"\2178\216\247\270\256\223\325P5@?:\220]F<`<>h\217\372"
 4809      B8AE93D5 
 4809      5035403F 
 4809      3A905D46 
 4809      3C603C3E 
 4810 013f 5C659E6D 		.ascii	"\\e\236m#\267\255%K\243y\346\377\350/\365\352\177:\032"
 4810      23B7AD25 
 4810      4BA379E6 
 4810      FFE82FF5 
 4810      EA7F3A1A 
 4811 0153 F1763C17 		.ascii	"\361v<\027\003l\030,\354\215x\007\226\273\016;\305\241"
 4811      036C182C 
 4811      EC8D7807 
 4811      96BB0E3B 
 4811      C5A1
 4812 0165 9A90C222 		.ascii	"\232\220\302\"n\314\276I\261M\215\272\322\377\362y\361"
 4812      6ECCBE49 
 4812      B14D8DBA 
 4812      D2FFF279 
 4812      F1
 4813 0176 578F975B 		.ascii	"W\217\227[{\274\352\355\361\303\243\357\250\316\035"
 4813      7BBCEAED 
 4813      F1C3A3EF 
 4813      A8CE1D
 4814 0185 D156A417 		.ascii	"\321V\244\027\214?\013&J:\231|6pB7\347\234\310\373\027"
 4814      8C3F0B26 
 4814      4A3A997C 
 4814      36704237 
 4814      E79CC8FB 
 4815 019a B241AE5C 		.ascii	"\262A\256\\r\216\235\0359=\346\271\023n\316\017h\260"
 4815      728E9D1D 
 4815      393DE6B9 
 4815      136ECE0F 
 4815      68B0
 4816 01ac 9C098BE3 		.ascii	"\234\011\213\343c\005\267X\2568\3073\241\027\2369\347"
 4816      6305B758 
 4816      AE38C733 
 4816      A1179E39 
 4816      E7
 4817 01bd E44B7226 		.ascii	"\344Kr&B\317)\025}\307\317\234w\375r\276X\031\362)\226"
 4817      42CF2915 
 4817      7DC7CF9C 
 4817      77FD72BE 
 4817      5819F229 
 4818 01d2 73B3C1EE 		.ascii	"s\263\301\356\036d\310O\245\323\251T\220&\036/\025~"
 4818      1E64C84F 
 4818      A5D3A954 
 4818      90261E2F 
 4818      157E
ARM GAS  /tmp/ccAvL6mB.s 			page 145


 4819 01e4 03F34DCB 		.ascii	"\003\363M\313\032"
 4819      1A
 4820              		.text
 4821              		.section	.gnu.lto_chFactoryReleaseSemaphore.367.f378ce3a581fef05,"e",%progbits
 4822 0000 789C7592 		.ascii	"x\234u\222\317k\023A\024\307\337w\3376M\374\255 \364"
 4822      CF6B1341 
 4822      14C7DF77 
 4822      DF364DFC 
 4822      AD20F4
 4823 0013 66C48378 		.ascii	"f\304\203x\260kN\271\212z\024\224\012^\313f\032\311"
 4823      B06B4EB9 
 4823      8A7A1494 
 4823      0A5ECB66 
 4823      1AC9
 4824 0025 D2362949 		.ascii	"\3226)I<\364\324i\210=\344\022\333z\350\241\346P\006"
 4824      3CF4D469 
 4824      883DE412 
 4824      DB7AE8A1 
 4824      E65006
 4825 0038 E94D8A58 		.ascii	"\351M\212X#jY\005\025\025l\365/\020\013\022\005K\021"
 4825      236A5905 
 4825      15156CF5 
 4825      2F100B12 
 4825      054B11
 4826 004b 841C047D 		.ascii	"\204\034\004}\273\233\326T\333a\007\336\373\316\354"
 4826      BB9BD654 
 4826      DB6107DE 
 4826      FBCEEC
 4827 005a E77DE7CD 		.ascii	"\347}\347\315\014[D\303DtJ&\23003]\263Hk}\276\327\302"
 4827      0C5B44C3 
 4827      44744A26 
 4827      9830335D 
 4827      B3486B7D 
 4828 0071 E4742D81 		.ascii	"\344t-\201\307\0103\320\204\205\011\314\362\031I\333"
 4828      C70833D0 
 4828      848509CC 
 4828      F21949DB 
 4829 0081 B7665797 		.ascii	"\267fW\227\372\364\242\017\303D\015\231\341\230g\314"
 4829      FAF4A20F 
 4829      C3440D99 
 4829      E19867CC 
 4830 0091 B061C0EE 		.ascii	"\260a\300\356D\026\222\022\361\000\235\366\265^\373"
 4830      44169212 
 4830      F1009DF6 
 4830      B55EFB
 4831 00a0 DAD43A41 		.ascii	"\332\324:A\206\031\217 \377`\031x\010\012\204\353\255"
 4831      86198F20 
 4831      FF601978 
 4831      080A84EB 
 4831      AD
 4832 00b1 24516C8B 		.ascii	"$Ql\213$\032\335\377\330\343\353_\277\353Z\377\374\202"
 4832      241ADDFF 
 4832      D8E3EB5F 
 4832      BFEB5AFF 
 4832      FC82
 4833 00c3 D6922DF5 		.ascii	"\326\222-\365\015\3336\320\224\325:\007\016\265\015"
 4833      0DDB36D0 
ARM GAS  /tmp/ccAvL6mB.s 			page 146


 4833      94D53A07 
 4833      0EB50D
 4834 00d2 ED13DD66 		.ascii	"\355\023\335f+J&%\371\006\375\371\301z\037m\242\232"
 4834      2B4A2625 
 4834      F906FDF9 
 4834      C17A1F6D 
 4834      A29A
 4835 00e4 A42A2CC3 		.ascii	"\244*,\303=\015\306\266\263\030\202(\324c\213\034\312"
 4835      3D0DC6B6 
 4835      B3188228 
 4835      D4638B1C 
 4835      CA
 4836 00f5 F702702F 		.ascii	"\367\002p/\236\002O\302\305s\302\212\033\216\343\031"
 4836      9E024FC2 
 4836      C573C28A 
 4836      1B8EE319 
 4837 0105 EE066EAA 		.ascii	"\356\006n\252\250\204B\002+\220^\030\336\027\026YV\264"
 4837      A8844202 
 4837      2B905E18 
 4837      DE171659 
 4837      56B4
 4838 0117 81CA9D1A 		.ascii	"\201\312\235\032\026\030\0358#\342\011\240u\302\360"
 4838      16181D38 
 4838      23E209A0 
 4838      75C2F0
 4839 0126 FE05B6E1 		.ascii	"\376\005\266\341w3\017\340\2710\0210\203=\302\262\361"
 4839      77330FE0 
 4839      B9301130 
 4839      833DC2B2 
 4839      F1
 4840 0137 42D24D4C 		.ascii	"B\322MLu\314\036l\260\\G\204\334\315\345\313n\227\315"
 4840      75CC1E6C 
 4840      B05C4784 
 4840      DCCDE5CB 
 4840      6E97CD
 4841 014a 8DB97961 		.ascii	"\215\271ya\034\302+\241Z\035\247\355\357s1\303\207\361"
 4841      1CC22BA1 
 4841      5A1DA7ED 
 4841      EF7331C3 
 4841      87F1
 4842 015c 3A30BB07 		.ascii	":0\273\007\345M7\245\035Q\216\340\255Px\007\345(\336"
 4842      E54D37A5 
 4842      1D518EE0 
 4842      AD507807 
 4842      E528DE
 4843 016f 45473E16 		.ascii	"EG>\026\036yE\355lk\304\334\255\300\373\377\232\271"
 4843      1E7945ED 
 4843      6C6BC4DC 
 4843      ADC0FBFF 
 4843      9AB9
 4844 0181 FA6F33D7 		.ascii	"\372o3\327\266\232\371\003\225O\037\326\343\341\373"
 4844      B69AF903 
 4844      954F1FD6 
 4844      E3E1FB
 4845 0190 A933FEDE 		.ascii	"\2513\376\336+\321I'W\030\315:\236\233w.\025\324\315"
 4845      2BD14927 
 4845      5718CD3A 
ARM GAS  /tmp/ccAvL6mB.s 			page 147


 4845      9E9B772E 
 4845      15D4CD
 4846 01a3 D16CBE5C 		.ascii	"\321l\276\\r.\\\035\270<\230qG\334\274\312\322\331r"
 4846      722E5C1D 
 4846      B83C9871 
 4846      47DCBCCA 
 4846      D2D972
 4847 01b6 CE2B0E0D 		.ascii	"\316+\016\015\216\271\305\362\270s1\347e\274+\327\234"
 4847      8EB9C5F2 
 4847      B87331E7 
 4847      65BC2BD7 
 4847      9C
 4848 01c7 4249BE11 		.ascii	"BI\276\021/\343\224\212\312Q\271\033\256*\027\212\343"
 4848      2FE3948A 
 4848      CA51B91B 
 4848      AE2A178A 
 4848      E3
 4849 01d8 FD8A78A8 		.ascii	"\375\212x\2504v\274K\350W\251t:\225\312\246\351\017"
 4849      3476BC4B 
 4849      E857A974 
 4849      3A95CAA6 
 4849      E90F
 4850 01ea F8EBD5A8 		.ascii	"\370\353\325\250"
 4851              		.text
 4852              		.section	.gnu.lto_chFactoryCreateMailbox.368.f378ce3a581fef05,"e",%progbits
 4853 0000 789C7552 		.ascii	"x\234uR]HSa\030~\337\363\236\351\326j\331\037D\024\234"
 4853      5D485361 
 4853      187EDFF3 
 4853      9EE9D66A 
 4853      D91F4414 
 4854 0015 82A82EF2 		.ascii	"\202\250.\362\344E\330eTDDP\330\205w\311\234\033\033"
 4854      E445D865 
 4854      54444450 
 4854      D88577C9 
 4854      9C1B1B
 4855 0028 B84DE6BA 		.ascii	"\270M\346\272\360\312\317m\316P\301\246^\264X\303\306"
 4855      F0CACF6D 
 4855      CE50C1A6 
 4855      5EB458C3 
 4855      C6
 4856 0039 21BC4B33 		.ascii	"!\274K3\311\262p\351EE\032Q\331\317M\221\201eQHW\273"
 4856      C9B270E9 
 4856      45451A51 
 4856      D9CF4D91 
 4856      81655148 
 4857 004f 08EAFDBE 		.ascii	"\010\352\375\276\211m\205p\366\355|\317y\316\373<\337"
 4857      896D8570 
 4857      F6ED7CCF 
 4857      79CEFB3C 
 4857      DF
 4858 0060 F39C0B04 		.ascii	"\363\234\013\004\020\001\200\323\374C\033`\177\252["
 4858      100180D3 
 4858      FC431B60 
 4858      7FAA5B
 4859 006f 0321C4D1 		.ascii	"\003!\304\321JM\213\247z4|\200O\257g\366\350\211\224"
 4859      4A4D8BA7 
 4859      7A347C80 
ARM GAS  /tmp/ccAvL6mB.s 			page 148


 4859      4FAF67F6 
 4859      E88994
 4860 0082 6BFCFDA7 		.ascii	"k\374\375\247]:\341\340*C\307\216T\367\347\2533'\231"
 4860      5D3AE1E0 
 4860      2A43C78E 
 4860      54F7E7AB 
 4860      332799
 4861 0095 A4008476 		.ascii	"\244\000\204v\215tl\307\001\312\020\366\223E\200\372"
 4861      8D746CC7 
 4861      01CA10F6 
 4861      934580FA 
 4862 00a5 CA1DA271 		.ascii	"\312\035\242q /D\241s\240g\314\230\216w\236\262H\203"
 4862      202F44A1 
 4862      73A067CC 
 4862      988E779E 
 4862      B24883
 4863 00b8 2C13C611 		.ascii	",\023\306\021o#\253\003\023\251\016\3661\351\371\267"
 4863      6F23AB03 
 4863      13A90EF6 
 4863      31E9F9B7 
 4864 00c8 09211C60 		.ascii	"\011!\034`\021\341\035,\3410P?nH^\260\310\273\024\357"
 4864      11E11D2C 
 4864      E130503F 
 4864      6E485EB0 
 4864      C8BB14EF 
 4865 00dc 1255BAC5 		.ascii	"\022U\272\305\232w\313yz\375\264Q\234\030\226\353^&"
 4865      9A77CB79 
 4865      7AFDB451 
 4865      9C1896EB 
 4865      5E26
 4866 00ee 2FF78E0D 		.ascii	"/\367\216\015\177D\321/\220\225q\022\313\264\353\347"
 4866      7F44D12F 
 4866      90957112 
 4866      CBB4EBE7 
 4867 00fe 8C0AC0FB 		.ascii	"\214\012\300\373(\035\311$\370\342\335\315\027\266\274"
 4867      281DC924 
 4867      F8E2DDCD 
 4867      17B6BC
 4868 010d F8F5BB4F 		.ascii	"\370\365\273O\210\017Wpt\264\360:\255\271\220\247\333"
 4868      880F5770 
 4868      74B4F03A 
 4868      ADB990A7 
 4868      DB
 4869 011e 34B9102F 		.ascii	"4\271\020/\025:/\232\035\361\036:\020'\320\251\206@"
 4869      153A2F9A 
 4869      1DF11E3A 
 4869      1027D0A9 
 4869      8640
 4870 0130 1FC98484 		.ascii	"\037\311\204\204\216\"\017p\231\264\342\246\2037_Q,"
 4870      8E220F70 
 4870      99B4E2A6 
 4870      83375F51 
 4870      2C
 4871 0141 A417B7AB 		.ascii	"\244\027\267\253\377\214\017\2261a@\0025\213*\263\204"
 4871      FF8C0F96 
 4871      31614002 
 4871      358B2AB3 
ARM GAS  /tmp/ccAvL6mB.s 			page 149


 4871      84
 4872 0152 CAB10CCB 		.ascii	"\312\261\014\313\216\362N\341\366aR\360\015)\354\300"
 4872      8EF24EE1 
 4872      F66152F0 
 4872      0D29ECC0 
 4873 0162 3CE2947A 		.ascii	"<\342\224zx\210G\332-Z\207\017\361\232\364\234\300\230"
 4873      788847DA 
 4873      2D5A870F 
 4873      F19AF49C 
 4873      C098
 4874 0174 029C388D 		.ascii	"\002\2348\215\334\207E\353\225\306\210\017~`<\223|\223"
 4874      DC8745EB 
 4874      95C6880F 
 4874      7E603C93 
 4874      7C93
 4875 0186 8EFB7284 		.ascii	"\216\373r\2049\262\313\3716tIx$\371(=\343\312\221\226"
 4875      39B2CBF9 
 4875      36744978 
 4875      24F9283D 
 4875      E3CA9196 
 4876 019a 2BCADA50 		.ascii	"+\312\332PgG]F\216\234J{C\226;\202\0349\3260\363\250"
 4876      67475D46 
 4876      8E9C4A7B 
 4876      43963B82 
 4876      1C39D630 
 4877 01b0 D44C6136 		.ascii	"\324La6]`Y\027>fC\270bhb6\035\265h#>\221\236X\250\250"
 4877      5D605917 
 4877      3E6643B8 
 4877      62686236 
 4877      1DB56823 
 4878 01ca C236ABD8 		.ascii	"\3026\253\330]\314\340\260XK\031\235\344P\2260\2614"
 4878      5DCCE0B0 
 4878      584B199D 
 4878      E4509630 
 4878      B134
 4879 01dc B3831149 		.ascii	"\263\203\021I\323T12>z\327\273\220\322V\343\233Z\334"
 4879      D3543132 
 4879      3E7AD7BB 
 4879      90D256E3 
 4879      9B5ADC
 4880 01ef CFE66383 		.ascii	"\317\346c\203\335\374.)3\254>\274\323\242M\374&\316"
 4880      DDFC2E29 
 4880      33AC3EBC 
 4880      D3A24DFC 
 4880      26CE
 4881 0201 96A6B319 		.ascii	"\226\246\263\031\347\330\214&\3150\360\205OP\201\317"
 4881      E7D88C26 
 4881      CD30F085 
 4881      4F5081CF 
 4882 0211 782E9FFD 		.ascii	"x.\237\375V\362\273-G\372\212\030\340\021>yr\310Y,c"
 4882      56F2BB2D 
 4882      47FA8A18 
 4882      E0113E79 
 4882      72C8592C 
 4883 0226 4B96481E 		.ascii	"K\226H\036\234\024\203\007mUF\364\362\036\347\331rY"
 4883      9C148307 
 4883      6D5546F4 
ARM GAS  /tmp/ccAvL6mB.s 			page 150


 4883      F21EE7D9 
 4883      7259
 4884 0238 813AAC55 		.ascii	"\201:\254U\333\313\377j{\365om\363\245\265\275\365\301"
 4884      DBCBFF6A 
 4884      7BF56F6D 
 4884      F3A5B5BD 
 4884      F5C1
 4885 024a 4F8C0D1D 		.ascii	"O\214\015\035\226\351\200\374\236\360\357\367\004\260"
 4885      96E980FC 
 4885      9EF0EFF7 
 4885      04B0
 4886 0258 DBF48783 		.ascii	"\333\364\207\203^3\340\016\231'\302\236\213Ao(\332j"
 4886      5E33E00E 
 4886      9927C29E 
 4886      8B416F28 
 4886      DA6A
 4887 026a 1E3B5777 		.ascii	"\036;Ww\246\241\321\335\354\016y\274p0\352\017D\232"
 4887      A6A1D1DD 
 4887      EC0E79BC 
 4887      7030EA0F 
 4887      449A
 4888 027c 1A5ADC91 		.ascii	"\032Z\334\221h\233y\334\037h\014\234=o\206[\371j\016"
 4888      689B79DC 
 4888      1F680C9C 
 4888      3D6F865B 
 4888      F96A0E
 4889 028f 349AAD11 		.ascii	"4\232\255\021\217\351\361\373\334\236h8\322V\355\001"
 4889      8FE9F1FB 
 4889      DC9E6838 
 4889      D256ED01 
 4890 029f 3DE40E7A 		.ascii	"=\344\016z\267\225 \325\236\232\332\332\232\032o-`\210"
 4890      B79520D5 
 4890      9E9ADADA 
 4890      9A1A6F2D 
 4890      6088
 4891 02b1 9A822D7F 		.ascii	"\232\202-\177\000h\2640\017"
 4891      0068B430 
 4891      0F
 4892              		.text
 4893              		.section	.gnu.lto_chFactoryFindMailbox.369.f378ce3a581fef05,"e",%progbits
 4894 0000 789C7550 		.ascii	"x\234uP\277k\023a\030~\237{sM\353\217\301Ap\021\316"
 4894      BF6B1361 
 4894      187E9F7B 
 4894      734DEB8F 
 4894      C1417011 
 4895 0015 A18A437B 		.ascii	"\241\212C{f\220L\202\250\210\203\240\264C\307r\271\236"
 4895      66904C82 
 4895      A88883A0 
 4895      B443C772 
 4895      B99E
 4896 0027 CD412F09 		.ascii	"\315A/\011I:t\352\327\230\014v\251M\301\3056\224rH\266"
 4896      493A74EA 
 4896      D7980C76 
 4896      A94DC1C5 
 4896      36947248 
 4897 003c 42ABB456 		.ascii	"B\253\264V\324`\025T\254\210\377\201.U\027\253\223\240"
 4897      D4601554 
ARM GAS  /tmp/ccAvL6mB.s 			page 151


 4897      AC88FF81 
 4897      2E5517AB 
 4897      93A0
 4898 004e A0EFF7A5 		.ascii	"\240\357\367\245`\352\017\370\356\356{\237{x~\274}\026"
 4898      60EA0FF8 
 4898      EEEE7B9F 
 4898      7B787EBC 
 4898      7D16
 4899 0060 5181888E 		.ascii	"Q\201\210\216\313\003&\324g\247-RJ\235MZ\230\232\235"
 4899      CB0326D4 
 4899      67A72D52 
 4899      4A9D4D5A 
 4899      989A9D
 4900 0073 FEBCB079 		.ascii	"\376\274\260y\021\017`\000\320\244\205I\314\361<\243"
 4900      110F6000 
 4900      D0A48549 
 4900      CCF13CA3 
 4901 0083 CEB19013 		.ascii	"\316\261\220\023\2737\3009\331R\352[m\356\325\252\363"
 4901      BB37C039 
 4901      D952EA5B 
 4901      6DEED5AA 
 4901      F3
 4902 0094 E47AED52 		.ascii	"\344z\355R\314\0265\204p\017\270\013Q&!\362\000\235"
 4902      CC163584 
 4902      700FB80B 
 4902      512621F2 
 4902      009D
 4903 00a6 10D29B8F 		.ascii	"\020\322\233\217\353J\365P\314\2145tp\004\030\272\341"
 4903      EB4AF550 
 4903      CC8C3574 
 4903      700418BA 
 4903      E1
 4904 00b7 B499917E 		.ascii	"\264\231\221~\367\012ygk\265\371\016\252\256 \212\270"
 4904      F70A7967 
 4904      6BB5F90E 
 4904      AAAE208A 
 4904      B8
 4905 00c8 8F3D9A43 		.ascii	"\217=\232C\267\234.\302\006\264\223N/G\246\345\267v"
 4905      B79C2EC2 
 4905      06B4934E 
 4905      2F47A6E5 
 4905      B776
 4906 00da 4BFDF839 		.ascii	"K\375\3709\243\324\366<\276l}\177}()\371\326a\033*\315"
 4906      A3D4F63C 
 4906      BE6C7D7F 
 4906      7D2829F9 
 4906      D6611B2A 
 4907 00ef B06EA712 		.ascii	"\260n\247\022P-\242\233l\265\207)\031>A\275\277\275"
 4907      502DA29B 
 4907      6CB58729 
 4907      193E41BD 
 4907      BFBD
 4908 0101 7DC47C1B 		.ascii	"}\304|\033\243\264\203\252CUX1'\032\014\223KW\265\241"
 4908      A3B483AA 
 4908      43555831 
 4908      271A0C93 
 4908      4B57B5A1 
ARM GAS  /tmp/ccAvL6mB.s 			page 152


 4909 0115 6F06B79B 		.ascii	"o\006\267\233l\340;\220\360]x\004<4?O\211dw\314I<\306"
 4909      6CE03B90 
 4909      F05D7804 
 4909      3C343F4F 
 4909      896477CC 
 4910 012c 824E5645 		.ascii	"\202NVE\305\000\335hAv\031s\217\361X\321\036\265\305"
 4910      C500DD68 
 4910      41761973 
 4910      8FF158D1 
 4910      1EB5C5
 4911 013f F125B68D 		.ascii	"\361%\266\215\334\276\206,\215\226\230\377\243\277\331"
 4911      DCBE862C 
 4911      8D9698FF 
 4911      A3BFD9
 4912 014e A9FFE14C 		.ascii	"\251\377\341L\314\373\361T\014\260k\320<\032\363\001"
 4912      CCFBF154 
 4912      0CB06BD0 
 4912      3C1AF301 
 4913 015e 3C6B3B1C 		.ascii	"<k;\034\024\207\212#\205E\334\230\255I\261=\215\332"
 4913      14878A23 
 4913      8545DC98 
 4913      AD49B13D 
 4913      8DDA
 4914 0170 D2FFF279 		.ascii	"\322\377\362y\376W\217\027\177\366x\331\331cc\224\276"
 4914      FE578F17 
 4914      7FF678D9 
 4914      D9636394 
 4914      BE
 4915 0181 A2B2785A 		.ascii	"\242\262xZ[\221^0~/\230\350\230\233\315G\201\033z9\367"
 4915      5B915E30 
 4915      7E2F98E8 
 4915      989BCD47 
 4915      811B7A39 
 4916 0196 42DE1F8F 		.ascii	"B\336\037\217\202\\\271\344\236\273:py8\343\215y9?\240"
 4916      825CB9E4 
 4916      9EBB3A70 
 4916      7938E38D 
 4916      79393FA0 
 4917 01aa BE72362C 		.ascii	"\276r6,\216\014\027\274by\302=\237\0153\341\225A7_\222"
 4917      8E0C17BC 
 4917      6279C23D 
 4917      9F0D33E1 
 4917      9541375F 
 4918 01bf 331666DC 		.ascii	"3\026f\334R\321w\375\3545\317/\347\213\023\375>%r^\024"
 4918      52D177FD 
 4918      EC35CF2F 
 4918      E78B13FD 
 4918      3E25725E 
 4919 01d4 1CEE40FA 		.ascii	"\034\356@\372\375T:\235J\005i\342\221\250\360\013\201"
 4919      FD543A9D 
 4919      4A0569E2 
 4919      91A8F00B 
 4919      81
 4920 01e5 C6CAE8   		.ascii	"\306\312\350"
 4921              		.text
 4922              		.section	.gnu.lto_chFactoryReleaseMailbox.370.f378ce3a581fef05,"e",%progbits
 4923 0000 789C6D91 		.ascii	"x\234m\221?LSQ\024\306\317\367\316\243\264\342\277\305"
ARM GAS  /tmp/ccAvL6mB.s 			page 153


 4923      3F4C5351 
 4923      14C6CFF7 
 4923      CEA3B4E2 
 4923      BFC5
 4924 0012 848D1207 		.ascii	"\204\215\022\007\343 \217.v5\350h\242\301\304\225\274"
 4924      E3208F2E 
 4924      7635E868 
 4924      A2C1C495 
 4924      BC
 4925 0023 3EAA7D4A 		.ascii	">\252}J[\322\326\201\211KS\006\273\024\250\243v 7\206"
 4925      5BD2D681 
 4925      894B5306 
 4925      BB14A8A3 
 4925      76203786 
 4926 0037 8D81A010 		.ascii	"\215\201\240\020\377\344i\242&\302@L\034M\2141J\030"
 4926      FFE469A2 
 4926      26C2404C 
 4926      1C4D8C31 
 4926      4A18
 4927 0049 0C615243 		.ascii	"\014aRC\242\347\335W\244\0107\367&\347\373\356{\277"
 4927      A2E7DD57 
 4927      A40837F7 
 4927      26E7FBEE 
 4927      7BBF
 4928 005b FBE59CA4 		.ascii	"\373\345\234\244Et\227\210\316\312\001\023\346f\353"
 4928      45749788 
 4928      CECA0113 
 4928      E666EB
 4929 006a 1629A52E 		.ascii	"\026)\245.u[\230\232\255'\260\012\243@\223\026&\321"
 4929      755B989A 
 4929      AD27B00A 
 4929      A3409316 
 4929      26D1
 4930 007c E4F3227F 		.ascii	"\344\363\"\177N7\177/\365\252\205\000\232\211Zr\314"
 4930      4E377F2F 
 4930      F5AA8500 
 4930      9A895A72 
 4930      CC
 4931 008d 7AC89863 		.ascii	"z\310\230c\315\200\335\256,$\245\342a:\027(\265\361"
 4931      CD80DDAE 
 4931      2C24A5E2 
 4931      613A1728 
 4931      B5F1
 4932 009f 6945A904 		.ascii	"iE\251\004if<\205\374\203'\3002(4n~\355#\212\355\221"
 4932      69663C85 
 4932      FC8327C0 
 4932      3228346E 
 4932      7EED238A 
 4933 00b5 C4A3C50F 		.ascii	"\304\243\305\017]\201\332\375\323P\352\3437\334_\266"
 4933      5D81DAFD 
 4933      D350EAE3 
 4933      37DC5FB6 
 4934 00c5 E57DCDB6 		.ascii	"\345}\315\266\015\254\310m\203\303\204\312\206\012\210"
 4934      0DACC86D 
 4934      83C384CA 
 4934      860A88
 4935 00d4 66D88AC4 		.ascii	"f\330\212\304\224\210-\250/\277\276\367\3226jI\252\301"
ARM GAS  /tmp/ccAvL6mB.s 			page 154


 4935      94882DA8 
 4935      2FBFBEF7 
 4935      D2366A49 
 4935      AAC1
 4936 00e6 D2DCD562 		.ascii	"\322\334\325b\374K\026CX\031?\266\300\306~\034\202\273"
 4936      FC4B1643 
 4936      58193FB6 
 4936      C0C67E1C 
 4936      82BB
 4937 00f8 F11C7866 		.ascii	"\361\034xf.\007\205\025\327\034\307\013<\012\323\324"
 4937      2E078515 
 4937      D71CC70B 
 4937      3C0AD3D4 
 4938 0108 50354602 		.ascii	"P5F\002/!\275\320|\314<\262{\233~\240\372\240\216yF"
 4938      2F21BDD0 
 4938      7CCC3CB2 
 4938      7B9B7EA0 
 4938      FAA08E79 
 4939 011d 1BCE8878 		.ascii	"\033\316\210x\002\330\354\323\3343\3176\202N\346q\274"
 4939      02D8ECD3 
 4939      DC33CF36 
 4939      824EE671 
 4939      BC
 4940 012e 12264266 		.ascii	"\022&Bf\370\215\260l\274\026\271\215\351v\330\023-\226"
 4940      F88DB06C 
 4940      BC16B98D 
 4940      E976D813 
 4940      2D96
 4941 0140 7144C8A3 		.ascii	"qD\310\243R\276\351L\271yQ\363I\274\025\244\325\216"
 4941      52BEE94C 
 4941      B97951F3 
 4941      49BC15A4 
 4941      D58E
 4942 0152 19224FE1 		.ascii	"\031\"O\341]\224\363\264\3119s\347`/\"\334Q\354\367"
 4942      5D94F3B4 
 4942      C93973E7 
 4942      602F22DC 
 4942      51ECF7
 4943 0165 873AB0F6 		.ascii	"\207:\260\366\177\007\326\367:\260\203\352\347\346V"
 4943      7F07D6F7 
 4943      3AB083EA 
 4943      E7E656
 4944 0174 DC0CBDC1 		.ascii	"\334\014\275\301\330\037\006Q\277\223+\346\263\216\357"
 4944      D81F0651 
 4944      BF932BE6 
 4944      B38EEF
 4945 0183 169C2B45 		.ascii	"\026\234+E\357^>[\250\224\235\241\353\303WG2\356\230"
 4945      EF5E3E5B 
 4945      A8949DA1 
 4945      EBC35747 
 4945      32EE98
 4946 0196 5BF0B274 		.ascii	"[\360\262t\241\222\363K\243#\343n\2512\341\\\316\371"
 4946      A192F34B 
 4946      A323E36E 
 4946      A932E15C 
 4946      CEF9
 4947 01a8 19FFDA0D 		.ascii	"\031\377\332\015\247X\226=\346g\234r\311s\274\334-\327"
ARM GAS  /tmp/ccAvL6mB.s 			page 155


 4947      A758963D 
 4947      E6679C72 
 4947      C973BCDC 
 4947      2DD7
 4948 01ba AB144B13 		.ascii	"\253\024K\023\003\036\361h~\374L\2071\340\245\322\351"
 4948      031EF168 
 4948      7EFC4C87 
 4948      31E0A5D2 
 4948      E9
 4949 01cb 542A9BA6 		.ascii	"T*\233\246\277\230S\275q"
 4949      BF9853BD 
 4949      71
 4950              		.text
 4951              		.section	.gnu.lto_chFactoryCreateObjectsFIFO.371.f378ce3a581fef05,"e",%progbits
 4952 0000 789C7593 		.ascii	"x\234u\223kh[e\030\307\337\377yO.\235\246W\323\215\201"
 4952      6B685B65 
 4952      18C7DFFF 
 4952      794F2E9D 
 4952      A657D38D 
 4953 0015 360E86F3 		.ascii	"6\016\206\363\203\213\025\245_EE\206\010\312\374\220"
 4953      838B15A5 
 4953      5F454586 
 4953      08CAFC90 
 4954 0025 8F23C9D2 		.ascii	"\217#\311\3225]\223\224\246\375\260}\331Y\232uR\305"
 4954      355D9394 
 4954      A6FDB07D 
 4954      D9599A75 
 4954      52C5
 4955 0037 2D6DF0D2 		.ascii	"-m\360\322\325\262\205\203\024Dm\305`\257\032\333]\275"
 4955      D5B28583 
 4955      14446DC5 
 4955      60AF1ADB 
 4955      5DBD
 4956 0049 CE3B63B6 		.ascii	"\316;c\266\333:\005\267V\011\202\320I\261>\317{\332"
 4956      DB3A05B7 
 4956      560982D0 
 4956      49B13ECF 
 4956      7BDA
 4957 005b DC642179 		.ascii	"\334d!y\336\234\377\371\235\347y\336\377\373\234\005"
 4957      DE9CFFF9 
 4957      9DE779DE 
 4957      FFFB9C05 
 4958 006b 9B106784 		.ascii	"\233\020g\204\020\317\321\0176\201\201T\277&\014\303"
 4958      10CFD10F 
 4958      36818154 
 4958      BF260CC3 
 4959 007b 78D2A169 		.ascii	"x\322\241i\275\251W4\234\303\027g\206w\350\311Tuv\361"
 4959      BDA95734 
 4959      9CC31767 
 4959      8677E8C9 
 4959      547576F1 
 4960 008f E6FDBA44 		.ascii	"\346\375\272D\272@\3508\232\352_\177\177\376Y\202\224"
 4960      BA40E838 
 4960      9AEA5F7F 
 4960      7FFE5982 
 4960      94
 4961 00a0 00714493 		.ascii	"\000qD\223:\216`P\016K\014HS\012\350\033\377\000\317"
ARM GAS  /tmp/ccAvL6mB.s 			page 156


 4961      3A8E6050 
 4961      0E4B0C48 
 4961      530AE81B 
 4961      FF00CF
 4962 00b3 C339C358 		.ascii	"\3039\303X=68\221}|\256\367\330\036Sjb\204\200,\360"
 4962      3D363891 
 4962      7D7CAEF7 
 4962      D81E536A 
 4962      6284802C 
 4963 00c8 11A8BA20 		.ascii	"\021\250\272 P\356\025\017\021tym\3020\252\204)%>F\011"
 4963      50EE150F 
 4963      1174796D 
 4963      C230AA84 
 4963      29253E46 
 4964 00dd 4382EFDA 		.ascii	"C\202\357\332\003\314E\024\227\237\314\316\334\204Q"
 4964      03CC4514 
 4964      979FCCCE 
 4964      DC8451
 4965 00ec 6F52D1C9 		.ascii	"oR\321\311rP\367\255(\260G\201cS\331\316=LMWRw\024u"
 4965      7250F7AD 
 4965      28B04781 
 4965      6353D9CE 
 4965      3D4C4D57 
 4966 0104 D84A379D 		.ascii	"\330J7\235\375\325Jg\303l9h\363\3655Y\035\366\202\227"
 4966      FDD54A67 
 4966      C36C3968 
 4966      F3F53559 
 4966      1DF68297 
 4967 0118 9D8CCF66 		.ascii	"\235\214\317fgn\300\0300@[\301\247(\333\214\357\275"
 4967      676EC018 
 4967      30405BC1 
 4967      A728DB8C 
 4967      EFBD
 4968 012a 26A65F2E 		.ascii	"&\246_.\3223Ys\223\326\361Y\005}Z\321\257\025\350\313"
 4968      D2335973 
 4968      93D6F159 
 4968      057D5AD1 
 4968      AF15E8CB 
 4969 013e 43EC8087 		.ascii	"C\354\200\207\321\371\012t\260\311.p\026\230\003r`\007"
 4969      D1F90A74 
 4969      B0C92E70 
 4969      16980372 
 4969      6007
 4970 0150 E9E0F8E1 		.ascii	"\351\340\370\341t\261\324bv\365\372F);\316W<\177Q\225"
 4970      74B1D462 
 4970      76F5FA46 
 4970      293BCE57 
 4970      3C7F5195 
 4971 0164 3A55A417 		.ascii	":U\244\027\262\371M\332\201\213\025\3644W\273\004\\"
 4971      B2F94DDA 
 4971      818B15F4 
 4971      3457BB04 
 4971      5C
 4972 0175 80A05316 		.ascii	"\200\240S\026\276\251&\322m\205\372\326\255\017\276"
 4972      BEA926D2 
 4972      6D85FAD6 
 4972      AD0FBE
ARM GAS  /tmp/ccAvL6mB.s 			page 157


 4973 0184 B3E58CB5 		.ascii	"\263\345\214\265\365\023\206q\355]\214\217O\254\015"
 4973      F5138671 
 4973      ED5D8C8F 
 4973      4FAC0D
 4974 0193 69DBC1AE 		.ascii	"i\333\301\256i\034$\007\235\203\215\203\235\203\203"
 4974      691C2407 
 4974      9D838D83 
 4974      9D8383
 4975 01a2 8393031F 		.ascii	"\203\223\003\037\263\323\005|\202j`\0125\202B-0\203"
 4975      B3D3057C 
 4975      826A600A 
 4975      3582422D 
 4975      3083
 4976 01b4 3ADE65BD 		.ascii	":\336e\275\240:\015\300\004\334\202\3125r/[\005w#NH"
 4976      A03A0DC0 
 4976      04DC82CA 
 4976      35722F5B 
 4976      0577234E 
 4977 01c9 9E424387 		.ascii	"\236BC\207\221\023\342\244\324\254\213\243tq\033\306"
 4977      9113E2A4 
 4977      D4AC8BA3 
 4977      74711BC6 
 4978 01d9 D29DDBDB 		.ascii	"\322\235\333\333\324\372O\273Z\376m\027y$=\"\011\315"
 4978      D4FA4FBB 
 4978      5AFE6D17 
 4978      79243D22 
 4978      09CD
 4979 01eb 94552312 		.ascii	"\224U#\022\3520y.\267(#\224\276eT*\371\035\356\375\036"
 4979      EA30792E 
 4979      B7282394 
 4979      BE65542A 
 4979      F91DEEFD 
 4980 0200 7C057CA9 		.ascii	"|\005|\251n>J\231\235\246\274\027_\343m\266;\211\204"
 4980      6E3E4A99 
 4980      9DA6BC17 
 4980      5FE36DB6 
 4980      3B8984
 4981 0213 125CF806 		.ascii	"\022\\\370\006d\212)\253U\215\364A\361'z\207\373\376"
 4981      648A29AB 
 4981      558DF441 
 4981      F1277A87 
 4981      FBFE
 4982 0225 4046D2D7 		.ascii	"@F\322\327\225!]\011t\241e\254j6\254\323\247\206\364"
 4982      95215D09 
 4982      74A165AC 
 4982      6A36ACD3 
 4982      A786F4
 4983 0238 449E7549 		.ascii	"D\236uI\034C\257\037_\240\253\032\005J\312\226\360\220"
 4983      1C43AF1F 
 4983      5FA0AB1A 
 4983      054ACA96 
 4983      F090
 4984 024a 0D24A8C4 		.ascii	"\015$\250\304o,o+f\3263\262\326\312\344fq\214\263\330"
 4984      6F2C6F2B 
 4984      66D633B2 
 4984      D6CAE466 
 4984      718CB3D8 
ARM GAS  /tmp/ccAvL6mB.s 			page 158


 4985 025e 48B634BD 		.ascii	"H\2664\275P\321\256dW\341\332A\022\276E\261X\235\252"
 4985      50D1AE64 
 4985      57E1DA41 
 4985      12BE45B1 
 4985      589DAA
 4986 0271 EEB08A9D 		.ascii	"\356\260\212\235eA\025;e\025\033\353c\246^\365Tk1s,"
 4986      6541153B 
 4986      65151BEB 
 4986      63A65EF5 
 4986      546B3173 
 4987 0286 28667CB3 		.ascii	"(f|\263\241s\324\215S\245\252'\177\217{2\322\255\234"
 4987      A173D48D 
 4987      53A5AA27 
 4987      7F8F7B32 
 4987      D2AD9C
 4988 0299 AC19A197 		.ascii	"\254\031\241\227[dd\303]\254\375\261\324\332\325\225"
 4988      5B6464C3 
 4988      5DACFDB1 
 4988      D4DAD595 
 4989 02a9 A1B4DD94 		.ascii	"\241\264\335\224\265\370\211\354\305\206\275\023+C'"
 4989      B5F889EC 
 4989      C586BD13 
 4989      2B4327
 4990 02b8 C9D93AFC 		.ascii	"\311\331:\374\314\026\253*.S\225\247Nr$\270U'\223\324"
 4990      CC16AB2A 
 4990      2E5395A7 
 4990      4E7224B8 
 4990      552793D4 
 4991 02cc C92D246F 		.ascii	"\311-$o\315o'\205-\320\324\330\362@\310+\257.\245\264"
 4991      CD6F2785 
 4991      2DD0D4D8 
 4991      F240C82B 
 4991      AF2EA5B4 
 4992 02e0 C2404C2F 		.ascii	"\302@L/\217\002\237\253\375\177\330\367\033%h\334xB"
 4992      8F029FAB 
 4992      FD7FD8F7 
 4992      1B2568DC 
 4992      7842
 4993 02f2 E00761A5 		.ascii	"\340\007a\245\275\304\252\202g\227wY\340\337$m%\320"
 4993      BDC4AA82 
 4993      67977759 
 4993      E0DF246D 
 4993      25D0
 4994 0304 7287980B 		.ascii	"r\207\230\013,(\346{\305$\322\375\244T\251\255\321^"
 4994      2C28E67B 
 4994      C524D2FD 
 4994      A454A9AD 
 4994      D15E
 4995 0316 46779AB2 		.ascii	"Fw\232\262\201x\\)\235\234\373p\225\266\246\361\326"
 4995      81785C29 
 4995      9D9CFB70 
 4995      95B6A6F1 
 4995      D6
 4996 0327 48F89DFC 		.ascii	"H\370\235\374p\342\027j4\217\267\014\335\232I\367\010"
 4996      70E2176A 
 4996      348FB70C 
 4996      DD9A49F7 
ARM GAS  /tmp/ccAvL6mB.s 			page 159


 4996      08
 4997 0338 9D3B3956 		.ascii	"\235;9Ve9\256\306\207\0127\232\324\021\357F/\037\357"
 4997      6539AEC6 
 4997      870A379A 
 4997      D411EF46 
 4997      2F1FEF
 4998 034b ABCB6FB2 		.ascii	"\253\313o\262/\345C\255\213\273\215\362\365\377\215"
 4998      2FE543AD 
 4998      8BBB8DF2 
 4998      F5FF8D
 4999 035a F28DCA51 		.ascii	"\362\215\312Q^*\035\345\305\203\342/$N?\3016\013~\325"
 4999      5E2A1DE5 
 4999      C583E22F 
 4999      244E3FC1 
 4999      360B7ED5 
 5000 036e 507CD584 		.ascii	"P|\325\204x\320\333\026\213\204\274a\177\324\373L,\330"
 5000      78D0DB16 
 5000      8B84BC61 
 5000      7FD4FB4C 
 5000      2CD8
 5001 0380 130945BB 		.ascii	"\023\011E\273\343\336\247^\334\373\374\276\200\277\303"
 5001      E3DEA75E 
 5001      DCFBFCBE 
 5001      80BFC3
 5002 038f 1F0D86C4 		.ascii	"\037\015\206\304#\335m\341\256\375\373:\375]\335\207"
 5002      23DD6DE1 
 5002      AEFDFB3A 
 5002      FD5DDD87 
 5003 039f BC4FB785 		.ascii	"\274O\267\205\003\341\027^\362\306\342\364\355\010\007"
 5003      03E1175E 
 5003      F2C6E2F4 
 5003      ED0807
 5004 03ae BCF1AEA0 		.ascii	"\274\361\256\2407\330\326\352\017v\307\272\016\355\016"
 5004      37D8D6EA 
 5004      0F76C7BA 
 5004      0EED0E
 5005 03bd 0A3DEA8F 		.ascii	"\012=\352\217\204\334%\312\356`sKKss\250E8b\201\366"
 5005      84DC25CA 
 5005      EE60734B 
 5005      4B7373A8 
 5005      45386281 
 5006 03d2 78F87048 		.ascii	"x\370pH\2475\352\244\340\357\010\037\210\352\373c\255"
 5006      A735EAA4 
 5006      E0EF081F 
 5006      88EAFB63 
 5006      AD
 5007 03e3 9D36D61F 		.ascii	"\2356\326\037S\261\331Nw\002=\255\366H\374\000-\377"
 5007      53B1D94E 
 5007      77023DAD 
 5007      F648FC00 
 5007      2DFF
 5008 03f5 01696507 		.ascii	"\001ie\0076"
 5008      36
 5009              		.text
 5010              		.section	.gnu.lto_chFactoryFindObjectsFIFO.372.f378ce3a581fef05,"e",%progbits
 5011 0000 789C7590 		.ascii	"x\234u\220\313k\023Q\024\306\3177w\246i},\205\256J\004"
 5011      CB6B1351 
ARM GAS  /tmp/ccAvL6mB.s 			page 160


 5011      14C6CF37 
 5011      77A6697D 
 5011      2C85AE4A 
 5012 0015 1FB8B0D3 		.ascii	"\037\270\260\323\200\222\255\324\".\004\245.\272,\223"
 5012      8092ADD4 
 5012      222E04A5 
 5012      2EBA2C93 
 5013 0025 E9940C34 		.ascii	"\351\224\014435\211\213\256z\223&\233n\332\244\033E"
 5013      3335898B 
 5013      AE7A9326 
 5013      9B6EDAA4 
 5013      1B45
 5014 0037 0DA50CD2 		.ascii	"\015\245\014\322\235H\325\244\361\321\301V|l\224\202"
 5014      9D48D5A4 
 5014      F1D1C156 
 5014      7C6C9482 
 5015 0047 7F80AEC4 		.ascii	"\177\200\256\304\205\024W\"\202=\367\246`Z\025\356\314"
 5015      85145722 
 5015      823DF7A6 
 5015      605A15EE 
 5015      CC
 5016 0058 DC73E6E3 		.ascii	"\334s\346\343\373\235\357\014\031D7\210\350\024?\020"
 5016      FB9DEF0C 
 5016      19443788 
 5016      E8143F10 
 5017 0068 847A6DDE 		.ascii	"\204zm\336 )\345\205\204\201Rm\376}{\363\022\236B7@"
 5017      2029E585 
 5017      8481526D 
 5017      FE7D7BF3 
 5017      129E4237 
 5018 007d B30666B1 		.ascii	"\263\006f\261$\356\012\324E\304bs\357\006$\317\304R"
 5018      24EE0AD4 
 5018      45C46273 
 5018      EF0624CF 
 5018      C452
 5019 008f FEA82EDD 		.ascii	"\376\250.\335j\236{9W\275\034\011\203\032,x\014<\002"
 5019      6A9E7B39 
 5019      57BD1C09 
 5019      831A2C78 
 5019      0C3C02
 5020 00a2 3B130BC5 		.ascii	";\023\013\305(\235f\321\207\237-)\373(\022\002Mti\270"
 5020      289D66D1 
 5020      879F2D29 
 5020      FB281202 
 5020      4D7469B8 
 5021 00b6 31B636D0 		.ascii	"1\2666\320Q\346\324\373$\213wn7\237}\202\254K\260#\326"
 5021      51E6D4FB 
 5021      248B776E 
 5021      379F7D82 
 5021      AC4BB023 
 5022 00cb B1CF732C 		.ascii	"\261\317s,\036\350!\264\241Hjz>\\=\330\266b\371\353"
 5022      1EE821B4 
 5022      A1486A7A 
 5022      3E5C3DD8 
 5022      B662F9EB 
 5023 00df F78294AF 		.ascii	"\367\202\224\257\327Qz\330\372x\307H\360\200-XZK\013"
 5023      D7517AD8 
ARM GAS  /tmp/ccAvL6mB.s 			page 161


 5023      FA78C748 
 5023      F0802D58 
 5023      5A4B0B
 5024 00f2 42C59326 		.ascii	"B\305\223&dL\264(\214NQ\342\342+\344\347\265o\375\372"
 5024      644CB428 
 5024      8C4E51E2 
 5024      E22BE4E7 
 5024      B56FFDFA 
 5025 0106 FB24A01D 		.ascii	"\373$\240\035T\222T\201\021\011\263!\240\007SY-\250"
 5025      54925481 
 5025      1109B321 
 5025      A0075359 
 5025      2DA8
 5026 0118 9BEE5BAB 		.ascii	"\233\356[\253B\267\357\203\247\357\301\013\340\271\376"
 5026      42B7EF83 
 5026      A7EFC10B 
 5026      E0B9FE
 5027 0127 39C496BD 		.ascii	"9\304\226\275\221H`\003\367\324h\025\224u\243\0271x"
 5027      91486003 
 5027      F7D46815 
 5027      9475A317 
 5027      3178
 5028 0139 9991E8D3 		.ascii	"\231\221\350\323\214\266bT\227kX\021\226\366;\324\340"
 5028      8CB66254 
 5028      976B5811 
 5028      96F63BD4 
 5028      E0
 5029 014a B5D18A10 		.ascii	"\265\321\212\020\377\001lv\003\276l\261\321al1\002{"
 5029      FF016C76 
 5029      03BE6CB1 
 5029      D1616C31 
 5029      027B
 5030 015c 88D51391 		.ascii	"\210\325\023\2218\202W\035\306Qf\224\223\034\231\335"
 5030      3882571D 
 5030      C6516694 
 5030      931C99DD 
 5031 016c 356E83A3 		.ascii	"5n\203\243\355\313\324\361\376\027\350\315_I\336\036"
 5031      EDCBD4F1 
 5031      FE17E8CD 
 5031      5F49DE1E 
 5032 017c 4CF2AE3B 		.ascii	"L\362\256;\311v@\337Q^>\257P\244V\214?+&:ng\303\234"
 5032      C97640DF 
 5032      515E3EAF 
 5032      50A4568C 
 5032      3F2B263A 
 5033 0194 67FB4E60 		.ascii	"g\373N`\217\204\356\315\234\027\024\013\366\360\265"
 5033      8F84EECD 
 5033      9C17140B 
 5033      F6F0B5
 5034 01a3 D12BE319 		.ascii	"\321+\343\031g\312\011\\\217\316\026\263~~b|\332\311"
 5034      67CA095C 
 5034      8FCE16B3 
 5034      7E7E627C 
 5034      DAC9
 5035 01b5 1767EC8B 		.ascii	"\027g\354\213Y?\343_\275n\207\005>S~\306.\344]\333\315"
 5035      593FE35F 
 5035      BD6E8705 
ARM GAS  /tmp/ccAvL6mB.s 			page 162


 5035      3E537EC6 
 5035      2EE45DDB 
 5036 01ca 4E3A6E31 		.ascii	"N:n1\314\317\014\272d\006N\316;\326\325\031tS\351t*"
 5036      CCCF0CBA 
 5036      64064ECE 
 5036      3BD6D519 
 5036      7453E974 
 5037 01df E5A5C99C 		.ascii	"\345\245\311\234\010'\247w\001\256\212\314c"
 5037      0827A777 
 5037      01AE8ACC 
 5037      63
 5038              		.text
 5039              		.section	.gnu.lto_chFactoryReleaseObjectsFIFO.373.f378ce3a581fef05,"e",%progbits
 5040 0000 789C6D91 		.ascii	"x\234m\221\317k\023A\024\307\337w\3376Ml\375q\021z\222"
 5040      CF6B1341 
 5040      14C7DF77 
 5040      DF364D6C 
 5040      FD71117A 
 5041 0015 8842E9C1 		.ascii	"\210B\351\301\2569\345*\325\243\240\324\203\307\262"
 5041      AE39E52A 
 5041      D5A3A0D4 
 5041      83C7B2
 5042 0024 D9A66421 		.ascii	"\331\246d!\315\226$\036z\3524\244\227\034L\323\366 "
 5042      CD96241E 
 5042      7AEA34A4 
 5042      971C4CD3 
 5042      F620
 5043 0036 A8399441 		.ascii	"\2509\224Ar\363\244\251\250e\025T\360\007\210\177\201"
 5043      72F3A4A9 
 5043      A8651554 
 5043      F007887F 
 5043      81
 5044 0047 144AA587 		.ascii	"\024J\245\207\266x\362 \350\333\331\324F\3550\003\357"
 5044      B678F220 
 5044      E8DBD9D4 
 5044      46ED3003 
 5044      EF
 5045 0058 FB1DE633 		.ascii	"\373\035\3463_\336K[DE\"\272 \007LXi5,RJ]\031\264\260"
 5045      5FDE4B5B 
 5045      444522BA 
 5045      20074C58 
 5045      69352C52 
 5046 0071 D86AA4F0 		.ascii	"\330j\244\360\014F\201\026,,`\225\307D\376XZ\335\354"
 5046      0C468116 
 5046      2C2C6095 
 5046      C744FE58 
 5046      5ADDEC
 5047 0084 8EA84E08 		.ascii	"\216\250N\010\315Dm9f=`\254\260f\300\356U\026\322R\361"
 5047      CD446D39 
 5047      663D60AC 
 5047      B066C0EE 
 5047      5516D252 
 5048 0099 248D864A 		.ascii	"$\215\206J}\336\333P*E\232\031]\310\033<\005\236\200"
 5048      7DDEDB50 
 5048      2A459A19 
 5048      5DC81B3C 
 5048      059E80
ARM GAS  /tmp/ccAvL6mB.s 			page 163


 5049 00ac 22E3F6DD 		.ascii	"\"\343\366\335sD\211C\222x\364\370\313@\250~\376j*\265"
 5049      73448943 
 5049      9278F4F8 
 5049      CB40A87E 
 5049      FE6A2AB5 
 5050 00c0 BD834F5D 		.ascii	"\275\203O][\376\327l\333\300\206\33469J\250l\250\220"
 5050      5BFED76C 
 5050      DBC086DC 
 5050      36394AA8 
 5050      6CA890
 5051 00d3 6899AD58 		.ascii	"h\231\255X,\212\330\205\332j\355\217\320\001\352i\252"
 5051      2C8AD885 
 5051      DA6AED8F 
 5051      D001EA69 
 5051      AA
 5052 00e4 C3D23CD0 		.ascii	"\303\322<\320f\374I\226@T\031?\321ac?\212\300\203x\001"
 5052      66FC4996 
 5052      4054193F 
 5052      D161633F 
 5052      8AC08378 
 5053 00f9 3C379797 		.ascii	"<7\227\227\205\225\324\234\304K<\214\322\324Q3F\012"
 5053      8595D49C 
 5053      C44B3C8C 
 5053      D2D45133 
 5053      460A
 5054 010b 9B905E68 		.ascii	"\233\220^h>a>Y\013h\017\265\265\006\326\031=8#\346\011"
 5054      3E613E59 
 5054      0B680FB5 
 5054      B506D619 
 5054      3D3823E6 
 5055 0120 A07351F3 		.ascii	"\240sQ\363\320:\333\010\373\231\303x%LDL1\276\011\313"
 5055      D03ADB08 
 5055      FB99C378 
 5055      254C444C 
 5055      31BE09CB 
 5056 0134 C66B9107 		.ascii	"\306k\221\007X\352\205=\331f\031G\214<.\345\233\376"
 5056      58EA853D 
 5056      D9661947 
 5056      8C3C2EE5 
 5056      9BFE
 5057 0146 949DACE6 		.ascii	"\224\235\254\346Sx+H\253\0273B\236\306\2738\347\031"
 5057      53782B48 
 5057      AB173342 
 5057      9EC6BB38 
 5057      E719
 5058 0158 93F35EF0 		.ascii	"\223\363^\360w/b\334q\354\367\377u\340\303\277\035\370"
 5058      772F62DC 
 5058      71ECF7FF 
 5058      75E0C3BF 
 5058      1DF8
 5059 016a 78D881EF 		.ascii	"x\330\201\357\250}\275\277\2374Co2\216\206At\336)\004"
 5059      A87DBDBF 
 5059      9F34436F 
 5059      328E8641 
 5059      74DE2904 
 5060 017e B379C777 		.ascii	"\263y\307wK\316\265\300\2733\233/U+\316\304\315\311"
 5060      4BCEB5C0 
ARM GAS  /tmp/ccAvL6mB.s 			page 164


 5060      BB339B2F 
 5060      552BCEC4 
 5060      CDC9
 5061 0190 EB5339B7 		.ascii	"\353S9\267\350\226\274<]\252\026\374\362\364\324\234"
 5061      E896BC3C 
 5061      5DAA16FC 
 5061      F2F4D49C 
 5062 01a0 5BAECE3B 		.ascii	"[\256\316;W\013~\316\277q\313\011*\262\213~\316\251"
 5062      570B7ECE 
 5062      BF71CB09 
 5062      2AB28B7E 
 5062      CEA9
 5063 01b2 943DC72B 		.ascii	"\224=\307+\314\270^5(\317\217{dO\0073sg\373\234q/\223"
 5063      CCB85E35 
 5063      28CF8F7B 
 5063      644F0733 
 5063      7367FB9C 
 5064 01c9 CD6632F9 		.ascii	"\315f2\371,\375\006% \274\225"
 5064      2CFD0625 
 5064      20BC95
 5065              		.text
 5066              		.section	.gnu.lto_chFactoryCreatePipe.374.f378ce3a581fef05,"e",%progbits
 5067 0000 789C7552 		.ascii	"x\234uR]HSa\030~\337\357=\373Q\263\377@\202\301\012"
 5067      5D485361 
 5067      187EDFEF 
 5067      3DFB51B3 
 5067      FF4082C1 
 5068 0015 A2BAC893 		.ascii	"\242\272\310\223Px\033\026\021\021\024v\341]2\217\213"
 5068      50781B16 
 5068      11111476 
 5068      E15D328F 
 5068      8B
 5069 0026 0DDC26DB 		.ascii	"\015\334&\333\274\260\033?\3474\260\300\246B\027\256"
 5069      BCB01B3F 
 5069      E734B0C0 
 5069      A64217AE 
 5070 0036 61E310DE 		.ascii	"a\343\020\336\205\241h\17783\372\301\204\260B\274(\304"
 5070      85A1687F 
 5070      3833FAC1 
 5070      84B042BC 
 5070      28C4
 5071 0048 20B28B92 		.ascii	" \262\213\222u\221\230e\357w6l+\204s\276s\276\367<\337"
 5071      75919865 
 5071      EF77366C 
 5071      2B8473BE 
 5071      73BEF73C 
 5072 005d FB3CEFF3 		.ascii	"\373<\357\363\234\032\002h\001\200\263|\243\015\260"
 5072      9C1A0268 
 5072      0180B37C 
 5072      A30DB0
 5073 006c 37D12D40 		.ascii	"7\321-@Jy\302!DG\342\232\300\3078};\271_\213'\266\216"
 5073      4A79C221 
 5073      4447E29A 
 5073      C0C7387D 
 5073      3BB95F8B 
 5074 0083 7EF8E8D2 		.ascii	"~\370\350\322\010\3737\020\032\266'\272\347^N\235f\220"
 5074      08FB3710 
ARM GAS  /tmp/ccAvL6mB.s 			page 165


 5074      1AB627BA 
 5074      E75E4E9D 
 5074      6690
 5075 0095 55406813 		.ascii	"U@h\023\244a\033\366Q\222\260\227L\002\324\362o\210"
 5075      A4611BF6 
 5075      5192B097 
 5075      4C02D4F2 
 5075      6F88
 5076 00a7 EEC31929 		.ascii	"\356\303\031)W:\373V\307\216Mvt\2361I@\212\001\243\210"
 5076      573AFB56 
 5076      C78E4D76 
 5076      749E3149 
 5076      408A01A3 
 5077 00bc 23C8ECC0 		.ascii	"#\310\354\300@\252\205\203\014z\375~\\\312\0220\211"
 5077      40AA8583 
 5077      0C7AFD7E 
 5077      5CCA1230 
 5077      89
 5078 00cd 700C0B30 		.ascii	"p\014\0130\\\250\233w)\\ \207[\315\3434\274_\214\323"
 5078      5CA89B77 
 5078      295C2087 
 5078      5BCDE334 
 5078      BC5F8CD3 
 5079 00e1 EA3EB972 		.ascii	"\352>\271r\035\303j=\300\340\345\237ck\013({%23>\304"
 5079      1DC36A3D 
 5079      C0E0E59F 
 5079      636B0B28 
 5079      7B253233 
 5080 00f7 22EEBAEF 		.ascii	"\"\356\272\357.;\340#T\212\224\023|\361\356\356\254"
 5080      2E3BE023 
 5080      548A9413 
 5080      7CF1EEEE 
 5080      AC
 5081 0108 2D23D7D6 		.ascii	"-#\327\326{\244\234\233\300\366\341\225\231\244(G\356"
 5081      7BA49C9B 
 5081      C0F6E195 
 5081      99A42847 
 5081      EE
 5082 0119 6E13BCD8 		.ascii	"n\023\274\330\211\027\341@|\200N\304q,\265\316C\017"
 5082      8917E140 
 5082      7C804EC4 
 5082      712CB5CE 
 5082      430F
 5083 012b 2973A486 		.ascii	")s\244\2062\003p\203Dn\323\316\233/(\027\177|\253\260"
 5083      32037083 
 5083      446ED3CE 
 5083      9B2F2817 
 5083      7F7CABB0 
 5084 013f 9EAB2158 		.ascii	"\236\253!X\306\270\033\342(Lr\244\010-\261\312''\252"
 5084      C6B81BE2 
 5084      284C72A4 
 5084      082DB1CA 
 5084      2727AA
 5085 0152 37ABEE1C 		.ascii	"7\253\356\034\"\253|Gq\226`\006q\302\372x\224[:M*\305"
 5085      22AB7C47 
 5085      71966006 
 5085      71C2FA78 
ARM GAS  /tmp/ccAvL6mB.s 			page 166


 5085      945B3A4D 
 5086 0168 49BCA5E4 		.ascii	"I\274\245\344\3061f\025\312\360\011r\024&m\2618~\207"
 5086      C6316615 
 5086      CAF00972 
 5086      14266DB1 
 5086      387E87
 5087 017b E02B7624 		.ascii	"\340+v$\273~\2114a\232\034\252\273\015\027\200\231\257"
 5087      BB7E8934 
 5087      619A1CAA 
 5087      BB0D1780 
 5087      99AF
 5088 018d BAD3546A 		.ascii	"\272\323Tjq\224\2478\006H\223s\023\322g\205\244\343"
 5088      7194A738 
 5088      06489373 
 5088      13D26785 
 5088      A4E3
 5089 019f 4F93596E 		.ascii	"O\223Yn\277\025\23731\346\211W\326\007.\231\264\015"
 5089      BF159F33 
 5089      31E68957 
 5089      D6072E99 
 5089      B40D
 5090 01b1 5F28EE74 		.ascii	"_(\356tn\010\033\262\234\355\254\"\346fS\230\313\022"
 5090      6E081BB2 
 5090      9CEDAC22 
 5090      E6665398 
 5090      CB12
 5091 01c3 74335B01 		.ascii	"t3[\001K\030_\232\332\313\025\005\023\226\367\312&\232"
 5091      4B185F9A 
 5091      DACB1505 
 5091      1396F7CA 
 5091      269A
 5092 01d5 BFBE9810 		.ascii	"\277\276\230\020\0336\015d\017\261\366X\1777\237\025"
 5092      1B360D64 
 5092      0FB1F658 
 5092      7F379F15 
 5093 01e5 9618661F 		.ascii	"\226\030f\037r\231\264\203O\342t\241\013;\361\025\213"
 5093      7299B483 
 5093      4FE274A1 
 5093      0B3BF115 
 5093      8B
 5094 01f6 114A0C17 		.ascii	"\021J\014\027>\363\004v\234\341\276<\372\275\256w\366"
 5094      3EF30476 
 5094      9CE1BE3C 
 5094      FABDAE77 
 5094      F6
 5095 0207 34519E0C 		.ascii	"4Q\236\014r\243w\015\226\345\\\337\225\"R\223\013\013"
 5095      72A3770D 
 5095      96E55CDF 
 5095      95225293 
 5095      0B0B
 5096 0219 E23069B7 		.ascii	"\3420i\267\245D+\016l\2305\027%\245\301f\371\314\376"
 5096      A5442B0E 
 5096      6C983517 
 5096      25A5C166 
 5096      F9CCFE
 5097 022c 97CF9B7F 		.ascii	"\227\317\233\177\363y[\230\317H\030\262\030\033<\256"
 5097      F3795B98 
ARM GAS  /tmp/ccAvL6mB.s 			page 167


 5097      CF4818B2 
 5097      181B3CAE 
 5098 023c EC01F5E3 		.ascii	"\354\001\365\343\340\337\037\007`\237\356\013\005\274"
 5098      E0DF1F07 
 5098      609FEE0B 
 5098      05BC
 5099 024a BADF13D4 		.ascii	"\272\337\023\324O\205\214\226\2007\030\215\3505\027"
 5099      4F858C96 
 5099      8037188D 
 5099      E83517
 5100 0259 6ACFD537 		.ascii	"j\317\3257x\232<A\303\013G\242>\177\270\261\276\331"
 5100      789A3C41 
 5100      C30B47A2 
 5100      3E7FB8B1 
 5100      BED9
 5101 026b 138EB6EA 		.ascii	"\023\216\266\352'}\376\006\377\371\213z(\302W\223\277"
 5101      277DFE06 
 5101      FFF98B7A 
 5101      28C25793 
 5101      BF
 5102 027c 418F840D 		.ascii	"A\217\204\015\335\360]\366\030\321P\270\265\322\000"
 5102      DDF05DF6 
 5102      18D150B8 
 5102      B5D200
 5103 028b 2DE80978 		.ascii	"-\350\011x\367\024T*\215\252\352\352\252*o5h\021\377"
 5103      F714542A 
 5103      8DAAEAEA 
 5103      AA2A6F35 
 5103      6811FF
 5104 029e 152F3536 		.ascii	"\025/567\377\001\350\364,8"
 5104      37FF01E8 
 5104      F42C38
 5105              		.text
 5106              		.section	.gnu.lto_chFactoryFindPipe.375.f378ce3a581fef05,"e",%progbits
 5107 0000 789C7550 		.ascii	"x\234uP=h\023a\030~\237{sM\353\317\340 v)\304A\305\241"
 5107      3D681361 
 5107      187E9F7B 
 5107      734DEBCF 
 5107      E0207629 
 5108 0018 3D034A16 		.ascii	"=\003J\026\007\321R\034\004\245\016\035\303\345z\222"
 5108      07D1521C 
 5108      04A50E1D 
 5108      C3E57A92 
 5109 0028 83E687BB 		.ascii	"\203\346\207\273t\350\324\2571Y\272\264I)t\320P\312"
 5109      74E8D4AF 
 5109      3159BAB4 
 5109      492974D0 
 5109      50CA
 5110 003a 215DC445 		.ascii	"!]\304Ei\323\372\023\251\202\277 \256\016\212\203\212"
 5110      69D3FA13 
 5110      A982BF20 
 5110      AE0E8A83 
 5110      8A
 5111 004b 53A98B42 		.ascii	"S\251\213B@\337\373R0\365\007\276\273\373\336\347\036"
 5111      40DFFB52 
 5111      30F507BE 
 5111      BBFBDEE7 
ARM GAS  /tmp/ccAvL6mB.s 			page 168


 5111      1E
 5112 005c 9E9F77D0 		.ascii	"\236\237w\320 *\022\321qy\300\204zm\326 \245\324\271"
 5112      202A12D1 
 5112      7179C084 
 5112      7A6DD620 
 5112      A5D4B9
 5113 006f B88199DA 		.ascii	"\270\201\231\332\354\347W[#\330\204\006@\323\006\246"
 5113      ECE7575B 
 5113      23D88406 
 5113      40D306A6 
 5114 007f B1C03718 		.ascii	"\261\3007\030u\016\205\034\333\275\001\211\223-\245"
 5114      750E851C 
 5114      DBBD0189 
 5114      932DA5
 5115 008e BE571736 		.ascii	"\276W\0276\233\247\037_\257^\014\331\240\206\020\356"
 5115      9BA71F5F 
 5115      AF5E0CD9 
 5115      A08610EE 
 5116 009e 017721CA 		.ascii	"\001w!\312$D\036\245\023Bz\363n]\251>\012\231\261\206"
 5116      24441EA5 
 5116      13427AF3 
 5116      6E5DA93E 
 5116      0A99B186 
 5117 00b2 2E8E0063 		.ascii	".\216\000c\267\007:\314\\\364>&\344\355\373\315\366"
 5117      B7073ACC 
 5117      5CF43E26 
 5117      E4EDFBCD 
 5117      F6
 5118 00c3 07A8BA82 		.ascii	"\007\250\272\202(\242\211=\232c\033\003=\204\015DNQ"
 5118      28A2893D 
 5118      9A631B03 
 5118      3D840D44 
 5118      4E51
 5119 00d5 7A3932DD 		.ascii	"z92\335yk\266T\373\347\234R\357_\242\366z\355\323\241"
 5119      796BB654 
 5119      FBE79C52 
 5119      EF5FA2F6 
 5119      7AEDD3A1 
 5120 00e9 B8E45B87 		.ascii	"\270\344[\207\251\2514\307Q;\025\203j\021\315\263\321"
 5120      A9A934C7 
 5120      513B1583 
 5120      6A11CDB3 
 5120      D1
 5121 00fa 196664F8 		.ascii	"\031fd\370\012\365\361\307N\277\376\266}\332F%A\025"
 5121      0AF5F1C7 
 5121      4EBFFEB6 
 5121      7DDA4625 
 5121      4115
 5122 010c 1821C71A 		.ascii	"\030!\307\032\014\235+\252j\"\272i\334\\e\015\337\202"
 5122      0C9D2BAA 
 5122      6A22BA69 
 5122      DC5C650D 
 5122      DF82
 5123 011e 84EFC143 		.ascii	"\204\357\301C\340\201\376yJ${C\216\343\021nF\311*(k"
 5123      E081FE79 
 5123      4A247B43 
 5123      8EE3116E 
ARM GAS  /tmp/ccAvL6mB.s 			page 169


 5123      46C92A28 
 5124 0133 A0172DC8 		.ascii	"\240\027-\310.C\356\323\036\363\201xT\227\323+lj\271"
 5124      2E43EED3 
 5124      1EF38178 
 5124      5497D32B 
 5124      6C6AB9
 5125 0146 7D0D591A 		.ascii	"}\015Y\032\2550\377G\177\253[\177\365l\310\373\361D"
 5125      AD30FF47 
 5125      7FAB5B7F 
 5125      F56CC8FB 
 5125      F144
 5126 0158 0CB06BF0 		.ascii	"\014\260k\360\345H\310\007\360\264\343pP\034\312\011"
 5126      E548C807 
 5126      F0B4E370 
 5126      501CCA09 
 5127 0168 292CE2DA 		.ascii	"),\342\332l\361[\377\336F\035\351\177\371<\373\253\307"
 5127      6CF15BFF 
 5127      DE461DE9 
 5127      7FF93CFB 
 5127      ABC7
 5128 017a F33F7BBC 		.ascii	"\363?{\274\350\356\261\024\320\016\312\313g\"+\212\026"
 5128      E8EEB114 
 5128      D00ECACB 
 5128      67222B8A 
 5128      16
 5129 018b 8CDF0B26 		.ascii	"\214\337\013&:je\0139\327\362\354\2745\\p&sn\276\024"
 5129      3A6A650B 
 5129      39D7F2EC 
 5129      BC355C70 
 5129      26736EBE 
 5130 01a0 58E7AF8C 		.ascii	"X\347\257\214^Jg\354\011;\357\2704X\312z\376x\272h\373"
 5130      5E4A67EC 
 5130      093BEFB8 
 5130      3458CA7A 
 5130      FE78BA68 
 5131 01b5 A529EB42 		.ascii	"\245)\353B\326\313x\227\257Z\205@\316\204\227\261\002"
 5131      D6CB7897 
 5131      AF5A8540 
 5131      CE8497B1 
 5131      02
 5132 01c6 DFB19CEC 		.ascii	"\337\261\234\3545\333)\025\374\251!\207by;\347\036\356"
 5132      35DB2915 
 5132      FCA92187 
 5132      62793BE7 
 5132      1EEE
 5133 01d8 42869C64 		.ascii	"B\206\234d*\225L\272)\342\361b\361\027L\226\313\244"
 5133      2A954CBA 
 5133      29E2F162 
 5133      F1174C96 
 5133      CBA4
 5134              		.text
 5135              		.section	.gnu.lto_chFactoryReleasePipe.376.f378ce3a581fef05,"e",%progbits
 5136 0000 789C6D91 		.ascii	"x\234m\221Mh\023Q\024\205\357\231;M\023\177\273\021"
 5136      4D681351 
 5136      1485EF99 
 5136      3B4D137F 
 5136      BB11
ARM GAS  /tmp/ccAvL6mB.s 			page 170


 5137 0012 BA11232E 		.ascii	"\272\021#.\304\205\035\2631[\251.\013\226\012n\313d"
 5137      C4851DB3 
 5137      315BA92E 
 5137      0B960A6E 
 5137      CB64
 5138 0024 1AC9609B 		.ascii	"\032\311`\233\204L\\t\325\327\220B\311&\375qY\263(\217"
 5138      844C5C74 
 5138      D5D79042 
 5138      C926FD71 
 5138      59B3288F 
 5139 0038 D29D2BB5 		.ascii	"\322\235+\265\301\037FA\005\025\0247\202\013)\205Bu"
 5139      C11F4641 
 5139      05151437 
 5139      820B2985 
 5139      4275
 5140 004a 21D56EBA 		.ascii	"!\325n\272\020\364\316\233\324\246\332\307{p\317y3\337"
 5140      10F4CE9B 
 5140      D4A6DAC7 
 5140      7B70CF79 
 5140      33DF
 5141 005c 3BDC9BB6 		.ascii	";\334\233\266\210n\023\32199`\302\302|\303\"\245\324"
 5141      886E13D1 
 5141      393960C2 
 5141      C27CC322 
 5141      A5D4
 5142 006e 955E0BD3 		.ascii	"\225^\013\323\363\215\024\3320\0124ea\012\213|A\344"
 5142      F38D14DA 
 5142      300A3465 
 5142      610A8B7C 
 5142      41E4
 5143 0080 EECCE2D7 		.ascii	"\356\314\342\327v\277Z\015\241\231\250%\307\254%\306"
 5143      76BF5A0D 
 5143      A199A825 
 5143      C7AC25C6 
 5144 0090 026B06EC 		.ascii	"\002k\006\354Ne!-\025\217\320\371P\251\017\357\327\224"
 5144      4E65212D 
 5144      158FD0F9 
 5144      50A90FEF 
 5144      D794
 5145 00a2 4A9166C6 		.ascii	"J\221f\306#\310?x\010<\000E\306\315\331\323D\211=\222"
 5145      23C83F78 
 5145      083C0045 
 5145      C6CDD9D3 
 5145      44893D92 
 5146 00b6 7874FF63 		.ascii	"xt\377cO\250~\375n*\265\271\211\335\266-\357k\266m`"
 5146      4FA87EFD 
 5146      6E2AB5B9 
 5146      89DDB62D 
 5146      EF6BB66D 
 5147 00cb 4D6E9B1C 		.ascii	"Mn\233\034%T6TH4\307V,\246E|\203\332\370\264\323O\333"
 5147      25543654 
 5147      4834C756 
 5147      2CA6457C 
 5147      83DAF8B4 
 5148 00e2 A8A7A90E 		.ascii	"\250\247\251\016KsO\213\3617Y\002Qe\374\304*\033{%\002"
 5148      4B734F8B 
 5148      F1375902 
ARM GAS  /tmp/ccAvL6mB.s 			page 171


 5148      5165FCC4 
 5148      2A1B7B25 
 5149 00f7 F7E209F0 		.ascii	"\367\342\011\360\330\\^\022VRs\022Oq/JSG\315\030)<\203"
 5149      D85C5E12 
 5149      56527312 
 5149      4F712F4A 
 5149      5347CD18 
 5150 010e F442F311 		.ascii	"\364B\363\021\363\310\347\200\276\243v\267\201eF\007"
 5150      F3C8E780 
 5150      BEA376B7 
 5150      81654607 
 5151 011e CE887902 		.ascii	"\316\210y\002\330:\243\371\3502\333\010\273\231\307"
 5151      D83AA3F9 
 5151      E832DB08 
 5151      BB99C7
 5152 012d F05C9888 		.ascii	"\360\\\230\210\230\3217\302\262\361B\3446f:a\217\267"
 5152      98D137C2 
 5152      B2F142E4 
 5152      36663A61 
 5152      8FB7
 5153 013f 58C61123 		.ascii	"X\306\021#\017K\371\262;\345\326e\315'\360J\220V'f\204"
 5153      0F4BF9B2 
 5153      3BE5D665 
 5153      CD27F04A 
 5153      90562766 
 5154 0154 3C89D771 		.ascii	"<\211\327q\316>\223\363Kp\260\0271\3560\366\233\377"
 5154      CE3E93F3 
 5154      4B70B017 
 5154      31EE30F6 
 5154      9BFF
 5155 0166 3AF0F6DF 		.ascii	":\360\366\337\016\274\333\353\300O\324\326\177\354$"
 5155      0EBCDBEB 
 5155      C04FD4D6 
 5155      7FEC24
 5156 0175 CDD09B8C 		.ascii	"\315\320\233\214\375a\020\235u\012\245\211\274\343\273"
 5156      FD61109D 
 5156      750AA589 
 5156      BCE3BB
 5157 0184 45E75AC9 		.ascii	"E\347Z\311\2733\221/V\003gpxdh4\347\216\273E/O\027\253"
 5157      BB33912F 
 5157      56036770 
 5157      78646834 
 5157      E78EBB45 
 5158 019c 05BF3236 		.ascii	"\005\27726Zv+\325I\347j\301\317\371\327o8\245@\366\270"
 5158      5A762BD5 
 5158      49E76AC1 
 5158      CFF9D76F 
 5158      38A540F6 
 5159 01b1 9F73828A 		.ascii	"\237s\202\212\347x\205[\256W-U&\007<\342\261r\371T\227"
 5159      E778855B 
 5159      AE572D55 
 5159      26073CE2 
 5159      B172F954 
 5160 01c6 31E065B2 		.ascii	"1\340e\262\331L&\237\245?\317\345\276\021"
 5160      D94C269F 
 5160      A53FCFE5 
 5160      BE11
ARM GAS  /tmp/ccAvL6mB.s 			page 172


 5161              		.text
 5162              		.section	.gnu.lto_dyn_create_object_pool.part.0.399.f378ce3a581fef05,"e",%progbits
 5163 0000 789C7593 		.ascii	"x\234u\223_HSq\024\307\177\337\373\273\273\333\262\246"
 5163      5F485371 
 5163      14C77FDF 
 5163      FBBBBBDB 
 5163      B2A6
 5164 0012 14BEF464 		.ascii	"\024\276\364d\017\"\005y\023\"{\224\3521(\354a\017="
 5164      0F220579 
 5164      13227B94 
 5164      EA3128EC 
 5164      610F3D
 5165 0025 C89C8B0D 		.ascii	"\310\234\213\015\334\237\346$z\362j\223`\005niB\245"
 5165      DC9FE624 
 5165      7AF26A93 
 5165      60056E69 
 5165      42A5
 5166 0037 4BC6147D 		.ascii	"K\306\024}\312\207\0245K\313$\213\230b=\024\371\024"
 5166      CA871435 
 5166      4BCB248B 
 5166      98623D14 
 5166      F914
 5167 0049 081A65CB 		.ascii	"\010\032e\313\222L\002;\277\337\335pF\301\335o\277\337"
 5167      924C023B 
 5167      BFDFDD70 
 5167      46C1DD6F 
 5167      BFDF
 5168 005b 39DFF339 		.ascii	"9\337\3639\347\236\337\271\2379cW\030c\027\351\007+"
 5168      E79EDFB9 
 5168      9F396357 
 5168      186317E9 
 5168      072B
 5169 006d 43B78D19 		.ascii	"C\267\215\031\206Qc\325\260_\376+\312\265\304\015\005"
 5169      865163D5 
 5169      B05FFE2B 
 5169      CAB5C40D 
 5169      05
 5170 007e B3F830F0 		.ascii	"\263\3700\360\335\256F\023\216\376\3677O\250\034\267"
 5170      DDAE4613 
 5170      8EFEF737 
 5170      4FA81CB7 
 5171 008e 13B19F63 		.ascii	"\023\261\237c'\245D\025\207\371\211\343\362`Ak\"\246"
 5171      27A54415 
 5171      87F989E3 
 5171      F260416B 
 5171      22A6
 5172 00a0 980CB016 		.ascii	"\230\014\260\026M\341\252\005-\350\344=\034\267x\232"
 5172      4DE1AA05 
 5172      2DE8E43D 
 5172      1CB7789A 
 5173 00b0 33A8B91D 		.ascii	"3\250\271\035PF\273\303\323\206\261\331\336\271\266"
 5173      5046BBC3 
 5173      D386B1D9 
 5173      DEB9B6
 5174 00bf 5CD43338 		.ascii	"\\\32438\255\246\271\302\222\244\031\001\036\202*b\302"
 5174      ADA6B9C2 
 5174      92A41901 
ARM GAS  /tmp/ccAvL6mB.s 			page 173


 5174      1E822A62 
 5174      C2
 5175 00d0 1DDFF120 		.ascii	"\035\337\361 \347\301(y)\232\327\212\265\202D\013[c"
 5175      E7C12879 
 5175      299AD78A 
 5175      B582440B 
 5175      5B63
 5176 00e2 86616769 		.ascii	"\206agi\3161\206\035\004\306A&\347Ry\205\004\031\002"
 5176      CE31861D 
 5176      04C64126 
 5176      E7527985 
 5176      041902
 5177 00f5 642AB04B 		.ascii	"d*\260K!a\376<l\370k\373u\243\204\244*\036\025\302&"
 5177      2161FE3C 
 5177      6CF86BFB 
 5177      75A384A4 
 5177      2A1E15C2 
 5178 010a 49AA3A57 		.ascii	"I\252:W\012a\246\002\273\024\022v9\017\313n\366\337"
 5178      0A61A602 
 5178      BB141276 
 5178      390FCB6E 
 5178      F6DF
 5179 011c 77C4C96E 		.ascii	"w\304\311n\301\223B\330\22409\177\024\302L\005v)\230"
 5179      C19342D8 
 5179      9430397F 
 5179      14C24C05 
 5179      762998
 5180 012f F9A211B1 		.ascii	"\371\242\021\261\226\013\334\257\331\230#\336j\243\206"
 5180      960BDCAF 
 5180      D99823DE 
 5180      6AA386
 5181 013e E06921EF 		.ascii	"\340i!\357\031\265\304\271]N2M\036\204k\006\3710\221"
 5181      19B5C4B9 
 5181      5D4E324D 
 5181      1E846B06 
 5181      F93091
 5182 0151 215AC6F2 		.ascii	"!Z\306\362Q(\214b\024\360\034\262\275\024\300\304C\347"
 5182      51288C62 
 5182      14F01CB2 
 5182      BD14C0C4 
 5182      43E7
 5183 0163 078B16C3 		.ascii	"\007\213\026\303\370\275\335a\030KG\016\024\003\230"
 5183      F8BDDD61 
 5183      184B470E 
 5183      140398
 5184 0172 8622749C 		.ascii	"\206\"t\234 \232\012L\300\002<\246d\304\264\212\205"
 5184      209A0A4C 
 5184      C0023CA6 
 5184      64C4B48A 
 5184      85
 5185 0183 B10E2E2E 		.ascii	"\261\016..\336P!\266\232\271\345,\316\225\374\366\023"
 5185      DE5021B6 
 5185      9AB9E52C 
 5185      CE95FCF6 
 5185      13
 5186 0194 8C8F7732 		.ascii	"\214\217w2v\032'\226E\264\2579\305\225(\2244\267&Ex"
 5186      761A2796 
ARM GAS  /tmp/ccAvL6mB.s 			page 174


 5186      45B4AF39 
 5186      C5952894 
 5186      34B72645 
 5187 01a9 8AD30BDB 		.ascii	"\212\323\013\333H\324VFy\310'\365\3672`\253\210\256"
 5187      48D45646 
 5187      79C827F5 
 5187      F73260AB 
 5187      88AE
 5188 01bb CC1C248B 		.ascii	"\314\034$\213\030\034EN\006#.\1777rw\236\345\270\275"
 5188      181C454E 
 5188      06232E7F 
 5188      3772779E 
 5188      E5B8BD
 5189 01ce 1985C515 		.ascii	"\031\205\305\025c\256\313*}\352\320\253\345a\236\363"
 5189      63AECB2A 
 5189      7DEAD0AB 
 5189      E5619EF3 
 5190 01de 8D10630D 		.ascii	"\215\020c\015m]\261\015%\305\305(\016\200*\266\023\020"
 5190      6D5DB10D 
 5190      25C5C528 
 5190      0E802AB6 
 5190      1310
 5191 01f0 2F648B8E 		.ascii	"/d\213\216Q\201\324\322=\230C/}\021,\012\323\240\341"
 5191      5181D4D2 
 5191      3D98432F 
 5191      7D112C0A 
 5191      D3A0E1
 5192 0203 2565CBA2 		.ascii	"%e\313\242\275\317\312d\245EI\032\026\252T%N\232\357"
 5192      BDCFCA64 
 5192      A545491A 
 5192      16AA5425 
 5192      4E9AEF
 5193 0216 95F45187 		.ascii	"\225\364Q\207\200\257\2578\376\006\013\352 \311\366"
 5193      80AFAF38 
 5193      FE060BEA 
 5193      20C9F6
 5194 0225 E1356109 		.ascii	"\3415a\011$\312w\0002j\334\254ir\2504\305\265\3347\241"
 5194      24CA7700 
 5194      326ADCAC 
 5194      6972A834 
 5194      C5B5DC37 
 5195 023a CA6224A3 		.ascii	"\312b$\2438E\3430o2\344e/\020\202\232$b\262\261/\370"
 5195      3845E330 
 5195      6F32E465 
 5195      2F10829A 
 5195      2462B2B1 
 5196 0250 5FAE122C 		.ascii	"_\256\022,\222P\326\250\311<Sf\236\356U\307\277\320"
 5196      9250D6A8 
 5196      C93C5366 
 5196      9EEE55C7 
 5196      BFD0
 5197 0262 83B2A16F 		.ascii	"\203\262\241oMv\276\345o2\220=\264\344\357m\035m5\344"
 5197      4D76BEE5 
 5197      6F32903D 
 5197      B4E4EF6D 
 5197      1D6D35E4 
 5198 0276 159DDD82 		.ascii	"\025\235\335\202\225\322\361\265oY\033]#E\250\311\015"
ARM GAS  /tmp/ccAvL6mB.s 			page 175


 5198      95D2F1B5 
 5198      6F591B5D 
 5198      2345A8C9 
 5198      0D
 5199 0287 2F5D374C 		.ascii	"/]7L\255\250\360\220\356\015\372=\272\317\025\320\317"
 5199      ADA8F090 
 5199      EE0DFA3D 
 5199      BACF15D0 
 5199      CF
 5200 0298 04DDCD7E 		.ascii	"\004\335\315~O \322\244\237:_{\266\256\336\325\350\012"
 5200      4F20D2A4 
 5200      9F3A5F7B 
 5200      B6AEDED5 
 5200      E80A
 5201 02aa B83DEC68 		.ascii	"\270=\354h\304\353\0137\324\205\\\341\310U\375\264\327"
 5201      C4EB0B37 
 5201      D4855CE1 
 5201      C855FDB4 
 5201      D7
 5202 02bb 57EF3B77 		.ascii	"W\357;wA\0176\321\323\350\253\327\233\302n\335\355\275"
 5202      410F36D1 
 5202      D3E8ABD7 
 5202      9BC26EDD 
 5202      EDBD
 5203 02cd E4724782 		.ascii	"\344rG\202\341\253\225n\246\006\\~Oi\201\245\322]U]"
 5203      E1AB956E 
 5203      A6065C7E 
 5203      4F6981A5 
 5203      D25D555D 
 5204 02e1 5D55E5A9 		.ascii	"]U\345\251f\274\2411\244\370C\274\301\023\372\003;N"
 5204      66BCA131 
 5204      A4F843BC 
 5204      C113FA03 
 5204      3B4E
 5205 02f3 5FB9     		.ascii	"_\271"
 5206              		.text
 5207              		.section	.gnu.lto_dyn_release_object_pool.part.0.401.f378ce3a581fef05,"e",%progbits
 5208 0000 789C7553 		.ascii	"x\234uS[hTW\024=\353\234s\357\334\010\246\005\333\237"
 5208      5B685457 
 5208      143DEB9C 
 5208      73EFDC08 
 5208      A605DB9F 
 5209 0014 82108510 		.ascii	"\202\020\205\020\372\241c\372a~\372!\265\237BE!\277"
 5209      FAA163FA 
 5209      617EFA21 
 5209      B59F4245 
 5209      21BF
 5210 0026 32194766 		.ascii	"2\031Gf`\222\014\223T\352W\256\351\2500\332f\306g\321"
 5210      60920C93 
 5210      54EA57AE 
 5210      E9A830DA 
 5210      66C667D1 
 5211 003a 24C23018 		.ascii	"$\3020\030\237\025i\261\251Mt\314\264\031\223\326\321"
 5211      9F1569B1 
 5211      A94D74CC 
 5211      B41993D6 
 5211      D1
ARM GAS  /tmp/ccAvL6mB.s 			page 176


 5212 004b 28564110 		.ascii	"(VA\0201?\306G\014\225\202\217\026\335\373\334\231\344"
 5212      313FC647 
 5212      0C95828F 
 5212      16DDFBDC 
 5212      99E4
 5213 005d C6C765E6 		.ascii	"\306\307e\346r\316\336k\257\265\366>\347\336\325Bt\011"
 5213      72CEDE6B 
 5213      AFB5F63E 
 5213      E7DED542 
 5213      7409
 5214 006f 21F6D21F 		.ascii	"!\366\322\0375\002?tC\270\256\273* e*\273S\3422n\226"
 5214      35023F74 
 5214      43B8AEBB 
 5214      2A20652A 
 5214      BB53E232 
 5215 0085 4694FE36 		.ascii	"F\224\3766[{lp\370s\255\260\357\314\207\036@c\1776\375"
 5215      5B7B6C70 
 5215      F873ADB0 
 5215      EFCC871E 
 5215      40637F36 
 5216 009a E4F09026 		.ascii	"\344\360\220&\214\0118\330\347x)Kv{\265\246f{\266\326"
 5216      8C0938D8 
 5216      E778294B 
 5216      767BB5A6 
 5216      667BB6D6 
 5217 00ae 70D83890 		.ascii	"p\3308\220MK\017\021\300\326l\2724\264\024#^-D\227T"
 5217      4D4B0F11 
 5217      C0D66CBA 
 5217      34B41423 
 5217      5E2D4497 
 5218 00c3 DAB1EC00 		.ascii	"\332\261\354\000\272\244%\346\236=\252W\341S\302<\333"
 5218      BAA425E6 
 5218      9E3DAA57 
 5218      E153C23C 
 5218      DB
 5219 00d4 B6E7E440 		.ascii	"\266\347\344@\300=Z@^\011\321\257*yNe\346\242\3406~"
 5219      C03D5A40 
 5219      5E09D1AF 
 5219      2A794E65 
 5219      E6A2E036 
 5220 00e9 A63755ED 		.ascii	"\2467U\355Vy\005\350\312J\242\216Vj\035g\032\012\256"
 5220      567905E8 
 5220      CA4AA28E 
 5220      566A1D67 
 5220      1A0AAE
 5221 00fc 7BF5D1A0 		.ascii	"{\365\321\240\353\326\210\274R\030\004\321\341\027\340"
 5221      EBD688BC 
 5221      521804D1 
 5221      E117E0
 5222 010b 2C047E25 		.ascii	",\004~%&\325\234\252gL\246\327-\350*\002\363\020L\243"
 5222      26D59CAA 
 5222      674CA6D7 
 5222      2DE82A02 
 5222      F3104CA3 
 5223 011f E255B299 		.ascii	"\342U\262\231S\003\007k3\024\327\370\315O6\304\241\346"
 5223      5303076B 
 5223      3314D7F8 
ARM GAS  /tmp/ccAvL6mB.s 			page 177


 5223      CD4F36C4 
 5223      A1E6
 5224 0131 8C9FCC43 		.ascii	"\214\237\314C`\036\302\220%f\311~\334q\310\220Y8\357"
 5224      601EC290 
 5224      2566C97E 
 5224      DC71C890 
 5224      5938EF
 5225 0144 27BBC0A1 		.ascii	"'\273\300\241\346^?\231\207\300<\2040\315\333fF\270"
 5225      E65E3F99 
 5225      87C03C84 
 5225      30CDDB66 
 5225      46B8
 5226 0156 086156E0 		.ascii	"\010aV\340\025X\246\203\263\365,3]L\327f\266:\334_\221"
 5226      1558A683 
 5226      B3F52C33 
 5226      5D4CD766 
 5226      B63ADC5F 
 5227 016b 586495E5 		.ascii	"Xd\225\345w\032_\363\337\015\206\2047\234\372\003\306"
 5227      771A5FF3 
 5227      DF0D8684 
 5227      379CFA03 
 5227      C6
 5228 017c E337B31E 		.ascii	"\3437\263\036\037\025=\217\012\243\376\332\222\231\336"
 5228      1F153D8F 
 5228      0AA3FEDA 
 5228      9299DE
 5229 018b F986AAC6 		.ascii	"\371\206\252\306\311\201\035U\215Q\277\323\022<\233"
 5229      C9811D55 
 5229      8D51BFD3 
 5229      123C9B
 5230 019a 86EBF1A4 		.ascii	"\206\353\361\244\177x\263\\cfx\343os\2751\302\261\012"
 5230      7F78B35C 
 5230      636678E3 
 5230      6F73BD31 
 5230      C2B10A
 5231 01ad 97CDB7E4 		.ascii	"\227\315\267\344\316O\012\343\300%\212\2170\331\373"
 5231      CE4F0AE3 
 5231      C0258A8F 
 5231      30D9FB
 5232 01bc BA85BF5B 		.ascii	"\272\205\277[\232\021\376\242\365\237\340F) i\313\367"
 5232      9A11FEA2 
 5232      F59FE046 
 5232      292069CB 
 5232      F7
 5233 01cd CE743AB9 		.ascii	"\316t:\271\363\373\217L\253b\316\034=\365\205\224\361"
 5233      F3FB8F4C 
 5233      AB62CE1C 
 5233      3DF58594 
 5233      F1
 5234 01de 4449432B 		.ascii	"DIC+|\244eF\234\276f\271\356\177\257z\\\267\367\263"
 5234      7CA46546 
 5234      9CBE66B9 
 5234      EE7FAF7A 
 5234      5CB7F7B3 
 5235 01f2 450B019C 		.ascii	"E\013\001\234\203\244\373f+~iV\264\370e\003\303\010"
 5235      83A4FB66 
 5235      2B7E6956 
ARM GAS  /tmp/ccAvL6mB.s 			page 178


 5235      B4F86503 
 5235      C308
 5236 0204 0005387C 		.ascii	"\000\0058|\033\205\350Q\342\370\355{+\211\"\243\344"
 5236      1B85E851 
 5236      E2F8ED7B 
 5236      2B8922A3 
 5236      E4
 5237 0215 F8C8C349 		.ascii	"\370\310\303I\032\274x\000\367\336\277\245\005\364M"
 5237      1ABC7800 
 5237      F7DEBFA5 
 5237      05F44D
 5238 0224 8929A4EE 		.ascii	"\211)\244\356\027[r\0129j\217\237\036\245n\345\373\306"
 5238      175B720A 
 5238      396A8F9F 
 5238      1EA56EE5 
 5238      FBC6
 5239 0236 189651FA 		.ascii	"\030\226Q\372i_\371\223J\301\363\222\022\323\350\036"
 5239      695FF993 
 5239      4AC1F392 
 5239      12D3E81E 
 5240 0246 9A5A9C53 		.ascii	"\232Z\234S\252\362\035(s\222G@Z\001\342\300U\210\025"
 5240      AAF21D28 
 5240      73924740 
 5240      5A01E2C0 
 5240      558815
 5241 0259 3438EAC0 		.ascii	"48\352\300\306\004\372H\237\306\300U3\351\033\322\207"
 5241      C604FA48 
 5241      9FC6C055 
 5241      33E91BD2 
 5241      87
 5242 026a D455E4FD 		.ascii	"\324U\344\375\205\014\275^\205\022\263\321zIZ\342\005"
 5242      850CBD5E 
 5242      8512B3D1 
 5242      7A495AE2 
 5242      05
 5243 027b 744E5952 		.ascii	"tNYR\263'\3074\301\226h\014\256\253\215\247\356\273"
 5243      B327C734 
 5243      C196680C 
 5243      AEAB8DA7 
 5243      EEBB
 5244 028d 2FCB0BE8 		.ascii	"/\313\013\350d\370\200x[G\207e\026\253x\024Tk\270\236"
 5244      64F88078 
 5244      5B478765 
 5244      16AB7814 
 5244      546BB89E 
 5245 02a1 9676813B 		.ascii	"\226v\201;e\357\307>\2406}>\254y\216o\314:\246\251L"
 5245      65EFC73E 
 5245      A0367D3E 
 5245      AC798E6F 
 5245      CC3AA6A9 
 5246 02b6 15371136 		.ascii	"\0257\0216\247l\036\312\013X\264Q\375\023Q\0128\323"
 5246      A76C1ECA 
 5246      0B58B451 
 5246      FD13510A 
 5246      38D3
 5247 02c8 C347414E 		.ascii	"\303GAN\354\023\236'\317\310wx\227\223:\276\012\336"
 5247      EC139E27 
ARM GAS  /tmp/ccAvL6mB.s 			page 179


 5247      CFC87778 
 5247      97933ABE 
 5247      0ADE
 5248 02da E21C3972 		.ascii	"\342\0349r\214\243\377\313R\314`[\235HA\346\225\323"
 5248      8CA3FFCB 
 5248      52CC605B 
 5248      9D4841E6 
 5248      95D3
 5249 02ec CFE79463 		.ascii	"\317\347\224c;\344\242\206\305\034\232\245\276s\341"
 5249      3BE4A286 
 5249      C51C9AA5 
 5249      BE73E1
 5250 02fb 9943BEC9 		.ascii	"\231C\276\311\241U\236\210\222^\240\242\367\017\351"
 5250      A1559E88 
 5250      925EA0A2 
 5250      F70FE9
 5251 030a 65AF3824 		.ascii	"e\2578$W90\230\004\037\337\222`\264\2755\022\214\205"
 5251      57393098 
 5251      041FDF92 
 5251      60B4BD35 
 5251      128C85
 5252 031d DA825FB6 		.ascii	"\332\202_\266\207\277n\215\264uv\004\277X\273n\315\206"
 5252      87BF6E8D 
 5252      B4757604 
 5252      BF58BB6E 
 5252      CD86
 5253 032f 96503CD4 		.ascii	"\226P<\324\026\216\210e\235\321Xr\343\206D(\331\271"
 5253      168E8865 
 5253      9DD15872 
 5253      E3864428 
 5253      D9B9
 5254 0341 25B83A1A 		.ascii	"%\270:\032k\211}\265>\330\336A\277x\254%\330\221\014"
 5254      6B897DB5 
 5254      3ED8DE41 
 5254      BF78AC25 
 5254      D8910C
 5255 0354 07C3D14D 		.ascii	"\007\303\321M\241pg{r\313\362\260P\033#\211\217}\201"
 5255      A170677B 
 5255      72CBF2B0 
 5255      501B2389 
 5255      8F7D81
 5256 0367 E5E1C6A6 		.ascii	"\345\341\306\246\246\306\306H\023e\342\011\331\232\320"
 5256      A6C6C648 
 5256      1365E209 
 5256      D99AD0
 5257 0376 89646473 		.ascii	"\211dds \022\217\260\324k\020`\277\210"
 5257      20128FB0 
 5257      D46B1060 
 5257      BF88
 5258              		.text
 5259              		.section	.gnu.lto_dyn_create_object_heap.part.0.402.f378ce3a581fef05,"e",%progbits
 5260 0000 789C7593 		.ascii	"x\234u\223MHTQ\024\307\357\377\3357\037jM&\270ie\213"
 5260      4D485451 
 5260      14C7EFFF 
 5260      DD371F6A 
 5260      4D26B869 
 5261 0016 92163949 		.ascii	"\222\0269I\221-\245Z\264\010\012[\314\242\205\214\343"
ARM GAS  /tmp/ccAvL6mB.s 			page 180


 5261      912DA55A 
 5261      B4080A5B 
 5261      CCA2858C 
 5261      E3
 5262 0027 D40C38A3 		.ascii	"\324\0148\243\371\021\030\201W\033\013&\3011?\360+\221"
 5262      F9111881 
 5262      571B0B26 
 5262      C1313FF0 
 5262      2B91
 5263 0039 6114A520 		.ascii	"a\024\245 \027\031VV\366a\211VJE)-\202@\322\240\230"
 5263      17195656 
 5263      F6618956 
 5263      4A45292D 
 5263      8240D2A0 
 5264 004e B4204CB0 		.ascii	"\264 L\260s\357\233\311g\024\274w\347\336s\376\347w"
 5264      73EF9BC9 
 5264      6714BC77 
 5264      E7DE73FE 
 5264      E777
 5265 0060 CE3BF7CC 		.ascii	"\316;\367\314\021\235\261\032\306\330Izach\2633!D\276"
 5265      119DB11A 
 5265      C6D8497A 
 5265      616368B3 
 5265      332144BE 
 5266 0074 CD8A0CF5 		.ascii	"\315\212\014\365\253i\027\232.k\230\300\373\376\345"
 5266      AB69179A 
 5266      2E6B98C0 
 5266      FBFEE5
 5267 0083 143DD4E4 		.ascii	"\024=\324\344\350\233k\330\257s\2646\205\247\257\035"
 5267      E89B6BD8 
 5267      AF73B436 
 5267      85A7AF1D 
 5268 0093 50125D1E 		.ascii	"P\022]\036>]\337\247\016\026\3246\2055\203\001Vc\325"
 5268      3E5DDFA7 
 5268      0E16D436 
 5268      85358301 
 5268      5663D5
 5269 00a6 B86E410D 		.ascii	"\270nA\015\232y7\307\025\036\343\014zb\007d\321n\327"
 5269      9A7937C7 
 5269      151EE30C 
 5269      7A620764 
 5269      D16ED7
 5270 00b9 98103FEB 		.ascii	"\230\020?\353\233\333\347\323\272\007\306\364\030\327"
 5270      9BDBE7D3 
 5270      BA07C6F4 
 5270      18D7
 5271 00c7 580F6986 		.ascii	"X\017i\206\201\233\240\212\230tG\326=Hxp\213\274\024"
 5271      819BA08A 
 5271      987447D6 
 5271      3D487870 
 5271      8BBC14
 5272 00da CD0BE49A 		.ascii	"\315\013\344\232M\242\231\225\021!RX\214s\214`\035\201"
 5272      4DA29995 
 5272      11215258 
 5272      8C738C60 
 5272      1D81
 5273 00ec DB20936B 		.ascii	"\333 \223kag\266\002\011\0112\024\330\240P\260@\022"
ARM GAS  /tmp/ccAvL6mB.s 			page 181


 5273      6167B602 
 5273      09093214 
 5273      D8A050B0 
 5273      4012
 5274 00fe 36D4517F 		.ascii	"6\324Q\177I\244\223T\307]3l\224\244\272\353\273\031"
 5274      49A49354 
 5274      C75D336C 
 5274      94A4BAEB 
 5274      BB19
 5275 0110 6628B041 		.ascii	"f(\260A\241`g\222\260xg_\227#Bv\013\356\233a\017\244"
 5275      A1606792 
 5275      B078675F 
 5275      97234276 
 5275      0BEE9B61 
 5276 0126 C925B24D 		.ascii	"\311%\262M0C\201\015\012\005;\373\007\3265o\300\254"
 5276      3043810D 
 5276      0A053BFB 
 5276      07D6356F 
 5276      C0AC
 5277 0138 7868863D 		.ascii	"xh\206=\222&W\203\031f(\260A\301\214\256\235\227\353"
 5277      92265783 
 5277      196628B0 
 5277      41C18CAE 
 5277      9D97EB
 5278 014b 0E89EB1E 		.ascii	"\016\211\353\036\017;\"\265v\352.\236\230y\343\324_"
 5278      0F3B22B5 
 5278      76EA2E9E 
 5278      9879E3D4 
 5278      5F
 5279 015c 577B36C9 		.ascii	"W{6\311\254\352 ]O\221\014\223\031BY,\031\005s\024\243"
 5279      ACEA205D 
 5279      4F910C93 
 5279      1942592C 
 5279      19057314 
 5280 0171 80675077 		.ascii	"\200gPwE\001L>t\276\361\312\"\304\352Z\243\020\243{"
 5280      45014C3E 
 5280      74BEF1CA 
 5280      22C4EA5A 
 5280      A310A37B 
 5281 0185 33D2018C 		.ascii	"3\322\001\214A\003\036\203K\261N$\032\034\334\201\025"
 5281      41031E83 
 5281      4BB14E24 
 5281      1A1CDC81 
 5281      15
 5282 0196 B8475348 		.ascii	"\270GSH`\273\\\030k\344r\224\204\016\271\265\032[\316"
 5282      60BB5C18 
 5282      6BE47294 
 5282      840EB9B5 
 5282      1A5BCE
 5283 01a9 225C4B6E 		.ascii	"\"\\Kn?C|\3740\231B\003\312\342\270\330[\025\345<\004"
 5283      3F437CFC 
 5283      30994203 
 5283      CAE2B8D8 
 5283      5B15E53C 
 5284 01be 2DC6ED3D 		.ascii	"-\306\355=2\\\316Y\012X\224#\312\311\230J\362\272,\312"
 5284      325CCE59 
 5284      0A589423 
ARM GAS  /tmp/ccAvL6mB.s 			page 182


 5284      CAC9984A 
 5284      F2BA2CCA 
 5285 01d2 482A15F9 		.ascii	"H*\025\371m\022l\021\241\205\307\333\310\"\305\232\232"
 5285      6D126C11 
 5285      A185C7DB 
 5285      C822C59A 
 5285      9A
 5286 01e3 3A4619F8 		.ascii	":F\031\370\354p\3474KdX\236\324XD\023\023-6\345\323"
 5286      EC70E734 
 5286      4B64589E 
 5286      D4584413 
 5286      132D36E5 
 5287 01f8 0727E787 		.ascii	"\007'\347\207x\302\367\213\030_Q\327\022\376\241E\271"
 5287      78C2F78B 
 5287      185F51D7 
 5287      12FEA145 
 5287      B9
 5288 0209 1CEE7E50 		.ascii	"\034\356~P\355i\004\304\224\352\330\036*\225:\274\011"
 5288      ED6904C4 
 5288      94EAD81E 
 5288      2A953ABC 
 5288      09
 5289 021a CF719553 		.ascii	"\317q\225S|\010\206\301\206\027\224-\216\372^\033S5"
 5289      7C0886C1 
 5289      8617942D 
 5289      8EFA5E1B 
 5289      5335
 5290 022c 6FEEA1B2 		.ascii	"o\356\241\262\250X\013qb\334\241\350\253\251\022\276"
 5290      A8580B71 
 5290      62DCA1E8 
 5290      ABA912BE 
 5291 023c B4E0F81B 		.ascii	"\264\340\370\033,\251\003T\361\026\314\020\026\306\267"
 5291      2CA90354 
 5291      F116CC10 
 5291      16C6B7
 5292 024b 526755D4 		.ascii	"RgU\324\232Q\323\350`f\224\333\022\3777]\025\243\030"
 5292      9A51D3E8 
 5292      606694DB 
 5292      12FF375D 
 5292      15A318
 5293 025e 5BA3341D 		.ascii	"[\2434\035\257\015\206\272\3737\204\240v\311\230x\370"
 5293      AF0D86BA 
 5293      FB3784A0 
 5293      76C99878 
 5293      F8
 5294 026f 0BFE972B 		.ascii	"\013\376\227+\003oI\250j\264\251<\255S*O\333\242\343"
 5294      036F49A8 
 5294      6AB4A93C 
 5294      AD532A4F 
 5294      DBA2E3
 5295 0282 5FE801D5 		.ascii	"_\350\001\325\320Y\203\235ly\307\024T\017-\311\033\\"
 5295      D059839D 
 5295      6C79C714 
 5295      540F2DC9 
 5295      1B5C
 5296 0294 425D3E79 		.ascii	"B]>y\355d]\201\235\322\361\236wq;](E\350/\347|t\361"
 5296      ED645D81 
ARM GAS  /tmp/ccAvL6mB.s 			page 183


 5296      9DD2F19E 
 5296      77713B5D 
 5296      2845E82F 
 5297 02ac 30B4B2C2 		.ascii	"0\264\262\302\355N_i\300\353\364\273\203\316\303\245"
 5297      ED4E5F69 
 5297      C0EBF4BB 
 5297      83CEC3A5 
 5298 02bc 9EAA8037 		.ascii	"\236\252\2007XY\341<x\274\340ha\221\273\304\035\364"
 5298      5859E13C 
 5298      78BCE068 
 5298      6191BBC4 
 5298      1DF4
 5299 02ce 78D9EE4A 		.ascii	"x\331\356J\237\277\274\270\260\314]^Y\355<\344\363\027"
 5299      9FBFBCB8 
 5299      B0CC5D5E 
 5299      59ED3CE4 
 5299      F317
 5300 02e0 F98F9D70 		.ascii	"\371\217\235p\226V\320S\342/rV\224{\234\036\337)\267"
 5300      9656D053 
 5300      E22F7256 
 5300      947B9C1E 
 5300      DF29B7
 5301 02f3 A7B2B4BC 		.ascii	"\247\262\264\274:\307\303\364\240;\340\3154Yr<\271y"
 5301      3AC7C3F4 
 5301      A03BE0CD 
 5301      3459723C 
 5301      B979
 5302 0305 79B9B9DE 		.ascii	"y\271\271\336<\306\213K\312\364\012\3779\257\305]\342"
 5302      3CC68B4B 
 5302      CAF40AFF 
 5302      39AFC55D 
 5302      E2
 5303 0316 3F1DE4C5 		.ascii	"?\035\344\305\336\262\337\265\022ze"
 5303      DEB2DFB5 
 5303      127A65
 5304              		.text
 5305              		.section	.gnu.lto_dyn_release_object_heap.part.0.403.f378ce3a581fef05,"e",%progbits
 5306 0000 789C7553 		.ascii	"x\234uS]h\024W\024\276\337\234;;\243h*b_\012BZ\320\320"
 5306      5D681457 
 5306      14BEDF9C 
 5306      3B3BA368 
 5306      2A625F0A 
 5307 0018 07DDE6C5 		.ascii	"\007\335\346\305@\361AZ\037\013\212B^e\263\256\354\302"
 5307      40F1415A 
 5307      1F0B8A42 
 5307      5E65B3AE 
 5307      ECC2
 5308 002a 9A2C9B58 		.ascii	"\232,\233X\020\004\307t\333\302F\233]\377*jRX6E-T\024"
 5308      1004C774 
 5308      DBC2469B 
 5308      5DFF2A6A 
 5308      52583645 
 5309 0041 D16813B3 		.ascii	"\321h\023\263f\255[\023\032\215\340\017(R\314\213Q\033"
 5309      66AD5B13 
 5309      1A8DE00F 
 5309      2852CC8B 
 5309      511B
ARM GAS  /tmp/ccAvL6mB.s 			page 184


 5310 0053 43A5E01F 		.ascii	"C\245\340\037\330s\356\354&\023\265C2\3349\347;\337"
 5310      D873EEEC 
 5310      2613B543 
 5310      32DC39E7 
 5310      3BDF
 5311 0065 F9BE73EE 		.ascii	"\371\276s\356vi\245v(\245\366\363?\346)\034\352\204"
 5311      7669A576 
 5311      28A5F6F3 
 5311      3FE6291C 
 5311      EA84
 5312 0077 F23C6F8D 		.ascii	"\362<o\215cY\231|\227\205\021\334\256\014\223\376&_"
 5312      6359997C 
 5312      978511DC 
 5312      AE0C93FE 
 5312      265F
 5313 0089 77BC7F70 		.ascii	"w\274\177p\265&\0348\265\310\007h\034\314g\237\3764"
 5313      B5261C38 
 5313      B5C80768 
 5313      1CCC679F 
 5313      FE34
 5314 009b A0196302 		.ascii	"\240\031c\002.\016\270~\312\266:\375ZS\363]\276\316"
 5314      2E0EB87E 
 5314      CAB63AFD 
 5314      5A53F35D 
 5314      BECE
 5315 00ad 7084F063 		.ascii	"p\204\360c>k\371\010\007\273\362\331\333\277~\202!\277"
 5315      3E6BF908 
 5315      07BBF2D9 
 5315      DBBF7E82 
 5315      21BF
 5316 00bf 166AA745 		.ascii	"\026j\247E\332\265C\016vZ\266\232}\366\321Q\302\247"
 5316      DAB5430E 
 5316      765AB69A 
 5316      7DF6D151 
 5316      C2A7
 5317 00d1 8C79FEED 		.ascii	"\214y\376\355\276k}\216w\254\204\")\325K\325\274\244"
 5317      BE6B7D8E 
 5317      77AC8422 
 5317      29D54BD5 
 5317      BCA4
 5318 00e3 72B35188 		.ascii	"r\263Q\210\2153\374\346\252\275T$@WO\026\352\371D\033"
 5318      8D33FCE6 
 5318      AABD5424 
 5318      40574F16 
 5318      EAF9441B 
 5319 00f7 24D350F2 		.ascii	"$\323P\362\274\353O\372=o\236*\022\241\037L\207s\300"
 5319      BCEB4FFA 
 5319      3D6F9E2A 
 5319      12A11F4C 
 5319      8773C0
 5320 010a 59289C67 		.ascii	"Y(\234g&j>\273\\0\271\243^I\327\020\230\203\020\032"
 5320      266A3EBB 
 5320      5C30B9A3 
 5320      5E49D710 
 5320      9883101A 
 5321 011e 4AD6C8A6 		.ascii	"J\326\310\246\357\364\035\256\313q\\\343\267 \331\200"
 5321      EFF41DAE 
ARM GAS  /tmp/ccAvL6mB.s 			page 185


 5321      CB715CE3 
 5321      B720D980 
 5322 012e 849A8783 		.ascii	"\204\232\207\203d>\002s\020\312\350\015\031[\270\010"
 5322      643E0273 
 5322      10CAE80D 
 5322      195BB808 
 5323 013e 654E9013 		.ascii	"eN\220\023\244MJ\262\313\244\315T9[\227\333\345\212"
 5323      A44D4AB2 
 5323      CBA4CD54 
 5323      395B97DB 
 5323      E58A
 5324 0150 A412B358 		.ascii	"\244\022\263X5\226K\354\270\371V\203!\221\017I\015\303"
 5324      35964BEC 
 5324      B8F95683 
 5324      21910F49 
 5324      0DC3
 5325 0162 68DC36A3 		.ascii	"h\3346\243\361I\371\210\321H(\007k/\033\303\027\033"
 5325      F149F988 
 5325      D1482807 
 5325      6B2F1BC3 
 5325      171B
 5326 0174 6A3DAEF5 		.ascii	"j=\256\365}_\353Q\016*\275\014_\246\341\372{\"\350w"
 5326      7D5FEB51 
 5326      0E2ABD0C 
 5326      5FA6E1FA 
 5326      7B22E877 
 5327 0188 86EB8AF1 		.ascii	"\206\353\212\361;\362.\327[\256\257T\271B\262\330\247"
 5327      3BF22ED7 
 5327      5BAEAF54 
 5327      B942B2D8 
 5327      A7
 5328 0199 A70915E0 		.ascii	"\247\011\025\340w\216\017\011\331\377\271E\320-\317"
 5328      778E0F09 
 5328      D9FFB945 
 5328      D02DCF
 5329 01a8 0857F9FC 		.ascii	"\010W\371\374\007\304(\007,\376\224\253b\234Nt\375\260"
 5329      07C42807 
 5329      2CFE94AB 
 5329      629C4E74 
 5329      FDB0
 5330 01ba C45855B3 		.ascii	"\304XU\263\342\370YV\312\030M\2344\264*@:*\210\2237"
 5330      E2F85956 
 5330      CA184D9C 
 5330      34B42A40 
 5330      3A2A8893 
 5331 01cf 6CCF7BFD 		.ascii	"l\317{\375\246\333\363\356}\276x\001\200\013\260\370"
 5331      A6DBF3EE 
 5331      7DBE7801 
 5331      800BB0F8 
 5332 01df 8AD8242F 		.ascii	"\212\330$/-\035my\205\200A8rw\224\352&u\342\356\203"
 5332      2D1D6D79 
 5332      85804138 
 5332      727794EA 
 5332      2675E2EE 
 5333 01f4 555C9D23 		.ascii	"U\\\235#kd\370\361\004\317\\=\202\367\340\337\312|\376"
 5333      6B64F8F1 
 5333      04CF5C3D 
ARM GAS  /tmp/ccAvL6mB.s 			page 186


 5333      82F7E0DF 
 5333      CA7CFE
 5334 0207 05A84964 		.ascii	"\005\250Id\036\226[\012\204\002;\223\247\233\350N\261"
 5334      1E965B0A 
 5334      84023B93 
 5334      A79BE84E 
 5334      B1
 5335 0218 E7AAC072 		.ascii	"\347\252\300r\244\237\365\214}T-xQ!5\205\316\201\311"
 5335      A49FF58C 
 5335      7D542D78 
 5335      51213585 
 5335      CE81C9
 5336 022b A505A2EA 		.ascii	"\245\005\242\352\255%\263\304\237\301\275B\314\201?"
 5336      AD25B3C4 
 5336      9FC1BD42 
 5336      CC813F
 5337 023a A13EE399 		.ascii	"\241>\343\231\261x\033c\350\341\376<\001\251\232\316"
 5337      B1781B63 
 5337      E8E1FE3C 
 5337      01A99ACE 
 5338 024a DEB40248 		.ascii	"\336\264\002H]C>\\(\320\3535(3\233^\257\270\227z\011"
 5338      5D433E5C 
 5338      28D0EB35 
 5338      28339B5E 
 5338      AFB8977A 
 5339 025f 5D20DBD2 		.ascii	"] \333\322\242\3115&D\022O\300\363\264\321\324\371\327"
 5339      A2C93526 
 5339      44124FC0 
 5339      F3B4D1D4 
 5339      F9D7
 5340 0271 D0E87C5E 		.ascii	"\320\350|^\212\354F>\353yO\346\260F\246\300\265\206"
 5340      8AEC463E 
 5340      EB794FE6 
 5340      B046A6C0 
 5340      B586
 5341 0283 EB596537 		.ascii	"\353Ye7\304\251h?\376\001\333\014\350\260\347(\2761"
 5341      C4A9683F 
 5341      FE01DB0C 
 5341      E8B0E728 
 5341      BE31
 5342 0295 A398A732 		.ascii	"\243\230\2472Y\336\302\330\002\205d(/a\363\007\365\216"
 5342      59DEC2D8 
 5342      02856428 
 5342      2F61F307 
 5342      F58E
 5343 02a7 C739E04E 		.ascii	"\3079\340N\015\036\003+\011\375\342k\362\205\354\301"
 5343      0D1E032B 
 5343      09FDE26B 
 5343      F285ECC1 
 5344 02b7 FB94D4CB 		.ascii	"\373\224\324\313-\360\017\027X\221c\024\215\217Zj\032"
 5344      2DF00F17 
 5344      58916314 
 5344      8D8F5A6A 
 5344      1A
 5345 02c8 997A9581 		.ascii	"\231z\225\201U$\247W\366\304\271\"\271\322\311\341A"
 5345      5524A757 
 5345      F6C4B922 
ARM GAS  /tmp/ccAvL6mB.s 			page 187


 5345      B9D2C9E1 
 5345      41
 5346 02d9 EAFB43CF 		.ascii	"\352\373C\317]\026\315\362\354\261\36187s\252\315\376"
 5346      5D16CDF2 
 5346      ECB1F138 
 5346      3773AACD 
 5346      FE
 5347 02ea E1663747 		.ascii	"\341f7G]\356U\335\026LBv\367q8\336\2665\026NDZ\303k"
 5347      5DEE55DD 
 5347      164C4276 
 5347      F77138DE 
 5347      B635164E 
 5348 0302 DBA2DBB6 		.ascii	"\333\242\333\266\306Z;\332\303_\254\337\360\325\246"
 5348      C65A3BDA 
 5348      C35FACDF 
 5348      F0D5A6
 5349 0311 964832D2 		.ascii	"\226H2\322\032\215\251\025\035\361Dz\363\246T$\335\261"
 5349      1A8DA915 
 5349      1DF1447A 
 5349      F3A65424 
 5349      DDB1
 5350 0323 3DFC653C 		.ascii	"=\374e<\321\222X\2671\334\326\316\177\311DK\270=\035"
 5350      D19258B7 
 5350      31DCD6CE 
 5350      7FC9444B 
 5350      B83D1D
 5351 0336 0D47E35B 		.ascii	"\015G\343[\"\321\216\266\364\366\225QE\233c\251\017"
 5351      22D18EB6 
 5351      F4F69551 
 5351      459B63A9 
 5351      0F
 5352 0347 038195D1 		.ascii	"\003\201\225\321\306\246\246\306\306X\023g\222)\235"
 5352      C6A6A6C6 
 5352      C6581367 
 5352      92299D
 5353 0356 4AC7BE76 		.ascii	"J\307\276vb\311\230\364\371\017\021\253\246\360"
 5353      62C998F4 
 5353      F90F11AB 
 5353      A6F0
 5354              		.text
 5355              		.section	.gnu.lto_.symbol_nodes.f378ce3a581fef05,"e",%progbits
 5356 0000 789C7D94 		.ascii	"x\234}\224\313O\023Q\024\207\357=\247\355\320\026h\351"
 5356      CB4F1351 
 5356      1487EF3D 
 5356      A7EDD016 
 5356      68E9
 5357 0012 F4FD2EEF 		.ascii	"\364\375.\357W\013n\214k\343\237\342\377qZScT\242\242"
 5357      570B6E8C 
 5357      6BE39FE2 
 5357      FF715A53 
 5357      6354A2A2 
 5358 0026 6E5C9818 		.ascii	"n\\\230\030\323\205\342\306\205!h\342\246\301\015\013"
 5358      D385E2C6 
 5358      852168E2 
 5358      A6C10D0B 
 5359 0036 566E0CC6 		.ascii	"Vn\014\306h\001_\210\242\370\304\347\0143s/(\307\273"
 5359      68015F88 
ARM GAS  /tmp/ccAvL6mB.s 			page 188


 5359      A2F8C4E7 
 5359      0C33732F 
 5359      28C7BB
 5360 0049 3A99EFFC 		.ascii	":\231\357\374\356w\317\334\314\004\203B\010x\014$\267"
 5360      EE77CFDC 
 5360      CC048342 
 5360      08780C24 
 5360      B7
 5361 005a 766E1C91 		.ascii	"vn\034\221\027\226\205 !\356\326\033\215i!\205\275\340"
 5361      17968520 
 5361      21EED61B 
 5361      8D692185 
 5361      BDE0
 5362 006c 0A90A85B 		.ascii	"\012\220\250[\313\347\321\205k{\350\023 \230[\351\034"
 5362      CBE7D185 
 5362      6B7BE813 
 5362      20985BE9 
 5362      1C
 5363 007d 3E30BA06 		.ascii	">0\272\006\204\373\242\373\350\034\220\217\247\347\221"
 5363      84FBA2FB 
 5363      E81C908F 
 5363      A7E791
 5364 008c FCFFD03A 		.ascii	"\374\377\320:x\270\003\024\340\303\263H\306\337\247"
 5364      78B80314 
 5364      E0C3B348 
 5364      C6DFA7
 5365 009b D2D955A0 		.ascii	"\322\331U\240\256\207\363\0176\305\201\331\213H\301"
 5365      AE87F30F 
 5365      36C581D9 
 5365      8B48C1
 5366 00aa FF889F02 		.ascii	"\377\210\237\002\205x\361%\2440/~\006\324\315\213\327"
 5366      8578F125 
 5366      A4302F7E 
 5366      06D4CD8B 
 5366      D7
 5367 00bb 817AF6ED 		.ascii	"\201z\366\355|\257\336\220.\364\257\200h\034\265\273"
 5367      7CAFDE90 
 5367      2EF4AF80 
 5367      681CB5BB 
 5368 00cb 9E03F572 		.ascii	"\236\003\365r]\360\002(\302\302\227@\321\275g\333\313"
 5368      5DF00228 
 5368      C2C29740 
 5368      D1BD67DB 
 5368      CB
 5369 00dc 5E01F5B1 		.ascii	"^\001\365\261\301\327@1\026n\000\231,|\003\024g\341"
 5369      C1D74031 
 5369      166E0099 
 5369      2C7C0314 
 5369      67E1
 5370 00ee 26508285 		.ascii	"&P\202\205o\201\222,|\007\224b\341\026P\232\205\357"
 5370      6F81922C 
 5370      7C079462 
 5370      E116509A 
 5370      85EF
 5371 0100 81322CFC 		.ascii	"\2012,\374\000\224e\3416P\216\205\037\201\362,\374\004"
 5371      009465E1 
 5371      36508E85 
ARM GAS  /tmp/ccAvL6mB.s 			page 189


 5371      1F81F22C 
 5371      FC04
 5372 0112 5460E167 		.ascii	"T`\341g\240\"\013\277\000\225X\370\025\250\314A\271"
 5372      A0220BBF 
 5372      009558F8 
 5372      15A8CC41 
 5372      B9
 5373 0123 0354F9ED 		.ascii	"\003T\371\355\256\322n\203\260?b\233\312:R?\307\316"
 5373      AED26E83 
 5373      B03F629B 
 5373      CA3A523F 
 5373      C7CE
 5374 0135 200D706C 		.ascii	" \015pl\006i\220cg\221\2068\366\013h\230c'\220F8v\022"
 5374      06699063 
 5374      67918638 
 5374      F60B6898 
 5374      63279046 
 5375 014c 699463A7 		.ascii	"i\224c\247\220\3068\366\035h\234c\337\200&8\366\023"
 5375      90C638F6 
 5375      1D689C63 
 5375      DF802638 
 5375      F613
 5376 015e 6892633F 		.ascii	"h\222c?\200\252\034k\"\3258v\032i\212c\347\220\246\031"
 5376      80AA1C6B 
 5376      22D53876 
 5376      1A698A63 
 5376      E790A619 
 5377 0172 86B2DFB9 		.ascii	"\206\262\337\271\332c\010\003K\355\215U\224k\022\021"
 5377      DA630803 
 5377      4BED8D55 
 5377      946B1211 
 5378 0182 9C876D89 		.ascii	"\234\207m\211\276a\247\\\264\312!\247l\006\3207\350"
 5378      BE61A75C 
 5378      B4CA21A7 
 5378      6C06D037 
 5378      E8
 5379 0193 946B01F4 		.ascii	"\224k\001\364\213\233K\353\267Q\266\255r\304\333+\240"
 5379      8B9B4BEB 
 5379      B751B6AD 
 5379      72C4DB2B 
 5379      A0
 5380 01a4 3708F8B7 		.ascii	"7\010\370\267\346\357\324\301\346\306\350-\373\257\320"
 5380      E6EFD4C1 
 5380      E6C6E82D 
 5380      FBAFD0
 5381 01b3 0A6397F3 		.ascii	"\012c\227\363\323l\033\030\324\361\340\230\027\017\351"
 5381      D36C1B18 
 5381      D4F1E098 
 5381      170FE9
 5382 01c2 7828A8E2 		.ascii	"x(\250\342\341q/\336\035\366\342=\223^\246g\302=\222"
 5382      E1712FDE 
 5382      1DF6E23D 
 5382      935EA667 
 5382      C23D92
 5383 01d5 A1CA9689 		.ascii	"\241\312\226\211\221\232S\036\307\210\373\027\277.1"
 5383      919A531E 
 5383      C788FB17 
ARM GAS  /tmp/ccAvL6mB.s 			page 190


 5383      BF2E31
 5384 01e4 52750731 		.ascii	"Ru\00710\252x\024\025\217V\325\240}\265]SKb_u\373\352"
 5384      30AA7814 
 5384      158F56D5 
 5384      A07DB55D 
 5384      534B625F 
 5385 01fb 72563643 		.ascii	"rV6CV\265p\377r^.\366b\254\346\331c]*\035s\323\326{"
 5385      56B570FF 
 5385      725E2EF6 
 5385      62ACE6D9 
 5385      635D2A1D 
 5386 0213 34D5EE66 		.ascii	"4\325\356fHMdN=\232\351\314\202m7\335\326E\003\343\252"
 5386      484D644E 
 5386      3D9AE9CC 
 5386      826D37DD 
 5386      D64503E3 
 5387 0228 35AE0F12 		.ascii	"5\256\017\022\327\007I(U\242[\361\204V%U>\251\007MN"
 5387      D7074928 
 5387      55A25BF1 
 5387      84562555 
 5387      3EA9074D 
 5388 023d 3B2AEB9A 		.ascii	";*\353\232\222nk\313\300\224jMiUJ\253\322J\225\326S"
 5388      926E6BCB 
 5388      C0946A4D 
 5388      69554AAB 
 5388      D24A95D6 
 5389 0252 A5B52AA3 		.ascii	"\245\265*\243\362\031w\252\216\365p\320QY\243d\274\255"
 5389      F21977AA 
 5389      8EF570D0 
 5389      5159A364 
 5389      BCAD
 5390 0264 429855AD 		.ascii	"B\230U\255Y\255\312jUN\251rz\252\234V\345]\336\264J"
 5390      59ADCA6A 
 5390      554EA972 
 5390      7AAA9C56 
 5390      E55DDEB4 
 5391 0279 CF15C6BC 		.ascii	"\317\025\306\274\317qub\230\367\3062\261\240\\\005\355"
 5391      CF717562 
 5391      98F7C632 
 5391      B1A05C05 
 5391      ED
 5392 028a 2A685751 		.ascii	"*hWQ\271\212\332U\324\256\222\312\227\364e\225\0169"
 5392      B98ADA55 
 5392      D4AE92CA 
 5392      97F46595 
 5392      0E39
 5393 029c 2AEBB595 		.ascii	"*\353\265\225\274V\003\313\252\265\254Ue\255\252(UE"
 5393      BC5603CB 
 5393      AAB5AC55 
 5393      65ADAA28 
 5393      5545
 5394 02ae AB2A4A25 		.ascii	"\253*J%\376\000\312\177\271["
 5394      FE00CA7F 
 5394      B95B
 5395              		.text
 5396              		.section	.gnu.lto_.refs.f378ce3a581fef05,"e",%progbits
 5397 0000 789C654F 		.ascii	"x\234eO;\026\2030\014\023vh:\224\004\372\203\322\322"
ARM GAS  /tmp/ccAvL6mB.s 			page 191


 5397      3B168330 
 5397      0C137668 
 5397      3A9404FA 
 5397      83D2D2
 5398 0013 CFC0C8C4 		.ascii	"\317\300\310\304\304\221z\377\013T\204\276\222\274\016"
 5398      C4917AFF 
 5398      0B5484BE 
 5398      92BC0E
 5399 0022 7AB21C45 		.ascii	"z\262\034E\266\337\031P\025\342\004\231\263\220\000"
 5399      B6DF1950 
 5399      15E20499 
 5399      B39000
 5400 0031 0FC93C75 		.ascii	"\017\311<u\315\272&w\344\031=\373=\365\300z \217\344"
 5400      CDBA2677 
 5400      E4193DFB 
 5400      3DF5C07A 
 5400      208FE4
 5401 0044 913C9127 		.ascii	"\221<\221'\030/NY\345_\354\240\345\332\331\"\257\300"
 5401      182F4E59 
 5401      E55FECA0 
 5401      E5DAD922 
 5401      AFC0
 5402 0056 298B2A89 		.ascii	")\213*\211\206ha\366\362\353\346a\276\036\226_\033\302"
 5402      866861F6 
 5402      F2EBE661 
 5402      BE1E965F 
 5402      1BC2
 5403 0068 418F7186 		.ascii	"A\217q\206\236V\267\2059\247\023\013h\035\273M\363\227"
 5403      9E56B785 
 5403      39A7130B 
 5403      681DBB4D 
 5403      F397
 5404 007a 7D59DE6D 		.ascii	"}Y\336m\330A\333$\373\032g\353M\234\011\367\317wk\227"
 5404      D841DB24 
 5404      FB1A67EB 
 5404      4D9C09F7 
 5404      CF776B97 
 5405 008e 38EF89F3 		.ascii	"8\357\211\363\261\356\353\241\317\304\371\212\235\370"
 5405      B1EEEBA1 
 5405      CFC4F98A 
 5405      9DF8
 5406 009c 00CC4B0B 		.ascii	"\000\314K\013C"
 5406      43
 5407              		.text
 5408              		.section	.gnu.lto_.decls.f378ce3a581fef05,"e",%progbits
 5409 0000 789CA57B 		.ascii	"x\234\245{{\\U\327\235\357^{\235\007\034\020T4I\247"
 5409      7B5C55D7 
 5409      9DEF5E7B 
 5409      9D071C10 
 5409      543449A7 
 5410 0014 496A1233 		.ascii	"Ij\0223\261\367\2661\246\231I\247m\356\307$\267Nz\233"
 5410      B1F7B631 
 5410      A69949A7 
 5410      6DEEC724 
 5410      B74E7A9B 
 5411 0028 B64E33F3 		.ascii	"\266N3\363\231&\315\347C\015\034\225[\005r\300&\351"
 5411      9926CDE7 
ARM GAS  /tmp/ccAvL6mB.s 			page 192


 5411      430D1C95 
 5411      5B0572C0 
 5411      26E9
 5412 003a 1F730F28 		.ascii	"\037s\017(oy\371@\344\215\250\200\250\200\250\274Dy"
 5412      6F79F940 
 5412      E48DA880 
 5412      A880A8BC 
 5412      4479
 5413 004c 28828288 		.ascii	"(\202\202\210\"\210\012\362PD\001\001A\001\001\271\277"
 5413      22880AF2 
 5413      50440101 
 5413      410101B9 
 5413      BF
 5414 005d F5D88F73 		.ascii	"\365\330\217s\330*\371\014\311:{\357\265\277\353\367"
 5414      D82AF90C 
 5414      C93A7BEF 
 5414      B5BFEBF7 
 5415 006d FEFDD6E3 		.ascii	"\376\375\326\343\034\361\007\202Pm\022\204%\013\004"
 5415      1CF10782 
 5415      506D1284 
 5415      250B04
 5416 007c 6106FE5E 		.ascii	"a\006\376^\027\004\241\021\332?@\273\014\355\027H\020"
 5416      1704A111 
 5416      DA3F40BB 
 5416      0CED1748 
 5416      10
 5417 008d 7E09ED2D 		.ascii	"~\011\355-\270?\011m\025\334O\300\365S\270~\006\355"
 5417      B83F096D 
 5417      15DC4FC0 
 5417      F553B87E 
 5417      06ED
 5418 009f 4B689FC3 		.ascii	"Kh\237\303\363Z\270\246@K\203\226\016-\033\332\001h"
 5418      F35AB8A6 
 5418      404B8396 
 5418      0E2D1BDA 
 5418      0168
 5419 00b1 EBE0DD9B 		.ascii	"\353\340\335\233p\315\201v\011\2323\264,h\030\332\377"
 5419      70CD8176 
 5419      099A33B4 
 5419      2C6818DA 
 5419      FF
 5420 00c2 833600EF 		.ascii	"\2036\000\357\035\241\335\202\373\233\320:\240uB\353"
 5420      1DA1DD82 
 5420      FB9BD03A 
 5420      A07542EB 
 5421 00d2 82761B5A 		.ascii	"\202v\033Z7\264vh=\320V\000\256\017\256C\320\306\241"
 5421      37B47668 
 5421      3DD05600 
 5421      AE0FAE43 
 5421      D0C6A1
 5422 00e5 3D866610 		.ascii	"=\206f\020\005a\001\264\371\320~\000\355%h\257C{\015"
 5422      056101B4 
 5422      F9D07E00 
 5422      ED2568AF 
 5422      437B0D
 5423 00f8 DA8FA12D 		.ascii	"\332\217\241-\203\366\023h\357A\3739\264_A[\011\355"
 5423      83F61368 
ARM GAS  /tmp/ccAvL6mB.s 			page 193


 5423      EF41FB39 
 5423      B45F415B 
 5423      09ED
 5424 010a 13689F42 		.ascii	"\023h\237B[\015\355O\320\276\204\366\027h\353\241m\200"
 5424      5B0DED4F 
 5424      D0BE84F6 
 5424      1768EBA1 
 5424      6D80
 5425 011c E60BEDEF 		.ascii	"\346\013\355\357\320\376\013Z \264phQ\320\266A\333\001"
 5425      D0FE0B5A 
 5425      20B47068 
 5425      51D0B641 
 5425      DB01
 5426 012e 6D0FB41C 		.ascii	"m\017\264\034hG\241\225@;\011\255\012Z-\264zhM\320\256"
 5426      6847A195 
 5426      403B09AD 
 5426      0A5A2DB4 
 5426      7A684DD0 
 5427 0143 42BB06ED 		.ascii	"B\273\006\355\006\264\273\320\206\241=\206\006b\013"
 5427      06B4BBD0 
 5427      86A13D86 
 5427      06620B
 5428 0152 4FE0AAFE 		.ascii	"O\340\252\376k\301\202`\204\353Bh\213\004f7bgb\333Z"
 5428      6BC18260 
 5428      84EB4268 
 5428      8B046637 
 5428      626762DB 
 5429 0167 18508318 		.ascii	"\030P\203\030N\3446\330a7\236\374\315\323\011\202\033"
 5429      4EE436D8 
 5429      61379EFC 
 5429      CDD30982 
 5429      1B
 5430 0178 5CD7ABE8 		.ascii	"\\\327\253\350\374\002)t$_\314\220\261\300\357_\340"
 5430      FC022974 
 5430      245FCC90 
 5430      B1C0EF5F 
 5430      E0
 5431 0189 7E013404 		.ascii	"~\0014\004\367\305\320'\302\265\200\330\212\370\007"
 5431      F7C5D027 
 5431      C2B580D8 
 5431      8AF807
 5432 0198 EE0F888C 		.ascii	"\356\017\210\214\337?\301\363\373\320\200<\265w\011"
 5432      DF3FC1F3 
 5432      FBD0803C 
 5432      B57709
 5433 01a7 D73B4743 		.ascii	"\327;GC\206N\314\374\251\226A\212\211Z.\307kp\237\312"
 5433      864ECCFC 
 5433      A996418A 
 5433      895A2EC7 
 5433      6B709FCA 
 5434 01bb F5219721 		.ascii	"\365!\227!4\233\3160\320qQ\321\270\314\351\220\270\322"
 5434      349BCE30 
 5434      D07151D1 
 5434      B8CCE990 
 5434      B8D2
 5435 01cd C1BB2F04 		.ascii	"\301\273/\004\026G\227\340Z\007M\217\231\236\351\"\213"
 5435      164797E0 
ARM GAS  /tmp/ccAvL6mB.s 			page 194


 5435      5A074D8F 
 5435      999EE922 
 5435      8B
 5436 01de 577814F6 		.ascii	"Wx\024\366\301\365\002\\/r\273\221\230\331\243!\363"
 5436      C1F5025C 
 5436      2F72BB91 
 5436      98D9A321 
 5436      F3
 5437 01ef C7A098D3 		.ascii	"\307\240\230\323SxI\2663\000\3011x6\302u\011\247Ax\220"
 5437      537849B6 
 5437      3300C131 
 5437      7836C275 
 5437      09A74178 
 5438 0204 3823745F 		.ascii	"8#t_\327\240\373o@\327dg\013B;\233\347\023\221\235\344"
 5438      D7A0FB6F 
 5438      40D76467 
 5438      0B423B9B 
 5438      E713919D 
 5439 0219 9403107A 		.ascii	"\224\003\020z\213\307E\003\247K\342v\036f1l\377\367"
 5439      8BC74503 
 5439      A74BE276 
 5439      1E66316C 
 5439      FFF7
 5440 022b 1AA7AB25 		.ascii	"\032\247\253%/\3113IV\027\270\272\252d\235\317e]\240"
 5440      2FC93349 
 5440      5617B8BA 
 5440      AA649DCF 
 5440      655DA0
 5441 023e 417305B7 		.ascii	"As\005\267\201\226\2549v\362\272\002\261\027\355\344"
 5441      8196AC39 
 5441      76F2BA02 
 5441      B117EDE4 
 5442 024e 7D89CBFB 		.ascii	"}\211\313\373\003\015\332\017\361\323\345}Ke[\211\276"
 5442      030DDA0F 
 5442      F1D3E57D 
 5442      4B655B89 
 5442      BE
 5443 025f 4497907A 		.ascii	"D\227\220z\314s\335\376\357s\035\243\245\226W\222\225"
 5443      CC73DDFE 
 5443      EF731DA3 
 5443      A5965792 
 5443      95
 5444 0270 F84C0FD7 		.ascii	"\370L\017\327\371@w\001\264i\221\325\032R\217ZD\026"
 5444      F9407701 
 5444      B46991D5 
 5444      1A528F5A 
 5444      4416
 5445 0282 37440667 		.ascii	"7D\006g^\273H-Z\010\270\313\"\223\3636\257?\373x-\222"
 5445      5EBB482D 
 5445      5A08B8CB 
 5445      2293F336 
 5445      AF3FFB78 
 5446 0298 EAD22DBB 		.ascii	"\352\322-\273zd\020Xmy\001\306\276\214Y\276\223\334"
 5446      7A641058 
 5446      6D7901C6 
 5446      BE8C59BE 
 5446      93DC
ARM GAS  /tmp/ccAvL6mB.s 			page 195


 5447 02aa 6C7A4A8E 		.ascii	"lzJ\216{\351\230\254\222\274\253x\275$y\3714Y\211\017"
 5447      7BE998AC 
 5447      92BCAB78 
 5447      BD2479F9 
 5447      3459890F 
 5448 02be B3B8AD9C 		.ascii	"\263\270\255\234\271~\304\247\277\346\371(\311J\344"
 5448      B97EC4A7 
 5448      BFE6F928 
 5448      C94AE4
 5449 02cd FC88F7BD 		.ascii	"\374\210\367\275\307k\316|^\177\264d\371Zg\233_\222"
 5449      C76BCE7C 
 5449      5E7FB464 
 5449      F95A679B 
 5449      5F92
 5450 02df 2C4F93C3 		.ascii	",O\223\303\240\222\203\370JT\361&<\177\316y\022\177"
 5450      A09283F8 
 5450      4A54F126 
 5450      3C7FCE79 
 5450      127F
 5451 02f1 3D8DE777 		.ascii	"=\215\347w\032\372\023\335I\014H<%\337\0209\324\374"
 5451      1AFA13DD 
 5451      490C483C 
 5451      25DF1039 
 5451      D4FC
 5452 0303 7FAD8A8F 		.ascii	"\177\255\212\217_r9H\275\224\374t\233\353\377!b\261"
 5452      5F723948 
 5452      BD94FC74 
 5452      9BEBFF21 
 5452      62B1
 5453 0315 7391C7E5 		.ascii	"s\221\307\345\257\270\\O\223)@\243f\256R\311\240e\013"
 5453      AFB85C4F 
 5453      932940A3 
 5453      66AE52C9 
 5453      A0650B
 5454 0328 4916570D 		.ascii	"I\026W\015\337\220\274\220\374\362\241\3127\244o%\227"
 5454      DF90BC90 
 5454      FCF2A1CA 
 5454      37A46F25 
 5454      97
 5455 0339 E5A567C8 		.ascii	"\345\245g\310\023kg\243O\271_\244:\3644\231\214*YH}"
 5455      136B67A3 
 5455      4FB95FA4 
 5455      3AF43499 
 5455      8C2A5948 
 5456 034e 7A059E7B 		.ascii	"z\005\236{E\305O$\206\365\002\233\367n\360\371\361\356"
 5456      45C54F24 
 5456      86F5029B 
 5456      F76EF0F9 
 5456      F1EE
 5457 0360 33E4D86D 		.ascii	"3\344\330m\027\037\222\034\3377>nr\335?\235C|\244\003"
 5457      171F921C 
 5457      DF373E6E 
 5457      72DD3F9D 
 5457      437CA403 
 5458 0374 70819D2F 		.ascii	"p\201\235/>}\216/~\313}\341\240\342Oj)\346\374?Q\311"
 5458      3E7D8E2F 
 5458      7ECB7DE1 
ARM GAS  /tmp/ccAvL6mB.s 			page 196


 5458      A0E24F6A 
 5458      29E6FC3F 
 5459 038a B09ACBB0 		.ascii	"\260\232\313\260\354\031z\347\003\360\005\025\377\317"
 5459      EC197AE7 
 5459      03F00515 
 5459      FFCF
 5460 0398 B8DE649D 		.ascii	"\270\336d\235\362*\376\376y\372G\270>\200\261?\202\367"
 5460      F22AFEFE 
 5460      79FA47B8 
 5460      3E80B13F 
 5460      82F7
 5461 03aa 43AAD890 		.ascii	"C\252\330\220\352\311j\356\227?\251rv\370\031\362\025"
 5461      EAC96AEE 
 5461      973FA972 
 5461      76F819F2 
 5461      15
 5462 03bb DBF94592 		.ascii	"\333\371E\222\357\373\372\245\203\333\344\3139\370\245"
 5462      EFFBFAA5 
 5462      83DBE4CB 
 5462      39F8A5
 5463 03ca 4223473E 		.ascii	"B#G>{\216_\3768\307\034\371\275\312\026\244\357/s\310"
 5463      7B8E5FFE 
 5463      38C71CF9 
 5463      BDCA16A4 
 5463      EF2F73C8 
 5464 03de 9146002E 		.ascii	"\221F\000.V\311\362\245]\216\010\317\360\223}\236\374"
 5464      56C9F2A5 
 5464      5D8E08CF 
 5464      F0937D9E 
 5464      FC
 5465 03ef 19D9AE77 		.ascii	"\031\331\256w\244\270!u\376O\3347\353U9\223\363\014"
 5465      A4B82175 
 5465      FE4FDC37 
 5465      EB553993 
 5465      F30C
 5466 0401 B95AED7C 		.ascii	"\271Z\355|#\311\365}}\323\315m\261a\016\276\351\324"
 5466      23C9F57D 
 5466      7DD3CD6D 
 5466      B1610EBE 
 5466      E9D4
 5467 0413 C8992F9F 		.ascii	"\310\231/\237\343\233??'g\376S%\203\357\034r\346!\000"
 5467      E39B3F3F 
 5467      2767FE53 
 5467      2583EF1C 
 5467      72E62100 
 5468 0427 5F54F15F 		.ascii	"_T\361_k\347\2170\304\326\235\277x\206-\354\375bFl}"
 5468      6BE78F30 
 5468      C4D69DBF 
 5468      78862DEC 
 5468      FD62466C 
 5469 043c BA04FAF5 		.ascii	"\272\004\372\365*\331\310\334\373\025\367\313\337U~"
 5469      2AD9C8DC 
 5469      FB15F7CB 
 5469      DF557E
 5470 044b 313C43BE 		.ascii	"1<C\276i;\277H\362}_\277\264s\233\374\327\034\374\242"
 5470      693BBF48 
 5470      F27D5FBF 
ARM GAS  /tmp/ccAvL6mB.s 			page 197


 5470      B4739BFC 
 5470      D71CFCA2 
 5471 045f D7CFF6CB 		.ascii	"\327\317\366\313\332\347\370\305\374\034\277\254Q\311"
 5471      DAE7F8C5 
 5471      FC1CBFAC 
 5471      51C9
 5472 046d 103807BF 		.ascii	"\0208\007\277,\326\333\346\211\264?\223\374\362\332"
 5472      2CD6DBE6 
 5472      89B43F93 
 5472      FCF2DA
 5473 047c F7C89364 		.ascii	"\367\310\223d\270\306C{\235\254\263U2\221uP\002\367"
 5473      B8C6437B 
 5473      9DACB355 
 5473      32917550 
 5473      02F7
 5474 048e 47B8CA1F 		.ascii	"G\270\312\037\217\237!\327+z[\177Hr}_\177\364p[D\315"
 5474      8F9F21D7 
 5474      2B7A5B7F 
 5474      48727D5F 
 5474      7FF4705B 
 5475 04a4 C11F6F6A 		.ascii	"\301\037oj\370#\3459\376H~\216?v\253d\3306\007\177\274"
 5475      F823E539 
 5475      FE487E8E 
 5475      3F76AB64 
 5475      D836077F 
 5476 04b9 C173F569 		.ascii	"\301s\365i\353v\262\257y\003Z\231\250\354k\226\302\363"
 5476      EB76B2AF 
 5476      79035A99 
 5476      A8EC6B96 
 5476      C2F3
 5477 04cb 2062EB1E 		.ascii	" b\353\036\262N\"r\374\222\363${\033\262\326!\353\037"
 5477      B24E2272 
 5477      FC92F324 
 5477      7B1BB2D6 
 5477      21EB1F
 5478 04de B2DE217D 		.ascii	"\262\336!}d\376 \353{\262\037\325\332W\375\354\031{"
 5478      64FE20EB 
 5478      7BB21FD5 
 5478      DA57FDEC 
 5478      197B
 5479 04f0 921C4E9B 		.ascii	"\222\034N\233\360~\023\370Vr=$\332\244&\223\365=Y\347"
 5479      F07E13F8 
 5479      56723D24 
 5479      DAA42693 
 5479      F53D59E7 
 5480 0504 5789B369 		.ascii	"W\211\263i\377\232\317\023\317\332G\021\035\377\021"
 5480      FF9ACF13 
 5480      CFDA4711 
 5480      1DFF11
 5481 0513 B3B3809A 		.ascii	"\263\263\200\232\377\206\236$\306\310\236\253\366)z"
 5481      FF869E24 
 5481      C6C89EAB 
 5481      F6297A
 5482 0522 7EA69BBD 		.ascii	"~\246\233\275\017\225\364\224t|\013x\326\331\351H\374"
 5482      0F95F494 
 5482      747C0B78 
 5482      D6D9E948 
ARM GAS  /tmp/ccAvL6mB.s 			page 198


 5482      FC
 5483 0533 F763AE63 		.ascii	"\367c\256c\275\206\216\3330Z\210t\360\271\010-\241\367"
 5483      BD868EDB 
 5483      305A8874 
 5483      F0B9082D 
 5483      A1F7
 5484 0545 0EF4BE5C 		.ascii	"\016\364\276\\\300\"y\367\026\"\207(\256\364N\300Fa"
 5484      C02279F7 
 5484      16228728 
 5484      AEF44EC0 
 5484      4661
 5485 0557 B995FE05 		.ascii	"\271\225\376\005\376P@\245L\312\017\234\360gB\"\026"
 5485      FE5040A5 
 5485      4CCA0F9C 
 5485      F0674222 
 5485      16
 5486 0568 EF598357 		.ascii	"\357Y\203W\230\312\255\326!k\371\026G\001\035C\350("
 5486      98CAADD6 
 5486      216BF916 
 5486      47011D43 
 5486      E828
 5487 057a 12501982 		.ascii	"\022P\031\202\201'\020*A\250\030\341/\004\354N\260\231"
 5487      8127102A 
 5487      41A818E1 
 5487      2F04EC4E 
 5487      B099
 5488 058c 5351B75D 		.ascii	"SQ\267]\335\030\251rJ\006\225#T\201\000\011\367\000"
 5488      DD18A972 
 5488      4A069523 
 5488      54810009 
 5488      F700
 5489 059e 383D10BE 		.ascii	"8=\020\276\015;Sji\225:\362\206\321\023P%\3422\317\247"
 5489      0D3B536A 
 5489      69953AF2 
 5489      86D11350 
 5489      25E232CF 
 5490 05b3 725A11F6 		.ascii	"rZ\021\366f\317F\030V\334\034Y\346d\262r!\240S\032u"
 5490      66CF4618 
 5490      56DC1C59 
 5490      E664B272 
 5490      21A0531A 
 5491 05c8 1644598E 		.ascii	"\026DY\216\252\021\366\003\352\206\351\246+\027\215"
 5491      AA11F603 
 5491      EA86E9A6 
 5491      2B178D
 5492 05d7 A61F2204 		.ascii	"\246\037\"\004\377\003\217^ke\000\026\320\317\320;\002"
 5492      FF038F5E 
 5492      6B650016 
 5492      D0CFD03B 
 5492      02
 5493 05e8 AA41A816 		.ascii	"\252A\250\026\260\347\020:\217D\270\015\264Z\247~\004"
 5493      B0E7103A 
 5493      8F44B80D 
 5493      B45AA77E 
 5493      04
 5494 05f9 57205ED0 		.ascii	"W ^\32014aZ\010\304\267X\255\177\201.T\210\320qB\274"
 5494      3134615A 
ARM GAS  /tmp/ccAvL6mB.s 			page 199


 5494      08C4B758 
 5494      AD7F812E 
 5494      5488D071 
 5495 060f 0E510640 		.ascii	"\016Q\006@\331\241.\276\247\313\311m\351\322\245\014"
 5495      D9A12EBE 
 5495      A7CBC96D 
 5495      E9D2A50C 
 5496 061f 56AE13D0 		.ascii	"V\256\023\320i\204\252\020\325\257\236\350\207.\"\324"
 5496      6984AA10 
 5496      D5AF9EE8 
 5496      872E22D4 
 5497 062f 80D005A2 		.ascii	"\200\320\005\242(\200\306\207C\332\272~\261-\323j\315"
 5497      2880C687 
 5497      43DABA7E 
 5497      B12DD36A 
 5497      CD
 5498 0640 B362A084 		.ascii	"\263b\240\204\316P\234D\232~\254\020@\310\274\273A!"
 5498      CE509C44 
 5498      9A7EAC10 
 5498      40C8BCBB 
 5498      4121
 5499 0652 D6F95B9C 		.ascii	"\326\371[\234\321I\204\212(F\322m\271@\254M0Cmg\242"
 5499      D149848A 
 5499      2846D26D 
 5499      B940AC4D 
 5499      30436D67 
 5500 0667 5C620230 		.ascii	"\\b\0020\030\011\235\232\205Y!`\220\024\024\031\236"
 5500      18099D9A 
 5500      85592160 
 5500      90141419 
 5500      9E
 5501 0678 38978EDD 		.ascii	"8\227\216\335fI\330\250!!\240\217?\254\273dR\\qI!zY"
 5501      6649D8A8 
 5501      2121A08F 
 5501      3FACBB64 
 5501      525C7149 
 5502 068f 72C54BF4 		.ascii	"r\305K\364s\031\013\034\221>\274L\037:\020\276\206\030"
 5502      73190B1C 
 5502      913EBC4C 
 5502      1F3A10BE 
 5502      8618
 5503 06a1 C6997508 		.ascii	"\306\231u\010\030\026\257\030&c|\227\312\3225z(S\264"
 5503      1816AF18 
 5503      26637C97 
 5503      CAD2357A 
 5503      2853B4
 5504 06b4 8D847684 		.ascii	"\215\204v\204n\362H\300\017(h\373\271\260>\223-\250"
 5504      6EF248C0 
 5504      0F2868FB 
 5504      B9B03E93 
 5504      2DA8
 5505 06c6 4301112A 		.ascii	"C\001\021*\003\233k\034\024\031;\025\031\311v\005O\023"
 5505      039B6B1C 
 5505      14193B15 
 5505      19C97605 
 5505      4F13
 5506 06d8 2A8696FB 		.ascii	"*\206\226\373\303\251\3047\212\342\314\312\204\341-"
ARM GAS  /tmp/ccAvL6mB.s 			page 200


 5506      C3A9C437 
 5506      8AE2CCCA 
 5506      84E12D
 5507 06e7 AA780F42 		.ascii	"\252x\017B\244\014\022S\026\355\330\026\275\331h\255"
 5507      A40C1253 
 5507      16EDD816 
 5507      BDD968AD 
 5508 06f7 01B77521 		.ascii	"\001\267u!\324M\021\263\015\236\027\265\2319\245\213"
 5508      D44D11B3 
 5508      0D9E17B5 
 5508      9939A58B 
 5509 0707 1AFC96BD 		.ascii	"\032\374\226\275\301A\264\333#]\215\316n\263xv\330\363"
 5509      C141B4DB 
 5509      235D8DCE 
 5509      6EB37876 
 5509      D8F3
 5510 0719 C4B9A280 		.ascii	"\304\271\242\200O\320\2343\320\2343\322;\242\362\267"
 5510      4FD09C33 
 5510      D09C33D2 
 5510      3BA2F2B7 
 5511 0729 B85C24A4 		.ascii	"\270\\$\244\012\"\262\243urt\313)\326\217\000\007\224"
 5511      0A22B2A3 
 5511      757274CB 
 5511      29D68F00 
 5511      0794
 5512 073b FA10BA07 		.ascii	"\372\020\272\007qjH\216)\2104\332\350y\035!p\003\352"
 5512      716A488E 
 5512      298834DA 
 5512      E8791D21 
 5512      7003EA
 5513 074e 45E83EE5 		.ascii	"E\350>\3459\204\320\240\024\177Iq\203\226$\240\347\214"
 5513      3984D0A0 
 5513      147F4971 
 5513      839624A0 
 5513      E78C
 5514 0760 0610BA4B 		.ascii	"\006\020\272K\021\222\016<\370\000\2257\000y\340\350"
 5514      11920E3C 
 5514      F8009537 
 5514      0079E0E8 
 5515 0770 8CEE20D4 		.ascii	"\214\356 \324F!R|\362\270\032\246\362\335\014\330\352"
 5515      4621527C 
 5515      F2B81AA6 
 5515      F2DD0CD8 
 5515      EA
 5516 0781 E7368BEB 		.ascii	"\3476\213\353\260=W\014\323\022\016\304\002\016\305"
 5516      B03D570C 
 5516      D3120EC4 
 5516      020EC5
 5517 0790 44DBCFE5 		.ascii	"D\333\317\345\012\3639D\305\016L(m\033\031\2531\314"
 5517      0AF33944 
 5517      C50E4C28 
 5517      6D1B19AB 
 5517      31CC
 5518 07a2 2E26E308 		.ascii	".&\343\0100@i\014\241G\010'RhG~Y\232\30166\036#4\251"
 5518      3040690C 
 5518      A1470827 
 5518      5268477E 
ARM GAS  /tmp/ccAvL6mB.s 			page 201


 5518      599AC136 
 5519 07bb C4466DD9 		.ascii	"\304Fm\331\345\253H\211\215IE\277)\022\033\231\224\312"
 5519      E5AB4889 
 5519      8D4945BF 
 5519      29121B99 
 5519      94CA
 5520 07cd 83B484   		.ascii	"\203\264\204"
 5521 07d0 1A3D2997 		.ascii	"\032=)\227\300\300\007\2363\232C\203\\\351\363\004B"
 5521      C0C0079E 
 5521      339A4383 
 5521      5CE9F304 
 5521      42
 5522 07e1 4F108D60 		.ascii	"O\020\215`\221F\360|x\273\245\343Z\256\353\213\300\260"
 5522      9146F07C 
 5522      78BBA5E3 
 5522      5AAEEB8B 
 5522      C0B0
 5523 07f3 DF6A5D84 		.ascii	"\337j]\204\326\241\000\021YI\331\2055\014\232\241\205"
 5523      D6A10011 
 5523      5949D985 
 5523      350C9AA1 
 5523      85
 5524 0804 40AC9B2A 		.ascii	"@\254\233*\011sR\270\006\2122\327\315\"\021\015\347"
 5524      097352B8 
 5524      068A32D7 
 5524      CD22110D 
 5524      E7
 5525 0815 51BEC3F5 		.ascii	"Q\276\303\365c\311\256\0320\264E\344\300Dl*\315n\353"
 5525      63C9AE1A 
 5525      30B445E4 
 5525      C0446C2A 
 5525      CD6EEB
 5526 0828 3690A232 		.ascii	"6\220\2422\253\252\010(\230\200P\270\210\302D\024*\242"
 5526      ABAA0828 
 5526      988050B8 
 5526      88C24414 
 5526      2AA2
 5527 083a 109187EF 		.ascii	"\020\221\207\357\343\304H\036\276A\"\232F\004g\343V"
 5527      E3C4481E 
 5527      BE41229A 
 5527      460467E3 
 5527      56
 5528 084b 1EBF5B79 		.ascii	"\036\277[y\374~\216FgcX\335\011\347\0200\304C\033\214"
 5528      FC7E8E46 
 5528      676358DD 
 5528      09E71030 
 5528      C4431B8C 
 5529 085f AAEE8455 		.ascii	"\252\356\204U\261\2723E\323\300\016\003\3611D\225\215"
 5529      B1BA3345 
 5529      D3C00E03 
 5529      F1314495 
 5529      8D
 5530 0870 ED0B3834 		.ascii	"\355\01384ov\335\211\0205\265\200Hn8\335s\301\305&\222"
 5530      6F76DD89 
 5530      1035B580 
 5530      486E38DD 
 5530      73C1C526 
ARM GAS  /tmp/ccAvL6mB.s 			page 202


 5531 0885 AF22D442 		.ascii	"\257\"\324B\350F\322\001\321\"\"K%\022\241CY\031\277"
 5531      E846D201 
 5531      D122224B 
 5531      2512A143 
 5531      5919BF
 5532 0898 27126C15 		.ascii	"'\022l\025\321\010\"\257%\003I\332\222(N\311\260RU\036"
 5532      D10822AF 
 5532      250349DA 
 5532      92284EC9 
 5532      B052551E 
 5533 08ac 20748382 		.ascii	" t\203\202X\210\312b>\241b\036\350n\272\241.\217\214"
 5533      5888CA62 
 5533      3EA1621E 
 5533      E86EBAA1 
 5533      2E8F8C
 5534 08bf 278A11ED 		.ascii	"'\212\021\355\270\342\035:V\332N\01342\322tx/\357Y\202"
 5534      B8E21D3A 
 5534      56DA4E0B 
 5534      3432D274 
 5534      782FEF59 
 5535 08d4 B37402CE 		.ascii	"\263t\002\316\321\0019\335xRJ\232\203\333\354\252\023"
 5535      D10139DD 
 5535      78524A9A 
 5535      83DBECAA 
 5535      13
 5536 08e5 2FA2DD94 		.ascii	"/\242\335\224^\002Wa|\274;\357\312\322\035V\3525\226"
 5536      5E025761 
 5536      7CBC3BEF 
 5536      CAD21D56 
 5536      EA3596
 5537 08f8 6900B0CB 		.ascii	"i\000\260\313\264>BS\014\237<\035\340:\273\250$\332"
 5537      B43E4253 
 5537      0C9F3C1D 
 5537      E03ABBA8 
 5537      24DA
 5538 090a 90C49320 		.ascii	"\220\304\223 C\200\236\030\262$\374h\206\216\315w\216"
 5538      43809E18 
 5538      B224FC68 
 5538      868ECD77 
 5538      8E
 5539 091b 224A1721 		.ascii	"\"J\027!\233up\241s\337\026g>\365\245\2207\002J\025"
 5539      9B7570A1 
 5539      73DF1667 
 5539      3EF5A590 
 5539      37024A15 
 5540 092f 519A8843 		.ascii	"Q\232\210C\364\002\216$c\305\301\346+\225\206\331U'"
 5540      F4028E24 
 5540      63C5C1E6 
 5540      2B9586D9 
 5540      5527
 5541 0941 43B4A93A 		.ascii	"C\264\251:bKbI\244Q\211\344\275J\014\354#+\314\355@"
 5541      624B6249 
 5541      A45189E4 
 5541      BD4A0CEC 
 5541      232BCCED 
 5542 0956 6F37B464 		.ascii	"o7\264dh{\011\335\205'F\312J\234iT\333Fv3BW\310\260"
 5542      687B09DD 
ARM GAS  /tmp/ccAvL6mB.s 			page 203


 5542      852746CA 
 5542      4A9C6954 
 5542      DB467633 
 5543 096e 0354933C 		.ascii	"\003T\223<\021\345\212\350\220\210\016\213(GDGDtPD\371"
 5543      11E58AE8 
 5543      90880E8B 
 5543      28474447 
 5543      44745044 
 5544 0983 3CCAC753 		.ascii	"<\312\307S\372\362r]X\365\232\240\325\353\200\302\266"
 5544      FAF2725D 
 5544      58F59AA0 
 5544      D5EB80C2 
 5544      B6
 5545 0994 4AA95ED3 		.ascii	"J\251^\323\254z%\211h\227H \222M\233\344(\037\232\030"
 5545      AC7A2589 
 5545      68974820 
 5545      924D9BE4 
 5545      281F9A18 
 5546 09a8 F52566DF 		.ascii	"\365%f\337'\242\375\242\232\212*\021\036\027Q*\000\331"
 5546      27A2FDA2 
 5546      9A8A2A11 
 5546      1E17512A 
 5546      00D9
 5547 09ba 331BC2F3 		.ascii	"3\033\302\363iP\306d\332`TS\306\200\014\311\232\005"
 5547      6950C664 
 5547      DA605453 
 5547      C6800CC9 
 5547      9A05
 5548 09cc A1E20E3D 		.ascii	"\241\342\016=y\240#\262\200\270\3316\342\306\211\262"
 5548      79A023B2 
 5548      80B8D936 
 5548      E2C689B2 
 5549 09dc 2C5347AD 		.ascii	",SG\255V\354\014\376B\311\024B\034\310U\0066\370*\365"
 5549      56EC0CFE 
 5549      42C91442 
 5549      1CC85506 
 5549      36F82AF5 
 5550 09f0 5C62EED6 		.ascii	"\\b\356\326~\0277{\313\242\002\361\271\266\205\220\311"
 5550      7E17377B 
 5550      CBA202F1 
 5550      B9B68590 
 5550      C9
 5551 0a01 6F687A73 		.ascii	"ohzs)\015\333\361\035\203\345\307\336\333\316\3422V"
 5551      290DDBF1 
 5551      1D83E5C7 
 5551      DEDBCEE2 
 5551      3256
 5552 0a13 44AD208E 		.ascii	"D\255 \216(g\242,6g\262CD\333!\212\266\211\004\004L"
 5552      2867A22C 
 5552      3667B243 
 5552      44DB218A 
 5552      B6890404 
 5553 0a28 8E81FC3C 		.ascii	"\216\201\374<\300\363\212x\376\035\025\321N\372^\362"
 5553      C0F38A78 
 5553      FE1D15D1 
 5553      4EFA5EF2 
 5554 0a38 759324F8 		.ascii	"u\223$\370N\003\2353\367U=2\271\315\242YdO\023\240\273"
ARM GAS  /tmp/ccAvL6mB.s 			page 204


 5554      4E039D33 
 5554      F7553D32 
 5554      B9CDA259 
 5554      644F13A0 
 5555 0a4d 6B3A4655 		.ascii	"k:FU\253\223b\305\236\344K\035\000T\266\346O9*\000\325"
 5555      AB9362C5 
 5555      9EE44B1D 
 5555      0054B6E6 
 5555      4F392A00 
 5556 0a62 9AA894C4 		.ascii	"\232\250\224\304\345^\203\200\017\032X\326.bi\214p\015"
 5556      E55E8380 
 5556      0F1A58D6 
 5556      2E62698C 
 5556      700D
 5557 0a74 91C29050 		.ascii	"\221\302\220P\2223\356\270t)\221c|4<>\323%\200\006\032"
 5557      9233EEB8 
 5557      74299163 
 5557      7C343C3E 
 5557      D3258006 
 5558 0a89 2C804E88 		.ascii	",\200N\210\250J\2510\313\345 J>\313\312\340:X\005\021"
 5558      A84AA930 
 5558      CBE5204A 
 5558      3ECBCAE0 
 5558      3A580511 
 5559 0a9d C4EC50E4 		.ascii	"\304\354P\344\012\235\022\021\354gP\031E\201B\025\""
 5559      0A9D1211 
 5559      EC675019 
 5559      45814215 
 5559      22
 5560 0aae AAA4295B 		.ascii	"\252\244)[O\365\267&u\237Q\2477\207\237\266\207\223"
 5560      4FF5B726 
 5560      759F51A7 
 5560      37879FB6 
 5560      8793
 5561 0ac0 A551D1E8 		.ascii	"\245Q\321\350\200*\355\316(L\253\211z\235\204\236nh"
 5561      802AEDCE 
 5561      284CAB89 
 5561      7A9D849E 
 5561      6E68
 5562 0ad2 32350451 		.ascii	"25\004QE\206\2123i\231dJ\324\332+1\2536\237\245 `YC"
 5562      45868A33 
 5562      6999644A 
 5562      D4DA2B31 
 5562      AB369FA5 
 5563 0aea C51BA4E2 		.ascii	"\305\033\244\3425&\347\334q\231]\307\317\331`\211\032"
 5563      3526E7DC 
 5563      71995DC7 
 5563      CFD96089 
 5563      1A
 5564 0afb 47C6FB54 		.ascii	"G\306\373T\262\235Wd#\233\024<E\255\334Q\233q\330\221"
 5564      B29D5764 
 5564      239B143C 
 5564      45ADDC51 
 5564      9B71D891 
 5565 0b0f 055A5E7D 		.ascii	"\005Z^}&\213\017&]\303\323\245\343%\271\236\202\200"
 5565      268B0F26 
 5565      5DC3D3A5 
ARM GAS  /tmp/ccAvL6mB.s 			page 205


 5565      E325B99E 
 5565      8280
 5566 0b21 E305115D 		.ascii	"\343\005\021]\224\202\2545S]\344\033\224\"\317\275\200"
 5566      9482AC35 
 5566      535DE41B 
 5566      9422CFBD 
 5566      80
 5567 0b32 238D44B8 		.ascii	"#\215D\270\263\307s\323\234gW\371F{\222d5r\356\366\023"
 5567      B3C773D3 
 5567      9C6757F9 
 5567      467B9264 
 5567      3572EEF6 
 5568 0b47 836A05AC 		.ascii	"\203j\005\254\350A\276`\301\311F\026>?g\353_X\227\030"
 5568      E841BE60 
 5568      C1C94616 
 5568      3E3F67EB 
 5568      5F589718 
 5569 0b5b 62EE8C54 		.ascii	"b\356\214T;\263\320\311\033\260Q\252UC\251\274\211L"
 5569      3BB3D0C9 
 5569      1BB051AA 
 5569      5543A9BC 
 5569      894C
 5570 0b6d 755EB42A 		.ascii	"u^\264*y1+p\232Et\005\"\241\211\242@\312\026HD\352\231"
 5570      79312B70 
 5570      9A457405 
 5570      22A189A2 
 5570      40CA1648 
 5571 0b84 8354A98B 		.ascii	"\203T\251\213\021\001z\267Y\350k\366h\262*\262^xIQ\351"
 5571      11017AB7 
 5571      59E86BF6 
 5571      68B22AB2 
 5571      5E784951 
 5572 0b99 BAA212D9 		.ascii	"\272\242\022\331\363\343\022\256R\023\237\331\364\370"
 5572      F3E312AE 
 5572      52139FD9 
 5572      F4F8
 5573 0ba7 02A16FA8 		.ascii	"\002\241o\250\272\322\3271\217\353\025\231\255\326\253"
 5573      BAD2D731 
 5573      8FEB1599 
 5573      ADD6AB
 5574 0bb6 5B4BAFDD 		.ascii	"[K\257\335\034\002Y\331A!,\2215\364\272)\242v\220\264"
 5574      1C0259D9 
 5574      41212C91 
 5574      35F4BA29 
 5574      A27690B4 
 5575 0bca 8DA240D2 		.ascii	"\215\242@\322N\021uQ\275.S\275\252\233\023\223\220\333"
 5575      4E117551 
 5575      BD2E53BD 
 5575      AA9B1393 
 5575      90DB
 5576 0bdc 2CF82D7B 		.ascii	",\370-{8@\313Z\033\357\253\226{\267\025\315zD\276]\271"
 5576      3840CB5A 
 5576      1BEFAB96 
 5576      7BB715CD 
 5576      7A44BE5D 
 5577 0bf1 C8B4B2EA 		.ascii	"\310\264\262\352q\017\327\263\203\367\030\360\003\336"
 5577      710FD7B3 
ARM GAS  /tmp/ccAvL6mB.s 			page 206


 5577      83F718F0 
 5577      03DE
 5578 0bff 53CE2EEF 		.ascii	"S\316.\357\3401#D*\264@\007B}K\310\356Z\273\355\312"
 5578      E0312344 
 5578      2AB44007 
 5578      427D4BC8 
 5578      EE5ABBED 
 5579 0c14 B0881E88 		.ascii	"\260\210\036\210|\273\262\225\201\036\246>\322\333\202"
 5579      7CBBB295 
 5579      811EA63E 
 5579      D2DB82
 5580 0c23 46141000 		.ascii	"F\024\020\000\232w\357\316\025\025\031G\025\031\037"
 5580      9A77EFCE 
 5580      15151947 
 5580      15191F
 5581 0c32 12EBEFA4 		.ascii	"\022\353\357\244Tn\215\034\034\265\333#?\022\321\230"
 5581      546E8D1C 
 5581      1CB5DB23 
 5581      3F12D198 
 5582 0c42 C42A8582 		.ascii	"\304*\205\202*\216\336>\354b\013\032W@\000\010jh\317"
 5582      2A8EDE3E 
 5582      EC620B1A 
 5582      57400008 
 5582      6A68CF
 5583 0c55 512D3027 		.ascii	"Q-0'\024V\217i}tH\335\236_\353\240\271c\005n\223\324"
 5583      14568F69 
 5583      7D7448DD 
 5583      9E5FEBA0 
 5583      B963056E 
 5584 0c6b BA4F4434 		.ascii	"\272OD4\005\213Hi\322M\312\250h\340\223\356C\021\015"
 5584      058B4869 
 5584      D24DCAA8 
 5584      68E093EE 
 5584      43110D
 5585 0c7e 5194C674 		.ascii	"Q\224\306t\371\204\315s\217E\262$\264\207\260\005\331"
 5585      F984CD73 
 5585      8F45B224 
 5585      B487B005 
 5585      D9
 5586 0c8f D06336D3 		.ascii	"\320c6\323\261\305\316\244\375b\207dij\315}\347\331"
 5586      B1C5CEA4 
 5586      FD628764 
 5586      696ACD7D 
 5586      E7D9
 5587 0ca1 A5665C43 		.ascii	"\245f\\C4\334\350 \340fh\327\250e\232G3\333\347i\330"
 5587      34DCE820 
 5587      E06668D7 
 5587      A8659A47 
 5587      33DBE769 
 5588 0cb6 18056266 		.ascii	"\030\005bf\345\001\007\342\342\227a\301N/\260\211\241"
 5588      E50107E2 
 5588      E29761C1 
 5588      4E2FB089 
 5588      A1
 5589 0cc7 E3EAAA23 		.ascii	"\343\352\252#k\220\251\334\366T \204 \200]0FA\220\337"
 5589      6B90A9DC 
 5589      F6542084 
ARM GAS  /tmp/ccAvL6mB.s 			page 207


 5589      20805D30 
 5589      464190DF 
 5590 0cdb E2E8E9BD 		.ascii	"\342\350\351\275{U\253\373P,k\027\206\201\364\004\241"
 5590      7B55ABFB 
 5590      502C6B17 
 5590      8681F404 
 5590      A1
 5591 0cec F4D2D5DB 		.ascii	"\364\322\325\333\361\255Nlu\303\2269\304xS\231\215\365"
 5591      F1AD4E6C 
 5591      75C39639 
 5591      C4785399 
 5591      8DF5
 5592 0cfe DC786198 		.ascii	"\334xa\230\254\000b\261\335\012\200P\235|@W#lM\243B"
 5592      AC0062B1 
 5592      DD0A8050 
 5592      9D7C4057 
 5592      236C4DA3 
 5593 0d13 A8D634A1 		.ascii	"\250\3264\241|.\235\201\275\007&\030)\375\224U\302\320"
 5593      7C2E9D81 
 5593      BD072618 
 5593      29FD9455 
 5593      C2D0
 5594 0d25 205BD400 		.ascii	" [\324\000\243\314Y\214\370\312\375\011\343\264\031"
 5594      A3CC598C 
 5594      F8CAFD09 
 5594      E3B419
 5595 0d34 A300AC86 		.ascii	"\243\000\254\2064)^\312\013SX\015\212jV\367E\2734\356"
 5595      34295ECA 
 5595      0B53580D 
 5595      8A6A56F7 
 5595      45BB34EE 
 5596 0d48 15D11DD2 		.ascii	"\025\321\035\322\007\030\260V\004FQ\030\305a\264\023"
 5596      0718B056 
 5596      04465118 
 5596      C561B413 
 5597 0d58 D6E518ED 		.ascii	"\326\345\030\355\300\304\322\321\030Eb\024\203\321v"
 5597      C0C4D2D1 
 5597      18456214 
 5597      83D176
 5598 0d67 CCE2296F 		.ascii	"\314\342)o\232\005\012\210\260e\266\010L\331pE\202p"
 5598      9A050A88 
 5598      B065B608 
 5598      4CD97045 
 5598      8270
 5599 0d79 1B65079E 		.ascii	"\033e\007\236\262$\002\210\355\222\210\350\372X6\307"
 5599      B2240288 
 5599      ED9288E8 
 5599      FA5836C7 
 5600 0d89 1E1B73A8 		.ascii	"\036\033s\250\027p\023L\030\300\354\237\215\201\311"
 5600      1770134C 
 5600      18C0EC9F 
 5600      8D81C9
 5601 0d98 E3B02309 		.ascii	"\343\260#\011\222\336\013\367C\325\365\210\351\215v"
 5601      92DE0BF7 
 5601      43D5F588 
 5601      E98D76
 5602 0da7 E1B96B0E 		.ascii	"\341\271k\016\325\364t\321\326d\007y\201q(\333f\201"
ARM GAS  /tmp/ccAvL6mB.s 			page 208


 5602      D5F474D1 
 5602      D6640779 
 5602      817128DB 
 5602      6681
 5603 0db9 9188350A 		.ascii	"\221\2105\012j1/\250\361\030\365S\210d\360Y\005\265"
 5603      6A312FA8 
 5603      F118F553 
 5603      8864F059 
 5603      05B5
 5604 0dcb 4F44F740 		.ascii	"OD\367@\242\273\024\005\022\355\306(\201\260\305\307"
 5604      A2BB1405 
 5604      12EDC628 
 5604      81B0C5C7 
 5605 0ddb A8021179 		.ascii	"\250\002\021y\331\005Nn\263\340I\330\016\016\320\300"
 5605      D9054E6E 
 5605      B3E049D8 
 5605      0E0ED0C0 
 5606 0deb B0DA5655 		.ascii	"\260\332VU\"%+6I\301\024\220\366\344b\266\023\315\230"
 5606      22252B36 
 5606      49C11490 
 5606      F6E462B6 
 5606      13CD98
 5607 0dfe 72ED7334 		.ascii	"r\355s4r4\220\234\032\353\254\020IU\210\2441\"\371\201"
 5607      7234909C 
 5607      1AEBAC10 
 5607      495588A4 
 5607      3122F981 
 5608 0e12 77D5CBB4 		.ascii	"w\325\313\264Ze\231\226N2\252\234J\2357\270\177\314"
 5608      5A659996 
 5608      4E32AA9C 
 5608      4A9D37B8 
 5608      7FCC
 5609 0e24 D9B6DA35 		.ascii	"\331\266\3325\332\034\033f\356\253lS\255\0063\0246{"
 5609      DA1C1B66 
 5609      EEAB6C53 
 5609      AD063314 
 5609      367B
 5610 0e36 291BDDE1 		.ascii	")\033\335\341\236\366\275\256K\335\010b\232\237\225"
 5610      9EF6BDAE 
 5610      4BDD0862 
 5610      9A9F95
 5611 0e45 EDC5A440 		.ascii	"\355\305\244@\355\267OC\272\341\241\266\341uc\017& "
 5611      EDB74F43 
 5611      BAE1A1B6 
 5611      E175630F 
 5611      2620
 5612 0e57 B0CD3E6A 		.ascii	"\260\315>j\307:*Q\354\243\216 Z\352m\261\2316X\300\035"
 5612      C73A2A51 
 5612      ECA38E20 
 5612      5AEA6DB1 
 5612      993658C0 
 5613 0e6c EEA8C9D2 		.ascii	"\356\250\311\322)\202e)\334\262\231\376m{n5\253\000"
 5613      29826529 
 5613      DCB299FE 
 5613      6D7B6E35 
 5613      AB00
 5614 0e7e 334ABD3C 		.ascii	"3J\275<\300\000\271\261\373\013Ts\306V\005\220C\014"
ARM GAS  /tmp/ccAvL6mB.s 			page 209


 5614      C000B9B1 
 5614      FB0B5473 
 5614      C6560590 
 5614      430C
 5615 0e90 D4E228E0 		.ascii	"\324\342(\340vh\267\250X\315\303u\307\361\"\033C\035"
 5615      7668B7A8 
 5615      58CDC375 
 5615      C7F1221B 
 5615      431D
 5616 0ea2 C62817F3 		.ascii	"\306(\027\363\271c\210\202\032Jj\257\033mAy\012\210"
 5616      B9638882 
 5616      1A4A6AAF 
 5616      1B6D4179 
 5616      0A88
 5617 0eb4 00AE57C4 		.ascii	"\000\256W\304\251\234\226\257\010}\204\312d\210\215"
 5617      A99C96AF 
 5617      087D84CA 
 5617      64888D
 5618 0ec3 3DDB8A97 		.ascii	"=\333\212\227Rs\026M\345V\374\023\253kG\250A\217i\325"
 5618      5273164D 
 5618      E556FC13 
 5618      AB6B47A8 
 5618      418F69D5 
 5619 0ed7 B54319CC 		.ascii	"\265C\031\314\346P\330\016a{\010\25366;Z\201`\300\214"
 5619      E650D80E 
 5619      617B08AB 
 5619      36363B5A 
 5619      8160C08C 
 5620 0eeb 05181DA5 		.ascii	"\005\030\035\245V\3177\011\3708\264Rh\345&\"d\372\300"
 5620      56CF3709 
 5620      F838B452 
 5620      68E52622 
 5620      64FAC0
 5621 0efe 683DB28D 		.ascii	"h=\262\215\211b\214J$U\353(($\274\360\032\266\005\225"
 5621      89628C4A 
 5621      2455EB28 
 5621      2824BCF0 
 5621      1AB60595 
 5622 0f12 2A20005C 		.ascii	"* \000\\(>tBu\336|B\221\254\214\251Z\324~tF\307T\035"
 5622      283E7442 
 5622      75DE7C42 
 5622      91AC8CA9 
 5622      5AD47E74 
 5623 0f2a 2AE2A71D 		.ascii	"*\342\247\035e\030\025aX\360i(Z\254(Z8\013\242\251h"
 5623      65181561 
 5623      58F06928 
 5623      5AAC285A 
 5623      380BA2A9 
 5624 0f3f 3955F424 		.ascii	"9U\364$\330\216W\207\261\341\206\355\316K\027\221yy"
 5624      D88E5787 
 5624      B1E186ED 
 5624      CE4B1791 
 5624      7979
 5625 0f51 E870869E 		.ascii	"\350p\206\236T.0\006l\276*\261\335<iO\214\370\272\222"
 5625      542E3006 
 5625      6CBE2AB1 
 5625      DD3C694F 
ARM GAS  /tmp/ccAvL6mB.s 			page 210


 5625      8CF8BA92 
 5626 0f65 92ABC0A8 		.ascii	"\222\253\300\250\012\363uq\011\257\241\300\3508\236"
 5626      0AF37571 
 5626      09AFA1C0 
 5626      E8389E
 5627 0f74 4D048C90 		.ascii	"M\004\214\220u\300z\225\006\204-\265<{jdky\2528S'\235"
 5627      75C07A95 
 5627      06842DB5 
 5627      3C7B6A64 
 5627      6B79AA38 
 5628 0f8b 8F9103B3 		.ascii	"\217\221\003\263\262\356\210<\003?@;C\246\310\240\301"
 5628      B2EE883C 
 5628      033F403B 
 5628      43A6C8A0 
 5628      C1
 5629 0f9c 8E262421 		.ascii	"\216&$!"
 5630 0fa0 AA49CFA1 		.ascii	"\252I\317\241\216\013\255\016\032\247f5P3\316\262 ?"
 5630      8E0BAD0E 
 5630      1AA76635 
 5630      5033CEB2 
 5630      203F
 5631 0fb2 DE9390A2 		.ascii	"\336\223\220\242\312\202\032\305n\265\324W\370\032u"
 5631      CA821AC5 
 5631      6EB5D457 
 5631      F81A75
 5632 0fc1 E7F4A9A8 		.ascii	"\347\364\251\250\036-\030:\207%`/\001:\244\334\037\251"
 5632      1E2D183A 
 5632      8725602F 
 5632      013AA4DC 
 5632      1FA9
 5633 0fd3 D4DB2E6E 		.ascii	"\324\333.n\370:\037b\244\236*\325\200\321E\214.p+\015"
 5633      F83A1F62 
 5633      A49E2AD5 
 5633      80D1458C 
 5633      2E702B0D 
 5634 0fe7 D5B36324 		.ascii	"\325\263c$\310\277:\212\260?F\"sD-?\021;\217\311\311"
 5634      C8BF3A8A 
 5634      B03F4622 
 5634      73442D3F 
 5634      113B8FC9 
 5635 0ffc 5ABD46E5 		.ascii	"Z\275F\345"
 5636 1000 C83BCF8D 		.ascii	"\310;\317\215}\032\243\203\224\216\332\330\307\350\241"
 5636      7D1AA383 
 5636      948EDAD8 
 5636      C7E8A1
 5637 100f F6487163 		.ascii	"\366Hqc\217\3061S\251\206`\200\036\233\352\354tQTnT"
 5637      8FC63153 
 5637      A9866080 
 5637      1E9BEAEC 
 5637      7451546E 
 5638 1024 985E22E9 		.ascii	"\230^\"\351\337\017\371\360\010\232\325I\300a\320\266"
 5638      DF0FF9F0 
 5638      089AD549 
 5638      C061D0B6 
 5639 1034 414B84B6 		.ascii	"AK\204\266\027\332!'\266\226\255a\213\334r\035.w\002"
 5639      17DA2127 
 5639      B696AD61 
ARM GAS  /tmp/ccAvL6mB.s 			page 211


 5639      8BDC721D 
 5639      2E7702
 5640 1047 928BC60B 		.ascii	"\222\213\306\013cB\214\322\371\013\235\205\212F\303"
 5640      63428CD2 
 5640      F90B9D85 
 5640      8A46C3
 5641 1056 1323D8A9 		.ascii	"\023#\330\251!T\250&\214\356(l\006\344\271>o \214\351"
 5641      2154A826 
 5641      8CEE286C 
 5641      06E4B93E 
 5641      6F208CE9 
 5642 106a 0F98161B 		.ascii	"\017\230\026\033\014]z\360E\303\244\002j\266\001]Q\246"
 5642      0C5D7AF0 
 5642      45C3A402 
 5642      6AB6015D 
 5642      51A6
 5643 107c F55E3E9D 		.ascii	"\365^>\235A1\273J1\222\265\245Y\233\200n(\204Zm\010"
 5643      4131BB4A 
 5643      3192B5A5 
 5643      599B806E 
 5643      28845A6D 
 5644 1091 A9164391 		.ascii	"\251\026C\221\0212\346\212-3\225D3\012\2676\033nWT\334"
 5644      1132E68A 
 5644      2D339544 
 5644      330AB736 
 5644      1B6E5754 
 5645 10a6 EAB3E595 		.ascii	"\352\263\345\225F\235\015H\361m\266\302\354\362l\023"
 5645      469D0D48 
 5645      F16DB6C2 
 5645      ECF26C13 
 5646 10b6 D924F70D 		.ascii	"\331$\367\015\214\256Ct_\2430\360\351m\214\2720\352"
 5646      8CAE4374 
 5646      5FA330F0 
 5646      E96D8CBA 
 5646      30EA
 5647 10c8 C4E82646 		.ascii	"\304\350&F\035\030\335\302\250\033\243v\214z\270\227"
 5647      1D18DDC2 
 5647      A81BA376 
 5647      8C7AB897 
 5648 10d8 73BA4BDB 		.ascii	"s\272K\333\234o#\372\205\260\316\023!t\365\237\341\303"
 5648      9C6F23FA 
 5648      85B0CE13 
 5648      2174F59F 
 5648      E1C3
 5649 10ea 247C8185 		.ascii	"$|\201\205EV\321*\032<\261h\302&\354i\252A\257.\033"
 5649      4556D12A 
 5649      1A3CB168 
 5649      C226EC69 
 5649      AA41AF2E 
 5650 10ff C52B1DC4 		.ascii	"\305+\035\304e\256&\207\254*4\337\244w\020\305^\243"
 5650      65AE2687 
 5650      AC2A34DF 
 5650      A47710C5 
 5650      5EA3
 5651 1111 A769D963 		.ascii	"\247i\331ctPL3,Yi\325yn]\334k\264\2121\277_\364\263"
 5651      74504C33 
 5651      2C5969D5 
ARM GAS  /tmp/ccAvL6mB.s 			page 212


 5651      796E5DDC 
 5651      6BB48A31 
 5652 1129 95F0D96B 		.ascii	"\225\360\331k\254A\2360j\265\316a>\334\365\032M\243"
 5652      AC419E30 
 5652      6AB5CE61 
 5652      3EDCF51A 
 5652      4DA3
 5653 113b 382DD2E0 		.ascii	"8-\322\340Y/\206\276\005\023\266\311\363]\222\374+\035"
 5653      592F86BE 
 5653      0513B6C9 
 5653      F35D92FC 
 5653      2B1D
 5654 114d 1C5E75AD 		.ascii	"\034^u\255\304\225x\225 88\344\035^l\3525\272\002\211"
 5654      C4957895 
 5654      203838E4 
 5654      1D5E6CEA 
 5654      35BA0289 
 5655 1161 659E4BE6 		.ascii	"e\236K\346{.q\255AzOO\323\242e\002\010\341\371\356\273"
 5655      7B2E71AD 
 5655      417A4F4F 
 5655      D3A26502 
 5655      08E1F9EE 
 5656 1176 2B451350 		.ascii	"+E\023P\3269\324\240w1r~\327\332\331\367\242Ior|u\311"
 5656      D639D4A0 
 5656      7731727E 
 5656      D7DAD9F7 
 5656      A2496F72 
 5657 118d 3241F014 		.ascii	"2A\360\024V\211@\027\317H\177\310\010<=\225G\204\226"
 5657      56894017 
 5657      CF487FC8 
 5657      083C3D95 
 5657      478496
 5658 11a0 99C47745 		.ascii	"\231\304wE\374\333^\243 \210\342\022HA\235\203\2633"
 5658      FCDB5EA3 
 5658      2088E212 
 5658      48419D83 
 5658      B333
 5659 11b2 B2C2C5D1 		.ascii	"\262\302\305\321\375\267\236\253\3375\011\275F\021^"
 5659      FDB79EAB 
 5659      DF3509BD 
 5659      46115E
 5660 11c1 2DD241AD 		.ascii	"-\322A\255@\312H\223A\200E\212;\344\013\375\217| \376"
 5660      40CA4893 
 5660      4180458A 
 5660      3BE40BFD 
 5660      8F7C20FE 
 5661 11d5 81C82362 		.ascii	"\201\310#b?\376\226\330\320~R\213D\216&\020\326+_\370"
 5661      3FFE96D8 
 5661      D07E528B 
 5661      448E2610 
 5661      D62B5FF8 
 5662 11e9 3D01889C 		.ascii	"=\001\210\234\216\364u)bc8\023\362\251\".C\020\207H"
 5662      8EF47529 
 5662      62633813 
 5662      F2A9222E 
 5662      43108748 
 5663 11fd 74D8180E 		.ascii	"t\330\030\016\220\307\362[\302\203\202E\365\030:\316"
ARM GAS  /tmp/ccAvL6mB.s 			page 213


 5663      90C7F25B 
 5663      C2838245 
 5663      F5183ACE 
 5664 120d 467085A4 		.ascii	"Fp\205\244 \223\225D\022\330\003\304M\352\311\226\277"
 5664      20939544 
 5664      12D803C4 
 5664      4DEAC996 
 5664      BF
 5665 121e F790EF8A 		.ascii	"\367\220\357\212F\247.\2159\241\3711+\005\204{\235\204"
 5665      46A72E8D 
 5665      39A1F931 
 5665      2B05847B 
 5665      9D84
 5666 1230 D763E2AD 		.ascii	"\327c\342\255\343\343\247:\257\274W\271\331\232\005"
 5666      E3E3A73A 
 5666      AFBC57B9 
 5666      D99A05
 5667 123f EF3F215F 		.ascii	"\357?!_1\334\343\363\236\000w\260D\204U$\376\340\361"
 5667      31DCE3F3 
 5667      9E0077B0 
 5667      44845524 
 5667      FEE0F1
 5668 1252 8FF16167 		.ascii	"\217\361agB\252h\342t\203\013\255\333\351\230V\366\266"
 5668      42AA68E2 
 5668      74830BAD 
 5668      DBE99856 
 5668      F6B6
 5669 1264 5355FF8B 		.ascii	"SU\377\213>\247a4@\352\370\216\023\375\371Nr\035_/\327"
 5669      3EA76134 
 5669      40EAF88E 
 5669      13FDF94E 
 5669      721D5F2F 
 5670 1279 F1412076 		.ascii	"\361A v\037\002\2312\035\352\356<\366^\005c\272\022"
 5670      1F029932 
 5670      1DEAEE3C 
 5670      F65E0563 
 5670      BA12
 5671 128b 5EA17E99 		.ascii	"^\241~\231i\277\3144w\031\356\241L\247\217\326z\330"
 5671      69BFCC34 
 5671      7719EEA1 
 5671      4CA78FD6 
 5671      7AD8
 5672 129d 4ECFB0DA 		.ascii	"N\317\260\332z\240L\317'\342\032\213\354\366\302\231"
 5672      7AA04CCF 
 5672      27E21A8B 
 5672      ECF6C299 
 5673 12ad 3680BBDB 		.ascii	"6\200\273\333+\342U\253\243\021%)G\371\362\351f\303"
 5673      2BE255AB 
 5673      A3112529 
 5673      47F9F2E9 
 5673      66C3
 5674 12bf 5D67AAC6 		.ascii	"]g\252\306(S\353\354\255\203a&I\257\207D\257\316\023"
 5674      2853EBEC 
 5674      AD836126 
 5674      49AF8744 
 5674      AFCE13
 5675 12d2 33897A59 		.ascii	"3\211zY/X\026J\212\215\201\300\217\270bC\015\335\021"
ARM GAS  /tmp/ccAvL6mB.s 			page 214


 5675      2F58164A 
 5675      8A8D81C0 
 5675      8FB86243 
 5675      0DDD11
 5676 12e5 2E17891C 		.ascii	".\027\211\034?\200~4,k5,k\325\375\026\036u\246\340\274"
 5676      3F807E34 
 5676      2C6B352C 
 5676      6BD5FD16 
 5676      1E75A6E0 
 5677 12fa F321502A 		.ascii	"\363!P*\002\255\344\264\035\300\0232xB\006\247.\305"
 5677      02ADE4B4 
 5677      1DC01332 
 5677      784206A7 
 5677      2EC5
 5678 130c 5BE61101 		.ascii	"[\346\021\0013.D\245c*\317>\221}\005\225[\330\343H;"
 5678      332E44A5 
 5678      632ACF3E 
 5678      917D0595 
 5678      5BD8E348 
 5679 1321 D6A12922 		.ascii	"\326\241)\"\337\235\330\374(\221O\261\323\244#x\347"
 5679      DF9DD8FC 
 5679      28914FB1 
 5679      D3A42378 
 5679      E7
 5680 1332 DD2951FE 		.ascii	"\335)Q\376\222\212\364\334\272\023\023\342\"\365\314"
 5680      928AF4DC 
 5680      BA1313E2 
 5680      22F5CC
 5681 1341 909ED8E6 		.ascii	"\220\236\330\346\266\363v\313\243m\"\012\320\311\226"
 5681      B6F376CB 
 5681      A36D220A 
 5681      D0C996
 5682 1350 3B53D819 		.ascii	";S\330\031mwXQd\003\250\251\252\251P\235\342\005\352"
 5682      6D775851 
 5682      6403A8A9 
 5682      AAA9509D 
 5682      E205EA
 5683 1363 946FB274 		.ascii	"\224o\262t\024p\265\270\377*[\013l\206,\325AO\\b\370"
 5683      1470B5B8 
 5683      FF2A5B0B 
 5683      6C862CD5 
 5683      414F5C62 
 5684 1378 9F350224 		.ascii	"\2375\002$\010*\342\026\035\017\220\035\203\326\306"
 5684      082AE216 
 5684      1D0F901D 
 5684      83D6C6
 5685 1387 77E4A80C 		.ascii	"w\344\250\014\322\241I\331:\223\262uz\226\341\244y\002"
 5685      D2A149D9 
 5685      3A93B275 
 5685      7A96E1A4 
 5685      7902
 5686 1399 2EA116BA 		.ascii	".\241\026\272\036\224\037e\253\012l\267\0259o\367\235"
 5686      1E941F65 
 5686      AB0A6CB7 
 5686      15396FF7 
 5686      9D
 5687 13aa DDEE64AB 		.ascii	"\335\356d\253H\204\250\0064\355/\275\242\372\2228\\"
ARM GAS  /tmp/ccAvL6mB.s 			page 215


 5687      4884A806 
 5687      34ED2FBD 
 5687      A2FA9238 
 5687      5C
 5688 13bb 51248229 		.ascii	"Q$\202)\222\226>3\315B\"BG]P1]\266\327U\012\232\255"
 5688      92963E33 
 5688      CD422242 
 5688      475D5031 
 5688      5DB6D755 
 5689 13d2 44B3849C 		.ascii	"D\263\204\234\236f\243\0245\221\244'7\342\342\310<\255"
 5689      9E66A314 
 5689      3591A427 
 5689      37E2E2C8 
 5689      3CAD
 5690 13e4 A889066D 		.ascii	"\250\211\006m\243tJ:\264\375\212i\033\263\022^\241P"
 5690      A3744A3A 
 5690      B4FD8A69 
 5690      1BB3125E 
 5690      A150
 5691 13f6 2E178A21 		.ascii	".\027\212!\367\222\276uo\022tLRZ\271\010\233Y\202\013"
 5691      F792BE75 
 5691      6F12744C 
 5691      525AB908 
 5691      9B59820B 
 5692 140a 51E14224 		.ascii	"Q\341B$\234\200\033\301*C\363\236/\364\016\"\342\326"
 5692      9C801BC1 
 5692      2A43F39E 
 5692      2FF40E22 
 5692      E2D6
 5693 141c DD371258 		.ascii	"\3357\022Xh\201x;I\317\203\235\227f\\5<\264\0138\304"
 5693      6881783B 
 5693      49CF839D 
 5693      97665C35 
 5693      3CB40B38 
 5694 1431 7199870E 		.ascii	"q\231\207\016f\206\220HO\263\"\350G\333%A\342\311\275"
 5694      66869048 
 5694      4FB322E8 
 5694      47DB2541 
 5694      E2C9BD
 5695 1444 24F0F852 		.ascii	"$\360\370R\033\201\001\267M\205\333\246\010\034\352"
 5695      1B8101B7 
 5695      4D85DBA6 
 5695      081CEA
 5696 1453 22E0FD2E 		.ascii	"\"\340\375.\317\375\2525\211H\327X\025;f\2224H&=\007"
 5696      CFFDAA35 
 5696      8948D758 
 5696      153B6692 
 5696      3448263D 
 5697 1468 B7543EC2 		.ascii	"\267T>\302\222\331SHOq\361\361\013\242\226\331\323\200"
 5697      92D95348 
 5697      4F71F1F1 
 5697      0BA296D9 
 5697      D380
 5698 147a 67AAA442 		.ascii	"g\252\244B\374\355\010I\2054\035J\224DK'\367\222\012"
 5698      FCED0849 
 5698      85341D4A 
 5698      94444B27 
ARM GAS  /tmp/ccAvL6mB.s 			page 216


 5698      F7920A
 5699 148d 57FFD146 		.ascii	"W\377\321F\005\300%\250p\011\212\012e\240\302\015\027"
 5699      05C025A8 
 5699      70098A0A 
 5699      65A0C20D 
 5699      17
 5700 149e CD62523E 		.ascii	"\315bR>x\373\210l\341}D\276\274{\351\377\256a\340L "
 5700      78FB886C 
 5700      E17D44BE 
 5700      BC7BE9FF 
 5700      AE61E04C 
 5701 14b3 B75F92AE 		.ascii	"\267_\222\256a\237l\340L\035\332+q\315\"\367\222t\007"
 5701      619F6CE0 
 5701      4C1DDA2B 
 5701      71CD22F7 
 5701      927407
 5702 14c6 6CA5035C 		.ascii	"l\245\003\\\206\012\227\241H7J%\013)\215:o\322\340\233"
 5702      860A97A1 
 5702      48374A25 
 5702      0B298D3A 
 5702      6FD2E09B 
 5703 14da 03401F96 		.ascii	"\003@\037\226\316)\205\265.\257\307\003\373\311\263"
 5703      CE2985B5 
 5703      2EAFC703 
 5703      FBC9B3
 5704 14e9 5FB3EA9C 		.ascii	"_\263\352\234\243C\007tR\362\035\220Y\357Z\2127\273"
 5704      A3430774 
 5704      52F21D90 
 5704      59EF5A8A 
 5704      37BB
 5705 14fb D2E23ABE 		.ascii	"\322\342:\276\245\317\225W\"\242\355\243\221\361\026"
 5705      A5CF9557 
 5705      22A2EDA3 
 5705      91F116
 5706 150a 07C91B87 		.ascii	"\007\311\033\207\211\266AA\201+mS\257LDyJ\352Uw\366"
 5706      89B64141 
 5706      812B6D53 
 5706      AF4C4479 
 5706      4AEA5577 
 5707 151f F7D9EDBF 		.ascii	"\367\331\355\277N\333\000:\332\022.\251\016\324\362"
 5707      4EDB003A 
 5707      DA122EA9 
 5707      0ED4F2
 5708 152e 95DC3CC2 		.ascii	"\225\334<\302r3\264.|F)\316Gt\262f\005 o.\303\234\353"
 5708      7233B42E 
 5708      7C4629CE 
 5708      4774B266 
 5708      05206F2E 
 5709 1545 DABD9C6A 		.ascii	"\332\275\234jv\243\226\327h\3309\352\320!Y\267C\262"
 5709      76A396D7 
 5709      68D839EA 
 5709      D02159B7 
 5709      43B2
 5710 1557 6EED6FE0 		.ascii	"n\355o\340D\252[uKu\256\243\244\013\235\356\254-\227"
 5710      44AA5B75 
 5710      4B75AEA3 
 5710      A40B9DEE 
ARM GAS  /tmp/ccAvL6mB.s 			page 217


 5710      AC2D97
 5711 156a B016A342 		.ascii	"\260\026\243B\030|\2341*\330}:\211\3320/)B.\360\205"
 5711      187C9C31 
 5711      2AD87D3A 
 5711      89DA302F 
 5711      29422EF0 
 5712 157f 20B3CCE9 		.ascii	" \263\314\351\230\314\351\310\0338W\323\212Wwd4\317"
 5712      98CCE9C8 
 5712      1B3857D3 
 5712      8A577764 
 5712      34CF
 5713 1591 D362540A 		.ascii	"\323bT\012cK\030\243\\k\367eW\312\250^aT\252C\3052\243"
 5713      634B18A3 
 5713      5C6BF765 
 5713      57CAA85E 
 5713      6154AA43 
 5714 15a8 629951F0 		.ascii	"b\231Q\360\033\270\2162\312-\271\177\216\355\274\216"
 5714      1BB88E32 
 5714      CA2DB97F 
 5714      8EEDBC8E 
 5715 15b8 B08A309E 		.ascii	"\260\2120\236\0222O#&N\301\320\223\214\317\203\252\362"
 5715      12324F23 
 5715      264EC1D0 
 5715      938CCF83 
 5715      AAF2
 5716 15ca 1B066ABA 		.ascii	"\033\006j\272\250z\036\024\247t\250L\346R&s\271\375"
 5716      A87A1E14 
 5716      A774A84C 
 5716      E6522673 
 5716      B9FD
 5717 15dc 3AEE76D5 		.ascii	":\356v\325\334\001\366\206?\310u\225,YI\242\342|\326"
 5717      DC01F686 
 5717      3FC87595 
 5717      2C5949A2 
 5717      E27CD6
 5718 15ef E8949DD7 		.ascii	"\350\224\235\327\317\212\350\264\342\365\213=\2411v"
 5718      CF8AE8B4 
 5718      E2F58B3D 
 5718      A13176
 5719 15fe A7D7E76C 		.ascii	"\247\327\347l\000\025\375\221c\352o\267\224\260\250"
 5719      0015FD91 
 5719      63EA6FB7 
 5719      94B0A8
 5720 160d 66826775 		.ascii	"f\202gu\225_q\224u\253V\214x\026$\256b\230\3155\311"
 5720      955F7194 
 5720      75AB568C 
 5720      781624AE 
 5720      6298CD35 
 5721 1622 CD2255EE 		.ascii	"\315\"U\356\334@\210\024\027gu\250BV\257BV\357\340\353"
 5721      DC408814 
 5721      176775A8 
 5721      4256AF42 
 5721      56EFE0EB 
 5722 1636 78423B2E 		.ascii	"xB;.n\026LOb-N\347a\3609\036\200\301\345\331\314]\341"
 5722      6E164C4F 
 5722      622D4EE7 
 5722      61F0391E 
ARM GAS  /tmp/ccAvL6mB.s 			page 218


 5722      80C1E5D9 
 5723 164d D1B2BBCE 		.ascii	"\321\262\273\316\353P\255\314\251V\346d}\035G\316\247"
 5723      EB50ADCC 
 5723      A956E664 
 5723      7D1D47CE 
 5723      A7
 5724 165e E2457724 		.ascii	"\342Ew$\260\235s5sW\303\315\007I.\032\376j\200\261\027"
 5724      B09D7335 
 5724      7357C3CD 
 5724      07492E1A 
 5724      FE6A80B1 
 5725 1673 18A303FD 		.ascii	"\030\243\003\3759M:\252RQ\003\367W\203\016\325\313l"
 5725      394D3AAA 
 5725      525103F7 
 5725      57830ED5 
 5725      CB6C
 5726 1685 EA653637 		.ascii	"\352e67_\303{)\233\250K\221\333\231B\003\314_\0057\002"
 5726      5FC37B29 
 5726      9BA84B91 
 5726      DB994203 
 5726      CC5F0537 
 5727 169a B618240D 		.ascii	"\266\030$\015/\021\177]\356\210n\261;^\253\027Q\223"
 5727      2F117F5D 
 5727      EE886EB1 
 5727      3B5EAB17 
 5727      5193
 5728 16ac E28EBAB1 		.ascii	"\342\216\272\261\272l\273)\266\321\006\020\022\177%"
 5728      BA6CBB29 
 5728      B6D10610 
 5728      127F25
 5729 16bb 53755678 		.ascii	"SuVxE\361W3\017\350\361\222\016\243\254[\263b\305\026"
 5729      45F15733 
 5729      0FE8F192 
 5729      0EA3AC5B 
 5729      B362C516 
 5730 16cf 90F832C3 		.ascii	"\220\3702\303\224u_\2106Q\345\3565\204K\376j\201=\257"
 5730      94755F88 
 5730      3651E5EE 
 5730      35844BFE 
 5730      6A813DAF 
 5731 16e3 AC5EA3AC 		.ascii	"\254^\243\254^\326k\270l\276\246\277\372w5-\326bt\035"
 5731      5ED66BB8 
 5731      6CBEA6BF 
 5731      FA77352D 
 5731      D662741D 
 5732 16f7 C65E638C 		.ascii	"\306^c\214\206\254gK\235\251\273\262\363}\231\025\257"
 5732      86AC674B 
 5732      9DA9BBB2 
 5732      F37D9915 
 5732      AF
 5733 1708 EB50ABCC 		.ascii	"\353P\253\314\246Uf3\265\0047Q6{\023\273b\330\344\325"
 5733      A6556633 
 5733      B5043751 
 5733      367B13BB 
 5733      62D8E4D5 
 5734 171c CC9C1537 		.ascii	"\314\234\0257\225t\320\250\341\254\2330\266\235\261"
 5734      9574D0A8 
ARM GAS  /tmp/ccAvL6mB.s 			page 219


 5734      E1AC9B30 
 5734      B69DB1
 5735 172b B9723374 		.ascii	"\271r3t\234\305_C~\274\244\317M\035j\223\031\265\311"
 5735      9CC55F43 
 5735      7EBCA4CF 
 5735      4D1D6A93 
 5735      19B5C9
 5736 173e 8CAE2FC1 		.ascii	"\214\256/\301\367\347??\275\272\210\273:\222{\356\332"
 5736      F7E73F3F 
 5736      BDBA88BB 
 5736      3A927BEE 
 5736      DA
 5737 174f FD2AAE49 		.ascii	"\375*\256ID\267\024o\344\355M\376\332\366\3755\233\367"
 5737      44B7146F 
 5737      E4ED4DFE 
 5737      DAF6FD35 
 5737      9BF7
 5738 1761 E73A12FB 		.ascii	"\347:\022\373\364\252\257\312\024o\3650\311\267\237"
 5738      F4AAAFCA 
 5738      146FF530 
 5738      C9B79F
 5739 1770 3F3FA2CC 		.ascii	"??\242\314&=\212\021\357\200\300\335\014S\265eg4\242"
 5739      263D8A11 
 5739      EF80C0DD 
 5739      0C53B565 
 5739      6734A2
 5740 1783 DA4514A4 		.ascii	"\332E\024\244u\"k8\300\347\003\000u\312\352u\312\352"
 5740      75226B38 
 5740      C0E70300 
 5740      75CAEA75 
 5740      CAEA
 5741 1795 ED5D8283 		.ascii	"\355]\202\203\026h\272k\363\331\2313X\213U\037\014\276"
 5741      1668BA6B 
 5741      F3D99933 
 5741      588B551F 
 5741      0CBE
 5742 17a7 C7584DF5 		.ascii	"\307XM\365\\\2563R\177\325\025p\177\365\351\320]\231"
 5742      5CAE3352 
 5742      7FD51570 
 5742      7FF5E9D0 
 5742      5D99
 5743 17b9 CF5D6559 		.ascii	"\317]eY\362#\234@\371\024T\015oaV\353a\376*\350\351"
 5743      F2239C40 
 5743      F914540D 
 5743      6F6156EB 
 5743      61FE2AE8 
 5744 17ce 38AE     		.ascii	"8\256"
 5745 17d0 D3DABCC0 		.ascii	"\323\332\274\300\330\373\214M{~\3369\246\321\343\002"
 5745      D8FB8C4D 
 5745      7B7EDE39 
 5745      A6D1E302 
 5746 17e0 D95F833A 		.ascii	"\331_\203:4 3\032\220\031\265\374\010\037Y\360\334U"
 5746      3420331A 
 5746      9019B5FC 
 5746      081F59F0 
 5746      DC55
 5747 17f2 CD03E2AE 		.ascii	"\315\003\342\256\326\303\3039\316R\317\010\351)\254"
ARM GAS  /tmp/ccAvL6mB.s 			page 220


 5747      D6C3C339 
 5747      CE52CF08 
 5747      E929AC
 5748 1801 4EB8EE22 		.ascii	"N\270\356\"\031a\224\364\364>:\022j\264uY\233\210\036"
 5748      196194F4 
 5748      F43E3A12 
 5748      6AB47559 
 5748      9B881E
 5749 1814 292E4B0C 		.ascii	").K\014;^c\367\375\343-\033@Hp\314y\325\011\370\230"
 5749      3B5E63F7 
 5749      FDE32D1B 
 5749      404870CC 
 5749      79D509F8 
 5750 1829 E2D371A6 		.ascii	"\342\323q\246\335\360D@\2322\221\216+\206\236\000\245"
 5750      DDF04440 
 5750      9A32918E 
 5750      2B869E00 
 5750      A5
 5751 183a 1E324C5F 		.ascii	"\0362L_\334\361\006\026\261E\307\216\312>\235\320\241"
 5751      DCF10616 
 5751      B145C78E 
 5751      CA3E9DD0 
 5751      A1
 5752 184b 61D904C3 		.ascii	"a\331\004\303\262\011.\274\212\353\265}\032\021\337"
 5752      B2092EBC 
 5752      8AEBB57D 
 5752      1A11DF
 5753 185a D5276AB1 		.ascii	"\325'j\261\232\206\301S\214Uk\306L.M\366\274\370B\356"
 5753      9A86C153 
 5753      8C556BC6 
 5753      4C2E4DF6 
 5753      BCF842EE 
 5754 186e D369D80B 		.ascii	"\323i\330\013\310|&e>{^\305=\224\317\325\213a\341l\333"
 5754      C87C2665 
 5754      3E7B5EC5 
 5754      3D94CFD5 
 5754      8B61E16C 
 5755 1883 33CE7C7A 		.ascii	"3\316|zl\270\253\324A\303\247\001z\001Y\365\354g\"\243"
 5755      6CB8ABD4 
 5755      41C3A701 
 5755      7A0159F5 
 5755      EC6722A3 
 5756 1897 812D6CD5 		.ascii	"\201-l\325s\262P\366i\200\036\315\310\214fdF\001\257"
 5756      73B250F6 
 5756      69801ECD 
 5756      C88C6664 
 5756      4601AF
 5757 18aa E2C085CF 		.ascii	"\342\300\205\317\317\301-z\350\211\334\035\225d\347"
 5757      CFC12D7A 
 5757      E889DC1D 
 5757      9564E7
 5758 18b9 B0BB220A 		.ascii	"\260\273\"\012\326\313\376\270v(\364\226\335\024\227"
 5758      D6CBFEB8 
 5758      7628F496 
 5758      DD1497
 5759 18c8 84D58013 		.ascii	"\204\325\200\023\347N~\240\370+D/\373+\224I\036]\222"
 5759      E74E7EA0 
ARM GAS  /tmp/ccAvL6mB.s 			page 221


 5759      F82B442F 
 5759      FB2B9449 
 5759      1E5D92
 5760 18db D1A1ECB6 		.ascii	"\321\241\354\266C\365\262va\240]\020\303Td\334\352\230"
 5760      43F5B276 
 5760      61A05D10 
 5760      C35464DC 
 5760      EA98
 5761 18ed C722B670 		.ascii	"\307\"\266p\264C\362W\230\036m\326K\352m\326K\352\325"
 5761      B443F257 
 5761      981E6DD6 
 5761      4BEA6DD6 
 5761      4BEAD5
 5762 1900 BC82E316 		.ascii	"\274\202\343\026j\372\353F]l\035\326b\025\011\203\267"
 5762      6AFAEB46 
 5762      5D6C1DD6 
 5762      62150983 
 5762      B7
 5763 1911 3256975B 		.ascii	"2V\227[b\"\034\250\277J\213\271\277\"\365(B\346\023"
 5763      62221CA8 
 5763      BF4A8BB9 
 5763      BF22F528 
 5763      42E613
 5764 1924 21F3497A 		.ascii	"!\363Iz\005gQ>\031\005\021;\031\037 I\370X+\272\006"
 5764      0567513E 
 5764      1905113B 
 5764      191F2049 
 5764      F8582BBA 
 5765 1939 1D35FC15 		.ascii	"\0355\374\025\013cc\030\233\263\375\247\216\260\034"
 5765      0B636318 
 5765      9BB3FDA7 
 5765      8EB01C
 5766 1948 BC5B2CFB 		.ascii	"\274[,\373+V\217\242eF\3212\243\311\227q\031et%\350"
 5766      2B568FA2 
 5766      6546D132 
 5766      A3C99771 
 5766      19657425 
 5767 195d 6C233899 		.ascii	"l#8\231\374\222\356T\343\251\245\025\233\323\226\221"
 5767      FC92EE54 
 5767      E3A9A515 
 5767      9BD39691 
 5768 196d B3E1EDF2 		.ascii	"\263\341\355\362\230\355\344\037u\300\346i\241\200["
 5768      98EDE41F 
 5768      75C0E669 
 5768      A1805B
 5769 197c E9880371 		.ascii	"\351\210\003q\007\207IN\2428x\203\333i_WG\324~\262|"
 5769      0787494E 
 5769      A2387883 
 5769      DB695F57 
 5769      47D47EB2 
 5770 1991 42F1C061 		.ascii	"B\361\300a\227\036w\323\336\356\340+'\235Ho\002\364"
 5770      971E77D3 
 5770      DEEEE02B 
 5770      279D486F 
 5770      02F4
 5771 19a3 EED63F37 		.ascii	"\356\326?7:\222\010\344N\371\235\033\362B9Y\217\373"
 5771      3A9208E4 
ARM GAS  /tmp/ccAvL6mB.s 			page 222


 5771      4EF99D1B 
 5771      F2423959 
 5771      8FFB
 5772 19b5 28A9B287 		.ascii	"(\251\262\207m\265$~Q*\3235\371TJ\2022\337\177\301\314"
 5772      6DB5247E 
 5772      512AD335 
 5772      F9544A82 
 5772      32DF7FC1 
 5773 19ca 81D2804F 		.ascii	"\201\322\200O:\264\024\006\332w\257\232\344I\250u\274"
 5773      3AB41406 
 5773      DA77AF9A 
 5773      E449A875 
 5773      BC
 5774 19db B9B0E43C 		.ascii	"\271\260\344<J\262V\006Z\267Z\227<\300\000B;\231\206"
 5774      4AB25606 
 5774      5AB75A97 
 5774      3CC00042 
 5774      3B9986
 5775 19ee 2811F03B 		.ascii	"(\021\360;\231\216\261n\232\021\034\234p'\326E:e\330"
 5775      998EB16E 
 5775      9A111C9C 
 5775      7027D645 
 5775      3A65D8
 5776 1a01 AB7FCAAE 		.ascii	"\253\177\312\256z\277\022\236E\325\007&\355\326p\005"
 5776      7ABF129E 
 5776      45D50726 
 5776      EDD67005 
 5777 1a11 A21A5052 		.ascii	"\242\032PRW\234\256:\230\316T\0028\213I~\"\244\367\000"
 5777      579CAE3A 
 5777      98CE5402 
 5777      388B497E 
 5777      22A4F700 
 5778 1a25 334B961E 		.ascii	"3K\226\036\355#,G\013\037\376\037\015\367\037\000\351"
 5778      ED232C47 
 5778      0B1FFE1F 
 5778      0DF71F00 
 5778      E9
 5779 1a36 B3D998DA 		.ascii	"\263\331\230\332\361\326|W\352\311\224\276\362\322%"
 5779      F1D67C57 
 5779      EAC994BE 
 5779      F2D225
 5780 1a45 D49307F4 		.ascii	"\324\223\007\364(C\366d\006\3232M[\313\220\350m\347"
 5780      2843F664 
 5780      06D3324D 
 5780      5BCB90E8 
 5780      6DE7
 5781 1a57 315F6A1F 		.ascii	"1_j\037z\232\222\271\212\016\305\247\252z\355~C\034"
 5781      7A9A92B9 
 5781      8A0EC5A7 
 5781      AA7AED7E 
 5781      431C
 5782 1a69 23AA01D3 		.ascii	"#\252\001\323Yy\352_\000\345)J\3463\201\207F\012\306"
 5782      5979EA5F 
 5782      00E5294A 
 5782      E6338187 
 5782      460AC6
 5783 1a7c 19C77C3D 		.ascii	"\031\307|=:LX6\247L>\322\332\211\025\200\226G\330\240"
ARM GAS  /tmp/ccAvL6mB.s 			page 223


 5783      3A4C5836 
 5783      A74C3ED2 
 5783      DA891580 
 5783      9647D8A0 
 5784 1a90 E9DCEAAD 		.ascii	"\351\334\352\255F\242e\321\343\304\332 #\350X\240G\007"
 5784      46A265D1 
 5784      E3C4DA20 
 5784      23E858A0 
 5784      4707
 5785 1aa2 651D0F32 		.ascii	"e\035\0172\035\013\335\236;\277\034'\014\017\334\014"
 5785      1D0BDD9E 
 5785      3BBF1C27 
 5785      0C0FDC0C 
 5786 1ab2 6F779444 		.ascii	"ow\224D($=E\333\216\245j\325\305b\020\241\210\211\020"
 5786      28243D45 
 5786      DB8EA56A 
 5786      D5C56210 
 5786      A1888910 
 5787 1ac6 5778249E 		.ascii	"Wx$\236\246L\336\311\240\220\362\371\"\274C\307d\011"
 5787      A64CDEC9 
 5787      A090F2F9 
 5787      22BC43C7 
 5787      6409
 5788 1ad8 8E31099A 		.ascii	"\2161\011\232\3354\017\032\022\333\217O)i\254|\237S"
 5788      DD340F1A 
 5788      12DB8F4F 
 5788      2969AC7C 
 5788      9F53
 5789 1aea 06E44F30 		.ascii	"\006\344O0\362g\352b\016\351\011\371\241\222}\301QV"
 5789      F267EA62 
 5789      0EE909F9 
 5789      A1927DC1 
 5789      5156
 5790 1afc B41A5EA2 		.ascii	"\264\032^\242R\231~)\243\337\345\246\271\313\214\350"
 5790      52997E29 
 5790      A3DFE5A6 
 5790      B9CB8CE8 
 5791 1b0c 8F7495F8 		.ascii	"\217t\225\370\225\023}\006\012\343\366a\015}*\201a\005"
 5791      95137D06 
 5791      0AE3F661 
 5791      0D7D2A81 
 5791      6105
 5792 1b1e 6358B42B 		.ascii	"cX\264+\270\302\2012<\021\304\030V\352\321)\231\341"
 5792      B8C28132 
 5792      3C11C418 
 5792      56EAD129 
 5792      99E1
 5793 1b30 29C670E0 		.ascii	")\306p\340\371&=C\030\006\226V\215\260\300*\303\250"
 5793      F9263D43 
 5793      18069656 
 5793      8DB0C02A 
 5793      C3A8
 5794 1b42 9AF4C415 		.ascii	"\232\364\304\025\337\210\324\372\345w\015\210p\226\211"
 5794      DF88D4FA 
 5794      E5770D88 
 5794      709689
 5795 1b51 10387E35 		.ascii	"\0208~5\235zu|*wX\252BztZ\026\3424\023\302\272HK\353"
ARM GAS  /tmp/ccAvL6mB.s 			page 224


 5795      9D7A757C 
 5795      2A7758AA 
 5795      427A745A 
 5795      16E23413 
 5796 1b6a C95B4737 		.ascii	"\311[G7\213\032:\326\001\203\363\214AP\367\3252\246"
 5796      8B1A3AD6 
 5796      0183F38C 
 5796      4150F7D5 
 5796      32A6
 5797 1b7c 6328D7B1 		.ascii	"c(\327\261N\217\316\311\344\3171\362\021\224|\340\375"
 5797      4E8FCEC9 
 5797      E4CF31F2 
 5797      11947CE0 
 5797      FD
 5798 1b8d A3554C83 		.ascii	"\243UL\203 v\2528\022\037\235'\035\"6\020\215Js\363"
 5798      2076AA38 
 5798      121F9D27 
 5798      1D223610 
 5798      8D4A73F3 
 5799 1ba1 ABE4EFE9 		.ascii	"\253\344\357\351.\222\236\035A\031Y\262\341\033I\317"
 5799      2E929E1D 
 5799      411959B2 
 5799      E11B49CF 
 5800 1bb1 A1476315 		.ascii	"\241Gc\025Z;\222\313 \324%&THI\364\256y<\226\017\323"
 5800      5A3B92CB 
 5800      20D42526 
 5800      544849F4 
 5800      AE793C96 
 5801 1bc7 58BEAC47 		.ascii	"X\276\254G\027d\241.0\2412\250PQ7\007\367\263dy\314"
 5801      1764A12E 
 5801      30A132A8 
 5801      50513707 
 5801      F7B36479 
 5802 1bdc 84DA5A7D 		.ascii	"\204\332Z}<IkBh\001\372\315\214~e\373\331\034'J?)\243"
 5802      3C496B42 
 5802      6801FACD 
 5802      8C7E65FB 
 5802      D91C274A 
 5803 1bf3 F35FA0FC 		.ascii	"\363_\240\374\211\360\026]\221\031\\a\014\012(\203\324"
 5803      89F0165D 
 5803      91195C61 
 5803      0C0A2883 
 5803      D4
 5804 1c04 94F13FD0 		.ascii	"\224\361?\320\240\276\276\231\0065 [ed+C\236\242\310"
 5804      A0BEBE99 
 5804      0635205B 
 5804      65642B43 
 5804      9EA2C8
 5805 1c17 E3E11567 		.ascii	"\343\341\025gD\012m\220\241\327e\350u\006\255\245\320"
 5805      440A6D90 
 5805      A1D765E8 
 5805      7506ADA5 
 5805      D0
 5806 1c28 BCC49E73 		.ascii	"\274\304\236sF>/\220\347=\373R.9J3B\273\346\214\320"
 5806      463E2F90 
 5806      E73DFB52 
 5806      2E394A33 
ARM GAS  /tmp/ccAvL6mB.s 			page 225


 5806      42BBE68C 
 5807 1c3d 74FD7C03 		.ascii	"t\375|\003\353\370\002u\020\304To\334\036=\367v'\255"
 5807      EBF80275 
 5807      10C4546F 
 5807      DC1E3DF7 
 5807      7627AD
 5808 1c50 129BB73E 		.ascii	"\022\233\267>ry\355\342\"\372\357'\312v\337-`\360n\275"
 5808      7279EDE2 
 5808      22FAEF27 
 5808      CA76DF2D 
 5808      60F06EBD 
 5809 1c64 802F51AE 		.ascii	"\200/Q\256\303\251#\373\311.\015\335\326\243[\364W\275"
 5809      C3A923FB 
 5809      C92E0DDD 
 5809      D6A35BF4 
 5809      57BD
 5810 1c76 39BBF65E 		.ascii	"9\273\366^4\362\351\003\365\020\"\301\273\232\003M\366"
 5810      34F2E903 
 5810      F51022C1 
 5810      BB9A034D 
 5810      F6
 5811 1c87 4189EEC0 		.ascii	"A\211\356\300\353^h]L\334{7f\310\252\226N \011\331\006"
 5811      EB5E685D 
 5811      4CDC7B37 
 5811      66C8AA96 
 5811      4E2009D9 
 5812 1c9c 3A813877 		.ascii	":\2018w\303\004\252Gm|\372\270\011\3506\246\362\265"
 5812      C304AA47 
 5812      6D7CFAB8 
 5812      09E836A6 
 5812      F2B5
 5813 1cae 459A7BC6 		.ascii	"E\232{\306\323\267/\307\330\035\026\367\"\324\257\024"
 5813      D3B72FC7 
 5813      D81D16F7 
 5813      22D4AF14 
 5814 1cbe CAC1AE6D 		.ascii	"\312\301\256m\205v[\310a\033\300\351\213\227\002U\007"
 5814      85765BC8 
 5814      611BC0E9 
 5814      8B970255 
 5814      07
 5815 1ccf F5034A25 		.ascii	"\365\003J%\275\317\344\014\333u\244\217\315\231\367"
 5815      BDCFE40C 
 5815      DB75A48F 
 5815      CD99F7
 5816 1cde F5A88FA8 		.ascii	"\365\250\217\250W\335\0215\244\327\210\216!\020w\220"
 5816      57DD1135 
 5816      A4D7888E 
 5816      21107790 
 5817 1cee 0D2A3C1F 		.ascii	"\015*<\037\031\310f\376\244\270\322\315\006\032\036"
 5817      19C866FE 
 5817      A4B8D2CD 
 5817      061A1E
 5818 1cfd 437A744F 		.ascii	"CztO\366\344=\246\326\275E\232\363E[\377\3358\226\024"
 5818      F6E43DA6 
 5818      D6BD459A 
 5818      F3455BFF 
 5818      DD389614 
ARM GAS  /tmp/ccAvL6mB.s 			page 226


 5819 1d11 61188D3C 		.ascii	"a\030\215<m\302x\250h\261\375\344\340\204\335\326k\027"
 5819      6DC278A8 
 5819      68B1FDE4 
 5819      E084DDD6 
 5819      6B17
 5820 1d23 56035A73 		.ascii	"V\003Zs\357\227\253\226\341\217\0245\307\230\304\241"
 5820      EF97AB96 
 5820      E18F1435 
 5820      C798C4A1 
 5821 1d33 55875B9D 		.ascii	"U\207[\235(\3131=\032%,\247\217&Uh\2519\001j\216\263"
 5821      28CB313D 
 5821      1A252CA7 
 5821      8F265568 
 5821      A939016A 
 5822 1d49 41B12127 		.ascii	"A\261!'\222i9-\232\312\014\370\214j9\241G\017d-\037"
 5822      9269392D 
 5822      9ACA0CF8 
 5822      8C6A39A1 
 5822      470F642D 
 5823 1d5e 302D2717 		.ascii	"0-'\027\0118x1]z\265\225\006;\252\276c\346\337GN\351"
 5823      09387831 
 5823      5D7AB595 
 5823      063BAABE 
 5823      63E6DF47 
 5824 1d74 E7F87D64 		.ascii	"\347\370}d\360Lq\263\351\315\370\030r\200\035P\360\223"
 5824      F04C71B3 
 5824      E9CDF818 
 5824      72801D50 
 5824      F093
 5825 1d86 6DE4A87E 		.ascii	"m\344\250~Z\217&\011GN\014\226\350z\341\203\221\227"
 5825      5A8F2609 
 5825      474E0C96 
 5825      E87AE183 
 5825      9197
 5826 1d98 49C58E8D 		.ascii	"I\305\216\215\277\240:\255\211U~\2422\303\335\224\271"
 5826      BFA03AAD 
 5826      89557EA2 
 5826      32C3DD94 
 5826      B9
 5827 1da9 6D87EA47 		.ascii	"m\207\352G>G\025\200\325@\001'\333Ne\253~qR\254\230"
 5827      3E471580 
 5827      D5400127 
 5827      DB4E65AB 
 5827      7E7152AC 
 5828 1dbe 2D800192 		.ascii	"-\200\001\222\312\032JU\277\323(P\000\201\014\020t<"
 5828      CA1A4A55 
 5828      BFD32850 
 5828      00810C10 
 5828      743C
 5829 1dd0 A44CB5A7 		.ascii	"\244L\265\247=\240\0006\033\370\021EG\204\212B\235\362"
 5829      3DA00036 
 5829      1BF81145 
 5829      47848A42 
 5829      9DF2
 5830 1de2 43A32D0C 		.ascii	"C\243-\014\220\032;rG\005HW(\0041@z\342\311\255\252"
 5830      901A3B72 
 5830      47054857 
ARM GAS  /tmp/ccAvL6mB.s 			page 227


 5830      28043140 
 5830      7AE2C9AD 
 5831 1df7 15CF98F2 		.ascii	"\025\317\230\362]S0\003\004_j;\253\222!M\331\203\205"
 5831      5D533003 
 5831      045F6A3B 
 5831      AB92214D 
 5831      D98385
 5832 1e0a 3040D4F5 		.ascii	"0@\324\365\273\207T\313\211L\005\020\012\000\034\277"
 5832      BB8754CB 
 5832      894C0510 
 5832      0A001CBF 
 5833 1e1a F8F987CC 		.ascii	"\370\371\207\314\341\006\350\231\210\274=\243\034>\250"
 5833      E106E899 
 5833      88BC3DA3 
 5833      1C3EA8
 5834 1e29 0EC1B71A 		.ascii	"\016\301\267\032\240x\033\3701s\177\267|\010\276\325"
 5834      A0781BF8 
 5834      31737FB7 
 5834      7C08BED5 
 5835 1e39 80C20CFC 		.ascii	"\200\302\014\374\3708\222\334Kk\350\303o\021\353\327"
 5835      F83892DC 
 5835      4B6BE8C3 
 5835      6F11EBD7 
 5836 1e49 C4C6A9DC 		.ascii	"\304\306\251\334\023\255\210\025\305\255\177<u\277J"
 5836      13AD8815 
 5836      C5AD7F3C 
 5836      75BF4A
 5837 1e58 EE5D0A20 		.ascii	"\356]\012 \232\001\254\265'\333Ua\337\242\330.\206\001"
 5837      9A01ACB5 
 5837      27DB5561 
 5837      DFA2D82E 
 5837      8601
 5838 1e6a 6E36A71F 		.ascii	"n6\247\037T\375:wZ\001\3042\300\304\366kc\252\372pY"
 5838      54FD3A77 
 5838      5A01C432 
 5838      C0C4F66B 
 5838      63AAFA70 
 5839 1e7f 016C23A6 		.ascii	"\001l#\246\311\3226MF_F\245\326Jg'(\270C\262\303\271"
 5839      C9D2364D 
 5839      465F46A5 
 5839      D64A6727 
 5839      28B843B2 
 5840 1e95 CDCC0E31 		.ascii	"\315\314\0161\010\372\321v\311\016q\344^\262C\3342|"
 5840      08FAD176 
 5840      C90E71E4 
 5840      5EB243DC 
 5840      327C
 5841 1ea7 7CB1F6C4 		.ascii	"|\261\366\304\031\034[)o\337\343\211\365\037\035\014"
 5841      191C5B29 
 5841      6FDFE389 
 5841      F51F1D0C 
 5842 1eb7 FAAB344D 		.ascii	"\372\2534M\356&\0355'\373n\0304\244H\004\362\011\\\012"
 5842      EE261D35 
 5842      27FB6E18 
 5842      34A44804 
 5842      F2095C0A 
 5843 1ecb 981EA783 		.ascii	"\230\036\247\203\214\364{\240O\340\005\332%\211\221"
ARM GAS  /tmp/ccAvL6mB.s 			page 228


 5843      8CF47BA0 
 5843      4FE005DA 
 5843      258991
 5844 1eda 44EE2531 		.ascii	"D\356%1\316\375\030\310\025<9\320\257\372\351n\257b"
 5844      CEFD18C8 
 5844      153C39D0 
 5844      AFFAE96E 
 5844      AF62
 5845 1eec 8A6466AB 		.ascii	"\212df\253Si\245\321\252\323\266\007J(\2470@vx\305\214"
 5845      5369A5D1 
 5845      AAD3B607 
 5845      4A28A730 
 5845      407678C5 
 5846 1f01 2A218714 		.ascii	"*!\207\024\012\251<\224\223v\236T\271#Hqh\032\003\244"
 5846      0AA93C94 
 5846      93769E54 
 5846      B9234871 
 5846      681A03A4 
 5847 1f15 C4441E55 		.ascii	"\304D\036U\375\322&^\211\365t\006h/\256\012R\305\314"
 5847      FDD2265E 
 5847      89F57406 
 5847      682FAE0A 
 5847      52C5CC
 5848 1f28 84C2620F 		.ascii	"\204\302b\017\003\354\332\231\372\205\362\276Ly\237"
 5848      03ECDA99 
 5848      FA85F2BE 
 5848      4C799F
 5849 1f37 C1DE275F 		.ascii	"\301\336'_\215\011Q\2110\250\372\311\036\003\354\230"
 5849      8D095189 
 5849      30A8FAC9 
 5849      1E03EC98 
 5850 1f47 1A4F5229 		.ascii	"\032OR)Q\251P\330\307\000\3655\005\367U\371X\243\000"
 5850      51A950D8 
 5850      C700F535 
 5850      05F755F9 
 5850      58A300
 5851 1f5a F633C096 		.ascii	"\3663\300\226\250\240vU\330\326)\200Lf}\235\305\274"
 5851      A8A07655 
 5851      D8D62980 
 5851      4C667D9D 
 5851      C5BC
 5852 1f6c D6EF27FE 		.ascii	"\326\357'\376\353\275,\236\356\276k,\376\337-\377x\275"
 5852      EBBD2C9E 
 5852      EEBE6B2C 
 5852      FEDF2DFF 
 5852      78BD
 5853 1f7e D7575E7F 		.ascii	"\327W^\177\370l\271\217\037\374\277\301\353\253\345"
 5853      F86CB98F 
 5853      1FFCBFC1 
 5853      EBABE5
 5854 1f8d 7E168FE5 		.ascii	"~\026\217\345\036\353\327\256\361\360\367\261|\367\266"
 5854      1EEBD7AE 
 5854      F1F0F7B1 
 5854      7CF7B6
 5855 1f9c 87C3BFFE 		.ascii	"\207\303\277\376"
 5856 1fa0 FE3F967C 		.ascii	"\376?\226|\274\342}a\261\252\363m\217\025\357\277\277"
 5856      BCE27D61 
ARM GAS  /tmp/ccAvL6mB.s 			page 229


 5856      B1AAF36D 
 5856      8F15EFBF 
 5856      BF
 5857 1fb1 6285F97D 		.ascii	"b\205\371}\301\260\311\303\333\337\335_\347m\376\326"
 5857      C1B0C9C3 
 5857      DBDFDD5F 
 5857      E76DFED6 
 5858 1fc1 DFC563BD 		.ascii	"\337\305c\275\273\347w\336\356\346\015\346\215fo\350"
 5858      BBE777DE 
 5858      EEE60DE6 
 5858      8D666FE8 
 5859 1fd1 5BB3D1AC 		.ascii	"[\263\321\254\363X\277\306\362\332\362\365>\033\315"
 5859      F358BFC6 
 5859      F2DAF2F5 
 5859      3E1BCD
 5860 1fe0 CBBDD678 		.ascii	"\313\275\326x/\377\337>\036\233\310K\277\345\037\255"
 5860      2FFFDF3E 
 5860      1E9BC84B 
 5860      BFE51FAD 
 5861 1ff0 FEE3A7EE 		.ascii	"\376\343\247\356_\255\331\260\306\333\303,\254x\246"
 5861      5FADD9B0 
 5861      C6DBC32C 
 5861      AC78A6
 5862 1fff 48       		.ascii	"H"
 5863 2000 5EDE1E1B 		.ascii	"^\336\036\0336y\232Ub\255\027\346\2518\001\377\265\026"
 5863      36799A55 
 5863      62AD17E6 
 5863      A93801FF 
 5863      B516
 5864 2012 B319FB99 		.ascii	"\263\031\373\2317\352\277\336d\336dv\000I\350\215I\272"
 5864      37EABFDE 
 5864      64DE6476 
 5864      0049E88D 
 5864      49BA
 5865 2024 0188AFC5 		.ascii	"\001\210\257\305\374\267\247\251n\361W1\331\340\345"
 5865      FCB7A7A9 
 5865      6EF15731 
 5865      D9E0E5
 5866 2033 E7EF072C 		.ascii	"\347\357\007,\234a0\220\\\343\273\336\307b\306\240\247"
 5866      9C613090 
 5866      5CE3BBDE 
 5866      C762C6A0 
 5866      A7
 5867 2044 9EEAFA3F 		.ascii	"\236\352\372?\346B\003\306\001\005'y8\341\357\343\263"
 5867      E64203C6 
 5867      01052779 
 5867      38E1EFE3 
 5867      B3
 5868 2055 41BF6683 		.ascii	"A\277f\203\327:o'\237\257\376\257\331\303\337\335\317"
 5868      D73A6F27 
 5868      9FAFFEAF 
 5868      D9C3DFDD 
 5868      CF
 5869 2066 EBEF6603 		.ascii	"\353\357f\003\371p\367w\"o\335\327\233\327x\232-\016"
 5869      F970F777 
 5869      226FDDD7 
 5869      9BD7789A 
ARM GAS  /tmp/ccAvL6mB.s 			page 230


 5869      2D0E
 5870 2078 BE169FBF 		.ascii	"\276\026\237\277y\301\215\363F\363\306uf\377\265\233"
 5870      79C18DF3 
 5870      46F3C675 
 5870      66FFB59B 
 5871 2088 BC3DDCFD 		.ascii	"\274=\334\375\337\235\243\211`\014\241E\024\230\007"
 5871      DF9DA389 
 5871      600CA145 
 5871      149807
 5872 2097 F7602D77 		.ascii	"\367`-wJ\333\177\361\272Mk,\236fOw\233^WP\222\211\343"
 5872      4ADB7FF1 
 5872      BA4D6B2C 
 5872      9E664F77 
 5872      9B5E5750 
 5873 20ae E7BED66B 		.ascii	"\347\276\326k\255\017\336\370\325\267\342\327\337\314"
 5873      AD0FDEF8 
 5873      D5B7E2D7 
 5873      DFCC
 5874 20bc 876EFFF5 		.ascii	"\207n\377\365\026\220\307\217\031\360\355\271h\315\011"
 5874      1690C78F 
 5874      19F0EDB9 
 5874      68CD09
 5875 20cb 016B579B 		.ascii	"\001kW\233\301\356\376z\213\331\317\354\257w\377\210"
 5875      C1EEFE7A 
 5875      8BD9CFEC 
 5875      AF77FF88 
 5876 20db 18C1E2E9 		.ascii	"\030\301\342\351\353o\321o\364[\007\375\337X\340\036"
 5876      EB6FD16F 
 5876      F45B07FD 
 5876      DF58E01E 
 5877 20eb FBFBF81A 		.ascii	"\373\373\370\032\276\332\264v\255\331\"~myg\256\232"
 5877      BEDAB476 
 5877      ADD9227E 
 5877      6D7967AE 
 5877      9A
 5878 20fc 7EE5F3AD 		.ascii	"~\345\363\255\2310s\334\270\306k\003<\314\335H (Q\226"
 5878      993073DC 
 5878      B8C66B03 
 5878      3CCCDD48 
 5878      20285196 
 5879 2110 0C76516B 		.ascii	"\014vQk\357\356o\3441\365C0\200\305\274\016B\301l\001"
 5879      EFEE6FE4 
 5879      31F54330 
 5879      80C5BC0E 
 5879      42C16C01 
 5880 2124 9BF9F9AF 		.ascii	"\233\371\371\257\361\367\362\340\226\322\301\305\327"
 5880      F1F7F2E0 
 5880      96D2C1C5 
 5880      D7
 5881 2131 4DF596FB 		.ascii	"M\365\226\373\323\177\036\317\000\366\354Ln\231V\356"
 5881      D37F1ECF 
 5881      00F6EC4C 
 5881      6E9956EE 
 5882 2141 FEF3F92B 		.ascii	"\376\363\371+9\"\\m\236\334\345\354\341\272\314S\335"
 5882      39225C6D 
 5882      9EDCE5EC 
 5882      E1BACC53 
ARM GAS  /tmp/ccAvL6mB.s 			page 231


 5882      DD
 5883 2152 BBFBBBD9 		.ascii	"\273\373\273\331\020f\262\352\310\307B\373^\010%\216"
 5883      1066B2EA 
 5883      C8C742FB 
 5883      5E08258E 
 5884 2162 F5F5F235 		.ascii	"\365\365\3625\353\350\3077\033\375\277\325\373|\343"
 5884      EBE8C737 
 5884      1BFDBFD5 
 5884      FB7CE3
 5885 2171 6DB638CA 		.ascii	"m\2668\312nu`\027w\177\222+\0337\371\233\2775\322\317"
 5885      6E756017 
 5885      777F922B 
 5885      1B37F99B 
 5885      BF35D2CF 
 5886 2185 39C63750 		.ascii	"9\3067P\004\333\351<\340\212-\376\226\205\234\032\224"
 5886      04DBE93C 
 5886      E08A2DFE 
 5886      96859C1A 
 5886      94
 5887 2196 17300864 		.ascii	"\0270\010d\264\273?\376\306\337b\334\344\345\355\377"
 5887      B4BB3FFE 
 5887      C6DF62DC 
 5887      E4E5EDFF 
 5888 21a6 73887D0B 		.ascii	"s\210}\013\340\226\317\3217Dd\342\030\003\271q\3677"
 5888      E096CFD1 
 5888      374464E2 
 5888      1803B971 
 5888      F737
 5889 21b8 49BA289A 		.ascii	"I\272(\232\221\0045I7\356\376\006\2266z\3375\353\314"
 5889      91043549 
 5889      37EEFE06 
 5889      96367ADF 
 5889      35EBCC
 5890 21cb 7E4EF0E0 		.ascii	"~N\360\340\313\023i\236\352\376{%\020\031GD\320m\362"
 5890      CB13699E 
 5890      EAFE7B25 
 5890      10194744 
 5890      D06DF2
 5891 21de 337BEA48 		.ascii	"3{\352H\206\352H\227\023\317\034r?Ou\017\216W2\365]"
 5891      86EA4897 
 5891      13CF1C72 
 5891      3F4F750F 
 5891      8E5732F5 
 5892 21f3 501DB475 		.ascii	"P\035\264u\244\"\023\001\035\251[\310\235\003\344\026"
 5892      A4221301 
 5892      1DA95BC8 
 5892      9D03E416 
 5893 2203 BB01BFB3 		.ascii	"\273\001\277\263\033\010\017v\003>\244\031IoH\317Bu"
 5893      1B080F76 
 5893      033EA419 
 5893      496F48CF 
 5893      4275
 5894 2215 62B2B247 		.ascii	"b\262\262G\207\021\020^\361\317\202\353\032\313\306"
 5894      8711105E 
 5894      F1CF82EB 
 5894      1ACBC6
 5895 2224 BFBD6FFE 		.ascii	"\277\275o\376\351\306\377\271\326\367mO_\301\344\341"
ARM GAS  /tmp/ccAvL6mB.s 			page 232


 5895      E9C6FFB9 
 5895      D6F76D4F 
 5895      5FC1E4E1 
 5896 2234 6301FFFD 		.ascii	"c\001\377\375t\343\373\002D\313\307\020S\037n\330\340"
 5896      74E3FB02 
 5896      44CBC710 
 5896      531F6ED8 
 5896      E0
 5897 2245 E3F12129 		.ascii	"\343\361!)8f\317\337\314\265\302\202\"@\310L\262\312"
 5897      3866CFDF 
 5897      CCB5C282 
 5897      2240C84C 
 5897      B2CA
 5898 2257 C3C7F73B 		.ascii	"\303\307\367;wR\304\177\372}&\014V\231\251g\326zy{\322"
 5898      7752C47F 
 5898      FA7D260C 
 5898      5699A967 
 5898      D67A797B 
 5899 226c 3027375C 		.ascii	"0'7\\\231\027=\326\257\002{\374\201>\374\306\333\313"
 5899      99173DD6 
 5899      AF027BFC 
 5899      813EFCC6 
 5899      DBCB
 5900 227e 9F0BF80A 		.ascii	"\237\013\370\012\301y@\020\371\233\245t\"\232\276M\230"
 5900      C1794010 
 5900      F99BA574 
 5900      229ABE4D 
 5900      98
 5901 228f BEFDCE0B 		.ascii	"\276\375\316\013\332o_%\335\026\310\3305~Z\243^|\312"
 5901      DA6F5F25 
 5901      DD16C8D8 
 5901      357E5AA3 
 5901      5E7CCA
 5902 22a2 6B0D5EC4 		.ascii	"k\015^\304\215O\347E\336j\361R\215\322\342E^\273\270"
 5902      8D4FE745 
 5902      DE6AF152 
 5902      8DD2E245 
 5902      5EBBB8
 5903 22b5 4BDE73F7 		.ascii	"K\336s\367\002m\211\372\354\361\217\274|0K\270\311\375"
 5903      026D89FA 
 5903      ECF18FBC 
 5903      7C304BB8 
 5903      C9FD
 5904 22c7 ABC056AC 		.ascii	"\253\300V\254\357e\215\276\217\276[\355\0039e\266\274"
 5904      EF658DBE 
 5904      8FBE5BED 
 5904      033965B6 
 5904      BC
 5905 22d8 A0224499 		.ascii	"\240\"D\231\262\367\213\345\356\217\251\006\037\321"
 5905      B2F78BE5 
 5905      EE8FA906 
 5905      1FD1
 5906 22e6 F2634B9D 		.ascii	"\362cK\235\365\315\"\300\272_\262#\360\231T\241^\260"
 5906      F5CD22C0 
 5906      BA5FB223 
 5906      F09954A1 
 5906      5EB0
ARM GAS  /tmp/ccAvL6mB.s 			page 233


 5907 22f8 A12177FF 		.ascii	"\241!w\377\300\236\214\306\000F\351w\254\230-\262\241"
 5907      C09E8CC6 
 5907      0046E977 
 5907      AC982DB2 
 5907      A1
 5908 2309 C33B5FB4 		.ascii	"\303;_\264\247\302\373\377\301\216\006S\322o\325oV\375"
 5908      A7C2FBFF 
 5908      C18E0653 
 5908      D26FD56F 
 5908      56FD
 5909 231b E1250DEB 		.ascii	"\341%\015\353\320\027?\324\266\014}\347fGo5$\351\002"
 5909      D0173FD4 
 5909      B60C7DE7 
 5909      66476F35 
 5909      24E902
 5910 232e 1B42A467 		.ascii	"\033B\244g\221=\005\322\251N\252U\026\237\215\377\356"
 5910      913D05D2 
 5910      A94EAA55 
 5910      169F8DFF 
 5910      EE
 5911 233f E3FB1BA3 		.ascii	"\343\373\033\243\237\277\305\333c\243\257\316w\223\305"
 5911      9FBFC5DB 
 5911      63A3AFCE 
 5911      7793C5
 5912 234e AC03E85A 		.ascii	"\254\003\350Z\243\267\017\224B\237o\340\352\355\275"
 5912      A3B70F94 
 5912      429F6FE0 
 5912      EAEDBD
 5913 235d 69C38657 		.ascii	"i\303\206W\226o\362\263\310\351\345m\376\206f\214\277"
 5913      966FF2B3 
 5913      C8E9E56D 
 5913      FE86668C 
 5913      BF
 5914 236e C5CB7B1D 		.ascii	"\305\313{\035\231{<\326\377\356#%\025\300b\377\312\346"
 5914      997B3CD6 
 5914      FFEE2325 
 5914      15C062FF 
 5914      CAE6
 5915 2380 E8D510A5 		.ascii	"\350\325\020\245\237\372\254\361\374\320bY\363\335\253"
 5915      9FFAACF1 
 5915      FCD06259 
 5915      F3DDAB
 5916 238f 36DDB332 		.ascii	"6\335\2632\007\252\"\351\247\202\231\330\375*X\015A"
 5916      07AA22E9 
 5916      A78299D8 
 5916      FD2A580D 
 5916      41
 5917 23a0 FDF804E2 		.ascii	"\375\370\004\342O]\004L\254\213\274}\221\001g\021\203"
 5917      4F5D044C 
 5917      AC8BBC7D 
 5917      91016711 
 5917      83
 5918 23b1 E5C0EFFC 		.ascii	"\345\300\357\374\277U\272\235\350\363\177x\003\221\277"
 5918      BF55BA9D 
 5918      E8F37F78 
 5918      0391BF
 5919 23c0 3AD2FB4F 		.ascii	":\322\373O\341\316\000U\002\246s\264\302\270\326{\211"
ARM GAS  /tmp/ccAvL6mB.s 			page 234


 5919      E1CE0055 
 5919      02A673B4 
 5919      C2B8D67B 
 5919      89
 5920 23d1 9FAFD903 		.ascii	"\237\257\331\003\206\201\337\225a0\333\021\233)\035"
 5920      8681DF95 
 5920      6130DB11 
 5920      9B291D
 5921 23e0 6421C6F3 		.ascii	"d!\306\363`\201]U\2035\210\\16yo\360\362\376\253RA\274"
 5921      60815D55 
 5921      8335885C 
 5921      3136796F 
 5921      F0F2FEAB 
 5922 23f7 382D1B51 		.ascii	"8-\033Q\377?\3134\365*"
 5922      FF3FCB34 
 5922      F52A
 5923              		.text
 5924              		.section	.gnu.lto_.symtab.f378ce3a581fef05,"e",%progbits
 5925 0000 5F5F6661 		.ascii	"__factory_init\000"
 5925      63746F72 
 5925      795F696E 
 5925      697400
 5926 000f 00       		.ascii	"\000"
 5927 0010 00       		.ascii	"\000"
 5928 0011 00       		.ascii	"\000"
 5929 0012 00000000 		.ascii	"\000\000\000\000\000\000\000\000"
 5929      00000000 
 5930 001a 2C020000 		.ascii	",\002\000\000"
 5931 001e 63685F66 		.ascii	"ch_factory\000"
 5931      6163746F 
 5931      727900
 5932 0029 00       		.ascii	"\000"
 5933 002a 00       		.ascii	"\000"
 5934 002b 00       		.ascii	"\000"
 5935 002c 00000000 		.ascii	"\000\000\000\000\000\000\000\000"
 5935      00000000 
 5936 0034 FE020000 		.ascii	"\376\002\000\000"
 5937 0038 63684661 		.ascii	"chFactoryRegisterObject\000"
 5937      63746F72 
 5937      79526567 
 5937      69737465 
 5937      724F626A 
 5938 0050 00       		.ascii	"\000"
 5939 0051 00       		.ascii	"\000"
 5940 0052 00       		.ascii	"\000"
 5941 0053 00000000 		.ascii	"\000\000\000\000\000\000\000\000"
 5941      00000000 
 5942 005b 34020000 		.ascii	"4\002\000\000"
 5943 005f 63684661 		.ascii	"chFactoryFindObject\000"
 5943      63746F72 
 5943      7946696E 
 5943      644F626A 
 5943      65637400 
 5944 0073 00       		.ascii	"\000"
 5945 0074 00       		.ascii	"\000"
 5946 0075 00       		.ascii	"\000"
 5947 0076 00000000 		.ascii	"\000\000\000\000\000\000\000\000"
ARM GAS  /tmp/ccAvL6mB.s 			page 235


 5947      00000000 
 5948 007e 38020000 		.ascii	"8\002\000\000"
 5949 0082 63684661 		.ascii	"chFactoryFindObjectByPointer\000"
 5949      63746F72 
 5949      7946696E 
 5949      644F626A 
 5949      65637442 
 5950 009f 00       		.ascii	"\000"
 5951 00a0 00       		.ascii	"\000"
 5952 00a1 00       		.ascii	"\000"
 5953 00a2 00000000 		.ascii	"\000\000\000\000\000\000\000\000"
 5953      00000000 
 5954 00aa 3C020000 		.ascii	"<\002\000\000"
 5955 00ae 63684661 		.ascii	"chFactoryReleaseObject\000"
 5955      63746F72 
 5955      7952656C 
 5955      65617365 
 5955      4F626A65 
 5956 00c5 00       		.ascii	"\000"
 5957 00c6 00       		.ascii	"\000"
 5958 00c7 00       		.ascii	"\000"
 5959 00c8 00000000 		.ascii	"\000\000\000\000\000\000\000\000"
 5959      00000000 
 5960 00d0 40020000 		.ascii	"@\002\000\000"
 5961 00d4 63684661 		.ascii	"chFactoryCreateBuffer\000"
 5961      63746F72 
 5961      79437265 
 5961      61746542 
 5961      75666665 
 5962 00ea 00       		.ascii	"\000"
 5963 00eb 00       		.ascii	"\000"
 5964 00ec 00       		.ascii	"\000"
 5965 00ed 00000000 		.ascii	"\000\000\000\000\000\000\000\000"
 5965      00000000 
 5966 00f5 48020000 		.ascii	"H\002\000\000"
 5967 00f9 63684661 		.ascii	"chFactoryFindBuffer\000"
 5967      63746F72 
 5967      7946696E 
 5967      64427566 
 5967      66657200 
 5968 010d 00       		.ascii	"\000"
 5969 010e 00       		.ascii	"\000"
 5970 010f 00       		.ascii	"\000"
 5971 0110 00000000 		.ascii	"\000\000\000\000\000\000\000\000"
 5971      00000000 
 5972 0118 4C020000 		.ascii	"L\002\000\000"
 5973 011c 63684661 		.ascii	"chFactoryReleaseBuffer\000"
 5973      63746F72 
 5973      7952656C 
 5973      65617365 
 5973      42756666 
 5974 0133 00       		.ascii	"\000"
 5975 0134 00       		.ascii	"\000"
 5976 0135 00       		.ascii	"\000"
 5977 0136 00000000 		.ascii	"\000\000\000\000\000\000\000\000"
 5977      00000000 
 5978 013e 50020000 		.ascii	"P\002\000\000"
ARM GAS  /tmp/ccAvL6mB.s 			page 236


 5979 0142 63684661 		.ascii	"chFactoryCreateSemaphore\000"
 5979      63746F72 
 5979      79437265 
 5979      61746553 
 5979      656D6170 
 5980 015b 00       		.ascii	"\000"
 5981 015c 00       		.ascii	"\000"
 5982 015d 00       		.ascii	"\000"
 5983 015e 00000000 		.ascii	"\000\000\000\000\000\000\000\000"
 5983      00000000 
 5984 0166 58020000 		.ascii	"X\002\000\000"
 5985 016a 63684661 		.ascii	"chFactoryFindSemaphore\000"
 5985      63746F72 
 5985      7946696E 
 5985      6453656D 
 5985      6170686F 
 5986 0181 00       		.ascii	"\000"
 5987 0182 00       		.ascii	"\000"
 5988 0183 00       		.ascii	"\000"
 5989 0184 00000000 		.ascii	"\000\000\000\000\000\000\000\000"
 5989      00000000 
 5990 018c 5C020000 		.ascii	"\\\002\000\000"
 5991 0190 63684661 		.ascii	"chFactoryReleaseSemaphore\000"
 5991      63746F72 
 5991      7952656C 
 5991      65617365 
 5991      53656D61 
 5992 01aa 00       		.ascii	"\000"
 5993 01ab 00       		.ascii	"\000"
 5994 01ac 00       		.ascii	"\000"
 5995 01ad 00000000 		.ascii	"\000\000\000\000\000\000\000\000"
 5995      00000000 
 5996 01b5 60020000 		.ascii	"`\002\000\000"
 5997 01b9 63684661 		.ascii	"chFactoryCreateMailbox\000"
 5997      63746F72 
 5997      79437265 
 5997      6174654D 
 5997      61696C62 
 5998 01d0 00       		.ascii	"\000"
 5999 01d1 00       		.ascii	"\000"
 6000 01d2 00       		.ascii	"\000"
 6001 01d3 00000000 		.ascii	"\000\000\000\000\000\000\000\000"
 6001      00000000 
 6002 01db 68020000 		.ascii	"h\002\000\000"
 6003 01df 63684661 		.ascii	"chFactoryFindMailbox\000"
 6003      63746F72 
 6003      7946696E 
 6003      644D6169 
 6003      6C626F78 
 6004 01f4 00       		.ascii	"\000"
 6005 01f5 00       		.ascii	"\000"
 6006 01f6 00       		.ascii	"\000"
 6007 01f7 00000000 		.ascii	"\000\000\000\000\000\000\000\000"
 6007      00000000 
 6008 01ff 6C020000 		.ascii	"l\002\000\000"
 6009 0203 63684661 		.ascii	"chFactoryReleaseMailbox\000"
 6009      63746F72 
ARM GAS  /tmp/ccAvL6mB.s 			page 237


 6009      7952656C 
 6009      65617365 
 6009      4D61696C 
 6010 021b 00       		.ascii	"\000"
 6011 021c 00       		.ascii	"\000"
 6012 021d 00       		.ascii	"\000"
 6013 021e 00000000 		.ascii	"\000\000\000\000\000\000\000\000"
 6013      00000000 
 6014 0226 70020000 		.ascii	"p\002\000\000"
 6015 022a 63684661 		.ascii	"chFactoryCreateObjectsFIFO\000"
 6015      63746F72 
 6015      79437265 
 6015      6174654F 
 6015      626A6563 
 6016 0245 00       		.ascii	"\000"
 6017 0246 00       		.ascii	"\000"
 6018 0247 00       		.ascii	"\000"
 6019 0248 00000000 		.ascii	"\000\000\000\000\000\000\000\000"
 6019      00000000 
 6020 0250 7A020000 		.ascii	"z\002\000\000"
 6021 0254 63684661 		.ascii	"chFactoryFindObjectsFIFO\000"
 6021      63746F72 
 6021      7946696E 
 6021      644F626A 
 6021      65637473 
 6022 026d 00       		.ascii	"\000"
 6023 026e 00       		.ascii	"\000"
 6024 026f 00       		.ascii	"\000"
 6025 0270 00000000 		.ascii	"\000\000\000\000\000\000\000\000"
 6025      00000000 
 6026 0278 7E020000 		.ascii	"~\002\000\000"
 6027 027c 63684661 		.ascii	"chFactoryReleaseObjectsFIFO\000"
 6027      63746F72 
 6027      7952656C 
 6027      65617365 
 6027      4F626A65 
 6028 0298 00       		.ascii	"\000"
 6029 0299 00       		.ascii	"\000"
 6030 029a 00       		.ascii	"\000"
 6031 029b 00000000 		.ascii	"\000\000\000\000\000\000\000\000"
 6031      00000000 
 6032 02a3 82020000 		.ascii	"\202\002\000\000"
 6033 02a7 63684661 		.ascii	"chFactoryCreatePipe\000"
 6033      63746F72 
 6033      79437265 
 6033      61746550 
 6033      69706500 
 6034 02bb 00       		.ascii	"\000"
 6035 02bc 00       		.ascii	"\000"
 6036 02bd 00       		.ascii	"\000"
 6037 02be 00000000 		.ascii	"\000\000\000\000\000\000\000\000"
 6037      00000000 
 6038 02c6 8A020000 		.ascii	"\212\002\000\000"
 6039 02ca 63684661 		.ascii	"chFactoryFindPipe\000"
 6039      63746F72 
 6039      7946696E 
 6039      64506970 
ARM GAS  /tmp/ccAvL6mB.s 			page 238


 6039      6500
 6040 02dc 00       		.ascii	"\000"
 6041 02dd 00       		.ascii	"\000"
 6042 02de 00       		.ascii	"\000"
 6043 02df 00000000 		.ascii	"\000\000\000\000\000\000\000\000"
 6043      00000000 
 6044 02e7 8E020000 		.ascii	"\216\002\000\000"
 6045 02eb 63684661 		.ascii	"chFactoryReleasePipe\000"
 6045      63746F72 
 6045      7952656C 
 6045      65617365 
 6045      50697065 
 6046 0300 00       		.ascii	"\000"
 6047 0301 00       		.ascii	"\000"
 6048 0302 00       		.ascii	"\000"
 6049 0303 00000000 		.ascii	"\000\000\000\000\000\000\000\000"
 6049      00000000 
 6050 030b 92020000 		.ascii	"\222\002\000\000"
 6051 030f 6368436F 		.ascii	"chCoreAllocFromTopI\000"
 6051      7265416C 
 6051      6C6F6346 
 6051      726F6D54 
 6051      6F704900 
 6052 0323 00       		.ascii	"\000"
 6053 0324 02       		.ascii	"\002"
 6054 0325 00       		.ascii	"\000"
 6055 0326 00000000 		.ascii	"\000\000\000\000\000\000\000\000"
 6055      00000000 
 6056 032e 94020000 		.ascii	"\224\002\000\000"
 6057 0332 63684D42 		.ascii	"chMBObjectInit\000"
 6057      4F626A65 
 6057      6374496E 
 6057      697400
 6058 0341 00       		.ascii	"\000"
 6059 0342 02       		.ascii	"\002"
 6060 0343 00       		.ascii	"\000"
 6061 0344 00000000 		.ascii	"\000\000\000\000\000\000\000\000"
 6061      00000000 
 6062 034c AB020000 		.ascii	"\253\002\000\000"
 6063 0350 63684775 		.ascii	"chGuardedPoolLoadArray\000"
 6063      61726465 
 6063      64506F6F 
 6063      6C4C6F61 
 6063      64417272 
 6064 0367 00       		.ascii	"\000"
 6065 0368 02       		.ascii	"\002"
 6066 0369 00       		.ascii	"\000"
 6067 036a 00000000 		.ascii	"\000\000\000\000\000\000\000\000"
 6067      00000000 
 6068 0372 B4020000 		.ascii	"\264\002\000\000"
 6069 0376 63684775 		.ascii	"chGuardedPoolObjectInitAligned\000"
 6069      61726465 
 6069      64506F6F 
 6069      6C4F626A 
 6069      65637449 
 6070 0395 00       		.ascii	"\000"
 6071 0396 02       		.ascii	"\002"
ARM GAS  /tmp/ccAvL6mB.s 			page 239


 6072 0397 00       		.ascii	"\000"
 6073 0398 00000000 		.ascii	"\000\000\000\000\000\000\000\000"
 6073      00000000 
 6074 03a0 BA020000 		.ascii	"\272\002\000\000"
 6075 03a4 6368506F 		.ascii	"chPoolAlloc\000"
 6075      6F6C416C 
 6075      6C6F6300 
 6076 03b0 00       		.ascii	"\000"
 6077 03b1 02       		.ascii	"\002"
 6078 03b2 00       		.ascii	"\000"
 6079 03b3 00000000 		.ascii	"\000\000\000\000\000\000\000\000"
 6079      00000000 
 6080 03bb BE020000 		.ascii	"\276\002\000\000"
 6081 03bf 6368506F 		.ascii	"chPoolFree\000"
 6081      6F6C4672 
 6081      656500
 6082 03ca 00       		.ascii	"\000"
 6083 03cb 02       		.ascii	"\002"
 6084 03cc 00       		.ascii	"\000"
 6085 03cd 00000000 		.ascii	"\000\000\000\000\000\000\000\000"
 6085      00000000 
 6086 03d5 C3020000 		.ascii	"\303\002\000\000"
 6087 03d9 63684865 		.ascii	"chHeapAllocAligned\000"
 6087      6170416C 
 6087      6C6F6341 
 6087      6C69676E 
 6087      656400
 6088 03ec 00       		.ascii	"\000"
 6089 03ed 02       		.ascii	"\002"
 6090 03ee 00       		.ascii	"\000"
 6091 03ef 00000000 		.ascii	"\000\000\000\000\000\000\000\000"
 6091      00000000 
 6092 03f7 C9020000 		.ascii	"\311\002\000\000"
 6093 03fb 63684865 		.ascii	"chHeapFree\000"
 6093      61704672 
 6093      656500
 6094 0406 00       		.ascii	"\000"
 6095 0407 02       		.ascii	"\002"
 6096 0408 00       		.ascii	"\000"
 6097 0409 00000000 		.ascii	"\000\000\000\000\000\000\000\000"
 6097      00000000 
 6098 0411 CD020000 		.ascii	"\315\002\000\000"
 6099 0415 6368506F 		.ascii	"chPoolObjectInitAligned\000"
 6099      6F6C4F62 
 6099      6A656374 
 6099      496E6974 
 6099      416C6967 
 6100 042d 00       		.ascii	"\000"
 6101 042e 02       		.ascii	"\002"
 6102 042f 00       		.ascii	"\000"
 6103 0430 00000000 		.ascii	"\000\000\000\000\000\000\000\000"
 6103      00000000 
 6104 0438 D4020000 		.ascii	"\324\002\000\000"
 6105 043c 63684D74 		.ascii	"chMtxObjectInit\000"
 6105      784F626A 
 6105      65637449 
 6105      6E697400 
ARM GAS  /tmp/ccAvL6mB.s 			page 240


 6106 044c 00       		.ascii	"\000"
 6107 044d 02       		.ascii	"\002"
 6108 044e 00       		.ascii	"\000"
 6109 044f 00000000 		.ascii	"\000\000\000\000\000\000\000\000"
 6109      00000000 
 6110 0457 D8020000 		.ascii	"\330\002\000\000"
 6111 045b 63684D74 		.ascii	"chMtxUnlock\000"
 6111      78556E6C 
 6111      6F636B00 
 6112 0467 00       		.ascii	"\000"
 6113 0468 02       		.ascii	"\002"
 6114 0469 00       		.ascii	"\000"
 6115 046a 00000000 		.ascii	"\000\000\000\000\000\000\000\000"
 6115      00000000 
 6116 0472 DA020000 		.ascii	"\332\002\000\000"
 6117 0476 63684D74 		.ascii	"chMtxLock\000"
 6117      784C6F63 
 6117      6B00
 6118 0480 00       		.ascii	"\000"
 6119 0481 02       		.ascii	"\002"
 6120 0482 00       		.ascii	"\000"
 6121 0483 00000000 		.ascii	"\000\000\000\000\000\000\000\000"
 6121      00000000 
 6122 048b DC020000 		.ascii	"\334\002\000\000"
 6123 048f 63685365 		.ascii	"chSemObjectInit\000"
 6123      6D4F626A 
 6123      65637449 
 6123      6E697400 
 6124 049f 00       		.ascii	"\000"
 6125 04a0 02       		.ascii	"\002"
 6126 04a1 00       		.ascii	"\000"
 6127 04a2 00000000 		.ascii	"\000\000\000\000\000\000\000\000"
 6127      00000000 
 6128 04aa F1020000 		.ascii	"\361\002\000\000"
 6129 04ae 63685069 		.ascii	"chPipeObjectInit\000"
 6129      70654F62 
 6129      6A656374 
 6129      496E6974 
 6129      00
 6130 04bf 00       		.ascii	"\000"
 6131 04c0 02       		.ascii	"\002"
 6132 04c1 00       		.ascii	"\000"
 6133 04c2 00000000 		.ascii	"\000\000\000\000\000\000\000\000"
 6133      00000000 
 6134 04ca FA020000 		.ascii	"\372\002\000\000"
 6135              		.text
 6136              		.section	.gnu.lto_.ext_symtab.f378ce3a581fef05,"e",%progbits
 6137 0000 01       		.ascii	"\001"
 6138 0001 01       		.ascii	"\001"
 6139 0002 00       		.ascii	"\000"
 6140 0003 02       		.ascii	"\002"
 6141 0004 01       		.ascii	"\001"
 6142 0005 01       		.ascii	"\001"
 6143 0006 00       		.ascii	"\000"
 6144 0007 01       		.ascii	"\001"
 6145 0008 00       		.ascii	"\000"
 6146 0009 01       		.ascii	"\001"
ARM GAS  /tmp/ccAvL6mB.s 			page 241


 6147 000a 00       		.ascii	"\000"
 6148 000b 01       		.ascii	"\001"
 6149 000c 00       		.ascii	"\000"
 6150 000d 01       		.ascii	"\001"
 6151 000e 00       		.ascii	"\000"
 6152 000f 01       		.ascii	"\001"
 6153 0010 00       		.ascii	"\000"
 6154 0011 01       		.ascii	"\001"
 6155 0012 00       		.ascii	"\000"
 6156 0013 01       		.ascii	"\001"
 6157 0014 00       		.ascii	"\000"
 6158 0015 01       		.ascii	"\001"
 6159 0016 00       		.ascii	"\000"
 6160 0017 01       		.ascii	"\001"
 6161 0018 00       		.ascii	"\000"
 6162 0019 01       		.ascii	"\001"
 6163 001a 00       		.ascii	"\000"
 6164 001b 01       		.ascii	"\001"
 6165 001c 00       		.ascii	"\000"
 6166 001d 01       		.ascii	"\001"
 6167 001e 00       		.ascii	"\000"
 6168 001f 01       		.ascii	"\001"
 6169 0020 00       		.ascii	"\000"
 6170 0021 01       		.ascii	"\001"
 6171 0022 00       		.ascii	"\000"
 6172 0023 01       		.ascii	"\001"
 6173 0024 00       		.ascii	"\000"
 6174 0025 01       		.ascii	"\001"
 6175 0026 00       		.ascii	"\000"
 6176 0027 01       		.ascii	"\001"
 6177 0028 00       		.ascii	"\000"
 6178 0029 01       		.ascii	"\001"
 6179 002a 00       		.ascii	"\000"
 6180 002b 01       		.ascii	"\001"
 6181 002c 00       		.ascii	"\000"
 6182 002d 01       		.ascii	"\001"
 6183 002e 00       		.ascii	"\000"
 6184 002f 01       		.ascii	"\001"
 6185 0030 00       		.ascii	"\000"
 6186 0031 01       		.ascii	"\001"
 6187 0032 00       		.ascii	"\000"
 6188 0033 01       		.ascii	"\001"
 6189 0034 00       		.ascii	"\000"
 6190 0035 01       		.ascii	"\001"
 6191 0036 00       		.ascii	"\000"
 6192 0037 01       		.ascii	"\001"
 6193 0038 00       		.ascii	"\000"
 6194 0039 01       		.ascii	"\001"
 6195 003a 00       		.ascii	"\000"
 6196 003b 01       		.ascii	"\001"
 6197 003c 00       		.ascii	"\000"
 6198 003d 01       		.ascii	"\001"
 6199 003e 00       		.ascii	"\000"
 6200 003f 01       		.ascii	"\001"
 6201 0040 00       		.ascii	"\000"
 6202 0041 01       		.ascii	"\001"
 6203 0042 00       		.ascii	"\000"
ARM GAS  /tmp/ccAvL6mB.s 			page 242


 6204 0043 01       		.ascii	"\001"
 6205 0044 00       		.ascii	"\000"
 6206 0045 01       		.ascii	"\001"
 6207 0046 00       		.ascii	"\000"
 6208              		.text
 6209              		.section	.gnu.lto_.opts,"e",%progbits
 6210 0000 272D666E 		.ascii	"'-fno-openmp' '-fno-openacc' '-fno-pie' '-fcf-prote"
 6210      6F2D6F70 
 6210      656E6D70 
 6210      2720272D 
 6210      666E6F2D 
 6211 0033 6374696F 		.ascii	"ction=none' '-g' '-mcpu=cortex-m7' '-mthumb' '-mflo"
 6211      6E3D6E6F 
 6211      6E652720 
 6211      272D6727 
 6211      20272D6D 
 6212 0066 61742D61 		.ascii	"at-abi=hard' '-mfpu=fpv5-d16' '-mlibarch=armv7e-m+f"
 6212      62693D68 
 6212      61726427 
 6212      20272D6D 
 6212      6670753D 
 6213 0099 702E6470 		.ascii	"p.dp' '-march=armv7e-m+fp.dp' '-O2' '-fomit-frame-p"
 6213      2720272D 
 6213      6D617263 
 6213      683D6172 
 6213      6D763765 
 6214 00cc 6F696E74 		.ascii	"ointer' '-falign-functions=16' '-ffunction-sections"
 6214      65722720 
 6214      272D6661 
 6214      6C69676E 
 6214      2D66756E 
 6215 00ff 2720272D 		.ascii	"' '-fdata-sections' '-fno-common' '-flto' '-Xassemb"
 6215      66646174 
 6215      612D7365 
 6215      6374696F 
 6215      6E732720 
 6216 0132 6C657227 		.ascii	"ler' '-alms=build/lst/chfactory.lst'\000"
 6216      20272D61 
 6216      6C6D733D 
 6216      6275696C 
 6216      642F6C73 
 6217              		.text
 6218              		.comm	__gnu_lto_slim,1,1
 6219              		.ident	"GCC: (15:10.3-2021.07-4) 10.3.1 20210621 (release)"
ARM GAS  /tmp/ccAvL6mB.s 			page 243


DEFINED SYMBOLS
                            *ABS*:0000000000000000 chfactory.c
     /tmp/ccAvL6mB.s:37     .gnu.debuglto_.debug_info:0000000000000000 chfactory.c.c17711e7
                            *COM*:0000000000000001 __gnu_lto_slim

NO UNDEFINED SYMBOLS
