ARM GAS  /tmp/ccOzQnUi.s 			page 1


   1              		.cpu cortex-m7
   2              		.eabi_attribute 28, 1
   3              		.eabi_attribute 20, 1
   4              		.eabi_attribute 21, 1
   5              		.eabi_attribute 23, 3
   6              		.eabi_attribute 24, 1
   7              		.eabi_attribute 25, 1
   8              		.eabi_attribute 26, 1
   9              		.eabi_attribute 30, 2
  10              		.eabi_attribute 34, 1
  11              		.eabi_attribute 18, 4
  12              		.file	"chmboxes.c"
  13              		.file 1 "/usr/lib/gcc/arm-none-eabi/10.3.1/include/stddef.h"
  14              		.file 2 "/usr/lib/gcc/arm-none-eabi/10.3.1/include/stdint.h"
  15              		.file 3 "third_party/ChibiOS/os/rt/include/chearly.h"
  16              		.file 4 "third_party/ChibiOS/os/rt/include/chtime.h"
  17              		.file 5 "third_party/ChibiOS/os/rt/include/chlists.h"
  18              		.file 6 "third_party/ChibiOS/os/rt/include/chobjects.h"
  19              		.file 7 "third_party/ChibiOS/os/oslib/include/chmboxes.h"
  20              		.file 8 "third_party/ChibiOS/os/oslib/src/chmboxes.c"
  21              		.file 9 "third_party/ChibiOS/os/rt/include/chthreads.h"
  22              		.file 10 "third_party/ChibiOS/os/rt/include/chsys.h"
  23              		.file 11 "third_party/ChibiOS/os/common/ports/ARMv7-M/chcore.h"
  24              		.file 12 "third_party/ChibiOS/os/common/ext/ARM/CMSIS/Core/Include/cmsis_gcc.h"
  25              		.section	.gnu.debuglto_.debug_info,"e",%progbits
  26              	.Ldebug_info0:
  27              		.hidden	chmboxes.c.1c8744c8
  28              		.weak	chmboxes.c.1c8744c8
  29              	chmboxes.c.1c8744c8:
  30 0000 DA050000 		.4byte	0x5da
  31 0004 0400     		.2byte	0x4
  32 0006 00000000 		.4byte	.Ldebug_abbrev0
  33 000a 04       		.byte	0x4
  34 000b 01       		.uleb128 0x1
  35 000c EF000000 		.4byte	.LASF55
  36 0010 0C       		.byte	0xc
  37 0011 55020000 		.4byte	.LASF56
  38 0015 86000000 		.4byte	.LASF57
  39 0019 00000000 		.4byte	.Ldebug_line0
  40 001d 02       		.uleb128 0x2
  41 001e 04       		.byte	0x4
  42 001f 05       		.byte	0x5
  43 0020 696E7400 		.ascii	"int\000"
  44 0024 03       		.uleb128 0x3
  45 0025 2B000000 		.4byte	.LASF5
  46 0029 01       		.byte	0x1
  47 002a D1       		.byte	0xd1
  48 002b 17       		.byte	0x17
  49 002c 30000000 		.4byte	0x30
  50 0030 04       		.uleb128 0x4
  51 0031 04       		.byte	0x4
  52 0032 07       		.byte	0x7
  53 0033 99030000 		.4byte	.LASF0
  54 0037 04       		.uleb128 0x4
  55 0038 08       		.byte	0x8
  56 0039 05       		.byte	0x5
  57 003a C9010000 		.4byte	.LASF1
ARM GAS  /tmp/ccOzQnUi.s 			page 2


  58 003e 04       		.uleb128 0x4
  59 003f 08       		.byte	0x8
  60 0040 04       		.byte	0x4
  61 0041 E3000000 		.4byte	.LASF2
  62 0045 04       		.uleb128 0x4
  63 0046 01       		.byte	0x1
  64 0047 06       		.byte	0x6
  65 0048 16020000 		.4byte	.LASF3
  66 004c 04       		.uleb128 0x4
  67 004d 02       		.byte	0x2
  68 004e 05       		.byte	0x5
  69 004f 21000000 		.4byte	.LASF4
  70 0053 03       		.uleb128 0x3
  71 0054 AC020000 		.4byte	.LASF6
  72 0058 02       		.byte	0x2
  73 0059 28       		.byte	0x28
  74 005a 18       		.byte	0x18
  75 005b 5F000000 		.4byte	0x5f
  76 005f 04       		.uleb128 0x4
  77 0060 04       		.byte	0x4
  78 0061 05       		.byte	0x5
  79 0062 E6010000 		.4byte	.LASF7
  80 0066 04       		.uleb128 0x4
  81 0067 01       		.byte	0x1
  82 0068 08       		.byte	0x8
  83 0069 F5010000 		.4byte	.LASF8
  84 006d 04       		.uleb128 0x4
  85 006e 02       		.byte	0x2
  86 006f 07       		.byte	0x7
  87 0070 8C020000 		.4byte	.LASF9
  88 0074 03       		.uleb128 0x3
  89 0075 39020000 		.4byte	.LASF10
  90 0079 02       		.byte	0x2
  91 007a 34       		.byte	0x34
  92 007b 19       		.byte	0x19
  93 007c 80000000 		.4byte	0x80
  94 0080 04       		.uleb128 0x4
  95 0081 04       		.byte	0x4
  96 0082 07       		.byte	0x7
  97 0083 0B030000 		.4byte	.LASF11
  98 0087 04       		.uleb128 0x4
  99 0088 08       		.byte	0x8
 100 0089 07       		.byte	0x7
 101 008a 22020000 		.4byte	.LASF12
 102 008e 03       		.uleb128 0x3
 103 008f AD030000 		.4byte	.LASF13
 104 0093 03       		.byte	0x3
 105 0094 58       		.byte	0x58
 106 0095 19       		.byte	0x19
 107 0096 53000000 		.4byte	0x53
 108 009a 04       		.uleb128 0x4
 109 009b 01       		.byte	0x1
 110 009c 08       		.byte	0x8
 111 009d A7020000 		.4byte	.LASF14
 112 00a1 05       		.uleb128 0x5
 113 00a2 9A000000 		.4byte	0x9a
 114 00a6 03       		.uleb128 0x3
ARM GAS  /tmp/ccOzQnUi.s 			page 3


 115 00a7 47020000 		.4byte	.LASF15
 116 00ab 04       		.byte	0x4
 117 00ac 79       		.byte	0x79
 118 00ad 12       		.byte	0x12
 119 00ae 74000000 		.4byte	0x74
 120 00b2 03       		.uleb128 0x3
 121 00b3 D2000000 		.4byte	.LASF16
 122 00b7 05       		.byte	0x5
 123 00b8 3F       		.byte	0x3f
 124 00b9 19       		.byte	0x19
 125 00ba BE000000 		.4byte	0xbe
 126 00be 06       		.uleb128 0x6
 127 00bf 85030000 		.4byte	.LASF19
 128 00c3 08       		.byte	0x8
 129 00c4 05       		.byte	0x5
 130 00c5 45       		.byte	0x45
 131 00c6 08       		.byte	0x8
 132 00c7 E6000000 		.4byte	0xe6
 133 00cb 07       		.uleb128 0x7
 134 00cc BB030000 		.4byte	.LASF17
 135 00d0 05       		.byte	0x5
 136 00d1 46       		.byte	0x46
 137 00d2 1A       		.byte	0x1a
 138 00d3 E6000000 		.4byte	0xe6
 139 00d7 00       		.byte	0
 140 00d8 07       		.uleb128 0x7
 141 00d9 94030000 		.4byte	.LASF18
 142 00dd 05       		.byte	0x5
 143 00de 47       		.byte	0x47
 144 00df 1A       		.byte	0x1a
 145 00e0 E6000000 		.4byte	0xe6
 146 00e4 04       		.byte	0x4
 147 00e5 00       		.byte	0
 148 00e6 08       		.uleb128 0x8
 149 00e7 04       		.byte	0x4
 150 00e8 B2000000 		.4byte	0xb2
 151 00ec 06       		.uleb128 0x6
 152 00ed C1000000 		.4byte	.LASF20
 153 00f1 08       		.byte	0x8
 154 00f2 06       		.byte	0x6
 155 00f3 8F       		.byte	0x8f
 156 00f4 10       		.byte	0x10
 157 00f5 07010000 		.4byte	0x107
 158 00f9 07       		.uleb128 0x7
 159 00fa EF010000 		.4byte	.LASF21
 160 00fe 06       		.byte	0x6
 161 00ff 93       		.byte	0x93
 162 0100 21       		.byte	0x21
 163 0101 B2000000 		.4byte	0xb2
 164 0105 00       		.byte	0
 165 0106 00       		.byte	0
 166 0107 03       		.uleb128 0x3
 167 0108 00000000 		.4byte	.LASF22
 168 010c 06       		.byte	0x6
 169 010d 94       		.byte	0x94
 170 010e 03       		.byte	0x3
 171 010f EC000000 		.4byte	0xec
ARM GAS  /tmp/ccOzQnUi.s 			page 4


 172 0113 09       		.uleb128 0x9
 173 0114 28       		.byte	0x28
 174 0115 07       		.byte	0x7
 175 0116 34       		.byte	0x34
 176 0117 09       		.byte	0x9
 177 0118 83010000 		.4byte	0x183
 178 011c 07       		.uleb128 0x7
 179 011d EF020000 		.4byte	.LASF23
 180 0121 07       		.byte	0x7
 181 0122 35       		.byte	0x35
 182 0123 1A       		.byte	0x1a
 183 0124 83010000 		.4byte	0x183
 184 0128 00       		.byte	0
 185 0129 0A       		.uleb128 0xa
 186 012a 746F7000 		.ascii	"top\000"
 187 012e 07       		.byte	0x7
 188 012f 37       		.byte	0x37
 189 0130 1A       		.byte	0x1a
 190 0131 83010000 		.4byte	0x183
 191 0135 04       		.byte	0x4
 192 0136 07       		.uleb128 0x7
 193 0137 DD000000 		.4byte	.LASF24
 194 013b 07       		.byte	0x7
 195 013c 39       		.byte	0x39
 196 013d 1A       		.byte	0x1a
 197 013e 83010000 		.4byte	0x183
 198 0142 08       		.byte	0x8
 199 0143 07       		.uleb128 0x7
 200 0144 8E030000 		.4byte	.LASF25
 201 0148 07       		.byte	0x7
 202 0149 3A       		.byte	0x3a
 203 014a 1A       		.byte	0x1a
 204 014b 83010000 		.4byte	0x183
 205 014f 0C       		.byte	0xc
 206 0150 0A       		.uleb128 0xa
 207 0151 636E7400 		.ascii	"cnt\000"
 208 0155 07       		.byte	0x7
 209 0156 3B       		.byte	0x3b
 210 0157 19       		.byte	0x19
 211 0158 24000000 		.4byte	0x24
 212 015c 10       		.byte	0x10
 213 015d 07       		.uleb128 0x7
 214 015e 52030000 		.4byte	.LASF26
 215 0162 07       		.byte	0x7
 216 0163 3C       		.byte	0x3c
 217 0164 19       		.byte	0x19
 218 0165 89010000 		.4byte	0x189
 219 0169 14       		.byte	0x14
 220 016a 0A       		.uleb128 0xa
 221 016b 717700   		.ascii	"qw\000"
 222 016e 07       		.byte	0x7
 223 016f 3D       		.byte	0x3d
 224 0170 19       		.byte	0x19
 225 0171 07010000 		.4byte	0x107
 226 0175 18       		.byte	0x18
 227 0176 0A       		.uleb128 0xa
 228 0177 717200   		.ascii	"qr\000"
ARM GAS  /tmp/ccOzQnUi.s 			page 5


 229 017a 07       		.byte	0x7
 230 017b 3E       		.byte	0x3e
 231 017c 19       		.byte	0x19
 232 017d 07010000 		.4byte	0x107
 233 0181 20       		.byte	0x20
 234 0182 00       		.byte	0
 235 0183 08       		.uleb128 0x8
 236 0184 04       		.byte	0x4
 237 0185 8E000000 		.4byte	0x8e
 238 0189 04       		.uleb128 0x4
 239 018a 01       		.byte	0x1
 240 018b 02       		.byte	0x2
 241 018c BE020000 		.4byte	.LASF27
 242 0190 03       		.uleb128 0x3
 243 0191 B4020000 		.4byte	.LASF28
 244 0195 07       		.byte	0x7
 245 0196 3F       		.byte	0x3f
 246 0197 03       		.byte	0x3
 247 0198 13010000 		.4byte	0x113
 248 019c 05       		.uleb128 0x5
 249 019d 90010000 		.4byte	0x190
 250 01a1 0B       		.uleb128 0xb
 251 01a2 81020000 		.4byte	.LASF30
 252 01a6 08       		.byte	0x8
 253 01a7 ED01     		.2byte	0x1ed
 254 01a9 07       		.byte	0x7
 255 01aa 8E000000 		.4byte	0x8e
 256 01ae D6010000 		.4byte	0x1d6
 257 01b2 0C       		.uleb128 0xc
 258 01b3 6D627000 		.ascii	"mbp\000"
 259 01b7 08       		.byte	0x8
 260 01b8 ED01     		.2byte	0x1ed
 261 01ba 1D       		.byte	0x1d
 262 01bb D6010000 		.4byte	0x1d6
 263 01bf 0D       		.uleb128 0xd
 264 01c0 42020000 		.4byte	.LASF29
 265 01c4 08       		.byte	0x8
 266 01c5 ED01     		.2byte	0x1ed
 267 01c7 29       		.byte	0x29
 268 01c8 83010000 		.4byte	0x183
 269 01cc 0E       		.uleb128 0xe
 270 01cd 03020000 		.4byte	.LASF33
 271 01d1 EC010000 		.4byte	0x1ec
 272 01d5 00       		.byte	0
 273 01d6 08       		.uleb128 0x8
 274 01d7 04       		.byte	0x4
 275 01d8 90010000 		.4byte	0x190
 276 01dc 0F       		.uleb128 0xf
 277 01dd A1000000 		.4byte	0xa1
 278 01e1 EC010000 		.4byte	0x1ec
 279 01e5 10       		.uleb128 0x10
 280 01e6 30000000 		.4byte	0x30
 281 01ea 0A       		.byte	0xa
 282 01eb 00       		.byte	0
 283 01ec 05       		.uleb128 0x5
 284 01ed DC010000 		.4byte	0x1dc
 285 01f1 0B       		.uleb128 0xb
ARM GAS  /tmp/ccOzQnUi.s 			page 6


 286 01f2 62030000 		.4byte	.LASF31
 287 01f6 08       		.byte	0x8
 288 01f7 BC01     		.2byte	0x1bc
 289 01f9 07       		.byte	0x7
 290 01fa 8E000000 		.4byte	0x8e
 291 01fe 40020000 		.4byte	0x240
 292 0202 0C       		.uleb128 0xc
 293 0203 6D627000 		.ascii	"mbp\000"
 294 0207 08       		.byte	0x8
 295 0208 BC01     		.2byte	0x1bc
 296 020a 24       		.byte	0x24
 297 020b D6010000 		.4byte	0x1d6
 298 020f 0D       		.uleb128 0xd
 299 0210 42020000 		.4byte	.LASF29
 300 0214 08       		.byte	0x8
 301 0215 BC01     		.2byte	0x1bc
 302 0217 30       		.byte	0x30
 303 0218 83010000 		.4byte	0x183
 304 021c 0D       		.uleb128 0xd
 305 021d B3030000 		.4byte	.LASF32
 306 0221 08       		.byte	0x8
 307 0222 BC01     		.2byte	0x1bc
 308 0224 44       		.byte	0x44
 309 0225 A6000000 		.4byte	0xa6
 310 0229 11       		.uleb128 0x11
 311 022a A6030000 		.4byte	.LASF35
 312 022e 08       		.byte	0x8
 313 022f BD01     		.2byte	0x1bd
 314 0231 09       		.byte	0x9
 315 0232 8E000000 		.4byte	0x8e
 316 0236 0E       		.uleb128 0xe
 317 0237 03020000 		.4byte	.LASF33
 318 023b 50020000 		.4byte	0x250
 319 023f 00       		.byte	0
 320 0240 0F       		.uleb128 0xf
 321 0241 A1000000 		.4byte	0xa1
 322 0245 50020000 		.4byte	0x250
 323 0249 10       		.uleb128 0x10
 324 024a 30000000 		.4byte	0x30
 325 024e 11       		.byte	0x11
 326 024f 00       		.byte	0
 327 0250 05       		.uleb128 0x5
 328 0251 40020000 		.4byte	0x240
 329 0255 0B       		.uleb128 0xb
 330 0256 10000000 		.4byte	.LASF34
 331 025a 08       		.byte	0x8
 332 025b 9F01     		.2byte	0x19f
 333 025d 07       		.byte	0x7
 334 025e 8E000000 		.4byte	0x8e
 335 0262 9B020000 		.4byte	0x29b
 336 0266 0C       		.uleb128 0xc
 337 0267 6D627000 		.ascii	"mbp\000"
 338 026b 08       		.byte	0x8
 339 026c 9F01     		.2byte	0x19f
 340 026e 23       		.byte	0x23
 341 026f D6010000 		.4byte	0x1d6
 342 0273 0D       		.uleb128 0xd
ARM GAS  /tmp/ccOzQnUi.s 			page 7


 343 0274 42020000 		.4byte	.LASF29
 344 0278 08       		.byte	0x8
 345 0279 9F01     		.2byte	0x19f
 346 027b 2F       		.byte	0x2f
 347 027c 83010000 		.4byte	0x183
 348 0280 0D       		.uleb128 0xd
 349 0281 B3030000 		.4byte	.LASF32
 350 0285 08       		.byte	0x8
 351 0286 9F01     		.2byte	0x19f
 352 0288 43       		.byte	0x43
 353 0289 A6000000 		.4byte	0xa6
 354 028d 11       		.uleb128 0x11
 355 028e A6030000 		.4byte	.LASF35
 356 0292 08       		.byte	0x8
 357 0293 A001     		.2byte	0x1a0
 358 0295 09       		.byte	0x9
 359 0296 8E000000 		.4byte	0x8e
 360 029a 00       		.byte	0
 361 029b 0B       		.uleb128 0xb
 362 029c A7000000 		.4byte	.LASF36
 363 02a0 08       		.byte	0x8
 364 02a1 7001     		.2byte	0x170
 365 02a3 07       		.byte	0x7
 366 02a4 8E000000 		.4byte	0x8e
 367 02a8 D0020000 		.4byte	0x2d0
 368 02ac 0C       		.uleb128 0xc
 369 02ad 6D627000 		.ascii	"mbp\000"
 370 02b1 08       		.byte	0x8
 371 02b2 7001     		.2byte	0x170
 372 02b4 21       		.byte	0x21
 373 02b5 D6010000 		.4byte	0x1d6
 374 02b9 0C       		.uleb128 0xc
 375 02ba 6D736700 		.ascii	"msg\000"
 376 02be 08       		.byte	0x8
 377 02bf 7001     		.2byte	0x170
 378 02c1 2C       		.byte	0x2c
 379 02c2 8E000000 		.4byte	0x8e
 380 02c6 0E       		.uleb128 0xe
 381 02c7 03020000 		.4byte	.LASF33
 382 02cb E0020000 		.4byte	0x2e0
 383 02cf 00       		.byte	0
 384 02d0 0F       		.uleb128 0xf
 385 02d1 A1000000 		.4byte	0xa1
 386 02d5 E0020000 		.4byte	0x2e0
 387 02d9 10       		.uleb128 0x10
 388 02da 30000000 		.4byte	0x30
 389 02de 0E       		.byte	0xe
 390 02df 00       		.byte	0
 391 02e0 05       		.uleb128 0x5
 392 02e1 D0020000 		.4byte	0x2d0
 393 02e5 0B       		.uleb128 0xb
 394 02e6 70000000 		.4byte	.LASF37
 395 02ea 08       		.byte	0x8
 396 02eb 3F01     		.2byte	0x13f
 397 02ed 07       		.byte	0x7
 398 02ee 8E000000 		.4byte	0x8e
 399 02f2 34030000 		.4byte	0x334
ARM GAS  /tmp/ccOzQnUi.s 			page 8


 400 02f6 0C       		.uleb128 0xc
 401 02f7 6D627000 		.ascii	"mbp\000"
 402 02fb 08       		.byte	0x8
 403 02fc 3F01     		.2byte	0x13f
 404 02fe 28       		.byte	0x28
 405 02ff D6010000 		.4byte	0x1d6
 406 0303 0C       		.uleb128 0xc
 407 0304 6D736700 		.ascii	"msg\000"
 408 0308 08       		.byte	0x8
 409 0309 3F01     		.2byte	0x13f
 410 030b 33       		.byte	0x33
 411 030c 8E000000 		.4byte	0x8e
 412 0310 0D       		.uleb128 0xd
 413 0311 B3030000 		.4byte	.LASF32
 414 0315 08       		.byte	0x8
 415 0316 3F01     		.2byte	0x13f
 416 0318 46       		.byte	0x46
 417 0319 A6000000 		.4byte	0xa6
 418 031d 11       		.uleb128 0x11
 419 031e A6030000 		.4byte	.LASF35
 420 0322 08       		.byte	0x8
 421 0323 4001     		.2byte	0x140
 422 0325 09       		.byte	0x9
 423 0326 8E000000 		.4byte	0x8e
 424 032a 0E       		.uleb128 0xe
 425 032b 03020000 		.4byte	.LASF33
 426 032f 44030000 		.4byte	0x344
 427 0333 00       		.byte	0
 428 0334 0F       		.uleb128 0xf
 429 0335 A1000000 		.4byte	0xa1
 430 0339 44030000 		.4byte	0x344
 431 033d 10       		.uleb128 0x10
 432 033e 30000000 		.4byte	0x30
 433 0342 15       		.byte	0x15
 434 0343 00       		.byte	0
 435 0344 05       		.uleb128 0x5
 436 0345 34030000 		.4byte	0x334
 437 0349 0B       		.uleb128 0xb
 438 034a F6020000 		.4byte	.LASF38
 439 034e 08       		.byte	0x8
 440 034f 2201     		.2byte	0x122
 441 0351 07       		.byte	0x7
 442 0352 8E000000 		.4byte	0x8e
 443 0356 8F030000 		.4byte	0x38f
 444 035a 0C       		.uleb128 0xc
 445 035b 6D627000 		.ascii	"mbp\000"
 446 035f 08       		.byte	0x8
 447 0360 2201     		.2byte	0x122
 448 0362 27       		.byte	0x27
 449 0363 D6010000 		.4byte	0x1d6
 450 0367 0C       		.uleb128 0xc
 451 0368 6D736700 		.ascii	"msg\000"
 452 036c 08       		.byte	0x8
 453 036d 2201     		.2byte	0x122
 454 036f 32       		.byte	0x32
 455 0370 8E000000 		.4byte	0x8e
 456 0374 0D       		.uleb128 0xd
ARM GAS  /tmp/ccOzQnUi.s 			page 9


 457 0375 B3030000 		.4byte	.LASF32
 458 0379 08       		.byte	0x8
 459 037a 2201     		.2byte	0x122
 460 037c 45       		.byte	0x45
 461 037d A6000000 		.4byte	0xa6
 462 0381 11       		.uleb128 0x11
 463 0382 A6030000 		.4byte	.LASF35
 464 0386 08       		.byte	0x8
 465 0387 2301     		.2byte	0x123
 466 0389 09       		.byte	0x9
 467 038a 8E000000 		.4byte	0x8e
 468 038e 00       		.byte	0
 469 038f 12       		.uleb128 0x12
 470 0390 0C020000 		.4byte	.LASF39
 471 0394 08       		.byte	0x8
 472 0395 F3       		.byte	0xf3
 473 0396 07       		.byte	0x7
 474 0397 8E000000 		.4byte	0x8e
 475 039b C1030000 		.4byte	0x3c1
 476 039f 13       		.uleb128 0x13
 477 03a0 6D627000 		.ascii	"mbp\000"
 478 03a4 08       		.byte	0x8
 479 03a5 F3       		.byte	0xf3
 480 03a6 1C       		.byte	0x1c
 481 03a7 D6010000 		.4byte	0x1d6
 482 03ab 13       		.uleb128 0x13
 483 03ac 6D736700 		.ascii	"msg\000"
 484 03b0 08       		.byte	0x8
 485 03b1 F3       		.byte	0xf3
 486 03b2 27       		.byte	0x27
 487 03b3 8E000000 		.4byte	0x8e
 488 03b7 0E       		.uleb128 0xe
 489 03b8 03020000 		.4byte	.LASF33
 490 03bc D1030000 		.4byte	0x3d1
 491 03c0 00       		.byte	0
 492 03c1 0F       		.uleb128 0xf
 493 03c2 A1000000 		.4byte	0xa1
 494 03c6 D1030000 		.4byte	0x3d1
 495 03ca 10       		.uleb128 0x10
 496 03cb 30000000 		.4byte	0x30
 497 03cf 09       		.byte	0x9
 498 03d0 00       		.byte	0
 499 03d1 05       		.uleb128 0x5
 500 03d2 C1030000 		.4byte	0x3c1
 501 03d6 12       		.uleb128 0x12
 502 03d7 74030000 		.4byte	.LASF40
 503 03db 08       		.byte	0x8
 504 03dc C2       		.byte	0xc2
 505 03dd 07       		.byte	0x7
 506 03de 8E000000 		.4byte	0x8e
 507 03e2 20040000 		.4byte	0x420
 508 03e6 13       		.uleb128 0x13
 509 03e7 6D627000 		.ascii	"mbp\000"
 510 03eb 08       		.byte	0x8
 511 03ec C2       		.byte	0xc2
 512 03ed 23       		.byte	0x23
 513 03ee D6010000 		.4byte	0x1d6
ARM GAS  /tmp/ccOzQnUi.s 			page 10


 514 03f2 13       		.uleb128 0x13
 515 03f3 6D736700 		.ascii	"msg\000"
 516 03f7 08       		.byte	0x8
 517 03f8 C2       		.byte	0xc2
 518 03f9 2E       		.byte	0x2e
 519 03fa 8E000000 		.4byte	0x8e
 520 03fe 14       		.uleb128 0x14
 521 03ff B3030000 		.4byte	.LASF32
 522 0403 08       		.byte	0x8
 523 0404 C2       		.byte	0xc2
 524 0405 41       		.byte	0x41
 525 0406 A6000000 		.4byte	0xa6
 526 040a 15       		.uleb128 0x15
 527 040b A6030000 		.4byte	.LASF35
 528 040f 08       		.byte	0x8
 529 0410 C3       		.byte	0xc3
 530 0411 09       		.byte	0x9
 531 0412 8E000000 		.4byte	0x8e
 532 0416 0E       		.uleb128 0xe
 533 0417 03020000 		.4byte	.LASF33
 534 041b 30040000 		.4byte	0x430
 535 041f 00       		.byte	0
 536 0420 0F       		.uleb128 0xf
 537 0421 A1000000 		.4byte	0xa1
 538 0425 30040000 		.4byte	0x430
 539 0429 10       		.uleb128 0x10
 540 042a 30000000 		.4byte	0x30
 541 042e 10       		.byte	0x10
 542 042f 00       		.byte	0
 543 0430 05       		.uleb128 0x5
 544 0431 20040000 		.4byte	0x420
 545 0435 12       		.uleb128 0x12
 546 0436 56000000 		.4byte	.LASF41
 547 043a 08       		.byte	0x8
 548 043b A5       		.byte	0xa5
 549 043c 07       		.byte	0x7
 550 043d 8E000000 		.4byte	0x8e
 551 0441 76040000 		.4byte	0x476
 552 0445 13       		.uleb128 0x13
 553 0446 6D627000 		.ascii	"mbp\000"
 554 044a 08       		.byte	0x8
 555 044b A5       		.byte	0xa5
 556 044c 22       		.byte	0x22
 557 044d D6010000 		.4byte	0x1d6
 558 0451 13       		.uleb128 0x13
 559 0452 6D736700 		.ascii	"msg\000"
 560 0456 08       		.byte	0x8
 561 0457 A5       		.byte	0xa5
 562 0458 2D       		.byte	0x2d
 563 0459 8E000000 		.4byte	0x8e
 564 045d 14       		.uleb128 0x14
 565 045e B3030000 		.4byte	.LASF32
 566 0462 08       		.byte	0x8
 567 0463 A5       		.byte	0xa5
 568 0464 40       		.byte	0x40
 569 0465 A6000000 		.4byte	0xa6
 570 0469 15       		.uleb128 0x15
ARM GAS  /tmp/ccOzQnUi.s 			page 11


 571 046a A6030000 		.4byte	.LASF35
 572 046e 08       		.byte	0x8
 573 046f A6       		.byte	0xa6
 574 0470 09       		.byte	0x9
 575 0471 8E000000 		.4byte	0x8e
 576 0475 00       		.byte	0
 577 0476 16       		.uleb128 0x16
 578 0477 B6000000 		.4byte	.LASF42
 579 047b 08       		.byte	0x8
 580 047c 85       		.byte	0x85
 581 047d 06       		.byte	0x6
 582 047e 98040000 		.4byte	0x498
 583 0482 13       		.uleb128 0x13
 584 0483 6D627000 		.ascii	"mbp\000"
 585 0487 08       		.byte	0x8
 586 0488 85       		.byte	0x85
 587 0489 1C       		.byte	0x1c
 588 048a D6010000 		.4byte	0x1d6
 589 048e 0E       		.uleb128 0xe
 590 048f 03020000 		.4byte	.LASF33
 591 0493 EC010000 		.4byte	0x1ec
 592 0497 00       		.byte	0
 593 0498 16       		.uleb128 0x16
 594 0499 58030000 		.4byte	.LASF43
 595 049d 08       		.byte	0x8
 596 049e 71       		.byte	0x71
 597 049f 06       		.byte	0x6
 598 04a0 B1040000 		.4byte	0x4b1
 599 04a4 13       		.uleb128 0x13
 600 04a5 6D627000 		.ascii	"mbp\000"
 601 04a9 08       		.byte	0x8
 602 04aa 71       		.byte	0x71
 603 04ab 1B       		.byte	0x1b
 604 04ac D6010000 		.4byte	0x1d6
 605 04b0 00       		.byte	0
 606 04b1 16       		.uleb128 0x16
 607 04b2 D7010000 		.4byte	.LASF44
 608 04b6 08       		.byte	0x8
 609 04b7 57       		.byte	0x57
 610 04b8 06       		.byte	0x6
 611 04b9 E9040000 		.4byte	0x4e9
 612 04bd 13       		.uleb128 0x13
 613 04be 6D627000 		.ascii	"mbp\000"
 614 04c2 08       		.byte	0x8
 615 04c3 57       		.byte	0x57
 616 04c4 20       		.byte	0x20
 617 04c5 D6010000 		.4byte	0x1d6
 618 04c9 13       		.uleb128 0x13
 619 04ca 62756600 		.ascii	"buf\000"
 620 04ce 08       		.byte	0x8
 621 04cf 57       		.byte	0x57
 622 04d0 2C       		.byte	0x2c
 623 04d1 83010000 		.4byte	0x183
 624 04d5 13       		.uleb128 0x13
 625 04d6 6E00     		.ascii	"n\000"
 626 04d8 08       		.byte	0x8
 627 04d9 57       		.byte	0x57
ARM GAS  /tmp/ccOzQnUi.s 			page 12


 628 04da 38       		.byte	0x38
 629 04db 24000000 		.4byte	0x24
 630 04df 0E       		.uleb128 0xe
 631 04e0 03020000 		.4byte	.LASF33
 632 04e4 E0020000 		.4byte	0x2e0
 633 04e8 00       		.byte	0
 634 04e9 17       		.uleb128 0x17
 635 04ea 32000000 		.4byte	.LASF45
 636 04ee 07       		.byte	0x7
 637 04ef A7       		.byte	0xa7
 638 04f0 16       		.byte	0x16
 639 04f1 24000000 		.4byte	0x24
 640 04f5 06050000 		.4byte	0x506
 641 04f9 13       		.uleb128 0x13
 642 04fa 6D627000 		.ascii	"mbp\000"
 643 04fe 07       		.byte	0x7
 644 04ff A7       		.byte	0xa7
 645 0500 39       		.byte	0x39
 646 0501 06050000 		.4byte	0x506
 647 0505 00       		.byte	0
 648 0506 08       		.uleb128 0x8
 649 0507 04       		.byte	0x4
 650 0508 9C010000 		.4byte	0x19c
 651 050c 17       		.uleb128 0x17
 652 050d 44000000 		.4byte	.LASF46
 653 0511 07       		.byte	0x7
 654 0512 98       		.byte	0x98
 655 0513 16       		.byte	0x16
 656 0514 24000000 		.4byte	0x24
 657 0518 29050000 		.4byte	0x529
 658 051c 13       		.uleb128 0x13
 659 051d 6D627000 		.ascii	"mbp\000"
 660 0521 07       		.byte	0x7
 661 0522 98       		.byte	0x98
 662 0523 39       		.byte	0x39
 663 0524 06050000 		.4byte	0x506
 664 0528 00       		.byte	0
 665 0529 17       		.uleb128 0x17
 666 052a 1D030000 		.4byte	.LASF47
 667 052e 07       		.byte	0x7
 668 052f 88       		.byte	0x88
 669 0530 16       		.byte	0x16
 670 0531 24000000 		.4byte	0x24
 671 0535 46050000 		.4byte	0x546
 672 0539 13       		.uleb128 0x13
 673 053a 6D627000 		.ascii	"mbp\000"
 674 053e 07       		.byte	0x7
 675 053f 88       		.byte	0x88
 676 0540 34       		.byte	0x34
 677 0541 06050000 		.4byte	0x506
 678 0545 00       		.byte	0
 679 0546 18       		.uleb128 0x18
 680 0547 DA020000 		.4byte	.LASF48
 681 054b 09       		.byte	0x9
 682 054c CD01     		.2byte	0x1cd
 683 054e 14       		.byte	0x14
 684 054f 61050000 		.4byte	0x561
ARM GAS  /tmp/ccOzQnUi.s 			page 13


 685 0553 0C       		.uleb128 0xc
 686 0554 74717000 		.ascii	"tqp\000"
 687 0558 09       		.byte	0x9
 688 0559 CD01     		.2byte	0x1cd
 689 055b 3A       		.byte	0x3a
 690 055c 61050000 		.4byte	0x561
 691 0560 00       		.byte	0
 692 0561 08       		.uleb128 0x8
 693 0562 04       		.byte	0x4
 694 0563 07010000 		.4byte	0x107
 695 0567 18       		.uleb128 0x18
 696 0568 38030000 		.4byte	.LASF49
 697 056c 0A       		.byte	0xa
 698 056d A501     		.2byte	0x1a5
 699 056f 14       		.byte	0x14
 700 0570 7E050000 		.4byte	0x57e
 701 0574 0E       		.uleb128 0xe
 702 0575 03020000 		.4byte	.LASF33
 703 0579 8E050000 		.4byte	0x58e
 704 057d 00       		.byte	0
 705 057e 0F       		.uleb128 0xf
 706 057f A1000000 		.4byte	0xa1
 707 0583 8E050000 		.4byte	0x58e
 708 0587 10       		.uleb128 0x10
 709 0588 30000000 		.4byte	0x30
 710 058c 0B       		.byte	0xb
 711 058d 00       		.byte	0
 712 058e 05       		.uleb128 0x5
 713 058f 7E050000 		.4byte	0x57e
 714 0593 19       		.uleb128 0x19
 715 0594 66000000 		.4byte	.LASF50
 716 0598 0A       		.byte	0xa
 717 0599 9701     		.2byte	0x197
 718 059b 14       		.byte	0x14
 719 059c 19       		.uleb128 0x19
 720 059d C4020000 		.4byte	.LASF51
 721 05a1 0B       		.byte	0xb
 722 05a2 4103     		.2byte	0x341
 723 05a4 1B       		.byte	0x1b
 724 05a5 19       		.uleb128 0x19
 725 05a6 D0020000 		.4byte	.LASF52
 726 05aa 0B       		.byte	0xb
 727 05ab 2903     		.2byte	0x329
 728 05ad 1B       		.byte	0x1b
 729 05ae 18       		.uleb128 0x18
 730 05af 2A030000 		.4byte	.LASF53
 731 05b3 0C       		.byte	0xc
 732 05b4 EB01     		.2byte	0x1eb
 733 05b6 1B       		.byte	0x1b
 734 05b7 C9050000 		.4byte	0x5c9
 735 05bb 0D       		.uleb128 0xd
 736 05bc 9F020000 		.4byte	.LASF54
 737 05c0 0C       		.byte	0xc
 738 05c1 EB01     		.2byte	0x1eb
 739 05c3 32       		.byte	0x32
 740 05c4 74000000 		.4byte	0x74
 741 05c8 00       		.byte	0
ARM GAS  /tmp/ccOzQnUi.s 			page 14


 742 05c9 1A       		.uleb128 0x1a
 743 05ca 44030000 		.4byte	.LASF58
 744 05ce 05       		.byte	0x5
 745 05cf DE       		.byte	0xde
 746 05d0 14       		.byte	0x14
 747 05d1 13       		.uleb128 0x13
 748 05d2 717000   		.ascii	"qp\000"
 749 05d5 05       		.byte	0x5
 750 05d6 DE       		.byte	0xde
 751 05d7 2E       		.byte	0x2e
 752 05d8 E6000000 		.4byte	0xe6
 753 05dc 00       		.byte	0
 754 05dd 00       		.byte	0
 755              		.section	.gnu.debuglto_.debug_abbrev,"e",%progbits
 756              	.Ldebug_abbrev0:
 757 0000 01       		.uleb128 0x1
 758 0001 11       		.uleb128 0x11
 759 0002 01       		.byte	0x1
 760 0003 25       		.uleb128 0x25
 761 0004 0E       		.uleb128 0xe
 762 0005 13       		.uleb128 0x13
 763 0006 0B       		.uleb128 0xb
 764 0007 03       		.uleb128 0x3
 765 0008 0E       		.uleb128 0xe
 766 0009 1B       		.uleb128 0x1b
 767 000a 0E       		.uleb128 0xe
 768 000b 10       		.uleb128 0x10
 769 000c 17       		.uleb128 0x17
 770 000d 00       		.byte	0
 771 000e 00       		.byte	0
 772 000f 02       		.uleb128 0x2
 773 0010 24       		.uleb128 0x24
 774 0011 00       		.byte	0
 775 0012 0B       		.uleb128 0xb
 776 0013 0B       		.uleb128 0xb
 777 0014 3E       		.uleb128 0x3e
 778 0015 0B       		.uleb128 0xb
 779 0016 03       		.uleb128 0x3
 780 0017 08       		.uleb128 0x8
 781 0018 00       		.byte	0
 782 0019 00       		.byte	0
 783 001a 03       		.uleb128 0x3
 784 001b 16       		.uleb128 0x16
 785 001c 00       		.byte	0
 786 001d 03       		.uleb128 0x3
 787 001e 0E       		.uleb128 0xe
 788 001f 3A       		.uleb128 0x3a
 789 0020 0B       		.uleb128 0xb
 790 0021 3B       		.uleb128 0x3b
 791 0022 0B       		.uleb128 0xb
 792 0023 39       		.uleb128 0x39
 793 0024 0B       		.uleb128 0xb
 794 0025 49       		.uleb128 0x49
 795 0026 13       		.uleb128 0x13
 796 0027 00       		.byte	0
 797 0028 00       		.byte	0
 798 0029 04       		.uleb128 0x4
ARM GAS  /tmp/ccOzQnUi.s 			page 15


 799 002a 24       		.uleb128 0x24
 800 002b 00       		.byte	0
 801 002c 0B       		.uleb128 0xb
 802 002d 0B       		.uleb128 0xb
 803 002e 3E       		.uleb128 0x3e
 804 002f 0B       		.uleb128 0xb
 805 0030 03       		.uleb128 0x3
 806 0031 0E       		.uleb128 0xe
 807 0032 00       		.byte	0
 808 0033 00       		.byte	0
 809 0034 05       		.uleb128 0x5
 810 0035 26       		.uleb128 0x26
 811 0036 00       		.byte	0
 812 0037 49       		.uleb128 0x49
 813 0038 13       		.uleb128 0x13
 814 0039 00       		.byte	0
 815 003a 00       		.byte	0
 816 003b 06       		.uleb128 0x6
 817 003c 13       		.uleb128 0x13
 818 003d 01       		.byte	0x1
 819 003e 03       		.uleb128 0x3
 820 003f 0E       		.uleb128 0xe
 821 0040 0B       		.uleb128 0xb
 822 0041 0B       		.uleb128 0xb
 823 0042 3A       		.uleb128 0x3a
 824 0043 0B       		.uleb128 0xb
 825 0044 3B       		.uleb128 0x3b
 826 0045 0B       		.uleb128 0xb
 827 0046 39       		.uleb128 0x39
 828 0047 0B       		.uleb128 0xb
 829 0048 01       		.uleb128 0x1
 830 0049 13       		.uleb128 0x13
 831 004a 00       		.byte	0
 832 004b 00       		.byte	0
 833 004c 07       		.uleb128 0x7
 834 004d 0D       		.uleb128 0xd
 835 004e 00       		.byte	0
 836 004f 03       		.uleb128 0x3
 837 0050 0E       		.uleb128 0xe
 838 0051 3A       		.uleb128 0x3a
 839 0052 0B       		.uleb128 0xb
 840 0053 3B       		.uleb128 0x3b
 841 0054 0B       		.uleb128 0xb
 842 0055 39       		.uleb128 0x39
 843 0056 0B       		.uleb128 0xb
 844 0057 49       		.uleb128 0x49
 845 0058 13       		.uleb128 0x13
 846 0059 38       		.uleb128 0x38
 847 005a 0B       		.uleb128 0xb
 848 005b 00       		.byte	0
 849 005c 00       		.byte	0
 850 005d 08       		.uleb128 0x8
 851 005e 0F       		.uleb128 0xf
 852 005f 00       		.byte	0
 853 0060 0B       		.uleb128 0xb
 854 0061 0B       		.uleb128 0xb
 855 0062 49       		.uleb128 0x49
ARM GAS  /tmp/ccOzQnUi.s 			page 16


 856 0063 13       		.uleb128 0x13
 857 0064 00       		.byte	0
 858 0065 00       		.byte	0
 859 0066 09       		.uleb128 0x9
 860 0067 13       		.uleb128 0x13
 861 0068 01       		.byte	0x1
 862 0069 0B       		.uleb128 0xb
 863 006a 0B       		.uleb128 0xb
 864 006b 3A       		.uleb128 0x3a
 865 006c 0B       		.uleb128 0xb
 866 006d 3B       		.uleb128 0x3b
 867 006e 0B       		.uleb128 0xb
 868 006f 39       		.uleb128 0x39
 869 0070 0B       		.uleb128 0xb
 870 0071 01       		.uleb128 0x1
 871 0072 13       		.uleb128 0x13
 872 0073 00       		.byte	0
 873 0074 00       		.byte	0
 874 0075 0A       		.uleb128 0xa
 875 0076 0D       		.uleb128 0xd
 876 0077 00       		.byte	0
 877 0078 03       		.uleb128 0x3
 878 0079 08       		.uleb128 0x8
 879 007a 3A       		.uleb128 0x3a
 880 007b 0B       		.uleb128 0xb
 881 007c 3B       		.uleb128 0x3b
 882 007d 0B       		.uleb128 0xb
 883 007e 39       		.uleb128 0x39
 884 007f 0B       		.uleb128 0xb
 885 0080 49       		.uleb128 0x49
 886 0081 13       		.uleb128 0x13
 887 0082 38       		.uleb128 0x38
 888 0083 0B       		.uleb128 0xb
 889 0084 00       		.byte	0
 890 0085 00       		.byte	0
 891 0086 0B       		.uleb128 0xb
 892 0087 2E       		.uleb128 0x2e
 893 0088 01       		.byte	0x1
 894 0089 3F       		.uleb128 0x3f
 895 008a 19       		.uleb128 0x19
 896 008b 03       		.uleb128 0x3
 897 008c 0E       		.uleb128 0xe
 898 008d 3A       		.uleb128 0x3a
 899 008e 0B       		.uleb128 0xb
 900 008f 3B       		.uleb128 0x3b
 901 0090 05       		.uleb128 0x5
 902 0091 39       		.uleb128 0x39
 903 0092 0B       		.uleb128 0xb
 904 0093 27       		.uleb128 0x27
 905 0094 19       		.uleb128 0x19
 906 0095 49       		.uleb128 0x49
 907 0096 13       		.uleb128 0x13
 908 0097 01       		.uleb128 0x1
 909 0098 13       		.uleb128 0x13
 910 0099 00       		.byte	0
 911 009a 00       		.byte	0
 912 009b 0C       		.uleb128 0xc
ARM GAS  /tmp/ccOzQnUi.s 			page 17


 913 009c 05       		.uleb128 0x5
 914 009d 00       		.byte	0
 915 009e 03       		.uleb128 0x3
 916 009f 08       		.uleb128 0x8
 917 00a0 3A       		.uleb128 0x3a
 918 00a1 0B       		.uleb128 0xb
 919 00a2 3B       		.uleb128 0x3b
 920 00a3 05       		.uleb128 0x5
 921 00a4 39       		.uleb128 0x39
 922 00a5 0B       		.uleb128 0xb
 923 00a6 49       		.uleb128 0x49
 924 00a7 13       		.uleb128 0x13
 925 00a8 00       		.byte	0
 926 00a9 00       		.byte	0
 927 00aa 0D       		.uleb128 0xd
 928 00ab 05       		.uleb128 0x5
 929 00ac 00       		.byte	0
 930 00ad 03       		.uleb128 0x3
 931 00ae 0E       		.uleb128 0xe
 932 00af 3A       		.uleb128 0x3a
 933 00b0 0B       		.uleb128 0xb
 934 00b1 3B       		.uleb128 0x3b
 935 00b2 05       		.uleb128 0x5
 936 00b3 39       		.uleb128 0x39
 937 00b4 0B       		.uleb128 0xb
 938 00b5 49       		.uleb128 0x49
 939 00b6 13       		.uleb128 0x13
 940 00b7 00       		.byte	0
 941 00b8 00       		.byte	0
 942 00b9 0E       		.uleb128 0xe
 943 00ba 34       		.uleb128 0x34
 944 00bb 00       		.byte	0
 945 00bc 03       		.uleb128 0x3
 946 00bd 0E       		.uleb128 0xe
 947 00be 49       		.uleb128 0x49
 948 00bf 13       		.uleb128 0x13
 949 00c0 34       		.uleb128 0x34
 950 00c1 19       		.uleb128 0x19
 951 00c2 00       		.byte	0
 952 00c3 00       		.byte	0
 953 00c4 0F       		.uleb128 0xf
 954 00c5 01       		.uleb128 0x1
 955 00c6 01       		.byte	0x1
 956 00c7 49       		.uleb128 0x49
 957 00c8 13       		.uleb128 0x13
 958 00c9 01       		.uleb128 0x1
 959 00ca 13       		.uleb128 0x13
 960 00cb 00       		.byte	0
 961 00cc 00       		.byte	0
 962 00cd 10       		.uleb128 0x10
 963 00ce 21       		.uleb128 0x21
 964 00cf 00       		.byte	0
 965 00d0 49       		.uleb128 0x49
 966 00d1 13       		.uleb128 0x13
 967 00d2 2F       		.uleb128 0x2f
 968 00d3 0B       		.uleb128 0xb
 969 00d4 00       		.byte	0
ARM GAS  /tmp/ccOzQnUi.s 			page 18


 970 00d5 00       		.byte	0
 971 00d6 11       		.uleb128 0x11
 972 00d7 34       		.uleb128 0x34
 973 00d8 00       		.byte	0
 974 00d9 03       		.uleb128 0x3
 975 00da 0E       		.uleb128 0xe
 976 00db 3A       		.uleb128 0x3a
 977 00dc 0B       		.uleb128 0xb
 978 00dd 3B       		.uleb128 0x3b
 979 00de 05       		.uleb128 0x5
 980 00df 39       		.uleb128 0x39
 981 00e0 0B       		.uleb128 0xb
 982 00e1 49       		.uleb128 0x49
 983 00e2 13       		.uleb128 0x13
 984 00e3 00       		.byte	0
 985 00e4 00       		.byte	0
 986 00e5 12       		.uleb128 0x12
 987 00e6 2E       		.uleb128 0x2e
 988 00e7 01       		.byte	0x1
 989 00e8 3F       		.uleb128 0x3f
 990 00e9 19       		.uleb128 0x19
 991 00ea 03       		.uleb128 0x3
 992 00eb 0E       		.uleb128 0xe
 993 00ec 3A       		.uleb128 0x3a
 994 00ed 0B       		.uleb128 0xb
 995 00ee 3B       		.uleb128 0x3b
 996 00ef 0B       		.uleb128 0xb
 997 00f0 39       		.uleb128 0x39
 998 00f1 0B       		.uleb128 0xb
 999 00f2 27       		.uleb128 0x27
 1000 00f3 19       		.uleb128 0x19
 1001 00f4 49       		.uleb128 0x49
 1002 00f5 13       		.uleb128 0x13
 1003 00f6 01       		.uleb128 0x1
 1004 00f7 13       		.uleb128 0x13
 1005 00f8 00       		.byte	0
 1006 00f9 00       		.byte	0
 1007 00fa 13       		.uleb128 0x13
 1008 00fb 05       		.uleb128 0x5
 1009 00fc 00       		.byte	0
 1010 00fd 03       		.uleb128 0x3
 1011 00fe 08       		.uleb128 0x8
 1012 00ff 3A       		.uleb128 0x3a
 1013 0100 0B       		.uleb128 0xb
 1014 0101 3B       		.uleb128 0x3b
 1015 0102 0B       		.uleb128 0xb
 1016 0103 39       		.uleb128 0x39
 1017 0104 0B       		.uleb128 0xb
 1018 0105 49       		.uleb128 0x49
 1019 0106 13       		.uleb128 0x13
 1020 0107 00       		.byte	0
 1021 0108 00       		.byte	0
 1022 0109 14       		.uleb128 0x14
 1023 010a 05       		.uleb128 0x5
 1024 010b 00       		.byte	0
 1025 010c 03       		.uleb128 0x3
 1026 010d 0E       		.uleb128 0xe
ARM GAS  /tmp/ccOzQnUi.s 			page 19


 1027 010e 3A       		.uleb128 0x3a
 1028 010f 0B       		.uleb128 0xb
 1029 0110 3B       		.uleb128 0x3b
 1030 0111 0B       		.uleb128 0xb
 1031 0112 39       		.uleb128 0x39
 1032 0113 0B       		.uleb128 0xb
 1033 0114 49       		.uleb128 0x49
 1034 0115 13       		.uleb128 0x13
 1035 0116 00       		.byte	0
 1036 0117 00       		.byte	0
 1037 0118 15       		.uleb128 0x15
 1038 0119 34       		.uleb128 0x34
 1039 011a 00       		.byte	0
 1040 011b 03       		.uleb128 0x3
 1041 011c 0E       		.uleb128 0xe
 1042 011d 3A       		.uleb128 0x3a
 1043 011e 0B       		.uleb128 0xb
 1044 011f 3B       		.uleb128 0x3b
 1045 0120 0B       		.uleb128 0xb
 1046 0121 39       		.uleb128 0x39
 1047 0122 0B       		.uleb128 0xb
 1048 0123 49       		.uleb128 0x49
 1049 0124 13       		.uleb128 0x13
 1050 0125 00       		.byte	0
 1051 0126 00       		.byte	0
 1052 0127 16       		.uleb128 0x16
 1053 0128 2E       		.uleb128 0x2e
 1054 0129 01       		.byte	0x1
 1055 012a 3F       		.uleb128 0x3f
 1056 012b 19       		.uleb128 0x19
 1057 012c 03       		.uleb128 0x3
 1058 012d 0E       		.uleb128 0xe
 1059 012e 3A       		.uleb128 0x3a
 1060 012f 0B       		.uleb128 0xb
 1061 0130 3B       		.uleb128 0x3b
 1062 0131 0B       		.uleb128 0xb
 1063 0132 39       		.uleb128 0x39
 1064 0133 0B       		.uleb128 0xb
 1065 0134 27       		.uleb128 0x27
 1066 0135 19       		.uleb128 0x19
 1067 0136 01       		.uleb128 0x1
 1068 0137 13       		.uleb128 0x13
 1069 0138 00       		.byte	0
 1070 0139 00       		.byte	0
 1071 013a 17       		.uleb128 0x17
 1072 013b 2E       		.uleb128 0x2e
 1073 013c 01       		.byte	0x1
 1074 013d 03       		.uleb128 0x3
 1075 013e 0E       		.uleb128 0xe
 1076 013f 3A       		.uleb128 0x3a
 1077 0140 0B       		.uleb128 0xb
 1078 0141 3B       		.uleb128 0x3b
 1079 0142 0B       		.uleb128 0xb
 1080 0143 39       		.uleb128 0x39
 1081 0144 0B       		.uleb128 0xb
 1082 0145 27       		.uleb128 0x27
 1083 0146 19       		.uleb128 0x19
ARM GAS  /tmp/ccOzQnUi.s 			page 20


 1084 0147 49       		.uleb128 0x49
 1085 0148 13       		.uleb128 0x13
 1086 0149 01       		.uleb128 0x1
 1087 014a 13       		.uleb128 0x13
 1088 014b 00       		.byte	0
 1089 014c 00       		.byte	0
 1090 014d 18       		.uleb128 0x18
 1091 014e 2E       		.uleb128 0x2e
 1092 014f 01       		.byte	0x1
 1093 0150 03       		.uleb128 0x3
 1094 0151 0E       		.uleb128 0xe
 1095 0152 3A       		.uleb128 0x3a
 1096 0153 0B       		.uleb128 0xb
 1097 0154 3B       		.uleb128 0x3b
 1098 0155 05       		.uleb128 0x5
 1099 0156 39       		.uleb128 0x39
 1100 0157 0B       		.uleb128 0xb
 1101 0158 27       		.uleb128 0x27
 1102 0159 19       		.uleb128 0x19
 1103 015a 01       		.uleb128 0x1
 1104 015b 13       		.uleb128 0x13
 1105 015c 00       		.byte	0
 1106 015d 00       		.byte	0
 1107 015e 19       		.uleb128 0x19
 1108 015f 2E       		.uleb128 0x2e
 1109 0160 00       		.byte	0
 1110 0161 03       		.uleb128 0x3
 1111 0162 0E       		.uleb128 0xe
 1112 0163 3A       		.uleb128 0x3a
 1113 0164 0B       		.uleb128 0xb
 1114 0165 3B       		.uleb128 0x3b
 1115 0166 05       		.uleb128 0x5
 1116 0167 39       		.uleb128 0x39
 1117 0168 0B       		.uleb128 0xb
 1118 0169 27       		.uleb128 0x27
 1119 016a 19       		.uleb128 0x19
 1120 016b 00       		.byte	0
 1121 016c 00       		.byte	0
 1122 016d 1A       		.uleb128 0x1a
 1123 016e 2E       		.uleb128 0x2e
 1124 016f 01       		.byte	0x1
 1125 0170 03       		.uleb128 0x3
 1126 0171 0E       		.uleb128 0xe
 1127 0172 3A       		.uleb128 0x3a
 1128 0173 0B       		.uleb128 0xb
 1129 0174 3B       		.uleb128 0x3b
 1130 0175 0B       		.uleb128 0xb
 1131 0176 39       		.uleb128 0x39
 1132 0177 0B       		.uleb128 0xb
 1133 0178 27       		.uleb128 0x27
 1134 0179 19       		.uleb128 0x19
 1135 017a 00       		.byte	0
 1136 017b 00       		.byte	0
 1137 017c 00       		.byte	0
 1138              		.section	.gnu.debuglto_.debug_line,"e",%progbits
 1139              	.Ldebug_line0:
 1140 0000 AF010000 		.4byte	.LELT0-.LSLT0
ARM GAS  /tmp/ccOzQnUi.s 			page 21


 1141              	.LSLT0:
 1142 0004 0400     		.2byte	0x4
 1143 0006 A9010000 		.4byte	.LELTP0-.LASLTP0
 1144              	.LASLTP0:
 1145 000a 01       		.byte	0x1
 1146 000b 01       		.byte	0x1
 1147 000c 01       		.byte	0x1
 1148 000d F6       		.byte	0xf6
 1149 000e F2       		.byte	0xf2
 1150 000f 0D       		.byte	0xd
 1151 0010 00       		.byte	0
 1152 0011 01       		.byte	0x1
 1153 0012 01       		.byte	0x1
 1154 0013 01       		.byte	0x1
 1155 0014 01       		.byte	0x1
 1156 0015 00       		.byte	0
 1157 0016 00       		.byte	0
 1158 0017 00       		.byte	0
 1159 0018 01       		.byte	0x1
 1160 0019 00       		.byte	0
 1161 001a 00       		.byte	0
 1162 001b 01       		.byte	0x1
 1163 001c 74686972 		.ascii	"third_party/ChibiOS/os/common/ext/ARM/CMSIS/Core/In"
 1163      645F7061 
 1163      7274792F 
 1163      43686962 
 1163      694F532F 
 1164 004f 636C7564 		.ascii	"clude"
 1164      65
 1165 0054 00       		.byte	0
 1166 0055 74686972 		.ascii	"third_party/ChibiOS/os/common/ports/ARMv7-M"
 1166      645F7061 
 1166      7274792F 
 1166      43686962 
 1166      694F532F 
 1167 0080 00       		.byte	0
 1168 0081 74686972 		.ascii	"third_party/ChibiOS/os/oslib/include"
 1168      645F7061 
 1168      7274792F 
 1168      43686962 
 1168      694F532F 
 1169 00a5 00       		.byte	0
 1170 00a6 74686972 		.ascii	"third_party/ChibiOS/os/oslib/src"
 1170      645F7061 
 1170      7274792F 
 1170      43686962 
 1170      694F532F 
 1171 00c6 00       		.byte	0
 1172 00c7 74686972 		.ascii	"third_party/ChibiOS/os/rt/include"
 1172      645F7061 
 1172      7274792F 
 1172      43686962 
 1172      694F532F 
 1173 00e8 00       		.byte	0
 1174 00e9 2F757372 		.ascii	"/usr/lib/gcc/arm-none-eabi/10.3.1/include"
 1174      2F6C6962 
 1174      2F676363 
ARM GAS  /tmp/ccOzQnUi.s 			page 22


 1174      2F61726D 
 1174      2D6E6F6E 
 1175 0112 00       		.byte	0
 1176 0113 00       		.byte	0
 1177 0114 73746464 		.ascii	"stddef.h\000"
 1177      65662E68 
 1177      00
 1178 011d 06       		.uleb128 0x6
 1179 011e 00       		.uleb128 0
 1180 011f 00       		.uleb128 0
 1181 0120 73746469 		.ascii	"stdint.h\000"
 1181      6E742E68 
 1181      00
 1182 0129 06       		.uleb128 0x6
 1183 012a 00       		.uleb128 0
 1184 012b 00       		.uleb128 0
 1185 012c 63686561 		.ascii	"chearly.h\000"
 1185      726C792E 
 1185      6800
 1186 0136 05       		.uleb128 0x5
 1187 0137 00       		.uleb128 0
 1188 0138 00       		.uleb128 0
 1189 0139 63687469 		.ascii	"chtime.h\000"
 1189      6D652E68 
 1189      00
 1190 0142 05       		.uleb128 0x5
 1191 0143 00       		.uleb128 0
 1192 0144 00       		.uleb128 0
 1193 0145 63686C69 		.ascii	"chlists.h\000"
 1193      7374732E 
 1193      6800
 1194 014f 05       		.uleb128 0x5
 1195 0150 00       		.uleb128 0
 1196 0151 00       		.uleb128 0
 1197 0152 63686F62 		.ascii	"chobjects.h\000"
 1197      6A656374 
 1197      732E6800 
 1198 015e 05       		.uleb128 0x5
 1199 015f 00       		.uleb128 0
 1200 0160 00       		.uleb128 0
 1201 0161 63686D62 		.ascii	"chmboxes.h\000"
 1201      6F786573 
 1201      2E6800
 1202 016c 03       		.uleb128 0x3
 1203 016d 00       		.uleb128 0
 1204 016e 00       		.uleb128 0
 1205 016f 63686D62 		.ascii	"chmboxes.c\000"
 1205      6F786573 
 1205      2E6300
 1206 017a 04       		.uleb128 0x4
 1207 017b 00       		.uleb128 0
 1208 017c 00       		.uleb128 0
 1209 017d 63687468 		.ascii	"chthreads.h\000"
 1209      72656164 
 1209      732E6800 
 1210 0189 05       		.uleb128 0x5
 1211 018a 00       		.uleb128 0
ARM GAS  /tmp/ccOzQnUi.s 			page 23


 1212 018b 00       		.uleb128 0
 1213 018c 63687379 		.ascii	"chsys.h\000"
 1213      732E6800 
 1214 0194 05       		.uleb128 0x5
 1215 0195 00       		.uleb128 0
 1216 0196 00       		.uleb128 0
 1217 0197 6368636F 		.ascii	"chcore.h\000"
 1217      72652E68 
 1217      00
 1218 01a0 02       		.uleb128 0x2
 1219 01a1 00       		.uleb128 0
 1220 01a2 00       		.uleb128 0
 1221 01a3 636D7369 		.ascii	"cmsis_gcc.h\000"
 1221      735F6763 
 1221      632E6800 
 1222 01af 01       		.uleb128 0x1
 1223 01b0 00       		.uleb128 0
 1224 01b1 00       		.uleb128 0
 1225 01b2 00       		.byte	0
 1226              	.LELTP0:
 1227              	.LELT0:
 1228              		.section	.gnu.debuglto_.debug_str,"eMS",%progbits,1
 1229              	.LASF22:
 1230 0000 74687265 		.ascii	"threads_queue_t\000"
 1230      6164735F 
 1230      71756575 
 1230      655F7400 
 1231              	.LASF34:
 1232 0010 63684D42 		.ascii	"chMBFetchTimeout\000"
 1232      46657463 
 1232      6854696D 
 1232      656F7574 
 1232      00
 1233              	.LASF4:
 1234 0021 73686F72 		.ascii	"short int\000"
 1234      7420696E 
 1234      7400
 1235              	.LASF5:
 1236 002b 73697A65 		.ascii	"size_t\000"
 1236      5F7400
 1237              	.LASF45:
 1238 0032 63684D42 		.ascii	"chMBGetFreeCountI\000"
 1238      47657446 
 1238      72656543 
 1238      6F756E74 
 1238      4900
 1239              	.LASF46:
 1240 0044 63684D42 		.ascii	"chMBGetUsedCountI\000"
 1240      47657455 
 1240      73656443 
 1240      6F756E74 
 1240      4900
 1241              	.LASF41:
 1242 0056 63684D42 		.ascii	"chMBPostTimeout\000"
 1242      506F7374 
 1242      54696D65 
 1242      6F757400 
ARM GAS  /tmp/ccOzQnUi.s 			page 24


 1243              	.LASF50:
 1244 0066 63685379 		.ascii	"chSysLock\000"
 1244      734C6F63 
 1244      6B00
 1245              	.LASF37:
 1246 0070 63684D42 		.ascii	"chMBPostAheadTimeoutS\000"
 1246      506F7374 
 1246      41686561 
 1246      6454696D 
 1246      656F7574 
 1247              	.LASF57:
 1248 0086 2F686F6D 		.ascii	"/home/ian/Documents/BPRL_balance\000"
 1248      652F6961 
 1248      6E2F446F 
 1248      63756D65 
 1248      6E74732F 
 1249              	.LASF36:
 1250 00a7 63684D42 		.ascii	"chMBPostAheadI\000"
 1250      506F7374 
 1250      41686561 
 1250      644900
 1251              	.LASF42:
 1252 00b6 63684D42 		.ascii	"chMBResetI\000"
 1252      52657365 
 1252      744900
 1253              	.LASF20:
 1254 00c1 63685F74 		.ascii	"ch_threads_queue\000"
 1254      68726561 
 1254      64735F71 
 1254      75657565 
 1254      00
 1255              	.LASF16:
 1256 00d2 63685F71 		.ascii	"ch_queue_t\000"
 1256      75657565 
 1256      5F7400
 1257              	.LASF24:
 1258 00dd 77727074 		.ascii	"wrptr\000"
 1258      7200
 1259              	.LASF2:
 1260 00e3 6C6F6E67 		.ascii	"long double\000"
 1260      20646F75 
 1260      626C6500 
 1261              	.LASF55:
 1262 00ef 474E5520 		.ascii	"GNU C17 10.3.1 20210621 (release) -mcpu=cortex-m7 -"
 1262      43313720 
 1262      31302E33 
 1262      2E312032 
 1262      30323130 
 1263 0122 6D746875 		.ascii	"mthumb -mfloat-abi=hard -mfpu=fpv5-d16 -march=armv7"
 1263      6D62202D 
 1263      6D666C6F 
 1263      61742D61 
 1263      62693D68 
 1264 0155 652D6D2B 		.ascii	"e-m+fp.dp -ggdb -O2 -fomit-frame-pointer -falign-fu"
 1264      66702E64 
 1264      70202D67 
 1264      67646220 
ARM GAS  /tmp/ccOzQnUi.s 			page 25


 1264      2D4F3220 
 1265 0188 6E637469 		.ascii	"nctions=16 -ffunction-sections -fdata-sections -fno"
 1265      6F6E733D 
 1265      3136202D 
 1265      6666756E 
 1265      6374696F 
 1266 01bb 2D636F6D 		.ascii	"-common -flto\000"
 1266      6D6F6E20 
 1266      2D666C74 
 1266      6F00
 1267              	.LASF1:
 1268 01c9 6C6F6E67 		.ascii	"long long int\000"
 1268      206C6F6E 
 1268      6720696E 
 1268      7400
 1269              	.LASF44:
 1270 01d7 63684D42 		.ascii	"chMBObjectInit\000"
 1270      4F626A65 
 1270      6374496E 
 1270      697400
 1271              	.LASF7:
 1272 01e6 6C6F6E67 		.ascii	"long int\000"
 1272      20696E74 
 1272      00
 1273              	.LASF21:
 1274 01ef 71756575 		.ascii	"queue\000"
 1274      6500
 1275              	.LASF8:
 1276 01f5 756E7369 		.ascii	"unsigned char\000"
 1276      676E6564 
 1276      20636861 
 1276      7200
 1277              	.LASF33:
 1278 0203 5F5F6675 		.ascii	"__func__\000"
 1278      6E635F5F 
 1278      00
 1279              	.LASF39:
 1280 020c 63684D42 		.ascii	"chMBPostI\000"
 1280      506F7374 
 1280      4900
 1281              	.LASF3:
 1282 0216 7369676E 		.ascii	"signed char\000"
 1282      65642063 
 1282      68617200 
 1283              	.LASF12:
 1284 0222 6C6F6E67 		.ascii	"long long unsigned int\000"
 1284      206C6F6E 
 1284      6720756E 
 1284      7369676E 
 1284      65642069 
 1285              	.LASF10:
 1286 0239 75696E74 		.ascii	"uint32_t\000"
 1286      33325F74 
 1286      00
 1287              	.LASF29:
 1288 0242 6D736770 		.ascii	"msgp\000"
 1288      00
ARM GAS  /tmp/ccOzQnUi.s 			page 26


 1289              	.LASF15:
 1290 0247 73797369 		.ascii	"sysinterval_t\000"
 1290      6E746572 
 1290      76616C5F 
 1290      7400
 1291              	.LASF56:
 1292 0255 74686972 		.ascii	"third_party/ChibiOS/os/oslib/src/chmboxes.c\000"
 1292      645F7061 
 1292      7274792F 
 1292      43686962 
 1292      694F532F 
 1293              	.LASF30:
 1294 0281 63684D42 		.ascii	"chMBFetchI\000"
 1294      46657463 
 1294      684900
 1295              	.LASF9:
 1296 028c 73686F72 		.ascii	"short unsigned int\000"
 1296      7420756E 
 1296      7369676E 
 1296      65642069 
 1296      6E7400
 1297              	.LASF54:
 1298 029f 62617365 		.ascii	"basePri\000"
 1298      50726900 
 1299              	.LASF14:
 1300 02a7 63686172 		.ascii	"char\000"
 1300      00
 1301              	.LASF6:
 1302 02ac 696E7433 		.ascii	"int32_t\000"
 1302      325F7400 
 1303              	.LASF28:
 1304 02b4 6D61696C 		.ascii	"mailbox_t\000"
 1304      626F785F 
 1304      7400
 1305              	.LASF27:
 1306 02be 5F426F6F 		.ascii	"_Bool\000"
 1306      6C00
 1307              	.LASF51:
 1308 02c4 706F7274 		.ascii	"port_unlock\000"
 1308      5F756E6C 
 1308      6F636B00 
 1309              	.LASF52:
 1310 02d0 706F7274 		.ascii	"port_lock\000"
 1310      5F6C6F63 
 1310      6B00
 1311              	.LASF48:
 1312 02da 63685468 		.ascii	"chThdQueueObjectInit\000"
 1312      64517565 
 1312      75654F62 
 1312      6A656374 
 1312      496E6974 
 1313              	.LASF23:
 1314 02ef 62756666 		.ascii	"buffer\000"
 1314      657200
 1315              	.LASF38:
 1316 02f6 63684D42 		.ascii	"chMBPostAheadTimeout\000"
 1316      506F7374 
ARM GAS  /tmp/ccOzQnUi.s 			page 27


 1316      41686561 
 1316      6454696D 
 1316      656F7574 
 1317              	.LASF11:
 1318 030b 6C6F6E67 		.ascii	"long unsigned int\000"
 1318      20756E73 
 1318      69676E65 
 1318      6420696E 
 1318      7400
 1319              	.LASF47:
 1320 031d 63684D42 		.ascii	"chMBGetSizeI\000"
 1320      47657453 
 1320      697A6549 
 1320      00
 1321              	.LASF53:
 1322 032a 5F5F7365 		.ascii	"__set_BASEPRI\000"
 1322      745F4241 
 1322      53455052 
 1322      4900
 1323              	.LASF49:
 1324 0338 63685379 		.ascii	"chSysUnlock\000"
 1324      73556E6C 
 1324      6F636B00 
 1325              	.LASF58:
 1326 0344 63685F71 		.ascii	"ch_queue_init\000"
 1326      75657565 
 1326      5F696E69 
 1326      7400
 1327              	.LASF26:
 1328 0352 72657365 		.ascii	"reset\000"
 1328      7400
 1329              	.LASF43:
 1330 0358 63684D42 		.ascii	"chMBReset\000"
 1330      52657365 
 1330      7400
 1331              	.LASF31:
 1332 0362 63684D42 		.ascii	"chMBFetchTimeoutS\000"
 1332      46657463 
 1332      6854696D 
 1332      656F7574 
 1332      5300
 1333              	.LASF40:
 1334 0374 63684D42 		.ascii	"chMBPostTimeoutS\000"
 1334      506F7374 
 1334      54696D65 
 1334      6F757453 
 1334      00
 1335              	.LASF19:
 1336 0385 63685F71 		.ascii	"ch_queue\000"
 1336      75657565 
 1336      00
 1337              	.LASF25:
 1338 038e 72647074 		.ascii	"rdptr\000"
 1338      7200
 1339              	.LASF18:
 1340 0394 70726576 		.ascii	"prev\000"
 1340      00
ARM GAS  /tmp/ccOzQnUi.s 			page 28


 1341              	.LASF0:
 1342 0399 756E7369 		.ascii	"unsigned int\000"
 1342      676E6564 
 1342      20696E74 
 1342      00
 1343              	.LASF35:
 1344 03a6 7264796D 		.ascii	"rdymsg\000"
 1344      736700
 1345              	.LASF13:
 1346 03ad 6D73675F 		.ascii	"msg_t\000"
 1346      7400
 1347              	.LASF32:
 1348 03b3 74696D65 		.ascii	"timeout\000"
 1348      6F757400 
 1349              	.LASF17:
 1350 03bb 6E657874 		.ascii	"next\000"
 1350      00
 1351              		.text
 1352              		.section	.gnu.lto_.profile.72354203a83e6650,"e",%progbits
 1353 0000 789C6362 		.ascii	"x\234cb\000\001\000\000\022\000\003"
 1353      00010000 
 1353      120003
 1354              		.text
 1355              		.section	.gnu.lto_.icf.72354203a83e6650,"e",%progbits
 1356 0000 789CF362 		.ascii	"x\234\363b@\000\036\206\177g\376\177ec\274\275u\335"
 1356      40001E86 
 1356      7F67FE7F 
 1356      6563BCBD 
 1356      75DD
 1357 0012 132EA615 		.ascii	"\023.\246\025o\227\\ba~?\343\356\017>\226K\177f=\345"
 1357      6F975C62 
 1357      617E3FE3 
 1357      EE0F3E96 
 1357      4B7F663D 
 1358 0027 60FDB3A9 		.ascii	"`\375\263\251}-3\333\361\243G\237\263\262\203E8z\316"
 1358      7D2D33DB 
 1358      F1A3479F 
 1358      B3B28345 
 1358      387ACE
 1359 003a 4D6B65E7 		.ascii	"Mke\347\274\372\376\376\022\036.\260\010\367\334e\315"
 1359      BCFAFEFE 
 1359      121E2EB0 
 1359      08F7DC65 
 1359      CD
 1360 004b AF791900 		.ascii	"\257y\031\000\334k&\260"
 1360      DC6B26B0 
 1361              		.text
 1362              		.section	.gnu.lto_.ipa_sra.72354203a83e6650,"e",%progbits
 1363 0000 789C7D8C 		.ascii	"x\234}\214I\022\300 \010\004g\000\243Y\036\235\374<"
 1363      4912C020 
 1363      08046700 
 1363      A3591E9D 
 1363      FC3C
 1364 0012 1131C549 		.ascii	"\0211\305I8@AO\027\342\257\013\212T\244\377\330[\210"
 1364      3840414F 
 1364      17E2AF0B 
 1364      8A54A4FF 
ARM GAS  /tmp/ccOzQnUi.s 			page 29


 1364      D85B88
 1365 0025 86CA7EBB 		.ascii	"\206\312~\273\355\273i&\251\342C\0027\355\260\357\216"
 1365      EDBB6926 
 1365      A9E24302 
 1365      37EDB0EF 
 1365      8E
 1366 0036 8E080721 		.ascii	"\216\010\007!EfN\301m\345\251KO\313\236}\3459\206'\\"
 1366      45664EC1 
 1366      6DE5A94B 
 1366      4FCB9E7D 
 1366      E5398627 
 1367 004b D3F35888 		.ascii	"\323\363X\210\316,\302\013\250\346\003\266"
 1367      CE2CC20B 
 1367      A8E603B6 
 1368              		.text
 1369              		.section	.gnu.lto_.inline.72354203a83e6650,"e",%progbits
 1370 0000 789CBD94 		.ascii	"x\234\275\224Ak\023Q\020\307\347\315\274M\237iM\323"
 1370      416B1351 
 1370      10C7E7CD 
 1370      BC4D9F69 
 1370      4DD3
 1371 0012 9BE2A1A1 		.ascii	"\233\342\241\241\340\335\217\220O\220\317\220&ik=\325"
 1371      E0DD8F90 
 1371      4F90CF90 
 1371      26696B3D 
 1371      D5
 1372 0023 2F206B4F 		.ascii	"/ kO\261 .*\026D$\320\0051U\202m)\004r\250\250\020\324"
 1372      B1202E2A 
 1372      164424D0 
 1372      05315582 
 1372      6D290472 
 1373 003b 522A247A 		.ascii	"R*$zQ\360RQ\020rh\254\224\036\234y\233\335d\203Z\202"
 1373      51F05251 
 1373      107268AC 
 1373      941E9C79 
 1373      9BDD6483 
 1374 0051 E02EBBFB 		.ascii	"\340.\273\373\237\235\377\233y\314\217\335}\007\242"
 1374      9F9DFF9B 
 1374      79CC8FDD 
 1374      7D07A2
 1375 0060 630260D2 		.ascii	"c\002`\322u\335\035\232W\204\312'y\247\370\251\254\360"
 1375      75DD1D9A 
 1375      5784CA27 
 1375      79A7F8A9 
 1375      ACF0
 1376 0072 09F9A193 		.ascii	"\011\371\241\223\342\3009\200\264\265\316!\360\311\322"
 1376      E2C03980 
 1376      B4B5CE21 
 1376      F0C9D2
 1377 0081 C522E848 		.ascii	"\305\"\350HM\310\012Hq\320\241\005\205`\253\320@\031"
 1377      4DC80A48 
 1377      71D0A105 
 1377      8560ABD0 
 1377      4019
 1378 0093 6D8D2580 		.ascii	"m\215%\200\244\025\266\214\262\262\200\240#\315%\001"
 1378      A415B68C 
 1378      B2B280A0 
ARM GAS  /tmp/ccOzQnUi.s 			page 30


 1378      23CD2501 
 1379 00a3 48AAA197 		.ascii	"H\252\241\227\353\013\004\303i\217K\003F\225\022\201"
 1379      EB0B04C3 
 1379      698F4B03 
 1379      46951281 
 1380 00b3 904ADC27 		.ascii	"\220J\334')\233\306q\221^\216 S\2557\337\323\025\245"
 1380      299BC671 
 1380      915E8E20 
 1380      53AD37DF 
 1380      D315A5
 1381 00c6 C21DE0CC 		.ascii	"\302\035\340\314\275\267\335..\002\244\226\357n\356"
 1381      BDB7DD2E 
 1381      2E02A496 
 1381      EF6EEE
 1382 00d5 E142B04E 		.ascii	"\341B\260N\237U\266\305\241\011*D-\265\335i\005\377"
 1382      9F55B6C5 
 1382      A1092A44 
 1382      2DB5DD69 
 1382      05FF
 1383 00e7 DCD24989 		.ascii	"\334\322I\211\337\313\311\351\300\371\346\343\243\023"
 1383      DFCBC9E9 
 1383      C0F9E6E3 
 1383      A313
 1384 00f5 DEE0182C 		.ascii	"\336\340\030,\371D\267\211o<\201\212\262#\240Hi\240"
 1384      F944B789 
 1384      6F3C818A 
 1384      B223A048 
 1384      69A0
 1385 0107 4C2882F1 		.ascii	"L(\202\3618@n\220c\1776\232\330\024\300unv-\3264\232"
 1385      38406E90 
 1385      637F369A 
 1385      D814C075 
 1385      6E762DD6 
 1386 011d 9841702C 		.ascii	"\230Ap,\230\022\030P\317\267\333\3074\313SL\313${\021"
 1386      98121850 
 1386      CFB7DBC7 
 1386      34CB534C 
 1386      CB247B11 
 1387 0131 070399CC 		.ascii	"\007\003\231\314`&\243A[]\324pi\320\225\345\213\356"
 1387      6026A341 
 1387      5B5DD470 
 1387      69D095E5 
 1387      8BEE
 1388 0143 AFFDFC81 		.ascii	"\257\375\374\201\234\311\016\270\226\330ug\375U\307"
 1388      9CC90EB8 
 1388      96D87567 
 1388      FD55C7
 1389 0152 BA5C25B6 		.ascii	"\272\\%\266\232\273u(6\216\200N\252\353\333\034X\224"
 1389      9ABB7528 
 1389      368E804E 
 1389      AAEBDB1C 
 1389      5894
 1390 0164 CE9AFB68 		.ascii	"\316\232\373h\025K\274\032\264]\303&O\205`\265\235n"
 1390      154BBC1A 
 1390      B45DC326 
 1390      4F8560B5 
 1390      9D6E
ARM GAS  /tmp/ccOzQnUi.s 			page 31


 1391 0176 02663E3D 		.ascii	"\002f>=k~\210\001\272\270\261Z9\022@\223\365j\371\335"
 1391      6B7E8801 
 1391      BAB8B15A 
 1391      39124093 
 1391      F56AF9DD 
 1392 018a A980C646 		.ascii	"\251\200\306F\002d\340\302\201\177s\005/\367\000\251"
 1392      0264E0C2 
 1392      817F7305 
 1392      2FF700A9 
 1393 019a 2D35329C 		.ascii	"-52\234\374\277\303\241o\235\335.\025\376+\034\375\271"
 1393      FCBFC3A1 
 1393      6F9DDD2E 
 1393      15FE2B1C 
 1393      FDB9
 1394 01ac D5D8A01E 		.ascii	"\325\330\240\036\234D\253Uk\015\301\251\014\3019\003"
 1394      9C44AB55 
 1394      6B0DC1A9 
 1394      0CC13903 
 1395 01bc D3D5E34D 		.ascii	"\323\325\343M/\006g\272\375\360\311\212\205s\313\377"
 1395      2F0667BA 
 1395      FDF0C98A 
 1395      8573CBFF 
 1396 01cc 5AA6F953 		.ascii	"Z\246\371S\340$G\2023\016\347\336<8\370\310_\217\211"
 1396      E0244782 
 1396      330EE7DE 
 1396      3C38F8C8 
 1396      5F8F89
 1397 01df C1B9EA53 		.ascii	"\301\271\352SB\276$\376\265\204\030\372\260~\203F\205"
 1397      42BE24FE 
 1397      B58418FA 
 1397      B07E8346 
 1397      85
 1398 01f0 FC62FF9E 		.ascii	"\374b\377\236\364_a\245\373\260\322CH\234\033\313\355"
 1398      F45F61A5 
 1398      FBB0D243 
 1398      489C1BCB 
 1398      ED
 1399 0201 86CC8A91 		.ascii	"\206\314\212\221\250F\243\366\205f\215p\220\033=\335"
 1399      A846A3F6 
 1399      85668D70 
 1399      901B3DDD 
 1400 0211 7DF11D8B 		.ascii	"}\361\035\213FK\010\272\373\262^\245\242$\344J\274\336"
 1400      464B08BA 
 1400      FBB25EA5 
 1400      A224E44A 
 1400      BCDE
 1401 0223 2FEF6189 		.ascii	"/\357a\211\023&\266\322Ur\217^\330\030\264\015\245\322"
 1401      1326B6D2 
 1401      55728F5E 
 1401      D818B40D 
 1401      A5D2
 1402 0235 8E8AEC79 		.ascii	"\216\212\354yk\307\276=/v\216\001mX`\2251!6\023p\203"
 1402      6BC7BE3D 
 1402      2F768E01 
 1402      6D586095 
 1402      31213613 
 1403 024b 5FA2E449 		.ascii	"_\242\344I\241"
ARM GAS  /tmp/ccOzQnUi.s 			page 32


 1403      A1
 1404              		.text
 1405              		.section	.gnu.lto_.jmpfuncs.72354203a83e6650,"e",%progbits
 1406 0000 789CB592 		.ascii	"x\234\265\222\353\015\3020\014\204}vh\322\202\304\246"
 1406      EB0DC230 
 1406      0C847D76 
 1406      68D282C4 
 1406      A6
 1407 0011 8C903203 		.ascii	"\214\2202\0033t\004\036\177\273\0318\351\203\264\015"
 1407      3374041E 
 1407      7FBB1938 
 1407      E983B40D 
 1408 0021 15208864 		.ascii	"\025 \210dYu\317\271\373\244\034\204\306\263#\001`\353"
 1408      5975CFB9 
 1408      FBA41C84 
 1408      C6B32301 
 1408      60EB
 1409 0033 46580B5A 		.ascii	"FX\013Z\244\337\241\263qGV\005Z\003\322\272\353\331"
 1409      A4DFA1B3 
 1409      71475605 
 1409      5A03D2BA 
 1409      EBD9
 1410 0045 834FD288 		.ascii	"\203O\322\210\005\272\026gq\344\340\243\322\0075\031"
 1410      05BA1667 
 1410      71E4E0A3 
 1410      D2073519 
 1411 0055 D762B98A 		.ascii	"\327b\271\2123p\321vE\"\345`\247n\304\306\317WH\322"
 1411      3370D176 
 1411      4522E560 
 1411      A76EC4C6 
 1411      CF5748D2 
 1412 0069 70A5CAAA 		.ascii	"p\245\312\252\265\233\215\347\371\005\224\207\350\223"
 1412      B59B8DE7 
 1412      F9059487 
 1412      E893
 1413 0077 74C19F7F 		.ascii	"t\301\237\177U\036\015C\036\364\206E&\226\361\311RM"
 1413      551E0D43 
 1413      1EF48645 
 1413      2696F1C9 
 1413      524D
 1414 0089 19DF8D62 		.ascii	"\031\337\215b\311\220{5\003nH\374\213\377\002O\315\354"
 1414      C9907B35 
 1414      036E48FC 
 1414      8BFF024F 
 1414      CDEC
 1415 009b 8F60DD97 		.ascii	"\217`\335\227\260\345\344\351u\260\257\227\363\260k"
 1415      B0E5E4E9 
 1415      75B0AF97 
 1415      F3B06B
 1416 00aa EF6C6256 		.ascii	"\357lbV\245\260x\013v\030-|\267\0110>\310@\017_f\323"
 1416      A5B0780B 
 1416      76182D7C 
 1416      B709303E 
 1416      C8400F5F 
 1417 00c0 6E       		.ascii	"n"
 1418              		.text
 1419              		.section	.gnu.lto_.pureconst.72354203a83e6650,"e",%progbits
ARM GAS  /tmp/ccOzQnUi.s 			page 33


 1420 0000 789C05C1 		.ascii	"x\234\005\301\011\001\000 \014\003\261\001W~\033\230"
 1420      09010020 
 1420      0C03B101 
 1420      577E1B98 
 1421 0010 AE94A923 		.ascii	"\256\224\251#y\021q\303\024SS\315\220\222\351f\244\246"
 1421      791171C3 
 1421      145353CD 
 1421      9092E966 
 1421      A4A6
 1422 0022 5966A78E 		.ascii	"Yf\247\216\371\235#\010`"
 1422      F99D2308 
 1422      60
 1423              		.text
 1424              		.section	.gnu.lto_.lto.72354203a83e6650,"e",%progbits
 1425 0000 09000400 		.ascii	"\011\000\004\000\001\000\000\000"
 1425      01000000 
 1426              		.text
 1427              		.section	.gnu.lto_chMBObjectInit.347.72354203a83e6650,"e",%progbits
 1428 0000 789C9554 		.ascii	"x\234\225Tmh[U\030>\317=7\271I\272MAQ\177ITD\024i,\014"
 1428      6D685B55 
 1428      183ECF3D 
 1428      37B949BA 
 1428      4D41517F 
 1429 001b B69FE204 		.ascii	"\266\237\342\004\377\010~\221\337#I#\211\264i\226\244"
 1429      FF087E91 
 1429      DF234923 
 1429      89B46996 
 1429      A4
 1430 002c A0BF76CD 		.ascii	"\240\277v\315\352\204*\213m\307\224\321\365G\014:\177"
 1430      EA842A8B 
 1430      6DC794D1 
 1430      F5470C3A 
 1430      7F
 1431 003d 7515D476 		.ascii	"u\025\324v\332.s\272t\353G\366\301`\210\037\263\266"
 1431      DA2E73BA 
 1431      74EB47F6 
 1431      C160881F 
 1431      B3B6
 1432 004f 92299BB5 		.ascii	"\222)\233\265\305\221\341\306|\337s\357\315M&\031]i"
 1432      C591E1C6 
 1432      7CDF73EF 
 1432      CD4D2619 
 1432      5D69
 1433 0061 6EEE3979 		.ascii	"n\3569y>\336\363\234\367\234\035\206\020\347\204\020"
 1433      3EDEF39C 
 1433      F79C1D86 
 1433      10E78410 
 1434 0071 8FD10752 		.ascii	"\217\321\007R`xhP\023\246i>khx{h\320\217i\250\021\304"
 1434      60786850 
 1434      13A6693E 
 1434      6B68787B 
 1434      68D08F69 
 1435 0088 6E0DBB31 		.ascii	"n\015\2731\"\237\244a\375\235\221\361\0230\017\227Q"
 1435      229FA461 
 1435      FD9D91F1 
 1435      13300F97 
 1435      51
ARM GAS  /tmp/ccOzQnUi.s 			page 34


 1436 0099 92428CD1 		.ascii	"\222B\214\321G\375\215J\014\313\222\004t\373MC\220\336"
 1436      47FD8D4A 
 1436      0CCB9204 
 1436      74FB4D43 
 1436      90DE
 1437 00ab E42BE289 		.ascii	"\344+\342\211\262i\236\231\2354M\277(I\211\257@\034"
 1437      B2699E99 
 1437      9D344DBF 
 1437      284989AF 
 1437      401C
 1438 00bd 7C097C01 		.ascii	"|\011|\001\301\023\341i?\343\336\260p?\3328\035S\255"
 1438      C113E169 
 1438      3FE3DEB0 
 1438      703FDA38 
 1438      1D53AD
 1439 00d0 383D7C4A 		.ascii	"8=|J\341R\026\256n\343<\370\272\025\347\011_\360\013"
 1439      E15216AE 
 1439      6EE33CF8 
 1439      BA15E709 
 1439      5FF00B
 1440 00e3 E1B52BD3 		.ascii	"\341\265+\323\210\242\336\201\031\010g\240\341\230\032"
 1440      88A2DE81 
 1440      190867A0 
 1440      E1981A
 1441 00f2 C8343F59 		.ascii	"\3104?Y\257~\361\335C\325\207G\315\262^\222^\224\301"
 1441      AF7EF1DD 
 1441      43D58747 
 1441      CDB25E92 
 1441      5E94C1
 1442 0105 184B12C7 		.ascii	"\030K\022\307i\235\336\360\371\000!\037g\344G\327\017"
 1442      699DDEF0 
 1442      F900211F 
 1442      67E447D7 
 1442      0F
 1443 0116 BE6F98B3 		.ascii	"\276o\230\263f\003)\\\244\225\203\227SZ\356\302\267"
 1443      6603295C 
 1443      A4958397 
 1443      535AEEC2 
 1443      B7
 1444 0127 3437CD52 		.ascii	"47\315R\2661N\3001\376\030\015\347\321\367f*\017Z\316"
 1444      B6314EC0 
 1444      31FE180D 
 1444      E7D1F766 
 1444      2A0F5ACE 
 1445 013b 06BE0797 		.ascii	"\006\276\007\227j\353\235$g#|\266\303q\246\032\013\035"
 1445      6AEB9D24 
 1445      67237CB6 
 1445      C371A61A 
 1445      0B1D
 1446 014d 841C083A 		.ascii	"\204\034\010:P\341B\233\254\253\333P\241\271\357X\213"
 1446      50E1429B 
 1446      ACABDB50 
 1446      A1B9EF58 
 1446      8B
 1447 015e 93C0ACB3 		.ascii	"\223\300\254\263\372\273X\300\344J\027N\337\276\200"
 1447      FABB58C0 
 1447      E44A174E 
ARM GAS  /tmp/ccOzQnUi.s 			page 35


 1447      DFBE80
 1448 016d 39670177 		.ascii	"9g\001w[\317\002\315\3157\352YT\3650d\374\234\247l\336"
 1448      5BCF02CD 
 1448      CD37EA59 
 1448      54F53064 
 1448      FC9CA76C 
 1449 0182 B85530CB 		.ascii	"\270U0\313\025\377\370oc\277\214j\367\351\30070\200"
 1449      15FFF86F 
 1449      63BF8C6A 
 1449      F7E9C037 
 1449      3080
 1450 0194 49F880A3 		.ascii	"I\370\200\243\340M\366\005\270\0016\323\303\330\302"
 1450      E04DF605 
 1450      B80136D3 
 1450      C3D8C2
 1451 01a3 0F210A92 		.ascii	"\017!\012\222\373\324\324a\226\205\370@j\326`\017\015"
 1451      FBD4D461 
 1451      9685F840 
 1451      6AD6600F 
 1451      0D
 1452 01b4 FE80B9B4 		.ascii	"\376\200\271\264N\366\364\375h\343\261t\315+\256\"\177"
 1452      4EF6F4FD 
 1452      68E3B174 
 1452      CD2BAE22 
 1452      7F
 1453 01c5 F0F23D76 		.ascii	"\360\362=vsJ\265\212O\270\275\017\323\320_\244\005\234"
 1453      734AB58A 
 1453      4FB8BD0F 
 1453      D3D05FA4 
 1453      059C
 1454 01d7 817886C6 		.ascii	"\201x\206\306>n\276\2638\304\355S\224>E\277N\202\015"
 1454      3E6EBEB3 
 1454      38C4ED53 
 1454      943E45BF 
 1454      4E820D
 1455 01ea 7E7BD679 		.ascii	"~{\326yb\301e\375\2731\326\005bi.\353\246b\3559\262"
 1455      62C165FD 
 1455      BB31D605 
 1455      62692EEB 
 1455      A662ED39 
 1456 01ff F78A5664 		.ascii	"\367\212Vd\260\316\365z\240\363\344\347{\027h2@P\372"
 1456      B0CEF57A 
 1456      A0F3E4E7 
 1456      7B176832 
 1456      4050FA
 1457 0212 89B55707 		.ascii	"\211\265W\007o\342\216\342\027I\\\262x@\211\337\262"
 1457      6FE28EE2 
 1457      17495CB2 
 1457      784089DF 
 1457      B2
 1458 0223 4A5AABDD 		.ascii	"JZ\253\335\251$\017~ \226.\004;\373`e:T\331\0003\200"
 1458      A9240F7E 
 1458      20962E04 
 1458      3BFB6065 
 1458      3A54D900 
 1459 0239 9F88E9B1 		.ascii	"\237\210\351\261\230\001\2339R\341\335\310\007\237\""
 1459      98019B39 
ARM GAS  /tmp/ccOzQnUi.s 			page 36


 1459      52E1DDC8 
 1459      079F22
 1460 0248 CC6A6162 		.ascii	"\314jab`\337\275\032u\236\370T6.\016%W_>n\270\2024k"
 1460      60DFBD1A 
 1460      759EF854 
 1460      362E0E25 
 1460      575F3E6E 
 1461 0260 6B76E057 		.ascii	"kv\340W\322\244\266\031`T\215O#\226@}\251D\351\220\341"
 1461      D2A4B619 
 1461      60548D4F 
 1461      2396407D 
 1461      A944E990 
 1462 0275 92DAEDF5 		.ascii	"\222\332\355\365\211\302\321\261\003\240C\246\\\217"
 1462      89C2D1B1 
 1462      03A043A6 
 1462      5C8F
 1463 0283 FDECA713 		.ascii	"\375\354\247\023\300%\357\037DQn\2617\336\213\207\224"
 1463      C025EF1F 
 1463      44516EB1 
 1463      37DE8B87 
 1463      94
 1464 0294 21B55107 		.ascii	"!\265Q\007[-7\254j\017\224\344&\254\220\227\301'\265"
 1464      5B2D37AC 
 1464      6A0F94E4 
 1464      26AC9097 
 1464      C127B5
 1465 02a7 E166E077 		.ascii	"\341f\340w[\224\334*,\245\334\246\016\334\330Gn\263"
 1465      5B94DC2A 
 1465      2CA5DCA6 
 1465      0EDCD847 
 1465      6EB3
 1466 02b9 96DB50D5 		.ascii	"\226\333P\325\217S\326n\177\346X\031\256\325&\266\252"
 1466      8F53D66E 
 1466      7FE65819 
 1466      AED526B6 
 1466      AA
 1467 02ca 5931D534 		.ascii	"Y1\3254\376\3512\371\370\370d\332zK#\325&z\033\322\237"
 1467      FEE932F9 
 1467      F8F864DA 
 1467      7A4B23D5 
 1467      267A1BD2 
 1468 02df 44F2BBA4 		.ascii	"D\362\273\244\374\352DaF-\223\317\273\23282<\245S4|"
 1468      FCEA4461 
 1468      462D93CF 
 1468      BB9A3832 
 1468      3CA55334 
 1469 02f4 F528D5FD 		.ascii	"\365(\325\375\306F\242\237\\i\027\375Ur\014\264D\377"
 1469      C646A29F 
 1469      5C6917FD 
 1469      55720CB4 
 1469      44FF
 1470 0306 971BFD69 		.ascii	"\227\033\375i\340JK\364sn\364\363n\364\233\033\321\007"
 1470      E04A4BF4 
 1470      736EF4F3 
 1470      6EF49B1B 
 1470      D107
 1471 0318 5BA2FFFB 		.ascii	"[\242\377\373\266\350\327\254\350\347\232\243_\267E"
ARM GAS  /tmp/ccOzQnUi.s 			page 37


 1471      B6E8D7AC 
 1471      E8E79AA3 
 1471      5FB745
 1472 0327 C96D81A5 		.ascii	"\311m\201\245\232\243_t\243\257\376/\372`K\212\3774"
 1472      9AA35F74 
 1472      A3AFFE2F 
 1472      FA604B8A 
 1472      FF34
 1473 0339 A778CD8A 		.ascii	"\247x\315\212~\321\321k\027}\013\251nE\357\220\234\350"
 1473      7ED1D16B 
 1473      177D0BA9 
 1473      6E45EF90 
 1473      9CE8
 1474 034b E7C1579B 		.ascii	"\347\301W\233\025}\321\212\236.M\261\206\374\245\017"
 1474      157DD18A 
 1474      9E2E4DB1 
 1474      86FCA50F 
 1475 035b 5F501917 		.ascii	"_P\031\027$\254\313)_\346\341#\241D_o<\224\214\244B"
 1475      24ACCB29 
 1475      5FE6E123 
 1475      A1445F6F 
 1475      3C948CA4 
 1476 0370 CFF7C5FA 		.ascii	"\317\367\305\372{\343\251\\6\364\334\313\257\276\270"
 1476      7BE3A95C 
 1476      36F4DCCB 
 1476      AFBEB8
 1477 037f 331AE989 		.ascii	"3\032\351\211\244bq\361t.\221\314t\357LG2\271\267B;"
 1477      A46271F1 
 1477      742E91CC 
 1477      74EF4C47 
 1477      32B9B742 
 1478 0394 12C968F2 		.ascii	"\022\311h\362\245\327B}Y\372\357IFC\331L,\024K\364F"
 1478      A5D7427D 
 1478      59FAEF49 
 1478      4643D94C 
 1478      2C144BF4 
 1479 03a9 FBDE8C67 		.ascii	"\373\336\214g;cB\366F\323\367\273\343\316\256\330\366"
 1479      3B6342F6 
 1479      46D3F7BB 
 1479      E3CEAED8 
 1479      F6
 1480 03ba 6D5BB7C6 		.ascii	"m[\267\306\266\013\031\355\177\035)\231\333\225\356"
 1480      B60B19ED 
 1480      7F1D2999 
 1480      DB95EE
 1481 03c9 6CA397C9 		.ascii	"l\243\227\311\205\222\251XO\177w\234\004s\211L<\322"
 1481      8592A958 
 1481      4F7F779C 
 1481      0473894C 
 1481      3CD2
 1482 03db 9DED4C08 		.ascii	"\235\355L\010mW\272]\005-\214\236d6\307\370\377\000"
 1482      6D57BA5D 
 1482      052D8C9E 
 1482      6436C7F8 
 1482      FF00
 1483 03ed EFA489A6 		.ascii	"\357\244\211\246"
 1484              		.text
ARM GAS  /tmp/ccOzQnUi.s 			page 38


 1485              		.section	.gnu.lto_chMBReset.348.72354203a83e6650,"e",%progbits
 1486 0000 789C8D52 		.ascii	"x\234\215ROH\024a\024\177o\276u\327\255CA\321\241.\253"
 1486      4F481461 
 1486      147F6FBE 
 1486      75D7AD43 
 1486      41D1A12E 
 1487 0015 21519893 		.ascii	"!Q\230\223`\324\261\322\016\201\222)\236ew\032\332\001"
 1487      60D4B1D2 
 1487      0E819229 
 1487      9E65771A 
 1487      DA01
 1488 0027 674766D6 		.ascii	"gGf\326\320\223\223kA\0364\225\314?\353\006\261\207"
 1488      D093936B 
 1488      411E3495 
 1488      CC3FEB06 
 1488      B187
 1489 0039 88240C32 		.ascii	"\210$\0142k\2636\267\262(0,\250\326(\360f\227\304U\223"
 1489      6BB336B7 
 1489      B228302C 
 1489      A8D628F0 
 1489      6697C455 
 1490 004e 08EC7DDF 		.ascii	"\010\354}\337\254\256\027\243a\376|\357\337\357\367"
 1490      ACAE17A3 
 1490      61FE7CEF 
 1490      DFEFF7
 1491 005d DEEF4D2B 		.ascii	"\336\357M+\003(C\200\375\000\200\014\260\247\273C\002"
 1491      03284380 
 1491      FD00800C 
 1491      B0A7BB43 
 1491      02
 1492 006e DBB64F78 		.ascii	"\333\266Ox$\274\324\335\341\305G(,\204V\011[\261\227"
 1492      24BCD4DD 
 1492      E1C54728 
 1492      2C845609 
 1492      5BB197
 1493 0081 1D2473F5 		.ascii	"\035$s\365r\357|\012\355\333I\214Sy\214\036qE\031\366"
 1493      72EF7C0A 
 1493      EDDB498C 
 1493      53798C1E 
 1493      714519F6 
 1494 0095 B0384374 		.ascii	"\2608CteO\022\372\350\304\316\301\201\244m\277O\214"
 1494      654F12FA 
 1494      E8C4CEC1 
 1494      81A46DBF 
 1494      4F8C
 1495 00a7 DBB617E2 		.ascii	"\333\266\027\342\214\341C\244\032\034C|@\314\344\250"
 1495      8CE143A4 
 1495      1A1C437C 
 1495      40CCE4A8 
 1496 00b7 8B7B01DC 		.ascii	"\213{\001\334Y$\211J\304\031\3611rL7g\\.\005j%\306\244"
 1496      5924894A 
 1496      C419F131 
 1496      724C3767 
 1496      5C2E056A 
 1497 00ce 754F349D 		.ascii	"uO4\235\372\352\006L\220\217q\037\273.\2229\323\352"
 1497      FAEA064C 
 1497      908F711F 
ARM GAS  /tmp/ccOzQnUi.s 			page 39


 1497      BB2E9239 
 1497      D3EA
 1498 00e0 EF8ED9E9 		.ascii	"\357\216\331\351\275Q;\351\2123\027N \207r\310\360)"
 1498      BD513BE9 
 1498      8A33174E 
 1498      208772C8 
 1498      F029
 1499 00f2 75ECAA4B 		.ascii	"u\354\252Kl\247\314\"\236\331\327\365\345Qq*b\277\266"
 1499      6CA7CC22 
 1499      9ED9D7F5 
 1499      E551712A 
 1499      62BFB6
 1500 0105 37722197 		.ascii	"7r!\227\353\314$\370\227\242n|F\316'\034\215\367\212"
 1500      EBCC24F8 
 1500      97A26E7C 
 1500      46CE271C 
 1500      8DF78A
 1501 0118 C9CDFD45 		.ascii	"\311\315\375E\337\215\357p\032t\345\032\214,S\203\223"
 1501      DF8DEF70 
 1501      1A74E51A 
 1501      8C2C5383 
 1501      93
 1502 0129 E4CB831C 		.ascii	"\344\313\203\034\337\325\304\377\360\215\277\032v\343"
 1502      DFD5C4FF 
 1502      F08DBF1A 
 1502      76E3
 1503 0137 0B72A636 		.ascii	"\013r\2466\370^\012>\236so&/i\377Y\353\262\223S\336"
 1503      F85E0A3E 
 1503      9E736F26 
 1503      2F69FF59 
 1503      EBB29353 
 1504 014c F948CF5A 		.ascii	"\371H\317ZL\242e\3418\205\272\030\337\235\355B;\011"
 1504      4CA265E1 
 1504      3885BA18 
 1504      DF9DED42 
 1504      3B09
 1505 015e 708D498E 		.ascii	"p\215I\216\021!\343\007\332s\237\246\220\1773\363\235"
 1505      1121E307 
 1505      DA739FA6 
 1505      907F33F3 
 1505      9D
 1506 016f DF06FB90 		.ascii	"\337\006\373\220\244\023\336L\332+\302\231\221\330\375"
 1506      A413DE4C 
 1506      DA2BC299 
 1506      91D8FD
 1507 017e CCE75D34 		.ascii	"\314\347]4\241p\177\310\364#\367\267\371hn\276L\027"
 1507      A1707FC8 
 1507      F423F7B7 
 1507      F9686EBE 
 1507      4C17
 1508 0190 1E1169CB 		.ascii	"\036\021i\313\327\307\276\017#\215/\322\022\337\275"
 1508      D7C7BE0F 
 1508      238D2FD2 
 1508      12DFBD
 1509 019f F81CE127 		.ascii	"\370\034\341'\266\025\362\346\006\370\366\012\356HW"
 1509      B615F2E6 
 1509      06F8F60A 
ARM GAS  /tmp/ccOzQnUi.s 			page 40


 1509      EE4857
 1510 01ae F2E32C8F 		.ascii	"\362\343,\217\216.\376[\275F\240/\276A\234\022\202\025"
 1510      8E2EFE5B 
 1510      BD46A02F 
 1510      BE419C12 
 1510      8215
 1511 01c0 8C88B85B 		.ascii	"\214\210\270[\004\337:,\013wc3\231|\340\032s\334\305"
 1511      04DF3A2C 
 1511      0B776333 
 1511      997CE01A 
 1511      73DCC5
 1512 01d3 F9CEA574 		.ascii	"\371\316\245t\221`\370\225\336#<\243\223\023\225\244"
 1512      9160F895 
 1512      DE233CA3 
 1512      931395A4 
 1513 01e3 302C60BB 		.ascii	"0,`\273\017\332Q\2123O\214\2210\267\030\035\363Ej\332"
 1513      0FDA518A 
 1513      334F8C91 
 1513      30B7181D 
 1513      F3456ADA 
 1514 01f7 43D14836 		.ascii	"C\321H6\352\2151\017\377\273\266\211\320WOv\364\301"
 1514      EA8D310F 
 1514      FFBBB689 
 1514      D0574F76 
 1514      F4C1
 1515 0209 211A7DD2 		.ascii	"!\032}\322i\376\346\354\015\207nnt\310!\233\230\025"
 1515      69FEE6EC 
 1515      0D876E6E 
 1515      74C8219B 
 1515      9815
 1516 021b 91C28DD7 		.ascii	"\221\302\215\327\334\307}YqzVH\234\224S8\260\262!\316"
 1516      DCC77D59 
 1516      717A5648 
 1516      9C945338 
 1516      B0B221CE 
 1517 022f 8BAC38B0 		.ascii	"\213\2548\260Y\234\2279q^m\026'+\303\264\020d\363\354"
 1517      599C9739 
 1517      715E6D16 
 1517      272BC3B4 
 1517      1064F3EC 
 1518 0243 FD2B343B 		.ascii	"\375+4;\355\033\026\311\034]\234\250\340\223\362\253"
 1518      ED1B16C9 
 1518      1C5D9CA8 
 1518      E093F2AB 
 1519 0253 8BA1B3C4 		.ascii	"\213\241\263\304\266$7\013\344\240\241\253\262\346\017"
 1519      B624370B 
 1519      E4A0A1AB 
 1519      B2E60F
 1520 0262 C91586D2 		.ascii	"\311\025\206\322\244\253\241\260%\237\252\256\251\254"
 1520      A4ABA1B0 
 1520      259FAAAE 
 1520      A9AC
 1521 0270 0FF81BFC 		.ascii	"\017\370\033\374!E\205\342pP3\317\3277\372\315p\213"
 1521      214585E2 
 1521      705033CF 
 1521      D737FACD 
 1521      708B
ARM GAS  /tmp/ccOzQnUi.s 			page 41


 1522 0282 5C1ED402 		.ascii	"\\\036\324\002\332\331Z\331\260\350n\320\002\262e*\262"
 1522      DAD95AD9 
 1522      B0E86ED0 
 1522      02B2652A 
 1522      B2
 1523 0293 12D40346 		.ascii	"\022\324\003F\263j\225(\300\364@\343\356\234]R\252\034"
 1523      B36A9528 
 1523      C0F440E3 
 1523      EE9C5D52 
 1523      AA1C
 1524 02a5 3F5656A6 		.ascii	"?VV\246\034\207C[\240\230aY\013)\015M\347U\202\261Z"
 1524      1C87435B 
 1524      A0986159 
 1524      0B290D4D 
 1524      E75582B1 
 1525 02ba AC922078 		.ascii	"\254\222 x\002~K\2556\265\323[\224(\206\256\033!Ym\016"
 1525      027E4BAD 
 1525      36B5D35B 
 1525      942886AE 
 1525      1B21596D 
 1526 02cf CB276BAA 		.ascii	"\313'k\252\344\362\252\3323\265r\271a\252\362\231u$"
 1526      E4F2AADA 
 1526      33B572B9 
 1526      61AAF299 
 1526      7524
 1527 02e1 DDD2ACFA 		.ascii	"\335\322\254\372\013\212BhG\377\215\322h\23040\341\\"
 1527      0B8A4268 
 1527      47FF8DD2 
 1527      68983430 
 1527      E15C
 1528 02f3 3C76B88A 		.ascii	"<v\270\212ZP\010\207\252vV\325\326\370x\037\215\246"
 1528      5A500887 
 1528      AA7656D5 
 1528      D6F8781F 
 1528      8DA6
 1529 0305 56EC2B3A 		.ascii	"V\354+:\002\222\011\036]\325\015\263\005\376\002\027"
 1529      0292091E 
 1529      5DD50DB3 
 1529      05FE0217 
 1530 0315 319721   		.ascii	"1\227!"
 1531              		.text
 1532              		.section	.gnu.lto_chMBResetI.349.72354203a83e6650,"e",%progbits
 1533 0000 789C8D92 		.ascii	"x\234\215\222\317k\023A\024\307\337w\336\356\266\033"
 1533      CF6B1341 
 1533      14C7DF77 
 1533      DEEEB61B 
 1534 0010 2B5ED493 		.ascii	"+^\324\223\207\252\210\010\322U(\330\243\250'\021\374"
 1534      87AA8808 
 1534      D25528D8 
 1534      A3A82711 
 1534      FC
 1535 0021 85E7925D 		.ascii	"\205\347\222]\003Yh\222\222D\320\213\235\006{\011Hl"
 1535      03596892 
 1535      9244D08B 
 1535      9D067B09 
 1535      486C
 1536 0033 EB512B84 		.ascii	"\353Q+\204Er\023Amj[\215\240(\325\202\372\027H\360\240"
ARM GAS  /tmp/ccOzQnUi.s 			page 42


 1536      45721341 
 1536      6D6A5B8D 
 1536      A028D582 
 1536      FA1748F0 
 1537 0048 1EA41404 		.ascii	"\036\244\024\004\017\202\276\331m\022\204\242]vg\346"
 1537      0F82BED9 
 1537      6D1284A2 
 1537      5D7667E6 
 1538 0058 3DDE67BE 		.ascii	"=\336g\276\3377;ME\024\022\321~\371\300\204\231\351"
 1538      DF373B4D 
 1538      451412D1 
 1538      7EF9C084 
 1538      99E9
 1539 006a AA22ADF5 		.ascii	"\252\"\255\365\361>\205\311\351\252\213\005\304\021"
 1539      F13E85C9 
 1539      E9AA8B05 
 1539      C411
 1540 0078 68426102 		.ascii	"hBa\002\263|H\302\237S\2637_A7Z\210\230hN\276\370\271"
 1540      B37C48C2 
 1540      9F53B337 
 1540      5F41375A 
 1540      8898684E 
 1541 008f C398E188 		.ascii	"\303\230\341\210\001kc\2450(+>O\007[Z\277_jj\355R\304"
 1541      016B63A5 
 1541      30282B3E 
 1541      4F075B5A 
 1541      BF5F6A6A 
 1542 00a6 8C790883 		.ascii	"\214y\010\203'\300c\220I\\\252\270DNg'\311\321\203\217"
 1542      27C06390 
 1542      495CAAB8 
 1542      444E6727 
 1542      C9D1838F 
 1543 00ba 764BFFFA 		.ascii	"vK\377\372]\323z\3653\032\007\006\024\320\204%\265\226"
 1543      5DD37AF5 
 1543      331A0706 
 1543      14D08425 
 1543      B596
 1544 00cc 2D83ED98 		.ascii	"-\203\355\230\201\250\306\306\252\266\240[D\267X%\301"
 1544      81A8C6C6 
 1544      AAB6A05B 
 1544      44B75825 
 1544      C1
 1545 00dd A404DFA0 		.ascii	"\244\004\337\240\333\367Vv\307\363\303\025\230y_wh?"
 1545      DBF75676 
 1545      C7F3C315 
 1545      98795F77 
 1545      683F
 1546 00ef 4AD17754 		.ascii	"J\321wT\226\276\356\252s\307*\303\330\277o\232\355\217"
 1546      96BEEEAA 
 1546      73C72AC3 
 1546      D8BF6F9A 
 1546      ED8F
 1547 0101 D8A98BF7 		.ascii	"\330\251\213\367\247\240#Iha\021wco\202\255U\177\240"
 1547      A7A02349 
 1547      68611177 
 1547      636F82AD 
 1547      557FA0
ARM GAS  /tmp/ccOzQnUi.s 			page 43


 1548 0114 53DAE04D 		.ascii	"S\332\340Mj\227\245Vz\220\275c\261y\221\337\012\366"
 1548      6A97A556 
 1548      7A90BD63 
 1548      B17991DF 
 1548      0AF6
 1549 0126 5C30D5C3 		.ascii	"\\0\325\303\026\022l\275\261\343\037T\037^\010%\316"
 1549      16126CBD 
 1549      B1E31F54 
 1549      1F5E0825 
 1549      CE
 1550 0137 4C0BFD48 		.ascii	"L\013\375H\372^\334\012\351\342\245\220VB\272\210O\250"
 1550      FA5EDC0A 
 1550      E9E2A590 
 1550      5642BA88 
 1550      4FA8
 1551 0149 BD9C90B7 		.ascii	"\275\234\220\267\253\250\263\335\205\367\364`\311m\360"
 1551      ABA8B3DD 
 1551      85F7F460 
 1551      C96DF0
 1552 0158 29BC165E 		.ascii	")\274\026^\376\301\015S\363E.\202\2157b`\015S\203\222"
 1552      FEC10D53 
 1552      F3452E82 
 1552      8D376260 
 1552      0D538392 
 1553 016c 53116F9B 		.ascii	"S\021o\233KN\3016\012\003\270\036\361\366X\344Y\252"
 1553      4B4EC136 
 1553      0A03B81E 
 1553      F1F658E4 
 1553      59AA
 1554 017e ABE1FC4F 		.ascii	"\253\341\374O\343\235h8\177i\254n\252\341\340-\314\376"
 1554      E39D6838 
 1554      7F69AC6E 
 1554      AAE1E02D 
 1554      CCFE
 1555 0190 EBA87CFA 		.ascii	"\353\250|\372p:\276\2145F\357n\020\355\365\262\205\\"
 1555      703ABE8C 
 1555      3546EF6E 
 1555      10EDF5B2 
 1555      855C
 1556 01a2 C60BD379 		.ascii	"\306\013\323y\357T!\270\222\313\344\313%\357\304\271"
 1556      EF5421B8 
 1556      92CBE4CB 
 1556      25EFC4B9 
 1557 01b2 0B6746FD 		.ascii	"\013gF\375\364X:\037d\350p9\033\026/\217\216\247\213"
 1557      F4583A1F 
 1557      64E87039 
 1557      1B162F8F 
 1557      8EA78B
 1558 01c5 E56BDEC9 		.ascii	"\345k\336\311l\350\207g/z\205\222\274c\241\357\225\212"
 1558      6CE88767 
 1558      2F7A8592 
 1558      BC63A1EF 
 1558      958A
 1559 01d7 81176473 		.ascii	"\201\027ds~\341j\2464\024\020\347\374\361\235\275x\350"
 1559      7EE16AA6 
 1559      341410E7 
 1559      FCF19DBD 
ARM GAS  /tmp/ccOzQnUi.s 			page 44


 1559      78E8
 1560 01e9 6830726C 		.ascii	"h0rlx8\030\241?\030;\365\310"
 1560      783818A1 
 1560      3F183BF5 
 1560      C8
 1561              		.text
 1562              		.section	.gnu.lto_chMBPostTimeout.350.72354203a83e6650,"e",%progbits
 1563 0000 789C8D54 		.ascii	"x\234\215T[H\024m\030~\337\371\306=\020DPtQ]h\340\037"
 1563      5B48146D 
 1563      187EDFF9 
 1563      C63D1044 
 1563      5074515D 
 1564 0017 7F985351 		.ascii	"\177\230SQTw\225E\004\311_\312^\313\3568\264\023\316"
 1564      54779545 
 1564      04C95FCA 
 1564      5ECBEE38 
 1564      B413CE
 1565 002a 8ECCAC91 		.ascii	"\216\314\254\221WMZv\272\3302\350\270j\277\030tQt\240"
 1565      574D5A76 
 1565      BAD832E8 
 1565      B86ABF18 
 1565      745174A0 
 1566 003e C39A595B 		.ascii	"\303\232Y[v0\315\262\303E\271Y t$H\3324/\212z\277o6"
 1566      7630CDB2 
 1566      C345B959 
 1566      20742448 
 1566      DA342F8A 
 1567 0056 77BD2882 		.ascii	"w\275(\202e\346\373\336\357y\237\347y\237\371\330Y2"
 1567      65E6FBDE 
 1567      EF799FE7 
 1567      799FF9D8 
 1567      5932
 1568 0068 C01A04F8 		.ascii	"\300\032\004\370\007\000\220\0016\356\337#\201\3438"
 1568      07009001 
 1568      36EEDF23 
 1568      81E338
 1569 0077 CBBD126E 		.ascii	"\313\275\022n\333\277\347\355\351\0132^GQ@\330*\341"
 1569      DBBFE7ED 
 1569      E90B325E 
 1569      475140D8 
 1569      2AE1
 1570 0089 563CC0E2 		.ascii	"V<\300\342\014\033Y\033\201\345\314\0121\377_\202\214"
 1570      0C1B591B 
 1570      81E5CC0A 
 1570      31FF5F82 
 1570      8C
 1571 009a ED38D0F7 		.ascii	"\3558\320\367\032\343'\223r\033\223\240\231\000\027"
 1571      1AE32793 
 1571      721B93A0 
 1571      990017
 1572 00a9 112F1039 		.ascii	"\021/\0209\000\001\331\006\230\223t\234\376\236\204"
 1572      0001D906 
 1572      9893749C 
 1572      FE9E84
 1573 00b8 E3F8A18D 		.ascii	"\343\370\241\2151\274\2149\030*\004n\3738n\023\314!"
 1573      31BC8C39 
 1573      182A046E 
ARM GAS  /tmp/ccOzQnUi.s 			page 45


 1573      FB386E13 
 1573      CC21
 1574 00ca B2FEC10C 		.ascii	"\262\376\301\014N\302\366\2118)\360H\340\".\337\256"
 1574      4EC2F689 
 1574      3829F048 
 1574      E0222EDF 
 1574      AE
 1575 00db FA9DCE14 		.ascii	"\372\235\316\024R\224\261c\"N\016\014\372\\\345\315"
 1575      5294B163 
 1575      224E0E0C 
 1575      FA5CE5CD 
 1576 00eb FC5948A4 		.ascii	"\374YH\244\303\017N4L\336\267\315\307Y;q\202\303\300"
 1576      C30F4E34 
 1576      4CDEB7CD 
 1576      C7593B71 
 1576      82C3C0
 1577 00fe 7B9F07F0 		.ascii	"{\237\007\360\032r\337\000\0225x\200\326\210I\344\335"
 1577      1A72DF00 
 1577      12357880 
 1577      D68849E4 
 1577      DD
 1578 010f 1EEA4E7C 		.ascii	"\036\352N|\\\010\024F3\015\227\251\304\277w\275\240"
 1578      5C081446 
 1578      330D97A9 
 1578      C4BF77BD 
 1578      A0
 1579 0120 AE1B5463 		.ascii	"\256\033TcB\351\244\000s_c\375{S\017g\304\035\036F\036"
 1579      42E9A400 
 1579      735F63FD 
 1579      7B530F67 
 1579      C41D1E46 
 1580 0135 7621A772 		.ascii	"v!\247r\305\360\026R)\3201\211\233\342\310\027\261\347"
 1580      C5F01652 
 1580      29D03189 
 1580      9BE2C817 
 1580      B1E7
 1581 0147 ED455DF5 		.ascii	"\355E]\365N\2673\216\205,\326M\217\253\215}\211{\360"
 1581      4EB7338E 
 1581      852CD64D 
 1581      8FAB8D7D 
 1581      897BF0
 1582 015a 36156F72 		.ascii	"6\025or6 \177x'\327_\374\376\273\351\256A9k\260~\204"
 1582      36207F78 
 1582      27D75FFC 
 1582      FEBBE9AE 
 1582      41396BB0 
 1583 0170 0C76532D 		.ascii	"\014vS-\017\262z\273;\376F/q\247\311\203=T\2747\256"
 1583      0FB27ABB 
 1583      3BFE462F 
 1583      71A7C983 
 1583      3D54BC37 
 1584 0185 D72BF408 		.ascii	"\327+\364\010\203\024\325\231\307yI\347\333\217\230"
 1584      8314D599 
 1584      C77949E7 
 1584      DB8F98
 1585 0194 93BCEBEF 		.ascii	"\223\274\353\357;\361fx\260\320/!&\220&\275\2022\342"
 1585      3BF16678 
ARM GAS  /tmp/ccOzQnUi.s 			page 46


 1585      B0D02F21 
 1585      269026BD 
 1585      8232E2
 1586 01a7 55741385 		.ascii	"Ut\023\205\030\343W\312\221\321I\002\354c\222\273\251"
 1586      18E357CA 
 1586      91D14902 
 1586      EC6392BB 
 1586      A9
 1587 01b8 A7CD0774 		.ascii	"\247\315\007t\206\232zQ\274\317N\342\257\364H\354\345"
 1587      869A7A51 
 1587      BCCF4EE2 
 1587      AFF448EC 
 1587      E5
 1588 01c9 D1834899 		.ascii	"\321\203H\231\212bz\300/P\351\366\226\363\351gSitQ~"
 1588      8A627AC0 
 1588      2F50E9F6 
 1588      96F3E967 
 1588      53697451 
 1589 01de 923E8CBC 		.ascii	"\222>\214\274^\227O\201\360+\230\207\363\005\354\377"
 1589      5E974F81 
 1589      F02B9887 
 1589      F305ECFF 
 1590 01ee 43975E35 		.ascii	"C\227^5!\345\"`\035\257\374x\027\341\023\326\315\346"
 1590      21E52260 
 1590      1DAFFC78 
 1590      17E113D6 
 1590      CDE6
 1591 0200 AE4FF1CF 		.ascii	"\256O\361\317Z\320)5\320\005\360\320R\346\227\376\001"
 1591      5AD02935 
 1591      D005F0D0 
 1591      52E697FE 
 1591      01
 1592 0211 02BDF121 		.ascii	"\002\275\361!b\237H\262 )\316\275\342\360\221\2532\234"
 1592      629F48B2 
 1592      2029CEBD 
 1592      E2F091AB 
 1592      329C
 1593 0223 68799CF6 		.ascii	"hy\234\366\001\017\237\363~\036\211}\031(\024\012_\007"
 1593      010F9FF3 
 1593      7E1E897D 
 1593      1928140A 
 1593      5F07
 1594 0235 A68BCAB9 		.ascii	"\246\213\312\271\306\324:\212\036\206\261\341\370\262"
 1594      C6D43A8A 
 1594      1E86B1E1 
 1594      F8B2
 1595 0243 56E6D98E 		.ascii	"V\346\331\216R\033\36353\012\255\225I\255\214\2652\012"
 1595      521BF335 
 1595      330AAD95 
 1595      49AD8CB5 
 1595      320A
 1596 0255 DBEF5ABE 		.ascii	"\333\357Z\276\206\204\020\355\027\335\331i\350\243\307"
 1596      868410ED 
 1596      17DDD969 
 1596      E8A3C7
 1597 0264 68E86ED7 		.ascii	"h\350n\327vK\352\220+4t\356\230+\323\231\022'\263\307"
 1597      764BEA90 
ARM GAS  /tmp/ccOzQnUi.s 			page 47


 1597      2B3474EE 
 1597      982BD399 
 1597      1227B3C7 
 1598 0278 1F434F67 		.ascii	"\037COgfbi\034\245X\356\271\215GF\307c\351\311\304\002"
 1598      6662691C 
 1598      A558EEB9 
 1598      8D4746C7 
 1598      63E9C9C4 
 1599 028d B9B1F466 		.ascii	"\271\261\364fc\271\237\033K&\200\247\"\212\334\251\017"
 1599      63B99F1B 
 1599      4B2680A7 
 1599      228ADCA9 
 1599      0F
 1600 029e 8FD2D43D 		.ascii	"\217\322\324=\231\251\317\336L\361?\003\370\214u\307"
 1600      99A9CFDE 
 1600      4CF13F03 
 1600      F88C75C7 
 1601 02ae 17F30980 		.ascii	"\027\363\011\200\177Zt\277f]\222o\013\224\260ih\212"
 1601      7F5A74BF 
 1601      665D926F 
 1601      0B94B069 
 1601      688A
 1602 02c0 1E8C28AB 		.ascii	"\036\214(\253L\265\306\320\"Q[Y\271\276l]E(X\025\214"
 1602      4CB5C6D0 
 1602      22515B59 
 1602      B9BE6C5D 
 1602      45285815 
 1603 02d5 A81A1445 		.ascii	"\250\032\024E\303\272UYQ\035\264\242\265JIX\017\351"
 1603      C3BA5559 
 1603      511DB4A2 
 1603      B54A4958 
 1603      0FE9
 1604 02e7 FF952BA6 		.ascii	"\377\225+\246M\277*=\244\330\226\252\250a#dn\321\354"
 1604      4DBF2A3D 
 1604      A4D896AA 
 1604      A8612364 
 1604      6ED1EC
 1605 02fa 62159811 		.ascii	"b\025\230\021\252\236\226\335\027/P\227.Y\264H]J\007"
 1605      AA9E96DD 
 1605      172F5097 
 1605      2E59B448 
 1605      5D4A07
 1606 030d F6466F54 		.ascii	"\366FoT74\263&\352\261*ki;\3677\304VT\321#jUM\245F\314"
 1606      3734B326 
 1606      EAB12A6B 
 1606      693BF737 
 1606      C45654D1 
 1607 0328 76AD5D1C 		.ascii	"v\255]\034\006o(hk\353-}\365oZT\3230\314\210\242m\211"
 1607      066F2868 
 1607      6BEB2D7D 
 1607      F56F5A54 
 1607      D330CC88 
 1608 033f 2A2BCA4A 		.ascii	"*+\312J\225\222\322\362\265\345J\211ii\312\332_L\206"
 1608      9592D2F2 
 1608      B5E54A89 
 1608      6969CADA 
 1608      5F4C86
ARM GAS  /tmp/ccOzQnUi.s 			page 48


 1609 0352 ADDB151B 		.ascii	"\255\333\025\033U\225\330\026\377\231\245\332\264(\003"
 1609      5595D816 
 1609      FF99A5DA 
 1609      B42803
 1610 0361 E2D9BC64 		.ascii	"\342\331\274d^)YP\211\207\272\246\224\226\227\345s\037"
 1610      5E295950 
 1610      8987BAA6 
 1610      949697E5 
 1610      731F
 1611 0373 D5965E94 		.ascii	"\325\226^\224_8\037$\013\274\206f\230V-\374\004^\004"
 1611      5F381F24 
 1611      0BBC8666 
 1611      98562DFC 
 1611      045E04
 1612 0386 CF1E     		.ascii	"\317\036"
 1613              		.text
 1614              		.section	.gnu.lto_chMBPostTimeoutS.351.72354203a83e6650,"e",%progbits
 1615 0000 789C8555 		.ascii	"x\234\205U[LTW\024=\373\236;\3671#\003\212\217\017\025"
 1615      5B4C5457 
 1615      143DFB9E 
 1615      3BF73123 
 1615      038A8F0F 
 1616 0015 69D38634 		.ascii	"i\323\2064i\034\233\230\326\237&\246m\322\2176\351+"
 1616      691C9B98 
 1616      D69F26A6 
 1616      6DD28F36 
 1616      E92B
 1617 0027 7C1B1849 		.ascii	"|\033\030I\031\303\303\360h\353O{\3451\244CR\0061\202"
 1617      19C3C3F0 
 1617      68EB4F7B 
 1617      E531A443 
 1617      52063182 
 1618 003b 14A7E90D 		.ascii	"\024\247\351\015Z\332\246Q\254V\260\026\246EE\207v\020"
 1618      5ADAA651 
 1618      AC56B016 
 1618      A6454587 
 1618      7610
 1619 004d AA35D454 		.ascii	"\2525\324T\015U\0134\232\021\245\001\242\245{\237sg"
 1619      0D550B34 
 1619      9A11A501 
 1619      A2A57B9F 
 1619      7367
 1620 005f 00AB2D81 		.ascii	"\000\253-\2013\347\356Y{\255\265\367>\3472\2563\366"
 1620      33E7EE59 
 1620      7BADB5F7 
 1620      3EE732AE 
 1620      33F6
 1621 0071 1563EC08 		.ascii	"\025c\354\010\376\201\207\301\256\306\220\302,\313\332"
 1621      FE8187C1 
 1621      AEC690C2 
 1621      2CCBDA
 1622 0080 AC2BD084 		.ascii	"\254+\320\204{\350\005\361\304\225\275\341\303p{\374"
 1622      7BE805F1 
 1622      C495BDE1 
 1622      C3707BFC 
 1623 0090 4B45AD69 		.ascii	"KE\255i\3646\3549\377\274\252*\265\215\036\021i\011"
 1623      F436EC39 
ARM GAS  /tmp/ccOzQnUi.s 			page 49


 1623      FFBCAA2A 
 1623      B58D1E11 
 1623      6909
 1624 00a2 8F8208B9 		.ascii	"\217\202\010\271\224`\243\007\361\331j]\243W|j\320\234"
 1624      9460A307 
 1624      F1D96A5D 
 1624      A3577C6A 
 1624      D09C
 1625 00b4 62D461EF 		.ascii	"b\324a\357.\373\366\361\376\227\223\244\206\322\212"
 1625      2EFBF6F1 
 1625      FE9793A4 
 1625      86D28A
 1626 00c3 A422732F 		.ascii	"\244\"s/R\010.74\031\022n\302\316F\267\330\001\373@"
 1626      52082E37 
 1626      3419126E 
 1626      C2CE46B7 
 1626      D801FB40 
 1627 00d7 E1AA4BD3 		.ascii	"\341\252K\323\015\267\011\270e\363?M\274\215\303.\336"
 1627      0DB709B8 
 1627      65F33F4D 
 1627      BC8DC32E 
 1627      DE
 1628 00e8 CE19A8CE 		.ascii	"\316\031\250\316\016 \373)L\233\256m\012\375\001m\035"
 1628      0E20FB29 
 1628      4C9BAE6D 
 1628      0AFD016D 
 1628      1D
 1629 00f9 51B59D2B 		.ascii	"Q\265\235+,\202\200\243\000G\200\222\020\310\337`9Q"
 1629      2C8280A3 
 1629      00478092 
 1629      10C8DF60 
 1629      3951
 1630 010b CB3A37D0 		.ascii	"\313:7\320eY&k\347\034\216\301\002\014\006ro\350\204"
 1630      6559266B 
 1630      E71C8EC1 
 1630      020C0672 
 1630      6FE884
 1631 011e DBC67290 		.ascii	"\333\306r\220\354\334e\007\247@\367b\234\222;)p%\222"
 1631      ECDC6507 
 1631      A740F762 
 1631      9C923B29 
 1631      702592
 1632 0131 EFC3EA3A 		.ascii	"\357\303\352:+\003\025U\370v1N\315\375[\227\312\357"
 1632      2B031555 
 1632      F876314E 
 1632      CDFD5B97 
 1632      CAEF
 1633 0143 D0FA2492 		.ascii	"\320\372$\222&\352?\013z\303;\015b\375\016\0269\314"
 1633      26EA3F0B 
 1633      7AC33B0D 
 1633      62FD0E16 
 1633      39CC
 1634 0155 0D191A83 		.ascii	"\015\031\032\203\036 \337\214)\230\2401\334\003D\201"
 1634      1E20DF8C 
 1634      2998A031 
 1634      DC034481 
 1635 0165 B2496A7A 		.ascii	"\262Ijz\266np\177V\233E\365\271\204{\305\311\207\357"
ARM GAS  /tmp/ccOzQnUi.s 			page 50


 1635      B66E707F 
 1635      569B45F5 
 1635      B9847BC5 
 1635      C987EF
 1636 0178 0143B933 		.ascii	"\001C\2713&\351\020\262e\250\353#\335:c\245\220l\036"
 1636      26E910B2 
 1636      65A8EB23 
 1636      DD3A63A5 
 1636      906C1E
 1637 018b 29DBA151 		.ascii	")\333\241Q\303\006\2338\374\200\301^\342Z \323R\273"
 1637      C3069B38 
 1637      FC80C15E 
 1637      E25A20D3 
 1637      52BB
 1638 019d 7AA10C24 		.ascii	"z\241\014$\223O\012\231n\267#\223\030<U/\313y@\344\344"
 1638      934F0A99 
 1638      6EB72393 
 1638      183C552F 
 1638      CB7940E4 
 1639 01b2 42919B36 		.ascii	"B\221\2336\207S\030\354#&\206U\301\351dU\242D\016gR"
 1639      875318EC 
 1639      23268655 
 1639      C1E96455 
 1639      A2440E67 
 1640 01c7 2526BAF6 		.ascii	"%&\272\366G\274aH\022\362$\341Y!\334\366\277\302g\027"
 1640      47BC6148 
 1640      12F224E1 
 1640      5921DCF6 
 1640      BFC26717 
 1641 01db 098FEA10 		.ascii	"\011\217\352\020s\204\271\020\036\000\322B\014`\247"
 1641      7384B910 
 1641      1E00D242 
 1641      0C60A7
 1642 01ea 0F0EBBA2 		.ascii	"\017\016\273\242\326\275\271\006+\332o\206\372o$b9\331"
 1642      D6BDB906 
 1642      2BDA6F86 
 1642      FA6F2462 
 1642      39D9
 1643 01fc 40E35571 		.ascii	"@\343Uq\321\\\270\350\032-:-\006-t\032\0147-\036\\\314"
 1643      D15CB8E8 
 1643      1A2D3A2D 
 1643      062D741A 
 1643      0C372D1E 
 1644 0212 25B4A403 		.ascii	"%\264\244\003tA\006}\273\024\340\004d\322\010W\000\034"
 1644      7441067D 
 1644      BB14E004 
 1644      64D20857 
 1644      001C
 1645 0224 87D5145B 		.ascii	"\207\325\024[\203\213{--Y\224\266\216\026\306\0328\373"
 1645      838B7B2D 
 1645      2D5994B6 
 1645      8E16C61A 
 1645      38FB
 1646 0236 62A4F959 		.ascii	"b\244\371Y\260\242\214\205\271\"\366\325\270\237\000"
 1646      B0A28C85 
 1646      B922F6D5 
 1646      B89F00
ARM GAS  /tmp/ccOzQnUi.s 			page 51


 1647 0245 6BB4396E 		.ascii	"k\2649n\3424\304\366\343\370J\361\271/.\236\037g\204"
 1647      E234C4F6 
 1647      E3F84AF1 
 1647      B92F2E9E 
 1647      1F6784
 1648 0258 E65898A5 		.ascii	"\346X\230\245\022\334%b\0048\344\025\037G\343\012\273"
 1648      12DC2562 
 1648      0438E415 
 1648      1F47E30A 
 1648      BB
 1649 0269 0555273E 		.ascii	"\005U'>\367\332<y3\270\350\354\001\272|\330,\217\315"
 1649      F7DA3C79 
 1649      33B8E8EC 
 1649      01BA7CD8 
 1649      2C8FCD
 1650 027c D3E12760 		.ascii	"\323\341'`\033\344\243\006q\330'\256\3268\324\214\367"
 1650      1BE4A306 
 1650      71D827AE 
 1650      D638D48C 
 1650      F7
 1651 028d E5631AE5 		.ascii	"\345c\032\345h /Z\230\253\323\207>\275\311S\336zQ`\002"
 1651      68202F5A 
 1651      98ABD387 
 1651      3EBDC953 
 1651      DE7A5160 
 1652 02a2 AAB2F1C8 		.ascii	"\252\262\361\310 \021\205\356L5D\352\233\001;,\000_"
 1652      201185EE 
 1652      4C3544EA 
 1652      9B013B2C 
 1652      005F
 1653 02b4 0FEC0109 		.ascii	"\017\354\001\011=6\000\022z*\011\375\2753\204\300\323"
 1653      3D360012 
 1653      7A2A09FD 
 1653      BD3384C0 
 1653      D3
 1654 02c5 12D81D33 		.ascii	"\022\330\0353\241\037\244\333U6\317p\334\272\034\267"
 1654      A11FA4DB 
 1654      5536CF70 
 1654      DCBA1CB7 
 1655 02d5 D8A62564 		.ascii	"\330\246%du\010\255\326\010\253i0\214V\201\216\216\310"
 1655      7508ADD6 
 1655      08AB6930 
 1655      8C56818E 
 1655      8EC8
 1656 02e7 1A7FC2E6 		.ascii	"\032\177\302\346\253\037\211=\217X\305\301V\037\011"
 1656      AB1F893D 
 1656      8F58C5C1 
 1656      561F09
 1657 02f6 5EE7365F 		.ascii	"^\3476_\203*\230B\201_\203\350i-\206H\322\015*\021\336"
 1657      832A9842 
 1657      815F83E8 
 1657      692D8648 
 1657      D20D2A11 
 1658 030b ABBB80C1 		.ascii	"\253\273\200\301,\214\223\355\253\337\274\302\350\310"
 1658      2C8C93ED 
 1658      ABDFBCC2 
 1658      E8C8
ARM GAS  /tmp/ccOzQnUi.s 			page 52


 1659 0319 CA1262A9 		.ascii	"\312\022b\251\022nS\011\003\262\204\251\330\036\200"
 1659      126E5309 
 1659      03B284A9 
 1659      D81E80
 1660 0328 1FE57E26 		.ascii	"\037\345~&\346\270\302\316\257{\204+/\\DW\234\311\374"
 1660      E6B8C2CE 
 1660      AF7B842B 
 1660      2F5C4457 
 1660      9CC9FC
 1661 033b AAABC7EA 		.ascii	"\252\253\307\352?\301rbR$\3219y\347\232\201\203\247"
 1661      3FC17262 
 1661      5224D139 
 1661      79E79A81 
 1661      83A7
 1662 034d DB989A06 		.ascii	"\333\230\232\006\332Y\347L\302U5\021\\\226\032\304P"
 1662      DA59E74C 
 1662      C2553511 
 1662      5C961AC4 
 1662      50
 1663 035e 9C4BBD34 		.ascii	"\234K\2754\233\273\036=_\035FPRE\002\254\372p\360\202"
 1663      9BBB1E3D 
 1663      5F1D4650 
 1663      524502AC 
 1663      FA70F082 
 1664 0372 62730D13 		.ascii	"bs\015\023\350\242`v\"\004\311\324\261\264\207\344^"
 1664      E8A26076 
 1664      2204C9D4 
 1664      B1B487E4 
 1664      5E
 1665 0383 92B99843 		.ascii	"\222\271\230C\350\326\361\225\316\220\360\335,\223p"
 1665      E8D6F195 
 1665      CE90F0DD 
 1665      2C9370
 1666 0392 AF10DD6F 		.ascii	"\257\020\335o\200\240\025\302\330\260\227\314_\356\333"
 1666      80A015C2 
 1666      D8B097CC 
 1666      5FEEDB
 1667 03a1 269474F2 		.ascii	"&\224t\362>\013:\266^=8\027\375\271\213\206>\013\006"
 1667      3E0B3AB6 
 1667      5E3D3817 
 1667      FDB98B86 
 1667      3E0B06
 1668 03b4 CE416D35 		.ascii	"\316Am5g\301\304\372\324\370\305\273\006\3651\314\265"
 1668      67C1C4FA 
 1668      D4F8C5BB 
 1668      06F531CC 
 1668      B5
 1669 03c5 9D47ABCD 		.ascii	"\235G\253\315d\215\223\235\366\224\350\210\264z]Iz\355"
 1669      648D939D 
 1669      F694E888 
 1669      B47A5D49 
 1669      7AED
 1670 03d7 F03EC4EB 		.ascii	"\360>\304\353\225\244WCtK_\324\255\021\321\255\352\266"
 1670      95A45743 
 1670      744B5FD4 
 1670      AD11D1AD 
 1670      EAB6
ARM GAS  /tmp/ccOzQnUi.s 			page 53


 1671 03e9 E07D1CA4 		.ascii	"\340}\034\244\333\346&U\201\367\366\201&t\374\273\011"
 1671      DBE62655 
 1671      81F7F681 
 1671      2674FCBB 
 1671      09
 1672 03fa E9302A66 		.ascii	"\3510*f\206\304nAuE6~w\010\231<\251\356e\315'b\314\311"
 1672      86C46E41 
 1672      7545367E 
 1672      7708993C 
 1672      A9EE65CD 
 1673 0412 CD806B98 		.ascii	"\315\200k\230\353b\254&\331,\023\256\343p\023P\233\215"
 1673      EB62AC26 
 1673      D92C13AE 
 1673      E3701350 
 1673      9B8D
 1674 0424 31A59D2F 		.ascii	"1\245\235/\215H\317\036\362\263\214\216L\246\020Ix\021"
 1674      8D48CF1E 
 1674      F2B38C8E 
 1674      4CA61049 
 1674      7811
 1675 0436 54ED8096 		.ascii	"T\355\200\226G\210\243\335\351\357]\257\250\317\370"
 1675      4788A3DD 
 1675      E9EF5DAF 
 1675      A8CFF8
 1676 0445 EB74EBA5 		.ascii	"\353t\353\245\371{y_^\374\335\241)\264\265$e+\347\341"
 1676      F97B795F 
 1676      5EFCDDA1 
 1676      29B4B524 
 1676      652BE7E1 
 1677 0459 B626D096 		.ascii	"\266&\320\226\346\330\352H'[\177:\266l\236)4WF\010`"
 1677      E6D8EA48 
 1677      275B7F3A 
 1677      B66C9E29 
 1677      34574608 
 1678 046e D3095EDA 		.ascii	"\323\011^\332\316W\311[\320\203\334\322\337\\<\215\246"
 1678      CE57C95B 
 1678      D083DCD2 
 1678      DF5C3C8D 
 1678      A6
 1679 047f 3CD687A7 		.ascii	"<\326\207\247=\223\274+\316\013\243\201\273\17790v\026"
 1679      3D93BC2B 
 1679      CE0BA381 
 1679      BB7F3930 
 1679      7616
 1680 0491 FF5DA047 		.ascii	"\377]\240G3\365Z\233\204\252\315\310\006\3420\200Lx"
 1680      33F55A9B 
 1680      84AACDC8 
 1680      06E23080 
 1680      4C78
 1681 04a3 9FF7DC99 		.ascii	"\237\367\334\231\026\007\376\026\350\007\336E\"#2S\210"
 1681      1607FE16 
 1681      E807DE45 
 1681      22233253 
 1681      88
 1682 04b4 0C20D2AA 		.ascii	"\014 \322\252\242\304\367\230\257\260\264\270\300\027"
 1682      A2C4F798 
 1682      AFB0B4B8 
ARM GAS  /tmp/ccOzQnUi.s 			page 54


 1682      C017
 1683 04c2 C82BF1BD 		.ascii	"\310+\361\275T\352\257,.(\251(\367\275\360\372\233\257"
 1683      54EAAF2C 
 1683      2E28A928 
 1683      F7BDF0FA 
 1683      9BAF
 1684 04d4 6EC9CF2B 		.ascii	"n\311\317+\312+\361\027\260\247+\012\003e[\267l\317"
 1684      CA2BF117 
 1684      B0A72B0A 
 1684      03655BB7 
 1684      6CCF
 1685 04e6 2BABD8E1 		.ascii	"+\253\330\341{\2610\220\037x\355-_i9\376\026\005\362"
 1685      7BB13090 
 1685      1F78ED2D 
 1685      5F6939FE 
 1685      1605F2
 1686 04f9 7DE5657E 		.ascii	"}\345e~\237\277\2608\277\364\275\202\362\365~\306\213"
 1686      9FBFB038 
 1686      BFF4BD82 
 1686      F2F57EC6 
 1686      8B
 1687 050a F3B72F9F 		.ascii	"\363\267/\237\177^\377\214\177\323s\0337\3727\341\027"
 1687      7F5EFF8C 
 1687      7FD3731B 
 1687      37FA37E1 
 1687      17
 1688 051b E56FEB15 		.ascii	"\345o\353\025\201\342\202\322\312\012\255l\353\016|"
 1688      81E282D2 
 1688      CA0AAD6C 
 1688      EB0E7C
 1689 052a DCF09FC4 		.ascii	"\334\360\237\304\201\022\177Q\345\326\202y\362B\366"
 1689      81127F51 
 1689      E5D68279 
 1689      F242F6
 1690 0539 0F04D7DD 		.ascii	"\017\004\327\335\015"
 1690      0D
 1691              		.text
 1692              		.section	.gnu.lto_chMBPostI.352.72354203a83e6650,"e",%progbits
 1693 0000 789C8554 		.ascii	"x\234\205T\177h[U\024\276\347\336\227\367\222\246\311"
 1693      7F685B55 
 1693      14BEE7DE 
 1693      97F792A6 
 1693      C9
 1694 0011 346B3B50 		.ascii	"4k;P\224*\312\020d\2310p\177\351P\377S\360\027\375O"
 1694      942ACA10 
 1694      64993070 
 1694      7FE950FF 
 1694      53F017FD 
 1695 0026 184D164C 		.ascii	"\030M\026L\244?F\323\241\202\330\267\264M \205\255Y"
 1695      A43F46D3 
 1695      A182D8B7 
 1695      B44D2085 
 1695      AD59
 1696 0038 465B25CB 		.ascii	"F[%\313\340\331Iu\240N\347\332\272n\246\253i\327\016"
 1696      E0D94975 
 1696      A04EE7DA 
 1696      BA6EA6AB 
ARM GAS  /tmp/ccOzQnUi.s 			page 55


 1696      69D70E
 1697 004b 9752A932 		.ascii	"\227R\2512\247\243V\324\3252\215\023\241\035\223x\316"
 1697      A7A356D4 
 1697      D5328D13 
 1697      A11D9378 
 1697      CE
 1698 005c 7DEF25AD 		.ascii	"}\357%\255[\025\222\233{\317\373\316\367}\347\234\373"
 1698      5B15929B 
 1698      7BCFFBCE 
 1698      F77DE79C 
 1698      FB
 1699 006d F2AACA58 		.ascii	"\362\252\312X\2261\366\006~\301\311\340P*\311\231\256"
 1699      9631F606 
 1699      7EC1C9E0 
 1699      502AC999 
 1699      AE
 1700 007e EBBB34CE 		.ascii	"\353\2734\316\023\251\036\016\247a\340\255\006\2453"
 1700      13A91E0E 
 1700      A761E0AD 
 1700      06A533
 1701 008d E5BDFAF3 		.ascii	"\345\275\372\363\373\217+\202w\245\334g\016\177\367"
 1701      FB8F2B82 
 1701      77A5DC67 
 1701      0E7FF7
 1702 009c 98924879 		.ascii	"\230\222Hy'\226\337\001E\341\335)7&\324+\361\224W\376"
 1702      2796DF01 
 1702      45E1DD29 
 1702      3726D42B 
 1702      F19457FE 
 1703 00b0 3AA0AF4C 		.ascii	":\240\257L\242B\177*95=\242 \217\014h\260\277\374\020"
 1703      A2427F2A 
 1703      39353DA2 
 1703      208F0C68 
 1703      B0BFFC10 
 1704 00c4 5807178A 		.ascii	"X\007\027\212C\325\240\003\322\"#\340\220\030\024\014"
 1704      43D5A003 
 1704      D22223E0 
 1704      9018140C 
 1705 00d4 146B0750 		.ascii	"\024k\007P\377\020\342V\272\323\313\277@f(\247\014\012"
 1705      FF10E256 
 1705      BAD3CBBF 
 1705      406628A7 
 1705      0C0A
 1706 00e6 CEB208F8 		.ascii	"\316\262\010\370\024\340$\240_\206@\361<\333\232\323"
 1706      14E024A0 
 1706      5F8640F1 
 1706      3CDB9AD3 
 1707 00f6 F5D9B111 		.ascii	"\365\331\261\021]w\261A!`\030\326`0\320pT#\334+l+\222"
 1707      5D77B141 
 1707      216018D6 
 1707      6030D070 
 1707      5423DC2B 
 1708 010d CD162C1C 		.ascii	"\315\026,\034\207\321\3658\336p\\c\214\272!\220\231"
 1708      87D1F538 
 1708      DE705C63 
 1708      8CBA2190 
 1708      99
ARM GAS  /tmp/ccOzQnUi.s 			page 56


 1709 011e 638ADC03 		.ascii	"c\212\334\003\214\001\351\220\310\312X\242p\354\336"
 1709      8C01E990 
 1709      C8CA58A2 
 1709      70ECDE
 1710 012d 8C4E4E14 		.ascii	"\214NN\024\251\303\255|8\003\030jXu!\362AB\016\\:{@"
 1710      A9C3AD7C 
 1710      3803186A 
 1710      587521F2 
 1710      41420E5C 
 1711 0144 D3CFEB65 		.ascii	"\323\317\353e$\253 M\343*\272\031(\0118\213\261\323"
 1711      24AB204D 
 1711      E32ABA19 
 1711      2809388B 
 1711      B1D3
 1712 0156 44B54665 		.ascii	"D\265Fe\240\373\356\265*`\347\346\244\312h\225\245R"
 1712      A0FBEEB5 
 1712      2A60E7E6 
 1712      A4CA6895 
 1712      A552
 1713 0168 2CE47BBC 		.ascii	",\344{\274\275\373\235\267h\344\326h\254\\3\004\214"
 1713      BDFB9DB7 
 1713      68E4D668 
 1713      AC5C3304 
 1713      8C
 1714 0179 63F07362 		.ascii	"c\360sb\242\002\341\234]\224\254P\300\027\345\012\213"
 1714      A202E19C 
 1714      5D94AC50 
 1714      C017E50A 
 1714      8B
 1715 018a 23C7B2DE 		.ascii	"#\307\262\336^\260\011\205M\230\227\302\231\377\025"
 1715      5EB00985 
 1715      4D9897C2 
 1715      99FF15
 1716 0199 CEAF135E 		.ascii	"\316\257\023^\324`\322\022\026Rx\012H\2130\037\3169"
 1716      D460D212 
 1716      1652780A 
 1716      488B301F 
 1716      CE39
 1717 01ab 72FACDD2 		.ascii	"r\372\315\322A=7\345ZN\364\377>\315\267\000\015A\301"
 1717      413D37E5 
 1717      5A4EF4FF 
 1717      3ECDB700 
 1717      0D41C1
 1718 01be C5E1C045 		.ascii	"\305\341\300EUi\321p\321\234\2708\253\000F\300M1\017"
 1718      5569D170 
 1718      D19CB838 
 1718      AB0046C0 
 1718      4D310F
 1719 01d1 C067E0A3 		.ascii	"\300g\340\243\335f\\\\5\264\324\022\256\216\026\306"
 1719      DD665C5C 
 1719      35B4D412 
 1719      AE8E16C6 
 1720 01e1 0E0ABA5D 		.ascii	"\016\012\272]\272\002z\216\261^\301\315C'\036~\005}"
 1720      BA027A8E 
 1720      B15EC1CD 
 1720      43271E7E 
 1720      057D
ARM GAS  /tmp/ccOzQnUi.s 			page 57


 1721 01f3 F172A10F 		.ascii	"\361r\241\017\260\337r\377}A\376\336_^\026\257ob\277"
 1721      B0DF72FF 
 1721      7D41FEDE 
 1721      5F5E16AF 
 1721      6F62BF
 1722 0206 416CEC3D 		.ascii	"Al\354=\217!\354[(ds\336\245\333\213\365V\031\242\012"
 1722      8F21EC5B 
 1722      286473DE 
 1722      A5DB8BF5 
 1722      5619A20A 
 1723 021a A6816D37 		.ascii	"\246\201m7\217\016\230\201#t_\330\022t-M\334\205i\224"
 1723      8F0E9881 
 1723      23745FD8 
 1723      12742D4D 
 1723      DC856994 
 1724 022e E390B793 		.ascii	"\343\220\267\223\324\305\370\251\257o\210\262\372\337"
 1724      D4C5F8A9 
 1724      AF6F88B2 
 1724      FADF
 1725 023c 5231568F 		.ascii	"R1V\217SG\"\012\375\271z \333\323\017\330$\011\370\344"
 1725      5347220A 
 1725      FDB97A20 
 1725      DBD30FD8 
 1725      2409F8E4 
 1726 0250 421F98D0 		.ascii	"B\037\230\320\341\013\026t\334\206\376x\"\211\300s&"
 1726      E10B1674 
 1726      DC86FE78 
 1726      2289C073 
 1726      26
 1727 0261 7074C605 		.ascii	"pt\306\005\023`\272\335b\010\267\345V\261\334b+\334"
 1727      1360BADD 
 1727      6208B7E5 
 1727      56B1DC62 
 1727      2BDC
 1728 0273 64F54BB4 		.ascii	"d\365K\264\332%\255V\303E\264\0124}\231\265\364\200"
 1728      DA25AD56 
 1728      C345B40A 
 1728      347D99B5 
 1728      F480
 1729 0285 217C1B62 		.ascii	"!|\033bg\021\313-l\347\311\370O\302\020\233\015\202"
 1729      6711CB2D 
 1729      6CE7C9F8 
 1729      4FC2109B 
 1729      0D82
 1730 0297 F928F06D 		.ascii	"\371(\360m\034=\325`\210$]\240\020\341\315\304<\006"
 1730      1C3DD560 
 1730      88245DA0 
 1730      10E1CDC4 
 1730      3C06
 1731 02a9 6B314EB6 		.ascii	"k1N\266\027N=\315\350\326\231%L\226K\370\203J\2302K"
 1731      174E3DCD 
 1731      E8D69925 
 1731      4C964BF8 
 1731      834A9832 
 1732 02be F86B0647 		.ascii	"\370k\006Gq\336\334\257\316X\256\274\206\250\333\300"
 1732      71DEDCAF 
 1732      CE58AEBC 
ARM GAS  /tmp/ccOzQnUi.s 			page 58


 1732      86A8DBC0 
 1733 02ce 9507BE42 		.ascii	"\225\007\276BW\202\231\371\261\205\341\236\243X\316"
 1733      578299F9 
 1733      B185E19E 
 1733      A358CE
 1734 02dd A429523C 		.ascii	"\244)R<\261Xz\011\007K\357Sy\030\350\246\316\032\204"
 1734      B1587A09 
 1734      074BEF53 
 1734      7918E8A6 
 1734      CE1A84
 1735 02f0 923E9E2F 		.ascii	"\222>\236/V\006Q*pS\257\332\020\216\215\347\253\302"
 1735      5606512A 
 1735      7053AFDA 
 1735      108E8DE7 
 1735      ABC2
 1736 0302 3C4A2AC8 		.ascii	"<J*\310\200U\177\034\317sC\250\230@w\035\263\213I\260"
 1736      80557F1C 
 1736      CF7343A8 
 1736      9840771D 
 1736      B38B49B0 
 1737 0316 53AF56DF 		.ascii	"S\257V\337&\367\0333\027s\010\375\366R\2555$\025\230"
 1737      26F71B33 
 1737      177308FD 
 1737      F652AD35 
 1737      241598
 1738 0329 99C4F1C6 		.ascii	"\231\304\361\306\023\335%@\220G\032\353\365\221\373"
 1738      13DD2540 
 1738      90471AEB 
 1738      F591FB
 1739 0338 2B1301A9 		.ascii	"+\023\001\251\344\266\334;\246\347\215\025(\273O\317"
 1739      E4B6DC3B 
 1739      A6E78D15 
 1739      28BB4FCF 
 1740 0348 09537F9E 		.ascii	"\011S\177\236\333\006\206<\2671p\3316\340\223,\352\372"
 1740      DB06863C 
 1740      B73170D9 
 1740      36E0932C 
 1740      EAFA
 1741 035a 1EF4CF51 		.ascii	"\036\364\317Q\017:3\361k8\036\015[E\336\274\360\357"
 1741      0F3A33F1 
 1741      6B381E0D 
 1741      5B45DEBC 
 1741      F0EF
 1742 036c D2866E2D 		.ascii	"\322\206n-\315\013W\344$\220Y\223TG$U\354p\022\231\234"
 1742      CD0B57E4 
 1742      24905993 
 1742      54472455 
 1742      EC701299 
 1743 0381 E59EDC53 		.ascii	"\345\236\334SI\304\230\225\273\011\0260\327\301X\227"
 1743      49C49895 
 1743      BB091630 
 1743      D7C15897 
 1744 0391 DD0227FC 		.ascii	"\335\002'\374\2003+Bw=\306\360|G\3264\355$?w\322E\360"
 1744      80332B42 
 1744      773DC6F0 
 1744      7C47D634 
 1744      ED243F77 
ARM GAS  /tmp/ccOzQnUi.s 			page 59


 1745 03a8 49918FCC 		.ascii	"I\221\217\314*\264\312\013}\035b\273\020Ho\333\015\220"
 1745      2AB4CA0B 
 1745      7D1D62BB 
 1745      10486FDB 
 1745      0D90
 1746 03ba ADE5F026 		.ascii	"\255\345\360&\377\240Tt\342M0\217L\215\247\255m\207"
 1746      FFA05474 
 1746      E24D308F 
 1746      4C8DA7AD 
 1746      6D87
 1747 03cc B8988EE0 		.ascii	"\270\230\216\340\337\003\230\004\261\034\365\366>\177"
 1747      DF039804 
 1747      B11CF5F6 
 1747      3E7F
 1748 03da B8B539E4 		.ascii	"\270\2659\344\2174\266\370\237j\015\356k\016\265\264"
 1748      8F34B6F8 
 1748      9F6A0DEE 
 1748      6B0EB5B4 
 1749 03ea 47FD4F3C 		.ascii	"G\375O<\367\3023\273\003\215M\215-\301\020{\270=\034"
 1749      F7C233BB 
 1749      038D4D8D 
 1749      2DC1107B 
 1749      B83D1C
 1750 03fd 69DBB37B 		.ascii	"i\333\263{oc[\373\353\376'\303\221@\344\331\027\375"
 1750      6F635BFB 
 1750      EBFE27C3 
 1750      9140E4D9 
 1750      17FD
 1751 040f AD51FC34 		.ascii	"\255Q\3744E\002\376h[\320\037\0147\007Z_\013E\267\005"
 1751      4502FE68 
 1751      5BD01F0C 
 1751      37075A5F 
 1751      0B45B705 
 1752 0423 99680EEC 		.ascii	"\231h\016\354\255\251\234\267=\022\334\371\350\216\035"
 1752      ADA99CB7 
 1752      3D12DCF9 
 1752      E88E1D
 1753 0432 C19DF820 		.ascii	"\301\235\370 \372\362\366\377d\212\264\004\233\366\355"
 1753      FAF2F6FF 
 1753      648AB404 
 1753      9BF6ED
 1754 0441 0955D8C2 		.ascii	"\011U\330\302\354\037S\302Qs"
 1754      EC1F53C2 
 1754      5173
 1755              		.text
 1756              		.section	.gnu.lto_chMBPostAheadTimeout.353.72354203a83e6650,"e",%progbits
 1757 0000 789C8D52 		.ascii	"x\234\215R]L\023Y\024>g\356\264\2451\331\230h\366A}"
 1757      5D4C1359 
 1757      143E67EE 
 1757      B4A531D9 
 1757      9868F641 
 1758 0015 0013346E 		.ascii	"\000\0234n\220q\023\214\370\246\2421&6\353B\372L\332"
 1758      9071138C 
 1758      F8A6A231 
 1758      2636EB42 
 1758      FA4CDA
 1759 0028 616267C3 		.ascii	"abg\303t\310L!\360\344\000\273\0305\246\212\211(TP\302"
ARM GAS  /tmp/ccOzQnUi.s 			page 60


 1759      74C84C21 
 1759      F0E400BB 
 1759      1835A68A 
 1759      89285450 
 1760 003d 83269BEC 		.ascii	"\203&\233\354j\374\001\021\255\213\012\024\024V|X\213"
 1760      6AFC0111 
 1760      AD8B0A14 
 1760      14567C58 
 1760      8B
 1761 004e D184078D 		.ascii	"\321\204\007\215\276H,\240\017\032=\367N\227\226\007"
 1761      BE482CA0 
 1761      0F1A3DF7 
 1761      4E979607 
 1762 005e 8D4933B7 		.ascii	"\215I3\267\367\334\357|\337w\276{\327\311\000{\021`"
 1762      F7DCEF7C 
 1762      DF77BE7B 
 1762      D7C9007B 
 1762      1160
 1763 0070 03002003 		.ascii	"\003\000 \003l?yT\002\307qv\370$l>yt\362\341U\031\357"
 1763      6C3F7954 
 1763      02C77176 
 1763      F8246C3E 
 1763      7974F2E1 
 1764 0087 A028201C 		.ascii	"\240( \034\222\360\020\236b\011\206\355\254\217\300"
 1764      92F0109E 
 1764      620986ED 
 1764      AC8FC0
 1765 0096 72F61F62 		.ascii	"r\366\037b\341&\202|\370\343T\3525&.&\345>&A7\001\256"
 1765      E126827C 
 1765      F8E354EA 
 1765      35262E26 
 1765      E53E2641 
 1766 00ad 215E2572 		.ascii	"!^%r\000\002\262_ac\322q\246&\373\035\307\017}\214\341"
 1766      0002B25F 
 1766      6163D271 
 1766      A626FB1D 
 1766      C70F7D8C 
 1767 00c2 0DCCC350 		.ascii	"\015\314\303P!\230\366r\334o\260\221\310\246\336dq\022"
 1767      2198F672 
 1767      DC6FB091 
 1767      C8A6DE64 
 1767      7112
 1768 00d4 0E2CC749 		.ascii	"\016,\307I\301W\002\027u\371\216\267\036vV\222\242\214"
 1768      C1570217 
 1768      75F98EB7 
 1768      1E765692 
 1768      A28C
 1769 00e6 83CB7172 		.ascii	"\203\313qrp\336\353*7\360o1\221\316\215_j\373\341Ds"
 1769      70DEEB2A 
 1769      37F06F31 
 1769      91CE8D5F 
 1769      6AFBE144 
 1770 00fb 01671DC2 		.ascii	"\001g\035\302e\016\203\315>/\340m\344\276\001$j\240"
 1770      650E83CD 
 1770      3E2FE06D 
 1770      E4BE0124 
 1770      6AA0
ARM GAS  /tmp/ccOzQnUi.s 			page 61


 1771 010d E66E1A2D 		.ascii	"\346n\032-\211\274\333\313\347{Y\006\024F7\015\227\255"
 1771      89BCDBCB 
 1771      E77B5906 
 1771      1446370D 
 1771      97AD
 1772 011f 243E0D3F 		.ascii	"$>\015?\243\256\273TcB\351\242\000s_\037\246\216\315"
 1772      A3AEBB54 
 1772      6342E9A2 
 1772      00735F1F 
 1772      A68ECD
 1773 0132 4CAE4938 		.ascii	"L\256I8<\014\017\016#\247r\305\360\036R)8\270\202\233"
 1773      3C0C0F0E 
 1773      23A772C5 
 1773      F01E5229 
 1773      38B8829B 
 1774 0146 E2C867F1 		.ascii	"\342\310g\361\247\003%\303\255\316\250\263\204\205\034"
 1774      A70325C3 
 1774      ADCEA8B3 
 1774      84851C
 1775 0155 D64D4FE8 		.ascii	"\326MO\350\317'\274x\237\212\377p6 \177\370 \337_b\342"
 1775      CF27BC78 
 1775      9F8AFF70 
 1775      36207FF8 
 1775      20DF5F62 
 1776 016a D606D7A0 		.ascii	"\326\006\327\240\2343\330\272@\006G\251\346\201\234"
 1776      9C33D8BA 
 1776      400647A9 
 1776      E6819C
 1777 0179 DE91C1EF 		.ascii	"\336\221\301\357\321\353\177p\316\213)*\216-\351\215"
 1777      D1EB7F70 
 1777      CE8B292A 
 1777      8E2DE98D 
 1778 0189 0B3DC220 		.ascii	"\013=\302 E\365\327cO\322\371\3709\356$G\374\251\261"
 1778      45F5D763 
 1778      4FD2F9F8 
 1778      39EE2447 
 1778      FCA9B1
 1779 019c 5773E94D 		.ascii	"Ws\351M~\011\261\037i\322\233(#\336B7Q\2103\376\244"
 1779      7E09B11F 
 1779      69D29B28 
 1779      23DE4237 
 1779      518833FE 
 1780 01b1 1C199D24 		.ascii	"\034\031\235$\300\011&\271\233V\332\274Ag\266c\032\305"
 1780      C00926B9 
 1780      9B56DABC 
 1780      4167B663 
 1780      1AC5
 1781 01c3 DAB98A2F 		.ascii	"\332\271\212/\231\205\370\363\316\323H\231\212b&\355"
 1781      9985F8F3 
 1781      CED34899 
 1781      8A6226ED 
 1782 01d3 17A8CC40 		.ascii	"\027\250\314@\317\225\314\177\253htQ\236\316\234A^o"
 1782      CF95CC7F 
 1782      AB687451 
 1782      9ECE9C41 
 1782      5E6F
 1783 01e5 29A440F8 		.ascii	")\244@\370\023\364\340\026\001\273\320q\375\3059\244"
ARM GAS  /tmp/ccOzQnUi.s 			page 62


 1783      13F4E016 
 1783      01BBD071 
 1783      FDC539A4 
 1784 01f5 5C046CF0 		.ascii	"\\\004l\360\205\037G\020\336b\313z\356\372O~\255ECR"
 1784      851F4710 
 1784      DE62CB7A 
 1784      EEFA4F7E 
 1784      AD454352 
 1785 0209 1B3D00FE 		.ascii	"\033=\000\376\204d\376\350\037!\320\212\223\210\017"
 1785      8464FEE8 
 1785      1F21D08A 
 1785      93880F
 1786 0218 45924549 		.ascii	"E\222EIq\356\023\207\377\272*s\375=\2173\005\300\303"
 1786      71EE1387 
 1786      FFBA2A73 
 1786      FD3D8F33 
 1786      05C0C3
 1787 022b E7BCEF16 		.ascii	"\347\274\357\026\342\363\351b\241\360>\375\243\250\\"
 1787      E2F3E962 
 1787      A1F03EFD 
 1787      A3A85C
 1788 023a 9E3D1BA0 		.ascii	"\236=\033\240\350a\016\333\316o\357e\336\337Q\352c\005"
 1788      E8610EDB 
 1788      CE6FEF65 
 1788      DEDF51EA 
 1788      6305
 1789 024c DD8C42EB 		.ascii	"\335\214B\353eR/c\275\214\302\366\273\226o#!D{\217;"
 1789      65522F63 
 1789      BD8CC2F6 
 1789      BB966F23 
 1789      21447B8F 
 1790 0261 3B0DDDD9 		.ascii	";\015\335\331EC\217\272\266{f:\\\241\331\313]\256\314"
 1790      45438FBA 
 1790      B67B663A 
 1790      5CA1D9CB 
 1790      5DAECC
 1791 0274 D08C3859 		.ascii	"\320\2148Y\277\364\231}\2626\033K\373\"\3052\3466\236"
 1791      BFF4997D 
 1791      B2361B4B 
 1791      FB22C532 
 1791      E6369E
 1792 0287 5D5C8A25 		.ascii	"]\\\212%\225\215\005\362c\031\317\3052\221\037K6\200"
 1792      958D05F2 
 1792      6319CFC5 
 1792      32911F4B 
 1792      3680
 1793 0299 27228AFC 		.ascii	"'\"\212\374\251\317,\322\324\251\354\324\177\267wy\370"
 1793      A9CF2CD2 
 1793      D4A9ECD4 
 1793      7FB77779 
 1793      F8
 1794 02aa 8CEFB0E5 		.ascii	"\214\357\260\345\374V>\001\360\253E\3676[\222|[\244"
 1794      FC563E01 
 1794      F0AB45F7 
 1794      365B927C 
 1794      5BA4
 1795 02bc 444C4353 		.ascii	"DLCS\364PT\331m\252\365\206\026\215\331\312\256\003"
ARM GAS  /tmp/ccOzQnUi.s 			page 63


 1795      F45054D9 
 1795      6DAAF586 
 1795      168DD9CA 
 1795      AE03
 1796 02ce 95FBABC3 		.ascii	"\225\373\253\303\241\332PT\325\240$\026\321\255\232"
 1796      A1DA5054 
 1796      D5A02416 
 1796      D1AD9A
 1797 02dd EABA9015 		.ascii	"\352\272\220\025kR*\"zX\377\245J1m\372\325\352a\305"
 1797      6B522A22 
 1797      7A58FFA5 
 1797      4A316DFA 
 1797      D5EA61C5 
 1798 02f1 B654458D 		.ascii	"\266TE\215\030a\263Q\263KU`F\270nun_\372\263Z\276\255"
 1798      1861B351 
 1798      B34B5560 
 1798      46B86E75 
 1798      6E5FFAB3 
 1799 0308 AC4C2DA7 		.ascii	"\254L-\247\003\373\240/\246\033\232Y\037\363Z5M\264"
 1799      03FBA02F 
 1799      A61B9A59 
 1799      1FF35A35 
 1799      4DB4
 1800 031a FDE92BC4 		.ascii	"\375\351+\304VL\321\243jm}\215F\314v\223]\032\001_8"
 1800      564CD1A3 
 1800      6A6D7D8D 
 1800      46CC7693 
 1800      5D1A015F 
 1801 032f 646B072C 		.ascii	"dk\007,}\317WZT\3230\314\250\2425\306\224\235\225\001"
 1801      7DCF575A 
 1801      54D330CC 
 1801      A8A235C6 
 1801      949D9501 
 1802 0343 A52250B5 		.ascii	"\245\"P\265\257J\2510-M\331\367?\223a\353v\365AU%\266"
 1802      AF4AA930 
 1802      2D4DD9F7 
 1802      3F9361EB 
 1802      76F54155 
 1803 0359 ADDF66A9 		.ascii	"\255\337f\2513-\312\200x\032\266m\016\220\005\225x\250"
 1803      332DCA80 
 1803      781AB66D 
 1803      0E900595 
 1803      78A8
 1804 036b 6B65A0AA 		.ascii	"ke\240\252\262\220\373\250\263\364\222\302\342- Y\340"
 1804      B290FBA8 
 1804      B3F492C2 
 1804      E22D2059 
 1804      E0
 1805 037c 3334C3B4 		.ascii	"34\303\264\232\340\013\244\202\316\333"
 1805      9AE00BA4 
 1805      82CEDB
 1806              		.text
 1807              		.section	.gnu.lto_chMBPostAheadTimeoutS.354.72354203a83e6650,"e",%progbits
 1808 0000 789C8555 		.ascii	"x\234\205UmLSW\030>\357=\267\267\367\026[\024\001M\026"
 1808      6D4C5357 
 1808      183EEF3D 
 1808      B7B7F716 
ARM GAS  /tmp/ccOzQnUi.s 			page 64


 1808      5B14014D 
 1809 0015 11CC16B2 		.ascii	"\021\314\026\262l\261.1\233\311\262\304lK\366cK\366"
 1809      6CB12E31 
 1809      9BC9B2C4 
 1809      6C4BF663 
 1809      4BF6
 1810 0027 157E1BA8 		.ascii	"\025~\033\250d\324\360a\000\227\371g\273\026(\013$\322"
 1810      64D4F061 
 1810      0097F967 
 1810      BB16280B 
 1810      24D2
 1811 0039 8A8A12AC 		.ascii	"\212\212\022\254Y\203\306\315,N\201\001\323i'~\302\346"
 1811      5983C6CD 
 1811      2C4E8101 
 1811      D369277E 
 1811      C2E6
 1812 004b 07D33A75 		.ascii	"\007\323:u3\206\205H]$\305\015\006\004\323\275\3579"
 1812      33868548 
 1812      5D24C50D 
 1812      0604D3BD 
 1812      EF39
 1813 005d B72D6CEA 		.ascii	"\267-l\352H9=\347\275\317\373<\317\373\236sn_\325\031"
 1813      48393DE7 
 1813      BDCFFB3C 
 1813      CFFB9E73 
 1813      6E5FD519 
 1814 0071 FB9A31D6 		.ascii	"\373\2321\326\215\377\220\301`G\260Ia\246i\256\267+"
 1814      8DFF90C1 
 1814      6047B049 
 1814      61A669AE 
 1814      B72B
 1815 0083 D08A7338 		.ascii	"\320\212s8\005b\305\225\275\201c0\021;\254\250\365A"
 1815      0562C595 
 1815      BD816330 
 1815      113BACA8 
 1815      F541
 1816 0095 57CBEE6B 		.ascii	"W\313\356k\257\251\252\322\020\314\020\221=\201\021"
 1816      AFA9AAD2 
 1816      10CC1091 
 1816      3D8111
 1817 00a4 10219BE2 		.ascii	"\020!\233\342\017f >_m\014\272\304\267\006m)F;\354\335"
 1817      0F66203E 
 1817      5F6D0CBA 
 1817      C4B7066D 
 1817      29463BEC 
 1818 00b9 119E3832 		.ascii	"\021\23682\364V\222TW\332\221Td\356E\012\301\345\200"
 1818      F4569254 
 1818      57DA9154 
 1818      64EE450A 
 1818      C1E580
 1819 00cc 565DC20D 		.ascii	"V]\302\015\330\026t\210\031\260\317\024\256\3324\273"
 1819      D8167488 
 1819      19B0CF14 
 1819      AEDA34BB 
 1820 00dc EE3000A7 		.ascii	"\3560\000\247,\375\327\312;8\354\340\235\234\201j\315"
 1820      2CFDD7CA 
 1820      3B38ECE0 
ARM GAS  /tmp/ccOzQnUi.s 			page 65


 1820      9D9C816A 
 1820      CD
 1821 00ed 00F29FC7 		.ascii	"\000\362\237\307\264\351\206\326D\014:\016E\324N\256"
 1821      B4E986D6 
 1821      440C3A0E 
 1821      45D44EAE 
 1822 00fd B010027A 		.ascii	"\260\020\002z\000\272\201\222\020\310\337g\205\021\323"
 1822      00BA8192 
 1822      10C8DF67 
 1822      8511D3
 1823 010c BCF24B9F 		.ascii	"\274\362K\237i\032\254\223s\350\205y\030\014\024M\331"
 1823      691AAC93 
 1823      73E88579 
 1823      180C144D 
 1823      D9
 1824 011d 08B78915 		.ascii	"\010\267\211\025\"\331\225?,\234\002\375\013qJQ\235"
 1824      22D9953F 
 1824      2C9C02FD 
 1824      0B714A51 
 1824      9D
 1825 012e 46B84AC9 		.ascii	"F\270J\311\267\275\256\321\\\214\212*\034_\210S\213"
 1825      B7BDAED1 
 1825      5C8C8A2A 
 1825      1C5F8853 
 1825      8B
 1826 013f 029A54FE 		.ascii	"\002\232T\376\230\306\347\2204\376\371a\277+\260M'\326"
 1826      98C6E790 
 1826      34FEF961 
 1826      BF2BB04D 
 1826      27D6
 1827 0151 EF6181C3 		.ascii	"\357a\201\303\242}\232\306\340$\220o\306\024L\300\344"
 1827      A27D9AC6 
 1827      E024906F 
 1827      C6144CC0 
 1827      E4
 1828 0162 10961601 		.ascii	"\020\226\026\001\312&\251\351\331\306\313\007\362:L"
 1828      CA26A9E9 
 1828      D9C6CB07 
 1828      F23A4C
 1829 0171 AACF26DC 		.ascii	"\252\317&\334+V>\374\000\030*\2321H\207\220{f.o\267"
 1829      2B563EFC 
 1829      00182A9A 
 1829      31488790 
 1829      7B662E6F 
 1830 0186 9B17CC14 		.ascii	"\233\027\314\024\222\245\221\262\035\032\332\351\273"
 1830      92A591B2 
 1830      1D1ADAE9 
 1830      BB
 1831 0193 B48BC369 		.ascii	"\264\213\303i\014\236\"\256y2{\032\236\231/\003\311"
 1831      0C9E22AE 
 1831      79327B1A 
 1831      9E992F03 
 1831      C9
 1832 01a4 E43342A6 		.ascii	"\3443B\246\337a\311\304/\237m\226\345\374K\344\314<"
 1832      DF61C9C4 
 1832      2F9F6D96 
 1832      E5FC4BE4 
ARM GAS  /tmp/ccOzQnUi.s 			page 66


 1832      CC3C
 1833 01b6 91E90761 		.ascii	"\221\351\007a\016g18@L\014\253\202s\311\252D\211\034"
 1833      0E673138 
 1833      404C0CAB 
 1833      8273C9AA 
 1833      44891C
 1834 01c9 2EA44A8C 		.ascii	".\244J\214\367\035\010\271\002\220$\344I\302\213B\270"
 1834      F71D08B9 
 1834      029024E4 
 1834      49C28B42 
 1834      B8
 1835 01da E37F852F 		.ascii	"\343\177\205/.\020\036\261\303\240%\314\205\360\020"
 1835      2E101EB1 
 1835      C3A025CC 
 1835      85F010
 1836 01e9 90166200 		.ascii	"\220\026b\000;}d\330\0261\347\022-f\344\274\221\210"
 1836      3B7D64D8 
 1836      1631E712 
 1836      2D66E4BC 
 1836      9188
 1837 01fb DD8B9F7A 		.ascii	"\335\213\237za\025\320\366\2528h6\034\354\032\015v\032"
 1837      6115D0F6 
 1837      AA386836 
 1837      1CEC1A0D 
 1837      761A
 1838 020d 741AE834 		.ascii	"t\032\3504\350\016\232e\320\260\210\226N\034\014\027"
 1838      E80E9A65 
 1838      D0B08896 
 1838      4E1C0C17 
 1839 021d 0D4B00FA 		.ascii	"\015K\000\372 \213\036,\0058\0019\264\231\313\001\276"
 1839      208B1E2C 
 1839      05380139 
 1839      B499CB01 
 1839      BE
 1840 022e 831514CB 		.ascii	"\203\025\024\313\303\301\261\222\206|J+\240\201\261"
 1840      C3C1B192 
 1840      867C4A2B 
 1840      A081B1
 1841 023d 16CEBEBA 		.ascii	"\026\316\276\272\331\3662\230\021\306\002\\\021\363"
 1841      D9F63298 
 1841      11C6025C 
 1841      11F3
 1842 024b 3A9CDF07 		.ascii	":\234\337\007s$\0305p_\304tW4W|\267E\305z\025#4\307"
 1842      73241835 
 1842      705FC474 
 1842      5734577C 
 1842      B745C57A 
 1843 0263 124D95E0 		.ascii	"\022M\225\3406\021#@\273\304\355\217*l\034|'\276t\205"
 1843      36112340 
 1843      BBC4ED8F 
 1843      2A6C1C7C 
 1843      27BE7485 
 1844 0277 79F28E70 		.ascii	"y\362\216p\321\343\203t\015\261m\031a\276\004~\002\266"
 1844      D1E38374 
 1844      0DB16D19 
 1844      61BE047E 
 1844      02B6
ARM GAS  /tmp/ccOzQnUi.s 			page 67


 1845 0289 462E35B8 		.ascii	"F.5\270\004\373\304%\213A}l\240\004\323(G\003y\345\002"
 1845      04FBC425 
 1845      8B417D6C 
 1845      A004D328 
 1845      470379E5 
 1846 029e 5C9DFEE6 		.ascii	"\\\235\376\346\213\007<\345\255\037\005\356\203/\037"
 1846      8B073CE5 
 1846      AD1F05EE 
 1846      832F1F
 1847 02ad 0F0F1251 		.ascii	"\017\017\022Q\350\317\311\226Ps\033`\257\005\240kh7"
 1847      E8CFC996 
 1847      50731B60 
 1847      AF05A06B 
 1847      6837
 1848 02bf 4868EF10 		.ascii	"Hh\357\020H\350\331$\364\367\243M\010<'\201\375\203"
 1848      48E8D924 
 1848      F4F7A34D 
 1848      083C2781 
 1848      FD83
 1849 02d1 069C07E9 		.ascii	"\006\234\007\351vY\230gYnm\226[l\323\"\262z\025\255"
 1849      76599867 
 1849      596E6D96 
 1849      5B6CD322 
 1849      B27A15AD 
 1850 02e5 D60BAB4E 		.ascii	"\326\013\253N\030F\253@\207Hd\305\236\015\363\025O\304"
 1850      1846AB40 
 1850      874864C5 
 1850      9E0DF315 
 1850      4FC4
 1851 02f7 5E43AC62 		.ascii	"^C\254ba\353\272\375\243<\314\363P\005S(p\313\217\236"
 1851      61EBBAFD 
 1851      A33CCCF3 
 1851      50055328 
 1851      70CB8F9E 
 1852 030b 56628824 		.ascii	"Vb\210$\035\240\022\341\\\343u\014\346c\234l\337\375"
 1852      1DA012E1 
 1852      5CE3750C 
 1852      E6639C6C 
 1852      DFFD
 1853 031d F66D4687 		.ascii	"\366mF\207W\2260\230*a\202J\030\222%L\016\356\006\370"
 1853      57963098 
 1853      2A61824A 
 1853      1892254C 
 1853      0EEE06F8 
 1854 0331 51CE6706 		.ascii	"Q\316g\006-W\330\371\202'\270r\301\015t\305\231\314"
 1854      2D57D8F9 
 1854      8227B872 
 1854      C10D74C5 
 1854      99CC
 1855 0343 F7DDED6D 		.ascii	"\367\335\355m\336\217\345\014J\221\370\321\323]\243"
 1855      DE8FE50C 
 1855      4A91F8D1 
 1855      D35DA3
 1856 0352 3A6E3CDD 		.ascii	":n<\335\313\324n\240\235\002k'l\276\373\376\254\324"
 1856      CBD46EA0 
 1856      9D026B27 
 1856      6CBEFBFE 
ARM GAS  /tmp/ccOzQnUi.s 			page 68


 1856      ACD4
 1857 0364 461C8F72 		.ascii	"F\034\217r\331\273\3540\267=y\177\355p\023%U$\300\252"
 1857      D9BBEC30 
 1857      B73D797F 
 1857      ED701325 
 1857      5524C0AA 
 1858 0378 8FF97FC3 		.ascii	"\217\371\177\303:4L\220o\321\271D\"\221I,\361\246\353"
 1858      3A344C90 
 1858      6FD1B944 
 1858      2291492C 
 1858      F1A6EB
 1859 038b 90E43894 		.ascii	"\220\3448\224\375\030\222_%\011&\223\263\333\003\233"
 1859      FD18925F 
 1859      25092693 
 1859      B3DB039B 
 1860 039b 048D4EC6 		.ascii	"\004\215N\306f\301\216}U\217$\"?\367\321\216\316\202"
 1860      66C18E7D 
 1860      558F2422 
 1860      3FF7D18E 
 1860      CE82
 1861 03ad 8E4D56DB 		.ascii	"\216MV\333\215Y0\320\274z\351\306_:5)\300\265m=uF\262"
 1861      8D5930D0 
 1861      BC7AE9C6 
 1861      5F3A3529 
 1861      C0B56D3D 
 1862 03c4 80874747 		.ascii	"\200\207GGd\271\322\330#\334\037G\030\225n\20344\252"
 1862      64B9D2D8 
 1862      23DC1F47 
 1862      18956E83 
 1862      3434AA
 1863 03d7 A40CB91E 		.ascii	"\244\014\271\036c\350N\322\220C\364\306\276\2407W\255"
 1863      63E84ED2 
 1863      9043F4C6 
 1863      BEA03757 
 1863      AD
 1864 03e8 DEC49C61 		.ascii	"\336\304\234a\236\361\264\336\334M\365\306\327\036\313"
 1864      9EF1B4DE 
 1864      DC4DF5C6 
 1864      D71ECB
 1865 03f7 B14E20FE 		.ascii	"\261N \376\004\211\2041\234+H\000#\200:\313\005\363"
 1865      04898431 
 1865      9C2B4800 
 1865      23803ACB 
 1865      05F3
 1866 0409 702ED9ED 		.ascii	"p.\331\355\360?\302>\342\346\032\204\317\004\313r\272"
 1866      F03FC23E 
 1866      E2E61A84 
 1866      CF04CB72 
 1866      BA
 1867 041a 85CEFF68 		.ascii	"\205\316\377he\302\250\330zdZ$\230nJ\217;\233\220\311"
 1867      65C2A8D8 
 1867      7A645A24 
 1867      986E4A8F 
 1867      3B9B90C9 
 1868 042e 994C1CCB 		.ascii	"\231L\034\313K'b\314\312]\014\3670\327\306X}\322\226"
 1868      4B2762CC 
 1868      CA5D0CF7 
ARM GAS  /tmp/ccOzQnUi.s 			page 69


 1868      30D7C658 
 1868      7DD296
 1869 0441 01637846 		.ascii	"\001cxF\342\320\220\2171\245\223/\011\311f8\311O\026"
 1869      E2D0908F 
 1869      31A5932F 
 1869      09C96638 
 1869      C94F16
 1870 0454 9DBCA542 		.ascii	"\235\274\245B\344V.\202\352,Pv\2108:y\216xt'W4N\237"
 1870      E4562E82 
 1870      EA2C5076 
 1870      88383A79 
 1870      8E787427 
 1871 046c 3AD77E3B 		.ascii	":\327~;}\275\377\226\357\217\235M\223h\313\225\262U"
 1871      7DBDFF96 
 1871      EF8F9D4D 
 1871      9368CB95 
 1871      B255
 1872 047e F8785B0F 		.ascii	"\370x[\017\320\226f\331:\224I\266\306-[a\236#4sC\004"
 1872      D09666D9 
 1872      3A9449B6 
 1872      C62D5B61 
 1872      9E233473 
 1873 0494 40AA305F 		.ascii	"@\2520_\332\311\227\311\313t\022\271\245\211\231\250"
 1873      DAC997C9 
 1873      CB7412B9 
 1873      A58999A8 
 1874 04a4 93CED3D8 		.ascii	"\223\316\323\330\000>\317!\357\212\365\336i\341\216"
 1874      003ECF21 
 1874      EF8AF5DE 
 1874      69E18E
 1875 04b3 E8C1B18B 		.ascii	"\350\301\261\213\370\373\203\036\215\324\333\361!\370"
 1875      F8FB831E 
 1875      8DD4DBF1 
 1875      21F8
 1876 04c1 D6231B88 		.ascii	"\326#\033\210c\0072\341S\276\275kF\334\233\011\260O"
 1876      630732E1 
 1876      53BEBD6B 
 1876      46DC9B09 
 1876      B04F
 1877 04d3 F510B73E 		.ascii	"\365\020\267>\336\353E\012\020y\276\010\021\026\270"
 1877      DEEB450A 
 1877      1079BE08 
 1877      1116B8
 1878 04e2 CBAA2A4A 		.ascii	"\313\252*J\335\336\342J\367\233U\236-\025\245\225\265"
 1878      DDDEE24A 
 1878      F79B559E 
 1878      2D15A595 
 1878      B5
 1879 04f3 35EED7DF 		.ascii	"5\356\327\337\373\340\235\015%\305\345\305\225\236R"
 1879      FBE09D0D 
 1879      25C5E5C5 
 1879      959E52
 1880 0502 F6626D99 		.ascii	"\366bm\231\267z\343\206\315\305\325\265[\335o\224yK"
 1880      B77AE386 
 1880      CDC5D5B5 
 1880      5BDD6F94 
 1880      794B
ARM GAS  /tmp/ccOzQnUi.s 			page 70


 1881 0514 BCEF7EE8 		.ascii	"\274\357~\350\256\252\301O\271\267\304]S\355q{\312*"
 1881      AEAAC14F 
 1881      B9B7C45D 
 1881      53ED717B 
 1881      CA2A
 1882 0526 4AAA3E29 		.ascii	"J\252>)\255Y\355a\274\242dsvz\275\372%\317\272W\326"
 1882      AD59ED61 
 1882      BCA26473 
 1882      767ABDFA 
 1882      25CFBA57 
 1883 053b AEF5ACC3 		.ascii	"\256\365\254\303\0075\037\331k\275\025\245U[j\265\352"
 1883      07351FD9 
 1883      6BBD15A5 
 1883      555B6AB5 
 1883      EA
 1884 054c 8D5B71B9 		.ascii	"\215[q\271\346\251\304\336JO\371\226\215\245i\3622\366"
 1884      E6A9C4DE 
 1884      4A4FF996 
 1884      8DA569F2 
 1884      32F6
 1885 055e 0F3928F5 		.ascii	"\0179(\365\353"
 1885      EB
 1886              		.text
 1887              		.section	.gnu.lto_chMBPostAheadI.355.72354203a83e6650,"e",%progbits
 1888 0000 789C8554 		.ascii	"x\234\205Tmh\233U\024\276\347\275\357G\322&i\225\254"
 1888      6D689B55 
 1888      14BEE7BD 
 1888      EF47D226 
 1888      6995AC
 1889 0013 AD15A58A 		.ascii	"\255\025\245\212c\010\262L\030\270_:\324\177\012~\321"
 1889      6308B24C 
 1889      18B85F3A 
 1889      D47F0A7E 
 1889      D1
 1890 0024 9F329AAC 		.ascii	"\2372\232\254\330\214~\214\246\003\005\261\357\322/"
 1890      D88C7E8C 
 1890      A60305B1 
 1890      EFD22F
 1891 0033 68616BD6 		.ascii	"hak\326\321\326R#\274v2\235 \233sm\267\326\245\253\375"
 1891      D1D65223 
 1891      BC76329D 
 1891      209B736D 
 1891      B7D6A5AB 
 1892 0048 1C73D591 		.ascii	"\034s\325\221e\3242f\247\2228\252\231\"\266\263Z\317"
 1892      65D43266 
 1892      A79238AA 
 1892      9922B6B3 
 1892      5ACF
 1893 005a B9EF475A 		.ascii	"\271\357GZ\266NHn\356=y\316\363<\347\234\373\276\323"
 1893      B64E486E 
 1893      EE3D79CE 
 1893      F33CE79C 
 1893      FBBED3
 1894 006d 2A6371C6 		.ascii	"*cq\306\330\273\370\005\027\203#\261v\211\351\272\276"
 1894      D8BBF805 
 1894      178323B1 
 1894      7689E9BA 
ARM GAS  /tmp/ccOzQnUi.s 			page 71


 1894      BE
 1895 007e 5B93A4B6 		.ascii	"[\223\244\266X\207\004\347\240\367\375r\271)\346K\377"
 1895      588704E7 
 1895      A0F7FD72 
 1895      B929E64B 
 1895      FF
 1896 008f FCE97332 		.ascii	"\374\351s2\227\232c\371\243G\027\236\225\333b\276\361"
 1896      979A63F9 
 1896      A347179E 
 1896      95DB62BE 
 1896      F1
 1897 00a0 5B1F812C 		.ascii	"[\037\201,K-\261|L(\223[c>\361\253@\267C\242BO\254\375"
 1897      4B2DB17C 
 1897      4C28935B 
 1897      633EF1AB 
 1897      40B743A2 
 1898 00b8 B7F4908C 		.ascii	"\267\364\220\214<\"\240\301A\347O`\215\022\227\025U"
 1898      3C22A0C1 
 1898      41E74F60 
 1898      8D129715 
 1898      55
 1899 00c9 8346E8E2 		.ascii	"\203F\350\342\375\034\216\360\001\316@\266v\000eO\""
 1899      FD1C8EF0 
 1899      01CE40B6 
 1899      7600654F 
 1899      22
 1900 00da 6EB9A52B 		.ascii	"n\271\245+}\013\372\217'\344\001.\2618\002\276\0048"
 1900      7D0BFA8F 
 1900      27E4012E 
 1900      B13802BE 
 1900      0438
 1901 00ec 0DE89721 		.ascii	"\015\350\227!\220\277\306\266%t}nfH\327\335l\200s\030"
 1901      90BFC6B6 
 1901      25747D6E 
 1901      6648D7DD 
 1901      6C807318 
 1902 0100 8475180C 		.ascii	"\204u\030\014\224\177\246\020n\037\333\206ds\013\026"
 1902      947FA610 
 1902      6E1FDB86 
 1902      64730B16 
 1903 0110 4E82E18D 		.ascii	"N\202\341\2158\251|Xa\214\272\301\221Y\302\024\261\007"
 1903      38A97C58 
 1903      618CBAC1 
 1903      9159C214 
 1903      B107
 1904 0122 1801D221 		.ascii	"\030\001\322!\221\345\221\266\313\307\036\355\327\311"
 1904      91E591B6 
 1904      CBC71EED 
 1904      D7C9
 1905 0130 892C7424 		.ascii	"\211,t$+\037F\001C\345+nDn%d\357\330\365C\232>\255;"
 1905      2B1F4601 
 1905      43E52B6E 
 1905      446E2564 
 1905      EFD8F543 
 1906 0148 4896439A 		.ascii	"H\226C\232\306Uts\355\037\005\276\302\3309\242Z\247"
 1906      C6557473 
 1906      ED1F05BE 
ARM GAS  /tmp/ccOzQnUi.s 			page 72


 1906      C2D839A2 
 1906      5AA7
 1907 015a D2DBF2F0 		.ascii	"\322\333\362\360z\025\260s\023Be8\317R\311^\236\350"
 1907      7A15B073 
 1907      13426538 
 1907      CF52C95E 
 1907      9EE8
 1908 016c F0751E74 		.ascii	"\360u\036t\335\245\221X\247\261\274dp\030\303\340yb"
 1908      DDA59158 
 1908      A7B1BC64 
 1908      7018C3E0 
 1908      7962
 1909 017e A202E182 		.ascii	"\242\002\341\202]\224\250\220\303\327N\205\331\241c"
 1909      5D94A890 
 1909      C3D74E85 
 1909      D9A163
 1910 018d 715F27D8 		.ascii	"q_'\330\204\334&\234\020\302\375\377+<\261AxQ\203IK"
 1910      84DC269C 
 1910      10C2FDFF 
 1910      2B3CB141 
 1910      78518349 
 1911 01a2 980BE129 		.ascii	"\230\013\341) -\302|\376\235\222\320W\327\016\353\211"
 1911      202DC27C 
 1911      FE9D92D0 
 1911      57D70EEB 
 1911      89
 1912 01b3 2977FA44 		.ascii	")w\372D_*#=\0044\004\031\027E\301EUi\321hq\321B3\323"
 1912      5F2A233D 
 1912      04340419 
 1912      1745C145 
 1912      5569D168 
 1913 01cc F2707179 		.ascii	"\362pqy\000\206\300K\261B\200\263\340\247\335\026\\"
 1913      0086C04B 
 1913      B14280B3 
 1913      E0A7DD16 
 1913      5C
 1914 01dd DC45B414 		.ascii	"\334E\264\024\023\256\204\026\306\016s\272g\272\014"
 1914      13AE8416 
 1914      C60E73BA 
 1914      67BA0C
 1915 01ec 7A82B14E 		.ascii	"z\202\261N.\231\207&<\374\002\372b2\325\015\330y\261"
 1915      2E998726 
 1915      3CFC02FA 
 1915      6232D50D 
 1915      D879B1
 1916 01ff 4FA5C4EF 		.ascii	"O\245\304\357\343\316\262\270P\314~\205\350\310'^\203"
 1916      E3CEB2B8 
 1916      50CC7E85 
 1916      E8C8275E 
 1916      83
 1917 0210 DBF7918B 		.ascii	"\333\367\221\2136}L\367\030+\3173\270\007f\200\3550"
 1917      367D4CF7 
 1917      182BCF33 
 1917      B8076680 
 1917      ED30
 1918 0222 8F0ACCC2 		.ascii	"\217\012\314\302\007tsX\006\2323\343\245\230F9\212\270"
 1918      07747358 
ARM GAS  /tmp/ccOzQnUi.s 			page 73


 1918      069A33E3 
 1918      A5984639 
 1918      8AB8
 1919 0234 A7A4CEC7 		.ascii	"\247\244\316\307\316\\\275\303\035\365\277\204b\264"
 1919      CE5CBDC3 
 1919      1DF5BF84 
 1919      62B4
 1920 0242 0CE78F44 		.ascii	"\014\347\217D\024\372c\345P\274\243\007\260]\002\360"
 1920      14FA63E5 
 1920      50BCA307 
 1920      B05D02F0 
 1921 0252 C5C56E30 		.ascii	"\305\305n0\241\203\027-\350\230\015\275y\262\035\201"
 1921      A183172D 
 1921      E8980DBD 
 1921      79B21D81 
 1922 0262 174CE0F0 		.ascii	"\027L\340\360\254\033\306\301t[lp\257\345V\266\334b"
 1922      AC1BC6C1 
 1922      745B6C70 
 1922      AFE556B6 
 1922      DC62
 1923 0274 2BF2C9EA 		.ascii	"+\362\311\352%\264\332,\254z\340\033\264\012t\017DV"
 1923      25B4DA2C 
 1923      AC7AE01B 
 1923      B40A740F 
 1923      4456
 1924 0286 E60983FB 		.ascii	"\346\011\203\3737\305\316!V\262\260M\247[\177\342\006"
 1924      37C5CE21 
 1924      56B2B04D 
 1924      A75B7FE2 
 1924      06
 1925 0297 DF822A98 		.ascii	"\337\202*\230B\201\371V\364T\204!\222t\203L\204\253"
 1925      4281F956 
 1925      F4548421 
 1925      9274834C 
 1925      84AB
 1926 02a9 6D490CA2 		.ascii	"mI\014\242\225\"\262}\343\314K\214\356\237Y\302\244"
 1926      9522B27D 
 1926      E3CC4B8C 
 1926      EE9F59C2 
 1926      A4
 1927 02ba 53C26D2A 		.ascii	"S\302m*a\312,\341\317Y\034\305\264\271_\231\265\\\371"
 1927      61CA2CE1 
 1927      CF591CC5 
 1927      B4B95F99 
 1927      B55CF9
 1928 02cd 0C5EB289 		.ascii	"\014^\262\211+/\\AW\234\231\371\321\033\203\035\037"
 1928      2B2F5C41 
 1928      579C99F9 
 1928      D11B831D 
 1928      1F
 1929 02de 623993A6 		.ascii	"b9\223\246H\366\344\251\363o\342`\351\311r\206\201n"
 1929      48F6E4A9 
 1929      F36FE260 
 1929      E9C97286 
 1929      816E
 1930 02f0 4AAC41C8 		.ascii	"J\254A\310]'&\262\271A\254\244$\263w\005\006W6\237\257"
 1930      5D2726B2 
ARM GAS  /tmp/ccOzQnUi.s 			page 74


 1930      B941ACA4 
 1930      24B37705 
 1930      0657369F 
 1931 0305 0A499494 		.ascii	"\012I\224\224\221\001\253>\325z\011\353P1\301|c\255"
 1931      9101AB3E 
 1931      D57A09EB 
 1931      5031C17C 
 1931      63AD
 1932 0317 AEADAD15 		.ascii	"\256\255\255\025\020K\266}\002l\216\343\005\367 \271"
 1932      104BB67D 
 1932      026C8EE3 
 1932      05F720B9 
 1933 0327 66926032 		.ascii	"f\222`2Y\373~<(h\374\2265e&i,\203c\355\357\0247\325"
 1933      59FB7E3C 
 1933      2868FC96 
 1933      35652669 
 1933      2C8363ED 
 1934 033f 96B0E91A 		.ascii	"\226\260\351\0326\035R`\252$%G\305{\017\225y[E\023\264"
 1934      361D5260 
 1934      AA242547 
 1934      C57B0F95 
 1934      795B4513 
 1935 0354 EAC68AD7 		.ascii	"\352\306\212\327\254\2123\036\203\273\356W\361\202S"
 1935      AC8A331E 
 1935      83BBEE57 
 1935      F18253
 1936 0363 71B42FE3 		.ascii	"q\264/\343\267\356\225\012L$\244%|\\\221\000\256\003"
 1936      B7EE950A 
 1936      4C24A425 
 1936      7C5C9100 
 1936      AE03
 1937 0375 0A150AE6 		.ascii	"\012\025\012\346\316R\362\333\337\272\204\335qc\307"
 1937      CE52F2DB 
 1937      DFBA84DD 
 1937      7163C7
 1938 0384 09EF03CB 		.ascii	"\011\357\003\313s\2561\236\273\264|\360\203\030(2\271"
 1938      73AE319E 
 1938      BBB47CF0 
 1938      83182832 
 1938      B9
 1939 0395 0553CFBC 		.ascii	"\005S\317\274\360x\264\035\231\362\354\304\364#\271"
 1939      F078B41D 
 1939      99F2ECC4 
 1939      F423B9
 1940 03a4 448C59B9 		.ascii	"D\214Y\271\005p\023s\361\335\335l\333r\301\2178\372"
 1940      05701373 
 1940      F1DDDD6C 
 1940      DB72C18F 
 1940      38FA
 1941 03b6 2CB49461 		.ascii	",\264\224a\014\317\205q\263\033y\344\347\001\272O\017"
 1941      0CCF8571 
 1941      B31B79E4 
 1941      E701BA4F 
 1941      0F
 1942 03c7 0A91BE52 		.ascii	"\012\221\276R\321\036-\367^\370\035\242\273\021H\017"
 1942      D11E2DF7 
 1942      5EF81DA2 
ARM GAS  /tmp/ccOzQnUi.s 			page 75


 1942      BB11480F 
 1943 03d7 ED1D10E5 		.ascii	"\355\035\020\345J\360\236\364\357\350m\027^(\363\310"
 1943      4AF09EF4 
 1943      EFE86D17 
 1943      5E28F3C8 
 1944 03e7 D4ABDF5A 		.ascii	"\324\253\337Z\333F\036\277\022\306\267\014\230\004\321"
 1944      DB461EBF 
 1944      12C6B70C 
 1944      9804D1
 1945 03f6 044DF1B1 		.ascii	"\004M\361\261@U]Me \\Q\033x\261.t\240\246\262\266!\022"
 1945      40555D4D 
 1945      65205C51 
 1945      1B78B12E 
 1945      74A0A6B2 
 1946 040d 78FED5D7 		.ascii	"x\376\325\327_\336\023\254\250\256\250\015U\262\247"
 1946      5FDE13AC 
 1946      A8AEA80D 
 1946      55B2A7
 1947 041c 1AAAC2F5 		.ascii	"\032\252\302\365{\367\354\257\250ox'\360BU8\030~\345"
 1947      7BF7ECAF 
 1947      A86F7827 
 1947      F0425538 
 1947      187EE5
 1948 042f 8D405D04 		.ascii	"\215@]\004?\325\341` R\037\012\204\252j\202uoWF\266"
 1948      3FD5E160 
 1948      20521F0A 
 1948      84AA6A82 
 1948      756F5746 
 1949 0444 8718AF09 		.ascii	"\207\030\257\011\356\367\347\316\333\237\016\355zf\347"
 1949      EEF7E7CE 
 1949      DB9F0EED 
 1949      7A66E7
 1950 0453 CED02EFC 		.ascii	"\316\320.\374#\362\326\216\3732\205kC\325\007\366V\346"
 1950      23F2D68E 
 1950      FB32856B 
 1950      43D507F6 
 1950      56E6
 1951 0465 D8AAD87F 		.ascii	"\330\252\330\177\342Yl\353"
 1951      E2596CEB 
 1952              		.text
 1953              		.section	.gnu.lto_chMBFetchTimeout.356.72354203a83e6650,"e",%progbits
 1954 0000 789C8D52 		.ascii	"x\234\215R]h\024W\024>g\356\354l\266\202\010\025\037"
 1954      5D681457 
 1954      143E67EE 
 1954      EC6CB682 
 1954      08151F
 1955 0013 B40F8910 		.ascii	"\264\017\211\020\305\0223\026\374}k\215B\005\0275a\237"
 1955      C5123316 
 1955      FC7D6B8D 
 1955      42051735 
 1955      619F
 1956 0025 C3EE6470 		.ascii	"\303\356dp\247dv\226\231\215\232'\257I\033\251\"k\242"
 1956      A7647696 
 1956      998D9A27 
 1956      AF491BA9 
 1956      226BA2
 1957 0038 F8BB2612 		.ascii	"\370\273&\022\"\330\007\251\212mcc\222\265\261\032\023"
ARM GAS  /tmp/ccOzQnUi.s 			page 76


 1957      22D807A9 
 1957      8A6D6363 
 1957      92B5B11A 
 1957      13
 1958 0049 6DDAD407 		.ascii	"m\332\324\007\223\210\201@+\224\226\006\327\306\010"
 1958      93888140 
 1958      2B949606 
 1958      D7C608
 1959 0058 623DF7CE 		.ascii	"b=\367\316\232\335<(\3020s\3577\3379\337w\276{?R\001"
 1959      9ADD3C28 
 1959      C23073EF 
 1959      37DF39DF 
 1959      77BE7B3F 
 1960 006e 3E478015 		.ascii	">G\200\025\000\200\014\260\255\365\220\002\234\363O"
 1960      00800CB0 
 1960      ADF59002 
 1960      9CF34F
 1961 007d 830A1E68 		.ascii	"\203\012\036h=\364\374\357k*\366\243\004\020\366+\270"
 1961      3DF4FCEF 
 1961      6B2AF6A3 
 1961      0410F62B 
 1961      B8
 1962 008e 1F8FB10C 		.ascii	"\037\217\261\014\3036\326Ed5\277B,]E\224\331\257\216"
 1962      C336D645 
 1962      6435BF42 
 1962      2C5D4594 
 1962      D9AF8E
 1963 00a1 F5FF8399 		.ascii	"\365\377\203\231\213Y\265\213)\320N\204\357\020\257"
 1963      8B59B58B 
 1963      29D04E84 
 1963      EF10AF
 1964 00b0 51730022 		.ascii	"Qs\000\"\262]\2602\313\371\257\303\335\234\207\240\213"
 1964      B25DB032 
 1964      CBF9AFC3 
 1964      DD9C87A0 
 1964      8B
 1965 00c1 31FC018B 		.ascii	"1\374\001\2138\004D\376\024\015\331\027>o2\317S\361"
 1965      380444FE 
 1965      140DD917 
 1965      3E6F32CF 
 1965      53F1
 1966 00d3 FA7C9E1A 		.ascii	"\372|\236\032\311I\236\343\363\0167\037\344\213H1\200"
 1966      C9499EE3 
 1966      F30E371F 
 1966      E48B4831 
 1966      80
 1967 00e4 3DF37981 		.ascii	"=\363y\201\010\017\370\312{\305\273\234\034N\017^jY"
 1967      080FF8CA 
 1967      7BC5BB9C 
 1967      1C4E0F5E 
 1967      6A59
 1968 00f6 78F44009 		.ascii	"x\364@\011\371\303^\234\3470r$\240\001\366\241\360\015"
 1968      F9C35E9C 
 1968      E7307224 
 1968      A001F6A1 
 1968      F00D
 1969 0108 A0508106 		.ascii	"\240P\201\006\264F\314\242\250\326\250\272\373\217\365"
ARM GAS  /tmp/ccOzQnUi.s 			page 77


 1969      B446CCA2 
 1969      A8D6A8BA 
 1969      FB8FF5
 1970 0117 4061B4D3 		.ascii	"@a\264\323py$\363j\340\021U\335$\214I\245o$Y\370\232"
 1970      707924F3 
 1970      6AE01155 
 1970      DD248C49 
 1970      A56F2459 
 1971 012d 1D3D3C31 		.ascii	"\035=<1\2624\303E\030\032\016\240h\345\213\341-$(\322"
 1971      B234C345 
 1971      181A0EA0 
 1971      68E58BE1 
 1971      2D2428D2 
 1972 0141 B3409812 		.ascii	"\263@\230\022\314\307\351\261\353\025\003\315|\220\317"
 1972      CCC7E9B1 
 1972      EB1503CD 
 1972      7C90CF
 1973 0150 71A1C0F5 		.ascii	"q\241\300\365\323\023j\263\3172\032\376L\340O\242\033"
 1973      D3136AB3 
 1973      CF321AFE 
 1973      4CE04FA2 
 1973      1B
 1974 0161 903FBC5D 		.ascii	"\220?\274]\354/s\357r\336\240Z0\330\374\037\031\034"
 1974      EC2F73EF 
 1974      72DEA05A 
 1974      30D8FC1F 
 1974      191C
 1975 0173 242C0005 		.ascii	"$,\000\005\275\257{\336G\257\373\3669\015\207\010\274"
 1975      BDAF7BDE 
 1975      47AFFBF6 
 1975      390D8708 
 1975      BC
 1976 0184 3BA7372C 		.ascii	";\2477,\365\210\203\024\325\267\243\201,\177\371\177"
 1976      F5888314 
 1976      D5B7A381 
 1976      2C7FF97F 
 1977 0194 9A67EF84 		.ascii	"\232g\357\204\372\217<\231\036Y\035R\020\273\221&\375"
 1977      FA8F3C99 
 1977      1E591D52 
 1977      10BB9126 
 1977      FD
 1978 01a5 1155C41B 		.ascii	"\021U\304\033\350'\012i&\256\024W\221g\001\2162\305"
 1978      E8270A69 
 1978      26AE1457 
 1978      9167018E 
 1978      32C5
 1979 01b7 DF34D3E6 		.ascii	"\3374\323\346/\344S\255\023(\277\307\227\211O\356E\372"
 1979      2FE453AD 
 1979      1328BFC7 
 1979      97894FEE 
 1979      45FA
 1980 01c9 F1991348 		.ascii	"\361\231\023H\231J07\036\222\254\\o\307\325\334\303"
 1980      994A3037 
 1980      1E92AC5C 
 1980      6FC7D5DC 
 1980      C3
 1981 01da 0F697409 		.ascii	"\017it\011\377\236;\205\002o*\245@\304\025\324p\215"
ARM GAS  /tmp/ccOzQnUi.s 			page 78


 1981      FF9E3B85 
 1981      026F2AA5 
 1981      40C415D4 
 1981      708D
 1982 01ec A45D38F9 		.ascii	"\244]8\371\375\3449\244\\$\255g2\204w\020\376\305\246"
 1982      FDE439A4 
 1982      5C24AD67 
 1982      32847710 
 1982      FEC5A6
 1983 01ff E5C2F525 		.ascii	"\345\302\365%q\254e}J\013]\200 -Uq\351\177A\240/\216"
 1983      71AC657D 
 1983      4A0B5D80 
 1983      202D5571 
 1983      E97F41A0 
 1984 0215 20DE9749 		.ascii	" \336\227I\226\335\224\377K\344\317\337|\225\351\033"
 1984      96DD94FF 
 1984      4BE4CFDF 
 1984      7C95E91B 
 1985 0225 1DA3B912 		.ascii	"\035\243\271\022\020\341\213\276O_\244\237\215\227K"
 1985      10E18BBE 
 1985      4F5FA49F 
 1985      8D974B
 1986 0234 85E7E34B 		.ascii	"\205\347\343K$r\345\352X\230\242\207il9\277\251\223"
 1986      2472E5EA 
 1986      5898A287 
 1986      696C39BF 
 1986      A993
 1987 0246 695FA2D2 		.ascii	"i_\242\322\305B\355\214B\353dJ'c\235\214\302\376\300"
 1987      C542ED8C 
 1987      42EB644A 
 1987      27639D8C 
 1987      C2FEC0
 1988 0259 B7DC87C4 		.ascii	"\267\334\207\304\220\345\247\375\331i\3503gi\350A\337"
 1988      90E5A7FD 
 1988      D969E833 
 1988      6769E841 
 1988      DF
 1989 026a 76C7C449 		.ascii	"v\307\304I_h\352\312Y_\246\327\347-\237{M=X\226\217"
 1989      5F68EACA 
 1989      595FA6D7 
 1989      E72D9F7B 
 1989      4D3D5896 
 1990 027f A56D8662 		.ascii	"\245m\206b\271\353\027\236\236\231\213e(\037\013\024"
 1990      B9EB179E 
 1990      9E998B65 
 1990      281F0B14 
 1991 028f C7325C88 		.ascii	"\3072\\\210\345^q,\371\000\036\310(\212\247>5CS\017"
 1991      E55E712C 
 1991      F9001EC8 
 1991      288AA73E 
 1991      3543530F 
 1992 02a3 E5A7BE3C 		.ascii	"\345\247\276<5\026\0203>\305\246\363\353\304\004 \216"
 1992      35161033 
 1992      3EC5A6F3 
 1992      EBC40420 
 1992      8E
 1993 02b4 16FDD36C 		.ascii	"\026\375\323l\312\212m\231\036wlS\267\242\011}\213c"
ARM GAS  /tmp/ccOzQnUi.s 			page 79


 1993      CA8A6D99 
 1993      1E776C53 
 1993      B7A2097D 
 1993      8B63
 1994 02c6 34D86622 		.ascii	"4\330f\"\345\351\233wVo\257\215E\353\243\011\303\204"
 1994      E5E99B77 
 1994      566FAF8D 
 1994      45EBA309 
 1994      C384
 1995 02d8 8A54DC72 		.ascii	"\212T\334r\353j\223Q7\325\250W\305\255\230\265\243F"
 1995      EB6A9351 
 1995      37D5A857 
 1995      C5AD98B5 
 1995      A346
 1996 02ea 773C7AEA 		.ascii	"w<z\352\255\230\356\271\206n\304\355\230\263\317\364"
 1996      AD98EEB9 
 1996      866EC4ED 
 1996      98B3CFF4 
 1997 02fa 2A0D6076 		.ascii	"*\015`v,\271\270\260\257\374\304\330\270a\355Zc#\250"
 1997      2CB9B8B0 
 1997      AFFCC4D8 
 1997      B861ED5A 
 1997      6323A8
 1998 030d B6B73B19 		.ascii	"\266\267;\031LY\266\3514\2444\267\256\221\366\037\277"
 1998      4C59B6E9 
 1998      34A434B7 
 1998      AE91F61F 
 1998      BF
 1999 031e A5B39BD2 		.ascii	"\245\263\233\322\255\204Q\337PgRk\257\321\253\214C0"
 1999      AD8451DF 
 1999      5067526B 
 1999      AFD1AB8C 
 1999      4330
 2000 0330 16F5CC9D 		.ascii	"\026\365\314\235\256\265\365-%\206c\333NB7\367\245\364"
 2000      AEB5F52D 
 2000      258663DB 
 2000      4E4237F7 
 2000      A5F4
 2001 0342 CFAAC37A 		.ascii	"\317\252\303zU\270f[\215^\345\270\246\276\355M'\333"
 2001      55B8665B 
 2001      8D5EE5B8 
 2001      A6BEED4D 
 2001      27DB
 2002 0354 B3BCDADD 		.ascii	"\263\274\332\335\206A\335\326\275\273K\322q)\004\352"
 2002      8641DDD6 
 2002      BDBB4BD2 
 2002      712904EA 
 2003 0364 B367C3EA 		.ascii	"\263g\303\3520Y0\250\017U-\012\327T\227\012\037I\327"
 2003      305930A8 
 2003      0F552D0A 
 2003      D754970A 
 2003      1F49D7
 2004 0377 AA282D5F 		.ascii	"\252(-_\003\212\013A\333\264\035\267\021^\003\375m\317"
 2004      038A0B41 
 2004      DBB41DB7 
 2004      115E03FD 
 2004      6DCF
ARM GAS  /tmp/ccOzQnUi.s 			page 80


 2005 0389 C4       		.ascii	"\304"
 2006              		.text
 2007              		.section	.gnu.lto_chMBFetchTimeoutS.357.72354203a83e6650,"e",%progbits
 2008 0000 789C7D54 		.ascii	"x\234}TmL[U\030>\357=\267\367\336\266\264|X\370\265"
 2008      6D4C5B55 
 2008      183EEF3D 
 2008      B7F7DEB6 
 2008      B47C58F8 
 2009 0015 34686216 		.ascii	"4hb\026\023\263\316d\321\3751Y\324\304?&~\205\337\013"
 2009      13B3CE64 
 2009      D1FD3159 
 2009      D4C43F26 
 2009      7E85DF0B 
 2010 0029 2D8D74A1 		.ascii	"-\215t\241-\341#\272?zi\371H\320\330\026\310\200\245"
 2010      2DE123BA 
 2010      3F7A69F9 
 2010      48D0D816 
 2010      C880A5
 2011 003c 23B1A90B 		.ascii	"#\261\251\013\363{s(\352`u(qd\013Sq\316\020\2338]\006"
 2011      F37B7328 
 2011      EA607528 
 2011      71640B53 
 2011      71CE109B 
 2012 0053 244C184E 		.ascii	"$L\030NAY\360}\317\271mE\221\246=\367\234\367>\357\363"
 2012      4159F07D 
 2012      CFB96D45 
 2012      91A63DF7 
 2012      9CF73EEF 
 2013 0068 3EE779CF 		.ascii	">\347y\317iDc\354=\306\330Y\374\201\223A_\252Wa\246"
 2013      694463EC 
 2013      3DC6D859 
 2013      FC819341 
 2013      5FAA5761 
 2014 007d 691ED215 		.ascii	"i\036\322\025\350\3079\234\007\261\342\312p\362\014"
 2014      E8C7399C 
 2014      07B1E2CA 
 2014      70F20C
 2015 008c AC2EBEAD 		.ascii	"\254.\276\255\250\235)w\342\330\334\243\252\252t\245"
 2015      A89D2977 
 2015      E2D8DCA3 
 2015      AAAA74A5 
 2016 009c 9C223294 		.ascii	"\234\"2\224\274\016\"dS\272SN\304\327\252=)\267xj0X"
 2016      BC0E2264 
 2016      53BA534E 
 2016      C4D7AA3D 
 2016      29B7786A 
 2017 00b2 64D461B8 		.ascii	"d\324a\270/\263\372\316\354\223\005RC9\216\244\"s\030"
 2017      2FB3FACE 
 2017      EC930552 
 2017      43398EA4 
 2017      227318
 2018 00c5 29049703 		.ascii	")\004\227\003\372\015\011\267CG\312!f\300^Q\270j\323"
 2018      FA0D09B7 
 2018      4347CA21 
 2018      66C05E51 
 2018      B86AD3
 2019 00d8 74C36107 		.ascii	"t\303a\007\234\262\322\247\237\2479\364\361,g\240Z3"
ARM GAS  /tmp/ccOzQnUi.s 			page 81


 2019      9CB2D2A7 
 2019      9FA739F4 
 2019      F12C67A0 
 2019      5A33
 2020 00ea 80DA0730 		.ascii	"\200\332\0070m\275\253\177s\031\322\24395\313\0256\202"
 2020      6DBDAB7F 
 2020      7319D2A3 
 2020      3935CB15 
 2020      3682
 2021 00fc 803180B3 		.ascii	"\2001\200\263@I\010\344\317\262\2759\323\274ri\3344"
 2021      404908E4 
 2021      CFB2BD39 
 2021      D3BC7269 
 2021      DC34
 2022 010e ED2CCB39 		.ascii	"\355,\3139|\014\377\300`\240.F\204\374\210\304-X8\025"
 2022      7C0CFFC0 
 2022      60A02E46 
 2022      84FC88C4 
 2022      2D583815 
 2023 0122 3ED98E53 		.ascii	">\331\216S\353\022\002\027\225\270\327\342=f\005V\264"
 2023      EB120217 
 2023      95B8D7E2 
 2023      3D660556 
 2023      B4
 2024 0133 C167DB71 		.ascii	"\301g\333q\266\272\264*+\277H\343\375\250p\345\356\273"
 2024      B6BAB42A 
 2024      2BBF48E3 
 2024      FDA870E5 
 2024      EEBB
 2025 0145 DDEE6487 		.ascii	"\335\356d\207\201\372`\002\266)\254;\245j\014&\201t"
 2025      81FA6002 
 2025      B629AC3B 
 2025      A56A0C26 
 2025      8174
 2026 0157 63633001 		.ascii	"cc0\001\3734\202[\313\001eS\251\365\315\236\3617\275"
 2026      FB34825B 
 2026      CB016553 
 2026      A9F5CD9E 
 2026      F137BD
 2027 016a 6993F6A7 		.ascii	"i\223\366\247\011\365`\345\303\347\200\241\272\264\203"
 2027      09F560E5 
 2027      C3E780A1 
 2027      BAB483
 2028 0179 EA1072E8 		.ascii	"\352\020r\350\247__\327\315\257\314\"\222\225\220\322"
 2028      A75F5FD7 
 2028      CDAFCC22 
 2028      929590D2 
 2029 0189 0E8D0CBB 		.ascii	"\016\215\014\2734\310\341\002\006\317\023\027\303\202"
 2029      34C8E102 
 2029      06CF1317 
 2029      C382
 2030 0197 30250A22 		.ascii	"0%\012\"\006P\313\373\337\330r\346\346V\3024oFOL\255"
 2030      0650CBFB 
 2030      DFD872E6 
 2030      E656C234 
 2030      6F464F4C 
 2031 01ac 4DC01EC0 		.ascii	"M\300\036\300})\032\016\272NN\0304\220I\206\003\007"
ARM GAS  /tmp/ccOzQnUi.s 			page 82


 2031      7D291A0E 
 2031      BA4E4E18 
 2031      34904986 
 2031      0307
 2032 01be BB939665 		.ascii	"\273\223\226e4\270h\351\306\301QNC\005\3008TR\254\012"
 2032      34B868E9 
 2032      C6C1514E 
 2032      4305C038 
 2032      5452AC0A 
 2033 01d2 E01C7868 		.ascii	"\340\034xh\2435\000\237b\235\004go\3750\3700\2309\306"
 2033      A335009F 
 2033      629D0467 
 2033      6FFD30F8 
 2033      309839C6 
 2034 01e6 925C11F3 		.ascii	"\222\\\021\3638\316\227\300\274\376\327\274\035\245"
 2034      38CE97C0 
 2034      BCFED7BC 
 2034      1DA5
 2035 01f4 89E9D67C 		.ascii	"\211\351\326|\215x\246\362b}\037#4\307=\230*\301m\""
 2035      8D78A6F2 
 2035      627D1F23 
 2035      34C73D98 
 2035      2AC16D22 
 2036 0208 468001AF 		.ascii	"F\200\001\257x\014\347\025v\013b\347N\2713\\\263\216"
 2036      780CE715 
 2036      760B62E7 
 2036      4EB9335C 
 2036      B38E
 2037 021a 09174E9E 		.ascii	"\011\027N\236\244\223\210\035pfx\005|\011l\277\\\352"
 2037      A493881D 
 2037      70667805 
 2037      7C096CBF 
 2037      5CEA
 2038 022c 300D27C4 		.ascii	"0\015'\3049[\204\316\305)?\246Q\216\016\362\324%\271"
 2038      395B84CE 
 2038      C5293FA6 
 2038      518E0EF2 
 2038      D425B9
 2039 023f BAFEC11B 		.ascii	"\272\376\301\033\313\274\250\355C,\260\004\261Z\364"
 2039      CBBCA8ED 
 2039      432CB004 
 2039      B15AF4
 2040 024e 0F8928B4 		.ascii	"\017\211(\264\266\221X\351\035\004\264P\000\356\314"
 2040      B69158E9 
 2040      1D04B450 
 2040      00EECC
 2041 025d 1C03F842 		.ascii	"\034\003\370B\3167f@\250YD5\225\226\032\315R\203\256"
 2041      CE376640 
 2041      A8594435 
 2041      95961ACD 
 2041      5283AE
 2042 0270 9491948B 		.ascii	"\224\221\224\213(\245SHq\301\014J\001&\231b+\247\373"
 2042      28A55348 
 2042      71C10C4A 
 2042      01269962 
 2042      2BA7FB
 2043 0283 D66E1868 		.ascii	"\326n\030h\004\265\252\250\256\2228\334Eu\266\330Rw"
ARM GAS  /tmp/ccOzQnUi.s 			page 83


 2043      04B5AAA8 
 2043      AE9238DC 
 2043      4575B6D8 
 2043      5277
 2044 0295 5551DC58 		.ascii	"UQ\334X\236\313z\325\031\256\377\377\236U\270\214\205"
 2044      9ECB7AD5 
 2044      19AEFFFF 
 2044      9E55B88C 
 2044      85
 2045 02a6 1424B805 		.ascii	"\024$\270\005\3613\335\337\361\01470\201\316\011f\257"
 2045      F133DDDF 
 2045      F10C3730 
 2045      81CE0966 
 2045      AF
 2046 02b7 F4422175 		.ascii	"\364B!u\241z\207\334Y\231\2139\204\036z\365.\032a\267"
 2046      A17A87DC 
 2046      59998B39 
 2046      841E7AF5 
 2046      2E1A61B7 
 2047 02cb 36A7022B 		.ascii	"6\247\002+\324T\210\361k`\222r\331\"\344\342E\015\275"
 2047      D45488F1 
 2047      6B609272 
 2047      D922E4E2 
 2047      450DBD
 2048 02de C02C21FA 		.ascii	"\300,!\372#\257\354\2307\303\235\273i\236\303\272\\"
 2048      23AFEC98 
 2048      37C39DBB 
 2048      699EC3BA 
 2048      5C
 2049 02ef F6293F75 		.ascii	"\366)?uDHv\222\011\177\202\003mQg\267r\337\377f\220"
 2049      44487692 
 2049      097F8203 
 2049      6D5167B7 
 2049      72DFFF66 
 2050 0304 F349AE75 		.ascii	"\363I\256u\214\305\355\005Wn\237\276 }\224\326\354\311"
 2050      8CC5ED05 
 2050      576E9FBE 
 2050      207D94D6 
 2050      ECC9
 2051 0316 F0B2DDCA 		.ascii	"\360\262\335\312\\\3052*\263d\337P\012\320Q\367\016"
 2051      5CC5322A 
 2051      B364DF50 
 2051      0AD051F7 
 2051      0E
 2052 0327 D86B052B 		.ascii	"\330k\005+\312D3\364m\315\230\020\315\210\247\273\311"
 2052      CA4433F4 
 2052      6DCD9810 
 2052      CD88A7BB 
 2052      C9
 2053 0338 2057863B 		.ascii	" W\206;d\347\266\360S\376/\237G]\377!w\303\2748\014"
 2053      64E7B6F0 
 2053      53FE2F9F 
 2053      475DFF21 
 2053      77C3BC38 
 2054 034d 48EE1274 		.ascii	"H\356\022t\337\312\336\016\364\"\233\273\330 o)\021"
 2054      DFCADE0E 
 2054      F4229BBB 
ARM GAS  /tmp/ccOzQnUi.s 			page 84


 2054      D8206F29 
 2054      11
 2055 035e 63566E39 		.ascii	"cVn9\374\210\2716\306:\013\236;\000\357\017[\201\256"
 2055      FC88B936 
 2055      C63A0B9E 
 2055      3B00EF0F 
 2055      5B81AE
 2056 0371 5A8C2959 		.ascii	"Z\214)Y^1\"u\273I\223Ag\261R\024\231\363\"(n\201\252"
 2056      5E312275 
 2056      BB499341 
 2056      67B15214 
 2056      99F32228 
 2057 0388 46C8EF2C 		.ascii	"F\310\357,\277G\274\272\346\025{4~\237>>_\272\016\253"
 2057      BF47BCBA 
 2057      E6157B34 
 2057      7E9F3E3E 
 2057      5FBA0EAB 
 2058 039c F2BE0DF4 		.ascii	"\362\276\015\364\336AY\345EY{w\226\3653\312\322,Y\243"
 2058      DE4159E5 
 2058      45597B77 
 2058      96F533CA 
 2058      D22C59A3 
 2059 03b0 E524EB17 		.ascii	"\345$\353\027KV\206{DM\317\010\231\217T\031^\225\345"
 2059      4B56867B 
 2059      444DCF08 
 2059      998F5419 
 2059      5E95E5
 2060 03c3 D5F2AA4D 		.ascii	"\325\362\252M\"\267G\224[\313\273\250\377\013Sx\241"
 2060      22B74794 
 2060      5BCBBBA8 
 2060      FF0B5378 
 2060      A1
 2061 03d4 3CA45DB1 		.ascii	"<\244]\261nB\202;\256\236\\\270\210\377\214\250\321"
 2061      6E42823B 
 2061      AE9E5CB8 
 2061      88FF8CA8 
 2061      D1
 2062 03e5 5EFC37B9 		.ascii	"^\3747\271\015\261C\310\006\342\230\200Lx\231\347W7"
 2062      0DB143C8 
 2062      06E29880 
 2062      4C7899E7 
 2062      5737
 2063 03f7 C4BDBA09 		.ascii	"\304\275\272\011\3724\351\366\030\223\177\204\220\002"
 2063      FA34E9F6 
 2063      18937F84 
 2063      9002
 2064 0405 445E2C47 		.ascii	"D^,G\204\367\372\032\243\341\240/T\037\361=\021\015"
 2064      84F7FA1A 
 2064      A3E1A02F 
 2064      541FF13D 
 2064      110D
 2065 0417 B4878391 		.ascii	"\264\207\203\221\266V\337c\317<\367\324a\177}S}$\020"
 2065      B656DF63 
 2065      CF3CF7D4 
 2065      617F7D53 
 2065      7D2410
 2066 042a 640FB635 		.ascii	"d\017\2665\206Z\032\0167\327\267\264\035\365=\336\030"
ARM GAS  /tmp/ccOzQnUi.s 			page 85


 2066      865A1A0E 
 2066      37D7B7B4 
 2066      1DF53DDE 
 2066      18
 2067 043b F2879E7E 		.ascii	"\362\207\236~\336\027m\305oS\310\357km\011\370\002\215"
 2067      DE176DC5 
 2067      6F53C8EF 
 2067      6B6D09F8 
 2067      028D
 2068 044d 617FF4A5 		.ascii	"a\177\364\245`\353\276\000\343a\177\263\247\264\336"
 2068      60EBBE00 
 2068      E3617FB3 
 2068      A7B4DE
 2069 045c F750E0E0 		.ascii	"\367P\340\340#\007\016\004\01625\334\372B\263\336\026"
 2069      23070E04 
 2069      0E3235DC 
 2069      FA42B3DE 
 2069      16
 2070 046d 0A07A3ED 		.ascii	"\012\007\243\355mZK\303Q\\\357\337\2259\024\0114\265"
 2070      6D5A4BC3 
 2070      515CEFDF 
 2070      95391409 
 2070      34B5
 2071 047f 37044BEC 		.ascii	"7\004K\354\215\354o\014/i\\"
 2071      8DEC6F0C 
 2071      2F695C
 2072              		.text
 2073              		.section	.gnu.lto_chMBFetchI.358.72354203a83e6650,"e",%progbits
 2074 0000 789C7D54 		.ascii	"x\234}T[hTW\024=\373\2343\367N\346\225|\244\024\012"
 2074      5B685457 
 2074      143DFB9C 
 2074      33F74EE6 
 2074      957CA414 
 2075 0015 B1A92055 		.ascii	"\261\251 U\220\214\202\240?Ri\005\177\004\253\222O\221"
 2075      908C82A0 
 2075      3F526905 
 2075      7F04AB92 
 2075      4F91
 2076 0027 CC387446 		.ascii	"\3148tF2I\310DP\250\346:\223\207\214%\366\252h\2041"
 2076      3249C844 
 2076      50A8E63A 
 2076      93878C25 
 2076      F6AA6884 
 2077 003c D27194E8 		.ascii	"\322q\224\350\217(}D\315cR\261\217\024EE\015\026t \037"
 2077      8F287D44 
 2077      CD6352B1 
 2077      8F144545 
 2077      0D167420 
 2078 0051 D608C6A4 		.ascii	"\326\010\306\244i\251\217\204\270\367\271w\356\324W"
 2078      69A98F84 
 2078      B8F7B977 
 2078      EED457
 2079 0060 4272E69C 		.ascii	"Br\346\234s\327Z{\355\265\357\244\312\305\330\011\306"
 2079      73D75A7B 
 2079      EDB5EFA4 
 2079      CAC5D809 
 2079      C6
ARM GAS  /tmp/ccOzQnUi.s 			page 86


 2080 0071 D8D7F807 		.ascii	"\330\327\370\007n\006\007\3154g\206a\254\3219\3574\367"
 2080      6E0607CD 
 2080      34678661 
 2080      ACD139EF 
 2080      34F7
 2081 0083 73B80CDD 		.ascii	"s\270\014\335\307je\312\014<zx\3663)x\233\351\375n\352"
 2081      C76A65CA 
 2081      0C3C7A78 
 2081      F6332978 
 2081      9BE9FD6E 
 2082 0098 D7D5B2D3 		.ascii	"\327\325\262\323\014\024\272\372\270\224\274\335\364"
 2082      0C14BAFA 
 2082      B894BCDD 
 2082      F4
 2083 00a5 22A15A76 		.ascii	"\"\241Zv\230\001\365\351\202#\216\210\006G\315\364\350"
 2083      9801F5E9 
 2083      82238E88 
 2083      0647CDF4 
 2083      E8
 2084 00b6 BED43AD4 		.ascii	"\276\324:\324Q\027:\354u\036\002k\345B\2724\035Z\341"
 2084      51173AEC 
 2084      751E026B 
 2084      E542BA34 
 2084      1D5AE1
 2085 00c9 90C80838 		.ascii	"\220\310\0108(r\202\201\264w\000\325K\020\367\254\375"
 2085      28728281 
 2085      B47700D5 
 2085      4B10F7AC 
 2085      FD
 2086 00da D0FDA790 		.ascii	"\320\375\247\220\351\315\313\234\340\254\007\001?\000"
 2086      E9CDCB9C 
 2086      E0AC0701 
 2086      3F00
 2087 00e8 7C0FE897 		.ascii	"|\017\350\227!Pld\237\346\015\343\306@\237a\224\261"
 2087      21506C64 
 2087      9FE60DE3 
 2087      C6409F61 
 2087      94B1
 2088 00fa 9C10F013 		.ascii	"\234\020\360\023\374\017\203\027\265\027HZl\267p\367"
 2088      FC0F8317 
 2088      B517485A 
 2088      6CB770F7 
 2089 010a 6C9C848B 		.ascii	"l\234\204\213\257\343d\355\220`LcT\001\243@\212\332"
 2089      AFE364ED 
 2089      90604C63 
 2089      5401A340 
 2089      8ADA
 2090 011c 03F403D5 		.ascii	"\003\364\003\325!\362\263\301\316\276S\0132\0069q\251"
 2090      21F2B3C1 
 2090      CEBE530B 
 2090      32063971 
 2090      A9
 2091 012d 3A60F361 		.ascii	":`\363a\000\360\2526\343A\344\"Bv\217\317v\351\306o"
 2091      00F0AA36 
 2091      E341E422 
 2091      42768FCF 
 2091      76E9C66F 
ARM GAS  /tmp/ccOzQnUi.s 			page 87


 2092 0141 86836425 		.ascii	"\206\203d%\244e\\\303\326\272gt\030\304\273\313$E\265"
 2092      A4655CC3 
 2092      D6BA6774 
 2092      18C4BBCB 
 2092      2445B5
 2093 0154 6148D523 		.ascii	"aH\325#\310\271[\256\27413w\3000\236\356.\314\234\374"
 2093      C8B95BAE 
 2093      BC313377 
 2093      C0309EEE 
 2093      2ECC9CFC 
 2094 0168 063E0074 		.ascii	"\006>\000t\311]\000}\350,'4\235L\273i\241~t\017\355"
 2094      C95D007D 
 2094      E82C2734 
 2094      9D4CBB69 
 2094      A17E740F 
 2095 017d BCB4F870 		.ascii	"\274\264\370pq\373q)\013\320\256\002\340\022\012\036"
 2095      71FB7129 
 2095      0BD0AE02 
 2095      E0120A1E 
 2096 018d 1014BA21 		.ascii	"\020\024\272!\301\3103\366\255\340\326!\205\207\307"
 2096      C1C833F6 
 2096      ADE0D621 
 2096      8587C7
 2097 019c 608C0D15 		.ascii	"`\214\015\025\216\000\332P\373\233\005\365\271\320Y"
 2097      8E00DA50 
 2097      FB9B05F5 
 2097      B9D059
 2098 01ab C6EE7ECC 		.ascii	"\306\356~\314& \331\177\306\237\025\232=\034\241R9M"
 2098      2620D97F 
 2098      C69F159A 
 2098      3D1CA152 
 2098      394D
 2099 01bd 4375E784 		.ascii	"Cu\347\204'\213m\016\003[f\0355\370\031\216S\214l\034"
 2099      278B6D0E 
 2099      035B661D 
 2099      35F8198E 
 2099      538C6C1C 
 2100 01d1 DAC6AF7C 		.ascii	"\332\306\257|\2044\342hjhT]\014\377x\367\205p\252O\251"
 2100      8434E268 
 2100      6A68545D 
 2100      0CFF78F7 
 2100      8570AA4F 
 2101 01e6 8AC96A0C 		.ascii	"\212\311j\014\003\205\350jz\266k2}\0240\017\005\370"
 2101      0385E86A 
 2101      7AB66B32 
 2101      7D14300F 
 2101      05F8
 2102 01f8 7704EDE5 		.ascii	"w\004\355\345\255\375\363\021Pn\306\003Y\021\260\335"
 2102      ADFDF311 
 2102      506EC603 
 2102      5911B0DD 
 2103 0208 B86C37D8 		.ascii	"\270l7\330\257\227\254\\E+m\312\212\017~A+\300,\245"
 2103      AF97AC5C 
 2103      452B6DCA 
 2103      8A0F7E41 
 2103      2BC02CA5 
 2104 021c E4E4F9E4 		.ascii	"\344\344\371\344\334\026l\224bw\314\005H\302\357\230"
ARM GAS  /tmp/ccOzQnUi.s 			page 88


 2104      DC166C94 
 2104      6277CC05 
 2104      48C2EF98 
 2105 022c 93FDFDE7 		.ascii	"\223\375\375\347\376*\231\233.p\253^eV\350\357\357Y"
 2105      FE2A999B 
 2105      2E70AB5E 
 2105      6556E8EF 
 2105      EF59
 2106 023e C2EF5888 		.ascii	"\302\357X\210\243\302\004\244.t\\\025Y\341F\002\315"
 2106      A3C204A4 
 2106      2E745C15 
 2106      59E14602 
 2106      CD
 2107 024f 1CD99369 		.ascii	"\034\331\223i(R\037U\276\203\373\207\305E\016\241\273"
 2107      28521F55 
 2107      BE83FB87 
 2107      C5450EA1 
 2107      BB
 2108 0260 F73FC120 		.ascii	"\367?\301 \312\354\346$\260bMN\212\327\200Y\222\367"
 2108      CAECE624 
 2108      B0624D4E 
 2108      8AD78059 
 2108      92F7
 2109 0272 6D41AE1E 		.ascii	"mA\256\036T\320\003d)\323\377\330\023\253\312\012\317"
 2109      54D00364 
 2109      29D3FFD8 
 2109      13ABCA0A 
 2109      CF
 2110 0283 7C9E6F60 		.ascii	"|\236o`]a\315\351\301\225\220\262\354\261cp\365<\030"
 2110      5D61CDE9 
 2110      C19590B2 
 2110      ECB16370 
 2110      F53C18
 2111 0296 9D062786 		.ascii	"\235\006'\206\377\012\302\212\341\303\254\360\316'y"
 2111      FF0AC28A 
 2111      E1C3ACF0 
 2111      CE2779
 2112 02a5 0B2525B3 		.ascii	"\013%%\263-\336\341Eh\257\377\035\330\333\305\266\275"
 2112      2DDEE145 
 2112      68AFFF1D 
 2112      D8DBC5B6 
 2112      BD
 2113 02b6 AAA4F67A 		.ascii	"\252\244\366z\362/U\362\251L\007\245\341s\3464\207?"
 2113      F22F55F2 
 2113      A94C07A5 
 2113      E173E634 
 2113      873F
 2114 02c8 E56F84DA 		.ascii	"\345o\204\332\353{K\335\017\243j\362\250\356Sr\346\330"
 2114      EB7B4BDD 
 2114      0FA36AF2 
 2114      A8EE5372 
 2114      E6D8
 2115 02da 62621D4E 		.ascii	"bb\035N\243\232\337\231FU\211\210w67\000\367\220\213"
 2115      A39ADF99 
 2115      46558988 
 2115      77363700 
 2115      F7908B
ARM GAS  /tmp/ccOzQnUi.s 			page 89


 2116 02ed FF1ADB8A 		.ascii	"\377\032\333\212\001\227\301\237(5\011\355\325x\207"
 2116      0197C19F 
 2116      283509ED 
 2116      D57887
 2117 02fc E7F21ECB 		.ascii	"\347\362\036\313\270\237<\351\364\342U\250\"\207C\252"
 2117      B89F3CE9 
 2117      F4E255A8 
 2117      228743AA 
 2118 030c 13BDF4F5 		.ascii	"\023\275\364\365\372\033\222k\020H\257\327\013P\003"
 2118      FA1B926B 
 2118      1048AFD7 
 2118      0B5003
 2119 031b E5B0875F 		.ascii	"\345\260\207_\237\235r\343{h\035\231v\332\324\254m\253"
 2119      9F9D72E3 
 2119      7B681D99 
 2119      76DAD4AC 
 2119      6DAB
 2120 032d 98303BFC 		.ascii	"\2300;\374\370m\005K!\231\247i|\022\2146\306#\301X]"
 2120      F86D054B 
 2120      2199A769 
 2120      7C128C36 
 2120      C623C158 
 2121 0342 43706D63 		.ascii	"CpmcxG<\322\320\222\010~\376\345\246\365[Cu\365u\015"
 2121      78473CD2 
 2121      D092087E 
 2121      FEE5A6F5 
 2121      5B4375F5 
 2122 0358 E1085BDA 		.ascii	"\341\010[\332\022\2155o\333\332T\327\334\262+\370E4"
 2122      128D356F 
 2122      DBDA54D7 
 2122      DCB22BF8 
 2122      4534
 2123 036a 168A6DD8 		.ascii	"\026\212m\330\034lL\340o},\024L4\207\203\341h<\324\270"
 2123      1C6C4CE0 
 2123      6F7D2C14 
 2123      4C348783 
 2123      E1683CD4 
 2124 037f 3392A809 		.ascii	"3\222\250\0113\021\0175U\226\3165\313\303\253V\256X"
 2124      33110F35 
 2124      5596CE35 
 2124      CBC3AB56 
 2124      AE58
 2125 0391 115EC564 		.ascii	"\021^\305d<\361U\323\262y\245b\015\341\372\035\333\""
 2125      3CF155D3 
 2125      B279A562 
 2125      0DE1FA1D 
 2125      DB22
 2126 03a3 25B9287B 		.ascii	"%\271({\0053w\350\270"
 2126      053377E8 
 2126      B8
 2127              		.text
 2128              		.section	.gnu.lto_.symbol_nodes.72354203a83e6650,"e",%progbits
 2129 0000 789C7591 		.ascii	"x\234u\221MK\303@\020\206g\337I7M\332t\241\202\005\013"
 2129      4D4BC340 
 2129      108667DF 
 2129      49374DDA 
 2129      74A18205 
ARM GAS  /tmp/ccOzQnUi.s 			page 90


 2130 0015 FA2FFC7B 		.ascii	"\372/\374{S%x\026\004\205\236s\322\203w\351I\242G\357"
 2130      53257816 
 2130      04859E73 
 2130      D28377E9 
 2130      49A247EF 
 2131 0029 523F6BFC 		.ascii	"R?k\374\240(x\362\252Iw\233\2233\247\027\236\367\031"
 2131      A02878F2 
 2131      AA49779B 
 2131      9333A717 
 2131      9EF719
 2132 003c 96D96310 		.ascii	"\226\331c\020\021\346\020\232\324\023\231\303\033\""
 2132      11E6109A 
 2132      D41399C3 
 2132      1B22
 2133 004a 21BA98EC 		.ascii	"!\272\230\354\0312\324\014\356!F\205w\020\250\360\021"
 2133      1932D40C 
 2133      EE214685 
 2133      7710A8F0 
 2133      11
 2134 005b C2A7B727 		.ascii	"\302\247\267'\273\377\261\007H\244\212O\220\216\012"
 2134      BBFFB107 
 2134      48A48A4F 
 2134      908E0A
 2135 006a 1710AB6D 		.ascii	"\027\020\253m}\206\304\252\370\002\351\252\360\025\222"
 2135      7D86C4AA 
 2135      F802E9AA 
 2135      F01592
 2136 0079 685B2B48 		.ascii	"h[+H\252\212o\220\236\006\315\022\322\377\015\263\263"
 2136      AA8A6F90 
 2136      9E06CD12 
 2136      D2FF0DB3 
 2136      B3
 2137 008a 2A5073E8 		.ascii	"*Ps\350\206\232\017H\246\261/\310@c\237\020\24706}\377"
 2137      869A0F48 
 2137      A6B12FC8 
 2137      40639F10 
 2137      A730367D 
 2138 009f 943C6D63 		.ascii	"\224<mc\2252\302\377]\306\214\254-\260\333_\036\014"
 2138      9532C2FF 
 2138      5DC68CAC 
 2138      2DB0DB5F 
 2138      1E0C
 2139 00b1 4DB1C59C 		.ascii	"M\261\305\234\255RU\247\301\317\365t\316\246\032s\304"
 2139      AD5255A7 
 2139      C1CFF574 
 2139      CEA61A73 
 2139      C4
 2140 00c2 BEB988B9 		.ascii	"\276\271\210\271\343\216\316\256\276\331\344#\266n]"
 2140      E38ECEAE 
 2140      BED9E423 
 2140      B66E5D
 2141 00d1 B55E2AC6 		.ascii	"\265^*\306l\203Tlsl[\251\033\244r\304\211\227\362\015"
 2141      6C83546C 
 2141      736C5BA9 
 2141      1BA472C4 
 2141      8997F20D 
 2142 00e5 4EBC54D6 		.ascii	"N\274T\326)H\345&\247I+\365\334lv\376^\257\032\322\037"
ARM GAS  /tmp/ccOzQnUi.s 			page 91


 2142      2948E526 
 2142      A7492BF5 
 2142      DC6C76FE 
 2142      5EAF1AD2 
 2143 00fa 85B1C543 		.ascii	"\205\261\305C"
 2144              		.text
 2145              		.section	.gnu.lto_.refs.72354203a83e6650,"e",%progbits
 2146 0000 789C6364 		.ascii	"x\234cd\000\002\000\000\012\000\002"
 2146      00020000 
 2146      0A0002
 2147              		.text
 2148              		.section	.gnu.lto_.decls.72354203a83e6650,"e",%progbits
 2149 0000 789CC558 		.ascii	"x\234\305X\011PTW\026\375\367\275\246\273\3714\202\212"
 2149      09505457 
 2149      16FDF7BD 
 2149      A6BBF934 
 2149      828A
 2150 0012 6352A9C9 		.ascii	"cR\251\311\230\030'L2\332\021\223\230\331\2524F\035"
 2150      9818274C 
 2150      32DA1193 
 2150      98D9AA34 
 2150      461D
 2151 0024 26317124 		.ascii	"&1q$\326TR\251\352\301\3566\315\014\320\332\335\030"
 2151      D65452A9 
 2151      EAC1EE36 
 2151      CD0CD0DA 
 2151      DD18
 2152 0036 4DD54CB5 		.ascii	"M\325L\265\202\242\342\202kL\244\0245*\356\270\002\242"
 2152      82A2E282 
 2152      6B4CA414 
 2152      352AEEB8 
 2152      02A2
 2153 0048 D8821A14 		.ascii	"\330\202\032\024\027\\p\005\343\022\001E\024\003*\340"
 2153      175C7005 
 2153      E3120145 
 2153      14032AE0 
 2154 0058 36F7BDBF 		.ascii	"6\367\275\277uC\343\230\231\252\231/\367\367\373\357"
 2154      7543E398 
 2154      99AA992F 
 2154      F7F7FBEF 
 2155 0068 DD7BCFB9 		.ascii	"\335{\317\271\367\276\345\177'u\025\204i:A0\032\004"
 2155      F7BEE57F 
 2155      27751584 
 2155      693A4130 
 2155      1A04
 2156 007a E1095EE1 		.ascii	"\341\011^\341\202 \034G\011C)D\361\2414\240T\242\334"
 2156      82201C47 
 2156      09432944 
 2156      F1A134A0 
 2156      54A2DC
 2157 008d 41F911E5 		.ascii	"A\371\021\345\023\224F\024=\312\036\224\373\202tE\242"
 2157      13944614 
 2157      3DCA1E94 
 2157      FB827445 
 2157      A2
 2158 009e E8007DA1 		.ascii	"\350\000}\241\210(\221(]P\272\243<\217\362\002\312\317"
 2158      88289128 
ARM GAS  /tmp/ccOzQnUi.s 			page 92


 2158      5D50BAA3 
 2158      3C8FF202 
 2158      CACF
 2159 00b0 517AA2F4 		.ascii	"Qz\242\364By\015%\006\345-\224\337\242\374\036\204v"
 2159      42790D25 
 2159      06E52D94 
 2159      DFA2FC1E 
 2159      8476
 2160 00c2 57281104 		.ascii	"W(\021\004\306\311\201\322\005%J\346\343\223\3711\036"
 2160      C6C981D2 
 2160      05254AE6 
 2160      E393F931 
 2160      1E
 2161 00d3 7F0089D3 		.ascii	"\177\000\211\323m\231\347i\224\023r\014u(\327QjQn\240"
 2161      6D99E769 
 2161      9413720C 
 2161      7528D751 
 2161      6A516EA0 
 2162 00e7 54A3D4A3 		.ascii	"T\243\324\243\324\240\234\222c-G\271\211Be\376\003Q"
 2162      D4A09C92 
 2162      632D47B9 
 2162      894265FE 
 2162      0351
 2163 00f9 06A3303A 		.ascii	"\006\2430:ym\370t#\222\337\266|\206\242\3620\224\021"
 2163      796DF874 
 2163      2392DFB6 
 2163      7C86A2F2 
 2163      309411
 2164 010c 28712806 		.ascii	"(q(\006\224\217Q\336\224c2\012RN>E\371\014\305\202\022"
 2164      948F51DE 
 2164      9463320A 
 2164      524E3E45 
 2164      F90CC582 
 2165 0121 8F6293F3 		.ascii	"\217b\223\363\365V\220\330;#V\247\016bo\224\343-\224"
 2165      F55690D8 
 2165      3B2356A7 
 2165      0E626F94 
 2165      E32D94
 2166 0134 EBA1C46D 		.ascii	"\353\241\304m\007\251.}\031\0079\376Z9\007\376\261\263"
 2166      07A92E7D 
 2166      190739FE 
 2166      5A3907FE 
 2166      B1B3
 2167 0146 78892061 		.ascii	"x\211 a\307\004\301\356\205\203\242\037\356\036\031"
 2167      C704C1EE 
 2167      8583A21F 
 2167      EE1E19
 2168 0155 FB7E9B58 		.ascii	"\373~\233XG\243D\310\366\014\257K\0071F\006\301x\011"
 2168      47A344C8 
 2168      F60CAF4B 
 2168      07314606 
 2168      C17809
 2169 0168 319EEB00 		.ascii	"1\236\353\000\303\001RL>A\233o\237\3121\177\016\332"
 2169      C301524C 
 2169      3E419B6F 
 2169      9FCA317F 
 2169      0EDA
ARM GAS  /tmp/ccOzQnUi.s 			page 93


 2170 017a 5C2C0C12 		.ascii	"\\,\014\022\267\222\367\004\224\337\310y`q\337\220\363"
 2170      B792F704 
 2170      94DFC879 
 2170      6071DF90 
 2170      F3
 2171 018b 512DE7E4 		.ascii	"Q-\347\344\246\234\0136\316\3709Q\306\242\270\345\271"
 2171      A69C0B36 
 2171      CEF83951 
 2171      C6A2B8E5 
 2171      B9
 2172 019c A8CCCBB6 		.ascii	"\250\314\313\266\227\031yw\015\302\373\277\341\254\177"
 2172      97197977 
 2172      0DC2FBBF 
 2172      E1AC7F
 2173 01ab 0AC71041 		.ascii	"\012\307\020AZCm\371\265\275\372\377\2075{\241\203\232"
 2173      5A436DF9 
 2173      B5BDFAFF 
 2173      87357BA1 
 2173      839A
 2174 01bd 3D1F04A3 		.ascii	"=\037\004\243\337\377\261f\327\333\324\354\371\237P"
 2174      DFFFB166 
 2174      D7DBD4EC 
 2174      F99F50
 2175 01cc B3DFFD8F 		.ascii	"\263\337\375\217j\246pd5\373\3713\324\354}y?i\313\313"
 2175      6AA67064 
 2175      35FBF933 
 2175      D4EC7D79 
 2175      3F69CBCB 
 2176 01e0 17A46E1E 		.ascii	"\027\244n\036\224\227\375\352\326\253\203\272\365\014"
 2176      9497FDEA 
 2176      D6AB83BA 
 2176      F50C
 2177 01ee 82331471 		.ascii	"\2023\024q~\366\024\034%\017z\277<(9h\033\377\323\352"
 2177      7EF6141C 
 2177      250F7ABF 
 2177      3C283968 
 2177      1BFFD3EA 
 2178 0202 A5E440C9 		.ascii	"\245\344@\311\211\262\327\260|\364|\206:\215D\236\235"
 2178      89B2D7B0 
 2178      7CF47C86 
 2178      3A8D449E 
 2178      9D
 2179 0213 3BE0F953 		.ascii	";\340\371S9*\365\011\306\211\355\365\257=\245.s)|\002"
 2179      392AF509 
 2179      C689EDF5 
 2179      AF3DA52E 
 2179      73297C02 
 2180 0227 EC408CE0 		.ascii	"\354@\214\340-\201\022\301\354\345Wqw\001vH\026\375"
 2180      2D8112C1 
 2180      ECE55771 
 2180      77017648 
 2180      16FD
 2181 0239 C3E8074C 		.ascii	"\303\350\007L\263\013\350\360\036\005=\026S2\267\361"
 2181      B30BE8F0 
 2181      1E053D16 
 2181      5332B7F1 
 2182 0249 7EA95EF4 		.ascii	"~\251^\364y\275\015^_Z\250\000;\001\012@\200|@/y\000"
ARM GAS  /tmp/ccOzQnUi.s 			page 94


 2182      79BD0D5E 
 2182      5F5AA800 
 2182      3B010A40 
 2182      807C402F 
 2183 025f DB01B601 		.ascii	"\333\001\266\001*\353\271s\003o1\257\343i\234\200\326"
 2183      2AEBB973 
 2183      036F31AF 
 2183      E3699C80 
 2183      D6
 2184 0270 B74F5714 		.ascii	"\267OW\024\353Eo[\353\"@5\264\336\015\260\013P\355\314"
 2184      EB456F5B 
 2184      EB224035 
 2184      B4DE0DB0 
 2184      0B50EDCC 
 2185 0284 E29D330D 		.ascii	"\342\2353\015&\016\222]\254\203= +\012\340\003Ab\324"
 2185      260E925D 
 2185      AC833D20 
 2185      2B0AE003 
 2185      4162D4
 2186 0297 83DF8D9C 		.ascii	"\203\337\215\234\227O\352z\216~\"\320\317\004\232$P"
 2186      974FEA7A 
 2186      8E7E22D0 
 2186      CF049A24 
 2186      50
 2187 02a8 B740C733 		.ascii	"\267@\3073\274+M\033V\223\256R`>\036\024\034\0048\004"
 2187      BC2B4D1B 
 2187      5693AE52 
 2187      603E1E14 
 2187      1C043804 
 2188 02bc 08C69234 		.ascii	"\010\306\2224\021\230\322\274C\323\352\304@\2452M\211"
 2188      1198D2BC 
 2188      43D3EAC4 
 2188      40A5324D 
 2188      89
 2189 02cd 79A94F2D 		.ascii	"y\251O-5jt\016kt\216\340\215\316`^\364gn\335Y\032\326"
 2189      356A740E 
 2189      6B748EE0 
 2189      8DCE605E 
 2189      F4676EDD 
 2190 02e4 F59557D0 		.ascii	"\365\225W\320I\032\372\321\011P\002P\014\034\360\030"
 2190      491AFAD1 
 2190      09500250 
 2190      0C1CF018 
 2191 02f4 F305C701 		.ascii	"\363\005\307\001\312\231Gt\324|\362\320\335+=\227\245"
 2191      CA994774 
 2191      D47CF2D0 
 2191      DD2B3D97 
 2191      A5
 2192 0305 A77B3327 		.ascii	"\247{3'R\364\002G\271\222\342\326,\260\3240\305\334"
 2192      52F40247 
 2192      B992E2D6 
 2192      2CB0D430 
 2192      C5DC
 2193 0317 59A9E9DE 		.ascii	"Y\251\351\336\3104\023\323)m\247\323\227\261\273\326"
 2193      C83413D3 
 2193      296DA7D3 
 2193      97B1BBD6 
ARM GAS  /tmp/ccOzQnUi.s 			page 95


 2194 0327 78E5B8A9 		.ascii	"x\345\270\251k;\330\262\266\260\213\251\2569kI\266\261"
 2194      6B3BD8B2 
 2194      B6B08BA9 
 2194      AE396B49 
 2194      B6B1
 2195 0339 6B7B8A07 		.ascii	"k{\212\007\000Nr\335SL\021\207\2333g\257[\331e\"\026"
 2195      004E72DD 
 2195      534C1187 
 2195      9B3367AF 
 2195      5BD96522 
 2196 034e C9042700 		.ascii	"\311\004'\000\276\343\343\222\262\202Lg\023\206>\375"
 2196      BEE3E392 
 2196      B2824C67 
 2196      13863EFD 
 2197 035e C1BE8911 		.ascii	"\301\276\211\021\355\321+\002<\362\362D\322\245D\240"
 2197      EDD12B02 
 2197      3CF2F244 
 2197      D2A544A0 
 2198 036e 2B99957E 		.ascii	"+\231\225~\347\364m+t/\000\340_(\201J\230\344\365\352"
 2198      E7F46D2B 
 2198      742F00E0 
 2198      5F28814A 
 2198      98E4F5EA 
 2199 0382 F00703AE 		.ascii	"\360\007\003\256\365\246\231\004\350\007o\010p\016\260"
 2199      F5A69904 
 2199      E8076F08 
 2199      700EB0
 2200 0391 4B80F300 		.ascii	"K\200\363\000\027\200\256C\333M(\333Q\012Q\366\020\311"
 2200      1780AE43 
 2200      DB4D28DB 
 2200      510A51F6 
 2200      10C9
 2201 03a3 6BB43403 		.ascii	"k\2644\003\010=\300\034w\331\325\270{\247\011\253 ]"
 2201      083DC01C 
 2201      77D9D5B8 
 2201      7BA709AB 
 2201      205D
 2202 03b5 1AADAB00 		.ascii	"\032\255\253\000W\030\367k\234T\035\300\015\200Z\200"
 2202      5718F76B 
 2202      9C541DC0 
 2202      0D805A80 
 2203 03c5 EB00D500 		.ascii	"\353\000\325\000\365\0005\0007\225\332lY\370\300\225"
 2203      F5003500 
 2203      3795DA6C 
 2203      59F8C095 
 2204 03d5 C5432F04 		.ascii	"\305C/\004\250\002f\243$\375\014\360\330\321o\356#\344"
 2204      A80266A3 
 2204      24FD0CF0 
 2204      D8D16FEE 
 2204      23E4
 2205 03e7 1C6A82D3 		.ascii	"\034j\202\323\000\373\271\212\222\235}\222\012\233-"
 2205      00FBB98A 
 2205      929D7D92 
 2205      0A9B2D
 2206 03f6 2D4D634A 		.ascii	"-McJ}\200s\026\276\017\360R\254\252\344\266\346s/\250"
 2206      7D807316 
 2206      BE0FF052 
ARM GAS  /tmp/ccOzQnUi.s 			page 96


 2206      ACAAE4B6 
 2206      E6732FA8 
 2207 040a 72B1BD8A 		.ascii	"r\261\275\212<\005n\253:\227\002t\374fI\275\252r\271"
 2207      3C056EAB 
 2207      3A970274 
 2207      FC6649BD 
 2207      AA72B9
 2208 041d 9D0AA7DB 		.ascii	"\235\012\247\333\360\370G\035\343\202t\177\010\240\273"
 2208      F0F8471D 
 2208      E382747F 
 2208      08A0BB
 2209 042c 57E3F270 		.ascii	"W\343\362p\233\327KM\230s8\313UX\021\344\220\021\206"
 2209      9BD74B4D 
 2209      987338CB 
 2209      555811E4 
 2209      901186
 2210 043f B6F27A2F 		.ascii	"\266\362z/\3364\343f\247\256m\023\013\267\340\337\246"
 2210      DE34E366 
 2210      A7AE6D13 
 2210      0BB7E0DF 
 2210      A6
 2211 0450 168DF356 		.ascii	"\026\215\363V\317\235\037\252-\244\333\032\321\006\340"
 2211      CF9D1FAA 
 2211      2DA4DB1A 
 2211      D106E0
 2212 045f 0A331EAC 		.ascii	"\0123\036\254\370%\037\367\005Y\3678^\266zKo\276\371"
 2212      F8251FF7 
 2212      0559F738 
 2212      5EB67A4B 
 2212      6FBEF9
 2213 0472 F83ADC7C 		.ascii	"\370:\334|P\353xZui\270\006sZs\323(m\037\257\252[\337"
 2213      50EB785A 
 2213      7569B806 
 2213      735A73D3 
 2213      286D1FAF 
 2214 0489 AB18581A 		.ascii	"\253\030X\032e\256\217\226\372\356uj\277\261\335\003"
 2214      65AE8F96 
 2214      FAEE756A 
 2214      BFB1DD03 
 2215 0499 D441DF77 		.ascii	"\324A\337w\001\232\230\357uW\013\253L\327\200\277\\"
 2215      019A98EF 
 2215      75570BAB 
 2215      4CD780BF 
 2215      5C
 2216 04aa EA6C80B9 		.ascii	"\352l\200\271z\033o\242\360)\025\242\274\304K\3646J"
 2216      7A1B6FA2 
 2216      F02915A2 
 2216      BCC44BF4 
 2216      364A
 2217 04bc 442A529B 		.ascii	"D*R\233X\012/F7\321\001F\022\035!\032sJ R\0141\022R"
 2217      580A2F46 
 2217      37D10146 
 2217      121D211A 
 2217      734A2052 
 2218 04d4 6BB089D1 		.ascii	"k\260\211\321\255\260\236d\353{\014\360\352l3\272\325"
 2218      ADB09E64 
 2218      EB7B0CF0 
ARM GAS  /tmp/ccOzQnUi.s 			page 97


 2218      EA6C33BA 
 2218      D5
 2219 04e5 1ABC24F3 		.ascii	"\032\274$\363\303\250~\003\360^k(\005\033Z\015\327\031"
 2219      C3A87E03 
 2219      F05E6B28 
 2219      051B5A0D 
 2219      D719
 2220 04f7 23B1556B 		.ascii	"#\261Uk\020\233h\366L\275\355\010\231\372*\256\177\321"
 2220      109B68F6 
 2220      4CBDED08 
 2220      99FA2AAE 
 2220      7FD1
 2221 0509 161385A9 		.ascii	"\026\023\205\251\037`4\276\030QL\213\351\020|\3015\346"
 2221      1F6034BE 
 2221      18514C8B 
 2221      E9107CC1 
 2221      35E6
 2222 051b 6EEC26D6 		.ascii	"n\354&\326\032\"\320E\264\255G\244\255GD)\204\330lb"
 2222      1A22D045 
 2222      B4AD47A4 
 2222      AD474429 
 2222      84D86C62 
 2223 052f 54B48024 		.ascii	"T\264\200$l11\003\210\210\236u\306R\210\241`\212\361"
 2223      6C313103 
 2223      88889E75 
 2223      C65288A1 
 2223      608AF1
 2224 0542 5EAEEB2E 		.ascii	"^\256\353.\206\210\241/\366\210\306\343T\030B\320/}"
 2224      8688A12F 
 2224      F688C6E3 
 2224      541842D0 
 2224      2F7D
 2225 0554 A25C6040 		.ascii	"\242\\`@L\233\366\010\020-\222\030B\337\257\305\023"
 2225      4C9BF608 
 2225      102D9218 
 2225      42DFAFC5 
 2225      13
 2226 0565 90901EB8 		.ascii	"\220\220\036\270;\350\214&\023\356\351:c\250\345}\333"
 2226      3BE88C26 
 2226      13EEE93A 
 2226      63A8E57D 
 2226      DB
 2227 0576 F01851A8 		.ascii	"\360\030Q\2505\020\034\212\322\201\227\200f)\352\005"
 2227      35101C8A 
 2227      D2819780 
 2227      6629EA05 
 2228 0586 80B5E198 		.ascii	"\200\265\341\230B\376\217\335@\276\001{\004\351\203"
 2228      42FE8FDD 
 2228      40BE017B 
 2228      04E983
 2229 0595 4C81E1FD 		.ascii	"L\201\341\375l\353%\2626S\221z\325\037\271\315\024\210"
 2229      6CEB25B2 
 2229      3653917A 
 2229      D51FB9CD 
 2229      1488
 2230 05a7 EC87C8E7 		.ascii	"\354\207\310\347\031H62\010\273\3739WU@VQ\374H6\262"
 2230      19483632 
ARM GAS  /tmp/ccOzQnUi.s 			page 98


 2230      08BBFB39 
 2230      57554056 
 2230      51FC4836 
 2231 05bc 826A2B37 		.ascii	"\202j+7\031\006W&\3766\334.\200\270\346RP\335*\224\004"
 2231      19065726 
 2231      FE36DC2E 
 2231      80B8E652 
 2231      50DD2A94 
 2232 05d1 E901E7CD 		.ascii	"\351\001\347\315\322\2423_V\263\2430\177\373\321p\210"
 2232      D2A2335F 
 2232      56B3A330 
 2232      7FFBD170 
 2232      88
 2233 05e2 CC1C2000 		.ascii	"\314\034 \000\335\314'\336\342=\005\253u:\246\213\333"
 2233      DDCC27DE 
 2233      E23D05AB 
 2233      753AA68B 
 2233      DB
 2234 05f3 8D133BA6 		.ascii	"\215\023;\246|S3\247\023\357\300\005\373\200M\272\013"
 2234      7C5333A7 
 2234      13EFC005 
 2234      FB804DBA 
 2234      0B
 2235 0604 9337CF82 		.ascii	"\2237\317\202\200\023J\200G\332\371\224\177`\355\003"
 2235      80134A80 
 2235      47DAF994 
 2235      7F60ED03 
 2236 0614 1A7880E1 		.ascii	"\032x\200\341z\364S\330y\270`Y'mA<\326\026\304\023i"
 2236      7AF453D8 
 2236      79B86059 
 2236      276D413C 
 2236      D616C413 
 2237 0629 5DED4AAF 		.ascii	"]\355J\257]\033\301!1\244\207\300wV\302w\326H\034m\312"
 2237      5D1BC121 
 2237      31A487C0 
 2237      7756C277 
 2237      D6481C6D 
 2238 063e BBFBA7EE 		.ascii	"\273\373\247\356\350\373\246\327\033\005\016\230D`\""
 2238      E8FBA6D7 
 2238      1B050E98 
 2238      446022
 2239 064d E61D5231 		.ascii	"\346\035R11^\302\355sJ\016\034\013{y\321\"<8\226l*\001"
 2239      315EC2ED 
 2239      734A0E1C 
 2239      0B7B79D1 
 2239      223C3896 
 2240 0664 DC3D7177 		.ascii	"\334=qw\304-=\225@\253LC\300\226\000-\000\315\320\177"
 2240      C42D3D95 
 2240      40AB4C43 
 2240      C096002D 
 2240      00CDD07F 
 2241 0678 7328ADE7 		.ascii	"s(\255\347\261\347l*\337fPpY\354\017V\315\017\017\002"
 2241      B1E76C2A 
 2241      DF665070 
 2241      59EC0F56 
 2241      CD0F0F02 
 2242 068c 958E5053 		.ascii	"\225\216PS$\250}\373\256\245\2063\250\334\231\223\361"
ARM GAS  /tmp/ccOzQnUi.s 			page 99


 2242      24A87DFB 
 2242      AEA58633 
 2242      A8DC9993 
 2242      F1
 2243 069d 689470D2 		.ascii	"h\224p\322\011L&\012\316d\242\340\3343\322f\216\263"
 2243      094C260A 
 2243      CE64A2E0 
 2243      DC33D266 
 2243      8EB3
 2244 06af 74D2A5AF 		.ascii	"t\322\245\257\014\334\350z\252\277\3214\325h\232j\264"
 2244      0CDCE87A 
 2244      AABFD134 
 2244      D5689A6A 
 2244      B4
 2245 06c0 28944ED2 		.ascii	"(\224N\3221\243\223\233\356\2353rr\367%ri\253\367d\207"
 2245      31A3939B 
 2245      EE9D3372 
 2245      72F72572 
 2245      69ABF764 
 2246 06d5 F20EDC99 		.ascii	"\362\016\334\231f\020\354\371z\343\302\242p\205\377"
 2246      6610ECF9 
 2246      7AE3C2A2 
 2246      7085FF
 2247 06e4 4CD6D3B2 		.ascii	"L\326\323\262\241R\247\006\200jJ\004xZ\302,)\202\246"
 2247      A152A706 
 2247      806A4A04 
 2247      785AC22C 
 2247      2982A6
 2248 06f7 C6B21526 		.ascii	"\306\262\025&F\246az\315\330\034\266\236q\0242T*\031"
 2248      46A6617A 
 2248      CDD81CB6 
 2248      9E711432 
 2248      542A19
 2249 070a 2A95D306 		.ascii	"*\225\323\006:\217SY\266~\325#\211\377\021-h4\232\243"
 2249      3A8F5359 
 2249      B67ED523 
 2249      89FF112D 
 2249      68349AA3 
 2250 071e 1ACD518D 		.ascii	"\032\315Q\215\266\033\351\012nTW\364d\234\302\226\321"
 2250      B61BE90A 
 2250      6E5457F4 
 2250      649CC296 
 2250      D1
 2251 072f FFBEA0E5 		.ascii	"\377\276\240\345\037\012\327\371\214k\352\301\274J}"
 2251      1F0AD7F9 
 2251      8C6BEAC1 
 2251      BC4A7D
 2252 073e 30B20BD1 		.ascii	"0\262\013\321\331\002\211l\331\261\254\014\312\221\353"
 2252      D902896C 
 2252      D9B1AC0C 
 2252      CA91EB
 2253 074d D255E485 		.ascii	"\322U\344\205\004\346\251\310\363T\344\331\006\272\201"
 2253      04E6A9C8 
 2253      F354E4D9 
 2253      06BA81
 2254 075c 23D7E456 		.ascii	"#\327\344Vg\207r\243'\323\374\351.R\215\026\251F\327"
 2254      678772A3 
ARM GAS  /tmp/ccOzQnUi.s 			page 100


 2254      27D3FCE9 
 2254      2E528D16 
 2254      A946D7
 2255 076f 42680937 		.ascii	"Bh\0117\312o\311\316\341s(\367P\200\3217\252\3217\252"
 2255      CA6FC9CE 
 2255      E17328F7 
 2255      5080D137 
 2255      AAD137AA 
 2256 0783 D1413D3D 		.ascii	"\321A==\313\215\246\334\312\364u\342F\265\031\376\364"
 2256      CB8DA6DC 
 2256      CAF475E2 
 2256      46B519FE 
 2256      F4
 2257 0794 B254A32C 		.ascii	"\262T\243,\325hq\010\255\011^\330\323g\216\377\020\256"
 2257      D5687108 
 2257      AD095ED8 
 2257      D3678EFF 
 2257      10AE
 2258 07a6 ACB8A52C 		.ascii	"\254\270\245,5\217g\317)\023\225de\263\236\013gj\036"
 2258      358F67CF 
 2258      29139564 
 2258      65B39E0B 
 2258      676A1E
 2259 07b9 87044BD6 		.ascii	"\207\004K\326r\004X&%kAy\332\256\010\316\346\341L\225"
 2259      72045826 
 2259      256B4179 
 2259      DAAE08CE 
 2259      E6E14C95 
 2260 07cd CD7202   		.ascii	"\315r\002"
 2261 07d0 4B54364B 		.ascii	"KT6KT6w(m\341lf\335\236_c\344F{\002\214\276U\215\276"
 2261      54367728 
 2261      6DE16C66 
 2261      DD9E5F63 
 2261      E4467B02 
 2262 07e9 558D2A74 		.ascii	"U\215*ttz\0103Zqt\3262\2520f!\324Ok\252\002\205\360"
 2262      747A0833 
 2262      5A7174D6 
 2262      32AA3066 
 2262      21D44F6B 
 2263 0801 6A4678F9 		.ascii	"jFx\371\311\306\207\206`\204\327\240\273\034\211pn\306"
 2263      C9C68786 
 2263      6084D7A0 
 2263      BB1C8970 
 2263      6EC6
 2264 0813 A57952CE 		.ascii	"\245yR\316\253f\253\330k\010\254R\261W\251\330\313("
 2264      AB66ABD8 
 2264      6B08AC52 
 2264      B157A9D8 
 2264      CB28
 2265 0825 5D10126C 		.ascii	"]\020\022l^UU5.\327\007n?\370B\271\201\250\333\317\355"
 2265      5E555535 
 2265      2ED7076E 
 2265      3FF842B9 
 2265      81A8DBCF 
 2266 083a CDDB4B4C 		.ascii	"\315\333KL\201\012\025\001\012ON\235i\005m\177\332H"
 2266      810A1501 
 2266      0A4F4E9D 
ARM GAS  /tmp/ccOzQnUi.s 			page 101


 2266      69056D7F 
 2266      DA48
 2267 084c D4FD6993 		.ascii	"\324\375i\223\304sM}4G\334D\360\344do\235\227\226\376"
 2267      C4734D7D 
 2267      3447DC44 
 2267      F0E4646F 
 2267      9D9796FE 
 2268 0860 33C836B1 		.ascii	"3\3106\261\031\311\346J\026\315\251\251[q\305\340\353"
 2268      19C9E64A 
 2268      16CDA9A9 
 2268      5B71C5E0 
 2268      EB
 2269 0871 5C565DE6 		.ascii	"\\V]\346\346\227\366\246fG\3430\254S\003[\307\217\016"
 2269      E697F6A6 
 2269      6647E330 
 2269      AC53035B 
 2269      C78F0E
 2270 0884 5AC1434A 		.ascii	"Z\301CJ/\234U&\006q\270\015\035:\245o\200\214\023E\224"
 2270      2F9C5526 
 2270      0671B80D 
 2270      1D3AA56F 
 2270      808C1345 
 2271 0899 F9CBCFBA 		.ascii	"\371\313\317\272\235\373\227,o1\301A\330\252\272\333"
 2271      9DFB972C 
 2271      6F31C141 
 2271      D8AABADB 
 2272 08a9 2AB99BAB 		.ascii	"*\271\233\253\017:\301\326\326\037\334\016J\004y,\202"
 2272      0F3AC1D6 
 2272      D61FDC0E 
 2272      4A04792C 
 2272      82
 2273 08ba FD5F5DF3 		.ascii	"\375_]\363E\004\253N\001B\346K1\264\346/\234h\224ch"
 2273      4504AB4E 
 2273      0142E64B 
 2273      31B4E62F 
 2273      9C689463 
 2274 08cf 58DA8BC7 		.ascii	"X\332\213\307P@`\207\012\272C\002]\315A\357\255\277"
 2274      50406087 
 2274      0ABA4302 
 2274      5DCD41EF 
 2274      ADBF
 2275 08e1 902732ED 		.ascii	"\220'2\355\206\251\031Sfya8\213\267P\325-$\362Ith\327"
 2275      86A91953 
 2275      66796138 
 2275      8BB750D5 
 2275      2D24F249 
 2276 08f8 8C2C9396 		.ascii	"\214,\223\226\354\023\332a\260\033Uh\001w\226S^\231"
 2276      EC13DA61 
 2276      B01B5568 
 2276      01779653 
 2276      5E99
 2277 090a 239D4147 		.ascii	"#\235AG\244\010\026\357_w9\"H\206|H\027\337\305\205"
 2277      A40816EF 
 2277      5F773922 
 2277      48867C48 
 2277      17DFC585 
 2278 091e 973371F3 		.ascii	"\2273q\363?\235Q\224\036&m\376{u8\004E2<\354emu\365"
ARM GAS  /tmp/ccOzQnUi.s 			page 102


 2278      3F9D5194 
 2278      1E266DFE 
 2278      7B753804 
 2278      45323CEC 
 2279 0936 86D1EF38 		.ascii	"\206\321\3578J\305\306\203-z%-\014%\357\302\312\273"
 2279      4AC5C683 
 2279      2D7A252D 
 2279      0C25EFC2 
 2279      CABB
 2280 0948 2408CA3E 		.ascii	"$\010\312>\264-\221Q\362\263\352\312\033AE\331G\240"
 2280      B42D9151 
 2280      F2B3EACA 
 2280      1B4145D9 
 2280      47A0
 2281 095a 5841D9CF 		.ascii	"XA\331\317\332\012\312\001\221Vr\224\233\373\257\037"
 2281      DA0ACA01 
 2281      91567294 
 2281      9BFBAF1F 
 2282 096a 0E6FFF66 		.ascii	"\016o\377fw\200\004\276\331m\277\36507D\3756\305\003"
 2282      778004BE 
 2282      D96DBFF5 
 2282      303744FD 
 2282      36C503
 2283 097d 50494B29 		.ascii	"PIK)\2724\303\033\364\032\363\246\177t\252\242\334 "
 2283      BA34C31B 
 2283      F41AF3A6 
 2283      7F74AAA2 
 2283      DC20
 2284 098f 4ADF2EFC 		.ascii	"J\337.\374{\245x\"\225?X\016\0228\204\272e\004\016\023"
 2284      7BA57822 
 2284      953F580E 
 2284      123884BA 
 2284      65040E13 
 2285 09a3 D644820F 		.ascii	"\326D\202\017\177\201\277,\322\025\255\273h\027\351"
 2285      7F81BF2C 
 2285      D215ADBB 
 2285      6817E9
 2286 09b2 B5F9AFD8 		.ascii	"\265\371\257\330\245Fv\204p\000\351cF\217\232\253\013"
 2286      A5467684 
 2286      7000E963 
 2286      468F9AAB 
 2286      0B
 2287 09c3 A6968506 		.ascii	"\246\226\205\006\243q\214\3238J\270\246\201\037\316"
 2287      A3718CD3 
 2287      384AB8A6 
 2287      811FCE
 2288 09d2 EFB0B976 		.ascii	"\357\260\271v\265\2728\302\337\363q\002\345\314\363"
 2288      B5BA38C2 
 2288      DFF37102 
 2288      E5CCF3
 2289 09e1 09C26D58 		.ascii	"\011\302mX\006\266^\365\355\360[_\351\332\372:))\034"
 2289      06B65EF5 
 2289      EDF05B5F 
 2289      E9DAFA3A 
 2289      29291C
 2290 09f4 AACC7DE0 		.ascii	"\252\314}\340\367\205\273MS8\305\346\304\015\275@\233"
 2290      F785BB4D 
ARM GAS  /tmp/ccOzQnUi.s 			page 103


 2290      5338C5E6 
 2290      C40DBD40 
 2290      9B
 2291 0a05 792E338A 		.ascii	"y.3\212K\262X\305\340\264d\2309\365\324\333\274\200"
 2291      4BB258C5 
 2291      E0B46498 
 2291      39F5D4DB 
 2291      BC80
 2292 0a17 DF49053C 		.ascii	"\337I\005<?\363\353i\206 \005<\207d\316*\323$\2535\367"
 2292      3FF3EB69 
 2292      8620053C 
 2292      8764CE2A 
 2292      D324AB35 
 2293 0a2c 41EF9254 		.ascii	"A\357\222T/\236}\231\245\004\307\240B\252 \234!p\236"
 2293      2F9E7D99 
 2293      A504C7A0 
 2293      42AA209C 
 2293      21709E
 2294 0a3f 3D2935DC 		.ascii	"=)5\334\030F\017\033$\243\312\307\015\025}\213%\243"
 2294      18460F1B 
 2294      24A3CAC7 
 2294      0D157D8B 
 2294      25A3
 2295 0a51 3F328617 		.ascii	"?2\206\027\224\252W\262\266b1/\214N4\266c\312=\354X"
 2295      94AA57B2 
 2295      B662312F 
 2295      8C4E34B6 
 2295      63CA3DEC 
 2296 0a66 3E67B1A1 		.ascii	">g\261\241\020\277\224&{\275\223~\305\0267T\311\270"
 2296      10BF9426 
 2296      7BBD937E 
 2296      C5163754 
 2296      C9B8
 2297 0a78 17097CCF 		.ascii	"\027\011|\317\236\024/+\303\350^\243\202[~.\000\367"
 2297      9E142F2B 
 2297      C3E85EA3 
 2297      825B7E2E 
 2297      00F7
 2298 0a8a 92827B99 		.ascii	"\222\202{\231\265\025\213\032\221\036\351\030ws\033"
 2298      B5158B1A 
 2298      911EE918 
 2298      77731B
 2299 0a99 DC2B32EE 		.ascii	"\334+2\356U\002?\260'\305KV\030\373\3048\227\177^\324"
 2299      55023FB0 
 2299      27C54B56 
 2299      18FBC438 
 2299      977F5ED4 
 2300 0aad 8AB1592B 		.ascii	"\212\261Y+\3065)\351;k\013g\3524\205\331\232B\265\244"
 2300      C63529E9 
 2300      3B6B0B67 
 2300      EA3485D9 
 2300      9A42B5A4 
 2301 0ac1 70BD6AF2 		.ascii	"p\275j\362\014\376?\032i\276\237\376\221vo\337\226\213"
 2301      0CFE3F1A 
 2301      69BE9FFE 
 2301      91766FDF 
 2301      968B
ARM GAS  /tmp/ccOzQnUi.s 			page 104


 2302 0ad3 619AF71A 		.ascii	"a\232\367\032\315{\255\344}\362\266\365-~\263\251@S"
 2302      CD7BADE4 
 2302      7DF2B6F5 
 2302      2D7EB3A9 
 2302      4053
 2303 0ae5 B8CE26CB 		.ascii	"\270\316&\3139\236\206]\013\216|%\355\371\276\340\357"
 2303      399E865D 
 2303      0B8E7C25 
 2303      EDF9BEE0 
 2303      EF
 2304 0af6 A445F5DF 		.ascii	"\244E\365\337n\360\203\251\323\274\334\224_\223Rs7\231"
 2304      6EF083A9 
 2304      D3BCDC94 
 2304      5F935273 
 2304      3799
 2305 0b08 F8DCBA29 		.ascii	"\370\334\272)\315\255\213\323\362\316\032\325\271U\250"
 2305      CDAD8BD3 
 2305      F2CE1AD5 
 2305      B955A8
 2306 0b17 6D99B730 		.ascii	"m\231\2670\177\365J\266\267,\\\264_\331\203^\301!\270"
 2306      7FF54AB6 
 2306      B72C5CB4 
 2306      5FD9835E 
 2306      C121B8
 2307 0b2a A1D4EB36 		.ascii	"\241\324\3536k+\231^#\322j\251\302\271\307\344W*I\275"
 2307      6B2B995E 
 2307      23D26AA9 
 2307      C2B9C7E4 
 2307      572A49BD 
 2308 0b3e 4151BFC3 		.ascii	"AQ\277\303\332\212\372\365P\332,\253\347\007\250\377"
 2308      DA8AFAF5 
 2308      50DA2CAB 
 2308      E707A8FF 
 2309 0b4e A8A837B2 		.ascii	"\250\2507\262\266\242>Cd\233Y\311\356\364\020-\302\345"
 2309      B6A23E43 
 2309      649B59C9 
 2309      EEF4102D 
 2309      C2E5
 2310 0b60 5A844D6C 		.ascii	"Z\204Ml/~\335\343Hp\331,c\342]\236\011\346A\216\204"
 2310      2F7EDDE3 
 2310      4870D92C 
 2310      63E25D9E 
 2310      09E6418E 
 2311 0b75 51091FC5 		.ascii	"Q\011\037\305\231\235n\374KL\030ev\273\254f\253#i\224"
 2311      999D6EFC 
 2311      4B4C1865 
 2311      76BBAC66 
 2311      AB236994 
 2312 0b89 73BCDDDD 		.ascii	"s\274\335\335\307j\034\372\341\310\036\203\372\366\027"
 2312      C76A1CFA 
 2312      E1C81E83 
 2312      FAF617
 2313 0b98 A2B4BE3E 		.ascii	"\242\264\276>}\255\357\364\177\363M\353;\202\336\235"
 2313      7DADEFF4 
 2313      7FF34DEB 
 2313      3B82DE9D 
 2314 0ba8 F0A5DDE2 		.ascii	"\360\245\335\342\011Ir\177n\361\220\261_DZ\035\026\217"
ARM GAS  /tmp/ccOzQnUi.s 			page 105


 2314      0949727F 
 2314      6EF190B1 
 2314      5F445A1D 
 2314      168F
 2315 0bba C3658FB7 		.ascii	"\303e\217\267\271-cS\354)\366\020~\327%\333\307{\214"
 2315      B92D6353 
 2315      EC29F610 
 2315      7ED725DB 
 2315      C77B8C
 2316 0bcd 38C69F44 		.ascii	"8\306\237D\245a\361\350\306\270\354\343^2;\234IvsB|"
 2316      A561F1E8 
 2316      C6B8ECE3 
 2316      5E323B9C 
 2316      49767342 
 2317 0be2 B2F93DA7 		.ascii	"\262\371=\2475%\311\236\354q\233\337\035>\342\003\313"
 2317      3525C99E 
 2317      EC719BDF 
 2317      1D3EE203 
 2317      CB
 2318 0bf3 A8F8C4F8 		.ascii	"\250\370\304\370d\253]\370u\007\204]\036sB\26251\305"
 2318      64AB5DF8 
 2318      7507845D 
 2318      1E7342B2 
 2318      3531C5
 2319 0c06 6647C689 		.ascii	"fG\306\211\011n\217\273\217C\350\363,\312\316Q\177\263"
 2319      096E8FBB 
 2319      8F43E8F3 
 2319      2CCACE51 
 2319      7FB3
 2320 0c18 5BB97A44 		.ascii	"[\271zD\000_\214\305ew\333=!\226w\235\316DjM\306g\333"
 2320      005F8CC5 
 2320      6577DB3D 
 2320      2196779D 
 2320      CE446A4D 
 2321 0c2f 188F2BE4 		.ascii	"\030\217+\344\013\027\336\251\3079F?*e\364h\273\213"
 2321      0B17DEA9 
 2321      C739463F 
 2321      2A65F468 
 2321      BB8B
 2322 0c41 8C75BDF1 		.ascii	"\214u\275\361\3244jXr\332\034BhR|B\">X<\341\356\011"
 2322      D4346A58 
 2322      72DA1C42 
 2322      68527C42 
 2322      223E583C 
 2323 0c58 EE84648F 		.ascii	"\356\204d\217\3355.>\321\342\241}\337\026\"\342]I\343"
 2323      DD352E3E 
 2323      D1E2A17D 
 2323      DF1622E2 
 2323      5D49E3
 2324 0c6b FADB7B27 		.ascii	"\372\333{'\275>zL\037\333\030A\264:]\036\373\370\336"
 2324      BD3E7A4C 
 2324      1FDB1841 
 2324      B43A5D1E 
 2324      FBF8DE
 2325 0c7e 49FD854E 		.ascii	"I\375\205NV\307\260w?\342\204c\223\023<\035%#X\365\320"
 2325      56C7B077 
 2325      3FE28463 
ARM GAS  /tmp/ccOzQnUi.s 			page 106


 2325      93133C1D 
 2325      252358F5 
 2326 0c93 0DDA8E60 		.ascii	"\015\332\216`\021\305\206\252\315H\326\032\356t{>NH"
 2326      11C586AA 
 2326      CD48D61A 
 2326      EE747B3E 
 2326      4E48
 2327 0ca5 B23B533C 		.ascii	"\262;S<q\021m:B\225\347\330nJk\240\003\223\244\350G"
 2327      71116D3A 
 2327      4295E7D8 
 2327      6E4A6BA0 
 2327      0393A4E8 
 2328 0cba 05EBED14 		.ascii	"\005\353\355\024\320\031\333\231=\016\261{\254\016\305"
 2328      D019DB99 
 2328      3D0EB17B 
 2328      AC0EC5
 2329 0cc9 2AB26D8F 		.ascii	"*\262m\217\250v\304\342\330\307\016\333{v^\204\201\211"
 2329      A876C4E2 
 2329      D8C70EDB 
 2329      7B765E84 
 2329      8189
 2330 0cdb 89B1CF54 		.ascii	"\211\261\317TE\271t\230Z\264\217\263:0:\253\303nKI\264"
 2330      45B97498 
 2330      5AB48FB3 
 2330      3A303AAB 
 2330      C36E4B49 
 2331 0cf0 C77534C7 		.ascii	"\307u4\307\003\354Q\333\206\306Q\034|p2\007W\330v\366"
 2331      03EC51DB 
 2331      86C6511C 
 2331      7C703207 
 2331      57D876F6 
 2332 0d04 67F421CE 		.ascii	"g\364!\316\337\330pu\336&`\031$\243?\263g\2556\306\024"
 2332      DFD87075 
 2332      DE266019 
 2332      24A33FB3 
 2332      67AD36C6 
 2333 0d19 AC6ABF18 		.ascii	"\254j\277\030\234\330VG\274+\334b\301l[\336\035\030"
 2333      9CD85647 
 2333      BC2BDC62 
 2333      C16C5BDE 
 2333      1D18
 2334 0d2b 3778F888 		.ascii	"7x\370\210\330\360\370\304/\342'\270\32181!\331>\270"
 2334      D8F0F8C4 
 2334      2FE227B8 
 2334      D1383121 
 2334      D93EB8
 2335 0d3e 037E5667 		.ascii	"\003~VgR\2223\331\214x\346\201#\206\231\007\015\213"
 2335      529233D9 
 2335      8C78E681 
 2335      23869907 
 2335      0D8B
 2336 0d50 8B8D330F 		.ascii	"\213\2153\017r\272\354\346X\205v\222;\301m\371\334j"
 2336      72BAECE6 
 2336      58857692 
 2336      3BC16DF9 
 2336      DC6A
 2337 0d62 65330AC3 		.ascii	"e3\012\303\236\340\376\300i\375\373k\317\024\357\004"
ARM GAS  /tmp/ccOzQnUi.s 			page 107


 2337      9EE0FEC0 
 2337      69FDFB6B 
 2337      CF14EF04 
 2338 0d72 3E0DC7E0 		.ascii	">\015\307\340\324\262$\242\321[O'\301\364\334\214\306"
 2338      D4B224A2 
 2338      D15B4F27 
 2338      C1F4DC8C 
 2338      C6
 2339 0d83 B8FEBD87 		.ascii	"\270\376\275\207\2419NI;\332\207q\320\221\311\314C\030"
 2339      A1394E49 
 2339      3BDA8771 
 2339      D091C9CC 
 2339      4318
 2340 0d95 F795C2DB 		.ascii	"\367\225\302\333&V\316\241vO\034\356\011R\371\361a\210"
 2340      2656CEA1 
 2340      764F1CEE 
 2340      0952F9F1 
 2340      6188
 2341 0da7 CB6E1FE4 		.ascii	"\313n\037\344LI\366\250=#\335v\233\324\363/\257(1\342"
 2341      4C49F6A8 
 2341      3D23DD76 
 2341      9BD4F32F 
 2341      AF2831E2 
 2342              		.text
 2343              		.section	.gnu.lto_.symtab.72354203a83e6650,"e",%progbits
 2344 0000 63684D42 		.ascii	"chMBObjectInit\000"
 2344      4F626A65 
 2344      6374496E 
 2344      697400
 2345 000f 00       		.ascii	"\000"
 2346 0010 00       		.ascii	"\000"
 2347 0011 00       		.ascii	"\000"
 2348 0012 00000000 		.ascii	"\000\000\000\000\000\000\000\000"
 2348      00000000 
 2349 001a 04010000 		.ascii	"\004\001\000\000"
 2350 001e 63684D42 		.ascii	"chMBResetI\000"
 2350      52657365 
 2350      744900
 2351 0029 00       		.ascii	"\000"
 2352 002a 00       		.ascii	"\000"
 2353 002b 00       		.ascii	"\000"
 2354 002c 00000000 		.ascii	"\000\000\000\000\000\000\000\000"
 2354      00000000 
 2355 0034 08010000 		.ascii	"\010\001\000\000"
 2356 0038 63684D42 		.ascii	"chMBReset\000"
 2356      52657365 
 2356      7400
 2357 0042 00       		.ascii	"\000"
 2358 0043 00       		.ascii	"\000"
 2359 0044 00       		.ascii	"\000"
 2360 0045 00000000 		.ascii	"\000\000\000\000\000\000\000\000"
 2360      00000000 
 2361 004d 0A010000 		.ascii	"\012\001\000\000"
 2362 0051 63684D42 		.ascii	"chMBPostTimeoutS\000"
 2362      506F7374 
 2362      54696D65 
 2362      6F757453 
ARM GAS  /tmp/ccOzQnUi.s 			page 108


 2362      00
 2363 0062 00       		.ascii	"\000"
 2364 0063 00       		.ascii	"\000"
 2365 0064 00       		.ascii	"\000"
 2366 0065 00000000 		.ascii	"\000\000\000\000\000\000\000\000"
 2366      00000000 
 2367 006d 10010000 		.ascii	"\020\001\000\000"
 2368 0071 63684D42 		.ascii	"chMBPostTimeout\000"
 2368      506F7374 
 2368      54696D65 
 2368      6F757400 
 2369 0081 00       		.ascii	"\000"
 2370 0082 00       		.ascii	"\000"
 2371 0083 00       		.ascii	"\000"
 2372 0084 00000000 		.ascii	"\000\000\000\000\000\000\000\000"
 2372      00000000 
 2373 008c 12010000 		.ascii	"\022\001\000\000"
 2374 0090 63684D42 		.ascii	"chMBPostI\000"
 2374      506F7374 
 2374      4900
 2375 009a 00       		.ascii	"\000"
 2376 009b 00       		.ascii	"\000"
 2377 009c 00       		.ascii	"\000"
 2378 009d 00000000 		.ascii	"\000\000\000\000\000\000\000\000"
 2378      00000000 
 2379 00a5 17010000 		.ascii	"\027\001\000\000"
 2380 00a9 63684D42 		.ascii	"chMBPostAheadTimeoutS\000"
 2380      506F7374 
 2380      41686561 
 2380      6454696D 
 2380      656F7574 
 2381 00bf 00       		.ascii	"\000"
 2382 00c0 00       		.ascii	"\000"
 2383 00c1 00       		.ascii	"\000"
 2384 00c2 00000000 		.ascii	"\000\000\000\000\000\000\000\000"
 2384      00000000 
 2385 00ca 19010000 		.ascii	"\031\001\000\000"
 2386 00ce 63684D42 		.ascii	"chMBPostAheadTimeout\000"
 2386      506F7374 
 2386      41686561 
 2386      6454696D 
 2386      656F7574 
 2387 00e3 00       		.ascii	"\000"
 2388 00e4 00       		.ascii	"\000"
 2389 00e5 00       		.ascii	"\000"
 2390 00e6 00000000 		.ascii	"\000\000\000\000\000\000\000\000"
 2390      00000000 
 2391 00ee 1B010000 		.ascii	"\033\001\000\000"
 2392 00f2 63684D42 		.ascii	"chMBPostAheadI\000"
 2392      506F7374 
 2392      41686561 
 2392      644900
 2393 0101 00       		.ascii	"\000"
 2394 0102 00       		.ascii	"\000"
 2395 0103 00       		.ascii	"\000"
 2396 0104 00000000 		.ascii	"\000\000\000\000\000\000\000\000"
 2396      00000000 
ARM GAS  /tmp/ccOzQnUi.s 			page 109


 2397 010c 1D010000 		.ascii	"\035\001\000\000"
 2398 0110 63684D42 		.ascii	"chMBFetchTimeoutS\000"
 2398      46657463 
 2398      6854696D 
 2398      656F7574 
 2398      5300
 2399 0122 00       		.ascii	"\000"
 2400 0123 00       		.ascii	"\000"
 2401 0124 00       		.ascii	"\000"
 2402 0125 00000000 		.ascii	"\000\000\000\000\000\000\000\000"
 2402      00000000 
 2403 012d 23010000 		.ascii	"#\001\000\000"
 2404 0131 63684D42 		.ascii	"chMBFetchTimeout\000"
 2404      46657463 
 2404      6854696D 
 2404      656F7574 
 2404      00
 2405 0142 00       		.ascii	"\000"
 2406 0143 00       		.ascii	"\000"
 2407 0144 00       		.ascii	"\000"
 2408 0145 00000000 		.ascii	"\000\000\000\000\000\000\000\000"
 2408      00000000 
 2409 014d 25010000 		.ascii	"%\001\000\000"
 2410 0151 63684D42 		.ascii	"chMBFetchI\000"
 2410      46657463 
 2410      684900
 2411 015c 00       		.ascii	"\000"
 2412 015d 00       		.ascii	"\000"
 2413 015e 00       		.ascii	"\000"
 2414 015f 00000000 		.ascii	"\000\000\000\000\000\000\000\000"
 2414      00000000 
 2415 0167 2A010000 		.ascii	"*\001\000\000"
 2416 016b 63685468 		.ascii	"chThdDequeueAllI\000"
 2416      64446571 
 2416      75657565 
 2416      416C6C49 
 2416      00
 2417 017c 00       		.ascii	"\000"
 2418 017d 02       		.ascii	"\002"
 2419 017e 00       		.ascii	"\000"
 2420 017f 00000000 		.ascii	"\000\000\000\000\000\000\000\000"
 2420      00000000 
 2421 0187 32010000 		.ascii	"2\001\000\000"
 2422 018b 63685363 		.ascii	"chSchRescheduleS\000"
 2422      68526573 
 2422      63686564 
 2422      756C6553 
 2422      00
 2423 019c 00       		.ascii	"\000"
 2424 019d 02       		.ascii	"\002"
 2425 019e 00       		.ascii	"\000"
 2426 019f 00000000 		.ascii	"\000\000\000\000\000\000\000\000"
 2426      00000000 
 2427 01a7 35010000 		.ascii	"5\001\000\000"
 2428 01ab 63685468 		.ascii	"chThdEnqueueTimeoutS\000"
 2428      64456E71 
 2428      75657565 
ARM GAS  /tmp/ccOzQnUi.s 			page 110


 2428      54696D65 
 2428      6F757453 
 2429 01c0 00       		.ascii	"\000"
 2430 01c1 02       		.ascii	"\002"
 2431 01c2 00       		.ascii	"\000"
 2432 01c3 00000000 		.ascii	"\000\000\000\000\000\000\000\000"
 2432      00000000 
 2433 01cb 3A010000 		.ascii	":\001\000\000"
 2434 01cf 63685468 		.ascii	"chThdDequeueNextI\000"
 2434      64446571 
 2434      75657565 
 2434      4E657874 
 2434      4900
 2435 01e1 00       		.ascii	"\000"
 2436 01e2 02       		.ascii	"\002"
 2437 01e3 00       		.ascii	"\000"
 2438 01e4 00000000 		.ascii	"\000\000\000\000\000\000\000\000"
 2438      00000000 
 2439 01ec 3C010000 		.ascii	"<\001\000\000"
 2440              		.text
 2441              		.section	.gnu.lto_.ext_symtab.72354203a83e6650,"e",%progbits
 2442 0000 01       		.ascii	"\001"
 2443 0001 01       		.ascii	"\001"
 2444 0002 00       		.ascii	"\000"
 2445 0003 01       		.ascii	"\001"
 2446 0004 00       		.ascii	"\000"
 2447 0005 01       		.ascii	"\001"
 2448 0006 00       		.ascii	"\000"
 2449 0007 01       		.ascii	"\001"
 2450 0008 00       		.ascii	"\000"
 2451 0009 01       		.ascii	"\001"
 2452 000a 00       		.ascii	"\000"
 2453 000b 01       		.ascii	"\001"
 2454 000c 00       		.ascii	"\000"
 2455 000d 01       		.ascii	"\001"
 2456 000e 00       		.ascii	"\000"
 2457 000f 01       		.ascii	"\001"
 2458 0010 00       		.ascii	"\000"
 2459 0011 01       		.ascii	"\001"
 2460 0012 00       		.ascii	"\000"
 2461 0013 01       		.ascii	"\001"
 2462 0014 00       		.ascii	"\000"
 2463 0015 01       		.ascii	"\001"
 2464 0016 00       		.ascii	"\000"
 2465 0017 01       		.ascii	"\001"
 2466 0018 00       		.ascii	"\000"
 2467 0019 01       		.ascii	"\001"
 2468 001a 00       		.ascii	"\000"
 2469 001b 01       		.ascii	"\001"
 2470 001c 00       		.ascii	"\000"
 2471 001d 01       		.ascii	"\001"
 2472 001e 00       		.ascii	"\000"
 2473 001f 01       		.ascii	"\001"
 2474 0020 00       		.ascii	"\000"
 2475              		.text
 2476              		.section	.gnu.lto_.opts,"e",%progbits
 2477 0000 272D666E 		.ascii	"'-fno-openmp' '-fno-openacc' '-fno-pie' '-fcf-prote"
ARM GAS  /tmp/ccOzQnUi.s 			page 111


 2477      6F2D6F70 
 2477      656E6D70 
 2477      2720272D 
 2477      666E6F2D 
 2478 0033 6374696F 		.ascii	"ction=none' '-g' '-mcpu=cortex-m7' '-mthumb' '-mflo"
 2478      6E3D6E6F 
 2478      6E652720 
 2478      272D6727 
 2478      20272D6D 
 2479 0066 61742D61 		.ascii	"at-abi=hard' '-mfpu=fpv5-d16' '-mlibarch=armv7e-m+f"
 2479      62693D68 
 2479      61726427 
 2479      20272D6D 
 2479      6670753D 
 2480 0099 702E6470 		.ascii	"p.dp' '-march=armv7e-m+fp.dp' '-O2' '-fomit-frame-p"
 2480      2720272D 
 2480      6D617263 
 2480      683D6172 
 2480      6D763765 
 2481 00cc 6F696E74 		.ascii	"ointer' '-falign-functions=16' '-ffunction-sections"
 2481      65722720 
 2481      272D6661 
 2481      6C69676E 
 2481      2D66756E 
 2482 00ff 2720272D 		.ascii	"' '-fdata-sections' '-fno-common' '-flto' '-Xassemb"
 2482      66646174 
 2482      612D7365 
 2482      6374696F 
 2482      6E732720 
 2483 0132 6C657227 		.ascii	"ler' '-alms=build/lst/chmboxes.lst'\000"
 2483      20272D61 
 2483      6C6D733D 
 2483      6275696C 
 2483      642F6C73 
 2484              		.text
 2485              		.comm	__gnu_lto_slim,1,1
 2486              		.ident	"GCC: (15:10.3-2021.07-4) 10.3.1 20210621 (release)"
ARM GAS  /tmp/ccOzQnUi.s 			page 112


DEFINED SYMBOLS
                            *ABS*:0000000000000000 chmboxes.c
     /tmp/ccOzQnUi.s:29     .gnu.debuglto_.debug_info:0000000000000000 chmboxes.c.1c8744c8
                            *COM*:0000000000000001 __gnu_lto_slim

NO UNDEFINED SYMBOLS
