ARM GAS  /tmp/ccV1UOBG.s 			page 1


   1              		.cpu cortex-m7
   2              		.eabi_attribute 28, 1
   3              		.eabi_attribute 20, 1
   4              		.eabi_attribute 21, 1
   5              		.eabi_attribute 23, 3
   6              		.eabi_attribute 24, 1
   7              		.eabi_attribute 25, 1
   8              		.eabi_attribute 26, 1
   9              		.eabi_attribute 30, 2
  10              		.eabi_attribute 34, 1
  11              		.eabi_attribute 18, 4
  12              		.file	"chobjcaches.c"
  13              		.file 1 "/usr/lib/gcc/arm-none-eabi/10.3.1/include/stddef.h"
  14              		.file 2 "/usr/lib/gcc/arm-none-eabi/10.3.1/include/stdint.h"
  15              		.file 3 "third_party/ChibiOS/os/rt/include/chearly.h"
  16              		.file 4 "third_party/ChibiOS/os/rt/include/chlists.h"
  17              		.file 5 "third_party/ChibiOS/os/rt/include/chsem.h"
  18              		.file 6 "third_party/ChibiOS/os/oslib/include/chobjcaches.h"
  19              		.file 7 "third_party/ChibiOS/os/oslib/src/chobjcaches.c"
  20              		.file 8 "third_party/ChibiOS/os/rt/include/chsys.h"
  21              		.file 9 "third_party/ChibiOS/os/common/ports/ARMv7-M/chcore.h"
  22              		.file 10 "third_party/ChibiOS/os/common/ext/ARM/CMSIS/Core/Include/cmsis_gcc.h"
  23              		.section	.gnu.debuglto_.debug_info,"e",%progbits
  24              	.Ldebug_info0:
  25              		.hidden	chobjcaches.c.b92a6698
  26              		.weak	chobjcaches.c.b92a6698
  27              	chobjcaches.c.b92a6698:
  28 0000 48060000 		.4byte	0x648
  29 0004 0400     		.2byte	0x4
  30 0006 00000000 		.4byte	.Ldebug_abbrev0
  31 000a 04       		.byte	0x4
  32 000b 01       		.uleb128 0x1
  33 000c 1A010000 		.4byte	.LASF73
  34 0010 0C       		.byte	0xc
  35 0011 17040000 		.4byte	.LASF74
  36 0015 2D020000 		.4byte	.LASF75
  37 0019 00000000 		.4byte	.Ldebug_line0
  38 001d 02       		.uleb128 0x2
  39 001e 04       		.byte	0x4
  40 001f 05       		.byte	0x5
  41 0020 696E7400 		.ascii	"int\000"
  42 0024 03       		.uleb128 0x3
  43 0025 24000000 		.4byte	.LASF5
  44 0029 01       		.byte	0x1
  45 002a D1       		.byte	0xd1
  46 002b 17       		.byte	0x17
  47 002c 30000000 		.4byte	0x30
  48 0030 04       		.uleb128 0x4
  49 0031 04       		.byte	0x4
  50 0032 07       		.byte	0x7
  51 0033 CB020000 		.4byte	.LASF0
  52 0037 04       		.uleb128 0x4
  53 0038 08       		.byte	0x8
  54 0039 05       		.byte	0x5
  55 003a F4010000 		.4byte	.LASF1
  56 003e 04       		.uleb128 0x4
  57 003f 08       		.byte	0x8
ARM GAS  /tmp/ccV1UOBG.s 			page 2


  58 0040 04       		.byte	0x4
  59 0041 0E010000 		.4byte	.LASF2
  60 0045 04       		.uleb128 0x4
  61 0046 01       		.byte	0x1
  62 0047 06       		.byte	0x6
  63 0048 B0020000 		.4byte	.LASF3
  64 004c 04       		.uleb128 0x4
  65 004d 02       		.byte	0x2
  66 004e 05       		.byte	0x5
  67 004f 1A000000 		.4byte	.LASF4
  68 0053 03       		.uleb128 0x3
  69 0054 42030000 		.4byte	.LASF6
  70 0058 02       		.byte	0x2
  71 0059 28       		.byte	0x28
  72 005a 18       		.byte	0x18
  73 005b 5F000000 		.4byte	0x5f
  74 005f 04       		.uleb128 0x4
  75 0060 04       		.byte	0x4
  76 0061 05       		.byte	0x5
  77 0062 24020000 		.4byte	.LASF7
  78 0066 03       		.uleb128 0x3
  79 0067 E4000000 		.4byte	.LASF8
  80 006b 02       		.byte	0x2
  81 006c 2E       		.byte	0x2e
  82 006d 18       		.byte	0x18
  83 006e 72000000 		.4byte	0x72
  84 0072 04       		.uleb128 0x4
  85 0073 01       		.byte	0x1
  86 0074 08       		.byte	0x8
  87 0075 6F020000 		.4byte	.LASF9
  88 0079 04       		.uleb128 0x4
  89 007a 02       		.byte	0x2
  90 007b 07       		.byte	0x7
  91 007c F6020000 		.4byte	.LASF10
  92 0080 03       		.uleb128 0x3
  93 0081 BC020000 		.4byte	.LASF11
  94 0085 02       		.byte	0x2
  95 0086 34       		.byte	0x34
  96 0087 19       		.byte	0x19
  97 0088 8C000000 		.4byte	0x8c
  98 008c 04       		.uleb128 0x4
  99 008d 04       		.byte	0x4
 100 008e 07       		.byte	0x7
 101 008f 74030000 		.4byte	.LASF12
 102 0093 04       		.uleb128 0x4
 103 0094 08       		.byte	0x8
 104 0095 07       		.byte	0x7
 105 0096 02020000 		.4byte	.LASF13
 106 009a 03       		.uleb128 0x3
 107 009b 4A030000 		.4byte	.LASF14
 108 009f 03       		.byte	0x3
 109 00a0 5C       		.byte	0x5c
 110 00a1 19       		.byte	0x19
 111 00a2 53000000 		.4byte	0x53
 112 00a6 03       		.uleb128 0x3
 113 00a7 3B030000 		.4byte	.LASF15
 114 00ab 03       		.byte	0x3
ARM GAS  /tmp/ccV1UOBG.s 			page 3


 115 00ac 5D       		.byte	0x5d
 116 00ad 19       		.byte	0x19
 117 00ae 80000000 		.4byte	0x80
 118 00b2 04       		.uleb128 0x4
 119 00b3 01       		.byte	0x1
 120 00b4 08       		.byte	0x8
 121 00b5 2C030000 		.4byte	.LASF16
 122 00b9 05       		.uleb128 0x5
 123 00ba B2000000 		.4byte	0xb2
 124 00be 03       		.uleb128 0x3
 125 00bf FD000000 		.4byte	.LASF17
 126 00c3 04       		.byte	0x4
 127 00c4 3F       		.byte	0x3f
 128 00c5 19       		.byte	0x19
 129 00c6 CA000000 		.4byte	0xca
 130 00ca 06       		.uleb128 0x6
 131 00cb D6030000 		.4byte	.LASF20
 132 00cf 08       		.byte	0x8
 133 00d0 04       		.byte	0x4
 134 00d1 45       		.byte	0x45
 135 00d2 08       		.byte	0x8
 136 00d3 F2000000 		.4byte	0xf2
 137 00d7 07       		.uleb128 0x7
 138 00d8 5A040000 		.4byte	.LASF18
 139 00dc 04       		.byte	0x4
 140 00dd 46       		.byte	0x46
 141 00de 1A       		.byte	0x1a
 142 00df F2000000 		.4byte	0xf2
 143 00e3 00       		.byte	0
 144 00e4 07       		.uleb128 0x7
 145 00e5 12040000 		.4byte	.LASF19
 146 00e9 04       		.byte	0x4
 147 00ea 47       		.byte	0x47
 148 00eb 1A       		.byte	0x1a
 149 00ec F2000000 		.4byte	0xf2
 150 00f0 04       		.byte	0x4
 151 00f1 00       		.byte	0
 152 00f2 08       		.uleb128 0x8
 153 00f3 04       		.byte	0x4
 154 00f4 BE000000 		.4byte	0xbe
 155 00f8 09       		.uleb128 0x9
 156 00f9 04       		.byte	0x4
 157 00fa 06       		.uleb128 0x6
 158 00fb AF030000 		.4byte	.LASF21
 159 00ff 0C       		.byte	0xc
 160 0100 05       		.byte	0x5
 161 0101 34       		.byte	0x34
 162 0102 10       		.byte	0x10
 163 0103 22010000 		.4byte	0x122
 164 0107 07       		.uleb128 0x7
 165 0108 DF030000 		.4byte	.LASF22
 166 010c 05       		.byte	0x5
 167 010d 35       		.byte	0x35
 168 010e 19       		.byte	0x19
 169 010f BE000000 		.4byte	0xbe
 170 0113 00       		.byte	0
 171 0114 0A       		.uleb128 0xa
ARM GAS  /tmp/ccV1UOBG.s 			page 4


 172 0115 636E7400 		.ascii	"cnt\000"
 173 0119 05       		.byte	0x5
 174 011a 37       		.byte	0x37
 175 011b 19       		.byte	0x19
 176 011c 9A000000 		.4byte	0x9a
 177 0120 08       		.byte	0x8
 178 0121 00       		.byte	0
 179 0122 03       		.uleb128 0x3
 180 0123 A4020000 		.4byte	.LASF23
 181 0127 05       		.byte	0x5
 182 0128 38       		.byte	0x38
 183 0129 03       		.byte	0x3
 184 012a FA000000 		.4byte	0xfa
 185 012e 05       		.uleb128 0x5
 186 012f 22010000 		.4byte	0x122
 187 0133 04       		.uleb128 0x4
 188 0134 01       		.byte	0x1
 189 0135 02       		.byte	0x2
 190 0136 62030000 		.4byte	.LASF24
 191 013a 03       		.uleb128 0x3
 192 013b 19020000 		.4byte	.LASF25
 193 013f 06       		.byte	0x6
 194 0140 44       		.byte	0x44
 195 0141 12       		.byte	0x12
 196 0142 80000000 		.4byte	0x80
 197 0146 03       		.uleb128 0x3
 198 0147 E5030000 		.4byte	.LASF26
 199 014b 06       		.byte	0x6
 200 014c 49       		.byte	0x49
 201 014d 22       		.byte	0x22
 202 014e 52010000 		.4byte	0x152
 203 0152 06       		.uleb128 0x6
 204 0153 E4020000 		.4byte	.LASF27
 205 0157 08       		.byte	0x8
 206 0158 06       		.byte	0x6
 207 0159 75       		.byte	0x75
 208 015a 08       		.byte	0x8
 209 015b 7A010000 		.4byte	0x17a
 210 015f 07       		.uleb128 0x7
 211 0160 99030000 		.4byte	.LASF28
 212 0164 06       		.byte	0x6
 213 0165 79       		.byte	0x79
 214 0166 1A       		.byte	0x1a
 215 0167 24030000 		.4byte	0x324
 216 016b 00       		.byte	0
 217 016c 07       		.uleb128 0x7
 218 016d 17030000 		.4byte	.LASF29
 219 0171 06       		.byte	0x6
 220 0172 7D       		.byte	0x7d
 221 0173 1A       		.byte	0x1a
 222 0174 24030000 		.4byte	0x324
 223 0178 04       		.byte	0x4
 224 0179 00       		.byte	0
 225 017a 03       		.uleb128 0x3
 226 017b C6030000 		.4byte	.LASF30
 227 017f 06       		.byte	0x6
 228 0180 4E       		.byte	0x4e
ARM GAS  /tmp/ccV1UOBG.s 			page 5


 229 0181 21       		.byte	0x21
 230 0182 86010000 		.4byte	0x186
 231 0186 06       		.uleb128 0x6
 232 0187 56020000 		.4byte	.LASF31
 233 018b 10       		.byte	0x10
 234 018c 06       		.byte	0x6
 235 018d 83       		.byte	0x83
 236 018e 08       		.byte	0x8
 237 018f C8010000 		.4byte	0x1c8
 238 0193 07       		.uleb128 0x7
 239 0194 99030000 		.4byte	.LASF28
 240 0198 06       		.byte	0x6
 241 0199 87       		.byte	0x87
 242 019a 1A       		.byte	0x1a
 243 019b 24030000 		.4byte	0x324
 244 019f 00       		.byte	0
 245 01a0 07       		.uleb128 0x7
 246 01a1 17030000 		.4byte	.LASF29
 247 01a5 06       		.byte	0x6
 248 01a6 8B       		.byte	0x8b
 249 01a7 1A       		.byte	0x1a
 250 01a8 24030000 		.4byte	0x324
 251 01ac 04       		.byte	0x4
 252 01ad 07       		.uleb128 0x7
 253 01ae 46040000 		.4byte	.LASF32
 254 01b2 06       		.byte	0x6
 255 01b3 8F       		.byte	0x8f
 256 01b4 1A       		.byte	0x1a
 257 01b5 24030000 		.4byte	0x324
 258 01b9 08       		.byte	0x8
 259 01ba 07       		.uleb128 0x7
 260 01bb 09040000 		.4byte	.LASF33
 261 01bf 06       		.byte	0x6
 262 01c0 93       		.byte	0x93
 263 01c1 1A       		.byte	0x1a
 264 01c2 24030000 		.4byte	0x324
 265 01c6 0C       		.byte	0xc
 266 01c7 00       		.byte	0
 267 01c8 03       		.uleb128 0x3
 268 01c9 8F000000 		.4byte	.LASF34
 269 01cd 06       		.byte	0x6
 270 01ce 53       		.byte	0x53
 271 01cf 1D       		.byte	0x1d
 272 01d0 D4010000 		.4byte	0x1d4
 273 01d4 06       		.uleb128 0x6
 274 01d5 42000000 		.4byte	.LASF35
 275 01d9 2C       		.byte	0x2c
 276 01da 06       		.byte	0x6
 277 01db 99       		.byte	0x99
 278 01dc 08       		.byte	0x8
 279 01dd 57020000 		.4byte	0x257
 280 01e1 07       		.uleb128 0x7
 281 01e2 99030000 		.4byte	.LASF28
 282 01e6 06       		.byte	0x6
 283 01e7 9D       		.byte	0x9d
 284 01e8 1A       		.byte	0x1a
 285 01e9 24030000 		.4byte	0x324
ARM GAS  /tmp/ccV1UOBG.s 			page 6


 286 01ed 00       		.byte	0
 287 01ee 07       		.uleb128 0x7
 288 01ef 17030000 		.4byte	.LASF29
 289 01f3 06       		.byte	0x6
 290 01f4 A1       		.byte	0xa1
 291 01f5 1A       		.byte	0x1a
 292 01f6 24030000 		.4byte	0x324
 293 01fa 04       		.byte	0x4
 294 01fb 07       		.uleb128 0x7
 295 01fc 46040000 		.4byte	.LASF32
 296 0200 06       		.byte	0x6
 297 0201 A5       		.byte	0xa5
 298 0202 1A       		.byte	0x1a
 299 0203 24030000 		.4byte	0x324
 300 0207 08       		.byte	0x8
 301 0208 07       		.uleb128 0x7
 302 0209 09040000 		.4byte	.LASF33
 303 020d 06       		.byte	0x6
 304 020e A9       		.byte	0xa9
 305 020f 1A       		.byte	0x1a
 306 0210 24030000 		.4byte	0x324
 307 0214 0C       		.byte	0xc
 308 0215 07       		.uleb128 0x7
 309 0216 60000000 		.4byte	.LASF36
 310 021a 06       		.byte	0x6
 311 021b AD       		.byte	0xad
 312 021c 19       		.byte	0x19
 313 021d 80000000 		.4byte	0x80
 314 0221 10       		.byte	0x10
 315 0222 07       		.uleb128 0x7
 316 0223 4E020000 		.4byte	.LASF37
 317 0227 06       		.byte	0x6
 318 0228 B1       		.byte	0xb1
 319 0229 19       		.byte	0x19
 320 022a 80000000 		.4byte	0x80
 321 022e 14       		.byte	0x14
 322 022f 07       		.uleb128 0x7
 323 0230 67020000 		.4byte	.LASF38
 324 0234 06       		.byte	0x6
 325 0235 B5       		.byte	0xb5
 326 0236 19       		.byte	0x19
 327 0237 22010000 		.4byte	0x122
 328 023b 18       		.byte	0x18
 329 023c 07       		.uleb128 0x7
 330 023d 4F000000 		.4byte	.LASF39
 331 0241 06       		.byte	0x6
 332 0242 B9       		.byte	0xb9
 333 0243 19       		.byte	0x19
 334 0244 3A010000 		.4byte	0x13a
 335 0248 24       		.byte	0x24
 336 0249 07       		.uleb128 0x7
 337 024a 04040000 		.4byte	.LASF40
 338 024e 06       		.byte	0x6
 339 024f BF       		.byte	0xbf
 340 0250 1A       		.byte	0x1a
 341 0251 F8000000 		.4byte	0xf8
 342 0255 28       		.byte	0x28
ARM GAS  /tmp/ccV1UOBG.s 			page 7


 343 0256 00       		.byte	0
 344 0257 03       		.uleb128 0x3
 345 0258 C3000000 		.4byte	.LASF41
 346 025c 06       		.byte	0x6
 347 025d 58       		.byte	0x58
 348 025e 21       		.byte	0x21
 349 025f 63020000 		.4byte	0x263
 350 0263 06       		.uleb128 0x6
 351 0264 D3000000 		.4byte	.LASF42
 352 0268 44       		.byte	0x44
 353 0269 06       		.byte	0x6
 354 026a C5       		.byte	0xc5
 355 026b 08       		.byte	0x8
 356 026c F3020000 		.4byte	0x2f3
 357 0270 07       		.uleb128 0x7
 358 0271 C5020000 		.4byte	.LASF43
 359 0275 06       		.byte	0x6
 360 0276 C9       		.byte	0xc9
 361 0277 19       		.byte	0x19
 362 0278 A6000000 		.4byte	0xa6
 363 027c 00       		.byte	0
 364 027d 07       		.uleb128 0x7
 365 027e D8020000 		.4byte	.LASF44
 366 0282 06       		.byte	0x6
 367 0283 CD       		.byte	0xcd
 368 0284 1A       		.byte	0x1a
 369 0285 36030000 		.4byte	0x336
 370 0289 04       		.byte	0x4
 371 028a 07       		.uleb128 0x7
 372 028b BC030000 		.4byte	.LASF45
 373 028f 06       		.byte	0x6
 374 0290 D1       		.byte	0xd1
 375 0291 19       		.byte	0x19
 376 0292 A6000000 		.4byte	0xa6
 377 0296 08       		.byte	0x8
 378 0297 07       		.uleb128 0x7
 379 0298 08010000 		.4byte	.LASF46
 380 029c 06       		.byte	0x6
 381 029d D5       		.byte	0xd5
 382 029e 19       		.byte	0x19
 383 029f 24000000 		.4byte	0x24
 384 02a3 0C       		.byte	0xc
 385 02a4 07       		.uleb128 0x7
 386 02a5 0C000000 		.4byte	.LASF47
 387 02a9 06       		.byte	0x6
 388 02aa D9       		.byte	0xd9
 389 02ab 1A       		.byte	0x1a
 390 02ac F8000000 		.4byte	0xf8
 391 02b0 10       		.byte	0x10
 392 02b1 0A       		.uleb128 0xa
 393 02b2 6C727500 		.ascii	"lru\000"
 394 02b6 06       		.byte	0x6
 395 02b7 DD       		.byte	0xdd
 396 02b8 19       		.byte	0x19
 397 02b9 7A010000 		.4byte	0x17a
 398 02bd 14       		.byte	0x14
 399 02be 07       		.uleb128 0x7
ARM GAS  /tmp/ccV1UOBG.s 			page 8


 400 02bf 31030000 		.4byte	.LASF48
 401 02c3 06       		.byte	0x6
 402 02c4 E1       		.byte	0xe1
 403 02c5 19       		.byte	0x19
 404 02c6 22010000 		.4byte	0x122
 405 02ca 24       		.byte	0x24
 406 02cb 07       		.uleb128 0x7
 407 02cc 12000000 		.4byte	.LASF49
 408 02d0 06       		.byte	0x6
 409 02d1 E5       		.byte	0xe5
 410 02d2 19       		.byte	0x19
 411 02d3 22010000 		.4byte	0x122
 412 02d7 30       		.byte	0x30
 413 02d8 07       		.uleb128 0x7
 414 02d9 DE020000 		.4byte	.LASF50
 415 02dd 06       		.byte	0x6
 416 02de E9       		.byte	0xe9
 417 02df 19       		.byte	0x19
 418 02e0 F3020000 		.4byte	0x2f3
 419 02e4 3C       		.byte	0x3c
 420 02e5 07       		.uleb128 0x7
 421 02e6 59000000 		.4byte	.LASF51
 422 02ea 06       		.byte	0x6
 423 02eb ED       		.byte	0xed
 424 02ec 19       		.byte	0x19
 425 02ed 2A030000 		.4byte	0x32a
 426 02f1 40       		.byte	0x40
 427 02f2 00       		.byte	0
 428 02f3 03       		.uleb128 0x3
 429 02f4 21030000 		.4byte	.LASF52
 430 02f8 06       		.byte	0x6
 431 02f9 62       		.byte	0x62
 432 02fa 10       		.byte	0x10
 433 02fb FF020000 		.4byte	0x2ff
 434 02ff 08       		.uleb128 0x8
 435 0300 04       		.byte	0x4
 436 0301 05030000 		.4byte	0x305
 437 0305 0B       		.uleb128 0xb
 438 0306 33010000 		.4byte	0x133
 439 030a 1E030000 		.4byte	0x31e
 440 030e 0C       		.uleb128 0xc
 441 030f 1E030000 		.4byte	0x31e
 442 0313 0C       		.uleb128 0xc
 443 0314 24030000 		.4byte	0x324
 444 0318 0C       		.uleb128 0xc
 445 0319 33010000 		.4byte	0x133
 446 031d 00       		.byte	0
 447 031e 08       		.uleb128 0x8
 448 031f 04       		.byte	0x4
 449 0320 57020000 		.4byte	0x257
 450 0324 08       		.uleb128 0x8
 451 0325 04       		.byte	0x4
 452 0326 C8010000 		.4byte	0x1c8
 453 032a 03       		.uleb128 0x3
 454 032b 00000000 		.4byte	.LASF53
 455 032f 06       		.byte	0x6
 456 0330 6E       		.byte	0x6e
ARM GAS  /tmp/ccV1UOBG.s 			page 9


 457 0331 10       		.byte	0x10
 458 0332 FF020000 		.4byte	0x2ff
 459 0336 08       		.uleb128 0x8
 460 0337 04       		.byte	0x4
 461 0338 46010000 		.4byte	0x146
 462 033c 0D       		.uleb128 0xd
 463 033d 86030000 		.4byte	.LASF56
 464 0341 07       		.byte	0x7
 465 0342 DD01     		.2byte	0x1dd
 466 0344 06       		.byte	0x6
 467 0345 33010000 		.4byte	0x133
 468 0349 75030000 		.4byte	0x375
 469 034d 0E       		.uleb128 0xe
 470 034e 6F637000 		.ascii	"ocp\000"
 471 0352 07       		.byte	0x7
 472 0353 DD01     		.2byte	0x1dd
 473 0355 2A       		.byte	0x2a
 474 0356 1E030000 		.4byte	0x31e
 475 035a 0F       		.uleb128 0xf
 476 035b C1030000 		.4byte	.LASF54
 477 035f 07       		.byte	0x7
 478 0360 DE01     		.2byte	0x1de
 479 0362 26       		.byte	0x26
 480 0363 24030000 		.4byte	0x324
 481 0367 0F       		.uleb128 0xf
 482 0368 11030000 		.4byte	.LASF55
 483 036c 07       		.byte	0x7
 484 036d DF01     		.2byte	0x1df
 485 036f 1E       		.byte	0x1e
 486 0370 33010000 		.4byte	0x133
 487 0374 00       		.byte	0
 488 0375 0D       		.uleb128 0xd
 489 0376 50030000 		.4byte	.LASF57
 490 037a 07       		.byte	0x7
 491 037b C001     		.2byte	0x1c0
 492 037d 06       		.byte	0x6
 493 037e 33010000 		.4byte	0x133
 494 0382 AE030000 		.4byte	0x3ae
 495 0386 0E       		.uleb128 0xe
 496 0387 6F637000 		.ascii	"ocp\000"
 497 038b 07       		.byte	0x7
 498 038c C001     		.2byte	0x1c0
 499 038e 29       		.byte	0x29
 500 038f 1E030000 		.4byte	0x31e
 501 0393 0F       		.uleb128 0xf
 502 0394 C1030000 		.4byte	.LASF54
 503 0398 07       		.byte	0x7
 504 0399 C101     		.2byte	0x1c1
 505 039b 25       		.byte	0x25
 506 039c 24030000 		.4byte	0x324
 507 03a0 0F       		.uleb128 0xf
 508 03a1 11030000 		.4byte	.LASF55
 509 03a5 07       		.byte	0x7
 510 03a6 C201     		.2byte	0x1c2
 511 03a8 1D       		.byte	0x1d
 512 03a9 33010000 		.4byte	0x133
 513 03ad 00       		.byte	0
ARM GAS  /tmp/ccV1UOBG.s 			page 10


 514 03ae 10       		.uleb128 0x10
 515 03af 9B000000 		.4byte	.LASF61
 516 03b3 07       		.byte	0x7
 517 03b4 7A01     		.2byte	0x17a
 518 03b6 06       		.byte	0x6
 519 03b7 DF030000 		.4byte	0x3df
 520 03bb 0E       		.uleb128 0xe
 521 03bc 6F637000 		.ascii	"ocp\000"
 522 03c0 07       		.byte	0x7
 523 03c1 7A01     		.2byte	0x17a
 524 03c3 2D       		.byte	0x2d
 525 03c4 1E030000 		.4byte	0x31e
 526 03c8 0F       		.uleb128 0xf
 527 03c9 C1030000 		.4byte	.LASF54
 528 03cd 07       		.byte	0x7
 529 03ce 7B01     		.2byte	0x17b
 530 03d0 29       		.byte	0x29
 531 03d1 24030000 		.4byte	0x324
 532 03d5 11       		.uleb128 0x11
 533 03d6 8C020000 		.4byte	.LASF60
 534 03da EF030000 		.4byte	0x3ef
 535 03de 00       		.byte	0
 536 03df 12       		.uleb128 0x12
 537 03e0 B9000000 		.4byte	0xb9
 538 03e4 EF030000 		.4byte	0x3ef
 539 03e8 13       		.uleb128 0x13
 540 03e9 30000000 		.4byte	0x30
 541 03ed 15       		.byte	0x15
 542 03ee 00       		.byte	0
 543 03ef 05       		.uleb128 0x5
 544 03f0 DF030000 		.4byte	0x3df
 545 03f4 0D       		.uleb128 0xd
 546 03f5 EC000000 		.4byte	.LASF58
 547 03f9 07       		.byte	0x7
 548 03fa 2F01     		.2byte	0x12f
 549 03fc 0E       		.byte	0xe
 550 03fd 24030000 		.4byte	0x324
 551 0401 52040000 		.4byte	0x452
 552 0405 0E       		.uleb128 0xe
 553 0406 6F637000 		.ascii	"ocp\000"
 554 040a 07       		.byte	0x7
 555 040b 2F01     		.2byte	0x12f
 556 040d 30       		.byte	0x30
 557 040e 1E030000 		.4byte	0x31e
 558 0412 0F       		.uleb128 0xf
 559 0413 3C000000 		.4byte	.LASF59
 560 0417 07       		.byte	0x7
 561 0418 3001     		.2byte	0x130
 562 041a 28       		.byte	0x28
 563 041b 80000000 		.4byte	0x80
 564 041f 0E       		.uleb128 0xe
 565 0420 6B657900 		.ascii	"key\000"
 566 0424 07       		.byte	0x7
 567 0425 3101     		.2byte	0x131
 568 0427 28       		.byte	0x28
 569 0428 80000000 		.4byte	0x80
 570 042c 14       		.uleb128 0x14
ARM GAS  /tmp/ccV1UOBG.s 			page 11


 571 042d C1030000 		.4byte	.LASF54
 572 0431 07       		.byte	0x7
 573 0432 3201     		.2byte	0x132
 574 0434 10       		.byte	0x10
 575 0435 24030000 		.4byte	0x324
 576 0439 11       		.uleb128 0x11
 577 043a 8C020000 		.4byte	.LASF60
 578 043e 62040000 		.4byte	0x462
 579 0442 15       		.uleb128 0x15
 580 0443 16       		.uleb128 0x16
 581 0444 68687000 		.ascii	"hhp\000"
 582 0448 07       		.byte	0x7
 583 0449 6001     		.2byte	0x160
 584 044b 05       		.byte	0x5
 585 044c 36030000 		.4byte	0x336
 586 0450 00       		.byte	0
 587 0451 00       		.byte	0
 588 0452 12       		.uleb128 0x12
 589 0453 B9000000 		.4byte	0xb9
 590 0457 62040000 		.4byte	0x462
 591 045b 13       		.uleb128 0x13
 592 045c 30000000 		.4byte	0x30
 593 0460 10       		.byte	0x10
 594 0461 00       		.byte	0
 595 0462 05       		.uleb128 0x5
 596 0463 52040000 		.4byte	0x452
 597 0467 17       		.uleb128 0x17
 598 0468 B1000000 		.4byte	.LASF62
 599 046c 07       		.byte	0x7
 600 046d F0       		.byte	0xf0
 601 046e 06       		.byte	0x6
 602 046f EC040000 		.4byte	0x4ec
 603 0473 18       		.uleb128 0x18
 604 0474 6F637000 		.ascii	"ocp\000"
 605 0478 07       		.byte	0x7
 606 0479 F0       		.byte	0xf0
 607 047a 29       		.byte	0x29
 608 047b 1E030000 		.4byte	0x31e
 609 047f 19       		.uleb128 0x19
 610 0480 C5020000 		.4byte	.LASF43
 611 0484 07       		.byte	0x7
 612 0485 F1       		.byte	0xf1
 613 0486 1F       		.byte	0x1f
 614 0487 A6000000 		.4byte	0xa6
 615 048b 19       		.uleb128 0x19
 616 048c D8020000 		.4byte	.LASF44
 617 0490 07       		.byte	0x7
 618 0491 F2       		.byte	0xf2
 619 0492 2A       		.byte	0x2a
 620 0493 36030000 		.4byte	0x336
 621 0497 19       		.uleb128 0x19
 622 0498 BC030000 		.4byte	.LASF45
 623 049c 07       		.byte	0x7
 624 049d F3       		.byte	0xf3
 625 049e 1F       		.byte	0x1f
 626 049f A6000000 		.4byte	0xa6
 627 04a3 19       		.uleb128 0x19
ARM GAS  /tmp/ccV1UOBG.s 			page 12


 628 04a4 08010000 		.4byte	.LASF46
 629 04a8 07       		.byte	0x7
 630 04a9 F4       		.byte	0xf4
 631 04aa 1F       		.byte	0x1f
 632 04ab 24000000 		.4byte	0x24
 633 04af 19       		.uleb128 0x19
 634 04b0 0C000000 		.4byte	.LASF47
 635 04b4 07       		.byte	0x7
 636 04b5 F5       		.byte	0xf5
 637 04b6 1E       		.byte	0x1e
 638 04b7 F8000000 		.4byte	0xf8
 639 04bb 19       		.uleb128 0x19
 640 04bc DE020000 		.4byte	.LASF50
 641 04c0 07       		.byte	0x7
 642 04c1 F6       		.byte	0xf6
 643 04c2 23       		.byte	0x23
 644 04c3 F3020000 		.4byte	0x2f3
 645 04c7 19       		.uleb128 0x19
 646 04c8 59000000 		.4byte	.LASF51
 647 04cc 07       		.byte	0x7
 648 04cd F7       		.byte	0xf7
 649 04ce 24       		.byte	0x24
 650 04cf 2A030000 		.4byte	0x32a
 651 04d3 11       		.uleb128 0x11
 652 04d4 8C020000 		.4byte	.LASF60
 653 04d8 FC040000 		.4byte	0x4fc
 654 04dc 15       		.uleb128 0x15
 655 04dd 14       		.uleb128 0x14
 656 04de C1030000 		.4byte	.LASF54
 657 04e2 07       		.byte	0x7
 658 04e3 1501     		.2byte	0x115
 659 04e5 12       		.byte	0x12
 660 04e6 24030000 		.4byte	0x324
 661 04ea 00       		.byte	0
 662 04eb 00       		.byte	0
 663 04ec 12       		.uleb128 0x12
 664 04ed B9000000 		.4byte	0xb9
 665 04f1 FC040000 		.4byte	0x4fc
 666 04f5 13       		.uleb128 0x13
 667 04f6 30000000 		.4byte	0x30
 668 04fa 11       		.byte	0x11
 669 04fb 00       		.byte	0
 670 04fc 05       		.uleb128 0x5
 671 04fd EC040000 		.4byte	0x4ec
 672 0501 1A       		.uleb128 0x1a
 673 0502 7D020000 		.4byte	.LASF63
 674 0506 07       		.byte	0x7
 675 0507 A5       		.byte	0xa5
 676 0508 15       		.byte	0x15
 677 0509 24030000 		.4byte	0x324
 678 050d 33050000 		.4byte	0x533
 679 0511 18       		.uleb128 0x18
 680 0512 6F637000 		.ascii	"ocp\000"
 681 0516 07       		.byte	0x7
 682 0517 A5       		.byte	0xa5
 683 0518 35       		.byte	0x35
 684 0519 1E030000 		.4byte	0x31e
ARM GAS  /tmp/ccV1UOBG.s 			page 13


 685 051d 1B       		.uleb128 0x1b
 686 051e C1030000 		.4byte	.LASF54
 687 0522 07       		.byte	0x7
 688 0523 A6       		.byte	0xa6
 689 0524 10       		.byte	0x10
 690 0525 24030000 		.4byte	0x324
 691 0529 11       		.uleb128 0x11
 692 052a 8C020000 		.4byte	.LASF60
 693 052e 43050000 		.4byte	0x543
 694 0532 00       		.byte	0
 695 0533 12       		.uleb128 0x12
 696 0534 B9000000 		.4byte	0xb9
 697 0538 43050000 		.4byte	0x543
 698 053c 13       		.uleb128 0x13
 699 053d 30000000 		.4byte	0x30
 700 0541 0E       		.byte	0xe
 701 0542 00       		.byte	0
 702 0543 05       		.uleb128 0x5
 703 0544 33050000 		.4byte	0x533
 704 0548 1A       		.uleb128 0x1a
 705 0549 4F040000 		.4byte	.LASF64
 706 054d 07       		.byte	0x7
 707 054e 86       		.byte	0x86
 708 054f 15       		.byte	0x15
 709 0550 24030000 		.4byte	0x324
 710 0554 95050000 		.4byte	0x595
 711 0558 18       		.uleb128 0x18
 712 0559 6F637000 		.ascii	"ocp\000"
 713 055d 07       		.byte	0x7
 714 055e 86       		.byte	0x86
 715 055f 31       		.byte	0x31
 716 0560 1E030000 		.4byte	0x31e
 717 0564 19       		.uleb128 0x19
 718 0565 3C000000 		.4byte	.LASF59
 719 0569 07       		.byte	0x7
 720 056a 87       		.byte	0x87
 721 056b 29       		.byte	0x29
 722 056c 80000000 		.4byte	0x80
 723 0570 18       		.uleb128 0x18
 724 0571 6B657900 		.ascii	"key\000"
 725 0575 07       		.byte	0x7
 726 0576 88       		.byte	0x88
 727 0577 29       		.byte	0x29
 728 0578 80000000 		.4byte	0x80
 729 057c 1C       		.uleb128 0x1c
 730 057d 68687000 		.ascii	"hhp\000"
 731 0581 07       		.byte	0x7
 732 0582 89       		.byte	0x89
 733 0583 15       		.byte	0x15
 734 0584 36030000 		.4byte	0x336
 735 0588 1B       		.uleb128 0x1b
 736 0589 C1030000 		.4byte	.LASF54
 737 058d 07       		.byte	0x7
 738 058e 8A       		.byte	0x8a
 739 058f 10       		.byte	0x10
 740 0590 24030000 		.4byte	0x324
 741 0594 00       		.byte	0
ARM GAS  /tmp/ccV1UOBG.s 			page 14


 742 0595 1A       		.uleb128 0x1a
 743 0596 2B000000 		.4byte	.LASF65
 744 059a 05       		.byte	0x5
 745 059b BD       		.byte	0xbd
 746 059c 15       		.byte	0x15
 747 059d 9A000000 		.4byte	0x9a
 748 05a1 B1050000 		.4byte	0x5b1
 749 05a5 18       		.uleb128 0x18
 750 05a6 737000   		.ascii	"sp\000"
 751 05a9 05       		.byte	0x5
 752 05aa BD       		.byte	0xbd
 753 05ab 39       		.byte	0x39
 754 05ac B1050000 		.4byte	0x5b1
 755 05b0 00       		.byte	0
 756 05b1 08       		.uleb128 0x8
 757 05b2 04       		.byte	0x4
 758 05b3 2E010000 		.4byte	0x12e
 759 05b7 1D       		.uleb128 0x1d
 760 05b8 6A000000 		.4byte	.LASF66
 761 05bc 05       		.byte	0x5
 762 05bd AE       		.byte	0xae
 763 05be 14       		.byte	0x14
 764 05bf CF050000 		.4byte	0x5cf
 765 05c3 18       		.uleb128 0x18
 766 05c4 737000   		.ascii	"sp\000"
 767 05c7 05       		.byte	0x5
 768 05c8 AE       		.byte	0xae
 769 05c9 32       		.byte	0x32
 770 05ca CF050000 		.4byte	0x5cf
 771 05ce 00       		.byte	0
 772 05cf 08       		.uleb128 0x8
 773 05d0 04       		.byte	0x4
 774 05d1 22010000 		.4byte	0x122
 775 05d5 1D       		.uleb128 0x1d
 776 05d6 95020000 		.4byte	.LASF67
 777 05da 05       		.byte	0x5
 778 05db 9E       		.byte	0x9e
 779 05dc 14       		.byte	0x14
 780 05dd ED050000 		.4byte	0x5ed
 781 05e1 18       		.uleb128 0x18
 782 05e2 737000   		.ascii	"sp\000"
 783 05e5 05       		.byte	0x5
 784 05e6 9E       		.byte	0x9e
 785 05e7 30       		.byte	0x30
 786 05e8 CF050000 		.4byte	0x5cf
 787 05ec 00       		.byte	0
 788 05ed 1E       		.uleb128 0x1e
 789 05ee A3030000 		.4byte	.LASF68
 790 05f2 08       		.byte	0x8
 791 05f3 A501     		.2byte	0x1a5
 792 05f5 14       		.byte	0x14
 793 05f6 04060000 		.4byte	0x604
 794 05fa 11       		.uleb128 0x11
 795 05fb 8C020000 		.4byte	.LASF60
 796 05ff 14060000 		.4byte	0x614
 797 0603 00       		.byte	0
 798 0604 12       		.uleb128 0x12
ARM GAS  /tmp/ccV1UOBG.s 			page 15


 799 0605 B9000000 		.4byte	0xb9
 800 0609 14060000 		.4byte	0x614
 801 060d 13       		.uleb128 0x13
 802 060e 30000000 		.4byte	0x30
 803 0612 0B       		.byte	0xb
 804 0613 00       		.byte	0
 805 0614 05       		.uleb128 0x5
 806 0615 04060000 		.4byte	0x604
 807 0619 1F       		.uleb128 0x1f
 808 061a 85000000 		.4byte	.LASF69
 809 061e 08       		.byte	0x8
 810 061f 9701     		.2byte	0x197
 811 0621 14       		.byte	0x14
 812 0622 1F       		.uleb128 0x1f
 813 0623 68030000 		.4byte	.LASF70
 814 0627 09       		.byte	0x9
 815 0628 4103     		.2byte	0x341
 816 062a 1B       		.byte	0x1b
 817 062b 1F       		.uleb128 0x1f
 818 062c 7B000000 		.4byte	.LASF71
 819 0630 09       		.byte	0x9
 820 0631 2903     		.2byte	0x329
 821 0633 1B       		.byte	0x1b
 822 0634 20       		.uleb128 0x20
 823 0635 F6030000 		.4byte	.LASF76
 824 0639 0A       		.byte	0xa
 825 063a EB01     		.2byte	0x1eb
 826 063c 1B       		.byte	0x1b
 827 063d 0F       		.uleb128 0xf
 828 063e 09030000 		.4byte	.LASF72
 829 0642 0A       		.byte	0xa
 830 0643 EB01     		.2byte	0x1eb
 831 0645 32       		.byte	0x32
 832 0646 80000000 		.4byte	0x80
 833 064a 00       		.byte	0
 834 064b 00       		.byte	0
 835              		.section	.gnu.debuglto_.debug_abbrev,"e",%progbits
 836              	.Ldebug_abbrev0:
 837 0000 01       		.uleb128 0x1
 838 0001 11       		.uleb128 0x11
 839 0002 01       		.byte	0x1
 840 0003 25       		.uleb128 0x25
 841 0004 0E       		.uleb128 0xe
 842 0005 13       		.uleb128 0x13
 843 0006 0B       		.uleb128 0xb
 844 0007 03       		.uleb128 0x3
 845 0008 0E       		.uleb128 0xe
 846 0009 1B       		.uleb128 0x1b
 847 000a 0E       		.uleb128 0xe
 848 000b 10       		.uleb128 0x10
 849 000c 17       		.uleb128 0x17
 850 000d 00       		.byte	0
 851 000e 00       		.byte	0
 852 000f 02       		.uleb128 0x2
 853 0010 24       		.uleb128 0x24
 854 0011 00       		.byte	0
 855 0012 0B       		.uleb128 0xb
ARM GAS  /tmp/ccV1UOBG.s 			page 16


 856 0013 0B       		.uleb128 0xb
 857 0014 3E       		.uleb128 0x3e
 858 0015 0B       		.uleb128 0xb
 859 0016 03       		.uleb128 0x3
 860 0017 08       		.uleb128 0x8
 861 0018 00       		.byte	0
 862 0019 00       		.byte	0
 863 001a 03       		.uleb128 0x3
 864 001b 16       		.uleb128 0x16
 865 001c 00       		.byte	0
 866 001d 03       		.uleb128 0x3
 867 001e 0E       		.uleb128 0xe
 868 001f 3A       		.uleb128 0x3a
 869 0020 0B       		.uleb128 0xb
 870 0021 3B       		.uleb128 0x3b
 871 0022 0B       		.uleb128 0xb
 872 0023 39       		.uleb128 0x39
 873 0024 0B       		.uleb128 0xb
 874 0025 49       		.uleb128 0x49
 875 0026 13       		.uleb128 0x13
 876 0027 00       		.byte	0
 877 0028 00       		.byte	0
 878 0029 04       		.uleb128 0x4
 879 002a 24       		.uleb128 0x24
 880 002b 00       		.byte	0
 881 002c 0B       		.uleb128 0xb
 882 002d 0B       		.uleb128 0xb
 883 002e 3E       		.uleb128 0x3e
 884 002f 0B       		.uleb128 0xb
 885 0030 03       		.uleb128 0x3
 886 0031 0E       		.uleb128 0xe
 887 0032 00       		.byte	0
 888 0033 00       		.byte	0
 889 0034 05       		.uleb128 0x5
 890 0035 26       		.uleb128 0x26
 891 0036 00       		.byte	0
 892 0037 49       		.uleb128 0x49
 893 0038 13       		.uleb128 0x13
 894 0039 00       		.byte	0
 895 003a 00       		.byte	0
 896 003b 06       		.uleb128 0x6
 897 003c 13       		.uleb128 0x13
 898 003d 01       		.byte	0x1
 899 003e 03       		.uleb128 0x3
 900 003f 0E       		.uleb128 0xe
 901 0040 0B       		.uleb128 0xb
 902 0041 0B       		.uleb128 0xb
 903 0042 3A       		.uleb128 0x3a
 904 0043 0B       		.uleb128 0xb
 905 0044 3B       		.uleb128 0x3b
 906 0045 0B       		.uleb128 0xb
 907 0046 39       		.uleb128 0x39
 908 0047 0B       		.uleb128 0xb
 909 0048 01       		.uleb128 0x1
 910 0049 13       		.uleb128 0x13
 911 004a 00       		.byte	0
 912 004b 00       		.byte	0
ARM GAS  /tmp/ccV1UOBG.s 			page 17


 913 004c 07       		.uleb128 0x7
 914 004d 0D       		.uleb128 0xd
 915 004e 00       		.byte	0
 916 004f 03       		.uleb128 0x3
 917 0050 0E       		.uleb128 0xe
 918 0051 3A       		.uleb128 0x3a
 919 0052 0B       		.uleb128 0xb
 920 0053 3B       		.uleb128 0x3b
 921 0054 0B       		.uleb128 0xb
 922 0055 39       		.uleb128 0x39
 923 0056 0B       		.uleb128 0xb
 924 0057 49       		.uleb128 0x49
 925 0058 13       		.uleb128 0x13
 926 0059 38       		.uleb128 0x38
 927 005a 0B       		.uleb128 0xb
 928 005b 00       		.byte	0
 929 005c 00       		.byte	0
 930 005d 08       		.uleb128 0x8
 931 005e 0F       		.uleb128 0xf
 932 005f 00       		.byte	0
 933 0060 0B       		.uleb128 0xb
 934 0061 0B       		.uleb128 0xb
 935 0062 49       		.uleb128 0x49
 936 0063 13       		.uleb128 0x13
 937 0064 00       		.byte	0
 938 0065 00       		.byte	0
 939 0066 09       		.uleb128 0x9
 940 0067 0F       		.uleb128 0xf
 941 0068 00       		.byte	0
 942 0069 0B       		.uleb128 0xb
 943 006a 0B       		.uleb128 0xb
 944 006b 00       		.byte	0
 945 006c 00       		.byte	0
 946 006d 0A       		.uleb128 0xa
 947 006e 0D       		.uleb128 0xd
 948 006f 00       		.byte	0
 949 0070 03       		.uleb128 0x3
 950 0071 08       		.uleb128 0x8
 951 0072 3A       		.uleb128 0x3a
 952 0073 0B       		.uleb128 0xb
 953 0074 3B       		.uleb128 0x3b
 954 0075 0B       		.uleb128 0xb
 955 0076 39       		.uleb128 0x39
 956 0077 0B       		.uleb128 0xb
 957 0078 49       		.uleb128 0x49
 958 0079 13       		.uleb128 0x13
 959 007a 38       		.uleb128 0x38
 960 007b 0B       		.uleb128 0xb
 961 007c 00       		.byte	0
 962 007d 00       		.byte	0
 963 007e 0B       		.uleb128 0xb
 964 007f 15       		.uleb128 0x15
 965 0080 01       		.byte	0x1
 966 0081 27       		.uleb128 0x27
 967 0082 19       		.uleb128 0x19
 968 0083 49       		.uleb128 0x49
 969 0084 13       		.uleb128 0x13
ARM GAS  /tmp/ccV1UOBG.s 			page 18


 970 0085 01       		.uleb128 0x1
 971 0086 13       		.uleb128 0x13
 972 0087 00       		.byte	0
 973 0088 00       		.byte	0
 974 0089 0C       		.uleb128 0xc
 975 008a 05       		.uleb128 0x5
 976 008b 00       		.byte	0
 977 008c 49       		.uleb128 0x49
 978 008d 13       		.uleb128 0x13
 979 008e 00       		.byte	0
 980 008f 00       		.byte	0
 981 0090 0D       		.uleb128 0xd
 982 0091 2E       		.uleb128 0x2e
 983 0092 01       		.byte	0x1
 984 0093 3F       		.uleb128 0x3f
 985 0094 19       		.uleb128 0x19
 986 0095 03       		.uleb128 0x3
 987 0096 0E       		.uleb128 0xe
 988 0097 3A       		.uleb128 0x3a
 989 0098 0B       		.uleb128 0xb
 990 0099 3B       		.uleb128 0x3b
 991 009a 05       		.uleb128 0x5
 992 009b 39       		.uleb128 0x39
 993 009c 0B       		.uleb128 0xb
 994 009d 27       		.uleb128 0x27
 995 009e 19       		.uleb128 0x19
 996 009f 49       		.uleb128 0x49
 997 00a0 13       		.uleb128 0x13
 998 00a1 01       		.uleb128 0x1
 999 00a2 13       		.uleb128 0x13
 1000 00a3 00       		.byte	0
 1001 00a4 00       		.byte	0
 1002 00a5 0E       		.uleb128 0xe
 1003 00a6 05       		.uleb128 0x5
 1004 00a7 00       		.byte	0
 1005 00a8 03       		.uleb128 0x3
 1006 00a9 08       		.uleb128 0x8
 1007 00aa 3A       		.uleb128 0x3a
 1008 00ab 0B       		.uleb128 0xb
 1009 00ac 3B       		.uleb128 0x3b
 1010 00ad 05       		.uleb128 0x5
 1011 00ae 39       		.uleb128 0x39
 1012 00af 0B       		.uleb128 0xb
 1013 00b0 49       		.uleb128 0x49
 1014 00b1 13       		.uleb128 0x13
 1015 00b2 00       		.byte	0
 1016 00b3 00       		.byte	0
 1017 00b4 0F       		.uleb128 0xf
 1018 00b5 05       		.uleb128 0x5
 1019 00b6 00       		.byte	0
 1020 00b7 03       		.uleb128 0x3
 1021 00b8 0E       		.uleb128 0xe
 1022 00b9 3A       		.uleb128 0x3a
 1023 00ba 0B       		.uleb128 0xb
 1024 00bb 3B       		.uleb128 0x3b
 1025 00bc 05       		.uleb128 0x5
 1026 00bd 39       		.uleb128 0x39
ARM GAS  /tmp/ccV1UOBG.s 			page 19


 1027 00be 0B       		.uleb128 0xb
 1028 00bf 49       		.uleb128 0x49
 1029 00c0 13       		.uleb128 0x13
 1030 00c1 00       		.byte	0
 1031 00c2 00       		.byte	0
 1032 00c3 10       		.uleb128 0x10
 1033 00c4 2E       		.uleb128 0x2e
 1034 00c5 01       		.byte	0x1
 1035 00c6 3F       		.uleb128 0x3f
 1036 00c7 19       		.uleb128 0x19
 1037 00c8 03       		.uleb128 0x3
 1038 00c9 0E       		.uleb128 0xe
 1039 00ca 3A       		.uleb128 0x3a
 1040 00cb 0B       		.uleb128 0xb
 1041 00cc 3B       		.uleb128 0x3b
 1042 00cd 05       		.uleb128 0x5
 1043 00ce 39       		.uleb128 0x39
 1044 00cf 0B       		.uleb128 0xb
 1045 00d0 27       		.uleb128 0x27
 1046 00d1 19       		.uleb128 0x19
 1047 00d2 01       		.uleb128 0x1
 1048 00d3 13       		.uleb128 0x13
 1049 00d4 00       		.byte	0
 1050 00d5 00       		.byte	0
 1051 00d6 11       		.uleb128 0x11
 1052 00d7 34       		.uleb128 0x34
 1053 00d8 00       		.byte	0
 1054 00d9 03       		.uleb128 0x3
 1055 00da 0E       		.uleb128 0xe
 1056 00db 49       		.uleb128 0x49
 1057 00dc 13       		.uleb128 0x13
 1058 00dd 34       		.uleb128 0x34
 1059 00de 19       		.uleb128 0x19
 1060 00df 00       		.byte	0
 1061 00e0 00       		.byte	0
 1062 00e1 12       		.uleb128 0x12
 1063 00e2 01       		.uleb128 0x1
 1064 00e3 01       		.byte	0x1
 1065 00e4 49       		.uleb128 0x49
 1066 00e5 13       		.uleb128 0x13
 1067 00e6 01       		.uleb128 0x1
 1068 00e7 13       		.uleb128 0x13
 1069 00e8 00       		.byte	0
 1070 00e9 00       		.byte	0
 1071 00ea 13       		.uleb128 0x13
 1072 00eb 21       		.uleb128 0x21
 1073 00ec 00       		.byte	0
 1074 00ed 49       		.uleb128 0x49
 1075 00ee 13       		.uleb128 0x13
 1076 00ef 2F       		.uleb128 0x2f
 1077 00f0 0B       		.uleb128 0xb
 1078 00f1 00       		.byte	0
 1079 00f2 00       		.byte	0
 1080 00f3 14       		.uleb128 0x14
 1081 00f4 34       		.uleb128 0x34
 1082 00f5 00       		.byte	0
 1083 00f6 03       		.uleb128 0x3
ARM GAS  /tmp/ccV1UOBG.s 			page 20


 1084 00f7 0E       		.uleb128 0xe
 1085 00f8 3A       		.uleb128 0x3a
 1086 00f9 0B       		.uleb128 0xb
 1087 00fa 3B       		.uleb128 0x3b
 1088 00fb 05       		.uleb128 0x5
 1089 00fc 39       		.uleb128 0x39
 1090 00fd 0B       		.uleb128 0xb
 1091 00fe 49       		.uleb128 0x49
 1092 00ff 13       		.uleb128 0x13
 1093 0100 00       		.byte	0
 1094 0101 00       		.byte	0
 1095 0102 15       		.uleb128 0x15
 1096 0103 0B       		.uleb128 0xb
 1097 0104 01       		.byte	0x1
 1098 0105 00       		.byte	0
 1099 0106 00       		.byte	0
 1100 0107 16       		.uleb128 0x16
 1101 0108 34       		.uleb128 0x34
 1102 0109 00       		.byte	0
 1103 010a 03       		.uleb128 0x3
 1104 010b 08       		.uleb128 0x8
 1105 010c 3A       		.uleb128 0x3a
 1106 010d 0B       		.uleb128 0xb
 1107 010e 3B       		.uleb128 0x3b
 1108 010f 05       		.uleb128 0x5
 1109 0110 39       		.uleb128 0x39
 1110 0111 0B       		.uleb128 0xb
 1111 0112 49       		.uleb128 0x49
 1112 0113 13       		.uleb128 0x13
 1113 0114 00       		.byte	0
 1114 0115 00       		.byte	0
 1115 0116 17       		.uleb128 0x17
 1116 0117 2E       		.uleb128 0x2e
 1117 0118 01       		.byte	0x1
 1118 0119 3F       		.uleb128 0x3f
 1119 011a 19       		.uleb128 0x19
 1120 011b 03       		.uleb128 0x3
 1121 011c 0E       		.uleb128 0xe
 1122 011d 3A       		.uleb128 0x3a
 1123 011e 0B       		.uleb128 0xb
 1124 011f 3B       		.uleb128 0x3b
 1125 0120 0B       		.uleb128 0xb
 1126 0121 39       		.uleb128 0x39
 1127 0122 0B       		.uleb128 0xb
 1128 0123 27       		.uleb128 0x27
 1129 0124 19       		.uleb128 0x19
 1130 0125 01       		.uleb128 0x1
 1131 0126 13       		.uleb128 0x13
 1132 0127 00       		.byte	0
 1133 0128 00       		.byte	0
 1134 0129 18       		.uleb128 0x18
 1135 012a 05       		.uleb128 0x5
 1136 012b 00       		.byte	0
 1137 012c 03       		.uleb128 0x3
 1138 012d 08       		.uleb128 0x8
 1139 012e 3A       		.uleb128 0x3a
 1140 012f 0B       		.uleb128 0xb
ARM GAS  /tmp/ccV1UOBG.s 			page 21


 1141 0130 3B       		.uleb128 0x3b
 1142 0131 0B       		.uleb128 0xb
 1143 0132 39       		.uleb128 0x39
 1144 0133 0B       		.uleb128 0xb
 1145 0134 49       		.uleb128 0x49
 1146 0135 13       		.uleb128 0x13
 1147 0136 00       		.byte	0
 1148 0137 00       		.byte	0
 1149 0138 19       		.uleb128 0x19
 1150 0139 05       		.uleb128 0x5
 1151 013a 00       		.byte	0
 1152 013b 03       		.uleb128 0x3
 1153 013c 0E       		.uleb128 0xe
 1154 013d 3A       		.uleb128 0x3a
 1155 013e 0B       		.uleb128 0xb
 1156 013f 3B       		.uleb128 0x3b
 1157 0140 0B       		.uleb128 0xb
 1158 0141 39       		.uleb128 0x39
 1159 0142 0B       		.uleb128 0xb
 1160 0143 49       		.uleb128 0x49
 1161 0144 13       		.uleb128 0x13
 1162 0145 00       		.byte	0
 1163 0146 00       		.byte	0
 1164 0147 1A       		.uleb128 0x1a
 1165 0148 2E       		.uleb128 0x2e
 1166 0149 01       		.byte	0x1
 1167 014a 03       		.uleb128 0x3
 1168 014b 0E       		.uleb128 0xe
 1169 014c 3A       		.uleb128 0x3a
 1170 014d 0B       		.uleb128 0xb
 1171 014e 3B       		.uleb128 0x3b
 1172 014f 0B       		.uleb128 0xb
 1173 0150 39       		.uleb128 0x39
 1174 0151 0B       		.uleb128 0xb
 1175 0152 27       		.uleb128 0x27
 1176 0153 19       		.uleb128 0x19
 1177 0154 49       		.uleb128 0x49
 1178 0155 13       		.uleb128 0x13
 1179 0156 01       		.uleb128 0x1
 1180 0157 13       		.uleb128 0x13
 1181 0158 00       		.byte	0
 1182 0159 00       		.byte	0
 1183 015a 1B       		.uleb128 0x1b
 1184 015b 34       		.uleb128 0x34
 1185 015c 00       		.byte	0
 1186 015d 03       		.uleb128 0x3
 1187 015e 0E       		.uleb128 0xe
 1188 015f 3A       		.uleb128 0x3a
 1189 0160 0B       		.uleb128 0xb
 1190 0161 3B       		.uleb128 0x3b
 1191 0162 0B       		.uleb128 0xb
 1192 0163 39       		.uleb128 0x39
 1193 0164 0B       		.uleb128 0xb
 1194 0165 49       		.uleb128 0x49
 1195 0166 13       		.uleb128 0x13
 1196 0167 00       		.byte	0
 1197 0168 00       		.byte	0
ARM GAS  /tmp/ccV1UOBG.s 			page 22


 1198 0169 1C       		.uleb128 0x1c
 1199 016a 34       		.uleb128 0x34
 1200 016b 00       		.byte	0
 1201 016c 03       		.uleb128 0x3
 1202 016d 08       		.uleb128 0x8
 1203 016e 3A       		.uleb128 0x3a
 1204 016f 0B       		.uleb128 0xb
 1205 0170 3B       		.uleb128 0x3b
 1206 0171 0B       		.uleb128 0xb
 1207 0172 39       		.uleb128 0x39
 1208 0173 0B       		.uleb128 0xb
 1209 0174 49       		.uleb128 0x49
 1210 0175 13       		.uleb128 0x13
 1211 0176 00       		.byte	0
 1212 0177 00       		.byte	0
 1213 0178 1D       		.uleb128 0x1d
 1214 0179 2E       		.uleb128 0x2e
 1215 017a 01       		.byte	0x1
 1216 017b 03       		.uleb128 0x3
 1217 017c 0E       		.uleb128 0xe
 1218 017d 3A       		.uleb128 0x3a
 1219 017e 0B       		.uleb128 0xb
 1220 017f 3B       		.uleb128 0x3b
 1221 0180 0B       		.uleb128 0xb
 1222 0181 39       		.uleb128 0x39
 1223 0182 0B       		.uleb128 0xb
 1224 0183 27       		.uleb128 0x27
 1225 0184 19       		.uleb128 0x19
 1226 0185 01       		.uleb128 0x1
 1227 0186 13       		.uleb128 0x13
 1228 0187 00       		.byte	0
 1229 0188 00       		.byte	0
 1230 0189 1E       		.uleb128 0x1e
 1231 018a 2E       		.uleb128 0x2e
 1232 018b 01       		.byte	0x1
 1233 018c 03       		.uleb128 0x3
 1234 018d 0E       		.uleb128 0xe
 1235 018e 3A       		.uleb128 0x3a
 1236 018f 0B       		.uleb128 0xb
 1237 0190 3B       		.uleb128 0x3b
 1238 0191 05       		.uleb128 0x5
 1239 0192 39       		.uleb128 0x39
 1240 0193 0B       		.uleb128 0xb
 1241 0194 27       		.uleb128 0x27
 1242 0195 19       		.uleb128 0x19
 1243 0196 01       		.uleb128 0x1
 1244 0197 13       		.uleb128 0x13
 1245 0198 00       		.byte	0
 1246 0199 00       		.byte	0
 1247 019a 1F       		.uleb128 0x1f
 1248 019b 2E       		.uleb128 0x2e
 1249 019c 00       		.byte	0
 1250 019d 03       		.uleb128 0x3
 1251 019e 0E       		.uleb128 0xe
 1252 019f 3A       		.uleb128 0x3a
 1253 01a0 0B       		.uleb128 0xb
 1254 01a1 3B       		.uleb128 0x3b
ARM GAS  /tmp/ccV1UOBG.s 			page 23


 1255 01a2 05       		.uleb128 0x5
 1256 01a3 39       		.uleb128 0x39
 1257 01a4 0B       		.uleb128 0xb
 1258 01a5 27       		.uleb128 0x27
 1259 01a6 19       		.uleb128 0x19
 1260 01a7 00       		.byte	0
 1261 01a8 00       		.byte	0
 1262 01a9 20       		.uleb128 0x20
 1263 01aa 2E       		.uleb128 0x2e
 1264 01ab 01       		.byte	0x1
 1265 01ac 03       		.uleb128 0x3
 1266 01ad 0E       		.uleb128 0xe
 1267 01ae 3A       		.uleb128 0x3a
 1268 01af 0B       		.uleb128 0xb
 1269 01b0 3B       		.uleb128 0x3b
 1270 01b1 05       		.uleb128 0x5
 1271 01b2 39       		.uleb128 0x39
 1272 01b3 0B       		.uleb128 0xb
 1273 01b4 27       		.uleb128 0x27
 1274 01b5 19       		.uleb128 0x19
 1275 01b6 00       		.byte	0
 1276 01b7 00       		.byte	0
 1277 01b8 00       		.byte	0
 1278              		.section	.gnu.debuglto_.debug_line,"e",%progbits
 1279              	.Ldebug_line0:
 1280 0000 96010000 		.4byte	.LELT0-.LSLT0
 1281              	.LSLT0:
 1282 0004 0400     		.2byte	0x4
 1283 0006 90010000 		.4byte	.LELTP0-.LASLTP0
 1284              	.LASLTP0:
 1285 000a 01       		.byte	0x1
 1286 000b 01       		.byte	0x1
 1287 000c 01       		.byte	0x1
 1288 000d F6       		.byte	0xf6
 1289 000e F2       		.byte	0xf2
 1290 000f 0D       		.byte	0xd
 1291 0010 00       		.byte	0
 1292 0011 01       		.byte	0x1
 1293 0012 01       		.byte	0x1
 1294 0013 01       		.byte	0x1
 1295 0014 01       		.byte	0x1
 1296 0015 00       		.byte	0
 1297 0016 00       		.byte	0
 1298 0017 00       		.byte	0
 1299 0018 01       		.byte	0x1
 1300 0019 00       		.byte	0
 1301 001a 00       		.byte	0
 1302 001b 01       		.byte	0x1
 1303 001c 74686972 		.ascii	"third_party/ChibiOS/os/common/ext/ARM/CMSIS/Core/In"
 1303      645F7061 
 1303      7274792F 
 1303      43686962 
 1303      694F532F 
 1304 004f 636C7564 		.ascii	"clude"
 1304      65
 1305 0054 00       		.byte	0
 1306 0055 74686972 		.ascii	"third_party/ChibiOS/os/common/ports/ARMv7-M"
ARM GAS  /tmp/ccV1UOBG.s 			page 24


 1306      645F7061 
 1306      7274792F 
 1306      43686962 
 1306      694F532F 
 1307 0080 00       		.byte	0
 1308 0081 74686972 		.ascii	"third_party/ChibiOS/os/oslib/include"
 1308      645F7061 
 1308      7274792F 
 1308      43686962 
 1308      694F532F 
 1309 00a5 00       		.byte	0
 1310 00a6 74686972 		.ascii	"third_party/ChibiOS/os/oslib/src"
 1310      645F7061 
 1310      7274792F 
 1310      43686962 
 1310      694F532F 
 1311 00c6 00       		.byte	0
 1312 00c7 74686972 		.ascii	"third_party/ChibiOS/os/rt/include"
 1312      645F7061 
 1312      7274792F 
 1312      43686962 
 1312      694F532F 
 1313 00e8 00       		.byte	0
 1314 00e9 2F757372 		.ascii	"/usr/lib/gcc/arm-none-eabi/10.3.1/include"
 1314      2F6C6962 
 1314      2F676363 
 1314      2F61726D 
 1314      2D6E6F6E 
 1315 0112 00       		.byte	0
 1316 0113 00       		.byte	0
 1317 0114 73746464 		.ascii	"stddef.h\000"
 1317      65662E68 
 1317      00
 1318 011d 06       		.uleb128 0x6
 1319 011e 00       		.uleb128 0
 1320 011f 00       		.uleb128 0
 1321 0120 73746469 		.ascii	"stdint.h\000"
 1321      6E742E68 
 1321      00
 1322 0129 06       		.uleb128 0x6
 1323 012a 00       		.uleb128 0
 1324 012b 00       		.uleb128 0
 1325 012c 63686561 		.ascii	"chearly.h\000"
 1325      726C792E 
 1325      6800
 1326 0136 05       		.uleb128 0x5
 1327 0137 00       		.uleb128 0
 1328 0138 00       		.uleb128 0
 1329 0139 63686C69 		.ascii	"chlists.h\000"
 1329      7374732E 
 1329      6800
 1330 0143 05       		.uleb128 0x5
 1331 0144 00       		.uleb128 0
 1332 0145 00       		.uleb128 0
 1333 0146 63687365 		.ascii	"chsem.h\000"
 1333      6D2E6800 
 1334 014e 05       		.uleb128 0x5
ARM GAS  /tmp/ccV1UOBG.s 			page 25


 1335 014f 00       		.uleb128 0
 1336 0150 00       		.uleb128 0
 1337 0151 63686F62 		.ascii	"chobjcaches.h\000"
 1337      6A636163 
 1337      6865732E 
 1337      6800
 1338 015f 03       		.uleb128 0x3
 1339 0160 00       		.uleb128 0
 1340 0161 00       		.uleb128 0
 1341 0162 63686F62 		.ascii	"chobjcaches.c\000"
 1341      6A636163 
 1341      6865732E 
 1341      6300
 1342 0170 04       		.uleb128 0x4
 1343 0171 00       		.uleb128 0
 1344 0172 00       		.uleb128 0
 1345 0173 63687379 		.ascii	"chsys.h\000"
 1345      732E6800 
 1346 017b 05       		.uleb128 0x5
 1347 017c 00       		.uleb128 0
 1348 017d 00       		.uleb128 0
 1349 017e 6368636F 		.ascii	"chcore.h\000"
 1349      72652E68 
 1349      00
 1350 0187 02       		.uleb128 0x2
 1351 0188 00       		.uleb128 0
 1352 0189 00       		.uleb128 0
 1353 018a 636D7369 		.ascii	"cmsis_gcc.h\000"
 1353      735F6763 
 1353      632E6800 
 1354 0196 01       		.uleb128 0x1
 1355 0197 00       		.uleb128 0
 1356 0198 00       		.uleb128 0
 1357 0199 00       		.byte	0
 1358              	.LELTP0:
 1359              	.LELT0:
 1360              		.section	.gnu.debuglto_.debug_str,"eMS",%progbits,1
 1361              	.LASF53:
 1362 0000 6F635F77 		.ascii	"oc_writef_t\000"
 1362      72697465 
 1362      665F7400 
 1363              	.LASF47:
 1364 000c 6F626A76 		.ascii	"objvp\000"
 1364      7000
 1365              	.LASF49:
 1366 0012 6C72755F 		.ascii	"lru_sem\000"
 1366      73656D00 
 1367              	.LASF4:
 1368 001a 73686F72 		.ascii	"short int\000"
 1368      7420696E 
 1368      7400
 1369              	.LASF5:
 1370 0024 73697A65 		.ascii	"size_t\000"
 1370      5F7400
 1371              	.LASF65:
 1372 002b 63685365 		.ascii	"chSemGetCounterI\000"
 1372      6D476574 
ARM GAS  /tmp/ccV1UOBG.s 			page 26


 1372      436F756E 
 1372      74657249 
 1372      00
 1373              	.LASF59:
 1374 003c 67726F75 		.ascii	"group\000"
 1374      7000
 1375              	.LASF35:
 1376 0042 63685F6F 		.ascii	"ch_oc_object\000"
 1376      635F6F62 
 1376      6A656374 
 1376      00
 1377              	.LASF39:
 1378 004f 6F626A5F 		.ascii	"obj_flags\000"
 1378      666C6167 
 1378      7300
 1379              	.LASF51:
 1380 0059 77726974 		.ascii	"writef\000"
 1380      656600
 1381              	.LASF36:
 1382 0060 6F626A5F 		.ascii	"obj_group\000"
 1382      67726F75 
 1382      7000
 1383              	.LASF66:
 1384 006a 63685365 		.ascii	"chSemFastSignalI\000"
 1384      6D466173 
 1384      74536967 
 1384      6E616C49 
 1384      00
 1385              	.LASF71:
 1386 007b 706F7274 		.ascii	"port_lock\000"
 1386      5F6C6F63 
 1386      6B00
 1387              	.LASF69:
 1388 0085 63685379 		.ascii	"chSysLock\000"
 1388      734C6F63 
 1388      6B00
 1389              	.LASF34:
 1390 008f 6F635F6F 		.ascii	"oc_object_t\000"
 1390      626A6563 
 1390      745F7400 
 1391              	.LASF61:
 1392 009b 63684361 		.ascii	"chCacheReleaseObjectI\000"
 1392      63686552 
 1392      656C6561 
 1392      73654F62 
 1392      6A656374 
 1393              	.LASF62:
 1394 00b1 63684361 		.ascii	"chCacheObjectInit\000"
 1394      6368654F 
 1394      626A6563 
 1394      74496E69 
 1394      7400
 1395              	.LASF41:
 1396 00c3 6F626A65 		.ascii	"objects_cache_t\000"
 1396      6374735F 
 1396      63616368 
 1396      655F7400 
ARM GAS  /tmp/ccV1UOBG.s 			page 27


 1397              	.LASF42:
 1398 00d3 63685F6F 		.ascii	"ch_objects_cache\000"
 1398      626A6563 
 1398      74735F63 
 1398      61636865 
 1398      00
 1399              	.LASF8:
 1400 00e4 75696E74 		.ascii	"uint8_t\000"
 1400      385F7400 
 1401              	.LASF58:
 1402 00ec 63684361 		.ascii	"chCacheGetObject\000"
 1402      63686547 
 1402      65744F62 
 1402      6A656374 
 1402      00
 1403              	.LASF17:
 1404 00fd 63685F71 		.ascii	"ch_queue_t\000"
 1404      75657565 
 1404      5F7400
 1405              	.LASF46:
 1406 0108 6F626A73 		.ascii	"objsz\000"
 1406      7A00
 1407              	.LASF2:
 1408 010e 6C6F6E67 		.ascii	"long double\000"
 1408      20646F75 
 1408      626C6500 
 1409              	.LASF73:
 1410 011a 474E5520 		.ascii	"GNU C17 10.3.1 20210621 (release) -mcpu=cortex-m7 -"
 1410      43313720 
 1410      31302E33 
 1410      2E312032 
 1410      30323130 
 1411 014d 6D746875 		.ascii	"mthumb -mfloat-abi=hard -mfpu=fpv5-d16 -march=armv7"
 1411      6D62202D 
 1411      6D666C6F 
 1411      61742D61 
 1411      62693D68 
 1412 0180 652D6D2B 		.ascii	"e-m+fp.dp -ggdb -O2 -fomit-frame-pointer -falign-fu"
 1412      66702E64 
 1412      70202D67 
 1412      67646220 
 1412      2D4F3220 
 1413 01b3 6E637469 		.ascii	"nctions=16 -ffunction-sections -fdata-sections -fno"
 1413      6F6E733D 
 1413      3136202D 
 1413      6666756E 
 1413      6374696F 
 1414 01e6 2D636F6D 		.ascii	"-common -flto\000"
 1414      6D6F6E20 
 1414      2D666C74 
 1414      6F00
 1415              	.LASF1:
 1416 01f4 6C6F6E67 		.ascii	"long long int\000"
 1416      206C6F6E 
 1416      6720696E 
 1416      7400
 1417              	.LASF13:
ARM GAS  /tmp/ccV1UOBG.s 			page 28


 1418 0202 6C6F6E67 		.ascii	"long long unsigned int\000"
 1418      206C6F6E 
 1418      6720756E 
 1418      7369676E 
 1418      65642069 
 1419              	.LASF25:
 1420 0219 6F635F66 		.ascii	"oc_flags_t\000"
 1420      6C616773 
 1420      5F7400
 1421              	.LASF7:
 1422 0224 6C6F6E67 		.ascii	"long int\000"
 1422      20696E74 
 1422      00
 1423              	.LASF75:
 1424 022d 2F686F6D 		.ascii	"/home/ian/Documents/BPRL_balance\000"
 1424      652F6961 
 1424      6E2F446F 
 1424      63756D65 
 1424      6E74732F 
 1425              	.LASF37:
 1426 024e 6F626A5F 		.ascii	"obj_key\000"
 1426      6B657900 
 1427              	.LASF31:
 1428 0256 63685F6F 		.ascii	"ch_oc_lru_header\000"
 1428      635F6C72 
 1428      755F6865 
 1428      61646572 
 1428      00
 1429              	.LASF38:
 1430 0267 6F626A5F 		.ascii	"obj_sem\000"
 1430      73656D00 
 1431              	.LASF9:
 1432 026f 756E7369 		.ascii	"unsigned char\000"
 1432      676E6564 
 1432      20636861 
 1432      7200
 1433              	.LASF63:
 1434 027d 6C72755F 		.ascii	"lru_get_last_s\000"
 1434      6765745F 
 1434      6C617374 
 1434      5F7300
 1435              	.LASF60:
 1436 028c 5F5F6675 		.ascii	"__func__\000"
 1436      6E635F5F 
 1436      00
 1437              	.LASF67:
 1438 0295 63685365 		.ascii	"chSemFastWaitI\000"
 1438      6D466173 
 1438      74576169 
 1438      744900
 1439              	.LASF23:
 1440 02a4 73656D61 		.ascii	"semaphore_t\000"
 1440      70686F72 
 1440      655F7400 
 1441              	.LASF3:
 1442 02b0 7369676E 		.ascii	"signed char\000"
 1442      65642063 
ARM GAS  /tmp/ccV1UOBG.s 			page 29


 1442      68617200 
 1443              	.LASF11:
 1444 02bc 75696E74 		.ascii	"uint32_t\000"
 1444      33325F74 
 1444      00
 1445              	.LASF43:
 1446 02c5 68617368 		.ascii	"hashn\000"
 1446      6E00
 1447              	.LASF0:
 1448 02cb 756E7369 		.ascii	"unsigned int\000"
 1448      676E6564 
 1448      20696E74 
 1448      00
 1449              	.LASF44:
 1450 02d8 68617368 		.ascii	"hashp\000"
 1450      7000
 1451              	.LASF50:
 1452 02de 72656164 		.ascii	"readf\000"
 1452      6600
 1453              	.LASF27:
 1454 02e4 63685F6F 		.ascii	"ch_oc_hash_header\000"
 1454      635F6861 
 1454      73685F68 
 1454      65616465 
 1454      7200
 1455              	.LASF10:
 1456 02f6 73686F72 		.ascii	"short unsigned int\000"
 1456      7420756E 
 1456      7369676E 
 1456      65642069 
 1456      6E7400
 1457              	.LASF72:
 1458 0309 62617365 		.ascii	"basePri\000"
 1458      50726900 
 1459              	.LASF55:
 1460 0311 6173796E 		.ascii	"async\000"
 1460      6300
 1461              	.LASF29:
 1462 0317 68617368 		.ascii	"hash_prev\000"
 1462      5F707265 
 1462      7600
 1463              	.LASF52:
 1464 0321 6F635F72 		.ascii	"oc_readf_t\000"
 1464      65616466 
 1464      5F7400
 1465              	.LASF16:
 1466 032c 63686172 		.ascii	"char\000"
 1466      00
 1467              	.LASF48:
 1468 0331 63616368 		.ascii	"cache_sem\000"
 1468      655F7365 
 1468      6D00
 1469              	.LASF15:
 1470 033b 75636E74 		.ascii	"ucnt_t\000"
 1470      5F7400
 1471              	.LASF6:
 1472 0342 696E7433 		.ascii	"int32_t\000"
ARM GAS  /tmp/ccV1UOBG.s 			page 30


 1472      325F7400 
 1473              	.LASF14:
 1474 034a 636E745F 		.ascii	"cnt_t\000"
 1474      7400
 1475              	.LASF57:
 1476 0350 63684361 		.ascii	"chCacheReadObject\000"
 1476      63686552 
 1476      6561644F 
 1476      626A6563 
 1476      7400
 1477              	.LASF24:
 1478 0362 5F426F6F 		.ascii	"_Bool\000"
 1478      6C00
 1479              	.LASF70:
 1480 0368 706F7274 		.ascii	"port_unlock\000"
 1480      5F756E6C 
 1480      6F636B00 
 1481              	.LASF12:
 1482 0374 6C6F6E67 		.ascii	"long unsigned int\000"
 1482      20756E73 
 1482      69676E65 
 1482      6420696E 
 1482      7400
 1483              	.LASF56:
 1484 0386 63684361 		.ascii	"chCacheWriteObject\000"
 1484      63686557 
 1484      72697465 
 1484      4F626A65 
 1484      637400
 1485              	.LASF28:
 1486 0399 68617368 		.ascii	"hash_next\000"
 1486      5F6E6578 
 1486      7400
 1487              	.LASF68:
 1488 03a3 63685379 		.ascii	"chSysUnlock\000"
 1488      73556E6C 
 1488      6F636B00 
 1489              	.LASF21:
 1490 03af 63685F73 		.ascii	"ch_semaphore\000"
 1490      656D6170 
 1490      686F7265 
 1490      00
 1491              	.LASF45:
 1492 03bc 6F626A6E 		.ascii	"objn\000"
 1492      00
 1493              	.LASF54:
 1494 03c1 6F626A70 		.ascii	"objp\000"
 1494      00
 1495              	.LASF30:
 1496 03c6 6F635F6C 		.ascii	"oc_lru_header_t\000"
 1496      72755F68 
 1496      65616465 
 1496      725F7400 
 1497              	.LASF20:
 1498 03d6 63685F71 		.ascii	"ch_queue\000"
 1498      75657565 
 1498      00
ARM GAS  /tmp/ccV1UOBG.s 			page 31


 1499              	.LASF22:
 1500 03df 71756575 		.ascii	"queue\000"
 1500      6500
 1501              	.LASF26:
 1502 03e5 6F635F68 		.ascii	"oc_hash_header_t\000"
 1502      6173685F 
 1502      68656164 
 1502      65725F74 
 1502      00
 1503              	.LASF76:
 1504 03f6 5F5F7365 		.ascii	"__set_BASEPRI\000"
 1504      745F4241 
 1504      53455052 
 1504      4900
 1505              	.LASF40:
 1506 0404 64707472 		.ascii	"dptr\000"
 1506      00
 1507              	.LASF33:
 1508 0409 6C72755F 		.ascii	"lru_prev\000"
 1508      70726576 
 1508      00
 1509              	.LASF19:
 1510 0412 70726576 		.ascii	"prev\000"
 1510      00
 1511              	.LASF74:
 1512 0417 74686972 		.ascii	"third_party/ChibiOS/os/oslib/src/chobjcaches.c\000"
 1512      645F7061 
 1512      7274792F 
 1512      43686962 
 1512      694F532F 
 1513              	.LASF32:
 1514 0446 6C72755F 		.ascii	"lru_next\000"
 1514      6E657874 
 1514      00
 1515              	.LASF64:
 1516 044f 68617368 		.ascii	"hash_get_s\000"
 1516      5F676574 
 1516      5F7300
 1517              	.LASF18:
 1518 045a 6E657874 		.ascii	"next\000"
 1518      00
 1519              		.text
 1520              		.section	.gnu.lto_.profile.ffbfd91aed4f9a27,"e",%progbits
 1521 0000 789CE360 		.ascii	"x\234\343`\000\002fF\006V\0066\006\000\000\247\000\030"
 1521      00026646 
 1521      06560636 
 1521      060000A7 
 1521      0018
 1522              		.text
 1523              		.section	.gnu.lto_.icf.ffbfd91aed4f9a27,"e",%progbits
 1524 0000 789CD361 		.ascii	"x\234\323a@\000v\206\373\2077\334`a\\\365\350\354T^"
 1524      40007686 
 1524      FB8737DC 
 1524      60615CF5 
 1524      E8EC545E 
 1525 0014 A6A34F97 		.ascii	"\246\243O\227\276\341e\336\363\261\34157\313\315\223"
 1525      BEE165DE 
ARM GAS  /tmp/ccV1UOBG.s 			page 32


 1525      F3B1E135 
 1525      37CBCD93 
 1526 0024 DF97B1B0 		.ascii	"\337\227\261\260\236\235r\351-\007[\357\207\015k\371"
 1526      9E9D72E9 
 1526      2D075BEF 
 1526      870D6BF9 
 1527 0034 1900FB82 		.ascii	"\031\000\373\202\0261"
 1527      1631
 1528              		.text
 1529              		.section	.gnu.lto_.ipa_sra.ffbfd91aed4f9a27,"e",%progbits
 1530 0000 789C858E 		.ascii	"x\234\205\216\301\001\200 \014\003\233\246 C\371p4\335"
 1530      C1018020 
 1530      0C039BA6 
 1530      2043F970 
 1530      34DD
 1531 0012 85F99CC1 		.ascii	"\205\371\234\301\026\004~Z\036\364\221\273\346\2265"
 1531      16047E5A 
 1531      1EF491BB 
 1531      E69635
 1532 0021 9B502BA5 		.ascii	"\233P+\245\022b\250\261\323\014\245\344\021 \320>\001"
 1532      1262A8B1 
 1532      D30CA5E4 
 1532      1120D03E 
 1532      01
 1533 0032 71DA02A1 		.ascii	"q\332\002\241E~\006\375\221\276O\322}]\363\372B\017"
 1533      457E06FD 
 1533      91BE4FD2 
 1533      7D5DF3FA 
 1533      420F
 1534 0044 8D844EAE 		.ascii	"\215\204N\256\235t2\321+Ye\332\275\222\215J.\354\344"
 1534      9D7432D1 
 1534      2B5965DA 
 1534      BD928D4A 
 1534      2EECE4
 1535 0057 651DD51C 		.ascii	"e\035\325\034\271\354\271\343;'\017p\217\013("
 1535      B9ECB9E3 
 1535      3B270F70 
 1535      8F0B28
 1536              		.text
 1537              		.section	.gnu.lto_.inline.ffbfd91aed4f9a27,"e",%progbits
 1538 0000 789CAD53 		.ascii	"x\234\255SKk\023Q\024\376\316\2717\223I2\224\241\012"
 1538      4B6B1351 
 1538      14FECEB9 
 1538      37934932 
 1538      94A10A
 1539 0013 BA9C950B 		.ascii	"\272\234\225\013\351\242\013\027\".\372\013\362\027"
 1539      E9A20B17 
 1539      222EFA0B 
 1539      F217
 1540 0021 8CCD98DA 		.ascii	"\214\315\230\332v\243\377`\242\202H\213\214\012\276"
 1540      76A3FF60 
 1540      A282488B 
 1540      8C0ABE
 1541 0030 502812E9 		.ascii	"P(\022\351\312nL\213X\361\261)*(>6v!H\315\306\205\273"
 1541      CA6E4C8B 
 1541      58F1B129 
 1541      2A283E36 
ARM GAS  /tmp/ccV1UOBG.s 			page 33


 1541      762148CD 
 1542 0047 2082209E 		.ascii	" \202 \236s'3cZ\334\031\222\234\357~\347u\357y,X\024"
 1542      73273363 
 1542      5ADC1992 
 1542      9CEF7EE7 
 1542      75EF792C 
 1543 005d 9F2AB0FF 		.ascii	"\237*\260\377\333\357;\267\315<YP\3170L\004\022 \012"
 1543      DBEF3BB7 
 1543      CD3C5950 
 1543      CF304C04 
 1543      12200A
 1544 0070 F048AA02 		.ascii	"\360H\252\002\220oMm\177\360<\340]L\222\204c\006\203"
 1544      906F4D6D 
 1544      7FF03CE0 
 1544      5D4C9284 
 1544      630683
 1545 0083 1285B30C 		.ascii	"\022\205\263\014[`X\260Cm\034,\365\221\004Wl\332\210"
 1545      5B6058B0 
 1545      436D1C2C 
 1545      F5910457 
 1545      6CDA88
 1546 0096 601D1BE3 		.ascii	"`\035\033\343hay\\\023\341\320\372p\347\256Y$\322\244"
 1546      6861795C 
 1546      13E1D0FA 
 1546      70E7AE59 
 1546      24D2A4
 1547 00a9 BE5EE2C8 		.ascii	"\276^\342\310\323\367K\233\274\000\370\257\327\206\037"
 1547      D3F74B9B 
 1547      BC00F8AF 
 1547      D7861F
 1548 00b8 B8A33985 		.ascii	"\270\2439\205n\220\230\247MoR\244\371XK\233B\037\026"
 1548      6E9098A7 
 1548      4D6F52A4 
 1548      F9584B9B 
 1548      421F16
 1549 00cb 8B2D5EA4 		.ascii	"\213-^\244J\356l\334\315\341^\204\321\213\324\333\212"
 1549      4AEE6CDC 
 1549      CDE15E84 
 1549      D18BD4DB 
 1549      8A
 1550 00dc ACA99C92 		.ascii	"\254\251\234\222\340\3174\370\344\375\033\217\273<\247"
 1550      E0CF34F8 
 1550      E4FD1B8F 
 1550      BB3CA7
 1551 00eb C1F9D5DA 		.ascii	"\301\371\325\332\360\036w\020\026h\032\241\217\031\230"
 1551      F01E7710 
 1551      16681AA1 
 1551      8F1998
 1552 00fa 4072B164 		.ascii	"@r\261d2\001\034H\2339\222\352L-o\366n\362i\342\335"
 1552      32011C48 
 1552      9B3992EA 
 1552      4C2D6FF6 
 1552      6EF269E2 
 1553 010f E533C71E 		.ascii	"\3453\307\036,\375|i:\362\2027\237W\257gU\343\027\333"
 1553      2CFD7C69 
 1553      3AF28237 
 1553      9F57AF67 
ARM GAS  /tmp/ccV1UOBG.s 			page 34


 1553      55E317DB 
 1554 0123 BF06DC82 		.ascii	"\277\006\334\202\372\273 \362\026nd\2622\241\244\206"
 1554      FABB20F2 
 1554      166E64B2 
 1554      32A1A486 
 1555 0133 4F9B16D3 		.ascii	"O\233\026\323\203A\277+q\033t\266g\352W\215\374\021"
 1555      8341BF2B 
 1555      711B74B6 
 1555      67EA578D 
 1555      FC11
 1556 0145 CC0A535B 		.ascii	"\314\012S[\020\262\263OgT\364\251\340i\235\366p\231"
 1556      10B2B34F 
 1556      6754F4A9 
 1556      E0699DF6 
 1556      7099
 1557 0157 6DE4E28C 		.ascii	"m\344\342\214\331n\220\336\271\241Q]\263\003iT\206\374"
 1557      D96E90DE 
 1557      B9A1515D 
 1557      B3036954 
 1557      86FC
 1558 0169 51FB85F9 		.ascii	"Q\373\205\371B\256\214A>!\201ND\006\200\003\365\355"
 1558      42AE8C41 
 1558      3E21814E 
 1558      44068003 
 1558      F5ED
 1559 017b F36FAFF0 		.ascii	"\363o\257\360)\240\376\344\\\177\303do\354\216:?\303"
 1559      29A0FEE4 
 1559      5C7FC364 
 1559      6FEC8E3A 
 1559      3FC3
 1560 018d A87FBFF4 		.ascii	"\250\177\277\364\356\226\211\245\212\365\325\345\013"
 1560      EE9689A5 
 1560      8AF5D5E5 
 1560      0B
 1561 019a 29C75250 		.ascii	")\307RP\037\364\351\332\312Cs\"\362\031\011\351\177"
 1561      1FF4E9DA 
 1561      CA437322 
 1561      F21909E9 
 1561      7F
 1562 01ab 41B833CC 		.ascii	"A\2703\314\316\345G[|R5\372\2538\327YQD\205o\250\276"
 1562      CEE5475B 
 1562      7C5235FA 
 1562      AB38D759 
 1562      5144856F 
 1563 01c1 362C7DA5 		.ascii	"6,}\245Uz\316}U\023\226\276\242\010s\337\226\320\205"
 1563      557ACE7D 
 1563      551396BE 
 1563      A20873DF 
 1563      96D085
 1564 01d4 5FCB47C1 		.ascii	"_\313G\301\313$'\276-4VO\177\353\3021]h\021|\325\\\261"
 1564      CB2427BE 
 1564      2D34564F 
 1564      7FEBC231 
 1564      5D68117C 
 1565 01eb C598198D 		.ascii	"\305\230\031\215\231\311\202y\356Jm\353vEgxW\3371!\005"
 1565      99C98279 
 1565      EE4A6DEB 
ARM GAS  /tmp/ccV1UOBG.s 			page 35


 1565      76456778 
 1565      57DF3121 
 1566 0200 4BCD5C36 		.ascii	"K\315\\6Ce?\254T\337\300\313\267\013U\221\317\367n_"
 1566      43653FAC 
 1566      54DFC0CB 
 1566      B70B5591 
 1566      CFF76E5F 
 1567 0214 BE5DB664 		.ascii	"\276]\266d\375r'\265\225\325}\345dy\377\312\346I \373"
 1567      FD7227B5 
 1567      95D57DE5 
 1567      6479FFCA 
 1567      E64920FB 
 1568 0228 BFB3E10F 		.ascii	"\277\263\341\017\343\270\3673"
 1568      E3B8F733 
 1569              		.text
 1570              		.section	.gnu.lto_.jmpfuncs.ffbfd91aed4f9a27,"e",%progbits
 1571 0000 789CAD51 		.ascii	"x\234\255Q\333\015\3020\014\364\331\246\011R\241\314"
 1571      DB0DC230 
 1571      0CF4D9A6 
 1571      0952A1CC 
 1572 0010 C1080CD7 		.ascii	"\301\010\014\327v\006&\340\243#\200\370\355(lR\3344"
 1572      760626E0 
 1572      A32380F8 
 1572      ED286C52 
 1572      DC34
 1573 0022 4069D21F 		.ascii	"@i\322\037\204\245\223\345G\316\027\273fz\233#\001\340"
 1573      84A593E5 
 1573      47CE17BB 
 1573      667A9B23 
 1573      01E0
 1574 0034 9A4EBC61 		.ascii	"\232N\274a\364\316b\2141\373V\254\003\275\202\014\203"
 1574      F4CE628C 
 1574      31FB56AC 
 1574      03BD820C 
 1574      83
 1575 0045 59053E4B 		.ascii	"Y\005>K';`r!Wh\275lK\342\360l\017\204t(\021\035[e\217"
 1575      273B6072 
 1575      215768BD 
 1575      6C4BE2F0 
 1575      6C0F8474 
 1576 005f 6803A204 		.ascii	"h\003\242\0042p\364[CePC\241\211\024\\\201\333\244\350"
 1576      3270F45B 
 1576      43655043 
 1576      A189145C 
 1576      81DBA4E8 
 1577 0073 F045AD59 		.ascii	"\360E\255Y\345S\373'\335X\337\205\011+\264\270\317)"
 1577      E553FB27 
 1577      DD58DF85 
 1577      092BB4B8 
 1577      CF29
 1578 0085 25591367 		.ascii	"%Y\023g\276\315+Cs+\322\032ijI@\312\200\304\261e\376"
 1578      BECD2B43 
 1578      732BD21A 
 1578      696A4940 
 1578      CA80C4B1 
 1579 009b 2251AFEF 		.ascii	"\"Q\257\357\261$|\3256s\361%\354\022\277\010\262\352"
 1579      B1247CD5 
ARM GAS  /tmp/ccV1UOBG.s 			page 36


 1579      3673F125 
 1579      EC12BF08 
 1579      B2EA
 1580 00ad E921C5DF 		.ascii	"\351!\305\337\270Z\245'\004\301\242\325"
 1580      B85AA527 
 1580      04C1A2D5 
 1581              		.text
 1582              		.section	.gnu.lto_.pureconst.ffbfd91aed4f9a27,"e",%progbits
 1583 0000 789C1363 		.ascii	"x\234\023c```g\330\312\302\270\213\225i\026\013\363"
 1583      60606067 
 1583      D8CAC2B8 
 1583      8B956916 
 1583      0BF3
 1584 0012 2E569659 		.ascii	".V\226Y,\254\263X\330f\261\000\0008\270\004\342"
 1584      2CACB358 
 1584      D866B100 
 1584      0038B804 
 1584      E2
 1585              		.text
 1586              		.section	.gnu.lto_.lto.ffbfd91aed4f9a27,"e",%progbits
 1587 0000 09000400 		.ascii	"\011\000\004\000\001\000\000\000"
 1587      01000000 
 1588              		.text
 1589              		.section	.gnu.lto_hash_get_s.347.ffbfd91aed4f9a27,"e",%progbits
 1590 0000 789C7D54 		.ascii	"x\234}TmlSe\024>\347=\357\275\267\275\335\272\0175\376"
 1590      6D6C5365 
 1590      143EE73D 
 1590      EFBDB7BD 
 1590      DDBA0F35 
 1591 0015 C51FC460 		.ascii	"\305\037\304`\014WI \222\360\203\010?I0\352\217\375"
 1591      0C574920 
 1591      92F08308 
 1591      3F4930EA 
 1591      8FFD
 1592 0027 C3B636B6 		.ascii	"\303\2666\266\012k\263\016\022\374\263\273\302\212\031"
 1592      0A6BB30E 
 1592      12FCB3BB 
 1592      C28A19
 1593 0036 C6B5C3C0 		.ascii	"\306\265\303\300 \223\230kK\300DE\3008\221A\035Y\010"
 1593      2093986B 
 1593      4BC04445 
 1593      C0389141 
 1593      1D5908
 1594 0049 0D86AF10 		.ascii	"\015\206\257\020\010\037\032\021\023&\272\240\211\211"
 1594      081F1A11 
 1594      1326BAA0 
 1594      8989
 1595 0057 318B78CE 		.ascii	"1\213x\316\333\2179\210\336\264\247\347\236\3679\317"
 1595      DB8F3988 
 1595      DEB4A7E7 
 1595      9EF739CF 
 1596 0067 733EDE34 		.ascii	"s>\3364\247\001\362\000\260\227\277\030\006\034-\015"
 1596      A701F200 
 1596      B097BF18 
 1596      061C2D0D 
 1597 0077 2BF07D7F 		.ascii	"+\360}\177\265\243pOi\370\374\307G4~\203&@j{)\362\313"
 1597      B5A3704F 
ARM GAS  /tmp/ccV1UOBG.s 			page 37


 1597      69F8FCC7 
 1597      47347E83 
 1597      26406A7B 
 1598 008e 473F3CA1 		.ascii	"G?<\241\013\245\350\3737\367?\243\265\032*E\256\236"
 1598      0BA5E8FB 
 1598      37F73FA3 
 1598      B51A2A45 
 1598      AE9E
 1599 00a0 9922891C 		.ascii	"\231\"\211\034\232\230\\\245-\034\033\015~\373d\332"
 1599      9A985CA5 
 1599      2D1C1B0D 
 1599      7EFB64DA 
 1600 00b0 311936EE 		.ascii	"1\0316\356\371\274I\347\250m\245\235\212\271\014n\254"
 1600      F9BC49E7 
 1600      A86DA59D 
 1600      8AB90C6E 
 1600      AC
 1601 00c1 781B4D62 		.ascii	"x\033Mb\010\007[\212\010\003\212\264e;!\034P\016\314"
 1601      08075B8A 
 1601      08038AB4 
 1601      653B211C 
 1601      500ECC
 1602 00d4 3FBB689C 		.ascii	"?\273h\234p\224\312\004\250\033\036\342\242%U\337\377"
 1602      7094CA04 
 1602      A81B1EE2 
 1602      A22555DF 
 1602      FF
 1603 00e5 7368D77B 		.ascii	"sh\327{\225\310\370\301\252.\223\202\375\014\370\002"
 1603      95C8F8C1 
 1603      AA2E9382 
 1603      FD0CF802 
 1604 00f5 F1184A12 		.ascii	"\361\030J\022\003\351Ux\232A\027f&|?\014e\"\374\022"
 1604      03E95578 
 1604      9A411766 
 1604      267C3F0C 
 1604      6522FC12 
 1605 0109 FF85E140 		.ascii	"\377\205\341@\3175WpY\203\273?R\331\035-b\2314~\265"
 1605      CF355770 
 1605      5983BB3F 
 1605      52D91D2D 
 1605      6299347E 
 1606 011e 10A77BEE 		.ascii	"\020\247{\356\030\334\026\203;<6\264\303\357\324\202"
 1606      18DC1683 
 1606      3B3C36B4 
 1606      C3EFD482 
 1607 012e FBFA61DC 		.ascii	"\373\372a\334}\267\256\374\266\330\305B\272oh8Z\034"
 1607      7DB7AEFC 
 1607      B6D8C542 
 1607      BA6F6838 
 1607      5A1C
 1608 0140 0C717D38 		.ascii	"\014q}8\211\013*\354y'\"\320\201\026toeg\035j\341\251"
 1608      890B2AEC 
 1608      792722D0 
 1608      8116746F 
 1608      65671D6A 
 1609 0156 87A073AE 		.ascii	"\207\240s\256\015XE<\211\322\245,\013@\325\003\237]"
 1609      0D58453C 
ARM GAS  /tmp/ccV1UOBG.s 			page 38


 1609      89D2A52C 
 1609      0B40D503 
 1609      9F5D
 1610 0168 B2AAFEDC 		.ascii	"\262\252\376\334\203\021\337?\263\344\273\271O\303\217"
 1610      8311DF3F 
 1610      B3E4BBB9 
 1610      4FC38F
 1611 0177 21576229 		.ascii	"!Wb)66\261q\264x\226\030[\214#\261\220\030^\367It\331"
 1611      3636B171 
 1611      B4789618 
 1611      5B8C23B1 
 1611      90185EF7 
 1612 018e 536D8813 		.ascii	"Sm\210\023\330\216x\034\243\210'\260C\244:\345\264K"
 1612      D88E781C 
 1612      A38827B0 
 1612      43A43AE5 
 1612      B44B
 1613 01a0 4CB71880 		.ascii	"L\267\030\200\021\202\233\347\366-F\277\012P$e\374A"
 1613      11829BE7 
 1613      F62D46BF 
 1613      0A502465 
 1613      FC41
 1614 01b2 F67F46FF 		.ascii	"\366\177F\377\366\321Z\230Wk\334c\256\3719\356\302,"
 1614      F6D15A98 
 1614      576BDC63 
 1614      AEF939EE 
 1614      C22C
 1615 01c4 E64F1CEA 		.ascii	"\346O\034\352\010\010\033;#\224N\017\310m\342\036C\001"
 1615      08081B3B 
 1615      23944E0F 
 1615      C86DE21E 
 1615      4301
 1616 01d6 B5E114C2 		.ascii	"\265\341\024\302s\365W\013O\343\007\246\263Y\3346^\370"
 1616      73F5570B 
 1616      4FE307A6 
 1616      B359DC36 
 1616      5EF8
 1617 01e8 4305C49F 		.ascii	"C\005\304\237\366\200\242\206'\034\020\375wr\030\247"
 1617      F680A286 
 1617      271C10FD 
 1617      777218A7 
 1618 01f8 39199BC9 		.ascii	"9\031\233\311\030\220f\274h\332\370\200\237\016\211"
 1618      189066BC 
 1618      68DAF880 
 1618      9F0E89
 1619 0207 EFDEC171 		.ascii	"\357\336\301q\313\320jy?\\\370\225]\233cu`H\202G\012"
 1619      CBD06A79 
 1619      3F5CF895 
 1619      5D9B6375 
 1619      60488247 
 1620 021c D38C92A2 		.ascii	"\323\214\222\242\371\210\033\311/\342Qp\300\3644Y\303"
 1620      F9881BC9 
 1620      2FE25170 
 1620      C0F43459 
 1620      C3
 1621 022d 7A536D01 		.ascii	"zSm\001u6\232\262\346\233\272\033-\223\313X<\333*La"
 1621      75369AB2 
ARM GAS  /tmp/ccV1UOBG.s 			page 39


 1621      E69BBA1B 
 1621      2D93CB58 
 1621      3CDB2A4C 
 1622 0242 8D0B5320 		.ascii	"\215\013S S\312\177\370<\317\2213\015\327\345\232\224"
 1622      53CA7FF8 
 1622      3CCF9133 
 1622      0DD7E59A 
 1622      94
 1623 0253 5B243A3B 		.ascii	"[$:;u\357Gj\015\362JM\265\346\3464$\324\202\271E\002"
 1623      75EF476A 
 1623      0DF24A4D 
 1623      B5E6E634 
 1623      24D482B9 
 1624 0269 6EF75C4B 		.ascii	"n\367\\KA\343\267\254 \203\233\301\355wO\3079Mf\006"
 1624      41E3B7AC 
 1624      20839BC1 
 1624      ED774FC7 
 1624      394D6606 
 1625 027d 865CDFB9 		.ascii	"\206\\\337\271Q-\243\220\243!}6\240\320\377Q\235g*\335"
 1625      512DA390 
 1625      A3217D36 
 1625      A0D0FF51 
 1625      9D672ADD 
 1626 0291 A40A783A 		.ascii	"\244\012x:<\347\366\006\227U\031)\204[u\336\250\261"
 1626      3CE7F606 
 1626      97551929 
 1626      845B75DE 
 1626      A8B1
 1627 02a3 E45FD8C5 		.ascii	"\344_\330\305\014Z\313\261]9\372\323\365\371>\276\257"
 1627      0C5ACBB1 
 1627      5D39FAD3 
 1627      F5F93EBE 
 1627      AF
 1628 02b4 B972218C 		.ascii	"\271r!\214*/\261\273\251z\360\361Gd\025^dY\2531\243"
 1628      2A2FB1BB 
 1628      A97AF0F1 
 1628      4764155E 
 1628      6459AB31 
 1629 02c9 E56646DD 		.ascii	"\345fF\335FR\376E|\335\340\314\257\006s\024n\214\357"
 1629      4652FE45 
 1629      7CDDE0CC 
 1629      AF067314 
 1629      6E8CEF
 1630 02dc 5D1401AE 		.ascii	"]\024\001\256tf\015\007eE \025\261\327\251f/\277\306"
 1630      74660D07 
 1630      65452015 
 1630      B1D7A966 
 1630      2FBFC6
 1631 02ef 1CF6DF57 		.ascii	"\034\366\337WR\314\022\272\325\274\251\277\013I@\256"
 1631      52CC12BA 
 1631      D5BCA9BF 
 1631      0B4940AE 
 1632 02ff 01F2A6BA 		.ascii	"\001\362\246\272,\340:\234\003W\345?\216\3577\336j\336"
 1632      2CE03A9C 
 1632      0357E53F 
 1632      8EEF37DE 
 1632      6ADE
ARM GAS  /tmp/ccV1UOBG.s 			page 40


 1633 0311 6F80A7BC 		.ascii	"o\200\247\274TfS\322K\307z\275\265\231\304\346M\311"
 1633      546653D2 
 1633      4BC77ABD 
 1633      B599C4E6 
 1633      4DC9
 1634 0323 DEFE9CF7 		.ascii	"\336\376\234\367\342K/\257\333\020\217m\214\365&\222"
 1634      E24B2FAF 
 1634      DB108F6D 
 1634      8CF52692 
 1635 0333 E0F5A7D2 		.ascii	"\340\365\247\322}\257o\310\306\372\372\267zkR\351xz"
 1635      7DAF6FC8 
 1635      C6FAFAB7 
 1635      7A6B52E9 
 1635      787A
 1636 0345 FD2B5E26 		.ascii	"\375+^&\307\237\215\351\270\227\353Kx\211T&\376f\"\226"
 1636      C79F8DE9 
 1636      B897EB4B 
 1636      78895426 
 1636      FE662296 
 1637 0359 4825734B 		.ascii	"H%sK\023@\231D\366\311\005\241\245\361\225\313b+V\254"
 1637      13409944 
 1637      F6C905A1 
 1637      A5F195CB 
 1637      622B56AC 
 1638 036d 7C01AC37 		.ascii	"|\001\2547\3722\233\263\364Vr\253\346\363,\245R\331"
 1638      FA329BB3 
 1638      F45672AB 
 1638      E6F32CA5 
 1638      52D9
 1639 037f 7F0037CD 		.ascii	"\177\0007\315\250-"
 1639      A82D
 1640              		.text
 1641              		.section	.gnu.lto_lru_get_last_s.348.ffbfd91aed4f9a27,"e",%progbits
 1642 0000 789C8D56 		.ascii	"x\234\215VoLSW\024\277\347\335\327\226R\240U\004\227"
 1642      6F4C5357 
 1642      14BFE7DD 
 1642      D79652A0 
 1642      550497
 1643 0013 4D934262 		.ascii	"M\223Bb\226\031g\315\022\235~X\262\315\355\203\211d"
 1643      961967CD 
 1643      129D7E58 
 1643      B2CDED83 
 1643      8964
 1644 0025 06F6C1CC 		.ascii	"\006\366\301\314\017\006j3j,%-.\363\223\217\362/\303"
 1644      0F066A33 
 1644      6A2C252D 
 1644      2EF3938F 
 1644      F22FC3
 1645 0038 2C5050E6 		.ascii	",PP\346\024\230i\320\261d\231\272\310\006\023\034\216"
 1645      149869D0 
 1645      B16499BA 
 1645      C806131C 
 1645      8E
 1646 0049 29288A8A 		.ascii	")(\212\212sN\360/\213\016\346\324\006\2241\202\262s"
 1646      734EF02F 
 1646      8B0EE6D4 
 1646      06943182 
ARM GAS  /tmp/ccV1UOBG.s 			page 41


 1646      B273
 1647 005b EE7B7D6D 		.ascii	"\356{}m\025\211\006\357\273\357\274\337\371\235s~\367"
 1647      158906EF 
 1647      BBEFBCDF 
 1647      F99D737E 
 1647      F7
 1648 006c DC7B9B99 		.ascii	"\334{\233\231\310\230\007\030\253`\214A\002\203\232"
 1648      C8980718 
 1648      AB608C41 
 1648      02839A
 1649 007b 60A5C414 		.ascii	"`\245\304\024Ey\333$Am0Q\314\270T\032\334!\301Q\370"
 1649      4579DB24 
 1649      416D3051 
 1649      CCB8541A 
 1649      DC21C151 
 1650 0090 AEAACC24 		.ascii	"\256\252\314$W\004S\372\303\223+eY*\013Z\360\273].\017"
 1650      570453FA 
 1650      C3932B65 
 1650      592A0B5A 
 1650      F0BB5D2E 
 1651 00a5 A688A701 		.ascii	"\246\210\247\001\352to#\024\007+\273\333\332et\023\006"
 1651      EA746F23 
 1651      14072BBB 
 1651      DBDA6574 
 1651      1306
 1652 00b7 13D41E3E 		.ascii	"\023\324\036>}\271\343\346\335L8\251Z\200m\227\270l"
 1652      7DB9E3E6 
 1652      DD4C38A9 
 1652      5A806D97 
 1652      B86C
 1653 00c9 309A009F 		.ascii	"0\232\000\237,\372\257\226\327s\250\341M\234\201\254"
 1653      2CFAAF96 
 1653      D773A8E1 
 1653      4D9C81AC 
 1654 00d9 CD00ECAF 		.ascii	"\315\000\354\257u*\312DY\355\331\375\226\372\346N\271"
 1654      752ACA44 
 1654      59EDD9FD 
 1654      96FAE64E 
 1654      B9
 1655 00ea 894BAC11 		.ascii	"\211K\254\021\001-\000G\200\234\020\310?d\257\"\350"
 1655      012D0047 
 1655      809C10C8 
 1655      3F64AF22 
 1655      E8
 1656 00fb FCBD5645 		.ascii	"\374\275VE1\263&\316\341G\210\301\240a}0QE\026\322\270"
 1656      31B326CE 
 1656      E14788C1 
 1656      A0617D30 
 1656      514516D2 
 1657 0110 08C1E1BE 		.ascii	"\010\301\341\276\262\312\224\352\342\004\344\2036\210"
 1657      B2CA94EA 
 1657      E204E483 
 1657      3688
 1658 011e 635CDF90 		.ascii	"c\\\337\220hd\360\023P\034\306('#\3039@;\220\267\021"
 1658      6864F013 
 1658      501CC628 
 1658      2723C339 
ARM GAS  /tmp/ccV1UOBG.s 			page 42


 1658      403B90B7 
 1659 0133 6B68EDCB 		.ascii	"kh\355\313aX_#&\243Y\332\357\225<Z\301\240\003m\\D\332"
 1659      61585F23 
 1659      26A359DA 
 1659      EF953C5A 
 1659      C1A0036D 
 1660 014a 27C094D7 		.ascii	"'\300\224\327\304\241\035\203\347^\256W(y\031~\006\242"
 1660      C4A11D83 
 1660      E75EAE57 
 1660      2879197E 
 1660      06A2
 1661 015c 52834127 		.ascii	"R\203A'\240i}G\222\226\324D{\325gG\227t\225(=\212\216"
 1661      A0697D47 
 1661      9296D444 
 1661      7BD56747 
 1661      97749528 
 1662 0173 6551AC5A 		.ascii	"eQ\254Z\255\210\177\262\301\010\307\321x\214\330\030"
 1662      AD887FB2 
 1662      C108C7D1 
 1662      788CD818 
 1663 0183 E607BFE8 		.ascii	"\346\007\277\350\371Q\2622\374\252'\333~\346H\203AM"
 1663      F951B232 
 1663      FCAA27DB 
 1663      7EE64883 
 1663      414D
 1664 0195 57D60070 		.ascii	"W\326\000p\002b\001\367\272\256b\356'\021``\321T\256"
 1664      026201F7 
 1664      BAAE62EE 
 1664      27116060 
 1664      D154AE
 1665 01a8 B4BD482A 		.ascii	"\264\275H*\023\017\353\215\320\203\306n=\225Sq\251\030"
 1665      130FEB8D 
 1665      D083C66E 
 1665      3D955371 
 1665      A918
 1666 01ba A157BCF0 		.ascii	"\241W\274\360&IW\244\261\366X\231\246\210\001\316\000"
 1666      264957A4 
 1666      B1F65899 
 1666      A68801CE 
 1666      00
 1667 01cb 8134EAB3 		.ascii	"\2014\352\263\250\210a\375-K$\215\335#\337~\204\300"
 1667      A88861FD 
 1667      2D4B248D 
 1667      DD23DF7E 
 1667      84C0
 1668 01dd 527B04C9 		.ascii	"R{\004\311\242\310\030=\036gC\037\2505\032E\016\347"
 1668      A2C8183D 
 1668      1E67431F 
 1668      A8351A45 
 1668      0EE7
 1669 01ef 80C22204 		.ascii	"\200\302\"\004p%\017\366\033:\225\251\351*Ey\260dr\352"
 1669      70250FF6 
 1669      1B3A95A9 
 1669      E92A4579 
 1669      B06472EA 
 1670 0203 AE3903B0 		.ascii	"\2569\003\260)\014\022-\262\031\240\025,\370*%\321\220"
 1670      290C122D 
ARM GAS  /tmp/ccV1UOBG.s 			page 43


 1670      B219A015 
 1670      2CF82A25 
 1670      D190
 1671 0215 4CB6149C 		.ascii	"L\266\024\234\031\2554\330h\230C\303\\\032R\0112\217"
 1671      19AD34D8 
 1671      689843C3 
 1671      5C1A5209 
 1671      328F
 1672 0227 86341AD2 		.ascii	"\2064\032\322q0-\300!a!\015\214Uq\026\236l^\011J'\315"
 1672      71302DC0 
 1672      2161210D 
 1672      8C557116 
 1672      9E6C5E09 
 1673 023e 25312FC6 		.ascii	"%1/\306y5\347\230\244\"C\011\276\374\015\312\350\341"
 1673      7935E798 
 1673      A4224309 
 1673      BEFC0DCA 
 1673      E8E1
 1674 0250 A12B6B31 		.ascii	"\241+k1Y\232\017\035\262\210GK\257\304\356C`g\345m\010"
 1674      599A0F1D 
 1674      B288474B 
 1674      AFC4EE43 
 1674      6067E56D 
 1675 0265 71D0DA9F 		.ascii	"q\320\332\237\013\345\016\320\266\031^\330\304\315!"
 1675      0BE50ED0 
 1675      B6195ED8 
 1675      C4CD21
 1676 0274 6E860BC2 		.ascii	"n\206\013\302\266\014M\330\274\211\320\017\015\324\246"
 1676      B60C4DD8 
 1676      BC89D00F 
 1676      0DD4A6
 1677 0283 A584694E 		.ascii	"\245\204iN!\225.b\325a(\265\243Mj\342\226Fnb\014)\233"
 1677      21952E62 
 1677      D56128B5 
 1677      A34D6AE2 
 1677      96466E62 
 1678 029a 789208D4 		.ascii	"x\222\010\324\241\006j\377&9\304%\235\335:\023{2\374"
 1678      A1066AFF 
 1678      2639C425 
 1678      9DDD3A13 
 1678      7B32FC
 1679 02ad 8EEC4847 		.ascii	"\216\354HG\357\315\351\264W.\243AbTE`\337r\324\0129"
 1679      EFCDE9B4 
 1679      572EA341 
 1679      62544560 
 1679      DF72D40A 
 1680 02c2 04EB855E 		.ascii	"\004\353\205^\361\314\324\207\241\337,O\031\006,\"."
 1680      F1CCD487 
 1680      A1DF2C4F 
 1680      19062C22 
 1680      2E
 1681 02d3 86B168E5 		.ascii	"\206\261h\345I\321\3620Z\012r\301\025`Zp\011\0060\026"
 1681      49D1F230 
 1681      5A0A72C1 
 1681      15605A70 
 1681      09063016 
 1682 02e7 D5A67925 		.ascii	"\325\246y%\315\206\275\212XY\305\206+!\036i\211C^W\221"
ARM GAS  /tmp/ccV1UOBG.s 			page 44


 1682      CD86BD8A 
 1682      5859C586 
 1682      2B211E69 
 1682      89435E57 
 1683 02fc 21558ECC 		.ascii	"!U\216\314\031=\222\342<n\252y \021y\2046\210j\256i"
 1683      193D92E2 
 1683      3C6EAA79 
 1683      20117984 
 1683      36886AAE 
 1684 0311 328EA487 		.ascii	"2\216\244\207\270u\246\314\260%\2540\204\256\006\221"
 1684      B875A6CC 
 1684      B025AC30 
 1684      84AE0691 
 1685 0321 56495D05 		.ascii	"VI]\005\212eC0Un\204'\323\323\323\326\031\203\307\270"
 1685      8A654330 
 1685      556E8427 
 1685      D3D3D3D6 
 1685      1983C7B8 
 1686 0335 DF56DDD1 		.ascii	"\337V\335\321O\304|$D\016\330\027+t\200\035\014+@\273"
 1686      4FC47C24 
 1686      440ED817 
 1686      2B74801D 
 1686      0C2B40BB 
 1687 0349 857DAD1D 		.ascii	"\205}\255\035\242\021\232\326\3075\246(Sl\263\014#\237"
 1687      A2119AD6 
 1687      C735A628 
 1687      536CB30C 
 1687      239F
 1688 035b 516B9661 		.ascii	"Qk\226a\211\232e\004\324>\014\330q\003\301_\242%\307"
 1688      899A6504 
 1688      D43E0CD8 
 1688      7103C15F 
 1688      A225C7
 1689 036e 3A0E4C55 		.ascii	":\016LU\326\001\356!\0215\330\213\363\363\352|\027n"
 1689      D601EE21 
 1689      1135D88B 
 1689      F3F3EA7C 
 1689      176E
 1690 0380 2A51B514 		.ascii	"*Q\265\024\342\013\264U4\300K\"2f\234H1\357\352\322"
 1690      E20BB455 
 1690      34C04B22 
 1690      32669C48 
 1690      31EFEAD2 
 1691 0394 D9E01F0C 		.ascii	"\331\340\037\014h\242\335H\012\324\227_B\011\026\242"
 1691      68A2DD48 
 1691      0AD4975F 
 1691      420916A2 
 1692 03a4 27B9D960 		.ascii	"'\271\331`{l\371OySv6x\020qG7J2|(t\203.\026\332\354"
 1692      7B6CF94F 
 1692      79537636 
 1692      78107147 
 1692      374A327C 
 1693 03bf 229F298B 		.ascii	"\"\237)\213*\355%\036\342sP&U[\033\033\201\322\341\256"
 1693      2AED251E 
 1693      E2735026 
 1693      555B1B1B 
 1693      81D2E1AE 
ARM GAS  /tmp/ccV1UOBG.s 			page 45


 1694 03d3 3CB4A906 		.ascii	"<\264\251\006U\237j.\213-\251\355\302\241\332>\256z"
 1694      559F6A2E 
 1694      8B2DA9ED 
 1694      C2A1DA3E 
 1694      AE7A
 1695 03e5 DF46EFB9 		.ascii	"\337F\357\271!\236\242\202%\362\036\351\332\2146\030"
 1695      219EA282 
 1695      25F21EE9 
 1695      DA8C3618 
 1696 03f5 15AE9340 		.ascii	"\025\256\223@{\205\337\3310\011\250\252\215\337\277"
 1696      7B85DFD9 
 1696      3009A8AA 
 1696      8DDFBF
 1697 0404 86075035 		.ascii	"\206\007P57\264v\354\\\240\263\355\352K\212tjj\374\202"
 1697      37B476EC 
 1697      5CA0B3ED 
 1697      EA4B8A74 
 1697      6A6AFC82 
 1698 0418 26C775D3 		.ascii	"&\307u\323C\254)!\332\325\363f\303\216#\326\374\234"
 1698      43AC2921 
 1698      DAD5F366 
 1698      C38E23D6 
 1698      FC9C
 1699 042a AE4E8D43 		.ascii	"\256N\215CN\250H\344\323\273\232\330\323fc\237\234\205"
 1699      4EA848E4 
 1699      D3BB9AD8 
 1699      D366639F 
 1699      9C85
 1700 043c 3D2D0E39 		.ascii	"=-\0169\245\346\214A\205\214\306\210\214@\373a\253("
 1700      A5E68C41 
 1700      858CC688 
 1700      8C40FB61 
 1700      AB28
 1701 044e BF418819 		.ascii	"\277A\210\031\030\035\236\257\237)\311\317\304\264\302"
 1701      181D9EAF 
 1701      9F29C9CF 
 1701      C4B4C2
 1702 045d 13B5A349 		.ascii	"\023\265\243Ii\253\266\206\207\321s\024\217\223\267"
 1702      69ABB686 
 1702      87D17314 
 1702      8F93B7
 1703 046c 10AB2E93 		.ascii	"\020\253.\223)Xv\271\233\353\312\266\365\211\263e\254"
 1703      295876B9 
 1703      9BEBCAB6 
 1703      F589B365 
 1703      AC
 1704 047d A56ACF5E 		.ascii	"\245j\317^l\305\016\265\025\277\032\374\"B\260w\221"
 1704      6CC50EB5 
 1704      15BF1AFC 
 1704      2242B077 
 1704      91
 1705 048e 7AB20DC2 		.ascii	"z\262\015\302\323g\320+\302\361\277\306\232\361?R\361"
 1705      D367D02B 
 1705      C2F1BFC6 
 1705      9AF13F52 
 1705      F1
 1706 049f B214C62F 		.ascii	"\262\024\306/\307w\013Gl\371\343\242\201e\225g\354V"
ARM GAS  /tmp/ccV1UOBG.s 			page 46


 1706      C7770B47 
 1706      6CF9E3A2 
 1706      81659567 
 1706      EC56
 1707 04b1 DD0F371A 		.ascii	"\335\0177\032\000oR\001;z\303\014]\300\036@ \223.\222"
 1707      006F5201 
 1707      3B7AC30C 
 1707      5DC01E40 
 1707      20932E92 
 1708 04c5 7E3A2B33 		.ascii	"~:+3\376\224\312\261\21498\245\303\006\002\022\303'"
 1708      FE94CAB1 
 1708      8C3938A5 
 1708      C3060212 
 1708      C327
 1709 04d7 9448502C 		.ascii	"\224HP,.\267\214;\342\373\\\361\261L\022Q\302\023\215"
 1709      2EB78C3B 
 1709      E2FB5CF1 
 1709      B14C1251 
 1709      C2138D
 1710 04ea BBC7F107 		.ascii	"\273\307\361\007\326q\320\316\376\232G\037\322\236\023"
 1710      D671D0CE 
 1710      FE9A471F 
 1710      D29E13
 1711 04f9 62A5EB62 		.ascii	"b\245\353b%=s\250Y\241B\212\021K\255\350R\237v\354X"
 1711      253D73A8 
 1711      59A1428A 
 1711      114BADE8 
 1711      529F76EC 
 1712 050e 433C3D66 		.ascii	"C<=f\311\"\207\267\346\233\012\225\350\213?z\360&(\337"
 1712      C92287B7 
 1712      E69B0A95 
 1712      E88B3F7A 
 1712      F02628DF 
 1713 0522 B70A572E 		.ascii	"\267\012W.\035\377#H\"\262ytn\244\011\276A]\333\353"
 1713      1DFF2348 
 1713      22B27974 
 1713      6EA409BE 
 1713      415DDBEB 
 1714 0536 7B50DB13 		.ascii	"{P\333\023j\355c\003f\3749\240i\367\375\030j\327\255"
 1714      6AED6303 
 1714      66FC39A0 
 1714      69F7FD18 
 1714      6AD7AD
 1715 0549 7EB838A6 		.ascii	"~\2708\246k\327\243i\267,V\273SQ\355N\307j\247\251\364"
 1715      6BD7A369 
 1715      B72C56BB 
 1715      5351ED4E 
 1715      C76AA7A9 
 1716 055e B9D02B56 		.ascii	"\271\320+V\232\3761\224\246G\223\246\245\352\341\300"
 1716      9AFE3194 
 1716      A64793A6 
 1716      A5EAE1C0 
 1717 056e 7ED0220F 		.ascii	"~\320\"\017\375;\220\316\350\036\005\321m\201N\352\215"
 1717      FD3B90CE 
 1717      E81E05D1 
 1717      6D814EEA 
 1717      8D
ARM GAS  /tmp/ccV1UOBG.s 			page 47


 1718 057f 0C47BED7 		.ascii	"\014G\276\327\343r\270s\013\034\357y\235[=\256\202\""
 1718      E372B873 
 1718      0B1CEF79 
 1718      9D5B3DAE 
 1718      8222
 1719 0591 BFE3DD75 		.ascii	"\277\343\335u\331k7\346\345n\311-p\272\230\243(\337"
 1719      D96B37E6 
 1719      E56EC92D 
 1719      70BA98A3 
 1719      28DF
 1720 05a3 EDDBB4B1 		.ascii	"\355\333\264\2610\327W\264\315\261:\337\235\347\376"
 1720      30D757B4 
 1720      CDB13ADF 
 1720      9DE7FE
 1721 05b2 20C7E1F5 		.ascii	" \307\341\365\343\337\026w\236\303\357s:\234\371\336"
 1721      E3DF1677 
 1721      9EC3EF73 
 1721      3A9CF9DE 
 1722 05c2 BCCDCE5C 		.ascii	"\274\315\316\\g\276\313\277\324\311\270\327Y8?\316\264"
 1722      67BECBBF 
 1722      D4C9B8D7 
 1722      59383FCE 
 1722      B4
 1723 05d3 346FD51B 		.ascii	"4o\325\033\271+V\254Z\311d\264\026.~\016\241\257\310"
 1723      B92B56AC 
 1723      5AC964B4 
 1723      162E7E0E 
 1723      A1AFC8
 1724 05e6 E12E706E 		.ascii	"\341.pn\331\272\311\205\214\376m\376\245\371\314\224"
 1724      D9BAC985 
 1724      8CFE6DFE 
 1724      A5F9CC94 
 1725 05f6 97EB77AD 		.ascii	"\227\353w\255\363\271\337\177\216\213\323\353\361x\013"
 1725      F3B9DF7F 
 1725      8E8BD3EB 
 1725      F1780B
 1726 0605 1CAE4F8B 		.ascii	"\034\256O\213\034\357dg9Vg\345\254\311q\254\366\372"
 1726      1CEF6467 
 1726      395667E5 
 1726      ACC971AC 
 1726      F6FA
 1727 0617 5C8E3511 		.ascii	"\\\2165\021&\217\337\355\337\370\261\323\211l\313gg"
 1727      268FDFED 
 1727      DFF8B1D3 
 1727      896CCB67 
 1727      67
 1728 0628 29F4FAB0 		.ascii	")\364\372\260v\344\371\344\315\327\2630\005'\362\240"
 1728      76E4F9E4 
 1728      CDD7B330 
 1728      0527F2A0 
 1729 0638 97E47FC1 		.ascii	"\227\344\177\301\214]\036D\333\262r\262\355\224u\241"
 1729      8C5D1E44 
 1729      DBB272B2 
 1729      ED9475A1 
 1730 0648 CFBDC4BE 		.ascii	"\317\275\304\276h\031\223|\314\344qy\274\276m\354\177"
 1730      6819937C 
 1730      CCE47179 
ARM GAS  /tmp/ccV1UOBG.s 			page 48


 1730      BCBE6DEC 
 1730      7F
 1731 0659 F4A1C691 		.ascii	"\364\241\306\221"
 1732              		.text
 1733              		.section	.gnu.lto_chCacheObjectInit.349.ffbfd91aed4f9a27,"e",%progbits
 1734 0000 789C8D96 		.ascii	"x\234\215\226\177lSU\024\307\357y\367\265}\257l\353"
 1734      7F6C5355 
 1734      14C7EF79 
 1734      F7B57DAF 
 1734      6CEB
 1735 0012 80B11260 		.ascii	"\200\261\022`\260\231\031\343\037\356M\377 \360\217"
 1735      B09919E3 
 1735      1FEE4DFF 
 1735      20F08F
 1736 0021 21EA9F26 		.ascii	"!\352\237&\032\177$\375\217te\2443\260-\333\304hLx\033"
 1736      1A7F24FD 
 1736      8F7465A4 
 1736      33B02DDB 
 1736      C4684C78 
 1737 0036 6C3323B8 		.ascii	"l3#\270v\003\246\010hjc\346\037\012\314\240( \023\324"
 1737      7603A608 
 1737      686A63E6 
 1737      1F0ACCA0 
 1737      282013D4 
 1738 004a 894A8412 		.ascii	"\211J\204\022B\010Lt\021\331\3701\352\320\010\023\250"
 1738      42084C74 
 1738      11D9F831 
 1738      EAD00813 
 1738      A8
 1739 005b E79CDBBE 		.ascii	"\347\234\333\276\255\263fm\266\333\333s\277\237s\356"
 1739      ADB3666D 
 1739      B6DBDB73 
 1739      BF9F73EE 
 1740 006b BBEF9CF3 		.ascii	"\273\357\234\363^\324+\304\036!\304\001\374\007S@O\264"
 1740      5ED42BC4 
 1740      1E21C401 
 1740      FC075340 
 1740      4FB4
 1741 007d 4B13B66D 		.ascii	"K\023\266m\257\362h\320\033\365\362LjoE\006*`\010\022"
 1741      AFF268D0 
 1741      1BF5F24C 
 1741      6A6F4506 
 1741      2A600812 
 1742 0091 C9C9157A 		.ascii	"\311\311\025zG\264\350\343\356v\217n@\357\376b%uC\011"
 1742      47B4E8E3 
 1742      EE768F6E 
 1742      40EFFE62 
 1742      25754309 
 1743 00a5 7FEB5A67 		.ascii	"\177\353Zgt\213\226\021\266\247\205\036\330\226\021"
 1743      748B9611 
 1743      B6A7851E 
 1743      D89611
 1744 00b4 BAA035DA 		.ascii	"\272\2405\332e\242\200\177\201\330\250I\303\255\243"
 1744      65A2807F 
 1744      81D8A849 
 1744      C3ADA3
 1745 00c3 79A39402 		.ascii	"y\243\224\002\006u\270\237J\245\300\231\210\364G\347"
ARM GAS  /tmp/ccV1UOBG.s 			page 49


 1745      0675B89F 
 1745      4AA5C099 
 1745      88F447E7 
 1746 00d3 35B4A47C 		.ascii	"5\264\244|\316$\263\326+\037Fg\267\333{G\321k\377 \304"
 1746      CE24B3D6 
 1746      2B1F4667 
 1746      B7DB7B47 
 1746      D16BFF20 
 1747 00e8 255E904C 		.ascii	"%^\220L/\356\222\320#\343\022@O\3174(\307\231|A<4h\333"
 1747      2FEE92D0 
 1747      23E31240 
 1747      4FCF3428 
 1747      C7997C41 
 1748 0100 A7CE1FB4 		.ascii	"\247\316\037\264mS\304\245\204\317\000\031\370\024\340"
 1748      6D53C4A5 
 1748      84CF0019 
 1748      F814E0
 1749 010f 00064543 		.ascii	"\000\006EC\340\226A\272F\326%\307\256t\027E\320\263"
 1749      E09641BA 
 1749      46D625C7 
 1749      AE741745 
 1749      D0B3
 1750 0121 0E9F67EB 		.ascii	"\016\237g\353\364@\212u\033\224\356\352\320\016\326"
 1750      F4408A75 
 1750      1B94EEEA 
 1750      D00ED6
 1751 0130 B9E050B6 		.ascii	"\271\340P\266\316\025\330b\222\356u\245\273\346\370"
 1751      CE15D862 
 1751      92EE75A5 
 1751      BBE6F8
 1752 013f 3B32D35F 		.ascii	";2\323_\037\353Z\201\205\373\256wv\332\305z\\\272\341"
 1752      1FEB5A81 
 1752      85FBAE77 
 1752      76DAC57A 
 1752      5CBAE1
 1753 0152 68B6D01D 		.ascii	"h\266\320\035x\237\205\235J\230\2741\244<z\340\253l"
 1753      789F859D 
 1753      4A98BC31 
 1753      A43C7AE0 
 1753      AB6C
 1754 0164 A127B097 		.ascii	"\241'\260\227\205[\323\302\361+=,4\340x\266\320\010"
 1754      855BD3C2 
 1754      F12B3D2C 
 1754      34E078B6 
 1754      D008
 1755 0176 1C62616F 		.ascii	"\034baoZx\263\263\227\205&|\223-4\003C\246\020\356\364"
 1755      5A78B3B3 
 1755      9785267C 
 1755      932D3403 
 1755      43A610EE 
 1756 018b 2903313B 		.ascii	")\0031;\201N\372A\302>:\321U\024i5\342\322\013\337M"
 1756      814EFA41 
 1756      C23E3AD1 
 1756      55146935 
 1756      E2D20BDF 
 1757 01a0 E784080C 		.ascii	"\347\204\010\014\233n\001'@\340\355\027\201\213&\031"
 1757      9B6E0127 
ARM GAS  /tmp/ccV1UOBG.s 			page 50


 1757      40E0ED17 
 1757      818B2619 
 1758 01b0 F7265C83 		.ascii	"\367&\\\203\366\335T\267m\247\036\277\270k\300\373\250"
 1758      F6DD54B7 
 1758      6DA71EBF 
 1758      B86BC0FB 
 1758      A8
 1759 01c1 1BE06B30 		.ascii	"\033\340k0\000\276\005\023\3400\024\000\034\003\037"
 1759      00BE0513 
 1759      E0301400 
 1759      1C031F
 1760 01d0 C0973017 		.ascii	"\300\2270\027\340\013(\0018\010\245\002\027\374\002"
 1760      E00B2801 
 1760      3808A502 
 1760      17FC02
 1761 01df 6D0B05AE 		.ascii	"m\013\005\256.\302-\315YL\303\022\034\012\312p(\\\212"
 1761      2EC22DCD 
 1761      594CC312 
 1761      1C0ACA70 
 1761      285C8A
 1762 01f2 43D1323A 		.ascii	"C\3212:\367rZ\250\300\301[IX\025\346\026X\204U\223\003"
 1762      F7725AA8 
 1762      C0C15B49 
 1762      5815E616 
 1762      58845593 
 1763 0207 21BAA548 		.ascii	"!\272\245HN\366\257\000{P\210\210\324x\336\212\363\253"
 1763      4EF6AF00 
 1763      7B508888 
 1763      D478DE8A 
 1763      F3AB
 1764 0219 608FDCFA 		.ascii	"`\217\334\372\011\350\373\001g\030\271\357\023\343\320"
 1764      09E8FB01 
 1764      6718B9EF 
 1764      13E3D0
 1765 0228 B6AD0B62 		.ascii	"\266\255\013brQ:\241$_\372\007\224\320\243\376\270\364"
 1765      72513AA1 
 1765      245FFA07 
 1765      94D0A3FE 
 1765      B8F4
 1766 023a C56409FC 		.ascii	"\305d\011\374\300\266j4\3419\024\303\217\260\233Nj3"
 1766      C0B66A34 
 1766      E13914C3 
 1766      8FB09B4E 
 1766      6A33
 1767 024c 6BF044E7 		.ascii	"k\360D\347\300I\214\234\204\366r\264iq9w\017:\021\350"
 1767      C0498C9C 
 1767      84F672B4 
 1767      69713977 
 1767      0F3A11E8 
 1768 0260 92FCE115 		.ascii	"\222\374\341\025\307\345<\216\026\231\347D[<[\214\323"
 1768      C7E53C8E 
 1768      1699E744 
 1768      5B3C5B8C 
 1768      D3
 1769 0271 1803B262 		.ascii	"\030\003\262b$\360'\342w;\021_\022\223\276\034\001\027"
 1769      24F027E2 
 1769      773B115F 
ARM GAS  /tmp/ccV1UOBG.s 			page 51


 1769      1293BE1C 
 1769      0117
 1770 0283 E34A2658 		.ascii	"\343J&X\017\007\3339\266$\023\251_NEJ\207\321\341,\206"
 1770      0F07DB39 
 1770      B62413A9 
 1770      5F4E454A 
 1770      87D1E12C 
 1771 0298 D1089DCB 		.ascii	"\321\010\235\313\320v\0142+\345\202sHI\242L\246\372"
 1771      D0760C32 
 1771      2BE58273 
 1771      4849A24C 
 1771      A6FA
 1772 02aa F2A17438 		.ascii	"\362\241t8\217\224N\224\217\251\267\363\241<p\001)\027"
 1772      8F944E94 
 1772      8FA9B7F3 
 1772      A13C7001 
 1772      2917
 1773 02bc 51054CBD 		.ascii	"Q\005L\275\223\017e\3000Rn\242\334L\355\316\2072\341"
 1773      930F65C0 
 1773      30526EA2 
 1773      DC4CEDCE 
 1773      8732E1
 1774 02cf 12521EA2 		.ascii	"\022R\036\242\014\246\336U\324\304hNj\352n\315\207_"
 1774      0CA6DE55 
 1774      D4C4684E 
 1774      6AEA6ECD 
 1774      875F
 1775 02e1 1134043B 		.ascii	"\0214\004;\032-\244R\031A\003\026\025%\200\027T\366"
 1775      1A2DA452 
 1775      19410316 
 1775      15258017 
 1775      54F6
 1776 02f3 EDCFDBDB 		.ascii	"\355\317\333\333\345\231\336~G\003\266u\370\215\363"
 1776      E599DE7E 
 1776      4703B675 
 1776      F88DF3
 1777 0302 77E413E5 		.ascii	"w\344\023\345i[\327YWL\2269\336\254\334\336F\2257\316"
 1777      695BD759 
 1777      574C9639 
 1777      DEACDCDE 
 1777      469537CE 
 1778 0316 A4FE47B0 		.ascii	"\244\376G\260\230`LeR\262\353\244\234m+\327fn\345:\032"
 1778      98604C65 
 1778      52B2EBA4 
 1778      9C6D2BD7 
 1778      666EE53A 
 1779 032b E6D01195 		.ascii	"\346\320\021\225\361V\016\250\255\344\343j|\246\253"
 1779      F1560EA8 
 1779      ADE4E36A 
 1779      7CA6AB
 1780 033a 9B682850 		.ascii	"\233h(P\256\250V%.\330:\025+\\\205\266UT\3351Y\312Q"
 1780      AEA85625 
 1780      2ED83A15 
 1780      2B5C85B6 
 1780      5554DD31 
 1781 0351 0E25E811 		.ascii	"\016%\350\021\303\323#\011\215\357\344\207\376t\275"
 1781      C3D32309 
ARM GAS  /tmp/ccV1UOBG.s 			page 52


 1781      8DEFE487 
 1781      FE74BD
 1782 0360 BAA6EAB5 		.ascii	"\272\246\352\265\037\335\226 \003\1778\367\324\013\023"
 1782      1FDD9620 
 1782      037F38F7 
 1782      D40B13
 1783 036f 18A590A2 		.ascii	"\030\245\220\242(WG\247\363\377O\375\211T\321\024u\232"
 1783      285747A7 
 1783      F3FF4FFD 
 1783      8954D114 
 1783      759A
 1784 0381 A94D031D 		.ascii	"\251M\003\035gqO\225hU\017!J\223\266r\336h%\353\316"
 1784      67714F95 
 1784      68550F21 
 1784      4A93B672 
 1784      DE6825EB 
 1785 0396 240A49B7 		.ascii	"$\012I\267\257\343\236\214\311\245XU\244\323Q\307\360"
 1785      AFE39E8C 
 1785      C9A55855 
 1785      A4D351C7 
 1785      F0
 1786 03a7 652D2697 		.ascii	"e-&\227a\321\340\222\030\203\315\303\307\213\370w%5"
 1786      61D1E092 
 1786      1883CDC3 
 1786      C78BF877 
 1786      2535
 1787 03b9 D34928C5 		.ascii	"\323I(\305\025M\307\220\225\306\233\333\307\014\272"
 1787      154DC790 
 1787      95C69BDB 
 1787      C70CBA
 1788 03c8 E06E6944 		.ascii	"\340niD\333\317\015a$\234\272\271\227\001\236\224>\363"
 1788      DBCF0D61 
 1788      249CBAB9 
 1788      97019E94 
 1788      3EF3
 1789 03da A48EE106 		.ascii	"\244\216\341\006\026\342\0064l\2011\351\347\255\234"
 1789      16E20634 
 1789      6C8131E9 
 1789      E7AD9C
 1790 03e9 9F3AB30B 		.ascii	"\237:\263\013\011/|O\323\266\367^\304~\255\264\366\310"
 1790      092F7C4F 
 1790      D3B6F75E 
 1790      C47EADB4 
 1790      F6C8
 1791 03fb 257514DC 		.ascii	"%u\024\334\217\312\235\323(\213\313\005\250\240\\\233"
 1791      8FCA9DD3 
 1791      288BCB05 
 1791      A8A05C9B 
 1792 040b DE8F6EE3 		.ascii	"\336\217n\343\201\3702\375H\243~t'g\317+\207SN\277K"
 1792      81F832FD 
 1792      48A37E74 
 1792      2767CF2B 
 1792      87534EBF 
 1793 0420 720B3A8C 		.ascii	"r\013:\214\327[\221qo\344\316\215\273S\271\301\307\177"
 1793      D75B9171 
 1793      6FE4CE8D 
 1793      BB53B9C1 
ARM GAS  /tmp/ccV1UOBG.s 			page 53


 1793      C77F
 1794 0432 4F65994A 		.ascii	"Oe\231J-\230\006g\266\346(S\250,\246\300\025\252\253"
 1794      2D980667 
 1794      B6E62853 
 1794      A82CA6C0 
 1794      15AAAB
 1795 0445 CF4EB46A 		.ascii	"\317N\264j\273\261\333e2\230\211\035f6P\221\005l\312"
 1795      BBB1DB65 
 1795      3298891D 
 1795      66365091 
 1795      056CCA
 1796 0458 000B7303 		.ascii	"\000\013s\003\271.\250]\313\276\240\016-]6\354#\266"
 1796      B92EA85D 
 1796      CBBEA00E 
 1796      2D5D36EC 
 1796      23B6
 1797 046a 513D8FD4 		.ascii	"Q=\217\324\015\230\030-u\236\006\005\377\331p)\274\201"
 1797      0D98182D 
 1797      759E0605 
 1797      FFD97029 
 1797      BC81
 1798 047c EC3CD54B 		.ascii	"\354<\325KJ\323\275\344\257\374\310-H\316\307\276\201"
 1798      4AD3BDE4 
 1798      AFFCC82D 
 1798      48CEC7BE 
 1798      81
 1799 048d 6F8044FD 		.ascii	"o\200D\375\235\017\345\207\255H\225\250x~P\031t'\037"
 1799      9D0FE587 
 1799      AD4895A8 
 1799      787E5019 
 1799      74271F
 1800 04a0 D2031124 		.ascii	"\322\003\021$\027`\274*\206\376\311\024\3150&\230\205"
 1800      1760BC2A 
 1800      86FEC914 
 1800      CD302698 
 1800      85
 1801 04b1 DA98AC52 		.ascii	"\332\230\254R\005C\371j\261\346\236\322\354\3528\211"
 1801      0543F96A 
 1801      B1E69ED2 
 1801      ECEA3889 
 1802 04c1 A66ACC5D 		.ascii	"\246j\314]U0\352\205\220\265\224\321\325\254M%\266\002"
 1802      5530EA85 
 1802      90B594D1 
 1802      D5AC4D25 
 1802      B602
 1803 04d3 A53496CE 		.ascii	"\2454\226\316\030\225N\265\322\012U>~|\256\270\251|"
 1803      18954EB5 
 1803      D20A553E 
 1803      7E7CAEB8 
 1803      A97C
 1804 04e5 AA3DE37D 		.ascii	"\252=\343}\227\015L\370I\300\210\005l\263<?\367\335"
 1804      970D4CF8 
 1804      49C08805 
 1804      6CB33C3F 
 1804      F7DD
 1805 04f7 201BD691 		.ascii	" \033\326\221'SR\021\351r^\017&\240\355\227\350\031"
 1805      27535211 
ARM GAS  /tmp/ccV1UOBG.s 			page 54


 1805      E9725E0F 
 1805      26A0ED97 
 1805      E819
 1806 0509 2E3AFA74 		.ascii	".:\372tKp\336\"\204\250\260\302\015\353k\255\272`\275"
 1806      4B70DE22 
 1806      84A8B0C2 
 1806      0DEB6BAD 
 1806      BA60BD
 1807 051c F55443E8 		.ascii	"\365TC\350\345\365\265\365-\315\326\023\317>\367\364"
 1807      E5F5B5F5 
 1807      2DCDD613 
 1807      CF3EF7F4 
 1808 052c EA9AE0BA 		.ascii	"\352\232\340\272`}\250VX-\341\272\2465\253\033\203M"
 1808      607DA856 
 1808      582DE1BA 
 1808      A635AB1B 
 1808      834D
 1809 053e 2DAF5A4F 		.ascii	"-\257ZO\206\353j\352\236y\336jh\306\277uu5VsS\310\012"
 1809      86EB6AEA 
 1809      9E79DE6A 
 1809      68C6BF75 
 1809      75355673 
 1810 0555 851B6A5E 		.ascii	"\205\033j^\012\005C\341\332\346\252\220\220\015\241"
 1810      0A0543E1 
 1810      DAE6AA90 
 1810      900DA1
 1811 0564 467F96A9 		.ascii	"F\177\226\251\252f\345c\301\345\313W\256\020\256p\260"
 1811      AA66E563 
 1811      C1E5CB57 
 1811      AE10AE70 
 1811      B0
 1812 0575 395CCF63 		.ascii	"9\\\317c\243\216\212z\027\016\315\257\321\270\241\321"
 1812      A38E8A7A 
 1812      170ECDAF 
 1812      D1B8A1D1 
 1813 0585 D5541B5C 		.ascii	"\325T\033\\\263\326\375JS]K\355ZZm\374\027\265>\237"
 1813      B3D6FD4A 
 1813      535D4BED 
 1813      5A5A6DFC 
 1813      17B53E9F 
 1814 0599 5C       		.ascii	"\\"
 1815              		.text
 1816              		.section	.gnu.lto_chCacheGetObject.350.ffbfd91aed4f9a27,"e",%progbits
 1817 0000 789C8D56 		.ascii	"x\234\215Vml\224U\026\276\347\275\357\307L[J\241\245"
 1817      6D6C9455 
 1817      16BEE7BD 
 1817      EFC74C5B 
 1817      4AA1A5
 1818 0013 A598C522 		.ascii	"\245\230\305\"!f\2152\304\210J\342\017\025\367\207\331"
 1818      21668D32 
 1818      C4884AE2 
 1818      0F15F787 
 1818      D9
 1819 0024 AD12D81F 		.ascii	"\255\022\330\037\375\263!\3558\261\243\264SgZ#\273&"
 1819      FDB321ED 
 1819      38B1A3B4 
 1819      53675A23 
ARM GAS  /tmp/ccV1UOBG.s 			page 55


 1819      BB26
 1820 0036 BC4C3F48 		.ascii	"\274L?H\353G\231VK\267\226)\231\024\301\215Qj\226\225"
 1820      EB479956 
 1820      4BB79629 
 1820      9914C18D 
 1820      516A9695 
 1821 004a 8A60A182 		.ascii	"\212`\241\202J\201\"\237\266\200@w\301\026\374\030\030"
 1821      4A81229F 
 1821      B6804077 
 1821      C116FC18 
 1821      18
 1822 005b A8B552EA 		.ascii	"\250\265R\3529\367\276\363U[\026B\356\274\357y\237\347"
 1822      39F7BEF3 
 1822      555B1642 
 1822      EEBCEF79 
 1822      9FE7
 1823 006d 9CE79C7B 		.ascii	"\234\347\234{\356=\365\2471\366\017`\354U\306\030\330"
 1823      EE3DF5A7 
 1823      31F60F60 
 1823      EC55C618 
 1823      D8
 1824 007e 183404EA 		.ascii	"\0304\004\352\024f\232\346\343\206\242T\006^S\3403h"
 1824      14669AE6 
 1824      E386A254 
 1824      065E53E0 
 1824      3368
 1825 0090 097CFF90 		.ascii	"\011|\377\220Z\023H\277\364cc\252\312\225\252@j}\365"
 1825      5A1348BF 
 1825      F46363AA 
 1825      CA95AA40 
 1825      6A7DF5
 1826 00a3 29875A1D 		.ascii	")\207Z\035H\277:\2725CUaC\340@\343\306\276\367\0258"
 1826      48BF3ABA 
 1826      35435561 
 1826      43E040E3 
 1826      C6BEF715 
 1827 00b8 0482A9A1 		.ascii	"\004\202\251\241%\352E\307\347\024\361d\300\332\300"
 1827      25EA45C7 
 1827      E714F164 
 1827      C0DAC0
 1828 00c7 812F6ABF 		.ascii	"\201/j\277\333<\037}\012\013\2605\012W5\335\2005\320"
 1828      DB3C1F7D 
 1828      0A0BB035 
 1828      0A5735DD 
 1828      8035D0
 1829 00da C85B3934 		.ascii	"\310[94\360v\316@\265\236\000\362\376\330e\232#\325"
 1829      F076CE40 
 1829      B59E00F2 
 1829      FED8659A 
 1829      23D5
 1830 00ec 8DE7BE32 		.ascii	"\215\347\2762Z\267v\251\355\\aA\004l\007\3707Jf\014"
 1830      5AB776A9 
 1830      ED5C6141 
 1830      046C07F8 
 1830      374A660C 
 1831 0100 81FCAFEC 		.ascii	"\201\374\257\354^\004\035\031\334a\232v\326\3169|\014"
 1831      5E041D19 
ARM GAS  /tmp/ccV1UOBG.s 			page 56


 1831      DC619A76 
 1831      D6CE397C 
 1831      0C
 1832 0111 09183414 		.ascii	"\011\0304\024T\333\010W&p\341\301\332\246\364\365\320"
 1832      54DB0857 
 1832      2670E1C1 
 1832      DAA6F4F5 
 1832      D0
 1833 0122 CE55E84C 		.ascii	"\316U\350L\306\251\005\015\002\367\262\300m\033\252"
 1833      C6A9050D 
 1833      02F7B2C0 
 1833      6D1BAA
 1834 0131 5D6766A8 		.ascii	"]gf\250\204\3339\021\327f\223\221\377N\353\002rz\271"
 1834      84DB3911 
 1834      D7669391 
 1834      FF4EEB02 
 1834      727AB9
 1835 0144 B62E7DFD 		.ascii	"\266.}\375Z\033\352\203]\220\244\260\340}\233\316`7"
 1835      5A1BEA83 
 1835      5D90A4B0 
 1835      E07D9BCE 
 1835      6037
 1836 0156 906EC634 		.ascii	"\220n\3064$\350\014\237\001\272\200\330:\326a\307\245"
 1836      24E80C9F 
 1836      01BA80D8 
 1836      3AD661C7 
 1836      A5
 1837 0167 C50C2B12 		.ascii	"\305\014+\022\304\344,K\353x\345\015d\355A\033\027\221"
 1837      C4E42C4B 
 1837      EB78E50D 
 1837      64ED411B 
 1837      1791
 1838 0179 FE25C0A4 		.ascii	"\376%\300\244k\344\370k\247{\347\264\232]BZ7\220+\031"
 1838      6BE4F86B 
 1838      A77BE7B4 
 1838      9A5D425A 
 1838      37902B19 
 1839 018d 0C3EA7AC 		.ascii	"\014>\247\254\012v\245Y\242F\302\365\265;\357\357\256"
 1839      0A76A559 
 1839      A246C2F5 
 1839      B53BEFEF 
 1839      AE
 1840 019e 34BF3463 		.ascii	"4\2774cX\026\307\312\352\211\370\3737\352\260\017\215"
 1840      5816C7CA 
 1840      EA89F8FB 
 1840      37EAB00F 
 1840      8D
 1841 01af 7BC91B43 		.ascii	"{\311\033C}\260?\246\217\304\252\360\245x\341\037(1"
 1841      7DB03FA6 
 1841      8FC4AAF0 
 1841      A578E11F 
 1841      2831
 1842 01c1 19471B77 		.ascii	"\031G\033wW[24\370\012\010d\271>\2002\264\202\013\251"
 1842      575B3234 
 1842      F80A0864 
 1842      B93E8032 
 1842      B4820BA9 
ARM GAS  /tmp/ccV1UOBG.s 			page 57


 1843 01d5 5119CDBF 		.ascii	"Q\031\315\277\034z\014\201UyQ$\213#\023D\034\256\200"
 1843      1C7A0C81 
 1843      55795124 
 1843      8B231344 
 1843      1CAE80
 1844 01e8 1E907550 		.ascii	"\036\220uP\205\206\203`\205\025\03248\014\011\301\307"
 1844      85868360 
 1844      85151A34 
 1844      380C09C1 
 1844      C7
 1845 01f9 36CF95C1 		.ascii	"6\317\225\301u\341R\213\272\354\305\340z\301\346\311"
 1845      75E1528B 
 1845      BAECC5E0 
 1845      7AC1E6C9 
 1846 0209 82EBC9C1 		.ascii	"\202\353\311\301{\023\203\177\3766\207#VtMD\377\032"
 1846      7B13837F 
 1846      FE368723 
 1846      56744D44 
 1846      FF1A
 1847 021b AC80F47D 		.ascii	"\254\200\364}d\370!\371M\217\357P\367\031\334\241ch"
 1847      64F821F9 
 1847      4D8FEF50 
 1847      F719DCA1 
 1847      6368
 1848 022d 3358BCE0 		.ascii	"3X\274\340}\235wR\360\221\353\255:\234@\343\361X\301"
 1848      7D9D7752 
 1848      F091EBAD 
 1848      3A9C40E3 
 1848      F158C1
 1849 0240 4F460BCE 		.ascii	"OF\013\316\317(1\177\315{\316\324\031\322\233\001\337"
 1849      CF28317F 
 1849      CD7BCED4 
 1849      19D29B01 
 1849      DF
 1850 0251 4CE8AB6E 		.ascii	"L\350\253n\352\253>\241\231\025\354\265\241Q\3016C\313"
 1850      EAAB3EA1 
 1850      9915ECB5 
 1850      A151C136 
 1850      43CB
 1851 0263 8747B52E 		.ascii	"\207G\265.\363\346x\275i\366>s\366f$\345^\240\376\323"
 1851      F3E678BD 
 1851      69F63E73 
 1851      F66624E5 
 1851      5EA0FED3 
 1852 0277 08AC037C 		.ascii	"\010\254\003|\002\006\300\247t\320wC\012v\263\222JK"
 1852      0206C0A7 
 1852      74D07743 
 1852      0A76B392 
 1852      4A4B
 1853 0289 1A2EB669 		.ascii	"\032.\266i\264\244\323\207\031\000;`&\276j\231\270\030"
 1853      B4A4D387 
 1853      19003B60 
 1853      26BE6A99 
 1853      B818
 1854 029b 59B8D867 		.ascii	"Y\270\330g\321\327lz\312\241e6-\271\304\235\213K\312"
 1854      D1D76C7A 
 1854      CAA16536 
ARM GAS  /tmp/ccV1UOBG.s 			page 58


 1854      2DB9C49D 
 1854      8B4BCA
 1855 02ae 7C5A18AB 		.ascii	"|Z\030\253\347l\034\377q0\273\030[\317\025\371R\211"
 1855      E76C1CFF 
 1855      7130BB18 
 1855      5BCF15F9 
 1855      5289
 1856 02c0 2F97C11C 		.ascii	"/\227\301\0348q\014\304o\177&\375D\306\352\277mi\002"
 1856      38710CC4 
 1856      6F7F26FD 
 1856      44C6EABF 
 1856      6D6902
 1857 02d3 B08C917E 		.ascii	"\260\214\221~\273@E.\264}\024\371&\023k#\314\307\"\315"
 1857      BB40452E 
 1857      B47D14F9 
 1857      26136B23 
 1857      CCC722CD 
 1858 02e7 40767F1E 		.ascii	"@v\177\036V\214.\005\025\026\011\330{\033\376sn#`\341"
 1858      568C2E05 
 1858      151609D8 
 1858      7B1BFE73 
 1858      6E2360E1 
 1859 02fb 046CE739 		.ascii	"\004l\3479;\234\002\366\023\370\357\301t\331y\005k8"
 1859      3B9C02F6 
 1859      13F8EFC1 
 1859      74D97905 
 1859      6B38
 1860 030d EFAA5283 		.ascii	"\357\252R\203G\222zA\245\313\355\0140\374\205\263\000"
 1860      47927A41 
 1860      A5CBED0C 
 1860      30FC85B3 
 1860      00
 1861 031e A745A9E7 		.ascii	"\247E\251\347]\027\337\323\304\307s2J\370|\333\321\010"
 1861      5D17DFD3 
 1861      C4C77332 
 1861      4AF87CDB 
 1861      D108
 1862 0330 16E78478 		.ascii	"\026\347\204x5\257\215\325_\357_ \"\374\334\237-,\035"
 1862      35AF8DD5 
 1862      5FEF5F20 
 1862      22FCDC9F 
 1862      2D2C1D
 1863 0343 FEB67CAA 		.ascii	"\376\266|\252y\030j6-\016q[\025(\355|Z\220\343\235\020"
 1863      79186A36 
 1863      2D0E715B 
 1863      1528ED7C 
 1863      5A90E39D 
 1864 0358 E233425C 		.ascii	"\3423B\\\017q\243\235\247K\311\273\001\0212=Ls\010\252"
 1864      0F71A39D 
 1864      A74BC9BB 
 1864      0111323D 
 1864      4C7308AA 
 1865 036c 86BAE7A0 		.ascii	"\206\272\347\240\205\362P\3046R\225xo\355\205wE\225"
 1865      85F250C4 
 1865      36529578 
 1865      6FED8577 
 1865      4595
ARM GAS  /tmp/ccV1UOBG.s 			page 59


 1866 037e 3411E898 		.ascii	"4\021\350\230B\214{b\313\300z\212\354\337Tq\037\366"
 1866      428C7B62 
 1866      CBC07A8A 
 1866      ECDF5471 
 1866      1FF6
 1867 0390 4EF8F087 		.ascii	"N\370\360\207a\023\350\210\261-\\z\300T\336\005\321"
 1867      6113E888 
 1867      B12D5C7A 
 1867      C054DE05 
 1867      D1
 1868 03a1 C53730F2 		.ascii	"\30570\362t\364\017\003\"\301Eh\304\0043\340\177\260"
 1868      74F40F03 
 1868      22C14568 
 1868      C40433E0 
 1868      7FB0
 1869 03b3 91B05584 		.ascii	"\221\260U\204\332\372\007:\207\027\201r\020\032\217"
 1869      DAFA073A 
 1869      87178172 
 1869      101A8F
 1870 03c2 00FC5714 		.ascii	"\000\374W\0241\262y\313h\017n\310\327\262\244\267\376"
 1870      31B279CB 
 1870      680F6EC8 
 1870      D7B2A4B7 
 1870      FE
 1871 03d3 0C47E553 		.ascii	"\014G\345S#\236\204\037\301\377\351{\351!>\327\272\233"
 1871      239E841F 
 1871      C1FFE97B 
 1871      E9213ED7 
 1871      BA9B
 1872 03e5 75982DE2 		.ascii	"u\230-\342\342\276\317\240\210\337\001[T%\302\315\204"
 1872      E2BECFA0 
 1872      88DF015B 
 1872      5425C2CD 
 1872      84
 1873 03f6 410C074C 		.ascii	"A\014\007L\372\361\207;\374\035\027m\030\215\016\030"
 1873      FAF1873B 
 1873      FC1D176D 
 1873      188D0E18 
 1874 0406 95E06C77 		.ascii	"\225\340lw\021\272!\037\231\261\022\250W\202\243\237"
 1874      11BA211F 
 1874      99B112A8 
 1874      5782A39F 
 1875 0416 28B1126C 		.ascii	"(\261\022l8\311'\224 \230-\024\330C<%\232\256-\236\253"
 1875      38C92794 
 1875      20982D14 
 1875      D8433C25 
 1875      9AAE2D9E 
 1876 042b 95A80257 		.ascii	"\225\250\002W0\262\202\036-l\352\355\260? \226Kl\270"
 1876      30B2821E 
 1876      2D6CEAED 
 1876      B03F2096 
 1876      4B6CB8
 1877 043e 0E929129 		.ascii	"\016\222\221)I\310\237$\022\375IA\2231R\223\030W\245"
 1877      49C89F24 
 1877      12FD4941 
 1877      93315293 
 1877      1857A5
ARM GAS  /tmp/ccV1UOBG.s 			page 60


 1878 0451 0E74448C 		.ascii	"\016tD\214\320J\221C\007fE\302\206rB<m2eX\313,\210 "
 1878      D04A9143 
 1878      076645C2 
 1878      8672423C 
 1878      6D326558 
 1879 0469 5515B22A 		.ascii	"U\025\262*\233\326a\373LC0\025\313\006\267\3600M\237"
 1879      9BD661FB 
 1879      4C433015 
 1879      CB06B7F0 
 1879      304D9F
 1880 047c 3478027D 		.ascii	"4x\002}X\322\221'bv\212J\372\363\376_\353\034\336>E"
 1880      58D29127 
 1880      62768A4A 
 1880      FAF3FE5F 
 1880      EB1CDE3E 
 1881 0491 EBFC92D0 		.ascii	"\353\374\222\320:\203\234Zg4\336:=\000#\321\326\271"
 1881      3A839C5A 
 1881      6734DE3A 
 1881      3D0023D1 
 1881      D6B9
 1882 04a3 5987AD73 		.ascii	"Y\207\255sP6L\200\332\350\220|~\273\207\232\247\262"
 1882      50364C80 
 1882      DAE8907C 
 1882      7EBB879A 
 1882      A7B2
 1883 04b5 B5E60426 		.ascii	"\265\346\004&3?\266\363k\342\2114\010\267\261v\312 "
 1883      333FB6F3 
 1883      6BE28934 
 1883      08B7B176 
 1883      CA20
 1884 04c7 1563B298 		.ascii	"\025c\262\230\203\012ao\311~:H\016D\273h\027/_\272\302"
 1884      830A616F 
 1884      C97E3A48 
 1884      0E44BB68 
 1884      172F5FBA 
 1885 04dc A2ED72AD 		.ascii	"\242\355r\255#\264\375oRSb\313\364\213\226y\253\356"
 1885      23B4FD6F 
 1885      525362CB 
 1885      F48B9679 
 1885      ABEE
 1886 04ee 06D26646 		.ascii	"\006\322fF\023\335z\367\344i\232J\302\011\231Nz\326"
 1886      13DD7AF7 
 1886      E4699A4A 
 1886      C209994E 
 1886      7AD6
 1887 0500 E2FE85A1 		.ascii	"\342\376\205\241*\217\211\003>+\310\355T\325\231\355"
 1887      2A8F8903 
 1887      3E2BC8ED 
 1887      54D599ED 
 1888 0510 3C5B48D0 		.ascii	"<[H\320\267\015\007\373X\354j\273qR!\364\246%!\016\202"
 1888      B70D07FB 
 1888      58EC6ABB 
 1888      715221F4 
 1888      A625210E 
 1889 0525 9013A4FB 		.ascii	"\220\023\244\373\020o\204v>;~\027\310\222\374\212`\224"
 1889      106F8476 
 1889      3E3B7E17 
ARM GAS  /tmp/ccV1UOBG.s 			page 61


 1889      C892FC8A 
 1889      6094
 1890 0537 D632941D 		.ascii	"\3262\224\035\2255\230&dAB\023\251P\215\2324\362\241"
 1890      95359826 
 1890      64414213 
 1890      A9508D9A 
 1890      34F2A1
 1891 054a 0BD6D89D 		.ascii	"\013\326\330\235\261\326!K'\226!X\343\222um\360v\254"
 1891      B1D6214B 
 1891      27962158 
 1891      E392756D 
 1891      F076AC
 1892 055d 2CA85544 		.ascii	",\250UD\333\320VdA\212\334\304S)\320\017\261\216\247"
 1892      DBD05664 
 1892      418ADCC4 
 1892      5329D00F 
 1892      B18EA7
 1893 0570 F39469ED 		.ascii	"\363\224i\355\026\007\226\320\200\271\230%\274\256D"
 1893      160796D0 
 1893      80B99825 
 1893      BCAE44
 1894 057f 9D19F006 		.ascii	"\235\031\360\006:3d\013\267\326`\326Y\362V\214z\231"
 1894      3A33640B 
 1894      B7D660D6 
 1894      59F2568C 
 1894      7A99
 1895 0591 3535770E 		.ascii	"55w\016\324#\327\226\300\315F<\205\264\303\270\325\376"
 1895      D423D796 
 1895      C0CD463C 
 1895      85B4C3B8 
 1895      D5FE
 1896 05a3 F258E408 		.ascii	"\362X\344\010\267\264\305\225\333\0107\033M\022g#\333"
 1896      B7B4C595 
 1896      DB08371B 
 1896      4D126723 
 1896      DB
 1897 05b4 4764D350 		.ascii	"Gd\323Pq(Z\376>2$e\223kec$es\027\302\240Q\211\237\345"
 1897      71285AFE 
 1897      3E322465 
 1897      936B6563 
 1897      24657317 
 1898 05ce B750917D 		.ascii	"\267P\221}\212{\002\222N}\023\"\305\246\347\306\342"
 1898      8A7B0292 
 1898      4E7D1322 
 1898      C5A6E7C6 
 1898      E2
 1899 05df 34D96F47 		.ascii	"4\331oGhFB*\021\264)\011\271I\204\226(\001&'\374N|\253"
 1899      6846422A 
 1899      11B42909 
 1899      B9498496 
 1899      28012627 
 1900 05f7 144F04EA 		.ascii	"\024O\004\352Z\003\355\246J]\013X\224\363\235'S\351"
 1900      5A03EDA6 
 1900      4A5D0B58 
 1900      94F39D27 
 1900      53E9
 1901 0609 62EE91B3 		.ascii	"b\356\221\263\357q&z4\335\332\375-\32697\007\376y\012"
ARM GAS  /tmp/ccV1UOBG.s 			page 62


 1901      EF71267A 
 1901      34DDDAFD 
 1901      2DD63937 
 1901      07FE790A 
 1902 061d AC81DDF2 		.ascii	"\254\201\335\362\016\036\354=\322\332vz\203\034\222"
 1902      0E1EEC3D 
 1902      D2DA767A 
 1902      831C92
 1903 062c 031DEFC8 		.ascii	"\003\035\357\310\021\271\353\364\3043x\374.k\2447\014"
 1903      11B9EBF4 
 1903      C43378FC 
 1903      2E6BA437 
 1903      0C
 1904 063d E348DF6B 		.ascii	"\343H\337k\271\033\216\215\364}\326Hg\211#}\177|\244"
 1904      B91B8E8D 
 1904      F47DD648 
 1904      6789237D 
 1904      7F7CA4
 1905 0650 7F9138D2 		.ascii	"\177\2218\322\255\341\035T\330\204\211\335<\214\023"
 1905      ADE11D54 
 1905      D88489DD 
 1905      3C8C13
 1906 065f 7B9F35B1 		.ascii	"{\2375\261\267\015tj$\374\032N\314\305\224\015c\243"
 1906      B70D746A 
 1906      24FC1A4E 
 1906      CCC5940D 
 1906      63A3
 1907 0671 8083CBA6 		.ascii	"\200\203\313\246\325\264\321\011\324?\370\370%|S\337"
 1907      D5B4D109 
 1907      D43FF8F8 
 1907      257C53DF 
 1908 0681 6C73E39F 		.ascii	"ls\343\237+ \013\342\357\242\333p\236\243\330S\342r"
 1908      2B200BE2 
 1908      EFA2DB70 
 1908      9EA3D853 
 1908      E272
 1909 0693 B80B4B1D 		.ascii	"\270\013K\035Oy\234\025%\256\322r\237\343\311e\313\377"
 1909      4F799C15 
 1909      25AED272 
 1909      9FE3C965 
 1909      CBFF
 1910 06a5 B2B2A870 		.ascii	"\262\262\250pUa\251\323\305\034\345\305n\357s+\313\012"
 1910      5561A9D3 
 1910      C51CE5C5 
 1910      6EEF732B 
 1910      CB0A
 1911 06b7 BDE5AB1D 		.ascii	"\275\345\253\035K\213\335E\356gW8<>\374\277\312]\344"
 1911      4B8BDD45 
 1911      EE675738 
 1911      3C3EFCBF 
 1911      CA5DE4
 1912 06ca F0799D0E 		.ascii	"\360y\235\016g\261\247\350\005g\241\263\330\345[\350"
 1912      67B1A7E8 
 1912      0567A1B3 
 1912      D8E55BE8 
 1913 06da 64DCE32C 		.ascii	"d\334\343,\313I2-,Z\362`\341\303\017/y\224i\317{=\025"
 1913      CB49322D 
ARM GAS  /tmp/ccV1UOBG.s 			page 63


 1913      2C5AF260 
 1913      E1C30F2F 
 1913      799469CF 
 1914 06f1 65FC45D7 		.ascii	"e\374E\327j\025\277\227\3357\205ko\271\303]\352\\U\361"
 1914      6A15BF97 
 1914      DD37856B 
 1914      6FB9C35D 
 1914      EA5C55F1 
 1915 0705 9C0B7DFB 		.ascii	"\234\013}\373V\373\026\0263\243\250\320\347Z\346u\377"
 1915      56FB1616 
 1915      33A3A8D0 
 1915      E75AE675 
 1915      FF
 1916 0716 690A8AD3 		.ascii	"i\012\212\323SR\342)u\270^)w<\261<\337\2614\177\305"
 1916      5352E229 
 1916      75B85E29 
 1916      773CB13C 
 1916      DFB1347F 
 1917 072b D32B1C4B 		.ascii	"\323+\034K=^\227\343\351\250\247\022\237\333\267\362"
 1917      3D5E97E3 
 1917      E9A8A712 
 1917      9FDBB7F2 
 1918 073b 79A713BD 		.ascii	"y\247\023\275-\276\275\2272\217\027\253\200~^~\344\201"
 1918      2DBEBD97 
 1918      328F17AB 
 1918      807E5E7E 
 1918      E481
 1919 074d 7C94E044 		.ascii	"|\224\340D?\310R|w\250\330U\202h^\\\\\226\221\277by"
 1919      3FC8527C 
 1919      77A8D855 
 1919      82685E5C 
 1919      5C9691BF 
 1920 0763 1E292FF3 		.ascii	"\036)/\363\272\357\317[\260\210)^f\224\270J<\336\325"
 1920      BAEFCF5B 
 1920      B088295E 
 1920      6694B84A 
 1920      3CDED5
 1921 0776 EC3710BE 		.ascii	"\3547\020\276\211/"
 1921      892F
 1922              		.text
 1923              		.section	.gnu.lto_chCacheReleaseObjectI.351.ffbfd91aed4f9a27,"e",%progbits
 1924 0000 789C9556 		.ascii	"x\234\225VkL\\E\024\2363s\367\305\302\362~\024\214\241"
 1924      6B4C5C45 
 1924      149E3373 
 1924      F7C5C2F2 
 1924      7E148CA1 
 1925 0014 4D8CB13F 		.ascii	"M\214\261?\330\352\017b\3775\352?5\032\365\007\177\232"
 1925      D8EA0F62 
 1925      FF35EA3F 
 1925      351AF507 
 1925      7F9A
 1926 0026 06B62460 		.ascii	"\006\266$`Z@\240&\376\352-l\213R\225W\245\017[Ro\240"
 1926      5A40A026 
 1926      FEEA2D6C 
 1926      8B529557 
 1926      A50F5B52 
 1927 003c D2A8691A 		.ascii	"\322\250i\032\037\245\005\355\266\210\255R\233VC\015"
ARM GAS  /tmp/ccV1UOBG.s 			page 64


 1927      1FA505ED 
 1927      B688AD52 
 1927      9B56430D 
 1928 004c C54A8A51 		.ascii	"\305J\212Q\301\"Yi\264\330\332\326sf\356\275\313\335"
 1928      C1225969 
 1928      B4D8DAD6 
 1928      7366EEBD 
 1928      CBDD
 1929 005e EE0A2530 		.ascii	"\356\012%0\314\343|\347\233\363\315\231;\307He\314`"
 1929      CCE37CE7 
 1929      9BF3CD99 
 1929      3BC74865 
 1929      CC60
 1930 0070 8C7D8C7F 		.ascii	"\214}\214\177\220\312\240\263\243\2253]\327\327y8o\356"
 1930      90CAA0B3 
 1930      A395335D 
 1930      D7D77938 
 1930      6FEE
 1931 0082 D8C96110 		.ascii	"\330\311a\020Fn\217\372\264pG`\260\351\223RM\300\273"
 1931      466E8FFA 
 1931      B4704760 
 1931      B0E99352 
 1931      4DC0BB
 1932 0095 9DC69F07 		.ascii	"\235\306\237\007>\002i\243\361\355\035~\354\025k;:\002"
 1932      3E0269A3 
 1932      F1ED1D7E 
 1932      EC156B3B 
 1932      3A02
 1933 00a7 F2BF0BF6 		.ascii	"\362\277\013\366u\032j\321\315[\314\305=\355S ;\036"
 1933      751A6AD1 
 1933      CD5BCCC5 
 1933      3DED5320 
 1933      3B1E
 1934 00b9 D86BAD7A 		.ascii	"\330k\255z\251\273RQ\371b\240\024\362\377O\264\345Z"
 1934      A9BB5251 
 1934      F962A014 
 1934      F2FF4FB4 
 1934      E55A
 1935 00cb 9F06A7D4 		.ascii	"\237\006\247\324\224\037\266\331\233\002\266\225\013"
 1935      941FB6D9 
 1935      9B02B695 
 1935      0B
 1936 00d8 CDE5F678 		.ascii	"\315\345\366x})~\330\012]\342\021\234_\330\336us\024"
 1936      7D297ED8 
 1936      0A5DE211 
 1936      9C5FD8DE 
 1936      757314
 1937 00eb F4FE08F4 		.ascii	"\364\376\010\364\012\306z\360O\376\354\027\320)z\005"
 1937      0AC67AF0 
 1937      4FFEEC17 
 1937      D0297A05 
 1938 00fb 8066F638 		.ascii	"\200f\3668\024cO\274\304\036\216\350\372\205+\003\272"
 1938      14634FBC 
 1938      C41E8EE8 
 1938      FA852B03 
 1938      BA
 1939 010c EE63BD42 		.ascii	"\356c\275B\3001@\014|\006\360)0\232(\033\364\220]\235"
ARM GAS  /tmp/ccV1UOBG.s 			page 65


 1939      C031400C 
 1939      7C06F029 
 1939      309A281B 
 1939      F4905D9D 
 1940 0120 B48BDEFA 		.ascii	"\264\213\336\372\240;\320\216\23658\356\264\323\312"
 1940      A03BD08E 
 1940      9E3538EE 
 1940      B4D3CA
 1941 012f CE7A1873 		.ascii	"\316z\030s\233\214\034!\262\0170\004\304-\266PK.\026"
 1941      9B8C1C21 
 1941      B20F3004 
 1941      C42DB650 
 1941      4B2E16
 1942 0142 A22D3F8D 		.ascii	"\242-?\215\024\356\327#Z\257p\301\347@6\312\013|\201"
 1942      14EED723 
 1942      5AAF70C1 
 1942      E74036CA 
 1942      0B7C81
 1943 0155 8E5D65C3 		.ascii	"\216]e\303~\264|\210,\367\\\234|\323\243\237\325mK\026"
 1943      7EB47C88 
 1943      2CF75C9C 
 1943      7CD3A39F 
 1943      D56D4B16 
 1944 0169 B35421B9 		.ascii	"\263T!\2711\340\201\271R8\211s\203\344\212v\000\021"
 1944      31E081B9 
 1944      52388973 
 1944      83E48A76 
 1944      0011
 1945 017b 8B556E81 		.ascii	"\213Un\201\303iXD~\273\357AE\356\226.\271\345r\030\311"
 1945      C3695844 
 1945      7EBBEF41 
 1945      45EE962E 
 1945      B9E57218 
 1946 0190 DD657D89 		.ascii	"\335e}\211\310\335N\362\341E\344\013g^\205/Mr.\311G"
 1946      C8DD4EF2 
 1946      E145E40B 
 1946      675E852F 
 1946      4D722EC9 
 1947 01a5 80F8C8E4 		.ascii	"\200\370\310\344\310w\256\210\376\357\3356]\237\334"
 1947      C877AE88 
 1947      FEEFDD36 
 1947      5D9FDC
 1948 01b4 303974CC 		.ascii	"09t\314\377(\240N\036\0160\000>\200\023\340\307\241"
 1948      FF28A04E 
 1948      1E0E3000 
 1948      3E8013E0 
 1948      C7A1
 1949 01c6 37959A34 		.ascii	"7\225\2324l\\\001\352\245S\223AzfR\223EM66\276\034Z"
 1949      6C5C01EA 
 1949      A5539341 
 1949      7A665293 
 1949      454D3636 
 1950 01dd C8A5611E 		.ascii	"\310\245a\036\015\363\251W@\275\025\264PHM\021y)!\216"
 1950      0DF3A957 
 1950      40BD15B4 
 1950      50484D11 
 1950      7929218E 
ARM GAS  /tmp/ccV1UOBG.s 			page 66


 1951 01f1 20358CB5 		.ascii	" 5\214\265\011J\024]\003=\302X\273\340j\320\214\203"
 1951      094A145D 
 1951      033DC258 
 1951      BBE06AD0 
 1951      8C83
 1952 0203 DF419F3F 		.ascii	"\337A\237?:u\362Y\3347\365W\331\315\324\256\302\270"
 1952      3A75F259 
 1952      DC37F557 
 1952      D9CDD4AE 
 1952      C2B8
 1953 0215 891E9A68 		.ascii	"\211\036\232h:\370\312j\004G\317\037\211\352@\247\304"
 1953      3AF8CA6A 
 1953      0447CF1F 
 1953      89EA40A7 
 1953      C4
 1954 0226 DE178EBC 		.ascii	"\336\027\216\274\322\244\304\207@Jr\311\323+R\014\341"
 1954      D2A4C487 
 1954      404A72C9 
 1954      D32B520C 
 1954      E1
 1955 0237 83B37276 		.ascii	"\203\263rv\015Nz{\205\037\276\206\003\204\012\223U\377"
 1955      0D4E7A7B 
 1955      851FBE86 
 1955      03840A93 
 1955      55FF
 1956 0249 0374A8DF 		.ascii	"\003t\250\337\200\332AS1\252\010g\344f\256_m\2739\332"
 1956      80DA4153 
 1956      31AA0867 
 1956      E466AE5F 
 1956      6DBB39DA 
 1957 025d 0D28A4E4 		.ascii	"\015(\244\344\277\3634|\245z]\347\201\315A\323\320\341"
 1957      BFF3347C 
 1957      A57A5DE7 
 1957      81CD41D3 
 1957      D0E1
 1958 026f 8021C0E4 		.ascii	"\200!\300\344uC\201\344\305\200S\211\361\034\2605aI"
 1958      754381E4 
 1958      C5805389 
 1958      F11CB035 
 1958      6149
 1959 0281 9706DF22 		.ascii	"\227\006\337\"\0350\345\247)zt\376\342z$\243\323b3\020"
 1959      1D30E5A7 
 1959      297A74FE 
 1959      E27A24A3 
 1959      D3623310 
 1960 0295 9E182E34 		.ascii	"\236\030.4\224\213\000\250H\332\205\350\237\235<\307"
 1960      948B00A8 
 1960      48DA85E8 
 1960      9F9D3CC7 
 1961 02a5 2C81A68E 		.ascii	",\201\246\216]\346\222o&\317\020~+:o,\2645H\232\016"
 1961      5DE6926F 
 1961      26CF107E 
 1961      2B3A6F2C 
 1961      B435489A 
 1962 02ba 17908523 		.ascii	"\027\220\205#|\016\232\273[\300\240m\370\311\255\027"
 1962      7C0E9ABB 
 1962      5BC0A06D 
ARM GAS  /tmp/ccV1UOBG.s 			page 67


 1962      F8C9AD17 
 1963 02ca 0A091D6D 		.ascii	"\012\011\035m\205\244\320\357\025\0241\222\357\270\342"
 1963      85A4D0EF 
 1963      15143192 
 1963      EFB8E2
 1964 02d9 DBD58A5E 		.ascii	"\333\325\212^\322,\320t~b-\307\026i9\315I\313K\030G"
 1964      D22CD074 
 1964      7E622DC7 
 1964      166939CD 
 1964      49CB4B18 
 1965 02ee 14C2C538 		.ascii	"\024\302\3058\207\343\214\036!\310uZ\257\310\224\336"
 1965      87E38C1E 
 1965      21C8755A 
 1965      AFC894DE 
 1966 02fe 4F14CA18 		.ascii	"O\024\312\030\265\361\256\203\037\013;\306\261\3131"
 1966      B5F1AE83 
 1966      1F0B3BC6 
 1966      B1CB31
 1967 030d 4D038936 		.ascii	"M\003\2116\252\206\3510\2768\314\021a\210t\004\2508"
 1967      AA86E930 
 1967      BE38CC11 
 1967      61887404 
 1967      A838
 1968 031f BDA4E70C 		.ascii	"\275\244\347\014\351\231\256&,=]\263o\\\030\007\233"
 1968      E999AE26 
 1968      2C3D5DB3 
 1968      6F5C1807 
 1968      9B
 1969 0330 EB07534F 		.ascii	"\353\007SO\237!2\222Sip\005\251\204\244\222\266\231"
 1969      9F213292 
 1969      53697005 
 1969      A984A492 
 1969      B699
 1970 0342 FF673B89 		.ascii	"\377g;\211\266\232\262\275G\351\014\207\345Uei(9V%D"
 1970      B69AB2BD 
 1970      47E90C87 
 1970      E5556569 
 1970      28395625 
 1971 0357 643A103F 		.ascii	"d:\020?\253}\240#B\030\353e\020\343\261 \262\314\034"
 1971      AB7DA023 
 1971      4218EB65 
 1971      10E3B120 
 1971      B2CC1C
 1972 036a 14B1DC47 		.ascii	"\024\261\334G\\\226\201\337\224_\026\037V6\374\212\236"
 1972      5C9681DF 
 1972      945F161F 
 1972      5636FC8A 
 1972      9E
 1973 037b 5C2CE6F9 		.ascii	"\\,\346\3717\034\273\223\354\332\031\337\014Zzh\017"
 1973      371CBB93 
 1973      ECDA19DF 
 1973      0C5A7A68 
 1973      0F
 1974 038c 59F6AE65 		.ascii	"Y\366\256e~d/\301xM1\206M\023\037\314\302r\350\346\020"
 1974      7E642FC1 
 1974      784D3186 
 1974      4D131FCC 
ARM GAS  /tmp/ccV1UOBG.s 			page 68


 1974      C272E8E6 
 1975 03a1 E625BA6C 		.ascii	"\346%\272l\233n\237\317\011\310r\000\242\026\300\227"
 1975      9B6E9FCF 
 1975      09C87200 
 1975      A216C097 
 1976 03b1 1890686F 		.ascii	"\030\220ho\363qj\\Wj\230>\214\255R\347\011\245\363\374"
 1976      F3716A5C 
 1976      576A983E 
 1976      8CAD52E7 
 1976      09A5F3FC 
 1977 03c5 749E7D13 		.ascii	"t\236}\023R\357\331p\016\374\205X\037ct\0149\240\322"
 1977      52EFD970 
 1977      0EFC8558 
 1977      1F63740C 
 1977      39A0D2
 1978 03d8 ECCAF290 		.ascii	"\354\312\362\220\013\210L\301\357\365\015\365q\231\\"
 1978      0B884CC1 
 1978      EFF50DF5 
 1978      71995C
 1979 03e7 0E2A1D6E 		.ascii	"\016*\035n\252k@|\351\0002\313\335\316,\277!\035\341"
 1979      AA6B407C 
 1979      E90032CB 
 1979      DDCE2CBF 
 1979      211DE1
 1980 03fa 2519C34B 		.ascii	"%\031\303K\222c_\222b\272$\323\303\0258\007?\202yA<"
 1980      92635F92 
 1980      62BA24D3 
 1980      C3153807 
 1980      3F827941 
 1981 040f 7F87A767 		.ascii	"\177\207\247gc\037\234[\227\205\225[\271Khx'N\303\273"
 1981      631F9C5B 
 1981      9785955B 
 1981      B94B6878 
 1981      274EC3BB 
 1982 0423 38F62F2B 		.ascii	"8\366/+\243\266q\363\304r\235\031\225\267\004c3\217"
 1982      A3B671F3 
 1982      C4729D19 
 1982      95B70463 
 1982      338F
 1983 0435 CBA8305F 		.ascii	"\313\2500_\016\335\016n&p^\322\214\312u\000^\267\000"
 1983      0EDD0E6E 
 1983      26705ED2 
 1983      8CCA7500 
 1983      5EB700
 1984 0448 F79151AD 		.ascii	"\367\221Q\255\334\251\306N.\325\2602\252K\035\224\327"
 1984      DCA9C64E 
 1984      2ED5B032 
 1984      AA4B1D94 
 1984      D7
 1985 0459 A976D784 		.ascii	"\251v\327\204\255v\376\022\376\337\212\363\3776_\356"
 1985      AD76FE12 
 1985      FEDF8AF3 
 1985      FF365FEE 
 1986 0469 FD6DB7A2 		.ascii	"\375m\267\242\311w\252]\260\004cg\274\332]\313R\373"
 1986      C977AA5D 
 1986      B0046367 
 1986      BCDA5DCB 
ARM GAS  /tmp/ccV1UOBG.s 			page 69


 1986      52FB
 1987 047b 1DEB700B 		.ascii	"\035\353p\013\222\252\235\357\000\354\346\367\177\177"
 1987      92AA9DEF 
 1987      00ECE6F7 
 1987      7F7F
 1988 0489 F7C6A9B1 		.ascii	"\367\306\251\261\217\333\367\227d\366\331\367\001L\361"
 1988      8FDBF797 
 1988      64F6D9F7 
 1988      014CF1
 1989 0498 49EDDD13 		.ascii	"I\355\335\023\346\265\370\203\033b\205}-\344gmj\257"
 1989      E6B5F883 
 1989      1B62857D 
 1989      2DE4676D 
 1989      6AAF
 1990 04aa 5AEC948B 		.ascii	"Z\354\224\213\370\216\254P\213\260\324\003\332\303\315"
 1990      F88EAC50 
 1990      8BB0D403 
 1990      DAC3CD
 1991 04b9 0754BD6D 		.ascii	"\007T\275m)\316\267\355\350\004\330z\027Y>\372\363\022"
 1991      29CEB7ED 
 1991      E804D87A 
 1991      17593EFA 
 1991      F312
 1992 04cb 05E58783 		.ascii	"\005\345\207\203\350*\325zO\251\302\201\367x\242\367"
 1992      E82AD57A 
 1992      4FA9C281 
 1992      F778A2F7 
 1993 04db B4C87A4F 		.ascii	"\264\310zO\007\212d\335\222\274,\222t\003s\335I\212"
 1993      078A64DD 
 1993      92BC2C92 
 1993      740373DD 
 1993      498A
 1994 04ed A13EBEE8 		.ascii	"\241>\276\350\001\227\204\207\270]\014\235Do\334,\206"
 1994      01978487 
 1994      B85D0C9D 
 1994      446FDC2C 
 1994      86
 1995 04fe 86766231 		.ascii	"\206vb1\024Q*^\244\302\350\224\352\217\215\252\247{"
 1995      14512A5E 
 1995      A4C2E894 
 1995      EA8F8DAA 
 1995      A77B
 1996 0510 06352B31 		.ascii	"\0065+1\237\"W\254\034\362\023g?\267\216)\000\207\271"
 1996      9F2257AC 
 1996      1CF21367 
 1996      3FB78E29 
 1996      0087B9
 1997 0523 2C872284 		.ascii	",\207\"\204j\336\277c\014U\011\"R\225@\016\251\343\320"
 1997      6ADEBF63 
 1997      0C550922 
 1997      5295400E 
 1997      A9E3D0
 1998 0536 545E04E0 		.ascii	"T^\004\340C\013\2160\251\266\177q9\211\365\325\351\011"
 1998      430B8E30 
 1998      A9B67F71 
 1998      3989F5D5 
 1998      E909
ARM GAS  /tmp/ccV1UOBG.s 			page 70


 1999 0548 2A27A914 		.ascii	"*'\251\024g\363\320\264N\351\320&@\2315Eh\2702XU\273"
 1999      67F3D0B4 
 1999      4EE9D026 
 1999      40993545 
 1999      68B83258 
 2000 055e B932585D 		.ascii	"\2712X]^\023|\2526\264eseMcC\360\211\347_xfCE\371\246"
 2000      5E137CAA 
 2000      36B46573 
 2000      654D6343 
 2000      F089E75F 
 2001 0578 F29A5025 		.ascii	"\362\232P%\0136VU\327o\334PW^\337\370Z\360\311\252\352"
 2001      0B365655 
 2001      D76FDC50 
 2001      575EDFF8 
 2001      5AF0C9AA 
 2002 058d 8AEAE75E 		.ascii	"\212\352\347^\014\3266\340\357\246\352\212`C}(\030\252"
 2002      0CD636E0 
 2002      EFA6EA8A 
 2002      60437D28 
 2002      18AA
 2003 059f AAAD7839 		.ascii	"\252\255x9T\036\252\252l(\0111Q\033\252\313wL\225T\254"
 2003      541EAAAA 
 2003      6C280931 
 2003      511BAACB 
 2003      774C9554 
 2004 05b4 7DACBCB4 		.ascii	"}\254\274\264t\355\343L\303\331:\336P\267:\211\317\372"
 2004      74EDE34C 
 2004      C3D93ADE 
 2004      50B73A89 
 2004      CFFA
 2005 05c6 C660754D 		.ascii	"\306`uMh\323\226\215\225\350\264\241rsI\025\373\017"
 2005      68D3968D 
 2005      95E8B4A1 
 2005      72734915 
 2005      FB0F
 2006 05d8 A28A1AE1 		.ascii	"\242\212\032\341"
 2007              		.text
 2008              		.section	.gnu.lto_chCacheReadObject.352.ffbfd91aed4f9a27,"e",%progbits
 2009 0000 789C7550 		.ascii	"x\234uP=h\024A\024~\337\276\335\354\345\202\351\304"
 2009      3D681441 
 2009      147EDFBE 
 2009      DDECE582 
 2009      E9C4
 2010 0012 36368A4D 		.ascii	"66\212M\346P\014\246\023\265\024\024\265\270.\354\256"
 2010      E6500CA6 
 2010      13B51414 
 2010      B5B82EEC 
 2010      AE
 2011 0023 07B792DC 		.ascii	"\007\267\222\334\036\267\227\"6\231D\214z\315%w]\360"
 2011      1EB79722 
 2011      3699448C 
 2011      7ACD2577 
 2011      5DF0
 2012 0035 272C87D8 		.ascii	"',\207\330]\341_\324\250\207h\035\261\263\261\020-\264"
 2012      5DE15FD4 
 2012      A887681D 
 2012      B1B3B110 
ARM GAS  /tmp/ccV1UOBG.s 			page 71


 2012      2DB4
 2013 0047 08A79582 		.ascii	"\010\247\225\202\240ov\317\310\025\302\3140\357\343"
 2013      A06F76CF 
 2013      C815C2CC 
 2013      30EFE3
 2014 0056 FB79EF7D 		.ascii	"\373y\357}\003\321e\": \027Lh\2555,\322Z\037w-,\255"
 2014      03D16522 
 2014      3A20174C 
 2014      68AD352C 
 2014      D25A1F77 
 2015 006d 35B67F3E 		.ascii	"5\266\177>\260\361\034)\000Z\264\260\2106\037\352i\375"
 2015      B0F11C29 
 2015      005AB4B0 
 2015      88361FEA 
 2015      69FD
 2016 007f E36AFBFA 		.ascii	"\343j\373\3726\326\357\365\320a\242\333\242<\202\202"
 2016      36D6EFF5 
 2016      D061A2DB 
 2016      A23C8282 
 2017 008f 78D04D46 		.ascii	"x\320MF\213;\014\330\203\237\205\011\371\361\005:(\262"
 2017      8B3B0CD8 
 2017      839F8509 
 2017      F9F1053A 
 2017      28B2
 2018 00a1 B7EF37B5 		.ascii	"\267\3577\265\036\245\0163\036\303\250\036\001\017\245"
 2018      1EA50E33 
 2018      1EC3A81E 
 2018      010FA5
 2019 00b0 05018A2B 		.ascii	"\005\001\212+\256\341US^\377F\267=\276*\3366\236\014"
 2019      AEE15553 
 2019      5EFF46B7 
 2019      3DBE2ADE 
 2019      369E0C
 2020 00c3 F3EC623B 		.ascii	"\363\354b;\345\315g\274F\267\271\247 -\340\031v\233"
 2020      E5CD67BC 
 2020      46B7B9A7 
 2020      202DE019 
 2020      769B
 2021 00d5 90B2B8E1 		.ascii	"\220\262\270\341\022\215\244\215\231\301\344v\3379="
 2021      128DA48D 
 2021      99C1E476 
 2021      DF393D
 2022 00e4 FDEB7753 		.ascii	"\375\353wS\353\317\237\260\256\306 4\3072\017\3133\342"
 2022      EBCF9FB0 
 2022      AEC62034 
 2022      C7320FCB 
 2022      33E2
 2023 00f6 004FE102 		.ascii	"\000O\341\002\233\310\001[\310\033\023\242&\233]h\033"
 2023      9BC8015B 
 2023      C81B13A2 
 2023      269B5D68 
 2023      1B
 2024 0107 BA47B4CA 		.ascii	"\272G\264\312VV,I\361\025\372\343\235\017\240\035,o"
 2024      56562C49 
 2024      F115FAE3 
 2024      9D0FA01D 
 2024      2C6F
ARM GAS  /tmp/ccV1UOBG.s 			page 72


 2025 0119 7DD99B30 		.ascii	"}\331\2330\006\323\3320\033\270k6\226\353\260\233\260"
 2025      06D3DA30 
 2025      1BB86B36 
 2025      96EBB09B 
 2025      B0
 2026 012a 8317A082 		.ascii	"\203\027\240\202\330\345\360\022\267\322vvp\245u\015"
 2026      D8E5F012 
 2026      B7D27676 
 2026      70A5750D 
 2027 013a 095B49A6 		.ascii	"\011[I\246q\2203>\375\006\376+}\225IE\223&\337\377\233"
 2027      7190333E 
 2027      FD06FE2B 
 2027      7D954945 
 2027      9326DFFF 
 2028 014f 3C9E300F 		.ascii	"<\2360\017\222y(y4a\027\257E\236\225y\274\021\007\263"
 2028      92792879 
 2028      346117AF 
 2028      459E9579 
 2028      BC1107B3 
 2029 0163 873E5636 		.ascii	"\207>V6\216&\234\027\241\330\231\224\204\2050F\337\261"
 2029      8E269C17 
 2029      A1D89994 
 2029      84853046 
 2029      DFB1
 2030 0175 3C2138A5 		.ascii	"<!8\245c\343\337\330D\373U9\232+\251\320\253\250SQ0"
 2030      63E3DFD8 
 2030      44FB5539 
 2030      9A2BA9D0 
 2030      ABA85351 
 2031 018a 3F57AAD4 		.ascii	"?W\252\324cu\342\354\271\3233\2767\353U\202\022\251"
 2031      6375E2EC 
 2031      B9D333BE 
 2031      37EB5582 
 2031      12A9
 2032 019c 7A39AC5D 		.ascii	"z9\254]\234\251z\265\372\202:Y\016\375\360\314y\025"
 2032      9CA97AB5 
 2032      FA823A59 
 2032      0EFDF0CC 
 2032      7915
 2033 01ae C5726643 		.ascii	"\305rfC_\305\265@\005\345\310\277\024xA\271\024O\006"
 2033      5FC5B540 
 2033      05E5C8BF 
 2033      147841B9 
 2033      144F06
 2034 01c1 C45150DD 		.ascii	"\304QP\3357\004M\372\323\207\275\251\251\351cd\013Z"
 2034      37044DFA 
 2034      D387BDA9 
 2034      A9E96364 
 2034      0B5A
 2035 01d3 75BC78A1 		.ascii	"u\274x\241\022\374\001A\232\272'"
 2035      12FC0141 
 2035      9ABA27
 2036              		.text
 2037              		.section	.gnu.lto_chCacheWriteObject.353.ffbfd91aed4f9a27,"e",%progbits
 2038 0000 789C7550 		.ascii	"x\234uPKh\023Q\024\275g\356L\222\246XW\342\266n\024"
 2038      4B681351 
 2038      14BD67EE 
ARM GAS  /tmp/ccV1UOBG.s 			page 73


 2038      4C92A658 
 2038      57E2B66E 
 2039 0015 379DA058 		.ascii	"7\235\240X\354\256\250KAQ\027\331\225\23110#m&d\322"
 2039      ECAEA84B 
 2039      415117D9 
 2039      95993130 
 2039      236D2664 
 2040 002a 45DDF4B5 		.ascii	"E\335\364\265\242B6i\033P\360\207\014A\334\271\361S"
 2040      A2423669 
 2040      1B50F087 
 2040      0C41DCB9 
 2040      F153
 2041 003c B59F20BA 		.ascii	"\265\237 \272\324\210\313n\004\021D\3016\010\202\213"
 2041      D488CB6E 
 2041      041144C1 
 2041      3608828B 
 2042 004c 42BC6F26 		.ascii	"B\274o&*Y\010\357=\336=\234\317\275\367'\210.\023\321"
 2042      2A5908EF 
 2042      3DDE3D9C 
 2042      CFBDF727 
 2042      882E13D1 
 2043 0060 41B960C2 		.ascii	"A\271`\302\312r\335 \245\324d\326\300\302r}g\367\261"
 2043      CA72DD20 
 2043      A5D464D6 
 2043      C0C2727D 
 2043      67F7B1
 2044 0073 89752400 		.ascii	"\211u$\000h\336\300<\232|\270\255\324\257\253\315\365"
 2044      68DEC03C 
 2044      9A7CB8AD 
 2044      D4AFABCD 
 2044      F5
 2045 0084 0E6E3D6C 		.ascii	"\016n=l\243\305D\367Dy\024\005\361\240;\214\025n1`\366"
 2045      A3C544F7 
 2045      44791405 
 2045      F1A03B8C 
 2045      156E3160 
 2046 0099 7F0646E5 		.ascii	"\177\006F\345\307\027\350\220\310\336o\255*5D-f<\203"
 2046      C717E890 
 2046      C8DE6FAD 
 2046      2A35442D 
 2046      663C83
 2047 00ac 563D059E 		.ascii	"V=\005\236H\013\002\024\337f4\257\222\360\272\033\235"
 2047      480B0214 
 2047      DF6634AF 
 2047      92F0BA1B 
 2047      9D
 2048 00bd E6C89278 		.ascii	"\346\310\222x\233x>\3103\213[\011o6\345mv\032{\012\322"
 2048      9B783EC8 
 2048      338B5B09 
 2048      6F36E56D 
 2048      761A7B0A 
 2049 00d2 025EE26F 		.ascii	"\002^\342o\023R\026\277d\2102Icz0\271\217>Xm\265\333"
 2049      135216BF 
 2049      64883249 
 2049      637A30B9 
 2049      8F3E586D 
 2050 00e8 6B28F5FD 		.ascii	"k(\365\3753\336\331\303\020\232e\350\207\345\311X\300"
ARM GAS  /tmp/ccV1UOBG.s 			page 74


 2050      33DED9C3 
 2050      109A65E8 
 2050      87E5C958 
 2050      C0
 2051 00f9 0B648155 		.ascii	"\013d\201U\344\2005\344\265\011Q\203\365.\224\011\325"
 2051      E48035E4 
 2051      B5095183 
 2051      F52E9409 
 2051      D5
 2052 010a 265A6223 		.ascii	"&Zb#-\026\244\370\006\365\351\346G\3206\026\327\276"
 2052      2D16A4F8 
 2052      06F5E9E6 
 2052      47D03616 
 2052      D7BE
 2053 011c EE8B19FD 		.ascii	"\356\213\031\375iM\350\015<\320\033\313\2658\033\263"
 2053      694DE80D 
 2053      3CD01BCB 
 2053      B5381BB3 
 2054 012c 850D5041 		.ascii	"\205\015PA\354r\330\304\335\244\235m\\\271q\0351\033"
 2054      EC72D8C4 
 2054      DDA49D6D 
 2054      5CB9711D 
 2054      311B
 2055 013e 71AAB1B0 		.ascii	"q\252\261\260\323\353\365\366j\257n\035\377\225\277"
 2055      D3EBF5F6 
 2055      6AAF6E1D 
 2055      FF95BF
 2056 014d 4AE5A24B 		.ascii	"J\345\242K\322o\377I\037\211\231\373\351<\220>\024s"
 2056      D26FFF49 
 2056      1F8999FB 
 2056      E93C903E 
 2056      1473
 2057 015f 16AF459E 		.ascii	"\026\257E\236\226y\274\021\007\275\213.\256\335?\026"
 2057      9679BC11 
 2057      07BD8B2E 
 2057      AEDD3F16 
 2058 016f 735E8462 		.ascii	"s^\204b\247Sb\026\3020\375\300\342\250\340\224\214\216"
 2058      A7536216 
 2058      C230FDC0 
 2058      E2A8E094 
 2058      8C8E
 2059 0181 7FA3131D 		.ascii	"\177\243\023\035\260\375p\246d\007N\331>\025z\2633\245"
 2059      B0FD70A6 
 2059      64074ED9 
 2059      3E157AB3 
 2059      33A5
 2060 0193 722DB24F 		.ascii	"r-\262O\234=wz\312u\246\235\262W\"\273\346\007\325\213"
 2060      9C3D777A 
 2060      CA75A69D 
 2060      B25722BB 
 2060      E607D58B 
 2061 01a7 5315A75A 		.ascii	"S\025\247Z\233\263O\372\201\033\2349o\207\221\234\351"
 2061      9BB34FFA 
 2061      811B9C39 
 2061      6F87919C 
 2061      E9
 2062 01b8 C0B5A3AA 		.ascii	"\300\265\243\252g{~\350^\362\034\317/Ec\036q\350U\366"
ARM GAS  /tmp/ccV1UOBG.s 			page 75


 2062      677B7EE8 
 2062      5EF21CCF 
 2062      2F45631E 
 2062      71E855F6 
 2063 01cc 0F4063EE 		.ascii	"\017@c\356\304\021g||\3428\231\202V,'\232+{\277\001"
 2063      C411677C 
 2063      7CE23899 
 2063      82562C27 
 2063      9A2B7BBF 
 2064 01e1 45E6C015 		.ascii	"E\346\300\025"
 2065              		.text
 2066              		.section	.gnu.lto_.symbol_nodes.ffbfd91aed4f9a27,"e",%progbits
 2067 0000 789C75CF 		.ascii	"x\234u\317=\017\301P\024\006\340\363q\265\304O\2200"
 2067      3D0FC150 
 2067      1406E0F3 
 2067      71B5C44F 
 2067      9030
 2068 0012 D98D7E91 		.ascii	"\331\215~\221\305\2178\255\260\023\233\001\203\241\243"
 2068      C58F38AD 
 2068      B0139B01 
 2068      83A1A3
 2069 0021 C4C42CB1 		.ascii	"\304\304,\261\210U\304\267\224\010\006K\015\026\256"
 2069      8855C4B7 
 2069      9408064B 
 2069      0D16AE
 2070 0030 B6C4D09E 		.ascii	"\266\304\320\236\351\315}\336\344\346\355 \000\320\222"
 2070      E9CD7DDE 
 2070      E4E6ED20 
 2070      00D092
 2071 003f 0456D356 		.ascii	"\004V\323V\036\3533\000\001\030Z\266]\200\017i\\\221"
 2071      1EEB3300 
 2071      01185AB6 
 2071      5D800F69 
 2071      5C91
 2072 0051 E0FDE914 		.ascii	"\340\375\351\024#qMB\3778\262l\374\332\206\204_\372"
 2072      23714D42 
 2072      FF38B26C 
 2072      FCDA8684 
 2072      5FFA
 2073 0063 380AB724 		.ascii	"8\012\267$\312\322\247\242pG\222\210\305=\211\021\207"
 2073      CAD2A7A2 
 2073      70479288 
 2073      C53D8911 
 2073      87
 2074 0074 E89298AF 		.ascii	"\350\222\230\257\360r~\001@w?\212\007\222d\234\235I"
 2074      F0727E01 
 2074      40773F8A 
 2074      0792649C 
 2074      9D49
 2075 0086 5231C668 		.ascii	"R1\306h\006\337\365Pa\2436\2370z%\246\244?{\214\277"
 2075      06DFF550 
 2075      61A3369F 
 2075      307A25A6 
 2075      A43F7B8C 
 2076 009b 64E81414 		.ascii	"d\350\024\024\335\0143\004\313\017&\263y\274\234\256"
 2076      DD0C3304 
 2076      CB0F26B3 
ARM GAS  /tmp/ccV1UOBG.s 			page 76


 2076      79BC9CAE 
 2077 00ab 80E32C33 		.ascii	"\200\343,3\366\037\355\005`%\307*\345\334\266S\375\232"
 2077      F61FED05 
 2077      6025C72A 
 2077      E5DCB653 
 2077      FD9A
 2078 00bd D671D1EC 		.ascii	"\326q\321\354\016\030\253e\025\256\366P\031\337\004"
 2078      0E18AB65 
 2078      15AEF650 
 2078      19DF04
 2079 00cc 6FB43C88 		.ascii	"o\264<\210{"
 2079      7B
 2080              		.text
 2081              		.section	.gnu.lto_.refs.ffbfd91aed4f9a27,"e",%progbits
 2082 0000 789C6364 		.ascii	"x\234cd\000\002\000\000\012\000\002"
 2082      00020000 
 2082      0A0002
 2083              		.text
 2084              		.section	.gnu.lto_.decls.ffbfd91aed4f9a27,"e",%progbits
 2085 0000 789C9558 		.ascii	"x\234\225X{TT\327\271?\337\336\303\3140\014\017\037"
 2085      7B5454D7 
 2085      B93FDFDE 
 2085      C3CC300C 
 2085      0F1F
 2086 0012 A95DF7DE 		.ascii	"\251]\367\336\225kS\356\325\364\306L4\255y\334\336\226"
 2086      956B53EE 
 2086      D5F4C64C 
 2086      34AD79DC 
 2086      DE96
 2087 0024 C426ADAB 		.ascii	"\304&\255\2531\265\272\272\272rWW\247\343\314\004hy"
 2087      31B5BABA 
 2087      BA725757 
 2087      A7E3CC04 
 2087      6879
 2088 0036 9519D298 		.ascii	"\225\031\322\230u\377\030EED\036j4(X\214\006\321\032"
 2088      75FF1845 
 2088      45441E6A 
 2088      3428588C 
 2088      06D11A
 2089 0049 2DF111E3 		.ascii	"-\361\021\343\003E|\200\002\006P|#\212hF\021A%\006\025"
 2089      03457C80 
 2089      0206507C 
 2089      238A6846 
 2089      11412506 
 2090 005e E47EFB71 		.ascii	"\344~\373q\316\231aFW2\360\315\234\263\317\357\373}"
 2090      CE996146 
 2090      5732F0CD 
 2090      9CB3CFEF 
 2090      FB7D
 2091 0070 CFBDCF3E 		.ascii	"\317\275\317>\347\342\030E\371\324\240(\346\010E\031"
 2091      E7E21845 
 2091      F9D4A028 
 2091      E6084519 
 2092 0080 C28F5951 		.ascii	"\302\217YQ\224f\224\021({P\366\2424\2404\242\264\243"
 2092      94669411 
 2092      287B50F6 
 2092      A234A034 
ARM GAS  /tmp/ccV1UOBG.s 			page 77


 2092      A2B4A3
 2093 0093 5C42E940 		.ascii	"\\B\351@\351D\231\000\2122\006e\034\036\333\360\367"
 2093      E9449900 
 2093      8A320665 
 2093      1C1EDBF0 
 2093      F7
 2094 00a4 17286F80 		.ascii	"\027(o\200\320OD1*\342cA\231\206\343\277E\371\003\312"
 2094      D04F4431 
 2094      2AE26341 
 2094      9986E3BF 
 2094      45F903CA 
 2095 00b8 1F519C28 		.ascii	"\037Q\234(n\224D\224\014\224,\224\331\240\204|J\210"
 2095      6E944494 
 2095      0C942C94 
 2095      D9A0847C 
 2095      4A88
 2096 00ca A258F177 		.ascii	"\242X\361w$\312hE\330`v;\245_\357(\302\376s \374\255"
 2096      24CA6845 
 2096      D860763B 
 2096      A55FEF28 
 2096      C2FE7320 
 2097 00e0 479902C2 		.ascii	"G\231\002\302\366\177\342\3573(\265x\374s\374\375\031"
 2097      F67FE2EF 
 2097      3328B578 
 2097      FC73FCFD 
 2097      19
 2098 00f1 CA7FA380 		.ascii	"\312\177\243\200\364g\370g\035\332\372\336cl\275!\343"
 2098      F467F867 
 2098      1DDAFADE 
 2098      636CBD21 
 2098      E3
 2099 0102 6C937131 		.ascii	"l\223q1{\004\345\003\224t\224\021 \354\262<\014\342"
 2099      7B04E503 
 2099      94749411 
 2099      20ECB23C 
 2099      0CE2
 2100 0114 751FFECE 		.ascii	"u\037\376\316\007\221+\226\217\013(Q(?\300\261\377@"
 2100      07912B96 
 2100      8F0B2851 
 2100      283FC0B1 
 2100      FF40
 2101 0126 89427905 		.ascii	"\211By\005\345\247(\011(\257\242\014\341\365\327\244"
 2101      E5A72809 
 2101      28AFA20C 
 2101      E1F5D7A4 
 2102 0136 8FCFA2B0 		.ascii	"\217\317\242\260Z\260\234\345\241\024\240,AY\206\262"
 2102      5AB09CE5 
 2102      A114A02C 
 2102      415986B2 
 2103 0146 02A558E6 		.ascii	"\002\245X\346\215\205\261sX\034\2730\216\357\343oR@"
 2103      8D85B173 
 2103      581CBB30 
 2103      8EEFE36F 
 2103      5240
 2104 0158 2C13647E 		.ascii	",\023d~X\316X\315\022e=;\024\275n,\256\225\240\347\223"
 2104      58CE58CD 
 2104      12653D3B 
ARM GAS  /tmp/ccV1UOBG.s 			page 78


 2104      14BD6E2C 
 2104      AE95A0E7 
 2105 016d C5B70AC5 		.ascii	"\305\267\012\305+\343Ss\333)\353\315r\365#\0201\261"
 2105      2BE35373 
 2105      DB29EBCD 
 2105      72F52310 
 2105      31B1
 2106 017f 3CB37C8F 		.ascii	"<\263|\217C\211G\371\241\214\201\305jE\211E\211\226"
 2106      438947F9 
 2106      A18C81C5 
 2106      6A458945 
 2106      8996
 2107 0191 71B37A1C 		.ascii	"q\263z\034UD\314?\225y`\265\371\271\314\305\3770\333"
 2107      5544CC3F 
 2107      957960B5 
 2107      F9B9CCC5 
 2107      FF30DB
 2108 01a4 8AE895AC 		.ascii	"\212\350\225\2540u\252\302\213\377\366\204:\225\202"
 2108      3075AAC2 
 2108      8BFFF684 
 2108      3A9582
 2109 01b3 88739CEC 		.ascii	"\210s\234\354\017c@=V\243\274%k\305\342+A\371\273\254"
 2109      0F63403D 
 2109      56A3BC25 
 2109      6BC5E22B 
 2109      41F9BBAC 
 2110 01c7 992DA09E 		.ascii	"\231-\240\236e(\323!\270\257\254\212^\247\300\332\251"
 2110      6528D321 
 2110      B8AFAC8A 
 2110      5EA7C0DA 
 2110      A9
 2111 01d8 BE07F61B 		.ascii	"\276\007\366\033\253!\253%\253\371\037\207\325\220\325"
 2111      AB21AB25 
 2111      ABF91F87 
 2111      D590D5
 2112 01e7 AE3CA096 		.ascii	"\256<\240\226\323d-\177\373\230z\326b\274O\205\251\247"
 2112      D3642D7F 
 2112      FB987AD6 
 2112      62BC4F85 
 2112      A9A7
 2113 01f9 5AB75259 		.ascii	"Z\267RY\273q\262~\217\213m=\312\3732\246\0212_\321\001"
 2113      BB71B27E 
 2113      8F8B6D3D 
 2113      CAFB32A6 
 2113      11325FD1 
 2114 020e 312580DE 		.ascii	"1%\200\336\177\303{T\2151Z\326\033\227\014>\2077\310"
 2114      7FC37B54 
 2114      8D315AD6 
 2114      1B970C3E 
 2114      8737C8
 2115 0221 58663FC6 		.ascii	"Xf?\306\367z9\177\233\303\370\256\316'u\3360\277\332"
 2115      F77A397F 
 2115      9BC3F8AE 
 2115      CE2775DE 
 2115      30BFDA
 2116 0234 E55C21D2 		.ascii	"\345\\!\322\237\037J^w\230>\370\362;rw\014\343~Vr'\206"
 2116      9F1F4A5E 
ARM GAS  /tmp/ccV1UOBG.s 			page 79


 2116      77983EF8 
 2116      F23B7277 
 2116      0CE37E56 
 2117 024b E15E4A61 		.ascii	"\341^Ja\034\260\0051\226\037)\224(6\037\377\254\375"
 2117      1CB00531 
 2117      961F2994 
 2117      28361FFF 
 2117      ACFD
 2118 025d 17053E17 		.ascii	"\027\005>\027\032\257F\321\031\0149\022\014\370=\032"
 2118      1AAF46D1 
 2118      190C3912 
 2118      0CF83D1A 
 2119 026d C6965072 		.ascii	"\306\226Pr\303\267`\242\245\332\347\353\365U\317\213"
 2119      C3B760A2 
 2119      A5DAE7EB 
 2119      F555CF8B 
 2120 027d 546037C0 		.ascii	"T`7\300.P\340\013@\222\235\000;\000\266\003\242\212"
 2120      2E50E00B 
 2120      40929D00 
 2120      3B00B603 
 2120      A28A
 2121 028f F7D6B51B 		.ascii	"\367\326\265\033\254\034\266\246\306\200\327\004N\201"
 2121      AC1CB6A6 
 2121      C680D704 
 2121      4E81
 2122 029d BDF845DF 		.ascii	"\275\370E\337Q\250SAT^e\356P\344(a\266\232\233\204}"
 2122      51A85341 
 2122      545E65EE 
 2122      50E42861 
 2122      B69A9B84 
 2123 02b2 00FB0199 		.ascii	"\000\373\001\231\360\230f0\314\372\213\237dC0\246Z\307"
 2123      F0986630 
 2123      CCFA8B9F 
 2123      644330A6 
 2123      5AC7
 2124 02c4 30538F4E 		.ascii	"0S\217Nl\261\352\246\016\200f\253\206\331\372?\021\200"
 2124      6CB1EAA6 
 2124      0E8066AB 
 2124      86D9FA3F 
 2124      1180
 2125 02d6 990750AD 		.ascii	"\231\007P\255Pl\322\022j\274\357\277\323A\343G\305\243"
 2125      506CD212 
 2125      6ABCEFBF 
 2125      D341E347 
 2125      C5A3
 2126 02e8 5AFFED45 		.ascii	"Z\377\355E\203k\177\366qN\216\257h\016E\035\250\002"
 2126      836B7FF6 
 2126      714E8EAF 
 2126      680E451D 
 2126      A802
 2127 02fa A8D3496C 		.ascii	"\250\323Il(\023\0254>\017\355\033\0248\014p\010\003"
 2127      28131534 
 2127      3E0FED1B 
 2127      14380C70 
 2127      0803
 2128 030c 3EC84118 		.ascii	">\310A\030q-\300Q\346\0112U\016f\347\370\342\346Y\031"
 2128      712DC051 
ARM GAS  /tmp/ccV1UOBG.s 			page 80


 2128      E6093255 
 2128      0E66E7F8 
 2128      E2E65919 
 2129 0320 C9911092 		.ascii	"\311\221\020\222\335\230\344[\3148\271v\266w\3104*\204"
 2129      DD98E45B 
 2129      CC38B976 
 2129      B677C834 
 2129      2A84
 2130 0332 F2D8704A 		.ascii	"\362\330pJ\204^8}\342~\254\036\\\275N\331\000\034\220"
 2130      845E387D 
 2130      E27EAC1E 
 2130      5CBD4ED9 
 2130      001C90
 2131 0345 73735E09 		.ascii	"ss^\011\321\001\015:\240\221E?\304\243\335\275h\373"
 2131      D1010D3A 
 2131      A091453F 
 2131      C4A3DDBD 
 2131      68FB
 2132 0357 3AC3BF02 		.ascii	":\303\277\002\340\177$\201f\230\353\363\031\360\007"
 2132      E07F2481 
 2132      6698EBF3 
 2132      19F007
 2133 0366 B5FCBE79 		.ascii	"\265\374\276yV\005^\204\027\0248\0168\244\300\227\000"
 2133      56055E84 
 2133      1714380E 
 2133      38A4C097 
 2133      00
 2134 0377 4DAC822B 		.ascii	"M\254\202+\266Um\217d\263\000G!\235\025\342\253eGc\371"
 2134      B6556D8F 
 2134      64B30047 
 2134      219D15E2 
 2134      AB654763 
 2135 038c 0086D702 		.ascii	"\000\206\327\002t>a\366\037\\\331\330\024\035\\\236"
 2135      743E61F6 
 2135      1F5CD9D8 
 2135      141D5C9E 
 2136 039c 9300AD6A 		.ascii	"\223\000\255j\011Wp\320\205%M-4\030tJ\007! \377\374"
 2136      095770D0 
 2136      85254D2D 
 2136      3418744A 
 2136      072120FF 
 2137 03b1 EEA2683D 		.ascii	"\356\242h=\212\323z\024gD\230\007n<:\036\315\215\237"
 2137      8AD37A14 
 2137      67449807 
 2137      6E3C3A1E 
 2137      CD8D9F
 2138 03c4 013801BC 		.ascii	"\0018\001\274\244\204\2274\016\257\226/>\335M\306 \371"
 2138      A4849734 
 2138      0EAF962F 
 2138      3EDD4DC6 
 2138      20F9
 2139 03d6 4D9F6F34 		.ascii	"M\237o4\363\367<\3009\246}\001\003:+\030\262K\3267\232"
 2139      F3F73CC0 
 2139      39A67D01 
 2139      033A2B18 
 2139      B24BD637 
 2140 03eb 75131774 		.ascii	"u\023\027t\023m\334\017\272\236\273\272\241a\371PL\030"
ARM GAS  /tmp/ccV1UOBG.s 			page 81


 2140      136DDC0F 
 2140      BA9EBBBA 
 2140      A161F950 
 2140      4C18
 2141 03fd 185C0409 		.ascii	"\030\\\004\011ds\340\314\307\015\001\356\266\351\\\227"
 2141      6473E0CC 
 2141      C70D01EE 
 2141      B6E95C97 
 2142 040d 58D23FE3 		.ascii	"X\322?\343L\375\335\233Z\"\3031]V\231h\025\007\336<"
 2142      4CFDDD9B 
 2142      5A22C331 
 2142      5D569968 
 2142      1507DE3C 
 2143 0421 7CBD213A 		.ascii	"|\275!:tJ]\011\234R<\340j\321\312/\323#D\034\275\300"
 2143      744A5D09 
 2143      9C523CE0 
 2143      6AD1CA2F 
 2143      D323441C 
 2144 0437 BFAD3C0F 		.ascii	"\277\255<\017\227\024\332@\024z\022\345\034J;\247\356"
 2144      9714DA40 
 2144      147A12E5 
 2144      1C4A3BA7 
 2144      EE
 2145 0448 E8DB5C41 		.ascii	"\350\333\\A\202\023\177\013\240G\255\216\237\203\226"
 2145      82137F0B 
 2145      A047AD8E 
 2145      9F8396
 2146 0457 1DCBEDB2 		.ascii	"\035\313\355\262\004\203zu\020c\351\316\256\013H\335"
 2146      04837A75 
 2146      1063E9CE 
 2146      AE0B48DD 
 2147 0467 6D3DDC3B 		.ascii	"m=\334;,\334\273\214\305x\372\326\355\262\250Q\361\361"
 2147      2CDCBB8C 
 2147      C578FAD6 
 2147      EDB2A851 
 2147      F1F1
 2148 0479 216D8D06 		.ascii	"!m\215\006\373x[\337\003\370Z\316\224/z?*\3146\371\352"
 2148      FB785BDF 
 2148      03F85ACE 
 2148      942F7A3F 
 2148      2ACC36F9 
 2149 048e 7026DF01 		.ascii	"p&\337\001\270\313\021\303\346\012\233O\005r>!\246;"
 2149      B8CB11C3 
 2149      E60A9B4F 
 2149      05723E21 
 2149      A63B
 2150 04a0 043391B9 		.ascii	"\0043\221\271v\365nG\2635t*\365\016\267I\313\251B\267"
 2150      76F56E47 
 2150      B335742A 
 2150      F50EB749 
 2150      CBA942B7 
 2151 04b4 52963623 		.ascii	"R\2266#_\366L\374\210\205\374>\375\2342\252my\033\013"
 2151      5FF64CFC 
 2151      8885FC3E 
 2151      FD9C32AA 
 2151      6D791B0B 
 2152 04c8 0D16DFF0 		.ascii	"\015\026\337\3602\014\000\342\220\351!\300\003\234\027"
ARM GAS  /tmp/ccV1UOBG.s 			page 82


 2152      320C00E2 
 2152      90E921C0 
 2152      039C17
 2153 04d7 C6D545DB 		.ascii	"\306\325E\333\362MAq\336\000\270\216\300~\200G\334\246"
 2153      F24D4171 
 2153      DE00B88E 
 2153      C07E8047 
 2153      DCA6
 2154 04e9 8FC010B3 		.ascii	"\217\300\020\263\211\210\376\376\222\236\314R\344\263"
 2154      8988FEFE 
 2154      929ECC52 
 2154      E4B3
 2155 04f7 C220C07D 		.ascii	"\302 \300}\216Pc8\004\352\312R\331\215\0232\322\012"
 2155      8E506338 
 2155      04EACA52 
 2155      D98D1332 
 2155      D20A
 2156 0509 DF00DCE4 		.ascii	"\337\000\334\344\020\021\205\032&\375\212\373\327>g"
 2156      1011851A 
 2156      26FD8AFB 
 2156      D73E67
 2157 0518 B1675488 		.ascii	"\261gT\210\3259d\230U\336\022c\351]*\216\342xs\370\200"
 2157      D5396498 
 2157      55DE1263 
 2157      E95D2A8E 
 2157      E27873F8 
 2158 052d 0E6202E6 		.ascii	"\016b\002\346\030\024\272\010\245\304\200\204\226\207"
 2158      1814BA08 
 2158      A5C48084 
 2158      9687
 2159 053b 03A5B551 		.ascii	"\003\245\265Q\361\361r\025\354\313\333t8F\270\212\363"
 2159      F1F17215 
 2159      ECCBDB74 
 2159      3846B88A 
 2159      F3
 2160 054c 7B118102 		.ascii	"{\021\201\002\022\354\252\254I\341|m\215\303\2052\000"
 2160      12ECAAAC 
 2160      49E17C6D 
 2160      8DC38532 
 2160      00
 2161 055d 249C6590 		.ascii	"$\234e\2202\035\2620\224'p1]@\000\227\021\310\345(\014"
 2161      321DB230 
 2161      94277031 
 2161      5D400097 
 2161      11C8E528 
 2162 0572 62318142 		.ascii	"b1\201B\002\371\004\362\210\\RK\346\007.\251\303\314"
 2162      02F904F2 
 2162      885C524B 
 2162      E6072EA9 
 2162      C3CC
 2163 0584 B125F513 		.ascii	"\261%\365\023\026\013\311\36576\005\366\201$.\012OL"
 2163      160BC9F5 
 2163      373605F6 
 2163      81242E0A 
 2163      4F4C
 2164 0596 B7631276 		.ascii	"\267c\022v\033X\206\336\321n\202\357 Y5'[z\367\233:"
 2164      1B5886DE 
ARM GAS  /tmp/ccV1UOBG.s 			page 83


 2164      D16E82EF 
 2164      20593527 
 2164      5B7AF79B 
 2165 05ab 63E8845C 		.ascii	"c\350\204\\A\020\203\\\313\011|Hh-R4p\370\216\315\237"
 2165      4110835C 
 2165      CB097C48 
 2165      682D5234 
 2165      70F88ECD 
 2166 05c0 1E3704CF 		.ascii	"\0367\004\317\037\274;\254\"\332\3749\320T<0l\202\035"
 2166      1FBC3BAC 
 2166      22DAFC39 
 2166      D0543C30 
 2166      6C821D
 2167 05d3 0B02AC2C 		.ascii	"\013\002\254,\334z*`\251(\321\243,Ewi\213A\324\362\220"
 2167      DC7A2A60 
 2167      A928D1A3 
 2167      2C457769 
 2167      8B41D4F2 
 2168 05e8 C28BB9C6 		.ascii	"\302\213\271\306@\3170\303\337\273\327\260jWd\274\366"
 2168      40CF30C3 
 2168      DFBBD7B0 
 2168      6A5764BC 
 2168      F6
 2169 05f9 61167A1B 		.ascii	"a\026z\033+\336f\267\261\271\004\272\0006\021\331&\012"
 2169      2BDE66B7 
 2169      B1B904BA 
 2169      003611D9 
 2169      260A
 2170 060b F8412BCF 		.ascii	"\370A+\317\312\034\221\322=\000\253\011\303\204V\360"
 2170      CA1C91D2 
 2170      3D00AB09 
 2170      C38456F0 
 2171 061b AC84B403 		.ascii	"\254\204\264\003|\005\201\220kz'\364\356\252-\210a\266"
 2171      7C058190 
 2171      6B7A27F4 
 2171      EEAA2D88 
 2171      61B6
 2172 062d 12616910 		.ascii	"\022ai\020\015&^V\271\267Jx\263\204@\016\207\210\262"
 2172      0D265E56 
 2172      B9B74A78 
 2172      B384400E 
 2172      8788B2
 2173 0640 4888A459 		.ascii	"H\210\244Y-iJ\011\254\014qGb6V\010\014\272\\\034\204"
 2173      2D694A09 
 2173      AC0C7147 
 2173      62365608 
 2173      0CBA5C1C 
 2174 0655 39A487B5 		.ascii	"9\244\207\265Y\372\374\021\201e\241\030\331\275m\022"
 2174      59FAFC11 
 2174      8165A118 
 2174      D9BD6D12 
 2175 0665 D401B026 		.ascii	"\324\001\260&\010tU\237\215G+|\034\2039\234G\002s\230"
 2175      0874559F 
 2175      8D472B7C 
 2175      1C83399C 
 2175      47027398 
 2176 0679 2DBDD6DB 		.ascii	"-\275\326\333\254\214\300\337\011\277\343m\342m\266"
ARM GAS  /tmp/ccV1UOBG.s 			page 84


 2176      AC8CC0DF 
 2176      09BFE36D 
 2176      E26DB6
 2177 0688 96C07A02 		.ascii	"\226\300z\002\025\0046\020\370\204@9\201\177\020\370"
 2177      15043610 
 2177      F8844039 
 2177      817F10F8 
 2178 0698 98C03A02 		.ascii	"\230\300:\002\033\211\250\365\326\253\235\247`T\010"
 2178      1B89A8F5 
 2178      D6AB9DA7 
 2178      605408
 2179 06a7 C5A9EF40 		.ascii	"\305\251\357@Q~\273\340*\350\355\362\251\036\305f\326"
 2179      517EBBE0 
 2179      2AE8EDF2 
 2179      A91EC566 
 2179      D6
 2180 06b8 2EEDBC2B 		.ascii	".\355\274+\033\327\356\3546\2076\361\0262\374\2562\236"
 2180      1BD7EEEC 
 2180      368736F1 
 2180      1632FCAE 
 2180      329E
 2181 06ca DE90FDF5 		.ascii	"\336\220\375\365}\332\207M=\2002/B\214<'n-\204\026D"
 2181      7DDA874D 
 2181      3D80322F 
 2181      428C3C27 
 2181      6E2D8416 
 2182 06df 20E7E8D6 		.ascii	" \347\350\326\213\227F\352\355\306\270\317\036\026\205"
 2182      8B9746EA 
 2182      EDC6B8CF 
 2182      1E1685
 2183 06ee 114B464D 		.ascii	"\021KFMh\322Y\027t\227\253=\271\215c\324|n%j\361z\253"
 2183      68D25917 
 2183      7497AB3D 
 2183      B98D63D4 
 2183      7C6E256A 
 2184 0705 741E5C55 		.ascii	"t\036\\Uj\302\365dc\320\2522\334\224\300\014IL\"|\021"
 2184      6AC2F564 
 2184      63D0AA32 
 2184      DC94C00C 
 2184      494C227C 
 2185 071a 04A9D42D 		.ascii	"\004\251\324-\265\225\013K\235\230\203 \314|\015Sy]"
 2185      B5950B4B 
 2185      9D988320 
 2185      CC7C0D53 
 2185      795D
 2186 072c D220667B 		.ascii	"\322 f{(F\266\322}\011\372'\201\317\202@\331\001\315"
 2186      2846B6D2 
 2186      7D09FA27 
 2186      81CF8240 
 2186      D901CD
 2187 073f 7D548FEB 		.ascii	"}T\217\353HH\\A\255\264\223\300\347\204\357\177kx\037"
 2187      48485C41 
 2187      ADB493C0 
 2187      E784EF7F 
 2187      6B781F
 2188 0752 EC217080 		.ascii	"\354!p\200\300^\002\273\010\354#\260\037U\011T\023\250"
 2188      C05E02BB 
ARM GAS  /tmp/ccV1UOBG.s 			page 85


 2188      08EC23B0 
 2188      1F550954 
 2188      13A8
 2189 0764 529BE056 		.ascii	"R\233\340V\323\225\300M\244\324\257\376\266\372[\346"
 2189      D395C04D 
 2189      A4D4AFFE 
 2189      B6FA5BE6 
 2190 0774 1C6F8BD2 		.ascii	"\034o\213\322\233\350`@>\011\007\354_\263\2470`\223"
 2190      9BE86040 
 2190      3E0907EC 
 2190      5FB3A730 
 2190      6093
 2191 0786 3357071C 		.ascii	"3W\007\034\026\200MW\366\264Yq\3360B\203\013\000\316"
 2191      16804D57 
 2191      F6B45971 
 2191      DE304283 
 2191      0B00CE
 2192 0799 4CC62F8B 		.ascii	"L\306/\213\362\277T\031\355#>btQb\241\026\352\262\324"
 2192      F2BF5419 
 2192      ED233E62 
 2192      745162A1 
 2192      16EAB2D4 
 2193 07ad C1D3E3FB 		.ascii	"\301\323\343\373h\202\231\214\217\265\2307\034\2048"
 2193      6882998C 
 2193      8FB59837 
 2193      1C8438
 2194 07bc 4B849910 		.ascii	"K\204\231\020\277\311e\031\377\000\333w\215ql\202\317"
 2194      BFC96519 
 2194      FF00DB77 
 2194      8D716C82 
 2194      CF
 2195 07cd E05AFC   		.ascii	"\340Z\374"
 2196 07d0 94DFE423 		.ascii	"\224\337\344#Eo\217~1\001\277\375\246:p\241\326t\203"
 2196      456F8F7E 
 2196      3101BFFD 
 2196      A63A70A1 
 2196      D67483
 2197 07e3 390E8FFC 		.ascii	"9\016\217\374&K\037]\223ot5\222\205\343p\237lqM\032"
 2197      264B1F5D 
 2197      936F7435 
 2197      9285E370 
 2197      9F6C714D 
 2198 07f8 8DC12798 		.ascii	"\215\301'\230\315O\307\326\320\032\372\246\242\230\315"
 2198      CD4FC7D6 
 2198      D01AFAA6 
 2198      A298CD
 2199 0807 955B9EB2 		.ascii	"\225[\236\262\370M\261H1\33656\31656\266\016\"\\.\313"
 2199      F84DB148 
 2199      31DE3536 
 2199      CE3536B6 
 2199      0E225C2E 
 2200 081c E8F10A3A 		.ascii	"\350\361\012:\341\2324)\201X\220\331`\256\203I\024\254"
 2200      E19A3429 
 2200      815890D9 
 2200      60AE8349 
 2200      14AC
 2201 082e 937C97BB 		.ascii	"\223|\227\273\306X\",\221O\217\035\257(.\345M\202\274"
ARM GAS  /tmp/ccV1UOBG.s 			page 86


 2201      C658222C 
 2201      914F8F1D 
 2201      AF282EE5 
 2201      4D82BC
 2202 0841 7448FD80 		.ascii	"tH\375\200\011m\272\364S\200\361\0262\211\320_\373M"
 2202      096DBAF4 
 2202      5380F116 
 2202      3289D05F 
 2202      FB4D
 2203 0853 F88845C6 		.ascii	"\370\210E\306\342\015\336`\266Zq\017a0G\332\177\355"
 2203      E20DDE60 
 2203      B65A710F 
 2203      613047DA 
 2203      7FED
 2204 0865 9A3EC9A2 		.ascii	"\232>\311\242\370M\004/\2156\360\273\261\246i1*8\273"
 2204      F84D042F 
 2204      8D36F0BB 
 2204      B1A66931 
 2204      2A38BB
 2205 0878 7F82B38F 		.ascii	"\177\202\263\217\377\261/\220_\300NA\274\232R\315\360"
 2205      FFB12F90 
 2205      5FC04E41 
 2205      BC9A52CD 
 2205      F0
 2206 0889 71769320 		.ascii	"qv\223 \022\315 bT\373\221\307\014@$\017\221Ov t\244"
 2206      12CD2062 
 2206      54FB91C7 
 2206      0C40240F 
 2206      914F7620 
 2207 089f 11F61D40 		.ascii	"\021\366\035@\256A@BT\036\241#\001\232\256<d68\230\004"
 2207      AE414042 
 2207      541EA123 
 2207      019AAE3C 
 2207      64363898 
 2208 08b4 EA70BD20 		.ascii	"\352p\275 \307uJE\243U]R\304\011\366M\331\276\323\037"
 2208      C7754A45 
 2208      A3555D52 
 2208      C409F64D 
 2208      D9BED31F 
 2209 08c8 5C635BAF 		.ascii	"\\c[\257\275\255\267\317\032!\256(A\001\272\225-0\244"
 2209      BDADB7CF 
 2209      1A21AE28 
 2209      4101BA95 
 2209      2D30A4
 2210 08db 68E1C9C9 		.ascii	"h\341\311\311|\227\337)\2369\216\325TW\307\250\003G"
 2210      7C97DF29 
 2210      9E398ED5 
 2210      5457C7A8 
 2210      0347
 2211 08ed 098E7436 		.ascii	"\011\216t64Vh\017\002\307\330\310\305\354\274\263\026"
 2211      3456680F 
 2211      02C7D8C8 
 2211      C5ECBCB3 
 2211      16
 2212 08fe 6DF35FA3 		.ascii	"m\363_\243o\376q;\014\354\361\374\231\242b_\377\203"
 2212      6FFE713B 
 2212      0CECF1FC 
ARM GAS  /tmp/ccV1UOBG.s 			page 87


 2212      99A2625F 
 2212      FF83
 2213 0910 AE4BCD3F 		.ascii	"\256K\315?\256\311\366m`\367`+^\203:y\377U\360H\201"
 2213      AEC9F66D 
 2213      60F7602B 
 2213      5E833A79 
 2213      FF55F048 
 2214 0925 5A0247C8 		.ascii	"Z\002G\310\253u\026\332\315\0359\277u\301\2271\252\031"
 2214      AB7516DA 
 2214      CD1D39BF 
 2214      75C19731 
 2214      AA19
 2215 0937 E649F1B6 		.ascii	"\346I\361\266\313\247\214\341\2544\241\362\227\322\212"
 2215      CBA78CE1 
 2215      AC34A1F2 
 2215      97D28A
 2216 0946 58A37033 		.ascii	"X\243p3\207\217WM\004\216k\026\216k\026\346X\350\000"
 2216      878F574D 
 2216      048E6B16 
 2216      8E6B16E6 
 2216      58E800
 2217 0959 B750F560 		.ascii	"\267P\365`\343ma\241CXXx\246\353\262\225\017\340]\367"
 2217      E36D61A1 
 2217      43585878 
 2217      A6EBB295 
 2217      0FE05DF7 
 2218 096d 048B6CB0 		.ascii	"\004\213l\260~\225\227\017$\302Iv\276d\313\342f\021"
 2218      7E95970F 
 2218      24C24976 
 2218      BE64CBE2 
 2218      6611
 2219 097f 3BDEE35A 		.ascii	";\336\343Zy\354\205\267>\025#xg<\305F\0365\227\354'"
 2219      79EC85B7 
 2219      3E152378 
 2219      673CC546 
 2219      1E3597EC 
 2220 0994 7C04EFA7 		.ascii	"|\004\357\247\247\331\310\325\234\252\012\263\2129\303"
 2220      A7D9C8D5 
 2220      9CAA0AB3 
 2220      8A39C3
 2221 09a3 46F6ED1B 		.ascii	"F\366\355\033\254\325\202;\313F\262\227\356\217\327"
 2221      ACD5823B 
 2221      CB46B297 
 2221      EE8FD7
 2222 09b2 824BD262 		.ascii	"\202K\322b;\217n\237\023\223\275|\303\222\271\326g\212"
 2222      3B8F6E9F 
 2222      1393BD7C 
 2222      C392B9D6 
 2222      678A
 2223 09c4 8B7DBDFE 		.ascii	"\213}\275\376\332\277\262$&\340Uh\321\"l\321\"\374\312"
 2223      DABFB224 
 2223      26E05568 
 2223      D1226CD1 
 2223      22FCCA
 2224 09d7 4C0B8C4C 		.ascii	"L\013\214L\245\371\370\2727\271F\373\321\234\230&\266"
 2224      A5F9F8BA 
 2224      37B946FB 
ARM GAS  /tmp/ccV1UOBG.s 			page 88


 2224      D19C9826 
 2224      B6
 2225 09e8 F90196F7 		.ascii	"\371\001\226\3676M\247M\323\3513\3212\256\363a\353\347"
 2225      364DA74D 
 2225      D3E933D1 
 2225      32AEF361 
 2225      EBE7
 2226 09fa 1B62D487 		.ascii	"\033b\324\207L\226\225\235m\275\367-\252\257\227\230"
 2226      4C96959D 
 2226      6DBDF72D 
 2226      AAAF9798 
 2227 0a0a AF9BAB4A 		.ascii	"\257\233\253J\006h\030g;\220\355\262p6w\177Sw,7\375"
 2227      06681867 
 2227      3B90EDB2 
 2227      7036777F 
 2227      53772C37 
 2228 0a1f A05E3ADB 		.ascii	"\240^:\333A\240]3\334\256\031\336b\242;\270\341\222"
 2228      41A05D33 
 2228      DCAE19DE 
 2228      62A23BB8 
 2228      E192
 2229 0a31 9686ED66 		.ascii	"\226\206\355f\246R\271\260P\253!>\263ujJ\235\232\322"
 2229      A652B9B0 
 2229      50AB213E 
 2229      B3756A4A 
 2229      9D9AD2
 2230 0a44 D7465ACB 		.ascii	"\327FZ\313\225\366o\256\331K\271RU\220\3225M\351\232"
 2230      95F66FAE 
 2230      D94BB952 
 2230      5590D235 
 2230      4DE99A
 2231 0a57 A6B4D748 		.ascii	"\246\264\327H\317q\245CWO\024E\004\357\006\361\321\341"
 2231      CF71A543 
 2231      574F1445 
 2231      04EF06F1 
 2231      D1E1
 2232 0a69 BABE1BEC 		.ascii	"\272\276\033\354\351X\272\323\032\014\300]~\000\340"
 2232      E958BAD3 
 2232      1A0CC05D 
 2232      7E00E0
 2233 0a78 5053CBDC 		.ascii	"PS\313\334\200g\376\033\372\312\334%\342\357\316^tF"
 2233      8067FE1B 
 2233      FACADC25 
 2233      E2EFCE5E 
 2233      7446
 2234 0a8a 94BC8B40 		.ascii	"\224\274\213@:\275\312\355\366\234j\2551\206>\337t\223"
 2234      3ABDCAED 
 2234      F69C6AAD 
 2234      31863EDF 
 2234      7493
 2235 0a9c A0E71BB2 		.ascii	"\240\347\033\262\257t\305\351h-\275\267\210\226\337"
 2235      AF74C5E9 
 2235      682DBDB7 
 2235      8896DF
 2236 0aab 1E0CE5A6 		.ascii	"\036\014\345\246\340\317\271v\177y\3443\305\374\371"
 2236      E0CFB976 
 2236      7F79E433 
ARM GAS  /tmp/ccV1UOBG.s 			page 89


 2236      C5FCF9
 2237 0aba 66FF3A63 		.ascii	"f\377:c\251\017o9=\004\374Z\330~\276\030\321.n\270\240"
 2237      A90F6F39 
 2237      3D04FC5A 
 2237      D87EBE18 
 2237      D12E6EB8 
 2238 0acf 257F9978 		.ascii	"%\177\231x\2230(j\232\373\321\326.\315\275;\254\246"
 2238      9330286A 
 2238      9AFBD1D6 
 2238      2ECDBD3B 
 2238      ACA6
 2239 0ae1 472E15F4 		.ascii	"G.\025\364F\204\251i\037\332\274+l\356\254\317\237\033"
 2239      4684A969 
 2239      1FDABC2B 
 2239      6CEEACCF 
 2239      9F1B
 2240 0af3 C36CF6EE 		.ascii	"\303l\366\356\311^P\340\203\351x\021nk\026o\013\213"
 2240      C95E50E0 
 2240      83E97811 
 2240      6E6B166F 
 2240      0B8B
 2241 0b05 0F8DA1F1 		.ascii	"\017\215\241\361\263G\334[\233;\"\303\360\367#\3777"
 2241      B347DC5B 
 2241      9B3B22C3 
 2241      F0F723FF 
 2241      37
 2242 0b16 82BF667B 		.ascii	"\202\277f{^u,\343\257\254\317\316\251\216#x\015\356"
 2242      5E752CE3 
 2242      AFACCFCE 
 2242      A98E2378 
 2242      0DEE
 2243 0b28 69F4F788 		.ascii	"i\364\367\210\\\274\332\013\313\362\003\266\352=z\356"
 2243      5CBCDA0B 
 2243      CBF203B6 
 2243      EA3D7AEE 
 2244 0b38 1F089E1D 		.ascii	"\037\010\236\035\267\006*#\2644\343\036J\275\376\020"
 2244      B7062A23 
 2244      B434E31E 
 2244      4ABDFE10 
 2245 0b48 6DD9E005 		.ascii	"m\331\340\005\272\320\304\036\227\007O\2666\231,\342"
 2245      BAD0C41E 
 2245      97074FB6 
 2245      36992CE2 
 2246 0b58 9D0C7F0F 		.ascii	"\235\014\177\017S3\207\312\0271\003\004\006\021\373"
 2246      533387CA 
 2246      17310304 
 2246      0611FB
 2247 0b67 086F2184 		.ascii	"\010o!\204\035b[\015\374;\376\"y\353\272\007{\351Hq"
 2247      1D625B0D 
 2247      FC3BFE22 
 2247      79EBBA07 
 2247      7BE94871 
 2248 0b7b D3FF130E 		.ascii	"\323\377\023\016i\201\370(7 vmFDV\354ZX\037\031\316"
 2248      6981F828 
 2248      3720766D 
 2248      464456EC 
 2248      5A581F19 
ARM GAS  /tmp/ccV1UOBG.s 			page 90


 2249 0b90 8DB994B9 		.ascii	"\215\271\224\2711\207r\244\211\357\357^F\374\211+\327"
 2249      318772A4 
 2249      89EFEF5E 
 2249      46FC892B 
 2249      D7
 2250 0ba1 6A620399 		.ascii	"jb\003\231\347Q\310\246l\313C\271\216B\363M\370\340"
 2250      E751C8A6 
 2250      6CCB43B9 
 2250      8E42F34D 
 2250      F8E0
 2251 0bb3 68E2AFED 		.ascii	"h\342\257\355j\016\226\0321\275\220C\225p\253\366\271"
 2251      6A0E961A 
 2251      31BD9043 
 2251      9570ABF6 
 2251      B9
 2252 0bc4 FC95B9A6 		.ascii	"\374\225\271\2460\331^\204T\271T.\310[\037V>\234p\220"
 2252      30D95E84 
 2252      54B9542E 
 2252      C85B1F56 
 2252      3E9C7090 
 2253 0bd8 2FC845B8 		.ascii	"/\310E\270\024/\242\260\200\362l\303B\012y\354L\235"
 2253      142FA2B0 
 2253      80F26CC3 
 2253      420A79EC 
 2253      4C9D
 2254 0bea 39DBADB4 		.ascii	"9\333\255\264\207\333\315\331SPo\011\303\233\217\320"
 2254      87DBCDD9 
 2254      53506F09 
 2254      C39B8FD0 
 2255 0bfa 74497B6F 		.ascii	"tI{o\250\351\354D\261\316\027\375\012\257\300b\301\252"
 2255      A8E9EC44 
 2255      B1CE17FD 
 2255      0AAFC062 
 2255      C1AA
 2256 0c0c 40013B56 		.ascii	"@\001;V9\273\243\350zsH,\234\341\344\272%\237\231\366"
 2256      39BBA3E8 
 2256      7A73482C 
 2256      9CE1E4BA 
 2256      259F99F6 
 2257 0c20 7CE1F3CD 		.ascii	"|\341\363\315\367\371\346>\313\330\241PzV\204\2172\354"
 2257      F7F9E63E 
 2257      CBD8A150 
 2257      7A56848F 
 2257      32EC
 2258 0c32 4C65596B 		.ascii	"LeYk\245~\263j\267\2675\310\356R\325\3562v\254j\254"
 2258      A57EB36A 
 2258      B7B735C8 
 2258      EE52D5EE 
 2258      3276AC6A 
 2259 0c47 B4D23B8F 		.ascii	"\264\322;\217\267[2\314\356\207\322\356r\012+\330\231"
 2259      B75B32CC 
 2259      EE87D2EE 
 2259      720A2BD8 
 2259      99
 2260 0c58 CAB2C94A 		.ascii	"\312\262\311J\007\244\335\376\222}\363\243\360\261\035"
 2260      07A4DDFE 
 2260      927DF3A3 
ARM GAS  /tmp/ccV1UOBG.s 			page 91


 2260      F0B11D
 2261 0c67 9BE48081 		.ascii	"\233\344\200\201\365\354G\252\335b\212\307\252Fk\024"
 2261      F5EC47AA 
 2261      DD628AC7 
 2261      AA466B14 
 2262 0c77 7BC371D5 		.ascii	"{\303q\325W\026\360\246t\211\336\273+E!7.:0d\322\001"
 2262      5716F0A6 
 2262      7489DEBB 
 2262      2B452137 
 2262      2E3A3064 
 2263 0c8d 7D3A6095 		.ascii	"}:`\225\000\\\3509z\206\277\260\235W\375\304\227\020"
 2263      005CE839 
 2263      7A86BFB0 
 2263      9D57FDC4 
 2263      9710
 2264 0c9f AC581537 		.ascii	"\254X\0257\357\006\274\271,\241\3723\255\340\372\354"
 2264      EF06BCB9 
 2264      2CA1FA33 
 2264      ADE0FAEC 
 2265 0caf DAF56D81 		.ascii	"\332\365m\201o.uc\253\005\240\372k\377\016+o\341\352"
 2265      6F2E7563 
 2265      AB05A0FA 
 2265      6BFF0E2B 
 2265      6FE1EA
 2266 0cc2 27BC9021 		.ascii	"'\274\220!\017V\354>\035\260\221m\322y\312X\333\346"
 2266      0F56EC3E 
 2266      1DB0916D 
 2266      D279CA58 
 2266      DBE6
 2267 0cd4 45F25939 		.ascii	"E\362Y9\377\274\237\357\226}\325\341\327\324\271\376"
 2267      FFBC9FEF 
 2267      967DD5E1 
 2267      D7D4B9FE 
 2268 0ce4 5D6B2D3A 		.ascii	"]k-:\313\307\272\273k\2057\353\273\227\344\212\333\363"
 2268      CBC7BABB 
 2268      6B8537EB 
 2268      BB97E48A 
 2268      DBF3
 2269 0cf6 5ACABB7C 		.ascii	"Z\312\273|\325\341\301\362\030\255\033\007\365\035\301"
 2269      D5E1C1F2 
 2269      18AD1B07 
 2269      F51DC1
 2270 0d05 2798F575 		.ascii	"'\230\365u\262\252\275\203\345y\354\336\267\246(\022"
 2270      B2AABD83 
 2270      E579ECDE 
 2270      B7A62812 
 2271 0d15 C7618D5A 		.ascii	"\307a\215Z\234rv\254\026g9+NM\363\331\213\001a\364\353"
 2271      9C7276AC 
 2271      1667392B 
 2271      4E4DF3D9 
 2271      8B0161F4 
 2272 0d2a 61AC6761 		.ascii	"a\254ga\224F\012\276\213\363%\0370H\205\312\267\201"
 2272      94460ABE 
 2272      8BF3251F 
 2272      304885CA 
 2272      B781
 2273 0d3c E2B1CAB7 		.ascii	"\342\261\312\2673Jy\336\233\224\234\351\262g82\275\263"
ARM GAS  /tmp/ccV1UOBG.s 			page 92


 2273      334A79DE 
 2273      9B949CE9 
 2273      B2673832 
 2273      BDB3
 2274 0d4e 6D539292 		.ascii	"mS\222\222g%\377f\246-\335\203\377)\311\263l\236L\247"
 2274      6725FF66 
 2274      A62DDD83 
 2274      FF29C9B3 
 2274      6C9E4CA7 
 2275 0d62 CD99943E 		.ascii	"\315\231\224>\353\317N\2073\311\355y\336i\376\345\333"
 2275      EBCF4E87 
 2275      33C9ED79 
 2275      DE69FEE5 
 2275      DB
 2276 0d73 BF1B3B65 		.ascii	"\277\033;e\342K\312\230\240\341\347g\2752\3111y\362"
 2276      E24BCA98 
 2276      A0E1E767 
 2276      BD32C931 
 2276      79F2
 2277 0d85 2B2F2BC6 		.ascii	"+/+\306,g\232\327\356\215Lrx\222\354i\356\367\275Vg"
 2277      2C679AD7 
 2277      EE8D4C72 
 2277      7892EC69 
 2277      EEF7BD56 
 2278 0d9a 923DDD69 		.ascii	"\222=\335iG\260\333\351\215\322\216\354\336\021\342"
 2278      47B0DBE9 
 2278      8DD28EEC 
 2278      DE11E2
 2279 0da9 020726B9 		.ascii	"\002\007&\271\035.w\246P\312\310t\277\367\003[Rz\252"
 2279      1D2E77A6 
 2279      50CAC874 
 2279      BFF7035B 
 2279      527AAA
 2280 0dbc DB96EC48 		.ascii	"\333\226\354H\263\375\"\335\231\225\352N\363zl\257O"
 2280      B3FD22DD 
 2280      9995EA4E 
 2280      F37A6CAF 
 2280      4F
 2281 0dcd 9FF1967D 		.ascii	"\237\361\226}\226#\305\221\346t+/>\321\357\3444gJ\226"
 2281      9623C591 
 2281      E6742B2F 
 2281      3ED1EFE4 
 2281      34674A96 
 2282 0de1 CB1DE47B 		.ascii	"\313\035\344{\222\022\027l\316\356\215\260\277\236\236"
 2282      9212176C 
 2282      CEEE8DB0 
 2282      BF9E9E
 2283 0df0 9E12C71C 		.ascii	"\236\022\307\034\341Ny\354\034\033\033tf\367ZP/\023"
 2283      E14E79EC 
 2283      1C1B1B74 
 2283      66F75A50 
 2283      2F13
 2284 0e02 55DEB5F3 		.ascii	"U\336\265\363\000\376\226\231\354u\343\2619+9\315\373"
 2284      00FE9699 
 2284      EC75E3B1 
 2284      392B39CD 
 2284      FB
ARM GAS  /tmp/ccV1UOBG.s 			page 93


 2285 0e13 E224A4E1 		.ascii	"\342$\244\341\027M)\231Yv\217;5\342\257Y\356,\267\201"
 2285      174D2999 
 2285      59768F3B 
 2285      35E2AF59 
 2285      EE2CB781 
 2286 0e27 C56E4666 		.ascii	"\305nFf~fQ\017\354^\003\213\357\271\307x\237\351\015"
 2286      7E66510F 
 2286      EC5E038B 
 2286      EFB9C778 
 2286      9FE90D
 2287 0e3a 703D25D9 		.ascii	"p=%\331\343en\263\014\"\257##)=\323M1\275\021<\305?"
 2287      E3656EB3 
 2287      0C22AF23 
 2287      23293DD3 
 2287      4D31BD11 
 2288 0e51 FA361CA8 		.ascii	"\3726\034\250\207\014Q\232:VF\004\205#\024\03563\247"
 2288      870C519A 
 2288      3A564604 
 2288      8523141D 
 2288      3633A7
 2289 0e64 99AB71A2 		.ascii	"\231\253q\242\032\354Td\207_a\276\306\006\015c\264\230"
 2289      1AEC5464 
 2289      875F61BE 
 2289      C6060D63 
 2289      B498
 2290 0e76 9DF732D8 		.ascii	"\235\3672\330\267\347\003\243'\371\003\026\023\236\244"
 2290      B7E703A3 
 2290      27F90316 
 2290      139EA4
 2291 0e85 45B0D466 		.ascii	"E\260\324f\360\3574\243\310\021K\334\273)\216D\017\232"
 2291      F0EF34A3 
 2291      C8114BDC 
 2291      BB298E44 
 2291      0F9A
 2292 0e97 45883836 		.ascii	"E\21086\261#4\317\177\377\342\236\315\257$f\246ge\030"
 2292      B12334CF 
 2292      7FFFE29E 
 2292      CDAF2466 
 2292      A6676518 
 2293 0eab 5C19DE4C 		.ascii	"\\\031\336L:q\262\022\353\310L}\357%\367\204\324\377"
 2293      3A71B212 
 2293      EBC84C7D 
 2293      EF25F784 
 2293      D4FF
 2294 0ebd 7A37E379 		.ascii	"z7\343yW\206bq\246gz\335\357OH}I\261\360\002&\272\275"
 2294      57866271 
 2294      A6677ADD 
 2294      EF4F487D 
 2294      49B1F002 
 2295 0ed4 768FEDBB 		.ascii	"v\217\355\273\265\256\022\303\242`\232)\016\017\252"
 2295      B5AE12C3 
 2295      A2609A29 
 2295      0E0FAA
 2296 0ee3 63FF4D61 		.ascii	"c\377Ma\227~\303\213=5-\231\345\200\217\374\322\355"
 2296      977EC38B 
 2296      3D352D99 
 2296      E5808FFC 
ARM GAS  /tmp/ccV1UOBG.s 			page 94


 2296      D2ED
 2297 0ef5 15834FC9 		.ascii	"\025\203O\311\201\031\356\024\267\303\243\"Gh\243\016"
 2297      8119EE14 
 2297      B7C3A322 
 2297      4768A30E 
 2298 0f05 97181A29 		.ascii	"\227\030\032)G~\317\242\026CX\361\231\356\324\337;\222"
 2298      477ECFA2 
 2298      164358F1 
 2298      99EED4DF 
 2298      3B92
 2299 0f17 BD332352 		.ascii	"\2753#R=\211vo,\037\320\215Y\371\371\314\344\3044G\312"
 2299      3D89766F 
 2299      2C1FD08D 
 2299      59F9F9CC 
 2299      E4C43447 
 2300 0f2c 548333C9 		.ascii	"T\2033\311\221\031m\307\264x\355\257\2776\363\215\351"
 2300      91196DC7 
 2300      B478EDAF 
 2300      BF36F38D 
 2300      E9
 2301 0f3d 33A6463B 		.ascii	"3\246F;R\376\346\230\355\261'\247\245$\247\271\337x"
 2301      52FEE698 
 2301      EDB127A7 
 2301      A524A7B9 
 2301      DF78
 2302 0f4f 4CACCEF4 		.ascii	"L\254\316\364\324\324\3644\033\026\320\366\332\214i"
 2302      D4D4F434 
 2302      1B16D0F6 
 2302      DA8C69
 2303 0f5e B629D366 		.ascii	"\266)\323fN\235i\233\202\205\266MU{ \325\223\354\261"
 2303      4E9D699B 
 2303      8285B64D 
 2303      557B20D5 
 2303      93ECB1
 2304 0f71 273A9DAC 		.ascii	"':\235\254\017\320\346l\317\357\322R\322\235\177\371"
 2304      0FD0E66C 
 2304      CFEFD252 
 2304      D29D7FF9 
 2305 0f81 76ED339B 		.ascii	"v\3553\2335`T\006\246\337\236\305\325~\362dG\030\322"
 2305      35605406 
 2305      A6DF9EC5 
 2305      D57EF264 
 2305      4718D2
 2306 0f94 C35C79EF 		.ascii	"\303\\y\357\245\011\323\220\000\013\347F"
 2306      A509D390 
 2306      000BE746 
 2307 0fa0 86486EF8 		.ascii	"\206Hn\370-\324\217\344\\\214)\206'\340M\254\005\313"
 2307      2DD48FE4 
 2307      5C8C2986 
 2307      27E04DAC 
 2307      05CB
 2308 0fb2 D2D4387E 		.ascii	"\322\3248~\212\251\237\222\236\225\346ug\312\001v]&"
 2308      8AA99F92 
 2308      9E95E675 
 2308      67CA0176 
 2308      5D26
 2309 0fc4 E9FF01A8 		.ascii	"\351\377\001\250#\027\304"
ARM GAS  /tmp/ccV1UOBG.s 			page 95


 2309      2317C4
 2310              		.text
 2311              		.section	.gnu.lto_.symtab.ffbfd91aed4f9a27,"e",%progbits
 2312 0000 63684361 		.ascii	"chCacheObjectInit\000"
 2312      6368654F 
 2312      626A6563 
 2312      74496E69 
 2312      7400
 2313 0012 00       		.ascii	"\000"
 2314 0013 00       		.ascii	"\000"
 2315 0014 00       		.ascii	"\000"
 2316 0015 00000000 		.ascii	"\000\000\000\000\000\000\000\000"
 2316      00000000 
 2317 001d 5C010000 		.ascii	"\\\001\000\000"
 2318 0021 63684361 		.ascii	"chCacheGetObject\000"
 2318      63686547 
 2318      65744F62 
 2318      6A656374 
 2318      00
 2319 0032 00       		.ascii	"\000"
 2320 0033 00       		.ascii	"\000"
 2321 0034 00       		.ascii	"\000"
 2322 0035 00000000 		.ascii	"\000\000\000\000\000\000\000\000"
 2322      00000000 
 2323 003d 5E010000 		.ascii	"^\001\000\000"
 2324 0041 63684361 		.ascii	"chCacheReleaseObjectI\000"
 2324      63686552 
 2324      656C6561 
 2324      73654F62 
 2324      6A656374 
 2325 0057 00       		.ascii	"\000"
 2326 0058 00       		.ascii	"\000"
 2327 0059 00       		.ascii	"\000"
 2328 005a 00000000 		.ascii	"\000\000\000\000\000\000\000\000"
 2328      00000000 
 2329 0062 63010000 		.ascii	"c\001\000\000"
 2330 0066 63684361 		.ascii	"chCacheReadObject\000"
 2330      63686552 
 2330      6561644F 
 2330      626A6563 
 2330      7400
 2331 0078 00       		.ascii	"\000"
 2332 0079 00       		.ascii	"\000"
 2333 007a 00       		.ascii	"\000"
 2334 007b 00000000 		.ascii	"\000\000\000\000\000\000\000\000"
 2334      00000000 
 2335 0083 65010000 		.ascii	"e\001\000\000"
 2336 0087 63684361 		.ascii	"chCacheWriteObject\000"
 2336      63686557 
 2336      72697465 
 2336      4F626A65 
 2336      637400
 2337 009a 00       		.ascii	"\000"
 2338 009b 00       		.ascii	"\000"
 2339 009c 00       		.ascii	"\000"
 2340 009d 00000000 		.ascii	"\000\000\000\000\000\000\000\000"
 2340      00000000 
ARM GAS  /tmp/ccV1UOBG.s 			page 96


 2341 00a5 67010000 		.ascii	"g\001\000\000"
 2342 00a9 63685365 		.ascii	"chSemWaitS\000"
 2342      6D576169 
 2342      745300
 2343 00b4 00       		.ascii	"\000"
 2344 00b5 02       		.ascii	"\002"
 2345 00b6 00       		.ascii	"\000"
 2346 00b7 00000000 		.ascii	"\000\000\000\000\000\000\000\000"
 2346      00000000 
 2347 00bf 70010000 		.ascii	"p\001\000\000"
 2348 00c3 63685365 		.ascii	"chSemObjectInit\000"
 2348      6D4F626A 
 2348      65637449 
 2348      6E697400 
 2349 00d3 00       		.ascii	"\000"
 2350 00d4 02       		.ascii	"\002"
 2351 00d5 00       		.ascii	"\000"
 2352 00d6 00000000 		.ascii	"\000\000\000\000\000\000\000\000"
 2352      00000000 
 2353 00de 75010000 		.ascii	"u\001\000\000"
 2354 00e2 63685365 		.ascii	"chSemSignalI\000"
 2354      6D536967 
 2354      6E616C49 
 2354      00
 2355 00ef 00       		.ascii	"\000"
 2356 00f0 02       		.ascii	"\002"
 2357 00f1 00       		.ascii	"\000"
 2358 00f2 00000000 		.ascii	"\000\000\000\000\000\000\000\000"
 2358      00000000 
 2359 00fa 79010000 		.ascii	"y\001\000\000"
 2360              		.text
 2361              		.section	.gnu.lto_.ext_symtab.ffbfd91aed4f9a27,"e",%progbits
 2362 0000 01       		.ascii	"\001"
 2363 0001 01       		.ascii	"\001"
 2364 0002 00       		.ascii	"\000"
 2365 0003 01       		.ascii	"\001"
 2366 0004 00       		.ascii	"\000"
 2367 0005 01       		.ascii	"\001"
 2368 0006 00       		.ascii	"\000"
 2369 0007 01       		.ascii	"\001"
 2370 0008 00       		.ascii	"\000"
 2371 0009 01       		.ascii	"\001"
 2372 000a 00       		.ascii	"\000"
 2373 000b 01       		.ascii	"\001"
 2374 000c 00       		.ascii	"\000"
 2375 000d 01       		.ascii	"\001"
 2376 000e 00       		.ascii	"\000"
 2377 000f 01       		.ascii	"\001"
 2378 0010 00       		.ascii	"\000"
 2379              		.text
 2380              		.section	.gnu.lto_.opts,"e",%progbits
 2381 0000 272D666E 		.ascii	"'-fno-openmp' '-fno-openacc' '-fno-pie' '-fcf-prote"
 2381      6F2D6F70 
 2381      656E6D70 
 2381      2720272D 
 2381      666E6F2D 
 2382 0033 6374696F 		.ascii	"ction=none' '-g' '-mcpu=cortex-m7' '-mthumb' '-mflo"
ARM GAS  /tmp/ccV1UOBG.s 			page 97


 2382      6E3D6E6F 
 2382      6E652720 
 2382      272D6727 
 2382      20272D6D 
 2383 0066 61742D61 		.ascii	"at-abi=hard' '-mfpu=fpv5-d16' '-mlibarch=armv7e-m+f"
 2383      62693D68 
 2383      61726427 
 2383      20272D6D 
 2383      6670753D 
 2384 0099 702E6470 		.ascii	"p.dp' '-march=armv7e-m+fp.dp' '-O2' '-fomit-frame-p"
 2384      2720272D 
 2384      6D617263 
 2384      683D6172 
 2384      6D763765 
 2385 00cc 6F696E74 		.ascii	"ointer' '-falign-functions=16' '-ffunction-sections"
 2385      65722720 
 2385      272D6661 
 2385      6C69676E 
 2385      2D66756E 
 2386 00ff 2720272D 		.ascii	"' '-fdata-sections' '-fno-common' '-flto' '-Xassemb"
 2386      66646174 
 2386      612D7365 
 2386      6374696F 
 2386      6E732720 
 2387 0132 6C657227 		.ascii	"ler' '-alms=build/lst/chobjcaches.lst'\000"
 2387      20272D61 
 2387      6C6D733D 
 2387      6275696C 
 2387      642F6C73 
 2388              		.text
 2389              		.comm	__gnu_lto_slim,1,1
 2390              		.ident	"GCC: (15:10.3-2021.07-4) 10.3.1 20210621 (release)"
ARM GAS  /tmp/ccV1UOBG.s 			page 98


DEFINED SYMBOLS
                            *ABS*:0000000000000000 chobjcaches.c
     /tmp/ccV1UOBG.s:27     .gnu.debuglto_.debug_info:0000000000000000 chobjcaches.c.b92a6698
                            *COM*:0000000000000001 __gnu_lto_slim

NO UNDEFINED SYMBOLS
