ARM GAS  /tmp/cc31lriK.s 			page 1


   1              		.cpu cortex-m7
   2              		.eabi_attribute 28, 1
   3              		.eabi_attribute 20, 1
   4              		.eabi_attribute 21, 1
   5              		.eabi_attribute 23, 3
   6              		.eabi_attribute 24, 1
   7              		.eabi_attribute 25, 1
   8              		.eabi_attribute 26, 1
   9              		.eabi_attribute 30, 2
  10              		.eabi_attribute 34, 1
  11              		.eabi_attribute 18, 4
  12              		.file	"chrfcu.c"
  13              		.file 1 "/usr/lib/gcc/arm-none-eabi/10.3.1/include/stdint.h"
  14              		.file 2 "third_party/ChibiOS/os/common/ports/ARM-common/chtypes.h"
  15              		.file 3 "third_party/ChibiOS/os/rt/include/chearly.h"
  16              		.file 4 "third_party/ChibiOS/os/rt/include/chobjects.h"
  17              		.file 5 "third_party/ChibiOS/os/rt/include/chrfcu.h"
  18              		.file 6 "third_party/ChibiOS/os/rt/include/chdebug.h"
  19              		.file 7 "third_party/ChibiOS/os/rt/include/chtime.h"
  20              		.file 8 "third_party/ChibiOS/os/rt/include/chlists.h"
  21              		.file 9 "third_party/ChibiOS/os/rt/include/chtrace.h"
  22              		.file 10 "third_party/ChibiOS/os/common/ports/ARMv7-M/chcore.h"
  23              		.file 11 "third_party/ChibiOS/os/rt/include/chsem.h"
  24              		.file 12 "third_party/ChibiOS/os/rt/include/chmtx.h"
  25              		.file 13 "third_party/ChibiOS/os/rt/src/chrfcu.c"
  26              		.file 14 "third_party/ChibiOS/os/rt/include/chsys.h"
  27              		.section	.gnu.debuglto_.debug_info,"e",%progbits
  28              	.Ldebug_info0:
  29              		.hidden	chrfcu.c.22ba5c22
  30              		.weak	chrfcu.c.22ba5c22
  31              	chrfcu.c.22ba5c22:
  32 0000 F4090000 		.4byte	0x9f4
  33 0004 0400     		.2byte	0x4
  34 0006 00000000 		.4byte	.Ldebug_abbrev0
  35 000a 04       		.byte	0x4
  36 000b 01       		.uleb128 0x1
  37 000c A2010000 		.4byte	.LASF117
  38 0010 0C       		.byte	0xc
  39 0011 C1030000 		.4byte	.LASF118
  40 0015 89050000 		.4byte	.LASF119
  41 0019 00000000 		.4byte	.Ldebug_line0
  42 001d 02       		.uleb128 0x2
  43 001e 04       		.byte	0x4
  44 001f 05       		.byte	0x5
  45 0020 696E7400 		.ascii	"int\000"
  46 0024 03       		.uleb128 0x3
  47 0025 04       		.byte	0x4
  48 0026 07       		.byte	0x7
  49 0027 68010000 		.4byte	.LASF0
  50 002b 03       		.uleb128 0x3
  51 002c 08       		.byte	0x8
  52 002d 05       		.byte	0x5
  53 002e 6D000000 		.4byte	.LASF1
  54 0032 03       		.uleb128 0x3
  55 0033 08       		.byte	0x8
  56 0034 04       		.byte	0x4
  57 0035 A6040000 		.4byte	.LASF2
ARM GAS  /tmp/cc31lriK.s 			page 2


  58 0039 03       		.uleb128 0x3
  59 003a 01       		.byte	0x1
  60 003b 06       		.byte	0x6
  61 003c 7B000000 		.4byte	.LASF3
  62 0040 03       		.uleb128 0x3
  63 0041 02       		.byte	0x2
  64 0042 05       		.byte	0x5
  65 0043 38040000 		.4byte	.LASF4
  66 0047 04       		.uleb128 0x4
  67 0048 1B040000 		.4byte	.LASF6
  68 004c 01       		.byte	0x1
  69 004d 28       		.byte	0x28
  70 004e 18       		.byte	0x18
  71 004f 53000000 		.4byte	0x53
  72 0053 03       		.uleb128 0x3
  73 0054 04       		.byte	0x4
  74 0055 05       		.byte	0x5
  75 0056 C4000000 		.4byte	.LASF5
  76 005a 04       		.uleb128 0x4
  77 005b 7B050000 		.4byte	.LASF7
  78 005f 01       		.byte	0x1
  79 0060 2E       		.byte	0x2e
  80 0061 18       		.byte	0x18
  81 0062 66000000 		.4byte	0x66
  82 0066 03       		.uleb128 0x3
  83 0067 01       		.byte	0x1
  84 0068 08       		.byte	0x8
  85 0069 23040000 		.4byte	.LASF8
  86 006d 04       		.uleb128 0x4
  87 006e DE000000 		.4byte	.LASF9
  88 0072 01       		.byte	0x1
  89 0073 31       		.byte	0x31
  90 0074 19       		.byte	0x19
  91 0075 79000000 		.4byte	0x79
  92 0079 03       		.uleb128 0x3
  93 007a 02       		.byte	0x2
  94 007b 07       		.byte	0x7
  95 007c 92020000 		.4byte	.LASF10
  96 0080 04       		.uleb128 0x4
  97 0081 80040000 		.4byte	.LASF11
  98 0085 01       		.byte	0x1
  99 0086 34       		.byte	0x34
 100 0087 19       		.byte	0x19
 101 0088 8C000000 		.4byte	0x8c
 102 008c 03       		.uleb128 0x3
 103 008d 04       		.byte	0x4
 104 008e 07       		.byte	0x7
 105 008f 87000000 		.4byte	.LASF12
 106 0093 04       		.uleb128 0x4
 107 0094 83030000 		.4byte	.LASF13
 108 0098 01       		.byte	0x1
 109 0099 37       		.byte	0x37
 110 009a 19       		.byte	0x19
 111 009b A4000000 		.4byte	0xa4
 112 009f 05       		.uleb128 0x5
 113 00a0 93000000 		.4byte	0x93
 114 00a4 03       		.uleb128 0x3
ARM GAS  /tmp/cc31lriK.s 			page 3


 115 00a5 08       		.byte	0x8
 116 00a6 07       		.byte	0x7
 117 00a7 A7000000 		.4byte	.LASF14
 118 00ab 04       		.uleb128 0x4
 119 00ac 90040000 		.4byte	.LASF15
 120 00b0 02       		.byte	0x2
 121 00b1 48       		.byte	0x48
 122 00b2 1D       		.byte	0x1d
 123 00b3 93000000 		.4byte	0x93
 124 00b7 04       		.uleb128 0x4
 125 00b8 13030000 		.4byte	.LASF16
 126 00bc 03       		.byte	0x3
 127 00bd 50       		.byte	0x50
 128 00be 19       		.byte	0x19
 129 00bf AB000000 		.4byte	0xab
 130 00c3 04       		.uleb128 0x4
 131 00c4 BE020000 		.4byte	.LASF17
 132 00c8 03       		.byte	0x3
 133 00c9 53       		.byte	0x53
 134 00ca 19       		.byte	0x19
 135 00cb 5A000000 		.4byte	0x5a
 136 00cf 04       		.uleb128 0x4
 137 00d0 CD000000 		.4byte	.LASF18
 138 00d4 03       		.byte	0x3
 139 00d5 54       		.byte	0x54
 140 00d6 19       		.byte	0x19
 141 00d7 5A000000 		.4byte	0x5a
 142 00db 04       		.uleb128 0x4
 143 00dc F2030000 		.4byte	.LASF19
 144 00e0 03       		.byte	0x3
 145 00e1 55       		.byte	0x55
 146 00e2 19       		.byte	0x19
 147 00e3 5A000000 		.4byte	0x5a
 148 00e7 04       		.uleb128 0x4
 149 00e8 04040000 		.4byte	.LASF20
 150 00ec 03       		.byte	0x3
 151 00ed 57       		.byte	0x57
 152 00ee 19       		.byte	0x19
 153 00ef 80000000 		.4byte	0x80
 154 00f3 04       		.uleb128 0x4
 155 00f4 AF020000 		.4byte	.LASF21
 156 00f8 03       		.byte	0x3
 157 00f9 58       		.byte	0x58
 158 00fa 19       		.byte	0x19
 159 00fb 47000000 		.4byte	0x47
 160 00ff 04       		.uleb128 0x4
 161 0100 DC020000 		.4byte	.LASF22
 162 0104 03       		.byte	0x3
 163 0105 5A       		.byte	0x5a
 164 0106 19       		.byte	0x19
 165 0107 80000000 		.4byte	0x80
 166 010b 04       		.uleb128 0x4
 167 010c 59010000 		.4byte	.LASF23
 168 0110 03       		.byte	0x3
 169 0111 5C       		.byte	0x5c
 170 0112 19       		.byte	0x19
 171 0113 47000000 		.4byte	0x47
ARM GAS  /tmp/cc31lriK.s 			page 4


 172 0117 04       		.uleb128 0x4
 173 0118 E8030000 		.4byte	.LASF24
 174 011c 03       		.byte	0x3
 175 011d 80       		.byte	0x80
 176 011e 12       		.byte	0x12
 177 011f 24000000 		.4byte	0x24
 178 0123 04       		.uleb128 0x4
 179 0124 C5040000 		.4byte	.LASF25
 180 0128 03       		.byte	0x3
 181 0129 85       		.byte	0x85
 182 012a 1A       		.byte	0x1a
 183 012b 2F010000 		.4byte	0x12f
 184 012f 06       		.uleb128 0x6
 185 0130 A5020000 		.4byte	.LASF40
 186 0134 48       		.byte	0x48
 187 0135 04       		.byte	0x4
 188 0136 9C       		.byte	0x9c
 189 0137 08       		.byte	0x8
 190 0138 12020000 		.4byte	0x212
 191 013c 07       		.uleb128 0x7
 192 013d 68647200 		.ascii	"hdr\000"
 193 0141 04       		.byte	0x4
 194 0142 AD       		.byte	0xad
 195 0143 05       		.byte	0x5
 196 0144 CB070000 		.4byte	0x7cb
 197 0148 00       		.byte	0
 198 0149 07       		.uleb128 0x7
 199 014a 63747800 		.ascii	"ctx\000"
 200 014e 04       		.byte	0x4
 201 014f B1       		.byte	0xb1
 202 0150 21       		.byte	0x21
 203 0151 35070000 		.4byte	0x735
 204 0155 0C       		.byte	0xc
 205 0156 08       		.uleb128 0x8
 206 0157 9B010000 		.4byte	.LASF26
 207 015b 04       		.byte	0x4
 208 015c B6       		.byte	0xb6
 209 015d 21       		.byte	0x21
 210 015e 62030000 		.4byte	0x362
 211 0162 10       		.byte	0x10
 212 0163 08       		.uleb128 0x8
 213 0164 A0040000 		.4byte	.LASF27
 214 0168 04       		.byte	0x4
 215 0169 BB       		.byte	0xbb
 216 016a 22       		.byte	0x22
 217 016b D8080000 		.4byte	0x8d8
 218 016f 18       		.byte	0x18
 219 0170 08       		.uleb128 0x8
 220 0171 7C020000 		.4byte	.LASF28
 221 0175 04       		.byte	0x4
 222 0176 C0       		.byte	0xc0
 223 0177 22       		.byte	0x22
 224 0178 FA020000 		.4byte	0x2fa
 225 017c 1C       		.byte	0x1c
 226 017d 08       		.uleb128 0x8
 227 017e B2040000 		.4byte	.LASF29
 228 0182 04       		.byte	0x4
ARM GAS  /tmp/cc31lriK.s 			page 5


 229 0183 C9       		.byte	0xc9
 230 0184 22       		.byte	0x22
 231 0185 DE080000 		.4byte	0x8de
 232 0189 20       		.byte	0x20
 233 018a 08       		.uleb128 0x8
 234 018b BE000000 		.4byte	.LASF30
 235 018f 04       		.byte	0x4
 236 0190 CE       		.byte	0xce
 237 0191 21       		.byte	0x21
 238 0192 CF000000 		.4byte	0xcf
 239 0196 24       		.byte	0x24
 240 0197 08       		.uleb128 0x8
 241 0198 83050000 		.4byte	.LASF31
 242 019c 04       		.byte	0x4
 243 019d D2       		.byte	0xd2
 244 019e 21       		.byte	0x21
 245 019f C3000000 		.4byte	0xc3
 246 01a3 25       		.byte	0x25
 247 01a4 08       		.uleb128 0x8
 248 01a5 FA030000 		.4byte	.LASF32
 249 01a9 04       		.byte	0x4
 250 01aa D7       		.byte	0xd7
 251 01ab 21       		.byte	0x21
 252 01ac DB000000 		.4byte	0xdb
 253 01b0 26       		.byte	0x26
 254 01b1 09       		.uleb128 0x9
 255 01b2 7500     		.ascii	"u\000"
 256 01b4 04       		.byte	0x4
 257 01b5 2801     		.2byte	0x128
 258 01b7 21       		.byte	0x21
 259 01b8 F9070000 		.4byte	0x7f9
 260 01bc 28       		.byte	0x28
 261 01bd 0A       		.uleb128 0xa
 262 01be 2B010000 		.4byte	.LASF33
 263 01c2 04       		.byte	0x4
 264 01c3 2D01     		.2byte	0x12d
 265 01c5 21       		.byte	0x21
 266 01c6 35030000 		.4byte	0x335
 267 01ca 2C       		.byte	0x2c
 268 01cb 0A       		.uleb128 0xa
 269 01cc 5F010000 		.4byte	.LASF34
 270 01d0 04       		.byte	0x4
 271 01d1 3301     		.2byte	0x133
 272 01d3 21       		.byte	0x21
 273 01d4 62030000 		.4byte	0x362
 274 01d8 30       		.byte	0x30
 275 01d9 0A       		.uleb128 0xa
 276 01da B5020000 		.4byte	.LASF35
 277 01de 04       		.byte	0x4
 278 01df 3901     		.2byte	0x139
 279 01e1 21       		.byte	0x21
 280 01e2 FF000000 		.4byte	0xff
 281 01e6 38       		.byte	0x38
 282 01e7 0A       		.uleb128 0xa
 283 01e8 D4050000 		.4byte	.LASF36
 284 01ec 04       		.byte	0x4
 285 01ed 4001     		.2byte	0x140
ARM GAS  /tmp/cc31lriK.s 			page 6


 286 01ef 22       		.byte	0x22
 287 01f0 D2080000 		.4byte	0x8d2
 288 01f4 3C       		.byte	0x3c
 289 01f5 0A       		.uleb128 0xa
 290 01f6 30030000 		.4byte	.LASF37
 291 01fa 04       		.byte	0x4
 292 01fb 4401     		.2byte	0x144
 293 01fd 21       		.byte	0x21
 294 01fe E7000000 		.4byte	0xe7
 295 0202 40       		.byte	0x40
 296 0203 0A       		.uleb128 0xa
 297 0204 87020000 		.4byte	.LASF38
 298 0208 04       		.byte	0x4
 299 0209 4B01     		.2byte	0x14b
 300 020b 22       		.byte	0x22
 301 020c 54040000 		.4byte	0x454
 302 0210 44       		.byte	0x44
 303 0211 00       		.byte	0
 304 0212 04       		.uleb128 0x4
 305 0213 19050000 		.4byte	.LASF39
 306 0217 03       		.byte	0x3
 307 0218 8A       		.byte	0x8a
 308 0219 1F       		.byte	0x1f
 309 021a 1E020000 		.4byte	0x21e
 310 021e 0B       		.uleb128 0xb
 311 021f 0A050000 		.4byte	.LASF41
 312 0223 9008     		.2byte	0x890
 313 0225 04       		.byte	0x4
 314 0226 8A01     		.2byte	0x18a
 315 0228 08       		.byte	0x8
 316 0229 AC020000 		.4byte	0x2ac
 317 022d 0A       		.uleb128 0xa
 318 022e 75050000 		.4byte	.LASF42
 319 0232 04       		.byte	0x4
 320 0233 8E01     		.2byte	0x18e
 321 0235 21       		.byte	0x21
 322 0236 0F090000 		.4byte	0x90f
 323 023a 00       		.byte	0
 324 023b 0A       		.uleb128 0xa
 325 023c 30000000 		.4byte	.LASF43
 326 0240 04       		.byte	0x4
 327 0241 9201     		.2byte	0x192
 328 0243 21       		.byte	0x21
 329 0244 8C070000 		.4byte	0x78c
 330 0248 10       		.byte	0x10
 331 0249 0A       		.uleb128 0xa
 332 024a 27050000 		.4byte	.LASF44
 333 024e 04       		.byte	0x4
 334 024f 9901     		.2byte	0x199
 335 0251 21       		.byte	0x21
 336 0252 B3070000 		.4byte	0x7b3
 337 0256 28       		.byte	0x28
 338 0257 0A       		.uleb128 0xa
 339 0258 59040000 		.4byte	.LASF45
 340 025c 04       		.byte	0x4
 341 025d 9E01     		.2byte	0x19e
 342 025f 21       		.byte	0x21
ARM GAS  /tmp/cc31lriK.s 			page 7


 343 0260 17010000 		.4byte	0x117
 344 0264 30       		.byte	0x30
 345 0265 0A       		.uleb128 0xa
 346 0266 1A000000 		.4byte	.LASF46
 347 026a 04       		.byte	0x4
 348 026b A401     		.2byte	0x1a4
 349 026d 21       		.byte	0x21
 350 026e D3020000 		.4byte	0x2d3
 351 0272 34       		.byte	0x34
 352 0273 0A       		.uleb128 0xa
 353 0274 BE040000 		.4byte	.LASF47
 354 0278 04       		.byte	0x4
 355 0279 A901     		.2byte	0x1a9
 356 027b 22       		.byte	0x22
 357 027c 83090000 		.4byte	0x983
 358 0280 38       		.byte	0x38
 359 0281 0A       		.uleb128 0xa
 360 0282 4F000000 		.4byte	.LASF48
 361 0286 04       		.byte	0x4
 362 0287 AD01     		.2byte	0x1ad
 363 0289 21       		.byte	0x21
 364 028a 23010000 		.4byte	0x123
 365 028e 3C       		.byte	0x3c
 366 028f 09       		.uleb128 0x9
 367 0290 64626700 		.ascii	"dbg\000"
 368 0294 04       		.byte	0x4
 369 0295 B101     		.2byte	0x1b1
 370 0297 21       		.byte	0x21
 371 0298 11030000 		.4byte	0x311
 372 029c 84       		.byte	0x84
 373 029d 0A       		.uleb128 0xa
 374 029e B3050000 		.4byte	.LASF49
 375 02a2 04       		.byte	0x4
 376 02a3 B601     		.2byte	0x1b6
 377 02a5 21       		.byte	0x21
 378 02a6 C3050000 		.4byte	0x5c3
 379 02aa 88       		.byte	0x88
 380 02ab 00       		.byte	0
 381 02ac 04       		.uleb128 0x4
 382 02ad 39030000 		.4byte	.LASF50
 383 02b1 05       		.byte	0x5
 384 02b2 3F       		.byte	0x3f
 385 02b3 12       		.byte	0x12
 386 02b4 80000000 		.4byte	0x80
 387 02b8 06       		.uleb128 0x6
 388 02b9 D6000000 		.4byte	.LASF51
 389 02bd 04       		.byte	0x4
 390 02be 05       		.byte	0x5
 391 02bf 44       		.byte	0x44
 392 02c0 10       		.byte	0x10
 393 02c1 D3020000 		.4byte	0x2d3
 394 02c5 08       		.uleb128 0x8
 395 02c6 0B010000 		.4byte	.LASF52
 396 02ca 05       		.byte	0x5
 397 02cb 48       		.byte	0x48
 398 02cc 21       		.byte	0x21
 399 02cd AC020000 		.4byte	0x2ac
ARM GAS  /tmp/cc31lriK.s 			page 8


 400 02d1 00       		.byte	0
 401 02d2 00       		.byte	0
 402 02d3 04       		.uleb128 0x4
 403 02d4 31040000 		.4byte	.LASF53
 404 02d8 05       		.byte	0x5
 405 02d9 49       		.byte	0x49
 406 02da 03       		.byte	0x3
 407 02db B8020000 		.4byte	0x2b8
 408 02df 06       		.uleb128 0x6
 409 02e0 1B010000 		.4byte	.LASF54
 410 02e4 04       		.byte	0x4
 411 02e5 06       		.byte	0x6
 412 02e6 3E       		.byte	0x3e
 413 02e7 10       		.byte	0x10
 414 02e8 FA020000 		.4byte	0x2fa
 415 02ec 08       		.uleb128 0x8
 416 02ed F9040000 		.4byte	.LASF55
 417 02f1 06       		.byte	0x6
 418 02f2 46       		.byte	0x46
 419 02f3 24       		.byte	0x24
 420 02f4 00030000 		.4byte	0x300
 421 02f8 00       		.byte	0
 422 02f9 00       		.byte	0
 423 02fa 0C       		.uleb128 0xc
 424 02fb 04       		.byte	0x4
 425 02fc 0C030000 		.4byte	0x30c
 426 0300 05       		.uleb128 0x5
 427 0301 FA020000 		.4byte	0x2fa
 428 0305 03       		.uleb128 0x3
 429 0306 01       		.byte	0x1
 430 0307 08       		.byte	0x8
 431 0308 B9040000 		.4byte	.LASF56
 432 030c 0D       		.uleb128 0xd
 433 030d 05030000 		.4byte	0x305
 434 0311 04       		.uleb128 0x4
 435 0312 8C010000 		.4byte	.LASF57
 436 0316 06       		.byte	0x6
 437 0317 51       		.byte	0x51
 438 0318 03       		.byte	0x3
 439 0319 DF020000 		.4byte	0x2df
 440 031d 04       		.uleb128 0x4
 441 031e D4040000 		.4byte	.LASF58
 442 0322 07       		.byte	0x7
 443 0323 6D       		.byte	0x6d
 444 0324 12       		.byte	0x12
 445 0325 80000000 		.4byte	0x80
 446 0329 04       		.uleb128 0x4
 447 032a 4B010000 		.4byte	.LASF59
 448 032e 07       		.byte	0x7
 449 032f 79       		.byte	0x79
 450 0330 12       		.byte	0x12
 451 0331 80000000 		.4byte	0x80
 452 0335 04       		.uleb128 0x4
 453 0336 6F030000 		.4byte	.LASF60
 454 033a 08       		.byte	0x8
 455 033b 32       		.byte	0x32
 456 033c 18       		.byte	0x18
ARM GAS  /tmp/cc31lriK.s 			page 9


 457 033d 41030000 		.4byte	0x341
 458 0341 06       		.uleb128 0x6
 459 0342 C6020000 		.4byte	.LASF61
 460 0346 04       		.byte	0x4
 461 0347 08       		.byte	0x8
 462 0348 38       		.byte	0x38
 463 0349 08       		.byte	0x8
 464 034a 5C030000 		.4byte	0x35c
 465 034e 08       		.uleb128 0x8
 466 034f 68000000 		.4byte	.LASF62
 467 0353 08       		.byte	0x8
 468 0354 39       		.byte	0x39
 469 0355 1A       		.byte	0x1a
 470 0356 5C030000 		.4byte	0x35c
 471 035a 00       		.byte	0
 472 035b 00       		.byte	0
 473 035c 0C       		.uleb128 0xc
 474 035d 04       		.byte	0x4
 475 035e 35030000 		.4byte	0x335
 476 0362 04       		.uleb128 0x4
 477 0363 10010000 		.4byte	.LASF63
 478 0367 08       		.byte	0x8
 479 0368 3F       		.byte	0x3f
 480 0369 19       		.byte	0x19
 481 036a 6E030000 		.4byte	0x36e
 482 036e 06       		.uleb128 0x6
 483 036f 0C040000 		.4byte	.LASF64
 484 0373 08       		.byte	0x8
 485 0374 08       		.byte	0x8
 486 0375 45       		.byte	0x45
 487 0376 08       		.byte	0x8
 488 0377 96030000 		.4byte	0x396
 489 037b 08       		.uleb128 0x8
 490 037c 68000000 		.4byte	.LASF62
 491 0380 08       		.byte	0x8
 492 0381 46       		.byte	0x46
 493 0382 1A       		.byte	0x1a
 494 0383 96030000 		.4byte	0x396
 495 0387 00       		.byte	0
 496 0388 08       		.uleb128 0x8
 497 0389 1F000000 		.4byte	.LASF65
 498 038d 08       		.byte	0x8
 499 038e 47       		.byte	0x47
 500 038f 1A       		.byte	0x1a
 501 0390 96030000 		.4byte	0x396
 502 0394 04       		.byte	0x4
 503 0395 00       		.byte	0
 504 0396 0C       		.uleb128 0xc
 505 0397 04       		.byte	0x4
 506 0398 62030000 		.4byte	0x362
 507 039c 04       		.uleb128 0x4
 508 039d E5040000 		.4byte	.LASF66
 509 03a1 08       		.byte	0x8
 510 03a2 4E       		.byte	0x4e
 511 03a3 22       		.byte	0x22
 512 03a4 A8030000 		.4byte	0x3a8
 513 03a8 06       		.uleb128 0x6
ARM GAS  /tmp/cc31lriK.s 			page 10


 514 03a9 2F050000 		.4byte	.LASF67
 515 03ad 0C       		.byte	0xc
 516 03ae 08       		.byte	0x8
 517 03af 55       		.byte	0x55
 518 03b0 08       		.byte	0x8
 519 03b1 DD030000 		.4byte	0x3dd
 520 03b5 08       		.uleb128 0x8
 521 03b6 68000000 		.4byte	.LASF62
 522 03ba 08       		.byte	0x8
 523 03bb 56       		.byte	0x56
 524 03bc 1A       		.byte	0x1a
 525 03bd DD030000 		.4byte	0x3dd
 526 03c1 00       		.byte	0
 527 03c2 08       		.uleb128 0x8
 528 03c3 1F000000 		.4byte	.LASF65
 529 03c7 08       		.byte	0x8
 530 03c8 57       		.byte	0x57
 531 03c9 1A       		.byte	0x1a
 532 03ca DD030000 		.4byte	0x3dd
 533 03ce 04       		.byte	0x4
 534 03cf 08       		.uleb128 0x8
 535 03d0 B4030000 		.4byte	.LASF68
 536 03d4 08       		.byte	0x8
 537 03d5 58       		.byte	0x58
 538 03d6 19       		.byte	0x19
 539 03d7 E7000000 		.4byte	0xe7
 540 03db 08       		.byte	0x8
 541 03dc 00       		.byte	0
 542 03dd 0C       		.uleb128 0xc
 543 03de 04       		.byte	0x4
 544 03df 9C030000 		.4byte	0x39c
 545 03e3 04       		.uleb128 0x4
 546 03e4 41050000 		.4byte	.LASF69
 547 03e8 08       		.byte	0x8
 548 03e9 5F       		.byte	0x5f
 549 03ea 1E       		.byte	0x1e
 550 03eb EF030000 		.4byte	0x3ef
 551 03ef 06       		.uleb128 0x6
 552 03f0 99000000 		.4byte	.LASF70
 553 03f4 0C       		.byte	0xc
 554 03f5 08       		.byte	0x8
 555 03f6 64       		.byte	0x64
 556 03f7 08       		.byte	0x8
 557 03f8 24040000 		.4byte	0x424
 558 03fc 08       		.uleb128 0x8
 559 03fd 68000000 		.4byte	.LASF62
 560 0401 08       		.byte	0x8
 561 0402 65       		.byte	0x65
 562 0403 1A       		.byte	0x1a
 563 0404 24040000 		.4byte	0x424
 564 0408 00       		.byte	0
 565 0409 08       		.uleb128 0x8
 566 040a 1F000000 		.4byte	.LASF65
 567 040e 08       		.byte	0x8
 568 040f 66       		.byte	0x66
 569 0410 1A       		.byte	0x1a
 570 0411 24040000 		.4byte	0x424
ARM GAS  /tmp/cc31lriK.s 			page 11


 571 0415 04       		.byte	0x4
 572 0416 08       		.uleb128 0x8
 573 0417 62000000 		.4byte	.LASF71
 574 041b 08       		.byte	0x8
 575 041c 67       		.byte	0x67
 576 041d 19       		.byte	0x19
 577 041e 29030000 		.4byte	0x329
 578 0422 08       		.byte	0x8
 579 0423 00       		.byte	0
 580 0424 0C       		.uleb128 0xc
 581 0425 04       		.byte	0x4
 582 0426 E3030000 		.4byte	0x3e3
 583 042a 0E       		.uleb128 0xe
 584 042b 08       		.byte	0x8
 585 042c 09       		.byte	0x9
 586 042d 83       		.byte	0x83
 587 042e 05       		.byte	0x5
 588 042f 4E040000 		.4byte	0x44e
 589 0433 07       		.uleb128 0x7
 590 0434 6E747000 		.ascii	"ntp\000"
 591 0438 09       		.byte	0x9
 592 0439 87       		.byte	0x87
 593 043a 1E       		.byte	0x1e
 594 043b 4E040000 		.4byte	0x44e
 595 043f 00       		.byte	0
 596 0440 08       		.uleb128 0x8
 597 0441 4B040000 		.4byte	.LASF72
 598 0445 09       		.byte	0x9
 599 0446 8B       		.byte	0x8b
 600 0447 1E       		.byte	0x1e
 601 0448 54040000 		.4byte	0x454
 602 044c 04       		.byte	0x4
 603 044d 00       		.byte	0
 604 044e 0C       		.uleb128 0xc
 605 044f 04       		.byte	0x4
 606 0450 23010000 		.4byte	0x123
 607 0454 0F       		.uleb128 0xf
 608 0455 04       		.byte	0x4
 609 0456 0E       		.uleb128 0xe
 610 0457 08       		.byte	0x8
 611 0458 09       		.byte	0x9
 612 0459 90       		.byte	0x90
 613 045a 05       		.byte	0x5
 614 045b 79040000 		.4byte	0x479
 615 045f 07       		.uleb128 0x7
 616 0460 747000   		.ascii	"tp\000"
 617 0463 09       		.byte	0x9
 618 0464 94       		.byte	0x94
 619 0465 1E       		.byte	0x1e
 620 0466 4E040000 		.4byte	0x44e
 621 046a 00       		.byte	0
 622 046b 07       		.uleb128 0x7
 623 046c 6D736700 		.ascii	"msg\000"
 624 0470 09       		.byte	0x9
 625 0471 98       		.byte	0x98
 626 0472 1D       		.byte	0x1d
 627 0473 F3000000 		.4byte	0xf3
ARM GAS  /tmp/cc31lriK.s 			page 12


 628 0477 04       		.byte	0x4
 629 0478 00       		.byte	0
 630 0479 0E       		.uleb128 0xe
 631 047a 04       		.byte	0x4
 632 047b 09       		.byte	0x9
 633 047c 9D       		.byte	0x9d
 634 047d 05       		.byte	0x5
 635 047e 90040000 		.4byte	0x490
 636 0482 08       		.uleb128 0x8
 637 0483 7C020000 		.4byte	.LASF28
 638 0487 09       		.byte	0x9
 639 0488 A1       		.byte	0xa1
 640 0489 1E       		.byte	0x1e
 641 048a FA020000 		.4byte	0x2fa
 642 048e 00       		.byte	0
 643 048f 00       		.byte	0
 644 0490 0E       		.uleb128 0xe
 645 0491 04       		.byte	0x4
 646 0492 09       		.byte	0x9
 647 0493 A6       		.byte	0xa6
 648 0494 05       		.byte	0x5
 649 0495 A7040000 		.4byte	0x4a7
 650 0499 08       		.uleb128 0x8
 651 049a 61040000 		.4byte	.LASF73
 652 049e 09       		.byte	0x9
 653 049f AA       		.byte	0xaa
 654 04a0 1E       		.byte	0x1e
 655 04a1 FA020000 		.4byte	0x2fa
 656 04a5 00       		.byte	0
 657 04a6 00       		.byte	0
 658 04a7 0E       		.uleb128 0xe
 659 04a8 08       		.byte	0x8
 660 04a9 09       		.byte	0x9
 661 04aa AF       		.byte	0xaf
 662 04ab 05       		.byte	0x5
 663 04ac CB040000 		.4byte	0x4cb
 664 04b0 07       		.uleb128 0x7
 665 04b1 75703100 		.ascii	"up1\000"
 666 04b5 09       		.byte	0x9
 667 04b6 B3       		.byte	0xb3
 668 04b7 1E       		.byte	0x1e
 669 04b8 54040000 		.4byte	0x454
 670 04bc 00       		.byte	0
 671 04bd 07       		.uleb128 0x7
 672 04be 75703200 		.ascii	"up2\000"
 673 04c2 09       		.byte	0x9
 674 04c3 B7       		.byte	0xb7
 675 04c4 1E       		.byte	0x1e
 676 04c5 54040000 		.4byte	0x454
 677 04c9 04       		.byte	0x4
 678 04ca 00       		.byte	0
 679 04cb 10       		.uleb128 0x10
 680 04cc 08       		.byte	0x8
 681 04cd 09       		.byte	0x9
 682 04ce 7F       		.byte	0x7f
 683 04cf 03       		.byte	0x3
 684 04d0 10050000 		.4byte	0x510
ARM GAS  /tmp/cc31lriK.s 			page 13


 685 04d4 11       		.uleb128 0x11
 686 04d5 737700   		.ascii	"sw\000"
 687 04d8 09       		.byte	0x9
 688 04d9 8C       		.byte	0x8c
 689 04da 07       		.byte	0x7
 690 04db 2A040000 		.4byte	0x42a
 691 04df 11       		.uleb128 0x11
 692 04e0 72647900 		.ascii	"rdy\000"
 693 04e4 09       		.byte	0x9
 694 04e5 99       		.byte	0x99
 695 04e6 07       		.byte	0x7
 696 04e7 56040000 		.4byte	0x456
 697 04eb 11       		.uleb128 0x11
 698 04ec 69737200 		.ascii	"isr\000"
 699 04f0 09       		.byte	0x9
 700 04f1 A2       		.byte	0xa2
 701 04f2 07       		.byte	0x7
 702 04f3 79040000 		.4byte	0x479
 703 04f7 12       		.uleb128 0x12
 704 04f8 4A000000 		.4byte	.LASF74
 705 04fc 09       		.byte	0x9
 706 04fd AB       		.byte	0xab
 707 04fe 07       		.byte	0x7
 708 04ff 90040000 		.4byte	0x490
 709 0503 12       		.uleb128 0x12
 710 0504 FF030000 		.4byte	.LASF75
 711 0508 09       		.byte	0x9
 712 0509 B8       		.byte	0xb8
 713 050a 07       		.byte	0x7
 714 050b A7040000 		.4byte	0x4a7
 715 050f 00       		.byte	0
 716 0510 0E       		.uleb128 0xe
 717 0511 10       		.byte	0x10
 718 0512 09       		.byte	0x9
 719 0513 6C       		.byte	0x6c
 720 0514 09       		.byte	0x9
 721 0515 62050000 		.4byte	0x562
 722 0519 13       		.uleb128 0x13
 723 051a 37000000 		.4byte	.LASF76
 724 051e 09       		.byte	0x9
 725 051f 70       		.byte	0x70
 726 0520 19       		.byte	0x19
 727 0521 80000000 		.4byte	0x80
 728 0525 04       		.byte	0x4
 729 0526 03       		.byte	0x3
 730 0527 1D       		.byte	0x1d
 731 0528 00       		.byte	0
 732 0529 13       		.uleb128 0x13
 733 052a BE000000 		.4byte	.LASF30
 734 052e 09       		.byte	0x9
 735 052f 74       		.byte	0x74
 736 0530 19       		.byte	0x19
 737 0531 80000000 		.4byte	0x80
 738 0535 04       		.byte	0x4
 739 0536 05       		.byte	0x5
 740 0537 18       		.byte	0x18
 741 0538 00       		.byte	0
ARM GAS  /tmp/cc31lriK.s 			page 14


 742 0539 13       		.uleb128 0x13
 743 053a 1E030000 		.4byte	.LASF77
 744 053e 09       		.byte	0x9
 745 053f 7A       		.byte	0x7a
 746 0540 19       		.byte	0x19
 747 0541 80000000 		.4byte	0x80
 748 0545 04       		.byte	0x4
 749 0546 18       		.byte	0x18
 750 0547 00       		.byte	0
 751 0548 00       		.byte	0
 752 0549 08       		.uleb128 0x8
 753 054a AF030000 		.4byte	.LASF78
 754 054e 09       		.byte	0x9
 755 054f 7E       		.byte	0x7e
 756 0550 19       		.byte	0x19
 757 0551 1D030000 		.4byte	0x31d
 758 0555 04       		.byte	0x4
 759 0556 07       		.uleb128 0x7
 760 0557 7500     		.ascii	"u\000"
 761 0559 09       		.byte	0x9
 762 055a B9       		.byte	0xb9
 763 055b 05       		.byte	0x5
 764 055c CB040000 		.4byte	0x4cb
 765 0560 08       		.byte	0x8
 766 0561 00       		.byte	0
 767 0562 04       		.uleb128 0x4
 768 0563 3C000000 		.4byte	.LASF79
 769 0567 09       		.byte	0x9
 770 0568 BA       		.byte	0xba
 771 0569 03       		.byte	0x3
 772 056a 10050000 		.4byte	0x510
 773 056e 14       		.uleb128 0x14
 774 056f 0808     		.2byte	0x808
 775 0571 09       		.byte	0x9
 776 0572 C0       		.byte	0xc0
 777 0573 09       		.byte	0x9
 778 0574 AD050000 		.4byte	0x5ad
 779 0578 08       		.uleb128 0x8
 780 0579 79030000 		.4byte	.LASF80
 781 057d 09       		.byte	0x9
 782 057e C4       		.byte	0xc4
 783 057f 19       		.byte	0x19
 784 0580 6D000000 		.4byte	0x6d
 785 0584 00       		.byte	0
 786 0585 08       		.uleb128 0x8
 787 0586 8D020000 		.4byte	.LASF81
 788 058a 09       		.byte	0x9
 789 058b C8       		.byte	0xc8
 790 058c 19       		.byte	0x19
 791 058d 6D000000 		.4byte	0x6d
 792 0591 02       		.byte	0x2
 793 0592 07       		.uleb128 0x7
 794 0593 70747200 		.ascii	"ptr\000"
 795 0597 09       		.byte	0x9
 796 0598 CC       		.byte	0xcc
 797 0599 1A       		.byte	0x1a
 798 059a AD050000 		.4byte	0x5ad
ARM GAS  /tmp/cc31lriK.s 			page 15


 799 059e 04       		.byte	0x4
 800 059f 08       		.uleb128 0x8
 801 05a0 DE040000 		.4byte	.LASF82
 802 05a4 09       		.byte	0x9
 803 05a5 D0       		.byte	0xd0
 804 05a6 19       		.byte	0x19
 805 05a7 B3050000 		.4byte	0x5b3
 806 05ab 08       		.byte	0x8
 807 05ac 00       		.byte	0
 808 05ad 0C       		.uleb128 0xc
 809 05ae 04       		.byte	0x4
 810 05af 62050000 		.4byte	0x562
 811 05b3 15       		.uleb128 0x15
 812 05b4 62050000 		.4byte	0x562
 813 05b8 C3050000 		.4byte	0x5c3
 814 05bc 16       		.uleb128 0x16
 815 05bd 24000000 		.4byte	0x24
 816 05c1 7F       		.byte	0x7f
 817 05c2 00       		.byte	0
 818 05c3 04       		.uleb128 0x4
 819 05c4 E7000000 		.4byte	.LASF83
 820 05c8 09       		.byte	0x9
 821 05c9 D1       		.byte	0xd1
 822 05ca 03       		.byte	0x3
 823 05cb 6E050000 		.4byte	0x56e
 824 05cf 17       		.uleb128 0x17
 825 05d0 24000000 		.4byte	.LASF84
 826 05d4 64       		.byte	0x64
 827 05d5 0A       		.byte	0xa
 828 05d6 E001     		.2byte	0x1e0
 829 05d8 08       		.byte	0x8
 830 05d9 35070000 		.4byte	0x735
 831 05dd 09       		.uleb128 0x9
 832 05de 73313600 		.ascii	"s16\000"
 833 05e2 0A       		.byte	0xa
 834 05e3 E801     		.2byte	0x1e8
 835 05e5 11       		.byte	0x11
 836 05e6 80000000 		.4byte	0x80
 837 05ea 00       		.byte	0
 838 05eb 09       		.uleb128 0x9
 839 05ec 73313700 		.ascii	"s17\000"
 840 05f0 0A       		.byte	0xa
 841 05f1 E901     		.2byte	0x1e9
 842 05f3 11       		.byte	0x11
 843 05f4 80000000 		.4byte	0x80
 844 05f8 04       		.byte	0x4
 845 05f9 09       		.uleb128 0x9
 846 05fa 73313800 		.ascii	"s18\000"
 847 05fe 0A       		.byte	0xa
 848 05ff EA01     		.2byte	0x1ea
 849 0601 11       		.byte	0x11
 850 0602 80000000 		.4byte	0x80
 851 0606 08       		.byte	0x8
 852 0607 09       		.uleb128 0x9
 853 0608 73313900 		.ascii	"s19\000"
 854 060c 0A       		.byte	0xa
 855 060d EB01     		.2byte	0x1eb
ARM GAS  /tmp/cc31lriK.s 			page 16


 856 060f 11       		.byte	0x11
 857 0610 80000000 		.4byte	0x80
 858 0614 0C       		.byte	0xc
 859 0615 09       		.uleb128 0x9
 860 0616 73323000 		.ascii	"s20\000"
 861 061a 0A       		.byte	0xa
 862 061b EC01     		.2byte	0x1ec
 863 061d 11       		.byte	0x11
 864 061e 80000000 		.4byte	0x80
 865 0622 10       		.byte	0x10
 866 0623 09       		.uleb128 0x9
 867 0624 73323100 		.ascii	"s21\000"
 868 0628 0A       		.byte	0xa
 869 0629 ED01     		.2byte	0x1ed
 870 062b 11       		.byte	0x11
 871 062c 80000000 		.4byte	0x80
 872 0630 14       		.byte	0x14
 873 0631 09       		.uleb128 0x9
 874 0632 73323200 		.ascii	"s22\000"
 875 0636 0A       		.byte	0xa
 876 0637 EE01     		.2byte	0x1ee
 877 0639 11       		.byte	0x11
 878 063a 80000000 		.4byte	0x80
 879 063e 18       		.byte	0x18
 880 063f 09       		.uleb128 0x9
 881 0640 73323300 		.ascii	"s23\000"
 882 0644 0A       		.byte	0xa
 883 0645 EF01     		.2byte	0x1ef
 884 0647 11       		.byte	0x11
 885 0648 80000000 		.4byte	0x80
 886 064c 1C       		.byte	0x1c
 887 064d 09       		.uleb128 0x9
 888 064e 73323400 		.ascii	"s24\000"
 889 0652 0A       		.byte	0xa
 890 0653 F001     		.2byte	0x1f0
 891 0655 11       		.byte	0x11
 892 0656 80000000 		.4byte	0x80
 893 065a 20       		.byte	0x20
 894 065b 09       		.uleb128 0x9
 895 065c 73323500 		.ascii	"s25\000"
 896 0660 0A       		.byte	0xa
 897 0661 F101     		.2byte	0x1f1
 898 0663 11       		.byte	0x11
 899 0664 80000000 		.4byte	0x80
 900 0668 24       		.byte	0x24
 901 0669 09       		.uleb128 0x9
 902 066a 73323600 		.ascii	"s26\000"
 903 066e 0A       		.byte	0xa
 904 066f F201     		.2byte	0x1f2
 905 0671 11       		.byte	0x11
 906 0672 80000000 		.4byte	0x80
 907 0676 28       		.byte	0x28
 908 0677 09       		.uleb128 0x9
 909 0678 73323700 		.ascii	"s27\000"
 910 067c 0A       		.byte	0xa
 911 067d F301     		.2byte	0x1f3
 912 067f 11       		.byte	0x11
ARM GAS  /tmp/cc31lriK.s 			page 17


 913 0680 80000000 		.4byte	0x80
 914 0684 2C       		.byte	0x2c
 915 0685 09       		.uleb128 0x9
 916 0686 73323800 		.ascii	"s28\000"
 917 068a 0A       		.byte	0xa
 918 068b F401     		.2byte	0x1f4
 919 068d 11       		.byte	0x11
 920 068e 80000000 		.4byte	0x80
 921 0692 30       		.byte	0x30
 922 0693 09       		.uleb128 0x9
 923 0694 73323900 		.ascii	"s29\000"
 924 0698 0A       		.byte	0xa
 925 0699 F501     		.2byte	0x1f5
 926 069b 11       		.byte	0x11
 927 069c 80000000 		.4byte	0x80
 928 06a0 34       		.byte	0x34
 929 06a1 09       		.uleb128 0x9
 930 06a2 73333000 		.ascii	"s30\000"
 931 06a6 0A       		.byte	0xa
 932 06a7 F601     		.2byte	0x1f6
 933 06a9 11       		.byte	0x11
 934 06aa 80000000 		.4byte	0x80
 935 06ae 38       		.byte	0x38
 936 06af 09       		.uleb128 0x9
 937 06b0 73333100 		.ascii	"s31\000"
 938 06b4 0A       		.byte	0xa
 939 06b5 F701     		.2byte	0x1f7
 940 06b7 11       		.byte	0x11
 941 06b8 80000000 		.4byte	0x80
 942 06bc 3C       		.byte	0x3c
 943 06bd 09       		.uleb128 0x9
 944 06be 723400   		.ascii	"r4\000"
 945 06c1 0A       		.byte	0xa
 946 06c2 F901     		.2byte	0x1f9
 947 06c4 11       		.byte	0x11
 948 06c5 80000000 		.4byte	0x80
 949 06c9 40       		.byte	0x40
 950 06ca 09       		.uleb128 0x9
 951 06cb 723500   		.ascii	"r5\000"
 952 06ce 0A       		.byte	0xa
 953 06cf FA01     		.2byte	0x1fa
 954 06d1 11       		.byte	0x11
 955 06d2 80000000 		.4byte	0x80
 956 06d6 44       		.byte	0x44
 957 06d7 09       		.uleb128 0x9
 958 06d8 723600   		.ascii	"r6\000"
 959 06db 0A       		.byte	0xa
 960 06dc FB01     		.2byte	0x1fb
 961 06de 11       		.byte	0x11
 962 06df 80000000 		.4byte	0x80
 963 06e3 48       		.byte	0x48
 964 06e4 09       		.uleb128 0x9
 965 06e5 723700   		.ascii	"r7\000"
 966 06e8 0A       		.byte	0xa
 967 06e9 FC01     		.2byte	0x1fc
 968 06eb 11       		.byte	0x11
 969 06ec 80000000 		.4byte	0x80
ARM GAS  /tmp/cc31lriK.s 			page 18


 970 06f0 4C       		.byte	0x4c
 971 06f1 09       		.uleb128 0x9
 972 06f2 723800   		.ascii	"r8\000"
 973 06f5 0A       		.byte	0xa
 974 06f6 FD01     		.2byte	0x1fd
 975 06f8 11       		.byte	0x11
 976 06f9 80000000 		.4byte	0x80
 977 06fd 50       		.byte	0x50
 978 06fe 09       		.uleb128 0x9
 979 06ff 723900   		.ascii	"r9\000"
 980 0702 0A       		.byte	0xa
 981 0703 FE01     		.2byte	0x1fe
 982 0705 11       		.byte	0x11
 983 0706 80000000 		.4byte	0x80
 984 070a 54       		.byte	0x54
 985 070b 09       		.uleb128 0x9
 986 070c 72313000 		.ascii	"r10\000"
 987 0710 0A       		.byte	0xa
 988 0711 FF01     		.2byte	0x1ff
 989 0713 11       		.byte	0x11
 990 0714 80000000 		.4byte	0x80
 991 0718 58       		.byte	0x58
 992 0719 09       		.uleb128 0x9
 993 071a 72313100 		.ascii	"r11\000"
 994 071e 0A       		.byte	0xa
 995 071f 0002     		.2byte	0x200
 996 0721 11       		.byte	0x11
 997 0722 80000000 		.4byte	0x80
 998 0726 5C       		.byte	0x5c
 999 0727 09       		.uleb128 0x9
 1000 0728 6C7200   		.ascii	"lr\000"
 1001 072b 0A       		.byte	0xa
 1002 072c 0102     		.2byte	0x201
 1003 072e 11       		.byte	0x11
 1004 072f 80000000 		.4byte	0x80
 1005 0733 60       		.byte	0x60
 1006 0734 00       		.byte	0
 1007 0735 17       		.uleb128 0x17
 1008 0736 A2030000 		.4byte	.LASF85
 1009 073a 04       		.byte	0x4
 1010 073b 0A       		.byte	0xa
 1011 073c 0A02     		.2byte	0x20a
 1012 073e 08       		.byte	0x8
 1013 073f 51070000 		.4byte	0x751
 1014 0743 09       		.uleb128 0x9
 1015 0744 737000   		.ascii	"sp\000"
 1016 0747 0A       		.byte	0xa
 1017 0748 0B02     		.2byte	0x20b
 1018 074a 1A       		.byte	0x1a
 1019 074b 51070000 		.4byte	0x751
 1020 074f 00       		.byte	0
 1021 0750 00       		.byte	0
 1022 0751 0C       		.uleb128 0xc
 1023 0752 04       		.byte	0x4
 1024 0753 CF050000 		.4byte	0x5cf
 1025 0757 06       		.uleb128 0x6
 1026 0758 58030000 		.4byte	.LASF86
ARM GAS  /tmp/cc31lriK.s 			page 19


 1027 075c 18       		.byte	0x18
 1028 075d 04       		.byte	0x4
 1029 075e 64       		.byte	0x64
 1030 075f 10       		.byte	0x10
 1031 0760 8C070000 		.4byte	0x78c
 1032 0764 08       		.uleb128 0x8
 1033 0765 CE040000 		.4byte	.LASF87
 1034 0769 04       		.byte	0x4
 1035 076a 68       		.byte	0x68
 1036 076b 21       		.byte	0x21
 1037 076c E3030000 		.4byte	0x3e3
 1038 0770 00       		.byte	0
 1039 0771 08       		.uleb128 0x8
 1040 0772 42040000 		.4byte	.LASF88
 1041 0776 04       		.byte	0x4
 1042 0777 73       		.byte	0x73
 1043 0778 21       		.byte	0x21
 1044 0779 1D030000 		.4byte	0x31d
 1045 077d 0C       		.byte	0xc
 1046 077e 08       		.uleb128 0x8
 1047 077f 26030000 		.4byte	.LASF89
 1048 0783 04       		.byte	0x4
 1049 0784 79       		.byte	0x79
 1050 0785 21       		.byte	0x21
 1051 0786 9F000000 		.4byte	0x9f
 1052 078a 10       		.byte	0x10
 1053 078b 00       		.byte	0
 1054 078c 04       		.uleb128 0x4
 1055 078d FD020000 		.4byte	.LASF90
 1056 0791 04       		.byte	0x4
 1057 0792 7B       		.byte	0x7b
 1058 0793 03       		.byte	0x3
 1059 0794 57070000 		.4byte	0x757
 1060 0798 06       		.uleb128 0x6
 1061 0799 F6000000 		.4byte	.LASF91
 1062 079d 08       		.byte	0x8
 1063 079e 04       		.byte	0x4
 1064 079f 80       		.byte	0x80
 1065 07a0 10       		.byte	0x10
 1066 07a1 B3070000 		.4byte	0x7b3
 1067 07a5 08       		.uleb128 0x8
 1068 07a6 81020000 		.4byte	.LASF92
 1069 07aa 04       		.byte	0x4
 1070 07ab 84       		.byte	0x84
 1071 07ac 21       		.byte	0x21
 1072 07ad 62030000 		.4byte	0x362
 1073 07b1 00       		.byte	0
 1074 07b2 00       		.byte	0
 1075 07b3 04       		.uleb128 0x4
 1076 07b4 75040000 		.4byte	.LASF93
 1077 07b8 04       		.byte	0x4
 1078 07b9 85       		.byte	0x85
 1079 07ba 03       		.byte	0x3
 1080 07bb 98070000 		.4byte	0x798
 1081 07bf 04       		.uleb128 0x4
 1082 07c0 45030000 		.4byte	.LASF94
 1083 07c4 04       		.byte	0x4
ARM GAS  /tmp/cc31lriK.s 			page 20


 1084 07c5 8A       		.byte	0x8a
 1085 07c6 14       		.byte	0x14
 1086 07c7 4E040000 		.4byte	0x44e
 1087 07cb 10       		.uleb128 0x10
 1088 07cc 0C       		.byte	0xc
 1089 07cd 04       		.byte	0x4
 1090 07ce A0       		.byte	0xa0
 1091 07cf 03       		.byte	0x3
 1092 07d0 F9070000 		.4byte	0x7f9
 1093 07d4 12       		.uleb128 0x12
 1094 07d5 C0050000 		.4byte	.LASF95
 1095 07d9 04       		.byte	0x4
 1096 07da A4       		.byte	0xa4
 1097 07db 21       		.byte	0x21
 1098 07dc 35030000 		.4byte	0x335
 1099 07e0 12       		.uleb128 0x12
 1100 07e1 81020000 		.4byte	.LASF92
 1101 07e5 04       		.byte	0x4
 1102 07e6 A8       		.byte	0xa8
 1103 07e7 21       		.byte	0x21
 1104 07e8 62030000 		.4byte	0x362
 1105 07ec 12       		.uleb128 0x12
 1106 07ed 03050000 		.4byte	.LASF96
 1107 07f1 04       		.byte	0x4
 1108 07f2 AC       		.byte	0xac
 1109 07f3 21       		.byte	0x21
 1110 07f4 9C030000 		.4byte	0x39c
 1111 07f8 00       		.byte	0
 1112 07f9 10       		.uleb128 0x10
 1113 07fa 04       		.byte	0x4
 1114 07fb 04       		.byte	0x4
 1115 07fc EB       		.byte	0xeb
 1116 07fd 03       		.byte	0x3
 1117 07fe 69080000 		.4byte	0x869
 1118 0802 12       		.uleb128 0x12
 1119 0803 13000000 		.4byte	.LASF97
 1120 0807 04       		.byte	0x4
 1121 0808 F2       		.byte	0xf2
 1122 0809 21       		.byte	0x21
 1123 080a F3000000 		.4byte	0xf3
 1124 080e 12       		.uleb128 0x12
 1125 080f 02010000 		.4byte	.LASF98
 1126 0813 04       		.byte	0x4
 1127 0814 F9       		.byte	0xf9
 1128 0815 21       		.byte	0x21
 1129 0816 F3000000 		.4byte	0xf3
 1130 081a 18       		.uleb128 0x18
 1131 081b 4B040000 		.4byte	.LASF72
 1132 081f 04       		.byte	0x4
 1133 0820 0001     		.2byte	0x100
 1134 0822 22       		.byte	0x22
 1135 0823 54040000 		.4byte	0x454
 1136 0827 18       		.uleb128 0x18
 1137 0828 0D000000 		.4byte	.LASF99
 1138 082c 04       		.byte	0x4
 1139 082d 0701     		.2byte	0x107
 1140 082f 22       		.byte	0x22
ARM GAS  /tmp/cc31lriK.s 			page 21


 1141 0830 69080000 		.4byte	0x869
 1142 0834 18       		.uleb128 0x18
 1143 0835 5A000000 		.4byte	.LASF100
 1144 0839 04       		.byte	0x4
 1145 083a 0C01     		.2byte	0x10c
 1146 083c 21       		.byte	0x21
 1147 083d F3000000 		.4byte	0xf3
 1148 0841 18       		.uleb128 0x18
 1149 0842 85010000 		.4byte	.LASF101
 1150 0846 04       		.byte	0x4
 1151 0847 1501     		.2byte	0x115
 1152 0849 22       		.byte	0x22
 1153 084a 97080000 		.4byte	0x897
 1154 084e 18       		.uleb128 0x18
 1155 084f 89040000 		.4byte	.LASF102
 1156 0853 04       		.byte	0x4
 1157 0854 1E01     		.2byte	0x11e
 1158 0856 22       		.byte	0x22
 1159 0857 D2080000 		.4byte	0x8d2
 1160 085b 18       		.uleb128 0x18
 1161 085c 52040000 		.4byte	.LASF103
 1162 0860 04       		.byte	0x4
 1163 0861 2601     		.2byte	0x126
 1164 0863 21       		.byte	0x21
 1165 0864 FF000000 		.4byte	0xff
 1166 0868 00       		.byte	0
 1167 0869 0C       		.uleb128 0xc
 1168 086a 04       		.byte	0x4
 1169 086b BF070000 		.4byte	0x7bf
 1170 086f 06       		.uleb128 0x6
 1171 0870 68040000 		.4byte	.LASF104
 1172 0874 0C       		.byte	0xc
 1173 0875 0B       		.byte	0xb
 1174 0876 34       		.byte	0x34
 1175 0877 10       		.byte	0x10
 1176 0878 97080000 		.4byte	0x897
 1177 087c 08       		.uleb128 0x8
 1178 087d 81020000 		.4byte	.LASF92
 1179 0881 0B       		.byte	0xb
 1180 0882 35       		.byte	0x35
 1181 0883 19       		.byte	0x19
 1182 0884 62030000 		.4byte	0x362
 1183 0888 00       		.byte	0
 1184 0889 07       		.uleb128 0x7
 1185 088a 636E7400 		.ascii	"cnt\000"
 1186 088e 0B       		.byte	0xb
 1187 088f 37       		.byte	0x37
 1188 0890 19       		.byte	0x19
 1189 0891 0B010000 		.4byte	0x10b
 1190 0895 08       		.byte	0x8
 1191 0896 00       		.byte	0
 1192 0897 0C       		.uleb128 0xc
 1193 0898 04       		.byte	0x4
 1194 0899 6F080000 		.4byte	0x86f
 1195 089d 06       		.uleb128 0x6
 1196 089e AA050000 		.4byte	.LASF105
 1197 08a2 10       		.byte	0x10
ARM GAS  /tmp/cc31lriK.s 			page 22


 1198 08a3 0C       		.byte	0xc
 1199 08a4 39       		.byte	0x39
 1200 08a5 08       		.byte	0x8
 1201 08a6 D2080000 		.4byte	0x8d2
 1202 08aa 08       		.uleb128 0x8
 1203 08ab 81020000 		.4byte	.LASF92
 1204 08af 0C       		.byte	0xc
 1205 08b0 3A       		.byte	0x3a
 1206 08b1 19       		.byte	0x19
 1207 08b2 62030000 		.4byte	0x362
 1208 08b6 00       		.byte	0
 1209 08b7 08       		.uleb128 0x8
 1210 08b8 A0040000 		.4byte	.LASF27
 1211 08bc 0C       		.byte	0xc
 1212 08bd 3C       		.byte	0x3c
 1213 08be 1A       		.byte	0x1a
 1214 08bf 4E040000 		.4byte	0x44e
 1215 08c3 08       		.byte	0x8
 1216 08c4 08       		.uleb128 0x8
 1217 08c5 68000000 		.4byte	.LASF62
 1218 08c9 0C       		.byte	0xc
 1219 08ca 3E       		.byte	0x3e
 1220 08cb 1A       		.byte	0x1a
 1221 08cc A2090000 		.4byte	0x9a2
 1222 08d0 0C       		.byte	0xc
 1223 08d1 00       		.byte	0
 1224 08d2 0C       		.uleb128 0xc
 1225 08d3 04       		.byte	0x4
 1226 08d4 9D080000 		.4byte	0x89d
 1227 08d8 0C       		.uleb128 0xc
 1228 08d9 04       		.byte	0x4
 1229 08da 12020000 		.4byte	0x212
 1230 08de 0C       		.uleb128 0xc
 1231 08df 04       		.byte	0x4
 1232 08e0 B7000000 		.4byte	0xb7
 1233 08e4 17       		.uleb128 0x17
 1234 08e5 CE020000 		.4byte	.LASF106
 1235 08e9 10       		.byte	0x10
 1236 08ea 04       		.byte	0x4
 1237 08eb 5C01     		.2byte	0x15c
 1238 08ed 10       		.byte	0x10
 1239 08ee 0F090000 		.4byte	0x90f
 1240 08f2 0A       		.uleb128 0xa
 1241 08f3 03050000 		.4byte	.LASF96
 1242 08f7 04       		.byte	0x4
 1243 08f8 6101     		.2byte	0x161
 1244 08fa 21       		.byte	0x21
 1245 08fb 9C030000 		.4byte	0x39c
 1246 08ff 00       		.byte	0
 1247 0900 0A       		.uleb128 0xa
 1248 0901 B9030000 		.4byte	.LASF107
 1249 0905 04       		.byte	0x4
 1250 0906 6501     		.2byte	0x165
 1251 0908 22       		.byte	0x22
 1252 0909 4E040000 		.4byte	0x44e
 1253 090d 0C       		.byte	0xc
 1254 090e 00       		.byte	0
ARM GAS  /tmp/cc31lriK.s 			page 23


 1255 090f 19       		.uleb128 0x19
 1256 0910 00000000 		.4byte	.LASF108
 1257 0914 04       		.byte	0x4
 1258 0915 6601     		.2byte	0x166
 1259 0917 03       		.byte	0x3
 1260 0918 E4080000 		.4byte	0x8e4
 1261 091c 17       		.uleb128 0x17
 1262 091d 8C030000 		.4byte	.LASF109
 1263 0921 14       		.byte	0x14
 1264 0922 04       		.byte	0x4
 1265 0923 6B01     		.2byte	0x16b
 1266 0925 10       		.byte	0x10
 1267 0926 71090000 		.4byte	0x971
 1268 092a 0A       		.uleb128 0xa
 1269 092b 7C020000 		.4byte	.LASF28
 1270 092f 04       		.byte	0x4
 1271 0930 6F01     		.2byte	0x16f
 1272 0932 22       		.byte	0x22
 1273 0933 FA020000 		.4byte	0x2fa
 1274 0937 00       		.byte	0
 1275 0938 0A       		.uleb128 0xa
 1276 0939 33010000 		.4byte	.LASF110
 1277 093d 04       		.byte	0x4
 1278 093e 7501     		.2byte	0x175
 1279 0940 22       		.byte	0x22
 1280 0941 DE080000 		.4byte	0x8de
 1281 0945 04       		.byte	0x4
 1282 0946 0A       		.uleb128 0xa
 1283 0947 51050000 		.4byte	.LASF111
 1284 094b 04       		.byte	0x4
 1285 094c 7901     		.2byte	0x179
 1286 094e 22       		.byte	0x22
 1287 094f DE080000 		.4byte	0x8de
 1288 0953 08       		.byte	0x8
 1289 0954 0A       		.uleb128 0xa
 1290 0955 75010000 		.4byte	.LASF112
 1291 0959 04       		.byte	0x4
 1292 095a 7F01     		.2byte	0x17f
 1293 095c 22       		.byte	0x22
 1294 095d DE080000 		.4byte	0x8de
 1295 0961 0C       		.byte	0xc
 1296 0962 0A       		.uleb128 0xa
 1297 0963 C5050000 		.4byte	.LASF113
 1298 0967 04       		.byte	0x4
 1299 0968 8301     		.2byte	0x183
 1300 096a 22       		.byte	0x22
 1301 096b DE080000 		.4byte	0x8de
 1302 096f 10       		.byte	0x10
 1303 0970 00       		.byte	0
 1304 0971 19       		.uleb128 0x19
 1305 0972 60050000 		.4byte	.LASF114
 1306 0976 04       		.byte	0x4
 1307 0977 8501     		.2byte	0x185
 1308 0979 03       		.byte	0x3
 1309 097a 1C090000 		.4byte	0x91c
 1310 097e 0D       		.uleb128 0xd
 1311 097f 71090000 		.4byte	0x971
ARM GAS  /tmp/cc31lriK.s 			page 24


 1312 0983 0C       		.uleb128 0xc
 1313 0984 04       		.byte	0x4
 1314 0985 7E090000 		.4byte	0x97e
 1315 0989 1A       		.uleb128 0x1a
 1316 098a 63683000 		.ascii	"ch0\000"
 1317 098e 0E       		.byte	0xe
 1318 098f 4101     		.2byte	0x141
 1319 0991 16       		.byte	0x16
 1320 0992 12020000 		.4byte	0x212
 1321 0996 04       		.uleb128 0x4
 1322 0997 43010000 		.4byte	.LASF115
 1323 099b 0C       		.byte	0xc
 1324 099c 34       		.byte	0x34
 1325 099d 19       		.byte	0x19
 1326 099e 9D080000 		.4byte	0x89d
 1327 09a2 0C       		.uleb128 0xc
 1328 09a3 04       		.byte	0x4
 1329 09a4 96090000 		.4byte	0x996
 1330 09a8 03       		.uleb128 0x3
 1331 09a9 01       		.byte	0x1
 1332 09aa 02       		.byte	0x2
 1333 09ab 15040000 		.4byte	.LASF116
 1334 09af 1B       		.uleb128 0x1b
 1335 09b0 DC050000 		.4byte	.LASF120
 1336 09b4 0D       		.byte	0xd
 1337 09b5 4F       		.byte	0x4f
 1338 09b6 0D       		.byte	0xd
 1339 09b7 AC020000 		.4byte	0x2ac
 1340 09bb E2090000 		.4byte	0x9e2
 1341 09bf 1C       		.uleb128 0x1c
 1342 09c0 0B010000 		.4byte	.LASF52
 1343 09c4 0D       		.byte	0xd
 1344 09c5 4F       		.byte	0x4f
 1345 09c6 32       		.byte	0x32
 1346 09c7 AC020000 		.4byte	0x2ac
 1347 09cb 1D       		.uleb128 0x1d
 1348 09cc 6D00     		.ascii	"m\000"
 1349 09ce 0D       		.byte	0xd
 1350 09cf 50       		.byte	0x50
 1351 09d0 0F       		.byte	0xf
 1352 09d1 AC020000 		.4byte	0x2ac
 1353 09d5 1D       		.uleb128 0x1d
 1354 09d6 6F697000 		.ascii	"oip\000"
 1355 09da 0D       		.byte	0xd
 1356 09db 53       		.byte	0x53
 1357 09dc 12       		.byte	0x12
 1358 09dd D8080000 		.4byte	0x8d8
 1359 09e1 00       		.byte	0
 1360 09e2 1E       		.uleb128 0x1e
 1361 09e3 E8020000 		.4byte	.LASF121
 1362 09e7 0D       		.byte	0xd
 1363 09e8 3C       		.byte	0x3c
 1364 09e9 06       		.byte	0x6
 1365 09ea 1C       		.uleb128 0x1c
 1366 09eb 0B010000 		.4byte	.LASF52
 1367 09ef 0D       		.byte	0xd
 1368 09f0 3C       		.byte	0x3c
ARM GAS  /tmp/cc31lriK.s 			page 25


 1369 09f1 27       		.byte	0x27
 1370 09f2 AC020000 		.4byte	0x2ac
 1371 09f6 00       		.byte	0
 1372 09f7 00       		.byte	0
 1373              		.section	.gnu.debuglto_.debug_abbrev,"e",%progbits
 1374              	.Ldebug_abbrev0:
 1375 0000 01       		.uleb128 0x1
 1376 0001 11       		.uleb128 0x11
 1377 0002 01       		.byte	0x1
 1378 0003 25       		.uleb128 0x25
 1379 0004 0E       		.uleb128 0xe
 1380 0005 13       		.uleb128 0x13
 1381 0006 0B       		.uleb128 0xb
 1382 0007 03       		.uleb128 0x3
 1383 0008 0E       		.uleb128 0xe
 1384 0009 1B       		.uleb128 0x1b
 1385 000a 0E       		.uleb128 0xe
 1386 000b 10       		.uleb128 0x10
 1387 000c 17       		.uleb128 0x17
 1388 000d 00       		.byte	0
 1389 000e 00       		.byte	0
 1390 000f 02       		.uleb128 0x2
 1391 0010 24       		.uleb128 0x24
 1392 0011 00       		.byte	0
 1393 0012 0B       		.uleb128 0xb
 1394 0013 0B       		.uleb128 0xb
 1395 0014 3E       		.uleb128 0x3e
 1396 0015 0B       		.uleb128 0xb
 1397 0016 03       		.uleb128 0x3
 1398 0017 08       		.uleb128 0x8
 1399 0018 00       		.byte	0
 1400 0019 00       		.byte	0
 1401 001a 03       		.uleb128 0x3
 1402 001b 24       		.uleb128 0x24
 1403 001c 00       		.byte	0
 1404 001d 0B       		.uleb128 0xb
 1405 001e 0B       		.uleb128 0xb
 1406 001f 3E       		.uleb128 0x3e
 1407 0020 0B       		.uleb128 0xb
 1408 0021 03       		.uleb128 0x3
 1409 0022 0E       		.uleb128 0xe
 1410 0023 00       		.byte	0
 1411 0024 00       		.byte	0
 1412 0025 04       		.uleb128 0x4
 1413 0026 16       		.uleb128 0x16
 1414 0027 00       		.byte	0
 1415 0028 03       		.uleb128 0x3
 1416 0029 0E       		.uleb128 0xe
 1417 002a 3A       		.uleb128 0x3a
 1418 002b 0B       		.uleb128 0xb
 1419 002c 3B       		.uleb128 0x3b
 1420 002d 0B       		.uleb128 0xb
 1421 002e 39       		.uleb128 0x39
 1422 002f 0B       		.uleb128 0xb
 1423 0030 49       		.uleb128 0x49
 1424 0031 13       		.uleb128 0x13
 1425 0032 00       		.byte	0
ARM GAS  /tmp/cc31lriK.s 			page 26


 1426 0033 00       		.byte	0
 1427 0034 05       		.uleb128 0x5
 1428 0035 35       		.uleb128 0x35
 1429 0036 00       		.byte	0
 1430 0037 49       		.uleb128 0x49
 1431 0038 13       		.uleb128 0x13
 1432 0039 00       		.byte	0
 1433 003a 00       		.byte	0
 1434 003b 06       		.uleb128 0x6
 1435 003c 13       		.uleb128 0x13
 1436 003d 01       		.byte	0x1
 1437 003e 03       		.uleb128 0x3
 1438 003f 0E       		.uleb128 0xe
 1439 0040 0B       		.uleb128 0xb
 1440 0041 0B       		.uleb128 0xb
 1441 0042 3A       		.uleb128 0x3a
 1442 0043 0B       		.uleb128 0xb
 1443 0044 3B       		.uleb128 0x3b
 1444 0045 0B       		.uleb128 0xb
 1445 0046 39       		.uleb128 0x39
 1446 0047 0B       		.uleb128 0xb
 1447 0048 01       		.uleb128 0x1
 1448 0049 13       		.uleb128 0x13
 1449 004a 00       		.byte	0
 1450 004b 00       		.byte	0
 1451 004c 07       		.uleb128 0x7
 1452 004d 0D       		.uleb128 0xd
 1453 004e 00       		.byte	0
 1454 004f 03       		.uleb128 0x3
 1455 0050 08       		.uleb128 0x8
 1456 0051 3A       		.uleb128 0x3a
 1457 0052 0B       		.uleb128 0xb
 1458 0053 3B       		.uleb128 0x3b
 1459 0054 0B       		.uleb128 0xb
 1460 0055 39       		.uleb128 0x39
 1461 0056 0B       		.uleb128 0xb
 1462 0057 49       		.uleb128 0x49
 1463 0058 13       		.uleb128 0x13
 1464 0059 38       		.uleb128 0x38
 1465 005a 0B       		.uleb128 0xb
 1466 005b 00       		.byte	0
 1467 005c 00       		.byte	0
 1468 005d 08       		.uleb128 0x8
 1469 005e 0D       		.uleb128 0xd
 1470 005f 00       		.byte	0
 1471 0060 03       		.uleb128 0x3
 1472 0061 0E       		.uleb128 0xe
 1473 0062 3A       		.uleb128 0x3a
 1474 0063 0B       		.uleb128 0xb
 1475 0064 3B       		.uleb128 0x3b
 1476 0065 0B       		.uleb128 0xb
 1477 0066 39       		.uleb128 0x39
 1478 0067 0B       		.uleb128 0xb
 1479 0068 49       		.uleb128 0x49
 1480 0069 13       		.uleb128 0x13
 1481 006a 38       		.uleb128 0x38
 1482 006b 0B       		.uleb128 0xb
ARM GAS  /tmp/cc31lriK.s 			page 27


 1483 006c 00       		.byte	0
 1484 006d 00       		.byte	0
 1485 006e 09       		.uleb128 0x9
 1486 006f 0D       		.uleb128 0xd
 1487 0070 00       		.byte	0
 1488 0071 03       		.uleb128 0x3
 1489 0072 08       		.uleb128 0x8
 1490 0073 3A       		.uleb128 0x3a
 1491 0074 0B       		.uleb128 0xb
 1492 0075 3B       		.uleb128 0x3b
 1493 0076 05       		.uleb128 0x5
 1494 0077 39       		.uleb128 0x39
 1495 0078 0B       		.uleb128 0xb
 1496 0079 49       		.uleb128 0x49
 1497 007a 13       		.uleb128 0x13
 1498 007b 38       		.uleb128 0x38
 1499 007c 0B       		.uleb128 0xb
 1500 007d 00       		.byte	0
 1501 007e 00       		.byte	0
 1502 007f 0A       		.uleb128 0xa
 1503 0080 0D       		.uleb128 0xd
 1504 0081 00       		.byte	0
 1505 0082 03       		.uleb128 0x3
 1506 0083 0E       		.uleb128 0xe
 1507 0084 3A       		.uleb128 0x3a
 1508 0085 0B       		.uleb128 0xb
 1509 0086 3B       		.uleb128 0x3b
 1510 0087 05       		.uleb128 0x5
 1511 0088 39       		.uleb128 0x39
 1512 0089 0B       		.uleb128 0xb
 1513 008a 49       		.uleb128 0x49
 1514 008b 13       		.uleb128 0x13
 1515 008c 38       		.uleb128 0x38
 1516 008d 0B       		.uleb128 0xb
 1517 008e 00       		.byte	0
 1518 008f 00       		.byte	0
 1519 0090 0B       		.uleb128 0xb
 1520 0091 13       		.uleb128 0x13
 1521 0092 01       		.byte	0x1
 1522 0093 03       		.uleb128 0x3
 1523 0094 0E       		.uleb128 0xe
 1524 0095 0B       		.uleb128 0xb
 1525 0096 05       		.uleb128 0x5
 1526 0097 3A       		.uleb128 0x3a
 1527 0098 0B       		.uleb128 0xb
 1528 0099 3B       		.uleb128 0x3b
 1529 009a 05       		.uleb128 0x5
 1530 009b 39       		.uleb128 0x39
 1531 009c 0B       		.uleb128 0xb
 1532 009d 01       		.uleb128 0x1
 1533 009e 13       		.uleb128 0x13
 1534 009f 00       		.byte	0
 1535 00a0 00       		.byte	0
 1536 00a1 0C       		.uleb128 0xc
 1537 00a2 0F       		.uleb128 0xf
 1538 00a3 00       		.byte	0
 1539 00a4 0B       		.uleb128 0xb
ARM GAS  /tmp/cc31lriK.s 			page 28


 1540 00a5 0B       		.uleb128 0xb
 1541 00a6 49       		.uleb128 0x49
 1542 00a7 13       		.uleb128 0x13
 1543 00a8 00       		.byte	0
 1544 00a9 00       		.byte	0
 1545 00aa 0D       		.uleb128 0xd
 1546 00ab 26       		.uleb128 0x26
 1547 00ac 00       		.byte	0
 1548 00ad 49       		.uleb128 0x49
 1549 00ae 13       		.uleb128 0x13
 1550 00af 00       		.byte	0
 1551 00b0 00       		.byte	0
 1552 00b1 0E       		.uleb128 0xe
 1553 00b2 13       		.uleb128 0x13
 1554 00b3 01       		.byte	0x1
 1555 00b4 0B       		.uleb128 0xb
 1556 00b5 0B       		.uleb128 0xb
 1557 00b6 3A       		.uleb128 0x3a
 1558 00b7 0B       		.uleb128 0xb
 1559 00b8 3B       		.uleb128 0x3b
 1560 00b9 0B       		.uleb128 0xb
 1561 00ba 39       		.uleb128 0x39
 1562 00bb 0B       		.uleb128 0xb
 1563 00bc 01       		.uleb128 0x1
 1564 00bd 13       		.uleb128 0x13
 1565 00be 00       		.byte	0
 1566 00bf 00       		.byte	0
 1567 00c0 0F       		.uleb128 0xf
 1568 00c1 0F       		.uleb128 0xf
 1569 00c2 00       		.byte	0
 1570 00c3 0B       		.uleb128 0xb
 1571 00c4 0B       		.uleb128 0xb
 1572 00c5 00       		.byte	0
 1573 00c6 00       		.byte	0
 1574 00c7 10       		.uleb128 0x10
 1575 00c8 17       		.uleb128 0x17
 1576 00c9 01       		.byte	0x1
 1577 00ca 0B       		.uleb128 0xb
 1578 00cb 0B       		.uleb128 0xb
 1579 00cc 3A       		.uleb128 0x3a
 1580 00cd 0B       		.uleb128 0xb
 1581 00ce 3B       		.uleb128 0x3b
 1582 00cf 0B       		.uleb128 0xb
 1583 00d0 39       		.uleb128 0x39
 1584 00d1 0B       		.uleb128 0xb
 1585 00d2 01       		.uleb128 0x1
 1586 00d3 13       		.uleb128 0x13
 1587 00d4 00       		.byte	0
 1588 00d5 00       		.byte	0
 1589 00d6 11       		.uleb128 0x11
 1590 00d7 0D       		.uleb128 0xd
 1591 00d8 00       		.byte	0
 1592 00d9 03       		.uleb128 0x3
 1593 00da 08       		.uleb128 0x8
 1594 00db 3A       		.uleb128 0x3a
 1595 00dc 0B       		.uleb128 0xb
 1596 00dd 3B       		.uleb128 0x3b
ARM GAS  /tmp/cc31lriK.s 			page 29


 1597 00de 0B       		.uleb128 0xb
 1598 00df 39       		.uleb128 0x39
 1599 00e0 0B       		.uleb128 0xb
 1600 00e1 49       		.uleb128 0x49
 1601 00e2 13       		.uleb128 0x13
 1602 00e3 00       		.byte	0
 1603 00e4 00       		.byte	0
 1604 00e5 12       		.uleb128 0x12
 1605 00e6 0D       		.uleb128 0xd
 1606 00e7 00       		.byte	0
 1607 00e8 03       		.uleb128 0x3
 1608 00e9 0E       		.uleb128 0xe
 1609 00ea 3A       		.uleb128 0x3a
 1610 00eb 0B       		.uleb128 0xb
 1611 00ec 3B       		.uleb128 0x3b
 1612 00ed 0B       		.uleb128 0xb
 1613 00ee 39       		.uleb128 0x39
 1614 00ef 0B       		.uleb128 0xb
 1615 00f0 49       		.uleb128 0x49
 1616 00f1 13       		.uleb128 0x13
 1617 00f2 00       		.byte	0
 1618 00f3 00       		.byte	0
 1619 00f4 13       		.uleb128 0x13
 1620 00f5 0D       		.uleb128 0xd
 1621 00f6 00       		.byte	0
 1622 00f7 03       		.uleb128 0x3
 1623 00f8 0E       		.uleb128 0xe
 1624 00f9 3A       		.uleb128 0x3a
 1625 00fa 0B       		.uleb128 0xb
 1626 00fb 3B       		.uleb128 0x3b
 1627 00fc 0B       		.uleb128 0xb
 1628 00fd 39       		.uleb128 0x39
 1629 00fe 0B       		.uleb128 0xb
 1630 00ff 49       		.uleb128 0x49
 1631 0100 13       		.uleb128 0x13
 1632 0101 0B       		.uleb128 0xb
 1633 0102 0B       		.uleb128 0xb
 1634 0103 0D       		.uleb128 0xd
 1635 0104 0B       		.uleb128 0xb
 1636 0105 0C       		.uleb128 0xc
 1637 0106 0B       		.uleb128 0xb
 1638 0107 38       		.uleb128 0x38
 1639 0108 0B       		.uleb128 0xb
 1640 0109 00       		.byte	0
 1641 010a 00       		.byte	0
 1642 010b 14       		.uleb128 0x14
 1643 010c 13       		.uleb128 0x13
 1644 010d 01       		.byte	0x1
 1645 010e 0B       		.uleb128 0xb
 1646 010f 05       		.uleb128 0x5
 1647 0110 3A       		.uleb128 0x3a
 1648 0111 0B       		.uleb128 0xb
 1649 0112 3B       		.uleb128 0x3b
 1650 0113 0B       		.uleb128 0xb
 1651 0114 39       		.uleb128 0x39
 1652 0115 0B       		.uleb128 0xb
 1653 0116 01       		.uleb128 0x1
ARM GAS  /tmp/cc31lriK.s 			page 30


 1654 0117 13       		.uleb128 0x13
 1655 0118 00       		.byte	0
 1656 0119 00       		.byte	0
 1657 011a 15       		.uleb128 0x15
 1658 011b 01       		.uleb128 0x1
 1659 011c 01       		.byte	0x1
 1660 011d 49       		.uleb128 0x49
 1661 011e 13       		.uleb128 0x13
 1662 011f 01       		.uleb128 0x1
 1663 0120 13       		.uleb128 0x13
 1664 0121 00       		.byte	0
 1665 0122 00       		.byte	0
 1666 0123 16       		.uleb128 0x16
 1667 0124 21       		.uleb128 0x21
 1668 0125 00       		.byte	0
 1669 0126 49       		.uleb128 0x49
 1670 0127 13       		.uleb128 0x13
 1671 0128 2F       		.uleb128 0x2f
 1672 0129 0B       		.uleb128 0xb
 1673 012a 00       		.byte	0
 1674 012b 00       		.byte	0
 1675 012c 17       		.uleb128 0x17
 1676 012d 13       		.uleb128 0x13
 1677 012e 01       		.byte	0x1
 1678 012f 03       		.uleb128 0x3
 1679 0130 0E       		.uleb128 0xe
 1680 0131 0B       		.uleb128 0xb
 1681 0132 0B       		.uleb128 0xb
 1682 0133 3A       		.uleb128 0x3a
 1683 0134 0B       		.uleb128 0xb
 1684 0135 3B       		.uleb128 0x3b
 1685 0136 05       		.uleb128 0x5
 1686 0137 39       		.uleb128 0x39
 1687 0138 0B       		.uleb128 0xb
 1688 0139 01       		.uleb128 0x1
 1689 013a 13       		.uleb128 0x13
 1690 013b 00       		.byte	0
 1691 013c 00       		.byte	0
 1692 013d 18       		.uleb128 0x18
 1693 013e 0D       		.uleb128 0xd
 1694 013f 00       		.byte	0
 1695 0140 03       		.uleb128 0x3
 1696 0141 0E       		.uleb128 0xe
 1697 0142 3A       		.uleb128 0x3a
 1698 0143 0B       		.uleb128 0xb
 1699 0144 3B       		.uleb128 0x3b
 1700 0145 05       		.uleb128 0x5
 1701 0146 39       		.uleb128 0x39
 1702 0147 0B       		.uleb128 0xb
 1703 0148 49       		.uleb128 0x49
 1704 0149 13       		.uleb128 0x13
 1705 014a 00       		.byte	0
 1706 014b 00       		.byte	0
 1707 014c 19       		.uleb128 0x19
 1708 014d 16       		.uleb128 0x16
 1709 014e 00       		.byte	0
 1710 014f 03       		.uleb128 0x3
ARM GAS  /tmp/cc31lriK.s 			page 31


 1711 0150 0E       		.uleb128 0xe
 1712 0151 3A       		.uleb128 0x3a
 1713 0152 0B       		.uleb128 0xb
 1714 0153 3B       		.uleb128 0x3b
 1715 0154 05       		.uleb128 0x5
 1716 0155 39       		.uleb128 0x39
 1717 0156 0B       		.uleb128 0xb
 1718 0157 49       		.uleb128 0x49
 1719 0158 13       		.uleb128 0x13
 1720 0159 00       		.byte	0
 1721 015a 00       		.byte	0
 1722 015b 1A       		.uleb128 0x1a
 1723 015c 34       		.uleb128 0x34
 1724 015d 00       		.byte	0
 1725 015e 03       		.uleb128 0x3
 1726 015f 08       		.uleb128 0x8
 1727 0160 3A       		.uleb128 0x3a
 1728 0161 0B       		.uleb128 0xb
 1729 0162 3B       		.uleb128 0x3b
 1730 0163 05       		.uleb128 0x5
 1731 0164 39       		.uleb128 0x39
 1732 0165 0B       		.uleb128 0xb
 1733 0166 49       		.uleb128 0x49
 1734 0167 13       		.uleb128 0x13
 1735 0168 3F       		.uleb128 0x3f
 1736 0169 19       		.uleb128 0x19
 1737 016a 3C       		.uleb128 0x3c
 1738 016b 19       		.uleb128 0x19
 1739 016c 00       		.byte	0
 1740 016d 00       		.byte	0
 1741 016e 1B       		.uleb128 0x1b
 1742 016f 2E       		.uleb128 0x2e
 1743 0170 01       		.byte	0x1
 1744 0171 3F       		.uleb128 0x3f
 1745 0172 19       		.uleb128 0x19
 1746 0173 03       		.uleb128 0x3
 1747 0174 0E       		.uleb128 0xe
 1748 0175 3A       		.uleb128 0x3a
 1749 0176 0B       		.uleb128 0xb
 1750 0177 3B       		.uleb128 0x3b
 1751 0178 0B       		.uleb128 0xb
 1752 0179 39       		.uleb128 0x39
 1753 017a 0B       		.uleb128 0xb
 1754 017b 27       		.uleb128 0x27
 1755 017c 19       		.uleb128 0x19
 1756 017d 49       		.uleb128 0x49
 1757 017e 13       		.uleb128 0x13
 1758 017f 01       		.uleb128 0x1
 1759 0180 13       		.uleb128 0x13
 1760 0181 00       		.byte	0
 1761 0182 00       		.byte	0
 1762 0183 1C       		.uleb128 0x1c
 1763 0184 05       		.uleb128 0x5
 1764 0185 00       		.byte	0
 1765 0186 03       		.uleb128 0x3
 1766 0187 0E       		.uleb128 0xe
 1767 0188 3A       		.uleb128 0x3a
ARM GAS  /tmp/cc31lriK.s 			page 32


 1768 0189 0B       		.uleb128 0xb
 1769 018a 3B       		.uleb128 0x3b
 1770 018b 0B       		.uleb128 0xb
 1771 018c 39       		.uleb128 0x39
 1772 018d 0B       		.uleb128 0xb
 1773 018e 49       		.uleb128 0x49
 1774 018f 13       		.uleb128 0x13
 1775 0190 00       		.byte	0
 1776 0191 00       		.byte	0
 1777 0192 1D       		.uleb128 0x1d
 1778 0193 34       		.uleb128 0x34
 1779 0194 00       		.byte	0
 1780 0195 03       		.uleb128 0x3
 1781 0196 08       		.uleb128 0x8
 1782 0197 3A       		.uleb128 0x3a
 1783 0198 0B       		.uleb128 0xb
 1784 0199 3B       		.uleb128 0x3b
 1785 019a 0B       		.uleb128 0xb
 1786 019b 39       		.uleb128 0x39
 1787 019c 0B       		.uleb128 0xb
 1788 019d 49       		.uleb128 0x49
 1789 019e 13       		.uleb128 0x13
 1790 019f 00       		.byte	0
 1791 01a0 00       		.byte	0
 1792 01a1 1E       		.uleb128 0x1e
 1793 01a2 2E       		.uleb128 0x2e
 1794 01a3 01       		.byte	0x1
 1795 01a4 3F       		.uleb128 0x3f
 1796 01a5 19       		.uleb128 0x19
 1797 01a6 03       		.uleb128 0x3
 1798 01a7 0E       		.uleb128 0xe
 1799 01a8 3A       		.uleb128 0x3a
 1800 01a9 0B       		.uleb128 0xb
 1801 01aa 3B       		.uleb128 0x3b
 1802 01ab 0B       		.uleb128 0xb
 1803 01ac 39       		.uleb128 0x39
 1804 01ad 0B       		.uleb128 0xb
 1805 01ae 27       		.uleb128 0x27
 1806 01af 19       		.uleb128 0x19
 1807 01b0 00       		.byte	0
 1808 01b1 00       		.byte	0
 1809 01b2 00       		.byte	0
 1810              		.section	.gnu.debuglto_.debug_line,"e",%progbits
 1811              	.Ldebug_line0:
 1812 0000 8C010000 		.4byte	.LELT0-.LSLT0
 1813              	.LSLT0:
 1814 0004 0400     		.2byte	0x4
 1815 0006 86010000 		.4byte	.LELTP0-.LASLTP0
 1816              	.LASLTP0:
 1817 000a 01       		.byte	0x1
 1818 000b 01       		.byte	0x1
 1819 000c 01       		.byte	0x1
 1820 000d F6       		.byte	0xf6
 1821 000e F2       		.byte	0xf2
 1822 000f 0D       		.byte	0xd
 1823 0010 00       		.byte	0
 1824 0011 01       		.byte	0x1
ARM GAS  /tmp/cc31lriK.s 			page 33


 1825 0012 01       		.byte	0x1
 1826 0013 01       		.byte	0x1
 1827 0014 01       		.byte	0x1
 1828 0015 00       		.byte	0
 1829 0016 00       		.byte	0
 1830 0017 00       		.byte	0
 1831 0018 01       		.byte	0x1
 1832 0019 00       		.byte	0
 1833 001a 00       		.byte	0
 1834 001b 01       		.byte	0x1
 1835 001c 74686972 		.ascii	"third_party/ChibiOS/os/common/ports/ARM-common"
 1835      645F7061 
 1835      7274792F 
 1835      43686962 
 1835      694F532F 
 1836 004a 00       		.byte	0
 1837 004b 74686972 		.ascii	"third_party/ChibiOS/os/common/ports/ARMv7-M"
 1837      645F7061 
 1837      7274792F 
 1837      43686962 
 1837      694F532F 
 1838 0076 00       		.byte	0
 1839 0077 74686972 		.ascii	"third_party/ChibiOS/os/rt/include"
 1839      645F7061 
 1839      7274792F 
 1839      43686962 
 1839      694F532F 
 1840 0098 00       		.byte	0
 1841 0099 74686972 		.ascii	"third_party/ChibiOS/os/rt/src"
 1841      645F7061 
 1841      7274792F 
 1841      43686962 
 1841      694F532F 
 1842 00b6 00       		.byte	0
 1843 00b7 2F757372 		.ascii	"/usr/lib/gcc/arm-none-eabi/10.3.1/include"
 1843      2F6C6962 
 1843      2F676363 
 1843      2F61726D 
 1843      2D6E6F6E 
 1844 00e0 00       		.byte	0
 1845 00e1 00       		.byte	0
 1846 00e2 73746469 		.ascii	"stdint.h\000"
 1846      6E742E68 
 1846      00
 1847 00eb 05       		.uleb128 0x5
 1848 00ec 00       		.uleb128 0
 1849 00ed 00       		.uleb128 0
 1850 00ee 63687479 		.ascii	"chtypes.h\000"
 1850      7065732E 
 1850      6800
 1851 00f8 01       		.uleb128 0x1
 1852 00f9 00       		.uleb128 0
 1853 00fa 00       		.uleb128 0
 1854 00fb 63686561 		.ascii	"chearly.h\000"
 1854      726C792E 
 1854      6800
 1855 0105 03       		.uleb128 0x3
ARM GAS  /tmp/cc31lriK.s 			page 34


 1856 0106 00       		.uleb128 0
 1857 0107 00       		.uleb128 0
 1858 0108 63686F62 		.ascii	"chobjects.h\000"
 1858      6A656374 
 1858      732E6800 
 1859 0114 03       		.uleb128 0x3
 1860 0115 00       		.uleb128 0
 1861 0116 00       		.uleb128 0
 1862 0117 63687266 		.ascii	"chrfcu.h\000"
 1862      63752E68 
 1862      00
 1863 0120 03       		.uleb128 0x3
 1864 0121 00       		.uleb128 0
 1865 0122 00       		.uleb128 0
 1866 0123 63686465 		.ascii	"chdebug.h\000"
 1866      6275672E 
 1866      6800
 1867 012d 03       		.uleb128 0x3
 1868 012e 00       		.uleb128 0
 1869 012f 00       		.uleb128 0
 1870 0130 63687469 		.ascii	"chtime.h\000"
 1870      6D652E68 
 1870      00
 1871 0139 03       		.uleb128 0x3
 1872 013a 00       		.uleb128 0
 1873 013b 00       		.uleb128 0
 1874 013c 63686C69 		.ascii	"chlists.h\000"
 1874      7374732E 
 1874      6800
 1875 0146 03       		.uleb128 0x3
 1876 0147 00       		.uleb128 0
 1877 0148 00       		.uleb128 0
 1878 0149 63687472 		.ascii	"chtrace.h\000"
 1878      6163652E 
 1878      6800
 1879 0153 03       		.uleb128 0x3
 1880 0154 00       		.uleb128 0
 1881 0155 00       		.uleb128 0
 1882 0156 6368636F 		.ascii	"chcore.h\000"
 1882      72652E68 
 1882      00
 1883 015f 02       		.uleb128 0x2
 1884 0160 00       		.uleb128 0
 1885 0161 00       		.uleb128 0
 1886 0162 63687365 		.ascii	"chsem.h\000"
 1886      6D2E6800 
 1887 016a 03       		.uleb128 0x3
 1888 016b 00       		.uleb128 0
 1889 016c 00       		.uleb128 0
 1890 016d 63686D74 		.ascii	"chmtx.h\000"
 1890      782E6800 
 1891 0175 03       		.uleb128 0x3
 1892 0176 00       		.uleb128 0
 1893 0177 00       		.uleb128 0
 1894 0178 63687266 		.ascii	"chrfcu.c\000"
 1894      63752E63 
 1894      00
ARM GAS  /tmp/cc31lriK.s 			page 35


 1895 0181 04       		.uleb128 0x4
 1896 0182 00       		.uleb128 0
 1897 0183 00       		.uleb128 0
 1898 0184 63687379 		.ascii	"chsys.h\000"
 1898      732E6800 
 1899 018c 03       		.uleb128 0x3
 1900 018d 00       		.uleb128 0
 1901 018e 00       		.uleb128 0
 1902 018f 00       		.byte	0
 1903              	.LELTP0:
 1904              	.LELT0:
 1905              		.section	.gnu.debuglto_.debug_str,"eMS",%progbits,1
 1906              	.LASF108:
 1907 0000 72656164 		.ascii	"ready_list_t\000"
 1907      795F6C69 
 1907      73745F74 
 1907      00
 1908              	.LASF99:
 1909 000d 77747472 		.ascii	"wttrp\000"
 1909      7000
 1910              	.LASF97:
 1911 0013 7264796D 		.ascii	"rdymsg\000"
 1911      736700
 1912              	.LASF46:
 1913 001a 72666375 		.ascii	"rfcu\000"
 1913      00
 1914              	.LASF65:
 1915 001f 70726576 		.ascii	"prev\000"
 1915      00
 1916              	.LASF84:
 1917 0024 706F7274 		.ascii	"port_intctx\000"
 1917      5F696E74 
 1917      63747800 
 1918              	.LASF43:
 1919 0030 76746C69 		.ascii	"vtlist\000"
 1919      737400
 1920              	.LASF76:
 1921 0037 74797065 		.ascii	"type\000"
 1921      00
 1922              	.LASF79:
 1923 003c 74726163 		.ascii	"trace_event_t\000"
 1923      655F6576 
 1923      656E745F 
 1923      7400
 1924              	.LASF74:
 1925 004a 68616C74 		.ascii	"halt\000"
 1925      00
 1926              	.LASF48:
 1927 004f 6D61696E 		.ascii	"mainthread\000"
 1927      74687265 
 1927      616400
 1928              	.LASF100:
 1929 005a 73656E74 		.ascii	"sentmsg\000"
 1929      6D736700 
 1930              	.LASF71:
 1931 0062 64656C74 		.ascii	"delta\000"
 1931      6100
ARM GAS  /tmp/cc31lriK.s 			page 36


 1932              	.LASF62:
 1933 0068 6E657874 		.ascii	"next\000"
 1933      00
 1934              	.LASF1:
 1935 006d 6C6F6E67 		.ascii	"long long int\000"
 1935      206C6F6E 
 1935      6720696E 
 1935      7400
 1936              	.LASF3:
 1937 007b 7369676E 		.ascii	"signed char\000"
 1937      65642063 
 1937      68617200 
 1938              	.LASF12:
 1939 0087 6C6F6E67 		.ascii	"long unsigned int\000"
 1939      20756E73 
 1939      69676E65 
 1939      6420696E 
 1939      7400
 1940              	.LASF70:
 1941 0099 63685F64 		.ascii	"ch_delta_list\000"
 1941      656C7461 
 1941      5F6C6973 
 1941      7400
 1942              	.LASF14:
 1943 00a7 6C6F6E67 		.ascii	"long long unsigned int\000"
 1943      206C6F6E 
 1943      6720756E 
 1943      7369676E 
 1943      65642069 
 1944              	.LASF30:
 1945 00be 73746174 		.ascii	"state\000"
 1945      6500
 1946              	.LASF5:
 1947 00c4 6C6F6E67 		.ascii	"long int\000"
 1947      20696E74 
 1947      00
 1948              	.LASF18:
 1949 00cd 74737461 		.ascii	"tstate_t\000"
 1949      74655F74 
 1949      00
 1950              	.LASF51:
 1951 00d6 63685F72 		.ascii	"ch_rfcu\000"
 1951      66637500 
 1952              	.LASF9:
 1953 00de 75696E74 		.ascii	"uint16_t\000"
 1953      31365F74 
 1953      00
 1954              	.LASF83:
 1955 00e7 74726163 		.ascii	"trace_buffer_t\000"
 1955      655F6275 
 1955      66666572 
 1955      5F7400
 1956              	.LASF91:
 1957 00f6 63685F72 		.ascii	"ch_registry\000"
 1957      65676973 
 1957      74727900 
 1958              	.LASF98:
ARM GAS  /tmp/cc31lriK.s 			page 37


 1959 0102 65786974 		.ascii	"exitcode\000"
 1959      636F6465 
 1959      00
 1960              	.LASF52:
 1961 010b 6D61736B 		.ascii	"mask\000"
 1961      00
 1962              	.LASF63:
 1963 0110 63685F71 		.ascii	"ch_queue_t\000"
 1963      75657565 
 1963      5F7400
 1964              	.LASF54:
 1965 011b 63685F73 		.ascii	"ch_system_debug\000"
 1965      79737465 
 1965      6D5F6465 
 1965      62756700 
 1966              	.LASF33:
 1967 012b 77616974 		.ascii	"waiting\000"
 1967      696E6700 
 1968              	.LASF110:
 1969 0133 6D61696E 		.ascii	"mainthread_base\000"
 1969      74687265 
 1969      61645F62 
 1969      61736500 
 1970              	.LASF115:
 1971 0143 6D757465 		.ascii	"mutex_t\000"
 1971      785F7400 
 1972              	.LASF59:
 1973 014b 73797369 		.ascii	"sysinterval_t\000"
 1973      6E746572 
 1973      76616C5F 
 1973      7400
 1974              	.LASF23:
 1975 0159 636E745F 		.ascii	"cnt_t\000"
 1975      7400
 1976              	.LASF34:
 1977 015f 6D736771 		.ascii	"msgqueue\000"
 1977      75657565 
 1977      00
 1978              	.LASF0:
 1979 0168 756E7369 		.ascii	"unsigned int\000"
 1979      676E6564 
 1979      20696E74 
 1979      00
 1980              	.LASF112:
 1981 0175 69646C65 		.ascii	"idlethread_base\000"
 1981      74687265 
 1981      61645F62 
 1981      61736500 
 1982              	.LASF101:
 1983 0185 77747365 		.ascii	"wtsemp\000"
 1983      6D7000
 1984              	.LASF57:
 1985 018c 73797374 		.ascii	"system_debug_t\000"
 1985      656D5F64 
 1985      65627567 
 1985      5F7400
 1986              	.LASF26:
ARM GAS  /tmp/cc31lriK.s 			page 38


 1987 019b 72717565 		.ascii	"rqueue\000"
 1987      756500
 1988              	.LASF117:
 1989 01a2 474E5520 		.ascii	"GNU C17 10.3.1 20210621 (release) -mcpu=cortex-m7 -"
 1989      43313720 
 1989      31302E33 
 1989      2E312032 
 1989      30323130 
 1990 01d5 6D746875 		.ascii	"mthumb -mfloat-abi=hard -mfpu=fpv5-d16 -march=armv7"
 1990      6D62202D 
 1990      6D666C6F 
 1990      61742D61 
 1990      62693D68 
 1991 0208 652D6D2B 		.ascii	"e-m+fp.dp -ggdb -O2 -fomit-frame-pointer -falign-fu"
 1991      66702E64 
 1991      70202D67 
 1991      67646220 
 1991      2D4F3220 
 1992 023b 6E637469 		.ascii	"nctions=16 -ffunction-sections -fdata-sections -fno"
 1992      6F6E733D 
 1992      3136202D 
 1992      6666756E 
 1992      6374696F 
 1993 026e 2D636F6D 		.ascii	"-common -flto\000"
 1993      6D6F6E20 
 1993      2D666C74 
 1993      6F00
 1994              	.LASF28:
 1995 027c 6E616D65 		.ascii	"name\000"
 1995      00
 1996              	.LASF92:
 1997 0281 71756575 		.ascii	"queue\000"
 1997      6500
 1998              	.LASF38:
 1999 0287 6D706F6F 		.ascii	"mpool\000"
 1999      6C00
 2000              	.LASF81:
 2001 028d 73697A65 		.ascii	"size\000"
 2001      00
 2002              	.LASF10:
 2003 0292 73686F72 		.ascii	"short unsigned int\000"
 2003      7420756E 
 2003      7369676E 
 2003      65642069 
 2003      6E7400
 2004              	.LASF40:
 2005 02a5 63685F74 		.ascii	"ch_thread\000"
 2005      68726561 
 2005      6400
 2006              	.LASF21:
 2007 02af 6D73675F 		.ascii	"msg_t\000"
 2007      7400
 2008              	.LASF35:
 2009 02b5 6570656E 		.ascii	"epending\000"
 2009      64696E67 
 2009      00
 2010              	.LASF17:
ARM GAS  /tmp/cc31lriK.s 			page 39


 2011 02be 746D6F64 		.ascii	"tmode_t\000"
 2011      655F7400 
 2012              	.LASF61:
 2013 02c6 63685F6C 		.ascii	"ch_list\000"
 2013      69737400 
 2014              	.LASF106:
 2015 02ce 63685F72 		.ascii	"ch_ready_list\000"
 2015      65616479 
 2015      5F6C6973 
 2015      7400
 2016              	.LASF22:
 2017 02dc 6576656E 		.ascii	"eventmask_t\000"
 2017      746D6173 
 2017      6B5F7400 
 2018              	.LASF121:
 2019 02e8 63685246 		.ascii	"chRFCUCollectFaultsI\000"
 2019      4355436F 
 2019      6C6C6563 
 2019      74466175 
 2019      6C747349 
 2020              	.LASF90:
 2021 02fd 76697274 		.ascii	"virtual_timers_list_t\000"
 2021      75616C5F 
 2021      74696D65 
 2021      72735F6C 
 2021      6973745F 
 2022              	.LASF16:
 2023 0313 73746B61 		.ascii	"stkalign_t\000"
 2023      6C69676E 
 2023      5F7400
 2024              	.LASF77:
 2025 031e 72747374 		.ascii	"rtstamp\000"
 2025      616D7000 
 2026              	.LASF89:
 2027 0326 6C617374 		.ascii	"laststamp\000"
 2027      7374616D 
 2027      7000
 2028              	.LASF37:
 2029 0330 7265616C 		.ascii	"realprio\000"
 2029      7072696F 
 2029      00
 2030              	.LASF50:
 2031 0339 72666375 		.ascii	"rfcu_mask_t\000"
 2031      5F6D6173 
 2031      6B5F7400 
 2032              	.LASF94:
 2033 0345 74687265 		.ascii	"thread_reference_t\000"
 2033      61645F72 
 2033      65666572 
 2033      656E6365 
 2033      5F7400
 2034              	.LASF86:
 2035 0358 63685F76 		.ascii	"ch_virtual_timers_list\000"
 2035      69727475 
 2035      616C5F74 
 2035      696D6572 
 2035      735F6C69 
ARM GAS  /tmp/cc31lriK.s 			page 40


 2036              	.LASF60:
 2037 036f 63685F6C 		.ascii	"ch_list_t\000"
 2037      6973745F 
 2037      7400
 2038              	.LASF80:
 2039 0379 73757370 		.ascii	"suspended\000"
 2039      656E6465 
 2039      6400
 2040              	.LASF13:
 2041 0383 75696E74 		.ascii	"uint64_t\000"
 2041      36345F74 
 2041      00
 2042              	.LASF109:
 2043 038c 63685F6F 		.ascii	"ch_os_instance_config\000"
 2043      735F696E 
 2043      7374616E 
 2043      63655F63 
 2043      6F6E6669 
 2044              	.LASF85:
 2045 03a2 706F7274 		.ascii	"port_context\000"
 2045      5F636F6E 
 2045      74657874 
 2045      00
 2046              	.LASF78:
 2047 03af 74696D65 		.ascii	"time\000"
 2047      00
 2048              	.LASF68:
 2049 03b4 7072696F 		.ascii	"prio\000"
 2049      00
 2050              	.LASF107:
 2051 03b9 63757272 		.ascii	"current\000"
 2051      656E7400 
 2052              	.LASF118:
 2053 03c1 74686972 		.ascii	"third_party/ChibiOS/os/rt/src/chrfcu.c\000"
 2053      645F7061 
 2053      7274792F 
 2053      43686962 
 2053      694F532F 
 2054              	.LASF24:
 2055 03e8 636F7265 		.ascii	"core_id_t\000"
 2055      5F69645F 
 2055      7400
 2056              	.LASF19:
 2057 03f2 74726566 		.ascii	"trefs_t\000"
 2057      735F7400 
 2058              	.LASF32:
 2059 03fa 72656673 		.ascii	"refs\000"
 2059      00
 2060              	.LASF75:
 2061 03ff 75736572 		.ascii	"user\000"
 2061      00
 2062              	.LASF20:
 2063 0404 74707269 		.ascii	"tprio_t\000"
 2063      6F5F7400 
 2064              	.LASF64:
 2065 040c 63685F71 		.ascii	"ch_queue\000"
 2065      75657565 
ARM GAS  /tmp/cc31lriK.s 			page 41


 2065      00
 2066              	.LASF116:
 2067 0415 5F426F6F 		.ascii	"_Bool\000"
 2067      6C00
 2068              	.LASF6:
 2069 041b 696E7433 		.ascii	"int32_t\000"
 2069      325F7400 
 2070              	.LASF8:
 2071 0423 756E7369 		.ascii	"unsigned char\000"
 2071      676E6564 
 2071      20636861 
 2071      7200
 2072              	.LASF53:
 2073 0431 72666375 		.ascii	"rfcu_t\000"
 2073      5F7400
 2074              	.LASF4:
 2075 0438 73686F72 		.ascii	"short int\000"
 2075      7420696E 
 2075      7400
 2076              	.LASF88:
 2077 0442 6C617374 		.ascii	"lasttime\000"
 2077      74696D65 
 2077      00
 2078              	.LASF72:
 2079 044b 77746F62 		.ascii	"wtobjp\000"
 2079      6A7000
 2080              	.LASF103:
 2081 0452 65776D61 		.ascii	"ewmask\000"
 2081      736B00
 2082              	.LASF45:
 2083 0459 636F7265 		.ascii	"core_id\000"
 2083      5F696400 
 2084              	.LASF73:
 2085 0461 72656173 		.ascii	"reason\000"
 2085      6F6E00
 2086              	.LASF104:
 2087 0468 63685F73 		.ascii	"ch_semaphore\000"
 2087      656D6170 
 2087      686F7265 
 2087      00
 2088              	.LASF93:
 2089 0475 72656769 		.ascii	"registry_t\000"
 2089      73747279 
 2089      5F7400
 2090              	.LASF11:
 2091 0480 75696E74 		.ascii	"uint32_t\000"
 2091      33325F74 
 2091      00
 2092              	.LASF102:
 2093 0489 77746D74 		.ascii	"wtmtxp\000"
 2093      787000
 2094              	.LASF15:
 2095 0490 706F7274 		.ascii	"port_stkalign_t\000"
 2095      5F73746B 
 2095      616C6967 
 2095      6E5F7400 
 2096              	.LASF27:
ARM GAS  /tmp/cc31lriK.s 			page 42


 2097 04a0 6F776E65 		.ascii	"owner\000"
 2097      7200
 2098              	.LASF2:
 2099 04a6 6C6F6E67 		.ascii	"long double\000"
 2099      20646F75 
 2099      626C6500 
 2100              	.LASF29:
 2101 04b2 77616261 		.ascii	"wabase\000"
 2101      736500
 2102              	.LASF56:
 2103 04b9 63686172 		.ascii	"char\000"
 2103      00
 2104              	.LASF47:
 2105 04be 636F6E66 		.ascii	"config\000"
 2105      696700
 2106              	.LASF25:
 2107 04c5 74687265 		.ascii	"thread_t\000"
 2107      61645F74 
 2107      00
 2108              	.LASF87:
 2109 04ce 646C6973 		.ascii	"dlist\000"
 2109      7400
 2110              	.LASF58:
 2111 04d4 73797374 		.ascii	"systime_t\000"
 2111      696D655F 
 2111      7400
 2112              	.LASF82:
 2113 04de 62756666 		.ascii	"buffer\000"
 2113      657200
 2114              	.LASF66:
 2115 04e5 63685F70 		.ascii	"ch_priority_queue_t\000"
 2115      72696F72 
 2115      6974795F 
 2115      71756575 
 2115      655F7400 
 2116              	.LASF55:
 2117 04f9 70616E69 		.ascii	"panic_msg\000"
 2117      635F6D73 
 2117      6700
 2118              	.LASF96:
 2119 0503 70717565 		.ascii	"pqueue\000"
 2119      756500
 2120              	.LASF41:
 2121 050a 63685F6F 		.ascii	"ch_os_instance\000"
 2121      735F696E 
 2121      7374616E 
 2121      636500
 2122              	.LASF39:
 2123 0519 6F735F69 		.ascii	"os_instance_t\000"
 2123      6E737461 
 2123      6E63655F 
 2123      7400
 2124              	.LASF44:
 2125 0527 7265676C 		.ascii	"reglist\000"
 2125      69737400 
 2126              	.LASF67:
 2127 052f 63685F70 		.ascii	"ch_priority_queue\000"
ARM GAS  /tmp/cc31lriK.s 			page 43


 2127      72696F72 
 2127      6974795F 
 2127      71756575 
 2127      6500
 2128              	.LASF69:
 2129 0541 63685F64 		.ascii	"ch_delta_list_t\000"
 2129      656C7461 
 2129      5F6C6973 
 2129      745F7400 
 2130              	.LASF111:
 2131 0551 6D61696E 		.ascii	"mainthread_end\000"
 2131      74687265 
 2131      61645F65 
 2131      6E6400
 2132              	.LASF114:
 2133 0560 6F735F69 		.ascii	"os_instance_config_t\000"
 2133      6E737461 
 2133      6E63655F 
 2133      636F6E66 
 2133      69675F74 
 2134              	.LASF42:
 2135 0575 726C6973 		.ascii	"rlist\000"
 2135      7400
 2136              	.LASF7:
 2137 057b 75696E74 		.ascii	"uint8_t\000"
 2137      385F7400 
 2138              	.LASF31:
 2139 0583 666C6167 		.ascii	"flags\000"
 2139      7300
 2140              	.LASF119:
 2141 0589 2F686F6D 		.ascii	"/home/ian/Documents/BPRL_balance\000"
 2141      652F6961 
 2141      6E2F446F 
 2141      63756D65 
 2141      6E74732F 
 2142              	.LASF105:
 2143 05aa 63685F6D 		.ascii	"ch_mutex\000"
 2143      75746578 
 2143      00
 2144              	.LASF49:
 2145 05b3 74726163 		.ascii	"trace_buffer\000"
 2145      655F6275 
 2145      66666572 
 2145      00
 2146              	.LASF95:
 2147 05c0 6C697374 		.ascii	"list\000"
 2147      00
 2148              	.LASF113:
 2149 05c5 69646C65 		.ascii	"idlethread_end\000"
 2149      74687265 
 2149      61645F65 
 2149      6E6400
 2150              	.LASF36:
 2151 05d4 6D74786C 		.ascii	"mtxlist\000"
 2151      69737400 
 2152              	.LASF120:
 2153 05dc 63685246 		.ascii	"chRFCUGetAndClearFaultsI\000"
ARM GAS  /tmp/cc31lriK.s 			page 44


 2153      43554765 
 2153      74416E64 
 2153      436C6561 
 2153      72466175 
 2154              		.text
 2155              		.section	.gnu.lto_.profile.8d77d2afc1189e02,"e",%progbits
 2156 0000 789C6362 		.ascii	"x\234cb\000\001\000\000\022\000\003"
 2156      00010000 
 2156      120003
 2157              		.text
 2158              		.section	.gnu.lto_.icf.8d77d2afc1189e02,"e",%progbits
 2159 0000 789CE363 		.ascii	"x\234\343c@\000&\206w\357.\357cg:\360c\376In\006\000"
 2159      40002686 
 2159      77EF2EEF 
 2159      63673AF0 
 2159      63FE496E 
 2160 0016 347B06B2 		.ascii	"4{\006\262"
 2161              		.text
 2162              		.section	.gnu.lto_.ipa_sra.8d77d2afc1189e02,"e",%progbits
 2163 0000 789C1360 		.ascii	"x\234\023`@\000&\006F\020\305\310\004\246\230\031\000"
 2163      40002606 
 2163      4610C5C8 
 2163      04A69819 
 2163      00
 2164 0011 0230001B 		.ascii	"\0020\000\033"
 2165              		.text
 2166              		.section	.gnu.lto_.inline.8d77d2afc1189e02,"e",%progbits
 2167 0000 789C7363 		.ascii	"x\234sc@\000&\006\006\266\206\206\206\003L\251\214\014"
 2167      40002606 
 2167      06B68686 
 2167      86034CA9 
 2167      8C0C
 2168 0012 4C205603 		.ascii	"L V\003s\012D\250\201)\205\011$\015\304\034 \025\314"
 2168      730A44A8 
 2168      81298509 
 2168      240DC41C 
 2168      2015CC
 2169 0025 20155C10 		.ascii	" \025\\\020\265h*\030\000TC\017\254"
 2169      B5682A18 
 2169      0054430F 
 2169      AC
 2170              		.text
 2171              		.section	.gnu.lto_.jmpfuncs.8d77d2afc1189e02,"e",%progbits
 2172 0000 789C1362 		.ascii	"x\234\023b@\000&\006FF\306\372%\314\014LP\232\001\000"
 2172      40002606 
 2172      4646C6FA 
 2172      25CC0C4C 
 2172      509A0100 
 2173 0014 160A0269 		.ascii	"\026\012\002i"
 2174              		.text
 2175              		.section	.gnu.lto_.pureconst.8d77d2afc1189e02,"e",%progbits
 2176 0000 789C6367 		.ascii	"x\234cg```b\230\301\3024\203\005\000\004\250\001D"
 2176      60606062 
 2176      98C1C234 
 2176      83050004 
 2176      A80144
 2177              		.text
ARM GAS  /tmp/cc31lriK.s 			page 45


 2178              		.section	.gnu.lto_.lto.8d77d2afc1189e02,"e",%progbits
 2179 0000 09000400 		.ascii	"\011\000\004\000\001\000\000\000"
 2179      01000000 
 2180              		.text
 2181              		.section	.gnu.lto_chRFCUCollectFaultsI.347.8d77d2afc1189e02,"e",%progbits
 2182 0000 789C7590 		.ascii	"x\234u\220;K\003A\024\205\357\331Y#\2026Zh\251\244\020"
 2182      3B4B0341 
 2182      1485EFD9 
 2182      59238236 
 2182      5A68A9A4 
 2183 0015 9B8C04EC 		.ascii	"\233\214\004\354E\305J\360\365\003\302f\215\354\242"
 2183      45C54AF0 
 2183      F503C266 
 2183      8DECA2
 2184 0024 4974B316 		.ascii	"It\263\026V\231D\203\020\220\230X\210\370(\226 vVj|"
 2184      56994483 
 2184      10909858 
 2184      88F82896 
 2184      2076566A 
 2185 0039 616C6C15 		.ascii	"all\025\177\201\010\026\006\014be!\304\331\215A-\034"
 2185      7F810816 
 2185      060C6265 
 2185      21C4D98D 
 2185      412D1C
 2186 004c B833F7DC 		.ascii	"\2703\367\334\271\363\315\231Y\004\221ND~\031`\204B"
 2186      B9F3CD99 
 2186      5904914E 
 2186      447E1960 
 2186      8442
 2187 005e 3EAB9010 		.ascii	">\253\220\020b\260YA*\237m\301\031<\005J*Hb\223\365"
 2187      62B05941 
 2187      2A9F6DC1 
 2187      193C054A 
 2187      2A486293 
 2188 0073 49F991D9 		.ascii	"I\371\221\331\374l\315t\025\031\321\276\014o\3542\024"
 2188      FC6CCD74 
 2188      1519D1BE 
 2188      0C6FEC32 
 2188      14
 2189 0084 589101EA 		.ascii	"X\221\001\352w\246\240[fl\214z\313B\334\337\225\204"
 2189      77A6A05B 
 2189      666C8C7A 
 2189      CB42DCDF 
 2189      9584
 2190 0096 68A12263 		.ascii	"h\241\"c8\205<\203\023\340X^-\013\223\225\016\"_\203"
 2190      38853C83 
 2190      13E0585E 
 2190      2D0B9395 
 2190      0E225F83 
 2191 00aa 246B74F4 		.ascii	"$kt\364\320T\026\237\265\234\020\257\317X\367\373 \333"
 2191      D054169F 
 2191      B59C10AF 
 2191      CF58F7FB 
 2191      20DB
 2192 00bc 54C59D54 		.ascii	"T\305\235T\240$;r\314\265(T\2102\321\006S\352\"%E\005"
 2192      A0243B72 
 2192      CCB52854 
ARM GAS  /tmp/cc31lriK.s 			page 46


 2192      8832D106 
 2192      53EA2225 
 2193 00d2 E2A9D646 		.ascii	"\342\251\326FU\244/_:\035\206o/Mp\375\255B\221\351!"
 2193      55A42F5F 
 2193      3A1D866F 
 2193      2F4D70FD 
 2193      AD4291E9 
 2194 00e7 F3CC1EB8 		.ascii	"\363\314\036\270T\037.\200so\263_\312f\\b\317\265\321"
 2194      541F2E80 
 2194      736FB35F 
 2194      CA665C62 
 2194      CFB5D1
 2195 00fa EF39BD92 		.ascii	"\3579\275\222\302\365S\305Ja\015\016S$\320a\252K\177"
 2195      C2F553C5 
 2195      4A610D0E 
 2195      5324D061 
 2195      AA4B7F
 2196 010d CBE21FE0 		.ascii	"\313\342\037\340\365_`\3717\360\246\016\224$\317\350"
 2196      F55F60F9 
 2196      37F0A60E 
 2196      9424CFE8 
 2197 011d F62DDCD5 		.ascii	"\366-\334\325\331\002\275#\375\2703\352}d\216\341\347"
 2197      D902BD23 
 2197      FDB833EA 
 2197      7D648EE1 
 2197      E7
 2198 012e 71443DDC 		.ascii	"qD=\334\210G#\334\324b|$\256/E#1;\301\207&\246\306B"
 2198      884723DC 
 2198      D4627C24 
 2198      AE2F4523 
 2198      313BC187 
 2199 0146 616D5E8B 		.ascii	"am^\213\351\021\352\265\015\323\232\011-h\226\275\314"
 2199      E911EAB5 
 2199      0DD39A09 
 2199      2D6896BD 
 2199      CC
 2200 0157 870D336C 		.ascii	"\207\0153l\216O\363x\202[6OX:\327\015kV_\012\350\244"
 2200      8E4FF378 
 2200      825B364F 
 2200      583AD70D 
 2200      6B565F0A 
 2201 016d 46B5C45C 		.ascii	"F\265\304\\{C\006\202\301\2606\240\007\203\364\005\373"
 2201      7B430682 
 2201      C1B036A0 
 2201      0783F405 
 2201      FB
 2202 017e 7B8978   		.ascii	"{\211x"
 2203              		.text
 2204              		.section	.gnu.lto_chRFCUGetAndClearFaultsI.348.8d77d2afc1189e02,"e",%progbits
 2205 0000 789C7551 		.ascii	"x\234uQMh\023Q\020\236\357\315&\215\007=\230^\004\017"
 2205      4D681351 
 2205      109EEFCD 
 2205      268D073D 
 2205      985E040F 
 2206 0014 F5A0C583 		.ascii	"\365\240\305\203]\011\364.\352\261\240U\274x)\233m$"
 2206      5D09F42E 
 2206      EAB1A055 
ARM GAS  /tmp/cc31lriK.s 			page 47


 2206      BC78299B 
 2206      6D24
 2207 0026 8B26299B 		.ascii	"\213&)\233\364\340\251/\261\022\310\245\177 \202\365"
 2207      F4E0A92F 
 2207      B112C8A5 
 2207      7F2082F5 
 2208 0036 871824E2 		.ascii	"\207\030$\342\301K\305\252\325\006+U\360\242B\275\250"
 2208      C14BC5AA 
 2208      D5062B55 
 2208      F0A242BD 
 2208      A8
 2209 0047 17BD156C 		.ascii	"\027\275\025l\213\247\202\205:\357ml\255P\330}o\346"
 2209      8BA78285 
 2209      3AEF6D6C 
 2209      AD50D87D 
 2209      6FE6
 2210 0059 DB6F66BE 		.ascii	"\333of\276\371\366\242\"\012\210\350\210\274`\302\344"
 2210      F9F6A222 
 2210      0A88E888 
 2210      BC60C2E4 
 2211 0069 444D91D6 		.ascii	"DM\221\326\372D\207By\242\266zk\306\301KX\0004\2420"
 2211      FA448742 
 2211      79A2B67A 
 2211      6BC6C14B 
 2211      580034A2 
 2212 007e 82299E66 		.ascii	"\202)\236fLrC\310N;\002\272\216\266\264^\277>u\367~"
 2212      4C7243C8 
 2212      4E3B02BA 
 2212      8EB6B45E 
 2212      BF3E75F7 
 2213 0093 C774B3E5 		.ascii	"\307t\263\3454X\321\035!<\001f \235I\210\334G\335B\372"
 2213      3458D11D 
 2213      213C0166 
 2213      209D4988 
 2213      DC47DD42 
 2214 00a8 B03CABF5 		.ascii	"\260<\253\365\036\022\006\236\342\037\216\000\375\363"
 2214      1E12069E 
 2214      E21F8E00 
 2214      FDF3
 2215 00b6 C9883968 		.ascii	"\311\2109h\316\303B^{\264P\3337^N4\230\361\014;:\366"
 2215      CEC3425E 
 2215      7BB450DB 
 2215      375E4E34 
 2215      98F10C3B 
 2216 00cc 2F250D35 		.ascii	"/%\0155\273Em\376\250FT\205\027\377Q\337'\343\2049\340"
 2216      BB456DFE 
 2216      A8465485 
 2216      17FF51DF 
 2216      27E38439 
 2217 00e1 398C2AB3 		.ascii	"9\214*\263\251<\002<\376\024k\351\215\3151\2557\017"
 2217      A93C023C 
 2217      FE146BE9 
 2217      8DCD31AD 
 2217      370F
 2218 00f3 AC7F5D4D 		.ascii	"\254\177]M$ 2\034e\0166G\014\230\205-%\032cc\213v\240"
 2218      2420321C 
 2218      650E3647 
ARM GAS  /tmp/cc31lriK.s 			page 48


 2218      0C98852D 
 2218      251A6363 
 2219 010a 5B44E3AC 		.ascii	"[D\343\254\242\244,\3112\364\367\217\213\260\367\347"
 2219      A2A42CC9 
 2219      32F4F78F 
 2219      8BB0F7E7 
 2220 011a B85C957B 		.ascii	"\270\\\225{\027dT\333\033\206Q8\012%a\223\355~\017\314"
 2220      176454DB 
 2220      1B865138 
 2220      0A256193 
 2220      ED7E0FCC 
 2221 012e 9818E681 		.ascii	"\230\030\346\201W\240QT\264n\0364\304\026\242f_\244"
 2221      57A05154 
 2221      B46E1E34 
 2221      C416A266 
 2221      5FA4
 2222 0140 D90A2A73 		.ascii	"\331\012*s\017;\353\214]\212_\333b\311\217\213\216\346"
 2222      0F3BEB8C 
 2222      5D8A5FDB 
 2222      62C98F8B 
 2222      8EE6
 2223 0152 DE06C7B1 		.ascii	"\336\006\307\261\200\333f9\013t\032\033\336\010`\014"
 2223      80DB6639 
 2223      0B741A1B 
 2223      DE08600C 
 2224 0162 58C1B51B 		.ascii	"X\301\265\033\325cu\216K\273:\307\214\302.\331I\000"
 2224      D563758E 
 2224      4BBB3AC7 
 2224      8CC22ED9 
 2224      4900
 2225 0174 3BEE5B34 		.ascii	";\356[4\356f\365\247\252\2632\250-X\222\220m\2052\237"
 2225      EE66F5A7 
 2225      AAB332A8 
 2225      2D589290 
 2225      6D85329F 
 2226 0188 D76ABB49 		.ascii	"\327j\273IY\334\222BF\306\333\266\014\373\213\337E\022"
 2226      59DC9242 
 2226      46C6DBB6 
 2226      0CFB8BDF 
 2226      4512
 2227 019a A4931DF5 		.ascii	"\244\223\035\365[F\375\022\177z\315\0242\246b\333T\242"
 2227      5B46FD12 
 2227      7F7ACD14 
 2227      32A662DB 
 2227      54A2
 2228 01ac 436EB690 		.ascii	"Cn\266\220\313\270\201\227wO\027\374\341\\&_*\272'\317"
 2228      CBB88197 
 2228      774F17FC 
 2228      E15C265F 
 2228      2ABA27CF 
 2229 01c0 9EEB1B48 		.ascii	"\236\353\033H{W\274\274\237\241\356R6\010\007\007\206"
 2229      7B57BCBC 
 2229      9FA1EE52 
 2229      36080707 
 2229      86
 2230 01d1 BCB074D5 		.ascii	"\274\260t\325=\225\015\322\301\231\363n\241\350\206"
 2230      3D950DD2 
ARM GAS  /tmp/cc31lriK.s 			page 49


 2230      C199F36E 
 2230      A1E886
 2231 01e0 25B718FA 		.ascii	"%\267\030\372\256\237\015/\371\303=>99\257xy\377\337"
 2231      AE9F0D2F 
 2231      F9C33D3E 
 2231      3939AF78 
 2231      79FFDF
 2232 01f3 B427954A 		.ascii	"\264'\225J{\275~*E\\\010\206\220\373\003\017\016\326"
 2232      7BBD7E2A 
 2232      455C0886 
 2232      90FB030F 
 2232      0ED6
 2233 0205 59       		.ascii	"Y"
 2234              		.text
 2235              		.section	.gnu.lto_.symbol_nodes.8d77d2afc1189e02,"e",%progbits
 2236 0000 789C7361 		.ascii	"x\234sa\000\002\246\333L\365\014\015@\300\3028\341\034"
 2236      0002A6DB 
 2236      4CF50C0D 
 2236      40C0C238 
 2236      E11C
 2237 0012 03433D03 		.ascii	"\003C=\003\303\256\206FF\006F\220\034\003\353]&\006"
 2237      C3AE8646 
 2237      46064690 
 2237      1C03EB5D 
 2237      2606
 2238 0024 0590A23B 		.ascii	"\005\220\242;L\365\214\270\0241\000\000O\203\017E"
 2238      4CF58CB8 
 2238      14310000 
 2238      4F830F45 
 2239              		.text
 2240              		.section	.gnu.lto_.refs.8d77d2afc1189e02,"e",%progbits
 2241 0000 789C1365 		.ascii	"x\234\023e```b``db`dda`\002R\254@\0267\003\003\000\003"
 2241      60606062 
 2241      60606462 
 2241      60646461 
 2241      600252AC 
 2242 001b 540038   		.ascii	"T\0008"
 2243              		.text
 2244              		.section	.gnu.lto_.decls.8d77d2afc1189e02,"e",%progbits
 2245 0000 789C9D59 		.ascii	"x\234\235YiPTY\226~\347\236\227\013i\002\266P\335\316"
 2245      69505459 
 2245      967EE79E 
 2245      970B6902 
 2245      B650DDCE 
 2246 0014 12554E07 		.ascii	"\022UN\007\335\345LO\025%5]\325\0231\021cw\365T\307"
 2246      DDE54C4F 
 2246      1525355D 
 2246      D5133111 
 2246      6377F554 
 2247 0029 444FF7D4 		.ascii	"DO\367\324\324D\377\250\371\223\221\222)\3444KN\346"
 2247      D444FFA8 
 2247      F9939192 
 2247      29E4344B 
 2247      4EE6
 2248 003b C3A52326 		.ascii	"\303\245#&\346\011*.\240\210{\201\202+\270a\272\343"
 2248      E6092A2E 
 2248      A0887B81 
ARM GAS  /tmp/cc31lriK.s 			page 50


 2248      822BB861 
 2248      BAE3
 2249 004d 8629A0E2 		.ascii	"\206)\240\342\202\373Znh\251\200`\211%(j!s\356}/\363"
 2249      82FB5A6E 
 2249      68A98060 
 2249      8925286A 
 2249      2173EE7D 
 2250 0063 E50253C6 		.ascii	"\345\002S\306\244\336\267~\367;\333=\347\336\373\030"
 2250      A4DEB77E 
 2250      F73BDB3D 
 2250      E7DEFB18 
 2251 0073 7C4792FA 		.ascii	"|G\222\372M\222tV\222\244A\372!\235\317Q\003j\373%\355"
 2251      4D927456 
 2251      92A441FA 
 2251      219DCF51 
 2251      036AFB25 
 2252 0088 C7A83551 		.ascii	"\307\2505Q;\246?ObR\324\257\230\036Z\351\234Mm\024\265"
 2252      3BA63F4F 
 2252      6252D4AF 
 2252      981E5AE9 
 2252      9C4D6D14 
 2253 009d 54BDEFBB 		.ascii	"T\275\357\273\324\222\011\233HM\005\215G\246\303\177"
 2253      D492099B 
 2253      484D058D 
 2253      47A6C37F 
 2254 00ad 83C6D334 		.ascii	"\203\306\3234\014\337|zh\211\341\342<\234o8\256\341"
 2254      0CDF7C7A 
 2254      6889E1E2 
 2254      3C9C6F38 
 2254      AEE1
 2255 00bf 742B4778 		.ascii	"t+Gx\027\270a\311\342JB&\245\253\342\267\372\207\022"
 2255      17B861C9 
 2255      E24A4226 
 2255      A5ABE2B7 
 2255      FA8712
 2256 00d2 EC0601CA 		.ascii	"\354\006\001\312\030\201\377\304\221\243@\246c*\214"
 2256      1881FFC4 
 2256      91A340A6 
 2256      632A8C
 2257 00e1 A940D650 		.ascii	"\251@\326P\264on\202-\250\252=jpz\202\004\373\000\366"
 2257      B46F6E82 
 2257      2DA8AA3D 
 2257      6A707A82 
 2257      04FB00F6 
 2258 00f5 8204F540 		.ascii	"\202\004\365@,{\000v\001\354\004\202m\372z\377M\373"
 2258      2C7B0076 
 2258      01EC0482 
 2258      6DFA7AFF 
 2258      4DFB
 2259 0107 7DD0F471 		.ascii	"}\320\364q\001\300\325\217\350`\223\376\003\245T\225"
 2259      01C0D58F 
 2259      E86093FE 
 2259      03A55495 
 2260 0117 A9CCEC42 		.ascii	"\251\314\354BfC\033\272l-\360\366\330^\034oec\223m\326"
 2260      66431BBA 
 2260      6C2DF0F6 
 2260      D85E1C6F 
ARM GAS  /tmp/cc31lriK.s 			page 51


 2260      6563936D 
 2261 012c DA261869 		.ascii	"\332&\030i3Y\031\353\260\270lc_\302fVm\0363^\225]%o"
 2261      335919EB 
 2261      B0B86C63 
 2261      5FC26656 
 2261      6D1E335E 
 2262 0144 75585456 		.ascii	"uXTV\366\373\324\017\307\323\261\303\322\002.\352\365"
 2262      F6FBD40F 
 2262      C7D3B1C3 
 2262      D2022EEA 
 2262      F5
 2263 0155 996C1D49 		.ascii	"\231l\035IW\035\026[/V\227\232]\255l\326\273\320\002"
 2263      571D165B 
 2263      2F56979A 
 2263      5DAD6CD6 
 2263      BBD002
 2264 0168 3657462A 		.ascii	"6WF*Y2\336j};\271\021\033\361S\212\2035P\367\226\255"
 2264      5932DE6A 
 2264      7D3BB911 
 2264      1BF1538A 
 2264      833550F7 
 2265 017e C3924C14 		.ascii	"\303\222L\024c]cF\272\306$\267\200\311\345\262\245\216"
 2265      635D6346 
 2265      BAC624B7 
 2265      80C9E5B2 
 2265      A58E
 2266 0190 95480957 		.ascii	"\225H\011WF\306xf#f\331\332\002\031\010\366\014\365"
 2266      46C67866 
 2266      2366D9DA 
 2266      021908F6 
 2266      0CF5
 2267 01a2 4ED78F6C 		.ascii	"N\327\217l&[\302\333c\306J\222K\372\224\021/\016\206"
 2267      265BC2DB 
 2267      63C64A92 
 2267      4BFA9411 
 2267      2F0E86
 2268 01b5 7E602199 		.ascii	"~`!\231.\343\026`\254\215e0\374m\007\005\210\2611\024"
 2268      2EE31660 
 2268      AC8D6530 
 2268      FC6D0705 
 2268      88B13114 
 2269 01c9 0CD96AB7 		.ascii	"\014\331j\267\203J\247\004\307o]\237e\330\244\016\013"
 2269      834AA704 
 2269      C76F5D9F 
 2269      65D8A40E 
 2269      0B
 2270 01da A357A932 		.ascii	"\243W\2512\250\014\214\2366\263\004\260\001\311\205"
 2270      A80C8C9E 
 2270      36B304B0 
 2270      01C985
 2271 01e9 E21F3F80 		.ascii	"\342\037?\200~\000~\013\332\370\013\211\021\317yL\231"
 2271      7E007E0B 
 2271      DAF80B89 
 2271      11CF794C 
 2271      99
 2272 01fa 8EE610ED 		.ascii	"\216\346\020\355i\370\244_s\000\323yB\321\007\255\217"
 2272      69F8A45F 
ARM GAS  /tmp/cc31lriK.s 			page 52


 2272      7300D379 
 2272      42D107AD 
 2272      8F
 2273 020b 2E841F23 		.ascii	".\204\037#\310\303\020\320!!\036\255\217\016\010\367"
 2273      C8C310D0 
 2273      21211EAD 
 2273      8F0E08F7 
 2274 021b D52FB90C 		.ascii	"\325/\271\014\001f\221}D\277(\305\015J)L\033RI\322n"
 2274      0166917D 
 2274      44BF28C5 
 2274      0D4A294C 
 2274      1B5249D2 
 2275 0230 68DC5435 		.ascii	"h\334T5\\\371\323\003r\233\272\263\264\025ad\331x\011"
 2275      5CF9D303 
 2275      729BBAB3 
 2275      B4156164 
 2275      D97809
 2276 0243 D0CB5FF4 		.ascii	"\320\313_\364\007;gYd\016\335\017\220/\006%\023\203"
 2276      073B6759 
 2276      640EDD0F 
 2276      902F0625 
 2276      1383
 2277 0255 7224BD7C 		.ascii	"r$\275|\334\322\334j\371\021\365\352V\325T\310\206\303"
 2277      DCD2DC6A 
 2277      F911F5EA 
 2277      56D554C8 
 2277      86C3
 2278 0267 00412EB0 		.ascii	"\000A.\260\221d\035\002A|bZ\303t\370\361\262ej\177\305"
 2278      91641D02 
 2278      417C625A 
 2278      C374F8F1 
 2278      B2656A7F 
 2279 027c 89F6C277 		.ascii	"\211\366\302w\216\026\251\265|\210\020\004\032\200F"
 2279      8E16A9B5 
 2279      7C881004 
 2279      1A8046
 2280 028b AE50A581 		.ascii	"\256P\245\201\360\007\001\016@\306\335\024<\003\361"
 2280      F007010E 
 2280      40C6DD14 
 2280      3C03F1
 2281 029a 72E9C1CE 		.ascii	"r\351\301\316\206\031\013maY\3640$\354(u>\242\011[^"
 2281      86190B6D 
 2281      6159F430 
 2281      24EC2875 
 2281      3EA2095B 
 2282 02af FEBC5608 		.ascii	"\376\274V\010\353\251ZS\234t\226\247\025\320{h\016K"
 2282      EBA95A53 
 2282      9C7496A7 
 2282      15D07B68 
 2282      0E4B
 2283 02c1 6A0E4BDA 		.ascii	"j\016K\332\232\202\035\240eY\331\017\204E\352l\020\267"
 2283      9A821DA0 
 2283      6559D90F 
 2283      8445EA6C 
 2283      10B7
 2284 02d3 B3F4D348 		.ascii	"\263\364\323H\3614\250j\267*`7\345k\0175\225I8\207\221"
 2284      F134A86A 
ARM GAS  /tmp/cc31lriK.s 			page 53


 2284      B72A6037 
 2284      E56B0F35 
 2284      95493887 
 2285 02e8 40F3C0C5 		.ascii	"@\363\300\305Kg-\266\277\000\240\377\224\233\035j\343"
 2285      4B672DB6 
 2285      BF00A0FF 
 2285      949B1D6A 
 2285      E3
 2286 02f9 3494E043 		.ascii	"4\224\340C\370@\202\363\000\027H\330E\200K4h.@\241\252"
 2286      F84082F3 
 2286      001748D8 
 2286      45804B34 
 2286      682E40A1 
 2287 030e 7EF70E9D 		.ascii	"~\367\016\235I\315\352\327g7\214\340\271\334\021\034"
 2287      49CDEAD7 
 2287      67378CE0 
 2287      B9DC111C 
 2288 031e 1A4F98DB 		.ascii	"\032O\230\333+\252\026\330\355\"\337\253\033e\270\014"
 2288      2BAA16D8 
 2288      ED22DFAB 
 2288      1B65B80C 
 2289 032e 7AC64B70 		.ascii	"z\306KpE\263\265\374\351\232o\023\355m\303\002\344\355"
 2289      45B3B5FC 
 2289      E99A6F13 
 2289      ED6DC302 
 2289      E4ED
 2290 0340 55076626 		.ascii	"U\007f&\244\245\334Q\325\376\206\362yE)\225T8\354p\025"
 2290      A4A5DC51 
 2290      D5FE86F2 
 2290      79452995 
 2290      5438EC70 
 2291 0355 E01CC057 		.ascii	"\340\034\300W\006:\235\3328I\345<jP\016\027\226\263"
 2291      063A9DDA 
 2291      3849E53C 
 2291      6A500E17 
 2291      96B3
 2292 0367 024495E5 		.ascii	"\002D\225\345\032w\034\036\340\346\262`\375\223\355"
 2292      1A771C1E 
 2292      E0E6B260 
 2292      FD93ED
 2293 0376 B69438EC 		.ascii	"\266\2248\354\365(\254\360\326/\304\261E\322\\(\343"
 2293      F528ACF0 
 2293      D62FC4B1 
 2293      45D25C28 
 2293      E3
 2294 0387 49A63D0F 		.ascii	"I\246=\017Jx\231\274w[\320]R[+\255\3615\355\353\310"
 2294      4A7899BC 
 2294      775BD05D 
 2294      525B2BAD 
 2294      F135EDEB 
 2295 039c 9A86ED04 		.ascii	"\232\206\355\004\177,\340\367\236n\356MN\321\252eP\013"
 2295      7F2CE0F7 
 2295      9E6EEE4D 
 2295      4ED1AA65 
 2295      500B
 2296 03ae E7038076 		.ascii	"\347\003\200v=\266|8\266-\257\213\360Y\273a$EZ\302~"
 2296      3DB67C38 
ARM GAS  /tmp/cc31lriK.s 			page 54


 2296      B62DAF8B 
 2296      F059BB61 
 2296      24455AC2 
 2297 03c3 62227713 		.ascii	"b\"w\023\360h\337\311\305\246x\301\017#\005\013u?\020"
 2297      F068DFC9 
 2297      C5A678C1 
 2297      0F23050B 
 2297      753F10
 2298 03d6 47AB6685 		.ascii	"G\253f\205\204\245(\341\022j\025\202\345n\357\226\032"
 2298      84A528E1 
 2298      126A1582 
 2298      E56EEF96 
 2298      1A
 2299 03e7 16ADCF13 		.ascii	"\026\255\317\023\200ou}p\255\000-<1\273\313\026\015"
 2299      806F757D 
 2299      70AD002D 
 2299      3C31BBCB 
 2299      160D
 2300 03f9 7A6A8038 		.ascii	"zj\2008\313\243\242\026\253\241t\257\241t\037Wz+g1_"
 2300      CBA3A216 
 2300      ABA174AF 
 2300      A1741F57 
 2300      7A2B6731 
 2301 040e F9E649D5 		.ascii	"\371\346I\325\210\224\2644\"\231\256\271\376\033\200"
 2301      8894B434 
 2301      2299AEB9 
 2301      FE1B80
 2302 041d 4720043E 		.ascii	"G \004>\027\256\177\001\320\317\031\211\250\377j\305"
 2302      17AE7F01 
 2302      D0CF1989 
 2302      A8FF6AC5 
 2303 042d FCA6242D 		.ascii	"\374\246$-\334}\000\317\004$2\334\373\200\303\002\363"
 2303      DC7D00CF 
 2303      042432DC 
 2303      FB80C302 
 2303      F3
 2304 043e 8A8AD591 		.ascii	"\212\212\325\221\032\246'\0163\216\353v\377\351\335"
 2304      1AA6270E 
 2304      338EEB76 
 2304      FFE9DD
 2305 044d 73F69438 		.ascii	"s\366\2248\241Oc\205\012/\215\305;\344\232Nau\363\332"
 2305      A14F6385 
 2305      0A2F8DC5 
 2305      3BE49A4E 
 2305      6175F3DA 
 2306 0461 FE87186D 		.ascii	"\376\207\030m\365\000\300\353\220k\236\010\320\206@"
 2306      F500C0EB 
 2306      906B9E08 
 2306      D08640
 2307 0470 EF424B34 		.ascii	"\357BK4h\320\000\021`\365\223\375\305&\3035T\277C\032"
 2307      68D00011 
 2307      60F593FD 
 2307      C526C335 
 2307      54BF431A 
 2308 0484 4E636288 		.ascii	"Ncb\210\017\036\250\271\302R\322\342\006$\311*d\\\301"
 2308      0F1EA8B9 
 2308      C252D2E2 
ARM GAS  /tmp/cc31lriK.s 			page 55


 2308      0624C92A 
 2308      645CC1
 2309 0497 22A6B924 		.ascii	"\"\246\271$\360\242^U\023\354\324\217\233Z\310\342M"
 2309      F0A25E55 
 2309      13ECD48F 
 2309      9B5AC8E2 
 2309      4D
 2310 04a8 ADED7BB6 		.ascii	"\255\355{\266^\216\037\332\203QL\370\212,\034\2406]"
 2310      5E8E1FDA 
 2310      83514CF8 
 2310      8A2C1CA0 
 2310      365D
 2311 04ba 96702EB5 		.ascii	"\226p.\265rYX{\377B\231)\332\220\331\014\346\260\260"
 2311      7259587B 
 2311      FF429929 
 2311      DA90D90C 
 2311      E6B0B0
 2312 04cd 21479FD7 		.ascii	"!G\237\327mJ6\014\231c\310\237K\264X%s\017\232\305\354"
 2312      6D4A360C 
 2312      9963C89F 
 2312      4BB45825 
 2312      730F9AC5 
 2313 04e2 6411579C 		.ascii	"d\021W\234i\012\326\010\366\307\227/5\232mj\354`\235"
 2313      690AD608 
 2313      F6C7972F 
 2313      359A6D6A 
 2313      EC609D
 2314 04f5 CF08478A 		.ascii	"\317\010G\212\315cP\312p\013)\263C\300\247\027/?\036"
 2314      CD6350CA 
 2314      700B29B3 
 2314      43C0A717 
 2314      2F3F1E
 2315 0508 332ACB19 		.ascii	"3*\313\031,\324\225\301\203\032\250\257\352Y\214\306"
 2315      2CD495C1 
 2315      831AA8AF 
 2315      EA598CC6 
 2316 0518 8B0C1001 		.ascii	"\213\014\020\001./_\276\225\031\032/64^\3025>*X.\367"
 2316      2E2F5FBE 
 2316      95191A2F 
 2316      36345EC2 
 2316      353E2A58 
 2317 052e D6DC4A1C 		.ascii	"\326\334J\034\002\004K\231\200\021\244\275\375\3135"
 2317      02044B99 
 2317      8011A4BD 
 2317      FDCB35
 2318 053d 230CC832 		.ascii	"#\014\3102\203g9\347\271Fj\267Q\353\344|\243\356\355"
 2318      836739E7 
 2318      B9466AB7 
 2318      51EBE47C 
 2318      A3EEED
 2319 0550 EF5A0D69 		.ascii	"\357Z\015i\251i\332\217\217\344\263\355mK\377\272\271"
 2319      A969DA8F 
 2319      8FE4B3ED 
 2319      6D4BFFBA 
 2319      B9
 2320 0561 486D0902 		.ascii	"Hm\011\002\3450\0243X\031\033\273\330\220I\034B~Y\305"
 2320      E5301433 
ARM GAS  /tmp/cc31lriK.s 			page 56


 2320      58191BBB 
 2320      D890491C 
 2320      427E59C5 
 2321 0575 602D8335 		.ascii	"`-\2035\014\252\031T1X\307`\005\203\325<\212\274G\345"
 2321      0CAA1954 
 2321      3158C760 
 2321      0583D53C 
 2321      8ABC47E5 
 2322 0589 86F2A4B2 		.ascii	"\206\362\244\262i\010e\014J\206 \345\012\317?\256A\226"
 2322      6908650C 
 2322      4A8620E5 
 2322      0ACF3FAE 
 2322      4196
 2323 059b 3358308C 		.ascii	"3X0\214\334\2075a\226\312\241Y\002\247gkI\326\0050s"
 2323      DC873561 
 2323      96CAA159 
 2323      02A7676B 
 2323      49D60530 
 2324 05b0 1841B374 		.ascii	"\030A\263tAY\360\3450r^\030r*\206!\331\242\223\314e"
 2324      4159F0E5 
 2324      30725E18 
 2324      722A8621 
 2324      D9A293CC 
 2325 05c5 306B0888 		.ascii	"0k\010\210\250`Z5\033\203U&~\377\2274\270\305\211J\225"
 2325      A8605A35 
 2325      1B835526 
 2325      7EFF9734 
 2325      B8C5894A 
 2326 05da 89C76ACF 		.ascii	"\211\307j\317\355i\253\265i)b\032\333\304\010A\356\334"
 2326      ED69ABB5 
 2326      6929621A 
 2326      DBC40841 
 2326      EEDC
 2327 05ec C8608336 		.ascii	"\310`\2036\361\217\305\315&\011\267\213.\217\267\337"
 2327      F18FC5CD 
 2327      2609B78B 
 2327      2E8FB7DF 
 2328 05fc 684F8CED 		.ascii	"hO\214\355\2625\262\013\356#pP\200o\276\330|!\016\274"
 2328      B235B20B 
 2328      EE237050 
 2328      806FBED8 
 2328      7C210EBC 
 2329 0610 3D0A7C5C 		.ascii	"=\012|\\h6\026\376G\034%<+:\026\336\252\250\025\363"
 2329      683616FE 
 2329      471C253C 
 2329      2B3A16DE 
 2329      AAA815F3 
 2330 0624 44AF1A5C 		.ascii	"D\257\032\\Vf\016\327\241=\214@\324w7\203]\214p\255"
 2330      56660ED7 
 2330      A13D8C40 
 2330      D4773783 
 2330      5D8C70AD 
 2331 0638 85250793 		.ascii	"\205%\007\223\214\301Vo8a/\323\213\324h\274N\372\264"
 2331      8CC1566F 
 2331      38612FD3 
 2331      8BD468BC 
 2331      4EFAB4
ARM GAS  /tmp/cc31lriK.s 			page 57


 2332 064b 517B20A8 		.ascii	"Q{ \2507\357.Y+G'\302A\006\015\241l\351\023\240\352"
 2332      37EF2E59 
 2332      2B4727C2 
 2332      41060DA1 
 2332      6CE913A0 
 2333 0660 A6FDA763 		.ascii	"\246\375\247c\252\331!\003D\200\262\033\217dCn\320\220"
 2333      AAD92103 
 2333      4480B21B 
 2333      8F64436E 
 2333      D090
 2334 0672 7B382477 		.ascii	"{8$w$\026\231i\321@m\036\265\005f\336k\366\343\256?"
 2334      24169969 
 2334      D1406D1E 
 2334      B50566DE 
 2334      6BF6E3AE 
 2335 0687 8F663DCA 		.ascii	"\217f=\312\340\230\301Z\265hcu\304tv\314\240m\341\271"
 2335      E098C15A 
 2335      B5686375 
 2335      C47476CC 
 2335      A06DE1B9 
 2336 069b B38293C8 		.ascii	"\263\202\223\310\205\273Nt'\014Q\002\21738!\362\340"
 2336      85BB4E74 
 2336      270C5102 
 2336      8F333821 
 2336      F2E0
 2337 06ad A45E02FB 		.ascii	"\244^\002\373w>\015,4\357\243:8{4\021\300\021\001\210"
 2337      773E0D2C 
 2337      34EFA33A 
 2337      387B3411 
 2337      C0110188 
 2338 06c1 1B25A3C0 		.ascii	"\033%\243\300.\242\334F^\"M\357Q\353\022\332V\034\354"
 2338      2EA2DC46 
 2338      5E224DEF 
 2338      51EB12DA 
 2338      561CEC
 2339 06d4 5663AAF5 		.ascii	"Vc\252\365Y\006\347B\236\032\020\240\007\033\217vC4"
 2339      5906E742 
 2339      9E1A10A0 
 2339      071B8F76 
 2339      4334
 2340 06e6 E8BC0122 		.ascii	"\350\274\001\"@ x\351\240\331\260\351\202\241\301En"
 2340      402078E9 
 2340      A0D9B0E9 
 2340      82A1C145 
 2340      6E
 2341 06f7 D3020B81 		.ascii	"\323\002\013\201\254u\213OtX\323RD\011\250\277ZQWd\021"
 2341      AC758B4F 
 2341      7458D352 
 2341      4409A8BF 
 2341      5A515764 
 2342 070c 05E0A228 		.ascii	"\005\340\242(\336W\206H\020}zjep\212\011\265\256\010"
 2342      DE578648 
 2342      107D7A6A 
 2342      65708A09 
 2342      B5AE08
 2343 071f D32F33B8 		.ascii	"\323/3\270\312\340Zh\016\330\252\317w\304\363,\216G"
 2343      CAE05A68 
ARM GAS  /tmp/cc31lriK.s 			page 58


 2343      0ED8AACF 
 2343      77C4F32C 
 2343      8E47
 2344 0731 9B137BEA 		.ascii	"\233\023{\352\327\314\023it\217\226a,\022\363\010B3"
 2344      D7CC1369 
 2344      748F9661 
 2344      2C12F308 
 2344      4233
 2345 0743 C5AA406F 		.ascii	"\305\252@o\2659%N\352\371!\244\342\022\213\204\225\302"
 2345      B539254E 
 2345      EAF921A4 
 2345      E2128B84 
 2345      95C2
 2346 0755 A6F6D7B5 		.ascii	"\246\366\327\265w\022ymSEY\013^K\323\313\332t\0067\030"
 2346      7712796D 
 2346      5345590B 
 2346      5E4BD3CB 
 2346      DA740637 
 2347 076a DCFA3EAB 		.ascii	"\334\372>\253$\016!\366\233\014\332\030\334\326\353"
 2347      240E21F6 
 2347      9B0CDA18 
 2347      DCD6EB
 2348 0779 58E0C63A 		.ascii	"X\340\306:U\330\364\025\2033\202%\204\016\263\004\256"
 2348      55D8F415 
 2348      83338225 
 2348      840EB304 
 2348      AE
 2349 078a EA909700 		.ascii	"\352\220\227\000\327\005D\313\236\020\004Wq\375~<\260"
 2349      D70544CB 
 2349      9E100457 
 2349      71FD7E3C 
 2349      B0
 2350 079b 63E57C2B 		.ascii	"c\345|+U\335\224\264\310\037w\333\312c3\325\221\323"
 2350      55DD94B4 
 2350      C81F77DB 
 2350      CA6333D5 
 2350      91D3
 2351 07ad ECB083C1 		.ascii	"\354\260\203\3016\006\367\231\310[\011j\230\261\222"
 2351      3606F799 
 2351      C85B096A 
 2351      98B192
 2352 07bc 786114B9 		.ascii	"xa\024\271N\340\220\220-7!\\\303n\2563qsI\376"
 2352      4EE09090 
 2352      2D37215C 
 2352      C36EAE33 
 2352      717349FE 
 2353 07d0 69C112A7 		.ascii	"i\301\022\247\250n\356m\302\200\230\263\356\013\203"
 2353      A86EEE6D 
 2353      C28098B3 
 2353      EE0B83
 2354 07df EF3178C8 		.ascii	"\3571x\310\340\011\203.\322\234\301\267\014\356\322"
 2354      E009832E 
 2354      D29CC1B7 
 2354      0CEED2
 2355 07ee 3860D0CD 		.ascii	"8`\320\315\340\021\203N\006\355\014\276f\360\230\301"
 2355      E011834E 
 2355      06ED0CBE 
ARM GAS  /tmp/cc31lriK.s 			page 59


 2355      66F098C1 
 2356 07fe 03061D7A 		.ascii	"\003\006\035z\254{J6\225\207\342x7J\243;a\215\002]\033"
 2356      AC7B4A36 
 2356      9587E278 
 2356      374AA33B 
 2356      618D025D 
 2357 0813 C28E792C 		.ascii	"\302\216y,0!\307tC\270\254V\234\014\325\346;,\216\206"
 2357      3021C774 
 2357      43B8AC56 
 2357      9C0CD5E6 
 2357      3B2C8E86 
 2358 0827 AC1796E9 		.ascii	"\254\027\226\351s\011E\362\273(Y\257\014P\240s\206\346"
 2358      730945F2 
 2358      BB2859AF 
 2358      0C50A073 
 2358      86E6
 2359 0839 22CAB9E6 		.ascii	"\"\312\271\346(\246G`\214\276WG4\246\303\014\016D\201"
 2359      28A64760 
 2359      8CBE5747 
 2359      34A6C30C 
 2359      0E4481
 2360 084c F6B1B046 		.ascii	"\366\261\260F[k\312\023\003*\322\026\035jc\303\261\236"
 2360      5B6BCA13 
 2360      032AD216 
 2360      1D6A63C3 
 2360      B19E
 2361 085e 6911D7C3 		.ascii	"i\021\327\303A\263\300\014\026\247\220>\351\034\323"
 2361      41B3C00C 
 2361      16A7903E 
 2361      E91CD3
 2362 086d 445D01D8 		.ascii	"D]\001\330\037/J\217\353\254\271\032\021M\275\367\343"
 2362      1F2F4A8F 
 2362      EBACB91A 
 2362      114DBDF7 
 2362      E3
 2363 087e E3AA2BBD 		.ascii	"\343\252+\275QW(\300\240.V\241-\232B\337\030C\260\211"
 2363      515728C0 
 2363      A02E56A1 
 2363      2D9A42DF 
 2363      1843B089 
 2364 0892 457ABAD1 		.ascii	"Ez\272\321\260k\271\256\320^\006;\243\024\252a\241\314"
 2364      B06BB9AE 
 2364      D05E063B 
 2364      A314AA61 
 2364      A1CC
 2365 08a4 2BDCF5BA 		.ascii	"+\334\365\272=r9\252\017\225E\377\377\241\2025\224\240"
 2365      3D7239AA 
 2365      0F9545FF 
 2365      FFA18235 
 2365      94A0
 2366 08b6 753C01D8 		.ascii	"u<\001\330\325%\027*cJW\037\025\212P}k\026\240\346\235"
 2366      D525172A 
 2366      634A571F 
 2366      158A507D 
 2366      6B16A0E6 
 2367 08cb 757F2630 		.ascii	"u\177&0\301\020\346\271\201\241\367\353\016\334\332"
 2367      C110E6B9 
ARM GAS  /tmp/cc31lriK.s 			page 60


 2367      81A1F7EB 
 2367      0EDCDA
 2368 08da 1EB1D0EB 		.ascii	"\036\261\320\3537\254x!\226;$\355\026\265\007\234L>"
 2368      37AC7821 
 2368      963B24ED 
 2368      16B5079C 
 2368      4C3E
 2369 08ec 5438630E 		.ascii	"T8c\016KK\341\265y\367\240\272#T\020hk\373\035\203\327"
 2369      4B4BE1B5 
 2369      79F7A0BA 
 2369      23541068 
 2369      6BFB1D83 
 2370 0901 DFB7CE81 		.ascii	"\337\267\316\201W\002Df\017\010K\226Z\271\002\013\226"
 2370      57024466 
 2370      0F084B96 
 2370      5AB9020B 
 2370      96
 2371 0912 AC4F1862 		.ascii	"\254O\030b\025\033\015]i\345\225\376\213\360w\250/h"
 2371      151B0D5D 
 2371      69E595FE 
 2371      8BF077A8 
 2371      2F68
 2372 0924 A65D2FBA 		.ascii	"\246]/\272\257\235ymp\210\215\321t\216\341\213`\204"
 2372      AF9D796D 
 2372      70888DD1 
 2372      748EE18B 
 2372      6084
 2373 0936 42C48055 		.ascii	"B\304\200U\302z\016\227W\267TV\330R\342w%\305\010\263"
 2373      C27A0E97 
 2373      57B75456 
 2373      D852E277 
 2373      25C508B3 
 2374 094a 9077988D 		.ascii	"\220w\230\215Z\235\252\247\212\367o\323\304\216D+C\364"
 2374      5A9DAAA7 
 2374      8AF76FD3 
 2374      C48E442B 
 2374      43F4
 2375 095c 3AA60C35 		.ascii	":\246\0145\013\005Z\346.-K\216\337q\314\211\"\324\266"
 2375      0B055AE6 
 2375      2E2D4B8E 
 2375      DF71CC89 
 2375      22D4B6
 2376 096f 63806748 		.ascii	"c\200gH\221\313\324n\213\256;\212V.\264\307\353>\037"
 2376      91CBD46E 
 2376      8BAE3B8A 
 2376      562EB4C7 
 2376      EB3E1F
 2377 0982 2377939D 		.ascii	"#w\223\235\004\177,\340G\317\037\3776&\336\304\273\020"
 2377      047F2CE0 
 2377      47CF1FFF 
 2377      3626DEC4 
 2377      BB10
 2378 0994 43F399C6 		.ascii	"C\363\231\306\371p\3171s\314:\331\000\021\240w\305\354"
 2378      F970CF31 
 2378      73CC3AD9 
 2378      0011A077 
 2378      C5EC
ARM GAS  /tmp/cc31lriK.s 			page 61


 2379 09a6 75968825 		.ascii	"u\226\210%0\032\353d\322\024K\023$\\\230\300\201\247"
 2379      301AEB64 
 2379      D2144B13 
 2379      245C98C0 
 2379      81A7
 2380 09b8 5B82CF92 		.ascii	"[\202\317\222\342\265[\206Q\337\357\254\375\003\203"
 2380      E2B55B86 
 2380      51DFEFAC 
 2380      FD0383
 2381 09c7 25267DEA 		.ascii	"%&}\352\243}\334\2315\372>n9\302R$@\354|\0247\015\225"
 2381      A37DDC99 
 2381      35FA3E6E 
 2381      39C25224 
 2381      40EC7C14 
 2382 09de 0B1431AE 		.ascii	"\013\0241\256@\250D\370\022\365\202x\272I\233\330\226"
 2382      40A844F8 
 2382      12F58278 
 2382      BA499BD8 
 2382      96
 2383 09ef 209FFC22 		.ascii	" \237\374\"\210\"6\204\255\372\004I\230\2368\214\310"
 2383      88223684 
 2383      ADFA0449 
 2383      989E388C 
 2383      C8
 2384 0a00 C0E296CE 		.ascii	"\300\342\226\316\333\266\370\271o\321\020Bq\025\331"
 2384      DBB6F8B9 
 2384      6FD11042 
 2384      7115D9
 2385 0a0f 5E4FAD51 		.ascii	"^O\255Q\330\277\373~\305U\233\255-n\015\267\012\243"
 2385      D8BFFB7E 
 2385      C5559BAD 
 2385      2D6E0DB7 
 2385      0AA3
 2386 0a21 D670D68B 		.ascii	"\326p\326\213\233+\213\031\237\206\264yR\335\237\266"
 2386      9B2B8B19 
 2386      9F86B479 
 2386      52DD9FB6 
 2387 0a31 481569B1 		.ascii	"H\025i\261\022a\001\302:\214\2318\356\360\351g\015\351"
 2387      126101C2 
 2387      3A8C9938 
 2387      EEF0E967 
 2387      0DE9
 2388 0a43 BD8C30AB 		.ascii	"\275\2140\253\021\252\005&\246\276\350\012\217\226\240"
 2388      11AA0526 
 2388      A6BEE80A 
 2388      8F96A0
 2389 0a52 04798183 		.ascii	"\004y\201\203*\201\"\261k\020\326#\254\325\275\024\350"
 2389      2A8122B1 
 2389      6B10D623 
 2389      ACD5BD14 
 2389      E8
 2390 0a63 D23D5086 		.ascii	"\322=P\2060O@b\2534\236\024\326\354\230^\335lJ\211\243"
 2390      304F4062 
 2390      AB349E14 
 2390      D6EC985E 
 2390      DD6C4A89 
 2391 0a78 AD198256 		.ascii	"\255\031\202V\373\264\004x\207\\\321N\255\217\023\230"
ARM GAS  /tmp/cc31lriK.s 			page 62


 2391      FBB40478 
 2391      875CD14E 
 2391      AD8F1398 
 2392 0a88 0F372E2B 		.ascii	"\0177.+\345q\346\241i\325\347\230%\0146#\324\305\013"
 2392      E571E6A1 
 2392      69D5E798 
 2392      250C3623 
 2392      D4C50B
 2393 0a9b 35FCBD01 		.ascii	"5\374\275\001\271I\260I\300H\316V\204-z\212\365\034"
 2393      B949B049 
 2393      C048CE56 
 2393      842D7A8A 
 2393      F51C
 2394 0aad DFF43967 		.ascii	"\337\3649g\321V\002u\261~\302\001\241x\351\316sM\246"
 2394      D1560275 
 2394      B17EC201 
 2394      A178E9CE 
 2394      734DA6
 2395 0ac0 9438C240 		.ascii	"\2248\302@,!\316\261i\253AU\373\012\246\222\005Km\234"
 2395      2C21CEB1 
 2395      69AB4155 
 2395      FB0AA692 
 2395      054B6D9C 
 2396 0ad4 E1FA8C6D 		.ascii	"\341\372\214m\363\242\363F\202\335\241\254\251\020\220"
 2396      F3A2F346 
 2396      82DDA1AC 
 2396      A91090
 2397 0ae3 AEBDE53D 		.ascii	"\256\275\345=\366\350\254\331\203a\020\001\026\277>"
 2397      F6E8ACD9 
 2397      83611001 
 2397      16BF3E
 2398 0af2 536F8B58 		.ascii	"So\213X\250\033&\357\345Y\263A\310\376)\325'\024g*\321"
 2398      A81B26EF 
 2398      E559B341 
 2398      C8FE29D5 
 2398      2714672A 
 2399 0b07 82F7F9CC 		.ascii	"\202\367\371\314\332\225b\203\322\255\006\013M\222\376"
 2399      DA956283 
 2399      D2AD060B 
 2399      4D92FE
 2400 0b16 05100E72 		.ascii	"\005\020\016r\014\351~\000a?\342\036\233\204\207u\345"
 2400      0CE97E00 
 2400      613FE21E 
 2400      9B848775 
 2400      E5
 2401 0b27 0779AFA7 		.ascii	"\007y\257\247\205\247\256\331\303\373gz\032\222\325"
 2401      85A7AED9 
 2401      C3FB677A 
 2401      1A92D5
 2402 0b36 487B9074 		.ascii	"H{\220t8\214\330B]Z\205\204\356#\235\247\022\343\263"
 2402      388CD842 
 2402      5D5A8584 
 2402      EE239DA7 
 2402      12E3B3
 2403 0b49 B419633F 		.ascii	"\264\031c?\014\241\360\312h\274\314\273\231\373v\006"
 2403      0CA1F0CA 
 2403      68BCCCBB 
ARM GAS  /tmp/cc31lriK.s 			page 63


 2403      99FB7606 
 2404 0b59 E6F14F80 		.ascii	"\346\361O\200\374K -\253Q#(J0\366\244'H\326q\204\223"
 2404      FC4B202D 
 2404      AB512328 
 2404      4A30F6A4 
 2404      2748D671 
 2405 0b6f C83F0352 		.ascii	"\310?\003R\331\375Gz\"(\264\243\211H\212\233\226\367"
 2405      D9FD477A 
 2405      2228B4A3 
 2405      89488A9B 
 2405      96F7
 2406 0b81 9922BF25 		.ascii	"\231\"\277%\326\216\226\364\271\3644\365>\203p\026i"
 2406      D68E96F4 
 2406      B9F434F5 
 2406      3E837016 
 2406      69
 2407 0b92 F1241880 		.ascii	"\361$\030\200\316xK\310~\276\265n\2215\262\333\262p"
 2407      CE784BC8 
 2407      7EBEB56E 
 2407      9135B2DB 
 2407      B270
 2408 0ba4 B7F3D4ED 		.ascii	"\267\363\324\355\"\302\005\336\345\037\350\216Q\303"
 2408      22C205DE 
 2408      E51FE88E 
 2408      51C3
 2409 0bb2 AFC9D80E 		.ascii	"\257\311\330\016j\335\242\367\321'\323\317$k\343\260"
 2409      6ADDA2F7 
 2409      D127D3CF 
 2409      246BE3B0 
 2410 0bc2 FFEC9E27 		.ascii	"\377\354\236'7\177\321\244MBYp\031\341Z\\\225\210-\314"
 2410      377FD1A4 
 2410      4D425970 
 2410      19E15A5C 
 2410      95882DCC 
 2411 0bd6 12C79063 		.ascii	"\022\307\220c\276B\270\032\316!}\245\223\005W\342(h"
 2411      BE42B81A 
 2411      CE217DA5 
 2411      930557E2 
 2411      2868
 2412 0be8 1CAE1821 		.ascii	"\034\256\030!\341\352\021|\366\230\321RZ\011b\376\013"
 2412      E1EA117C 
 2412      F698D152 
 2412      5A0962FE 
 2412      0B
 2413 0bf9 7CA5F7A1 		.ascii	"|\245\367\241\325\310\015\204[\261\235b'4\211C\370b"
 2413      D5C80D84 
 2413      5BB19D62 
 2413      27348943 
 2413      F862
 2414 0c0b 580CD50D 		.ascii	"X\014\325\015\202\255x\375\300\342\244\370\215\220\004"
 2414      82AD78FD 
 2414      C0E2A4F8 
 2414      8D9004
 2415 0c1a 6D027A27 		.ascii	"m\002z'\244\336qC\024-|\332\342\364\333B\372m\243\266"
 2415      A4DE7143 
 2415      142D7CDA 
 2415      E2F4DB42 
ARM GAS  /tmp/cc31lriK.s 			page 64


 2415      FA6DA3B6 
 2416 0c2e 8BB39ABB 		.ascii	"\213\263\232\273\276jl`\232\177\002\233\365\236\224"
 2416      BE6A6C60 
 2416      9A7F029B 
 2416      F59E94
 2417 0c3d A7F7101E 		.ascii	"\247\367\020\036\014\241d\214o\036\010\311\367\021\332"
 2417      0CA1648C 
 2417      6F1E08C9 
 2417      F711DA
 2418 0c4c 43395ABF 		.ascii	"C9Z\277n~h#\377u\034\005//\365$y\277\220|\372\274\372"
 2418      6E7E6823 
 2418      FF751C05 
 2418      2F2FF524 
 2418      79BF907C 
 2419 0c63 EB34E19D 		.ascii	"\3534\341\235\236\371G\346\207\012D'Bw\254`\256[E\330"
 2419      9EF947E6 
 2419      870A4427 
 2419      4277AC60 
 2419      AE5B45D8 
 2420 0c77 E95FB258 		.ascii	"\351_\262X\304\220q\353\026\272=D\350B\221\223\366\201"
 2420      C49071EB 
 2420      16BA3D44 
 2420      E8429193 
 2420      F681
 2421 0c89 538B8F53 		.ascii	"S\213\217S\341\345__\270\246\375\367\305r\235\342w\011"
 2421      E1E55F5F 
 2421      B8A6FDF7 
 2421      C5729DE2 
 2421      7709
 2422 0c9b E171EC6C 		.ascii	"\341q\354l\315\027u\327u\221\024\212\353\002\362}\356"
 2422      CD1775D7 
 2422      7591148A 
 2422      EB02F27D 
 2422      EE
 2423 0cac 782C447E 		.ascii	"x,D~K\223\013\302\023bDx\244\373%\260W_ \222G\356\016"
 2423      4B930BC2 
 2423      13624478 
 2423      A4FB25B0 
 2423      575F2092 
 2424 0cc3 23EE842E 		.ascii	"#\356\204.\216\"v{hq\201J\235\205l\353\030\202\245\002"
 2424      8E22767B 
 2424      6871814A 
 2424      9D856CEB 
 2424      1882A502 
 2425 0cd7 935A2E35 		.ascii	"\223Z.5\027%k[\033\341\331\327\372v\217\352}\023\302"
 2425      17256B5B 
 2425      1BE1D9D7 
 2425      FA768FEA 
 2425      7D13C2
 2426 0cea 8BA1FCD6 		.ascii	"\213\241\374\326\363r\235w\225\035\276\220b_\353\237"
 2426      F3729D77 
 2426      951DBE90 
 2426      625FEB9F 
 2427 0cfa 66B46D0D 		.ascii	"f\264m\015\011\243\245\366\013C\344#c\251\335\261f^"
 2427      09A3A5F6 
 2427      0B43E423 
 2427      63A9DDB1 
ARM GAS  /tmp/cc31lriK.s 			page 65


 2427      665E
 2428 0d0c A90A8DA3 		.ascii	"\251\012\215\243)\373\340\234\220r\012E~\246\303\021"
 2428      29FBE09C 
 2428      90720A45 
 2428      7EA6C311 
 2429 0d1c 845ED443 		.ascii	"\204^\324C\370\262\2508\370+\332  \264\010\3201\204"
 2429      F8B2A838 
 2429      F82BDA20 
 2429      20B408D0 
 2429      3184
 2430 0d2e A31881FA 		.ascii	"\243\030\201\372P\240\272\233fr\324i\344\2331B\265F"
 2430      50A0BA9B 
 2430      6672D469 
 2430      E49B3142 
 2430      B546
 2431 0d40 539DC2B8 		.ascii	"S\235\302\270\331B(N\216\177\206\320\217\360\034\341"
 2431      D942284E 
 2431      8E7F86D0 
 2431      8FF01CE1 
 2432 0d50 29429F16 		.ascii	")B\237\026tvf\375\263*\026?\035\354\301\377\243\317"
 2432      747666FD 
 2432      B32A163F 
 2432      1DECC1FF 
 2432      A3CF
 2433 0d62 D52D83FD 		.ascii	"\325-\203\375l\224\326\247\232\301K\204\235\010;\270"
 2433      6C94D6A7 
 2433      9AC14B84 
 2433      9D083BB8 
 2434 0d72 A6AF5014 		.ascii	"\246\257P\024U\002\331\356\366\366/L\016\2719P\322N"
 2434      5502D9EE 
 2434      F6F62F4C 
 2434      0EB93950 
 2434      D24E
 2435 0d84 5BC8423B 		.ascii	"[\310B;4 \034BP\345\360\337n\214\001\274\314\200\354"
 2435      34201C42 
 2435      50E5F0DF 
 2435      6E8C01BC 
 2435      CC80EC
 2436 0d97 8B831CD6 		.ascii	"\213\203\034\326\366P\2655Z|_!\004\005&$8\302\331\225"
 2436      F650B535 
 2436      5A7C5F21 
 2436      04052624 
 2436      38C2D995 
 2437 0dab C7B488EE 		.ascii	"\307\264\210\356E\330%0\303fB+\300)\376\2020d\351w\010"
 2437      45D82530 
 2437      C366422B 
 2437      C029FE82 
 2437      3064E977 
 2438 0dc0 03088308 		.ascii	"\003\010\203\010\257EM9\304s\220\035\330R\335\226\230"
 2438      AF454D39 
 2438      C473901D 
 2438      D852DD96 
 2438      98
 2439 0dd1 12DB05A6 		.ascii	"\022\333\005\246\311Cv\252\300\324\222\205+g%\204w\317"
 2439      C94376AA 
 2439      C0D49285 
 2439      2B672584 
ARM GAS  /tmp/cc31lriK.s 			page 66


 2439      77CF
 2440 0de3 29DA1AA6 		.ascii	")\332\032\246\354\312O\3645\314\\\204\231\010%rx\224"
 2440      ECCA4FF4 
 2440      35CC5C84 
 2440      99082572 
 2440      7894
 2441 0df5 BC3276A3 		.ascii	"\2742v\243\247J\265\361M;\251\227\214cB\212wG\354\""
 2441      A74AB5F1 
 2441      4D3BA997 
 2441      8C63428A 
 2441      7747EC22 
 2442 0e09 576ED13C 		.ascii	"Wn\321<\260\015a\243 \012\205\330H\202N\235\347\006"
 2442      B00D61A3 
 2442      200A85D8 
 2442      48824E9D 
 2442      E706
 2443 0e1b C01988E4 		.ascii	"\300\031\210\3449\035\301sS\347yJ\025P\200\264\255\224"
 2443      391DC173 
 2443      53E7794A 
 2443      155080B4 
 2443      AD94
 2444 0e2d B1B113BB 		.ascii	"\261\261\023\2736\035T(\303v!,\344\261\223\206\326\033"
 2444      361D5428 
 2444      C376212C 
 2444      E4B19386 
 2444      D61B
 2445 0e3f 39862FBD 		.ascii	"9\206/\275j\021J\005H[\012En\355\002\015\272J3\020\246"
 2445      6A114A05 
 2445      485B0A45 
 2445      6EED020D 
 2445      BA4A3310 
 2446 0e54 619C695A 		.ascii	"a\234iZ\334\256\265j\213\240\027\014z\243\3147>!\350"
 2446      DCAEB56A 
 2446      8BA0170C 
 2446      7AA3CC37 
 2446      3E21E8
 2447 0e67 6BAD1300 		.ascii	"k\255\023\000\307A|\246+\021A\230!\303l\031\212d\230"
 2447      C7417CA6 
 2447      2B114198 
 2447      21C36C19 
 2447      8A6498
 2448 0e7a 23C37419 		.ascii	"#\303t\031\346\312P,\303L\031f\311\372\030?\323\365"
 2448      E6CA502C 
 2448      C34C1966 
 2448      C9FA183F 
 2448      D3F5
 2449 0e8c 3472ADA6 		.ascii	"4r\255\246\367?\364\246\375\257\034\336\360\321O\226"
 2449      F73FF4A6 
 2449      FDAF1CDE 
 2449      F0D14F96 
 2450 0e9c 51240F34 		.ascii	"Q$\0174,\330\366\367\345j5\355DJeh\021\177\001\321\310"
 2450      2CD8F6F7 
 2450      E56A35ED 
 2450      444A6568 
 2450      117F01D1 
 2451 0eb1 24BA9332 		.ascii	"$\272\2232f\247\020z\315\234\226g\021\337\002K\015C"
 2451      66A7107A 
ARM GAS  /tmp/cc31lriK.s 			page 67


 2451      CD9C9667 
 2451      11DF024B 
 2451      0D43
 2452 0ec3 E673BE9F 		.ascii	"\346s\276\237*\331\036\237\313\341u\372\224\251\351"
 2452      2AD91E9F 
 2452      CBE175FA 
 2452      94A9E9
 2453 0ed2 9F647B26 		.ascii	"\237d{&x\376\365\337\323\363\375\351>%\335\357\313L"
 2453      78FEF5DF 
 2453      D3F3FDE9 
 2453      3E25DDEF 
 2453      CB4C
 2454 0ee4 CFCCF64D 		.ascii	"\317\314\366M\314,x?\323\372\233\337\377a\314'\343>"
 2454      CC2C783F 
 2454      D3FA9BDF 
 2454      FF61CC27 
 2454      E33E
 2455 0ef6 9646859E 		.ascii	"\226F\205\236\274\237\2211\301\371\363\314\214\014i"
 2455      BC9F9131 
 2455      C1F9F3CC 
 2455      8C0C69
 2456 0f05 047FE0C8 		.ascii	"\004\177\340\310u\372\377\350Pp\334GR\262\323\227;\351"
 2456      75FAFFE8 
 2456      5070DC47 
 2456      52B2D397 
 2456      3BE9
 2457 0f17 63F77BB9 		.ascii	"c\367{\271?\233\350}\337\345\225l\231\371>\305=\345"
 2457      3F9BE87D 
 2457      DFE5956C 
 2457      99F93EC5 
 2457      3DE5
 2458 0f29 BDDC8FA5 		.ascii	"\275\334\217\245\324\314\354\317?\375\344\017\237\344"
 2458      D4CCECCF 
 2458      3FFDE40F 
 2458      9FE4
 2459 0f37 E7E4B833 		.ascii	"\347\344\2703\225O\235\0059\212\377\237\377*=;?\327"
 2459      954F9D05 
 2459      398AFF9F 
 2459      FF2A3D3B 
 2459      3FD7
 2460 0f49 9DEE71E6 		.ascii	"\235\356q\346\245\377:?\263 \327\235\247\370\323\177"
 2460      A5FF3A3F 
 2460      B320D79D 
 2460      A7F8D37F 
 2461 0f59 F5D9E7FF 		.ascii	"\365\331\347\377\342\230\340\314q\346e\272\245w\337"
 2461      E298E0CC 
 2461      71E665BA 
 2461      A577DF
 2462 0f68 4C4969B4 		.ascii	"LIi\264F\377\033\267\362\313<\327'9n\247O\027\201\231"
 2462      46FF1BB7 
 2462      F2CB3CD7 
 2462      27396EA7 
 2462      4F178199 
 2463 0f7c D91FA06B 		.ascii	"\331\037\240kBVrf\266\303?\325\257\270s\035.\367\204"
 2463      42567266 
 2463      B6C33FD5 
 2463      AFB8731D 
ARM GAS  /tmp/cc31lriK.s 			page 68


 2463      2EF784
 2464 0f8f 82AC04AF 		.ascii	"\202\254\004\2573\317\223\351\310\365g\311\231\331N"
 2464      33CF93E9 
 2464      C8F567C9 
 2464      99D94E
 2465 0f9e DFDF     		.ascii	"\337\337"
 2466 0fa0 0E2FC793 		.ascii	"\016/\307\223\227\231S\340r\223,\321\361\375l))\222"
 2466      979953E0 
 2466      72932CD1 
 2466      F1FD6C29 
 2466      2992
 2467 0fb2 C8A1D872 		.ascii	"\310\241\330r\235\236<%\333\347v\272\254t\310\361\372"
 2467      9D9E3C25 
 2467      DBE776BA 
 2467      AC74C8F1 
 2467      FA
 2468 0fc3 3CF91685 		.ascii	"<\371\026\205\037\035\212%W\231\222\343\361+V\022\237"
 2468      1F1D8A25 
 2468      579992E3 
 2468      F12B5612 
 2468      9F
 2469 0fd4 5B40BEB0 		.ascii	"[@\276\260\272\275\356<\227'/k\204{\022\231\253\371"
 2469      BABDEE3C 
 2469      97272F6B 
 2469      847B1299 
 2469      ABF9
 2470 0fe6 CE4A6AFC 		.ascii	"\316Jj\374W\201\273\300-\347\271\247\010\254\270\263"
 2470      5781BBC0 
 2470      2DE7B9A7 
 2470      08ACB8B3 
 2471 0ff6 852E1C8A 		.ascii	"\205.\034\212\354\365\271'\275\221"
 2471      ECF5B927 
 2471      BD91
 2472 1000 925C9A9F 		.ascii	"\222\\\232\237\224\264Lvz\024\222c!\022\376,A?;\024"
 2472      94B44C76 
 2472      7A149263 
 2472      2112FE2C 
 2472      413F3B14 
 2473 1014 2830BB27 		.ascii	"(0\273's\301\346\311\012\251\347\245\223\337\235\353"
 2473      73C1E6C9 
 2473      0AA9E7A5 
 2473      93DF9DEB 
 2474 1024 B5730FB9 		.ascii	"\265s\017\271s\235\336\354|\237\333\342\347\312\371"
 2474      739DDEEC 
 2474      7C9FDBE2 
 2474      E7CAF9
 2475 1033 B34CD41C 		.ascii	"\263L\324\034\212i\262\242\370\274\234A7S;9\224Q\372"
 2475      8A69B2A2 
 2475      F8BC9C41 
 2475      37533B39 
 2475      9451FA
 2476 1046 85CF3DD1 		.ascii	"\205\317=\321\355sS\300\034\012\261\345O\370O\257\325"
 2476      ED7353C0 
 2476      1C0AB1E5 
 2476      4FF84FAF 
 2476      D5
 2477 1057 3DC5A364 		.ascii	"=\305\243d\346\273\334f\237k*\221\274\377&\272SG\032"
ARM GAS  /tmp/cc31lriK.s 			page 69


 2477      E6BBDC66 
 2477      9F6B2A91 
 2477      BCFF26BA 
 2477      53471A
 2478 106a 1C5C7B99 		.ascii	"\034\\{\231\030\375\026\205\037I\374\304\034g\026\335"
 2478      18FD1685 
 2478      1F49FCC4 
 2478      1C6716DD 
 2479 107a E5121DDD 		.ascii	"\345\022\035\335\371\025\247\342\266*\342\304\3459'"
 2479      F915A7E2 
 2479      B62AE2C4 
 2479      E53927
 2480 1089 38FD6E9B 		.ascii	"8\375n\233_\371\2433\307\223\225G\276\312s\346\272M"
 2480      5FF9A333 
 2480      C7939547 
 2480      BECA73E6 
 2480      BA4D
 2481 109b F993F3DC 		.ascii	"\371\223\363\334\276$R9\337\357\360\344\021\230\264"
 2481      BE245239 
 2481      DFEFF0E4 
 2481      1198B4
 2482 10aa 4B8CB8A6 		.ascii	"K\214\270\246\236>\341\\\314T\2460\277w\204\227\306"
 2482      9E3EE15C 
 2482      CC54A630 
 2482      BF778497 
 2482      C6
 2483 10bb 2ABD55E8 		.ascii	"*\275U\350\326.\2563\363\363(`\312\317\207\321<3?77"
 2483      D62EAE33 
 2483      F3F32860 
 2483      CACF87D1 
 2483      3C333F37 
 2484 10d0 3F2F9D43 		.ascii	"?/\235C\375\351\277\374\374w\223>~\357wd\003\015y7\031"
 2484      FDE9BFFC 
 2484      FC77933E 
 2484      7EEF7764 
 2484      030D7937 
 2485 10e5 80D92E9F 		.ascii	"\200\331.\237\331+\004\374\200\224\340\243\301\347Q"
 2485      D92B04FC 
 2485      8094E0A3 
 2485      C1E751
 2486 10f4 A66AF14C 		.ascii	"\246j\361L\211{\"\"\354\3117i\243\200\307\311\224\353"
 2486      897B2222 
 2486      ECC93769 
 2486      A380C7C9 
 2486      94EB
 2487 1106 CDCFCF31 		.ascii	"\315\317\3171\223\022\023=YoE\333\341\320\236\246\306"
 2487      9312133D 
 2487      596F45DB 
 2487      E1D09EA6 
 2487      C6
 2488 1117 3F221E9E 		.ascii	"?\"\036\236\021<\350\374,\3630\377\354M\\/\362([2\213"
 2488      113CE8FC 
 2488      2CF330FF 
 2488      EC4D5C2F 
 2488      F2285B32 
 2489 112c 8C562CDC 		.ascii	"\214V,\334\012\207\307\225\240\237\351\211\317\235\305"
 2489      0A87C795 
ARM GAS  /tmp/cc31lriK.s 			page 70


 2489      A09FE989 
 2489      CF9DC5
 2490 113b D51AC199 		.ascii	"\325\032\301\231\335Yt\345\233j\013]\220/')b\230\347"
 2490      DD5974E5 
 2490      9B6A0B5D 
 2490      902F2729 
 2490      6298E7
 2491 114e 38FD8AE2 		.ascii	"8\375\212\342\311u'\360\024\2413\205\313\305_$R7\227"
 2491      C97527F0 
 2491      14A13385 
 2491      CBC55F24 
 2491      523797
 2492 1161 3B47718A 		.ascii	";Gq\2121\230\034u\3071\374&\221\372\220\377\335\276"
 2492      31981C75 
 2492      C731FC26 
 2492      91FA90FF 
 2492      DDBE
 2493 1173 49CE1C87 		.ascii	"I\316\034\207\362C\302L\362\370\224\002~CL>\2776\214"
 2493      F243C24C 
 2493      F2F89402 
 2493      7E434C3E 
 2493      BF368C
 2494 1186 B9043239 		.ascii	"\271\00429\327k- \360G\177\347P\336\032\002F\234\276"
 2494      D76B2D20 
 2494      F0477FE7 
 2494      50DE1A02 
 2494      469CBE
 2495 1199 905C3E42 		.ascii	"\220\\>B\247\212\247\226\314\002\037\015S\305n<r(v\305"
 2495      A78AA796 
 2495      CC021F0D 
 2495      53C56E3C 
 2495      722876C5 
 2496 11ad E724FF4D 		.ascii	"\347$\377M(\230Hc\030\275\212/Q{ \362\223\374\351\367"
 2496      28984863 
 2496      18BD8A2F 
 2496      517B20F2 
 2496      93FCE9F7 
 2497 11c1 FCC92D64 		.ascii	"\374\311-d\215\373\310\241$\370\013\374<\201\335.\263"
 2497      8DFBC8A1 
 2497      24F80BFC 
 2497      3C81DD2E 
 2497      B3
 2498 11d2 D641E642 		.ascii	"\326A\346B\305\353\0173\270\2274\335de\252\327-\027"
 2498      C5EB0F33 
 2498      B89734DD 
 2498      6465AAD7 
 2498      2D17
 2499 11e4 F889B0C0 		.ascii	"\370\211\260\300\233Am\334\033\345\256\020\314G\177"
 2499      9B416DDC 
 2499      1BE5AE10 
 2499      CC477F
 2500 11f3 B6338786 		.ascii	"\2663\207\206\247\333\351\317\317C\217\337\207\224C"
 2500      A7DBE9CF 
 2500      CF438FDF 
 2500      879443
 2501 1202 4849C414 		.ascii	"HI\304\024/\363O\306<\305\233\024\251\264C\371\2337"
 2501      2FF34FC6 
ARM GAS  /tmp/cc31lriK.s 			page 71


 2501      3CC59B14 
 2501      A9B443F9 
 2501      9B37
 2502 1214 6127F712 		.ascii	"a'\367\022\367\377\002\2121dV"
 2502      F7FF028A 
 2502      316456
 2503              		.text
 2504              		.section	.gnu.lto_.symtab.8d77d2afc1189e02,"e",%progbits
 2505 0000 63685246 		.ascii	"chRFCUCollectFaultsI\000"
 2505      4355436F 
 2505      6C6C6563 
 2505      74466175 
 2505      6C747349 
 2506 0015 00       		.ascii	"\000"
 2507 0016 00       		.ascii	"\000"
 2508 0017 00       		.ascii	"\000"
 2509 0018 00000000 		.ascii	"\000\000\000\000\000\000\000\000"
 2509      00000000 
 2510 0020 C3000000 		.ascii	"\303\000\000\000"
 2511 0024 63685246 		.ascii	"chRFCUGetAndClearFaultsI\000"
 2511      43554765 
 2511      74416E64 
 2511      436C6561 
 2511      72466175 
 2512 003d 00       		.ascii	"\000"
 2513 003e 00       		.ascii	"\000"
 2514 003f 00       		.ascii	"\000"
 2515 0040 00000000 		.ascii	"\000\000\000\000\000\000\000\000"
 2515      00000000 
 2516 0048 C7000000 		.ascii	"\307\000\000\000"
 2517 004c 63683000 		.ascii	"ch0\000"
 2518 0050 00       		.ascii	"\000"
 2519 0051 02       		.ascii	"\002"
 2520 0052 00       		.ascii	"\000"
 2521 0053 00000000 		.ascii	"\000\000\000\000\000\000\000\000"
 2521      00000000 
 2522 005b 0E020000 		.ascii	"\016\002\000\000"
 2523              		.text
 2524              		.section	.gnu.lto_.ext_symtab.8d77d2afc1189e02,"e",%progbits
 2525 0000 01       		.ascii	"\001"
 2526 0001 01       		.ascii	"\001"
 2527 0002 00       		.ascii	"\000"
 2528 0003 01       		.ascii	"\001"
 2529 0004 00       		.ascii	"\000"
 2530 0005 02       		.ascii	"\002"
 2531 0006 01       		.ascii	"\001"
 2532              		.text
 2533              		.section	.gnu.lto_.opts,"e",%progbits
 2534 0000 272D666E 		.ascii	"'-fno-openmp' '-fno-openacc' '-fno-pie' '-fcf-prote"
 2534      6F2D6F70 
 2534      656E6D70 
 2534      2720272D 
 2534      666E6F2D 
 2535 0033 6374696F 		.ascii	"ction=none' '-g' '-mcpu=cortex-m7' '-mthumb' '-mflo"
 2535      6E3D6E6F 
 2535      6E652720 
 2535      272D6727 
ARM GAS  /tmp/cc31lriK.s 			page 72


 2535      20272D6D 
 2536 0066 61742D61 		.ascii	"at-abi=hard' '-mfpu=fpv5-d16' '-mlibarch=armv7e-m+f"
 2536      62693D68 
 2536      61726427 
 2536      20272D6D 
 2536      6670753D 
 2537 0099 702E6470 		.ascii	"p.dp' '-march=armv7e-m+fp.dp' '-O2' '-fomit-frame-p"
 2537      2720272D 
 2537      6D617263 
 2537      683D6172 
 2537      6D763765 
 2538 00cc 6F696E74 		.ascii	"ointer' '-falign-functions=16' '-ffunction-sections"
 2538      65722720 
 2538      272D6661 
 2538      6C69676E 
 2538      2D66756E 
 2539 00ff 2720272D 		.ascii	"' '-fdata-sections' '-fno-common' '-flto' '-Xassemb"
 2539      66646174 
 2539      612D7365 
 2539      6374696F 
 2539      6E732720 
 2540 0132 6C657227 		.ascii	"ler' '-alms=build/lst/chrfcu.lst'\000"
 2540      20272D61 
 2540      6C6D733D 
 2540      6275696C 
 2540      642F6C73 
 2541              		.text
 2542              		.comm	__gnu_lto_slim,1,1
 2543              		.ident	"GCC: (15:10.3-2021.07-4) 10.3.1 20210621 (release)"
ARM GAS  /tmp/cc31lriK.s 			page 73


DEFINED SYMBOLS
                            *ABS*:0000000000000000 chrfcu.c
     /tmp/cc31lriK.s:31     .gnu.debuglto_.debug_info:0000000000000000 chrfcu.c.22ba5c22
                            *COM*:0000000000000001 __gnu_lto_slim

NO UNDEFINED SYMBOLS
