ARM GAS  /tmp/cczJJwGy.s 			page 1


   1              		.cpu cortex-m7
   2              		.eabi_attribute 28, 1
   3              		.eabi_attribute 20, 1
   4              		.eabi_attribute 21, 1
   5              		.eabi_attribute 23, 3
   6              		.eabi_attribute 24, 1
   7              		.eabi_attribute 25, 1
   8              		.eabi_attribute 26, 1
   9              		.eabi_attribute 30, 2
  10              		.eabi_attribute 34, 1
  11              		.eabi_attribute 18, 4
  12              		.file	"fatfs_diskio.c"
  13              		.file 1 "/usr/lib/gcc/arm-none-eabi/10.3.1/include/stddef.h"
  14              		.file 2 "/usr/lib/gcc/arm-none-eabi/10.3.1/include/stdint.h"
  15              		.file 3 "third_party/ChibiOS/os/common/ports/ARM-common/chtypes.h"
  16              		.file 4 "third_party/ChibiOS/os/rt/include/chearly.h"
  17              		.file 5 "third_party/ChibiOS/os/rt/include/chobjects.h"
  18              		.file 6 "third_party/ChibiOS/os/rt/include/chrfcu.h"
  19              		.file 7 "third_party/ChibiOS/os/rt/include/chdebug.h"
  20              		.file 8 "third_party/ChibiOS/os/rt/include/chtime.h"
  21              		.file 9 "third_party/ChibiOS/os/rt/include/chlists.h"
  22              		.file 10 "third_party/ChibiOS/os/rt/include/chtrace.h"
  23              		.file 11 "third_party/ChibiOS/os/common/ext/ST/STM32H7xx/stm32h743xx.h"
  24              		.file 12 "third_party/ChibiOS/os/common/ports/ARMv7-M/chcore.h"
  25              		.file 13 "third_party/ChibiOS/os/rt/include/chsem.h"
  26              		.file 14 "third_party/ChibiOS/os/rt/include/chmtx.h"
  27              		.file 15 "third_party/ChibiOS/os/hal/include/hal_ioblock.h"
  28              		.file 16 "third_party/ChibiOS/os/hal/include/hal_sdc.h"
  29              		.file 17 "third_party/ChibiOS/os/hal/ports/STM32/LLD/SDMMCv2/hal_sdc_lld.h"
  30              		.file 18 "third_party/ChibiOS/ext/fatfs/source/ff.h"
  31              		.file 19 "third_party/ChibiOS/ext/fatfs/source/diskio.h"
  32              		.file 20 "third_party/ChibiOS/os/various/fatfs_bindings/fatfs_diskio.c"
  33              		.section	.gnu.debuglto_.debug_info,"e",%progbits
  34              	.Ldebug_info0:
  35              		.hidden	fatfs_diskio.c.c0283ba9
  36              		.weak	fatfs_diskio.c.c0283ba9
  37              	fatfs_diskio.c.c0283ba9:
  38 0000 4C100000 		.4byte	0x104c
  39 0004 0400     		.2byte	0x4
  40 0006 00000000 		.4byte	.Ldebug_abbrev0
  41 000a 04       		.byte	0x4
  42 000b 01       		.uleb128 0x1
  43 000c 6D030000 		.4byte	.LASF201
  44 0010 0C       		.byte	0xc
  45 0011 7D080000 		.4byte	.LASF202
  46 0015 08050000 		.4byte	.LASF203
  47 0019 00000000 		.4byte	.Ldebug_line0
  48 001d 02       		.uleb128 0x2
  49 001e 04       		.byte	0x4
  50 001f 05       		.byte	0x5
  51 0020 696E7400 		.ascii	"int\000"
  52 0024 03       		.uleb128 0x3
  53 0025 69020000 		.4byte	.LASF5
  54 0029 01       		.byte	0x1
  55 002a D1       		.byte	0xd1
  56 002b 17       		.byte	0x17
  57 002c 30000000 		.4byte	0x30
ARM GAS  /tmp/cczJJwGy.s 			page 2


  58 0030 04       		.uleb128 0x4
  59 0031 04       		.byte	0x4
  60 0032 07       		.byte	0x7
  61 0033 8B000000 		.4byte	.LASF0
  62 0037 04       		.uleb128 0x4
  63 0038 08       		.byte	0x8
  64 0039 05       		.byte	0x5
  65 003a 9B040000 		.4byte	.LASF1
  66 003e 04       		.uleb128 0x4
  67 003f 08       		.byte	0x8
  68 0040 04       		.byte	0x4
  69 0041 8F050000 		.4byte	.LASF2
  70 0045 04       		.uleb128 0x4
  71 0046 01       		.byte	0x1
  72 0047 06       		.byte	0x6
  73 0048 1D080000 		.4byte	.LASF3
  74 004c 04       		.uleb128 0x4
  75 004d 02       		.byte	0x2
  76 004e 05       		.byte	0x5
  77 004f EA050000 		.4byte	.LASF4
  78 0053 03       		.uleb128 0x3
  79 0054 25070000 		.4byte	.LASF6
  80 0058 02       		.byte	0x2
  81 0059 28       		.byte	0x28
  82 005a 18       		.byte	0x18
  83 005b 5F000000 		.4byte	0x5f
  84 005f 04       		.uleb128 0x4
  85 0060 04       		.byte	0x4
  86 0061 05       		.byte	0x5
  87 0062 00000000 		.4byte	.LASF7
  88 0066 03       		.uleb128 0x3
  89 0067 53040000 		.4byte	.LASF8
  90 006b 02       		.byte	0x2
  91 006c 2E       		.byte	0x2e
  92 006d 18       		.byte	0x18
  93 006e 77000000 		.4byte	0x77
  94 0072 05       		.uleb128 0x5
  95 0073 66000000 		.4byte	0x66
  96 0077 04       		.uleb128 0x4
  97 0078 01       		.byte	0x1
  98 0079 08       		.byte	0x8
  99 007a 6A070000 		.4byte	.LASF9
 100 007e 03       		.uleb128 0x3
 101 007f 9B050000 		.4byte	.LASF10
 102 0083 02       		.byte	0x2
 103 0084 31       		.byte	0x31
 104 0085 19       		.byte	0x19
 105 0086 8A000000 		.4byte	0x8a
 106 008a 04       		.uleb128 0x4
 107 008b 02       		.byte	0x2
 108 008c 07       		.byte	0x7
 109 008d 39080000 		.4byte	.LASF11
 110 0091 03       		.uleb128 0x3
 111 0092 9D000000 		.4byte	.LASF12
 112 0096 02       		.byte	0x2
 113 0097 34       		.byte	0x34
 114 0098 19       		.byte	0x19
ARM GAS  /tmp/cczJJwGy.s 			page 3


 115 0099 A7000000 		.4byte	0xa7
 116 009d 06       		.uleb128 0x6
 117 009e 91000000 		.4byte	0x91
 118 00a2 05       		.uleb128 0x5
 119 00a3 9D000000 		.4byte	0x9d
 120 00a7 04       		.uleb128 0x4
 121 00a8 04       		.byte	0x4
 122 00a9 07       		.byte	0x7
 123 00aa E9060000 		.4byte	.LASF13
 124 00ae 03       		.uleb128 0x3
 125 00af 5F060000 		.4byte	.LASF14
 126 00b3 02       		.byte	0x2
 127 00b4 37       		.byte	0x37
 128 00b5 19       		.byte	0x19
 129 00b6 BF000000 		.4byte	0xbf
 130 00ba 06       		.uleb128 0x6
 131 00bb AE000000 		.4byte	0xae
 132 00bf 04       		.uleb128 0x4
 133 00c0 08       		.byte	0x8
 134 00c1 07       		.byte	0x7
 135 00c2 B6010000 		.4byte	.LASF15
 136 00c6 03       		.uleb128 0x3
 137 00c7 2A060000 		.4byte	.LASF16
 138 00cb 03       		.byte	0x3
 139 00cc 48       		.byte	0x48
 140 00cd 1D       		.byte	0x1d
 141 00ce AE000000 		.4byte	0xae
 142 00d2 03       		.uleb128 0x3
 143 00d3 4C080000 		.4byte	.LASF17
 144 00d7 04       		.byte	0x4
 145 00d8 50       		.byte	0x50
 146 00d9 19       		.byte	0x19
 147 00da C6000000 		.4byte	0xc6
 148 00de 03       		.uleb128 0x3
 149 00df 79050000 		.4byte	.LASF18
 150 00e3 04       		.byte	0x4
 151 00e4 53       		.byte	0x53
 152 00e5 19       		.byte	0x19
 153 00e6 66000000 		.4byte	0x66
 154 00ea 03       		.uleb128 0x3
 155 00eb 55030000 		.4byte	.LASF19
 156 00ef 04       		.byte	0x4
 157 00f0 54       		.byte	0x54
 158 00f1 19       		.byte	0x19
 159 00f2 66000000 		.4byte	0x66
 160 00f6 03       		.uleb128 0x3
 161 00f7 E1060000 		.4byte	.LASF20
 162 00fb 04       		.byte	0x4
 163 00fc 55       		.byte	0x55
 164 00fd 19       		.byte	0x19
 165 00fe 66000000 		.4byte	0x66
 166 0102 03       		.uleb128 0x3
 167 0103 9D010000 		.4byte	.LASF21
 168 0107 04       		.byte	0x4
 169 0108 57       		.byte	0x57
 170 0109 19       		.byte	0x19
 171 010a 91000000 		.4byte	0x91
ARM GAS  /tmp/cczJJwGy.s 			page 4


 172 010e 03       		.uleb128 0x3
 173 010f C2040000 		.4byte	.LASF22
 174 0113 04       		.byte	0x4
 175 0114 58       		.byte	0x58
 176 0115 19       		.byte	0x19
 177 0116 53000000 		.4byte	0x53
 178 011a 03       		.uleb128 0x3
 179 011b 76010000 		.4byte	.LASF23
 180 011f 04       		.byte	0x4
 181 0120 5A       		.byte	0x5a
 182 0121 19       		.byte	0x19
 183 0122 91000000 		.4byte	0x91
 184 0126 03       		.uleb128 0x3
 185 0127 08020000 		.4byte	.LASF24
 186 012b 04       		.byte	0x4
 187 012c 5C       		.byte	0x5c
 188 012d 19       		.byte	0x19
 189 012e 53000000 		.4byte	0x53
 190 0132 03       		.uleb128 0x3
 191 0133 FC080000 		.4byte	.LASF25
 192 0137 04       		.byte	0x4
 193 0138 80       		.byte	0x80
 194 0139 12       		.byte	0x12
 195 013a 30000000 		.4byte	0x30
 196 013e 03       		.uleb128 0x3
 197 013f 56020000 		.4byte	.LASF26
 198 0143 04       		.byte	0x4
 199 0144 85       		.byte	0x85
 200 0145 1A       		.byte	0x1a
 201 0146 4A010000 		.4byte	0x14a
 202 014a 07       		.uleb128 0x7
 203 014b 6E040000 		.4byte	.LASF41
 204 014f 48       		.byte	0x48
 205 0150 05       		.byte	0x5
 206 0151 9C       		.byte	0x9c
 207 0152 08       		.byte	0x8
 208 0153 2D020000 		.4byte	0x22d
 209 0157 08       		.uleb128 0x8
 210 0158 68647200 		.ascii	"hdr\000"
 211 015c 05       		.byte	0x5
 212 015d AD       		.byte	0xad
 213 015e 05       		.byte	0x5
 214 015f AC090000 		.4byte	0x9ac
 215 0163 00       		.byte	0
 216 0164 08       		.uleb128 0x8
 217 0165 63747800 		.ascii	"ctx\000"
 218 0169 05       		.byte	0x5
 219 016a B1       		.byte	0xb1
 220 016b 21       		.byte	0x21
 221 016c 16090000 		.4byte	0x916
 222 0170 0C       		.byte	0xc
 223 0171 09       		.uleb128 0x9
 224 0172 5E030000 		.4byte	.LASF27
 225 0176 05       		.byte	0x5
 226 0177 B6       		.byte	0xb6
 227 0178 21       		.byte	0x21
 228 0179 7D030000 		.4byte	0x37d
ARM GAS  /tmp/cczJJwGy.s 			page 5


 229 017d 10       		.byte	0x10
 230 017e 09       		.uleb128 0x9
 231 017f 13020000 		.4byte	.LASF28
 232 0183 05       		.byte	0x5
 233 0184 BB       		.byte	0xbb
 234 0185 22       		.byte	0x22
 235 0186 B90A0000 		.4byte	0xab9
 236 018a 18       		.byte	0x18
 237 018b 09       		.uleb128 0x9
 238 018c 15000000 		.4byte	.LASF29
 239 0190 05       		.byte	0x5
 240 0191 C0       		.byte	0xc0
 241 0192 22       		.byte	0x22
 242 0193 15030000 		.4byte	0x315
 243 0197 1C       		.byte	0x1c
 244 0198 09       		.uleb128 0x9
 245 0199 4E030000 		.4byte	.LASF30
 246 019d 05       		.byte	0x5
 247 019e C9       		.byte	0xc9
 248 019f 22       		.byte	0x22
 249 01a0 BF0A0000 		.4byte	0xabf
 250 01a4 20       		.byte	0x20
 251 01a5 09       		.uleb128 0x9
 252 01a6 B7070000 		.4byte	.LASF31
 253 01aa 05       		.byte	0x5
 254 01ab CE       		.byte	0xce
 255 01ac 21       		.byte	0x21
 256 01ad EA000000 		.4byte	0xea
 257 01b1 24       		.byte	0x24
 258 01b2 09       		.uleb128 0x9
 259 01b3 42000000 		.4byte	.LASF32
 260 01b7 05       		.byte	0x5
 261 01b8 D2       		.byte	0xd2
 262 01b9 21       		.byte	0x21
 263 01ba DE000000 		.4byte	0xde
 264 01be 25       		.byte	0x25
 265 01bf 09       		.uleb128 0x9
 266 01c0 B7000000 		.4byte	.LASF33
 267 01c4 05       		.byte	0x5
 268 01c5 D7       		.byte	0xd7
 269 01c6 21       		.byte	0x21
 270 01c7 F6000000 		.4byte	0xf6
 271 01cb 26       		.byte	0x26
 272 01cc 0A       		.uleb128 0xa
 273 01cd 7500     		.ascii	"u\000"
 274 01cf 05       		.byte	0x5
 275 01d0 2801     		.2byte	0x128
 276 01d2 21       		.byte	0x21
 277 01d3 DA090000 		.4byte	0x9da
 278 01d7 28       		.byte	0x28
 279 01d8 0B       		.uleb128 0xb
 280 01d9 78070000 		.4byte	.LASF34
 281 01dd 05       		.byte	0x5
 282 01de 2D01     		.2byte	0x12d
 283 01e0 21       		.byte	0x21
 284 01e1 50030000 		.4byte	0x350
 285 01e5 2C       		.byte	0x2c
ARM GAS  /tmp/cczJJwGy.s 			page 6


 286 01e6 0B       		.uleb128 0xb
 287 01e7 65040000 		.4byte	.LASF35
 288 01eb 05       		.byte	0x5
 289 01ec 3301     		.2byte	0x133
 290 01ee 21       		.byte	0x21
 291 01ef 7D030000 		.4byte	0x37d
 292 01f3 30       		.byte	0x30
 293 01f4 0B       		.uleb128 0xb
 294 01f5 82000000 		.4byte	.LASF36
 295 01f9 05       		.byte	0x5
 296 01fa 3901     		.2byte	0x139
 297 01fc 21       		.byte	0x21
 298 01fd 1A010000 		.4byte	0x11a
 299 0201 38       		.byte	0x38
 300 0202 0B       		.uleb128 0xb
 301 0203 2D020000 		.4byte	.LASF37
 302 0207 05       		.byte	0x5
 303 0208 4001     		.2byte	0x140
 304 020a 22       		.byte	0x22
 305 020b B30A0000 		.4byte	0xab3
 306 020f 3C       		.byte	0x3c
 307 0210 0B       		.uleb128 0xb
 308 0211 52000000 		.4byte	.LASF38
 309 0215 05       		.byte	0x5
 310 0216 4401     		.2byte	0x144
 311 0218 21       		.byte	0x21
 312 0219 02010000 		.4byte	0x102
 313 021d 40       		.byte	0x40
 314 021e 0B       		.uleb128 0xb
 315 021f 06090000 		.4byte	.LASF39
 316 0223 05       		.byte	0x5
 317 0224 4B01     		.2byte	0x14b
 318 0226 22       		.byte	0x22
 319 0227 6F040000 		.4byte	0x46f
 320 022b 44       		.byte	0x44
 321 022c 00       		.byte	0
 322 022d 03       		.uleb128 0x3
 323 022e C5070000 		.4byte	.LASF40
 324 0232 04       		.byte	0x4
 325 0233 8A       		.byte	0x8a
 326 0234 1F       		.byte	0x1f
 327 0235 39020000 		.4byte	0x239
 328 0239 0C       		.uleb128 0xc
 329 023a C2020000 		.4byte	.LASF42
 330 023e 9008     		.2byte	0x890
 331 0240 05       		.byte	0x5
 332 0241 8A01     		.2byte	0x18a
 333 0243 08       		.byte	0x8
 334 0244 C7020000 		.4byte	0x2c7
 335 0248 0B       		.uleb128 0xb
 336 0249 79060000 		.4byte	.LASF43
 337 024d 05       		.byte	0x5
 338 024e 8E01     		.2byte	0x18e
 339 0250 21       		.byte	0x21
 340 0251 F00A0000 		.4byte	0xaf0
 341 0255 00       		.byte	0
 342 0256 0B       		.uleb128 0xb
ARM GAS  /tmp/cczJJwGy.s 			page 7


 343 0257 E2000000 		.4byte	.LASF44
 344 025b 05       		.byte	0x5
 345 025c 9201     		.2byte	0x192
 346 025e 21       		.byte	0x21
 347 025f 6D090000 		.4byte	0x96d
 348 0263 10       		.byte	0x10
 349 0264 0B       		.uleb128 0xb
 350 0265 E9070000 		.4byte	.LASF45
 351 0269 05       		.byte	0x5
 352 026a 9901     		.2byte	0x199
 353 026c 21       		.byte	0x21
 354 026d 94090000 		.4byte	0x994
 355 0271 28       		.byte	0x28
 356 0272 0B       		.uleb128 0xb
 357 0273 AF000000 		.4byte	.LASF46
 358 0277 05       		.byte	0x5
 359 0278 9E01     		.2byte	0x19e
 360 027a 21       		.byte	0x21
 361 027b 32010000 		.4byte	0x132
 362 027f 30       		.byte	0x30
 363 0280 0B       		.uleb128 0xb
 364 0281 51020000 		.4byte	.LASF47
 365 0285 05       		.byte	0x5
 366 0286 A401     		.2byte	0x1a4
 367 0288 21       		.byte	0x21
 368 0289 EE020000 		.4byte	0x2ee
 369 028d 34       		.byte	0x34
 370 028e 0B       		.uleb128 0xb
 371 028f B9050000 		.4byte	.LASF48
 372 0293 05       		.byte	0x5
 373 0294 A901     		.2byte	0x1a9
 374 0296 22       		.byte	0x22
 375 0297 640B0000 		.4byte	0xb64
 376 029b 38       		.byte	0x38
 377 029c 0B       		.uleb128 0xb
 378 029d AC070000 		.4byte	.LASF49
 379 02a1 05       		.byte	0x5
 380 02a2 AD01     		.2byte	0x1ad
 381 02a4 21       		.byte	0x21
 382 02a5 3E010000 		.4byte	0x13e
 383 02a9 3C       		.byte	0x3c
 384 02aa 0A       		.uleb128 0xa
 385 02ab 64626700 		.ascii	"dbg\000"
 386 02af 05       		.byte	0x5
 387 02b0 B101     		.2byte	0x1b1
 388 02b2 21       		.byte	0x21
 389 02b3 2C030000 		.4byte	0x32c
 390 02b7 84       		.byte	0x84
 391 02b8 0B       		.uleb128 0xb
 392 02b9 DD010000 		.4byte	.LASF50
 393 02bd 05       		.byte	0x5
 394 02be B601     		.2byte	0x1b6
 395 02c0 21       		.byte	0x21
 396 02c1 DE050000 		.4byte	0x5de
 397 02c5 88       		.byte	0x88
 398 02c6 00       		.byte	0
 399 02c7 03       		.uleb128 0x3
ARM GAS  /tmp/cczJJwGy.s 			page 8


 400 02c8 2F030000 		.4byte	.LASF51
 401 02cc 06       		.byte	0x6
 402 02cd 3F       		.byte	0x3f
 403 02ce 12       		.byte	0x12
 404 02cf 91000000 		.4byte	0x91
 405 02d3 07       		.uleb128 0x7
 406 02d4 3A000000 		.4byte	.LASF52
 407 02d8 04       		.byte	0x4
 408 02d9 06       		.byte	0x6
 409 02da 44       		.byte	0x44
 410 02db 10       		.byte	0x10
 411 02dc EE020000 		.4byte	0x2ee
 412 02e0 09       		.uleb128 0x9
 413 02e1 35050000 		.4byte	.LASF53
 414 02e5 06       		.byte	0x6
 415 02e6 48       		.byte	0x48
 416 02e7 21       		.byte	0x21
 417 02e8 C7020000 		.4byte	0x2c7
 418 02ec 00       		.byte	0
 419 02ed 00       		.byte	0
 420 02ee 03       		.uleb128 0x3
 421 02ef 2D070000 		.4byte	.LASF54
 422 02f3 06       		.byte	0x6
 423 02f4 49       		.byte	0x49
 424 02f5 03       		.byte	0x3
 425 02f6 D3020000 		.4byte	0x2d3
 426 02fa 07       		.uleb128 0x7
 427 02fb 4B010000 		.4byte	.LASF55
 428 02ff 04       		.byte	0x4
 429 0300 07       		.byte	0x7
 430 0301 3E       		.byte	0x3e
 431 0302 10       		.byte	0x10
 432 0303 15030000 		.4byte	0x315
 433 0307 09       		.uleb128 0x9
 434 0308 96070000 		.4byte	.LASF56
 435 030c 07       		.byte	0x7
 436 030d 46       		.byte	0x46
 437 030e 24       		.byte	0x24
 438 030f 1B030000 		.4byte	0x31b
 439 0313 00       		.byte	0
 440 0314 00       		.byte	0
 441 0315 0D       		.uleb128 0xd
 442 0316 04       		.byte	0x4
 443 0317 27030000 		.4byte	0x327
 444 031b 06       		.uleb128 0x6
 445 031c 15030000 		.4byte	0x315
 446 0320 04       		.uleb128 0x4
 447 0321 01       		.byte	0x1
 448 0322 08       		.byte	0x8
 449 0323 1A030000 		.4byte	.LASF57
 450 0327 05       		.uleb128 0x5
 451 0328 20030000 		.4byte	0x320
 452 032c 03       		.uleb128 0x3
 453 032d 82040000 		.4byte	.LASF58
 454 0331 07       		.byte	0x7
 455 0332 51       		.byte	0x51
 456 0333 03       		.byte	0x3
ARM GAS  /tmp/cczJJwGy.s 			page 9


 457 0334 FA020000 		.4byte	0x2fa
 458 0338 03       		.uleb128 0x3
 459 0339 48000000 		.4byte	.LASF59
 460 033d 08       		.byte	0x8
 461 033e 6D       		.byte	0x6d
 462 033f 12       		.byte	0x12
 463 0340 91000000 		.4byte	0x91
 464 0344 03       		.uleb128 0x3
 465 0345 51050000 		.4byte	.LASF60
 466 0349 08       		.byte	0x8
 467 034a 79       		.byte	0x79
 468 034b 12       		.byte	0x12
 469 034c 91000000 		.4byte	0x91
 470 0350 03       		.uleb128 0x3
 471 0351 A4050000 		.4byte	.LASF61
 472 0355 09       		.byte	0x9
 473 0356 32       		.byte	0x32
 474 0357 18       		.byte	0x18
 475 0358 5C030000 		.4byte	0x35c
 476 035c 07       		.uleb128 0x7
 477 035d 2C010000 		.4byte	.LASF62
 478 0361 04       		.byte	0x4
 479 0362 09       		.byte	0x9
 480 0363 38       		.byte	0x38
 481 0364 08       		.byte	0x8
 482 0365 77030000 		.4byte	0x377
 483 0369 09       		.uleb128 0x9
 484 036a 98000000 		.4byte	.LASF63
 485 036e 09       		.byte	0x9
 486 036f 39       		.byte	0x39
 487 0370 1A       		.byte	0x1a
 488 0371 77030000 		.4byte	0x377
 489 0375 00       		.byte	0
 490 0376 00       		.byte	0
 491 0377 0D       		.uleb128 0xd
 492 0378 04       		.byte	0x4
 493 0379 50030000 		.4byte	0x350
 494 037d 03       		.uleb128 0x3
 495 037e 5F050000 		.4byte	.LASF64
 496 0382 09       		.byte	0x9
 497 0383 3F       		.byte	0x3f
 498 0384 19       		.byte	0x19
 499 0385 89030000 		.4byte	0x389
 500 0389 07       		.uleb128 0x7
 501 038a 54070000 		.4byte	.LASF65
 502 038e 08       		.byte	0x8
 503 038f 09       		.byte	0x9
 504 0390 45       		.byte	0x45
 505 0391 08       		.byte	0x8
 506 0392 B1030000 		.4byte	0x3b1
 507 0396 09       		.uleb128 0x9
 508 0397 98000000 		.4byte	.LASF63
 509 039b 09       		.byte	0x9
 510 039c 46       		.byte	0x46
 511 039d 1A       		.byte	0x1a
 512 039e B1030000 		.4byte	0x3b1
 513 03a2 00       		.byte	0
ARM GAS  /tmp/cczJJwGy.s 			page 10


 514 03a3 09       		.uleb128 0x9
 515 03a4 27010000 		.4byte	.LASF66
 516 03a8 09       		.byte	0x9
 517 03a9 47       		.byte	0x47
 518 03aa 1A       		.byte	0x1a
 519 03ab B1030000 		.4byte	0x3b1
 520 03af 04       		.byte	0x4
 521 03b0 00       		.byte	0
 522 03b1 0D       		.uleb128 0xd
 523 03b2 04       		.byte	0x4
 524 03b3 7D030000 		.4byte	0x37d
 525 03b7 03       		.uleb128 0x3
 526 03b8 77020000 		.4byte	.LASF67
 527 03bc 09       		.byte	0x9
 528 03bd 4E       		.byte	0x4e
 529 03be 22       		.byte	0x22
 530 03bf C3030000 		.4byte	0x3c3
 531 03c3 07       		.uleb128 0x7
 532 03c4 42070000 		.4byte	.LASF68
 533 03c8 0C       		.byte	0xc
 534 03c9 09       		.byte	0x9
 535 03ca 55       		.byte	0x55
 536 03cb 08       		.byte	0x8
 537 03cc F8030000 		.4byte	0x3f8
 538 03d0 09       		.uleb128 0x9
 539 03d1 98000000 		.4byte	.LASF63
 540 03d5 09       		.byte	0x9
 541 03d6 56       		.byte	0x56
 542 03d7 1A       		.byte	0x1a
 543 03d8 F8030000 		.4byte	0x3f8
 544 03dc 00       		.byte	0
 545 03dd 09       		.uleb128 0x9
 546 03de 27010000 		.4byte	.LASF66
 547 03e2 09       		.byte	0x9
 548 03e3 57       		.byte	0x57
 549 03e4 1A       		.byte	0x1a
 550 03e5 F8030000 		.4byte	0x3f8
 551 03e9 04       		.byte	0x4
 552 03ea 09       		.uleb128 0x9
 553 03eb EB020000 		.4byte	.LASF69
 554 03ef 09       		.byte	0x9
 555 03f0 58       		.byte	0x58
 556 03f1 19       		.byte	0x19
 557 03f2 02010000 		.4byte	0x102
 558 03f6 08       		.byte	0x8
 559 03f7 00       		.byte	0
 560 03f8 0D       		.uleb128 0xd
 561 03f9 04       		.byte	0x4
 562 03fa B7030000 		.4byte	0x3b7
 563 03fe 03       		.uleb128 0x3
 564 03ff 1F030000 		.4byte	.LASF70
 565 0403 09       		.byte	0x9
 566 0404 5F       		.byte	0x5f
 567 0405 1E       		.byte	0x1e
 568 0406 0A040000 		.4byte	0x40a
 569 040a 07       		.uleb128 0x7
 570 040b 60010000 		.4byte	.LASF71
ARM GAS  /tmp/cczJJwGy.s 			page 11


 571 040f 0C       		.byte	0xc
 572 0410 09       		.byte	0x9
 573 0411 64       		.byte	0x64
 574 0412 08       		.byte	0x8
 575 0413 3F040000 		.4byte	0x43f
 576 0417 09       		.uleb128 0x9
 577 0418 98000000 		.4byte	.LASF63
 578 041c 09       		.byte	0x9
 579 041d 65       		.byte	0x65
 580 041e 1A       		.byte	0x1a
 581 041f 3F040000 		.4byte	0x43f
 582 0423 00       		.byte	0
 583 0424 09       		.uleb128 0x9
 584 0425 27010000 		.4byte	.LASF66
 585 0429 09       		.byte	0x9
 586 042a 66       		.byte	0x66
 587 042b 1A       		.byte	0x1a
 588 042c 3F040000 		.4byte	0x43f
 589 0430 04       		.byte	0x4
 590 0431 09       		.uleb128 0x9
 591 0432 33080000 		.4byte	.LASF72
 592 0436 09       		.byte	0x9
 593 0437 67       		.byte	0x67
 594 0438 19       		.byte	0x19
 595 0439 44030000 		.4byte	0x344
 596 043d 08       		.byte	0x8
 597 043e 00       		.byte	0
 598 043f 0D       		.uleb128 0xd
 599 0440 04       		.byte	0x4
 600 0441 FE030000 		.4byte	0x3fe
 601 0445 0E       		.uleb128 0xe
 602 0446 08       		.byte	0x8
 603 0447 0A       		.byte	0xa
 604 0448 83       		.byte	0x83
 605 0449 05       		.byte	0x5
 606 044a 69040000 		.4byte	0x469
 607 044e 08       		.uleb128 0x8
 608 044f 6E747000 		.ascii	"ntp\000"
 609 0453 0A       		.byte	0xa
 610 0454 87       		.byte	0x87
 611 0455 1E       		.byte	0x1e
 612 0456 69040000 		.4byte	0x469
 613 045a 00       		.byte	0
 614 045b 09       		.uleb128 0x9
 615 045c CB000000 		.4byte	.LASF73
 616 0460 0A       		.byte	0xa
 617 0461 8B       		.byte	0x8b
 618 0462 1E       		.byte	0x1e
 619 0463 6F040000 		.4byte	0x46f
 620 0467 04       		.byte	0x4
 621 0468 00       		.byte	0
 622 0469 0D       		.uleb128 0xd
 623 046a 04       		.byte	0x4
 624 046b 3E010000 		.4byte	0x13e
 625 046f 0F       		.uleb128 0xf
 626 0470 04       		.byte	0x4
 627 0471 0E       		.uleb128 0xe
ARM GAS  /tmp/cczJJwGy.s 			page 12


 628 0472 08       		.byte	0x8
 629 0473 0A       		.byte	0xa
 630 0474 90       		.byte	0x90
 631 0475 05       		.byte	0x5
 632 0476 94040000 		.4byte	0x494
 633 047a 08       		.uleb128 0x8
 634 047b 747000   		.ascii	"tp\000"
 635 047e 0A       		.byte	0xa
 636 047f 94       		.byte	0x94
 637 0480 1E       		.byte	0x1e
 638 0481 69040000 		.4byte	0x469
 639 0485 00       		.byte	0
 640 0486 08       		.uleb128 0x8
 641 0487 6D736700 		.ascii	"msg\000"
 642 048b 0A       		.byte	0xa
 643 048c 98       		.byte	0x98
 644 048d 1D       		.byte	0x1d
 645 048e 0E010000 		.4byte	0x10e
 646 0492 04       		.byte	0x4
 647 0493 00       		.byte	0
 648 0494 0E       		.uleb128 0xe
 649 0495 04       		.byte	0x4
 650 0496 0A       		.byte	0xa
 651 0497 9D       		.byte	0x9d
 652 0498 05       		.byte	0x5
 653 0499 AB040000 		.4byte	0x4ab
 654 049d 09       		.uleb128 0x9
 655 049e 15000000 		.4byte	.LASF29
 656 04a2 0A       		.byte	0xa
 657 04a3 A1       		.byte	0xa1
 658 04a4 1E       		.byte	0x1e
 659 04a5 15030000 		.4byte	0x315
 660 04a9 00       		.byte	0
 661 04aa 00       		.byte	0
 662 04ab 0E       		.uleb128 0xe
 663 04ac 04       		.byte	0x4
 664 04ad 0A       		.byte	0xa
 665 04ae A6       		.byte	0xa6
 666 04af 05       		.byte	0x5
 667 04b0 C2040000 		.4byte	0x4c2
 668 04b4 09       		.uleb128 0x9
 669 04b5 D6010000 		.4byte	.LASF74
 670 04b9 0A       		.byte	0xa
 671 04ba AA       		.byte	0xaa
 672 04bb 1E       		.byte	0x1e
 673 04bc 15030000 		.4byte	0x315
 674 04c0 00       		.byte	0
 675 04c1 00       		.byte	0
 676 04c2 0E       		.uleb128 0xe
 677 04c3 08       		.byte	0x8
 678 04c4 0A       		.byte	0xa
 679 04c5 AF       		.byte	0xaf
 680 04c6 05       		.byte	0x5
 681 04c7 E6040000 		.4byte	0x4e6
 682 04cb 08       		.uleb128 0x8
 683 04cc 75703100 		.ascii	"up1\000"
 684 04d0 0A       		.byte	0xa
ARM GAS  /tmp/cczJJwGy.s 			page 13


 685 04d1 B3       		.byte	0xb3
 686 04d2 1E       		.byte	0x1e
 687 04d3 6F040000 		.4byte	0x46f
 688 04d7 00       		.byte	0
 689 04d8 08       		.uleb128 0x8
 690 04d9 75703200 		.ascii	"up2\000"
 691 04dd 0A       		.byte	0xa
 692 04de B7       		.byte	0xb7
 693 04df 1E       		.byte	0x1e
 694 04e0 6F040000 		.4byte	0x46f
 695 04e4 04       		.byte	0x4
 696 04e5 00       		.byte	0
 697 04e6 10       		.uleb128 0x10
 698 04e7 08       		.byte	0x8
 699 04e8 0A       		.byte	0xa
 700 04e9 7F       		.byte	0x7f
 701 04ea 03       		.byte	0x3
 702 04eb 2B050000 		.4byte	0x52b
 703 04ef 11       		.uleb128 0x11
 704 04f0 737700   		.ascii	"sw\000"
 705 04f3 0A       		.byte	0xa
 706 04f4 8C       		.byte	0x8c
 707 04f5 07       		.byte	0x7
 708 04f6 45040000 		.4byte	0x445
 709 04fa 11       		.uleb128 0x11
 710 04fb 72647900 		.ascii	"rdy\000"
 711 04ff 0A       		.byte	0xa
 712 0500 99       		.byte	0x99
 713 0501 07       		.byte	0x7
 714 0502 71040000 		.4byte	0x471
 715 0506 11       		.uleb128 0x11
 716 0507 69737200 		.ascii	"isr\000"
 717 050b 0A       		.byte	0xa
 718 050c A2       		.byte	0xa2
 719 050d 07       		.byte	0x7
 720 050e 94040000 		.4byte	0x494
 721 0512 12       		.uleb128 0x12
 722 0513 B1010000 		.4byte	.LASF75
 723 0517 0A       		.byte	0xa
 724 0518 AB       		.byte	0xab
 725 0519 07       		.byte	0x7
 726 051a AB040000 		.4byte	0x4ab
 727 051e 12       		.uleb128 0x12
 728 051f 64020000 		.4byte	.LASF76
 729 0523 0A       		.byte	0xa
 730 0524 B8       		.byte	0xb8
 731 0525 07       		.byte	0x7
 732 0526 C2040000 		.4byte	0x4c2
 733 052a 00       		.byte	0
 734 052b 0E       		.uleb128 0xe
 735 052c 10       		.byte	0x10
 736 052d 0A       		.byte	0xa
 737 052e 6C       		.byte	0x6c
 738 052f 09       		.byte	0x9
 739 0530 7D050000 		.4byte	0x57d
 740 0534 13       		.uleb128 0x13
 741 0535 65070000 		.4byte	.LASF77
ARM GAS  /tmp/cczJJwGy.s 			page 14


 742 0539 0A       		.byte	0xa
 743 053a 70       		.byte	0x70
 744 053b 19       		.byte	0x19
 745 053c 91000000 		.4byte	0x91
 746 0540 04       		.byte	0x4
 747 0541 03       		.byte	0x3
 748 0542 1D       		.byte	0x1d
 749 0543 00       		.byte	0
 750 0544 13       		.uleb128 0x13
 751 0545 B7070000 		.4byte	.LASF31
 752 0549 0A       		.byte	0xa
 753 054a 74       		.byte	0x74
 754 054b 19       		.byte	0x19
 755 054c 91000000 		.4byte	0x91
 756 0550 04       		.byte	0x4
 757 0551 05       		.byte	0x5
 758 0552 18       		.byte	0x18
 759 0553 00       		.byte	0
 760 0554 13       		.uleb128 0x13
 761 0555 12070000 		.4byte	.LASF78
 762 0559 0A       		.byte	0xa
 763 055a 7A       		.byte	0x7a
 764 055b 19       		.byte	0x19
 765 055c 91000000 		.4byte	0x91
 766 0560 04       		.byte	0x4
 767 0561 18       		.byte	0x18
 768 0562 00       		.byte	0
 769 0563 00       		.byte	0
 770 0564 09       		.uleb128 0x9
 771 0565 0E020000 		.4byte	.LASF79
 772 0569 0A       		.byte	0xa
 773 056a 7E       		.byte	0x7e
 774 056b 19       		.byte	0x19
 775 056c 38030000 		.4byte	0x338
 776 0570 04       		.byte	0x4
 777 0571 08       		.uleb128 0x8
 778 0572 7500     		.ascii	"u\000"
 779 0574 0A       		.byte	0xa
 780 0575 B9       		.byte	0xb9
 781 0576 05       		.byte	0x5
 782 0577 E6040000 		.4byte	0x4e6
 783 057b 08       		.byte	0x8
 784 057c 00       		.byte	0
 785 057d 03       		.uleb128 0x3
 786 057e 82010000 		.4byte	.LASF80
 787 0582 0A       		.byte	0xa
 788 0583 BA       		.byte	0xba
 789 0584 03       		.byte	0x3
 790 0585 2B050000 		.4byte	0x52b
 791 0589 14       		.uleb128 0x14
 792 058a 0808     		.2byte	0x808
 793 058c 0A       		.byte	0xa
 794 058d C0       		.byte	0xc0
 795 058e 09       		.byte	0x9
 796 058f C8050000 		.4byte	0x5c8
 797 0593 09       		.uleb128 0x9
 798 0594 62000000 		.4byte	.LASF81
ARM GAS  /tmp/cczJJwGy.s 			page 15


 799 0598 0A       		.byte	0xa
 800 0599 C4       		.byte	0xc4
 801 059a 19       		.byte	0x19
 802 059b 7E000000 		.4byte	0x7e
 803 059f 00       		.byte	0
 804 05a0 09       		.uleb128 0x9
 805 05a1 03050000 		.4byte	.LASF82
 806 05a5 0A       		.byte	0xa
 807 05a6 C8       		.byte	0xc8
 808 05a7 19       		.byte	0x19
 809 05a8 7E000000 		.4byte	0x7e
 810 05ac 02       		.byte	0x2
 811 05ad 08       		.uleb128 0x8
 812 05ae 70747200 		.ascii	"ptr\000"
 813 05b2 0A       		.byte	0xa
 814 05b3 CC       		.byte	0xcc
 815 05b4 1A       		.byte	0x1a
 816 05b5 C8050000 		.4byte	0x5c8
 817 05b9 04       		.byte	0x4
 818 05ba 09       		.uleb128 0x9
 819 05bb 5B000000 		.4byte	.LASF83
 820 05bf 0A       		.byte	0xa
 821 05c0 D0       		.byte	0xd0
 822 05c1 19       		.byte	0x19
 823 05c2 CE050000 		.4byte	0x5ce
 824 05c6 08       		.byte	0x8
 825 05c7 00       		.byte	0
 826 05c8 0D       		.uleb128 0xd
 827 05c9 04       		.byte	0x4
 828 05ca 7D050000 		.4byte	0x57d
 829 05ce 15       		.uleb128 0x15
 830 05cf 7D050000 		.4byte	0x57d
 831 05d3 DE050000 		.4byte	0x5de
 832 05d7 16       		.uleb128 0x16
 833 05d8 30000000 		.4byte	0x30
 834 05dc 7F       		.byte	0x7f
 835 05dd 00       		.byte	0
 836 05de 03       		.uleb128 0x3
 837 05df 6A050000 		.4byte	.LASF84
 838 05e3 0A       		.byte	0xa
 839 05e4 D1       		.byte	0xd1
 840 05e5 03       		.byte	0x3
 841 05e6 89050000 		.4byte	0x589
 842 05ea 15       		.uleb128 0x15
 843 05eb 91000000 		.4byte	0x91
 844 05ef FA050000 		.4byte	0x5fa
 845 05f3 16       		.uleb128 0x16
 846 05f4 30000000 		.4byte	0x30
 847 05f8 07       		.byte	0x7
 848 05f9 00       		.byte	0
 849 05fa 15       		.uleb128 0x15
 850 05fb 91000000 		.4byte	0x91
 851 05ff 0A060000 		.4byte	0x60a
 852 0603 16       		.uleb128 0x16
 853 0604 30000000 		.4byte	0x30
 854 0608 03       		.byte	0x3
 855 0609 00       		.byte	0
ARM GAS  /tmp/cczJJwGy.s 			page 16


 856 060a 15       		.uleb128 0x15
 857 060b 91000000 		.4byte	0x91
 858 060f 1A060000 		.4byte	0x61a
 859 0613 16       		.uleb128 0x16
 860 0614 30000000 		.4byte	0x30
 861 0618 02       		.byte	0x2
 862 0619 00       		.byte	0
 863 061a 17       		.uleb128 0x17
 864 061b 0004     		.2byte	0x400
 865 061d 0B       		.byte	0xb
 866 061e 7D05     		.2byte	0x57d
 867 0620 09       		.byte	0x9
 868 0621 93070000 		.4byte	0x793
 869 0625 0B       		.uleb128 0xb
 870 0626 C2060000 		.4byte	.LASF85
 871 062a 0B       		.byte	0xb
 872 062b 7F05     		.2byte	0x57f
 873 062d 11       		.byte	0x11
 874 062e 9D000000 		.4byte	0x9d
 875 0632 00       		.byte	0
 876 0633 0B       		.uleb128 0xb
 877 0634 FC050000 		.4byte	.LASF86
 878 0638 0B       		.byte	0xb
 879 0639 8005     		.2byte	0x580
 880 063b 11       		.byte	0x11
 881 063c 9D000000 		.4byte	0x9d
 882 0640 04       		.byte	0x4
 883 0641 0A       		.uleb128 0xa
 884 0642 41524700 		.ascii	"ARG\000"
 885 0646 0B       		.byte	0xb
 886 0647 8105     		.2byte	0x581
 887 0649 11       		.byte	0x11
 888 064a 9D000000 		.4byte	0x9d
 889 064e 08       		.byte	0x8
 890 064f 0A       		.uleb128 0xa
 891 0650 434D4400 		.ascii	"CMD\000"
 892 0654 0B       		.byte	0xb
 893 0655 8205     		.2byte	0x582
 894 0657 11       		.byte	0x11
 895 0658 9D000000 		.4byte	0x9d
 896 065c 0C       		.byte	0xc
 897 065d 0B       		.uleb128 0xb
 898 065e BD070000 		.4byte	.LASF87
 899 0662 0B       		.byte	0xb
 900 0663 8305     		.2byte	0x583
 901 0665 11       		.byte	0x11
 902 0666 A2000000 		.4byte	0xa2
 903 066a 10       		.byte	0x10
 904 066b 0B       		.uleb128 0xb
 905 066c 02030000 		.4byte	.LASF88
 906 0670 0B       		.byte	0xb
 907 0671 8405     		.2byte	0x584
 908 0673 11       		.byte	0x11
 909 0674 A2000000 		.4byte	0xa2
 910 0678 14       		.byte	0x14
 911 0679 0B       		.uleb128 0xb
 912 067a 08030000 		.4byte	.LASF89
ARM GAS  /tmp/cczJJwGy.s 			page 17


 913 067e 0B       		.byte	0xb
 914 067f 8505     		.2byte	0x585
 915 0681 11       		.byte	0x11
 916 0682 A2000000 		.4byte	0xa2
 917 0686 18       		.byte	0x18
 918 0687 0B       		.uleb128 0xb
 919 0688 0E030000 		.4byte	.LASF90
 920 068c 0B       		.byte	0xb
 921 068d 8605     		.2byte	0x586
 922 068f 11       		.byte	0x11
 923 0690 A2000000 		.4byte	0xa2
 924 0694 1C       		.byte	0x1c
 925 0695 0B       		.uleb128 0xb
 926 0696 14030000 		.4byte	.LASF91
 927 069a 0B       		.byte	0xb
 928 069b 8705     		.2byte	0x587
 929 069d 11       		.byte	0x11
 930 069e A2000000 		.4byte	0xa2
 931 06a2 20       		.byte	0x20
 932 06a3 0B       		.uleb128 0xb
 933 06a4 0E060000 		.4byte	.LASF92
 934 06a8 0B       		.byte	0xb
 935 06a9 8805     		.2byte	0x588
 936 06ab 11       		.byte	0x11
 937 06ac 9D000000 		.4byte	0x9d
 938 06b0 24       		.byte	0x24
 939 06b1 0B       		.uleb128 0xb
 940 06b2 74060000 		.4byte	.LASF93
 941 06b6 0B       		.byte	0xb
 942 06b7 8905     		.2byte	0x589
 943 06b9 11       		.byte	0x11
 944 06ba 9D000000 		.4byte	0x9d
 945 06be 28       		.byte	0x28
 946 06bf 0B       		.uleb128 0xb
 947 06c0 7F060000 		.4byte	.LASF94
 948 06c4 0B       		.byte	0xb
 949 06c5 8A05     		.2byte	0x58a
 950 06c7 11       		.byte	0x11
 951 06c8 9D000000 		.4byte	0x9d
 952 06cc 2C       		.byte	0x2c
 953 06cd 0B       		.uleb128 0xb
 954 06ce F1040000 		.4byte	.LASF95
 955 06d2 0B       		.byte	0xb
 956 06d3 8B05     		.2byte	0x58b
 957 06d5 11       		.byte	0x11
 958 06d6 A2000000 		.4byte	0xa2
 959 06da 30       		.byte	0x30
 960 06db 0A       		.uleb128 0xa
 961 06dc 53544100 		.ascii	"STA\000"
 962 06e0 0B       		.byte	0xb
 963 06e1 8C05     		.2byte	0x58c
 964 06e3 11       		.byte	0x11
 965 06e4 A2000000 		.4byte	0xa2
 966 06e8 34       		.byte	0x34
 967 06e9 0A       		.uleb128 0xa
 968 06ea 49435200 		.ascii	"ICR\000"
 969 06ee 0B       		.byte	0xb
ARM GAS  /tmp/cczJJwGy.s 			page 18


 970 06ef 8D05     		.2byte	0x58d
 971 06f1 11       		.byte	0x11
 972 06f2 9D000000 		.4byte	0x9d
 973 06f6 38       		.byte	0x38
 974 06f7 0B       		.uleb128 0xb
 975 06f8 28020000 		.4byte	.LASF96
 976 06fc 0B       		.byte	0xb
 977 06fd 8E05     		.2byte	0x58e
 978 06ff 11       		.byte	0x11
 979 0700 9D000000 		.4byte	0x9d
 980 0704 3C       		.byte	0x3c
 981 0705 0B       		.uleb128 0xb
 982 0706 22060000 		.4byte	.LASF97
 983 070a 0B       		.byte	0xb
 984 070b 8F05     		.2byte	0x58f
 985 070d 11       		.byte	0x11
 986 070e 9D000000 		.4byte	0x9d
 987 0712 40       		.byte	0x40
 988 0713 0B       		.uleb128 0xb
 989 0714 CC050000 		.4byte	.LASF98
 990 0718 0B       		.byte	0xb
 991 0719 9005     		.2byte	0x590
 992 071b 11       		.byte	0x11
 993 071c 0A060000 		.4byte	0x60a
 994 0720 44       		.byte	0x44
 995 0721 0B       		.uleb128 0xb
 996 0722 B9020000 		.4byte	.LASF99
 997 0726 0B       		.byte	0xb
 998 0727 9105     		.2byte	0x591
 999 0729 11       		.byte	0x11
 1000 072a 9D000000 		.4byte	0x9d
 1001 072e 50       		.byte	0x50
 1002 072f 0B       		.uleb128 0xb
 1003 0730 D7060000 		.4byte	.LASF100
 1004 0734 0B       		.byte	0xb
 1005 0735 9205     		.2byte	0x592
 1006 0737 11       		.byte	0x11
 1007 0738 9D000000 		.4byte	0x9d
 1008 073c 54       		.byte	0x54
 1009 073d 0B       		.uleb128 0xb
 1010 073e D2080000 		.4byte	.LASF101
 1011 0742 0B       		.byte	0xb
 1012 0743 9305     		.2byte	0x593
 1013 0745 11       		.byte	0x11
 1014 0746 9D000000 		.4byte	0x9d
 1015 074a 58       		.byte	0x58
 1016 074b 0B       		.uleb128 0xb
 1017 074c DC080000 		.4byte	.LASF102
 1018 0750 0B       		.byte	0xb
 1019 0751 9405     		.2byte	0x594
 1020 0753 11       		.byte	0x11
 1021 0754 9D000000 		.4byte	0x9d
 1022 0758 5C       		.byte	0x5c
 1023 0759 0B       		.uleb128 0xb
 1024 075a D6050000 		.4byte	.LASF103
 1025 075e 0B       		.byte	0xb
 1026 075f 9505     		.2byte	0x595
ARM GAS  /tmp/cczJJwGy.s 			page 19


 1027 0761 11       		.byte	0x11
 1028 0762 EA050000 		.4byte	0x5ea
 1029 0766 60       		.byte	0x60
 1030 0767 0B       		.uleb128 0xb
 1031 0768 3A050000 		.4byte	.LASF104
 1032 076c 0B       		.byte	0xb
 1033 076d 9605     		.2byte	0x596
 1034 076f 11       		.byte	0x11
 1035 0770 9D000000 		.4byte	0x9d
 1036 0774 80       		.byte	0x80
 1037 0775 0B       		.uleb128 0xb
 1038 0776 E0050000 		.4byte	.LASF105
 1039 077a 0B       		.byte	0xb
 1040 077b 9705     		.2byte	0x597
 1041 077d 11       		.byte	0x11
 1042 077e 93070000 		.4byte	0x793
 1043 0782 84       		.byte	0x84
 1044 0783 18       		.uleb128 0x18
 1045 0784 0E010000 		.4byte	.LASF106
 1046 0788 0B       		.byte	0xb
 1047 0789 9805     		.2byte	0x598
 1048 078b 11       		.byte	0x11
 1049 078c 9D000000 		.4byte	0x9d
 1050 0790 FC03     		.2byte	0x3fc
 1051 0792 00       		.byte	0
 1052 0793 15       		.uleb128 0x15
 1053 0794 91000000 		.4byte	0x91
 1054 0798 A3070000 		.4byte	0x7a3
 1055 079c 16       		.uleb128 0x16
 1056 079d 30000000 		.4byte	0x30
 1057 07a1 DD       		.byte	0xdd
 1058 07a2 00       		.byte	0
 1059 07a3 19       		.uleb128 0x19
 1060 07a4 6F080000 		.4byte	.LASF107
 1061 07a8 0B       		.byte	0xb
 1062 07a9 9905     		.2byte	0x599
 1063 07ab 03       		.byte	0x3
 1064 07ac 1A060000 		.4byte	0x61a
 1065 07b0 1A       		.uleb128 0x1a
 1066 07b1 02060000 		.4byte	.LASF108
 1067 07b5 64       		.byte	0x64
 1068 07b6 0C       		.byte	0xc
 1069 07b7 E001     		.2byte	0x1e0
 1070 07b9 08       		.byte	0x8
 1071 07ba 16090000 		.4byte	0x916
 1072 07be 0A       		.uleb128 0xa
 1073 07bf 73313600 		.ascii	"s16\000"
 1074 07c3 0C       		.byte	0xc
 1075 07c4 E801     		.2byte	0x1e8
 1076 07c6 11       		.byte	0x11
 1077 07c7 91000000 		.4byte	0x91
 1078 07cb 00       		.byte	0
 1079 07cc 0A       		.uleb128 0xa
 1080 07cd 73313700 		.ascii	"s17\000"
 1081 07d1 0C       		.byte	0xc
 1082 07d2 E901     		.2byte	0x1e9
 1083 07d4 11       		.byte	0x11
ARM GAS  /tmp/cczJJwGy.s 			page 20


 1084 07d5 91000000 		.4byte	0x91
 1085 07d9 04       		.byte	0x4
 1086 07da 0A       		.uleb128 0xa
 1087 07db 73313800 		.ascii	"s18\000"
 1088 07df 0C       		.byte	0xc
 1089 07e0 EA01     		.2byte	0x1ea
 1090 07e2 11       		.byte	0x11
 1091 07e3 91000000 		.4byte	0x91
 1092 07e7 08       		.byte	0x8
 1093 07e8 0A       		.uleb128 0xa
 1094 07e9 73313900 		.ascii	"s19\000"
 1095 07ed 0C       		.byte	0xc
 1096 07ee EB01     		.2byte	0x1eb
 1097 07f0 11       		.byte	0x11
 1098 07f1 91000000 		.4byte	0x91
 1099 07f5 0C       		.byte	0xc
 1100 07f6 0A       		.uleb128 0xa
 1101 07f7 73323000 		.ascii	"s20\000"
 1102 07fb 0C       		.byte	0xc
 1103 07fc EC01     		.2byte	0x1ec
 1104 07fe 11       		.byte	0x11
 1105 07ff 91000000 		.4byte	0x91
 1106 0803 10       		.byte	0x10
 1107 0804 0A       		.uleb128 0xa
 1108 0805 73323100 		.ascii	"s21\000"
 1109 0809 0C       		.byte	0xc
 1110 080a ED01     		.2byte	0x1ed
 1111 080c 11       		.byte	0x11
 1112 080d 91000000 		.4byte	0x91
 1113 0811 14       		.byte	0x14
 1114 0812 0A       		.uleb128 0xa
 1115 0813 73323200 		.ascii	"s22\000"
 1116 0817 0C       		.byte	0xc
 1117 0818 EE01     		.2byte	0x1ee
 1118 081a 11       		.byte	0x11
 1119 081b 91000000 		.4byte	0x91
 1120 081f 18       		.byte	0x18
 1121 0820 0A       		.uleb128 0xa
 1122 0821 73323300 		.ascii	"s23\000"
 1123 0825 0C       		.byte	0xc
 1124 0826 EF01     		.2byte	0x1ef
 1125 0828 11       		.byte	0x11
 1126 0829 91000000 		.4byte	0x91
 1127 082d 1C       		.byte	0x1c
 1128 082e 0A       		.uleb128 0xa
 1129 082f 73323400 		.ascii	"s24\000"
 1130 0833 0C       		.byte	0xc
 1131 0834 F001     		.2byte	0x1f0
 1132 0836 11       		.byte	0x11
 1133 0837 91000000 		.4byte	0x91
 1134 083b 20       		.byte	0x20
 1135 083c 0A       		.uleb128 0xa
 1136 083d 73323500 		.ascii	"s25\000"
 1137 0841 0C       		.byte	0xc
 1138 0842 F101     		.2byte	0x1f1
 1139 0844 11       		.byte	0x11
 1140 0845 91000000 		.4byte	0x91
ARM GAS  /tmp/cczJJwGy.s 			page 21


 1141 0849 24       		.byte	0x24
 1142 084a 0A       		.uleb128 0xa
 1143 084b 73323600 		.ascii	"s26\000"
 1144 084f 0C       		.byte	0xc
 1145 0850 F201     		.2byte	0x1f2
 1146 0852 11       		.byte	0x11
 1147 0853 91000000 		.4byte	0x91
 1148 0857 28       		.byte	0x28
 1149 0858 0A       		.uleb128 0xa
 1150 0859 73323700 		.ascii	"s27\000"
 1151 085d 0C       		.byte	0xc
 1152 085e F301     		.2byte	0x1f3
 1153 0860 11       		.byte	0x11
 1154 0861 91000000 		.4byte	0x91
 1155 0865 2C       		.byte	0x2c
 1156 0866 0A       		.uleb128 0xa
 1157 0867 73323800 		.ascii	"s28\000"
 1158 086b 0C       		.byte	0xc
 1159 086c F401     		.2byte	0x1f4
 1160 086e 11       		.byte	0x11
 1161 086f 91000000 		.4byte	0x91
 1162 0873 30       		.byte	0x30
 1163 0874 0A       		.uleb128 0xa
 1164 0875 73323900 		.ascii	"s29\000"
 1165 0879 0C       		.byte	0xc
 1166 087a F501     		.2byte	0x1f5
 1167 087c 11       		.byte	0x11
 1168 087d 91000000 		.4byte	0x91
 1169 0881 34       		.byte	0x34
 1170 0882 0A       		.uleb128 0xa
 1171 0883 73333000 		.ascii	"s30\000"
 1172 0887 0C       		.byte	0xc
 1173 0888 F601     		.2byte	0x1f6
 1174 088a 11       		.byte	0x11
 1175 088b 91000000 		.4byte	0x91
 1176 088f 38       		.byte	0x38
 1177 0890 0A       		.uleb128 0xa
 1178 0891 73333100 		.ascii	"s31\000"
 1179 0895 0C       		.byte	0xc
 1180 0896 F701     		.2byte	0x1f7
 1181 0898 11       		.byte	0x11
 1182 0899 91000000 		.4byte	0x91
 1183 089d 3C       		.byte	0x3c
 1184 089e 0A       		.uleb128 0xa
 1185 089f 723400   		.ascii	"r4\000"
 1186 08a2 0C       		.byte	0xc
 1187 08a3 F901     		.2byte	0x1f9
 1188 08a5 11       		.byte	0x11
 1189 08a6 91000000 		.4byte	0x91
 1190 08aa 40       		.byte	0x40
 1191 08ab 0A       		.uleb128 0xa
 1192 08ac 723500   		.ascii	"r5\000"
 1193 08af 0C       		.byte	0xc
 1194 08b0 FA01     		.2byte	0x1fa
 1195 08b2 11       		.byte	0x11
 1196 08b3 91000000 		.4byte	0x91
 1197 08b7 44       		.byte	0x44
ARM GAS  /tmp/cczJJwGy.s 			page 22


 1198 08b8 0A       		.uleb128 0xa
 1199 08b9 723600   		.ascii	"r6\000"
 1200 08bc 0C       		.byte	0xc
 1201 08bd FB01     		.2byte	0x1fb
 1202 08bf 11       		.byte	0x11
 1203 08c0 91000000 		.4byte	0x91
 1204 08c4 48       		.byte	0x48
 1205 08c5 0A       		.uleb128 0xa
 1206 08c6 723700   		.ascii	"r7\000"
 1207 08c9 0C       		.byte	0xc
 1208 08ca FC01     		.2byte	0x1fc
 1209 08cc 11       		.byte	0x11
 1210 08cd 91000000 		.4byte	0x91
 1211 08d1 4C       		.byte	0x4c
 1212 08d2 0A       		.uleb128 0xa
 1213 08d3 723800   		.ascii	"r8\000"
 1214 08d6 0C       		.byte	0xc
 1215 08d7 FD01     		.2byte	0x1fd
 1216 08d9 11       		.byte	0x11
 1217 08da 91000000 		.4byte	0x91
 1218 08de 50       		.byte	0x50
 1219 08df 0A       		.uleb128 0xa
 1220 08e0 723900   		.ascii	"r9\000"
 1221 08e3 0C       		.byte	0xc
 1222 08e4 FE01     		.2byte	0x1fe
 1223 08e6 11       		.byte	0x11
 1224 08e7 91000000 		.4byte	0x91
 1225 08eb 54       		.byte	0x54
 1226 08ec 0A       		.uleb128 0xa
 1227 08ed 72313000 		.ascii	"r10\000"
 1228 08f1 0C       		.byte	0xc
 1229 08f2 FF01     		.2byte	0x1ff
 1230 08f4 11       		.byte	0x11
 1231 08f5 91000000 		.4byte	0x91
 1232 08f9 58       		.byte	0x58
 1233 08fa 0A       		.uleb128 0xa
 1234 08fb 72313100 		.ascii	"r11\000"
 1235 08ff 0C       		.byte	0xc
 1236 0900 0002     		.2byte	0x200
 1237 0902 11       		.byte	0x11
 1238 0903 91000000 		.4byte	0x91
 1239 0907 5C       		.byte	0x5c
 1240 0908 0A       		.uleb128 0xa
 1241 0909 6C7200   		.ascii	"lr\000"
 1242 090c 0C       		.byte	0xc
 1243 090d 0102     		.2byte	0x201
 1244 090f 11       		.byte	0x11
 1245 0910 91000000 		.4byte	0x91
 1246 0914 60       		.byte	0x60
 1247 0915 00       		.byte	0
 1248 0916 1A       		.uleb128 0x1a
 1249 0917 E9000000 		.4byte	.LASF109
 1250 091b 04       		.byte	0x4
 1251 091c 0C       		.byte	0xc
 1252 091d 0A02     		.2byte	0x20a
 1253 091f 08       		.byte	0x8
 1254 0920 32090000 		.4byte	0x932
ARM GAS  /tmp/cczJJwGy.s 			page 23


 1255 0924 0A       		.uleb128 0xa
 1256 0925 737000   		.ascii	"sp\000"
 1257 0928 0C       		.byte	0xc
 1258 0929 0B02     		.2byte	0x20b
 1259 092b 1A       		.byte	0x1a
 1260 092c 32090000 		.4byte	0x932
 1261 0930 00       		.byte	0
 1262 0931 00       		.byte	0
 1263 0932 0D       		.uleb128 0xd
 1264 0933 04       		.byte	0x4
 1265 0934 B0070000 		.4byte	0x7b0
 1266 0938 07       		.uleb128 0x7
 1267 0939 35020000 		.4byte	.LASF110
 1268 093d 18       		.byte	0x18
 1269 093e 05       		.byte	0x5
 1270 093f 64       		.byte	0x64
 1271 0940 10       		.byte	0x10
 1272 0941 6D090000 		.4byte	0x96d
 1273 0945 09       		.uleb128 0x9
 1274 0946 50060000 		.4byte	.LASF111
 1275 094a 05       		.byte	0x5
 1276 094b 68       		.byte	0x68
 1277 094c 21       		.byte	0x21
 1278 094d FE030000 		.4byte	0x3fe
 1279 0951 00       		.byte	0
 1280 0952 09       		.uleb128 0x9
 1281 0953 56060000 		.4byte	.LASF112
 1282 0957 05       		.byte	0x5
 1283 0958 73       		.byte	0x73
 1284 0959 21       		.byte	0x21
 1285 095a 38030000 		.4byte	0x338
 1286 095e 0C       		.byte	0xc
 1287 095f 09       		.uleb128 0x9
 1288 0960 04010000 		.4byte	.LASF113
 1289 0964 05       		.byte	0x5
 1290 0965 79       		.byte	0x79
 1291 0966 21       		.byte	0x21
 1292 0967 BA000000 		.4byte	0xba
 1293 096b 10       		.byte	0x10
 1294 096c 00       		.byte	0
 1295 096d 03       		.uleb128 0x3
 1296 096e 80070000 		.4byte	.LASF114
 1297 0972 05       		.byte	0x5
 1298 0973 7B       		.byte	0x7b
 1299 0974 03       		.byte	0x3
 1300 0975 38090000 		.4byte	0x938
 1301 0979 07       		.uleb128 0x7
 1302 097a 25000000 		.4byte	.LASF115
 1303 097e 08       		.byte	0x8
 1304 097f 05       		.byte	0x5
 1305 0980 80       		.byte	0x80
 1306 0981 10       		.byte	0x10
 1307 0982 94090000 		.4byte	0x994
 1308 0986 09       		.uleb128 0x9
 1309 0987 1A070000 		.4byte	.LASF116
 1310 098b 05       		.byte	0x5
 1311 098c 84       		.byte	0x84
ARM GAS  /tmp/cczJJwGy.s 			page 24


 1312 098d 21       		.byte	0x21
 1313 098e 7D030000 		.4byte	0x37d
 1314 0992 00       		.byte	0
 1315 0993 00       		.byte	0
 1316 0994 03       		.uleb128 0x3
 1317 0995 CD040000 		.4byte	.LASF117
 1318 0999 05       		.byte	0x5
 1319 099a 85       		.byte	0x85
 1320 099b 03       		.byte	0x3
 1321 099c 79090000 		.4byte	0x979
 1322 09a0 03       		.uleb128 0x3
 1323 09a1 3B030000 		.4byte	.LASF118
 1324 09a5 05       		.byte	0x5
 1325 09a6 8A       		.byte	0x8a
 1326 09a7 14       		.byte	0x14
 1327 09a8 69040000 		.4byte	0x469
 1328 09ac 10       		.uleb128 0x10
 1329 09ad 0C       		.byte	0xc
 1330 09ae 05       		.byte	0x5
 1331 09af A0       		.byte	0xa0
 1332 09b0 03       		.byte	0x3
 1333 09b1 DA090000 		.4byte	0x9da
 1334 09b5 12       		.uleb128 0x12
 1335 09b6 5B010000 		.4byte	.LASF119
 1336 09ba 05       		.byte	0x5
 1337 09bb A4       		.byte	0xa4
 1338 09bc 21       		.byte	0x21
 1339 09bd 50030000 		.4byte	0x350
 1340 09c1 12       		.uleb128 0x12
 1341 09c2 1A070000 		.4byte	.LASF116
 1342 09c6 05       		.byte	0x5
 1343 09c7 A8       		.byte	0xa8
 1344 09c8 21       		.byte	0x21
 1345 09c9 7D030000 		.4byte	0x37d
 1346 09cd 12       		.uleb128 0x12
 1347 09ce 01020000 		.4byte	.LASF120
 1348 09d2 05       		.byte	0x5
 1349 09d3 AC       		.byte	0xac
 1350 09d4 21       		.byte	0x21
 1351 09d5 B7030000 		.4byte	0x3b7
 1352 09d9 00       		.byte	0
 1353 09da 10       		.uleb128 0x10
 1354 09db 04       		.byte	0x4
 1355 09dc 05       		.byte	0x5
 1356 09dd EB       		.byte	0xeb
 1357 09de 03       		.byte	0x3
 1358 09df 4A0A0000 		.4byte	0xa4a
 1359 09e3 12       		.uleb128 0x12
 1360 09e4 70020000 		.4byte	.LASF121
 1361 09e8 05       		.byte	0x5
 1362 09e9 F2       		.byte	0xf2
 1363 09ea 21       		.byte	0x21
 1364 09eb 0E010000 		.4byte	0x10e
 1365 09ef 12       		.uleb128 0x12
 1366 09f0 F3080000 		.4byte	.LASF122
 1367 09f4 05       		.byte	0x5
 1368 09f5 F9       		.byte	0xf9
ARM GAS  /tmp/cczJJwGy.s 			page 25


 1369 09f6 21       		.byte	0x21
 1370 09f7 0E010000 		.4byte	0x10e
 1371 09fb 1B       		.uleb128 0x1b
 1372 09fc CB000000 		.4byte	.LASF73
 1373 0a00 05       		.byte	0x5
 1374 0a01 0001     		.2byte	0x100
 1375 0a03 22       		.byte	0x22
 1376 0a04 6F040000 		.4byte	0x46f
 1377 0a08 1B       		.uleb128 0x1b
 1378 0a09 E6080000 		.4byte	.LASF123
 1379 0a0d 05       		.byte	0x5
 1380 0a0e 0701     		.2byte	0x107
 1381 0a10 22       		.byte	0x22
 1382 0a11 4A0A0000 		.4byte	0xa4a
 1383 0a15 1B       		.uleb128 0x1b
 1384 0a16 6E010000 		.4byte	.LASF124
 1385 0a1a 05       		.byte	0x5
 1386 0a1b 0C01     		.2byte	0x10c
 1387 0a1d 21       		.byte	0x21
 1388 0a1e 0E010000 		.4byte	0x10e
 1389 0a22 1B       		.uleb128 0x1b
 1390 0a23 3B070000 		.4byte	.LASF125
 1391 0a27 05       		.byte	0x5
 1392 0a28 1501     		.2byte	0x115
 1393 0a2a 22       		.byte	0x22
 1394 0a2b 780A0000 		.4byte	0xa78
 1395 0a2f 1B       		.uleb128 0x1b
 1396 0a30 EC080000 		.4byte	.LASF126
 1397 0a34 05       		.byte	0x5
 1398 0a35 1E01     		.2byte	0x11e
 1399 0a37 22       		.byte	0x22
 1400 0a38 B30A0000 		.4byte	0xab3
 1401 0a3c 1B       		.uleb128 0x1b
 1402 0a3d 13010000 		.4byte	.LASF127
 1403 0a41 05       		.byte	0x5
 1404 0a42 2601     		.2byte	0x126
 1405 0a44 21       		.byte	0x21
 1406 0a45 1A010000 		.4byte	0x11a
 1407 0a49 00       		.byte	0
 1408 0a4a 0D       		.uleb128 0xd
 1409 0a4b 04       		.byte	0x4
 1410 0a4c A0090000 		.4byte	0x9a0
 1411 0a50 07       		.uleb128 0x7
 1412 0a51 90010000 		.4byte	.LASF128
 1413 0a55 0C       		.byte	0xc
 1414 0a56 0D       		.byte	0xd
 1415 0a57 34       		.byte	0x34
 1416 0a58 10       		.byte	0x10
 1417 0a59 780A0000 		.4byte	0xa78
 1418 0a5d 09       		.uleb128 0x9
 1419 0a5e 1A070000 		.4byte	.LASF116
 1420 0a62 0D       		.byte	0xd
 1421 0a63 35       		.byte	0x35
 1422 0a64 19       		.byte	0x19
 1423 0a65 7D030000 		.4byte	0x37d
 1424 0a69 00       		.byte	0
 1425 0a6a 08       		.uleb128 0x8
ARM GAS  /tmp/cczJJwGy.s 			page 26


 1426 0a6b 636E7400 		.ascii	"cnt\000"
 1427 0a6f 0D       		.byte	0xd
 1428 0a70 37       		.byte	0x37
 1429 0a71 19       		.byte	0x19
 1430 0a72 26010000 		.4byte	0x126
 1431 0a76 08       		.byte	0x8
 1432 0a77 00       		.byte	0
 1433 0a78 0D       		.uleb128 0xd
 1434 0a79 04       		.byte	0x4
 1435 0a7a 500A0000 		.4byte	0xa50
 1436 0a7e 07       		.uleb128 0x7
 1437 0a7f B0020000 		.4byte	.LASF129
 1438 0a83 10       		.byte	0x10
 1439 0a84 0E       		.byte	0xe
 1440 0a85 39       		.byte	0x39
 1441 0a86 08       		.byte	0x8
 1442 0a87 B30A0000 		.4byte	0xab3
 1443 0a8b 09       		.uleb128 0x9
 1444 0a8c 1A070000 		.4byte	.LASF116
 1445 0a90 0E       		.byte	0xe
 1446 0a91 3A       		.byte	0x3a
 1447 0a92 19       		.byte	0x19
 1448 0a93 7D030000 		.4byte	0x37d
 1449 0a97 00       		.byte	0
 1450 0a98 09       		.uleb128 0x9
 1451 0a99 13020000 		.4byte	.LASF28
 1452 0a9d 0E       		.byte	0xe
 1453 0a9e 3C       		.byte	0x3c
 1454 0a9f 1A       		.byte	0x1a
 1455 0aa0 69040000 		.4byte	0x469
 1456 0aa4 08       		.byte	0x8
 1457 0aa5 09       		.uleb128 0x9
 1458 0aa6 98000000 		.4byte	.LASF63
 1459 0aaa 0E       		.byte	0xe
 1460 0aab 3E       		.byte	0x3e
 1461 0aac 1A       		.byte	0x1a
 1462 0aad 760B0000 		.4byte	0xb76
 1463 0ab1 0C       		.byte	0xc
 1464 0ab2 00       		.byte	0
 1465 0ab3 0D       		.uleb128 0xd
 1466 0ab4 04       		.byte	0x4
 1467 0ab5 7E0A0000 		.4byte	0xa7e
 1468 0ab9 0D       		.uleb128 0xd
 1469 0aba 04       		.byte	0x4
 1470 0abb 2D020000 		.4byte	0x22d
 1471 0abf 0D       		.uleb128 0xd
 1472 0ac0 04       		.byte	0x4
 1473 0ac1 D2000000 		.4byte	0xd2
 1474 0ac5 1A       		.uleb128 0x1a
 1475 0ac6 F6000000 		.4byte	.LASF130
 1476 0aca 10       		.byte	0x10
 1477 0acb 05       		.byte	0x5
 1478 0acc 5C01     		.2byte	0x15c
 1479 0ace 10       		.byte	0x10
 1480 0acf F00A0000 		.4byte	0xaf0
 1481 0ad3 0B       		.uleb128 0xb
 1482 0ad4 01020000 		.4byte	.LASF120
ARM GAS  /tmp/cczJJwGy.s 			page 27


 1483 0ad8 05       		.byte	0x5
 1484 0ad9 6101     		.2byte	0x161
 1485 0adb 21       		.byte	0x21
 1486 0adc B7030000 		.4byte	0x3b7
 1487 0ae0 00       		.byte	0
 1488 0ae1 0B       		.uleb128 0xb
 1489 0ae2 9F060000 		.4byte	.LASF131
 1490 0ae6 05       		.byte	0x5
 1491 0ae7 6501     		.2byte	0x165
 1492 0ae9 22       		.byte	0x22
 1493 0aea 69040000 		.4byte	0x469
 1494 0aee 0C       		.byte	0xc
 1495 0aef 00       		.byte	0
 1496 0af0 19       		.uleb128 0x19
 1497 0af1 05070000 		.4byte	.LASF132
 1498 0af5 05       		.byte	0x5
 1499 0af6 6601     		.2byte	0x166
 1500 0af8 03       		.byte	0x3
 1501 0af9 C50A0000 		.4byte	0xac5
 1502 0afd 1A       		.uleb128 0x1a
 1503 0afe 3A060000 		.4byte	.LASF133
 1504 0b02 14       		.byte	0x14
 1505 0b03 05       		.byte	0x5
 1506 0b04 6B01     		.2byte	0x16b
 1507 0b06 10       		.byte	0x10
 1508 0b07 520B0000 		.4byte	0xb52
 1509 0b0b 0B       		.uleb128 0xb
 1510 0b0c 15000000 		.4byte	.LASF29
 1511 0b10 05       		.byte	0x5
 1512 0b11 6F01     		.2byte	0x16f
 1513 0b13 22       		.byte	0x22
 1514 0b14 15030000 		.4byte	0x315
 1515 0b18 00       		.byte	0
 1516 0b19 0B       		.uleb128 0xb
 1517 0b1a D2000000 		.4byte	.LASF134
 1518 0b1e 05       		.byte	0x5
 1519 0b1f 7501     		.2byte	0x175
 1520 0b21 22       		.byte	0x22
 1521 0b22 BF0A0000 		.4byte	0xabf
 1522 0b26 04       		.byte	0x4
 1523 0b27 0B       		.uleb128 0xb
 1524 0b28 19020000 		.4byte	.LASF135
 1525 0b2c 05       		.byte	0x5
 1526 0b2d 7901     		.2byte	0x179
 1527 0b2f 22       		.byte	0x22
 1528 0b30 BF0A0000 		.4byte	0xabf
 1529 0b34 08       		.byte	0x8
 1530 0b35 0B       		.uleb128 0xb
 1531 0b36 02080000 		.4byte	.LASF136
 1532 0b3a 05       		.byte	0x5
 1533 0b3b 7F01     		.2byte	0x17f
 1534 0b3d 22       		.byte	0x22
 1535 0b3e BF0A0000 		.4byte	0xabf
 1536 0b42 0C       		.byte	0xc
 1537 0b43 0B       		.uleb128 0xb
 1538 0b44 DC020000 		.4byte	.LASF137
 1539 0b48 05       		.byte	0x5
ARM GAS  /tmp/cczJJwGy.s 			page 28


 1540 0b49 8301     		.2byte	0x183
 1541 0b4b 22       		.byte	0x22
 1542 0b4c BF0A0000 		.4byte	0xabf
 1543 0b50 10       		.byte	0x10
 1544 0b51 00       		.byte	0
 1545 0b52 19       		.uleb128 0x19
 1546 0b53 85060000 		.4byte	.LASF138
 1547 0b57 05       		.byte	0x5
 1548 0b58 8501     		.2byte	0x185
 1549 0b5a 03       		.byte	0x3
 1550 0b5b FD0A0000 		.4byte	0xafd
 1551 0b5f 05       		.uleb128 0x5
 1552 0b60 520B0000 		.4byte	0xb52
 1553 0b64 0D       		.uleb128 0xd
 1554 0b65 04       		.byte	0x4
 1555 0b66 5F0B0000 		.4byte	0xb5f
 1556 0b6a 03       		.uleb128 0x3
 1557 0b6b 5D070000 		.4byte	.LASF139
 1558 0b6f 0E       		.byte	0xe
 1559 0b70 34       		.byte	0x34
 1560 0b71 19       		.byte	0x19
 1561 0b72 7E0A0000 		.4byte	0xa7e
 1562 0b76 0D       		.uleb128 0xd
 1563 0b77 04       		.byte	0x4
 1564 0b78 6A0B0000 		.4byte	0xb6a
 1565 0b7c 04       		.uleb128 0x4
 1566 0b7d 01       		.byte	0x1
 1567 0b7e 02       		.byte	0x2
 1568 0b7f 8B020000 		.4byte	.LASF140
 1569 0b83 0D       		.uleb128 0xd
 1570 0b84 04       		.byte	0x4
 1571 0b85 66000000 		.4byte	0x66
 1572 0b89 0D       		.uleb128 0xd
 1573 0b8a 04       		.byte	0x4
 1574 0b8b 72000000 		.4byte	0x72
 1575 0b8f 1C       		.uleb128 0x1c
 1576 0b90 07       		.byte	0x7
 1577 0b91 01       		.byte	0x1
 1578 0b92 77000000 		.4byte	0x77
 1579 0b96 0F       		.byte	0xf
 1580 0b97 28       		.byte	0x28
 1581 0b98 0E       		.byte	0xe
 1582 0b99 D40B0000 		.4byte	0xbd4
 1583 0b9d 1D       		.uleb128 0x1d
 1584 0b9e 34010000 		.4byte	.LASF141
 1585 0ba2 00       		.byte	0
 1586 0ba3 1D       		.uleb128 0x1d
 1587 0ba4 E8040000 		.4byte	.LASF142
 1588 0ba8 01       		.byte	0x1
 1589 0ba9 1D       		.uleb128 0x1d
 1590 0baa 6C000000 		.4byte	.LASF143
 1591 0bae 02       		.byte	0x2
 1592 0baf 1D       		.uleb128 0x1d
 1593 0bb0 BC000000 		.4byte	.LASF144
 1594 0bb4 03       		.byte	0x3
 1595 0bb5 1D       		.uleb128 0x1d
 1596 0bb6 F0020000 		.4byte	.LASF145
ARM GAS  /tmp/cczJJwGy.s 			page 29


 1597 0bba 04       		.byte	0x4
 1598 0bbb 1D       		.uleb128 0x1d
 1599 0bbc 78040000 		.4byte	.LASF146
 1600 0bc0 05       		.byte	0x5
 1601 0bc1 1D       		.uleb128 0x1d
 1602 0bc2 68060000 		.4byte	.LASF147
 1603 0bc6 06       		.byte	0x6
 1604 0bc7 1D       		.uleb128 0x1d
 1605 0bc8 A0070000 		.4byte	.LASF148
 1606 0bcc 07       		.byte	0x7
 1607 0bcd 1D       		.uleb128 0x1d
 1608 0bce 09000000 		.4byte	.LASF149
 1609 0bd2 08       		.byte	0x8
 1610 0bd3 00       		.byte	0
 1611 0bd4 03       		.uleb128 0x3
 1612 0bd5 A9040000 		.4byte	.LASF150
 1613 0bd9 0F       		.byte	0xf
 1614 0bda 32       		.byte	0x32
 1615 0bdb 03       		.byte	0x3
 1616 0bdc 8F0B0000 		.4byte	0xb8f
 1617 0be0 0E       		.uleb128 0xe
 1618 0be1 08       		.byte	0x8
 1619 0be2 0F       		.byte	0xf
 1620 0be3 37       		.byte	0x37
 1621 0be4 09       		.byte	0x9
 1622 0be5 040C0000 		.4byte	0xc04
 1623 0be9 09       		.uleb128 0x9
 1624 0bea A6000000 		.4byte	.LASF151
 1625 0bee 0F       		.byte	0xf
 1626 0bef 38       		.byte	0x38
 1627 0bf0 11       		.byte	0x11
 1628 0bf1 91000000 		.4byte	0x91
 1629 0bf5 00       		.byte	0
 1630 0bf6 09       		.uleb128 0x9
 1631 0bf7 65030000 		.4byte	.LASF152
 1632 0bfb 0F       		.byte	0xf
 1633 0bfc 39       		.byte	0x39
 1634 0bfd 11       		.byte	0x11
 1635 0bfe 91000000 		.4byte	0x91
 1636 0c02 04       		.byte	0x4
 1637 0c03 00       		.byte	0
 1638 0c04 03       		.uleb128 0x3
 1639 0c05 97020000 		.4byte	.LASF153
 1640 0c09 0F       		.byte	0xf
 1641 0c0a 3A       		.byte	0x3a
 1642 0c0b 03       		.byte	0x3
 1643 0c0c E00B0000 		.4byte	0xbe0
 1644 0c10 1E       		.uleb128 0x1e
 1645 0c11 7C0B0000 		.4byte	0xb7c
 1646 0c15 1F0C0000 		.4byte	0xc1f
 1647 0c19 1F       		.uleb128 0x1f
 1648 0c1a 6F040000 		.4byte	0x46f
 1649 0c1e 00       		.byte	0
 1650 0c1f 0D       		.uleb128 0xd
 1651 0c20 04       		.byte	0x4
 1652 0c21 100C0000 		.4byte	0xc10
 1653 0c25 1E       		.uleb128 0x1e
ARM GAS  /tmp/cczJJwGy.s 			page 30


 1654 0c26 7C0B0000 		.4byte	0xb7c
 1655 0c2a 430C0000 		.4byte	0xc43
 1656 0c2e 1F       		.uleb128 0x1f
 1657 0c2f 6F040000 		.4byte	0x46f
 1658 0c33 1F       		.uleb128 0x1f
 1659 0c34 91000000 		.4byte	0x91
 1660 0c38 1F       		.uleb128 0x1f
 1661 0c39 830B0000 		.4byte	0xb83
 1662 0c3d 1F       		.uleb128 0x1f
 1663 0c3e 91000000 		.4byte	0x91
 1664 0c42 00       		.byte	0
 1665 0c43 0D       		.uleb128 0xd
 1666 0c44 04       		.byte	0x4
 1667 0c45 250C0000 		.4byte	0xc25
 1668 0c49 1E       		.uleb128 0x1e
 1669 0c4a 7C0B0000 		.4byte	0xb7c
 1670 0c4e 670C0000 		.4byte	0xc67
 1671 0c52 1F       		.uleb128 0x1f
 1672 0c53 6F040000 		.4byte	0x46f
 1673 0c57 1F       		.uleb128 0x1f
 1674 0c58 91000000 		.4byte	0x91
 1675 0c5c 1F       		.uleb128 0x1f
 1676 0c5d 890B0000 		.4byte	0xb89
 1677 0c61 1F       		.uleb128 0x1f
 1678 0c62 91000000 		.4byte	0x91
 1679 0c66 00       		.byte	0
 1680 0c67 0D       		.uleb128 0xd
 1681 0c68 04       		.byte	0x4
 1682 0c69 490C0000 		.4byte	0xc49
 1683 0c6d 1E       		.uleb128 0x1e
 1684 0c6e 7C0B0000 		.4byte	0xb7c
 1685 0c72 810C0000 		.4byte	0xc81
 1686 0c76 1F       		.uleb128 0x1f
 1687 0c77 6F040000 		.4byte	0x46f
 1688 0c7b 1F       		.uleb128 0x1f
 1689 0c7c 810C0000 		.4byte	0xc81
 1690 0c80 00       		.byte	0
 1691 0c81 0D       		.uleb128 0xd
 1692 0c82 04       		.byte	0x4
 1693 0c83 040C0000 		.4byte	0xc04
 1694 0c87 0D       		.uleb128 0xd
 1695 0c88 04       		.byte	0x4
 1696 0c89 6D0C0000 		.4byte	0xc6d
 1697 0c8d 0D       		.uleb128 0xd
 1698 0c8e 04       		.byte	0x4
 1699 0c8f 91000000 		.4byte	0x91
 1700 0c93 1C       		.uleb128 0x1c
 1701 0c94 07       		.byte	0x7
 1702 0c95 01       		.byte	0x1
 1703 0c96 77000000 		.4byte	0x77
 1704 0c9a 10       		.byte	0x10
 1705 0c9b 7A       		.byte	0x7a
 1706 0c9c 0E       		.byte	0xe
 1707 0c9d B40C0000 		.4byte	0xcb4
 1708 0ca1 1D       		.uleb128 0x1d
 1709 0ca2 DB070000 		.4byte	.LASF154
 1710 0ca6 00       		.byte	0
ARM GAS  /tmp/cczJJwGy.s 			page 31


 1711 0ca7 1D       		.uleb128 0x1d
 1712 0ca8 81050000 		.4byte	.LASF155
 1713 0cac 01       		.byte	0x1
 1714 0cad 1D       		.uleb128 0x1d
 1715 0cae 57080000 		.4byte	.LASF156
 1716 0cb2 02       		.byte	0x2
 1717 0cb3 00       		.byte	0
 1718 0cb4 03       		.uleb128 0x3
 1719 0cb5 AC060000 		.4byte	.LASF157
 1720 0cb9 10       		.byte	0x10
 1721 0cba 7E       		.byte	0x7e
 1722 0cbb 03       		.byte	0x3
 1723 0cbc 930C0000 		.4byte	0xc93
 1724 0cc0 03       		.uleb128 0x3
 1725 0cc1 65080000 		.4byte	.LASF158
 1726 0cc5 11       		.byte	0x11
 1727 0cc6 A6       		.byte	0xa6
 1728 0cc7 12       		.byte	0x12
 1729 0cc8 91000000 		.4byte	0x91
 1730 0ccc 03       		.uleb128 0x3
 1731 0ccd 1A000000 		.4byte	.LASF159
 1732 0cd1 11       		.byte	0x11
 1733 0cd2 AB       		.byte	0xab
 1734 0cd3 12       		.byte	0x12
 1735 0cd4 91000000 		.4byte	0x91
 1736 0cd8 03       		.uleb128 0x3
 1737 0cd9 91040000 		.4byte	.LASF160
 1738 0cdd 11       		.byte	0x11
 1739 0cde B0       		.byte	0xb0
 1740 0cdf 1A       		.byte	0x1a
 1741 0ce0 E40C0000 		.4byte	0xce4
 1742 0ce4 07       		.uleb128 0x7
 1743 0ce5 91040000 		.4byte	.LASF160
 1744 0ce9 54       		.byte	0x54
 1745 0cea 11       		.byte	0x11
 1746 0ceb D6       		.byte	0xd6
 1747 0cec 08       		.byte	0x8
 1748 0ced B70D0000 		.4byte	0xdb7
 1749 0cf1 08       		.uleb128 0x8
 1750 0cf2 766D7400 		.ascii	"vmt\000"
 1751 0cf6 11       		.byte	0x11
 1752 0cf7 DA       		.byte	0xda
 1753 0cf8 1E       		.byte	0x1e
 1754 0cf9 740E0000 		.4byte	0xe74
 1755 0cfd 00       		.byte	0
 1756 0cfe 09       		.uleb128 0x9
 1757 0cff B7070000 		.4byte	.LASF31
 1758 0d03 11       		.byte	0x11
 1759 0d04 DB       		.byte	0xdb
 1760 0d05 03       		.byte	0x3
 1761 0d06 D40B0000 		.4byte	0xbd4
 1762 0d0a 04       		.byte	0x4
 1763 0d0b 08       		.uleb128 0x8
 1764 0d0c 63696400 		.ascii	"cid\000"
 1765 0d10 11       		.byte	0x11
 1766 0d11 DB       		.byte	0xdb
 1767 0d12 03       		.byte	0x3
ARM GAS  /tmp/cczJJwGy.s 			page 32


 1768 0d13 FA050000 		.4byte	0x5fa
 1769 0d17 08       		.byte	0x8
 1770 0d18 08       		.uleb128 0x8
 1771 0d19 63736400 		.ascii	"csd\000"
 1772 0d1d 11       		.byte	0x11
 1773 0d1e DB       		.byte	0xdb
 1774 0d1f 03       		.byte	0x3
 1775 0d20 FA050000 		.4byte	0x5fa
 1776 0d24 18       		.byte	0x18
 1777 0d25 09       		.uleb128 0x9
 1778 0d26 31000000 		.4byte	.LASF161
 1779 0d2a 11       		.byte	0x11
 1780 0d2b DB       		.byte	0xdb
 1781 0d2c 03       		.byte	0x3
 1782 0d2d 91000000 		.4byte	0x91
 1783 0d31 28       		.byte	0x28
 1784 0d32 09       		.uleb128 0x9
 1785 0d33 B9050000 		.4byte	.LASF48
 1786 0d37 11       		.byte	0x11
 1787 0d38 DF       		.byte	0xdf
 1788 0d39 1E       		.byte	0x1e
 1789 0d3a 7A0E0000 		.4byte	0xe7a
 1790 0d3e 2C       		.byte	0x2c
 1791 0d3f 09       		.uleb128 0x9
 1792 0d40 CD010000 		.4byte	.LASF162
 1793 0d44 11       		.byte	0x11
 1794 0d45 E3       		.byte	0xe3
 1795 0d46 1D       		.byte	0x1d
 1796 0d47 C00C0000 		.4byte	0xcc0
 1797 0d4b 30       		.byte	0x30
 1798 0d4c 09       		.uleb128 0x9
 1799 0d4d FA010000 		.4byte	.LASF163
 1800 0d51 11       		.byte	0x11
 1801 0d52 E7       		.byte	0xe7
 1802 0d53 1D       		.byte	0x1d
 1803 0d54 CC0C0000 		.4byte	0xccc
 1804 0d58 34       		.byte	0x34
 1805 0d59 08       		.uleb128 0x8
 1806 0d5a 72636100 		.ascii	"rca\000"
 1807 0d5e 11       		.byte	0x11
 1808 0d5f EB       		.byte	0xeb
 1809 0d60 1D       		.byte	0x1d
 1810 0d61 91000000 		.4byte	0x91
 1811 0d65 38       		.byte	0x38
 1812 0d66 08       		.uleb128 0x8
 1813 0d67 62756600 		.ascii	"buf\000"
 1814 0d6b 11       		.byte	0x11
 1815 0d6c EF       		.byte	0xef
 1816 0d6d 1E       		.byte	0x1e
 1817 0d6e 830B0000 		.4byte	0xb83
 1818 0d72 3C       		.byte	0x3c
 1819 0d73 09       		.uleb128 0x9
 1820 0d74 34070000 		.4byte	.LASF164
 1821 0d78 11       		.byte	0x11
 1822 0d79 F4       		.byte	0xf4
 1823 0d7a 1D       		.byte	0x1d
 1824 0d7b A0090000 		.4byte	0x9a0
ARM GAS  /tmp/cczJJwGy.s 			page 33


 1825 0d7f 40       		.byte	0x40
 1826 0d80 09       		.uleb128 0x9
 1827 0d81 BA080000 		.4byte	.LASF165
 1828 0d85 11       		.byte	0x11
 1829 0d86 F9       		.byte	0xf9
 1830 0d87 1E       		.byte	0x1e
 1831 0d88 800E0000 		.4byte	0xe80
 1832 0d8c 44       		.byte	0x44
 1833 0d8d 09       		.uleb128 0x9
 1834 0d8e 3F050000 		.4byte	.LASF166
 1835 0d92 11       		.byte	0x11
 1836 0d93 FD       		.byte	0xfd
 1837 0d94 1D       		.byte	0x1d
 1838 0d95 91000000 		.4byte	0x91
 1839 0d99 48       		.byte	0x48
 1840 0d9a 0B       		.uleb128 0xb
 1841 0d9b CD080000 		.4byte	.LASF167
 1842 0d9f 11       		.byte	0x11
 1843 0da0 0101     		.2byte	0x101
 1844 0da2 1E       		.byte	0x1e
 1845 0da3 8D0C0000 		.4byte	0xc8d
 1846 0da7 4C       		.byte	0x4c
 1847 0da8 0B       		.uleb128 0xb
 1848 0da9 15060000 		.4byte	.LASF168
 1849 0dad 11       		.byte	0x11
 1850 0dae 0401     		.2byte	0x104
 1851 0db0 1A       		.byte	0x1a
 1852 0db1 8B0E0000 		.4byte	0xe8b
 1853 0db5 50       		.byte	0x50
 1854 0db6 00       		.byte	0
 1855 0db7 0E       		.uleb128 0xe
 1856 0db8 08       		.byte	0x8
 1857 0db9 11       		.byte	0x11
 1858 0dba B6       		.byte	0xb6
 1859 0dbb 09       		.byte	0x9
 1860 0dbc DB0D0000 		.4byte	0xddb
 1861 0dc0 09       		.uleb128 0x9
 1862 0dc1 FB060000 		.4byte	.LASF169
 1863 0dc5 11       		.byte	0x11
 1864 0dc6 BA       		.byte	0xba
 1865 0dc7 11       		.byte	0x11
 1866 0dc8 B40C0000 		.4byte	0xcb4
 1867 0dcc 00       		.byte	0
 1868 0dcd 09       		.uleb128 0x9
 1869 0dce B9060000 		.4byte	.LASF170
 1870 0dd2 11       		.byte	0x11
 1871 0dd3 C1       		.byte	0xc1
 1872 0dd4 11       		.byte	0x11
 1873 0dd5 91000000 		.4byte	0x91
 1874 0dd9 04       		.byte	0x4
 1875 0dda 00       		.byte	0
 1876 0ddb 03       		.uleb128 0x3
 1877 0ddc F8070000 		.4byte	.LASF171
 1878 0de0 11       		.byte	0x11
 1879 0de1 C2       		.byte	0xc2
 1880 0de2 03       		.byte	0x3
 1881 0de3 B70D0000 		.4byte	0xdb7
ARM GAS  /tmp/cczJJwGy.s 			page 34


 1882 0de7 05       		.uleb128 0x5
 1883 0de8 DB0D0000 		.4byte	0xddb
 1884 0dec 07       		.uleb128 0x7
 1885 0ded 1A010000 		.4byte	.LASF172
 1886 0df1 24       		.byte	0x24
 1887 0df2 11       		.byte	0x11
 1888 0df3 CF       		.byte	0xcf
 1889 0df4 08       		.byte	0x8
 1890 0df5 6F0E0000 		.4byte	0xe6f
 1891 0df9 09       		.uleb128 0x9
 1892 0dfa D8040000 		.4byte	.LASF173
 1893 0dfe 11       		.byte	0x11
 1894 0dff D0       		.byte	0xd0
 1895 0e00 03       		.byte	0x3
 1896 0e01 24000000 		.4byte	0x24
 1897 0e05 00       		.byte	0
 1898 0e06 09       		.uleb128 0x9
 1899 0e07 29050000 		.4byte	.LASF174
 1900 0e0b 11       		.byte	0x11
 1901 0e0c D0       		.byte	0xd0
 1902 0e0d 03       		.byte	0x3
 1903 0e0e 1F0C0000 		.4byte	0xc1f
 1904 0e12 04       		.byte	0x4
 1905 0e13 09       		.uleb128 0x9
 1906 0e14 C0080000 		.4byte	.LASF175
 1907 0e18 11       		.byte	0x11
 1908 0e19 D0       		.byte	0xd0
 1909 0e1a 03       		.byte	0x3
 1910 0e1b 1F0C0000 		.4byte	0xc1f
 1911 0e1f 08       		.byte	0x8
 1912 0e20 09       		.uleb128 0x9
 1913 0e21 F4050000 		.4byte	.LASF176
 1914 0e25 11       		.byte	0x11
 1915 0e26 D0       		.byte	0xd0
 1916 0e27 03       		.byte	0x3
 1917 0e28 1F0C0000 		.4byte	0xc1f
 1918 0e2c 0C       		.byte	0xc
 1919 0e2d 09       		.uleb128 0x9
 1920 0e2e 77000000 		.4byte	.LASF177
 1921 0e32 11       		.byte	0x11
 1922 0e33 D0       		.byte	0xd0
 1923 0e34 03       		.byte	0x3
 1924 0e35 1F0C0000 		.4byte	0xc1f
 1925 0e39 10       		.byte	0x10
 1926 0e3a 09       		.uleb128 0x9
 1927 0e3b 9A060000 		.4byte	.LASF178
 1928 0e3f 11       		.byte	0x11
 1929 0e40 D0       		.byte	0xd0
 1930 0e41 03       		.byte	0x3
 1931 0e42 430C0000 		.4byte	0xc43
 1932 0e46 14       		.byte	0x14
 1933 0e47 09       		.uleb128 0x9
 1934 0e48 B4040000 		.4byte	.LASF179
 1935 0e4c 11       		.byte	0x11
 1936 0e4d D0       		.byte	0xd0
 1937 0e4e 03       		.byte	0x3
 1938 0e4f 670C0000 		.4byte	0xc67
ARM GAS  /tmp/cczJJwGy.s 			page 35


 1939 0e53 18       		.byte	0x18
 1940 0e54 09       		.uleb128 0x9
 1941 0e55 20070000 		.4byte	.LASF180
 1942 0e59 11       		.byte	0x11
 1943 0e5a D0       		.byte	0xd0
 1944 0e5b 03       		.byte	0x3
 1945 0e5c 1F0C0000 		.4byte	0xc1f
 1946 0e60 1C       		.byte	0x1c
 1947 0e61 09       		.uleb128 0x9
 1948 0e62 A7020000 		.4byte	.LASF181
 1949 0e66 11       		.byte	0x11
 1950 0e67 D0       		.byte	0xd0
 1951 0e68 03       		.byte	0x3
 1952 0e69 870C0000 		.4byte	0xc87
 1953 0e6d 20       		.byte	0x20
 1954 0e6e 00       		.byte	0
 1955 0e6f 05       		.uleb128 0x5
 1956 0e70 EC0D0000 		.4byte	0xdec
 1957 0e74 0D       		.uleb128 0xd
 1958 0e75 04       		.byte	0x4
 1959 0e76 6F0E0000 		.4byte	0xe6f
 1960 0e7a 0D       		.uleb128 0xd
 1961 0e7b 04       		.byte	0x4
 1962 0e7c E70D0000 		.4byte	0xde7
 1963 0e80 0D       		.uleb128 0xd
 1964 0e81 04       		.byte	0x4
 1965 0e82 A3070000 		.4byte	0x7a3
 1966 0e86 20       		.uleb128 0x20
 1967 0e87 C8060000 		.4byte	.LASF204
 1968 0e8b 0D       		.uleb128 0xd
 1969 0e8c 04       		.byte	0x4
 1970 0e8d 860E0000 		.4byte	0xe86
 1971 0e91 21       		.uleb128 0x21
 1972 0e92 91020000 		.4byte	.LASF205
 1973 0e96 11       		.byte	0x11
 1974 0e97 1001     		.2byte	0x110
 1975 0e99 12       		.byte	0x12
 1976 0e9a D80C0000 		.4byte	0xcd8
 1977 0e9e 03       		.uleb128 0x3
 1978 0e9f A7060000 		.4byte	.LASF182
 1979 0ea3 12       		.byte	0x12
 1980 0ea4 31       		.byte	0x31
 1981 0ea5 16       		.byte	0x16
 1982 0ea6 30000000 		.4byte	0x30
 1983 0eaa 03       		.uleb128 0x3
 1984 0eab C8040000 		.4byte	.LASF183
 1985 0eaf 12       		.byte	0x12
 1986 0eb0 32       		.byte	0x32
 1987 0eb1 17       		.byte	0x17
 1988 0eb2 77000000 		.4byte	0x77
 1989 0eb6 05       		.uleb128 0x5
 1990 0eb7 AA0E0000 		.4byte	0xeaa
 1991 0ebb 03       		.uleb128 0x3
 1992 0ebc AB010000 		.4byte	.LASF184
 1993 0ec0 12       		.byte	0x12
 1994 0ec1 34       		.byte	0x34
 1995 0ec2 13       		.byte	0x13
ARM GAS  /tmp/cczJJwGy.s 			page 36


 1996 0ec3 91000000 		.4byte	0x91
 1997 0ec7 0D       		.uleb128 0xd
 1998 0ec8 04       		.byte	0x4
 1999 0ec9 AA0E0000 		.4byte	0xeaa
 2000 0ecd 03       		.uleb128 0x3
 2001 0ece D3070000 		.4byte	.LASF185
 2002 0ed2 13       		.byte	0x13
 2003 0ed3 0D       		.byte	0xd
 2004 0ed4 0E       		.byte	0xe
 2005 0ed5 AA0E0000 		.4byte	0xeaa
 2006 0ed9 1C       		.uleb128 0x1c
 2007 0eda 07       		.byte	0x7
 2008 0edb 01       		.byte	0x1
 2009 0edc 77000000 		.4byte	0x77
 2010 0ee0 13       		.byte	0x13
 2011 0ee1 10       		.byte	0x10
 2012 0ee2 0E       		.byte	0xe
 2013 0ee3 060F0000 		.4byte	0xf06
 2014 0ee7 1D       		.uleb128 0x1d
 2015 0ee8 F1070000 		.4byte	.LASF186
 2016 0eec 00       		.byte	0
 2017 0eed 1D       		.uleb128 0x1d
 2018 0eee 5B040000 		.4byte	.LASF187
 2019 0ef2 01       		.byte	0x1
 2020 0ef3 1D       		.uleb128 0x1d
 2021 0ef4 47050000 		.4byte	.LASF188
 2022 0ef8 02       		.byte	0x2
 2023 0ef9 1D       		.uleb128 0x1d
 2024 0efa 12080000 		.4byte	.LASF189
 2025 0efe 03       		.byte	0x3
 2026 0eff 1D       		.uleb128 0x1d
 2027 0f00 F8040000 		.4byte	.LASF190
 2028 0f04 04       		.byte	0x4
 2029 0f05 00       		.byte	0
 2030 0f06 03       		.uleb128 0x3
 2031 0f07 BA040000 		.4byte	.LASF191
 2032 0f0b 13       		.byte	0x13
 2033 0f0c 16       		.byte	0x16
 2034 0f0d 03       		.byte	0x3
 2035 0f0e D90E0000 		.4byte	0xed9
 2036 0f12 22       		.uleb128 0x22
 2037 0f13 C0050000 		.4byte	.LASF206
 2038 0f17 14       		.byte	0x14
 2039 0f18 BC       		.byte	0xbc
 2040 0f19 07       		.byte	0x7
 2041 0f1a BB0E0000 		.4byte	0xebb
 2042 0f1e 23       		.uleb128 0x23
 2043 0f1f D1020000 		.4byte	.LASF194
 2044 0f23 14       		.byte	0x14
 2045 0f24 8F       		.byte	0x8f
 2046 0f25 09       		.byte	0x9
 2047 0f26 060F0000 		.4byte	0xf06
 2048 0f2a 5F0F0000 		.4byte	0xf5f
 2049 0f2e 24       		.uleb128 0x24
 2050 0f2f 47040000 		.4byte	.LASF192
 2051 0f33 14       		.byte	0x14
 2052 0f34 90       		.byte	0x90
ARM GAS  /tmp/cczJJwGy.s 			page 37


 2053 0f35 0A       		.byte	0xa
 2054 0f36 AA0E0000 		.4byte	0xeaa
 2055 0f3a 25       		.uleb128 0x25
 2056 0f3b 636D6400 		.ascii	"cmd\000"
 2057 0f3f 14       		.byte	0x14
 2058 0f40 91       		.byte	0x91
 2059 0f41 0A       		.byte	0xa
 2060 0f42 AA0E0000 		.4byte	0xeaa
 2061 0f46 24       		.uleb128 0x24
 2062 0f47 5F020000 		.4byte	.LASF193
 2063 0f4b 14       		.byte	0x14
 2064 0f4c 92       		.byte	0x92
 2065 0f4d 0B       		.byte	0xb
 2066 0f4e 6F040000 		.4byte	0x46f
 2067 0f52 26       		.uleb128 0x26
 2068 0f53 62646900 		.ascii	"bdi\000"
 2069 0f57 14       		.byte	0x14
 2070 0f58 95       		.byte	0x95
 2071 0f59 13       		.byte	0x13
 2072 0f5a 040C0000 		.4byte	0xc04
 2073 0f5e 00       		.byte	0
 2074 0f5f 23       		.uleb128 0x23
 2075 0f60 AE050000 		.4byte	.LASF195
 2076 0f64 14       		.byte	0x14
 2077 0f65 78       		.byte	0x78
 2078 0f66 09       		.byte	0x9
 2079 0f67 060F0000 		.4byte	0xf06
 2080 0f6b AD0F0000 		.4byte	0xfad
 2081 0f6f 24       		.uleb128 0x24
 2082 0f70 47040000 		.4byte	.LASF192
 2083 0f74 14       		.byte	0x14
 2084 0f75 79       		.byte	0x79
 2085 0f76 0A       		.byte	0xa
 2086 0f77 AA0E0000 		.4byte	0xeaa
 2087 0f7b 24       		.uleb128 0x24
 2088 0f7c 5F020000 		.4byte	.LASF193
 2089 0f80 14       		.byte	0x14
 2090 0f81 7A       		.byte	0x7a
 2091 0f82 11       		.byte	0x11
 2092 0f83 AD0F0000 		.4byte	0xfad
 2093 0f87 24       		.uleb128 0x24
 2094 0f88 4C040000 		.4byte	.LASF196
 2095 0f8c 14       		.byte	0x14
 2096 0f8d 7B       		.byte	0x7b
 2097 0f8e 0B       		.byte	0xb
 2098 0f8f BB0E0000 		.4byte	0xebb
 2099 0f93 24       		.uleb128 0x24
 2100 0f94 A5010000 		.4byte	.LASF197
 2101 0f98 14       		.byte	0x14
 2102 0f99 7C       		.byte	0x7c
 2103 0f9a 0A       		.byte	0xa
 2104 0f9b 9E0E0000 		.4byte	0xe9e
 2105 0f9f 27       		.uleb128 0x27
 2106 0fa0 26       		.uleb128 0x26
 2107 0fa1 696900   		.ascii	"ii\000"
 2108 0fa4 14       		.byte	0x14
 2109 0fa5 83       		.byte	0x83
ARM GAS  /tmp/cczJJwGy.s 			page 38


 2110 0fa6 05       		.byte	0x5
 2111 0fa7 66000000 		.4byte	0x66
 2112 0fab 00       		.byte	0
 2113 0fac 00       		.byte	0
 2114 0fad 0D       		.uleb128 0xd
 2115 0fae 04       		.byte	0x4
 2116 0faf B60E0000 		.4byte	0xeb6
 2117 0fb3 23       		.uleb128 0x23
 2118 0fb4 29080000 		.4byte	.LASF198
 2119 0fb8 14       		.byte	0x14
 2120 0fb9 61       		.byte	0x61
 2121 0fba 09       		.byte	0x9
 2122 0fbb 060F0000 		.4byte	0xf06
 2123 0fbf 01100000 		.4byte	0x1001
 2124 0fc3 24       		.uleb128 0x24
 2125 0fc4 47040000 		.4byte	.LASF192
 2126 0fc8 14       		.byte	0x14
 2127 0fc9 62       		.byte	0x62
 2128 0fca 0A       		.byte	0xa
 2129 0fcb AA0E0000 		.4byte	0xeaa
 2130 0fcf 24       		.uleb128 0x24
 2131 0fd0 5F020000 		.4byte	.LASF193
 2132 0fd4 14       		.byte	0x14
 2133 0fd5 63       		.byte	0x63
 2134 0fd6 0B       		.byte	0xb
 2135 0fd7 C70E0000 		.4byte	0xec7
 2136 0fdb 24       		.uleb128 0x24
 2137 0fdc 4C040000 		.4byte	.LASF196
 2138 0fe0 14       		.byte	0x14
 2139 0fe1 64       		.byte	0x64
 2140 0fe2 0B       		.byte	0xb
 2141 0fe3 BB0E0000 		.4byte	0xebb
 2142 0fe7 24       		.uleb128 0x24
 2143 0fe8 A5010000 		.4byte	.LASF197
 2144 0fec 14       		.byte	0x14
 2145 0fed 65       		.byte	0x65
 2146 0fee 0A       		.byte	0xa
 2147 0fef 9E0E0000 		.4byte	0xe9e
 2148 0ff3 27       		.uleb128 0x27
 2149 0ff4 26       		.uleb128 0x26
 2150 0ff5 696900   		.ascii	"ii\000"
 2151 0ff8 14       		.byte	0x14
 2152 0ff9 6C       		.byte	0x6c
 2153 0ffa 05       		.byte	0x5
 2154 0ffb 66000000 		.4byte	0x66
 2155 0fff 00       		.byte	0
 2156 1000 00       		.byte	0
 2157 1001 23       		.uleb128 0x23
 2158 1002 3F010000 		.4byte	.LASF199
 2159 1006 14       		.byte	0x14
 2160 1007 49       		.byte	0x49
 2161 1008 09       		.byte	0x9
 2162 1009 CD0E0000 		.4byte	0xecd
 2163 100d 2A100000 		.4byte	0x102a
 2164 1011 24       		.uleb128 0x24
 2165 1012 47040000 		.4byte	.LASF192
 2166 1016 14       		.byte	0x14
ARM GAS  /tmp/cczJJwGy.s 			page 39


 2167 1017 4A       		.byte	0x4a
 2168 1018 0A       		.byte	0xa
 2169 1019 AA0E0000 		.4byte	0xeaa
 2170 101d 28       		.uleb128 0x28
 2171 101e 4C020000 		.4byte	.LASF200
 2172 1022 14       		.byte	0x14
 2173 1023 4D       		.byte	0x4d
 2174 1024 0B       		.byte	0xb
 2175 1025 CD0E0000 		.4byte	0xecd
 2176 1029 00       		.byte	0
 2177 102a 29       		.uleb128 0x29
 2178 102b EA010000 		.4byte	.LASF207
 2179 102f 14       		.byte	0x14
 2180 1030 31       		.byte	0x31
 2181 1031 09       		.byte	0x9
 2182 1032 CD0E0000 		.4byte	0xecd
 2183 1036 24       		.uleb128 0x24
 2184 1037 47040000 		.4byte	.LASF192
 2185 103b 14       		.byte	0x14
 2186 103c 32       		.byte	0x32
 2187 103d 0A       		.byte	0xa
 2188 103e AA0E0000 		.4byte	0xeaa
 2189 1042 28       		.uleb128 0x28
 2190 1043 4C020000 		.4byte	.LASF200
 2191 1047 14       		.byte	0x14
 2192 1048 35       		.byte	0x35
 2193 1049 0B       		.byte	0xb
 2194 104a CD0E0000 		.4byte	0xecd
 2195 104e 00       		.byte	0
 2196 104f 00       		.byte	0
 2197              		.section	.gnu.debuglto_.debug_abbrev,"e",%progbits
 2198              	.Ldebug_abbrev0:
 2199 0000 01       		.uleb128 0x1
 2200 0001 11       		.uleb128 0x11
 2201 0002 01       		.byte	0x1
 2202 0003 25       		.uleb128 0x25
 2203 0004 0E       		.uleb128 0xe
 2204 0005 13       		.uleb128 0x13
 2205 0006 0B       		.uleb128 0xb
 2206 0007 03       		.uleb128 0x3
 2207 0008 0E       		.uleb128 0xe
 2208 0009 1B       		.uleb128 0x1b
 2209 000a 0E       		.uleb128 0xe
 2210 000b 10       		.uleb128 0x10
 2211 000c 17       		.uleb128 0x17
 2212 000d 00       		.byte	0
 2213 000e 00       		.byte	0
 2214 000f 02       		.uleb128 0x2
 2215 0010 24       		.uleb128 0x24
 2216 0011 00       		.byte	0
 2217 0012 0B       		.uleb128 0xb
 2218 0013 0B       		.uleb128 0xb
 2219 0014 3E       		.uleb128 0x3e
 2220 0015 0B       		.uleb128 0xb
 2221 0016 03       		.uleb128 0x3
 2222 0017 08       		.uleb128 0x8
 2223 0018 00       		.byte	0
ARM GAS  /tmp/cczJJwGy.s 			page 40


 2224 0019 00       		.byte	0
 2225 001a 03       		.uleb128 0x3
 2226 001b 16       		.uleb128 0x16
 2227 001c 00       		.byte	0
 2228 001d 03       		.uleb128 0x3
 2229 001e 0E       		.uleb128 0xe
 2230 001f 3A       		.uleb128 0x3a
 2231 0020 0B       		.uleb128 0xb
 2232 0021 3B       		.uleb128 0x3b
 2233 0022 0B       		.uleb128 0xb
 2234 0023 39       		.uleb128 0x39
 2235 0024 0B       		.uleb128 0xb
 2236 0025 49       		.uleb128 0x49
 2237 0026 13       		.uleb128 0x13
 2238 0027 00       		.byte	0
 2239 0028 00       		.byte	0
 2240 0029 04       		.uleb128 0x4
 2241 002a 24       		.uleb128 0x24
 2242 002b 00       		.byte	0
 2243 002c 0B       		.uleb128 0xb
 2244 002d 0B       		.uleb128 0xb
 2245 002e 3E       		.uleb128 0x3e
 2246 002f 0B       		.uleb128 0xb
 2247 0030 03       		.uleb128 0x3
 2248 0031 0E       		.uleb128 0xe
 2249 0032 00       		.byte	0
 2250 0033 00       		.byte	0
 2251 0034 05       		.uleb128 0x5
 2252 0035 26       		.uleb128 0x26
 2253 0036 00       		.byte	0
 2254 0037 49       		.uleb128 0x49
 2255 0038 13       		.uleb128 0x13
 2256 0039 00       		.byte	0
 2257 003a 00       		.byte	0
 2258 003b 06       		.uleb128 0x6
 2259 003c 35       		.uleb128 0x35
 2260 003d 00       		.byte	0
 2261 003e 49       		.uleb128 0x49
 2262 003f 13       		.uleb128 0x13
 2263 0040 00       		.byte	0
 2264 0041 00       		.byte	0
 2265 0042 07       		.uleb128 0x7
 2266 0043 13       		.uleb128 0x13
 2267 0044 01       		.byte	0x1
 2268 0045 03       		.uleb128 0x3
 2269 0046 0E       		.uleb128 0xe
 2270 0047 0B       		.uleb128 0xb
 2271 0048 0B       		.uleb128 0xb
 2272 0049 3A       		.uleb128 0x3a
 2273 004a 0B       		.uleb128 0xb
 2274 004b 3B       		.uleb128 0x3b
 2275 004c 0B       		.uleb128 0xb
 2276 004d 39       		.uleb128 0x39
 2277 004e 0B       		.uleb128 0xb
 2278 004f 01       		.uleb128 0x1
 2279 0050 13       		.uleb128 0x13
 2280 0051 00       		.byte	0
ARM GAS  /tmp/cczJJwGy.s 			page 41


 2281 0052 00       		.byte	0
 2282 0053 08       		.uleb128 0x8
 2283 0054 0D       		.uleb128 0xd
 2284 0055 00       		.byte	0
 2285 0056 03       		.uleb128 0x3
 2286 0057 08       		.uleb128 0x8
 2287 0058 3A       		.uleb128 0x3a
 2288 0059 0B       		.uleb128 0xb
 2289 005a 3B       		.uleb128 0x3b
 2290 005b 0B       		.uleb128 0xb
 2291 005c 39       		.uleb128 0x39
 2292 005d 0B       		.uleb128 0xb
 2293 005e 49       		.uleb128 0x49
 2294 005f 13       		.uleb128 0x13
 2295 0060 38       		.uleb128 0x38
 2296 0061 0B       		.uleb128 0xb
 2297 0062 00       		.byte	0
 2298 0063 00       		.byte	0
 2299 0064 09       		.uleb128 0x9
 2300 0065 0D       		.uleb128 0xd
 2301 0066 00       		.byte	0
 2302 0067 03       		.uleb128 0x3
 2303 0068 0E       		.uleb128 0xe
 2304 0069 3A       		.uleb128 0x3a
 2305 006a 0B       		.uleb128 0xb
 2306 006b 3B       		.uleb128 0x3b
 2307 006c 0B       		.uleb128 0xb
 2308 006d 39       		.uleb128 0x39
 2309 006e 0B       		.uleb128 0xb
 2310 006f 49       		.uleb128 0x49
 2311 0070 13       		.uleb128 0x13
 2312 0071 38       		.uleb128 0x38
 2313 0072 0B       		.uleb128 0xb
 2314 0073 00       		.byte	0
 2315 0074 00       		.byte	0
 2316 0075 0A       		.uleb128 0xa
 2317 0076 0D       		.uleb128 0xd
 2318 0077 00       		.byte	0
 2319 0078 03       		.uleb128 0x3
 2320 0079 08       		.uleb128 0x8
 2321 007a 3A       		.uleb128 0x3a
 2322 007b 0B       		.uleb128 0xb
 2323 007c 3B       		.uleb128 0x3b
 2324 007d 05       		.uleb128 0x5
 2325 007e 39       		.uleb128 0x39
 2326 007f 0B       		.uleb128 0xb
 2327 0080 49       		.uleb128 0x49
 2328 0081 13       		.uleb128 0x13
 2329 0082 38       		.uleb128 0x38
 2330 0083 0B       		.uleb128 0xb
 2331 0084 00       		.byte	0
 2332 0085 00       		.byte	0
 2333 0086 0B       		.uleb128 0xb
 2334 0087 0D       		.uleb128 0xd
 2335 0088 00       		.byte	0
 2336 0089 03       		.uleb128 0x3
 2337 008a 0E       		.uleb128 0xe
ARM GAS  /tmp/cczJJwGy.s 			page 42


 2338 008b 3A       		.uleb128 0x3a
 2339 008c 0B       		.uleb128 0xb
 2340 008d 3B       		.uleb128 0x3b
 2341 008e 05       		.uleb128 0x5
 2342 008f 39       		.uleb128 0x39
 2343 0090 0B       		.uleb128 0xb
 2344 0091 49       		.uleb128 0x49
 2345 0092 13       		.uleb128 0x13
 2346 0093 38       		.uleb128 0x38
 2347 0094 0B       		.uleb128 0xb
 2348 0095 00       		.byte	0
 2349 0096 00       		.byte	0
 2350 0097 0C       		.uleb128 0xc
 2351 0098 13       		.uleb128 0x13
 2352 0099 01       		.byte	0x1
 2353 009a 03       		.uleb128 0x3
 2354 009b 0E       		.uleb128 0xe
 2355 009c 0B       		.uleb128 0xb
 2356 009d 05       		.uleb128 0x5
 2357 009e 3A       		.uleb128 0x3a
 2358 009f 0B       		.uleb128 0xb
 2359 00a0 3B       		.uleb128 0x3b
 2360 00a1 05       		.uleb128 0x5
 2361 00a2 39       		.uleb128 0x39
 2362 00a3 0B       		.uleb128 0xb
 2363 00a4 01       		.uleb128 0x1
 2364 00a5 13       		.uleb128 0x13
 2365 00a6 00       		.byte	0
 2366 00a7 00       		.byte	0
 2367 00a8 0D       		.uleb128 0xd
 2368 00a9 0F       		.uleb128 0xf
 2369 00aa 00       		.byte	0
 2370 00ab 0B       		.uleb128 0xb
 2371 00ac 0B       		.uleb128 0xb
 2372 00ad 49       		.uleb128 0x49
 2373 00ae 13       		.uleb128 0x13
 2374 00af 00       		.byte	0
 2375 00b0 00       		.byte	0
 2376 00b1 0E       		.uleb128 0xe
 2377 00b2 13       		.uleb128 0x13
 2378 00b3 01       		.byte	0x1
 2379 00b4 0B       		.uleb128 0xb
 2380 00b5 0B       		.uleb128 0xb
 2381 00b6 3A       		.uleb128 0x3a
 2382 00b7 0B       		.uleb128 0xb
 2383 00b8 3B       		.uleb128 0x3b
 2384 00b9 0B       		.uleb128 0xb
 2385 00ba 39       		.uleb128 0x39
 2386 00bb 0B       		.uleb128 0xb
 2387 00bc 01       		.uleb128 0x1
 2388 00bd 13       		.uleb128 0x13
 2389 00be 00       		.byte	0
 2390 00bf 00       		.byte	0
 2391 00c0 0F       		.uleb128 0xf
 2392 00c1 0F       		.uleb128 0xf
 2393 00c2 00       		.byte	0
 2394 00c3 0B       		.uleb128 0xb
ARM GAS  /tmp/cczJJwGy.s 			page 43


 2395 00c4 0B       		.uleb128 0xb
 2396 00c5 00       		.byte	0
 2397 00c6 00       		.byte	0
 2398 00c7 10       		.uleb128 0x10
 2399 00c8 17       		.uleb128 0x17
 2400 00c9 01       		.byte	0x1
 2401 00ca 0B       		.uleb128 0xb
 2402 00cb 0B       		.uleb128 0xb
 2403 00cc 3A       		.uleb128 0x3a
 2404 00cd 0B       		.uleb128 0xb
 2405 00ce 3B       		.uleb128 0x3b
 2406 00cf 0B       		.uleb128 0xb
 2407 00d0 39       		.uleb128 0x39
 2408 00d1 0B       		.uleb128 0xb
 2409 00d2 01       		.uleb128 0x1
 2410 00d3 13       		.uleb128 0x13
 2411 00d4 00       		.byte	0
 2412 00d5 00       		.byte	0
 2413 00d6 11       		.uleb128 0x11
 2414 00d7 0D       		.uleb128 0xd
 2415 00d8 00       		.byte	0
 2416 00d9 03       		.uleb128 0x3
 2417 00da 08       		.uleb128 0x8
 2418 00db 3A       		.uleb128 0x3a
 2419 00dc 0B       		.uleb128 0xb
 2420 00dd 3B       		.uleb128 0x3b
 2421 00de 0B       		.uleb128 0xb
 2422 00df 39       		.uleb128 0x39
 2423 00e0 0B       		.uleb128 0xb
 2424 00e1 49       		.uleb128 0x49
 2425 00e2 13       		.uleb128 0x13
 2426 00e3 00       		.byte	0
 2427 00e4 00       		.byte	0
 2428 00e5 12       		.uleb128 0x12
 2429 00e6 0D       		.uleb128 0xd
 2430 00e7 00       		.byte	0
 2431 00e8 03       		.uleb128 0x3
 2432 00e9 0E       		.uleb128 0xe
 2433 00ea 3A       		.uleb128 0x3a
 2434 00eb 0B       		.uleb128 0xb
 2435 00ec 3B       		.uleb128 0x3b
 2436 00ed 0B       		.uleb128 0xb
 2437 00ee 39       		.uleb128 0x39
 2438 00ef 0B       		.uleb128 0xb
 2439 00f0 49       		.uleb128 0x49
 2440 00f1 13       		.uleb128 0x13
 2441 00f2 00       		.byte	0
 2442 00f3 00       		.byte	0
 2443 00f4 13       		.uleb128 0x13
 2444 00f5 0D       		.uleb128 0xd
 2445 00f6 00       		.byte	0
 2446 00f7 03       		.uleb128 0x3
 2447 00f8 0E       		.uleb128 0xe
 2448 00f9 3A       		.uleb128 0x3a
 2449 00fa 0B       		.uleb128 0xb
 2450 00fb 3B       		.uleb128 0x3b
 2451 00fc 0B       		.uleb128 0xb
ARM GAS  /tmp/cczJJwGy.s 			page 44


 2452 00fd 39       		.uleb128 0x39
 2453 00fe 0B       		.uleb128 0xb
 2454 00ff 49       		.uleb128 0x49
 2455 0100 13       		.uleb128 0x13
 2456 0101 0B       		.uleb128 0xb
 2457 0102 0B       		.uleb128 0xb
 2458 0103 0D       		.uleb128 0xd
 2459 0104 0B       		.uleb128 0xb
 2460 0105 0C       		.uleb128 0xc
 2461 0106 0B       		.uleb128 0xb
 2462 0107 38       		.uleb128 0x38
 2463 0108 0B       		.uleb128 0xb
 2464 0109 00       		.byte	0
 2465 010a 00       		.byte	0
 2466 010b 14       		.uleb128 0x14
 2467 010c 13       		.uleb128 0x13
 2468 010d 01       		.byte	0x1
 2469 010e 0B       		.uleb128 0xb
 2470 010f 05       		.uleb128 0x5
 2471 0110 3A       		.uleb128 0x3a
 2472 0111 0B       		.uleb128 0xb
 2473 0112 3B       		.uleb128 0x3b
 2474 0113 0B       		.uleb128 0xb
 2475 0114 39       		.uleb128 0x39
 2476 0115 0B       		.uleb128 0xb
 2477 0116 01       		.uleb128 0x1
 2478 0117 13       		.uleb128 0x13
 2479 0118 00       		.byte	0
 2480 0119 00       		.byte	0
 2481 011a 15       		.uleb128 0x15
 2482 011b 01       		.uleb128 0x1
 2483 011c 01       		.byte	0x1
 2484 011d 49       		.uleb128 0x49
 2485 011e 13       		.uleb128 0x13
 2486 011f 01       		.uleb128 0x1
 2487 0120 13       		.uleb128 0x13
 2488 0121 00       		.byte	0
 2489 0122 00       		.byte	0
 2490 0123 16       		.uleb128 0x16
 2491 0124 21       		.uleb128 0x21
 2492 0125 00       		.byte	0
 2493 0126 49       		.uleb128 0x49
 2494 0127 13       		.uleb128 0x13
 2495 0128 2F       		.uleb128 0x2f
 2496 0129 0B       		.uleb128 0xb
 2497 012a 00       		.byte	0
 2498 012b 00       		.byte	0
 2499 012c 17       		.uleb128 0x17
 2500 012d 13       		.uleb128 0x13
 2501 012e 01       		.byte	0x1
 2502 012f 0B       		.uleb128 0xb
 2503 0130 05       		.uleb128 0x5
 2504 0131 3A       		.uleb128 0x3a
 2505 0132 0B       		.uleb128 0xb
 2506 0133 3B       		.uleb128 0x3b
 2507 0134 05       		.uleb128 0x5
 2508 0135 39       		.uleb128 0x39
ARM GAS  /tmp/cczJJwGy.s 			page 45


 2509 0136 0B       		.uleb128 0xb
 2510 0137 01       		.uleb128 0x1
 2511 0138 13       		.uleb128 0x13
 2512 0139 00       		.byte	0
 2513 013a 00       		.byte	0
 2514 013b 18       		.uleb128 0x18
 2515 013c 0D       		.uleb128 0xd
 2516 013d 00       		.byte	0
 2517 013e 03       		.uleb128 0x3
 2518 013f 0E       		.uleb128 0xe
 2519 0140 3A       		.uleb128 0x3a
 2520 0141 0B       		.uleb128 0xb
 2521 0142 3B       		.uleb128 0x3b
 2522 0143 05       		.uleb128 0x5
 2523 0144 39       		.uleb128 0x39
 2524 0145 0B       		.uleb128 0xb
 2525 0146 49       		.uleb128 0x49
 2526 0147 13       		.uleb128 0x13
 2527 0148 38       		.uleb128 0x38
 2528 0149 05       		.uleb128 0x5
 2529 014a 00       		.byte	0
 2530 014b 00       		.byte	0
 2531 014c 19       		.uleb128 0x19
 2532 014d 16       		.uleb128 0x16
 2533 014e 00       		.byte	0
 2534 014f 03       		.uleb128 0x3
 2535 0150 0E       		.uleb128 0xe
 2536 0151 3A       		.uleb128 0x3a
 2537 0152 0B       		.uleb128 0xb
 2538 0153 3B       		.uleb128 0x3b
 2539 0154 05       		.uleb128 0x5
 2540 0155 39       		.uleb128 0x39
 2541 0156 0B       		.uleb128 0xb
 2542 0157 49       		.uleb128 0x49
 2543 0158 13       		.uleb128 0x13
 2544 0159 00       		.byte	0
 2545 015a 00       		.byte	0
 2546 015b 1A       		.uleb128 0x1a
 2547 015c 13       		.uleb128 0x13
 2548 015d 01       		.byte	0x1
 2549 015e 03       		.uleb128 0x3
 2550 015f 0E       		.uleb128 0xe
 2551 0160 0B       		.uleb128 0xb
 2552 0161 0B       		.uleb128 0xb
 2553 0162 3A       		.uleb128 0x3a
 2554 0163 0B       		.uleb128 0xb
 2555 0164 3B       		.uleb128 0x3b
 2556 0165 05       		.uleb128 0x5
 2557 0166 39       		.uleb128 0x39
 2558 0167 0B       		.uleb128 0xb
 2559 0168 01       		.uleb128 0x1
 2560 0169 13       		.uleb128 0x13
 2561 016a 00       		.byte	0
 2562 016b 00       		.byte	0
 2563 016c 1B       		.uleb128 0x1b
 2564 016d 0D       		.uleb128 0xd
 2565 016e 00       		.byte	0
ARM GAS  /tmp/cczJJwGy.s 			page 46


 2566 016f 03       		.uleb128 0x3
 2567 0170 0E       		.uleb128 0xe
 2568 0171 3A       		.uleb128 0x3a
 2569 0172 0B       		.uleb128 0xb
 2570 0173 3B       		.uleb128 0x3b
 2571 0174 05       		.uleb128 0x5
 2572 0175 39       		.uleb128 0x39
 2573 0176 0B       		.uleb128 0xb
 2574 0177 49       		.uleb128 0x49
 2575 0178 13       		.uleb128 0x13
 2576 0179 00       		.byte	0
 2577 017a 00       		.byte	0
 2578 017b 1C       		.uleb128 0x1c
 2579 017c 04       		.uleb128 0x4
 2580 017d 01       		.byte	0x1
 2581 017e 3E       		.uleb128 0x3e
 2582 017f 0B       		.uleb128 0xb
 2583 0180 0B       		.uleb128 0xb
 2584 0181 0B       		.uleb128 0xb
 2585 0182 49       		.uleb128 0x49
 2586 0183 13       		.uleb128 0x13
 2587 0184 3A       		.uleb128 0x3a
 2588 0185 0B       		.uleb128 0xb
 2589 0186 3B       		.uleb128 0x3b
 2590 0187 0B       		.uleb128 0xb
 2591 0188 39       		.uleb128 0x39
 2592 0189 0B       		.uleb128 0xb
 2593 018a 01       		.uleb128 0x1
 2594 018b 13       		.uleb128 0x13
 2595 018c 00       		.byte	0
 2596 018d 00       		.byte	0
 2597 018e 1D       		.uleb128 0x1d
 2598 018f 28       		.uleb128 0x28
 2599 0190 00       		.byte	0
 2600 0191 03       		.uleb128 0x3
 2601 0192 0E       		.uleb128 0xe
 2602 0193 1C       		.uleb128 0x1c
 2603 0194 0B       		.uleb128 0xb
 2604 0195 00       		.byte	0
 2605 0196 00       		.byte	0
 2606 0197 1E       		.uleb128 0x1e
 2607 0198 15       		.uleb128 0x15
 2608 0199 01       		.byte	0x1
 2609 019a 27       		.uleb128 0x27
 2610 019b 19       		.uleb128 0x19
 2611 019c 49       		.uleb128 0x49
 2612 019d 13       		.uleb128 0x13
 2613 019e 01       		.uleb128 0x1
 2614 019f 13       		.uleb128 0x13
 2615 01a0 00       		.byte	0
 2616 01a1 00       		.byte	0
 2617 01a2 1F       		.uleb128 0x1f
 2618 01a3 05       		.uleb128 0x5
 2619 01a4 00       		.byte	0
 2620 01a5 49       		.uleb128 0x49
 2621 01a6 13       		.uleb128 0x13
 2622 01a7 00       		.byte	0
ARM GAS  /tmp/cczJJwGy.s 			page 47


 2623 01a8 00       		.byte	0
 2624 01a9 20       		.uleb128 0x20
 2625 01aa 13       		.uleb128 0x13
 2626 01ab 00       		.byte	0
 2627 01ac 03       		.uleb128 0x3
 2628 01ad 0E       		.uleb128 0xe
 2629 01ae 3C       		.uleb128 0x3c
 2630 01af 19       		.uleb128 0x19
 2631 01b0 00       		.byte	0
 2632 01b1 00       		.byte	0
 2633 01b2 21       		.uleb128 0x21
 2634 01b3 34       		.uleb128 0x34
 2635 01b4 00       		.byte	0
 2636 01b5 03       		.uleb128 0x3
 2637 01b6 0E       		.uleb128 0xe
 2638 01b7 3A       		.uleb128 0x3a
 2639 01b8 0B       		.uleb128 0xb
 2640 01b9 3B       		.uleb128 0x3b
 2641 01ba 05       		.uleb128 0x5
 2642 01bb 39       		.uleb128 0x39
 2643 01bc 0B       		.uleb128 0xb
 2644 01bd 49       		.uleb128 0x49
 2645 01be 13       		.uleb128 0x13
 2646 01bf 3F       		.uleb128 0x3f
 2647 01c0 19       		.uleb128 0x19
 2648 01c1 3C       		.uleb128 0x3c
 2649 01c2 19       		.uleb128 0x19
 2650 01c3 00       		.byte	0
 2651 01c4 00       		.byte	0
 2652 01c5 22       		.uleb128 0x22
 2653 01c6 2E       		.uleb128 0x2e
 2654 01c7 00       		.byte	0
 2655 01c8 3F       		.uleb128 0x3f
 2656 01c9 19       		.uleb128 0x19
 2657 01ca 03       		.uleb128 0x3
 2658 01cb 0E       		.uleb128 0xe
 2659 01cc 3A       		.uleb128 0x3a
 2660 01cd 0B       		.uleb128 0xb
 2661 01ce 3B       		.uleb128 0x3b
 2662 01cf 0B       		.uleb128 0xb
 2663 01d0 39       		.uleb128 0x39
 2664 01d1 0B       		.uleb128 0xb
 2665 01d2 27       		.uleb128 0x27
 2666 01d3 19       		.uleb128 0x19
 2667 01d4 49       		.uleb128 0x49
 2668 01d5 13       		.uleb128 0x13
 2669 01d6 00       		.byte	0
 2670 01d7 00       		.byte	0
 2671 01d8 23       		.uleb128 0x23
 2672 01d9 2E       		.uleb128 0x2e
 2673 01da 01       		.byte	0x1
 2674 01db 3F       		.uleb128 0x3f
 2675 01dc 19       		.uleb128 0x19
 2676 01dd 03       		.uleb128 0x3
 2677 01de 0E       		.uleb128 0xe
 2678 01df 3A       		.uleb128 0x3a
 2679 01e0 0B       		.uleb128 0xb
ARM GAS  /tmp/cczJJwGy.s 			page 48


 2680 01e1 3B       		.uleb128 0x3b
 2681 01e2 0B       		.uleb128 0xb
 2682 01e3 39       		.uleb128 0x39
 2683 01e4 0B       		.uleb128 0xb
 2684 01e5 27       		.uleb128 0x27
 2685 01e6 19       		.uleb128 0x19
 2686 01e7 49       		.uleb128 0x49
 2687 01e8 13       		.uleb128 0x13
 2688 01e9 01       		.uleb128 0x1
 2689 01ea 13       		.uleb128 0x13
 2690 01eb 00       		.byte	0
 2691 01ec 00       		.byte	0
 2692 01ed 24       		.uleb128 0x24
 2693 01ee 05       		.uleb128 0x5
 2694 01ef 00       		.byte	0
 2695 01f0 03       		.uleb128 0x3
 2696 01f1 0E       		.uleb128 0xe
 2697 01f2 3A       		.uleb128 0x3a
 2698 01f3 0B       		.uleb128 0xb
 2699 01f4 3B       		.uleb128 0x3b
 2700 01f5 0B       		.uleb128 0xb
 2701 01f6 39       		.uleb128 0x39
 2702 01f7 0B       		.uleb128 0xb
 2703 01f8 49       		.uleb128 0x49
 2704 01f9 13       		.uleb128 0x13
 2705 01fa 00       		.byte	0
 2706 01fb 00       		.byte	0
 2707 01fc 25       		.uleb128 0x25
 2708 01fd 05       		.uleb128 0x5
 2709 01fe 00       		.byte	0
 2710 01ff 03       		.uleb128 0x3
 2711 0200 08       		.uleb128 0x8
 2712 0201 3A       		.uleb128 0x3a
 2713 0202 0B       		.uleb128 0xb
 2714 0203 3B       		.uleb128 0x3b
 2715 0204 0B       		.uleb128 0xb
 2716 0205 39       		.uleb128 0x39
 2717 0206 0B       		.uleb128 0xb
 2718 0207 49       		.uleb128 0x49
 2719 0208 13       		.uleb128 0x13
 2720 0209 00       		.byte	0
 2721 020a 00       		.byte	0
 2722 020b 26       		.uleb128 0x26
 2723 020c 34       		.uleb128 0x34
 2724 020d 00       		.byte	0
 2725 020e 03       		.uleb128 0x3
 2726 020f 08       		.uleb128 0x8
 2727 0210 3A       		.uleb128 0x3a
 2728 0211 0B       		.uleb128 0xb
 2729 0212 3B       		.uleb128 0x3b
 2730 0213 0B       		.uleb128 0xb
 2731 0214 39       		.uleb128 0x39
 2732 0215 0B       		.uleb128 0xb
 2733 0216 49       		.uleb128 0x49
 2734 0217 13       		.uleb128 0x13
 2735 0218 00       		.byte	0
 2736 0219 00       		.byte	0
ARM GAS  /tmp/cczJJwGy.s 			page 49


 2737 021a 27       		.uleb128 0x27
 2738 021b 0B       		.uleb128 0xb
 2739 021c 01       		.byte	0x1
 2740 021d 00       		.byte	0
 2741 021e 00       		.byte	0
 2742 021f 28       		.uleb128 0x28
 2743 0220 34       		.uleb128 0x34
 2744 0221 00       		.byte	0
 2745 0222 03       		.uleb128 0x3
 2746 0223 0E       		.uleb128 0xe
 2747 0224 3A       		.uleb128 0x3a
 2748 0225 0B       		.uleb128 0xb
 2749 0226 3B       		.uleb128 0x3b
 2750 0227 0B       		.uleb128 0xb
 2751 0228 39       		.uleb128 0x39
 2752 0229 0B       		.uleb128 0xb
 2753 022a 49       		.uleb128 0x49
 2754 022b 13       		.uleb128 0x13
 2755 022c 00       		.byte	0
 2756 022d 00       		.byte	0
 2757 022e 29       		.uleb128 0x29
 2758 022f 2E       		.uleb128 0x2e
 2759 0230 01       		.byte	0x1
 2760 0231 3F       		.uleb128 0x3f
 2761 0232 19       		.uleb128 0x19
 2762 0233 03       		.uleb128 0x3
 2763 0234 0E       		.uleb128 0xe
 2764 0235 3A       		.uleb128 0x3a
 2765 0236 0B       		.uleb128 0xb
 2766 0237 3B       		.uleb128 0x3b
 2767 0238 0B       		.uleb128 0xb
 2768 0239 39       		.uleb128 0x39
 2769 023a 0B       		.uleb128 0xb
 2770 023b 27       		.uleb128 0x27
 2771 023c 19       		.uleb128 0x19
 2772 023d 49       		.uleb128 0x49
 2773 023e 13       		.uleb128 0x13
 2774 023f 00       		.byte	0
 2775 0240 00       		.byte	0
 2776 0241 00       		.byte	0
 2777              		.section	.gnu.debuglto_.debug_line,"e",%progbits
 2778              	.Ldebug_line0:
 2779 0000 A1020000 		.4byte	.LELT0-.LSLT0
 2780              	.LSLT0:
 2781 0004 0400     		.2byte	0x4
 2782 0006 9B020000 		.4byte	.LELTP0-.LASLTP0
 2783              	.LASLTP0:
 2784 000a 01       		.byte	0x1
 2785 000b 01       		.byte	0x1
 2786 000c 01       		.byte	0x1
 2787 000d F6       		.byte	0xf6
 2788 000e F2       		.byte	0xf2
 2789 000f 0D       		.byte	0xd
 2790 0010 00       		.byte	0
 2791 0011 01       		.byte	0x1
 2792 0012 01       		.byte	0x1
 2793 0013 01       		.byte	0x1
ARM GAS  /tmp/cczJJwGy.s 			page 50


 2794 0014 01       		.byte	0x1
 2795 0015 00       		.byte	0
 2796 0016 00       		.byte	0
 2797 0017 00       		.byte	0
 2798 0018 01       		.byte	0x1
 2799 0019 00       		.byte	0
 2800 001a 00       		.byte	0
 2801 001b 01       		.byte	0x1
 2802 001c 74686972 		.ascii	"third_party/ChibiOS/ext/fatfs/source"
 2802      645F7061 
 2802      7274792F 
 2802      43686962 
 2802      694F532F 
 2803 0040 00       		.byte	0
 2804 0041 74686972 		.ascii	"third_party/ChibiOS/os/common/ext/ST/STM32H7xx"
 2804      645F7061 
 2804      7274792F 
 2804      43686962 
 2804      694F532F 
 2805 006f 00       		.byte	0
 2806 0070 74686972 		.ascii	"third_party/ChibiOS/os/common/ports/ARM-common"
 2806      645F7061 
 2806      7274792F 
 2806      43686962 
 2806      694F532F 
 2807 009e 00       		.byte	0
 2808 009f 74686972 		.ascii	"third_party/ChibiOS/os/common/ports/ARMv7-M"
 2808      645F7061 
 2808      7274792F 
 2808      43686962 
 2808      694F532F 
 2809 00ca 00       		.byte	0
 2810 00cb 74686972 		.ascii	"third_party/ChibiOS/os/hal/include"
 2810      645F7061 
 2810      7274792F 
 2810      43686962 
 2810      694F532F 
 2811 00ed 00       		.byte	0
 2812 00ee 74686972 		.ascii	"third_party/ChibiOS/os/hal/ports/STM32/LLD/SDMMCv2"
 2812      645F7061 
 2812      7274792F 
 2812      43686962 
 2812      694F532F 
 2813 0120 00       		.byte	0
 2814 0121 74686972 		.ascii	"third_party/ChibiOS/os/rt/include"
 2814      645F7061 
 2814      7274792F 
 2814      43686962 
 2814      694F532F 
 2815 0142 00       		.byte	0
 2816 0143 74686972 		.ascii	"third_party/ChibiOS/os/various/fatfs_bindings"
 2816      645F7061 
 2816      7274792F 
 2816      43686962 
 2816      694F532F 
 2817 0170 00       		.byte	0
 2818 0171 2F757372 		.ascii	"/usr/lib/gcc/arm-none-eabi/10.3.1/include"
ARM GAS  /tmp/cczJJwGy.s 			page 51


 2818      2F6C6962 
 2818      2F676363 
 2818      2F61726D 
 2818      2D6E6F6E 
 2819 019a 00       		.byte	0
 2820 019b 00       		.byte	0
 2821 019c 73746464 		.ascii	"stddef.h\000"
 2821      65662E68 
 2821      00
 2822 01a5 09       		.uleb128 0x9
 2823 01a6 00       		.uleb128 0
 2824 01a7 00       		.uleb128 0
 2825 01a8 73746469 		.ascii	"stdint.h\000"
 2825      6E742E68 
 2825      00
 2826 01b1 09       		.uleb128 0x9
 2827 01b2 00       		.uleb128 0
 2828 01b3 00       		.uleb128 0
 2829 01b4 63687479 		.ascii	"chtypes.h\000"
 2829      7065732E 
 2829      6800
 2830 01be 03       		.uleb128 0x3
 2831 01bf 00       		.uleb128 0
 2832 01c0 00       		.uleb128 0
 2833 01c1 63686561 		.ascii	"chearly.h\000"
 2833      726C792E 
 2833      6800
 2834 01cb 07       		.uleb128 0x7
 2835 01cc 00       		.uleb128 0
 2836 01cd 00       		.uleb128 0
 2837 01ce 63686F62 		.ascii	"chobjects.h\000"
 2837      6A656374 
 2837      732E6800 
 2838 01da 07       		.uleb128 0x7
 2839 01db 00       		.uleb128 0
 2840 01dc 00       		.uleb128 0
 2841 01dd 63687266 		.ascii	"chrfcu.h\000"
 2841      63752E68 
 2841      00
 2842 01e6 07       		.uleb128 0x7
 2843 01e7 00       		.uleb128 0
 2844 01e8 00       		.uleb128 0
 2845 01e9 63686465 		.ascii	"chdebug.h\000"
 2845      6275672E 
 2845      6800
 2846 01f3 07       		.uleb128 0x7
 2847 01f4 00       		.uleb128 0
 2848 01f5 00       		.uleb128 0
 2849 01f6 63687469 		.ascii	"chtime.h\000"
 2849      6D652E68 
 2849      00
 2850 01ff 07       		.uleb128 0x7
 2851 0200 00       		.uleb128 0
 2852 0201 00       		.uleb128 0
 2853 0202 63686C69 		.ascii	"chlists.h\000"
 2853      7374732E 
 2853      6800
ARM GAS  /tmp/cczJJwGy.s 			page 52


 2854 020c 07       		.uleb128 0x7
 2855 020d 00       		.uleb128 0
 2856 020e 00       		.uleb128 0
 2857 020f 63687472 		.ascii	"chtrace.h\000"
 2857      6163652E 
 2857      6800
 2858 0219 07       		.uleb128 0x7
 2859 021a 00       		.uleb128 0
 2860 021b 00       		.uleb128 0
 2861 021c 73746D33 		.ascii	"stm32h743xx.h\000"
 2861      32683734 
 2861      3378782E 
 2861      6800
 2862 022a 02       		.uleb128 0x2
 2863 022b 00       		.uleb128 0
 2864 022c 00       		.uleb128 0
 2865 022d 6368636F 		.ascii	"chcore.h\000"
 2865      72652E68 
 2865      00
 2866 0236 04       		.uleb128 0x4
 2867 0237 00       		.uleb128 0
 2868 0238 00       		.uleb128 0
 2869 0239 63687365 		.ascii	"chsem.h\000"
 2869      6D2E6800 
 2870 0241 07       		.uleb128 0x7
 2871 0242 00       		.uleb128 0
 2872 0243 00       		.uleb128 0
 2873 0244 63686D74 		.ascii	"chmtx.h\000"
 2873      782E6800 
 2874 024c 07       		.uleb128 0x7
 2875 024d 00       		.uleb128 0
 2876 024e 00       		.uleb128 0
 2877 024f 68616C5F 		.ascii	"hal_ioblock.h\000"
 2877      696F626C 
 2877      6F636B2E 
 2877      6800
 2878 025d 05       		.uleb128 0x5
 2879 025e 00       		.uleb128 0
 2880 025f 00       		.uleb128 0
 2881 0260 68616C5F 		.ascii	"hal_sdc.h\000"
 2881      7364632E 
 2881      6800
 2882 026a 05       		.uleb128 0x5
 2883 026b 00       		.uleb128 0
 2884 026c 00       		.uleb128 0
 2885 026d 68616C5F 		.ascii	"hal_sdc_lld.h\000"
 2885      7364635F 
 2885      6C6C642E 
 2885      6800
 2886 027b 06       		.uleb128 0x6
 2887 027c 00       		.uleb128 0
 2888 027d 00       		.uleb128 0
 2889 027e 66662E68 		.ascii	"ff.h\000"
 2889      00
 2890 0283 01       		.uleb128 0x1
 2891 0284 00       		.uleb128 0
 2892 0285 00       		.uleb128 0
ARM GAS  /tmp/cczJJwGy.s 			page 53


 2893 0286 6469736B 		.ascii	"diskio.h\000"
 2893      696F2E68 
 2893      00
 2894 028f 01       		.uleb128 0x1
 2895 0290 00       		.uleb128 0
 2896 0291 00       		.uleb128 0
 2897 0292 66617466 		.ascii	"fatfs_diskio.c\000"
 2897      735F6469 
 2897      736B696F 
 2897      2E6300
 2898 02a1 08       		.uleb128 0x8
 2899 02a2 00       		.uleb128 0
 2900 02a3 00       		.uleb128 0
 2901 02a4 00       		.byte	0
 2902              	.LELTP0:
 2903              	.LELT0:
 2904              		.section	.gnu.debuglto_.debug_str,"eMS",%progbits,1
 2905              	.LASF7:
 2906 0000 6C6F6E67 		.ascii	"long int\000"
 2906      20696E74 
 2906      00
 2907              	.LASF149:
 2908 0009 424C4B5F 		.ascii	"BLK_SYNCING\000"
 2908      53594E43 
 2908      494E4700 
 2909              	.LASF29:
 2910 0015 6E616D65 		.ascii	"name\000"
 2910      00
 2911              	.LASF159:
 2912 001a 73646366 		.ascii	"sdcflags_t\000"
 2912      6C616773 
 2912      5F7400
 2913              	.LASF115:
 2914 0025 63685F72 		.ascii	"ch_registry\000"
 2914      65676973 
 2914      74727900 
 2915              	.LASF161:
 2916 0031 63617061 		.ascii	"capacity\000"
 2916      63697479 
 2916      00
 2917              	.LASF52:
 2918 003a 63685F72 		.ascii	"ch_rfcu\000"
 2918      66637500 
 2919              	.LASF32:
 2920 0042 666C6167 		.ascii	"flags\000"
 2920      7300
 2921              	.LASF59:
 2922 0048 73797374 		.ascii	"systime_t\000"
 2922      696D655F 
 2922      7400
 2923              	.LASF38:
 2924 0052 7265616C 		.ascii	"realprio\000"
 2924      7072696F 
 2924      00
 2925              	.LASF83:
 2926 005b 62756666 		.ascii	"buffer\000"
 2926      657200
ARM GAS  /tmp/cczJJwGy.s 			page 54


 2927              	.LASF81:
 2928 0062 73757370 		.ascii	"suspended\000"
 2928      656E6465 
 2928      6400
 2929              	.LASF143:
 2930 006c 424C4B5F 		.ascii	"BLK_ACTIVE\000"
 2930      41435449 
 2930      564500
 2931              	.LASF177:
 2932 0077 64697363 		.ascii	"disconnect\000"
 2932      6F6E6E65 
 2932      637400
 2933              	.LASF36:
 2934 0082 6570656E 		.ascii	"epending\000"
 2934      64696E67 
 2934      00
 2935              	.LASF0:
 2936 008b 756E7369 		.ascii	"unsigned int\000"
 2936      676E6564 
 2936      20696E74 
 2936      00
 2937              	.LASF63:
 2938 0098 6E657874 		.ascii	"next\000"
 2938      00
 2939              	.LASF12:
 2940 009d 75696E74 		.ascii	"uint32_t\000"
 2940      33325F74 
 2940      00
 2941              	.LASF151:
 2942 00a6 626C6B5F 		.ascii	"blk_size\000"
 2942      73697A65 
 2942      00
 2943              	.LASF46:
 2944 00af 636F7265 		.ascii	"core_id\000"
 2944      5F696400 
 2945              	.LASF33:
 2946 00b7 72656673 		.ascii	"refs\000"
 2946      00
 2947              	.LASF144:
 2948 00bc 424C4B5F 		.ascii	"BLK_CONNECTING\000"
 2948      434F4E4E 
 2948      45435449 
 2948      4E4700
 2949              	.LASF73:
 2950 00cb 77746F62 		.ascii	"wtobjp\000"
 2950      6A7000
 2951              	.LASF134:
 2952 00d2 6D61696E 		.ascii	"mainthread_base\000"
 2952      74687265 
 2952      61645F62 
 2952      61736500 
 2953              	.LASF44:
 2954 00e2 76746C69 		.ascii	"vtlist\000"
 2954      737400
 2955              	.LASF109:
 2956 00e9 706F7274 		.ascii	"port_context\000"
 2956      5F636F6E 
ARM GAS  /tmp/cczJJwGy.s 			page 55


 2956      74657874 
 2956      00
 2957              	.LASF130:
 2958 00f6 63685F72 		.ascii	"ch_ready_list\000"
 2958      65616479 
 2958      5F6C6973 
 2958      7400
 2959              	.LASF113:
 2960 0104 6C617374 		.ascii	"laststamp\000"
 2960      7374616D 
 2960      7000
 2961              	.LASF106:
 2962 010e 49505652 		.ascii	"IPVR\000"
 2962      00
 2963              	.LASF127:
 2964 0113 65776D61 		.ascii	"ewmask\000"
 2964      736B00
 2965              	.LASF172:
 2966 011a 53444344 		.ascii	"SDCDriverVMT\000"
 2966      72697665 
 2966      72564D54 
 2966      00
 2967              	.LASF66:
 2968 0127 70726576 		.ascii	"prev\000"
 2968      00
 2969              	.LASF62:
 2970 012c 63685F6C 		.ascii	"ch_list\000"
 2970      69737400 
 2971              	.LASF141:
 2972 0134 424C4B5F 		.ascii	"BLK_UNINIT\000"
 2972      554E494E 
 2972      495400
 2973              	.LASF199:
 2974 013f 6469736B 		.ascii	"disk_status\000"
 2974      5F737461 
 2974      74757300 
 2975              	.LASF55:
 2976 014b 63685F73 		.ascii	"ch_system_debug\000"
 2976      79737465 
 2976      6D5F6465 
 2976      62756700 
 2977              	.LASF119:
 2978 015b 6C697374 		.ascii	"list\000"
 2978      00
 2979              	.LASF71:
 2980 0160 63685F64 		.ascii	"ch_delta_list\000"
 2980      656C7461 
 2980      5F6C6973 
 2980      7400
 2981              	.LASF124:
 2982 016e 73656E74 		.ascii	"sentmsg\000"
 2982      6D736700 
 2983              	.LASF23:
 2984 0176 6576656E 		.ascii	"eventmask_t\000"
 2984      746D6173 
 2984      6B5F7400 
 2985              	.LASF80:
ARM GAS  /tmp/cczJJwGy.s 			page 56


 2986 0182 74726163 		.ascii	"trace_event_t\000"
 2986      655F6576 
 2986      656E745F 
 2986      7400
 2987              	.LASF128:
 2988 0190 63685F73 		.ascii	"ch_semaphore\000"
 2988      656D6170 
 2988      686F7265 
 2988      00
 2989              	.LASF21:
 2990 019d 74707269 		.ascii	"tprio_t\000"
 2990      6F5F7400 
 2991              	.LASF197:
 2992 01a5 636F756E 		.ascii	"count\000"
 2992      7400
 2993              	.LASF184:
 2994 01ab 44574F52 		.ascii	"DWORD\000"
 2994      4400
 2995              	.LASF75:
 2996 01b1 68616C74 		.ascii	"halt\000"
 2996      00
 2997              	.LASF15:
 2998 01b6 6C6F6E67 		.ascii	"long long unsigned int\000"
 2998      206C6F6E 
 2998      6720756E 
 2998      7369676E 
 2998      65642069 
 2999              	.LASF162:
 3000 01cd 63617264 		.ascii	"cardmode\000"
 3000      6D6F6465 
 3000      00
 3001              	.LASF74:
 3002 01d6 72656173 		.ascii	"reason\000"
 3002      6F6E00
 3003              	.LASF50:
 3004 01dd 74726163 		.ascii	"trace_buffer\000"
 3004      655F6275 
 3004      66666572 
 3004      00
 3005              	.LASF207:
 3006 01ea 6469736B 		.ascii	"disk_initialize\000"
 3006      5F696E69 
 3006      7469616C 
 3006      697A6500 
 3007              	.LASF163:
 3008 01fa 6572726F 		.ascii	"errors\000"
 3008      727300
 3009              	.LASF120:
 3010 0201 70717565 		.ascii	"pqueue\000"
 3010      756500
 3011              	.LASF24:
 3012 0208 636E745F 		.ascii	"cnt_t\000"
 3012      7400
 3013              	.LASF79:
 3014 020e 74696D65 		.ascii	"time\000"
 3014      00
 3015              	.LASF28:
ARM GAS  /tmp/cczJJwGy.s 			page 57


 3016 0213 6F776E65 		.ascii	"owner\000"
 3016      7200
 3017              	.LASF135:
 3018 0219 6D61696E 		.ascii	"mainthread_end\000"
 3018      74687265 
 3018      61645F65 
 3018      6E6400
 3019              	.LASF96:
 3020 0228 4D41534B 		.ascii	"MASK\000"
 3020      00
 3021              	.LASF37:
 3022 022d 6D74786C 		.ascii	"mtxlist\000"
 3022      69737400 
 3023              	.LASF110:
 3024 0235 63685F76 		.ascii	"ch_virtual_timers_list\000"
 3024      69727475 
 3024      616C5F74 
 3024      696D6572 
 3024      735F6C69 
 3025              	.LASF200:
 3026 024c 73746174 		.ascii	"stat\000"
 3026      00
 3027              	.LASF47:
 3028 0251 72666375 		.ascii	"rfcu\000"
 3028      00
 3029              	.LASF26:
 3030 0256 74687265 		.ascii	"thread_t\000"
 3030      61645F74 
 3030      00
 3031              	.LASF193:
 3032 025f 62756666 		.ascii	"buff\000"
 3032      00
 3033              	.LASF76:
 3034 0264 75736572 		.ascii	"user\000"
 3034      00
 3035              	.LASF5:
 3036 0269 73697A65 		.ascii	"size_t\000"
 3036      5F7400
 3037              	.LASF121:
 3038 0270 7264796D 		.ascii	"rdymsg\000"
 3038      736700
 3039              	.LASF67:
 3040 0277 63685F70 		.ascii	"ch_priority_queue_t\000"
 3040      72696F72 
 3040      6974795F 
 3040      71756575 
 3040      655F7400 
 3041              	.LASF140:
 3042 028b 5F426F6F 		.ascii	"_Bool\000"
 3042      6C00
 3043              	.LASF205:
 3044 0291 53444344 		.ascii	"SDCD1\000"
 3044      3100
 3045              	.LASF153:
 3046 0297 426C6F63 		.ascii	"BlockDeviceInfo\000"
 3046      6B446576 
 3046      69636549 
ARM GAS  /tmp/cczJJwGy.s 			page 58


 3046      6E666F00 
 3047              	.LASF181:
 3048 02a7 6765745F 		.ascii	"get_info\000"
 3048      696E666F 
 3048      00
 3049              	.LASF129:
 3050 02b0 63685F6D 		.ascii	"ch_mutex\000"
 3050      75746578 
 3050      00
 3051              	.LASF99:
 3052 02b9 49444D41 		.ascii	"IDMACTRL\000"
 3052      4354524C 
 3052      00
 3053              	.LASF42:
 3054 02c2 63685F6F 		.ascii	"ch_os_instance\000"
 3054      735F696E 
 3054      7374616E 
 3054      636500
 3055              	.LASF194:
 3056 02d1 6469736B 		.ascii	"disk_ioctl\000"
 3056      5F696F63 
 3056      746C00
 3057              	.LASF137:
 3058 02dc 69646C65 		.ascii	"idlethread_end\000"
 3058      74687265 
 3058      61645F65 
 3058      6E6400
 3059              	.LASF69:
 3060 02eb 7072696F 		.ascii	"prio\000"
 3060      00
 3061              	.LASF145:
 3062 02f0 424C4B5F 		.ascii	"BLK_DISCONNECTING\000"
 3062      44495343 
 3062      4F4E4E45 
 3062      4354494E 
 3062      4700
 3063              	.LASF88:
 3064 0302 52455350 		.ascii	"RESP1\000"
 3064      3100
 3065              	.LASF89:
 3066 0308 52455350 		.ascii	"RESP2\000"
 3066      3200
 3067              	.LASF90:
 3068 030e 52455350 		.ascii	"RESP3\000"
 3068      3300
 3069              	.LASF91:
 3070 0314 52455350 		.ascii	"RESP4\000"
 3070      3400
 3071              	.LASF57:
 3072 031a 63686172 		.ascii	"char\000"
 3072      00
 3073              	.LASF70:
 3074 031f 63685F64 		.ascii	"ch_delta_list_t\000"
 3074      656C7461 
 3074      5F6C6973 
 3074      745F7400 
 3075              	.LASF51:
ARM GAS  /tmp/cczJJwGy.s 			page 59


 3076 032f 72666375 		.ascii	"rfcu_mask_t\000"
 3076      5F6D6173 
 3076      6B5F7400 
 3077              	.LASF118:
 3078 033b 74687265 		.ascii	"thread_reference_t\000"
 3078      61645F72 
 3078      65666572 
 3078      656E6365 
 3078      5F7400
 3079              	.LASF30:
 3080 034e 77616261 		.ascii	"wabase\000"
 3080      736500
 3081              	.LASF19:
 3082 0355 74737461 		.ascii	"tstate_t\000"
 3082      74655F74 
 3082      00
 3083              	.LASF27:
 3084 035e 72717565 		.ascii	"rqueue\000"
 3084      756500
 3085              	.LASF152:
 3086 0365 626C6B5F 		.ascii	"blk_num\000"
 3086      6E756D00 
 3087              	.LASF201:
 3088 036d 474E5520 		.ascii	"GNU C17 10.3.1 20210621 (release) -mcpu=cortex-m7 -"
 3088      43313720 
 3088      31302E33 
 3088      2E312032 
 3088      30323130 
 3089 03a0 6D746875 		.ascii	"mthumb -mfloat-abi=hard -mfpu=fpv5-d16 -march=armv7"
 3089      6D62202D 
 3089      6D666C6F 
 3089      61742D61 
 3089      62693D68 
 3090 03d3 652D6D2B 		.ascii	"e-m+fp.dp -ggdb -O2 -fomit-frame-pointer -falign-fu"
 3090      66702E64 
 3090      70202D67 
 3090      67646220 
 3090      2D4F3220 
 3091 0406 6E637469 		.ascii	"nctions=16 -ffunction-sections -fdata-sections -fno"
 3091      6F6E733D 
 3091      3136202D 
 3091      6666756E 
 3091      6374696F 
 3092 0439 2D636F6D 		.ascii	"-common -flto\000"
 3092      6D6F6E20 
 3092      2D666C74 
 3092      6F00
 3093              	.LASF192:
 3094 0447 70647276 		.ascii	"pdrv\000"
 3094      00
 3095              	.LASF196:
 3096 044c 73656374 		.ascii	"sector\000"
 3096      6F7200
 3097              	.LASF8:
 3098 0453 75696E74 		.ascii	"uint8_t\000"
 3098      385F7400 
 3099              	.LASF187:
ARM GAS  /tmp/cczJJwGy.s 			page 60


 3100 045b 5245535F 		.ascii	"RES_ERROR\000"
 3100      4552524F 
 3100      5200
 3101              	.LASF35:
 3102 0465 6D736771 		.ascii	"msgqueue\000"
 3102      75657565 
 3102      00
 3103              	.LASF41:
 3104 046e 63685F74 		.ascii	"ch_thread\000"
 3104      68726561 
 3104      6400
 3105              	.LASF146:
 3106 0478 424C4B5F 		.ascii	"BLK_READY\000"
 3106      52454144 
 3106      5900
 3107              	.LASF58:
 3108 0482 73797374 		.ascii	"system_debug_t\000"
 3108      656D5F64 
 3108      65627567 
 3108      5F7400
 3109              	.LASF160:
 3110 0491 53444344 		.ascii	"SDCDriver\000"
 3110      72697665 
 3110      7200
 3111              	.LASF1:
 3112 049b 6C6F6E67 		.ascii	"long long int\000"
 3112      206C6F6E 
 3112      6720696E 
 3112      7400
 3113              	.LASF150:
 3114 04a9 626C6B73 		.ascii	"blkstate_t\000"
 3114      74617465 
 3114      5F7400
 3115              	.LASF179:
 3116 04b4 77726974 		.ascii	"write\000"
 3116      6500
 3117              	.LASF191:
 3118 04ba 44524553 		.ascii	"DRESULT\000"
 3118      554C5400 
 3119              	.LASF22:
 3120 04c2 6D73675F 		.ascii	"msg_t\000"
 3120      7400
 3121              	.LASF183:
 3122 04c8 42595445 		.ascii	"BYTE\000"
 3122      00
 3123              	.LASF117:
 3124 04cd 72656769 		.ascii	"registry_t\000"
 3124      73747279 
 3124      5F7400
 3125              	.LASF173:
 3126 04d8 696E7374 		.ascii	"instance_offset\000"
 3126      616E6365 
 3126      5F6F6666 
 3126      73657400 
 3127              	.LASF142:
 3128 04e8 424C4B5F 		.ascii	"BLK_STOP\000"
 3128      53544F50 
ARM GAS  /tmp/cczJJwGy.s 			page 61


 3128      00
 3129              	.LASF95:
 3130 04f1 44434F55 		.ascii	"DCOUNT\000"
 3130      4E5400
 3131              	.LASF190:
 3132 04f8 5245535F 		.ascii	"RES_PARERR\000"
 3132      50415245 
 3132      525200
 3133              	.LASF82:
 3134 0503 73697A65 		.ascii	"size\000"
 3134      00
 3135              	.LASF203:
 3136 0508 2F686F6D 		.ascii	"/home/ian/Documents/BPRL_balance\000"
 3136      652F6961 
 3136      6E2F446F 
 3136      63756D65 
 3136      6E74732F 
 3137              	.LASF174:
 3138 0529 69735F69 		.ascii	"is_inserted\000"
 3138      6E736572 
 3138      74656400 
 3139              	.LASF53:
 3140 0535 6D61736B 		.ascii	"mask\000"
 3140      00
 3141              	.LASF104:
 3142 053a 4649464F 		.ascii	"FIFO\000"
 3142      00
 3143              	.LASF166:
 3144 053f 636C6B66 		.ascii	"clkfreq\000"
 3144      72657100 
 3145              	.LASF188:
 3146 0547 5245535F 		.ascii	"RES_WRPRT\000"
 3146      57525052 
 3146      5400
 3147              	.LASF60:
 3148 0551 73797369 		.ascii	"sysinterval_t\000"
 3148      6E746572 
 3148      76616C5F 
 3148      7400
 3149              	.LASF64:
 3150 055f 63685F71 		.ascii	"ch_queue_t\000"
 3150      75657565 
 3150      5F7400
 3151              	.LASF84:
 3152 056a 74726163 		.ascii	"trace_buffer_t\000"
 3152      655F6275 
 3152      66666572 
 3152      5F7400
 3153              	.LASF18:
 3154 0579 746D6F64 		.ascii	"tmode_t\000"
 3154      655F7400 
 3155              	.LASF155:
 3156 0581 5344435F 		.ascii	"SDC_MODE_4BIT\000"
 3156      4D4F4445 
 3156      5F344249 
 3156      5400
 3157              	.LASF2:
ARM GAS  /tmp/cczJJwGy.s 			page 62


 3158 058f 6C6F6E67 		.ascii	"long double\000"
 3158      20646F75 
 3158      626C6500 
 3159              	.LASF10:
 3160 059b 75696E74 		.ascii	"uint16_t\000"
 3160      31365F74 
 3160      00
 3161              	.LASF61:
 3162 05a4 63685F6C 		.ascii	"ch_list_t\000"
 3162      6973745F 
 3162      7400
 3163              	.LASF195:
 3164 05ae 6469736B 		.ascii	"disk_write\000"
 3164      5F777269 
 3164      746500
 3165              	.LASF48:
 3166 05b9 636F6E66 		.ascii	"config\000"
 3166      696700
 3167              	.LASF206:
 3168 05c0 6765745F 		.ascii	"get_fattime\000"
 3168      66617474 
 3168      696D6500 
 3169              	.LASF98:
 3170 05cc 52455345 		.ascii	"RESERVED0\000"
 3170      52564544 
 3170      3000
 3171              	.LASF103:
 3172 05d6 52455345 		.ascii	"RESERVED1\000"
 3172      52564544 
 3172      3100
 3173              	.LASF105:
 3174 05e0 52455345 		.ascii	"RESERVED2\000"
 3174      52564544 
 3174      3200
 3175              	.LASF4:
 3176 05ea 73686F72 		.ascii	"short int\000"
 3176      7420696E 
 3176      7400
 3177              	.LASF176:
 3178 05f4 636F6E6E 		.ascii	"connect\000"
 3178      65637400 
 3179              	.LASF86:
 3180 05fc 434C4B43 		.ascii	"CLKCR\000"
 3180      5200
 3181              	.LASF108:
 3182 0602 706F7274 		.ascii	"port_intctx\000"
 3182      5F696E74 
 3182      63747800 
 3183              	.LASF92:
 3184 060e 4454494D 		.ascii	"DTIMER\000"
 3184      455200
 3185              	.LASF168:
 3186 0615 626F756E 		.ascii	"bouncebuffer\000"
 3186      63656275 
 3186      66666572 
 3186      00
 3187              	.LASF97:
ARM GAS  /tmp/cczJJwGy.s 			page 63


 3188 0622 41434B54 		.ascii	"ACKTIME\000"
 3188      494D4500 
 3189              	.LASF16:
 3190 062a 706F7274 		.ascii	"port_stkalign_t\000"
 3190      5F73746B 
 3190      616C6967 
 3190      6E5F7400 
 3191              	.LASF133:
 3192 063a 63685F6F 		.ascii	"ch_os_instance_config\000"
 3192      735F696E 
 3192      7374616E 
 3192      63655F63 
 3192      6F6E6669 
 3193              	.LASF111:
 3194 0650 646C6973 		.ascii	"dlist\000"
 3194      7400
 3195              	.LASF112:
 3196 0656 6C617374 		.ascii	"lasttime\000"
 3196      74696D65 
 3196      00
 3197              	.LASF14:
 3198 065f 75696E74 		.ascii	"uint64_t\000"
 3198      36345F74 
 3198      00
 3199              	.LASF147:
 3200 0668 424C4B5F 		.ascii	"BLK_READING\000"
 3200      52454144 
 3200      494E4700 
 3201              	.LASF93:
 3202 0674 444C454E 		.ascii	"DLEN\000"
 3202      00
 3203              	.LASF43:
 3204 0679 726C6973 		.ascii	"rlist\000"
 3204      7400
 3205              	.LASF94:
 3206 067f 44435452 		.ascii	"DCTRL\000"
 3206      4C00
 3207              	.LASF138:
 3208 0685 6F735F69 		.ascii	"os_instance_config_t\000"
 3208      6E737461 
 3208      6E63655F 
 3208      636F6E66 
 3208      69675F74 
 3209              	.LASF178:
 3210 069a 72656164 		.ascii	"read\000"
 3210      00
 3211              	.LASF131:
 3212 069f 63757272 		.ascii	"current\000"
 3212      656E7400 
 3213              	.LASF182:
 3214 06a7 55494E54 		.ascii	"UINT\000"
 3214      00
 3215              	.LASF157:
 3216 06ac 73646362 		.ascii	"sdcbusmode_t\000"
 3216      75736D6F 
 3216      64655F74 
 3216      00
ARM GAS  /tmp/cczJJwGy.s 			page 64


 3217              	.LASF170:
 3218 06b9 736C6F77 		.ascii	"slowdown\000"
 3218      646F776E 
 3218      00
 3219              	.LASF85:
 3220 06c2 504F5745 		.ascii	"POWER\000"
 3220      5200
 3221              	.LASF204:
 3222 06c8 626F756E 		.ascii	"bouncebuffer_t\000"
 3222      63656275 
 3222      66666572 
 3222      5F7400
 3223              	.LASF100:
 3224 06d7 49444D41 		.ascii	"IDMABSIZE\000"
 3224      4253495A 
 3224      4500
 3225              	.LASF20:
 3226 06e1 74726566 		.ascii	"trefs_t\000"
 3226      735F7400 
 3227              	.LASF13:
 3228 06e9 6C6F6E67 		.ascii	"long unsigned int\000"
 3228      20756E73 
 3228      69676E65 
 3228      6420696E 
 3228      7400
 3229              	.LASF169:
 3230 06fb 6275735F 		.ascii	"bus_width\000"
 3230      77696474 
 3230      6800
 3231              	.LASF132:
 3232 0705 72656164 		.ascii	"ready_list_t\000"
 3232      795F6C69 
 3232      73745F74 
 3232      00
 3233              	.LASF78:
 3234 0712 72747374 		.ascii	"rtstamp\000"
 3234      616D7000 
 3235              	.LASF116:
 3236 071a 71756575 		.ascii	"queue\000"
 3236      6500
 3237              	.LASF180:
 3238 0720 73796E63 		.ascii	"sync\000"
 3238      00
 3239              	.LASF6:
 3240 0725 696E7433 		.ascii	"int32_t\000"
 3240      325F7400 
 3241              	.LASF54:
 3242 072d 72666375 		.ascii	"rfcu_t\000"
 3242      5F7400
 3243              	.LASF164:
 3244 0734 74687265 		.ascii	"thread\000"
 3244      616400
 3245              	.LASF125:
 3246 073b 77747365 		.ascii	"wtsemp\000"
 3246      6D7000
 3247              	.LASF68:
 3248 0742 63685F70 		.ascii	"ch_priority_queue\000"
ARM GAS  /tmp/cczJJwGy.s 			page 65


 3248      72696F72 
 3248      6974795F 
 3248      71756575 
 3248      6500
 3249              	.LASF65:
 3250 0754 63685F71 		.ascii	"ch_queue\000"
 3250      75657565 
 3250      00
 3251              	.LASF139:
 3252 075d 6D757465 		.ascii	"mutex_t\000"
 3252      785F7400 
 3253              	.LASF77:
 3254 0765 74797065 		.ascii	"type\000"
 3254      00
 3255              	.LASF9:
 3256 076a 756E7369 		.ascii	"unsigned char\000"
 3256      676E6564 
 3256      20636861 
 3256      7200
 3257              	.LASF34:
 3258 0778 77616974 		.ascii	"waiting\000"
 3258      696E6700 
 3259              	.LASF114:
 3260 0780 76697274 		.ascii	"virtual_timers_list_t\000"
 3260      75616C5F 
 3260      74696D65 
 3260      72735F6C 
 3260      6973745F 
 3261              	.LASF56:
 3262 0796 70616E69 		.ascii	"panic_msg\000"
 3262      635F6D73 
 3262      6700
 3263              	.LASF148:
 3264 07a0 424C4B5F 		.ascii	"BLK_WRITING\000"
 3264      57524954 
 3264      494E4700 
 3265              	.LASF49:
 3266 07ac 6D61696E 		.ascii	"mainthread\000"
 3266      74687265 
 3266      616400
 3267              	.LASF31:
 3268 07b7 73746174 		.ascii	"state\000"
 3268      6500
 3269              	.LASF87:
 3270 07bd 52455350 		.ascii	"RESPCMD\000"
 3270      434D4400 
 3271              	.LASF40:
 3272 07c5 6F735F69 		.ascii	"os_instance_t\000"
 3272      6E737461 
 3272      6E63655F 
 3272      7400
 3273              	.LASF185:
 3274 07d3 44535441 		.ascii	"DSTATUS\000"
 3274      54555300 
 3275              	.LASF154:
 3276 07db 5344435F 		.ascii	"SDC_MODE_1BIT\000"
 3276      4D4F4445 
ARM GAS  /tmp/cczJJwGy.s 			page 66


 3276      5F314249 
 3276      5400
 3277              	.LASF45:
 3278 07e9 7265676C 		.ascii	"reglist\000"
 3278      69737400 
 3279              	.LASF186:
 3280 07f1 5245535F 		.ascii	"RES_OK\000"
 3280      4F4B00
 3281              	.LASF171:
 3282 07f8 53444343 		.ascii	"SDCConfig\000"
 3282      6F6E6669 
 3282      6700
 3283              	.LASF136:
 3284 0802 69646C65 		.ascii	"idlethread_base\000"
 3284      74687265 
 3284      61645F62 
 3284      61736500 
 3285              	.LASF189:
 3286 0812 5245535F 		.ascii	"RES_NOTRDY\000"
 3286      4E4F5452 
 3286      445900
 3287              	.LASF3:
 3288 081d 7369676E 		.ascii	"signed char\000"
 3288      65642063 
 3288      68617200 
 3289              	.LASF198:
 3290 0829 6469736B 		.ascii	"disk_read\000"
 3290      5F726561 
 3290      6400
 3291              	.LASF72:
 3292 0833 64656C74 		.ascii	"delta\000"
 3292      6100
 3293              	.LASF11:
 3294 0839 73686F72 		.ascii	"short unsigned int\000"
 3294      7420756E 
 3294      7369676E 
 3294      65642069 
 3294      6E7400
 3295              	.LASF17:
 3296 084c 73746B61 		.ascii	"stkalign_t\000"
 3296      6C69676E 
 3296      5F7400
 3297              	.LASF156:
 3298 0857 5344435F 		.ascii	"SDC_MODE_8BIT\000"
 3298      4D4F4445 
 3298      5F384249 
 3298      5400
 3299              	.LASF158:
 3300 0865 7364636D 		.ascii	"sdcmode_t\000"
 3300      6F64655F 
 3300      7400
 3301              	.LASF107:
 3302 086f 53444D4D 		.ascii	"SDMMC_TypeDef\000"
 3302      435F5479 
 3302      70654465 
 3302      6600
 3303              	.LASF202:
ARM GAS  /tmp/cczJJwGy.s 			page 67


 3304 087d 74686972 		.ascii	"third_party/ChibiOS/os/various/fatfs_bindings/fatfs"
 3304      645F7061 
 3304      7274792F 
 3304      43686962 
 3304      694F532F 
 3305 08b0 5F646973 		.ascii	"_diskio.c\000"
 3305      6B696F2E 
 3305      6300
 3306              	.LASF165:
 3307 08ba 73646D6D 		.ascii	"sdmmc\000"
 3307      6300
 3308              	.LASF175:
 3309 08c0 69735F70 		.ascii	"is_protected\000"
 3309      726F7465 
 3309      63746564 
 3309      00
 3310              	.LASF167:
 3311 08cd 72657370 		.ascii	"resp\000"
 3311      00
 3312              	.LASF101:
 3313 08d2 49444D41 		.ascii	"IDMABASE0\000"
 3313      42415345 
 3313      3000
 3314              	.LASF102:
 3315 08dc 49444D41 		.ascii	"IDMABASE1\000"
 3315      42415345 
 3315      3100
 3316              	.LASF123:
 3317 08e6 77747472 		.ascii	"wttrp\000"
 3317      7000
 3318              	.LASF126:
 3319 08ec 77746D74 		.ascii	"wtmtxp\000"
 3319      787000
 3320              	.LASF122:
 3321 08f3 65786974 		.ascii	"exitcode\000"
 3321      636F6465 
 3321      00
 3322              	.LASF25:
 3323 08fc 636F7265 		.ascii	"core_id_t\000"
 3323      5F69645F 
 3323      7400
 3324              	.LASF39:
 3325 0906 6D706F6F 		.ascii	"mpool\000"
 3325      6C00
 3326              		.text
 3327              		.section	.gnu.lto_.profile.8b305d42240ad5ab,"e",%progbits
 3328 0000 789CE361 		.ascii	"x\234\343a\000\002V\006\006&\006f\006\026 \003\000\001"
 3328      00025606 
 3328      06260666 
 3328      06162003 
 3328      0001
 3329 0012 430020   		.ascii	"C\000 "
 3330              		.text
 3331              		.section	.gnu.lto_.icf.8b305d42240ad5ab,"e",%progbits
 3332 0000 789C7361 		.ascii	"x\234sa@\000n\206-3V\357ea\002\223\314\333g\315\270"
 3332      40006E86 
 3332      2D3356EF 
ARM GAS  /tmp/cczJJwGy.s 			page 68


 3332      65610293 
 3332      CCDB67CD 
 3333 0015 C8CAD2F9 		.ascii	"\310\312\322\371\370@'\023\353\204\376\257\313y\331"
 3333      F8402713 
 3333      EB84FEAF 
 3333      CB79D9
 3334 0024 0E1C3DB8 		.ascii	"\016\034=\270\201\221\035Lr\334\230\364\370\003\027"
 3334      81911D4C 
 3334      72DC98F4 
 3334      F80317
 3335 0033 2798E4BA 		.ascii	"'\230\344\272\332\320\371\217\235\273\377\300\225\277"
 3335      DAD0F98F 
 3335      9DBBFFC0 
 3335      95BF
 3336 0041 EC0C0051 		.ascii	"\354\014\000Qk \305"
 3336      6B20C5
 3337              		.text
 3338              		.section	.gnu.lto_.ipa_sra.8b305d42240ad5ab,"e",%progbits
 3339 0000 789C854E 		.ascii	"x\234\205NA\016\2000\010k\351\346\246\373\264\372\272"
 3339      410E8030 
 3339      086BE9E6 
 3339      A6FBB4FA 
 3339      BA
 3340 0011 3D4B3033 		.ascii	"=K03\352i$\220BK\323\216\267\032 \300bH\250(~c\264R"
 3340      EA692490 
 3340      424BD38E 
 3340      B71A20C0 
 3340      6248A828 
 3341 0029 D074CCDD 		.ascii	"\320t\314\335!\315\2674U\344`\302l\031\300\312\003\352"
 3341      21CDB734 
 3341      55E460C2 
 3341      6C19C0CA 
 3341      03EA
 3342 003b 2DFF1988 		.ascii	"-\377\031\210\307xd\204X\247\212M\237\350Y\344\351\254"
 3342      C7786484 
 3342      58A78A4D 
 3342      9FE859E4 
 3342      E9AC
 3343 004d 35B7BF00 		.ascii	"5\267\277\000\341]\004a"
 3343      E15D0461 
 3344              		.text
 3345              		.section	.gnu.lto_.inline.8b305d42240ad5ab,"e",%progbits
 3346 0000 789C5BC3 		.ascii	"x\234[\303\304\000\007\334\014\014\002\015\015\015+"
 3346      C40007DC 
 3346      0C0C020D 
 3346      0D0D2B
 3347 000f 98D31919 		.ascii	"\230\323\031\031\230@\254\007\314\251\014\014l@F\003"
 3347      9840AC07 
 3347      CCA90C0C 
 3347      6C404603 
 3348 001f 530A1303 		.ascii	"S\012\023\003H%\253 \220\000\312\022\253\220\231Ah\307"
 3348      4825AB20 
 3348      9000CA12 
 3348      AB909941 
 3348      68C7
 3349 0031 D7177B98 		.ascii	"\327\027{\2303\201\012\371\336\274x\266\2319\035M!\207"
 3349      33810AF9 
ARM GAS  /tmp/cczJJwGy.s 			page 69


 3349      DEBC78B6 
 3349      99391D4D 
 3349      2187
 3350 0043 08230303 		.ascii	"\010#\003\003\013C\2070\010\262\220\246\234\225\203"
 3350      0B438730 
 3350      08B290A6 
 3350      9C9583
 3351 0052 BF6B5DFF 		.ascii	"\277k]\377T\2603\270\347u\255\333\317\004t\006\373\224"
 3351      54B033B8 
 3351      E775ADDB 
 3351      CF047406 
 3351      FB94
 3352 0064 3BF356C1 		.ascii	";\363V\301\224\263\011\001\011 \203\215\201\035h\310"
 3352      94B30901 
 3352      0920838D 
 3352      811D68C8 
 3353 0074 06A63446 		.ascii	"\006\2464F&\206\202%\314\014\223\230\201\004#\310\323"
 3353      26868225 
 3353      CC0C9398 
 3353      810423C8 
 3353      D3
 3354 0085 8C400610 		.ascii	"\214@\006\020\000\211F\240\212:\024\353X L\006\016\220"
 3354      008946A0 
 3354      8A3A14EB 
 3354      58204C06 
 3354      0E90
 3355 0097 21DC207B 		.ascii	"!\334 {\031\330\321\014b\334\302H\272!\034\014\274\275"
 3355      19D8D10C 
 3355      62DCC248 
 3355      BA211C0C 
 3355      BCBD
 3356 00a9 ADD77F63 		.ascii	"\255\327\177c7\204\005\277!l\217\317\314\374\314\234"
 3356      378405BF 
 3356      216C8FCF 
 3356      CCFCCC9C 
 3357 00b9 CC0252C7 		.ascii	"\314\002R\307\300\312\007R\317<\301\017\0049ib*\027"
 3357      C0CA0752 
 3357      CF3CC10F 
 3357      04396962 
 3357      2A17
 3358 00cb 03DFF667 		.ascii	"\003\337\366gg~2\2472\262\"LeD\204!\210\227\013blE\262"
 3358      677E32A7 
 3358      32B2224C 
 3358      65448421 
 3358      88970B62 
 3359 00e2 8D11D3D6 		.ascii	"\215\021\323\326f\014[\025\030xfl~v\206\011h\253\003"
 3359      660C5B15 
 3359      1878666C 
 3359      7E768609 
 3359      68AB03
 3360 00f5 C85A661E 		.ascii	"\310Zf\036`\310\26000N\360\343f`\206\250\001\2454,\356"
 3360      60C8B030 
 3360      304EF0E3 
 3360      666086A8 
 3360      01A5342C 
 3361 010a 060200FC 		.ascii	"\006\002\000\374P\221\331"
 3361      5091D9
ARM GAS  /tmp/cczJJwGy.s 			page 70


 3362              		.text
 3363              		.section	.gnu.lto_.jmpfuncs.8b305d42240ad5ab,"e",%progbits
 3364 0000 789CB552 		.ascii	"x\234\265R[\016\002!\014\354\264\205]\365c\257\300-"
 3364      5B0E0221 
 3364      0CECB485 
 3364      5DF563AF 
 3364      C02D
 3365 0012 BC1DDCC1 		.ascii	"\274\035\334\3013\360\341\001\364\337\203\231`\331u"
 3365      33F0E101 
 3365      F4DF8399 
 3365      60D975
 3366 0021 7D60881F 		.ascii	"}`\210\037F\222\011\315\320\231i\032\366L\217\2633\260"
 3366      469209CD 
 3366      D099691A 
 3366      F64C8FB3 
 3366      33B0
 3367 0033 1C850817 		.ascii	"\034\205\010\027\005\031\256\245\224\011|\220,\000\226"
 3367      0519AEA5 
 3367      94097C90 
 3367      2C0096
 3368 0042 AB542E05 		.ascii	"\253T.\005\356\364\342\004\234\221\202T\305\200,l\020"
 3368      EEF4E204 
 3368      9C918254 
 3368      C5802C6C 
 3368      10
 3369 0053 838EFD76 		.ascii	"\203\216\375v\215x\276\314\001\244\221>)n\251\024t\315"
 3369      8D78BECC 
 3369      01A4913E 
 3369      296EA914 
 3369      74CD
 3370 0065 71FFCD71 		.ascii	"q\377\315q\026\223\262x\355\273ww\341\027-\321\260\026"
 3370      1693B278 
 3370      EDBB7777 
 3370      E1172DD1 
 3370      B016
 3371 0077 A35A85A9 		.ascii	"\243Z\205\251\326\257+\3626 \276O\243QZj\363f\350~7"
 3371      D6AF2BF2 
 3371      3620BE4F 
 3371      A3515A6A 
 3371      F366E87E 
 3372 008c DCCE7BAD 		.ascii	"\334\316{\255~wO\317&l\275\352\227\271\001O\030\226"
 3372      7E774FCF 
 3372      266CBDEA 
 3372      97B9014F 
 3372      1896
 3373 009e CF       		.ascii	"\317"
 3374              		.text
 3375              		.section	.gnu.lto_.pureconst.8b305d42240ad5ab,"e",%progbits
 3376 0000 789C05C1 		.ascii	"x\234\005\301\011\021\000 \014\003\301\016\034o]\240"
 3376      09110020 
 3376      0C03C10E 
 3376      1C6F5DA0 
 3377 0010 1419096A 		.ascii	"\024\031\011j\331=\021\221a\212\251\006\323\036]\014"
 3377      D93D1191 
 3377      618AA906 
 3377      D31E5D0C 
 3378 0020 31C5125B 		.ascii	"1\305\022[\344\345\003|\017\007\021"
ARM GAS  /tmp/cczJJwGy.s 			page 71


 3378      E4E5037C 
 3378      0F0711
 3379              		.text
 3380              		.section	.gnu.lto_.lto.8b305d42240ad5ab,"e",%progbits
 3381 0000 09000400 		.ascii	"\011\000\004\000\001\000\000\000"
 3381      01000000 
 3382              		.text
 3383              		.section	.gnu.lto_disk_initialize.432.8b305d42240ad5ab,"e",%progbits
 3384 0000 789C554F 		.ascii	"x\234UOMk\023Q\024\275\347\335\027-\012\256D\272\214"
 3384      4D6B1351 
 3384      14BDE7DD 
 3384      172D0AAE 
 3384      44BA8C
 3385 0013 88882E3A 		.ascii	"\210\210.:\265\335(\"\024\353RQ\364\007\204\231$\315"
 3385      B5DD2822 
 3385      14EB5251 
 3385      F4078499 
 3385      24CD
 3386 0025 3CB43325 		.ascii	"<\2643%3-t\325\027\215.\004I\322nD$\2130\330\356D\320"
 3386      332D74D5 
 3386      178D2E04 
 3386      49D26E44 
 3386      248B30D8 
 3387 003c A8BBE04F 		.ascii	"\250\273\340Op+\210\2701\015\012\301\225\210\240\367"
 3387      702B88B8 
 3387      310D0AC1 
 3387      9588A0F7 
 3388 004c 4D5AAA8F 		.ascii	"MZ\252\217\367q\357=\347\236w\356C\0205\211\350\222"
 3388      F771EF3D 
 3388      E79E77EE 
 3388      43103589 
 3388      E892
 3389 005e 1C14089B 		.ascii	"\034\024\010\233\235G\212\254\265\013\207\225jv\216"
 3389      9D478AAC 
 3389      B50B8795 
 3389      6A768E
 3390 006d 4954D4F7 		.ascii	"IT\324\367;G\363\227q<G4\032\235#y\004\332P\254\261"
 3390      3B47F397 
 3390      713C4734 
 3390      1A9D2379 
 3390      04DA50AC 
 3391 0082 812D3E3B 		.ascii	"\201->;\260\366\347\203\255\335\271\247;\003dL\324e"
 3391      B0F6E783 
 3391      ADDDB9A7 
 3391      3B03644C 
 3391      D465
 3392 0094 C23C6645 		.ascii	"\302<fE\227\23618\2403\302\030\217^\205\323\031\003"
 3392      979E3138 
 3392      A033C218 
 3392      8F5E85D3 
 3392      1903
 3393 00a6 AFB18FA3 		.ascii	"\257\261\217\243/t\324\372\305\011\317\302=\247\035"
 3393      2F74D4FA 
 3393      C509CFC2 
 3393      3DA71D
 3394 00b5 F77B3F7C 		.ascii	"\367{?|b\265h\341\315\001\373\255\030\256\275/\036\312"
 3394      62B568E1 
ARM GAS  /tmp/cczJJwGy.s 			page 72


 3394      CD01FBAD 
 3394      18AEBD2F 
 3394      1ECA
 3395 00c7 23577D27 		.ascii	"#W}'\005\331\364\342Ca`\177\377iY\373\365\304\363\363"
 3395      05D9F4E2 
 3395      4361607F 
 3395      FF6959FB 
 3395      F5C4F3F3 
 3396 00db 622D63C5 		.ascii	"b-c\305r\221\206|A\324b7\227\325\260\003\2426\253I\322"
 3396      7291867C 
 3396      41D46237 
 3396      97D5B003 
 3396      A236AB49 
 3397 00f0 906404FB 		.ascii	"\220d\004\373\345\343u'\344\242O\240]4\207\213=\326"
 3397      E5E37527 
 3397      E4A24FA0 
 3397      5D34878B 
 3397      3DD6
 3398 0102 9BECAC52 		.ascii	"\233\354\254R\276\332\314\256C\345\035\337\320\370<"
 3398      BEDACCAE 
 3398      43E51DDF 
 3398      D0F83C
 3399 0111 C629C9DB 		.ascii	"\306)\311\333vg*cvN\366\326\010\352\234\000\343\307"
 3399      76672A63 
 3399      764EF6D6 
 3399      08EA9C00 
 3399      E3C7
 3400 0123 DB430B37 		.ascii	"\333C\0137\032m\357a\242Hcp\217\321\204\312Xw\005\023"
 3400      1A6DEF61 
 3400      A2486370 
 3400      8FD184CA 
 3400      58770513 
 3401 0137 83855C5D 		.ascii	"\203\205\\]\377\353\347\336\302d\320\037P=v\335\277"
 3401      FFEBE7DE 
 3401      C264D01F 
 3401      503D76DD 
 3401      BF
 3402 0148 F23626E7 		.ascii	"\3626&\347\210\000\325}9\234r\206[\214\203\241\210N"
 3402      8800D57D 
 3402      399C7286 
 3402      5B8C83A1 
 3402      884E
 3403 015a 7A61BC5C 		.ascii	"za\274\\\365\214\037yW\343\362\352r5J\023\357\312\315"
 3403      F58C1F79 
 3403      57E3F2EA 
 3403      72354A13 
 3403      EFCACD
 3404 016d 5BD74A81 		.ascii	"[\327J\201\177\327\217\312U\272\234\206\246^)\255\370"
 3404      7FD78FCA 
 3404      55BA9C86 
 3404      A65E29AD 
 3404      F8
 3405 017e F574DD5B 		.ascii	"\365t\335[\014M`n\334\366\342\304[\363\353&^M\274%?"
 3405      0C4D606E 
 3405      DCF6E2C4 
 3405      5BF3EB26 
 3405      5E4DBC25 
ARM GAS  /tmp/cczJJwGy.s 			page 73


 3406 0193 5D4A4A81 		.ascii	"]JJ\201\211*&\252\355\247\025\223\3341\361L\231\364"
 3406      892A26AA 
 3406      EDA71593 
 3406      DC31F14C 
 3406      99F4
 3407 01a5 4AA5BE36 		.ascii	"J\245\2766\375\177q\246<;wa>\360/\222NR?\375\013\246"
 3407      FD7F71A6 
 3407      3C3B7761 
 3407      3EF02F92 
 3407      4E523FFD 
 3408 01bb 1BA8E8   		.ascii	"\033\250\350"
 3409              		.text
 3410              		.section	.gnu.lto_disk_status.433.8b305d42240ad5ab,"e",%progbits
 3411 0000 789C558F 		.ascii	"x\234U\217\317K\033Q\020\307g\336\274l\255\242\247\036"
 3411      CF4B1B51 
 3411      10C767DE 
 3411      BC6CADA2 
 3411      A71E
 3412 0012 F496524A 		.ascii	"\364\226RJ\321\203\033\352\245E\004Q\217BK\373\007\204"
 3412      D1831BEA 
 3412      A5450451 
 3412      8F424BFB 
 3412      0784
 3413 0024 DD24260F 		.ascii	"\335$&\017uW\262\253\320\223/\032=\264\224d\365T\251"
 3413      7557B2AB 
 3413      D0932F1A 
 3413      3DB49464 
 3413      F554A9
 3414 0037 39A401BD 		.ascii	"9\244\001\275\265\227\326\226B\011\010=\027\377\202"
 3414      B597D696 
 3414      4209083D 
 3414      17FF82
 3415 0046 D61E1AA5 		.ascii	"\326\036\032\245\207Pz\020\021t\336F\261}\354\356\233"
 3415      87507A10 
 3415      1174DE46 
 3415      B17DECEE 
 3415      9B
 3416 0057 1FDFF9EE 		.ascii	"\037\337\371\356g^ @\031\000F\371\305\004\340F\364\\"
 3416      675E2040 
 3416      190046F9 
 3416      C504E046 
 3416      F45C
 3417 0069 80D67AFC 		.ascii	"\200\326z\374\206\020\345\250\217\243\244\\\215z\342"
 3417      8610E5A8 
 3417      8FA3A45C 
 3417      8D7AE2
 3418 0078 9BF056DC 		.ascii	"\233\360V\334\221X\212\272\343\010aY\220\304e\334\244"
 3418      91588ABA 
 3418      E3086159 
 3418      90C465DC 
 3418      A4
 3419 0089 C1A6D627 		.ascii	"\301\246\326'k\233\257\336X[\273Ml\020@\215\000G0\305"
 3419      6B9BAFDE 
 3419      585BBB4D 
 3419      6C10408D 
 3419      004730C5 
 3420 009d C6F09A90 		.ascii	"\306\360\232\220\\\270\307\222\366\326\376zo\252A\210"
ARM GAS  /tmp/cczJJwGy.s 			page 74


 3420      5CB8C792 
 3420      F6D6FE7A 
 3420      6FAA4188 
 3421 00ad EFF14A80 		.ascii	"\357\361J\200\037X\217\371(\331\021j4\327]#\336\376"
 3421      1F588FF9 
 3421      28D9116A 
 3421      34D75D23 
 3421      DEFE
 3422 00bf B9DEFB4E 		.ascii	"\271\336\373Nw\261\033\356]\313?2s~;i\305\221\251~\342"
 3422      77B11BEE 
 3422      5DCB3F32 
 3422      737E3B69 
 3422      C591A97E 
 3423 00d4 023FF0F6 		.ascii	"\002?\360\366 \321\324g\347\025\255\177\015\374\370"
 3423      20D1D467 
 3423      E715AD7F 
 3423      0DFCF8
 3424 00e3 6B315E83 		.ascii	"k1^\203\004\361\007$\362O\000*dv\323\022u\023\240J\242"
 3424      04F10724 
 3424      F24F002A 
 3424      6476D312 
 3424      7513A04A 
 3425 00f8 93943839 		.ascii	"\223\22489F}\370\371\353Mce\302/\026\034a\2715Y'\271"
 3425      467DF8F9 
 3425      EB4D6365 
 3425      C22F161C 
 3425      61B93559 
 3426 010e 418616E2 		.ascii	"A\206\026\342S%2#\"\036\371\215\245\357\337\254;\234"
 3426      53253223 
 3426      221EF98D 
 3426      A5EFDFAC 
 3426      3B9C
 3427 0120 57F52E33 		.ascii	"W\365.3\222a\271<\307(\206\270\321~\271\323\322h\266"
 3427      9261B93C 
 3427      C72886B8 
 3427      D17EB9D3 
 3427      D268B6
 3428 0133 839DCB1E 		.ascii	"\203\235\313\036;B\033\251NXF\321 Y\343\036\023&bw\371"
 3428      3B421BA9 
 3428      4E5846D1 
 3428      2059E31E 
 3428      13266277 
 3429 0148 2FD0CA78 		.ascii	"/\320\312xg\325?(\352d\246O\3431\002C\004\210\242\266"
 3429      67D53F28 
 3429      EA64A64F 
 3429      E3310243 
 3429      0488A2B6 
 3430 015c D7EA32C0 		.ascii	"\327\3522\300\025\302\353\255\000n\333\005\177>g+\307"
 3430      15C2EBAD 
 3430      006EDB05 
 3430      7F3E672B 
 3430      C7
 3431 016d B3A7FCCC 		.ascii	"\263\247\374\314\342|\316\013\003{\342\361\223\351\264"
 3431      E27CCE0B 
 3431      037BE2F1 
 3431      93E9B4
 3432 017c EBCC395E 		.ascii	"\353\3149^&\007caA\025\263\351\005\247\030>\263'\013"
ARM GAS  /tmp/cczJJwGy.s 			page 75


 3432      26076361 
 3432      4115B3E9 
 3432      05A7183E 
 3432      B3270B
 3433 018f CA558F9E 		.ascii	"\312U\217\236\332~`/9E\345/\006\366\214\023\316\004"
 3433      DA7E602F 
 3433      3945E52F 
 3433      06F68C13 
 3433      CE04
 3434 01a1 69577959 		.ascii	"iWyY\345\345\257\322\254\012f\225?\234\001\271\220-"
 3434      E5E5AFD2 
 3434      AC0A6695 
 3434      3F9C01B9 
 3434      902D
 3435 01b3 2EF5FF5F 		.ascii	".\365\377_\034\316\244\356?\030q\235\207 \203\320\011"
 3435      1CCEA4EE 
 3435      3F18719D 
 3435      872083D0 
 3435      09
 3436 01c4 2F006E5B 		.ascii	"/\000n[\252)"
 3436      AA29
 3437              		.text
 3438              		.section	.gnu.lto_disk_read.434.8b305d42240ad5ab,"e",%progbits
 3439 0000 789C5552 		.ascii	"x\234URKHTa\024>\347\377\377{g\234W\255\242E0ED\330"
 3439      4B485461 
 3439      143EE7FF 
 3439      FF7B679C 
 3439      57ADA245 
 3440 0018 C23BE4A6 		.ascii	"\302;\344\246\026\201d\313\240\350\261\226y{)gd\036"
 3440      168164CB 
 3440      A0E8B196 
 3440      797B2967 
 3440      641E
 3441 002a 422BEFF8 		.ascii	"B+\357\370\012z\340\214\026\244\224\213qPwYbVc:5\224"
 3441      0A7AE08C 
 3441      16A4948B 
 3441      71507759 
 3441      6256633A 
 3442 0040 546AD12A 		.ascii	"Tj\321*\250E/J%B*BD\262\363\337;\242]\270\227\363\177"
 3442      A8452F4A 
 3442      25422A42 
 3442      44B2F3DF 
 3442      3BA25DB8 
 3443 0057 7CDF77BE 		.ascii	"|\337w\276s\376;\307\000\256\001\300YzQ\005\354\311"
 3443      73FE3BC7 
 3443      00AE01C0 
 3443      597A5105 
 3443      ECC9
 3444 0069 5D626018 		.ascii	"]b`\030F\235\215\261\316\234g\256ol\207h\3179\307\276"
 3444      469D8DB1 
 3444      CE9C67AE 
 3444      6F6C8768 
 3444      CF39C7BE 
 3445 007d CE560B4E 		.ascii	"\316V\013N\310e\206\323h\242\0359\217\211\012\274n\267"
 3445      C86586D3 
 3445      68A21D39 
 3445      8F890ABC 
ARM GAS  /tmp/cczJJwGy.s 			page 76


 3445      6EB7
 3446 008f 140A6672 		.ascii	"\024\012fr\016\263Bhe\\(\330\312Z{yu\3110V:{\237\017"
 3446      0EB34268 
 3446      655C28D8 
 3446      CA5A7B79 
 3446      75C93056 
 3447 00a7 AAFD2325 		.ascii	"\252\375#%,p\200\001\016X\213>j\01179\362\000\354'\312"
 3447      2C708001 
 3447      0E588B3E 
 3447      6A093739 
 3447      F200EC27 
 3448 00bc F28B7297 		.ascii	"\362\213r\227\333W\340\210\343\270A\300{\304\307h\331"
 3448      DB57E088 
 3448      E3B841C0 
 3448      7BC4C768 
 3448      D9
 3449 00cd 4BB41E5E 		.ascii	"K\264\036^\340\014E\245\342\270[J\015\264\264/?wy\262"
 3449      E00C45A5 
 3449      E2B85B4A 
 3449      0DB4B42F 
 3449      3F7779B2 
 3450 00e1 C415F8C0 		.ascii	"\304\025\370\300\024\337G\234@\300\207\022\212\276\222"
 3450      14DF479C 
 3450      40C08712 
 3450      8ABE92
 3451 00f0 72DE6951 		.ascii	"r\336iQGg\333/\032\333E\201+X\334J\235$\252\022}gR\257"
 3451      4767DB2F 
 3451      1ADB4581 
 3451      2B58DC4A 
 3451      9D24AA12 
 3452 0108 545CE7CA 		.ascii	"T\\\347\312\226\253\212\217\266R\247$\024\375\346\005"
 3452      96AB8A8F 
 3452      B652A724 
 3452      14FDE605 
 3453 0118 50AD59A6 		.ascii	"P\255Y\246\011\224\272\036\224\363\354\223\322\367\203"
 3453      0994BA1E 
 3453      94F3EC93 
 3453      D2F783
 3454 0127 FA0D83BA 		.ascii	"\372\015\203\272\330\260\2649\315c\004\210\376\366\252"
 3454      D8B0B439 
 3454      CD630488 
 3454      FEF6AA
 3455 0136 66452A7C 		.ascii	"fE*|\202\321_^\002\221\200\333o\224\222\261\266\336"
 3455      82D15F5E 
 3455      029180DB 
 3455      6F9492B1 
 3455      B6DE
 3456 0148 6D18EBBB 		.ascii	"m\030\353\273>\276\266\271\021\012\334\316\350S%$_\241"
 3456      3EBEB6B9 
 3456      110ADCCE 
 3456      E8532524 
 3456      5FA1
 3457 015a 0AEC481B 		.ascii	"\012\354H\033q \205u\"\015\347B\312\002\320\315a(\363"
 3457      71208575 
 3457      220DE742 
 3457      CA02D0CD 
 3457      6128F3
ARM GAS  /tmp/cczJJwGy.s 			page 77


 3458 016d 7698A151 		.ascii	"v\230\241Q\002\310rf\0352tXB\343\323\235\231*\031p\021"
 3458      02C87266 
 3458      1D327458 
 3458      42E3D39D 
 3458      992A1970 
 3459 0182 3B16EAF3 		.ascii	";\026\352\363\334.\227\207\010\346\223\345|\242\277"
 3459      DC2E9787 
 3459      08E693E5 
 3459      7CA2BF
 3460 0191 AF8426F7 		.ascii	"\257\204&\367;f>\334\265\355\245\373\313\032#\366\002"
 3460      3B663EDC 
 3460      B5EDA5FB 
 3460      CB1A23F6 
 3460      02
 3461 01a2 77C8D12A 		.ascii	"w\310\321*\217\364\031\237a\360\003\333&\027]y\316*"
 3461      8FF4199F 
 3461      61F003DB 
 3461      26175D79 
 3461      CE2A
 3462 01b4 B7E03407 		.ascii	"\267\3404\007\356@F\345\0107osH\346v\3413\304\247\010"
 3462      EE4046E5 
 3462      08376F73 
 3462      48E676E1 
 3462      33C4A708 
 3463 01c8 3E72232B 		.ascii	">r#+7\316\340-\323\214R,\226\003d \325n\032\312\212"
 3463      37CEE02D 
 3463      D38C522C 
 3463      96036420 
 3463      D56E1ACA 
 3464 01dd 2146BFFC 		.ascii	"!F\277\374Y\003\031C]Bv\200T\313W\207\027\014\224\267"
 3464      59031943 
 3464      5D427680 
 3464      54CB5787 
 3464      170C94B7 
 3465 01f1 0FC3DC8A 		.ascii	"\017\303\334\212K\341a\031\325|\245\241g@\342y\356\314"
 3465      4BE16119 
 3465      D57CA5A1 
 3465      6740E279 
 3465      EECC
 3466 0203 73479EBB 		.ascii	"sG\236\273\012|\033\300*\012iL\377\037\237/\236\241"
 3466      0A7C1BC0 
 3466      2A0A694C 
 3466      FF1F9F2F 
 3466      9EA1
 3467 0215 F592B7B2 		.ascii	"\365\222\267\262\271\216\237\330VG\012\331u\025\025"
 3467      B98E9FD8 
 3467      56470AD9 
 3467      751515
 3468 0224 C904E47C 		.ascii	"\311\004\344|\252\270b\247\015\221\257\020`\201\202"
 3468      AAB862A7 
 3468      0D91AF10 
 3468      608182
 3469 0233 FD2D2E48 		.ascii	"\375-.H\220v\213\233\273\005\330\2435\306\233\302\232"
 3469      90768B9B 
 3469      BB05D8A3 
 3469      35C69BC2 
 3469      9A
ARM GAS  /tmp/cczJJwGy.s 			page 78


 3470 0244 EE8F69C7 		.ascii	"\356\217i\307\342\301tS8\226JjGO\236:\336\020\360\237"
 3470      E2C17453 
 3470      38964A6A 
 3470      474F9E3A 
 3470      DE10F09F 
 3471 0258 F7C78261 		.ascii	"\367\307\202a8\222j\324\023\241\206f\177\"uA\253o\324"
 3471      38926AD4 
 3471      13A18666 
 3471      7F227541 
 3471      AB6FD4
 3472 026b 03FA89D3 		.ascii	"\003\372\211\323Z<\251\265\370\023z<\235\324\"\376T"
 3472      5A3CA9B5 
 3472      F8137A3C 
 3472      9DD422FE 
 3472      54
 3473 027c 24D910D0 		.ascii	"$\331\020\320c!=\026\3358\206\364\3449=^\023\004\321"
 3473      63213D16 
 3473      DD3886F4 
 3473      E4393D5E 
 3473      1304D1
 3474 028f 1C4AB4EC 		.ascii	"\034J\264\354\374\037\254\011\372\016\036\252\015\370"
 3474      FC1FAC09 
 3474      FA0E1EAA 
 3474      0DF8
 3475 029d 0F8308A4 		.ascii	"\017\203\010\244#\0215\031\016\246\342\011%\030O\307"
 3475      23113519 
 3475      0EA6E209 
 3475      25184FC7 
 3476 02ad 524CD7FF 		.ascii	"RL\327\377\001A\242\026\237"
 3476      0141A216 
 3476      9F
 3477              		.text
 3478              		.section	.gnu.lto_disk_write.435.8b305d42240ad5ab,"e",%progbits
 3479 0000 789C5552 		.ascii	"x\234URKHTa\024>\347?\367^\307y\265\213VM\021\021\266"
 3479      4B485461 
 3479      143EE73F 
 3479      F75EC779 
 3479      B58B564D 
 3480 0017 F00EB9A9 		.ascii	"\360\016\271\251E \3312(z\254e\336^\312\031\231\207"
 3480      4520D932 
 3480      287AAC65 
 3480      DE5ECA19 
 3480      9987
 3481 0029 D06AEE98 		.ascii	"\320j\356\230\032h\341\214S\220R\026\343\244\256*\220"
 3481      1A68E18C 
 3481      53905216 
 3481      E3A4AE2A 
 3481      90
 3482 003a B287E994 		.ascii	"\262\207\351\224\224\020\271\260U\313^\204J\230\264"
 3482      9410B9B0 
 3482      55CB5E84 
 3482      4A98B4
 3483 0049 2853C1CE 		.ascii	"(S\301\316\177\357\210v\341^\316\377\361}\337\377\235"
 3483      7FEF8876 
 3483      E15ECEFF 
 3483      F17DDFFF 
 3483      9D
ARM GAS  /tmp/cczJJwGy.s 			page 79


 3484 005a 73EE9C00 		.ascii	"s\356\234\000\270\001\000\027\370E\015\260\277\320#"
 3484      B8010017 
 3484      F8450DB0 
 3484      BFD023
 3485 0069 C034CDC6 		.ascii	"\3004\315\306\032!\272\012\336\271\201\361\335\312\225"
 3485      1A21BA0A 
 3485      DEB981F1 
 3485      DDCA95
 3486 0078 826BFCFB 		.ascii	"\202k\374\373\373:\205\030\351\0258\215\026\332Y\360"
 3486      FB3A8518 
 3486      E915388D 
 3486      16DA59F0 
 3487 0088 5AA88237 		.ascii	"Z\250\2027\035\266B\305\\\301iU\010YA\212\212Y\221-"
 3487      1DB642C5 
 3487      5CC16955 
 3487      0859418A 
 3487      8A59912D 
 3488 009c 525DC534 		.ascii	"R]\3054W\273\212\253\303\332\340X\005\313\0040D\200"
 3488      57BB8AAB 
 3488      C3DAE058 
 3488      05CB0430 
 3488      4480
 3489 00ae 0DE8E72B 		.ascii	"\015\350\347+\3416!\005\341\020SV\376\316t{\374eB|\214"
 3489      E1362105 
 3489      E1105356 
 3489      FECE747B 
 3489      FC65427C 
 3490 00c3 5B047CC2 		.ascii	"[\004|\302|\214\375\334\313\264~*\223@\245Z\021\356"
 3490      7C8CFDDC 
 3490      CBB47E2A 
 3490      9340A55A 
 3490      11EE
 3491 00d5 9352136D 		.ascii	"\223R\023m\355\332p\2177\317\\\005\237Y\342\247\210"
 3491      EDDA708F 
 3491      37CF5C05 
 3491      9F59E2A7 
 3491      88
 3492 00e6 1308F85C 		.ascii	"\023\010\370\\B\261u)\247\256*u\375k\267EU\361\305N"
 3492      42B17529 
 3492      A7AE2A75 
 3492      FD6BB745 
 3492      55F1C54E 
 3493 00fa EAA48462 		.ascii	"\352\244\204bW}\222z\255J\335\230\261\251\032\276\334"
 3493      577D927A 
 3493      AD4ADD98 
 3493      B1A91ABE 
 3493      DC
 3494 010b 499D9250 		.ascii	"I\235\222P\254\350\003\320\354^\246\031\224\272~\224"
 3494      ACE803D0 
 3494      EC5EA619 
 3494      94BA7E94 
 3495 011b FD1C94D2 		.ascii	"\375\034\224\322\336\373\306-S)S\015V\266\273y\205\000"
 3495      DEFBC62D 
 3495      5329530D 
 3495      56B6BB79 
 3495      8500
 3496 012d B17B3ECD 		.ascii	"\261{>\315\252X\205\2571v\327\307 2\360\360\203Z176"
ARM GAS  /tmp/cczJJwGy.s 			page 80


 3496      AA5885AF 
 3496      3176D7C7 
 3496      2032F0F0 
 3496      835A3137 
 3497 0142 FB4CF38F 		.ascii	"\373L\363\217\357\363\220\323\203P&\207\340O\255\"\371"
 3497      EFF390D3 
 3497      83502687 
 3497      E04FAD22 
 3497      F9
 3498 0153 2A57E040 		.ascii	"*W\340@\236\210\0239\254\013\27197r\026\200>\202\221"
 3498      9E881339 
 3498      AC0BB939 
 3498      37721680 
 3498      3E8291
 3499 0166 DCC75181 		.ascii	"\334\307Q\201f\005 O\302>\344\370\260\204\346\227\315"
 3499      6605204F 
 3499      C23EE4F8 
 3499      B084E697 
 3499      CD
 3500 0177 D95A1970 		.ascii	"\331Z\031p\021;\027\232J\344\220\303C\004\353\311\023"
 3500      113B179A 
 3500      4AE490C3 
 3500      4304EBC9 
 3500      13
 3501 0188 4D0C0E54 		.ascii	"M\014\016T\320\342\376\300\334\247\274\363\000\357/"
 3501      D0E2FEC0 
 3501      DCA7BCF3 
 3501      00EF2F
 3502 0197 6F8E39CA 		.ascii	"o\2169\312\344\224\255U\037\351S|'`\031;&\027\335%\022"
 3502      E494AD55 
 3502      1FE9537C 
 3502      2760193B 
 3502      2617DD25 
 3503 01ac D52DB8AC 		.ascii	"\325-\270\254\206;Qp9F\3266Gdn7\276E|\203\340g7\266"
 3503      863B5170 
 3503      3946D636 
 3503      47646E37 
 3503      BE457C83 
 3504 01c4 F2E02CDE 		.ascii	"\362\340,\336\261\3148\305\342L\220\015\244\332\303"
 3504      B1CC38C5 
 3504      E24C900D 
 3504      A4DAC3
 3505 01d3 4DD93194 		.ascii	"M\3311\224G\337~o\200\214\241-\2418\314\252\225\353"
 3505      47DF7E6F 
 3505      808CA12D 
 3505      A138CCAA 
 3505      95EB
 3506 01e5 A30B26CA 		.ascii	"\243\013&\312\355\303(\331q9<\254\240V\252^\350\035"
 3506      EDC328D9 
 3506      71393CAC 
 3506      A056AA5E 
 3506      E81D
 3507 01f7 9278895C 		.ascii	"\222x\211\\%r\226\310]\246]\000k\250Hc\376\377hj\376"
 3507      257296C8 
 3507      5DA65D00 
 3507      6BA84863 
 3507      FEFF686A 
ARM GAS  /tmp/cczJJwGy.s 			page 81


 3508 020c 3C8F97BD 		.ascii	"<\217\227\275\325\355q\374\302\216FV\310[\327P\225L"
 3508      D5ED71FC 
 3508      C28E4656 
 3508      C85BD750 
 3508      954C
 3509 021e 40A207F3 		.ascii	"@\242\007\363\253\016\236\020\373*\012\330\240\"\226"
 3509      AB0E9E10 
 3509      FB2A0AD8 
 3509      A02296
 3510 022d E71724C8 		.ascii	"\347\027$\310\263\305\355\331\002\354\327[\022\255\021"
 3510      B3C5EDD9 
 3510      02ECD75B 
 3510      12AD11
 3511 023c DD08C4F5 		.ascii	"\335\010\304\365\223\211P\2465\022O\247\364\023g\316"
 3511      938950A6 
 3511      35124FA7 
 3511      F41367CE 
 3512 024c 9E6A0E06 		.ascii	"\236j\016\006.\005\342\241\010\034O\267\030\311ps[ "
 3512      2E05E2A1 
 3512      081C4FB7 
 3512      18C97073 
 3512      5B20
 3513 025e 99BEAC37 		.ascii	"\231\276\2547\265\030A\343\3649=\221\322\333\003I#\221"
 3513      B51841E3 
 3513      F4393D91 
 3513      D2DB0349 
 3513      2391
 3514 0270 49E9D140 		.ascii	"I\351\321@:\232j\016\032\361\260\021\217m\035\303F\352"
 3514      3A9A6A0E 
 3514      1AF1B011 
 3514      8F6D1DC3 
 3514      46EA
 3515 0282 A291A80F 		.ascii	"\242\221\250\017\201\322\026N\266\357\371\037\254\017"
 3515      81D2164E 
 3515      B6EFF91F 
 3515      AC0F
 3516 0290 F98F1C6D 		.ascii	"\371\217\034m\010\006\216\201\022\314D\243Z*\022J'\222"
 3516      08068E81 
 3516      12CC44A3 
 3516      5A2A124A 
 3516      2792
 3517 02a2 6A289189 		.ascii	"j(\221\211\247\205a\374\003\001\257\026\235"
 3517      A78561FC 
 3517      0301AF16 
 3517      9D
 3518              		.text
 3519              		.section	.gnu.lto_disk_ioctl.436.8b305d42240ad5ab,"e",%progbits
 3520 0000 789C6551 		.ascii	"x\234eQ\337K\323Q\024?\347{\357w\233\223\244\227\244"
 3520      DF4BD351 
 3520      143FE77B 
 3520      EF779B93 
 3520      A497A4
 3521 0013 27314442 		.ascii	"'1DB\037\234\344K=\004\222=EP\324\037 \373\341\346\267"
 3521      1F9CE44B 
 3521      3D04923D 
 3521      4550D41F 
 3521      20FBE1E6 
ARM GAS  /tmp/cczJJwGy.s 			page 82


 3522 0028 72936D4A 		.ascii	"r\223mJ=yGs\220TnJa\022&c\241\031\231 \375R\263\031"
 3522      3D794773 
 3522      90546E4A 
 3522      61122663 
 3522      A1199920 
 3523 0040 29A54520 		.ascii	")\245E DD\264,\260L\254\206\004J\005\353\334\273\315"
 3523      4444B42C 
 3523      B04CAC86 
 3523      044A05EB 
 3523      DCBBCD
 3524 0053 188E6DF7 		.ascii	"\030\216m\367\336\317\371\234\317\371\234s*\031\300"
 3524      DECFF99C 
 3524      CFF99C73 
 3524      2A19C0
 3525 0062 45003845 		.ascii	"E\0008E?4\003\366\304\2724\020B\324\2335-\022+yum\274"
 3525      3F3403F6 
 3525      C4BA3410 
 3525      42D49B35 
 3525      2D122B79 
 3526 0079 949F8F15 		.ascii	"\224\237\217\025\217\177yY\305\031\353\214Yo\277\031"
 3526      8F7F7959 
 3526      C519EB8C 
 3526      596FBF19 
 3527 0089 D9658AE4 		.ascii	"\331e\212\344\316p\356\344X\252rt\274\032\353\3729:"
 3527      CE70EEE4 
 3527      58AA7274 
 3527      BC1AEBFA 
 3527      393A
 3528 009b C5710615 		.ascii	"\305q\006\025`\302\320\226 B\207\306\270n\302\016\354"
 3528      60C2D096 
 3528      204287C6 
 3528      B86EC20E 
 3528      EC
 3529 00ac 65554921 		.ascii	"eUI!6;{o\3344\365\017'1A.\006\030`\035\326\222\017\270"
 3529      363B7B6F 
 3529      DC34F50F 
 3529      2731412E 
 3529      0618601D 
 3530 00c4 CE903960 		.ascii	"\316\2209`/Q\322\303\263\221\035\265\011\206x\017\363"
 3530      2F51D2C3 
 3530      B3911DB5 
 3530      0986780F 
 3530      F3
 3531 00d5 04BC4F7C 		.ascii	"\004\274O|\364\214\226I\232@\305\033\2735\033\021;%"
 3531      F48C9649 
 3531      9A40C51B 
 3531      BB351B11 
 3531      3B25
 3532 00e7 8E0FFE13 		.ascii	"\216\017\376\023\037*\342\204$\366\260\004\323\220\347"
 3532      1F2AE284 
 3532      24F6B004 
 3532      D390E7
 3533 00f6 6E0CCB65 		.ascii	"n\014\313er8\233\234\036Y\216\224D\211\313qR%O >B\300"
 3533      72389B9C 
 3533      1E598E94 
 3533      4489CB71 
 3533      52254F20 
ARM GAS  /tmp/cczJJwGy.s 			page 83


 3534 010d 290979E6 		.ascii	")\011y\346\312\224\241\254\200eK \251\\^@yTFI\344\316"
 3534      CA94A1AC 
 3534      80654B20 
 3534      A95C5E40 
 3534      79544649 
 3535 0123 F29168C8 		.ascii	"\362\221h\310\222`:>Q\"\323\210\217I$\211\000\236\305"
 3535      92603A3E 
 3535      5122D388 
 3535      8F492489 
 3535      009EC5
 3536 0136 3293BA49 		.ascii	"2\223\272I|\206\000\372\302\335E=)\376f\272\205\370"
 3536      7C8600FA 
 3536      C2DD453D 
 3536      29FE66BA 
 3536      85F8
 3537 0148 5AFD69BD 		.ascii	"Z\375i\275\270\010!\301L\214\376\200#\265\250#\3317"
 3537      B80821C1 
 3537      4C8CFE80 
 3537      23B5A823 
 3537      D937
 3538 015a 239900E8 		.ascii	"#\231\000\350f\360'\223\3110\024I\200(\323\262\217\020"
 3538      66F02793 
 3538      C9301449 
 3538      8028D3B2 
 3538      8F10
 3539 016c 3D56517C 		.ascii	"=VQ|~?_$E\3455eU\307\272\025\276ax\245!\316\2704\213"
 3539      7E3F5F24 
 3539      45E53565 
 3539      55C7BA15 
 3539      BE6178A5 
 3540 0185 B21CC84C 		.ascii	"\262\034\310Lv\205\026\251\251\3145\014-\375\262V\320"
 3540      768516A9 
 3540      A9CC350C 
 3540      2DFDB256 
 3540      D0
 3541 0196 66A26298 		.ascii	"f\242b\230l\233\245\271\334Gjl\314k\360\035\303\345"
 3541      6C9BA5B9 
 3541      DC476A6C 
 3541      CC6BF01D 
 3541      C3E5
 3542 01a8 71A65387 		.ascii	"q\246S\207\025bP\214\255u\012\332e\001\265\017CB\250"
 3542      1562508C 
 3542      AD750ADA 
 3542      6501B50F 
 3542      4342A8
 3543 01bb 6CC067A8 		.ascii	"l\300g\250\006%%\005\021\267\363\372R\022\304\2474\225"
 3543      06252505 
 3543      11B7F3FA 
 3543      5212C4A7 
 3543      3495
 3544 01cd B93C9764 		.ascii	"\271<\227d\247\267\313\346\246\214\210[\005\360\005"
 3544      A7B7CBE6 
 3544      A68C885B 
 3544      05F005
 3545 01dc A53DC75C 		.ascii	"\245=\307\\#<5\271\361\003\362\215\224\313\300*j\325"
 3545      233C35B9 
 3545      F103F28D 
ARM GAS  /tmp/cczJJwGy.s 			page 84


 3545      94CBC02A 
 3545      6AD5
 3546 01ee 54387D69 		.ascii	"T8}ihE\240\\<\014\345\344h\014\371h\264\177\320R\030"
 3546      6845A05C 
 3546      3C0CE5E4 
 3546      680CF968 
 3546      B47FD052 
 3547 0203 D2218D3C 		.ascii	"\322!\215<\3160\214d\3162@1\002\315\011V\244\352\350"
 3547      CE308C64 
 3547      CE324031 
 3547      02CD0956 
 3547      A4EAE8
 3548 0216 057596DE 		.ascii	"\005u\226\336-h\262M5\365\005\246\030&\331-\3173\352"
 3548      2D68B24D 
 3548      35F505A6 
 3548      1826D92D 
 3548      CF33EA
 3549 0229 556BEBA8 		.ascii	"Uk\353\250\305\231\014\377F&\373\240}\263\324\333M\013"
 3549      C5990CFF 
 3549      4626FBA0 
 3549      7DB3D4DB 
 3549      4D0B
 3550 023b AD892A71 		.ascii	"\255\211*q\016Y\220k\227?\256H\020_\243\236\372p\226"
 3550      0E59906B 
 3550      973FAE48 
 3550      105FA39E 
 3550      FA7096
 3551 024e F68C5935 		.ascii	"\366\214Y5\271g\200=\266f_K\223\315\260{m\207}\316\266"
 3551      B967803D 
 3551      B6665F4B 
 3551      93CDB07B 
 3551      6D877DCE 
 3552 0263 96266F30 		.ascii	"\226&o0`;t\374\304\321F\207\375\214\335\353l\202\203"
 3552      603B74FC 
 3552      C4D14687 
 3552      FD8CDDEB 
 3552      6C8283
 3553 0276 C166C3EF 		.ascii	"\301f\303\357jl\265\373\203\347l\015\315\206\3038v\322"
 3553      6A6CB5FB 
 3553      83E76C0D 
 3553      CD86C338 
 3553      76D2
 3554 0288 E60BD8DA 		.ascii	"\346\013\330\332\355~\303\327\026\260\271\355Aw\240"
 3554      ED7EC3D7 
 3554      16B0B9ED 
 3554      4177A0
 3555 0297 D161785D 		.ascii	"\321ax]\206\327\223\177\272\214\300i\303W\343\004\336"
 3555      86D7937F 
 3555      BA8CC069 
 3555      C357E304 
 3555      DE
 3556 02a8 EAF2B7EF 		.ascii	"\352\362\267\357.\004k\234\265\373\366\3279\354\007"
 3556      2E046B9C 
 3556      B5FBF6D7 
 3556      39EC07
 3557 02b7 80395B5C 		.ascii	"\2009[\\\334\321\346v3\207\313\370\007\367o8\272"
 3557      DCD1E676 
ARM GAS  /tmp/cczJJwGy.s 			page 85


 3557      3387CBF8 
 3557      07F76F38 
 3557      BA
 3558              		.text
 3559              		.section	.gnu.lto_get_fattime.437.8b305d42240ad5ab,"e",%progbits
 3560 0000 789C9BCE 		.ascii	"x\234\233\316\300\300\220\010\304j@\314\310\314\300"
 3560      C0C09008 
 3560      C46A40CC 
 3560      C8CCC0
 3561 000f 38696217 		.ascii	"8ib\027\023CCC\203\003;\023c\343\304\256\373;\266\260"
 3561      13434343 
 3561      83033B13 
 3561      63E3C4AE 
 3561      FB3BB6B0 
 3562 0023 306E6704 		.ascii	"0ng\004\01302\32431\3263Nf\236\303\3148\211y\011P1\013"
 3562      0B3032D4 
 3562      3331D633 
 3562      4E669EC3 
 3562      CC388979 
 3563 003b 94C5C8A8 		.ascii	"\224\305\310\250\240y\240\241\341G\353\344?O\031\347"
 3563      A079A0A1 
 3563      E147EBE4 
 3563      3F4F19E7 
 3564 004b AC38C0B2 		.ascii	"\2548\300\262\204\231\211a\036P\301VF\306-\214\014`"
 3564      84998961 
 3564      1E50C156 
 3564      46C62D8C 
 3564      0C60
 3565 005d C0C60012 		.ascii	"\300\306\000\022\001\331\002\304\353/\261\036h\370\363"
 3565      01D902C4 
 3565      EB2FB11E 
 3565      68F8F3
 3566 006c BFBFA1E1 		.ascii	"\277\277\241\341\354c\306^u&\006\206~f\220\255\015,"
 3566      EC63C65E 
 3566      75260686 
 3566      7E6690AD 
 3566      0D2C
 3567 007e 8C0D0718 		.ascii	"\214\015\007\030\030&03A8\215@\316+\306\206E\354\014"
 3567      18263033 
 3567      41388D40 
 3567      CE2BC686 
 3567      45EC0C
 3568 0091 9F189B16 		.ascii	"\237\030\233\026\230\202\354b\002:\246\005lf?3#B\013"
 3568      9882EC62 
 3568      023AA605 
 3568      6C663F33 
 3568      23420B
 3569 00a4 0383A27E 		.ascii	"\003\203\242~F~n\252~fb\236\276K~rinj^I\261\276S@\220"
 3569      467E6EAA 
 3569      7E66629E 
 3569      BE4B7E72 
 3569      696E6A5E 
 3570 00be 4F7C5262 		.ascii	"O|RbNb^r*\203mIFfQJ|AbQI\245\276sFfR\246\177\260~~\261"
 3570      4E625E72 
 3570      2A836D49 
 3570      4666514A 
 3570      7C416251 
ARM GAS  /tmp/cczJJwGy.s 			page 86


 3571 00df 7E596251 		.ascii	"~YbQf~i\261~ZbIZq|Rf^Jf^:\214\233\222Y\234\235\231\257"
 3571      667E69B1 
 3571      7E5A6249 
 3571      5A717C52 
 3571      665E4A66 
 3572 00fd 97CC0000 		.ascii	"\227\314\000\000r\246Zp"
 3572      72A65A70 
 3573              		.text
 3574              		.section	.gnu.lto_disk_initialize.part.0.439.8b305d42240ad5ab,"e",%progbits
 3575 0000 789C7551 		.ascii	"x\234uQ_H\024A\030\237ofv\367\274LH\020|\021\256\"\""
 3575      5F481441 
 3575      189F6F66 
 3575      76F7BC4C 
 3575      48107C11 
 3576 0017 1F5C5182 		.ascii	"\037\\Q\202|\010\244z,\212\242g\331\273So)\357\344\356"
 3576      7C08A47A 
 3576      2C8AA267 
 3576      D9BB536F 
 3576      29EFE4EE 
 3577 002b 147A72D4 		.ascii	"\024zr\324\265\242\220\273S\251\210\222\272\216\364"
 3577      B5A290BB 
 3577      53A98892 
 3577      BA8EF4
 3578 003a AD08312A 		.ascii	"\255\0101*3\321\242?TV\317>\244\020t\207\205\025\321"
 3578      33D1A23F 
 3578      5456CF3E 
 3578      A4107487 
 3578      8515D1
 3579 004d 7FEA9BD9 		.ascii	"\177\352\233\331\356\217\221\313\335\314\3167\337\357"
 3579      EE8F91CB 
 3579      DDCCCE37 
 3579      DFEF
 3580 005b DFB7D38C 		.ascii	"\337\267\323\214\020\207\020\022\306?x\010\234\365\020"
 3580      10871012 
 3580      C63F7808 
 3580      9CF510
 3581 006a 2144B361 		.ascii	"!D\263a@\245\332)\355O\235\2460\015#\013\243\265\334"
 3581      40A5DA29 
 3581      ED4F9DA6 
 3581      300D230B 
 3581      A3B5DC
 3582 007d 49552C5F 		.ascii	"IU,_Y\254\342\014FR\247\250\333\311\351\200\333\201"
 3582      59ACE20C 
 3582      4652A7A8 
 3582      DBC9E980 
 3582      DB81
 3583 008f 271F3F9E 		.ascii	"'\037?\236\252P\273\006g\012\035:\364\246\274\352\015"
 3583      AA50BB06 
 3583      670A1D3A 
 3583      F4A6BCEA 
 3583      0D
 3584 00a0 488F4119 		.ascii	"H\217A\031\327t\350\201av\201\301\266\031!\276\016\014"
 3584      D774E881 
 3584      617681C1 
 3584      B61921BE 
 3584      0E0C
 3585 00b2 671BCE8F 		.ascii	"g\033\316\217\317@\006\275\2142\002\215P\217n\210\274"
ARM GAS  /tmp/cczJJwGy.s 			page 87


 3585      CF4006BD 
 3585      8C32028D 
 3585      508F6E88 
 3585      BC
 3586 00c3 4B16EBA0 		.ascii	"K\026\353\240\3520\001xE\021\312\374d+v\254\344&B\325"
 3586      EA300178 
 3586      4511CAFC 
 3586      642B76AC 
 3586      E42642D5 
 3587 00d7 19BC9D84 		.ascii	"\031\274\235\204<\026n\"\004\332'}\265(\27228\366V\200"
 3587      3C166E22 
 3587      04DA277D 
 3587      B528BA32 
 3587      38F65680 
 3588 00eb 2C903146 		.ascii	",\2201F\324#\301\002\344\266E\022\274\233\014\235\023"
 3588      D423C102 
 3588      E4B64512 
 3588      BC9B0C9D 
 3588      13
 3589 00fc 1C45E056 		.ascii	"\034E\340V\221\3426\312\264\317\372\260GW\007yq\247"
 3589      91E236CA 
 3589      B4CFFAB0 
 3589      47570779 
 3589      71A7
 3590 010e 88C9DE70 		.ascii	"\210\311\336p1\256,\344e]\362\377\260B\221\225 \341"
 3590      31AE2CE4 
 3590      655DF2FF 
 3590      B0429195 
 3590      20E1
 3591 0120 5D802950 		.ascii	"]\200)P\231\220\223\340\217\342\031\253\327^iB\374\374"
 3591      999093E0 
 3591      8FE219AB 
 3591      D75E6942 
 3591      FCFC
 3592 0132 9D106261 		.ascii	"\235\020ba\323\006/\220\014\243\024\027\306p\341\034"
 3592      D3062F90 
 3592      0CA31417 
 3592      C670E11C 
 3593 0142 174D9360 		.ascii	"\027M\223`\305`\340Q'$\301\344\220\005G\222$3\334WF"
 3593      C560E051 
 3593      2724C1E4 
 3593      90054792 
 3593      2433DC57 
 3594 0157 72D00732 		.ascii	"r\320\0072\375\365\301\207\307O\322\322\360\322e\016"
 3594      FDF5C187 
 3594      C74FD2D2 
 3594      F0D2650E 
 3595 0167 94DE3DE9 		.ascii	"\224\336=\351&\311h\036\264\014\275\257?\354\303/\211"
 3595      26C9681E 
 3595      B40CBDAF 
 3595      3FECC32F 
 3595      89
 3596 0178 1936632D 		.ascii	"\0316c-)\306=\031f\310\354\356\263\272(\3210#\327\034"
 3596      29C63D19 
 3596      66C8ECEE 
 3596      B3BA28D1 
 3596      3023D71C 
ARM GAS  /tmp/cczJJwGy.s 			page 88


 3597 018c 88A54F55 		.ascii	"\210\245OUR\364\322vt6\304dl\267\374\245\212\274\207"
 3597      52F4D276 
 3597      7436C464 
 3597      6CB7FCA5 
 3597      8ABC87
 3598 019f BEA96C79 		.ascii	"\276\251ly\232IZy\345Qct\000my\306\231:\\\225Q\313\340"
 3598      9A495A79 
 3598      E5516374 
 3598      006D79C6 
 3598      993A5C95 
 3599 01b6 3EC01C90 		.ascii	">\300\034\220zTA\011/<\200\213J9\013Nv\316\237v\321"
 3599      7A544109 
 3599      2F3C808B 
 3599      4A390B4E 
 3599      76CE9F76 
 3600 01cb 5ED09497 		.ascii	"^\320\224\227$c\227\027?\277\244*\254X\372V\243\344"
 3600      24639717 
 3600      3FBFA42A 
 3600      AC58FA56 
 3600      A3E4
 3601 01dd 9B0AF26E 		.ascii	"\233\012\362n6^2\220f9\2654\323T\377\217\303\230\263"
 3601      365E3290 
 3601      6639B534 
 3601      D354FF8F 
 3601      C398B3
 3602 01f0 608DAE61 		.ascii	"`\215\256a\350q\251!\006O\320\220\344\225\260\2624c"
 3602      E871A921 
 3602      064FD090 
 3602      E495B0B2 
 3602      3463
 3603 0202 7F039540 		.ascii	"\177\003\225@\326!\027<E\210\243 \345\360\014!\024!"
 3603      D621173C 
 3603      4588A320 
 3603      E5F00C21 
 3603      1421
 3604 0214 2BE0F8D2 		.ascii	"+\340\370\322\214#h\255\360\363J\313\201>\205\364\300"
 3604      8C2368AD 
 3604      F0F34ACB 
 3604      813E85F4 
 3604      C0
 3605 0225 0B408719 		.ascii	"\013@\207\031\266\276\020\237K-\015T\372\357\240\301"
 3605      B6BE109F 
 3605      4B2D0D54 
 3605      FAEFA0C1 
 3606 0235 2CD0D179 		.ascii	",\320\321y\035\036\001{\23600\253\326\213>\363\363\370"
 3606      1D1E017B 
 3606      9E3030AB 
 3606      D68B3EF3 
 3606      F3F8
 3607 0247 55832EFB 		.ascii	"U\203.\373\207N\274\301\304:\206\226X\035\270\234\203"
 3607      874EBCC1 
 3607      C43A8696 
 3607      581DB89C 
 3607      83
 3608 0258 4F8D4157 		.ascii	"O\215AW\363\321\377\235\017!\037\201\246\361\373J\015"
 3608      F3D1FF9D 
 3608      0F211F81 
ARM GAS  /tmp/cczJJwGy.s 			page 89


 3608      A6F1FB4A 
 3608      0D
 3609 0269 03819C60 		.ascii	"\003\201\234`\257V)\247\225`\340\266\313@\033\315P\244"
 3609      AF5629A7 
 3609      9560E0B6 
 3609      CB401BCD 
 3609      50A4
 3610 027b A3D5B4AD 		.ascii	"\243\325\264\255\260\271'\022\350\352h\015\307c\346"
 3610      B0B92712 
 3610      E8EA680D 
 3610      C763E6
 3611 028a AE0307F7 		.ascii	"\256\003\007\367\266\370\255\243V8\320Jv\306Cv4\330"
 3611      B6F8ADA3 
 3611      5638D04A 
 3611      76C64376 
 3611      34D8
 3612 029c D26945E3 		.ascii	"\322iE\343\307\314\335!\333o\357?dFbf\267\025\265#]"
 3612      C7CCDD21 
 3612      DB6FEF3F 
 3612      64466266 
 3612      B715B523 
 3613 02b1 31B3CD8A 		.ascii	"1\263\315\212\267\305Z\374v8h\207\333\363\307\240\035"
 3613      B7C55AFC 
 3613      76386887 
 3613      DBF3C7A0 
 3613      1D
 3614 02c2 3B6247EA 		.ascii	";bG\352\002\204w\006\243\335\325\253\213u\201\372\206"
 3614      02847706 
 3614      A3DDD5AB 
 3614      8B7581FA 
 3614      86
 3615 02d3 1D8D7EAB 		.ascii	"\035\215~\253\211\360X\334\212\377\001\315\314I="
 3615      89F058DC 
 3615      8AFF01CD 
 3615      CC493D
 3616              		.text
 3617              		.section	.gnu.lto_disk_status.part.0.440.8b305d42240ad5ab,"e",%progbits
 3618 0000 789C7551 		.ascii	"x\234uQ\355KSQ\030?\277s\356\275\233K\203\204\240\217"
 3618      ED4B5351 
 3618      183FBF73 
 3618      EEBD9B4B 
 3618      8384A08F 
 3619 0014 8B88C80F 		.ascii	"\213\210\310\017n$A~\010\244\372\030\024\365\007\310"
 3619      6E24417E 
 3619      08A4FA18 
 3619      14F507C8 
 3620 0024 5ED45DCA 		.ascii	"^\324]\312M\266)\364\311\253\316\025\205\270\251\024"
 3620      4DB629F4 
 3620      C9ABCE15 
 3620      85B8A914 
 3621 0034 4A8ACD91 		.ascii	"J\212\315\221~\313\017YTV\222\2652z\263>Dd\220F\220"
 3621      7ECB0F59 
 3621      545692B5 
 3621      327AB33E 
 3621      44649046 
 3622 0049 22224110 		.ascii	"\"\"A\020\021\324s\316u/F^\266s\356y\316\363{~/wN0\226"
 3622      11D473CE 
ARM GAS  /tmp/cczJJwGy.s 			page 90


 3622      752F465E 
 3622      B673EE79 
 3622      CEF37B7E 
 3623 0062 608C85E9 		.ascii	"`\214\205\351\017'\303\025'\263,\253\316\341@\245\332"
 3623      0F27C315 
 3623      27B32CAB 
 3623      CEE140A5 
 3623      DA
 3624 0073 39EF4A5F 		.ascii	"9\357J_\342x\200\201\205\221*-\221\336\276:\266\270"
 3624      E2788081 
 3624      85912A2D 
 3624      91DEBE3A 
 3624      B6B8
 3625 0085 53131848 		.ascii	"S\023\030H_\344v\247\306\273\355\016:\271\265dz\273"
 3625      5FE476A7 
 3625      C6BBED0E 
 3625      3AB9B564 
 3625      7ABB
 3626 0097 DA755C2E 		.ascii	"\332u\\.t\030\350H\273\324\033X\273\203\013M7\320\216"
 3626      7418E848 
 3626      BBD41B58 
 3626      BB830B4D 
 3626      37D08E
 3627 00aa 7E715560 		.ascii	"~qU`\377\214e\375\354\356\037\0343\206&f\220%1#\202"
 3627      FF8C65FD 
 3627      ECEE1F1C 
 3627      33862666 
 3627      90253123 
 3628 00bf A1065E92 		.ascii	"\241\006^\222\303\344e\252X\207\252\343&\350\212\023"
 3628      C3E465AA 
 3628      5887AAE3 
 3628      26E88A13 
 3629 00cf 56F8D93E 		.ascii	"V\370\331>\352X\037\232MVx\263t}\013y0n\023\006Miw\025"
 3629      EA581F9A 
 3629      4D5678B3 
 3629      747D0B79 
 3629      306E1306 
 3630 00e7 D1AEF78C 		.ascii	"\321\256\367\214\177\263 \013l\\0\365H\264\005\271\355"
 3630      7FB3200B 
 3630      6C5C30F5 
 3630      48B405B9 
 3630      ED
 3631 00f8 951386BF 		.ascii	"\225\023\206\277$+&-'\321\340Nq\306]\"j\032vS\223\241"
 3631      242B262D 
 3631      27D1E04E 
 3631      71C65D22 
 3631      6A1A7653 
 3632 010e 0EF2E25E 		.ascii	"\016\362\342^\02148\266\001\262\211\221'\266\307\377"
 3632      113438B6 
 3632      01B28991 
 3632      27B6C7FF 
 3633 011e 6F2E8A73 		.ascii	"o.\212s\031\215\274\017LC\371\242\251\214~\234\316T"
 3633      198DBC0F 
 3633      4C43F9A2 
 3633      A98C7E9C 
 3633      CE54
 3634 0130 BDF156B7 		.ascii	"\275\361V\267\254\337\177z-k\241z\207\013,+8\247E\010"
ARM GAS  /tmp/cczJJwGy.s 			page 91


 3634      ACDF7F7A 
 3634      2D6BA17A 
 3634      870B2C2B 
 3634      38A74508 
 3635 0144 5A348D16 		.ascii	"Z4\215\026]\227`5\301AG\203\261^!\223\2664\032\222\022"
 3635      5D976035 
 3635      C1414783 
 3635      B15E2193 
 3635      B6341A92 
 3636 0159 0EFB55B0 		.ascii	"\016\373U\260\025tB\0060\331\3634y\201\227\372\2272"
 3636      15744206 
 3636      30D9F334 
 3636      798197FA 
 3636      9732
 3637 016b 57A0F81E 		.ascii	"W\240\370\036J5)\301\363\240Ut|\236\317\225\321\367"
 3637      4A3529C1 
 3637      F3A05574 
 3637      7C9ECF95 
 3637      D1F7
 3638 017d 24177BA8 		.ascii	"$\027{\250\230\262&\310\201C\332\267\237\315E\011\307"
 3638      98B226C8 
 3638      8143DAB7 
 3638      9FCD4509 
 3638      C7
 3639 018e 8C5C5760 		.ascii	"\214\\W`-\275\313qI;z\220\264\365\011i\334\256\277\247"
 3639      2DBDCB71 
 3639      493B7A90 
 3639      B4F50969 
 3639      DCAEBFA7 
 3640 01a2 FA1A3AA7 		.ascii	"\372\032:\247\227\3133B\016\226wN\225e\002\244\3149"
 3640      97CB3342 
 3640      0E96774E 
 3640      956502A4 
 3640      CC39
 3641 01b4 21D4E1BA 		.ascii	"!\324\341\272t[\206\307\300,\230\227x\210\304\205'\030"
 3641      745B86C7 
 3641      C02C9897 
 3641      7888C485 
 3641      2718
 3642 01c6 56DCCB48 		.ascii	"V\334\313H,\317\37236\332\005]\251I\011qm\361\307<W"
 3642      2CCFFA33 
 3642      36DA055D 
 3642      A9490971 
 3642      6DF1C73C 
 3643 01db 7EADA50F 		.ascii	"~\255\245\0179\345{\264\266 \300\366\247\225\204R'\223"
 3643      39E57BB4 
 3643      B620C0F6 
 3643      A7958452 
 3643      2793
 3644 01ed CB085D01 		.ascii	"\313\010]\001>\346\\\344\265 \216o!i\256T\222\300s\222"
 3644      3EE65CE4 
 3644      B5208E6F 
 3644      2169AE54 
 3644      92C07392 
 3645 0201 24074B58 		.ascii	"$\007KXYF\210\015K%\220m4\013/\010\222P\220r\274$\010"
 3645      5946880D 
 3645      4B25906D 
ARM GAS  /tmp/cczJJwGy.s 			page 92


 3645      340B2F08 
 3645      92509072 
 3646 0218 27C83A12 		.ascii	"'\310:\022\356\214\320\010\264\225\375\327\212+\201"
 3646      EE8CD008 
 3646      B495FDD7 
 3646      8A2B81
 3647 0227 4E8574E2 		.ascii	"N\205t\342\015HaVT\024\002\320$\227\016\345\377\027"
 3647      0D486156 
 3647      541402D0 
 3647      24970EE5 
 3647      FF17
 3648 0239 743C021F 		.ascii	"t<\002\037\231\012\341\031\304\253\251\0262\253w\220"
 3648      990AE119 
 3648      C4ABA916 
 3648      32AB7790 
 3649 0249 CE7C229F 		.ascii	"\316|\"\237(\2215t\365\235\377J\236\015\262-\301\006"
 3649      28913574 
 3649      F59DFF4A 
 3649      9E0DB22D 
 3649      C106
 3650 025b 3499845B 		.ascii	"4\231\204[\005a\250\204\214\177\023b\354;x\206>\262"
 3650      0561A884 
 3650      8C7F1362 
 3650      EC3B7886 
 3650      3EB2
 3651 026d 24711050 		.ascii	"$q\020Pc\324\253W\312\270z\005\354v\351h\267'\024in"
 3651      63D4AB57 
 3651      CAB87A05 
 3651      EC76E968 
 3651      B7271469 
 3652 0282 F098BEB0 		.ascii	"\360\230\276\260\347X$\320\332\334\020\216\307<GN\236"
 3652      E75824D0 
 3652      DADC108E 
 3652      C73C474E 
 3652      9E
 3653 0293 3A5EEFF7 		.ascii	":^\357\367\235\365\205\003\015\354p<dF\203\365-\276"
 3653      9DF58503 
 3653      0DEC703C 
 3653      644683F5 
 3653      2DBE
 3654 02a5 68FC9CE7 		.ascii	"h\374\234\347h\310\364\233'N{\"1O\233/jFZc\236F_\274"
 3654      68C8F49B 
 3654      274E7B22 
 3654      314F9B2F 
 3654      6A465A63 
 3655 02bd 3156EF37 		.ascii	"1V\3577\303A3\334\224?\006\315\330\0313R\035`ZK0\332"
 3655      C34133DC 
 3655      943F06CD 
 3655      D8193352 
 3655      1D605A4B 
 3656 02d3 B66B73B1 		.ascii	"\266ks\261:\340=p\250\306\357\253eZ,\356\213\377\005"
 3656      3AE03D70 
 3656      A8C6EFAB 
 3656      655A2CEE 
 3656      8BFF05
 3657 02e6 EAFA4D35 		.ascii	"\352\372M5"
 3658              		.text
ARM GAS  /tmp/cczJJwGy.s 			page 93


 3659              		.section	.gnu.lto_disk_read.part.0.441.8b305d42240ad5ab,"e",%progbits
 3660 0000 789C7553 		.ascii	"x\234uS\335oTE\034\375\235\231\271\037[\332ZMLxk5!F"
 3660      DD6F5445 
 3660      1CFD9D99 
 3660      B91F5BDA 
 3660      5A4D4C78 
 3661 0018 1FD8C6BE 		.ascii	"\037\330\306\276\200\221\204\010\217&\032\374\003\232"
 3661      80918408 
 3661      8F261AFC 
 3661      039A
 3662 0026 DD6DBBBD 		.ascii	"\335m\273\275Qv\311\356\226\304'\206\355\262\215\030"
 3662      5176C9EE 
 3662      96C42786 
 3662      EDB28D18 
 3663 0036 6017FCA2 		.ascii	"`\027\374\242\026\037n\033\300'j4|\010\350\332\212\245"
 3663      161F6E1B 
 3663      C0276A34 
 3663      7C08E8DA 
 3663      8AA5
 3664 0048 5083A891 		.ascii	"P\203\250\221\007\010!@\3702!\215\020B\014\211\376f"
 3664      07082140 
 3664      F832218D 
 3664      10420C89 
 3664      FE66
 3665 005a EE5EB64D 		.ascii	"\356^\266Mt\223\235;\367\3149\347\367\2333s\323\212"
 3665      74939D3B 
 3665      F7CC39E7 
 3665      F79B3373 
 3665      D38A
 3666 006c E82322DA 		.ascii	"\350#\"\332\301\177\370\204O}\322Z\257\367<<o\237B\214"
 3666      C17FF884 
 3666      4F7DD25A 
 3666      AFF73C3C 
 3666      6F9F428C 
 3667 0080 D63F1438 		.ascii	"\326?\0248\217\361\257o\265\253J\275\363\326\302\376"
 3667      8FF1AF6F 
 3667      B5AB4ABD 
 3667      F3D6C2FE 
 3668 0090 3E25F149 		.ascii	">%\361I}\347\355\003m\226\242\360\361W;E$sD\265\276"
 3668      7DE7ED03 
 3668      6D96A2F0 
 3668      F1573B45 
 3668      247344B5 
 3669 00a5 DBD02FCD 		.ascii	"\333\320/\315\315HU\256\257\370\362\370\351\327\225"
 3669      CD4855AE 
 3669      AFF8F2F8 
 3669      E9D795
 3670 00b4 8BEDF598 		.ascii	"\213\355\365\230\001\332\346\011\251\034\027\333\204"
 3670      01DAE609 
 3670      A91C17DB 
 3670      84
 3671 00c1 43682828 		.ascii	"Ch((;P\363\267ONH\274\334\320\372\361\216}\363\223\356"
 3671      3B50F3B7 
 3671      4F4E48BC 
 3671      DCD0FAF1 
 3671      8E7DF393 
 3672 00d6 F8E106A6 		.ascii	"\370\341\006\246$\321\027\222\320\207^\3030\213\265"
ARM GAS  /tmp/cczJJwGy.s 			page 94


 3672      24D11792 
 3672      D0875EC3 
 3672      308BB5
 3673 00e5 160E8BE3 		.ascii	"\026\016\213\343\033\020\261r\257\234bD5g\002=<\223"
 3673      1B10B172 
 3673      AF9C6244 
 3673      3567023D 
 3673      3C93
 3674 00f7 69B3F212 		.ascii	"i\263\362\022\313\026\317\337\250v\326X(q\034\306\362"
 3674      CB16CFDF 
 3674      A876D658 
 3674      28711CC6 
 3674      F2
 3675 0108 18701484 		.ascii	"\030p\024\204\023\006\312^\3506\234\332\204n\250\230"
 3675      1306CA5E 
 3675      E8369CDA 
 3675      846EA898 
 3676 0118 81650C63 		.ascii	"\201e\014c#5b\267\351\205\3211\335\305\\\205\223K\335"
 3676      233562B7 
 3676      E985D131 
 3676      DDC55C85 
 3676      934BDD
 3677 012b 4E315765 		.ascii	"N1We//u\213\030X\306\260ncO\335\026\177\236\215zs\360"
 3677      2F2F758B 
 3677      1858C6B0 
 3677      6E634FDD 
 3677      167F9E8D 
 3678 0142 DD52B7EF 		.ascii	"\335R\267\357\015\224\275\275\324-b`\031\203H\030\277"
 3678      0D94BDBD 
 3678      D42D6260 
 3678      19834818 
 3678      BF
 3679 0153 5D20DBDA 		.ascii	"] \333\332\271\331\252\356b\334\305\017\210\263\303"
 3679      B9D9AAEE 
 3679      62DCC50F 
 3679      88B3C3
 3680 0162 8C01B2B3 		.ascii	"\214\001\262\263\335\257\360I,\356:tG\303\000tHF\321"
 3680      DDAFF049 
 3680      2CEE3A74 
 3680      47C30074 
 3680      4846D1
 3681 0175 B3DE8D92 		.ascii	"\263\336\215\222\376\321v\265\312t5?Y\355\230\326~\354"
 3681      FED176B5 
 3681      CA74353F 
 3681      59ED98D6 
 3681      7EEC
 3682 0187 84D889F9 		.ascii	"\204\330\211\371.\341\014\354\0110\037\246\372\336\226"
 3682      2EE10CEC 
 3682      09301FA6 
 3682      FADE96
 3683 0196 EECA64F0 		.ascii	"\356\312d\360\231\346^=\314\265\0328\313\262\354\303"
 3683      99E65E3D 
 3683      CCB51A38 
 3683      CBB2ECC3 
 3684 01a6 6E5BC8BC 		.ascii	"n[\310\274\260\020\363\310>\350n\252j\343\272\261\275"
 3684      B010F3C8 
 3684      3EE86EAA 
ARM GAS  /tmp/cczJJwGy.s 			page 95


 3684      6AE3BAB1 
 3684      BD
 3685 01b7 8762155A 		.ascii	"\207b\025Z*S\354\034\013~2\002b@pmF\216\374\352h\375"
 3685      2A53EC1C 
 3685      0B7E3202 
 3685      6240706D 
 3685      468EFCEA 
 3686 01cd E49F3D5A 		.ascii	"\344\237=ZO\274\366l\007\014I\230A\262\211\257xH8\300"
 3686      4FBCF66C 
 3686      070C4998 
 3686      41B289AF 
 3686      784838C0 
 3687 01e1 69B8C0B7 		.ascii	"i\270\300\267\360\200\006\337\361)\331\226\340a\005"
 3687      F08006DF 
 3687      F129D996 
 3687      E06105
 3688 01f0 D11E49D3 		.ascii	"\321\036I\3237\037=1v5\351ESI\367P\306\377$d\366}\017"
 3688      371F3D31 
 3688      7635E945 
 3688      5349F750 
 3688      C6FF2464 
 3689 0207 B6F48269 		.ascii	"\266\364\202i\252&\305\374\314\2377\244U\351\353'\346"
 3689      AA26C5FC 
 3689      CC9F37A4 
 3689      55E9EB27 
 3689      E6
 3690 0218 DAF8EAD3 		.ascii	"\332\370\352\323]T\356l\010\243\033\3505ovM\312\307"
 3690      5D54EE6C 
 3690      08A31BE8 
 3690      356F764D 
 3690      CAC7
 3691 022a 07AF5F8B 		.ascii	"\007\257_\213\374\365\213T\023\372\254\262\270\272\370"
 3691      FCF58B54 
 3691      13FAACB2 
 3691      B8BAF8
 3692 0239 F907A332 		.ascii	"\371\007\2432\306\357ct\242\212P\212\247zS\261\334\303"
 3692      C6EF6374 
 3692      A28A508A 
 3692      A77A53B1 
 3692      DCC3
 3693 024b 5B62D00A 		.ascii	"[b\320\012x\303Z\253\250\321\365d\027\014G\207\346\273"
 3693      78C35AAB 
 3693      A8D1F564 
 3693      170C4787 
 3693      E6BB
 3694 025d 8B5DCAA7 		.ascii	"\213]\312\247\022\241\224\315\317\240\335\036K\005\202"
 3694      12A194CD 
 3694      CFA0DD1E 
 3694      4B0582
 3695 026c A787A57D 		.ascii	"\247\207\245}9\010\216\240\003\277\000\027@\275l\310"
 3695      39088EA0 
 3695      03BF0017 
 3695      40BD6CC8 
 3696 027c 27ECE322 		.ascii	"'\354\343\"\016\330\2356\365\361g\344\267$\235\354\212"
 3696      0ED89D36 
 3696      F5F167E4 
 3696      B7249DEC 
ARM GAS  /tmp/cczJJwGy.s 			page 96


 3696      8A
 3697 028d DF5852B1 		.ascii	"\337XR\261\222g\360;KL\024\213\030\353\011\245\037F"
 3697      9267F03B 
 3697      4B4C148B 
 3697      18EB09A5 
 3697      1F46
 3698 029f F7FABF6A 		.ascii	"\367\372\277j\375akUP\266\312v\\\002\367\033J'\224n"
 3698      FD616B55 
 3698      50B6CA76 
 3698      5C02F71B 
 3698      4A27946E 
 3699 02b3 28BD29D9 		.ascii	"(\275)\331e\202\273\313\301\371\246f\033ln\177\303\354"
 3699      6582BBCB 
 3699      C1F9A666 
 3699      1B6C6E7F 
 3699      C3EC
 3700 02c5 5B89280B 		.ascii	"[\211(\013\362\004\007\340\306'\365\227\011 \224\011"
 3700      F20407E0 
 3700      C627F597 
 3700      09209409 
 3701 02d5 CB4B180A 		.ascii	"\313K\030\012\001\3629\266\215\346\344\\=y\323\347;"
 3701      01F239B6 
 3701      8DE6E45C 
 3701      3D79D3E7 
 3701      3B
 3702 02e6 C3278D48 		.ascii	"\303'\215Hd\"|!9\234\337<\230\014R\271\344\306|fd\363"
 3702      64227C21 
 3702      399CDF3C 
 3702      980C52B9 
 3702      E4C67C66 
 3703 02fc 60AE544C 		.ascii	"`\256TL\276\361\366\2467\373\323\251\367R\271\314 \255"
 3703      BEF1F6A6 
 3703      37FBD3A9 
 3703      F752B9CC 
 3703      20AD
 3704 030e 2B0D0785 		.ascii	"+\015\007\205\201\376-\251B\351\375\344\206\341 \035"
 3704      81FE2DA9 
 3704      42E9FDE4 
 3704      86E1201D 
 3705 031e BCF54E32 		.ascii	"\274\365N2_LnM\025\202\374H19\224*\015\025\373\323A"
 3705      5F4C6E4D 
 3705      1582FC48 
 3705      3139942A 
 3705      0D15FBD3 
 3706 0333 6E20C865 		.ascii	"n \310e\343\327\201\240\370n\220_\235!\225\036\031\032"
 3706      E3D781A0 
 3706      F86E905F 
 3706      9D21951E 
 3706      191A
 3707 0345 5AB91C5C 		.ascii	"Z\271\034\\\235\351}uM_:\265\226\334\342`\246\224/8"
 3707      9DE97D75 
 3707      4D5F3AB5 
 3707      96DCE260 
 3707      A6942F38 
 3708 0359 99FC48AE 		.ascii	"\231\374H\256\244\266\014\024\266\212 \370\027g\305"
 3708      A4B60C14 
 3708      B68A20F8 
ARM GAS  /tmp/cczJJwGy.s 			page 97


 3708      1767C5
 3709 0368 8274     		.ascii	"\202t"
 3710              		.text
 3711              		.section	.gnu.lto_disk_write.part.0.442.8b305d42240ad5ab,"e",%progbits
 3712 0000 789C7553 		.ascii	"x\234uS\335oTE\034\375\235\231\271\037[\332JHL|\242"
 3712      DD6F5445 
 3712      1CFD9D99 
 3712      B91F5BDA 
 3712      4A484C7C 
 3713 0015 4543883C 		.ascii	"EC\210<\260\215}\321\004\023\">\232h\344\017hv\267\355"
 3713      B08D7DD1 
 3713      0413223E 
 3713      9A68E40F 
 3713      6876B7ED 
 3714 0029 F606D925 		.ascii	"\366\006\331%\273[\022\237\030\266\3136\226 \273TEk"
 3714      BB5B129F 
 3714      18B6CB36 
 3714      9620BB54 
 3714      456B
 3715 003b 41735BA1 		.ascii	"As[\241>Q\002QP>\326\202\362!Q\253F\0365`\010\037\211"
 3715      3E510251 
 3715      503ED682 
 3715      F22151AB 
 3715      461E3560 
 3716 0052 363E980A 		.ascii	"6>\230\012M\3647s\367\262m\202\233\354\334\271g\316"
 3716      4DF43773 
 3716      F7B26D82 
 3716      9BECDCB9 
 3716      67CE
 3717 0064 39BFDF9C 		.ascii	"9\277\337\234\231\233VD\357\020\321^\376\303'\034\362"
 3717      999B5644 
 3717      EF10D15E 
 3717      FEC3271C 
 3717      F2
 3718 0075 496BBDC5 		.ascii	"Ik\275\305\363\360\244}\0121R\337'\360-&N\336nW\225"
 3718      F3F0A47D 
 3718      0A3152DF 
 3718      27F02D26 
 3718      4EDE6E57 
 3719 008a 7AE7EDEB 		.ascii	"z\347\355\353\037\364*\211\367\352c\277\316\264Y\212"
 3719      1FF42A89 
 3719      F7EA63BF 
 3719      CEB4598A 
 3720 009a C2BB27C6 		.ascii	"\302\273'\306D$sD\265\376\266\241\337\270<'U\271\276"
 3720      44247344 
 3720      B5FEB6A1 
 3720      DFB83C27 
 3720      55B9BE
 3721 00ad EAD3D3E7 		.ascii	"\352\323\323\3476+\027{\3521\003\264\333\023R9.v\013"
 3721      362B177B 
 3721      EA3103B4 
 3721      DB135239 
 3721      2E760B
 3722 00c0 87D05050 		.ascii	"\207\320PPv\240\346o\\NJ<\333\320zq\357\370\342\224"
 3722      76A0E66F 
 3722      5C4E4A3C 
 3722      DBD07A71 
ARM GAS  /tmp/cczJJwGy.s 			page 98


 3722      EFF8E294 
 3723 00d4 3B31D3C0 		.ascii	";1\323\300\264$:\"\011\275\3501\014\263Xk\341\2608N"
 3723      B4243A22 
 3723      09BDE831 
 3723      0CB3586B 
 3723      E1B0384E 
 3724 00e8 81889507 		.ascii	"\201\210\225\007\3454#\2529\023\350\346\231L\233\225"
 3724      E53423AA 
 3724      3913E8E6 
 3724      994C9B95 
 3725 00f8 0D2C5B78 		.ascii	"\015,[x05\326Yc\241\304i\030\313\317\201\317@8c\240"
 3725      3035D659 
 3725      63A1C469 
 3725      18CBCF81 
 3725      CF403863 
 3726 010d ECC3B586 		.ascii	"\354\303\265\206S\233\324\015\0253\260\202al\244\306"
 3726      539BD40D 
 3726      1533B082 
 3726      616CA4C6 
 3727 011d 23B787B7 		.ascii	"#\267\207\267\252\326M\341\313\345ng\015\224\035\355"
 3727      AAD64DE1 
 3727      CBE56E67 
 3727      0D941DED 
 3728 012d 5AE61631 		.ascii	"Z\346\0261\260\202a\335F[nK\027#7\007\347\227\273]0"
 3728      B08261DD 
 3728      465B6E4B 
 3728      17233707 
 3728      E797BB5D 
 3729 0142 50767CB9 		.ascii	"Pv|\271[\304\300\012\006\2210~\373A\2068\373\317\305"
 3729      5BC4C00A 
 3729      0691307E 
 3729      FB418638 
 3729      FBCFC5
 3730 0155 AA5ECDB8 		.ascii	"\252^\315\270\213\257\020g\2079\003d\377\\\273\221O"
 3730      8BAF1067 
 3730      87390364 
 3730      FF5CBB91 
 3730      4F
 3731 0166 6261FFB1 		.ascii	"ba\377\261;\032\006\240c2\212\236\365n\224\364%\333"
 3731      3B1A06A0 
 3731      63328A9E 
 3731      F56E94F4 
 3731      25DB
 3732 0178 D57AD3D5 		.ascii	"\325z\323\325\342T\265cV\373\261\023b'\346\273\204\257"
 3732      E254B563 
 3732      56FBB113 
 3732      6227E6BB 
 3732      84AF
 3733 018a 614F80F9 		.ascii	"aO\200\3710\325\017\266t\373>\011\336\327\334\253\207"
 3733      30D50FB6 
 3733      74FB3E09 
 3733      DED7DCAB 
 3733      87
 3734 019b CBAD06AE 		.ascii	"\313\255\006\256\260,\373q\227-d^X\210\253\310~\324"
 3734      B02CFB71 
 3734      972D645E 
 3734      5888ABC8 
ARM GAS  /tmp/cczJJwGy.s 			page 99


 3734      7ED4
 3735 01ad D554D526 		.ascii	"\325T\325&tcO7\305*\264T\246\3305\026|c\004\304\200"
 3735      74634F37 
 3735      C52AB454 
 3735      A6D83516 
 3735      7C6304C4 
 3736 01c2 E0DA8C1C 		.ascii	"\340\332\214\034\377\321\321z\351\337\003<<\263\246"
 3736      FFD1D17A 
 3736      E9DF033C 
 3736      3CB3A6
 3737 01d1 038624CC 		.ascii	"\003\206$\314 \331\304W<$\034\340\034\\\340\013x@\203"
 3737      20D9C457 
 3737      3C241CE0 
 3737      1C5CE00B 
 3737      784083
 3738 01e4 EFF8B46C 		.ascii	"\357\370\264lK\360\260\212\350\200\244\331\337\377^"
 3738      4BF0B08A 
 3738      E880A4D9 
 3738      DFFF5E
 3739 01f3 327635E9 		.ascii	"2v5\351ESI\367P\306\377$d\366}\017\266\364u\323TM\212"
 3739      455349F7 
 3739      50C6FF24 
 3739      64F67D0F 
 3739      B6F475D3 
 3740 020a AB73F76F 		.ascii	"\253s\367oI\253\3227\017]k\343\253OwQ\271\2635\214n"
 3740      49ABD237 
 3740      0F5D6BE3 
 3740      AB4F7751 
 3740      B9B3358C 
 3741 021f A0D7BCD9 		.ascii	"\240\327\274\3315)\027\217\336\374-\362\327OSM\350+"
 3741      3529178F 
 3741      DEFC2DF2 
 3741      D74F534D 
 3741      E82B
 3742 0231 CAE26AFE 		.ascii	"\312\342j\376\303\267Fd\214\377\201\221\311*B)\036\351"
 3742      C3B74664 
 3742      8CFF8191 
 3742      C92A4229 
 3742      1EE9
 3743 0243 4DC57237 		.ascii	"M\305r7o\211A+\340\015k\255\242F\267\220]0\034\035\232"
 3743      6F89412B 
 3743      E00D6BAD 
 3743      A246B790 
 3743      5D301C1D 
 3744 0258 EF2E7629 		.ascii	"\357.v)\237M\204R6?\203v{,\025\010\236\316H\373r\024"
 3744      9F4D8452 
 3744      363F8376 
 3744      7B2C1508 
 3744      9ECE48FB 
 3745 026e 1C41077E 		.ascii	"\034A\007~\000\276\007\365\260!\237\260\217y\034\266"
 3745      00BE07F5 
 3745      B0219FB0 
 3745      8F791CB6 
 3746 027e 3B6DEAE3 		.ascii	";m\352\343\317\310oI:\331\025?\261\244b%O\340g\226\230"
 3746      CFC86F49 
 3746      3AD9153F 
 3746      B1A46225 
ARM GAS  /tmp/cczJJwGy.s 			page 100


 3746      4FE06796 
 3747 0293 281630DA 		.ascii	"(\0260\332\035J?\214\356\365\343j\375bkUP\266\312v\334"
 3747      1D4A3F8C 
 3747      EEF5E36A 
 3747      FD626B55 
 3747      50B6CA76 
 3748 02a8 00F71B4A 		.ascii	"\000\367\033J'\224n(\275i\271\332\004w\227\203\363M"
 3748      27946E28 
 3748      BD69B9DA 
 3748      04779783 
 3748      F34D
 3749 02ba CD36D8DC 		.ascii	"\3156\330\334\036\300\354[\211(\013\362\004\007\340"
 3749      1EC0EC5B 
 3749      89280BF2 
 3749      0407E0
 3750 02c9 C627F597 		.ascii	"\306'\365\227\011 \224\011\313K\030\012\001r\015\333"
 3750      09209409 
 3750      CB4B180A 
 3750      01720DDB 
 3751 02d9 467372BE 		.ascii	"Fsr\276\233_\360\371\316\360I#\022\231\010\327%\207"
 3751      9B5FF0F9 
 3751      CEF04923 
 3751      129908D7 
 3751      2587
 3752 02eb F23B0692 		.ascii	"\362;\006\222A*\227|9\237\031\3361\220+\025\223/\275"
 3752      412A977C 
 3752      399F19DE 
 3752      31902B15 
 3752      932FBD
 3753 02fe F6FA2B7D 		.ascii	"\366\372+}\351\324\033\251\\f\200^,\015\005\205\376"
 3753      E9D41BA9 
 3753      5C66805E 
 3753      2C0D0585 
 3753      FE
 3754 030f BE9DA942 		.ascii	"\276\235\251B\351\315\344\326\241 \035\274\272-\231"
 3754      E9CDE4D6 
 3754      A1201DBC 
 3754      BA2D99
 3755 031e 2F2677A5 		.ascii	"/&w\245\012A~\270\230\034L\225\006\213}\351 \327\037"
 3755      0A417EB8 
 3755      981C4C95 
 3755      068B7DE9 
 3755      20D71F
 3756 0331 E4B2F16B 		.ascii	"\344\262\361k\177P\334\036\3447eH\245\207\007\007\237"
 3756      7F50DC1E 
 3756      E4376548 
 3756      A5870707 
 3756      9F
 3757 0342 5A096ECA 		.ascii	"Z\011n\312\364<\367|o:\365\002\271\305\201L)_p2\371"
 3757      F43CF77C 
 3757      6F3AF502 
 3757      B9C5814C 
 3757      295F7032 
 3758 0357 E15C49ED 		.ascii	"\341\\I\355\354/\354\022A\360\037\032\334\202\363"
 3758      EC2FEC12 
 3758      41F01F1A 
 3758      DC82F3
ARM GAS  /tmp/cczJJwGy.s 			page 101


 3759              		.text
 3760              		.section	.gnu.lto_disk_ioctl.part.0.443.8b305d42240ad5ab,"e",%progbits
 3761 0000 789C7D52 		.ascii	"x\234}R[hTW\024\335\353\356;7\2234I5V\360+\244-\"\372"
 3761      5B685457 
 3761      14DDEBEE 
 3761      3B379334 
 3761      493556F0 
 3762 0019 E184FA53 		.ascii	"\341\204\372S\241J\250\375*B\245\375\354G\230G\036W"
 3762      A14AA8FD 
 3762      2A42A5FD 
 3762      EC479847 
 3762      1E57
 3763 002b 9B19C924 		.ascii	"\233\031\311$b\277<I'\201\216\255\336\251\332\202hL"
 3763      62BF3C49 
 3763      27818EAD 
 3763      DEA9DA82 
 3763      684C
 3764 003d A7638DC5 		.ascii	"\247c\215\305G?\212\317\020\307G|$\245\217\210\202\264"
 3764      473F8ACF 
 3764      10C7477C 
 3764      24A58F88 
 3764      82B4
 3765 004f 3E413041 		.ascii	">A0A$\010\202\224\026\273\317\271\367\232\304b\0173"
 3765      24088294 
 3765      16BBCFB9 
 3765      F79AC462 
 3765      0F33
 3766 0061 E79EB3CF 		.ascii	"\347\236\263\317^k\355\265\3179h\023}AD\037\313\037"
 3766      5E6BEDB5 
 3766      CF396813 
 3766      7D41441F 
 3766      CB1F
 3767 0073 1584AFA3 		.ascii	"\025\204\257\243\244\224j\252pPg\276\226\365Ya\253\205"
 3767      A4946AAA 
 3767      705067BE 
 3767      96F55961 
 3767      AB85
 3768 0085 2B78F8DD 		.ascii	"+x\370\335\335\205v\256P\273\363\317\201e6cW!\177\351"
 3768      DD8576AE 
 3768      50BBF3CF 
 3768      81653663 
 3768      57217FE9 
 3769 0099 D03A9362 		.ascii	"\320:\223b\353\315\355C\357\230M\004=\205\274\345s\200"
 3769      EBCDED43 
 3769      EF984D04 
 3769      3D85BCE5 
 3769      7380
 3770 00ab B63816DB 		.ascii	"\2668\026\333\021l\301\016\336\303XZV\352i\337\216}"
 3770      116CC10E 
 3770      DEC3585A 
 3770      56EA69DF 
 3770      8E7D
 3771 00bd FB9DDD43 		.ascii	"\373\235\335Ce\224\230h\200\011+\320(\332\244\017\275"
 3771      65949868 
 3771      80092BD0 
 3771      28DAA40F 
 3771      BD
ARM GAS  /tmp/cczJJwGy.s 			page 102


 3772 00ce 99384C1C 		.ascii	"\2318L\034?\201H\220_qI\"v\260\262\320 +N\350\223%\002"
 3772      3F814890 
 3772      5F714922 
 3772      76B0B2D0 
 3772      202B4EE8 
 3773 00e5 9BFEE17E 		.ascii	"\233\376\341~\177\255'@\306\011h\312\343\3001\020N\352"
 3773      7FAD2740 
 3773      C60968CA 
 3773      E3C03110 
 3773      4EEA
 3774 00f7 50DBC57A 		.ascii	"P\333\305z\235\343\355Qe;\314\300\234\014\"M\314\012"
 3774      9DE3ED51 
 3774      653BCCC0 
 3774      9C0C224D 
 3774      CC0A
 3775 0109 64C88646 		.ascii	"d\310\206F\373k\032Kl\3434\302\3620,yv\333\221\372e"
 3775      FB6B1A4B 
 3775      6CE334C2 
 3775      F2302C79 
 3775      76DB91FA 
 3776 011e E26BFACB 		.ascii	"\342k\372\313\003\017\024t\200\0160\231\241\341}\001"
 3776      030F1474 
 3776      800E3099 
 3776      A1E17D01 
 3777 012e FC60081F 		.ascii	"\374`\010\037\231\201\2371\360S\377\003\367\015F\237"
 3777      99819F31 
 3777      F053FF03 
 3777      F70D469F 
 3778 013e 1B2C1BCE 		.ascii	"\033,\033\316\317\241?\213=A\035\276\377\276\327\023"
 3778      CFA13F8B 
 3778      3D411DBE 
 3778      FFBED713 
 3779 014e 2D7104E7 		.ascii	"-q\004\347\015\3579\340\254\030\270 \375i\233\250\227"
 3779      0DEF39E0 
 3779      AC18B820 
 3779      FD699BA8 
 3779      97
 3780 015f 2CC76CF4 		.ascii	",\307l\364\321\250\217\322\305\354\333\337_\363\243"
 3780      D1A88FD2 
 3780      C5ECDBDF 
 3780      5FF3A3
 3781 016e 8A866E10 		.ascii	"\212\206n\020\272\361E\027\233\226\253rO\003\205\005"
 3781      BAF14517 
 3781      9B96AB72 
 3781      4F038505 
 3782 017e 232C38C8 		.ascii	"#,8\310\370\2574fK\223\250^\006.\001\027a.M\264I~\354"
 3782      F8AF3466 
 3782      4B93A85E 
 3782      062E0117 
 3782      612E4DB4 
 3783 0195 87E4ECE8 		.ascii	"\207\344\354\350DD\251\277\237mWjxu]5D\310\261d\252"
 3783      4444A9BF 
 3783      9F6D576A 
 3783      78755D35 
 3783      44C8B164 
 3784 01aa 6099A2B6 		.ascii	"`\231\242\266L\225\021\340\224T_\342*\242\355\254_\216"
 3784      4C9511E0 
ARM GAS  /tmp/cczJJwGy.s 			page 103


 3784      94545FE2 
 3784      2AA2EDAC 
 3784      5F8E
 3785 01bc B285C263 		.ascii	"\262\205\302c\307_2M\241\027/i\235\3662\005Kk\215\341"
 3785      C75F324D 
 3785      A1172F69 
 3785      9DF63205 
 3785      4B6B8DE1 
 3786 01d0 79A2B77B 		.ascii	"y\242\267{0:'\353\214\237%E\215\353\252=\266B\356\207"
 3786      303A27EB 
 3786      8C9F2545 
 3786      8DEBAA3D 
 3786      B642EE87 
 3787 01e4 E8B9F3CF 		.ascii	"\350\271\363\317X\225<p\261\373\246\032T\236\032\022"
 3787      58953C70 
 3787      B1FBA61A 
 3787      549E1A12 
 3788 01f4 EC2BBA93 		.ascii	"\354+\272\223\376\230\033\324p\374\254\347)\250{\317"
 3788      FE981BD4 
 3788      70FCACE7 
 3788      29A87BCF 
 3789 0204 C6981EA1 		.ascii	"\306\230\036\241wx\262\246\310\010.\257\332\264?\007"
 3789      7778B2A6 
 3789      C8082EAF 
 3789      DAB43F07 
 3790 0214 4B96436C 		.ascii	"K\226Cl6\337k\3375\370\025\370\005\324(\312B\346\340"
 3790      36DF6BDF 
 3790      35F815F8 
 3790      05D428CA 
 3790      42E6E0
 3791 0227 37EC351A 		.ascii	"7\3545\032\232\240\262\310V\200wf \265\302\212\011\201"
 3791      9AA0B2C8 
 3791      56807766 
 3791      20B5C28A 
 3791      0981
 3792 0239 E40CE455 		.ascii	"\344\014\344U\\\025\210\326\236F_C\221Y@/\323\272f\264"
 3792      5C1588D6 
 3792      9E465F43 
 3792      9159402F 
 3792      D3BA66B4 
 3793 024d 72E835C8 		.ascii	"r\3505\310j\\\207X\314\301\327\236\247/\355\2124r>M"
 3793      6A5C8758 
 3793      CCC1D79E 
 3793      A72FED8A 
 3793      34723E4D 
 3794 0261 2237797E 		.ascii	"\"7y~\275pi\351(|\313\036\363\235\201\374\021\230\336"
 3794      BD7069E9 
 3794      287CCB1E 
 3794      F39D81FC 
 3794      1198DE
 3795 0274 AB7B85F1 		.ascii	"\253{\205\361j\362,uyg\2259\263\277\275\373\344w+8\333"
 3795      6AF22C75 
 3795      79679539 
 3795      B3BFBDFB 
 3795      E4772B38 
 3796 0289 351E74A0 		.ascii	"5\036t\240\276\310v`\255N\350\367Ji\306\332t~\224\003"
 3796      BEC87660 
ARM GAS  /tmp/cczJJwGy.s 			page 104


 3796      AD4EE8F7 
 3796      4A69C6DA 
 3796      747E9403 
 3797 029d 670B40A6 		.ascii	"g\013@\246\272\327\212\362\226\376\000\011\302p|3\316"
 3797      BAD78AF2 
 3797      96FE0009 
 3797      C2707C33 
 3797      CE
 3798 02ae 863832EB 		.ascii	"\20682\353R\232\310\334\207\036y\353\205\373\230\035"
 3798      529AC8DC 
 3798      871E79EB 
 3798      85FB981D 
 3799 02be 34F77113 		.ascii	"4\367q\023F\353\334\255\371\342J\304W\276!\257\225\036"
 3799      46EBDCAD 
 3799      F9E24AC4 
 3799      57BE21AF 
 3799      951E
 3800 02d0 A3B74934 		.ascii	"\243\267I4\0349\373\013\216.\200\304\321\266\033\203"
 3800      1C39FB0B 
 3800      8E2E80C4 
 3800      D1B61B83 
 3801 02e0 9592E56F 		.ascii	"\225\222\345o\311\036\271\261Y^\035|e]\362\353\261\366"
 3801      C91EB9B1 
 3801      595E1D7C 
 3801      655DF2EB 
 3801      B1F6
 3802 02f2 4C474BCC 		.ascii	"LGK\314\215\247c\357e\222\335\035-\351\256l\354\335"
 3802      8DA763EF 
 3802      6592DD1D 
 3802      2DE9AE6C 
 3802      ECDD
 3803 0304 751FAE6D 		.ascii	"u\037\256mN\304?\211\247\223-\264\252\253\335\355L5"
 3803      4EC43F89 
 3803      A7932DB4 
 3803      AAABDDED 
 3803      4C35
 3804 0316 6F8C7776 		.ascii	"o\214wv}\032[\323\356&\334\017>\212e\262\261M\361N7"
 3804      7D1A5BD3 
 3804      EE26DC0F 
 3804      3E8A65B2 
 3804      B14DF14E 
 3805 032b D39D8DB5 		.ascii	"\323\235\215\265\306\273Z\263\315\0117\235r\323m\341"
 3805      C6BB5AB3 
 3805      CD09379D 
 3805      72D36DE1 
 3806 033b 36E56637 		.ascii	"6\345f7\270\231\345I\262\023\335\255\255\213\346\006"
 3806      B899E549 
 3806      B213DDAD 
 3806      AD8BE606 
 3807 034b 97271BDF 		.ascii	"\227'\033\337z{E\"\276\222\354\215\251\316M\234\354"
 3807      7A7B4522 
 3807      BE92EC8D 
 3807      A9CE4D9C 
 3807      EC
 3808 035c 487122E5 		.ascii	"Hq\"\345\376\013\337^\214\032"
 3808      FE0BDF5E 
 3808      8C1A
ARM GAS  /tmp/cczJJwGy.s 			page 105


 3809              		.text
 3810              		.section	.gnu.lto_.symbol_nodes.8b305d42240ad5ab,"e",%progbits
 3811 0000 789C7D90 		.ascii	"x\234}\2209\016\302@\014E=\376\223\311r\012n\352\214"
 3811      390EC240 
 3811      0C453DFE 
 3811      93C9720A 
 3811      6EEA8C
 3812 0013 9403D070 		.ascii	"\224\003\320p\001\012h\303\022 \011\025\007\240\246"
 3812      010A68C3 
 3812      12200915 
 3812      07A0A6
 3813 0022 A240D494 		.ascii	"\242@\324\224P\200\024\010\012#!e\342\352I\357\333\226"
 3813      50801408 
 3813      0A232165 
 3813      E2EA49EF 
 3813      DB96
 3814 0034 BD5744C4 		.ascii	"\275WD\304[\010\245\237\322j|$\022\2422\2636ej%Q\260"
 3814      5B08A59F 
 3814      D26A7C24 
 3814      12A232B3 
 3814      36656A25 
 3815 004a 018DDAD8 		.ascii	"\001\215\332\330\016\242\3741.!\234_\357/\352\327\025"
 3815      0EA2FC31 
 3815      2E219C5F 
 3815      EF2FEAD7 
 3815      15
 3816 005b 0403BA86 		.ascii	"\004\003\272\206\350\201\3419$\370\323Uj\325O. \306"
 3816      E881E139 
 3816      24F8D355 
 3816      6AD54F2E 
 3816      20C6
 3817 006d 2B979070 		.ascii	"+\227\220pfOs\356\223+H\344\225kH\374l\232\006}\262"
 3817      664F73EE 
 3817      932B48E4 
 3817      956B48FC 
 3817      6C9A067D 
 3818 0082 8024BE9D 		.ascii	"\200$\276\235\272\373\346$\321\354\010\216\264\243\356"
 3818      BAFBE624 
 3818      D1EC088E 
 3818      B4A3EE
 3819 0091 A4C2C07C 		.ascii	"\244\302\300|[X\035\024Bv\030u\037\233\032\304\332a"
 3819      5B581D14 
 3819      42761875 
 3819      1F9B1AC4 
 3819      DA61
 3820 00a3 129CEBC7 		.ascii	"\022\234\353\307\215\324\305\320\033\276\242x\204"
 3820      8DD4C5D0 
 3820      1BBEA278 
 3820      84
 3821              		.text
 3822              		.section	.gnu.lto_.refs.8b305d42240ad5ab,"e",%progbits
 3823 0000 789C7367 		.ascii	"x\234sg```f``d\007b>\006&F\001\006f&d\036\0233\234\305"
 3823      60606066 
 3823      60606407 
 3823      623E0626 
 3823      46010666 
 3824 001b 0267B182 		.ascii	"\002g\261\202T01r20r00\0029\234 \222\001\0006\022\001"
ARM GAS  /tmp/cczJJwGy.s 			page 106


 3824      54303172 
 3824      32307230 
 3824      3002399C 
 3824      20920100 
 3825 0032 2D       		.ascii	"-"
 3826              		.text
 3827              		.section	.gnu.lto_.decls.8b305d42240ad5ab,"e",%progbits
 3828 0000 789CB558 		.ascii	"x\234\265X\013TT\307\031\236\177f_\254+\020%\215'M-"
 3828      0B5454C7 
 3828      199E7F66 
 3828      5FAC2B10 
 3828      258D274D 
 3829 0015 4D4DF524 		.ascii	"MM\365$\215(\236\306\264I\3171\221\244\346D\023\353"
 3829      8D289EC6 
 3829      B449CF31 
 3829      91A4E644 
 3829      13EB
 3830 0027 23A969CF 		.ascii	"#\251i\317\331\256\273\213\354\021X\262\273\232\232"
 3830      D9AEBB8B 
 3830      EC1158B2 
 3830      BB9A9A
 3831 0036 D3F65C04 		.ascii	"\323\366\\\004#\276\301'\010FP\243\250Q\211oE\024\321"
 3831      23BEC127 
 3831      084650A3 
 3831      A851896F 
 3831      4514D1
 3832 0049 28F8165F 		.ascii	"(\370\026_Q|[\014\242\022\337\242\242\364\237\271w\367"
 3832      517C5B0C 
 3832      A212DFA2 
 3832      A2F49FB9 
 3832      77F7
 3833 005b DE7D90E4 		.ascii	"\336}\220\344\364\2610\367\316\235\373\315\367\375\377"
 3833      F4B130F7 
 3833      CE9DFBCD 
 3833      F7FDFF
 3834 006a 3FFF9D3B 		.ascii	"?\377\235;s;=CH\001#\344\250\216\220V\374Y\010!\207"
 3834      733B3D43 
 3834      480123E4 
 3834      A88E9056 
 3834      FC590821 
 3835 007f B118B16C 		.ascii	"\261\030\261l\302\362\024\020\322\001K\034\226NX\236"
 3835      C2F21410 
 3835      D2014B1C 
 3835      964E589E 
 3836 008f C53282C8 		.ascii	"\3052\202\310\277vX\272\342\365\257\261\274\216\345"
 3836      BF7658BA 
 3836      E2F5AFB1 
 3836      BC8EE5
 3837 009e 1D2C83B1 		.ascii	"\035,\203\261\274\200\345E,\275\261$a\031\210\345\003"
 3837      BC80E545 
 3837      2CBDB124 
 3837      611988E5 
 3837      03
 3838 00af 2CF84FFE 		.ascii	",\370O\376\004$\350\367.%\304\200\347_\202\254\367\034"
 3838      0424E8F7 
 3838      2E25C480 
 3838      E75F82AC 
ARM GAS  /tmp/cczJJwGy.s 			page 107


 3838      F71C
 3839 00c1 96142CC3 		.ascii	"\226\024,\303\360\372W\012\026!\202\263\253\302\261"
 3839      F0FA570A 
 3839      162182B3 
 3839      ABC2B1
 3840 00d0 2198820C 		.ascii	"!\230\202\014m\203\343#\274~I\303\361\242bk$\0167\002"
 3840      6D83E323 
 3840      BC7E49C3 
 3840      F1A2626B 
 3840      240E3702 
 3841 00e4 62F1FC1B 		.ascii	"b\361\374\033\205\243\003\2268\022\354\373q\274\356"
 3841      85A30396 
 3841      3812ECFB 
 3841      71BCEE
 3842 00f3 85E79B0A 		.ascii	"\205\347\233\012?\217M,\226\333X\3773\236_S\270\031"
 3842      3F8F4D2C 
 3842      96DB58FF 
 3842      339E5F53 
 3842      B819
 3843 0105 C87ABD95 		.ascii	"\310z\275\225\270P\305\357P\315\011mh>\373#5\377\202"
 3843      B850C5EF 
 3843      50CD096D 
 3843      683EFB23 
 3843      35FF82
 3844 0118 E77E219A 		.ascii	"\347~!\232I\3128\264\245Y\2027\314\0214\371\230:@\326"
 3844      49CA38B4 
 3844      A5598237 
 3844      CC1134F9 
 3844      983A40D6 
 3845 012c E23A4E3C 		.ascii	"\342:N<\017\322\304n\2402\266\221b\267\002\001L\303"
 3845      0FD2C46E 
 3845      A032B691 
 3845      62B70201 
 3845      4CC3
 3846 013e 15A7F4E3 		.ascii	"\025\247\364\343\247\017B\306\233\377\336G|\264f\274"
 3846      A70F42C6 
 3846      9BFFDE47 
 3846      7CB466BC 
 3847 014e B86F8558 		.ascii	"\270o\205XO\307\222\012\352\370i}\235\213\347\",i k"
 3847      4FC7920A 
 3847      EAF8697D 
 3847      9D8BE722 
 3847      2C69206B 
 3848 0162 717FA3B1 		.ascii	"q\177\243\261L\207\340\374\240\212}\241y6\354\377\240"
 3848      4C87E0FC 
 3848      A08A7DA1 
 3848      7936ECFF 
 3848      A0
 3849 0173 E9CFA7B6 		.ascii	"\351\317\247\2664\307\340\215\247\224XG\312'n\307q\305"
 3849      34C7E08D 
 3849      A7945847 
 3849      CA276EC7 
 3849      71C5
 3850 0185 8E7F2A76 		.ascii	"\216\177*v\360\370\373m\340\372\363\260\374C\321\340"
 3850      F0F8FB6D 
 3850      E0FAF3B0 
 3850      FC43D1E0 
ARM GAS  /tmp/cczJJwGy.s 			page 108


 3851 0195 DA3322E4 		.ascii	"\3323\"\344V$\355\031\021\264\237mC\373\2236\264?\307"
 3851      5624ED19 
 3851      11B49F6D 
 3851      43FB9336 
 3851      B43FC7
 3852 01a8 325AA39D 		.ascii	"2Z\243\235\027!\307\"i/\301\033O\207h\363\374\342\232"
 3852      1721C722 
 3852      692FC11B 
 3852      4F8768F3 
 3852      FCE29A
 3853 01bb 3CC7B8E6 		.ascii	"<\307\270\3464E\263+QsN\253=\037K1\226\251X\252\360"
 3853      3445B32B 
 3853      51734EAB 
 3853      3D1F4B31 
 3853      96A958AA 
 3854 01d0 5E89623B 		.ascii	"^\211b;Sl\231\203\305\006\301\271\331\226=\323\031<"
 3854      536C9983 
 3854      C506C1B9 
 3854      D9963DD3 
 3854      193C
 3855 01e2 07AD204E 		.ascii	"\007\255 N\204Q\222 \211\337\305\237\023X/C\373\265"
 3855      84519220 
 3855      89DFC59F 
 3855      13582F43 
 3855      FBB5
 3856 01f4 633652C8 		.ascii	"c6R\310\350\226\265W\032M\346JIj\220\2522\031\201^\320"
 3856      E896B557 
 3856      1A4DE64A 
 3856      496A90AA 
 3856      3219815E 
 3857 0209 83C046C0 		.ascii	"\203\300F\300~\033\000\326\001\254\345$\035@\207\307"
 3857      7E1B00D6 
 3857      01ACE524 
 3857      1D4087C7 
 3858 0219 388817F5 		.ascii	"8\210\027\365CD\234\252\011K\346\265\256\300g\321\030"
 3858      43449CAA 
 3858      094BE6B5 
 3858      AEC067D1 
 3858      18
 3859 022a 51236C24 		.ascii	"Q#l$'\275\366\365\225}\3559\351\015\2512;\212@9\300"
 3859      27BDF6F5 
 3859      957DED39 
 3859      E90DA932 
 3859      3B8A4039 
 3860 023f 6620B01D 		.ascii	"f \260\035\020\202\264\225\000\333\000a\233[\016\336"
 3860      1082B495 
 3860      00DB0061 
 3860      9B5B0EDE 
 3861 024f 325804AC 		.ascii	"2X\004\254\270J\007U\240\000\011\354\340~\373d\235J"
 3861      B84A0755 
 3861      A00009EC 
 3861      E07EFB64 
 3861      9D4A
 3862 0261 C2FECE49 		.ascii	"\302\376\316I\353\306}5\025:\312\216T\312N\300n@>\236"
 3862      EBC67D35 
 3862      153ACA8E 
 3862      54CA4EC0 
ARM GAS  /tmp/cczJJwGy.s 			page 109


 3862      6E403E9E 
 3863 0275 A7638143 		.ascii	"\247c\201CZ\017\314;\035\014\201j\010\200\020\360\225"
 3863      5A0FCC3B 
 3863      1D0C816A 
 3863      088010F0 
 3863      95
 3864 0286 54702A5A 		.ascii	"Tp*ZU\254Q\025\367p\305\\t`\216`\312\036_PC\203\231"
 3864      55AC5115 
 3864      F770C55C 
 3864      74608E60 
 3864      CA1E5F50 
 3865 029d F601ECF7 		.ascii	"\366\001\354\367\313\225\310\240\273\363\357\351\203"
 3865      CB95C8A0 
 3865      BBF3EFE9 
 3865      83
 3866 02aa 41075410 		.ascii	"A\007T\020\002\216\027\024\254\242\252\334AU\356\020"
 3866      028E1714 
 3866      ACA2AADC 
 3866      4155EE10 
 3867 02ba 975B2658 		.ascii	"\227[&X\216\337Yr\266}\004\020\034\006\001\023Ax\225"
 3867      8EDF5972 
 3867      B67D0410 
 3867      1C060113 
 3867      417895
 3868 02cd 55A06DDB 		.ascii	"U\240m\333E\207}\273\246TC\350\220\035\323\016\031\202"
 3868      45877DBB 
 3868      A65443E8 
 3868      901DD30E 
 3868      1982
 3869 02df EEEC5CB4 		.ascii	"\356\354\\\264\250\235\312z\\\225>\301\245k@\346\355"
 3869      A89DCA7A 
 3869      5C953EC1 
 3869      A56B40E6 
 3869      ED
 3870 02f0 C1F623EF 		.ascii	"\301\366#\357Q\301\273\354\362\361\275,|\324\352\264"
 3870      51C1BBEC 
 3870      F2F1BD2C 
 3870      7CD4EAB4 
 3871 0300 A3C6CE21 		.ascii	"\243\306\316!\274A\300\367\257l\251\241\341\360\263"
 3871      BC41C0F7 
 3871      AF6CA9A1 
 3871      E1F0B3
 3872 030f 5AB8D0E8 		.ascii	"Z\270\320\350\306nA[\003x\321\037\321\007\002\262x\305"
 3872      C66E415B 
 3872      0378D11F 
 3872      D10702B2 
 3872      78C5
 3873 0321 96994C40 		.ascii	"\226\231L@*\375\021\275\004\001\020\002\032\232\362"
 3873      2AFD11BD 
 3873      04011002 
 3873      1A9AF2
 3874 0330 2F82EAD6 		.ascii	"/\202\352\326\277T\267\352\271[YTv\253\2238\306\212"
 3874      BF54B7EA 
 3874      B95B5954 
 3874      76AB9338 
 3874      C68A
 3875 0342 A495804D 		.ascii	"\244\225\200MV\232\0312\314h|\264\312b\226\024\263\261"
ARM GAS  /tmp/cczJJwGy.s 			page 110


 3875      569A1932 
 3875      CC687CB4 
 3875      CA629614 
 3875      B3B1
 3876 0354 D14F700D 		.ascii	"\321Op\015\215O\200\253<x+\347\326M\200\016\210\311"
 3876      8D4F80AB 
 3876      3C782BE7 
 3876      D64D800E 
 3876      88C9
 3877 0366 96A462CA 		.ascii	"\226\244b\312\023\363\012@\003\007]\007\001\224\351"
 3877      13F30A40 
 3877      03075D07 
 3877      0194E9
 3878 0375 4C2C9712 		.ascii	"L,\227\0226\223r\3036,x\264\313l\342\203\222s\036-\027"
 3878      369372C3 
 3878      362C78B4 
 3878      CB6CE283 
 3878      92731E2D 
 3879 038a 8342E026 		.ascii	"\203B\340&\004\306\204\315\025\270qc\245\332\350\020"
 3879      04C684CD 
 3879      15B87163 
 3879      A5DAE810 
 3880 039a 1CDC8220 		.ascii	"\034\334\202 \344\027\310\272T\240\327\326\316[m\011"
 3880      E417C8BA 
 3880      54A0D7D6 
 3880      CE5B6D09 
 3881 03aa CEB0BB00 		.ascii	"\316\260\273\000\367\324x\\=\235\037\032\260\020@N\311"
 3881      F7D4785C 
 3881      3D9D1F1A 
 3881      B010404E 
 3881      C9
 3882 03bb 7ACD3376 		.ascii	"z\3153v_\015X3\017\330z%2G\211\210U\261\236U\242\370"
 3882      5F0D5833 
 3882      0FD87A25 
 3882      32478988 
 3882      55B19E55 
 3883 03d1 7E21BEA4 		.ascii	"~!\276\244\344\370\205\366\301\342\217\001\236\250\334"
 3883      E4F885F6 
 3883      C1E28F01 
 3883      9EA8DC
 3884 03e0 45271656 		.ascii	"E'\026Vi\270\237\250\334\255|\316c\361\205\233'\256"
 3884      69B89FA8 
 3884      DCAD7CCE 
 3884      63F1859B 
 3884      27AE
 3885 03f2 635D3A76 		.ascii	"c]:v\011\372!\276\371\301\354\326q\257\035\031?^\312"
 3885      09FA21BE 
 3885      F9C1ECD6 
 3885      71AF1D19 
 3885      3F5ECA
 3886 0405 CD64500B 		.ascii	"\315dP\013\260\027 \223\006z\177\315\017=\211\034\377"
 3886      B0172093 
 3886      067A7FCD 
 3886      0F3D891C 
 3886      FF
 3887 0416 4A1D8147 		.ascii	"J\035\201G\000\0171V\017\004\012\3034\225B\026\205I"
 3887      000F3156 
ARM GAS  /tmp/cczJJwGy.s 			page 111


 3887      0F040AC3 
 3887      34954216 
 3887      8549
 3888 0428 142650C8 		.ascii	"\024&P\310\2410\215\302\024\012\331\024\306Q\030OA\242"
 3888      A1308DC2 
 3888      140AD914 
 3888      C651184F 
 3888      41A2
 3889 043a 3091C264 		.ascii	"0\221\302d\012c)|\306gHn\341\204\232i\321\\l\007\300"
 3889      0A63297C 
 3889      C667486E 
 3889      E1849A69 
 3889      D15C6C07 
 3890 044f D620B10A 		.ascii	"\326 \261\012~(\007\001*\3776%\037\363\3666\300\015"
 3890      7E280701 
 3890      2AFF3625 
 3890      1FF3F636 
 3890      C00D
 3891 0461 81910731 		.ascii	"\201\221\0071A\005\034\\\"\263\234\0068\025\304rRe)"
 3891      41051C5C 
 3891      22B39C06 
 3891      3815C472 
 3891      526529
 3892 0474 AB43BF62 		.ascii	"\253C\277b\263-<m\276\011\002\035\221\375\342D\223k"
 3892      B32D3C6D 
 3892      BE09021D 
 3892      91FDE244 
 3892      936B
 3893 0486 A60AA256 		.ascii	"\246\012\242V\200\226 \314\026\025sn\267,v\002\340h"
 3893      809620CC 
 3893      1615736E 
 3893      B72C7602 
 3893      E068
 3894 0498 384FC0E4 		.ascii	"8O\300\344\214j4\031\265.\007a\316\007b\230\233\211"
 3894      8C6A3419 
 3894      B52E0761 
 3894      CE076298 
 3894      9B89
 3895 04aa 313460E6 		.ascii	"14`\346B\243@\370S\371[U\351\201\242\264\007`W\370H"
 3895      42A340F8 
 3895      53F95B55 
 3895      E981A2B4 
 3895      076057F8 
 3896 04bf A0922494 		.ascii	"\240\222$\224t\\\011y\276\013\342iRy\036+\341Akv\206"
 3896      745C0979 
 3896      BE0BE269 
 3896      52791E2B 
 3896      E1416B76 
 3897 04d4 075960CA 		.ascii	"\007Y`\312\366*\3219\007p&<\2042\317f\305\236f\200;"
 3897      F62AD139 
 3897      0770263C 
 3897      8432CF66 
 3897      C59E6680 
 3898 04e9 41988400 		.ascii	"A\230\204\000\3156\205\246\036\340B\270\343\345b69t"
 3898      CD3685A6 
 3898      1EE042B8 
 3898      E3E56236 
ARM GAS  /tmp/cczJJwGy.s 			page 112


 3898      3974
 3899 04fb 6AC902F1 		.ascii	"j\311\002\361p\374o\322\210\317y\363&\235\324L\350\271"
 3899      70FC6FD2 
 3899      88CF79F3 
 3899      269DD44C 
 3899      E8B9
 3900 050d AA6C1E15 		.ascii	"\252l\036\025\200\335U\223J\315*`\223\372HL\347K\306"
 3900      80DD5593 
 3900      4ACD2A60 
 3900      93FA484C 
 3900      E74BC6
 3901 0520 4AC641E3 		.ascii	"J\306A\343K\362\213\"\314\2343h\360\3149,\360b\305\255"
 3901      4BF28B22 
 3901      CC9C3368 
 3901      F0CC392C 
 3901      F062C5AD 
 3902 0534 01DB25BA 		.ascii	"\001\333%\272\316\331<\275\326\030\336u\016E\014v\235"
 3902      CED93CBD 
 3902      D618DE75 
 3902      0E450C76 
 3902      9D
 3903 0545 4D611645 		.ascii	"Ma\026E\330\345\272\306\017\305\033\242\262\215\227"
 3903      D8E5BAC6 
 3903      0FC51BA2 
 3903      B28D97
 3904 0554 3A620E1F 		.ascii	":b\016\037\314\3141\252\246\026\250\276\314\225}Y~\251"
 3904      CCCC31AA 
 3904      A616A8BE 
 3904      CC957D59 
 3904      7EA9
 3905 0566 FC8C05A7 		.ascii	"\374\214\005\247U\356\273\316\001\230\315\257\340\301"
 3905      55EEBBCE 
 3905      0198CDAF 
 3905      E0C1
 3906 0574 4C3E6224 		.ascii	"L>b$N\242\02258\030533s\230\253\241s\267;\254\217\211"
 3906      4EA21235 
 3906      38183533 
 3906      337398AB 
 3906      A173B73B 
 3907 058b 768B319B 		.ascii	"v\2131\233Jw@\254Yo\242\264\301\3500w{\010_\322bC|\037"
 3907      4A7740AC 
 3907      596FA2B4 
 3907      C1E83077 
 3907      7B085FD2 
 3908 05a3 49E798FC 		.ascii	"I\347\230\374t\203Q\242\271\357\305\365\352\203\307"
 3908      748351A2 
 3908      B9EFC5F5 
 3908      EA83C7
 3909 05b2 06633538 		.ascii	"\006c58\260\327@\235)\026k\015F\363\035V<\305\340\330"
 3909      B0D7409D 
 3909      29166B0D 
 3909      46F31D56 
 3909      3CC5E0D8 
 3910 05c6 4F73BAE2 		.ascii	"Os\272\342[\333\354H\214\303\221\353c2u\216\251bU\354"
 3910      5BDBEC48 
 3910      8CC391EB 
 3910      6332758E 
ARM GAS  /tmp/cczJJwGy.s 			page 113


 3910      A96255EC 
 3911 05da 6D424CA6 		.ascii	"mBL\246\262\225O\233\033\2141H\321\315\021\037\353\210"
 3911      B2954F9B 
 3911      1B8C3148 
 3911      D1CD111F 
 3911      EB88
 3912 05ec 8FA906BD 		.ascii	"\217\251\006\275\303a\216\353F\320\010Gbb\037jFf\235"
 3912      C3618EEB 
 3912      46D00847 
 3912      62621F6A 
 3912      46669D
 3913 05ff A91A1219 		.ascii	"\251\032\022\031X\022\245\013W\2371\353\315Q\235\343"
 3913      5812A50B 
 3913      579F31EB 
 3913      CD519DE3 
 3914 060f BBE1328C 		.ascii	"\273\3412\214\274M\221\227\265\372\177`DM\207z\011\320"
 3914      BC4D9197 
 3914      B5FA7F60 
 3914      444D877A 
 3914      09D0
 3915 0621 CD4C1329 		.ascii	"\315L\023){\267\001w\202\224\306\023\"\351L\026\013"
 3915      7BB70177 
 3915      8294C613 
 3915      22E94C16 
 3915      0B
 3916 0632 48788AB2 		.ascii	"Hx\212\262\276\353\030\230h&\015F\212\267\342t<9\324"
 3916      BEEB1898 
 3916      68260D46 
 3916      8AB7E274 
 3916      3C39D4
 3917 0645 9E660301 		.ascii	"\236f\003\001(\214\301q\020\177\374\000\312\001\370"
 3917      288CC171 
 3917      107FFC00 
 3917      CA01F8
 3918 0654 25C81B4D 		.ascii	"%\310\033M\277\214h\347\263)U\320\034\"\267\006NJ\235"
 3918      BF8C68E7 
 3918      B32955D0 
 3918      1C22B706 
 3918      4E4A9D
 3919 0667 03A8C243 		.ascii	"\003\250\302C\225\265\035\310}\024\021~\324\220\007"
 3919      95B51DC8 
 3919      7D14117E 
 3919      D49007
 3920 0676 20A040FC 		.ascii	" \240@\374<r\037\005\020\350\253T\271\206\000Sm\037"
 3920      3C721F05 
 3920      10E8AB54 
 3920      B9860053 
 3920      6D1F
 3921 0688 D12FC870 		.ascii	"\321/\310p\225\222\004h\375&\021\371\002\363f\376\326"
 3921      95920468 
 3921      FD2611F9 
 3921      02F366FE 
 3921      D6
 3922 0699 139F5EC6 		.ascii	"\023\237^\306\260I-[\266\305@ln\037\002\254\221\021"
 3922      B0492D5B 
 3922      B6C5406C 
 3922      6E1F02AC 
ARM GAS  /tmp/cczJJwGy.s 			page 114


 3922      9111
 3923 06ab 96A9E377 		.ascii	"\226\251\343w\027<\252<c\326q<>\034n\361\362\241\342"
 3923      173CAA3C 
 3923      63D6713C 
 3923      3E1C6EF1 
 3923      F2A1E2
 3924 06be DD13CBF2 		.ascii	"\335\023\313\362\004\240\244~i\251>ty\263\200\006'o"
 3924      04A0A47E 
 3924      69A93E74 
 3924      79B38006 
 3924      276F
 3925 06d0 C5E35DF1 		.ascii	"\305\343]\361\317\240\3045I\212\203\205\024J(\024c\200"
 3925      CFA0C435 
 3925      498A8385 
 3925      144A2814 
 3925      6380
 3926 06e2 60117A30 		.ascii	"`\021z0_N\337\225y[\277\241\317\347\347K\315\267.\346"
 3926      5F4EDF95 
 3926      795BBFA1 
 3926      CFE7E74B 
 3926      CDB72EE6 
 3927 06f6 AE301449 		.ascii	"\2560\024I\225c%)S\207\020\370\234\312\3570\370\202"
 3927      95632529 
 3927      538710F8 
 3927      9CCAEF30 
 3927      F882
 3928 0708 D7091451 		.ascii	"\327\011\024Q(\244\375\226\305c\257\323\327\036\237"
 3928      28A4FD96 
 3928      C563AFD3 
 3928      D71E9F
 3929 0717 8D8EC4BC 		.ascii	"\215\216\304\274\030qnB\236\317\315\227r\213\212+\251"
 3929      18716E42 
 3929      9ECFCD97 
 3929      728B8A2B 
 3929      A9
 3930 0728 24316C83 		.ascii	"$1l\203y\032\252y~*\302N\350\010k\024\356\264\034;\332"
 3930      791AAA79 
 3930      7E2AC24E 
 3930      E8086B14 
 3930      EEB41C3B 
 3931 073d 6AE66694 		.ascii	"j\346f\224\025d\341\224\025\260a\251\277\3432^\367\333"
 3931      1564E194 
 3931      15B061A9 
 3931      BFE3325E 
 3931      F7DB
 3932 074f 90F9BD36 		.ascii	"\220\371\2756,\217`\303r\012\245\032\252R\325\206{h"
 3932      2C8F60C3 
 3932      720AA51A 
 3932      AA52D586 
 3932      7B68
 3933 0761 C3783DB7 		.ascii	"\303x=\267aF\303\236\223 b\236O\301\315_\3555-s\243"
 3933      6146C39E 
 3933      9320629E 
 3933      4FC1CD5F 
 3933      ED352D73 
 3934 0776 45C34C0A 		.ascii	"E\303L\012\253\370\214\221\337\274\243\220\212\226\351"
 3934      ABF88C91 
ARM GAS  /tmp/cczJJwGy.s 			page 115


 3934      DFBCA390 
 3934      8A96E9
 3935 0785 14CA78CB 		.ascii	"\024\312x\313\325uO\326\004\006\352+\332\346\032g\015"
 3935      D5754FD6 
 3935      0406EA2B 
 3935      DAE61A67 
 3935      0D
 3936 0796 55572E79 		.ascii	"UW.yB\356\332\326\205\213bB\3278k\251\026\211\2505\265"
 3936      42EEDAD6 
 3936      858B6242 
 3936      D7386BA9 
 3936      1689A835 
 3937 07ab 578FE902 		.ascii	"W\217\351\002^\256S\275\3045\011\254\226\307\360\300"
 3937      5EAE53BD 
 3937      C43509AC 
 3937      96C7F0C0 
 3938 07bb A43905ED 		.ascii	"\2449\005\355E\360j\324\340\255\247\260\322\357\361"
 3938      45F06AD4 
 3938      E0ADA7B0 
 3938      D2EFF1
 3939 07ca 065EF707 		.ascii	"\006^\367\007o\315"
 3939      6FCD
 3940 07d0 CF7FD0D7 		.ascii	"\317\177\320\327\215a\276n\342-y\273\3526\260H\266\224"
 3940      8D61BE6E 
 3940      E22D79BB 
 3940      EA36B048 
 3940      B694
 3941 07e2 23F9661A 		.ascii	"#\371f\032\022\362r\012+4\006\254PC^\240'l\371\217\010"
 3941      12F2720A 
 3941      2B3406AC 
 3941      50435EA0 
 3941      276CF98F 
 3942 07f7 F9362E7A 		.ascii	"\3716.ze\355\254\267E\303\\\012\225\274\241`\342\275"
 3942      65EDACB7 
 3942      45C35C0A 
 3942      95BCA160 
 3942      E2BD
 3943 0809 BFFA03BE 		.ascii	"\277\372\003\276\2357\2246m\256\216\030\242\035(Y%\207"
 3943      9D379436 
 3943      6DAE8E18 
 3943      A21D2859 
 3943      2587
 3944 081b 28B77141 		.ascii	"(\267qA\205N\204\250Y\015\321\016\012[\375\026\356\344"
 3944      854E84A8 
 3944      590DD10E 
 3944      0A5BFD16 
 3944      EEE4
 3945 082d 757F88CE 		.ascii	"u\177\210\316u\376A\333\276\016\265m\027oX\267~\347"
 3945      75FE41DB 
 3945      BE0EB56D 
 3945      176F58B7 
 3945      7EE7
 3946 083f 1F235952 		.ascii	"\037#YR\215\324\273C\003TM\241B#_\241\006h=\006\250"
 3946      8DD4BB43 
 3946      03544DA1 
 3946      42235FA1 
 3946      06683D06 
ARM GAS  /tmp/cczJJwGy.s 			page 116


 3947 0854 5A04E84A 		.ascii	"Z\004\350Js\366\325\030!1B\330\260m\361\330\314(\277"
 3947      73F6D518 
 3947      213142D8 
 3947      B06DF1D8 
 3947      CC28BF
 3948 0867 F7FBB8E4 		.ascii	"\367\373\270\344\214\234\352\325\355\375-\373yK\375"
 3948      8C9CEAD5 
 3948      EDFD2DFB 
 3948      794BFD
 3949 0876 A6B29E91 		.ascii	"\246\262\236\221\2148\210\002\007\344p\344O\316\372"
 3949      8C388802 
 3949      07E470E4 
 3949      4FCEFA
 3950 0885 9D88C6FC 		.ascii	"\235\210\306\374q\201h\034\244\260\327o\316!^\367G\343"
 3950      7181681C 
 3950      A4B0D76F 
 3950      CE215EF7 
 3950      47E3
 3951 0897 F3CE110C 		.ascii	"\363\316\021\014\231\275\253\341\214)\222J-\366;\034"
 3951      99BDABE1 
 3951      8C29924A 
 3951      2DF63B1C 
 3952 08a7 EA6A2D85 		.ascii	"\352j-\205=\032\356=\252\253G\204\233\253ZW4\232\003"
 3952      3D1AEE3D 
 3952      AAAB4784 
 3952      9BAB5A57 
 3952      349A03
 3953 08ba 6C3355B6 		.ascii	"l3U\266c\362\263\214\220\262\203S\356\232\236/\312\227"
 3953      63F2B38C 
 3953      90B28353 
 3953      EE9A9E2F 
 3953      CA97
 3954 08cc 6EB4D47F 		.ascii	"n\264\324\177\\\312_zx\023\216*\254\004k~{\247wf\347"
 3954      5CCA5F7A 
 3954      78138E2A 
 3954      AC046B7E 
 3954      7BA77766 
 3955 08e1 04EBB6FA 		.ascii	"\004\353\266\372\252V\363\013\371\370\356\336x4[2\365"
 3955      AA56F30B 
 3955      F9F8EEDE 
 3955      78345B32 
 3955      F5
 3956 08f2 E32B9113 		.ascii	"\343+\221\023\342\351\222\3278\270\313\243\244_\336"
 3956      E2E992D7 
 3956      38B8CBA3 
 3956      A45FDE
 3957 0901 CF10DAB4 		.ascii	"\317\020\332\264a\355\031\315\216i\261f\301%G,\004\260"
 3957      61ED19CD 
 3957      8E69B166 
 3957      C125472C 
 3957      04B0
 3958 0913 5C059C92 		.ascii	"\\\005\234\222\001\347\353\356\324j6\315\345*\240N\006"
 3958      01E7EBEE 
 3958      D46A36CD 
 3958      E52AA04E 
 3958      06
 3959 0924 ECDC30EF 		.ascii	"\354\3340\357\201I\005T\253\200\323|\321S\257\2277\027"
ARM GAS  /tmp/cczJJwGy.s 			page 117


 3959      81490554 
 3959      AB80D37C 
 3959      D153AF97 
 3959      3717
 3960 0936 B8916FE2 		.ascii	"\270\221o\342\326\033r\226f\035\263t\351\322\221\357"
 3960      D61B7296 
 3960      661DB374 
 3960      E9D291EF 
 3961 0946 044E7F27 		.ascii	"\004N\177'\2552\343\334,\257\227\317P\270\030i\265\367"
 3961      AD32E3DC 
 3961      2CAF97CF 
 3961      50B81869 
 3961      B5F7
 3962 0958 60A32445 		.ascii	"`\243$E\011\304\2710\204\274<U\226xg\251\274\036\275"
 3962      09C4B930 
 3962      84BC3C55 
 3962      967867A9 
 3962      BC1EBD
 3963 096b 2882719E 		.ascii	"(\202q\236\302\005\376\332d\245\006\261\323\236|\355"
 3963      C205FEDA 
 3963      64A506B1 
 3963      D39E7CED 
 3964 097b B6BE6328 		.ascii	"\266\276c(\030.\321\0208\237\374\262\252\356h\026z\265"
 3964      182ED110 
 3964      389FFCB2 
 3964      AAEE6816 
 3964      7AB5
 3965 098d AA643D55 		.ascii	"\252d=Uv\177\361l\243!,\221Y\005o3l\236\270v\241\356"
 3965      767FF16C 
 3965      A3212C91 
 3965      59056F33 
 3965      6C9EB876 
 3966 09a3 A700F81F 		.ascii	"\247\000\370\037E\341\032\305<\324\341I\274\324\262"
 3966      45E11AC5 
 3966      3CD4E149 
 3966      BCD4B2
 3967 09b2 2DCA8C78 		.ascii	"-\312\214x\205\337!\320H\341*O\356\363\363W\025[\002"
 3967      85DF21D0 
 3967      48E12A4F 
 3967      EEF3F357 
 3967      155B02
 3968 09c5 99724DCD 		.ascii	"\231rM\315\224\353\010j\220#}\351\313/\216\351T\263"
 3968      94EB086A 
 3968      90237DE9 
 3968      CB2F8EE9 
 3968      54B3
 3969 09d7 AEAB6635 		.ascii	"\256\253f5\361H\357\020\006\345\346\034}E\330\203\341"
 3969      F148EF10 
 3969      06E5E61C 
 3969      7D45D883 
 3969      E1
 3970 09e8 E2097D69 		.ascii	"\342\011}i\352\252K1\241\253\301\320\357\005\347\246"
 3970      EAAA4B31 
 3970      A1ABC1D0 
 3970      EF05E7A6 
 3971 09f8 EE5CA659 		.ascii	"\356\\\246Y\270\336T\231o\311\322\263\036\225\317\226"
 3971      B8DE5499 
ARM GAS  /tmp/cczJJwGy.s 			page 118


 3971      6FC9D2B3 
 3971      1E95CF96 
 3972 0a08 E7885B14 		.ascii	"\347\210[\024np\203\033Zf_\326\371\205n\363\226\262"
 3972      6E70831B 
 3972      5A665FD6 
 3972      F9856EF3 
 3972      96B2
 3973 0a1a 5B73BFB1 		.ascii	"[s\277\261(\241\270\303\033\306gg\335\245\221|\272\207"
 3973      28A1B8C3 
 3973      1BC66767 
 3973      DDA5917C 
 3973      BA87
 3974 0a2c 3EDD5596 		.ascii	">\335U\226\314\231\205W5_*\356\251\312\367\271O5\021"
 3974      CC998557 
 3974      355F2AEE 
 3974      A9CAF7B9 
 3974      4F3511
 3975 0a3f 7D5A736A 		.ascii	"}Zsjk\263<\205\343\356\350\001\227zP\370pV\264\037\362"
 3975      6BB33C85 
 3975      E3EEE801 
 3975      977A50F8 
 3975      7056B41F 
 3976 0a54 90B74CAC 		.ascii	"\220\267L\254\232p\330\250X\363\2107\334\317\274\373"
 3976      9A70D8A8 
 3976      58F38837 
 3976      DCCFBCFB 
 3977 0a64 441FC99A 		.ascii	"D\037\311\232\307hM\213\3624\254\332\376\245^\265\346"
 3977      C7684D8B 
 3977      F234ACDA 
 3977      FEA55EB5 
 3977      E6
 3978 0a75 B16ACD13 		.ascii	"\261j\315\023n\315\001\003a'\261\\\300\322\204\345!"
 3978      6ECD0103 
 3978      6127B15C 
 3978      C0D284E5 
 3978      21
 3979 0a86 968946DE 		.ascii	"\226\211F\336q\372\355\373\325\206\360\225y6\323\254"
 3979      71FAEDFB 
 3979      D586F095 
 3979      7936D3AC 
 3980 0a96 CC45DE74 		.ascii	"\314E\336t\221w\332\224\345\031\333\372*2\201\005\366"
 3980      9177DA94 
 3980      E519DBFA 
 3980      2A328105 
 3980      F6
 3981 0aa7 D84B179C 		.ascii	"\330K\027\234\232\034\362\005\000\363U\003\250\331p"
 3981      9A1CF205 
 3981      00F35503 
 3981      A8D970
 3982 0ab6 FB1C530D 		.ascii	"\373\034S\015\236\310\002\006Ob\002PW\266\360\242I\204"
 3982      9EC80206 
 3982      4F620250 
 3982      57B6F0A2 
 3982      4984
 3983 0ac8 611213B1 		.ascii	"a\022\023\261\233Wsz\276\177\224&\363O\"K\217\035\331"
 3983      9B57737A 
 3983      BE7F9426 
ARM GAS  /tmp/cczJJwGy.s 			page 119


 3983      F34F224B 
 3983      8F1DD9
 3984 0adb 1E1D292E 		.ascii	"\036\035).S1[\246(,R\3538\315^\177\252*3M\000\342\012"
 3984      53315BA6 
 3984      282C52EB 
 3984      38CD5E7F 
 3984      AA2A334D 
 3985 0af2 1F9716B1 		.ascii	"\037\227\026\261\300&_<\333-sJG\310\217\3668\006Y\014"
 3985      C0265F3C 
 3985      DB2D734A 
 3985      47C88FF6 
 3985      3806590C 
 3986 0b06 0A58F8A3 		.ascii	"\012X\370\243\235[$v\247\367)|G\265\000uw\252 \232("
 3986      9D5B2476 
 3986      A7F7297C 
 3986      47B50075 
 3986      77AA209A 
 3987 0b1b 64065134 		.ascii	"d\006Q4\205\"\236Ph\016\342hP\367\311*\311\3300;B\021"
 3987      85229E50 
 3987      680EE268 
 3987      50F7C92A 
 3987      C9D8303B 
 3988 0b31 ADE12421 		.ascii	"\255\341$!\206|\033nj\020\3114\0069A2\227i8\211\024"
 3988      867C1B6E 
 3988      6A10C934 
 3988      06394132 
 3988      97693889 
 3989 0b46 EE4DD054 		.ascii	"\356M\320T6\236\301gL|\316)\340\243\015\271\014f2\276"
 3989      369EC167 
 3989      4C7CCE29 
 3989      E0A30DB9 
 3989      0C6632BE 
 3990 0b5a 2FCC6730 		.ascii	"/\314g0\213\301\014\006y\014f3\230\303\344Dh\232\224"
 3990      8BC10C06 
 3990      790C6633 
 3990      98C3E444 
 3990      689A94
 3991 0b6d 7D59DEED 		.ascii	"}Y\336\355V\376G\375\327V\354\316\322L\363sU\333\012"
 3991      56FE47FD 
 3991      D756ECCE 
 3991      D24CF373 
 3991      55DB0A
 3992 0b80 E51468DD 		.ascii	"\345\024h\335\331R/gZe\204\311\207\177\333Zxl5U\001"
 3992      D9522F67 
 3992      5A6584C9 
 3992      877FDB5A 
 3992      786C3555 
 3993 0b95 21CF0E02 		.ascii	"!\317\016\002n^y\374\231\006\020\362\250\363d>r\363"
 3993      6E5E79FC 
 3993      990610F2 
 3993      A8F3643E 
 3993      72F3
 3994 0ba7 BA5E0584 		.ascii	"\272^\005\204e\031-\237Uu\310\242\371\376\2472\024\313"
 3994      65192D9F 
 3994      5575C8A2 
 3994      F9FEA732 
 3994      14CB
ARM GAS  /tmp/cczJJwGy.s 			page 120


 3995 0bb9 80E2BC0B 		.ascii	"\200\342\274\013\025Q*`\246\012(\341~\276\356Kqy\034"
 3995      15512A60 
 3995      A60A28E1 
 3995      7EBEEE4B 
 3995      71791C
 3996 0bcc D60C9BC7 		.ascii	"\326\014\233\3077&\241o\212k\270\353\375\301\011no\302"
 3996      3726A16F 
 3996      8A6BB8EB 
 3996      FDC1096E 
 3996      6FC2
 3997 0bde 689BC7E5 		.ascii	"h\233\307\345\036\345MH\266\371\222\275\326\341\256"
 3997      1EE54D48 
 3997      B6F992BD 
 3997      D6E1AE
 3998 0bed 74872B7D 		.ascii	"t\207+}\204\377\322\341\362\216t\271\273\333M\177xo"
 3998      84FFD2E1 
 3998      F28E74B9 
 3998      BBDB4D7F 
 3998      786F
 3999 0bff 687CDF9E 		.ascii	"h|\337\236\275I\247\340\366\356\366\036\211\257\366"
 3999      BD49A7E0 
 3999      F6EEF61E 
 3999      89AFF6
 4000 0c0e 1A6EFB2D 		.ascii	"\032n\373-\321\2759l\310[:\217\323\233a\032\345J\367"
 4000      D1BD396C 
 4000      C85B3A8F 
 4000      D39B611A 
 4000      E54AF7
 4001 0c21 F54AB4FA 		.ascii	"\365J\264\372\214\366\324\221\311\036\347\307z\257#"
 4001      8CF6D491 
 4001      C91EE7C7 
 4001      7AAF23
 4002 0c30 2DCDDE7E 		.ascii	"-\315\336~p\322\200\001}\255C\306d8\223\234\311\006"
 4002      70D28001 
 4002      7DAD43C6 
 4002      6438939C 
 4002      C906
 4003 0c42 5F8AC769 		.ascii	"_\212\307isD\331S\254r\315$\237\254\276\016J\305\343"
 4003      7344D953 
 4003      AC72CD24 
 4003      9FACBE0E 
 4003      4AC5E3
 4004 0c55 4C767A9C 		.ascii	"Lvz\234\351v\247\325\307\206\217J6r\326W\261\356\261"
 4004      E976A7D5 
 4004      C7868F4A 
 4004      3672D657 
 4004      B1EEB1
 4005 0c68 DB0C4E8F 		.ascii	"\333\014N\217\307\355\361\232\275\016{r\252m\204\327"
 4005      C7EDF19A 
 4005      BD0E7B72 
 4005      AA6D84D7 
 4006 0c78 EA33D96D 		.ascii	"\3523\331m\036G\232\333\341\214\3026~\266\372\014vw"
 4006      1E479ADB 
 4006      E18CC236 
 4006      7EB6FA0C 
 4006      7677
 4007 0c8a 7AB26B44 		.ascii	"z\262kD\324\340\244\276}E\0151\0316\273\3137\206\331"
ARM GAS  /tmp/cczJJwGy.s 			page 121


 4007      D4E0A4BE 
 4007      7D450D31 
 4007      1936BBCB 
 4007      3786D9
 4008 0c9d BD0E6677 		.ascii	"\275\016fw9\364^\237\315\3474\017O\035)*\310=:\315g"
 4008      39F45E9F 
 4008      CDE7340F 
 4008      4F1D292A 
 4008      C83D3ACD 
 4009 0cb2 417C92C7 		.ascii	"A|\222\3075\332\351\371`\300\220\250\300\205e\270{\024"
 4009      35DAE9F9 
 4009      60C090A8 
 4009      C08565B8 
 4009      7B14
 4010 0cc4 DA8286A0 		.ascii	"\332\202\206\240U\321\332\013\253\357\027\011)\3564"
 4010      55D1DA0B 
 4010      ABEF1709 
 4010      29EE34
 4011 0cd3 6782CB96 		.ascii	"g\202\313\226\236\220\344\266\217Js\246\373\274\011"
 4011      9E90E4B6 
 4011      8F4A73A6 
 4011      FBBC09
 4012 0ce2 6F0E1CD4 		.ascii	"o\016\034\324\337:\334\226jC y\243\215\330\247\330R"
 4012      DF3ADC96 
 4012      6A432079 
 4012      A38DD8A7 
 4012      D852
 4013 0cf4 1332DC1E 		.ascii	"\0232\334\036\204\017\0362\240WbB\377\376I\011\"L\243"
 4013      840F1E32 
 4013      A0576242 
 4013      FFFE4909 
 4013      224CA3
 4014 0d07 13F93D2B 		.ascii	"\023\371=+:cMMutO!\372\244\017\337\037\224\244\033\372"
 4014      3A634D4D 
 4014      75744F21 
 4014      FAA40FDF 
 4014      1F94A41B 
 4015 0d1c CE7B4358 		.ascii	"\316{CX\317WH\214\315\2236\272\267\363\345\264\227\222"
 4015      CF57488C 
 4015      CD9336BA 
 4015      B7F3E5B4 
 4015      9792
 4016 0d2e 33BA3B32 		.ascii	"3\272;2\210\331\216,\316\277\275\234\326\233\374\204"
 4016      88D98E2C 
 4016      CEBFBD9C 
 4016      D69BFC84 
 4017 0d3e 8F8DD595 		.ascii	"\217\215\325\225\356\362\271l\251\256O\235\335\271j"
 4017      EEF2B96C 
 4017      A9AE4F9D 
 4017      DDB96A
 4018 0d4d F71E3121 		.ascii	"\367\0361!\315\306\244\301C\336\0302t\360\357\377\233"
 4018      CDC6A4C1 
 4018      43DE1832 
 4018      74F0EFFF 
 4018      9B
 4019 0d5e B4201D04 		.ascii	"\264 \035\004+\017\337(\257\"\324N\323\024+\352|8\225"
 4019      2B0FDF28 
ARM GAS  /tmp/cczJJwGy.s 			page 122


 4019      AF22D44E 
 4019      D3142BEA 
 4019      7C3895
 4020 0d71 9B518106 		.ascii	"\233Q\201\006c\322\240\267\006\017\355?\344)\321\362"
 4020      63D2A0B7 
 4020      060FED3F 
 4020      E429D1F2 
 4021 0d81 89C7E5F3 		.ascii	"\211\307\345\363[jV[\344\233.\267\335\227\032tS\264"
 4021      5B6A565B 
 4021      E49B2EB7 
 4021      DD971A74 
 4021      53B4
 4022 0d93 B41BE1F4 		.ascii	"\264\033\341\364Y\321\036\237+\315\251\347\003\325\323"
 4022      59D11E9F 
 4022      2BCDA9E7 
 4022      03D5D3
 4023 0da2 844369F5 		.ascii	"\204Ci\365r\347x%}TZ\317\357\211\273+\335\236:\312\341"
 4023      72E77825 
 4023      7D545ACF 
 4023      EF89BB2B 
 4023      DD9E3ACA 
 4024 0db7 147176B9 		.ascii	"\024qv\271\207\247\272\355#1\3161o\362J\222s\264\313"
 4024      87A7BAED 
 4024      2331CE31 
 4024      6FF24A92 
 4024      73B4CB
 4025 0dca EE7C273D 		.ascii	"\356|'=\331\255\363\216I\267\353\255o\272\335\251za"
 4025      D9ADF38E 
 4025      49B7EBAD 
 4025      6FBADDA9 
 4025      7A61
 4026 0ddc 928E1BCF 		.ascii	"\222\216\033\317\255\300\364Jw\3321\311\345\263\305"
 4026      ADC0F44A 
 4026      77DA31C9 
 4026      E5B3C5
 4027 0deb E5B56678 		.ascii	"\345\265fx\334>\254:\035\355\360\302\225\356u\342\230"
 4027      DC3EAC3A 
 4027      1DEDF0C2 
 4027      95EE75E2 
 4027      98
 4028 0dfc 3862B0E2 		.ascii	"8b\260\342\343Y`u''{\235>\0037\0203\226[\357B\205\177"
 4028      E3596075 
 4028      27277B9D 
 4028      3E033710 
 4028      33965BEF 
 4029 0e13 0301AD43 		.ascii	"\003\001\255C\236"
 4029      9E
 4030              		.text
 4031              		.section	.gnu.lto_.symtab.8b305d42240ad5ab,"e",%progbits
 4032 0000 6469736B 		.ascii	"disk_initialize\000"
 4032      5F696E69 
 4032      7469616C 
 4032      697A6500 
 4033 0010 00       		.ascii	"\000"
 4034 0011 00       		.ascii	"\000"
 4035 0012 00       		.ascii	"\000"
 4036 0013 00000000 		.ascii	"\000\000\000\000\000\000\000\000"
ARM GAS  /tmp/cczJJwGy.s 			page 123


 4036      00000000 
 4037 001b 25010000 		.ascii	"%\001\000\000"
 4038 001f 6469736B 		.ascii	"disk_status\000"
 4038      5F737461 
 4038      74757300 
 4039 002b 00       		.ascii	"\000"
 4040 002c 00       		.ascii	"\000"
 4041 002d 00       		.ascii	"\000"
 4042 002e 00000000 		.ascii	"\000\000\000\000\000\000\000\000"
 4042      00000000 
 4043 0036 2A010000 		.ascii	"*\001\000\000"
 4044 003a 6469736B 		.ascii	"disk_read\000"
 4044      5F726561 
 4044      6400
 4045 0044 00       		.ascii	"\000"
 4046 0045 00       		.ascii	"\000"
 4047 0046 00       		.ascii	"\000"
 4048 0047 00000000 		.ascii	"\000\000\000\000\000\000\000\000"
 4048      00000000 
 4049 004f 37010000 		.ascii	"7\001\000\000"
 4050 0053 6469736B 		.ascii	"disk_write\000"
 4050      5F777269 
 4050      746500
 4051 005e 00       		.ascii	"\000"
 4052 005f 00       		.ascii	"\000"
 4053 0060 00       		.ascii	"\000"
 4054 0061 00000000 		.ascii	"\000\000\000\000\000\000\000\000"
 4054      00000000 
 4055 0069 44010000 		.ascii	"D\001\000\000"
 4056 006d 6469736B 		.ascii	"disk_ioctl\000"
 4056      5F696F63 
 4056      746C00
 4057 0078 00       		.ascii	"\000"
 4058 0079 00       		.ascii	"\000"
 4059 007a 00       		.ascii	"\000"
 4060 007b 00000000 		.ascii	"\000\000\000\000\000\000\000\000"
 4060      00000000 
 4061 0083 50010000 		.ascii	"P\001\000\000"
 4062 0087 6765745F 		.ascii	"get_fattime\000"
 4062      66617474 
 4062      696D6500 
 4063 0093 00       		.ascii	"\000"
 4064 0094 00       		.ascii	"\000"
 4065 0095 00       		.ascii	"\000"
 4066 0096 00000000 		.ascii	"\000\000\000\000\000\000\000\000"
 4066      00000000 
 4067 009e 56010000 		.ascii	"V\001\000\000"
 4068 00a2 53444344 		.ascii	"SDCD1\000"
 4068      3100
 4069 00a8 00       		.ascii	"\000"
 4070 00a9 02       		.ascii	"\002"
 4071 00aa 00       		.ascii	"\000"
 4072 00ab 00000000 		.ascii	"\000\000\000\000\000\000\000\000"
 4072      00000000 
 4073 00b3 58010000 		.ascii	"X\001\000\000"
 4074              		.text
 4075              		.section	.gnu.lto_.ext_symtab.8b305d42240ad5ab,"e",%progbits
ARM GAS  /tmp/cczJJwGy.s 			page 124


 4076 0000 01       		.ascii	"\001"
 4077 0001 01       		.ascii	"\001"
 4078 0002 00       		.ascii	"\000"
 4079 0003 01       		.ascii	"\001"
 4080 0004 00       		.ascii	"\000"
 4081 0005 01       		.ascii	"\001"
 4082 0006 00       		.ascii	"\000"
 4083 0007 01       		.ascii	"\001"
 4084 0008 00       		.ascii	"\000"
 4085 0009 01       		.ascii	"\001"
 4086 000a 00       		.ascii	"\000"
 4087 000b 01       		.ascii	"\001"
 4088 000c 00       		.ascii	"\000"
 4089 000d 02       		.ascii	"\002"
 4090 000e 01       		.ascii	"\001"
 4091              		.text
 4092              		.section	.gnu.lto_.opts,"e",%progbits
 4093 0000 272D666E 		.ascii	"'-fno-openmp' '-fno-openacc' '-fno-pie' '-fcf-prote"
 4093      6F2D6F70 
 4093      656E6D70 
 4093      2720272D 
 4093      666E6F2D 
 4094 0033 6374696F 		.ascii	"ction=none' '-g' '-mcpu=cortex-m7' '-mthumb' '-mflo"
 4094      6E3D6E6F 
 4094      6E652720 
 4094      272D6727 
 4094      20272D6D 
 4095 0066 61742D61 		.ascii	"at-abi=hard' '-mfpu=fpv5-d16' '-mlibarch=armv7e-m+f"
 4095      62693D68 
 4095      61726427 
 4095      20272D6D 
 4095      6670753D 
 4096 0099 702E6470 		.ascii	"p.dp' '-march=armv7e-m+fp.dp' '-O2' '-fomit-frame-p"
 4096      2720272D 
 4096      6D617263 
 4096      683D6172 
 4096      6D763765 
 4097 00cc 6F696E74 		.ascii	"ointer' '-falign-functions=16' '-ffunction-sections"
 4097      65722720 
 4097      272D6661 
 4097      6C69676E 
 4097      2D66756E 
 4098 00ff 2720272D 		.ascii	"' '-fdata-sections' '-fno-common' '-flto' '-Xassemb"
 4098      66646174 
 4098      612D7365 
 4098      6374696F 
 4098      6E732720 
 4099 0132 6C657227 		.ascii	"ler' '-alms=build/lst/fatfs_diskio.lst'\000"
 4099      20272D61 
 4099      6C6D733D 
 4099      6275696C 
 4099      642F6C73 
 4100              		.text
 4101              		.comm	__gnu_lto_slim,1,1
 4102              		.ident	"GCC: (15:10.3-2021.07-4) 10.3.1 20210621 (release)"
ARM GAS  /tmp/cczJJwGy.s 			page 125


DEFINED SYMBOLS
                            *ABS*:0000000000000000 fatfs_diskio.c
     /tmp/cczJJwGy.s:37     .gnu.debuglto_.debug_info:0000000000000000 fatfs_diskio.c.c0283ba9
                            *COM*:0000000000000001 __gnu_lto_slim

NO UNDEFINED SYMBOLS
