ARM GAS  /tmp/ccGInzCj.s 			page 1


   1              		.cpu cortex-m7
   2              		.eabi_attribute 28, 1
   3              		.eabi_attribute 20, 1
   4              		.eabi_attribute 21, 1
   5              		.eabi_attribute 23, 3
   6              		.eabi_attribute 24, 1
   7              		.eabi_attribute 25, 1
   8              		.eabi_attribute 26, 1
   9              		.eabi_attribute 30, 2
  10              		.eabi_attribute 34, 1
  11              		.eabi_attribute 18, 4
  12              		.file	"hal_flash.c"
  13              		.file 1 "/usr/lib/gcc/arm-none-eabi/10.3.1/include/stddef.h"
  14              		.file 2 "/usr/lib/gcc/arm-none-eabi/10.3.1/include/stdint.h"
  15              		.file 3 "third_party/ChibiOS/os/rt/include/chtime.h"
  16              		.file 4 "third_party/ChibiOS/os/hal/include/hal_flash.h"
  17              		.file 5 "third_party/ChibiOS/os/hal/src/hal_flash.c"
  18              		.file 6 "third_party/ChibiOS/os/hal/osal/rt-nil/osal.h"
  19              		.section	.gnu.debuglto_.debug_info,"e",%progbits
  20              	.Ldebug_info0:
  21              		.hidden	hal_flash.c.1dbf177a
  22              		.weak	hal_flash.c.1dbf177a
  23              	hal_flash.c.1dbf177a:
  24 0000 B6050000 		.4byte	0x5b6
  25 0004 0400     		.2byte	0x4
  26 0006 00000000 		.4byte	.Ldebug_abbrev0
  27 000a 04       		.byte	0x4
  28 000b 01       		.uleb128 0x1
  29 000c 66010000 		.4byte	.LASF73
  30 0010 0C       		.byte	0xc
  31 0011 D6020000 		.4byte	.LASF74
  32 0015 F6000000 		.4byte	.LASF75
  33 0019 00000000 		.4byte	.Ldebug_line0
  34 001d 02       		.uleb128 0x2
  35 001e 04       		.byte	0x4
  36 001f 05       		.byte	0x5
  37 0020 696E7400 		.ascii	"int\000"
  38 0024 03       		.uleb128 0x3
  39 0025 FE030000 		.4byte	.LASF6
  40 0029 01       		.byte	0x1
  41 002a D1       		.byte	0xd1
  42 002b 17       		.byte	0x17
  43 002c 30000000 		.4byte	0x30
  44 0030 04       		.uleb128 0x4
  45 0031 04       		.byte	0x4
  46 0032 07       		.byte	0x7
  47 0033 59030000 		.4byte	.LASF0
  48 0037 04       		.uleb128 0x4
  49 0038 08       		.byte	0x8
  50 0039 05       		.byte	0x5
  51 003a 94000000 		.4byte	.LASF1
  52 003e 04       		.uleb128 0x4
  53 003f 08       		.byte	0x8
  54 0040 04       		.byte	0x4
  55 0041 5A010000 		.4byte	.LASF2
  56 0045 04       		.uleb128 0x4
  57 0046 01       		.byte	0x1
ARM GAS  /tmp/ccGInzCj.s 			page 2


  58 0047 06       		.byte	0x6
  59 0048 2C030000 		.4byte	.LASF3
  60 004c 04       		.uleb128 0x4
  61 004d 02       		.byte	0x2
  62 004e 05       		.byte	0x5
  63 004f 72000000 		.4byte	.LASF4
  64 0053 04       		.uleb128 0x4
  65 0054 04       		.byte	0x4
  66 0055 05       		.byte	0x5
  67 0056 EA030000 		.4byte	.LASF5
  68 005a 03       		.uleb128 0x3
  69 005b 17010000 		.4byte	.LASF7
  70 005f 02       		.byte	0x2
  71 0060 2E       		.byte	0x2e
  72 0061 18       		.byte	0x18
  73 0062 6B000000 		.4byte	0x6b
  74 0066 05       		.uleb128 0x5
  75 0067 5A000000 		.4byte	0x5a
  76 006b 04       		.uleb128 0x4
  77 006c 01       		.byte	0x1
  78 006d 08       		.byte	0x8
  79 006e 08030000 		.4byte	.LASF8
  80 0072 04       		.uleb128 0x4
  81 0073 02       		.byte	0x2
  82 0074 07       		.byte	0x7
  83 0075 9D030000 		.4byte	.LASF9
  84 0079 03       		.uleb128 0x3
  85 007a 3C010000 		.4byte	.LASF10
  86 007e 02       		.byte	0x2
  87 007f 34       		.byte	0x34
  88 0080 19       		.byte	0x19
  89 0081 85000000 		.4byte	0x85
  90 0085 04       		.uleb128 0x4
  91 0086 04       		.byte	0x4
  92 0087 07       		.byte	0x7
  93 0088 32040000 		.4byte	.LASF11
  94 008c 03       		.uleb128 0x3
  95 008d 5A000000 		.4byte	.LASF12
  96 0091 02       		.byte	0x2
  97 0092 37       		.byte	0x37
  98 0093 19       		.byte	0x19
  99 0094 98000000 		.4byte	0x98
 100 0098 04       		.uleb128 0x4
 101 0099 08       		.byte	0x8
 102 009a 07       		.byte	0x7
 103 009b 71020000 		.4byte	.LASF13
 104 009f 04       		.uleb128 0x4
 105 00a0 01       		.byte	0x1
 106 00a1 08       		.byte	0x8
 107 00a2 D6030000 		.4byte	.LASF14
 108 00a6 05       		.uleb128 0x5
 109 00a7 9F000000 		.4byte	0x9f
 110 00ab 03       		.uleb128 0x3
 111 00ac 0B040000 		.4byte	.LASF15
 112 00b0 03       		.byte	0x3
 113 00b1 79       		.byte	0x79
 114 00b2 12       		.byte	0x12
ARM GAS  /tmp/ccGInzCj.s 			page 3


 115 00b3 79000000 		.4byte	0x79
 116 00b7 03       		.uleb128 0x3
 117 00b8 19040000 		.4byte	.LASF16
 118 00bc 03       		.byte	0x3
 119 00bd 9B       		.byte	0x9b
 120 00be 12       		.byte	0x12
 121 00bf 8C000000 		.4byte	0x8c
 122 00c3 06       		.uleb128 0x6
 123 00c4 04       		.byte	0x4
 124 00c5 04       		.uleb128 0x4
 125 00c6 01       		.byte	0x1
 126 00c7 02       		.byte	0x2
 127 00c8 05040000 		.4byte	.LASF17
 128 00cc 07       		.uleb128 0x7
 129 00cd 04       		.byte	0x4
 130 00ce 5A000000 		.4byte	0x5a
 131 00d2 07       		.uleb128 0x7
 132 00d3 04       		.byte	0x4
 133 00d4 66000000 		.4byte	0x66
 134 00d8 08       		.uleb128 0x8
 135 00d9 07       		.byte	0x7
 136 00da 01       		.byte	0x1
 137 00db 6B000000 		.4byte	0x6b
 138 00df 04       		.byte	0x4
 139 00e0 57       		.byte	0x57
 140 00e1 0E       		.byte	0xe
 141 00e2 0B010000 		.4byte	0x10b
 142 00e6 09       		.uleb128 0x9
 143 00e7 25040000 		.4byte	.LASF18
 144 00eb 00       		.byte	0
 145 00ec 09       		.uleb128 0x9
 146 00ed E6040000 		.4byte	.LASF19
 147 00f1 01       		.byte	0x1
 148 00f2 09       		.uleb128 0x9
 149 00f3 73040000 		.4byte	.LASF20
 150 00f7 02       		.byte	0x2
 151 00f8 09       		.uleb128 0x9
 152 00f9 F3030000 		.4byte	.LASF21
 153 00fd 03       		.byte	0x3
 154 00fe 09       		.uleb128 0x9
 155 00ff 7F040000 		.4byte	.LASF22
 156 0103 04       		.byte	0x4
 157 0104 09       		.uleb128 0x9
 158 0105 4D030000 		.4byte	.LASF23
 159 0109 05       		.byte	0x5
 160 010a 00       		.byte	0
 161 010b 03       		.uleb128 0x3
 162 010c 34000000 		.4byte	.LASF24
 163 0110 04       		.byte	0x4
 164 0111 5E       		.byte	0x5e
 165 0112 03       		.byte	0x3
 166 0113 D8000000 		.4byte	0xd8
 167 0117 08       		.uleb128 0x8
 168 0118 07       		.byte	0x7
 169 0119 01       		.byte	0x1
 170 011a 6B000000 		.4byte	0x6b
 171 011e 04       		.byte	0x4
ARM GAS  /tmp/ccGInzCj.s 			page 4


 172 011f 63       		.byte	0x63
 173 0120 0E       		.byte	0xe
 174 0121 56010000 		.4byte	0x156
 175 0125 09       		.uleb128 0x9
 176 0126 B7030000 		.4byte	.LASF25
 177 012a 00       		.byte	0
 178 012b 09       		.uleb128 0x9
 179 012c 79030000 		.4byte	.LASF26
 180 0130 01       		.byte	0x1
 181 0131 09       		.uleb128 0x9
 182 0132 8C030000 		.4byte	.LASF27
 183 0136 02       		.byte	0x2
 184 0137 09       		.uleb128 0x9
 185 0138 8E040000 		.4byte	.LASF28
 186 013c 03       		.byte	0x3
 187 013d 09       		.uleb128 0x9
 188 013e 42000000 		.4byte	.LASF29
 189 0142 04       		.byte	0x4
 190 0143 09       		.uleb128 0x9
 191 0144 A2040000 		.4byte	.LASF30
 192 0148 05       		.byte	0x5
 193 0149 09       		.uleb128 0x9
 194 014a CA040000 		.4byte	.LASF31
 195 014e 06       		.byte	0x6
 196 014f 09       		.uleb128 0x9
 197 0150 40020000 		.4byte	.LASF32
 198 0154 07       		.byte	0x7
 199 0155 00       		.byte	0
 200 0156 03       		.uleb128 0x3
 201 0157 86000000 		.4byte	.LASF33
 202 015b 04       		.byte	0x4
 203 015c 6C       		.byte	0x6c
 204 015d 03       		.byte	0x3
 205 015e 17010000 		.4byte	0x117
 206 0162 03       		.uleb128 0x3
 207 0163 DB030000 		.4byte	.LASF34
 208 0167 04       		.byte	0x4
 209 0168 71       		.byte	0x71
 210 0169 12       		.byte	0x12
 211 016a 79000000 		.4byte	0x79
 212 016e 03       		.uleb128 0x3
 213 016f C8000000 		.4byte	.LASF35
 214 0173 04       		.byte	0x4
 215 0174 76       		.byte	0x76
 216 0175 12       		.byte	0x12
 217 0176 79000000 		.4byte	0x79
 218 017a 0A       		.uleb128 0xa
 219 017b 08       		.byte	0x8
 220 017c 04       		.byte	0x4
 221 017d 7B       		.byte	0x7b
 222 017e 09       		.byte	0x9
 223 017f 9E010000 		.4byte	0x19e
 224 0183 0B       		.uleb128 0xb
 225 0184 B0030000 		.4byte	.LASF36
 226 0188 04       		.byte	0x4
 227 0189 7F       		.byte	0x7f
 228 018a 19       		.byte	0x19
ARM GAS  /tmp/ccGInzCj.s 			page 5


 229 018b 62010000 		.4byte	0x162
 230 018f 00       		.byte	0
 231 0190 0B       		.uleb128 0xb
 232 0191 6E040000 		.4byte	.LASF37
 233 0195 04       		.byte	0x4
 234 0196 83       		.byte	0x83
 235 0197 19       		.byte	0x19
 236 0198 79000000 		.4byte	0x79
 237 019c 04       		.byte	0x4
 238 019d 00       		.byte	0
 239 019e 03       		.uleb128 0x3
 240 019f BC020000 		.4byte	.LASF38
 241 01a3 04       		.byte	0x4
 242 01a4 84       		.byte	0x84
 243 01a5 03       		.byte	0x3
 244 01a6 7A010000 		.4byte	0x17a
 245 01aa 05       		.uleb128 0x5
 246 01ab 9E010000 		.4byte	0x19e
 247 01af 0A       		.uleb128 0xa
 248 01b0 1C       		.byte	0x1c
 249 01b1 04       		.byte	0x4
 250 01b2 89       		.byte	0x89
 251 01b3 09       		.byte	0x9
 252 01b4 14020000 		.4byte	0x214
 253 01b8 0B       		.uleb128 0xb
 254 01b9 29000000 		.4byte	.LASF39
 255 01bd 04       		.byte	0x4
 256 01be 8D       		.byte	0x8d
 257 01bf 19       		.byte	0x19
 258 01c0 79000000 		.4byte	0x79
 259 01c4 00       		.byte	0
 260 01c5 0B       		.uleb128 0xb
 261 01c6 7C000000 		.4byte	.LASF40
 262 01ca 04       		.byte	0x4
 263 01cb 91       		.byte	0x91
 264 01cc 19       		.byte	0x19
 265 01cd 79000000 		.4byte	0x79
 266 01d1 04       		.byte	0x4
 267 01d2 0B       		.uleb128 0xb
 268 01d3 F1040000 		.4byte	.LASF41
 269 01d7 04       		.byte	0x4
 270 01d8 95       		.byte	0x95
 271 01d9 19       		.byte	0x19
 272 01da 6E010000 		.4byte	0x16e
 273 01de 08       		.byte	0x8
 274 01df 0B       		.uleb128 0xb
 275 01e0 59040000 		.4byte	.LASF42
 276 01e4 04       		.byte	0x4
 277 01e5 9B       		.byte	0x9b
 278 01e6 24       		.byte	0x24
 279 01e7 14020000 		.4byte	0x214
 280 01eb 0C       		.byte	0xc
 281 01ec 0B       		.uleb128 0xb
 282 01ed 40030000 		.4byte	.LASF43
 283 01f1 04       		.byte	0x4
 284 01f2 A1       		.byte	0xa1
 285 01f3 19       		.byte	0x19
ARM GAS  /tmp/ccGInzCj.s 			page 6


 286 01f4 79000000 		.4byte	0x79
 287 01f8 10       		.byte	0x10
 288 01f9 0B       		.uleb128 0xb
 289 01fa 38030000 		.4byte	.LASF44
 290 01fe 04       		.byte	0x4
 291 01ff A6       		.byte	0xa6
 292 0200 1A       		.byte	0x1a
 293 0201 CC000000 		.4byte	0xcc
 294 0205 14       		.byte	0x14
 295 0206 0B       		.uleb128 0xb
 296 0207 6E040000 		.4byte	.LASF37
 297 020b 04       		.byte	0x4
 298 020c AA       		.byte	0xaa
 299 020d 19       		.byte	0x19
 300 020e 79000000 		.4byte	0x79
 301 0212 18       		.byte	0x18
 302 0213 00       		.byte	0
 303 0214 07       		.uleb128 0x7
 304 0215 04       		.byte	0x4
 305 0216 AA010000 		.4byte	0x1aa
 306 021a 03       		.uleb128 0x3
 307 021b 66030000 		.4byte	.LASF45
 308 021f 04       		.byte	0x4
 309 0220 AB       		.byte	0xab
 310 0221 03       		.byte	0x3
 311 0222 AF010000 		.4byte	0x1af
 312 0226 05       		.uleb128 0x5
 313 0227 1A020000 		.4byte	0x21a
 314 022b 0C       		.uleb128 0xc
 315 022c D7000000 		.4byte	.LASF76
 316 0230 28       		.byte	0x28
 317 0231 04       		.byte	0x4
 318 0232 D0       		.byte	0xd0
 319 0233 08       		.byte	0x8
 320 0234 BB020000 		.4byte	0x2bb
 321 0238 0B       		.uleb128 0xb
 322 0239 88020000 		.4byte	.LASF46
 323 023d 04       		.byte	0x4
 324 023e D1       		.byte	0xd1
 325 023f 03       		.byte	0x3
 326 0240 24000000 		.4byte	0x24
 327 0244 00       		.byte	0
 328 0245 0B       		.uleb128 0xb
 329 0246 63000000 		.4byte	.LASF47
 330 024a 04       		.byte	0x4
 331 024b D1       		.byte	0xd1
 332 024c 03       		.byte	0x3
 333 024d D5020000 		.4byte	0x2d5
 334 0251 04       		.byte	0x4
 335 0252 0B       		.uleb128 0xb
 336 0253 5A020000 		.4byte	.LASF48
 337 0257 04       		.byte	0x4
 338 0258 D1       		.byte	0xd1
 339 0259 03       		.byte	0x3
 340 025a F9020000 		.4byte	0x2f9
 341 025e 08       		.byte	0x8
 342 025f 0B       		.uleb128 0xb
ARM GAS  /tmp/ccGInzCj.s 			page 7


 343 0260 34010000 		.4byte	.LASF49
 344 0264 04       		.byte	0x4
 345 0265 D1       		.byte	0xd1
 346 0266 03       		.byte	0x3
 347 0267 1D030000 		.4byte	0x31d
 348 026b 0C       		.byte	0xc
 349 026c 0B       		.uleb128 0xb
 350 026d B8000000 		.4byte	.LASF50
 351 0271 04       		.byte	0x4
 352 0272 D1       		.byte	0xd1
 353 0273 03       		.byte	0x3
 354 0274 32030000 		.4byte	0x332
 355 0278 10       		.byte	0x10
 356 0279 0B       		.uleb128 0xb
 357 027a A9020000 		.4byte	.LASF51
 358 027e 04       		.byte	0x4
 359 027f D1       		.byte	0xd1
 360 0280 03       		.byte	0x3
 361 0281 4C030000 		.4byte	0x34c
 362 0285 14       		.byte	0x14
 363 0286 0B       		.uleb128 0xb
 364 0287 98020000 		.4byte	.LASF52
 365 028b 04       		.byte	0x4
 366 028c D1       		.byte	0xd1
 367 028d 03       		.byte	0x3
 368 028e 6C030000 		.4byte	0x36c
 369 0292 18       		.byte	0x18
 370 0293 0B       		.uleb128 0xb
 371 0294 1F030000 		.4byte	.LASF53
 372 0298 04       		.byte	0x4
 373 0299 D1       		.byte	0xd1
 374 029a 03       		.byte	0x3
 375 029b 4C030000 		.4byte	0x34c
 376 029f 1C       		.byte	0x1c
 377 02a0 0B       		.uleb128 0xb
 378 02a1 5F020000 		.4byte	.LASF54
 379 02a5 04       		.byte	0x4
 380 02a6 D1       		.byte	0xd1
 381 02a7 03       		.byte	0x3
 382 02a8 32030000 		.4byte	0x332
 383 02ac 20       		.byte	0x20
 384 02ad 0B       		.uleb128 0xb
 385 02ae E4000000 		.4byte	.LASF55
 386 02b2 04       		.byte	0x4
 387 02b3 D1       		.byte	0xd1
 388 02b4 03       		.byte	0x3
 389 02b5 32030000 		.4byte	0x332
 390 02b9 24       		.byte	0x24
 391 02ba 00       		.byte	0
 392 02bb 05       		.uleb128 0x5
 393 02bc 2B020000 		.4byte	0x22b
 394 02c0 0D       		.uleb128 0xd
 395 02c1 CF020000 		.4byte	0x2cf
 396 02c5 CF020000 		.4byte	0x2cf
 397 02c9 0E       		.uleb128 0xe
 398 02ca C3000000 		.4byte	0xc3
 399 02ce 00       		.byte	0
ARM GAS  /tmp/ccGInzCj.s 			page 8


 400 02cf 07       		.uleb128 0x7
 401 02d0 04       		.byte	0x4
 402 02d1 26020000 		.4byte	0x226
 403 02d5 07       		.uleb128 0x7
 404 02d6 04       		.byte	0x4
 405 02d7 C0020000 		.4byte	0x2c0
 406 02db 0D       		.uleb128 0xd
 407 02dc 56010000 		.4byte	0x156
 408 02e0 F9020000 		.4byte	0x2f9
 409 02e4 0E       		.uleb128 0xe
 410 02e5 C3000000 		.4byte	0xc3
 411 02e9 0E       		.uleb128 0xe
 412 02ea 62010000 		.4byte	0x162
 413 02ee 0E       		.uleb128 0xe
 414 02ef 24000000 		.4byte	0x24
 415 02f3 0E       		.uleb128 0xe
 416 02f4 CC000000 		.4byte	0xcc
 417 02f8 00       		.byte	0
 418 02f9 07       		.uleb128 0x7
 419 02fa 04       		.byte	0x4
 420 02fb DB020000 		.4byte	0x2db
 421 02ff 0D       		.uleb128 0xd
 422 0300 56010000 		.4byte	0x156
 423 0304 1D030000 		.4byte	0x31d
 424 0308 0E       		.uleb128 0xe
 425 0309 C3000000 		.4byte	0xc3
 426 030d 0E       		.uleb128 0xe
 427 030e 62010000 		.4byte	0x162
 428 0312 0E       		.uleb128 0xe
 429 0313 24000000 		.4byte	0x24
 430 0317 0E       		.uleb128 0xe
 431 0318 D2000000 		.4byte	0xd2
 432 031c 00       		.byte	0
 433 031d 07       		.uleb128 0x7
 434 031e 04       		.byte	0x4
 435 031f FF020000 		.4byte	0x2ff
 436 0323 0D       		.uleb128 0xd
 437 0324 56010000 		.4byte	0x156
 438 0328 32030000 		.4byte	0x332
 439 032c 0E       		.uleb128 0xe
 440 032d C3000000 		.4byte	0xc3
 441 0331 00       		.byte	0
 442 0332 07       		.uleb128 0x7
 443 0333 04       		.byte	0x4
 444 0334 23030000 		.4byte	0x323
 445 0338 0D       		.uleb128 0xd
 446 0339 56010000 		.4byte	0x156
 447 033d 4C030000 		.4byte	0x34c
 448 0341 0E       		.uleb128 0xe
 449 0342 C3000000 		.4byte	0xc3
 450 0346 0E       		.uleb128 0xe
 451 0347 6E010000 		.4byte	0x16e
 452 034b 00       		.byte	0
 453 034c 07       		.uleb128 0x7
 454 034d 04       		.byte	0x4
 455 034e 38030000 		.4byte	0x338
 456 0352 0D       		.uleb128 0xd
ARM GAS  /tmp/ccGInzCj.s 			page 9


 457 0353 56010000 		.4byte	0x156
 458 0357 66030000 		.4byte	0x366
 459 035b 0E       		.uleb128 0xe
 460 035c C3000000 		.4byte	0xc3
 461 0360 0E       		.uleb128 0xe
 462 0361 66030000 		.4byte	0x366
 463 0365 00       		.byte	0
 464 0366 07       		.uleb128 0x7
 465 0367 04       		.byte	0x4
 466 0368 79000000 		.4byte	0x79
 467 036c 07       		.uleb128 0x7
 468 036d 04       		.byte	0x4
 469 036e 52030000 		.4byte	0x352
 470 0372 0A       		.uleb128 0xa
 471 0373 08       		.byte	0x8
 472 0374 04       		.byte	0x4
 473 0375 E1       		.byte	0xe1
 474 0376 09       		.byte	0x9
 475 0377 96030000 		.4byte	0x396
 476 037b 0F       		.uleb128 0xf
 477 037c 766D7400 		.ascii	"vmt\000"
 478 0380 04       		.byte	0x4
 479 0381 E3       		.byte	0xe3
 480 0382 1E       		.byte	0x1e
 481 0383 96030000 		.4byte	0x396
 482 0387 00       		.byte	0
 483 0388 0B       		.uleb128 0xb
 484 0389 54000000 		.4byte	.LASF56
 485 038d 04       		.byte	0x4
 486 038e E4       		.byte	0xe4
 487 038f 03       		.byte	0x3
 488 0390 0B010000 		.4byte	0x10b
 489 0394 04       		.byte	0x4
 490 0395 00       		.byte	0
 491 0396 07       		.uleb128 0x7
 492 0397 04       		.byte	0x4
 493 0398 BB020000 		.4byte	0x2bb
 494 039c 03       		.uleb128 0x3
 495 039d C0040000 		.4byte	.LASF57
 496 03a1 04       		.byte	0x4
 497 03a2 E5       		.byte	0xe5
 498 03a3 03       		.byte	0x3
 499 03a4 72030000 		.4byte	0x372
 500 03a8 10       		.uleb128 0x10
 501 03a9 A2000000 		.4byte	.LASF60
 502 03ad 05       		.byte	0x5
 503 03ae C1       		.byte	0xc1
 504 03af 10       		.byte	0x10
 505 03b0 62010000 		.4byte	0x162
 506 03b4 E6030000 		.4byte	0x3e6
 507 03b8 11       		.uleb128 0x11
 508 03b9 89040000 		.4byte	.LASF58
 509 03bd 05       		.byte	0x5
 510 03be C1       		.byte	0xc1
 511 03bf 31       		.byte	0x31
 512 03c0 E6030000 		.4byte	0x3e6
 513 03c4 11       		.uleb128 0x11
ARM GAS  /tmp/ccGInzCj.s 			page 10


 514 03c5 A4020000 		.4byte	.LASF59
 515 03c9 05       		.byte	0x5
 516 03ca C1       		.byte	0xc1
 517 03cb 3D       		.byte	0x3d
 518 03cc C3000000 		.4byte	0xc3
 519 03d0 12       		.uleb128 0x12
 520 03d1 FF040000 		.4byte	.LASF62
 521 03d5 05       		.byte	0x5
 522 03d6 C2       		.byte	0xc2
 523 03d7 1D       		.byte	0x1d
 524 03d8 CF020000 		.4byte	0x2cf
 525 03dc 13       		.uleb128 0x13
 526 03dd 16030000 		.4byte	.LASF63
 527 03e1 FC030000 		.4byte	0x3fc
 528 03e5 00       		.byte	0
 529 03e6 07       		.uleb128 0x7
 530 03e7 04       		.byte	0x4
 531 03e8 9C030000 		.4byte	0x39c
 532 03ec 14       		.uleb128 0x14
 533 03ed A6000000 		.4byte	0xa6
 534 03f1 FC030000 		.4byte	0x3fc
 535 03f5 15       		.uleb128 0x15
 536 03f6 30000000 		.4byte	0x30
 537 03fa 15       		.byte	0x15
 538 03fb 00       		.byte	0
 539 03fc 05       		.uleb128 0x5
 540 03fd EC030000 		.4byte	0x3ec
 541 0401 10       		.uleb128 0x10
 542 0402 00000000 		.4byte	.LASF61
 543 0406 05       		.byte	0x5
 544 0407 B0       		.byte	0xb0
 545 0408 07       		.byte	0x7
 546 0409 C3000000 		.4byte	0xc3
 547 040d 3F040000 		.4byte	0x43f
 548 0411 11       		.uleb128 0x11
 549 0412 89040000 		.4byte	.LASF58
 550 0416 05       		.byte	0x5
 551 0417 B0       		.byte	0xb0
 552 0418 28       		.byte	0x28
 553 0419 E6030000 		.4byte	0x3e6
 554 041d 11       		.uleb128 0x11
 555 041e B0030000 		.4byte	.LASF36
 556 0422 05       		.byte	0x5
 557 0423 B0       		.byte	0xb0
 558 0424 3D       		.byte	0x3d
 559 0425 62010000 		.4byte	0x162
 560 0429 12       		.uleb128 0x12
 561 042a FF040000 		.4byte	.LASF62
 562 042e 05       		.byte	0x5
 563 042f B1       		.byte	0xb1
 564 0430 1D       		.byte	0x1d
 565 0431 CF020000 		.4byte	0x2cf
 566 0435 13       		.uleb128 0x13
 567 0436 16030000 		.4byte	.LASF63
 568 043a FC030000 		.4byte	0x3fc
 569 043e 00       		.byte	0
 570 043f 10       		.uleb128 0x10
ARM GAS  /tmp/ccGInzCj.s 			page 11


 571 0440 1F010000 		.4byte	.LASF64
 572 0444 05       		.byte	0x5
 573 0445 8B       		.byte	0x8b
 574 0446 10       		.byte	0x10
 575 0447 6E010000 		.4byte	0x16e
 576 044b AD040000 		.4byte	0x4ad
 577 044f 11       		.uleb128 0x11
 578 0450 89040000 		.4byte	.LASF58
 579 0454 05       		.byte	0x5
 580 0455 8B       		.byte	0x8b
 581 0456 30       		.byte	0x30
 582 0457 E6030000 		.4byte	0x3e6
 583 045b 11       		.uleb128 0x11
 584 045c B0030000 		.4byte	.LASF36
 585 0460 05       		.byte	0x5
 586 0461 8B       		.byte	0x8b
 587 0462 45       		.byte	0x45
 588 0463 62010000 		.4byte	0x162
 589 0467 12       		.uleb128 0x12
 590 0468 01030000 		.4byte	.LASF65
 591 046c 05       		.byte	0x5
 592 046d 8C       		.byte	0x8c
 593 046e 12       		.byte	0x12
 594 046f 6E010000 		.4byte	0x16e
 595 0473 16       		.uleb128 0x16
 596 0474 6900     		.ascii	"i\000"
 597 0476 05       		.byte	0x5
 598 0477 8C       		.byte	0x8c
 599 0478 1A       		.byte	0x1a
 600 0479 6E010000 		.4byte	0x16e
 601 047d 12       		.uleb128 0x12
 602 047e FF040000 		.4byte	.LASF62
 603 0482 05       		.byte	0x5
 604 0483 8D       		.byte	0x8d
 605 0484 1D       		.byte	0x1d
 606 0485 CF020000 		.4byte	0x2cf
 607 0489 13       		.uleb128 0x13
 608 048a 16030000 		.4byte	.LASF63
 609 048e BD040000 		.4byte	0x4bd
 610 0492 17       		.uleb128 0x17
 611 0493 12       		.uleb128 0x12
 612 0494 61040000 		.4byte	.LASF66
 613 0498 05       		.byte	0x5
 614 0499 92       		.byte	0x92
 615 049a 14       		.byte	0x14
 616 049b 62010000 		.4byte	0x162
 617 049f 12       		.uleb128 0x12
 618 04a0 B5040000 		.4byte	.LASF67
 619 04a4 05       		.byte	0x5
 620 04a5 93       		.byte	0x93
 621 04a6 14       		.byte	0x14
 622 04a7 62010000 		.4byte	0x162
 623 04ab 00       		.byte	0
 624 04ac 00       		.byte	0
 625 04ad 14       		.uleb128 0x14
 626 04ae A6000000 		.4byte	0xa6
 627 04b2 BD040000 		.4byte	0x4bd
ARM GAS  /tmp/ccGInzCj.s 			page 12


 628 04b6 15       		.uleb128 0x15
 629 04b7 30000000 		.4byte	0x30
 630 04bb 14       		.byte	0x14
 631 04bc 00       		.byte	0
 632 04bd 05       		.uleb128 0x5
 633 04be AD040000 		.4byte	0x4ad
 634 04c2 10       		.uleb128 0x10
 635 04c3 16000000 		.4byte	.LASF68
 636 04c7 05       		.byte	0x5
 637 04c8 71       		.byte	0x71
 638 04c9 0A       		.byte	0xa
 639 04ca 79000000 		.4byte	0x79
 640 04ce 0C050000 		.4byte	0x50c
 641 04d2 11       		.uleb128 0x11
 642 04d3 89040000 		.4byte	.LASF58
 643 04d7 05       		.byte	0x5
 644 04d8 71       		.byte	0x71
 645 04d9 28       		.byte	0x28
 646 04da E6030000 		.4byte	0x3e6
 647 04de 11       		.uleb128 0x11
 648 04df 01030000 		.4byte	.LASF65
 649 04e3 05       		.byte	0x5
 650 04e4 72       		.byte	0x72
 651 04e5 2C       		.byte	0x2c
 652 04e6 6E010000 		.4byte	0x16e
 653 04ea 12       		.uleb128 0x12
 654 04eb 6E040000 		.4byte	.LASF37
 655 04ef 05       		.byte	0x5
 656 04f0 73       		.byte	0x73
 657 04f1 0C       		.byte	0xc
 658 04f2 79000000 		.4byte	0x79
 659 04f6 12       		.uleb128 0x12
 660 04f7 FF040000 		.4byte	.LASF62
 661 04fb 05       		.byte	0x5
 662 04fc 74       		.byte	0x74
 663 04fd 1D       		.byte	0x1d
 664 04fe CF020000 		.4byte	0x2cf
 665 0502 13       		.uleb128 0x13
 666 0503 16030000 		.4byte	.LASF63
 667 0507 1C050000 		.4byte	0x51c
 668 050b 00       		.byte	0
 669 050c 14       		.uleb128 0x14
 670 050d A6000000 		.4byte	0xa6
 671 0511 1C050000 		.4byte	0x51c
 672 0515 15       		.uleb128 0x15
 673 0516 30000000 		.4byte	0x30
 674 051a 12       		.byte	0x12
 675 051b 00       		.byte	0
 676 051c 05       		.uleb128 0x5
 677 051d 0C050000 		.4byte	0x50c
 678 0521 10       		.uleb128 0x10
 679 0522 44040000 		.4byte	.LASF69
 680 0526 05       		.byte	0x5
 681 0527 57       		.byte	0x57
 682 0528 10       		.byte	0x10
 683 0529 62010000 		.4byte	0x162
 684 052d 6B050000 		.4byte	0x56b
ARM GAS  /tmp/ccGInzCj.s 			page 13


 685 0531 11       		.uleb128 0x11
 686 0532 89040000 		.4byte	.LASF58
 687 0536 05       		.byte	0x5
 688 0537 57       		.byte	0x57
 689 0538 30       		.byte	0x30
 690 0539 E6030000 		.4byte	0x3e6
 691 053d 11       		.uleb128 0x11
 692 053e 01030000 		.4byte	.LASF65
 693 0542 05       		.byte	0x5
 694 0543 58       		.byte	0x58
 695 0544 34       		.byte	0x34
 696 0545 6E010000 		.4byte	0x16e
 697 0549 12       		.uleb128 0x12
 698 054a B0030000 		.4byte	.LASF36
 699 054e 05       		.byte	0x5
 700 054f 59       		.byte	0x59
 701 0550 12       		.byte	0x12
 702 0551 62010000 		.4byte	0x162
 703 0555 12       		.uleb128 0x12
 704 0556 FF040000 		.4byte	.LASF62
 705 055a 05       		.byte	0x5
 706 055b 5A       		.byte	0x5a
 707 055c 1D       		.byte	0x1d
 708 055d CF020000 		.4byte	0x2cf
 709 0561 13       		.uleb128 0x13
 710 0562 16030000 		.4byte	.LASF63
 711 0566 BD040000 		.4byte	0x4bd
 712 056a 00       		.byte	0
 713 056b 10       		.uleb128 0x10
 714 056c 45010000 		.4byte	.LASF70
 715 0570 05       		.byte	0x5
 716 0571 3D       		.byte	0x3d
 717 0572 0F       		.byte	0xf
 718 0573 56010000 		.4byte	0x156
 719 0577 A2050000 		.4byte	0x5a2
 720 057b 11       		.uleb128 0x11
 721 057c 89040000 		.4byte	.LASF58
 722 0580 05       		.byte	0x5
 723 0581 3D       		.byte	0x3d
 724 0582 29       		.byte	0x29
 725 0583 E6030000 		.4byte	0x3e6
 726 0587 17       		.uleb128 0x17
 727 0588 16       		.uleb128 0x16
 728 0589 65727200 		.ascii	"err\000"
 729 058d 05       		.byte	0x5
 730 058e 40       		.byte	0x40
 731 058f 13       		.byte	0x13
 732 0590 56010000 		.4byte	0x156
 733 0594 12       		.uleb128 0x12
 734 0595 E1040000 		.4byte	.LASF71
 735 0599 05       		.byte	0x5
 736 059a 41       		.byte	0x41
 737 059b 0E       		.byte	0xe
 738 059c 79000000 		.4byte	0x79
 739 05a0 00       		.byte	0
 740 05a1 00       		.byte	0
 741 05a2 18       		.uleb128 0x18
ARM GAS  /tmp/ccGInzCj.s 			page 14


 742 05a3 C6030000 		.4byte	.LASF77
 743 05a7 06       		.byte	0x6
 744 05a8 1003     		.2byte	0x310
 745 05aa 14       		.byte	0x14
 746 05ab 19       		.uleb128 0x19
 747 05ac 54010000 		.4byte	.LASF72
 748 05b0 06       		.byte	0x6
 749 05b1 1003     		.2byte	0x310
 750 05b3 32       		.byte	0x32
 751 05b4 AB000000 		.4byte	0xab
 752 05b8 00       		.byte	0
 753 05b9 00       		.byte	0
 754              		.section	.gnu.debuglto_.debug_abbrev,"e",%progbits
 755              	.Ldebug_abbrev0:
 756 0000 01       		.uleb128 0x1
 757 0001 11       		.uleb128 0x11
 758 0002 01       		.byte	0x1
 759 0003 25       		.uleb128 0x25
 760 0004 0E       		.uleb128 0xe
 761 0005 13       		.uleb128 0x13
 762 0006 0B       		.uleb128 0xb
 763 0007 03       		.uleb128 0x3
 764 0008 0E       		.uleb128 0xe
 765 0009 1B       		.uleb128 0x1b
 766 000a 0E       		.uleb128 0xe
 767 000b 10       		.uleb128 0x10
 768 000c 17       		.uleb128 0x17
 769 000d 00       		.byte	0
 770 000e 00       		.byte	0
 771 000f 02       		.uleb128 0x2
 772 0010 24       		.uleb128 0x24
 773 0011 00       		.byte	0
 774 0012 0B       		.uleb128 0xb
 775 0013 0B       		.uleb128 0xb
 776 0014 3E       		.uleb128 0x3e
 777 0015 0B       		.uleb128 0xb
 778 0016 03       		.uleb128 0x3
 779 0017 08       		.uleb128 0x8
 780 0018 00       		.byte	0
 781 0019 00       		.byte	0
 782 001a 03       		.uleb128 0x3
 783 001b 16       		.uleb128 0x16
 784 001c 00       		.byte	0
 785 001d 03       		.uleb128 0x3
 786 001e 0E       		.uleb128 0xe
 787 001f 3A       		.uleb128 0x3a
 788 0020 0B       		.uleb128 0xb
 789 0021 3B       		.uleb128 0x3b
 790 0022 0B       		.uleb128 0xb
 791 0023 39       		.uleb128 0x39
 792 0024 0B       		.uleb128 0xb
 793 0025 49       		.uleb128 0x49
 794 0026 13       		.uleb128 0x13
 795 0027 00       		.byte	0
 796 0028 00       		.byte	0
 797 0029 04       		.uleb128 0x4
 798 002a 24       		.uleb128 0x24
ARM GAS  /tmp/ccGInzCj.s 			page 15


 799 002b 00       		.byte	0
 800 002c 0B       		.uleb128 0xb
 801 002d 0B       		.uleb128 0xb
 802 002e 3E       		.uleb128 0x3e
 803 002f 0B       		.uleb128 0xb
 804 0030 03       		.uleb128 0x3
 805 0031 0E       		.uleb128 0xe
 806 0032 00       		.byte	0
 807 0033 00       		.byte	0
 808 0034 05       		.uleb128 0x5
 809 0035 26       		.uleb128 0x26
 810 0036 00       		.byte	0
 811 0037 49       		.uleb128 0x49
 812 0038 13       		.uleb128 0x13
 813 0039 00       		.byte	0
 814 003a 00       		.byte	0
 815 003b 06       		.uleb128 0x6
 816 003c 0F       		.uleb128 0xf
 817 003d 00       		.byte	0
 818 003e 0B       		.uleb128 0xb
 819 003f 0B       		.uleb128 0xb
 820 0040 00       		.byte	0
 821 0041 00       		.byte	0
 822 0042 07       		.uleb128 0x7
 823 0043 0F       		.uleb128 0xf
 824 0044 00       		.byte	0
 825 0045 0B       		.uleb128 0xb
 826 0046 0B       		.uleb128 0xb
 827 0047 49       		.uleb128 0x49
 828 0048 13       		.uleb128 0x13
 829 0049 00       		.byte	0
 830 004a 00       		.byte	0
 831 004b 08       		.uleb128 0x8
 832 004c 04       		.uleb128 0x4
 833 004d 01       		.byte	0x1
 834 004e 3E       		.uleb128 0x3e
 835 004f 0B       		.uleb128 0xb
 836 0050 0B       		.uleb128 0xb
 837 0051 0B       		.uleb128 0xb
 838 0052 49       		.uleb128 0x49
 839 0053 13       		.uleb128 0x13
 840 0054 3A       		.uleb128 0x3a
 841 0055 0B       		.uleb128 0xb
 842 0056 3B       		.uleb128 0x3b
 843 0057 0B       		.uleb128 0xb
 844 0058 39       		.uleb128 0x39
 845 0059 0B       		.uleb128 0xb
 846 005a 01       		.uleb128 0x1
 847 005b 13       		.uleb128 0x13
 848 005c 00       		.byte	0
 849 005d 00       		.byte	0
 850 005e 09       		.uleb128 0x9
 851 005f 28       		.uleb128 0x28
 852 0060 00       		.byte	0
 853 0061 03       		.uleb128 0x3
 854 0062 0E       		.uleb128 0xe
 855 0063 1C       		.uleb128 0x1c
ARM GAS  /tmp/ccGInzCj.s 			page 16


 856 0064 0B       		.uleb128 0xb
 857 0065 00       		.byte	0
 858 0066 00       		.byte	0
 859 0067 0A       		.uleb128 0xa
 860 0068 13       		.uleb128 0x13
 861 0069 01       		.byte	0x1
 862 006a 0B       		.uleb128 0xb
 863 006b 0B       		.uleb128 0xb
 864 006c 3A       		.uleb128 0x3a
 865 006d 0B       		.uleb128 0xb
 866 006e 3B       		.uleb128 0x3b
 867 006f 0B       		.uleb128 0xb
 868 0070 39       		.uleb128 0x39
 869 0071 0B       		.uleb128 0xb
 870 0072 01       		.uleb128 0x1
 871 0073 13       		.uleb128 0x13
 872 0074 00       		.byte	0
 873 0075 00       		.byte	0
 874 0076 0B       		.uleb128 0xb
 875 0077 0D       		.uleb128 0xd
 876 0078 00       		.byte	0
 877 0079 03       		.uleb128 0x3
 878 007a 0E       		.uleb128 0xe
 879 007b 3A       		.uleb128 0x3a
 880 007c 0B       		.uleb128 0xb
 881 007d 3B       		.uleb128 0x3b
 882 007e 0B       		.uleb128 0xb
 883 007f 39       		.uleb128 0x39
 884 0080 0B       		.uleb128 0xb
 885 0081 49       		.uleb128 0x49
 886 0082 13       		.uleb128 0x13
 887 0083 38       		.uleb128 0x38
 888 0084 0B       		.uleb128 0xb
 889 0085 00       		.byte	0
 890 0086 00       		.byte	0
 891 0087 0C       		.uleb128 0xc
 892 0088 13       		.uleb128 0x13
 893 0089 01       		.byte	0x1
 894 008a 03       		.uleb128 0x3
 895 008b 0E       		.uleb128 0xe
 896 008c 0B       		.uleb128 0xb
 897 008d 0B       		.uleb128 0xb
 898 008e 3A       		.uleb128 0x3a
 899 008f 0B       		.uleb128 0xb
 900 0090 3B       		.uleb128 0x3b
 901 0091 0B       		.uleb128 0xb
 902 0092 39       		.uleb128 0x39
 903 0093 0B       		.uleb128 0xb
 904 0094 01       		.uleb128 0x1
 905 0095 13       		.uleb128 0x13
 906 0096 00       		.byte	0
 907 0097 00       		.byte	0
 908 0098 0D       		.uleb128 0xd
 909 0099 15       		.uleb128 0x15
 910 009a 01       		.byte	0x1
 911 009b 27       		.uleb128 0x27
 912 009c 19       		.uleb128 0x19
ARM GAS  /tmp/ccGInzCj.s 			page 17


 913 009d 49       		.uleb128 0x49
 914 009e 13       		.uleb128 0x13
 915 009f 01       		.uleb128 0x1
 916 00a0 13       		.uleb128 0x13
 917 00a1 00       		.byte	0
 918 00a2 00       		.byte	0
 919 00a3 0E       		.uleb128 0xe
 920 00a4 05       		.uleb128 0x5
 921 00a5 00       		.byte	0
 922 00a6 49       		.uleb128 0x49
 923 00a7 13       		.uleb128 0x13
 924 00a8 00       		.byte	0
 925 00a9 00       		.byte	0
 926 00aa 0F       		.uleb128 0xf
 927 00ab 0D       		.uleb128 0xd
 928 00ac 00       		.byte	0
 929 00ad 03       		.uleb128 0x3
 930 00ae 08       		.uleb128 0x8
 931 00af 3A       		.uleb128 0x3a
 932 00b0 0B       		.uleb128 0xb
 933 00b1 3B       		.uleb128 0x3b
 934 00b2 0B       		.uleb128 0xb
 935 00b3 39       		.uleb128 0x39
 936 00b4 0B       		.uleb128 0xb
 937 00b5 49       		.uleb128 0x49
 938 00b6 13       		.uleb128 0x13
 939 00b7 38       		.uleb128 0x38
 940 00b8 0B       		.uleb128 0xb
 941 00b9 00       		.byte	0
 942 00ba 00       		.byte	0
 943 00bb 10       		.uleb128 0x10
 944 00bc 2E       		.uleb128 0x2e
 945 00bd 01       		.byte	0x1
 946 00be 3F       		.uleb128 0x3f
 947 00bf 19       		.uleb128 0x19
 948 00c0 03       		.uleb128 0x3
 949 00c1 0E       		.uleb128 0xe
 950 00c2 3A       		.uleb128 0x3a
 951 00c3 0B       		.uleb128 0xb
 952 00c4 3B       		.uleb128 0x3b
 953 00c5 0B       		.uleb128 0xb
 954 00c6 39       		.uleb128 0x39
 955 00c7 0B       		.uleb128 0xb
 956 00c8 27       		.uleb128 0x27
 957 00c9 19       		.uleb128 0x19
 958 00ca 49       		.uleb128 0x49
 959 00cb 13       		.uleb128 0x13
 960 00cc 01       		.uleb128 0x1
 961 00cd 13       		.uleb128 0x13
 962 00ce 00       		.byte	0
 963 00cf 00       		.byte	0
 964 00d0 11       		.uleb128 0x11
 965 00d1 05       		.uleb128 0x5
 966 00d2 00       		.byte	0
 967 00d3 03       		.uleb128 0x3
 968 00d4 0E       		.uleb128 0xe
 969 00d5 3A       		.uleb128 0x3a
ARM GAS  /tmp/ccGInzCj.s 			page 18


 970 00d6 0B       		.uleb128 0xb
 971 00d7 3B       		.uleb128 0x3b
 972 00d8 0B       		.uleb128 0xb
 973 00d9 39       		.uleb128 0x39
 974 00da 0B       		.uleb128 0xb
 975 00db 49       		.uleb128 0x49
 976 00dc 13       		.uleb128 0x13
 977 00dd 00       		.byte	0
 978 00de 00       		.byte	0
 979 00df 12       		.uleb128 0x12
 980 00e0 34       		.uleb128 0x34
 981 00e1 00       		.byte	0
 982 00e2 03       		.uleb128 0x3
 983 00e3 0E       		.uleb128 0xe
 984 00e4 3A       		.uleb128 0x3a
 985 00e5 0B       		.uleb128 0xb
 986 00e6 3B       		.uleb128 0x3b
 987 00e7 0B       		.uleb128 0xb
 988 00e8 39       		.uleb128 0x39
 989 00e9 0B       		.uleb128 0xb
 990 00ea 49       		.uleb128 0x49
 991 00eb 13       		.uleb128 0x13
 992 00ec 00       		.byte	0
 993 00ed 00       		.byte	0
 994 00ee 13       		.uleb128 0x13
 995 00ef 34       		.uleb128 0x34
 996 00f0 00       		.byte	0
 997 00f1 03       		.uleb128 0x3
 998 00f2 0E       		.uleb128 0xe
 999 00f3 49       		.uleb128 0x49
 1000 00f4 13       		.uleb128 0x13
 1001 00f5 34       		.uleb128 0x34
 1002 00f6 19       		.uleb128 0x19
 1003 00f7 00       		.byte	0
 1004 00f8 00       		.byte	0
 1005 00f9 14       		.uleb128 0x14
 1006 00fa 01       		.uleb128 0x1
 1007 00fb 01       		.byte	0x1
 1008 00fc 49       		.uleb128 0x49
 1009 00fd 13       		.uleb128 0x13
 1010 00fe 01       		.uleb128 0x1
 1011 00ff 13       		.uleb128 0x13
 1012 0100 00       		.byte	0
 1013 0101 00       		.byte	0
 1014 0102 15       		.uleb128 0x15
 1015 0103 21       		.uleb128 0x21
 1016 0104 00       		.byte	0
 1017 0105 49       		.uleb128 0x49
 1018 0106 13       		.uleb128 0x13
 1019 0107 2F       		.uleb128 0x2f
 1020 0108 0B       		.uleb128 0xb
 1021 0109 00       		.byte	0
 1022 010a 00       		.byte	0
 1023 010b 16       		.uleb128 0x16
 1024 010c 34       		.uleb128 0x34
 1025 010d 00       		.byte	0
 1026 010e 03       		.uleb128 0x3
ARM GAS  /tmp/ccGInzCj.s 			page 19


 1027 010f 08       		.uleb128 0x8
 1028 0110 3A       		.uleb128 0x3a
 1029 0111 0B       		.uleb128 0xb
 1030 0112 3B       		.uleb128 0x3b
 1031 0113 0B       		.uleb128 0xb
 1032 0114 39       		.uleb128 0x39
 1033 0115 0B       		.uleb128 0xb
 1034 0116 49       		.uleb128 0x49
 1035 0117 13       		.uleb128 0x13
 1036 0118 00       		.byte	0
 1037 0119 00       		.byte	0
 1038 011a 17       		.uleb128 0x17
 1039 011b 0B       		.uleb128 0xb
 1040 011c 01       		.byte	0x1
 1041 011d 00       		.byte	0
 1042 011e 00       		.byte	0
 1043 011f 18       		.uleb128 0x18
 1044 0120 2E       		.uleb128 0x2e
 1045 0121 01       		.byte	0x1
 1046 0122 03       		.uleb128 0x3
 1047 0123 0E       		.uleb128 0xe
 1048 0124 3A       		.uleb128 0x3a
 1049 0125 0B       		.uleb128 0xb
 1050 0126 3B       		.uleb128 0x3b
 1051 0127 05       		.uleb128 0x5
 1052 0128 39       		.uleb128 0x39
 1053 0129 0B       		.uleb128 0xb
 1054 012a 27       		.uleb128 0x27
 1055 012b 19       		.uleb128 0x19
 1056 012c 00       		.byte	0
 1057 012d 00       		.byte	0
 1058 012e 19       		.uleb128 0x19
 1059 012f 05       		.uleb128 0x5
 1060 0130 00       		.byte	0
 1061 0131 03       		.uleb128 0x3
 1062 0132 0E       		.uleb128 0xe
 1063 0133 3A       		.uleb128 0x3a
 1064 0134 0B       		.uleb128 0xb
 1065 0135 3B       		.uleb128 0x3b
 1066 0136 05       		.uleb128 0x5
 1067 0137 39       		.uleb128 0x39
 1068 0138 0B       		.uleb128 0xb
 1069 0139 49       		.uleb128 0x49
 1070 013a 13       		.uleb128 0x13
 1071 013b 00       		.byte	0
 1072 013c 00       		.byte	0
 1073 013d 00       		.byte	0
 1074              		.section	.gnu.debuglto_.debug_line,"e",%progbits
 1075              	.Ldebug_line0:
 1076 0000 1B010000 		.4byte	.LELT0-.LSLT0
 1077              	.LSLT0:
 1078 0004 0400     		.2byte	0x4
 1079 0006 15010000 		.4byte	.LELTP0-.LASLTP0
 1080              	.LASLTP0:
 1081 000a 01       		.byte	0x1
 1082 000b 01       		.byte	0x1
 1083 000c 01       		.byte	0x1
ARM GAS  /tmp/ccGInzCj.s 			page 20


 1084 000d F6       		.byte	0xf6
 1085 000e F2       		.byte	0xf2
 1086 000f 0D       		.byte	0xd
 1087 0010 00       		.byte	0
 1088 0011 01       		.byte	0x1
 1089 0012 01       		.byte	0x1
 1090 0013 01       		.byte	0x1
 1091 0014 01       		.byte	0x1
 1092 0015 00       		.byte	0
 1093 0016 00       		.byte	0
 1094 0017 00       		.byte	0
 1095 0018 01       		.byte	0x1
 1096 0019 00       		.byte	0
 1097 001a 00       		.byte	0
 1098 001b 01       		.byte	0x1
 1099 001c 74686972 		.ascii	"third_party/ChibiOS/os/hal/include"
 1099      645F7061 
 1099      7274792F 
 1099      43686962 
 1099      694F532F 
 1100 003e 00       		.byte	0
 1101 003f 74686972 		.ascii	"third_party/ChibiOS/os/hal/osal/rt-nil"
 1101      645F7061 
 1101      7274792F 
 1101      43686962 
 1101      694F532F 
 1102 0065 00       		.byte	0
 1103 0066 74686972 		.ascii	"third_party/ChibiOS/os/hal/src"
 1103      645F7061 
 1103      7274792F 
 1103      43686962 
 1103      694F532F 
 1104 0084 00       		.byte	0
 1105 0085 74686972 		.ascii	"third_party/ChibiOS/os/rt/include"
 1105      645F7061 
 1105      7274792F 
 1105      43686962 
 1105      694F532F 
 1106 00a6 00       		.byte	0
 1107 00a7 2F757372 		.ascii	"/usr/lib/gcc/arm-none-eabi/10.3.1/include"
 1107      2F6C6962 
 1107      2F676363 
 1107      2F61726D 
 1107      2D6E6F6E 
 1108 00d0 00       		.byte	0
 1109 00d1 00       		.byte	0
 1110 00d2 73746464 		.ascii	"stddef.h\000"
 1110      65662E68 
 1110      00
 1111 00db 05       		.uleb128 0x5
 1112 00dc 00       		.uleb128 0
 1113 00dd 00       		.uleb128 0
 1114 00de 73746469 		.ascii	"stdint.h\000"
 1114      6E742E68 
 1114      00
 1115 00e7 05       		.uleb128 0x5
 1116 00e8 00       		.uleb128 0
ARM GAS  /tmp/ccGInzCj.s 			page 21


 1117 00e9 00       		.uleb128 0
 1118 00ea 63687469 		.ascii	"chtime.h\000"
 1118      6D652E68 
 1118      00
 1119 00f3 04       		.uleb128 0x4
 1120 00f4 00       		.uleb128 0
 1121 00f5 00       		.uleb128 0
 1122 00f6 68616C5F 		.ascii	"hal_flash.h\000"
 1122      666C6173 
 1122      682E6800 
 1123 0102 01       		.uleb128 0x1
 1124 0103 00       		.uleb128 0
 1125 0104 00       		.uleb128 0
 1126 0105 68616C5F 		.ascii	"hal_flash.c\000"
 1126      666C6173 
 1126      682E6300 
 1127 0111 03       		.uleb128 0x3
 1128 0112 00       		.uleb128 0
 1129 0113 00       		.uleb128 0
 1130 0114 6F73616C 		.ascii	"osal.h\000"
 1130      2E6800
 1131 011b 02       		.uleb128 0x2
 1132 011c 00       		.uleb128 0
 1133 011d 00       		.uleb128 0
 1134 011e 00       		.byte	0
 1135              	.LELTP0:
 1136              	.LELT0:
 1137              		.section	.gnu.debuglto_.debug_str,"eMS",%progbits,1
 1138              	.LASF61:
 1139 0000 666C6173 		.ascii	"flashGetOffsetAddress\000"
 1139      68476574 
 1139      4F666673 
 1139      65744164 
 1139      64726573 
 1140              	.LASF68:
 1141 0016 666C6173 		.ascii	"flashGetSectorSize\000"
 1141      68476574 
 1141      53656374 
 1141      6F725369 
 1141      7A6500
 1142              	.LASF39:
 1143 0029 61747472 		.ascii	"attributes\000"
 1143      69627574 
 1143      657300
 1144              	.LASF24:
 1145 0034 666C6173 		.ascii	"flash_state_t\000"
 1145      685F7374 
 1145      6174655F 
 1145      7400
 1146              	.LASF29:
 1147 0042 464C4153 		.ascii	"FLASH_ERROR_ERASE\000"
 1147      485F4552 
 1147      524F525F 
 1147      45524153 
 1147      4500
 1148              	.LASF56:
 1149 0054 73746174 		.ascii	"state\000"
ARM GAS  /tmp/ccGInzCj.s 			page 22


 1149      6500
 1150              	.LASF12:
 1151 005a 75696E74 		.ascii	"uint64_t\000"
 1151      36345F74 
 1151      00
 1152              	.LASF47:
 1153 0063 6765745F 		.ascii	"get_descriptor\000"
 1153      64657363 
 1153      72697074 
 1153      6F7200
 1154              	.LASF4:
 1155 0072 73686F72 		.ascii	"short int\000"
 1155      7420696E 
 1155      7400
 1156              	.LASF40:
 1157 007c 70616765 		.ascii	"page_size\000"
 1157      5F73697A 
 1157      6500
 1158              	.LASF33:
 1159 0086 666C6173 		.ascii	"flash_error_t\000"
 1159      685F6572 
 1159      726F725F 
 1159      7400
 1160              	.LASF1:
 1161 0094 6C6F6E67 		.ascii	"long long int\000"
 1161      206C6F6E 
 1161      6720696E 
 1161      7400
 1162              	.LASF60:
 1163 00a2 666C6173 		.ascii	"flashGetAddressOffset\000"
 1163      68476574 
 1163      41646472 
 1163      6573734F 
 1163      66667365 
 1164              	.LASF50:
 1165 00b8 73746172 		.ascii	"start_erase_all\000"
 1165      745F6572 
 1165      6173655F 
 1165      616C6C00 
 1166              	.LASF35:
 1167 00c8 666C6173 		.ascii	"flash_sector_t\000"
 1167      685F7365 
 1167      63746F72 
 1167      5F7400
 1168              	.LASF76:
 1169 00d7 42617365 		.ascii	"BaseFlashVMT\000"
 1169      466C6173 
 1169      68564D54 
 1169      00
 1170              	.LASF55:
 1171 00e4 72656C65 		.ascii	"release_exclusive\000"
 1171      6173655F 
 1171      6578636C 
 1171      75736976 
 1171      6500
 1172              	.LASF75:
 1173 00f6 2F686F6D 		.ascii	"/home/ian/Documents/BPRL_balance\000"
ARM GAS  /tmp/ccGInzCj.s 			page 23


 1173      652F6961 
 1173      6E2F446F 
 1173      63756D65 
 1173      6E74732F 
 1174              	.LASF7:
 1175 0117 75696E74 		.ascii	"uint8_t\000"
 1175      385F7400 
 1176              	.LASF64:
 1177 011f 666C6173 		.ascii	"flashGetOffsetSector\000"
 1177      68476574 
 1177      4F666673 
 1177      65745365 
 1177      63746F72 
 1178              	.LASF49:
 1179 0134 70726F67 		.ascii	"program\000"
 1179      72616D00 
 1180              	.LASF10:
 1181 013c 75696E74 		.ascii	"uint32_t\000"
 1181      33325F74 
 1181      00
 1182              	.LASF70:
 1183 0145 666C6173 		.ascii	"flashWaitErase\000"
 1183      68576169 
 1183      74457261 
 1183      736500
 1184              	.LASF72:
 1185 0154 64656C61 		.ascii	"delay\000"
 1185      7900
 1186              	.LASF2:
 1187 015a 6C6F6E67 		.ascii	"long double\000"
 1187      20646F75 
 1187      626C6500 
 1188              	.LASF73:
 1189 0166 474E5520 		.ascii	"GNU C17 10.3.1 20210621 (release) -mcpu=cortex-m7 -"
 1189      43313720 
 1189      31302E33 
 1189      2E312032 
 1189      30323130 
 1190 0199 6D746875 		.ascii	"mthumb -mfloat-abi=hard -mfpu=fpv5-d16 -march=armv7"
 1190      6D62202D 
 1190      6D666C6F 
 1190      61742D61 
 1190      62693D68 
 1191 01cc 652D6D2B 		.ascii	"e-m+fp.dp -ggdb -O2 -fomit-frame-pointer -falign-fu"
 1191      66702E64 
 1191      70202D67 
 1191      67646220 
 1191      2D4F3220 
 1192 01ff 6E637469 		.ascii	"nctions=16 -ffunction-sections -fdata-sections -fno"
 1192      6F6E733D 
 1192      3136202D 
 1192      6666756E 
 1192      6374696F 
 1193 0232 2D636F6D 		.ascii	"-common -flto\000"
 1193      6D6F6E20 
 1193      2D666C74 
 1193      6F00
ARM GAS  /tmp/ccGInzCj.s 			page 24


 1194              	.LASF32:
 1195 0240 464C4153 		.ascii	"FLASH_ERROR_UNIMPLEMENTED\000"
 1195      485F4552 
 1195      524F525F 
 1195      554E494D 
 1195      504C454D 
 1196              	.LASF48:
 1197 025a 72656164 		.ascii	"read\000"
 1197      00
 1198              	.LASF54:
 1199 025f 61637175 		.ascii	"acquire_exclusive\000"
 1199      6972655F 
 1199      6578636C 
 1199      75736976 
 1199      6500
 1200              	.LASF13:
 1201 0271 6C6F6E67 		.ascii	"long long unsigned int\000"
 1201      206C6F6E 
 1201      6720756E 
 1201      7369676E 
 1201      65642069 
 1202              	.LASF46:
 1203 0288 696E7374 		.ascii	"instance_offset\000"
 1203      616E6365 
 1203      5F6F6666 
 1203      73657400 
 1204              	.LASF52:
 1205 0298 71756572 		.ascii	"query_erase\000"
 1205      795F6572 
 1205      61736500 
 1206              	.LASF59:
 1207 02a4 61646472 		.ascii	"addr\000"
 1207      00
 1208              	.LASF51:
 1209 02a9 73746172 		.ascii	"start_erase_sector\000"
 1209      745F6572 
 1209      6173655F 
 1209      73656374 
 1209      6F7200
 1210              	.LASF38:
 1211 02bc 666C6173 		.ascii	"flash_sector_descriptor_t\000"
 1211      685F7365 
 1211      63746F72 
 1211      5F646573 
 1211      63726970 
 1212              	.LASF74:
 1213 02d6 74686972 		.ascii	"third_party/ChibiOS/os/hal/src/hal_flash.c\000"
 1213      645F7061 
 1213      7274792F 
 1213      43686962 
 1213      694F532F 
 1214              	.LASF65:
 1215 0301 73656374 		.ascii	"sector\000"
 1215      6F7200
 1216              	.LASF8:
 1217 0308 756E7369 		.ascii	"unsigned char\000"
 1217      676E6564 
ARM GAS  /tmp/ccGInzCj.s 			page 25


 1217      20636861 
 1217      7200
 1218              	.LASF63:
 1219 0316 5F5F6675 		.ascii	"__func__\000"
 1219      6E635F5F 
 1219      00
 1220              	.LASF53:
 1221 031f 76657269 		.ascii	"verify_erase\000"
 1221      66795F65 
 1221      72617365 
 1221      00
 1222              	.LASF3:
 1223 032c 7369676E 		.ascii	"signed char\000"
 1223      65642063 
 1223      68617200 
 1224              	.LASF44:
 1225 0338 61646472 		.ascii	"address\000"
 1225      65737300 
 1226              	.LASF43:
 1227 0340 73656374 		.ascii	"sectors_size\000"
 1227      6F72735F 
 1227      73697A65 
 1227      00
 1228              	.LASF23:
 1229 034d 464C4153 		.ascii	"FLASH_ERASE\000"
 1229      485F4552 
 1229      41534500 
 1230              	.LASF0:
 1231 0359 756E7369 		.ascii	"unsigned int\000"
 1231      676E6564 
 1231      20696E74 
 1231      00
 1232              	.LASF45:
 1233 0366 666C6173 		.ascii	"flash_descriptor_t\000"
 1233      685F6465 
 1233      73637269 
 1233      70746F72 
 1233      5F7400
 1234              	.LASF26:
 1235 0379 464C4153 		.ascii	"FLASH_BUSY_ERASING\000"
 1235      485F4255 
 1235      53595F45 
 1235      52415349 
 1235      4E4700
 1236              	.LASF27:
 1237 038c 464C4153 		.ascii	"FLASH_ERROR_READ\000"
 1237      485F4552 
 1237      524F525F 
 1237      52454144 
 1237      00
 1238              	.LASF9:
 1239 039d 73686F72 		.ascii	"short unsigned int\000"
 1239      7420756E 
 1239      7369676E 
 1239      65642069 
 1239      6E7400
 1240              	.LASF36:
ARM GAS  /tmp/ccGInzCj.s 			page 26


 1241 03b0 6F666673 		.ascii	"offset\000"
 1241      657400
 1242              	.LASF25:
 1243 03b7 464C4153 		.ascii	"FLASH_NO_ERROR\000"
 1243      485F4E4F 
 1243      5F455252 
 1243      4F5200
 1244              	.LASF77:
 1245 03c6 6F73616C 		.ascii	"osalThreadSleep\000"
 1245      54687265 
 1245      6164536C 
 1245      65657000 
 1246              	.LASF14:
 1247 03d6 63686172 		.ascii	"char\000"
 1247      00
 1248              	.LASF34:
 1249 03db 666C6173 		.ascii	"flash_offset_t\000"
 1249      685F6F66 
 1249      66736574 
 1249      5F7400
 1250              	.LASF5:
 1251 03ea 6C6F6E67 		.ascii	"long int\000"
 1251      20696E74 
 1251      00
 1252              	.LASF21:
 1253 03f3 464C4153 		.ascii	"FLASH_READ\000"
 1253      485F5245 
 1253      414400
 1254              	.LASF6:
 1255 03fe 73697A65 		.ascii	"size_t\000"
 1255      5F7400
 1256              	.LASF17:
 1257 0405 5F426F6F 		.ascii	"_Bool\000"
 1257      6C00
 1258              	.LASF15:
 1259 040b 73797369 		.ascii	"sysinterval_t\000"
 1259      6E746572 
 1259      76616C5F 
 1259      7400
 1260              	.LASF16:
 1261 0419 74696D65 		.ascii	"time_conv_t\000"
 1261      5F636F6E 
 1261      765F7400 
 1262              	.LASF18:
 1263 0425 464C4153 		.ascii	"FLASH_UNINIT\000"
 1263      485F554E 
 1263      494E4954 
 1263      00
 1264              	.LASF11:
 1265 0432 6C6F6E67 		.ascii	"long unsigned int\000"
 1265      20756E73 
 1265      69676E65 
 1265      6420696E 
 1265      7400
 1266              	.LASF69:
 1267 0444 666C6173 		.ascii	"flashGetSectorOffset\000"
 1267      68476574 
ARM GAS  /tmp/ccGInzCj.s 			page 27


 1267      53656374 
 1267      6F724F66 
 1267      66736574 
 1268              	.LASF42:
 1269 0459 73656374 		.ascii	"sectors\000"
 1269      6F727300 
 1270              	.LASF66:
 1271 0461 73656374 		.ascii	"sector_start\000"
 1271      6F725F73 
 1271      74617274 
 1271      00
 1272              	.LASF37:
 1273 046e 73697A65 		.ascii	"size\000"
 1273      00
 1274              	.LASF20:
 1275 0473 464C4153 		.ascii	"FLASH_READY\000"
 1275      485F5245 
 1275      41445900 
 1276              	.LASF22:
 1277 047f 464C4153 		.ascii	"FLASH_PGM\000"
 1277      485F5047 
 1277      4D00
 1278              	.LASF58:
 1279 0489 64657670 		.ascii	"devp\000"
 1279      00
 1280              	.LASF28:
 1281 048e 464C4153 		.ascii	"FLASH_ERROR_PROGRAM\000"
 1281      485F4552 
 1281      524F525F 
 1281      50524F47 
 1281      52414D00 
 1282              	.LASF30:
 1283 04a2 464C4153 		.ascii	"FLASH_ERROR_VERIFY\000"
 1283      485F4552 
 1283      524F525F 
 1283      56455249 
 1283      465900
 1284              	.LASF67:
 1285 04b5 73656374 		.ascii	"sector_end\000"
 1285      6F725F65 
 1285      6E6400
 1286              	.LASF57:
 1287 04c0 42617365 		.ascii	"BaseFlash\000"
 1287      466C6173 
 1287      6800
 1288              	.LASF31:
 1289 04ca 464C4153 		.ascii	"FLASH_ERROR_HW_FAILURE\000"
 1289      485F4552 
 1289      524F525F 
 1289      48575F46 
 1289      41494C55 
 1290              	.LASF71:
 1291 04e1 6D736563 		.ascii	"msec\000"
 1291      00
 1292              	.LASF19:
 1293 04e6 464C4153 		.ascii	"FLASH_STOP\000"
 1293      485F5354 
ARM GAS  /tmp/ccGInzCj.s 			page 28


 1293      4F5000
 1294              	.LASF41:
 1295 04f1 73656374 		.ascii	"sectors_count\000"
 1295      6F72735F 
 1295      636F756E 
 1295      7400
 1296              	.LASF62:
 1297 04ff 64657363 		.ascii	"descriptor\000"
 1297      72697074 
 1297      6F7200
 1298              		.text
 1299              		.section	.gnu.lto_.profile.16245e6f34db278c,"e",%progbits
 1300 0000 789CE363 		.ascii	"x\234\343c\000\0026\006\006F\006&\006f\006\026\006V"
 1300      00023606 
 1300      06460626 
 1300      06660616 
 1300      0656
 1301 0012 060001A2 		.ascii	"\006\000\001\242\000$"
 1301      0024
 1302              		.text
 1303              		.section	.gnu.lto_.icf.16245e6f34db278c,"e",%progbits
 1304 0000 789C5365 		.ascii	"x\234Se@\0006\206[\263\036\034\341g\354\234\377b2\037"
 1304      40003686 
 1304      5BB31E1C 
 1304      E167EC9C 
 1304      FF62321F 
 1305 0014 D3CC6593 		.ascii	"\323\314e\223\226q1\357:\271\375.7Kw\303\016\023\326"
 1305      967131EF 
 1305      3AB9FD2E 
 1305      374B77C3 
 1305      0E13D6
 1306 0027 5F9BF7AD 		.ascii	"_\233\367\255\344b\000\000C\230\020\313"
 1306      E4620000 
 1306      439810CB 
 1307              		.text
 1308              		.section	.gnu.lto_.ipa_sra.16245e6f34db278c,"e",%progbits
 1309 0000 789C75C9 		.ascii	"x\234u\311\261\015\000 \020\002@x\3208\266\213\3309"
 1309      B10D0020 
 1309      10024078 
 1309      D038B68B 
 1309      D839
 1310 0012 A81A4DAC 		.ascii	"\250\032M\254\236\202\020n\340\247\202\273-0\330\375"
 1310      9E82106E 
 1310      E0A782BB 
 1310      2D30D8FD 
 1311 0022 CEBDA730 		.ascii	"\316\275\2470E\230\315\365\\\342\345\310I99\245(9a\001"
 1311      4598CDF5 
 1311      5CE2E5C8 
 1311      493939A5 
 1311      28396101 
 1312 0036 818E0B01 		.ascii	"\201\216\013\001"
 1313              		.text
 1314              		.section	.gnu.lto_.inline.16245e6f34db278c,"e",%progbits
 1315 0000 789C3BC7 		.ascii	"x\234;\307\310\000\007l\014,\302\357\216\256;\314\224"
 1315      C800076C 
 1315      0C2CC2EF 
 1315      8EAE3BCC 
ARM GAS  /tmp/ccGInzCj.s 			page 29


 1315      94
 1316 0011 CDC8C0C4 		.ascii	"\315\310\300\304\177\255\373n\003S&\003\003\373\311"
 1316      7FADFB6E 
 1316      03532603 
 1316      03FBC9
 1317 0020 755F1631 		.ascii	"u_\0261\247210\001\2250q\003\3253N\360c\023\002\322"
 1317      A7323130 
 1317      01953071 
 1317      03D5334E 
 1317      F0631302 
 1318 0035 4CA73918 		.ascii	"L\2479\030\030\031\204\236\237\231\271\2329\235\221"
 1318      1819849E 
 1318      9F99B99A 
 1318      399D91
 1319 0044 89817109 		.ascii	"\211\201q\0113\003\003\0201\002\031 \305\254\002\015"
 1319      33030310 
 1319      31021920 
 1319      C5AC020D 
 1320 0054 40C09C0A 		.ascii	"@\300\234\0124\031\304`J\001\231\301\010f&11\260\300"
 1320      3419C460 
 1320      4A0199C1 
 1320      08662631 
 1320      31B0C0
 1321 0067 D90C2C0C 		.ascii	"\331\014,\014L\027gn~\006dq\200\264\0112\200\355`b\020"
 1321      4C17676E 
 1321      7E066471 
 1321      80B40932 
 1321      80ED6062 
 1322 007c 3C3B73F3 		.ascii	"<;s\3632\354F\363\315\332\374\354\015\023\271F33\310"
 1322      32EC46F3 
 1322      CDDAFCEC 
 1322      0D13B946 
 1322      3333C8
 1323 008f BDD8F6A4 		.ascii	"\275\330\366\244\217)\213\221\021n4\213\326\371\267"
 1323      8F298B91 
 1323      116E348B 
 1323      D6F9B7
 1324 009e 27CE3203 		.ascii	"'\3162\003}\314\326B\300H\204A,\014<@\301\017L\351\310"
 1324      7DCCD642 
 1324      C0488441 
 1324      2C0C3C40 
 1324      C10F4CE9 
 1325 00b3 06819DC4 		.ascii	"\006\201\235\304\234B\204\333\020\006\261\302\015B\365"
 1325      9C4284DB 
 1325      1006B1C2 
 1325      0D42F5
 1326 00c2 2C9022CF 		.ascii	",\220\"\317@\006\000\0343a\212"
 1326      4006001C 
 1326      33618A
 1327              		.text
 1328              		.section	.gnu.lto_.jmpfuncs.16245e6f34db278c,"e",%progbits
 1329 0000 789C858C 		.ascii	"x\234\205\214\321\011\300 \014D\357\222\350oWp\322\272"
 1329      D109C020 
 1329      0C44EF92 
 1329      E86F5770 
 1329      D2BA
 1330 0012 43677090 		.ascii	"Cgp\220\016V\260\261\205VD\360\340\010\027\036O\211"
ARM GAS  /tmp/ccGInzCj.s 			page 30


 1330      0E56B0B1 
 1330      855644F0 
 1330      E008171E 
 1330      4F89
 1331 0024 2F112473 		.ascii	"/\021$sQ\023\200\247\021\336\352\331`\266c\374\375\373"
 1331      511380A7 
 1331      11DEEAD9 
 1331      60B663FC 
 1331      FDFB
 1332 0036 6A9B7268 		.ascii	"j\233rh\321@\276\347ar\242\220\332\224^\021\267p\260"
 1332      D140BEE7 
 1332      6172A290 
 1332      DA945E11 
 1332      B770B0
 1333 0049 E4246B44 		.ascii	"\344$kD;$\316\021[#\241Ct\216\340\006P\255G("
 1333      3B24CE11 
 1333      5B23A143 
 1333      748EE006 
 1333      50AD4728 
 1334              		.text
 1335              		.section	.gnu.lto_.pureconst.16245e6f34db278c,"e",%progbits
 1336 0000 789C1366 		.ascii	"x\234\023f```c\330\311\3028\223\205i&\013\363L\026\226"
 1336      60606063 
 1336      D8C9C238 
 1336      93856926 
 1336      0BF34C16 
 1337 0015 992CAC33 		.ascii	"\231,\2543Y\000'\244\003\367"
 1337      590027A4 
 1337      03F7
 1338              		.text
 1339              		.section	.gnu.lto_.lto.16245e6f34db278c,"e",%progbits
 1340 0000 09000400 		.ascii	"\011\000\004\000\001\000\000\000"
 1340      01000000 
 1341              		.text
 1342              		.section	.gnu.lto_flashWaitErase.432.16245e6f34db278c,"e",%progbits
 1343 0000 789C7D53 		.ascii	"x\234}S]h\223g\024>\317\367~?ic\233!\354\276\016d\016"
 1343      5D689367 
 1343      143ECFF7 
 1343      7E3F6963 
 1343      9B21ECBE 
 1344 0017 59A378A1 		.ascii	"Y\243x\241\302\0302E\274\020\246\316\\\227\257i$\301"
 1344      C2183245 
 1344      BC10A6CE 
 1344      5C97AF69 
 1344      24C1
 1345 0029 F487241B 		.ascii	"\364\207$\033x\265\267M\262h\275h\323\216Q6\365\"\004"
 1345      78B5B74D 
 1345      B268BD68 
 1345      D38E5136 
 1345      F52204
 1346 003c A90C368B 		.ascii	"\251\0146\213\350Z\177c\253Q/\224\"\214\341\215\014"
 1346      E85A7F63 
 1346      AB512F94 
 1346      228CE18D 
 1346      0C
 1347 004d 876CD985 		.ascii	"\207l\331\205\206:h\251Jw\316\233X\353\215\201\234\357"
 1347      863A68A9 
ARM GAS  /tmp/ccGInzCj.s 			page 31


 1347      4A77CE9B 
 1347      58EB8D81 
 1347      9CEF
 1348 005f FC3DE79C 		.ascii	"\374=\347\234\347|\347\253*\242I\"\362\371\017\2270"
 1348      E77CE7AB 
 1348      2AA24922 
 1348      F2F90F97 
 1348      30
 1349 0070 561CB648 		.ascii	"V\034\266Hk\275\313\2630^l5\232\262r\305\223\026n\340"
 1349      6BBDCBB3 
 1349      305E6C35 
 1349      9AB272C5 
 1349      93166EE0 
 1350 0084 9791BC67 		.ascii	"\227\221\274g\347\213\355\017\353\313;l\033\203\305"
 1350      E78BED0F 
 1350      EBCB3B6C 
 1350      1B83C5
 1351 0093 E1C589CF 		.ascii	"\341\305\211\317L\212\203\361\251\341\225\302F\314\300"
 1351      4C8A83F1 
 1351      A9E195C2 
 1351      46CCC0
 1352 00a2 D8A06F2D 		.ascii	"\330\240o-e;`Io\177\343\352\223\212\326K\371\361\327"
 1352      653B6049 
 1352      6F7FE3EA 
 1352      938AD64B 
 1352      F9F1D7
 1353 00b5 9FFF3859 		.ascii	"\237\3778YA\231cg\024a\033\266H\364\224\302\230*+\300"
 1353      41996367 
 1353      14611BB6 
 1353      48F494C2 
 1353      982A2BC0 
 1354 00c9 6E6A163A 		.ascii	"nj\026:XS\007\350cF\315?\232\326\272\205\312J\3417\010"
 1354      585307E8 
 1354      6346CD3F 
 1354      9AD6BA85 
 1354      CA4AE137 
 1355 00de EA127011 		.ascii	"\352\022p\021$\216\310\313V\"\327\324b\022\0141:p\031"
 1355      248EC8CB 
 1355      5622D7D4 
 1355      62120C31 
 1355      3A7019
 1356 00f1 52531D15 		.ascii	"RS\035\025\271q^\353\372\211\271B\373\350`\240\254l"
 1356      B9715EEB 
 1356      FA89B942 
 1356      FBE860A0 
 1356      AC6C
 1357 0103 5C595B83 		.ascii	"\\Y[\203(\362}PR\007L*w\253\037\377k\270\355\274\346"
 1357      28F27D50 
 1357      52074C2A 
 1357      77AB1FFF 
 1357      6BB8EDBC 
 1358 0118 54C235AC 		.ascii	"T\3025\254\0312r<h\032\340:p\025\304|)R0\330\214`e\322"
 1358      1932723C 
 1358      681AE03A 
 1358      7015C47C 
 1358      295230D8 
 1359 0130 A5FF0A93 		.ascii	"\245\377\012\2233\233\252Y\275\257\254\034T \2434\032"
ARM GAS  /tmp/ccGInzCj.s 			page 32


 1359      339BAA59 
 1359      BDAFAC1C 
 1359      5420A334 
 1359      1A
 1360 0141 E1267376 		.ascii	"\341&sv\"?\007\233]\226&j\213YO\337\325\366\233Lz\233"
 1360      223F079B 
 1360      5D96266A 
 1360      8B594FDF 
 1360      D5F69B4C 
 1361 0157 D9D888CB 		.ascii	"\331\330\210\313\353\234\276\177\020\263\354\273!\245"
 1361      EB9CBE7F 
 1361      10B3ECBB 
 1361      21A5
 1362 0165 8428E60C 		.ascii	"\204(\346\0149N\261\032s\374\372\320\251\350W+#Z?_\304"
 1362      394EB11A 
 1362      73FCFAD0 
 1362      A9E8572B 
 1362      235A3F5F 
 1363 017a D399BDEB 		.ascii	"\323\231\275\353\301{q-\026\236b\021\260Y\2648\"\\\021"
 1363      C17B712D 
 1363      169E6211 
 1363      B059B438 
 1363      225C11
 1364 018d 9E888004 		.ascii	"\236\210\200\004\202\3004\332\204MH\004\321\210\242"
 1364      82C034DA 
 1364      844D4804 
 1364      D188A2
 1365 019c FAF2E40E 		.ascii	"\372\362\344\016\350\212\350\226\321\007Y\037U\212'"
 1365      E88AE896 
 1365      D107591F 
 1365      558A27
 1366 01ab D136B26C 		.ascii	"\3216\262l\374\013]\362D>)V[y,\243\216\271\3461\341"
 1366      FC0B5DF2 
 1366      443E2956 
 1366      5B792CA3 
 1366      8EB9E631 
 1367 01c0 D2330C5D 		.ascii	"\3223\014]\255\265\225\024\232\357Q\231\367pV.\203\027"
 1367      ADB59514 
 1367      9AEF5199 
 1367      F770562E 
 1367      8317
 1368 01d2 DA5A5241 		.ascii	"\332ZRA\334\006mi\230.\2528m\216D`-%e5Q\356;\250 \227"
 1368      DC066D69 
 1368      982EAA38 
 1368      6D8E4460 
 1368      2D256535 
 1369 01ec C35D46E5 		.ascii	"\303]F\345\214\271\016\367\030%;\252#\337QR\334\315"
 1369      8CB90EF7 
 1369      18253BAA 
 1369      23DF5152 
 1369      DCCD
 1370 01fe 222E9C6B 		.ascii	"\".\234k\246\267\361Rx\260\262j\347\241\206:\230\032"
 1370      A6B7F152 
 1370      78B0B26A 
 1370      E7A1863A 
 1370      981A
 1371 0210 E798F97E 		.ascii	"\347\230\371~\252ZTC\2566\327\315\036\351C0\027\300"
ARM GAS  /tmp/ccGInzCj.s 			page 33


 1371      AA5A5443 
 1371      AE36D7CD 
 1371      1EE94330 
 1371      17C0
 1372 0222 0C6DC3B6 		.ascii	"\014m\303\266I\360\311\351\252\342\221f\037\237\013"
 1372      49F0C9E9 
 1372      AAE29166 
 1372      1F9F0B
 1373 0231 71AD9D1F 		.ascii	"q\255\235\037\361\321\320\002\227*\251\020'/#\304p\365"
 1373      F1D1D002 
 1373      972AA910 
 1373      272F23C4 
 1373      70F5
 1374 0243 602AC938 		.ascii	"`*\3118\247\230\377\343\216Z\005^\344\016\314\345\007"
 1374      A798FFE3 
 1374      8E5A055E 
 1374      E40ECCE5 
 1374      07
 1375 0254 E6A2E446 		.ascii	"\346\242\344FX\177U\340\3766\333ld\317\177\307\206\303"
 1375      587F55E0 
 1375      FE36DB6C 
 1375      64CF7FC7 
 1375      86C3
 1376 0266 B6746FC1 		.ascii	"\266to\301\350\003\241\236=%^\227\003\015\357\337\236"
 1376      E803A19E 
 1376      3D255E97 
 1376      030DEFDF 
 1376      9E
 1377 0277 38A7C5E9 		.ascii	"8\247\305\351\261\277\341\374\307[-\026`\177\203\332"
 1377      B1BFE1FC 
 1377      C75B2D16 
 1377      607F83DA 
 1378 0287 AC58D2F8 		.ascii	"\254X\322\370Emd~\341\317\365|\034f\214\337\027&\200"
 1378      456D647E 
 1378      E1CFF57C 
 1378      1C668CDF 
 1378      172680
 1379 029a 5BE005E5 		.ascii	"[\340\005\345:(\007\253\254Bg\370\223\342(\347\227\325"
 1379      3A2807AB 
 1379      AC4267F8 
 1379      93E228E7 
 1379      97D5
 1380 02ac 0782AE4F 		.ascii	"\007\202\256O\225.\034\346=\311y\031\262X\345*%V\236"
 1380      952E1CE6 
 1380      3DC97919 
 1380      B258E52A 
 1380      25569E
 1381 02bf 06E4C0E5 		.ascii	"\006\344\300\345\022`v3T\221Mm\010\307\373{c\341\204"
 1381      12607633 
 1381      54914D6D 
 1381      08C7FB7B 
 1381      63E184
 1382 02d2 DF17DED3 		.ascii	"\337\027\336\323\037\375\2727\326\227I\207\2778ph\177"
 1382      1FFDBA37 
 1382      D6974987 
 1382      BF387068 
 1382      7F
ARM GAS  /tmp/ccGInzCj.s 			page 34


 1383 02e3 57B79FF4 		.ascii	"W\267\237\364\373\2421\332\234\211'R=]\003~*s,\274;"
 1383      FBA231DA 
 1383      9C892752 
 1383      3D5D037E 
 1383      2A732CBC 
 1384 02f8 9EE84E7C 		.ascii	"\236\350N|\371U\270?\035\216\373\311p:\025\225g\327"
 1384      F955B83F 
 1384      1D8EFBC9 
 1384      703A1595 
 1384      67D7
 1385 030a 91A49F8E 		.ascii	"\221\244\237\216wF\311\356\211}3\360\341\032O\347\326"
 1385      7746C9EE 
 1385      897D33F0 
 1385      E11A4FE7 
 1385      D6
 1386 031b 9EEE235B 		.ascii	"\236\356#[\267o\367\311\356M\307\242*\226J9=\261\244"
 1386      B76FF7C9 
 1386      EE4DC7A2 
 1386      2A964A39 
 1386      3DB1A4
 1387 032e 7FACF33D 		.ascii	"\177\254\363=U\373\323,R\231O\373\022\015\2753N\377"
 1387      55FBD32C 
 1387      52994FFB 
 1387      120DBD33 
 1387      4EFF
 1388 0340 0334CF73 		.ascii	"\0034\317s\\"
 1388      5C
 1389              		.text
 1390              		.section	.gnu.lto_flashGetSectorOffset.433.16245e6f34db278c,"e",%progbits
 1391 0000 789C7553 		.ascii	"x\234uSML\023A\030\375\276\231\351\337R\212\277\027"
 1391      4D4C1341 
 1391      18FDBE99 
 1391      E9DF528A 
 1391      BF17
 1392 0012 BDA0D118 		.ascii	"\275\240\321\030#\262r0\204\033Q\217&\022M\317\244\364"
 1392      23B27230 
 1392      841B518F 
 1392      26124DCF 
 1392      A4F4
 1393 0024 276D04DA 		.ascii	"'m\004\332\264\325\304\203a\241\325\003\036\240\020"
 1393      B4D5C483 
 1393      61A1D503 
 1393      1EA010
 1394 0033 0E081AB3 		.ascii	"\016\010\032\263n\210\236@\301\360#h\015\204\206(\211"
 1394      6E889E40 
 1394      C1F02368 
 1394      0D848628 
 1394      89
 1395 0044 9A78F344 		.ascii	"\232x\363D\"\001\017J\304\203\032\"~3[*5\361\260\263"
 1395      22010F4A 
 1395      C4831A22 
 1395      7E335B2A 
 1395      35F1B0B3 
 1396 0058 33DFBC37 		.ascii	"3\337\2747\357}ov3\034 \003\000~z\320\011\330\227\353"
 1396      EF7D6F76 
 1396      331C2003 
 1396      007E7AD0 
ARM GAS  /tmp/ccGInzCj.s 			page 35


 1396      09D897EB 
 1397 006c 66601846 		.ascii	"f`\030F\243\213\261L\356\016\303\227xw|\265Fds\276\325"
 1397      A38BB14C 
 1397      EE0EC397 
 1397      78777CB5 
 1397      466473BE 
 1398 0081 3783FB05 		.ascii	"7\203\373\005\307\201\234\246\366\005\315v\260\016\354"
 1398      C7819CA6 
 1398      F605CD76 
 1398      B00EEC
 1399 0090 CC757F1D 		.ascii	"\314u\177\035\236\020\004W\005\204\016\306\205\003;"
 1399      9E100457 
 1399      05840EC6 
 1399      85033B
 1400 009f B09F0F73 		.ascii	"\260\237\017s\354\343\026\007\024\305\031b\365\311\274"
 1400      ECE31607 
 1400      14C51962 
 1400      F5C9BC
 1401 00ae 61FCB8D5 		.ascii	"a\374\270\325?\232\321\206\037\345\205\305\031\334'"
 1401      3F9AD186 
 1401      1FE585C5 
 1401      19DC27
 1402 00bd C033C409 		.ascii	"\3003\304\011$#@@\336\004'\010\364vm\3120<`q\216\223"
 1402      24234040 
 1402      DE042708 
 1402      F4766DCA 
 1402      303C6071 
 1403 00d3 B80B4305 		.ascii	"\270\013C\005\377\023M\342\256*\334\306Tf\310\327\213"
 1403      FF134DE2 
 1403      AE2ADCC6 
 1403      5466C8D7 
 1403      8B
 1404 00e4 1617385D 		.ascii	"\026\0278]\216\023\3769\315>1)\307\343\022<\363\260"
 1404      8E13FE39 
 1404      CD3E3129 
 1404      C7E3123C 
 1404      F3B0
 1405 00f6 C7D7DBE9 		.ascii	"\307\327\333\351\266\270\003\237c\231\262\377\203:\364"
 1405      B6B8039F 
 1405      6399B2FF 
 1405      833AF4
 1406 0105 66093A3D 		.ascii	"f\011:=\337mC\031\316\375\003]\322(\260\027\210\263"
 1406      DF6D4319 
 1406      CEFD035D 
 1406      D228B017 
 1406      88B3
 1407 0117 28DDCB00 		.ascii	"(\335\313\000\001\230]\030}\357\310\033[\333=\206Q8"
 1407      01985D18 
 1407      7DEFC81B 
 1407      5BDB3D86 
 1407      5138
 1408 0129 BCF571D3 		.ascii	"\274\365q\323]\205\344\304\311hpq\311q N\241\213\226"
 1408      5D85E4C4 
 1408      C9687071 
 1408      C971204E 
 1408      A18B96
 1409 013c 6E370D1E 		.ascii	"n7\015\036\331\240[\223\263\012 \266\027q\006+%\316"
ARM GAS  /tmp/ccGInzCj.s 			page 36


 1409      D9A05B93 
 1409      B30A20B6 
 1409      1771062B 
 1409      25CE
 1410 014e 2707801E 		.ascii	"'\007\200\036.s6\004\032y\200^\316\354E'->\243\261\262"
 1410      2E733604 
 1410      1A79805E 
 1410      CEEC4527 
 1410      2D3EA3B1 
 1411 0163 B988EAFD 		.ascii	"\271\210\352\375\335\011_\260k\366\361i\223c1j\216\262"
 1411      DD095FB0 
 1411      6BF6F169 
 1411      9363316A 
 1411      8EB2
 1412 0175 91117929 		.ascii	"\221\021y)\324\202fR\303y\2043\366\322\211\257\360\236"
 1412      D4826652 
 1412      C3798433 
 1412      F6D289AF 
 1412      F09E
 1413 0187 322E691E 		.ascii	"2.i\036\223\263\"\313Y\306\252\240\343p\236XY\265\364"
 1413      93B322CB 
 1413      59C6AAA0 
 1413      E3709E58 
 1413      59B5F4
 1414 019a E202B164 		.ascii	"\342\002\261d\002\033\230\2556\3456\003:\330\342\225"
 1414      021B98AD 
 1414      36E53603 
 1414      3AD8E295 
 1415 01aa E4A2AB9A 		.ascii	"\344\242\253\232\374SQ\031\372i\033;Z\032V\266l\213"
 1415      FC535119 
 1415      FA691B3B 
 1415      5A1A56B6 
 1415      6C8B
 1416 01bc EB074CEE 		.ascii	"\353\007L\356*\2129\312\304|\304\305\305\222X\025\026"
 1416      2A8A39CA 
 1416      C47CC4C5 
 1416      C5925815 
 1416      16
 1417 01cd 488C91D8 		.ascii	"H\214\221\330:f\327\347\017\021Mr\252\324\005\310(\370"
 1417      3A66D7E7 
 1417      0F114D72 
 1417      AAD405C8 
 1417      28F8
 1418 01df BBC1F155 		.ascii	"\273\301\361UV\212b{\221\221@f\354\366\2620\271\333"
 1418      568A627B 
 1418      91914066 
 1418      ECF6B230 
 1418      B9DB
 1419 01f1 E45E8916 		.ascii	"\344^\211\026\350\226\305\247\267\311\030u\351\242\035"
 1419      E896C5A7 
 1419      B7C91875 
 1419      E9A21D
 1420 0200 3B2812F3 		.ascii	";(\022\363\355h\257\035\263\370\036\332\307%[|\255\306"
 1420      ED68AF1D 
 1420      B3F81EDA 
 1420      C7255B7C 
 1420      ADC6
ARM GAS  /tmp/ccGInzCj.s 			page 37


 1421 0212 E27BF135 		.ascii	"\342{\3615\251\313\204\250\261\007\015t\025DP\262b\214"
 1421      A9CB84A8 
 1421      B1070D74 
 1421      154450B2 
 1421      628C
 1422 0224 FE062CC9 		.ascii	"\376\006,\311\016\024\230\335\327\002!\264\377\267\263"
 1422      0E1498DD 
 1422      D70221B4 
 1422      FFB7B3
 1423 0233 0F97E940 		.ascii	"\017\227\351@\241\022'\223\237\010]i\312k\361\332\321"
 1423      A1122793 
 1423      9F085D69 
 1423      CA6BF1DA 
 1423      D1
 1424 0244 49814A25 		.ascii	"I\201J%\340\330}\305]\215\240\266\270\022\033*x\350"
 1424      E0D87DC5 
 1424      5D8DA0B6 
 1424      B8121B2A 
 1424      78E8
 1425 0256 37836F64 		.ascii	"7\203od\351\254\251\334\375BN\306\370\357\311\004\321"
 1425      E9ACA9DC 
 1425      FD424EC6 
 1425      F8EFC904 
 1425      D1
 1426 0267 C548037D 		.ascii	"\305H\003}/\370\367{\0018\242G\343ma=\026h\327/\304"
 1426      2FF8F77B 
 1426      0138A247 
 1426      E36D613D 
 1426      1668D72F 
 1427 027c 83D7DAC2 		.ascii	"\203\327\332\302\355\351\224~\256\351\362\305\346\226"
 1427      EDE9947E 
 1427      AEE9F2C5 
 1427      E696
 1428 028a 406BA03D 		.ascii	"@k\240=\030\206S\351h,\031jN\004\222\351\033\372\371"
 1428      188653E9 
 1428      682C196A 
 1428      4E0492E9 
 1428      1BFAF9
 1429 029d 68AC2576 		.ascii	"h\254%v\351\212\036O\351\321@\253\236J\006\345\2739"
 1429      E98A1E4F 
 1429      E9D140AB 
 1429      9E4A06E5 
 1429      BB39
 1430 02af D21A4845 		.ascii	"\322\032HEk\203 B\341\353\211\203\273*\265u\241\226"
 1430      6B832042 
 1430      E1EB8983 
 1430      BB2AB575 
 1430      A196
 1431 02c1 485D7D7D 		.ascii	"H]}}\000\234\251p0\035Oj\241p*\230\214%h\352\214G\""
 1431      009CA970 
 1431      301D4F6A 
 1431      A1702A98 
 1431      8C2568EA 
 1432 02d8 A970FA0F 		.ascii	"\251p\372\017\352\320I\363"
 1432      EAD049F3 
 1433              		.text
 1434              		.section	.gnu.lto_flashGetSectorSize.434.16245e6f34db278c,"e",%progbits
ARM GAS  /tmp/ccGInzCj.s 			page 38


 1435 0000 789C6553 		.ascii	"x\234eSMHTQ\024\276\347\236;?o\306\031\223\212\240E"
 1435      4D485451 
 1435      14BEE79E 
 1435      3B3F6FC6 
 1435      19938AA0 
 1436 0015 59101295 		.ascii	"Y\020\022\225/\027\341R\251\226AR\314Z\306qd\206\324"
 1436      2F17E152 
 1436      A9964152 
 1436      CC5AC671 
 1436      6486D4
 1437 0028 91992928 		.ascii	"\221\231)(\010\3378\223\201-t\224\012\303~x=\302VI\032"
 1437      08DF3893 
 1437      812D7494 
 1437      0AC37E78 
 1437      3DC25649 
 1438 003d 59594D18 		.ascii	"YYM\030\016QA\271\321M-\\\210c\022R\020\025\205\235"
 1438      0E5141B9 
 1438      D14D2D5C 
 1438      88631252 
 1438      1015859D 
 1439 0051 7BDF3839 		.ascii	"{\33789\265x\367\335s\356\367\235\357;\347\276\327\201"
 1439      B578F7DD 
 1439      73EEF79D 
 1439      EF3BE7BE 
 1439      D781
 1440 0063 8CA51863 		.ascii	"\214\245\030c\001z\300\311`0\333\307\231a\030\215.\316"
 1440      017AC0C9 
 1440      6030DBC7 
 1440      9961188D 
 1440      2ECE
 1441 0075 D3D94B1C 		.ascii	"\323\331K\034\236\303\265\361\305\375\"\223\365/\276"
 1441      9EC3B5F1 
 1441      C5FD2293 
 1441      F52FBE
 1442 0084 19DE2C10 		.ascii	"\031\336,\020.g=\352\\\320n\035\353\200T\266o\355\346"
 1442      2E673DEA 
 1442      5CD06E1D 
 1442      EB8054B6 
 1442      6FEDE6
 1443 0097 8420B84A 		.ascii	"\204 \270J\000\353\346(\034\320\015C8\2020\210\0262"
 1443      00EBE628 
 1443      1CD00D43 
 1443      38823088 
 1443      1632
 1444 00a9 10C51D40 		.ascii	"\020\305\035@\365\336\234a|\2770T\230v\216\214\346\204"
 1444      F5DE9C61 
 1444      7CBF3054 
 1444      98768E8C 
 1444      E684
 1445 00bb 859CDD20 		.ascii	"\205\234\335 \300\003\200\011 #\214\200\330\304j\010"
 1445      C0038009 
 1445      20238C80 
 1445      D8C46A08 
 1446 00cb F46E7ED2 		.ascii	"\364n~\32204f!\302C\330\200\241D`V\223\270S\012\267"
 1446      30346621 
 1446      C243D880 
 1446      A1446056 
ARM GAS  /tmp/ccGInzCj.s 			page 39


 1446      93B8530A 
 1447 00e0 BA9CBEEA 		.ascii	"\272\234\276\352\037\000\013\005<*\307\211\300G\315"
 1447      1F000B05 
 1447      3C2AC789 
 1447      C047CD
 1448 00ef AE1897EB 		.ascii	"\256\030\227\353\036\011^\271\335\357\037H\271-t\300"
 1448      1E095EB9 
 1448      DDEF1F48 
 1448      B92D74C0 
 1449 00ff 1328530E 		.ascii	"\023(S\016|SE\317\227\240\237\322\027m(\207\247\377"
 1449      7C5345CF 
 1449      97A09FD2 
 1449      176D2887 
 1449      A7FF
 1450 0111 4097351A 		.ascii	"@\2275\032\3303\200)\220\356\345\000\031\343v\342\336"
 1450      D8338029 
 1450      90EEE500 
 1450      19E376E2 
 1450      DE
 1451 0122 AC2367FC 		.ascii	"\254#g\374Z\3537\214\271\035+#\246\346\007r\342\344"
 1451      5AEB378C 
 1451      B91D2B23 
 1451      A6E60772 
 1451      E2E4
 1452 0134 B4B85072 		.ascii	"\264\270Pr\034\000\223\340\242\320\355\246E\223\015"
 1452      1C0093E0 
 1452      A2D0EDA6 
 1452      45930D
 1453 0143 BA3D8C88 		.ascii	"\272=\214\210^yZ\001\360\030|r\307X?\312\021\033\002"
 1453      5E795A01 
 1453      F0187C72 
 1453      C7583FCA 
 1453      111B02
 1454 0156 8C1C6303 		.ascii	"\214\034c\003\310\355 E\3012\030\013syP\357y\027\373"
 1454      C8ED2045 
 1454      C132180B 
 1454      737950EF 
 1454      7917FB
 1455 0169 0C3D5377 		.ascii	"\014=Sw\017\230\010\305)#\310\036\356\310\373 \367\036"
 1455      0F9808C5 
 1455      2923C81E 
 1455      EEC8FB20 
 1455      F71E
 1456 017b 937ACD01 		.ascii	"\223z\315\001;h\207Nx\001\327\225gI\323L\344E\226\263"
 1456      3B68874E 
 1456      7801D795 
 1456      6749D34C 
 1456      E44596B3 
 1457 018f 8CE5A572 		.ascii	"\214\345\245r0M\254\214\012+\340%\261d\363\253\220\251"
 1457      304DAC8C 
 1457      0A2BE025 
 1457      B164F3AB 
 1457      90A9
 1458 01a1 366551CE 		.ascii	"6eQ\316\250\260\205>r\321SM\376)\251\014}\260\215\355"
 1458      A8B0853E 
 1458      72D1534D 
 1458      FE29A90C 
ARM GAS  /tmp/ccGInzCj.s 			page 40


 1458      7DB08DED 
 1459 01b5 2E2D0BAB 		.ascii	".-\013\253\266\305\302\026\023]E1G\231\230\237\2700"
 1459      B6C5C216 
 1459      135D4531 
 1459      4799989F 
 1459      B830
 1460 01c7 5312AB84 		.ascii	"S\022\253\204<\211q\022+@\2460\275\235h\222S\251f/G"
 1460      3C897112 
 1460      2B40A630 
 1460      BD9D6892 
 1460      53A9662F 
 1461 01dc 81EF87C7 		.ascii	"\201\357\207\307\027yi\024_\363\234\004\322c\275\277"
 1461      17796914 
 1461      5FF39C04 
 1461      D263BDBF 
 1462 01ec D144B789 		.ascii	"\321D\267\211\025\022-\300-\223\367{\311\030u\351\242"
 1462      15122DC0 
 1462      2D93F77B 
 1462      C91875E9 
 1462      A2
 1463 01fd 137B503E 		.ascii	"\023{P>\023}\353\332K;-\334D\347\360\312\026_\252\261"
 1463      137DEBDA 
 1463      4B3B2DDC 
 1463      44E7F0CA 
 1463      165FAAB1 
 1464 0211 B00A5E93 		.ascii	"\260\012^\223\272\234\0205v\353\020]\005\021\224\254"
 1464      BA9C1035 
 1464      76EB105D 
 1464      051194AC 
 1465 0221 18A31F01 		.ascii	"\030\243\037\001J\262?\224\254]\321\273^qt\333\177\355"
 1465      4AB23F94 
 1465      AC5DD1BB 
 1465      5E7174DB 
 1465      7FED
 1466 0233 54C15B2A 		.ascii	"T\301[*(\312\012zUA\307\306+\355id\352\010U\361\265"
 1466      28CA0A7A 
 1466      5541C7C6 
 1466      2BED6964 
 1466      EA0855F1 
 1467 0248 BC467F14 		.ascii	"\274F\177\024\373\"\031\246r\363\023\250;\037^i \266"
 1467      FB2219A6 
 1467      72F313A8 
 1467      3B1F5E69 
 1467      20B6
 1468 025a 9869A0CF 		.ascii	"\230i\240\317\003\376~\036\214\355\322#\261\216\260"
 1468      03FE7E1E 
 1468      8CEDD223 
 1468      B18EB0
 1469 0269 1E0D76EA 		.ascii	"\036\015v\352Gc\241\323\035\341\316dB?\334t\342XsK\260"
 1469      4763A1D3 
 1469      1DE1CE64 
 1469      423FDC74 
 1469      E258734B 
 1470 027e 3DD8190A 		.ascii	"=\330\031\012\263}\311H4\336\332\334\025\214'\317\352"
 1470      B37DC948 
 1470      34DEDADC 
 1470      158C27CF 
ARM GAS  /tmp/ccGInzCj.s 			page 41


 1470      EA
 1471 028f 4722D196 		.ascii	"G\"\321\226\350\361\223z,\241G\202\355z\"\036\222\357"
 1471      E8F1937A 
 1471      2CA14782 
 1471      ED7A221E 
 1471      92EF
 1472 02a1 E6B6F660 		.ascii	"\346\266\366`\"R\033b\2425|\246k\353\206Lm]kK[]}}\220"
 1472      22521B62 
 1472      A2357CA6 
 1472      6BEB864C 
 1472      6D5D6B4B 
 1473 02ba 3913E150 		.ascii	"9\023\341P2\026\367\264\206\023\241x\264\213\266\"\021"
 1473      3216F7B4 
 1473      8613A178 
 1473      B48BB622 
 1473      11
 1474 02cb 3D17FE03 		.ascii	"=\027\376\003`\367C)"
 1474      60F74329 
 1475              		.text
 1476              		.section	.gnu.lto_flashGetOffsetSector.435.16245e6f34db278c,"e",%progbits
 1477 0000 789C7554 		.ascii	"x\234uT_L[U\030?\337=\367\336\336{\013\005\344\257{"
 1477      5F4C5B55 
 1477      183FDF3D 
 1477      F7DEDE7B 
 1477      0B05E4AF 
 1478 0015 B1F34FCC 		.ascii	"\261\363O\314\242R\227\030y\341aQ\023_L\234\032\036"
 1478      A2529718 
 1478      79E16151 
 1478      135F4C9C 
 1478      1A1E
 1479 0027 7C22A52D 		.ascii	"|\"\245-i'\003\322V\023\037\014\227\225R\263\251\024"
 1479      692703D2 
 1479      56131F0C 
 1479      979552B3 
 1479      A914
 1480 0039 48C854AA 		.ascii	"H\310T\252\346\246\032\206\017N\234\016&\003\006\316"
 1480      E6A61A86 
 1480      0F4E9C0E 
 1480      260306CE 
 1481 0049 6D352041 		.ascii	"m5 A\027C\030Y\202Y\004Mt\223\007\015\221\340\367\235"
 1481      17431859 
 1481      8259044D 
 1481      7493070D 
 1481      91E0F79D 
 1482 005d 536E06C9 		.ascii	"Sn\006\311\232\364\364\234\357\374\276\337\357\373~"
 1482      9AF4F49C 
 1482      EFFCBEDF 
 1482      EFFB7E
 1483 006c E79C6E69 		.ascii	"\347\234ni\214\345\030c\223\370\005\213\301@\377I\205"
 1483      8CE51863 
 1483      93F8058B 
 1483      C140FF49 
 1483      85
 1484 007d D9B67DC4 		.ascii	"\331\266}\304\243(\357g\307\016\302%\230\177\373\233"
 1484      A328EF67 
 1484      C70EC225 
 1484      987FFB9B 
ARM GAS  /tmp/ccGInzCj.s 			page 42


 1485 008d A7D44CBF 		.ascii	"\247\324L\277\357\253\177\256yU\023\206\014\271\317"
 1485      EFAB7FAE 
 1485      79551386 
 1485      0CB9CF
 1486 009c 959EFE53 		.ascii	"\225\236\376S\012|\017\277\\\231\345j\272\337wf\374"
 1486      0A7C0FBF 
 1486      5C99E56A 
 1486      BADF7766 
 1486      FC
 1487 00ad 62A3AAC2 		.ascii	"b\243\252\302\351\001\347\316D\332\022\030\015\206\276"
 1487      E901E7CE 
 1487      44DA1218 
 1487      0D86BE
 1488 00bc DCE5D395 		.ascii	"\334\345\323\225\224\304\013\334\351\354\232L\364\210"
 1488      94C40BDC 
 1488      E9EC9A4C 
 1488      F488
 1489 00ca 84E9F4F3 		.ascii	"\204\351\364\363\250$p\006t\2735\000\353RL\256j:F\273"
 1489      A8247006 
 1489      74BB3500 
 1489      EB524CAE 
 1489      6A3A46BB 
 1490 00de 149DC18C 		.ascii	"\024\235\301\214J [q'\254\370\031\344\303\034\006x\236"
 1490      4A205B71 
 1490      27ACF819 
 1490      E4C31C06 
 1490      789E
 1491 00f0 33508B33 		.ascii	"3P\2133\000\377\241\031\333\3767=\370a\332\032\036\231"
 1491      00FFA119 
 1491      DBFE373D 
 1491      F861DA1A 
 1491      1E99
 1492 0102 51F35C61 		.ascii	"Q\363\\a\037!\340k\200s@I\010\344G\331\243\010Z\\\037"
 1492      1F21E06B 
 1492      80734049 
 1492      08E447D9 
 1492      A3085A5C 
 1493 0117 B76D93E5 		.ascii	"\267m\223\3459\207\363p\027\006\003M?\032\204{M\342"
 1493      3987F370 
 1493      1706034D 
 1493      3F1A847B 
 1493      4DE2
 1494 0129 DE4D65EC 		.ascii	"\336Me\354rdRab/NmZ1$c\234\306G\020|;\367i\237/\333"
 1494      72645261 
 1494      622F4E6D 
 1494      5A312463 
 1494      9CC64710 
 1495 0144 6DE4B906 		.ascii	"m\344\271\006\337\302\036\345\246mA\372\226\013\035"
 1495      DFC21EE5 
 1495      A66D41FA 
 1495      960B1D
 1496 0153 BEFC9E84 		.ascii	"\276\374\236\204*pq\037tS@\273v\241\213\243T\252\237"
 1496      2A70711F 
 1496      745340BB 
 1496      76A18BA3 
 1496      54AA9F
 1497 0166 90D3FB90 		.ascii	"\220\323\373\220\277\031d\021\300\024\300$P\253x\246"
ARM GAS  /tmp/ccGInzCj.s 			page 43


 1497      BF196411 
 1497      C014C024 
 1497      50AB78A6 
 1498 0176 94DB0BAE 		.ascii	"\224\333\013\256\316\347\351SRG\205\331}\331\037\233"
 1498      CEE7E953 
 1498      524785D9 
 1498      7DD91F9B 
 1499 0186 84ED77B1 		.ascii	"\204\355w\261gG\323\330k\217\237\260\337\355\303\016"
 1499      6747D3D8 
 1499      6B8F9FB0 
 1499      DFEDC30E 
 1500 0196 9AA87419 		.ascii	"\232\250t\031`\016\030\236\033k\03201\256\271\332r\353"
 1500      600E189E 
 1500      1B6B1A30 
 1500      31AEB9DA 
 1500      72EB
 1501 01a8 8B256DC6 		.ascii	"\213%m\306\376o\247\317\266o\036\312\315\235\037\202"
 1501      FE6FA7CF 
 1501      B66F1ECA 
 1501      CD9D1F82 
 1502 01b8 FB018DD2 		.ascii	"\373\001\215\322\025\034<\3106\005*\316\024\035`\034"
 1502      151C3CC8 
 1502      36052ACE 
 1502      141D601C 
 1503 01c8 3C38330C 		.ascii	"<83\014\212\321!\230\026-\2754+\241\241\024\007\313"
 1503      8AD12198 
 1503      162DBD34 
 1503      2BA1A114 
 1503      07CB
 1504 01da 4743190D 		.ascii	"GC\031\015\345\024\253\240\241\222\241X\025\300\005"
 1504      E514ABA0 
 1504      A192A158 
 1504      15C005
 1505 01e9 A8A6C66B 		.ascii	"\250\246\306k\250\246Z\206\322uD\305X\037g7\322\177"
 1505      A8A65A86 
 1505      D27544C5 
 1505      581F6737 
 1505      D27F
 1506 01fb CD32B067 		.ascii	"\3152\260g\030\313rE.\272q\361;\330k\023\005\223\212"
 1506      18CB7245 
 1506      2EBA71F1 
 1506      3BD86B13 
 1506      05938A
 1507 020e A7E9058B 		.ascii	"\247\351\005\213\375\011'&\317<\341p(^\037.\214\370"
 1507      FD092726 
 1507      CF3CE170 
 1507      285E1F2E 
 1507      8CF8
 1508 0220 8CAE19DA 		.ascii	"\214\256\031\332\345u\270\016W\200=)\227:\\\205\034"
 1508      E575B80E 
 1508      57803D29 
 1508      973A5C85 
 1508      1C
 1509 0231 F92BD24C 		.ascii	"\371+\322L\207+\305,}OV\011\322A\001\263z\304\262\024"
 1509      872BC52C 
 1509      7D4F5609 
 1509      D24101B3 
ARM GAS  /tmp/ccGInzCj.s 			page 44


 1509      7AC4B214 
 1510 0245 7EC02C72 		.ascii	"~\300,r\3606\364\370\035^\211y\014\211\363\334\207U"
 1510      F036F4F8 
 1510      1D5E8979 
 1510      0C89F3DC 
 1510      8755
 1511 0257 9CF06333 		.ascii	"\234\360c3\030\024\005M\027Da\017\272\303\332\222,q"
 1511      1814054D 
 1511      1744610F 
 1511      BAC3DA92 
 1511      2C71
 1512 0269 A3CAE19E 		.ascii	"\243\312\341\236\242\230\266G\254\014sa\336\025+\207"
 1512      A298B647 
 1512      AC0C7361 
 1512      DE152B87 
 1513 0279 0514A307 		.ascii	"\005\024\243\007\262\001=\033s\0070\215r\312A>\230>"
 1513      B2013D1B 
 1513      7307308D 
 1513      72CA413E 
 1513      983E
 1514 028b 6E8EAEAC 		.ascii	"n\216\256\254=\015\200\276\360\253\263\177\374\312]"
 1514      3D0D80BE 
 1514      F0ABB37F 
 1514      FCCA5D
 1515 029a 5F560A5E 		.ascii	"_V\012^|\246\250\226:\333;\2579\034\333\343\224\252"
 1515      7CA6A896 
 1515      3ADB3BAF 
 1515      391CDBE3 
 1515      94AA
 1516 02ac 8041C1B1 		.ascii	"\200A\301\261^\254\322B:\334\221\256\3258\274f\267\220"
 1516      5EACD242 
 1516      3ADC91AE 
 1516      D538BC66 
 1516      B790
 1517 02be F5C7F3BC 		.ascii	"\365\307\363\274\002\367aQV2R\237\347\367\301\022\226"
 1517      02F76151 
 1517      5632529F 
 1517      E7F7C112 
 1517      96
 1518 02cf 42766197 		.ascii	"Bva\227\237\274\212\207\204\011Bj\265\300eW\215\016"
 1518      9FBC8A87 
 1518      8409426A 
 1518      B5C06557 
 1518      8D0E
 1519 02e1 F7EE528C 		.ascii	"\367\356R\2144\354\245Xo\314cg?#\205*\014O\015\367\316"
 1519      34ECA558 
 1519      6FCC6367 
 1519      3F23852A 
 1519      0C4F0DF7 
 1520 02f6 AB0E99EB 		.ascii	"\253\016\231\353%\036\021\270\2568\274\026cT\247\011"
 1520      251E11B8 
 1520      AE38BC16 
 1520      6354A709 
 1521 0306 3BF82993 		.ascii	";\370)\223\226\316\241V\255\320\272)\264R\223\231U\304"
 1521      96CEA156 
 1521      ADD0BA29 
 1521      B4529399 
ARM GAS  /tmp/ccGInzCj.s 			page 45


 1521      55C4
 1522 0318 963ABCAA 		.ascii	"\226:\274\252\230<\236\331\306&}\"PK\201\241\314-\244"
 1522      983C9ED9 
 1522      C6267D22 
 1522      504B81A1 
 1522      CC2DA4
 1523 032b 2F13209F 		.ascii	"/\023 \237t\357\030\256\211\332*\272\227\345\352fn\341"
 1523      74EF18AE 
 1523      89DA2ABA 
 1523      97E5EA66 
 1523      6EE1
 1524 033d 806BD99D 		.ascii	"\200k\331\235B\211\350\355%\274\205\0167Dl\023cl\013"
 1524      4289E8ED 
 1524      25BC850E 
 1524      37446C13 
 1524      636C0B
 1525 0350 0C748F0A 		.ascii	"\014t\217\012\317r\355z>wM\330\254\320\376\362\311s"
 1525      CF72ED7A 
 1525      3E774DD8 
 1525      ACD0FEF2 
 1525      C973
 1526 0362 50F4191B 		.ascii	"P\364\031\033\322\035^\347\372\014\262\366)\344\252"
 1526      D21D5EE7 
 1526      FA0CB2F6 
 1526      29E4AA
 1527 0371 136A3AFD 		.ascii	"\023j:\375\331\251\224\012\270s\204\211-N2\316O\252"
 1527      D9A9940A 
 1527      B8738489 
 1527      2D4E32CE 
 1527      4FAA
 1528 0383 2441131F 		.ascii	"$A\023\037px\371\275/D\025,\243\205\232\274\020+sxh"
 1528      7078F9BD 
 1528      2F44152C 
 1528      A3859ABC 
 1528      102B7378 
 1529 0398 1CF1D4CD 		.ascii	"\034\361\324\315\026\340\254N\373\240T\2523\023\235"
 1529      16E0AC4E 
 1529      FBA054AA 
 1529      33139D
 1530 03a7 CA72CFD8 		.ascii	"\312r\317\330\350;%n\207\333\005\213\036\213\320y\330"
 1530      E83B256E 
 1530      87DB058B 
 1530      1E8BD079 
 1530      D8
 1531 03b8 E115F7D6 		.ascii	"\341\025\367\326\251\204\033\250\243\313\243\032\357"
 1531      A9841BA8 
 1531      A3CBA31A 
 1531      EF
 1532 03c5 BD859556 		.ascii	"\275\205\225V\013s+dW\344P\265\340\334)(\242;c\325}"
 1532      0B732B64 
 1532      57E450B5 
 1532      E0DC2928 
 1532      A23B63D5 
 1533 03da 977F5377 		.ascii	"\227\177Sw\2168\350-\300S0T\\U{\012\017\2418\254\200"
 1533      8E38E82D 
 1533      C0533054 
 1533      5C557B0A 
ARM GAS  /tmp/ccGInzCj.s 			page 46


 1533      0FA138AC 
 1534 03ef BEB01CC5 		.ascii	"\276\260\034\305\253\013\253\356\253f\354` \332q<\022"
 1534      AB0BABEE 
 1534      AB66EC60 
 1534      20DA713C 
 1534      12
 1535 0400 8805DB03 		.ascii	"\210\005\333\003\317u\204^?\036iO&\002\317\034}\371"
 1535      CF75845E 
 1535      3F1E694F 
 1535      2602CF1C 
 1535      7DF9
 1536 0412 85E69660 		.ascii	"\205\346\226`[\260=\024a\217%\243\261x\270\2713\030"
 1536      5BB03D14 
 1536      618F25A3 
 1536      B178B8B9 
 1536      3318
 1537 0424 4FBE1978 		.ascii	"O\276\031x6\032k\211\275\370J\240#\021\210\006\333\002"
 1537      361A6B89 
 1537      BDF84AA0 
 1537      23118806 
 1537      DB02
 1538 0436 8978887E 		.ascii	"\211x\210~\233[\333\202\211h}\210\251\341\310\033\235"
 1538      9B5BDB82 
 1538      89687D88 
 1538      A9E1C81B 
 1538      9D
 1539 0447 D57745EA 		.ascii	"\325wE\352\017\207[Z\01774\004\231\336\321\332\232\210"
 1539      0F875B5A 
 1539      0F373404 
 1539      99DED1DA 
 1539      9A88
 1540 0459 24AD7024 		.ascii	"$\255p$\021\212\307:\223\035q\210\351\211H\010'\226"
 1540      118AC73A 
 1540      931D7188 
 1540      E9894808 
 1540      2796
 1541 046b FC698EB4 		.ascii	"\374i\216\264\207K\212\323D\022\345\376\007\"\2263V"
 1541      874B8AD3 
 1541      4412E5FE 
 1541      07229633 
 1541      56
 1542              		.text
 1543              		.section	.gnu.lto_flashGetOffsetAddress.436.16245e6f34db278c,"e",%progbits
 1544 0000 789C5550 		.ascii	"x\234UPMh\023Q\020\236o\337f\263\233\324z\362\036\005"
 1544      4D681351 
 1544      109E6FDF 
 1544      66B39BD4 
 1544      7AF21E05 
 1545 0014 1511B3F6 		.ascii	"\025\021\263\366\324\253X\017\036\004\213\222s\330$"
 1545      D4AB580F 
 1545      1E048B92 
 1545      73D824
 1546 0023 1B124C93 		.ascii	"\033\022L\223\260\033\005A\350K\255\012\005I\323\036"
 1546      B01B0541 
 1546      E84BAD0A 
 1546      0549D31E 
 1547 0033 BCA41E96 		.ascii	"\274\244\036\226(\366\242\227\212\325V\215\177x\360"
ARM GAS  /tmp/ccGInzCj.s 			page 47


 1547      28F6A297 
 1547      8AD5568D 
 1547      7F78F0
 1548 0042 228A2882 		.ascii	"\"\212(\202\227\202`=h\361\344\241E\347\355\206\266"
 1548      9782603D 
 1548      68F1E4A1 
 1548      45E7ED86 
 1548      B6
 1549 0053 81DD796F 		.ascii	"\201\335yo\346}\337|\337\314i\215\350\012\021\035\342"
 1549      E67DDF7C 
 1549      DFCC698D 
 1549      E80A111D 
 1549      E2
 1550 0064 1F8230D7 		.ascii	"\037\2020\327\236\321HJy\"\256\241\331\236\371}\177"
 1550      9ED1484A 
 1550      7922AEA1 
 1550      D99EF97D 
 1550      7F
 1551 0075 49C75384 		.ascii	"I\307S\204\005\320\244\206I\314\213\216\300\234\350"
 1551      05D0A486 
 1551      49CC8B8E 
 1551      C09CE8
 1552 0084 3258EFDF 		.ascii	"2X\357\337\200\324\221\236\224\177\257\315\377\370\216"
 1552      80D4919E 
 1552      947FAFCD 
 1552      FFF88E
 1553 0093 CEBD9EDE 		.ascii	"\316\275\236\336\025\032\335f\300C`\011\334\231\030"
 1553      151ADD66 
 1553      C0436009 
 1553      DC9918
 1554 00a2 28C6E930 		.ascii	"(\306\3510\203\336\177Y\226\322\242\256\020x\204]\030"
 1554      83DE7F59 
 1554      96D2A2AE 
 1554      1078845D 
 1554      18
 1555 00b3 2E64DAA6 		.ascii	".d\332\246\302]\210p[}\234\216\307\2038=\263`F\035="
 1555      C25D8870 
 1555      5B7D9C8E 
 1555      C783383D 
 1555      B360461D 
 1556 00c8 150F3278 		.ascii	"\025\0172xc\375Nkx\266ivE\014+\030P\316,\232\006a\025"
 1556      63FD4E6B 
 1556      78B66976 
 1556      450C2B18 
 1556      50CE2C9A 
 1557 00df CA8F9A91 		.ascii	"\312\217\232\221?\316\036|\210\365\344\346\277\226\224"
 1557      3FCE1E7C 
 1557      88F5E4E6 
 1557      BF9694
 1558 00ee 6FD3375F 		.ascii	"o\3237_\255\334\302\020\270\263\241q\210\353\3002BN"
 1558      ADDCC210 
 1558      B8B3A171 
 1558      88EBC032 
 1558      424E
 1559 0100 9C53D3E4 		.ascii	"\234S\323\344`)#V\002x\202$\251\341\250%\324\226\244"
 1559      60292356 
 1559      02788224 
ARM GAS  /tmp/ccGInzCj.s 			page 48


 1559      A9E1A825 
 1559      D496A4
 1560 0113 0ED9239A 		.ascii	"\016\331#\232\025Z\22449\371\011\271\366\361\035\350"
 1560      155A9434 
 1560      39F909B9 
 1560      F6F11DE8 
 1561 0123 17A65617 		.ascii	"\027\246V\027\217\005\002\375%\011(\267w\325.\331g\""
 1561      8F0502FD 
 1561      250928B7 
 1561      77D52ED9 
 1561      6722
 1562 0135 E0C19E81 		.ascii	"\340\301\236\201\216G\251\201\347X\010\015*\232\025"
 1562      8E47A981 
 1562      E758080D 
 1562      2A9A15
 1563 0144 08ADCF32 		.ascii	"\010\255\3172\006XIn\207\027\314\232\016\323!\274d\226"
 1563      0658496E 
 1563      8717CC9A 
 1563      0ED321BC 
 1563      6496
 1564 0156 1A7303D3 		.ascii	"\032s\003\323\251@\030\314#n\334\025{\330\306T\212G"
 1564      A94018CC 
 1564      236EDC15 
 1564      7BD8C654 
 1564      8A47
 1565 0168 E062E8E8 		.ascii	"\340b\350\3503;\342\363\300vX\373\232\014\265\326\323"
 1565      333BE2F3 
 1565      C07658FB 
 1565      9A0CB5D6 
 1565      D3
 1566 0179 8188F7C5 		.ascii	"\201\210\367\305b\003b\303\314\305\353m\261\275x\303"
 1566      620362C3 
 1566      CCC5EB6D 
 1566      B1BD78C3 
 1567 0189 625A6471 		.ascii	"bZdq\363\3067-\020&S9\273\332\271\276\305\322VXHD\317"
 1567      F3C6372D 
 1567      10265339 
 1567      BBDAB9BE 
 1567      C5D25658 
 1568 01a0 9F5899DD 		.ascii	"\237X\231\335Z\364\207}\360U\215\326\022\330\331\031"
 1568      5AF4877D 
 1568      F0558DD6 
 1568      12D8D919 
 1569 01b0 D17EBB54 		.ascii	"\321~\273T\233p\355\262S\265O\325\362\027'\334j\303"
 1569      9B70EDB2 
 1569      53B54FD5 
 1569      F21727DC 
 1569      6AC3
 1570 01c2 B74F8E9F 		.ascii	"\267O\216\237;\223\3159\025\247\232w\351h\243T\366\012"
 1570      3B93CD39 
 1570      15A79A77 
 1570      E968A354 
 1570      F60A
 1571 01d4 D9BAE335 		.ascii	"\331\272\3435.\333c\245r\256|\366\274]\363\355\222S"
 1571      2EDB63A5 
 1571      72AE7CF6 
 1571      BC5DF3ED 
ARM GAS  /tmp/ccGInzCj.s 			page 49


 1571      9253
 1572 01e6 B17D2FAF 		.ascii	"\261}/\257\316l\261\342\370\245t\236\364\202{\251\276"
 1572      CE6CB1E2 
 1572      F8A5749E 
 1572      F4827BA9 
 1572      BE
 1573 01f7 6F57253D 		.ascii	"oW%=R\310\025GFG\0352j\305\242\3576\022\005\327\317"
 1573      52C81547 
 1573      46471D32 
 1573      6AC5A2EF 
 1573      361205D7 
 1574 020c 7BE57AA3 		.ascii	"{\345z\243\346\375\007\232p\331!"
 1574      E6FD079A 
 1574      70D921
 1575              		.text
 1576              		.section	.gnu.lto_flashGetAddressOffset.437.16245e6f34db278c,"e",%progbits
 1577 0000 789C5550 		.ascii	"x\234UPKk\023Q\024>\337\334I&\231\324\270r\037\005\025"
 1577      4B6B1351 
 1577      143EDFDC 
 1577      492699D4 
 1577      B8721F05 
 1578 0015 113B7655 		.ascii	"\021;vU7\202\250\013\027\202E\311:L2)\031L\2230\211"
 1578      3782A80B 
 1578      178245C9 
 1578      3A4C3229 
 1578      194C9330 
 1579 002a 05DDF4A6 		.ascii	"\005\335\364\246V\203q\221>p!\304.\206\340c%\210b\252"
 1579      56837191 
 1579      3E7021C4 
 1579      2E86E063 
 1579      258862AA 
 1580 003e 55A3D6A5 		.ascii	"U\243\326\245\266\010\376\201\356\252 \305\225\213T"
 1580      B608FE81 
 1580      EEAA20C5 
 1580      958B54
 1581 004d 3D7732D4 		.ascii	"=w2\324\006f\356\275\347\360\275\316\271\240\021\335"
 1581      0666EEBD 
 1581      E7F0BDCE 
 1581      B9A011DD 
 1582 005d 20A223FC 		.ascii	" \242#\374C\020\026\027\232\032I)\317\030\032\352\013"
 1582      43101617 
 1582      9A1A4929 
 1582      CF181AEA 
 1582      0B
 1583 006e CDF5953F 		.ascii	"\315\365\225?:\336 h\200f4\314`I\264\005\026E\207\301"
 1583      3ADE2068 
 1583      806634CC 
 1583      6049B405 
 1583      164587C1 
 1584 0082 7AF80252 		.ascii	"z\370\002R\307zR\376\276\265t\247a\266\037\367\364\216"
 1584      C77A52FE 
 1584      BEB574A7 
 1584      61B61FF7 
 1584      F48E
 1585 0094 D0689901 		.ascii	"\320h\231\001/\200\347`eb\240\230\240\243\014\332\330"
 1585      2F80E760 
 1585      6562A098 
ARM GAS  /tmp/ccGInzCj.s 			page 50


 1585      A0A30CDA 
 1585      D8
 1586 00a5 EA4A19A7 		.ascii	"\352J\031\247\216\020x\211=\030n\244\273\206\302]\035"
 1586      8E107889 
 1586      3D186EA4 
 1586      BB86C25D 
 1586      1D
 1587 00b6 E076429C 		.ascii	"\340vB\234\216\225a\234\236^3\006\212\025u\036f\360"
 1587      8E95619C 
 1587      9E5E3306 
 1587      8A15751E 
 1587      66F0
 1588 00c8 76F3512B 		.ascii	"v\363Q+9_\217uD\004\2571\344\234\3360\242\204U\250<"
 1588      395F8F75 
 1588      4404AF31 
 1588      E49CDE30 
 1588      A28455A8 
 1589 00dd 6A46FEB8 		.ascii	"jF\376\270z\3725\322\223\375\277-)\327O\335\375\370"
 1589      7AFA35D2 
 1589      93FDBF2D 
 1589      29D74FDD 
 1589      FDF8
 1590 00ef A38D11B0 		.ascii	"\243\215\021\260rT\343\303\320\201.\002\216\001\274"
 1590      7254E3C3 
 1590      D0812E02 
 1590      8E01BC
 1591 00fe 428C7B9A 		.ascii	"B\214{\232\012\0223\371\210'\324\213\250%\324\226\244"
 1591      0A1233F9 
 1591      8827D48B 
 1591      A825D496 
 1591      A4
 1592 010f 0ED9239A 		.ascii	"\016\331#\232\027\332\240\250s\361\035r\363\336\027"
 1592      17DAA0A8 
 1592      73F11D72 
 1592      F3DE17
 1593 011e D04FCCAE 		.ascii	"\320O\314\256>9\341\013\204K\022Pi\037\252]rN\323\347"
 1593      3E39E10B 
 1593      844B1250 
 1593      691FAA5D 
 1593      724ED3E7 
 1594 0132 C1DE824E 		.ascii	"\301\336\202N\016\312(\336\341A\020P\321\342\276\320"
 1594      0ECA28DE 
 1594      E1411050 
 1594      D1E2BED0 
 1595 0142 42567488 		.ascii	"BVt\210\225`9\274g\326\\P\216\340\003\263\324\230\333"
 1595      956039BC 
 1595      67D65C50 
 1595      8EE003B3 
 1595      D498DB
 1596 0155 984BF922 		.ascii	"\230K\371\"\312<b\341\216\330\3071fS<\0027\203D\367"
 1596      CA3C62E1 
 1596      8ED8C731 
 1596      66533C02 
 1596      378344F7 
 1597 0169 3911DF87 		.ascii	"9\021\337\207v\217\315gI\345\325o|c\014\033\032\201"
 1597      768FCD67 
 1597      49E5D56F 
ARM GAS  /tmp/ccGInzCj.s 			page 51


 1597      7C630C1B 
 1597      1A81
 1598 017b F3D6695F 		.ascii	"\363\326i_\230\241ud\310:\311JX\333\265\336\217Ol\255"
 1598      98A17564 
 1598      C83AC94A 
 1598      58DBB5DE 
 1598      8F4F6CAD 
 1599 018f 0D02F71B 		.ascii	"\015\002\367\033\237u_\2053\271\272\271|{G\370\"\026"
 1599      9F755F85 
 1599      33B9BAB9 
 1599      7C7B47F8 
 1599      2216
 1600 01a1 A826E817 		.ascii	"\250&\350\027\347\360\325\306\324\316\360\177gD\007"
 1600      E7F0D5C6 
 1600      D4CEF07F 
 1600      674407
 1601 01b0 AD42792A 		.ascii	"\255By*o\271v\311:_\316]\233\312\227jU\353\354\304\345"
 1601      6FB976C9 
 1601      3A5FCE5D 
 1601      9BCA976A 
 1601      55EBECC4 
 1602 01c5 8B99AC5D 		.ascii	"\213\231\254]\264K\271<\035\257\025\\\317\311Tl\257"
 1602      B44BB93C 
 1602      1DAF155C 
 1602      CFC9546C 
 1602      AF
 1603 01d6 76DD3A57 		.ascii	"v\335:Wp\263\356\245+V\271j\025\354\242U\365r\352\316"
 1603      70B3EEA5 
 1603      2B56B96A 
 1603      15ECA255 
 1603      F572EACE 
 1604 01ea 4C16ED6A 		.ascii	"L\026\355ja4G\272\223\237\256\034\330\323\031\035s\262"
 1604      613447BA 
 1604      939FAE1C 
 1604      D8D3191D 
 1604      73B2
 1605 01fc 9363E3E3 		.ascii	"\223c\343\3436\351\266\343x\246\223\257\346<\267R+{"
 1605      36E9B6E3 
 1605      78A693AF 
 1605      E63CB752 
 1605      2B7B
 1606 020e FF0014FC 		.ascii	"\377\000\024\374\327\202"
 1606      D782
 1607              		.text
 1608              		.section	.gnu.lto_.symbol_nodes.16245e6f34db278c,"e",%progbits
 1609 0000 789C758E 		.ascii	"x\234u\216+\022\302@\020D\273\267'\221\010.\3005\270"
 1609      2B12C240 
 1609      1044BBB7 
 1609      2791082E 
 1609      C035B8
 1610 0013 DD04114F 		.ascii	"\335\004\021O\0047@ \371\005\201\304\340\260\030\356"
 1610      04374020 
 1610      F90581C4 
 1610      E0B018EE 
 1611 0023 400C0603 		.ascii	"@\014\006\003\033XP\331V]\365z\246\336\230\000\302Z"
 1611      1B5850D9 
 1611      565DF57A 
ARM GAS  /tmp/ccGInzCj.s 			page 52


 1611      A6DE9800 
 1611      C25A
 1612 0035 8EEEB99A 		.ascii	"\216\356\271\232r~\001\0348V3\242'\221m\344\254bl\010"
 1612      727E011C 
 1612      385633A2 
 1612      27916DE4 
 1612      AC626C08 
 1613 0049 6EE5210B 		.ascii	"n\345!\013wr\335\352\373\011Cp/\267\354e+/r\220\007"
 1613      7772DDEA 
 1613      FB094370 
 1613      2FB7EC65 
 1613      2B2F7290 
 1614 005e 79F94A99 		.ascii	"y\371J\231|\006@\334\366T(\233\372z\026\227#\303\367"
 1614      7C0640DC 
 1614      F654289B 
 1614      FA7A1697 
 1614      23C3F7
 1615 0071 C18396F4 		.ascii	"\301\203\226\364[Z\370\267$\026[\262X\320\212_\303\033"
 1615      5B5AF8B7 
 1615      24165BB2 
 1615      58D08A5F 
 1615      C31B
 1616 0083 9D8B4C38 		.ascii	"\235\213L8"
 1617              		.text
 1618              		.section	.gnu.lto_.refs.16245e6f34db278c,"e",%progbits
 1619 0000 789C6364 		.ascii	"x\234cd\000\002\000\000\012\000\002"
 1619      00020000 
 1619      0A0002
 1620              		.text
 1621              		.section	.gnu.lto_.decls.16245e6f34db278c,"e",%progbits
 1622 0000 789CA558 		.ascii	"x\234\245XyPTG\032\357\257\33703\214\003C\0247\331J"
 1622      79505447 
 1622      1AEFAFDF 
 1622      30338C03 
 1622      431437D9 
 1623 0015 2A4B52BB 		.ascii	"*KR\273%\225Td%\251\270\371'ebbR\225l\222ZM\262\331"
 1623      25955464 
 1623      25A9B8F9 
 1623      27656262 
 1623      52956C92 
 1624 002d ADCAD4C8 		.ascii	"\255\312\324\310<`\252\27023X1U[5\010\210\242\202\367"
 1624      3C60AAB8 
 1624      32335831 
 1624      555B3508 
 1624      88A282F7 
 1625 0041 19231E10 		.ascii	"\031#\036\020o\301#^1\216 \012\021\025\025\257\030<"
 1625      6FC1235E 
 1625      318E200A 
 1625      111515AF 
 1625      183C
 1626 0053 83190514 		.ascii	"\203\031\005\024\020/\202q\277\356~\363\336\233\203"
 1626      102F8271 
 1626      BFEE7EF3 
 1626      DE9B83
 1627 0062 ACBB3BDA 		.ascii	"\254\273;\332\357\365\353\376\365\367\373\365\327_\367"
 1627      EFF5EBFE 
 1627      F5F7FBF5 
ARM GAS  /tmp/ccGInzCj.s 			page 53


 1627      D75FF7
 1628 0071 FB1ED943 		.ascii	"\373\036\331C\010\221%B\336\305\362\020\177&B\3101,"
 1628      08912542 
 1628      DEC5F210 
 1628      7F2642C8 
 1628      312C
 1629 0083 EC6E0542 		.ascii	"\354n\005B\342\2604b=\003\313S \372\332\210\3701\314"
 1629      E2B03462 
 1629      3D03CB53 
 1629      20FADA88 
 1629      F831CC
 1630 0096 9FB0ED39 		.ascii	"\237\260\3559,)X^\302\362\012\226W\261\274\001$\342"
 1630      2C29585E 
 1630      C2F20A96 
 1630      57B1BC01 
 1630      24E2
 1631 00a8 F70E25E4 		.ascii	"\367\016%\3441\274\357\3032\030K\242b\263\031\357\257"
 1631      31BCEFC3 
 1631      32184BA2 
 1631      62B319EF 
 1631      AF
 1632 00b9 81E03B89 		.ascii	"\201\340;\211\365aX\222\261<\211\317\203\260\274\251"
 1632      F5615892 
 1632      B13C89CF 
 1632      83B0BCA9 
 1633 00c9 F0B66019 		.ascii	"\360\266`\031\203\365\321X\320\024y\002\357\200ERt\274"
 1633      83F5D158 
 1633      D0147902 
 1633      EF804552 
 1633      74BC
 1634 00db 3D00EF87 		.ascii	"=\000\357\207\010\036\242\343lSx\331\274\354\012o\037"
 1634      081EA2E3 
 1634      6C5378D9 
 1634      BCEC0A6F 
 1634      1F
 1635 00ec D66510DC 		.ascii	"\326e\020\334A\336t,\367\361\371S\274g`qb\311\304\342"
 1635      41DE742C 
 1635      F7F1F953 
 1635      BC676071 
 1635      62C9C4E2 
 1636 0100 C212A3F0 		.ascii	"\302\022\243\360\307b\371;\226\361X>az\210\360G\370"
 1636      C762F93B 
 1636      96F1583E 
 1636      617A88F0 
 1636      47F8
 1637 0112 CF4E057F 		.ascii	"\317N\005\177PC\363\377\241!\032\277C\307\237\022\205"
 1637      5043F3FF 
 1637      A1211ABF 
 1637      43C79F12 
 1637      85
 1638 0123 DF85FC43 		.ascii	"\337\205\374Cu\374\215\012\177\333\000\374\331\360h"
 1638      75FC8D0A 
 1638      7FDB00FC 
 1638      D9F068
 1639 0132 7EC80111 		.ascii	"~\310\001\021\007\341\276`z\376\251\323\364R\024M\036"
 1639      07E1BE60 
 1639      7AFEA9D3 
ARM GAS  /tmp/ccGInzCj.s 			page 54


 1639      F452144D 
 1639      1E
 1640 0143 D494A0D3 		.ascii	"\324\224\240\323\2241\200\246\0162\260Or\225\365\017"
 1640      943180A6 
 1640      0E32B04F 
 1640      7295F50F 
 1641 0153 F27FA4F0 		.ascii	"\362\177\244\360\275\022\205\357_a|\3018\310\010\343"
 1641      BD1285EF 
 1641      5F617CC1 
 1641      38C808E3 
 1642 0163 1BA670FE 		.ascii	"\033\246p\3767|\257F\341\233-\301`0\3405\021\222x=I"
 1642      377CAF46 
 1642      E19B2DC1 
 1642      6030E035 
 1642      1192783D 
 1643 0178 A2648944 		.ascii	"\242d\211D\257\335+j\267\031\020\000\031\220\313;(\007"
 1643      AFDD2B6A 
 1643      B7191000 
 1643      1990CB3B 
 1643      2807
 1644 018a 25E0F529 		.ascii	"%\340\365)x\010\374F\244D\222\342\343\277\313\177 \260"
 1644      7808FC46 
 1644      A44492E2 
 1644      E3BFCB7F 
 1644      20B0
 1645 019c 47D87F7B 		.ascii	"G\330\177{\020\216\337\276\342\227\003\026\263\337\347"
 1645      108EDFBE 
 1645      E2970316 
 1645      B3DFE7
 1646 01ab 0B4CB9E8 		.ascii	"\013L\271\350\007\002/\302\237\321\326^\200\357\000"
 1646      07022FC2 
 1646      9FD1D65E 
 1646      80EF00
 1647 01ba BE05D80D 		.ascii	"\276\005\330\015\322\247\214fm\315\266\342\3700\030"
 1647      D2A78C66 
 1647      6DCDB6E2 
 1647      F83018
 1648 01c9 F8410F44 		.ascii	"\370A\017D\324\212CsV\305=\216,\035>_\"\354\003\330"
 1648      D48A4373 
 1648      56C53D8E 
 1648      2C1D3E5F 
 1648      22EC03D8 
 1649 01dd 05B0934D 		.ascii	"\005\260\223M\252\026\207\354\300\012b\226U.Z\033cE"
 1649      AA1687EC 
 1649      C00A6296 
 1649      552E5A1B 
 1649      6345
 1650 01ef 4B5DBE8A 		.ascii	"K]\276\212Z\003\366\3006\200\255\014T\007\3124\237\220"
 1650      5A03F6C0 
 1650      3680AD0C 
 1650      5407CA34 
 1650      9F90
 1651 0201 B2586518 		.ascii	"\262Xe\030\260C\304\306kD\232\310\006\317\253(\271\005"
 1651      B043C4C6 
 1651      6B449AC8 
 1651      06CFAB28 
 1651      B905
ARM GAS  /tmp/ccGInzCj.s 			page 55


 1652 0213 163ED85F 		.ascii	"\026>\330_\024K\224\241\320\000\010A\035\007\001\016"
 1652      144B94A1 
 1652      D0000841 
 1652      1D07010E 
 1653 0223 301D6DF3 		.ascii	"0\035m\363\347u\233\270S\032\001r\261\301?{\332\217"
 1653      E7759BB8 
 1653      531A0172 
 1653      B1C13F7B 
 1653      DA8F
 1654 0235 F18A97BE 		.ascii	"\361\212\227\276g\210\251s\332*c\243)mBs\207\204\322"
 1654      6788A973 
 1654      DA2A63A3 
 1654      296D4273 
 1654      8784D2
 1655 0248 D5C58BBF 		.ascii	"\325\305\213\277\212\327\2246iJ\017\263\205\233\202"
 1655      8AD79436 
 1655      694A0FB3 
 1655      859B82
 1656 0257 A2E60203 		.ascii	"\242\346\002\003v\324_k\212\213Tu4L\325\256\376\243"
 1656      76D45F6B 
 1656      8A8B5475 
 1656      344CD5AE 
 1656      FEA3
 1657 0269 3D46CD5E 		.ascii	"=F\315^\263f\357\230 \234\331\263{3\345*\217\011\331"
 1657      B366EF98 
 1657      209CD9B3 
 1657      7B33E52A 
 1657      8F09D9
 1658 027c 4B67DD2D 		.ascii	"Kg\335-\265(\262\2173\023\373\246\355,\200h\262[\220"
 1658      B528B28F 
 1658      3313FBA6 
 1658      ED2C8068 
 1658      B25B90
 1659 028f EF84B0D2 		.ascii	"\357\204\260\322\177\261s\255E\243i\321hN\006\035\234"
 1659      7FB173AD 
 1659      45A369D1 
 1659      684E061D 
 1659      9C
 1660 02a0 202D45F1 		.ascii	" -E\361\325 \236\314\022\256\250\324\300\247r\245l\323"
 1660      D5209ECC 
 1660      12AEA8D4 
 1660      C0A772A5 
 1660      6CD3
 1661 02b2 151B9B4A 		.ascii	"\025\033\233J\300_[ )\353|\0160\206t\313|\241l\277\236"
 1661      C05F5B20 
 1661      29EB7C0E 
 1661      308674CB 
 1661      7CA16CBF 
 1662 02c7 E1478DA1 		.ascii	"\341G\215\241UH\250\276\261w\215\231\353n\005\036\225"
 1662      5548A8BE 
 1662      B1778D99 
 1662      EB6E051E 
 1662      95
 1663 02d8 9FA84B89 		.ascii	"\237\250K\211{Xj\346T\263o\335m0Fz\355\022 \006\311"
 1663      7B586AE6 
 1663      54B36FDD 
 1663      6D30467A 
ARM GAS  /tmp/ccGInzCj.s 			page 56


 1663      ED122006 
 1664 02ed 2E025C60 		.ascii	".\002\\`d\335\225[6J\334\326e\200\363 \235\346\203\317"
 1664      64DD955B 
 1664      364ADCD6 
 1664      6580F320 
 1664      9DE683CF 
 1665 0301 EC5CDC1D 		.ascii	"\354\\\334\035%\020~\012s\371\374\313-\013\343\370\340"
 1665      25107E0A 
 1665      73F9FCCB 
 1665      2D0BE3F8 
 1665      E0
 1666 0312 36802BAC 		.ascii	"6\200+\254\345\316\221\276\351A\227^e\015s&7\365\031"
 1666      E5CE91BE 
 1666      E941975E 
 1666      650D7326 
 1666      37F519
 1667 0325 A3B93480 		.ascii	"\243\2714\200\366~\026\363\371\265e\377\315A\332\204"
 1667      F67E16F3 
 1667      F9B565FF 
 1667      CD41DA84 
 1668 0335 03DA84AF 		.ascii	"\003\332\204\257\261H\270\312%5\035\230\321\300%\005"
 1668      B148B8CA 
 1668      25351D98 
 1668      D1C02505 
 1669 0345 7C03BBAE 		.ascii	"|\003\273\256w\377\252U:K\355\232\245\016AU\262a\351"
 1669      77FFAA55 
 1669      3A4BED9A 
 1669      A50E4155 
 1669      B261E9
 1670 0358 5C11BA1D 		.ascii	"\\\021\272\035\"\006\316\372\277\\i\013\316\277\223"
 1670      2206CEFA 
 1670      BF5C690B 
 1670      CEBF93
 1671 0367 D9D8D2B7 		.ascii	"\331\330\322\267\361\260:\251\033\254\245\347v\353\231"
 1671      F1B03AA9 
 1671      1BACA5E7 
 1671      76EB99
 1672 0376 E0A46EB2 		.ascii	"\340\244n\262\206{[\373\267Y\243M\252\033'\325%\230"
 1672      867B5BFB 
 1672      B759A34D 
 1672      AA1B27D5 
 1672      2598
 1673 0388 1E547EB7 		.ascii	"\036T~\267,V\223\322\255I\351a\223j\207\210\343\005"
 1673      2C5693D2 
 1673      AD49E961 
 1673      936A8788 
 1673      E305
 1674 039a 9FCF15D7 		.ascii	"\237\317\025\327\224\301\020q\224\370\3051\002\267\331"
 1674      94C11071 
 1674      94F8C531 
 1674      02B7D9
 1675 03a9 198015A9 		.ascii	"\031\200\025\251\217\017\251\275\333\022\2208\304\257"
 1675      8F0FA9BD 
 1675      DB129038 
 1675      C4AF
 1676 03b7 40E00EA8 		.ascii	"@\340\016\250 \004\324\335\237W*i\304w5\342{\212\017"
 1676      2004D4DD 
ARM GAS  /tmp/ccGInzCj.s 			page 57


 1676      9F572A69 
 1676      C47735E2 
 1676      7B8A0F
 1677 03ca 7A6ECAAA 		.ascii	"zn\312\252\370{\232\370\373(\276W@\032{j\206k&\356k"
 1677      F87B9AF8 
 1677      FB28BE57 
 1677      401A7B6A 
 1677      866B26EE 
 1678 03df 26FA98F6 		.ascii	"&\372\230\366\031\224HK\251\210\356d~\034\372\251\264"
 1678      1994484B 
 1678      A988EE64 
 1678      7E1CFAA9 
 1678      B4
 1679 03f0 969D97BF 		.ascii	"\226\235\227\277\233\177|r\241\351\217\3427\004\013"
 1679      9B7F7C72 
 1679      A1E98FE2 
 1679      37040B
 1680 03ff DAB8777F 		.ascii	"\332\270w\177\316\205\312\347\266\354\360\371\246>\201"
 1680      CE85CAE7 
 1680      B6ECF0F9 
 1680      A63E81
 1681 040e 5B1BEA01 		.ascii	"[\033\352\001J\250jp?\273l\003\202\300\231_\372\374"
 1681      4AA86A70 
 1681      3FBB6C03 
 1681      82C0995F 
 1681      FAFC
 1682 0420 06236E23 		.ascii	"\006#n#8\022\011\031\241C\324\001\236\274z\3047\021"
 1682      38120919 
 1682      A143D401 
 1682      9EBC7AC4 
 1682      3711
 1683 0432 46107226 		.ascii	"F\020r&\004r*\334\010.\367/!\210\2240\3005\200\037B"
 1683      04722ADC 
 1683      082EF72F 
 1683      21889430 
 1683      C035801F 
 1684 0447 00672358 		.ascii	"\000g#Xp6\247#Y\020\202\336-\302\0052\020\370\025\340"
 1684      7036A723 
 1684      591082DE 
 1684      2DC20532 
 1684      10F815E0 
 1685 045b 01FAB59F 		.ascii	"\001\372\265\237\3030R\213(L\245PJ\241\230B!\205\311"
 1685      C330528B 
 1685      284CA550 
 1685      4AA19842 
 1685      2185C9
 1686 046e 140A28F8 		.ascii	"\024\012(\370(L\2410\211%J!S\330\0369K\275\302>\200"
 1686      284CA130 
 1686      89254A21 
 1686      53D81E39 
 1686      4BBDC23E 
 1687 0483 5B115308 		.ascii	"[\021S\010\021\330\003p=r\016#\330\022o/\277\321\304"
 1687      11D80370 
 1687      3D720E23 
 1687      D8126F2F 
 1687      BFD1C4
 1688 0496 E3A8C8FF 		.ascii	"\343\250\310\377?\011e\201\264\343X\267.\304\247i4\323"
ARM GAS  /tmp/ccGInzCj.s 			page 58


 1688      3F096581 
 1688      B4E358B7 
 1688      2EC4A769 
 1688      34D3
 1689 04a8 2907CC2A 		.ascii	")\007\314*)\\l\323\000\3235\000\206\020\221\312$\006"
 1689      295C6CD3 
 1689      00D33500 
 1689      861091CA 
 1689      2406
 1690 04ba 5AB2BAF6 		.ascii	"Z\262\272\366N|H\3143\021\345T\015\350y\025\273\246"
 1690      4E7C48CC 
 1690      3311E554 
 1690      0DE87915 
 1690      BBA6
 1691 04cc D1D0880F 		.ascii	"\321\320\210\017\005,\274\335\231\256\261\314\324Xf"
 1691      052CBCDD 
 1691      99AEB1CC 
 1691      D45866
 1692 04db 517E2263 		.ascii	"Q~\"c|\022i6'\213\376>\236K\265\367\361B\216k?\274i"
 1692      7C126936 
 1692      278BFE3E 
 1692      9E4BB5F7 
 1692      F1428E6B 
 1693 04f2 8F35FC85 		.ascii	"\2175\374\205<\217\352\221K$c\325\374\2625\200\201\216"
 1693      3C8FEA91 
 1693      4B2463D5 
 1693      FCB23580 
 1693      818E
 1694 0504 B8EAA683 		.ascii	"\270\352\246\203\223}\011\005V\230Oa\016\205ET1\255"
 1694      937D0905 
 1694      56984F61 
 1694      0E854554 
 1694      31AD
 1695 0516 2D49D7A1 		.ascii	"-I\327\241\203\345\3613\013$T\005e\034\021\032yZ\314"
 1695      83E5F133 
 1695      0B245405 
 1695      651C111A 
 1695      795ACC
 1696 0529 CCA6629D 		.ascii	"\314\246b\235\026q\262\205\024\0260\207KU\\\331\266"
 1696      1671B285 
 1696      14163087 
 1696      4B555CD9 
 1696      B6
 1697 053a AAA9CD96 		.ascii	"\252\251\315\226!\341`XL\303\340\314\375U\213:to\304"
 1697      21E16058 
 1697      4CC3E0CC 
 1697      FD558B3A 
 1697      746FC4
 1698 054d 251AE397 		.ascii	"%\032\343\227b}\326]\331\335jm\003\236\241\033\234\200"
 1698      627DD65D 
 1698      D9DD6A6D 
 1698      039EA11B 
 1698      9C80
 1699 055f 7BE665BC 		.ascii	"{\346e\274X\310?$\222\350\243>jtJ\324\"Y$\247\245\001"
 1699      58C83F24 
 1699      92E8A33E 
 1699      6A744AD4 
ARM GAS  /tmp/ccGInzCj.s 			page 59


 1699      225924A7 
 1700 0575 9E4EEE95 		.ascii	"\236N\356\225F\231i\262\315b^]\007\011\226\0303\245"
 1700      469969B2 
 1700      CD625E5D 
 1700      07099618 
 1700      33A5
 1701 0587 0193D392 		.ascii	"\001\223\323\222\334\007\353i\2051i\224\317\340\234"
 1701      DC07EB69 
 1701      85316994 
 1701      CFE09C
 1702 0596 3E3460F2 		.ascii	">4`\362\321\231\357%\2768\012\257\001S\0038q\324\007"
 1702      D199EF25 
 1702      BE380AAF 
 1702      01530338 
 1702      71D407
 1703 05a9 067302D6 		.ascii	"\006s\002\326\002&K\257T1\303\350<L\247\014\303\234"
 1703      02264BAF 
 1703      5431C3E8 
 1703      3C4CA70C 
 1703      C39C
 1704 05bb C2E24C4D 		.ascii	"\302\342LM\304i\2142\233\237\266\325J\265\322\030B\314"
 1704      C4698C32 
 1704      9B9FB6D5 
 1704      4AB5D218 
 1704      42CC
 1705 05cd E6EA8D43 		.ascii	"\346\352\215C-\001\223\015M$;\223\022\234I\266\006\210"
 1705      2D01930D 
 1705      4D243B93 
 1705      129C49B6 
 1705      0688
 1706 05df 713A2D89 		.ascii	"q:-\211\311\004E8SSGQ\013Z6\230\033 U\002k\252\357R"
 1706      C9044538 
 1706      53534751 
 1706      0B5A3698 
 1706      1B205502 
 1707 05f7 FBE39618 		.ascii	"\373\343\226\030K\354\323I\370\021\342$c(\332\225\036"
 1707      4BECD349 
 1707      F811E224 
 1707      6328DA95 
 1707      1E
 1708 0608 067F6042 		.ascii	"\006\177`BN\247\366\010\220l\241\251Tz'\200i0\245I\204"
 1708      4EA7F608 
 1708      906CA1A9 
 1708      547A2780 
 1708      6930A549 
 1709 061d F80C66AB 		.ascii	"\370\014f\253\025|x\213\265\277\343\374 \325B\002&\212"
 1709      157C788B 
 1709      B5BFE3FC 
 1709      20D54202 
 1709      268A
 1710 062f 5D890616 		.ascii	"]\211\006\026\352\332H\213\021\277^\002\370\201%\376"
 1710      EADA488B 
 1710      11BF5E02 
 1710      F88125FE 
 1711 063f B10B2817 		.ascii	"\261\013(\027\366U\303\212\236\206\267\2638\245\012"
 1711      F655C38A 
 1711      9E86B7B3 
ARM GAS  /tmp/ccGInzCj.s 			page 60


 1711      38A50A
 1712 064e 9A4144AB 		.ascii	"\232AD\253zS\352\014@\025;TIFA\214QH\330Ug\\\205\200"
 1712      7A53EA0C 
 1712      40153B54 
 1712      4946418C 
 1712      5148D855 
 1713 0666 0209DA11 		.ascii	"\002\011\332\021c\024\200:V\2512\016\016\246\3721|\\"
 1713      6314803A 
 1713      56A9320E 
 1713      0EA6FA31 
 1713      7C5C
 1714 0678 8870CD24 		.ascii	"\210p\315$Q\315\006%\021\361\300\222\314\357N\177q\025"
 1714      51CD0625 
 1714      11F1C092 
 1714      CCEF4E7F 
 1714      7115
 1715 068a DDE6ABDE 		.ascii	"\335\346\253\336>\335\006\0113G\021\220\216\362\350"
 1715      3EDD0609 
 1715      33471190 
 1715      8EF2E8
 1716 0699 8CF602AB 		.ascii	"\214\366\002\253\320v\352\356\366Y]4t\257c\340\352\000"
 1716      D076EAEE 
 1716      F6595D34 
 1716      74AF63E0 
 1716      EA00
 1717 06ab A7F6F5F5 		.ascii	"\247\366\365\365\352\322\327\345Z\310\256\020!\333v"
 1717      EAD2D7E5 
 1717      5AC8AE10 
 1717      21DB76
 1718 06ba 6269F720 		.ascii	"bi\367 \376\306\\A\371+\263\277\352\376:C\264w\361*"
 1718      FEC65C41 
 1718      F92BB3BF 
 1718      EAFE3A43 
 1718      B477F12A 
 1719 06ce 9CEA4A31 		.ascii	"\234\352J1\350\322\264\372q\317.\\\350\273\327\377\325"
 1719      E8D2B4FA 
 1719      71CF2E5C 
 1719      E8BBD7FF 
 1719      D5
 1720 06df 8357F164 		.ascii	"\203W\361d\234\204p\003\002`\231\302L\260F\340+\012"
 1720      9C847003 
 1720      026099C2 
 1720      4CB046E0 
 1720      2B0A
 1721 06f1 4BE9DBED 		.ascii	"K\351\333\355\026\251\324@\242\245\27155kZ,A\356\257"
 1721      16A9D440 
 1721      A2A5B935 
 1721      356B5A2C 
 1721      41EEAF
 1722 0704 293B01B7 		.ascii	");\001\267^p\251\334m\032\367\032\264\266Zp\267~]\222"
 1722      5E70A9DC 
 1722      6D1AF71A 
 1722      B4B65A70 
 1722      B77E5D92 
 1723 0718 C7B8BB36 		.ascii	"\307\270\2736\025\226\3067\263\211\003vC\225\312\\\245"
 1723      1596C637 
 1723      B3890376 
ARM GAS  /tmp/ccGInzCj.s 			page 61


 1723      4395CA5C 
 1723      A5
 1724 0729 322FB748 		.ascii	"2/\267H\313\036\201y=c~ps\357\367f\225\272Y\243\336"
 1724      CB1E8179 
 1724      3D637E70 
 1724      73EFF766 
 1724      95BA59A3 
 1725 073e 88E63608 		.ascii	"\210\3466\010\352\3565\233Kb8\367\265\272\311A\356\215"
 1725      EAEE359B 
 1725      4B6238F7 
 1725      B5BAC941 
 1725      EE8D
 1726 0750 14D6A9DC 		.ascii	"\024\326\251\334\353T\356\332Xi3\347\336\271k\322\262"
 1726      EB54EEDA 
 1726      586933E7 
 1726      DEB96BD2 
 1726      B2
 1727 0761 F860FAC3 		.ascii	"\370`\372\303\270\013\252\276^\240r\3270\356\322\031"
 1727      B80BAABE 
 1727      5EA072D7 
 1727      30EED219 
 1728 0771 1BF69854 		.ascii	"\033\366\230T\356F\215{\013\232\333,\270K\372\256\237"
 1728      EE468D7B 
 1728      0B9ADB2C 
 1728      B84BFAAE 
 1728      9F
 1729 0782 04CEBDA4 		.ascii	"\004\316\275\244X\235\367\026\012\325*w\265\312\275"
 1729      589DF716 
 1729      0AD52A77 
 1729      B5CABD
 1730 0791 D72C1D7C 		.ascii	"\327,\035|\004\356o\030\367\202\265\253\256k\363\316"
 1730      04EE6F18 
 1730      F782B5AB 
 1730      AE6BF3CE 
 1731 07a1 50A977A0 		.ascii	"P\251w\240\265\355\202zm{\363\016\003\247\016\264}\266"
 1731      B5ED827A 
 1731      6D7BF30E 
 1731      03A70EB4 
 1731      7DB6
 1732 07b3 9A1D31D8 		.ascii	"\232\0351\330\013\333T\342m*q\201Yj5D\313\303.\377\362"
 1732      0BDB54E2 
 1732      6D2A7181 
 1732      596A3544 
 1732      CBC32EFF 
 1733 07c8 73497C90 		.ascii	"sI|\220w7\343\255"
 1733      7737E3AD 
 1734 07d0 9F37BD0B 		.ascii	"\2377\275\013\242-\365\036\264\366\255 >\177\300_B9"
 1734      A22DF51E 
 1734      B4F6AD20 
 1734      3E7FC05F 
 1734      4239
 1735 07e2 F1D41275 		.ascii	"\361\324\022u\316{(\354R\251w\251\324\253M\322-\003"
 1735      CE7B28EC 
 1735      52A977A9 
 1735      D4AB4DD2 
 1735      2D03
 1736 07f4 917EE5F4 		.ascii	"\221~\345\364G\032\374w\342#\323m?\015M\267Ol\272sV"
ARM GAS  /tmp/ccGInzCj.s 			page 62


 1736      471AFC77 
 1736      E223D36D 
 1736      3F0D4DB7 
 1736      4F6CBA73 
 1737 0809 E4FDFB44 		.ascii	"\344\375\373D\354_8\327\273h\220**S\325T\2074\265B\323"
 1737      EC5F38D7 
 1737      BB68902A 
 1737      2A53D554 
 1737      8734B542 
 1738 081e CA96F216 		.ascii	"\312\226\362\026t\006\246a;\256W\324<\263\257\260\""
 1738      7406A661 
 1738      3BAE57D4 
 1738      3CB3AFB0 
 1738      22
 1739 082f 19BB61AF 		.ascii	"\031\273a\257*i/U6\365\376\212\023v\276\363\374Q\276"
 1739      2A692F55 
 1739      36F5FE8A 
 1739      1376BEF3 
 1739      FC51BE
 1740 0842 6B98C8BA 		.ascii	"k\230\310\272\363\235\272\274\262N\333\232\007\330\313"
 1740      F39DBABC 
 1740      B24EDB9A 
 1740      07D8CB
 1741 0851 7C770C79 		.ascii	"|w\014yv&n\261on\370\346\231\326c\266W\354\363M\212"
 1741      76266EB1 
 1741      6F6EF8E6 
 1741      99D663B6 
 1741      57ECF34D 
 1742 0866 655AE0A0 		.ascii	"eZ\340\240B\006\015\254\036\364\300\212AR_\014\221&"
 1742      42060DAC 
 1742      1EF4C08A 
 1742      41525F0C 
 1742      9126
 1743 0878 1989546E 		.ascii	"\031\211Tn\034\350\354hR\206J\0138d\303\362\206Z\010"
 1743      1CE8EC68 
 1743      52864A0B 
 1743      3864C3F2 
 1743      865A08
 1744 088b 4D050E53 		.ascii	"M\005\016S\025\204\200\362{\307j\3434\221G4\221G\231"
 1744      158480F2 
 1744      7BC76AE3 
 1744      34914734 
 1744      914799
 1745 089e C81A24DB 		.ascii	"\310\032$\333\213\245\321(\262\327\247xvp\021\244\026"
 1745      8BA5D128 
 1745      B2D7A778 
 1745      767011A4 
 1745      16
 1746 08af 663EA1A7 		.ascii	"f>\241\247\274\267\324\030\314^Y\352\332?\377H}<\036"
 1746      BCB7D418 
 1746      CC5E59EA 
 1746      DA3FFF48 
 1746      7D3C1E
 1747 08c2 184556F6 		.ascii	"\030EV\366\275\320H\24152\327cd?T\226\361W;\356\303"
 1747      BDD048A1 
 1747      3532D763 
 1747      643F5496 
ARM GAS  /tmp/ccGInzCj.s 			page 63


 1747      F1573BEE 
 1748 08d7 9321202D 		.ascii	"\223! -w\355\332]<\207c\216R8\024\202\321\345\225]\215"
 1748      77EDDA5D 
 1748      3C87638E 
 1748      52381482 
 1748      D1E5955D 
 1749 08ec 9AA1EF23 		.ascii	"\232\241\357#\331\270\241\3525\305%\276\004T\204\230"
 1749      D9B8A1EA 
 1749      35C525BE 
 1749      04548498 
 1750 08fc 6321182D 		.ascii	"c!\030-\327\250\336\240`ps6G\222\011;K5;\307#\354\350"
 1750      D7A8DEA0 
 1750      60707336 
 1750      4792093B 
 1750      4B353BC7 
 1751 0913 F391160A 		.ascii	"\363\221\026\012'(\373\332\344\011\306\217\024~\240"
 1751      2728FBDA 
 1751      E409C68F 
 1751      147EA0
 1752 0922 708EC219 		.ascii	"p\216\302\031\314<(\234\242pZ\3117\366\354\257\274\005"
 1752      CC3C289C 
 1752      A2705AC9 
 1752      37F6ECAF 
 1752      BC05
 1753 0934 BA94528C 		.ascii	"\272\224R\214c\237'\377i\344\366\007\033{L\332\262\235"
 1753      639F27FF 
 1753      69E4F607 
 1753      1B7B4CDA 
 1753      B29D
 1754 0946 D7B45C60 		.ascii	"\327\264\\`\313v\226\255\216\261\252\276\362\224U\311"
 1754      CB7696AD 
 1754      8EB1AABE 
 1754      F29455C9 
 1755 0956 B6A669DA 		.ascii	"\266\246i\332\321\341W\242\372\340a\241\300\340f\275"
 1755      D1E157A2 
 1755      FAE061A1 
 1755      C0E066BD 
 1756 0966 18818996 		.ascii	"\030\201\211\226o]\341*/S\270\244\310:\333\323\360\261"
 1756      6F5DE12A 
 1756      2F53B8A4 
 1756      C83ADBD3 
 1756      F0B1
 1757 0978 6E3E4AAA 		.ascii	"n>J\252u\230F\"7\325/+\326m\216\2374\2626\261\017\017"
 1757      75984622 
 1757      37D52F2B 
 1757      D66D8E9F 
 1757      34B236B1 
 1758 098e DC2D9E6A 		.ascii	"\334-\236j\320\266W\330'\025\002\346\226.\277\252\003"
 1758      D0B657D8 
 1758      271502E6 
 1758      962EBFAA 
 1758      03
 1759 099f 445A587F 		.ascii	"DZX\177\375v!\345\207\204\377\267\276\311{\373\217o"
 1759      FD7621E5 
 1759      8784FFB7 
 1759      BEC97BFB 
 1759      8F6F
ARM GAS  /tmp/ccGInzCj.s 			page 64


 1760 09b1 96226121 		.ascii	"\226\"a!\177-\221.r\207\356*\335\272\322\360$\000\376"
 1760      7F2D912E 
 1760      7287EE2A 
 1760      DDBAD2F0 
 1760      2400FE
 1761 09c4 8FA5D049 		.ascii	"\217\245\320I'\261\267b'\345\337\330EV%\351\275\316"
 1761      27B1B762 
 1761      27E5DFD8 
 1761      455625E9 
 1761      BDCE
 1762 09d6 7A08B453 		.ascii	"z\010\264S\350`\347\340\222k]\263\255\221\346\303\377"
 1762      E860E7E0 
 1762      926B5DB3 
 1762      AD91E6C3 
 1762      FF
 1763 09e7 44D4D7B9 		.ascii	"D\324\327\271b\2646\231\260\357p\362\230#\355\263|\227"
 1763      62B43699 
 1763      B0EF70F2 
 1763      9823EDB3 
 1763      7C97
 1764 09f9 5BB6CB9F 		.ascii	"[\266\313\237\247e\345{\\\023\344\347\274\231.\267\323"
 1764      A765E57B 
 1764      5C13E4E7 
 1764      BC992EB7 
 1764      D3
 1765 0a0a 9EE7707B 		.ascii	"\236\347p{'\246\214\316t\215w\275?6%\327\223\222\351"
 1765      27A68CCE 
 1765      748D77BD 
 1765      3F3625D7 
 1765      9392E9
 1766 0a1d C84AF1B8 		.ascii	"\310J\361\270\323\330\335\236\236\345\360d\016O3\277"
 1766      D3D8DD9E 
 1766      9EE5F064 
 1766      0E4F33BF 
 1767 0a2d F5DE8749 		.ascii	"\365\336\207I\243G\214$Cu\215\303G8\307\247\217\030"
 1767      A3478C24 
 1767      43758DC3 
 1767      4738C7A7 
 1767      8F18
 1768 0a3f 39D241E2 		.ascii	"9\322A\342x\213]v\273s\335v\257u\202\354v\245O\304G"
 1768      788B5D76 
 1768      BB73DD76 
 1768      AF7582EC 
 1768      76A54FC4 
 1769 0a54 87478E17 		.ascii	"\207G\216\027]\0369\315\313\372\006}\226/\273\225.s"
 1769      5D1E39CD 
 1769      CBFA067D 
 1769      962FBB95 
 1769      2E73
 1770 0a66 BE2BC7FB 		.ascii	"\276+\307\373b\252\335;\330\343E\015\242QA\332\364M"
 1770      62AADD3B 
 1770      D8E3450D 
 1770      A25141DA 
 1770      F44D
 1771 0a78 8EAC2C53 		.ascii	"\216\254,S\236;7\303\355\3106\2611\177\261{\215\036"
 1771      9E3B37C3 
 1771      EDC836B1 
ARM GAS  /tmp/ccGInzCj.s 			page 65


 1771      317FB17B 
 1771      8D1E
 1772 0a8a D717B2DD 		.ascii	"\327\027\262\335\253X\317MO\367\310^\273\327\340\226"
 1772      AB58CF4D 
 1772      4FF7C85E 
 1772      BBD7E096 
 1773 0a9a 1DCEF80C 		.ascii	"\035\316\370\014\254:eO\232\333\225\207\226\006\013"
 1773      AC3A654F 
 1773      9ADB9587 
 1773      96060B
 1774 0aa9 88D660F7 		.ascii	"\210\326`\367\332\\9h>'MV\006Z_G\2261\014\366\321_\307"
 1774      DA5C3968 
 1774      3E274D56 
 1774      065A5F47 
 1774      96310CF6 
 1775 0ac0 3DE696B3 		.ascii	"=\346\226\263d\306\252\372\351\231\224\314\334l9\305"
 1775      64C6AAFA 
 1775      E99994CC 
 1775      DC6C39C5 
 1776 0ad0 E5C84979 		.ascii	"\345\310Iy#7-?[\316\361zR^\377\340o\357\332\307;\262"
 1776      23372D3F 
 1776      5BCEF17A 
 1776      525EFFE0 
 1776      6FEFDAC7 
 1777 0ae6 981992F2 		.ascii	"\230\031\222\362\033\236t\345\240\031\247\254\363f&"
 1777      1B9E74E5 
 1777      A019A7AC 
 1777      F36626
 1778 0af5 9126647B 		.ascii	"\221&d{cP\202WV<\307\353vo\254*D\032\3612\2619\334\331"
 1778      63508257 
 1778      563CC7EB 
 1778      766FAC2A 
 1778      441AF132 
 1779 0b0d 1346CA2F 		.ascii	"\023F\312/d?\237\2367\334\231G,i\271n\257\374\371\013"
 1779      643F9F9E 
 1779      37DC9947 
 1779      2C69B96E 
 1779      AFFCF90B 
 1780 0b21 D9238998 		.ascii	"\331#\211\230\367\307\016\227\367M\346\241\347\037}"
 1780      F7C70E97 
 1780      F74DE6A1 
 1780      E71F7D
 1781 0b30 254922AF 		.ascii	"%I\"\257\274%{\307rG\277\317=08\264q,:W\305\011\204"
 1781      BC257BC7 
 1781      7247BFCF 
 1781      3D3038B4 
 1781      712C3A57 
 1782 0b47 E8181ADA 		.ascii	"\350\030\032\332\370\232\323\351\226=\036\265Uy\026"
 1782      F89AD3E9 
 1782      963D1EB5 
 1782      557916
 1783 0b56 9D96B4CC 		.ascii	"\235\226\264\314q\231\316\261Y\262\234\027\347\231\350"
 1783      7199CEB1 
 1783      59B29C17 
 1783      E799E8
 1784 0b65 C17593DD 		.ascii	"\301u\223\335\023P\210w\370\000j\335^\325Yi\231\336"
 1784      13508877 
ARM GAS  /tmp/ccGInzCj.s 			page 66


 1784      F8006ADD 
 1784      5ED55969 
 1784      99DE
 1785 0b77 4CB6961E 		.ascii	"L\266\226\036t\226-\327\343\310\032\307\037\271\261"
 1785      74962DD7 
 1785      E3C81AC7 
 1785      1FB9B1
 1786 0b86 8186B3C9 		.ascii	"\201\206\263\3112(\332y!\307%\3528\334\344\020\242\254"
 1786      3228DA79 
 1786      21C725EA 
 1786      38DCE410 
 1786      A2AC
 1787 0b98 22B03C76 		.ascii	"\"\260<v\0269&\345\341\367!\321\251\217\221\270 <-7"
 1787      163926E5 
 1787      E1F721D1 
 1787      A98F91B8 
 1787      203C2D37 
 1788 0bac 3FC71B9B 		.ascii	"?\307\033\233\347\310\220\371H\213\303\353u\273\306"
 1788      E7C890F9 
 1788      488BC3EB 
 1788      75BBC6
 1789 0bbb E77B658F 		.ascii	"\347{e\217\201=\033E\010\305\330_\317\315\315\3727i"
 1789      813D1B45 
 1789      08C5D85F 
 1789      CFCDCDFA 
 1789      3769
 1790 0bcd FA213A   		.ascii	"\372!:"
 1791              		.text
 1792              		.section	.gnu.lto_.symtab.16245e6f34db278c,"e",%progbits
 1793 0000 666C6173 		.ascii	"flashWaitErase\000"
 1793      68576169 
 1793      74457261 
 1793      736500
 1794 000f 00       		.ascii	"\000"
 1795 0010 00       		.ascii	"\000"
 1796 0011 00       		.ascii	"\000"
 1797 0012 00000000 		.ascii	"\000\000\000\000\000\000\000\000"
 1797      00000000 
 1798 001a 25010000 		.ascii	"%\001\000\000"
 1799 001e 666C6173 		.ascii	"flashGetSectorOffset\000"
 1799      68476574 
 1799      53656374 
 1799      6F724F66 
 1799      66736574 
 1800 0033 00       		.ascii	"\000"
 1801 0034 00       		.ascii	"\000"
 1802 0035 00       		.ascii	"\000"
 1803 0036 00000000 		.ascii	"\000\000\000\000\000\000\000\000"
 1803      00000000 
 1804 003e 2A010000 		.ascii	"*\001\000\000"
 1805 0042 666C6173 		.ascii	"flashGetSectorSize\000"
 1805      68476574 
 1805      53656374 
 1805      6F725369 
 1805      7A6500
 1806 0055 00       		.ascii	"\000"
 1807 0056 00       		.ascii	"\000"
ARM GAS  /tmp/ccGInzCj.s 			page 67


 1808 0057 00       		.ascii	"\000"
 1809 0058 00000000 		.ascii	"\000\000\000\000\000\000\000\000"
 1809      00000000 
 1810 0060 2F010000 		.ascii	"/\001\000\000"
 1811 0064 666C6173 		.ascii	"flashGetOffsetSector\000"
 1811      68476574 
 1811      4F666673 
 1811      65745365 
 1811      63746F72 
 1812 0079 00       		.ascii	"\000"
 1813 007a 00       		.ascii	"\000"
 1814 007b 00       		.ascii	"\000"
 1815 007c 00000000 		.ascii	"\000\000\000\000\000\000\000\000"
 1815      00000000 
 1816 0084 34010000 		.ascii	"4\001\000\000"
 1817 0088 666C6173 		.ascii	"flashGetOffsetAddress\000"
 1817      68476574 
 1817      4F666673 
 1817      65744164 
 1817      64726573 
 1818 009e 00       		.ascii	"\000"
 1819 009f 00       		.ascii	"\000"
 1820 00a0 00       		.ascii	"\000"
 1821 00a1 00000000 		.ascii	"\000\000\000\000\000\000\000\000"
 1821      00000000 
 1822 00a9 39010000 		.ascii	"9\001\000\000"
 1823 00ad 666C6173 		.ascii	"flashGetAddressOffset\000"
 1823      68476574 
 1823      41646472 
 1823      6573734F 
 1823      66667365 
 1824 00c3 00       		.ascii	"\000"
 1825 00c4 00       		.ascii	"\000"
 1826 00c5 00       		.ascii	"\000"
 1827 00c6 00000000 		.ascii	"\000\000\000\000\000\000\000\000"
 1827      00000000 
 1828 00ce 3E010000 		.ascii	">\001\000\000"
 1829 00d2 63685468 		.ascii	"chThdSleep\000"
 1829      64536C65 
 1829      657000
 1830 00dd 00       		.ascii	"\000"
 1831 00de 02       		.ascii	"\002"
 1832 00df 00       		.ascii	"\000"
 1833 00e0 00000000 		.ascii	"\000\000\000\000\000\000\000\000"
 1833      00000000 
 1834 00e8 44010000 		.ascii	"D\001\000\000"
 1835              		.text
 1836              		.section	.gnu.lto_.ext_symtab.16245e6f34db278c,"e",%progbits
 1837 0000 01       		.ascii	"\001"
 1838 0001 01       		.ascii	"\001"
 1839 0002 00       		.ascii	"\000"
 1840 0003 01       		.ascii	"\001"
 1841 0004 00       		.ascii	"\000"
 1842 0005 01       		.ascii	"\001"
 1843 0006 00       		.ascii	"\000"
 1844 0007 01       		.ascii	"\001"
 1845 0008 00       		.ascii	"\000"
ARM GAS  /tmp/ccGInzCj.s 			page 68


 1846 0009 01       		.ascii	"\001"
 1847 000a 00       		.ascii	"\000"
 1848 000b 01       		.ascii	"\001"
 1849 000c 00       		.ascii	"\000"
 1850 000d 01       		.ascii	"\001"
 1851 000e 00       		.ascii	"\000"
 1852              		.text
 1853              		.section	.gnu.lto_.opts,"e",%progbits
 1854 0000 272D666E 		.ascii	"'-fno-openmp' '-fno-openacc' '-fno-pie' '-fcf-prote"
 1854      6F2D6F70 
 1854      656E6D70 
 1854      2720272D 
 1854      666E6F2D 
 1855 0033 6374696F 		.ascii	"ction=none' '-g' '-mcpu=cortex-m7' '-mthumb' '-mflo"
 1855      6E3D6E6F 
 1855      6E652720 
 1855      272D6727 
 1855      20272D6D 
 1856 0066 61742D61 		.ascii	"at-abi=hard' '-mfpu=fpv5-d16' '-mlibarch=armv7e-m+f"
 1856      62693D68 
 1856      61726427 
 1856      20272D6D 
 1856      6670753D 
 1857 0099 702E6470 		.ascii	"p.dp' '-march=armv7e-m+fp.dp' '-O2' '-fomit-frame-p"
 1857      2720272D 
 1857      6D617263 
 1857      683D6172 
 1857      6D763765 
 1858 00cc 6F696E74 		.ascii	"ointer' '-falign-functions=16' '-ffunction-sections"
 1858      65722720 
 1858      272D6661 
 1858      6C69676E 
 1858      2D66756E 
 1859 00ff 2720272D 		.ascii	"' '-fdata-sections' '-fno-common' '-flto' '-Xassemb"
 1859      66646174 
 1859      612D7365 
 1859      6374696F 
 1859      6E732720 
 1860 0132 6C657227 		.ascii	"ler' '-alms=build/lst/hal_flash.lst'\000"
 1860      20272D61 
 1860      6C6D733D 
 1860      6275696C 
 1860      642F6C73 
 1861              		.text
 1862              		.comm	__gnu_lto_slim,1,1
 1863              		.ident	"GCC: (15:10.3-2021.07-4) 10.3.1 20210621 (release)"
ARM GAS  /tmp/ccGInzCj.s 			page 69


DEFINED SYMBOLS
                            *ABS*:0000000000000000 hal_flash.c
     /tmp/ccGInzCj.s:23     .gnu.debuglto_.debug_info:0000000000000000 hal_flash.c.1dbf177a
                            *COM*:0000000000000001 __gnu_lto_slim

NO UNDEFINED SYMBOLS
