ARM GAS  /tmp/cc47EVn4.s 			page 1


   1              		.cpu cortex-m7
   2              		.eabi_attribute 28, 1
   3              		.eabi_attribute 20, 1
   4              		.eabi_attribute 21, 1
   5              		.eabi_attribute 23, 3
   6              		.eabi_attribute 24, 1
   7              		.eabi_attribute 25, 1
   8              		.eabi_attribute 26, 1
   9              		.eabi_attribute 30, 2
  10              		.eabi_attribute 34, 1
  11              		.eabi_attribute 18, 4
  12              		.file	"hal_mmcsd.c"
  13              		.file 1 "/usr/lib/gcc/arm-none-eabi/10.3.1/include/stddef.h"
  14              		.file 2 "/usr/lib/gcc/arm-none-eabi/10.3.1/include/stdint.h"
  15              		.file 3 "third_party/ChibiOS/os/hal/include/hal_ioblock.h"
  16              		.file 4 "third_party/ChibiOS/os/hal/include/hal_mmcsd.h"
  17              		.file 5 "third_party/ChibiOS/os/hal/src/hal_mmcsd.c"
  18              		.section	.gnu.debuglto_.debug_info,"e",%progbits
  19              	.Ldebug_info0:
  20              		.hidden	hal_mmcsd.c.1eb03582
  21              		.weak	hal_mmcsd.c.1eb03582
  22              	hal_mmcsd.c.1eb03582:
  23 0000 900B0000 		.4byte	0xb90
  24 0004 0400     		.2byte	0x4
  25 0006 00000000 		.4byte	.Ldebug_abbrev0
  26 000a 04       		.byte	0x4
  27 000b 01       		.uleb128 0x1
  28 000c E4010000 		.4byte	.LASF104
  29 0010 0C       		.byte	0xc
  30 0011 F8020000 		.4byte	.LASF105
  31 0015 19010000 		.4byte	.LASF106
  32 0019 00000000 		.4byte	.Ldebug_line0
  33 001d 02       		.uleb128 0x2
  34 001e 04       		.byte	0x4
  35 001f 05       		.byte	0x5
  36 0020 696E7400 		.ascii	"int\000"
  37 0024 03       		.uleb128 0x3
  38 0025 DC040000 		.4byte	.LASF6
  39 0029 01       		.byte	0x1
  40 002a D1       		.byte	0xd1
  41 002b 17       		.byte	0x17
  42 002c 30000000 		.4byte	0x30
  43 0030 04       		.uleb128 0x4
  44 0031 04       		.byte	0x4
  45 0032 07       		.byte	0x7
  46 0033 FA030000 		.4byte	.LASF0
  47 0037 04       		.uleb128 0x4
  48 0038 08       		.byte	0x8
  49 0039 05       		.byte	0x5
  50 003a C3020000 		.4byte	.LASF1
  51 003e 04       		.uleb128 0x4
  52 003f 08       		.byte	0x8
  53 0040 04       		.byte	0x4
  54 0041 D8010000 		.4byte	.LASF2
  55 0045 04       		.uleb128 0x4
  56 0046 01       		.byte	0x1
  57 0047 06       		.byte	0x6
ARM GAS  /tmp/cc47EVn4.s 			page 2


  58 0048 CA030000 		.4byte	.LASF3
  59 004c 04       		.uleb128 0x4
  60 004d 02       		.byte	0x2
  61 004e 05       		.byte	0x5
  62 004f 6C000000 		.4byte	.LASF4
  63 0053 04       		.uleb128 0x4
  64 0054 04       		.byte	0x4
  65 0055 05       		.byte	0x5
  66 0056 92040000 		.4byte	.LASF5
  67 005a 03       		.uleb128 0x3
  68 005b 3A010000 		.4byte	.LASF7
  69 005f 02       		.byte	0x2
  70 0060 2E       		.byte	0x2e
  71 0061 18       		.byte	0x18
  72 0062 6B000000 		.4byte	0x6b
  73 0066 05       		.uleb128 0x5
  74 0067 5A000000 		.4byte	0x5a
  75 006b 04       		.uleb128 0x4
  76 006c 01       		.byte	0x1
  77 006d 08       		.byte	0x8
  78 006e 63030000 		.4byte	.LASF8
  79 0072 03       		.uleb128 0x3
  80 0073 0D040000 		.4byte	.LASF9
  81 0077 02       		.byte	0x2
  82 0078 31       		.byte	0x31
  83 0079 19       		.byte	0x19
  84 007a 7E000000 		.4byte	0x7e
  85 007e 04       		.uleb128 0x4
  86 007f 02       		.byte	0x2
  87 0080 07       		.byte	0x7
  88 0081 40040000 		.4byte	.LASF10
  89 0085 03       		.uleb128 0x3
  90 0086 E8030000 		.4byte	.LASF11
  91 008a 02       		.byte	0x2
  92 008b 34       		.byte	0x34
  93 008c 19       		.byte	0x19
  94 008d 96000000 		.4byte	0x96
  95 0091 05       		.uleb128 0x5
  96 0092 85000000 		.4byte	0x85
  97 0096 04       		.uleb128 0x4
  98 0097 04       		.byte	0x4
  99 0098 07       		.byte	0x7
 100 0099 0E050000 		.4byte	.LASF12
 101 009d 04       		.uleb128 0x4
 102 009e 08       		.byte	0x8
 103 009f 07       		.byte	0x7
 104 00a0 D1020000 		.4byte	.LASF13
 105 00a4 04       		.uleb128 0x4
 106 00a5 01       		.byte	0x1
 107 00a6 08       		.byte	0x8
 108 00a7 84040000 		.4byte	.LASF14
 109 00ab 05       		.uleb128 0x5
 110 00ac A4000000 		.4byte	0xa4
 111 00b0 06       		.uleb128 0x6
 112 00b1 04       		.byte	0x4
 113 00b2 07       		.uleb128 0x7
 114 00b3 85000000 		.4byte	0x85
ARM GAS  /tmp/cc47EVn4.s 			page 3


 115 00b7 C2000000 		.4byte	0xc2
 116 00bb 08       		.uleb128 0x8
 117 00bc 30000000 		.4byte	0x30
 118 00c0 03       		.byte	0x3
 119 00c1 00       		.byte	0
 120 00c2 04       		.uleb128 0x4
 121 00c3 01       		.byte	0x1
 122 00c4 02       		.byte	0x2
 123 00c5 E3040000 		.4byte	.LASF15
 124 00c9 09       		.uleb128 0x9
 125 00ca 04       		.byte	0x4
 126 00cb 5A000000 		.4byte	0x5a
 127 00cf 09       		.uleb128 0x9
 128 00d0 04       		.byte	0x4
 129 00d1 66000000 		.4byte	0x66
 130 00d5 0A       		.uleb128 0xa
 131 00d6 07       		.byte	0x7
 132 00d7 01       		.byte	0x1
 133 00d8 6B000000 		.4byte	0x6b
 134 00dc 03       		.byte	0x3
 135 00dd 28       		.byte	0x28
 136 00de 0E       		.byte	0xe
 137 00df 1A010000 		.4byte	0x11a
 138 00e3 0B       		.uleb128 0xb
 139 00e4 6D010000 		.4byte	.LASF16
 140 00e8 00       		.byte	0
 141 00e9 0B       		.uleb128 0xb
 142 00ea 89040000 		.4byte	.LASF17
 143 00ee 01       		.byte	0x1
 144 00ef 0B       		.uleb128 0xb
 145 00f0 39030000 		.4byte	.LASF18
 146 00f4 02       		.byte	0x2
 147 00f5 0B       		.uleb128 0xb
 148 00f6 AA030000 		.4byte	.LASF19
 149 00fa 03       		.byte	0x3
 150 00fb 0B       		.uleb128 0xb
 151 00fc 50050000 		.4byte	.LASF20
 152 0100 04       		.byte	0x4
 153 0101 0B       		.uleb128 0xb
 154 0102 4A010000 		.4byte	.LASF21
 155 0106 05       		.byte	0x5
 156 0107 0B       		.uleb128 0xb
 157 0108 F8000000 		.4byte	.LASF22
 158 010c 06       		.byte	0x6
 159 010d 0B       		.uleb128 0xb
 160 010e BA010000 		.4byte	.LASF23
 161 0112 07       		.byte	0x7
 162 0113 0B       		.uleb128 0xb
 163 0114 CA050000 		.4byte	.LASF24
 164 0118 08       		.byte	0x8
 165 0119 00       		.byte	0
 166 011a 03       		.uleb128 0x3
 167 011b D1040000 		.4byte	.LASF25
 168 011f 03       		.byte	0x3
 169 0120 32       		.byte	0x32
 170 0121 03       		.byte	0x3
 171 0122 D5000000 		.4byte	0xd5
ARM GAS  /tmp/cc47EVn4.s 			page 4


 172 0126 0C       		.uleb128 0xc
 173 0127 08       		.byte	0x8
 174 0128 03       		.byte	0x3
 175 0129 37       		.byte	0x37
 176 012a 09       		.byte	0x9
 177 012b 4A010000 		.4byte	0x14a
 178 012f 0D       		.uleb128 0xd
 179 0130 D1000000 		.4byte	.LASF26
 180 0134 03       		.byte	0x3
 181 0135 38       		.byte	0x38
 182 0136 11       		.byte	0x11
 183 0137 85000000 		.4byte	0x85
 184 013b 00       		.byte	0
 185 013c 0D       		.uleb128 0xd
 186 013d F0000000 		.4byte	.LASF27
 187 0141 03       		.byte	0x3
 188 0142 39       		.byte	0x39
 189 0143 11       		.byte	0x11
 190 0144 85000000 		.4byte	0x85
 191 0148 04       		.byte	0x4
 192 0149 00       		.byte	0
 193 014a 03       		.uleb128 0x3
 194 014b 12060000 		.4byte	.LASF28
 195 014f 03       		.byte	0x3
 196 0150 3A       		.byte	0x3a
 197 0151 03       		.byte	0x3
 198 0152 26010000 		.4byte	0x126
 199 0156 0E       		.uleb128 0xe
 200 0157 C2000000 		.4byte	0xc2
 201 015b 65010000 		.4byte	0x165
 202 015f 0F       		.uleb128 0xf
 203 0160 B0000000 		.4byte	0xb0
 204 0164 00       		.byte	0
 205 0165 09       		.uleb128 0x9
 206 0166 04       		.byte	0x4
 207 0167 56010000 		.4byte	0x156
 208 016b 0E       		.uleb128 0xe
 209 016c C2000000 		.4byte	0xc2
 210 0170 89010000 		.4byte	0x189
 211 0174 0F       		.uleb128 0xf
 212 0175 B0000000 		.4byte	0xb0
 213 0179 0F       		.uleb128 0xf
 214 017a 85000000 		.4byte	0x85
 215 017e 0F       		.uleb128 0xf
 216 017f C9000000 		.4byte	0xc9
 217 0183 0F       		.uleb128 0xf
 218 0184 85000000 		.4byte	0x85
 219 0188 00       		.byte	0
 220 0189 09       		.uleb128 0x9
 221 018a 04       		.byte	0x4
 222 018b 6B010000 		.4byte	0x16b
 223 018f 0E       		.uleb128 0xe
 224 0190 C2000000 		.4byte	0xc2
 225 0194 AD010000 		.4byte	0x1ad
 226 0198 0F       		.uleb128 0xf
 227 0199 B0000000 		.4byte	0xb0
 228 019d 0F       		.uleb128 0xf
ARM GAS  /tmp/cc47EVn4.s 			page 5


 229 019e 85000000 		.4byte	0x85
 230 01a2 0F       		.uleb128 0xf
 231 01a3 CF000000 		.4byte	0xcf
 232 01a7 0F       		.uleb128 0xf
 233 01a8 85000000 		.4byte	0x85
 234 01ac 00       		.byte	0
 235 01ad 09       		.uleb128 0x9
 236 01ae 04       		.byte	0x4
 237 01af 8F010000 		.4byte	0x18f
 238 01b3 0E       		.uleb128 0xe
 239 01b4 C2000000 		.4byte	0xc2
 240 01b8 C7010000 		.4byte	0x1c7
 241 01bc 0F       		.uleb128 0xf
 242 01bd B0000000 		.4byte	0xb0
 243 01c1 0F       		.uleb128 0xf
 244 01c2 C7010000 		.4byte	0x1c7
 245 01c6 00       		.byte	0
 246 01c7 09       		.uleb128 0x9
 247 01c8 04       		.byte	0x4
 248 01c9 4A010000 		.4byte	0x14a
 249 01cd 09       		.uleb128 0x9
 250 01ce 04       		.byte	0x4
 251 01cf B3010000 		.4byte	0x1b3
 252 01d3 10       		.uleb128 0x10
 253 01d4 93050000 		.4byte	.LASF107
 254 01d8 24       		.byte	0x24
 255 01d9 04       		.byte	0x4
 256 01da 0D01     		.2byte	0x10d
 257 01dc 08       		.byte	0x8
 258 01dd 60020000 		.4byte	0x260
 259 01e1 11       		.uleb128 0x11
 260 01e2 E8020000 		.4byte	.LASF29
 261 01e6 04       		.byte	0x4
 262 01e7 0E01     		.2byte	0x10e
 263 01e9 03       		.byte	0x3
 264 01ea 24000000 		.4byte	0x24
 265 01ee 00       		.byte	0
 266 01ef 11       		.uleb128 0x11
 267 01f0 06060000 		.4byte	.LASF30
 268 01f4 04       		.byte	0x4
 269 01f5 0E01     		.2byte	0x10e
 270 01f7 03       		.byte	0x3
 271 01f8 65010000 		.4byte	0x165
 272 01fc 04       		.byte	0x4
 273 01fd 11       		.uleb128 0x11
 274 01fe 16040000 		.4byte	.LASF31
 275 0202 04       		.byte	0x4
 276 0203 0E01     		.2byte	0x10e
 277 0205 03       		.byte	0x3
 278 0206 65010000 		.4byte	0x165
 279 020a 08       		.byte	0x8
 280 020b 11       		.uleb128 0x11
 281 020c 42010000 		.4byte	.LASF32
 282 0210 04       		.byte	0x4
 283 0211 0E01     		.2byte	0x10e
 284 0213 03       		.byte	0x3
 285 0214 65010000 		.4byte	0x165
ARM GAS  /tmp/cc47EVn4.s 			page 6


 286 0218 0C       		.byte	0xc
 287 0219 11       		.uleb128 0x11
 288 021a B7050000 		.4byte	.LASF33
 289 021e 04       		.byte	0x4
 290 021f 0E01     		.2byte	0x10e
 291 0221 03       		.byte	0x3
 292 0222 65010000 		.4byte	0x165
 293 0226 10       		.byte	0x10
 294 0227 11       		.uleb128 0x11
 295 0228 BE020000 		.4byte	.LASF34
 296 022c 04       		.byte	0x4
 297 022d 0E01     		.2byte	0x10e
 298 022f 03       		.byte	0x3
 299 0230 89010000 		.4byte	0x189
 300 0234 14       		.byte	0x14
 301 0235 11       		.uleb128 0x11
 302 0236 41000000 		.4byte	.LASF35
 303 023a 04       		.byte	0x4
 304 023b 0E01     		.2byte	0x10e
 305 023d 03       		.byte	0x3
 306 023e AD010000 		.4byte	0x1ad
 307 0242 18       		.byte	0x18
 308 0243 11       		.uleb128 0x11
 309 0244 09050000 		.4byte	.LASF36
 310 0248 04       		.byte	0x4
 311 0249 0E01     		.2byte	0x10e
 312 024b 03       		.byte	0x3
 313 024c 65010000 		.4byte	0x165
 314 0250 1C       		.byte	0x1c
 315 0251 11       		.uleb128 0x11
 316 0252 F1030000 		.4byte	.LASF37
 317 0256 04       		.byte	0x4
 318 0257 0E01     		.2byte	0x10e
 319 0259 03       		.byte	0x3
 320 025a CD010000 		.4byte	0x1cd
 321 025e 20       		.byte	0x20
 322 025f 00       		.byte	0
 323 0260 05       		.uleb128 0x5
 324 0261 D3010000 		.4byte	0x1d3
 325 0265 12       		.uleb128 0x12
 326 0266 2C       		.byte	0x2c
 327 0267 04       		.byte	0x4
 328 0268 1701     		.2byte	0x117
 329 026a 09       		.byte	0x9
 330 026b B6020000 		.4byte	0x2b6
 331 026f 13       		.uleb128 0x13
 332 0270 766D7400 		.ascii	"vmt\000"
 333 0274 04       		.byte	0x4
 334 0275 1901     		.2byte	0x119
 335 0277 25       		.byte	0x25
 336 0278 B6020000 		.4byte	0x2b6
 337 027c 00       		.byte	0
 338 027d 11       		.uleb128 0x11
 339 027e 4E000000 		.4byte	.LASF38
 340 0282 04       		.byte	0x4
 341 0283 1A01     		.2byte	0x11a
 342 0285 03       		.byte	0x3
ARM GAS  /tmp/cc47EVn4.s 			page 7


 343 0286 1A010000 		.4byte	0x11a
 344 028a 04       		.byte	0x4
 345 028b 13       		.uleb128 0x13
 346 028c 63696400 		.ascii	"cid\000"
 347 0290 04       		.byte	0x4
 348 0291 1A01     		.2byte	0x11a
 349 0293 03       		.byte	0x3
 350 0294 B2000000 		.4byte	0xb2
 351 0298 08       		.byte	0x8
 352 0299 13       		.uleb128 0x13
 353 029a 63736400 		.ascii	"csd\000"
 354 029e 04       		.byte	0x4
 355 029f 1A01     		.2byte	0x11a
 356 02a1 03       		.byte	0x3
 357 02a2 B2000000 		.4byte	0xb2
 358 02a6 18       		.byte	0x18
 359 02a7 11       		.uleb128 0x11
 360 02a8 D6030000 		.4byte	.LASF39
 361 02ac 04       		.byte	0x4
 362 02ad 1A01     		.2byte	0x11a
 363 02af 03       		.byte	0x3
 364 02b0 85000000 		.4byte	0x85
 365 02b4 28       		.byte	0x28
 366 02b5 00       		.byte	0
 367 02b6 09       		.uleb128 0x9
 368 02b7 04       		.byte	0x4
 369 02b8 60020000 		.4byte	0x260
 370 02bc 14       		.uleb128 0x14
 371 02bd DF000000 		.4byte	.LASF40
 372 02c1 04       		.byte	0x4
 373 02c2 1B01     		.2byte	0x11b
 374 02c4 03       		.byte	0x3
 375 02c5 65020000 		.4byte	0x265
 376 02c9 05       		.uleb128 0x5
 377 02ca BC020000 		.4byte	0x2bc
 378 02ce 12       		.uleb128 0x12
 379 02cf 18       		.byte	0x18
 380 02d0 04       		.byte	0x4
 381 02d1 2001     		.2byte	0x120
 382 02d3 09       		.byte	0x9
 383 02d4 57030000 		.4byte	0x357
 384 02d8 13       		.uleb128 0x13
 385 02d9 6D696400 		.ascii	"mid\000"
 386 02dd 04       		.byte	0x4
 387 02de 2101     		.2byte	0x121
 388 02e0 0D       		.byte	0xd
 389 02e1 5A000000 		.4byte	0x5a
 390 02e5 00       		.byte	0
 391 02e6 13       		.uleb128 0x13
 392 02e7 6F696400 		.ascii	"oid\000"
 393 02eb 04       		.byte	0x4
 394 02ec 2201     		.2byte	0x122
 395 02ee 0D       		.byte	0xd
 396 02ef 72000000 		.4byte	0x72
 397 02f3 02       		.byte	0x2
 398 02f4 13       		.uleb128 0x13
 399 02f5 706E6D00 		.ascii	"pnm\000"
ARM GAS  /tmp/cc47EVn4.s 			page 8


 400 02f9 04       		.byte	0x4
 401 02fa 2301     		.2byte	0x123
 402 02fc 0D       		.byte	0xd
 403 02fd 57030000 		.4byte	0x357
 404 0301 04       		.byte	0x4
 405 0302 11       		.uleb128 0x11
 406 0303 12000000 		.4byte	.LASF41
 407 0307 04       		.byte	0x4
 408 0308 2401     		.2byte	0x124
 409 030a 0D       		.byte	0xd
 410 030b 5A000000 		.4byte	0x5a
 411 030f 09       		.byte	0x9
 412 0310 11       		.uleb128 0x11
 413 0311 13010000 		.4byte	.LASF42
 414 0315 04       		.byte	0x4
 415 0316 2501     		.2byte	0x125
 416 0318 0D       		.byte	0xd
 417 0319 5A000000 		.4byte	0x5a
 418 031d 0A       		.byte	0xa
 419 031e 13       		.uleb128 0x13
 420 031f 70736E00 		.ascii	"psn\000"
 421 0323 04       		.byte	0x4
 422 0324 2601     		.2byte	0x126
 423 0326 0D       		.byte	0xd
 424 0327 85000000 		.4byte	0x85
 425 032b 0C       		.byte	0xc
 426 032c 11       		.uleb128 0x11
 427 032d 07040000 		.4byte	.LASF43
 428 0331 04       		.byte	0x4
 429 0332 2701     		.2byte	0x127
 430 0334 0D       		.byte	0xd
 431 0335 5A000000 		.4byte	0x5a
 432 0339 10       		.byte	0x10
 433 033a 11       		.uleb128 0x11
 434 033b 34040000 		.4byte	.LASF44
 435 033f 04       		.byte	0x4
 436 0340 2801     		.2byte	0x128
 437 0342 0D       		.byte	0xd
 438 0343 72000000 		.4byte	0x72
 439 0347 12       		.byte	0x12
 440 0348 13       		.uleb128 0x13
 441 0349 63726300 		.ascii	"crc\000"
 442 034d 04       		.byte	0x4
 443 034e 2901     		.2byte	0x129
 444 0350 0D       		.byte	0xd
 445 0351 5A000000 		.4byte	0x5a
 446 0355 14       		.byte	0x14
 447 0356 00       		.byte	0
 448 0357 07       		.uleb128 0x7
 449 0358 A4000000 		.4byte	0xa4
 450 035c 67030000 		.4byte	0x367
 451 0360 08       		.uleb128 0x8
 452 0361 30000000 		.4byte	0x30
 453 0365 04       		.byte	0x4
 454 0366 00       		.byte	0
 455 0367 14       		.uleb128 0x14
 456 0368 18000000 		.4byte	.LASF45
ARM GAS  /tmp/cc47EVn4.s 			page 9


 457 036c 04       		.byte	0x4
 458 036d 2A01     		.2byte	0x12a
 459 036f 03       		.byte	0x3
 460 0370 CE020000 		.4byte	0x2ce
 461 0374 12       		.uleb128 0x12
 462 0375 18       		.byte	0x18
 463 0376 04       		.byte	0x4
 464 0377 2F01     		.2byte	0x12f
 465 0379 09       		.byte	0x9
 466 037a FD030000 		.4byte	0x3fd
 467 037e 13       		.uleb128 0x13
 468 037f 6D696400 		.ascii	"mid\000"
 469 0383 04       		.byte	0x4
 470 0384 3001     		.2byte	0x130
 471 0386 0D       		.byte	0xd
 472 0387 5A000000 		.4byte	0x5a
 473 038b 00       		.byte	0
 474 038c 13       		.uleb128 0x13
 475 038d 6F696400 		.ascii	"oid\000"
 476 0391 04       		.byte	0x4
 477 0392 3101     		.2byte	0x131
 478 0394 0D       		.byte	0xd
 479 0395 72000000 		.4byte	0x72
 480 0399 02       		.byte	0x2
 481 039a 13       		.uleb128 0x13
 482 039b 706E6D00 		.ascii	"pnm\000"
 483 039f 04       		.byte	0x4
 484 03a0 3201     		.2byte	0x132
 485 03a2 0D       		.byte	0xd
 486 03a3 FD030000 		.4byte	0x3fd
 487 03a7 04       		.byte	0x4
 488 03a8 11       		.uleb128 0x11
 489 03a9 12000000 		.4byte	.LASF41
 490 03ad 04       		.byte	0x4
 491 03ae 3301     		.2byte	0x133
 492 03b0 0D       		.byte	0xd
 493 03b1 5A000000 		.4byte	0x5a
 494 03b5 0A       		.byte	0xa
 495 03b6 11       		.uleb128 0x11
 496 03b7 13010000 		.4byte	.LASF42
 497 03bb 04       		.byte	0x4
 498 03bc 3401     		.2byte	0x134
 499 03be 0D       		.byte	0xd
 500 03bf 5A000000 		.4byte	0x5a
 501 03c3 0B       		.byte	0xb
 502 03c4 13       		.uleb128 0x13
 503 03c5 70736E00 		.ascii	"psn\000"
 504 03c9 04       		.byte	0x4
 505 03ca 3501     		.2byte	0x135
 506 03cc 0D       		.byte	0xd
 507 03cd 85000000 		.4byte	0x85
 508 03d1 0C       		.byte	0xc
 509 03d2 11       		.uleb128 0x11
 510 03d3 07040000 		.4byte	.LASF43
 511 03d7 04       		.byte	0x4
 512 03d8 3601     		.2byte	0x136
 513 03da 0D       		.byte	0xd
ARM GAS  /tmp/cc47EVn4.s 			page 10


 514 03db 5A000000 		.4byte	0x5a
 515 03df 10       		.byte	0x10
 516 03e0 11       		.uleb128 0x11
 517 03e1 34040000 		.4byte	.LASF44
 518 03e5 04       		.byte	0x4
 519 03e6 3701     		.2byte	0x137
 520 03e8 0D       		.byte	0xd
 521 03e9 72000000 		.4byte	0x72
 522 03ed 12       		.byte	0x12
 523 03ee 13       		.uleb128 0x13
 524 03ef 63726300 		.ascii	"crc\000"
 525 03f3 04       		.byte	0x4
 526 03f4 3801     		.2byte	0x138
 527 03f6 0D       		.byte	0xd
 528 03f7 5A000000 		.4byte	0x5a
 529 03fb 14       		.byte	0x14
 530 03fc 00       		.byte	0
 531 03fd 07       		.uleb128 0x7
 532 03fe A4000000 		.4byte	0xa4
 533 0402 0D040000 		.4byte	0x40d
 534 0406 08       		.uleb128 0x8
 535 0407 30000000 		.4byte	0x30
 536 040b 05       		.byte	0x5
 537 040c 00       		.byte	0
 538 040d 14       		.uleb128 0x14
 539 040e 9B040000 		.4byte	.LASF46
 540 0412 04       		.byte	0x4
 541 0413 3901     		.2byte	0x139
 542 0415 03       		.byte	0x3
 543 0416 74030000 		.4byte	0x374
 544 041a 12       		.uleb128 0x12
 545 041b 20       		.byte	0x20
 546 041c 04       		.byte	0x4
 547 041d 3E01     		.2byte	0x13e
 548 041f 09       		.byte	0x9
 549 0420 BB050000 		.4byte	0x5bb
 550 0424 11       		.uleb128 0x11
 551 0425 76000000 		.4byte	.LASF47
 552 0429 04       		.byte	0x4
 553 042a 3F01     		.2byte	0x13f
 554 042c 0D       		.byte	0xd
 555 042d 5A000000 		.4byte	0x5a
 556 0431 00       		.byte	0
 557 0432 11       		.uleb128 0x11
 558 0433 C5000000 		.4byte	.LASF48
 559 0437 04       		.byte	0x4
 560 0438 4001     		.2byte	0x140
 561 043a 0D       		.byte	0xd
 562 043b 5A000000 		.4byte	0x5a
 563 043f 01       		.byte	0x1
 564 0440 11       		.uleb128 0x11
 565 0441 DA000000 		.4byte	.LASF49
 566 0445 04       		.byte	0x4
 567 0446 4101     		.2byte	0x141
 568 0448 0D       		.byte	0xd
 569 0449 5A000000 		.4byte	0x5a
 570 044d 02       		.byte	0x2
ARM GAS  /tmp/cc47EVn4.s 			page 11


 571 044e 11       		.uleb128 0x11
 572 044f 2F050000 		.4byte	.LASF50
 573 0453 04       		.byte	0x4
 574 0454 4201     		.2byte	0x142
 575 0456 0D       		.byte	0xd
 576 0457 5A000000 		.4byte	0x5a
 577 045b 03       		.byte	0x3
 578 045c 13       		.uleb128 0x13
 579 045d 63636300 		.ascii	"ccc\000"
 580 0461 04       		.byte	0x4
 581 0462 4301     		.2byte	0x143
 582 0464 0D       		.byte	0xd
 583 0465 72000000 		.4byte	0x72
 584 0469 04       		.byte	0x4
 585 046a 11       		.uleb128 0x11
 586 046b 81030000 		.4byte	.LASF51
 587 046f 04       		.byte	0x4
 588 0470 4401     		.2byte	0x144
 589 0472 0D       		.byte	0xd
 590 0473 5A000000 		.4byte	0x5a
 591 0477 06       		.byte	0x6
 592 0478 11       		.uleb128 0x11
 593 0479 F6050000 		.4byte	.LASF52
 594 047d 04       		.byte	0x4
 595 047e 4501     		.2byte	0x145
 596 0480 0D       		.byte	0xd
 597 0481 5A000000 		.4byte	0x5a
 598 0485 07       		.byte	0x7
 599 0486 11       		.uleb128 0x11
 600 0487 84000000 		.4byte	.LASF53
 601 048b 04       		.byte	0x4
 602 048c 4601     		.2byte	0x146
 603 048e 0D       		.byte	0xd
 604 048f 5A000000 		.4byte	0x5a
 605 0493 08       		.byte	0x8
 606 0494 11       		.uleb128 0x11
 607 0495 00000000 		.4byte	.LASF54
 608 0499 04       		.byte	0x4
 609 049a 4701     		.2byte	0x147
 610 049c 0D       		.byte	0xd
 611 049d 5A000000 		.4byte	0x5a
 612 04a1 09       		.byte	0x9
 613 04a2 11       		.uleb128 0x11
 614 04a3 99030000 		.4byte	.LASF55
 615 04a7 04       		.byte	0x4
 616 04a8 4801     		.2byte	0x148
 617 04aa 0D       		.byte	0xd
 618 04ab 5A000000 		.4byte	0x5a
 619 04af 0A       		.byte	0xa
 620 04b0 11       		.uleb128 0x11
 621 04b1 47000000 		.4byte	.LASF56
 622 04b5 04       		.byte	0x4
 623 04b6 4901     		.2byte	0x149
 624 04b8 0D       		.byte	0xd
 625 04b9 72000000 		.4byte	0x72
 626 04bd 0C       		.byte	0xc
 627 04be 11       		.uleb128 0x11
ARM GAS  /tmp/cc47EVn4.s 			page 12


 628 04bf EE040000 		.4byte	.LASF57
 629 04c3 04       		.byte	0x4
 630 04c4 4A01     		.2byte	0x14a
 631 04c6 0D       		.byte	0xd
 632 04c7 5A000000 		.4byte	0x5a
 633 04cb 0E       		.byte	0xe
 634 04cc 11       		.uleb128 0x11
 635 04cd 5F040000 		.4byte	.LASF58
 636 04d1 04       		.byte	0x4
 637 04d2 4B01     		.2byte	0x14b
 638 04d4 0D       		.byte	0xd
 639 04d5 5A000000 		.4byte	0x5a
 640 04d9 0F       		.byte	0xf
 641 04da 11       		.uleb128 0x11
 642 04db 04010000 		.4byte	.LASF59
 643 04df 04       		.byte	0x4
 644 04e0 4C01     		.2byte	0x14c
 645 04e2 0D       		.byte	0xd
 646 04e3 5A000000 		.4byte	0x5a
 647 04e7 10       		.byte	0x10
 648 04e8 11       		.uleb128 0x11
 649 04e9 A8000000 		.4byte	.LASF60
 650 04ed 04       		.byte	0x4
 651 04ee 4D01     		.2byte	0x14d
 652 04f0 0D       		.byte	0xd
 653 04f1 5A000000 		.4byte	0x5a
 654 04f5 11       		.byte	0x11
 655 04f6 11       		.uleb128 0x11
 656 04f7 61010000 		.4byte	.LASF61
 657 04fb 04       		.byte	0x4
 658 04fc 4E01     		.2byte	0x14e
 659 04fe 0D       		.byte	0xd
 660 04ff 5A000000 		.4byte	0x5a
 661 0503 12       		.byte	0x12
 662 0504 11       		.uleb128 0x11
 663 0505 44030000 		.4byte	.LASF62
 664 0509 04       		.byte	0x4
 665 050a 4F01     		.2byte	0x14f
 666 050c 0D       		.byte	0xd
 667 050d 5A000000 		.4byte	0x5a
 668 0511 13       		.byte	0x13
 669 0512 11       		.uleb128 0x11
 670 0513 51030000 		.4byte	.LASF63
 671 0517 04       		.byte	0x4
 672 0518 5001     		.2byte	0x150
 673 051a 0D       		.byte	0xd
 674 051b 5A000000 		.4byte	0x5a
 675 051f 14       		.byte	0x14
 676 0520 11       		.uleb128 0x11
 677 0521 8D030000 		.4byte	.LASF64
 678 0525 04       		.byte	0x4
 679 0526 5101     		.2byte	0x151
 680 0528 0D       		.byte	0xd
 681 0529 5A000000 		.4byte	0x5a
 682 052d 15       		.byte	0x15
 683 052e 11       		.uleb128 0x11
 684 052f B7000000 		.4byte	.LASF65
ARM GAS  /tmp/cc47EVn4.s 			page 13


 685 0533 04       		.byte	0x4
 686 0534 5201     		.2byte	0x152
 687 0536 0D       		.byte	0xd
 688 0537 5A000000 		.4byte	0x5a
 689 053b 16       		.byte	0x16
 690 053c 11       		.uleb128 0x11
 691 053d A7050000 		.4byte	.LASF66
 692 0541 04       		.byte	0x4
 693 0542 5301     		.2byte	0x153
 694 0544 0D       		.byte	0xd
 695 0545 5A000000 		.4byte	0x5a
 696 0549 17       		.byte	0x17
 697 054a 11       		.uleb128 0x11
 698 054b AE040000 		.4byte	.LASF67
 699 054f 04       		.byte	0x4
 700 0550 5401     		.2byte	0x154
 701 0552 0D       		.byte	0xd
 702 0553 5A000000 		.4byte	0x5a
 703 0557 18       		.byte	0x18
 704 0558 11       		.uleb128 0x11
 705 0559 B9030000 		.4byte	.LASF68
 706 055d 04       		.byte	0x4
 707 055e 5501     		.2byte	0x155
 708 0560 0D       		.byte	0xd
 709 0561 5A000000 		.4byte	0x5a
 710 0565 19       		.byte	0x19
 711 0566 11       		.uleb128 0x11
 712 0567 71030000 		.4byte	.LASF69
 713 056b 04       		.byte	0x4
 714 056c 5601     		.2byte	0x156
 715 056e 0D       		.byte	0xd
 716 056f 5A000000 		.4byte	0x5a
 717 0573 1A       		.byte	0x1a
 718 0574 11       		.uleb128 0x11
 719 0575 68050000 		.4byte	.LASF70
 720 0579 04       		.byte	0x4
 721 057a 5701     		.2byte	0x157
 722 057c 0D       		.byte	0xd
 723 057d 5A000000 		.4byte	0x5a
 724 0581 1B       		.byte	0x1b
 725 0582 11       		.uleb128 0x11
 726 0583 80050000 		.4byte	.LASF71
 727 0587 04       		.byte	0x4
 728 0588 5801     		.2byte	0x158
 729 058a 0D       		.byte	0xd
 730 058b 5A000000 		.4byte	0x5a
 731 058f 1C       		.byte	0x1c
 732 0590 11       		.uleb128 0x11
 733 0591 C6010000 		.4byte	.LASF72
 734 0595 04       		.byte	0x4
 735 0596 5901     		.2byte	0x159
 736 0598 0D       		.byte	0xd
 737 0599 5A000000 		.4byte	0x5a
 738 059d 1D       		.byte	0x1d
 739 059e 11       		.uleb128 0x11
 740 059f 53040000 		.4byte	.LASF73
 741 05a3 04       		.byte	0x4
ARM GAS  /tmp/cc47EVn4.s 			page 14


 742 05a4 5A01     		.2byte	0x15a
 743 05a6 0D       		.byte	0xd
 744 05a7 5A000000 		.4byte	0x5a
 745 05ab 1E       		.byte	0x1e
 746 05ac 13       		.uleb128 0x13
 747 05ad 63726300 		.ascii	"crc\000"
 748 05b1 04       		.byte	0x4
 749 05b2 5B01     		.2byte	0x15b
 750 05b4 0D       		.byte	0xd
 751 05b5 5A000000 		.4byte	0x5a
 752 05b9 1F       		.byte	0x1f
 753 05ba 00       		.byte	0
 754 05bb 14       		.uleb128 0x14
 755 05bc 23030000 		.4byte	.LASF74
 756 05c0 04       		.byte	0x4
 757 05c1 5C01     		.2byte	0x15c
 758 05c3 03       		.byte	0x3
 759 05c4 1A040000 		.4byte	0x41a
 760 05c8 12       		.uleb128 0x12
 761 05c9 20       		.byte	0x20
 762 05ca 04       		.byte	0x4
 763 05cb 6101     		.2byte	0x161
 764 05cd 09       		.byte	0x9
 765 05ce 23070000 		.4byte	0x723
 766 05d2 11       		.uleb128 0x11
 767 05d3 76000000 		.4byte	.LASF47
 768 05d7 04       		.byte	0x4
 769 05d8 6201     		.2byte	0x162
 770 05da 0D       		.byte	0xd
 771 05db 5A000000 		.4byte	0x5a
 772 05df 00       		.byte	0
 773 05e0 11       		.uleb128 0x11
 774 05e1 C5000000 		.4byte	.LASF48
 775 05e5 04       		.byte	0x4
 776 05e6 6301     		.2byte	0x163
 777 05e8 0D       		.byte	0xd
 778 05e9 5A000000 		.4byte	0x5a
 779 05ed 01       		.byte	0x1
 780 05ee 11       		.uleb128 0x11
 781 05ef DA000000 		.4byte	.LASF49
 782 05f3 04       		.byte	0x4
 783 05f4 6401     		.2byte	0x164
 784 05f6 0D       		.byte	0xd
 785 05f7 5A000000 		.4byte	0x5a
 786 05fb 02       		.byte	0x2
 787 05fc 11       		.uleb128 0x11
 788 05fd 2F050000 		.4byte	.LASF50
 789 0601 04       		.byte	0x4
 790 0602 6501     		.2byte	0x165
 791 0604 0D       		.byte	0xd
 792 0605 5A000000 		.4byte	0x5a
 793 0609 03       		.byte	0x3
 794 060a 13       		.uleb128 0x13
 795 060b 63636300 		.ascii	"ccc\000"
 796 060f 04       		.byte	0x4
 797 0610 6601     		.2byte	0x166
 798 0612 0D       		.byte	0xd
ARM GAS  /tmp/cc47EVn4.s 			page 15


 799 0613 72000000 		.4byte	0x72
 800 0617 04       		.byte	0x4
 801 0618 11       		.uleb128 0x11
 802 0619 81030000 		.4byte	.LASF51
 803 061d 04       		.byte	0x4
 804 061e 6701     		.2byte	0x167
 805 0620 0D       		.byte	0xd
 806 0621 5A000000 		.4byte	0x5a
 807 0625 06       		.byte	0x6
 808 0626 11       		.uleb128 0x11
 809 0627 F6050000 		.4byte	.LASF52
 810 062b 04       		.byte	0x4
 811 062c 6801     		.2byte	0x168
 812 062e 0D       		.byte	0xd
 813 062f 5A000000 		.4byte	0x5a
 814 0633 07       		.byte	0x7
 815 0634 11       		.uleb128 0x11
 816 0635 84000000 		.4byte	.LASF53
 817 0639 04       		.byte	0x4
 818 063a 6901     		.2byte	0x169
 819 063c 0D       		.byte	0xd
 820 063d 5A000000 		.4byte	0x5a
 821 0641 08       		.byte	0x8
 822 0642 11       		.uleb128 0x11
 823 0643 00000000 		.4byte	.LASF54
 824 0647 04       		.byte	0x4
 825 0648 6A01     		.2byte	0x16a
 826 064a 0D       		.byte	0xd
 827 064b 5A000000 		.4byte	0x5a
 828 064f 09       		.byte	0x9
 829 0650 11       		.uleb128 0x11
 830 0651 99030000 		.4byte	.LASF55
 831 0655 04       		.byte	0x4
 832 0656 6B01     		.2byte	0x16b
 833 0658 0D       		.byte	0xd
 834 0659 5A000000 		.4byte	0x5a
 835 065d 0A       		.byte	0xa
 836 065e 11       		.uleb128 0x11
 837 065f 47000000 		.4byte	.LASF56
 838 0663 04       		.byte	0x4
 839 0664 6C01     		.2byte	0x16c
 840 0666 0D       		.byte	0xd
 841 0667 85000000 		.4byte	0x85
 842 066b 0C       		.byte	0xc
 843 066c 11       		.uleb128 0x11
 844 066d 44030000 		.4byte	.LASF62
 845 0671 04       		.byte	0x4
 846 0672 6D01     		.2byte	0x16d
 847 0674 0D       		.byte	0xd
 848 0675 5A000000 		.4byte	0x5a
 849 0679 10       		.byte	0x10
 850 067a 11       		.uleb128 0x11
 851 067b 51030000 		.4byte	.LASF63
 852 067f 04       		.byte	0x4
 853 0680 6E01     		.2byte	0x16e
 854 0682 0D       		.byte	0xd
 855 0683 5A000000 		.4byte	0x5a
ARM GAS  /tmp/cc47EVn4.s 			page 16


 856 0687 11       		.byte	0x11
 857 0688 11       		.uleb128 0x11
 858 0689 8D030000 		.4byte	.LASF64
 859 068d 04       		.byte	0x4
 860 068e 6F01     		.2byte	0x16f
 861 0690 0D       		.byte	0xd
 862 0691 5A000000 		.4byte	0x5a
 863 0695 12       		.byte	0x12
 864 0696 11       		.uleb128 0x11
 865 0697 B7000000 		.4byte	.LASF65
 866 069b 04       		.byte	0x4
 867 069c 7001     		.2byte	0x170
 868 069e 0D       		.byte	0xd
 869 069f 5A000000 		.4byte	0x5a
 870 06a3 13       		.byte	0x13
 871 06a4 11       		.uleb128 0x11
 872 06a5 A7050000 		.4byte	.LASF66
 873 06a9 04       		.byte	0x4
 874 06aa 7101     		.2byte	0x171
 875 06ac 0D       		.byte	0xd
 876 06ad 5A000000 		.4byte	0x5a
 877 06b1 14       		.byte	0x14
 878 06b2 11       		.uleb128 0x11
 879 06b3 AE040000 		.4byte	.LASF67
 880 06b7 04       		.byte	0x4
 881 06b8 7201     		.2byte	0x172
 882 06ba 0D       		.byte	0xd
 883 06bb 5A000000 		.4byte	0x5a
 884 06bf 15       		.byte	0x15
 885 06c0 11       		.uleb128 0x11
 886 06c1 B9030000 		.4byte	.LASF68
 887 06c5 04       		.byte	0x4
 888 06c6 7301     		.2byte	0x173
 889 06c8 0D       		.byte	0xd
 890 06c9 5A000000 		.4byte	0x5a
 891 06cd 16       		.byte	0x16
 892 06ce 11       		.uleb128 0x11
 893 06cf 71030000 		.4byte	.LASF69
 894 06d3 04       		.byte	0x4
 895 06d4 7401     		.2byte	0x174
 896 06d6 0D       		.byte	0xd
 897 06d7 5A000000 		.4byte	0x5a
 898 06db 17       		.byte	0x17
 899 06dc 11       		.uleb128 0x11
 900 06dd 68050000 		.4byte	.LASF70
 901 06e1 04       		.byte	0x4
 902 06e2 7501     		.2byte	0x175
 903 06e4 0D       		.byte	0xd
 904 06e5 5A000000 		.4byte	0x5a
 905 06e9 18       		.byte	0x18
 906 06ea 11       		.uleb128 0x11
 907 06eb 80050000 		.4byte	.LASF71
 908 06ef 04       		.byte	0x4
 909 06f0 7601     		.2byte	0x176
 910 06f2 0D       		.byte	0xd
 911 06f3 5A000000 		.4byte	0x5a
 912 06f7 19       		.byte	0x19
ARM GAS  /tmp/cc47EVn4.s 			page 17


 913 06f8 11       		.uleb128 0x11
 914 06f9 C6010000 		.4byte	.LASF72
 915 06fd 04       		.byte	0x4
 916 06fe 7701     		.2byte	0x177
 917 0700 0D       		.byte	0xd
 918 0701 5A000000 		.4byte	0x5a
 919 0705 1A       		.byte	0x1a
 920 0706 11       		.uleb128 0x11
 921 0707 53040000 		.4byte	.LASF73
 922 070b 04       		.byte	0x4
 923 070c 7801     		.2byte	0x178
 924 070e 0D       		.byte	0xd
 925 070f 5A000000 		.4byte	0x5a
 926 0713 1B       		.byte	0x1b
 927 0714 13       		.uleb128 0x13
 928 0715 63726300 		.ascii	"crc\000"
 929 0719 04       		.byte	0x4
 930 071a 7901     		.2byte	0x179
 931 071c 0D       		.byte	0xd
 932 071d 5A000000 		.4byte	0x5a
 933 0721 1C       		.byte	0x1c
 934 0722 00       		.byte	0
 935 0723 14       		.uleb128 0x14
 936 0724 6E040000 		.4byte	.LASF75
 937 0728 04       		.byte	0x4
 938 0729 7A01     		.2byte	0x17a
 939 072b 03       		.byte	0x3
 940 072c C8050000 		.4byte	0x5c8
 941 0730 12       		.uleb128 0x12
 942 0731 26       		.byte	0x26
 943 0732 04       		.byte	0x4
 944 0733 7F01     		.2byte	0x17f
 945 0735 09       		.byte	0x9
 946 0736 09090000 		.4byte	0x909
 947 073a 11       		.uleb128 0x11
 948 073b 76000000 		.4byte	.LASF47
 949 073f 04       		.byte	0x4
 950 0740 8001     		.2byte	0x180
 951 0742 0D       		.byte	0xd
 952 0743 5A000000 		.4byte	0x5a
 953 0747 00       		.byte	0
 954 0748 11       		.uleb128 0x11
 955 0749 D6050000 		.4byte	.LASF76
 956 074d 04       		.byte	0x4
 957 074e 8101     		.2byte	0x181
 958 0750 0D       		.byte	0xd
 959 0751 5A000000 		.4byte	0x5a
 960 0755 01       		.byte	0x1
 961 0756 11       		.uleb128 0x11
 962 0757 C5000000 		.4byte	.LASF48
 963 075b 04       		.byte	0x4
 964 075c 8201     		.2byte	0x182
 965 075e 0D       		.byte	0xd
 966 075f 5A000000 		.4byte	0x5a
 967 0763 02       		.byte	0x2
 968 0764 11       		.uleb128 0x11
 969 0765 DA000000 		.4byte	.LASF49
ARM GAS  /tmp/cc47EVn4.s 			page 18


 970 0769 04       		.byte	0x4
 971 076a 8301     		.2byte	0x183
 972 076c 0D       		.byte	0xd
 973 076d 5A000000 		.4byte	0x5a
 974 0771 03       		.byte	0x3
 975 0772 11       		.uleb128 0x11
 976 0773 2F050000 		.4byte	.LASF50
 977 0777 04       		.byte	0x4
 978 0778 8401     		.2byte	0x184
 979 077a 0D       		.byte	0xd
 980 077b 5A000000 		.4byte	0x5a
 981 077f 04       		.byte	0x4
 982 0780 13       		.uleb128 0x13
 983 0781 63636300 		.ascii	"ccc\000"
 984 0785 04       		.byte	0x4
 985 0786 8501     		.2byte	0x185
 986 0788 0D       		.byte	0xd
 987 0789 72000000 		.4byte	0x72
 988 078d 06       		.byte	0x6
 989 078e 11       		.uleb128 0x11
 990 078f 81030000 		.4byte	.LASF51
 991 0793 04       		.byte	0x4
 992 0794 8601     		.2byte	0x186
 993 0796 0D       		.byte	0xd
 994 0797 5A000000 		.4byte	0x5a
 995 079b 08       		.byte	0x8
 996 079c 11       		.uleb128 0x11
 997 079d F6050000 		.4byte	.LASF52
 998 07a1 04       		.byte	0x4
 999 07a2 8701     		.2byte	0x187
 1000 07a4 0D       		.byte	0xd
 1001 07a5 5A000000 		.4byte	0x5a
 1002 07a9 09       		.byte	0x9
 1003 07aa 11       		.uleb128 0x11
 1004 07ab 84000000 		.4byte	.LASF53
 1005 07af 04       		.byte	0x4
 1006 07b0 8801     		.2byte	0x188
 1007 07b2 0D       		.byte	0xd
 1008 07b3 5A000000 		.4byte	0x5a
 1009 07b7 0A       		.byte	0xa
 1010 07b8 11       		.uleb128 0x11
 1011 07b9 00000000 		.4byte	.LASF54
 1012 07bd 04       		.byte	0x4
 1013 07be 8901     		.2byte	0x189
 1014 07c0 0D       		.byte	0xd
 1015 07c1 5A000000 		.4byte	0x5a
 1016 07c5 0B       		.byte	0xb
 1017 07c6 11       		.uleb128 0x11
 1018 07c7 99030000 		.4byte	.LASF55
 1019 07cb 04       		.byte	0x4
 1020 07cc 8A01     		.2byte	0x18a
 1021 07ce 0D       		.byte	0xd
 1022 07cf 5A000000 		.4byte	0x5a
 1023 07d3 0C       		.byte	0xc
 1024 07d4 11       		.uleb128 0x11
 1025 07d5 47000000 		.4byte	.LASF56
 1026 07d9 04       		.byte	0x4
ARM GAS  /tmp/cc47EVn4.s 			page 19


 1027 07da 8B01     		.2byte	0x18b
 1028 07dc 0D       		.byte	0xd
 1029 07dd 72000000 		.4byte	0x72
 1030 07e1 0E       		.byte	0xe
 1031 07e2 11       		.uleb128 0x11
 1032 07e3 EE040000 		.4byte	.LASF57
 1033 07e7 04       		.byte	0x4
 1034 07e8 8C01     		.2byte	0x18c
 1035 07ea 0D       		.byte	0xd
 1036 07eb 5A000000 		.4byte	0x5a
 1037 07ef 10       		.byte	0x10
 1038 07f0 11       		.uleb128 0x11
 1039 07f1 5F040000 		.4byte	.LASF58
 1040 07f5 04       		.byte	0x4
 1041 07f6 8D01     		.2byte	0x18d
 1042 07f8 0D       		.byte	0xd
 1043 07f9 5A000000 		.4byte	0x5a
 1044 07fd 11       		.byte	0x11
 1045 07fe 11       		.uleb128 0x11
 1046 07ff 04010000 		.4byte	.LASF59
 1047 0803 04       		.byte	0x4
 1048 0804 8E01     		.2byte	0x18e
 1049 0806 0D       		.byte	0xd
 1050 0807 5A000000 		.4byte	0x5a
 1051 080b 12       		.byte	0x12
 1052 080c 11       		.uleb128 0x11
 1053 080d A8000000 		.4byte	.LASF60
 1054 0811 04       		.byte	0x4
 1055 0812 8F01     		.2byte	0x18f
 1056 0814 0D       		.byte	0xd
 1057 0815 5A000000 		.4byte	0x5a
 1058 0819 13       		.byte	0x13
 1059 081a 11       		.uleb128 0x11
 1060 081b 61010000 		.4byte	.LASF61
 1061 081f 04       		.byte	0x4
 1062 0820 9001     		.2byte	0x190
 1063 0822 0D       		.byte	0xd
 1064 0823 5A000000 		.4byte	0x5a
 1065 0827 14       		.byte	0x14
 1066 0828 11       		.uleb128 0x11
 1067 0829 C2040000 		.4byte	.LASF77
 1068 082d 04       		.byte	0x4
 1069 082e 9101     		.2byte	0x191
 1070 0830 0D       		.byte	0xd
 1071 0831 5A000000 		.4byte	0x5a
 1072 0835 15       		.byte	0x15
 1073 0836 11       		.uleb128 0x11
 1074 0837 A2010000 		.4byte	.LASF78
 1075 083b 04       		.byte	0x4
 1076 083c 9201     		.2byte	0x192
 1077 083e 0D       		.byte	0xd
 1078 083f 5A000000 		.4byte	0x5a
 1079 0843 16       		.byte	0x16
 1080 0844 11       		.uleb128 0x11
 1081 0845 8D030000 		.4byte	.LASF64
 1082 0849 04       		.byte	0x4
 1083 084a 9301     		.2byte	0x193
ARM GAS  /tmp/cc47EVn4.s 			page 20


 1084 084c 0D       		.byte	0xd
 1085 084d 5A000000 		.4byte	0x5a
 1086 0851 17       		.byte	0x17
 1087 0852 11       		.uleb128 0x11
 1088 0853 B7000000 		.4byte	.LASF65
 1089 0857 04       		.byte	0x4
 1090 0858 9401     		.2byte	0x194
 1091 085a 0D       		.byte	0xd
 1092 085b 5A000000 		.4byte	0x5a
 1093 085f 18       		.byte	0x18
 1094 0860 11       		.uleb128 0x11
 1095 0861 FD040000 		.4byte	.LASF79
 1096 0865 04       		.byte	0x4
 1097 0866 9501     		.2byte	0x195
 1098 0868 0D       		.byte	0xd
 1099 0869 5A000000 		.4byte	0x5a
 1100 086d 19       		.byte	0x19
 1101 086e 11       		.uleb128 0x11
 1102 086f A7050000 		.4byte	.LASF66
 1103 0873 04       		.byte	0x4
 1104 0874 9601     		.2byte	0x196
 1105 0876 0D       		.byte	0xd
 1106 0877 5A000000 		.4byte	0x5a
 1107 087b 1A       		.byte	0x1a
 1108 087c 11       		.uleb128 0x11
 1109 087d AE040000 		.4byte	.LASF67
 1110 0881 04       		.byte	0x4
 1111 0882 9701     		.2byte	0x197
 1112 0884 0D       		.byte	0xd
 1113 0885 5A000000 		.4byte	0x5a
 1114 0889 1B       		.byte	0x1b
 1115 088a 11       		.uleb128 0x11
 1116 088b B9030000 		.4byte	.LASF68
 1117 088f 04       		.byte	0x4
 1118 0890 9801     		.2byte	0x198
 1119 0892 0D       		.byte	0xd
 1120 0893 5A000000 		.4byte	0x5a
 1121 0897 1C       		.byte	0x1c
 1122 0898 11       		.uleb128 0x11
 1123 0899 23040000 		.4byte	.LASF80
 1124 089d 04       		.byte	0x4
 1125 089e 9901     		.2byte	0x199
 1126 08a0 0D       		.byte	0xd
 1127 08a1 5A000000 		.4byte	0x5a
 1128 08a5 1D       		.byte	0x1d
 1129 08a6 11       		.uleb128 0x11
 1130 08a7 71030000 		.4byte	.LASF69
 1131 08ab 04       		.byte	0x4
 1132 08ac 9A01     		.2byte	0x19a
 1133 08ae 0D       		.byte	0xd
 1134 08af 5A000000 		.4byte	0x5a
 1135 08b3 1E       		.byte	0x1e
 1136 08b4 11       		.uleb128 0x11
 1137 08b5 68050000 		.4byte	.LASF70
 1138 08b9 04       		.byte	0x4
 1139 08ba 9B01     		.2byte	0x19b
 1140 08bc 0D       		.byte	0xd
ARM GAS  /tmp/cc47EVn4.s 			page 21


 1141 08bd 5A000000 		.4byte	0x5a
 1142 08c1 1F       		.byte	0x1f
 1143 08c2 11       		.uleb128 0x11
 1144 08c3 80050000 		.4byte	.LASF71
 1145 08c7 04       		.byte	0x4
 1146 08c8 9C01     		.2byte	0x19c
 1147 08ca 0D       		.byte	0xd
 1148 08cb 5A000000 		.4byte	0x5a
 1149 08cf 20       		.byte	0x20
 1150 08d0 11       		.uleb128 0x11
 1151 08d1 C6010000 		.4byte	.LASF72
 1152 08d5 04       		.byte	0x4
 1153 08d6 9D01     		.2byte	0x19d
 1154 08d8 0D       		.byte	0xd
 1155 08d9 5A000000 		.4byte	0x5a
 1156 08dd 21       		.byte	0x21
 1157 08de 11       		.uleb128 0x11
 1158 08df 53040000 		.4byte	.LASF73
 1159 08e3 04       		.byte	0x4
 1160 08e4 9E01     		.2byte	0x19e
 1161 08e6 0D       		.byte	0xd
 1162 08e7 5A000000 		.4byte	0x5a
 1163 08eb 22       		.byte	0x22
 1164 08ec 13       		.uleb128 0x13
 1165 08ed 65636300 		.ascii	"ecc\000"
 1166 08f1 04       		.byte	0x4
 1167 08f2 9F01     		.2byte	0x19f
 1168 08f4 0D       		.byte	0xd
 1169 08f5 5A000000 		.4byte	0x5a
 1170 08f9 23       		.byte	0x23
 1171 08fa 13       		.uleb128 0x13
 1172 08fb 63726300 		.ascii	"crc\000"
 1173 08ff 04       		.byte	0x4
 1174 0900 A001     		.2byte	0x1a0
 1175 0902 0D       		.byte	0xd
 1176 0903 5A000000 		.4byte	0x5a
 1177 0907 24       		.byte	0x24
 1178 0908 00       		.byte	0
 1179 0909 14       		.uleb128 0x14
 1180 090a 6D050000 		.4byte	.LASF81
 1181 090e 04       		.byte	0x4
 1182 090f A101     		.2byte	0x1a1
 1183 0911 03       		.byte	0x3
 1184 0912 30070000 		.4byte	0x730
 1185 0916 15       		.uleb128 0x15
 1186 0917 8C010000 		.4byte	.LASF84
 1187 091b 05       		.byte	0x5
 1188 091c 2801     		.2byte	0x128
 1189 091e 06       		.byte	0x6
 1190 091f 54090000 		.4byte	0x954
 1191 0923 16       		.uleb128 0x16
 1192 0924 B2050000 		.4byte	.LASF82
 1193 0928 05       		.byte	0x5
 1194 0929 2801     		.2byte	0x128
 1195 092b 34       		.byte	0x34
 1196 092c 54090000 		.4byte	0x954
 1197 0930 16       		.uleb128 0x16
ARM GAS  /tmp/cc47EVn4.s 			page 22


 1198 0931 62050000 		.4byte	.LASF83
 1199 0935 05       		.byte	0x5
 1200 0936 2901     		.2byte	0x129
 1201 0938 33       		.byte	0x33
 1202 0939 5A090000 		.4byte	0x95a
 1203 093d 17       		.uleb128 0x17
 1204 093e 63736400 		.ascii	"csd\000"
 1205 0942 05       		.byte	0x5
 1206 0943 2A01     		.2byte	0x12a
 1207 0945 13       		.byte	0x13
 1208 0946 60090000 		.4byte	0x960
 1209 094a 18       		.uleb128 0x18
 1210 094b A1030000 		.4byte	.LASF87
 1211 094f 76090000 		.4byte	0x976
 1212 0953 00       		.byte	0
 1213 0954 09       		.uleb128 0x9
 1214 0955 04       		.byte	0x4
 1215 0956 C9020000 		.4byte	0x2c9
 1216 095a 09       		.uleb128 0x9
 1217 095b 04       		.byte	0x4
 1218 095c 23070000 		.4byte	0x723
 1219 0960 09       		.uleb128 0x9
 1220 0961 04       		.byte	0x4
 1221 0962 91000000 		.4byte	0x91
 1222 0966 07       		.uleb128 0x7
 1223 0967 AB000000 		.4byte	0xab
 1224 096b 76090000 		.4byte	0x976
 1225 096f 08       		.uleb128 0x8
 1226 0970 30000000 		.4byte	0x30
 1227 0974 15       		.byte	0x15
 1228 0975 00       		.byte	0
 1229 0976 05       		.uleb128 0x5
 1230 0977 66090000 		.4byte	0x966
 1231 097b 19       		.uleb128 0x19
 1232 097c 2B000000 		.4byte	.LASF85
 1233 0980 05       		.byte	0x5
 1234 0981 FE       		.byte	0xfe
 1235 0982 06       		.byte	0x6
 1236 0983 B6090000 		.4byte	0x9b6
 1237 0987 1A       		.uleb128 0x1a
 1238 0988 B2050000 		.4byte	.LASF82
 1239 098c 05       		.byte	0x5
 1240 098d FE       		.byte	0xfe
 1241 098e 34       		.byte	0x34
 1242 098f 54090000 		.4byte	0x954
 1243 0993 1A       		.uleb128 0x1a
 1244 0994 54010000 		.4byte	.LASF86
 1245 0998 05       		.byte	0x5
 1246 0999 FF       		.byte	0xff
 1247 099a 33       		.byte	0x33
 1248 099b B6090000 		.4byte	0x9b6
 1249 099f 17       		.uleb128 0x17
 1250 09a0 63736400 		.ascii	"csd\000"
 1251 09a4 05       		.byte	0x5
 1252 09a5 0001     		.2byte	0x100
 1253 09a7 13       		.byte	0x13
 1254 09a8 60090000 		.4byte	0x960
ARM GAS  /tmp/cc47EVn4.s 			page 23


 1255 09ac 18       		.uleb128 0x18
 1256 09ad A1030000 		.4byte	.LASF87
 1257 09b1 76090000 		.4byte	0x976
 1258 09b5 00       		.byte	0
 1259 09b6 09       		.uleb128 0x9
 1260 09b7 04       		.byte	0x4
 1261 09b8 BB050000 		.4byte	0x5bb
 1262 09bc 19       		.uleb128 0x19
 1263 09bd 3A050000 		.4byte	.LASF88
 1264 09c1 05       		.byte	0x5
 1265 09c2 CE       		.byte	0xce
 1266 09c3 06       		.byte	0x6
 1267 09c4 F6090000 		.4byte	0x9f6
 1268 09c8 1A       		.uleb128 0x1a
 1269 09c9 B2050000 		.4byte	.LASF82
 1270 09cd 05       		.byte	0x5
 1271 09ce CE       		.byte	0xce
 1272 09cf 34       		.byte	0x34
 1273 09d0 54090000 		.4byte	0x954
 1274 09d4 1A       		.uleb128 0x1a
 1275 09d5 5A010000 		.4byte	.LASF89
 1276 09d9 05       		.byte	0x5
 1277 09da CF       		.byte	0xcf
 1278 09db 30       		.byte	0x30
 1279 09dc F6090000 		.4byte	0x9f6
 1280 09e0 1B       		.uleb128 0x1b
 1281 09e1 63736400 		.ascii	"csd\000"
 1282 09e5 05       		.byte	0x5
 1283 09e6 D0       		.byte	0xd0
 1284 09e7 13       		.byte	0x13
 1285 09e8 60090000 		.4byte	0x960
 1286 09ec 18       		.uleb128 0x18
 1287 09ed A1030000 		.4byte	.LASF87
 1288 09f1 76090000 		.4byte	0x976
 1289 09f5 00       		.byte	0
 1290 09f6 09       		.uleb128 0x9
 1291 09f7 04       		.byte	0x4
 1292 09f8 09090000 		.4byte	0x909
 1293 09fc 19       		.uleb128 0x19
 1294 09fd 22060000 		.4byte	.LASF90
 1295 0a01 05       		.byte	0x5
 1296 0a02 AE       		.byte	0xae
 1297 0a03 06       		.byte	0x6
 1298 0a04 360A0000 		.4byte	0xa36
 1299 0a08 1A       		.uleb128 0x1a
 1300 0a09 B2050000 		.4byte	.LASF82
 1301 0a0d 05       		.byte	0x5
 1302 0a0e AE       		.byte	0xae
 1303 0a0f 34       		.byte	0x34
 1304 0a10 54090000 		.4byte	0x954
 1305 0a14 1A       		.uleb128 0x1a
 1306 0a15 20050000 		.4byte	.LASF91
 1307 0a19 05       		.byte	0x5
 1308 0a1a AF       		.byte	0xaf
 1309 0a1b 30       		.byte	0x30
 1310 0a1c 360A0000 		.4byte	0xa36
 1311 0a20 1B       		.uleb128 0x1b
ARM GAS  /tmp/cc47EVn4.s 			page 24


 1312 0a21 63696400 		.ascii	"cid\000"
 1313 0a25 05       		.byte	0x5
 1314 0a26 B0       		.byte	0xb0
 1315 0a27 13       		.byte	0x13
 1316 0a28 60090000 		.4byte	0x960
 1317 0a2c 18       		.uleb128 0x18
 1318 0a2d A1030000 		.4byte	.LASF87
 1319 0a31 76090000 		.4byte	0x976
 1320 0a35 00       		.byte	0
 1321 0a36 09       		.uleb128 0x9
 1322 0a37 04       		.byte	0x4
 1323 0a38 0D040000 		.4byte	0x40d
 1324 0a3c 19       		.uleb128 0x19
 1325 0a3d E0050000 		.4byte	.LASF92
 1326 0a41 05       		.byte	0x5
 1327 0a42 8F       		.byte	0x8f
 1328 0a43 06       		.byte	0x6
 1329 0a44 760A0000 		.4byte	0xa76
 1330 0a48 1A       		.uleb128 0x1a
 1331 0a49 B2050000 		.4byte	.LASF82
 1332 0a4d 05       		.byte	0x5
 1333 0a4e 8F       		.byte	0x8f
 1334 0a4f 34       		.byte	0x34
 1335 0a50 54090000 		.4byte	0x954
 1336 0a54 1A       		.uleb128 0x1a
 1337 0a55 BB040000 		.4byte	.LASF93
 1338 0a59 05       		.byte	0x5
 1339 0a5a 90       		.byte	0x90
 1340 0a5b 30       		.byte	0x30
 1341 0a5c 760A0000 		.4byte	0xa76
 1342 0a60 1B       		.uleb128 0x1b
 1343 0a61 63696400 		.ascii	"cid\000"
 1344 0a65 05       		.byte	0x5
 1345 0a66 91       		.byte	0x91
 1346 0a67 13       		.byte	0x13
 1347 0a68 60090000 		.4byte	0x960
 1348 0a6c 18       		.uleb128 0x18
 1349 0a6d A1030000 		.4byte	.LASF87
 1350 0a71 76090000 		.4byte	0x976
 1351 0a75 00       		.byte	0
 1352 0a76 09       		.uleb128 0x9
 1353 0a77 04       		.byte	0x4
 1354 0a78 67030000 		.4byte	0x367
 1355 0a7c 1C       		.uleb128 0x1c
 1356 0a7d 54000000 		.4byte	.LASF95
 1357 0a81 05       		.byte	0x5
 1358 0a82 7D       		.byte	0x7d
 1359 0a83 0A       		.byte	0xa
 1360 0a84 85000000 		.4byte	0x85
 1361 0a88 A20A0000 		.4byte	0xaa2
 1362 0a8c 1A       		.uleb128 0x1a
 1363 0a8d C2050000 		.4byte	.LASF94
 1364 0a91 05       		.byte	0x5
 1365 0a92 7D       		.byte	0x7d
 1366 0a93 31       		.byte	0x31
 1367 0a94 CF000000 		.4byte	0xcf
 1368 0a98 18       		.uleb128 0x18
ARM GAS  /tmp/cc47EVn4.s 			page 25


 1369 0a99 A1030000 		.4byte	.LASF87
 1370 0a9d B20A0000 		.4byte	0xab2
 1371 0aa1 00       		.byte	0
 1372 0aa2 07       		.uleb128 0x7
 1373 0aa3 AB000000 		.4byte	0xab
 1374 0aa7 B20A0000 		.4byte	0xab2
 1375 0aab 08       		.uleb128 0x8
 1376 0aac 30000000 		.4byte	0x30
 1377 0ab0 17       		.byte	0x17
 1378 0ab1 00       		.byte	0
 1379 0ab2 05       		.uleb128 0x5
 1380 0ab3 A20A0000 		.4byte	0xaa2
 1381 0ab7 1C       		.uleb128 0x1c
 1382 0ab8 78010000 		.4byte	.LASF96
 1383 0abc 05       		.byte	0x5
 1384 0abd 5D       		.byte	0x5d
 1385 0abe 0A       		.byte	0xa
 1386 0abf 85000000 		.4byte	0x85
 1387 0ac3 FB0A0000 		.4byte	0xafb
 1388 0ac7 1D       		.uleb128 0x1d
 1389 0ac8 63736400 		.ascii	"csd\000"
 1390 0acc 05       		.byte	0x5
 1391 0acd 5D       		.byte	0x5d
 1392 0ace 2E       		.byte	0x2e
 1393 0acf 60090000 		.4byte	0x960
 1394 0ad3 1B       		.uleb128 0x1b
 1395 0ad4 6100     		.ascii	"a\000"
 1396 0ad6 05       		.byte	0x5
 1397 0ad7 5E       		.byte	0x5e
 1398 0ad8 0C       		.byte	0xc
 1399 0ad9 85000000 		.4byte	0x85
 1400 0add 1B       		.uleb128 0x1b
 1401 0ade 6200     		.ascii	"b\000"
 1402 0ae0 05       		.byte	0x5
 1403 0ae1 5E       		.byte	0x5e
 1404 0ae2 0F       		.byte	0xf
 1405 0ae3 85000000 		.4byte	0x85
 1406 0ae7 1B       		.uleb128 0x1b
 1407 0ae8 6300     		.ascii	"c\000"
 1408 0aea 05       		.byte	0x5
 1409 0aeb 5E       		.byte	0x5e
 1410 0aec 12       		.byte	0x12
 1411 0aed 85000000 		.4byte	0x85
 1412 0af1 18       		.uleb128 0x18
 1413 0af2 A1030000 		.4byte	.LASF87
 1414 0af6 0B0B0000 		.4byte	0xb0b
 1415 0afa 00       		.byte	0
 1416 0afb 07       		.uleb128 0x7
 1417 0afc AB000000 		.4byte	0xab
 1418 0b00 0B0B0000 		.4byte	0xb0b
 1419 0b04 08       		.uleb128 0x8
 1420 0b05 30000000 		.4byte	0x30
 1421 0b09 13       		.byte	0x13
 1422 0b0a 00       		.byte	0
 1423 0b0b 05       		.uleb128 0x5
 1424 0b0c FB0A0000 		.4byte	0xafb
 1425 0b10 1C       		.uleb128 0x1c
ARM GAS  /tmp/cc47EVn4.s 			page 26


 1426 0b11 97000000 		.4byte	.LASF97
 1427 0b15 05       		.byte	0x5
 1428 0b16 3D       		.byte	0x3d
 1429 0b17 0A       		.byte	0xa
 1430 0b18 85000000 		.4byte	0x85
 1431 0b1c 7E0B0000 		.4byte	0xb7e
 1432 0b20 1A       		.uleb128 0x1a
 1433 0b21 E9040000 		.4byte	.LASF98
 1434 0b25 05       		.byte	0x5
 1435 0b26 3D       		.byte	0x3d
 1436 0b27 2B       		.byte	0x2b
 1437 0b28 60090000 		.4byte	0x960
 1438 0b2c 1D       		.uleb128 0x1d
 1439 0b2d 656E6400 		.ascii	"end\000"
 1440 0b31 05       		.byte	0x5
 1441 0b32 3E       		.byte	0x3e
 1442 0b33 24       		.byte	0x24
 1443 0b34 85000000 		.4byte	0x85
 1444 0b38 1A       		.uleb128 0x1a
 1445 0b39 3A040000 		.4byte	.LASF99
 1446 0b3d 05       		.byte	0x5
 1447 0b3e 3F       		.byte	0x3f
 1448 0b3f 24       		.byte	0x24
 1449 0b40 85000000 		.4byte	0x85
 1450 0b44 1E       		.uleb128 0x1e
 1451 0b45 DF030000 		.4byte	.LASF100
 1452 0b49 05       		.byte	0x5
 1453 0b4a 40       		.byte	0x40
 1454 0b4b 0C       		.byte	0xc
 1455 0b4c 30000000 		.4byte	0x30
 1456 0b50 1E       		.uleb128 0x1e
 1457 0b51 CA000000 		.4byte	.LASF101
 1458 0b55 05       		.byte	0x5
 1459 0b56 40       		.byte	0x40
 1460 0b57 16       		.byte	0x16
 1461 0b58 30000000 		.4byte	0x30
 1462 0b5c 1E       		.uleb128 0x1e
 1463 0b5d B1010000 		.4byte	.LASF102
 1464 0b61 05       		.byte	0x5
 1465 0b62 40       		.byte	0x40
 1466 0b63 1E       		.byte	0x1e
 1467 0b64 30000000 		.4byte	0x30
 1468 0b68 1E       		.uleb128 0x1e
 1469 0b69 27050000 		.4byte	.LASF103
 1470 0b6d 05       		.byte	0x5
 1471 0b6e 41       		.byte	0x41
 1472 0b6f 0C       		.byte	0xc
 1473 0b70 85000000 		.4byte	0x85
 1474 0b74 18       		.uleb128 0x18
 1475 0b75 A1030000 		.4byte	.LASF87
 1476 0b79 8E0B0000 		.4byte	0xb8e
 1477 0b7d 00       		.byte	0
 1478 0b7e 07       		.uleb128 0x7
 1479 0b7f AB000000 		.4byte	0xab
 1480 0b83 8E0B0000 		.4byte	0xb8e
 1481 0b87 08       		.uleb128 0x8
 1482 0b88 30000000 		.4byte	0x30
ARM GAS  /tmp/cc47EVn4.s 			page 27


 1483 0b8c 10       		.byte	0x10
 1484 0b8d 00       		.byte	0
 1485 0b8e 05       		.uleb128 0x5
 1486 0b8f 7E0B0000 		.4byte	0xb7e
 1487 0b93 00       		.byte	0
 1488              		.section	.gnu.debuglto_.debug_abbrev,"e",%progbits
 1489              	.Ldebug_abbrev0:
 1490 0000 01       		.uleb128 0x1
 1491 0001 11       		.uleb128 0x11
 1492 0002 01       		.byte	0x1
 1493 0003 25       		.uleb128 0x25
 1494 0004 0E       		.uleb128 0xe
 1495 0005 13       		.uleb128 0x13
 1496 0006 0B       		.uleb128 0xb
 1497 0007 03       		.uleb128 0x3
 1498 0008 0E       		.uleb128 0xe
 1499 0009 1B       		.uleb128 0x1b
 1500 000a 0E       		.uleb128 0xe
 1501 000b 10       		.uleb128 0x10
 1502 000c 17       		.uleb128 0x17
 1503 000d 00       		.byte	0
 1504 000e 00       		.byte	0
 1505 000f 02       		.uleb128 0x2
 1506 0010 24       		.uleb128 0x24
 1507 0011 00       		.byte	0
 1508 0012 0B       		.uleb128 0xb
 1509 0013 0B       		.uleb128 0xb
 1510 0014 3E       		.uleb128 0x3e
 1511 0015 0B       		.uleb128 0xb
 1512 0016 03       		.uleb128 0x3
 1513 0017 08       		.uleb128 0x8
 1514 0018 00       		.byte	0
 1515 0019 00       		.byte	0
 1516 001a 03       		.uleb128 0x3
 1517 001b 16       		.uleb128 0x16
 1518 001c 00       		.byte	0
 1519 001d 03       		.uleb128 0x3
 1520 001e 0E       		.uleb128 0xe
 1521 001f 3A       		.uleb128 0x3a
 1522 0020 0B       		.uleb128 0xb
 1523 0021 3B       		.uleb128 0x3b
 1524 0022 0B       		.uleb128 0xb
 1525 0023 39       		.uleb128 0x39
 1526 0024 0B       		.uleb128 0xb
 1527 0025 49       		.uleb128 0x49
 1528 0026 13       		.uleb128 0x13
 1529 0027 00       		.byte	0
 1530 0028 00       		.byte	0
 1531 0029 04       		.uleb128 0x4
 1532 002a 24       		.uleb128 0x24
 1533 002b 00       		.byte	0
 1534 002c 0B       		.uleb128 0xb
 1535 002d 0B       		.uleb128 0xb
 1536 002e 3E       		.uleb128 0x3e
 1537 002f 0B       		.uleb128 0xb
 1538 0030 03       		.uleb128 0x3
 1539 0031 0E       		.uleb128 0xe
ARM GAS  /tmp/cc47EVn4.s 			page 28


 1540 0032 00       		.byte	0
 1541 0033 00       		.byte	0
 1542 0034 05       		.uleb128 0x5
 1543 0035 26       		.uleb128 0x26
 1544 0036 00       		.byte	0
 1545 0037 49       		.uleb128 0x49
 1546 0038 13       		.uleb128 0x13
 1547 0039 00       		.byte	0
 1548 003a 00       		.byte	0
 1549 003b 06       		.uleb128 0x6
 1550 003c 0F       		.uleb128 0xf
 1551 003d 00       		.byte	0
 1552 003e 0B       		.uleb128 0xb
 1553 003f 0B       		.uleb128 0xb
 1554 0040 00       		.byte	0
 1555 0041 00       		.byte	0
 1556 0042 07       		.uleb128 0x7
 1557 0043 01       		.uleb128 0x1
 1558 0044 01       		.byte	0x1
 1559 0045 49       		.uleb128 0x49
 1560 0046 13       		.uleb128 0x13
 1561 0047 01       		.uleb128 0x1
 1562 0048 13       		.uleb128 0x13
 1563 0049 00       		.byte	0
 1564 004a 00       		.byte	0
 1565 004b 08       		.uleb128 0x8
 1566 004c 21       		.uleb128 0x21
 1567 004d 00       		.byte	0
 1568 004e 49       		.uleb128 0x49
 1569 004f 13       		.uleb128 0x13
 1570 0050 2F       		.uleb128 0x2f
 1571 0051 0B       		.uleb128 0xb
 1572 0052 00       		.byte	0
 1573 0053 00       		.byte	0
 1574 0054 09       		.uleb128 0x9
 1575 0055 0F       		.uleb128 0xf
 1576 0056 00       		.byte	0
 1577 0057 0B       		.uleb128 0xb
 1578 0058 0B       		.uleb128 0xb
 1579 0059 49       		.uleb128 0x49
 1580 005a 13       		.uleb128 0x13
 1581 005b 00       		.byte	0
 1582 005c 00       		.byte	0
 1583 005d 0A       		.uleb128 0xa
 1584 005e 04       		.uleb128 0x4
 1585 005f 01       		.byte	0x1
 1586 0060 3E       		.uleb128 0x3e
 1587 0061 0B       		.uleb128 0xb
 1588 0062 0B       		.uleb128 0xb
 1589 0063 0B       		.uleb128 0xb
 1590 0064 49       		.uleb128 0x49
 1591 0065 13       		.uleb128 0x13
 1592 0066 3A       		.uleb128 0x3a
 1593 0067 0B       		.uleb128 0xb
 1594 0068 3B       		.uleb128 0x3b
 1595 0069 0B       		.uleb128 0xb
 1596 006a 39       		.uleb128 0x39
ARM GAS  /tmp/cc47EVn4.s 			page 29


 1597 006b 0B       		.uleb128 0xb
 1598 006c 01       		.uleb128 0x1
 1599 006d 13       		.uleb128 0x13
 1600 006e 00       		.byte	0
 1601 006f 00       		.byte	0
 1602 0070 0B       		.uleb128 0xb
 1603 0071 28       		.uleb128 0x28
 1604 0072 00       		.byte	0
 1605 0073 03       		.uleb128 0x3
 1606 0074 0E       		.uleb128 0xe
 1607 0075 1C       		.uleb128 0x1c
 1608 0076 0B       		.uleb128 0xb
 1609 0077 00       		.byte	0
 1610 0078 00       		.byte	0
 1611 0079 0C       		.uleb128 0xc
 1612 007a 13       		.uleb128 0x13
 1613 007b 01       		.byte	0x1
 1614 007c 0B       		.uleb128 0xb
 1615 007d 0B       		.uleb128 0xb
 1616 007e 3A       		.uleb128 0x3a
 1617 007f 0B       		.uleb128 0xb
 1618 0080 3B       		.uleb128 0x3b
 1619 0081 0B       		.uleb128 0xb
 1620 0082 39       		.uleb128 0x39
 1621 0083 0B       		.uleb128 0xb
 1622 0084 01       		.uleb128 0x1
 1623 0085 13       		.uleb128 0x13
 1624 0086 00       		.byte	0
 1625 0087 00       		.byte	0
 1626 0088 0D       		.uleb128 0xd
 1627 0089 0D       		.uleb128 0xd
 1628 008a 00       		.byte	0
 1629 008b 03       		.uleb128 0x3
 1630 008c 0E       		.uleb128 0xe
 1631 008d 3A       		.uleb128 0x3a
 1632 008e 0B       		.uleb128 0xb
 1633 008f 3B       		.uleb128 0x3b
 1634 0090 0B       		.uleb128 0xb
 1635 0091 39       		.uleb128 0x39
 1636 0092 0B       		.uleb128 0xb
 1637 0093 49       		.uleb128 0x49
 1638 0094 13       		.uleb128 0x13
 1639 0095 38       		.uleb128 0x38
 1640 0096 0B       		.uleb128 0xb
 1641 0097 00       		.byte	0
 1642 0098 00       		.byte	0
 1643 0099 0E       		.uleb128 0xe
 1644 009a 15       		.uleb128 0x15
 1645 009b 01       		.byte	0x1
 1646 009c 27       		.uleb128 0x27
 1647 009d 19       		.uleb128 0x19
 1648 009e 49       		.uleb128 0x49
 1649 009f 13       		.uleb128 0x13
 1650 00a0 01       		.uleb128 0x1
 1651 00a1 13       		.uleb128 0x13
 1652 00a2 00       		.byte	0
 1653 00a3 00       		.byte	0
ARM GAS  /tmp/cc47EVn4.s 			page 30


 1654 00a4 0F       		.uleb128 0xf
 1655 00a5 05       		.uleb128 0x5
 1656 00a6 00       		.byte	0
 1657 00a7 49       		.uleb128 0x49
 1658 00a8 13       		.uleb128 0x13
 1659 00a9 00       		.byte	0
 1660 00aa 00       		.byte	0
 1661 00ab 10       		.uleb128 0x10
 1662 00ac 13       		.uleb128 0x13
 1663 00ad 01       		.byte	0x1
 1664 00ae 03       		.uleb128 0x3
 1665 00af 0E       		.uleb128 0xe
 1666 00b0 0B       		.uleb128 0xb
 1667 00b1 0B       		.uleb128 0xb
 1668 00b2 3A       		.uleb128 0x3a
 1669 00b3 0B       		.uleb128 0xb
 1670 00b4 3B       		.uleb128 0x3b
 1671 00b5 05       		.uleb128 0x5
 1672 00b6 39       		.uleb128 0x39
 1673 00b7 0B       		.uleb128 0xb
 1674 00b8 01       		.uleb128 0x1
 1675 00b9 13       		.uleb128 0x13
 1676 00ba 00       		.byte	0
 1677 00bb 00       		.byte	0
 1678 00bc 11       		.uleb128 0x11
 1679 00bd 0D       		.uleb128 0xd
 1680 00be 00       		.byte	0
 1681 00bf 03       		.uleb128 0x3
 1682 00c0 0E       		.uleb128 0xe
 1683 00c1 3A       		.uleb128 0x3a
 1684 00c2 0B       		.uleb128 0xb
 1685 00c3 3B       		.uleb128 0x3b
 1686 00c4 05       		.uleb128 0x5
 1687 00c5 39       		.uleb128 0x39
 1688 00c6 0B       		.uleb128 0xb
 1689 00c7 49       		.uleb128 0x49
 1690 00c8 13       		.uleb128 0x13
 1691 00c9 38       		.uleb128 0x38
 1692 00ca 0B       		.uleb128 0xb
 1693 00cb 00       		.byte	0
 1694 00cc 00       		.byte	0
 1695 00cd 12       		.uleb128 0x12
 1696 00ce 13       		.uleb128 0x13
 1697 00cf 01       		.byte	0x1
 1698 00d0 0B       		.uleb128 0xb
 1699 00d1 0B       		.uleb128 0xb
 1700 00d2 3A       		.uleb128 0x3a
 1701 00d3 0B       		.uleb128 0xb
 1702 00d4 3B       		.uleb128 0x3b
 1703 00d5 05       		.uleb128 0x5
 1704 00d6 39       		.uleb128 0x39
 1705 00d7 0B       		.uleb128 0xb
 1706 00d8 01       		.uleb128 0x1
 1707 00d9 13       		.uleb128 0x13
 1708 00da 00       		.byte	0
 1709 00db 00       		.byte	0
 1710 00dc 13       		.uleb128 0x13
ARM GAS  /tmp/cc47EVn4.s 			page 31


 1711 00dd 0D       		.uleb128 0xd
 1712 00de 00       		.byte	0
 1713 00df 03       		.uleb128 0x3
 1714 00e0 08       		.uleb128 0x8
 1715 00e1 3A       		.uleb128 0x3a
 1716 00e2 0B       		.uleb128 0xb
 1717 00e3 3B       		.uleb128 0x3b
 1718 00e4 05       		.uleb128 0x5
 1719 00e5 39       		.uleb128 0x39
 1720 00e6 0B       		.uleb128 0xb
 1721 00e7 49       		.uleb128 0x49
 1722 00e8 13       		.uleb128 0x13
 1723 00e9 38       		.uleb128 0x38
 1724 00ea 0B       		.uleb128 0xb
 1725 00eb 00       		.byte	0
 1726 00ec 00       		.byte	0
 1727 00ed 14       		.uleb128 0x14
 1728 00ee 16       		.uleb128 0x16
 1729 00ef 00       		.byte	0
 1730 00f0 03       		.uleb128 0x3
 1731 00f1 0E       		.uleb128 0xe
 1732 00f2 3A       		.uleb128 0x3a
 1733 00f3 0B       		.uleb128 0xb
 1734 00f4 3B       		.uleb128 0x3b
 1735 00f5 05       		.uleb128 0x5
 1736 00f6 39       		.uleb128 0x39
 1737 00f7 0B       		.uleb128 0xb
 1738 00f8 49       		.uleb128 0x49
 1739 00f9 13       		.uleb128 0x13
 1740 00fa 00       		.byte	0
 1741 00fb 00       		.byte	0
 1742 00fc 15       		.uleb128 0x15
 1743 00fd 2E       		.uleb128 0x2e
 1744 00fe 01       		.byte	0x1
 1745 00ff 3F       		.uleb128 0x3f
 1746 0100 19       		.uleb128 0x19
 1747 0101 03       		.uleb128 0x3
 1748 0102 0E       		.uleb128 0xe
 1749 0103 3A       		.uleb128 0x3a
 1750 0104 0B       		.uleb128 0xb
 1751 0105 3B       		.uleb128 0x3b
 1752 0106 05       		.uleb128 0x5
 1753 0107 39       		.uleb128 0x39
 1754 0108 0B       		.uleb128 0xb
 1755 0109 27       		.uleb128 0x27
 1756 010a 19       		.uleb128 0x19
 1757 010b 01       		.uleb128 0x1
 1758 010c 13       		.uleb128 0x13
 1759 010d 00       		.byte	0
 1760 010e 00       		.byte	0
 1761 010f 16       		.uleb128 0x16
 1762 0110 05       		.uleb128 0x5
 1763 0111 00       		.byte	0
 1764 0112 03       		.uleb128 0x3
 1765 0113 0E       		.uleb128 0xe
 1766 0114 3A       		.uleb128 0x3a
 1767 0115 0B       		.uleb128 0xb
ARM GAS  /tmp/cc47EVn4.s 			page 32


 1768 0116 3B       		.uleb128 0x3b
 1769 0117 05       		.uleb128 0x5
 1770 0118 39       		.uleb128 0x39
 1771 0119 0B       		.uleb128 0xb
 1772 011a 49       		.uleb128 0x49
 1773 011b 13       		.uleb128 0x13
 1774 011c 00       		.byte	0
 1775 011d 00       		.byte	0
 1776 011e 17       		.uleb128 0x17
 1777 011f 34       		.uleb128 0x34
 1778 0120 00       		.byte	0
 1779 0121 03       		.uleb128 0x3
 1780 0122 08       		.uleb128 0x8
 1781 0123 3A       		.uleb128 0x3a
 1782 0124 0B       		.uleb128 0xb
 1783 0125 3B       		.uleb128 0x3b
 1784 0126 05       		.uleb128 0x5
 1785 0127 39       		.uleb128 0x39
 1786 0128 0B       		.uleb128 0xb
 1787 0129 49       		.uleb128 0x49
 1788 012a 13       		.uleb128 0x13
 1789 012b 00       		.byte	0
 1790 012c 00       		.byte	0
 1791 012d 18       		.uleb128 0x18
 1792 012e 34       		.uleb128 0x34
 1793 012f 00       		.byte	0
 1794 0130 03       		.uleb128 0x3
 1795 0131 0E       		.uleb128 0xe
 1796 0132 49       		.uleb128 0x49
 1797 0133 13       		.uleb128 0x13
 1798 0134 34       		.uleb128 0x34
 1799 0135 19       		.uleb128 0x19
 1800 0136 00       		.byte	0
 1801 0137 00       		.byte	0
 1802 0138 19       		.uleb128 0x19
 1803 0139 2E       		.uleb128 0x2e
 1804 013a 01       		.byte	0x1
 1805 013b 3F       		.uleb128 0x3f
 1806 013c 19       		.uleb128 0x19
 1807 013d 03       		.uleb128 0x3
 1808 013e 0E       		.uleb128 0xe
 1809 013f 3A       		.uleb128 0x3a
 1810 0140 0B       		.uleb128 0xb
 1811 0141 3B       		.uleb128 0x3b
 1812 0142 0B       		.uleb128 0xb
 1813 0143 39       		.uleb128 0x39
 1814 0144 0B       		.uleb128 0xb
 1815 0145 27       		.uleb128 0x27
 1816 0146 19       		.uleb128 0x19
 1817 0147 01       		.uleb128 0x1
 1818 0148 13       		.uleb128 0x13
 1819 0149 00       		.byte	0
 1820 014a 00       		.byte	0
 1821 014b 1A       		.uleb128 0x1a
 1822 014c 05       		.uleb128 0x5
 1823 014d 00       		.byte	0
 1824 014e 03       		.uleb128 0x3
ARM GAS  /tmp/cc47EVn4.s 			page 33


 1825 014f 0E       		.uleb128 0xe
 1826 0150 3A       		.uleb128 0x3a
 1827 0151 0B       		.uleb128 0xb
 1828 0152 3B       		.uleb128 0x3b
 1829 0153 0B       		.uleb128 0xb
 1830 0154 39       		.uleb128 0x39
 1831 0155 0B       		.uleb128 0xb
 1832 0156 49       		.uleb128 0x49
 1833 0157 13       		.uleb128 0x13
 1834 0158 00       		.byte	0
 1835 0159 00       		.byte	0
 1836 015a 1B       		.uleb128 0x1b
 1837 015b 34       		.uleb128 0x34
 1838 015c 00       		.byte	0
 1839 015d 03       		.uleb128 0x3
 1840 015e 08       		.uleb128 0x8
 1841 015f 3A       		.uleb128 0x3a
 1842 0160 0B       		.uleb128 0xb
 1843 0161 3B       		.uleb128 0x3b
 1844 0162 0B       		.uleb128 0xb
 1845 0163 39       		.uleb128 0x39
 1846 0164 0B       		.uleb128 0xb
 1847 0165 49       		.uleb128 0x49
 1848 0166 13       		.uleb128 0x13
 1849 0167 00       		.byte	0
 1850 0168 00       		.byte	0
 1851 0169 1C       		.uleb128 0x1c
 1852 016a 2E       		.uleb128 0x2e
 1853 016b 01       		.byte	0x1
 1854 016c 3F       		.uleb128 0x3f
 1855 016d 19       		.uleb128 0x19
 1856 016e 03       		.uleb128 0x3
 1857 016f 0E       		.uleb128 0xe
 1858 0170 3A       		.uleb128 0x3a
 1859 0171 0B       		.uleb128 0xb
 1860 0172 3B       		.uleb128 0x3b
 1861 0173 0B       		.uleb128 0xb
 1862 0174 39       		.uleb128 0x39
 1863 0175 0B       		.uleb128 0xb
 1864 0176 27       		.uleb128 0x27
 1865 0177 19       		.uleb128 0x19
 1866 0178 49       		.uleb128 0x49
 1867 0179 13       		.uleb128 0x13
 1868 017a 01       		.uleb128 0x1
 1869 017b 13       		.uleb128 0x13
 1870 017c 00       		.byte	0
 1871 017d 00       		.byte	0
 1872 017e 1D       		.uleb128 0x1d
 1873 017f 05       		.uleb128 0x5
 1874 0180 00       		.byte	0
 1875 0181 03       		.uleb128 0x3
 1876 0182 08       		.uleb128 0x8
 1877 0183 3A       		.uleb128 0x3a
 1878 0184 0B       		.uleb128 0xb
 1879 0185 3B       		.uleb128 0x3b
 1880 0186 0B       		.uleb128 0xb
 1881 0187 39       		.uleb128 0x39
ARM GAS  /tmp/cc47EVn4.s 			page 34


 1882 0188 0B       		.uleb128 0xb
 1883 0189 49       		.uleb128 0x49
 1884 018a 13       		.uleb128 0x13
 1885 018b 00       		.byte	0
 1886 018c 00       		.byte	0
 1887 018d 1E       		.uleb128 0x1e
 1888 018e 34       		.uleb128 0x34
 1889 018f 00       		.byte	0
 1890 0190 03       		.uleb128 0x3
 1891 0191 0E       		.uleb128 0xe
 1892 0192 3A       		.uleb128 0x3a
 1893 0193 0B       		.uleb128 0xb
 1894 0194 3B       		.uleb128 0x3b
 1895 0195 0B       		.uleb128 0xb
 1896 0196 39       		.uleb128 0x39
 1897 0197 0B       		.uleb128 0xb
 1898 0198 49       		.uleb128 0x49
 1899 0199 13       		.uleb128 0x13
 1900 019a 00       		.byte	0
 1901 019b 00       		.byte	0
 1902 019c 00       		.byte	0
 1903              		.section	.gnu.debuglto_.debug_line,"e",%progbits
 1904              	.Ldebug_line0:
 1905 0000 CD000000 		.4byte	.LELT0-.LSLT0
 1906              	.LSLT0:
 1907 0004 0400     		.2byte	0x4
 1908 0006 C7000000 		.4byte	.LELTP0-.LASLTP0
 1909              	.LASLTP0:
 1910 000a 01       		.byte	0x1
 1911 000b 01       		.byte	0x1
 1912 000c 01       		.byte	0x1
 1913 000d F6       		.byte	0xf6
 1914 000e F2       		.byte	0xf2
 1915 000f 0D       		.byte	0xd
 1916 0010 00       		.byte	0
 1917 0011 01       		.byte	0x1
 1918 0012 01       		.byte	0x1
 1919 0013 01       		.byte	0x1
 1920 0014 01       		.byte	0x1
 1921 0015 00       		.byte	0
 1922 0016 00       		.byte	0
 1923 0017 00       		.byte	0
 1924 0018 01       		.byte	0x1
 1925 0019 00       		.byte	0
 1926 001a 00       		.byte	0
 1927 001b 01       		.byte	0x1
 1928 001c 74686972 		.ascii	"third_party/ChibiOS/os/hal/include"
 1928      645F7061 
 1928      7274792F 
 1928      43686962 
 1928      694F532F 
 1929 003e 00       		.byte	0
 1930 003f 74686972 		.ascii	"third_party/ChibiOS/os/hal/src"
 1930      645F7061 
 1930      7274792F 
 1930      43686962 
 1930      694F532F 
ARM GAS  /tmp/cc47EVn4.s 			page 35


 1931 005d 00       		.byte	0
 1932 005e 2F757372 		.ascii	"/usr/lib/gcc/arm-none-eabi/10.3.1/include"
 1932      2F6C6962 
 1932      2F676363 
 1932      2F61726D 
 1932      2D6E6F6E 
 1933 0087 00       		.byte	0
 1934 0088 00       		.byte	0
 1935 0089 73746464 		.ascii	"stddef.h\000"
 1935      65662E68 
 1935      00
 1936 0092 03       		.uleb128 0x3
 1937 0093 00       		.uleb128 0
 1938 0094 00       		.uleb128 0
 1939 0095 73746469 		.ascii	"stdint.h\000"
 1939      6E742E68 
 1939      00
 1940 009e 03       		.uleb128 0x3
 1941 009f 00       		.uleb128 0
 1942 00a0 00       		.uleb128 0
 1943 00a1 68616C5F 		.ascii	"hal_ioblock.h\000"
 1943      696F626C 
 1943      6F636B2E 
 1943      6800
 1944 00af 01       		.uleb128 0x1
 1945 00b0 00       		.uleb128 0
 1946 00b1 00       		.uleb128 0
 1947 00b2 68616C5F 		.ascii	"hal_mmcsd.h\000"
 1947      6D6D6373 
 1947      642E6800 
 1948 00be 01       		.uleb128 0x1
 1949 00bf 00       		.uleb128 0
 1950 00c0 00       		.uleb128 0
 1951 00c1 68616C5F 		.ascii	"hal_mmcsd.c\000"
 1951      6D6D6373 
 1951      642E6300 
 1952 00cd 02       		.uleb128 0x2
 1953 00ce 00       		.uleb128 0
 1954 00cf 00       		.uleb128 0
 1955 00d0 00       		.byte	0
 1956              	.LELTP0:
 1957              	.LELT0:
 1958              		.section	.gnu.debuglto_.debug_str,"eMS",%progbits,1
 1959              	.LASF54:
 1960 0000 72656164 		.ascii	"read_blk_misalign\000"
 1960      5F626C6B 
 1960      5F6D6973 
 1960      616C6967 
 1960      6E00
 1961              	.LASF41:
 1962 0012 7072765F 		.ascii	"prv_n\000"
 1962      6E00
 1963              	.LASF45:
 1964 0018 756E7061 		.ascii	"unpacked_sdc_cid_t\000"
 1964      636B6564 
 1964      5F736463 
 1964      5F636964 
ARM GAS  /tmp/cc47EVn4.s 			page 36


 1964      5F7400
 1965              	.LASF85:
 1966 002b 5F6D6D63 		.ascii	"_mmcsd_unpack_csd_v10\000"
 1966      73645F75 
 1966      6E706163 
 1966      6B5F6373 
 1966      645F7631 
 1967              	.LASF35:
 1968 0041 77726974 		.ascii	"write\000"
 1968      6500
 1969              	.LASF56:
 1970 0047 635F7369 		.ascii	"c_size\000"
 1970      7A6500
 1971              	.LASF38:
 1972 004e 73746174 		.ascii	"state\000"
 1972      6500
 1973              	.LASF95:
 1974 0054 5F6D6D63 		.ascii	"_mmcsd_get_capacity_ext\000"
 1974      73645F67 
 1974      65745F63 
 1974      61706163 
 1974      6974795F 
 1975              	.LASF4:
 1976 006c 73686F72 		.ascii	"short int\000"
 1976      7420696E 
 1976      7400
 1977              	.LASF47:
 1978 0076 6373645F 		.ascii	"csd_structure\000"
 1978      73747275 
 1978      63747572 
 1978      6500
 1979              	.LASF53:
 1980 0084 77726974 		.ascii	"write_blk_misalign\000"
 1980      655F626C 
 1980      6B5F6D69 
 1980      73616C69 
 1980      676E00
 1981              	.LASF97:
 1982 0097 5F6D6D63 		.ascii	"_mmcsd_get_slice\000"
 1982      73645F67 
 1982      65745F73 
 1982      6C696365 
 1982      00
 1983              	.LASF60:
 1984 00a8 7664645F 		.ascii	"vdd_w_curr_max\000"
 1984      775F6375 
 1984      72725F6D 
 1984      617800
 1985              	.LASF65:
 1986 00b7 77705F67 		.ascii	"wp_grp_enable\000"
 1986      72705F65 
 1986      6E61626C 
 1986      6500
 1987              	.LASF48:
 1988 00c5 74616163 		.ascii	"taac\000"
 1988      00
 1989              	.LASF101:
ARM GAS  /tmp/cc47EVn4.s 			page 37


 1990 00ca 656E6469 		.ascii	"endidx\000"
 1990      647800
 1991              	.LASF26:
 1992 00d1 626C6B5F 		.ascii	"blk_size\000"
 1992      73697A65 
 1992      00
 1993              	.LASF49:
 1994 00da 6E736163 		.ascii	"nsac\000"
 1994      00
 1995              	.LASF40:
 1996 00df 4D4D4353 		.ascii	"MMCSDBlockDevice\000"
 1996      44426C6F 
 1996      636B4465 
 1996      76696365 
 1996      00
 1997              	.LASF27:
 1998 00f0 626C6B5F 		.ascii	"blk_num\000"
 1998      6E756D00 
 1999              	.LASF22:
 2000 00f8 424C4B5F 		.ascii	"BLK_READING\000"
 2000      52454144 
 2000      494E4700 
 2001              	.LASF59:
 2002 0104 7664645F 		.ascii	"vdd_w_curr_min\000"
 2002      775F6375 
 2002      72725F6D 
 2002      696E00
 2003              	.LASF42:
 2004 0113 7072765F 		.ascii	"prv_m\000"
 2004      6D00
 2005              	.LASF106:
 2006 0119 2F686F6D 		.ascii	"/home/ian/Documents/BPRL_balance\000"
 2006      652F6961 
 2006      6E2F446F 
 2006      63756D65 
 2006      6E74732F 
 2007              	.LASF7:
 2008 013a 75696E74 		.ascii	"uint8_t\000"
 2008      385F7400 
 2009              	.LASF32:
 2010 0142 636F6E6E 		.ascii	"connect\000"
 2010      65637400 
 2011              	.LASF21:
 2012 014a 424C4B5F 		.ascii	"BLK_READY\000"
 2012      52454144 
 2012      5900
 2013              	.LASF86:
 2014 0154 63736431 		.ascii	"csd10\000"
 2014      3000
 2015              	.LASF89:
 2016 015a 6373646D 		.ascii	"csdmmc\000"
 2016      6D6300
 2017              	.LASF61:
 2018 0161 635F7369 		.ascii	"c_size_mult\000"
 2018      7A655F6D 
 2018      756C7400 
 2019              	.LASF16:
ARM GAS  /tmp/cc47EVn4.s 			page 38


 2020 016d 424C4B5F 		.ascii	"BLK_UNINIT\000"
 2020      554E494E 
 2020      495400
 2021              	.LASF96:
 2022 0178 5F6D6D63 		.ascii	"_mmcsd_get_capacity\000"
 2022      73645F67 
 2022      65745F63 
 2022      61706163 
 2022      69747900 
 2023              	.LASF84:
 2024 018c 5F6D6D63 		.ascii	"_mmcsd_unpack_csd_v20\000"
 2024      73645F75 
 2024      6E706163 
 2024      6B5F6373 
 2024      645F7632 
 2025              	.LASF78:
 2026 01a2 65726173 		.ascii	"erase_grp_mult\000"
 2026      655F6772 
 2026      705F6D75 
 2026      6C7400
 2027              	.LASF102:
 2028 01b1 73746172 		.ascii	"startoff\000"
 2028      746F6666 
 2028      00
 2029              	.LASF23:
 2030 01ba 424C4B5F 		.ascii	"BLK_WRITING\000"
 2030      57524954 
 2030      494E4700 
 2031              	.LASF72:
 2032 01c6 746D705F 		.ascii	"tmp_write_protect\000"
 2032      77726974 
 2032      655F7072 
 2032      6F746563 
 2032      7400
 2033              	.LASF2:
 2034 01d8 6C6F6E67 		.ascii	"long double\000"
 2034      20646F75 
 2034      626C6500 
 2035              	.LASF104:
 2036 01e4 474E5520 		.ascii	"GNU C17 10.3.1 20210621 (release) -mcpu=cortex-m7 -"
 2036      43313720 
 2036      31302E33 
 2036      2E312032 
 2036      30323130 
 2037 0217 6D746875 		.ascii	"mthumb -mfloat-abi=hard -mfpu=fpv5-d16 -march=armv7"
 2037      6D62202D 
 2037      6D666C6F 
 2037      61742D61 
 2037      62693D68 
 2038 024a 652D6D2B 		.ascii	"e-m+fp.dp -ggdb -O2 -fomit-frame-pointer -falign-fu"
 2038      66702E64 
 2038      70202D67 
 2038      67646220 
 2038      2D4F3220 
 2039 027d 6E637469 		.ascii	"nctions=16 -ffunction-sections -fdata-sections -fno"
 2039      6F6E733D 
 2039      3136202D 
ARM GAS  /tmp/cc47EVn4.s 			page 39


 2039      6666756E 
 2039      6374696F 
 2040 02b0 2D636F6D 		.ascii	"-common -flto\000"
 2040      6D6F6E20 
 2040      2D666C74 
 2040      6F00
 2041              	.LASF34:
 2042 02be 72656164 		.ascii	"read\000"
 2042      00
 2043              	.LASF1:
 2044 02c3 6C6F6E67 		.ascii	"long long int\000"
 2044      206C6F6E 
 2044      6720696E 
 2044      7400
 2045              	.LASF13:
 2046 02d1 6C6F6E67 		.ascii	"long long unsigned int\000"
 2046      206C6F6E 
 2046      6720756E 
 2046      7369676E 
 2046      65642069 
 2047              	.LASF29:
 2048 02e8 696E7374 		.ascii	"instance_offset\000"
 2048      616E6365 
 2048      5F6F6666 
 2048      73657400 
 2049              	.LASF105:
 2050 02f8 74686972 		.ascii	"third_party/ChibiOS/os/hal/src/hal_mmcsd.c\000"
 2050      645F7061 
 2050      7274792F 
 2050      43686962 
 2050      694F532F 
 2051              	.LASF74:
 2052 0323 756E7061 		.ascii	"unpacked_sdc_csd_10_t\000"
 2052      636B6564 
 2052      5F736463 
 2052      5F637364 
 2052      5F31305F 
 2053              	.LASF18:
 2054 0339 424C4B5F 		.ascii	"BLK_ACTIVE\000"
 2054      41435449 
 2054      564500
 2055              	.LASF62:
 2056 0344 65726173 		.ascii	"erase_blk_en\000"
 2056      655F626C 
 2056      6B5F656E 
 2056      00
 2057              	.LASF63:
 2058 0351 65726173 		.ascii	"erase_sector_size\000"
 2058      655F7365 
 2058      63746F72 
 2058      5F73697A 
 2058      6500
 2059              	.LASF8:
 2060 0363 756E7369 		.ascii	"unsigned char\000"
 2060      676E6564 
 2060      20636861 
 2060      7200
ARM GAS  /tmp/cc47EVn4.s 			page 40


 2061              	.LASF69:
 2062 0371 66696C65 		.ascii	"file_format_grp\000"
 2062      5F666F72 
 2062      6D61745F 
 2062      67727000 
 2063              	.LASF51:
 2064 0381 72656164 		.ascii	"read_bl_len\000"
 2064      5F626C5F 
 2064      6C656E00 
 2065              	.LASF64:
 2066 038d 77705F67 		.ascii	"wp_grp_size\000"
 2066      72705F73 
 2066      697A6500 
 2067              	.LASF55:
 2068 0399 6473725F 		.ascii	"dsr_imp\000"
 2068      696D7000 
 2069              	.LASF87:
 2070 03a1 5F5F6675 		.ascii	"__func__\000"
 2070      6E635F5F 
 2070      00
 2071              	.LASF19:
 2072 03aa 424C4B5F 		.ascii	"BLK_CONNECTING\000"
 2072      434F4E4E 
 2072      45435449 
 2072      4E4700
 2073              	.LASF68:
 2074 03b9 77726974 		.ascii	"write_bl_partial\000"
 2074      655F626C 
 2074      5F706172 
 2074      7469616C 
 2074      00
 2075              	.LASF3:
 2076 03ca 7369676E 		.ascii	"signed char\000"
 2076      65642063 
 2076      68617200 
 2077              	.LASF39:
 2078 03d6 63617061 		.ascii	"capacity\000"
 2078      63697479 
 2078      00
 2079              	.LASF100:
 2080 03df 73746172 		.ascii	"startidx\000"
 2080      74696478 
 2080      00
 2081              	.LASF11:
 2082 03e8 75696E74 		.ascii	"uint32_t\000"
 2082      33325F74 
 2082      00
 2083              	.LASF37:
 2084 03f1 6765745F 		.ascii	"get_info\000"
 2084      696E666F 
 2084      00
 2085              	.LASF0:
 2086 03fa 756E7369 		.ascii	"unsigned int\000"
 2086      676E6564 
 2086      20696E74 
 2086      00
 2087              	.LASF43:
ARM GAS  /tmp/cc47EVn4.s 			page 41


 2088 0407 6D64745F 		.ascii	"mdt_m\000"
 2088      6D00
 2089              	.LASF9:
 2090 040d 75696E74 		.ascii	"uint16_t\000"
 2090      31365F74 
 2090      00
 2091              	.LASF31:
 2092 0416 69735F70 		.ascii	"is_protected\000"
 2092      726F7465 
 2092      63746564 
 2092      00
 2093              	.LASF80:
 2094 0423 636F6E74 		.ascii	"content_prot_app\000"
 2094      656E745F 
 2094      70726F74 
 2094      5F617070 
 2094      00
 2095              	.LASF44:
 2096 0434 6D64745F 		.ascii	"mdt_y\000"
 2096      7900
 2097              	.LASF99:
 2098 043a 73746172 		.ascii	"start\000"
 2098      7400
 2099              	.LASF10:
 2100 0440 73686F72 		.ascii	"short unsigned int\000"
 2100      7420756E 
 2100      7369676E 
 2100      65642069 
 2100      6E7400
 2101              	.LASF73:
 2102 0453 66696C65 		.ascii	"file_format\000"
 2102      5F666F72 
 2102      6D617400 
 2103              	.LASF58:
 2104 045f 7664645F 		.ascii	"vdd_r_curr_max\000"
 2104      725F6375 
 2104      72725F6D 
 2104      617800
 2105              	.LASF75:
 2106 046e 756E7061 		.ascii	"unpacked_sdc_csd_20_t\000"
 2106      636B6564 
 2106      5F736463 
 2106      5F637364 
 2106      5F32305F 
 2107              	.LASF14:
 2108 0484 63686172 		.ascii	"char\000"
 2108      00
 2109              	.LASF17:
 2110 0489 424C4B5F 		.ascii	"BLK_STOP\000"
 2110      53544F50 
 2110      00
 2111              	.LASF5:
 2112 0492 6C6F6E67 		.ascii	"long int\000"
 2112      20696E74 
 2112      00
 2113              	.LASF46:
 2114 049b 756E7061 		.ascii	"unpacked_mmc_cid_t\000"
ARM GAS  /tmp/cc47EVn4.s 			page 42


 2114      636B6564 
 2114      5F6D6D63 
 2114      5F636964 
 2114      5F7400
 2115              	.LASF67:
 2116 04ae 77726974 		.ascii	"write_bl_len\000"
 2116      655F626C 
 2116      5F6C656E 
 2116      00
 2117              	.LASF93:
 2118 04bb 63696473 		.ascii	"cidsdc\000"
 2118      646300
 2119              	.LASF77:
 2120 04c2 65726173 		.ascii	"erase_grp_size\000"
 2120      655F6772 
 2120      705F7369 
 2120      7A6500
 2121              	.LASF25:
 2122 04d1 626C6B73 		.ascii	"blkstate_t\000"
 2122      74617465 
 2122      5F7400
 2123              	.LASF6:
 2124 04dc 73697A65 		.ascii	"size_t\000"
 2124      5F7400
 2125              	.LASF15:
 2126 04e3 5F426F6F 		.ascii	"_Bool\000"
 2126      6C00
 2127              	.LASF98:
 2128 04e9 64617461 		.ascii	"data\000"
 2128      00
 2129              	.LASF57:
 2130 04ee 7664645F 		.ascii	"vdd_r_curr_min\000"
 2130      725F6375 
 2130      72725F6D 
 2130      696E00
 2131              	.LASF79:
 2132 04fd 64656661 		.ascii	"default_ecc\000"
 2132      756C745F 
 2132      65636300 
 2133              	.LASF36:
 2134 0509 73796E63 		.ascii	"sync\000"
 2134      00
 2135              	.LASF12:
 2136 050e 6C6F6E67 		.ascii	"long unsigned int\000"
 2136      20756E73 
 2136      69676E65 
 2136      6420696E 
 2136      7400
 2137              	.LASF91:
 2138 0520 6369646D 		.ascii	"cidmmc\000"
 2138      6D6300
 2139              	.LASF103:
 2140 0527 656E646D 		.ascii	"endmask\000"
 2140      61736B00 
 2141              	.LASF50:
 2142 052f 7472616E 		.ascii	"tran_speed\000"
 2142      5F737065 
ARM GAS  /tmp/cc47EVn4.s 			page 43


 2142      656400
 2143              	.LASF88:
 2144 053a 5F6D6D63 		.ascii	"_mmcsd_unpack_csd_mmc\000"
 2144      73645F75 
 2144      6E706163 
 2144      6B5F6373 
 2144      645F6D6D 
 2145              	.LASF20:
 2146 0550 424C4B5F 		.ascii	"BLK_DISCONNECTING\000"
 2146      44495343 
 2146      4F4E4E45 
 2146      4354494E 
 2146      4700
 2147              	.LASF83:
 2148 0562 63736432 		.ascii	"csd20\000"
 2148      3000
 2149              	.LASF70:
 2150 0568 636F7079 		.ascii	"copy\000"
 2150      00
 2151              	.LASF81:
 2152 056d 756E7061 		.ascii	"unpacked_mmc_csd_t\000"
 2152      636B6564 
 2152      5F6D6D63 
 2152      5F637364 
 2152      5F7400
 2153              	.LASF71:
 2154 0580 7065726D 		.ascii	"perm_write_protect\000"
 2154      5F777269 
 2154      74655F70 
 2154      726F7465 
 2154      637400
 2155              	.LASF107:
 2156 0593 4D4D4353 		.ascii	"MMCSDBlockDeviceVMT\000"
 2156      44426C6F 
 2156      636B4465 
 2156      76696365 
 2156      564D5400 
 2157              	.LASF66:
 2158 05a7 7232775F 		.ascii	"r2w_factor\000"
 2158      66616374 
 2158      6F7200
 2159              	.LASF82:
 2160 05b2 73646370 		.ascii	"sdcp\000"
 2160      00
 2161              	.LASF33:
 2162 05b7 64697363 		.ascii	"disconnect\000"
 2162      6F6E6E65 
 2162      637400
 2163              	.LASF94:
 2164 05c2 6578745F 		.ascii	"ext_csd\000"
 2164      63736400 
 2165              	.LASF24:
 2166 05ca 424C4B5F 		.ascii	"BLK_SYNCING\000"
 2166      53594E43 
 2166      494E4700 
 2167              	.LASF76:
 2168 05d6 73706563 		.ascii	"spec_vers\000"
ARM GAS  /tmp/cc47EVn4.s 			page 44


 2168      5F766572 
 2168      7300
 2169              	.LASF92:
 2170 05e0 5F6D6D63 		.ascii	"_mmcsd_unpack_sdc_cid\000"
 2170      73645F75 
 2170      6E706163 
 2170      6B5F7364 
 2170      635F6369 
 2171              	.LASF52:
 2172 05f6 72656164 		.ascii	"read_bl_partial\000"
 2172      5F626C5F 
 2172      70617274 
 2172      69616C00 
 2173              	.LASF30:
 2174 0606 69735F69 		.ascii	"is_inserted\000"
 2174      6E736572 
 2174      74656400 
 2175              	.LASF28:
 2176 0612 426C6F63 		.ascii	"BlockDeviceInfo\000"
 2176      6B446576 
 2176      69636549 
 2176      6E666F00 
 2177              	.LASF90:
 2178 0622 5F6D6D63 		.ascii	"_mmcsd_unpack_mmc_cid\000"
 2178      73645F75 
 2178      6E706163 
 2178      6B5F6D6D 
 2178      635F6369 
 2179              		.text
 2180              		.section	.gnu.lto_.profile.d8b29fb7f91c9a9d,"e",%progbits
 2181 0000 789C6362 		.ascii	"x\234cb\000\001\000\000\022\000\003"
 2181      00010000 
 2181      120003
 2182              		.text
 2183              		.section	.gnu.lto_.icf.d8b29fb7f91c9a9d,"e",%progbits
 2184 0000 789C3367 		.ascii	"x\2343g@\000N\206\206\363O\366\2611N_\276p\013+\323"
 2184      40004E86 
 2184      86F34FF6 
 2184      B1314E5F 
 2184      BE700B2B 
 2185 0015 91FF3BFE 		.ascii	"\221\377;\376\3621\177\2301g-\007\313\226\337\323\326"
 2185      F2317F98 
 2185      31672D07 
 2185      CB96DFD3 
 2185      D6
 2186 0026 70B2CE5A 		.ascii	"p\262\316Z\375\373\033\037\333\377\255\327\262\331\233"
 2186      FDFB1B1F 
 2186      DBFFADD7 
 2186      B2D99B
 2187 0035 BEEF9EC0 		.ascii	"\276\357\236\300\307q\361\355\341\006~\006\000\375\344"
 2187      C771F1ED 
 2187      E1067E06 
 2187      00FDE4
 2188 0044 1B68     		.ascii	"\033h"
 2189              		.text
 2190              		.section	.gnu.lto_.ipa_sra.d8b29fb7f91c9a9d,"e",%progbits
 2191 0000 789CEB64 		.ascii	"x\234\353dc\200\003N\006f\006$\300\314\310\310\300\301"
ARM GAS  /tmp/cc47EVn4.s 			page 45


 2191      6380034E 
 2191      06660624 
 2191      C0CCC8C8 
 2191      C0C1
 2192 0012 C0CECCCC 		.ascii	"\300\316\314\314\330\300\202\020e\302\317e\302\252\207"
 2192      D8C08210 
 2192      65C2CF65 
 2192      C2AA87
 2193 0021 11CC05A9 		.ascii	"\021\314\005\251\345A\261\000L\2620\001I0\223\021\""
 2193      E541B100 
 2193      4CB23001 
 2193      49309311 
 2193      22
 2194 0032 822A3FF8 		.ascii	"\202*?\370y\254C\335\003\250<\266\341\345\235\221\305"
 2194      79AC43DD 
 2194      03A83CB6 
 2194      E1E59D91 
 2194      C5
 2195 0043 631F8D3C 		.ascii	"c\037\215<\372\3608F\003\232V<\006\000|\344\005\355"
 2195      FAF03846 
 2195      039A563C 
 2195      06007CE4 
 2195      05ED
 2196              		.text
 2197              		.section	.gnu.lto_.inline.d8b29fb7f91c9a9d,"e",%progbits
 2198 0000 789CE554 		.ascii	"x\234\345T=K\003A\020};s^\222\343\374\300\004<AL\345"
 2198      3D4B0341 
 2198      107D3B73 
 2198      5E92E3FC 
 2198      C0043C41 
 2199 0016 DFC97F10 		.ascii	"\337\311\177\020\223;\321?a\300\302\302\342 )\264\013"
 2199      933BD13F 
 2199      61C0C2C2 
 2199      E22029B4 
 2199      0B
 2200 0027 C4EA2276 		.ascii	"\304\352\"v\226\201 \210\255\037\034\244H\021\261S\013"
 2200      96812088 
 2200      AD1F1CA4 
 2200      4811B153 
 2200      0B
 2201 0038 1B0B3B67 		.ascii	"\033\013;grr\\$E\252p\342\026;o\3372;o\036\303\226m"
 2201      72725C24 
 2201      45AA70E2 
 2201      163B6FDF 
 2201      323B6F1E 
 2202 004f A4AB046C 		.ascii	"\244\253\004l\275|>t(0L\346\202\2253?\021\022\215\204"
 2202      BD7C3E74 
 2202      28304CE6 
 2202      8295333F 
 2202      11128D84 
 2203 0063 C2FAED5B 		.ascii	"\302\372\355[\267I\015\300>\222Eu\002\301\031\336\335"
 2203      B7490DC0 
 2203      3E924575 
 2203      02C119DE 
 2203      DD
 2204 0074 F4B80E0B 		.ascii	"\364\270\016\013\356{\3679\226\333\"\254\344\032.\254"
 2204      EE7BF739 
ARM GAS  /tmp/cc47EVn4.s 			page 46


 2204      96DB22AC 
 2204      E41A2EAC 
 2205 0084 A6A23D54 		.ascii	"\246\242=T@\203~{D\273\360\364=l\010}\302\373\006\344"
 2205      40837E7B 
 2205      44BBF0F4 
 2205      3D6C087D 
 2205      C2FB06E4 
 2206 0098 081AFC7A 		.ascii	"\010\032\374z\023XZ\221\215\303\332lD\360\256\342\350"
 2206      13585A91 
 2206      8DC3DA6C 
 2206      44F0AEE2 
 2206      E8
 2207 00a9 9A03C95F 		.ascii	"\232\003\311_\273\214\243Xj\301>\236\231\317\256\026"
 2207      BB8CA358 
 2207      6AC13E9E 
 2207      99CFAE16 
 2208 00b9 0C6B1906 		.ascii	"\014k\031\006\313Z\212}\315\236\024\365\001g\002\032"
 2208      CB5A8A7D 
 2208      CD9E14F5 
 2208      0167021A 
 2209 00c9 49B68547 		.ascii	"I\266\205G\310\361\224\017\214\321\346\225\243Ua\306"
 2209      C8F1940F 
 2209      8CD1E695 
 2209      A35561C6 
 2210 00d9 2C42CB02 		.ascii	",B\313\002B\362\347\021\272\020\204\241\212\215\246"
 2210      42F2E711 
 2210      BA1084A1 
 2210      8A8DA6
 2211 00e8 C4A67D55 		.ascii	"\304\246}U$vr$6E6\372F\264=\361aFvU\230\017\026\331"
 2211      24767224 
 2211      364536FA 
 2211      46B43DF1 
 2211      61467655 
 2212 0100 3B02CE28 		.ascii	";\002\316(\310\237\354\277\203\0128W\203\277(k\360\246"
 2212      C89FECBF 
 2212      830A3857 
 2212      83BF286B 
 2212      F0A6
 2213 0112 CEAE1AAC 		.ascii	"\316\256\032\254N\337s\016\347b\261\250\210\226\232"
 2213      4EDF730E 
 2213      E762B1A8 
 2213      88969A
 2214 0121 F43A6592 		.ascii	"\364:e\222\227|\017\300\266\376M\377\325$|\003\320\302"
 2214      977C0FC0 
 2214      B6FE4DFF 
 2214      D5247C03 
 2214      D0C2
 2215 0133 CEEF     		.ascii	"\316\357"
 2216              		.text
 2217              		.section	.gnu.lto_.jmpfuncs.d8b29fb7f91c9a9d,"e",%progbits
 2218 0000 789CED59 		.ascii	"x\234\355Y\331N\024Q\020\355\303\0143\303:$\004\002"
 2218      D94E1451 
 2218      10EDC30C 
 2218      33C33A24 
 2218      0402
 2219 0012 84041E58 		.ascii	"\204\004\036X\002\011;\004\302\372g\372\017~\203O>\273"
 2219      02093B04 
ARM GAS  /tmp/cc47EVn4.s 			page 47


 2219      C2FA67FA 
 2219      0F7E834F 
 2219      3EBB
 2220 0024 2B3A5111 		.ascii	"+:Q\021P6\005\205\270\201\276@\334\340EA\022\300\236"
 2220      50360585 
 2220      B881BE40 
 2220      DCE04541 
 2220      12C09E
 2221 0037 AA6E5305 		.ascii	"\252nS\005\314\334\232y\020H\230\2443\3249\367\324\275"
 2221      CCDC9A79 
 2221      104898A4 
 2221      33D439F7 
 2221      D4BD
 2222 0049 7D73EB54 		.ascii	"}s\353T7s\243\326\373\367)\362\"\000\342W\257G\340_"
 2222      3773A3D6 
 2222      FBF729F2 
 2222      2200E257 
 2222      AF47E05F 
 2223 005d 5EFAF263 		.ascii	"^\372\362cD\3748\026\275\342\301C*\012\317\277\216\374"
 2223      44FC3816 
 2223      BDE2C143 
 2223      2A0ACFBF 
 2223      8EFC
 2224 006f 4FD22BB8 		.ascii	"O\322+\270\026I\217\230\365\010\237M\023^\010\216\023"
 2224      16498F98 
 2224      F5089F4D 
 2224      135E088E 
 2224      13
 2225 0080 364E5016 		.ascii	"6NP\026m\017\301=R\331EP\227K\271\314\263.\253Y\227"
 2225      6D0FC13D 
 2225      52D94550 
 2225      974BB9CC 
 2225      B32EAB59 
 2226 0095 185C0A40 		.ascii	"\030\\\012@\367\332\247X0\245\262t\023\326\315\320)"
 2226      F7DAA758 
 2226      30A5B274 
 2226      13D6CDD0 
 2226      29
 2227 00a6 DA2CF98E 		.ascii	"\332,\371\2168\337\221\312w\310\340!\203\351-\366w6"
 2227      38DF91CA 
 2227      77C8E021 
 2227      83E92DF6 
 2227      7736
 2228 00b8 12F59717 		.ascii	"\022\365\227\027\361\377(\360\257h\314\323\371@R\177"
 2228      F1FF28F0 
 2228      AF68CCD3 
 2228      F940527F 
 2229 00c8 247F1116 		.ascii	"$\177\021\026d\033\244\221\203r\202\032\202jx\313Nd"
 2229      641BA491 
 2229      8372821A 
 2229      826A78CB 
 2229      4E64
 2230 00da C223E031 		.ascii	"\302#\3401\202\241#\304\216H\365\020AC\026\365\004\261"
 2230      82A123C4 
 2230      8E48F510 
 2230      414316F5 
 2230      04B1
ARM GAS  /tmp/cc47EVn4.s 			page 48


 2231 00ec 13523D4A 		.ascii	"\023R=J\320\250E\275\311\364\246\332\234\015\0067<K"
 2231      D0A845BD 
 2231      C9F4A6DA 
 2231      9C0D0637 
 2231      3C4B
 2232 00fe 8675A6D7 		.ascii	"\206u\246\327U\2065\006\327L\031V\231^\015O\310=\310"
 2232      55863506 
 2232      D74C1956 
 2232      995E0D4F 
 2232      C83DC8
 2233 0111 13E3102F 		.ascii	"\023\343\020/2\275\250\246\237ap\306\224a\232\351i\225"
 2233      32BDA8A6 
 2233      9F6170C6 
 2233      94619AE9 
 2233      6995
 2234 0123 21C560CA 		.ascii	"!\305`\312\224a\227\351]\225a\213\301-G\006<\304)\307"
 2234      946197E9 
 2234      5D95618B 
 2234      C12D4706 
 2234      3CC429C7 
 2235 0137 738F87EF 		.ascii	"s\217\207\357\231\246/!\266D\352\023\004%,\352Jb+\245"
 2235      99A62F21 
 2235      B644EA13 
 2235      04252CEA 
 2235      4A622BA5 
 2236 014b BA94A052 		.ascii	"\272\224\240R\213:Nl\\\252\371~H\344\025\212\202*\314"
 2236      8B3A4E6C 
 2236      5CAAF97E 
 2236      48E4158A 
 2236      822ACC
 2237 015e BC077720 		.ascii	"\274\007w \014&HSAP\205e\021}\304\366\005\307\347\001"
 2237      0C264853 
 2237      41508565 
 2237      117DC4F6 
 2237      05C7E701 
 2238 0172 8457649E 		.ascii	"\204Wd\2363\205\223E\333OP\277C\371\034\252f0\015S\271"
 2238      33859345 
 2238      DB4F50BF 
 2238      43F91CAA 
 2238      66300D53 
 2239 0187 6006AA52 		.ascii	"`\006\252R0\013S\221\340\005\362\252\017\274\204*\015"
 2239      300B5391 
 2239      E005F2AA 
 2239      0FBC842A 
 2239      0D
 2240 0198 CCC15415 		.ascii	"\314\301T\025\230\207*\010,\300T\013x\006iEx\012\213"
 2240      98872A08 
 2240      2CC0540B 
 2240      78066945 
 2240      780A8B
 2241 01ab 896111AA 		.ascii	"\211a\021\252x\260\204\274\352\006\257\220C\311$\211"
 2241      78B084BC 
 2241      EA06AF90 
 2241      43C92489 
 2242 01bb 4D06D237 		.ascii	"M\006\3227\260\034x\274\206,4,\303Rdx\013Y\"X\225\345"
 2242      B01C78BC 
 2242      862C342C 
ARM GAS  /tmp/cc47EVn4.s 			page 49


 2242      C3526478 
 2242      0B592258 
 2243 01d1 1113E511 		.ascii	"\021\023\345\021s,y\201\351\205\360~?@\306\016q\025"
 2243      732C7981 
 2243      E985F07E 
 2243      3F40C60E 
 2243      7115
 2244 01e3 B15581F4 		.ascii	"\261U\201\364#D\350P\326\022[+\253\244\232\240j\213"
 2244      2344E850 
 2244      D6125B2B 
 2244      ABA49AA0 
 2244      6A8B
 2245 01f5 BA89D826 		.ascii	"\272\211\330&\251n$\250\321\242n \266!X\365\027\210"
 2245      A96E24A8 
 2245      D1A26E20 
 2245      B62158F5 
 2245      1788
 2246 0207 30B7BA1E 		.ascii	"0\267\272\036 h\300\241|\007Q\376\201\262\227\240^\313"
 2246      2068C0A1 
 2246      7C0751FE 
 2246      81B297A0 
 2246      5ECB
 2247 0219 6AC7881D 		.ascii	"j\307\210\035\013V\373\004\242\253;\224\303\304\016"
 2247      0B56FB04 
 2247      A2AB3B94 
 2247      C3C40E
 2248 0228 E75637F9 		.ascii	"\347V7\371\272\220:\354\346\263\177\254Jy\335;<|\307"
 2248      BA903AEC 
 2248      E6B37FAC 
 2248      4A79DD3B 
 2248      3C7CC7
 2249 023b 74040F98 		.ascii	"t\004\017\230>P\031\366\031\3347e\230gz>\274\343\257"
 2249      3E5019F6 
 2249      19DC3765 
 2249      98677A3E 
 2249      BCE3AF
 2250 024e 90B1DD07 		.ascii	"\220\261\335\007u\234Yw\227\307\205\217\263\271=\227"
 2250      759C5977 
 2250      97C7858F 
 2250      B3B93D97 
 2251 025e D4135B2F 		.ascii	"\324\023[/o\266\216\240:\213\272\214\330\262`\342\037"
 2251      6FB68EA0 
 2251      3A8BBA8C 
 2251      D8B260E2 
 2251      1F
 2252 026f 10A143B9 		.ascii	"\020\241C\271\315\364v\256v\372\036\312\022Uh\265D^"
 2252      CDF476AE 
 2252      76FA1ECA 
 2252      125568B5 
 2252      445E
 2253 0281 413141C5 		.ascii	"A1A\305\226\305v\022\333)\325\355\004\265[\324m\304"
 2253      96C57612 
 2253      DB29D5ED 
 2253      04B55BD4 
 2253      6DC4
 2254 0293 B6497533 		.ascii	"\266Iu3A\315\026u\021\261E\251\\\314\234\225sL\317\205"
 2254      41CD1675 
ARM GAS  /tmp/cc47EVn4.s 			page 50


 2254      11B145A9 
 2254      5CCC9C95 
 2254      734CCF85 
 2255 02a7 5BFC0B32 		.ascii	"[\374\0132\266w\254I\216\017]\272\254\035$\373R\313"
 2255      B677AC49 
 2255      8E0F5DBA 
 2255      AC1D24FB 
 2255      52CB
 2256 02b9 892D0F94 		.ascii	"\211-\017\224\277!B\363s\012gZ\341\341+\256\305\336"
 2256      BF2142F3 
 2256      730A675A 
 2256      E1E12BAE 
 2256      C5DE
 2257 02cb 6671F0FA 		.ascii	"fq\360\372\250\237\3542\253n\362\260\360}\025\2678\346"
 2257      A89FEC32 
 2257      AB6EF2B0 
 2257      F07D15B7 
 2257      38E6
 2258 02dd 77D5B8E8 		.ascii	"w\325\270\350\222\361\3149tC47H\335\015\255\315\021"
 2258      92F1CC39 
 2258      74433437 
 2258      48DD0DAD 
 2258      CD11
 2259 02ef 9F201BA3 		.ascii	"\237 \033\243\321Fy+[\210m\011\224\237ai\210\272\373"
 2259      D146792B 
 2259      5B886D09 
 2259      949F6169 
 2259      88BAFB
 2260 0302 999BE199 		.ascii	"\231\233\341\2316\011l\302\324\037\216\031\371\2715"
 2260      36096CC2 
 2260      D41F8E19 
 2260      F9B935
 2261 0311 767C8334 		.ascii	"v|\2034u|\207\305\320\265{[\315\034?qv>\216m\330=\274"
 2261      757C87C5 
 2261      D0B57B5B 
 2261      CD1C3F71 
 2261      763E8E6D 
 2262 0328 83D80EE9 		.ascii	"\203\330\016\351\025\255\004\265:\346\334\201t\177\035"
 2262      15AD04B5 
 2262      3AE6DC81 
 2262      747F1D
 2263 0337 665669B3 		.ascii	"fVi\263=\247\346\253\2356_\343\305.\316\314s\023\302"
 2263      3DA7E6AB 
 2263      9D365FE3 
 2263      C52ECECC 
 2263      7313C2
 2264 034a 731317DA 		.ascii	"s\023\027\332s\261\207K\277\325\272?\2205\213}\230\352"
 2264      73B1874B 
 2264      BFD5BA3F 
 2264      90358B7D 
 2264      98EA
 2265 035c F5D2A54F 		.ascii	"\365\322\245O\252.\200K_\020\237\375\277\216\231\237"
 2265      AA2E804B 
 2265      5F109FFD 
 2265      BF8E999F 
 2266 036c ABDFE761 		.ascii	"\253\337\347a\341/\023\372?\215\336_\240\240\352*"
 2266      E12F13FA 
ARM GAS  /tmp/cc47EVn4.s 			page 51


 2266      3F8DDE5F 
 2266      A0A0EA2A 
 2267              		.text
 2268              		.section	.gnu.lto_.pureconst.d8b29fb7f91c9a9d,"e",%progbits
 2269 0000 789C05C1 		.ascii	"x\234\005\301\211\001\000 \010\003\261*\347\303\016"
 2269      89010020 
 2269      0803B12A 
 2269      E7C30E
 2270 000f 8E0B4B74 		.ascii	"\216\013KtZ\223')\325\214b\026\321`\226\331\346\230"
 2270      5A932729 
 2270      D58C6216 
 2270      D16096D9 
 2270      E698
 2271 0021 6B3E4C6B 		.ascii	"k>Lk\005\202"
 2271      0582
 2272              		.text
 2273              		.section	.gnu.lto_.lto.d8b29fb7f91c9a9d,"e",%progbits
 2274 0000 09000400 		.ascii	"\011\000\004\000\001\000\000\000"
 2274      01000000 
 2275              		.text
 2276              		.section	.gnu.lto__mmcsd_get_slice.432.d8b29fb7f91c9a9d,"e",%progbits
 2277 0000 789C5D94 		.ascii	"x\234]\224kHTA\024\307\347\334\231\273\253f>\322]{\030"
 2277      6B485441 
 2277      14C7E7DC 
 2277      99BBAB66 
 2277      3ED25D7B 
 2278 0015 59105141 		.ascii	"Y\020QA\333\023\372\030\025\321\207\240\250\354\253"
 2278      DB13FA18 
 2278      15D187A0 
 2278      A8ECAB
 2279 0024 ACBB1B2E 		.ascii	"\254\273\033.\266n\271\033\324\207\360\252u-#l\255$"
 2279      B66EB91B 
 2279      D487F0AA 
 2279      752D236C 
 2279      AD24
 2280 0036 C3AC6E12 		.ascii	"\303\254n\022}\210\262,\264\227niB\364\300\202>U\220"
 2280      7D88B22C 
 2280      B4976E69 
 2280      42F4C082 
 2280      3E5590
 2281 0049 91F4A032 		.ascii	"\221\364\2402\002!\304\334\316\231Y\257\233\013;w\316"
 2281      0221C4DC 
 2281      CE9959AF 
 2281      9B0B3B77 
 2281      CE
 2282 005a 7F7EF73F 		.ascii	"\177~\367?\347\314\234\335a\301\330\031\306\330.\374"
 2282      E7CC9CDD 
 2282      61C1D819 
 2282      C6D82EFC 
 2283 006a 82834163 		.ascii	"\202\203Ac\254^c\206a\254sjZm\354\270\006O\340\373\345"
 2283      AC5E6386 
 2283      61AC736A 
 2283      5A6DECB8 
 2283      064FE0FB 
 2284 007f 4197381C 		.ascii	"A\2278\034\313:\375\256u\211\340p&V\377\271\371\026"
 2284      CB3AFDAE 
 2284      7589E070 
ARM GAS  /tmp/cc47EVn4.s 			page 52


 2284      2656FFB9 
 2284      F916
 2285 0091 48465094 		.ascii	"HFP\224h>\247\"\035\252\355\267\201Ui\\\350P\005\247"
 2285      683EA722 
 2285      1DAAEDB7 
 2285      8155695C 
 2285      E85005A7 
 2286 00a5 780B8746 		.ascii	"x\013\207F\336\306\031\210\344\014\240hq\3340\376\034"
 2286      DEC61988 
 2286      E40CA068 
 2286      71DC30FE 
 2286      1C
 2287 00b6 39F57775 		.ascii	"9\365wu\313\325\270h\343\032k\305\365;\000\267\001\023"
 2287      CBD5B868 
 2287      E31A6BC5 
 2287      F53B00B7 
 2287      0113
 2288 00c8 61C8F16D 		.ascii	"a\310\361ml\0212\003o\273\014#\235\265q\016\235\220"
 2288      6C113203 
 2288      6FBB0C23 
 2288      9DB5710E 
 2288      9D90
 2289 00da C2A0507C 		.ascii	"\302\240P|\321M\\\271\344~\215\237\335\267\031}\340"
 2289      D14D5CB9 
 2289      E47E8D9F 
 2289      DDB7197D 
 2289      E0
 2290 00eb EEFF9456 		.ascii	"\356\377\224V|MRaI\265'\222n\032\334\237\312u\271\325"
 2290      7C4D5261 
 2290      49B52792 
 2290      6E1ADC9F 
 2290      CA75B9D5 
 2291 00ff BEFB695C 		.ascii	"\276\373i\\H\226\307j\353\262NV\247\021\375\020\376"
 2291      4896C76A 
 2291      EBB24E56 
 2291      A711FD10 
 2291      FE
 2292 0110 CBAFF88B 		.ascii	"\313\257\370\2134=d\243G{\033\024*\240g\012\372N\242"
 2292      343D64A3 
 2292      477B1B14 
 2292      2AA0670A 
 2292      FA4EA2
 2293 0123 264CB003 		.ascii	"&L\260\003\327)\207\"B\037MA\007$zb\022m\261\321\336"
 2293      D7298722 
 2293      421F4D41 
 2293      07247A62 
 2293      126DB1D1 
 2294 0138 29689F1B 		.ascii	")h\237\033/\253\017\3401@\034\240\033\350\374\350\012"
 2294      2FAB0FE0 
 2294      31401CA0 
 2294      1BE8FCE8 
 2294      0A
 2295 0149 1913A9F2 		.ascii	"\031\023\251\362\215\327z\334\030K4\030F\242\023\206"
 2295      8DD77ADC 
 2295      184B3418 
 2295      46A21386 
 2296 0159 5E6D9A0B 		.ascii	"^m\232\013\000\367@c\010\240]7\010*]\007x\000\322\316"
ARM GAS  /tmp/cc47EVn4.s 			page 53


 2296      00F74063 
 2296      08A05D37 
 2296      082A5D07 
 2296      7800D2CE 
 2297 016d C9F0B534 		.ascii	"\311\360\2654\324t:$=\203\206i8\210L:\360\351\024f\321"
 2297      D4743A24 
 2297      3D838669 
 2297      38884C3A 
 2297      F0E91466 
 2298 0182 904D5A0E 		.ascii	"\220MZ\016i\271\024\316\240!\217\264|\232\271h\346\246"
 2298      69B914CE 
 2298      A0218FB4 
 2298      7C9AB968 
 2298      E6A6
 2299 0194 D5020A67 		.ascii	"\325\002\012g\3220\013\240\013\346\320n\20540\326\300"
 2299      D2300BA0 
 2299      0BE6D06E 
 2299      853430D6 
 2299      C0
 2300 01a5 A9510C01 		.ascii	"\251Q\014\001F\234\261\223\\SA5\006\337\300\370\030"
 2300      469CB193 
 2300      5C534135 
 2300      06DFC0F8 
 2300      18
 2301 01b6 EB4FC7CE 		.ascii	"\353O\307\316\223\323F\207|4\311\307\002{\370x\316\301"
 2301      93D34687 
 2301      7C34C9C7 
 2301      027BF878 
 2301      CEC1
 2302 01c8 7E42ED98 		.ascii	"~B\355\2309\004\026wX\\\247\306r\200\216k5EX\012\212"
 2302      39041677 
 2302      585CA7C6 
 2302      72808E6B 
 2302      3545580A 
 2303 01dd 123BDF0F 		.ascii	"\022;\337\017\3045\325\021\347Lr\002\346).N\242\344"
 2303      C435D511 
 2303      E74C7202 
 2303      E6292E4E 
 2303      A2E4
 2304 01ef 2E284EF9 		.ascii	".(N\371i\026\366h?(\3461\011\222\2719\341\365CX<\315"
 2304      6916F668 
 2304      3F28E631 
 2304      0992B939 
 2304      E1F54358 
 2305 0205 52CDACA3 		.ascii	"R\315\254\243\027\212-\346\220n\361t\324\225(\311Qs"
 2305      178A2DE6 
 2305      906EF174 
 2305      D49528C9 
 2305      5173
 2306 0217 885B3C03 		.ascii	"\210[<\003\236\242Ez\222\302)i\212J\340'[m\323M\013"
 2306      9EA2457A 
 2306      92C22969 
 2306      8A4AE027 
 2306      5B6DD34D 
 2307 022c 729B4EDC 		.ascii	"r\233N\334\346+\034~\337;[f\342\240\213\305#\342\037"
 2307      E62B1C7E 
 2307      DF3B5B66 
ARM GAS  /tmp/cc47EVn4.s 			page 54


 2307      E2A08BC5 
 2307      23E21F
 2308 023f 5AEBAF83 		.ascii	"Z\353\257\203}Dw\3735rl7_ 3\0151U\230 \361\226\211f"
 2308      7D4477FB 
 2308      35726C37 
 2308      5F20330D 
 2308      31559820 
 2309 0257 99169F85 		.ascii	"\231\026\237\205+\030\327\234=\216\361\364\344\257\217"
 2309      2B18D79C 
 2309      3D8EF1F4 
 2309      E4AF8F
 2310 0266 03BB423F 		.ascii	"\003\273B?X\354V<\217Lx\216M\243*\307\274\262\220\243"
 2310      58EC563C 
 2310      8F4C788E 
 2310      4DA32AC7 
 2310      BCB290A3 
 2311 027a 2391CEC3 		.ascii	"#\221\316\303\315;-\236\215I\3003\260ms\244m\266m\233"
 2311      CD3B2D9E 
 2311      8D49C033 
 2311      B06D73A4 
 2311      6DB66D9B 
 2312 028e 9B629633 		.ascii	"\233b\2263a\326T\367\036\315f\310RsIh5G\360x\362T\216"
 2312      61D654F7 
 2312      1ECD66C8 
 2312      52734968 
 2312      3547F078 
 2313 02a5 45C91D46 		.ascii	"E\311\035F\315\021<\310|\011\346\221\320XG\177-\026"
 2313      CD113CC8 
 2313      7C09E691 
 2313      D058477F 
 2313      2D16
 2314 02b7 2F9489E4 		.ascii	"/\224\211\344\313\262\305\245\301\221W\232]v\217\272"
 2314      CBB2C5A5 
 2314      C191579A 
 2314      5D768FBA 
 2315 02c7 8376F32F 		.ascii	"\203v\363/r.,;57\267\314\315e\347V\220\222\233{2\267"
 2315      722E2C3B 
 2315      3537B7CC 
 2315      CD65E756 
 2315      90929B7B 
 2316 02dd 3798D54C 		.ascii	"7\230\325L\231[\201\252\234\356s\216\324\234rO}\262"
 2316      995B81AA 
 2316      9CEE738E 
 2316      D49C724F 
 2316      7DB2
 2317 02ef 1B7F43CD 		.ascii	"\033\177C\315:fq\374\233d\243\200X!\177\331\361)\003"
 2317      3A6671FC 
 2317      9B64A380 
 2317      58217FD9 
 2317      F12903
 2318 0302 9B13DF10 		.ascii	"\233\023\337\020\343\035\2675\354d\230\354d\306\346"
 2318      E31DB735 
 2318      EC6498EC 
 2318      64C6E6
 2319 0311 7BCAC2A1 		.ascii	"{\312\302\241\200'\350\255\360l\014\373\366\207\002"
 2319      8027E8AD 
 2319      F06C0CFB 
ARM GAS  /tmp/cc47EVn4.s 			page 55


 2319      F68702
 2320 0320 15D18867 		.ascii	"\025\321\210g\375\266\355[JJ\275{\274\025\276\000[\032"
 2320      FDB6ED5B 
 2320      4A4ABD7B 
 2320      BC15BE00 
 2320      5B1A
 2321 0332 2D0B56FA 		.ascii	"-\013V\372K\366z+\243\007=\033\312\202\245\301\255;"
 2321      4BF67A2B 
 2321      A3073D1B 
 2321      CA82A5C1 
 2321      AD3B
 2322 0344 3CE188A7 		.ascii	"<\341\210\247\314\273\307\023\251\364\321\263$\024\362"
 2322      CCBBC713 
 2322      A9F4D1B3 
 2322      2414F2
 2323 0353 45FCCB7C 		.ascii	"E\374\313|L\370\275Q\257+EY\266\"P\272|\325\232\265"
 2323      4CF8BD51 
 2323      AF2B4559 
 2323      B62250BA 
 2323      7CD59AB5 
 2324 0367 2B190F54 		.ascii	"+\031\017T\370\365H\024]\2348\013y#\345i2\012\357\336"
 2324      F8F54814 
 2324      5D9C380B 
 2324      7923E569 
 2324      320AEFDE 
 2325 037b ED4021E8 		.ascii	"\355@!\350?\240b\234\374\003G\373\304\362"
 2325      3FA0629C 
 2325      FC0347FB 
 2325      C4F2
 2326              		.text
 2327              		.section	.gnu.lto__mmcsd_get_capacity.433.d8b29fb7f91c9a9d,"e",%progbits
 2328 0000 789C7D92 		.ascii	"x\234}\222KhSQ\020\206g\316\334W\\\270\020\002\202\233"
 2328      4B685351 
 2328      108667CE 
 2328      DC575CB8 
 2328      1002829B 
 2329 0014 AA8814A1 		.ascii	"\252\210\024\241\267*\242\313\242.\005\213\026\\\270"
 2329      B72AA2CB 
 2329      A22E058B 
 2329      165CB8
 2330 0023 28491A48 		.ascii	"(I\032H\244I\244\251\213\256zB\037\213,l\332\252t\021"
 2330      A449A4A9 
 2330      8BAE7A42 
 2330      1F8B2C6C 
 2330      DAAA7411 
 2331 0037 6B095948 		.ascii	"k\011YH]XDi\325>\002\245\255\342\246\250\025\\\370\240"
 2331      5D584469 
 2331      D53E02A5 
 2331      ADE2A6A8 
 2331      155CF8A0 
 2332 004b 1BC1472D 		.ascii	"\033\301G-\202\240E\2153\367\246i\012\342\205\314\234"
 2332      82A0458D 
 2332      33F7A669 
 2332      0AE285CC 
 2332      9C
 2333 005c 3BF7FBE7 		.ascii	";\367\373\347\234\371O\352\011 \005\000\027\370\207"
 2333      9CF94FEA 
ARM GAS  /tmp/cc47EVn4.s 			page 56


 2333      09200500 
 2333      17F887
 2334 006b 16E0D060 		.ascii	"\026\340\320`V\201\326\272\311V\3247\270\343\316\312"
 2334      5681D6BA 
 2334      C956D437 
 2334      B8E3CECA 
 2335 007b 78D0EAA9 		.ascii	"x\320\352\251\344\336J&\014z\204\201\327\007\263\357"
 2335      E4DE4A26 
 2335      0C7A8481 
 2335      D707B3EF 
 2336 008b 6EBE3470 		.ascii	"n\2764p\016\275\202\211\231\252\034\241[\221ab7\016"
 2336      0EBD8289 
 2336      99AA1CA1 
 2336      5B916162 
 2336      370E
 2337 009d 539E7088 		.ascii	"S\236p\210\212\004hTV\210u\365%\255\177\364\015\317"
 2337      8A046854 
 2337      568875F5 
 2337      25AD7FF4 
 2337      0DCF
 2338 00af CC5BF9DB 		.ascii	"\314[\371\333%\243H\012F\031x\200x\037\371(\300 5\303"
 2338      25A3480A 
 2338      46197880 
 2338      781FF928 
 2338      C02035C3 
 2339 00c3 418696DF 		.ascii	"A\206\226\337Ni\035\200\"\021N\342\026\203S\310\245"
 2339      4E691D80 
 2339      22114EE2 
 2339      168353C8 
 2339      A5
 2340 00d4 96A5A0CF 		.ascii	"\226\245\240\317^\222x\200\361\365\331\371\354\316\\"
 2340      5E927880 
 2340      F1F5D9F9 
 2340      ECCE5C
 2341 00e3 C6E18EF8 		.ascii	"\306\341\216\370\260\226\177\304}[>\004\005n\337\204"
 2341      B0967FC4 
 2341      7D5B3E04 
 2341      056EDF84 
 2342 00f3 976F49EF 		.ascii	"\227oI\357:a\037\327\262\323\302\276\361\330d\225\315"
 2342      3A611FD7 
 2342      B2D3C2BE 
 2342      F1D86495 
 2342      CD
 2343 0104 57D9995A 		.ascii	"W\331\231ZvV\330\027AKV,\224}\344\353\034\227e\222\273"
 2343      7656D817 
 2343      414B562C 
 2343      947DE4EB 
 2343      1C976592 
 2344 0119 CFCD92FE 		.ascii	"\317\315\222\376U\036\320\372\353\236O\323\033N\000"
 2344      551ED0FA 
 2344      EB9E4FD3 
 2344      1B4E00
 2345 0128 7914A538 		.ascii	"y\024\2458\030\206\004S\202%\301F\236\311\221\257\000"
 2345      18860453 
 2345      8225C146 
 2345      9EC991AF 
 2345      00
ARM GAS  /tmp/cc47EVn4.s 			page 57


 2346 0139 03043FCB 		.ascii	"\003\004?\313\3452\241.\001\344H\371/\031~\371\210z"
 2346      E532A12E 
 2346      01E448F9 
 2346      2F197EF9 
 2346      887A
 2347 014b F5F76240 		.ascii	"\365\367b@\372\3132gK\332W\015\253\327lX\307\376\261"
 2347      FACB3267 
 2347      4BDA570D 
 2347      ABD76C58 
 2347      C7FEB1
 2348 015e E305327A 		.ascii	"\343\0052zQ\025\311\034%>F\201l\361]a\031\374\374\207"
 2348      5115C91C 
 2348      253E4681 
 2348      6CF15D61 
 2348      19FCFC87 
 2349 0172 F7B1E00B 		.ascii	"\367\261\340\013\366\216\331L\362\210\373\265<YV\330"
 2349      F68ED94C 
 2349      F288FBB5 
 2349      3C5956D8 
 2350 0182 727EFF19 		.ascii	"r~\377\031\301\214\326#k(E\300y\364\274\026r\342Y\017"
 2350      C18CD623 
 2350      6B2845C0 
 2350      79F4BC16 
 2350      72E2590F 
 2351 0196 B3B00DAE 		.ascii	"\263\260\015\256\334\255B_\3067`\343\"\033\264\260)"
 2351      DCAD425F 
 2351      C63760E3 
 2351      221BB4B0 
 2351      29
 2352 01a7 1BD313AF 		.ascii	"\033\323\023\257\377#\303-\331S\226=\361\376\007<<\275"
 2352      FF23C32D 
 2352      D953963D 
 2352      F1FE073C 
 2352      3CBD
 2353 01b9 1A5F1947 		.ascii	"\032_\031Go\370\317\230y\177\303\226\216\353h\024Hy"
 2353      6FF8CF98 
 2353      797FC396 
 2353      8EEB6814 
 2353      4879
 2354 01cb 133AA3E2 		.ascii	"\023:\243\342\030OX\244\200'0\266\013\356\331\322K\274"
 2354      184F58A4 
 2354      802730B6 
 2354      0BEED9D2 
 2354      4BBC
 2355 01dd 995C529E 		.ascii	"\231\\R\2369\027\013d\376\313\234\205\2129\215\342\315"
 2355      39170B64 
 2355      FECB9C85 
 2355      8A398DE2 
 2355      CD
 2356 01ee 1AF6E4FB 		.ascii	"\032\366\344\373\277\357.\220\305\264\324\015D)N\364"
 2356      BFEF2E90 
 2356      C5B4D40D 
 2356      44294EF4 
 2357 01fe AFA80239 		.ascii	"\257\250\0029\\\367\213\332\36165\305>cs\323&\317\255"
 2357      5CF78BDA 
 2357      F13635C5 
 2357      3E6373D3 
ARM GAS  /tmp/cc47EVn4.s 			page 58


 2357      26CFAD
 2358 0211 6FC8A48C 		.ascii	"o\310\244\214\261\201\310\247%\336\3111v\361\325\261"
 2358      B181C8A7 
 2358      25DEC931 
 2358      76F1D5B1 
 2359 0221 2FEAEA4C 		.ascii	"/\352\352L\214\257\031}\231\\3\300^7\226JD\335x(\351"
 2359      8CAF197D 
 2359      995C33C0 
 2359      5E37964A 
 2359      44DD7828 
 2360 0236 9E4E45AE 		.ascii	"\236NE\256$\242\311\316\264{\262\371\334\231\326p\250"
 2360      24A2C9CE 
 2360      B47BB2F9 
 2360      DC99D670 
 2360      A8
 2361 0247 3D948C44 		.ascii	"=\224\214D\341Pg,\336\321\326z9\324\321\331\345\236"
 2361      E150672C 
 2361      DED1D67A 
 2361      39D4D1D9 
 2361      E59E
 2362 0259 8AC5C3F1 		.ascii	"\212\305\303\361\263\347\335T\332\215\205\332\335tG"
 2362      B3E7DD54 
 2362      DA8D85DA 
 2362      DD7447
 2363 0268 44726B22 		.ascii	"Drk\"\021I\2675D\2008\005k\012\015\207\243\341\306\243"
 2363      1149B735 
 2363      44803805 
 2363      6B0A0D87 
 2363      A3E1C6A3 
 2364 027c C74E1C01 		.ascii	"\307N\034\001\214`\030C\177\001[\303 ."
 2364      8C601843 
 2364      7F015BC3 
 2364      202E
 2365              		.text
 2366              		.section	.gnu.lto__mmcsd_get_capacity_ext.434.d8b29fb7f91c9a9d,"e",%progbits
 2367 0000 789C5591 		.ascii	"x\234U\221Kh\023Q\024\206\317\2313\223I\322\246\215"
 2367      4B681351 
 2367      1486CF99 
 2367      339349D2 
 2367      A68D
 2368 0012 8B82CB2A 		.ascii	"\213\202\313*X\021\241\343\003\301\245\250K\301\242"
 2368      5811A1E3 
 2368      03C1A5A8 
 2368      4BC1A2
 2369 0021 9BEEE264 		.ascii	"\233\356\342d:\220@'\221$J]\365\266b\205\252\304\246"
 2369      3A904027 
 2369      91244A5D 
 2369      F5B66285 
 2369      AAC4A6
 2370 0034 1B17C1C5 		.ascii	"\033\027\301\305\020dvnR\254\2020\320\205\313\212\030"
 2370      1064766E 
 2370      52AC8230 
 2370      D085CB8A 
 2370      18
 2371 0045 B3924041 		.ascii	"\263\222@A\212.\\\270\022\251\324sfl\036\213\373\337"
 2371      8A2E5CB8 
 2371      12A9D473 
ARM GAS  /tmp/cc47EVn4.s 			page 59


 2371      666C1E8B 
 2371      FBDF
 2372 0057 73FEF9EF 		.ascii	"s\376\371\3577\367qG\003\360\000`\206\007\022`cc]\003"
 2372      37F77147 
 2372      03F00060 
 2372      86071260 
 2372      63635D03 
 2373 006b A5D41553 		.ascii	"\245\324\025S\303\225\215\365^\3206\360-F\006\302\262"
 2373      C3958DF5 
 2373      5ED036F0 
 2373      2D4606C2 
 2373      B2
 2374 007c 86CBB849 		.ascii	"\206\313\270IM\302\006\2658\254\377\257\020\247\317"
 2374      4DC206B5 
 2374      38ACFFAF 
 2374      10A7CF
 2375 008b 844AFD7E 		.ascii	"\204J\375~\264\371w'\321\014B\275E\032\274\344\300\026"
 2375      B4F97727 
 2375      D10C42BD 
 2375      451ABCE4 
 2375      C016
 2376 009d 621B990C 		.ascii	"b\033\231\014\034\24498\315\241\217\337\267\225JA\213"
 2376      1CA43938 
 2376      CDA18FDF 
 2376      B7954A41 
 2376      8B
 2377 00ae 08DFE050 		.ascii	"\010\337\340P\206\215\371\247S\000\011\220\225\262\033"
 2377      868DF9A7 
 2377      53000990 
 2377      95B21B
 2378 00bd 1EAF3F19 		.ascii	"\036\257?\031\241:8\254+\325\331\307g\247\216!\3426"
 2378      A13A38AC 
 2378      2BD5D9C7 
 2378      67A78E21 
 2378      E236
 2379 00cf EF92F13A 		.ascii	"\357\222\361:\213n\260\030\011\021S\332\244T\2026\322"
 2379      8B6EB018 
 2379      091153DA 
 2379      A4548236 
 2379      D2
 2380 00e0 2263E28D 		.ascii	"\"c\342\215K\225\021\231\020\231\024/+\025@\235\344"
 2380      4B951199 
 2380      1099142F 
 2380      2B15409D 
 2380      E4
 2381 00f1 A04A4715 		.ascii	"\240JG\025\002<'-nV\270\371\201j\357\360\003\312|\262"
 2381      023C272D 
 2381      6E56B8F9 
 2381      816AEFF0 
 2381      03CA7CB2 
 2382 0105 2F7B8D34 		.ascii	"/{\2154\374\304\325\027O\276\221OG''\354\342+\271\236"
 2382      FCC4D517 
 2382      4FBE914F 
 2382      472727EC 
 2382      E22BB99E 
 2383 0119 648B123E 		.ascii	"d\213\022>_\304;\3366\247\016\036\177E\237\014\016r"
 2383      5FC43BDE 
ARM GAS  /tmp/cc47EVn4.s 			page 60


 2383      36A70E1E 
 2383      7F459F0C 
 2383      0E72
 2384 012b F7F0CF5A 		.ascii	"\367\360\317ZG\367\345\273!kL<\036\203\272\301\222O"
 2384      47F7E5BB 
 2384      216B4C3C 
 2384      1E83BAC1 
 2384      924F
 2385 013d 669FF465 		.ascii	"f\237\364e\224\364~\230\224\344\340\200\224b#&e\305"
 2385      94F47E98 
 2385      94E4E080 
 2385      94622326 
 2385      65C5
 2386 014f 6CAEED06 		.ascii	"l\256\355\006m\016\245\243\177\244bxO\340c}xg\024\036"
 2386      6D0EA5A3 
 2386      7FA46278 
 2386      4FE0637D 
 2386      7867141E 
 2387 0163 0EC3C739 		.ascii	"\016\303\30798\200g\330\210\341\311\030\336\215\340"
 2387      388067D8 
 2387      88E1C918 
 2387      DE8DE0
 2388 0172 13113F13 		.ascii	"\023\021?\023\303\367\203\373>M\366\341\237G\341;G\360"
 2388      C3F783FB 
 2388      3E4DF6E1 
 2388      9F47E13B 
 2388      47F0
 2389 0184 0EAFCB72 		.ascii	"\016\257\313r0\346\364\"\016E\250,\374\302\325i\356"
 2389      30E6F422 
 2389      0E45A82C 
 2389      FCC2D569 
 2389      EE
 2390 0195 E4A5EB84 		.ascii	"\344\245\353\204\203\207\0008a\025\312\236k\025\355"
 2390      83870038 
 2390      6115CA9E 
 2390      6B15ED
 2391 01a4 9275BDEC 		.ascii	"\222u\275\354\334\363\334R\255j]\235\273u#\227\267\027"
 2391      DCF3DC52 
 2391      AD6A5D9D 
 2391      BB752397 
 2391      B717
 2392 01b6 ED92E3C2 		.ascii	"\355\222\343\302\331Z\241XY\310\335\265+\265\007\326"
 2392      D95AA158 
 2392      59C8DDB5 
 2392      2BB507D6 
 2393 01c6 B542315F 		.ascii	"\265B1_\274y\333*W\255\202\275hU+\216\3149\317s\252"
 2393      BC79DB2A 
 2393      57AD82BD 
 2393      68552B8E 
 2393      CC39CF73 
 2394 01db 0BB30E98 		.ascii	"\013\263\016\230\356R-\307\345\324\2209{\336\315\237"
 2394      EE522DC7 
 2394      E5D49039 
 2394      7BDECD9F 
 2395 01eb BB78E9F2 		.ascii	"\273x\351\362\005\370\007\004\305\343\247"
 2395      05F80704 
 2395      C5E3A7
ARM GAS  /tmp/cc47EVn4.s 			page 61


 2396              		.text
 2397              		.section	.gnu.lto__mmcsd_unpack_sdc_cid.435.d8b29fb7f91c9a9d,"e",%progbits
 2398 0000 789C8D96 		.ascii	"x\234\215\226[hTW\024\206\367\177\366\334g2\223d&&1"
 2398      5B685457 
 2398      1486F77F 
 2398      F6DC6732 
 2398      93642626 
 2399 0015 2678A114 		.ascii	"&x\241\024/8\321R*\264\245\245\355[\005E\311s\230L\002"
 2399      2F38D152 
 2399      2AB4A5A5 
 2399      ED5B0545 
 2399      C973984C 
 2400 002a 196A12C9 		.ascii	"\031j\022\311\304\007\037\212;iba^\222\230\226\322\022"
 2400      C4071F8A 
 2400      3B696261 
 2400      5E929896 
 2400      D212
 2401 003c AD0C4349 		.ascii	"\255\014CI\237|\220V[o\363\342\205Vhj\253-\0251\006"
 2401      9F7C9056 
 2401      5B6FF3E2 
 2401      8556686A 
 2401      AB2D1531 
 2402 0051 C4205E82 		.ascii	"\304 ^\202VL\275\220\256\265\317\251g\316x\25430{\255"
 2402      564CBD90 
 2402      AEB5CFA9 
 2402      67CE78AC 
 2402      33307BAD 
 2403 0065 BDCF9AF5 		.ascii	"\275\317\232\365}\263\367\234\223\264\006\204\330%\204"
 2403      7DB3F79C 
 2403      93B40684 
 2403      D82584
 2404 0074 58456F48 		.ascii	"XEoH\201}\3439C(\245\336\365\033\030\034\317\005q\002"
 2404      817DE339 
 2404      4328A5DE 
 2404      F51B181C 
 2404      CF057102 
 2405 0088 7A06B1C7 		.ascii	"z\006\261\307\300\036L\310\3254]\030\231\370\3724\324"
 2405      C01E4CC8 
 2405      D5345D18 
 2405      99F8FA34 
 2405      D4
 2406 0099 54110529 		.ascii	"T\021\005)\304\001z\353\327\244\304>Y\220\200\307\312"
 2406      C4017AEB 
 2406      D7A4C43E 
 2406      599080C7 
 2406      CA
 2407 00aa 0C2CA74C 		.ascii	"\014,\247Ln\025\257\026\225\232\276uT\251\240(H\211"
 2407      6E15AF16 
 2407      959ABE75 
 2407      54A9A028 
 2407      4889
 2408 00bc 23A0CFE0 		.ascii	"#\240\317\340{\340;\010^h;\227\340\272\217t\335\374"
 2408      7BE03B08 
 2408      5E683B97 
 2408      E0BA8F74 
 2408      DDFC
 2409 00ce D4C857D1 		.ascii	"\324\310W\3211\352\354\301\017\316:O\333\357\011M\221"
ARM GAS  /tmp/cc47EVn4.s 			page 62


 2409      31EAECC1 
 2409      0FCE3A4F 
 2409      DBEF094D 
 2409      91
 2410 00df FD3CBEC2 		.ascii	"\375<\276\302\305\337^\317E\307\006\003\005\351\305"
 2410      C5DF5ECF 
 2410      45C70603 
 2410      05E9C5
 2411 00ee B1D26A21 		.ascii	"\261\322j!\332f\022>\201\343\260\374h\0154;t\301[TO"
 2411      DA66123E 
 2411      81E3B0FC 
 2411      680D343B 
 2411      74C15B54 
 2412 0103 1647953A 		.ascii	"\026G\225:\273fa\362pp\035\200\2430\270\320\003\374"
 2412      BB6661F2 
 2412      70701D80 
 2412      A330B8D0 
 2412      03FC
 2413 0115 082F717C 		.ascii	"\010/q|>\032\374~\316\0024\004X:\020\342i\230/D8\253"
 2413      3E1AFC7E 
 2413      CE023404 
 2413      583A10E2 
 2413      69982F44 
 2414 012b E22CCA59 		.ascii	"\342,\312Y\214\257VsVCC\260\226\2638g\011\316\3528["
 2414      8CAF5673 
 2414      564343B0 
 2414      96B33867 
 2414      09CEEA38 
 2415 0140 C2593D67 		.ascii	"\302Y=g\015\2345r\266\224\263&\356\262\214\263f\316"
 2415      0D9C3572 
 2415      B694B326 
 2415      EEB28CB3 
 2415      66CE
 2416 0152 5A381362 		.ascii	"Z8\023bT\362\011(\017TQ\2101i\230\223A\232\334\204\232"
 2416      54F20928 
 2416      0F545188 
 2416      31699893 
 2416      419ADC84 
 2417 0167 FDED27E8 		.ascii	"\375\355'\350x)\304a\345\263a\366\257\220\270\203\241"
 2417      7829C461 
 2417      E5B361F6 
 2417      AF90B883 
 2417      A1
 2418 0178 CF726FE7 		.ascii	"\317ro\347\245a\035\200\004o\3247|\204s\321\202\014"
 2418      A5611D80 
 2418      046FD437 
 2418      7C8473D1 
 2418      820C
 2419 018a E5E9704E 		.ascii	"\345\351pN\352\265\326a\245h\327\3028\205\375\274?\303"
 2419      EAB5D661 
 2419      A568D7C2 
 2419      3885FDBC 
 2419      3FC3
 2420 019c A085B948 		.ascii	"\240\205\271HAFP\004\203\206\016\306hO\250\225\356}"
 2420      41465004 
 2420      83860EC6 
 2420      684FA895 
ARM GAS  /tmp/cc47EVn4.s 			page 63


 2420      EE7D
 2421 01ae 85A0F3D8 		.ascii	"\205\240\363\330{\360\343\274\364\016\303(\310\252\003"
 2421      7BF0E3BC 
 2421      F40EC328 
 2421      C8AA03
 2422 01bd D45BD065 		.ascii	"\324[\320e\306D\3417\003\235Z\214%\236|z\335\310K\037"
 2422      C644E137 
 2422      039D5A8C 
 2422      259E7C7A 
 2422      DDC84B1F 
 2423 01d1 15F36C3E 		.ascii	"\025\363l>w\361?!O\211\020\301\252\363\264r\032\242"
 2423      77F13F21 
 2423      4F8910C1 
 2423      AAF3B472 
 2423      1AA2
 2424 01e3 55699B1A 		.ascii	"Ui\233\032\234!\033\335\327\247\261Wm\254\337\015\033"
 2424      9C211BDD 
 2424      D7A7B157 
 2424      6DACDF0D 
 2424      1B
 2425 01f4 3743C481 		.ascii	"7C\304\201\015P1\315>\231\334\373\2641/\203\264\300"
 2425      0D5031CD 
 2425      3E99DCFB 
 2425      B4312F83 
 2425      B4C0
 2426 0206 55B5988E 		.ascii	"U\265\230\216\225\310\274H\241\026\347I\301`FP+\334"
 2426      95C8BC48 
 2426      A116E749 
 2426      C1604650 
 2426      2BDC
 2427 0218 B715426E 		.ascii	"\267\025Bn\012a3\004\034\012a*\256\000V\203_\011&\271"
 2427      0A613304 
 2427      1C0A612A 
 2427      AE005683 
 2427      5F0926B9 
 2428 022c 5B58C31E 		.ascii	"[X\303\036\330\260\210\033lQ\230qA8pUT^\021\356\022"
 2428      D8B0881B 
 2428      6C519871 
 2428      41387055 
 2428      545E11EE 
 2429 0241 E13CDCAF 		.ascii	"\341<\334\257J\343\036\332\270\250\033\356\241\205\233"
 2429      4AE31EDA 
 2429      B8A81BEE 
 2429      A1859B
 2430 0250 73E26254 		.ascii	"s\342bT^\321V^&\234\227\373\3054\356\037\033W\355\206"
 2430      5ED1565E 
 2430      269C97FB 
 2430      C534EE1F 
 2430      1B57ED86 
 2431 0264 3B6BE18A 		.ascii	";k\341\212N\\\015\225\227\375\214\342\372\021\363\034"
 2431      4E5C0D95 
 2431      97FD8CE2 
 2431      FA11F31C 
 2432 0274 987FD726 		.ascii	"\230\177\327&;\201k\304\246{i#\315\247bt\277a\026\230"
 2432      3B816BC4 
 2432      A67B6923 
 2432      CDA76274 
ARM GAS  /tmp/cc47EVn4.s 			page 64


 2432      BF611698 
 2433 0288 E1070335 		.ascii	"\341\007\0035\3246\217m\233Z7\233_,\233sN\2338\225\377"
 2433      D4368F6D 
 2433      9B5A379B 
 2433      5F2C9B73 
 2433      4E9B3895 
 2434 029d DF972F75 		.ascii	"\337\227/u\270Q\3560\007\254\323\012q\255\360\324VH"
 2434      B851EE30 
 2434      07ACD30A 
 2434      71ADF0D4 
 2434      5648
 2435 02af B829FC61 		.ascii	"\270)\374a)L;\025\352\250\374\271\015y\251\314\235r"
 2435      294C3B15 
 2435      EAA8FCB9 
 2435      0D79A9CC 
 2435      9D72
 2436 02c1 99BBC06D 		.ascii	"\231\273\300msC\352\264\315\242m\263\304\315\346\252"
 2436      7343EAB4 
 2436      CDA26DB3 
 2436      C4CDE6AA 
 2437 02d1 65F3A7D3 		.ascii	"e\363\247\323\246\236\312+\335\220\277\313\035\036\000"
 2437      A69ECA2B 
 2437      DD90BFCB 
 2437      1D1E00
 2438 02e0 6BB542BD 		.ascii	"k\265B\275V\030\377\371\231B\203\233\302\015Ka\306\251"
 2438      5618FFF9 
 2438      9942839B 
 2438      C20D4B61 
 2438      C6A9
 2439 02f2 40B77943 		.ascii	"@\267yC\245\012\217\312\025\036\003k\264B\243V\230\260"
 2439      A50A8FCA 
 2439      151E036B 
 2439      B442A356 
 2439      98B0
 2440 0304 1596BA29 		.ascii	"\025\226\272)\274c\206\267\034\002MT\\\321\015\250\214"
 2440      BC6386B7 
 2440      1C024D54 
 2440      5CD10DA8 
 2440      8C
 2441 0315 FDF470A2 		.ascii	"\375\364p\242nM\032\366\271\015[\346\006{\323\014\233"
 2441      6E4D1AF6 
 2441      B90D5BE6 
 2441      067BD30C 
 2441      9B
 2442 0326 1CB0662A 		.ascii	"\034\260f*\256\0106B\260\000wk\326\260/lX\213\033\354"
 2442      AE083642 
 2442      B000776B 
 2442      D6B02F6C 
 2442      588B1BEC 
 2443 033a 0D333458 		.ascii	"\01534X\260\227\264\217\"G\355\203\374\371\026q\017"
 2443      B097B48F 
 2443      2247ED83 
 2443      FCF91671 
 2443      0F
 2444 034b 43335F7E 		.ascii	"C3_~\250\377\011\030\225\260\377x\011\261\"\331\335"
 2444      A8FF0918 
 2444      95B0FF78 
ARM GAS  /tmp/cc47EVn4.s 			page 65


 2444      09B122D9 
 2444      DD
 2445 035c D7D395CC 		.ascii	"\327\323\225\314\244z\223\037\364\245w\365t\365\016"
 2445      A47A931F 
 2445      F4A577F5 
 2445      74F50E
 2446 036b 6493EF6D 		.ascii	"d\223\357m\335\266\271\275#\265#\325\233\356\022k\007"
 2446      DDB6B9BD 
 2446      23B523D5 
 2446      9BEE126B 
 2446      07
 2447 037c BA33FD9D 		.ascii	"\2723\375\235\355;S\375\003\273\223\357wg:2[\266'\373"
 2447      ED3B53FD 
 2447      03BB93EF 
 2447      77673A32 
 2447      5BB627FB 
 2448 0390 B2C9EED4 		.ascii	"\262\311\356\324\216d\266?\315\261\275\247'\235\355"
 2448      8E64B63F 
 2448      CDB1BDA7 
 2448      279DED
 2449 039f 5C9F169E 		.ascii	"\\\237\026\236lgzg]\311\312\372\015]\035\255\257\275"
 2449      6C677A67 
 2449      5DC9CAFA 
 2449      0D5D1DAD 
 2449      AFBD
 2450 03b1 BE69A3F0 		.ascii	"\276i\243\360\2453\235tUR\370\027j(\215\020"
 2450      A5339D74 
 2450      5552F817 
 2450      6A288D10 
 2451              		.text
 2452              		.section	.gnu.lto__mmcsd_unpack_mmc_cid.436.d8b29fb7f91c9a9d,"e",%progbits
 2453 0000 789C8D96 		.ascii	"x\234\215\226_lSU\034\307\317\367\236\333\177k\327\356"
 2453      5F6C5355 
 2453      1CC7CFF7 
 2453      9EDB7F6B 
 2453      D7EE
 2454 0012 4FC736C6 		.ascii	"O\3076\306\330\324\030\203(w\202F^\214\006}4J4{^\272"
 2454      D8D41883 
 2454      28778246 
 2454      5E8C067D 
 2454      344A347B 
 2455 0028 6EC91AD9 		.ascii	"n\311\032\331F\326\361\340\203\341l\0160\215\3116\206"
 2455      46D6F1E0 
 2455      83E16C0E 
 2455      308DC936 
 2455      86
 2456 0039 319A4996 		.ascii	"1\232I\226\2461\274\361\244\342_\3722 Q\020\214\002"
 2456      A631BCF1 
 2456      A4E25FFA 
 2456      32205110 
 2456      8C02
 2457 004b 0951E60C 		.ascii	"\011Q\346\014\241\032\202\363\0172\303\310\370\375\316"
 2457      A11A82F3 
 2457      0F32C3C8 
 2457      F8FDCE
 2458 005a BD707BCB 		.ascii	"\275p{\313\325\265I\317\357w\316\375\365\367\371\364"
 2458      D5B549CF 
ARM GAS  /tmp/cc47EVn4.s 			page 66


 2458      EF77CEFD 
 2458      F5F7F9F4 
 2459 006a 9CDEB627 		.ascii	"\234\336\266'\302B\354\021B<DOH\201\203\3239C(\245\236"
 2459      C242EC11 
 2459      423C444F 
 2459      488183D3 
 2459      394328A5 
 2460 007f 0B19189B 		.ascii	"\013\031\030\233\316E\360%\364\014b\257\201\275\230"
 2460      CE45F025 
 2460      F40C62AF 
 2460      81BD98
 2461 008e 919B68BA 		.ascii	"\221\233h\272\274o\346\247y\250#E\024\244\020\207\351"
 2461      BC6FE6A7 
 2461      79A82345 
 2461      14A41087 
 2461      E9
 2462 009f A91FB312 		.ascii	"\251\037\263\022\007eA\002\246\223\031\350\244L\356"
 2462      07654102 
 2462      A69319E8 
 2462      A44CEE
 2463 00ae 148F1495 		.ascii	"\024\217\024\225:{\355\230R\021Q\220\022\237\200^\203"
 2463      3A7BED98 
 2463      52115190 
 2463      129F805E 
 2463      83
 2464 00bf 8F818F20 		.ascii	"\217\201\217 x\241\373\255$\327\275\246\353\226.\357"
 2464      78A1FBAD 
 2464      24D7BDA6 
 2464      EB962EEF 
 2465 00cf 7B3F3E45 		.ascii	"{?>E\235M|\352\2553\273\017%5E\216\360\3700\027\227"
 2465      9D4D7CEA 
 2465      AD33BB0F 
 2465      2535458E 
 2465      F0F83017 
 2466 00e4 AEE4E253 		.ascii	"\256\344\342Sc\341\202\014\340\363\362j!\272\347\222"
 2466      63E1820C 
 2466      E0F3F26A 
 2466      21BAE792 
 2467 00f4 41812FE0 		.ascii	"A\201/\340\370\321\032hv\364\273@Q\255\254N*\265\372"
 2467      F8D11A68 
 2467      76F4BB40 
 2467      51ADAC4E 
 2467      2AB5FA
 2468 0107 F8F2EC2F 		.ascii	"\370\362\354/\021\013\3001\030\\h\002\237!@\234`\220"
 2468      110BC031 
 2468      185C6802 
 2468      9F21409C 
 2468      6090
 2469 0119 865088B3 		.ascii	"\206P\210\2630\015a\226\016\327\3604\312\027b\234\325"
 2469      300D6196 
 2469      0ED7F034 
 2469      CA17629C 
 2469      D5
 2470 012a 7216E72C 		.ascii	"r\026\347,\301W\3538\253\247!\322\300Y#gI\316\2328["
 2470      C157EB38 
 2470      ABA721D2 
 2470      C0592367 
ARM GAS  /tmp/cc47EVn4.s 			page 67


 2470      49CE9A38 
 2471 013f C7593367 		.ascii	"\307Y3g-\234\265r\266\236\2636\3166p\326\316\3756r\326"
 2471      2D9CB572 
 2471      B69EB336 
 2471      CE3670D6 
 2471      CEFD3672 
 2472 0154 C1592767 		.ascii	"\301Y'gBLJ>\013eB\025\205\230\222\206=\031\243\311o"
 2472      424C4A3E 
 2472      0B654215 
 2472      85989286 
 2472      3D19A3C9 
 2473 0169 508BE7BE 		.ascii	"P\213\347\276\206\216\337G9<xoX\274\030\025\3271~(\367"
 2473      868EDF47 
 2473      393C786F 
 2473      58BC1815 
 2473      D7317E28 
 2474 017e 4C5E1ACE 		.ascii	"L^\032\316QH\360\226}\310\207Y\212\027dM\236\216\351"
 2474      5148F096 
 2474      7DC88759 
 2474      8A17644D 
 2474      9E8EE9
 2475 0191 2BBDD635 		.ascii	"+\275\3265\241\024\355_\024\307\361\001\357\324\004"
 2475      A114ED5F 
 2475      14C7F101 
 2475      EFD404
 2476 01a0 68A1142B 		.ascii	"h\241\024+\310\030\212`\320\370\\\202v\207Z\351\336"
 2476      C8188A60 
 2476      D0F85C82 
 2476      76875AE9 
 2476      DE
 2477 01b1 9708BA84 		.ascii	"\227\010\272\204\375so\344e`\002FA\326\036\246\336\202"
 2477      FD736FE4 
 2477      65600246 
 2477      41D61EA6 
 2477      DE82
 2478 01c3 2E33268E 		.ascii	".3&\216\220\035\350\374\022,\261r\340\212\221\227A*"
 2478      901DE8FC 
 2478      122CB172 
 2478      E08A9197 
 2478      412A
 2479 01d5 E6D952EE 		.ascii	"\346\331R\356\207\273Bf\231\020\301\352\362\2642\017"
 2479      87BB4266 
 2479      9910C1EA 
 2479      F2B4320F 
 2480 01e5 D1A5B44D 		.ascii	"\321\245\264M=N\220\215\356\033\324\330\037]l\310\017"
 2480      3D4E908D 
 2480      EE1BD4D8 
 2480      1F5D6CC8 
 2480      0F
 2481 01f6 1BB543D8 		.ascii	"\033\265C\330\203\015S1\315\336\234\335\177\2735/#\264"
 2481      830D5331 
 2481      CDDE9CDD 
 2481      7FBB352F 
 2481      23B4
 2482 0208 C0550D38 		.ascii	"\300U\0158\235(\223\371/\205\006|C\012\0063\"Z\341\017"
 2482      9D2893F9 
 2482      2F85067C 
ARM GAS  /tmp/cc47EVn4.s 			page 68


 2482      430A0633 
 2482      225AE10F 
 2483 021c 57A1C64F 		.ascii	"W\241\306O!a\207\230G!J\305U\300\352q\216`\222\273\351"
 2483      21618798 
 2483      47214AC5 
 2483      55C0EA71 
 2483      8E6092BB 
 2484 0231 C35CFCCB 		.ascii	"\303\\\374\313\205\305\374`\253\302\216\313\302\203"
 2484      85C5FC60 
 2484      ABC28ECB 
 2484      C283
 2485 023f ABA5F2AA 		.ascii	"\253\245\362\252p\347\011gr\277Z\215\273\341\342\342"
 2485      70E70967 
 2485      72BF5A8D 
 2485      BBE1E2E2 
 2486 024f 7EB89B0E 		.ascii	"~\270\233\016\256\344\305%\250\274\252\255\274D\270"
 2486      AEE4C525 
 2486      A8BCAAAD 
 2486      BC44B8
 2487 025e 00F74B68 		.ascii	"\000\367Kh\334M\027W\347\207{\326\016\333=\260z*\256"
 2487      DC4D1757 
 2487      E7877BD6 
 2487      0EDB3DB0 
 2487      7A2AAE
 2488 0271 F8103522 		.ascii	"\370\0205\"\340\207\345O\265MN\342g\"\323\235\264\225"
 2488      E087E54F 
 2488      B54D4EE2 
 2488      6722D39D 
 2488      B495
 2489 0283 E6471274 		.ascii	"\346G\022t\267a\021X\340/\010j\250]\376u]\032\374\\"
 2489      B7611158 
 2489      E02F086A 
 2489      A85DFE75 
 2489      5D1AFC5C 
 2490 0297 4E3A6FBD 		.ascii	"N:o\275\350}\353\215T~\237\215\271\226M\251\322\346"
 2490      E87DEB8D 
 2490      547E9F8D 
 2490      B9964DA9 
 2490      D2E6
 2491 02a9 57E0AA6D 		.ascii	"W\340\252m\323\250mn\2716I?\233o\035\233S^\233&*\377"
 2491      D3A86D6E 
 2491      B936493F 
 2491      9B6F1D9B 
 2491      535E9B26 
 2492 02bf BF832877 		.ascii	"\277\203(w\270^\351\360;\360\230Vh\322\012\267]\205"
 2492      B85EE9F0 
 2492      3BF09856 
 2492      68D20AB7 
 2492      5D85
 2493 02d1 757E0A17 		.ascii	"u~\012\027\034\205\263^\205f*\277oC\326\224\271Q)\363"
 2493      1C85B35E 
 2493      85662ABF 
 2493      6F43D694 
 2493      B95129F3 
 2494 02e5 0FF0B7BD 		.ascii	"\017\360\267\275!\315\332f\325\265i\361\263\271\354"
 2494      21CDDA66 
 2494      D5B569F1 
ARM GAS  /tmp/cc47EVn4.s 			page 69


 2494      B3B9EC
 2495 02f4 D85CF4DA 		.ascii	"\330\\\364\332\320\375\336R\355\206\334\252tX\0016k"
 2495      D0FDDE52 
 2495      ED86DCAA 
 2495      74580136 
 2495      6B
 2496 0305 8556AD30 		.ascii	"\205V\2550}\346\236\302z?\205\253\216\302\202W\241\215"
 2496      7DE69EC2 
 2496      7A3F85AB 
 2496      8EC28257 
 2496      A18D
 2497 0317 CAAB5518 		.ascii	"\312\253U\0303*\024\306\015<\252\025\332\264\302\214"
 2497      332A14C6 
 2497      0D3CAA15 
 2497      DAB4C28C 
 2498 0327 ABB0C14F 		.ascii	"\253\260\301O\341i;<\351\021h\247\342\252\276\014\016"
 2498      E1693B3C 
 2498      E91168A7 
 2498      E2AABE0C 
 2498      0E
 2499 0338 103DC4DD 		.ascii	"\020=\304\335\3325\354\035\027\266\321\017\266\315\016"
 2499      DA35EC1D 
 2499      17B6D10F 
 2499      B6CD0E
 2500 0347 5D1E5807 		.ascii	"]\036X\007\025W\005{\233`a\356\326\241a\357\272\260"
 2500      1557057B 
 2500      9B6061EE 
 2500      D6A161EF 
 2500      BAB0
 2501 0359 4E3F9865 		.ascii	"N?\230e\207:\007\266F\3738\246\251}\204_\337)\376\304"
 2501      873A07B6 
 2501      46FB38A6 
 2501      A97D845F 
 2501      DF29FEC4 
 2502 036d F8C27B2F 		.ascii	"\370\302{/\351\277&\223\022\356\017\251\020\017X\003"
 2502      E9BF2693 
 2502      12EE0FA9 
 2502      100F5803 
 2503 037d C383FD56 		.ascii	"\303\203\375V&5d\2750\234\3363\330?4\232\265v\354|\345"
 2503      263564BD 
 2503      309CDE33 
 2503      D83F349A 
 2503      B576EC7C 
 2504 0392 C59EDED4 		.ascii	"\305\236\336\324\256\324P\272_l\036\035\310\214\364"
 2504      AED450BA 
 2504      5F6C1E1D 
 2504      C88CF4
 2505 03a1 F5EC4E8D 		.ascii	"\365\354N\215\214\276n=?\220\351\315\274\374\2525\234"
 2505      8CBE6E3D 
 2505      3F90E9CD 
 2505      BCFCAA35 
 2505      9C
 2506 03b2 B50652BB 		.ascii	"\265\006R\273\254\354H\232c\317\340`:\333\267%-\314"
 2506      ACEC489A 
 2506      63CFE060 
 2506      3ADBB725 
 2506      2DCC
ARM GAS  /tmp/cc47EVn4.s 			page 70


 2507 03c4 6C5F7A77 		.ascii	"l_zwS\331\312\226'\372{\273\266=\265}\253\010\2463}"
 2507      53D9CA96 
 2507      27FA7BBB 
 2507      B63DB57D 
 2507      AB08A633 
 2508 03d9 B42829DC 		.ascii	"\264()\334\001\215h\267\323"
 2508      018D68B7 
 2508      D3
 2509              		.text
 2510              		.section	.gnu.lto__mmcsd_unpack_csd_mmc.437.d8b29fb7f91c9a9d,"e",%progbits
 2511 0000 789C8DD7 		.ascii	"x\234\215\327[LTG\030\007\360\371\366,\313.,\313r\025"
 2511      5B4C5447 
 2511      1807F0F9 
 2511      F62CCB2E 
 2511      2CCB7215 
 2512 0014 10011514 		.ascii	"\020\001\025\024PY@@\344&\322>6\321\264\361\331pK \025"
 2512      50594040 
 2512      E426D23E 
 2512      36D1B4F1 
 2512      D9704B20 
 2513 0029 35A00F7D 		.ascii	"5\240\017}\362HmmH\032A4M\255\267\320M\343\213i\332"
 2513      F2486D6D 
 2513      481A4134 
 2513      4DADB7D0 
 2513      4DE38B69 
 2514 003e C6AA552B 		.ascii	"\306\252U+/\366\356\235\2465M+\345\005\323\230\026\333"
 2514      2FF6EE9D 
 2514      A6354D2B 
 2514      E505D398 
 2514      16DB
 2515 0050 58EFA5DF 		.ascii	"X\357\245\337\177\316\246\316$\323dHv\347\177\206?\337"
 2515      7FCEA6CE 
 2515      24D36448 
 2515      76E77F86 
 2515      3FDF
 2516 0062 EF9CB327 		.ascii	"\357\234\263'!\033\214\012\261S\010\261\224_\344\010"
 2516      211B8C0A 
 2516      B15308B1 
 2516      945FE408 
 2517 0072 DA3F36E2 		.ascii	"\332?6\342\023\256\353\266'\373h\367\330H\210.\220<"
 2517      13AEEBB6 
 2517      27FB68F7 
 2517      D848882E 
 2517      903C
 2518 0084 22B1CB47 		.ascii	"\"\261\313G\273h\334\251\340\303\207o\214\037\375\222"
 2518      BB68DCA9 
 2518      E0C3876F 
 2518      8C1FFD92 
 2519 0094 DC139314 		.ascii	"\334\023\223\024w\2048\312/\371s\330\241\375N\334!\362"
 2519      778438CA 
 2519      2FF973D8 
 2519      A1FD4EDC 
 2519      21F2
 2520 00a6 27928F4A 		.ascii	"'\222\217J89\033\305\362I\327\275v\367\214\353\206D"
 2520      38391BC5 
 2520      F249D7BD 
 2520      76F78CEB 
ARM GAS  /tmp/cc47EVn4.s 			page 71


 2520      8644
 2521 00b8 DC71E834 		.ascii	"\334q\3504\361\337\320\247D\247H`c\323WY\350\275*{s"
 2521      F1DFD0A7 
 2521      44A74860 
 2521      63D35759 
 2521      E8BD2A7B 
 2522 00cd C7F61E8A 		.ascii	"\307\366\036\212\214\362d?\235\325{\376MSYRq\006\361"
 2522      8CF2643F 
 2522      9DD57BFE 
 2522      4D535952 
 2522      7106F1
 2523 00e0 5E86F289 		.ascii	"^\206\362\211\331\221\310\350\356`\334I\242sj[\210M"
 2523      D991C8E8 
 2523      EE60DC49 
 2523      A2736A5B 
 2523      884D
 2524 00f2 D3590141 		.ascii	"\323Y\001A\347)q~\274G|\364\341\215\244I\367\351\374"
 2524      E729717E 
 2524      BC477CF4 
 2524      E18DA449 
 2524      F7E9FC
 2525 0105 3ED79D5F 		.ascii	">\327\235_\373\360\360\223P\027\021\235!\037\212~\242"
 2525      FBF0F093 
 2525      5017119D 
 2525      211F8A7E 
 2525      A2
 2526 0116 CF28899D 		.ascii	"\317(\211\235@\200\337\222\223\221\202\374\026\304I"
 2526      4080DF92 
 2526      939182FC 
 2526      16C449
 2527 0125 0752B097 		.ascii	"\007R\260\227\212\024\306^\032R\004)\035)\212\224\201"
 2527      8A14C65E 
 2527      1A520429 
 2527      1D298A94 
 2527      81
 2528 0136 94899485 		.ascii	"\224\211\224\205\224\215\224\203\224\213\264\000)\017"
 2528      948D9483 
 2528      948BB400 
 2528      290F
 2529 0144 291FA900 		.ascii	")\037\251\000i!R!\322\"\244\"\244b\244\022\244\305H"
 2529      69215221 
 2529      D222A422 
 2529      A462A412 
 2529      A4C548
 2530 0157 4B909622 		.ascii	"K\220\226\"\225\"\225!-CZ\216T\216T\201T\211\264\002"
 2530      95229521 
 2530      2D435A8E 
 2530      548E5481 
 2530      5489B402 
 2531 016b 6925D22A 		.ascii	"i%\322*\244*\244\030R5R\015R-\322j\244:\244z\244\006"
 2531      A42AA418 
 2531      5235520D 
 2531      522DD26A 
 2531      A43AA47A 
 2532 0181 A435488D 		.ascii	"\2445H\215Hk\221\232\220\232\221Z\220Z\221\332\220\326"
 2532      486B919A 
 2532      909A915A 
ARM GAS  /tmp/cc47EVn4.s 			page 72


 2532      905A91DA 
 2532      90D6
 2533 0193 21B523AD 		.ascii	"!\265#\255G\352@\022b\237\203\247\306\365\223;)\304"
 2533      47EA4012 
 2533      629F83A7 
 2533      C6F5933B 
 2533      29C4
 2534 01a5 A8E3F30E 		.ascii	"\250\343\363\016v\363\301o\344\316\\\277Br\235\212`"
 2534      76F3C16F 
 2534      E4CE5CBF 
 2534      42729D8A 
 2534      60
 2535 01b6 59F2DFDB 		.ascii	"Y\362\337\333\314\217\021\361;\015\037\030i\235p|\211"
 2535      CC8F11F1 
 2535      3B0D1F18 
 2535      699D707C 
 2535      89
 2536 01c7 87C6217C 		.ascii	"\207\306!|\270\037\340\261\273\023\211;\241\011~\240"
 2536      B81FE0B1 
 2536      BB13893B 
 2536      A1097EA0 
 2537 01d7 3E977BD5 		.ascii	">\227{\325{\\\227?\351\024\272HG\360\231\356!\336\270"
 2537      7B5C973F 
 2537      E914BA48 
 2537      47F099EE 
 2537      21DEB8
 2538 01ea 138E3BA9 		.ascii	"\023\216;\2514I\200\206\217\247\363\347\310\243\344"
 2538      34498086 
 2538      8FA7F3E7 
 2538      C8A3E4
 2539 01f9 EC9F189D 		.ascii	"\354\237\030\235\2437\217\237\342\235\244=\344\213;"
 2539      A3378F9F 
 2539      E29DA43D 
 2539      E48B3B
 2540 0208 E1A33C5C 		.ascii	"\341\243<\\\360\357\341\244\321\327\302[\333\342\216"
 2540      F0EFE1A4 
 2540      D1D7C25B 
 2540      DBE28E
 2541 0217 3C8DA77B 		.ascii	"<\215\247{/\371'\234\000\267q47r\337I\234\222_9%\346"
 2541      2FF9279C 
 2541      00B77134 
 2541      3772DF49 
 2541      9C925F39 
 2542 022d D22778E7 		.ascii	"\322'x\347\022\211jW\236O\224\276\340\363\221\203\003"
 2542      12896A57 
 2542      9E4F94BE 
 2542      E0F39183 
 2542      03
 2543 023e 12FE5981 		.ascii	"\022\376Y\201\223Mp\215\267\30447\310e\305\375?-\203"
 2543      934D708D 
 2543      B7C43437 
 2543      C865C5FD 
 2543      3F2D83
 2544 0251 BE65CD87 		.ascii	"\276e\315\207iA\251\335V\264\220I\273\235\270\314)\241"
 2544      6941A9DD 
 2544      56B49049 
 2544      BB9DB8CC 
ARM GAS  /tmp/cc47EVn4.s 			page 73


 2544      29A1
 2545 0263 79295CB7 		.ascii	"y)\\\267\360\242t\215=\007\363R\244wO\361RM^\204n\222"
 2545      F0A2748D 
 2545      3D07F352 
 2545      A4774FF1 
 2545      524D5E84 
 2546 0279 2685B968 		.ascii	"&\205\271hueS,\3711),\245\277\024)\315$%{\213\256E\270"
 2546      7565532C 
 2546      F931292C 
 2546      A5BF1429 
 2546      CD24257B 
 2547 0291 6CA5DD62 		.ascii	"l\245\335b-\011\323\344C9s_\321\322M\332|\342>\376\243"
 2547      2D09D3E4 
 2547      4339735F 
 2547      D1D24DDA 
 2547      7CE23EFE 
 2548 02a6 DFC728D7 		.ascii	"\337\307(\327\255\274_\330\013`^Tz\017\024/\303\344"
 2548      ADBC5FD8 
 2548      0B605E54 
 2548      7A0F142F 
 2548      C3E4
 2549 02b8 7D27E857 		.ascii	"}'\350W\375\3222\271iE\3150\225\214Q\231\222z\244PY"
 2549      FDD232B9 
 2549      6945CD30 
 2549      958C5199 
 2549      927AA450 
 2550 02cd 262AE42D 		.ascii	"&*\344-AM\313\346\262\2256\313Z\020\323\262\245\366"
 2550      414DCBE6 
 2550      B29536CB 
 2550      5A10D3B2 
 2550      A5F6
 2551 02df 44D1724C 		.ascii	"D\321rLZ\205\267\224iZ.\227\255\264\273\254\2050-Wj"
 2551      5A85B794 
 2551      695A2E97 
 2551      ADB4BBAC 
 2551      85302D57 
 2552 02f4 CF146D81 		.ascii	"\317\024m\201I\253\362\226JM\313\343\262\225v\217\265"
 2552      49ABF296 
 2552      4A4DCBE3 
 2552      B295768F 
 2552      B5
 2553 0305 144CCB93 		.ascii	"\024L\313\223\332\274\242\345\233\264ToI\321\264\002"
 2553      DABCA2E5 
 2553      9BB4546F 
 2553      49D1B402 
 2554 0315 2E5B697F 		.ascii	".[i\177\263\226\212i\005R\033\273\372\\[h\322\322\351"
 2554      B3968A69 
 2554      05521BBB 
 2554      FA5C5B68 
 2554      D2D2E9
 2555 0328 91FE8414 		.ascii	"\221\376\204\024r\321Jz\314R\030\223\012\2454\256H\213"
 2555      72D14A7A 
 2555      CC521893 
 2555      0AA534AE 
 2555      488B
 2556 033a 4CD21F89 		.ascii	"L\322\037\211\207\377\216\376\360\027q\335\312\233g"
 2556      87FF8EFE 
ARM GAS  /tmp/cc47EVn4.s 			page 74


 2556      F01771DD 
 2556      CA9B67
 2557 0349 2F0DF38A 		.ascii	"/\015\363\212\244wP\361\212M^\032\015\3734\251\204\213"
 2557      A47750F1 
 2557      8A4D5E1A 
 2557      0DFB34A9 
 2557      848B
 2558 035b 56D2EBBE 		.ascii	"V\322\353\276#\374w<\251DJ\357(\322b\223T\350-\005\232"
 2558      23FC773C 
 2558      A9444AEF 
 2558      28D26293 
 2558      54E82D05 
 2559 0370 B684CB56 		.ascii	"\266\204\313V\332[\254\245c\232\367\377\354]E[j\322"
 2559      DA5BACA5 
 2559      639AF7FF 
 2559      EC5D455B 
 2559      6AD2
 2560 0382 6E26EEE3 		.ascii	"n&\356\3435\375>\226r\335\312{\233\275(\346\225J\357"
 2560      35FD3E96 
 2560      72DDCA7B 
 2560      9BBD28E6 
 2560      954AEF
 2561 0395 3DC52B33 		.ascii	"=\305+3yW\005\215\3527r\0317\255\2501\24620j\231\244"
 2561      7957058D 
 2561      EA377219 
 2561      37ADA831 
 2561      A632306A 
 2562 03ab 8E28D472 		.ascii	"\216(\324r\023uY\320\001\235*\347\246\025u\220\251L"
 2562      137559D0 
 2562      019D2AE7 
 2562      A6157590 
 2562      A94C
 2563 03bd 8C2A97D4 		.ascii	"\214*\227\3241\205\2520Q\317\022w\361\261~\027+\271"
 2563      3185AA30 
 2563      51CF1277 
 2563      F1B17E17 
 2563      2BB9
 2564 03cf 6EE51D62 		.ascii	"n\345\035b/\013\363*\245\367\221\342\2550y\017\022\336"
 2564      2F0BF32A 
 2564      A5F791E2 
 2564      AD30790F 
 2564      12DE
 2565 03e1 9CEEADE4 		.ascii	"\234\356\255\344\272\225w\214\275l\314[)\275O\024o\225"
 2565      BA95778C 
 2565      BD6CCC5B 
 2565      29BD4F14 
 2565      6F95
 2566 03f3 C90BD384 		.ascii	"\311\013\323\204~'\253\270h%\275\317R\016&UI\351\224"
 2566      7E27ABB8 
 2566      6825BDCF 
 2566      520E2655 
 2566      49E994
 2567 0406 22C54CD2 		.ascii	"\"\305L\322l\342\312\246\365+\253\346\272\225w\202\275"
 2567      6CE2CAA6 
 2567      F52BABE6 
 2567      BA957782 
 2567      BD
ARM GAS  /tmp/cc47EVn4.s 			page 75


 2568 0417 5CCCAB96 		.ascii	"\\\314\253\226\336i\305\2531yM\336\322\250i\265\\\266"
 2568      DE69C5AB 
 2568      31794DDE 
 2568      D2A869B5 
 2568      5CB6
 2569 0429 D24EB2B6 		.ascii	"\322N\262\266\000\323j\245vV\321V\233\264Voi\326\264"
 2569      00D36AA5 
 2569      7656D156 
 2569      9BB4566F 
 2569      69D6B4
 2570 043c 3A2E5B69 		.ascii	":.[i\037\263\226\207iuR;\247h\365&\255\316[j5\255\201"
 2570      1FB39687 
 2570      6975523B 
 2570      A768F526 
 2570      ADCE5B6A 
 2571 0453 CB56DA69 		.ascii	"\313V\332i\326\3621\255Aj\027\024m\215I[\343-\365\232"
 2571      D6F231AD 
 2571      416A1714 
 2571      6D8D495B 
 2571      E32DF59A 
 2572 0467 D6C8652B 		.ascii	"\326\310e+\355<k\005\230\326(\265\213\212\266\326\244"
 2572      ED3C6B05 
 2572      98D628B5 
 2572      8B8AB6D6 
 2572      A4
 2573 0478 15D345FD 		.ascii	"\025\323E\375\211l\342\242\2254\311\322BLj\362\276\012"
 2573      896CE2A2 
 2573      9534C9D2 
 2573      424C6AF2 
 2573      BE0A
 2574 048a 2852B349 		.ascii	"(R\263I*\365\226\022Mk\341\262\225v\211\265BLk\221\332"
 2574      2AF59612 
 2574      4D6BE1B2 
 2574      957689B5 
 2574      424C6B91 
 2575 049f 4D456B35 		.ascii	"MEk5i\371\336\222\253im\\\266\322\276am\021\246\265"
 2575      69F9DE92 
 2575      AB696D5C 
 2575      B6D2BE61 
 2575      6D11A6B5 
 2576 04b3 49ED7B45 		.ascii	"I\355{E[g\322r\350\262~\027\333\271h%]a\251\010\223"
 2576      5B67D272 
 2576      E8B27E17 
 2576      DBB96825 
 2576      5D61A908 
 2577 04c8 DAA5F483 		.ascii	"\332\245\364\203\"\2557IW\004]\327\251\016nZQ7\230*"
 2577      22AD3749 
 2577      57045DD7 
 2577      A90E6E5A 
 2577      5137982A 
 2578 04dc C6A80EF1 		.ascii	"\306\250\016\361'\015O\337\332 \277\334\357s\350\371"
 2578      270D4FDF 
 2578      DA20BFDC 
 2578      EF73E8F9 
 2579 04ec 173C2116 		.ascii	"\027<!\026\307\372\266\015\364\306\372;\267\306^\334"
 2579      C7FAB60D 
 2579      F4C6FA3B 
ARM GAS  /tmp/cc47EVn4.s 			page 76


 2579      B7C65EDC 
 2580 04fc D6BD73A0 		.ascii	"\326\275s\240w\353\216\241X\307\306\227_\332\334\325"
 2580      77EB8EA1 
 2580      58C7C697 
 2580      5FDADCD5 
 2581 050c B9A5736B 		.ascii	"\271\245skw\257X\261\243\257\177\260g\363\366\316\301"
 2581      77AF58B1 
 2581      A3AF7FB0 
 2581      67F3F6CE 
 2581      C1
 2582 051d 1DAFC55E 		.ascii	"\035\257\305^\350\353\357\352\337\360Jl\333P\254\257"
 2582      E8EBEFEA 
 2582      DFF04A6C 
 2582      DB50ACAF 
 2583 052d 734B6C68 		.ascii	"sKlh\260\033\353\346\201\201\356\241\236\252n\341\037"
 2583      B01BEBE6 
 2583      8181EEA1 
 2583      9EAA6EE1 
 2583      1F
 2584 053e EAE9DE9E 		.ascii	"\352\351\336\236\243\354T\325\364vU\257\256o\254\025"
 2584      A3EC54D5 
 2584      F47655AF 
 2584      AE6FAC15 
 2585 054e 013EE64D 		.ascii	"\001>\346M\207\227\177\001\375\207\350O"
 2585      87977F01 
 2585      FD87E84F 
 2586              		.text
 2587              		.section	.gnu.lto__mmcsd_unpack_csd_v10.438.d8b29fb7f91c9a9d,"e",%progbits
 2588 0000 789C8DD7 		.ascii	"x\234\215\327[L\\E\030\007\360\371\316\354\262\313^"
 2588      5B4C5C45 
 2588      1807F0F9 
 2588      CEECB2CB 
 2588      5E
 2589 0011 8165B9B7 		.ascii	"\201e\271\267\334\012\224R\366\354Bi|\361\022\365\321"
 2589      DC0A9452 
 2589      F6EC4269 
 2589      7CF112F5 
 2589      D1
 2590 0022 4452C333 		.ascii	"DR\3033\201\205\004b\201\012\370\340S\017\004\305\254"
 2590      81850462 
 2590      810AF8E0 
 2590      530F04C5 
 2590      AC
 2591 0033 894021B1 		.ascii	"\211@!\261Qi\221l\232\306D\233j\260\255\265\226\227"
 2591      5169916C 
 2591      9AC6449B 
 2591      6AB0ADB5 
 2591      9697
 2592 0045 6A8C372C 		.ascii	"j\2147,5\246\361\322J\242\305K\024\255M\255\322\342"
 2592      35A6F1D2 
 2592      4AA2C54B 
 2592      14AD4DAD 
 2592      D2E2
 2593 0057 F7CD6EEC 		.ascii	"\367\315n\354\214\031\223!\3313\377s\370\366\373\315"
 2593      8C199321 
 2593      D933FF73 
 2593      F8F6FBCD 
ARM GAS  /tmp/cc47EVn4.s 			page 77


 2594 0067 E53C402C 		.ascii	"\345<@,\310\330(c\254\026?\300\031\034\232IY\314q\234"
 2594      C8D82863 
 2594      AC163FC0 
 2594      191C9A49 
 2594      59CC719C 
 2595 007b 073C168C 		.ascii	"\007<\026\214\315\244r\341\034\210;`\007-8\010\263\274"
 2595      CDA472E1 
 2595      1C883B60 
 2595      072D3808 
 2595      B3BC
 2596 008d 116FFF7C 		.ascii	"\021o\377|z\366\316\373\340\034_\2064g\354\010~\304"
 2596      7AF6CEFB 
 2596      E01C5F86 
 2596      3467EC08 
 2596      7EC4
 2597 009f CFCB1C0E 		.ascii	"\317\313\034\016\3614\007pe\223\005U\230x;kXv\234\225"
 2597      F1340770 
 2597      65930555 
 2597      98783B6B 
 2597      58769C95 
 2598 00b3 9F4F3B4E 		.ascii	"\237O;N.Ks\016\247\000\277\003o\001,\001\243\007\035"
 2598      2E4B730E 
 2598      A700BF03 
 2598      6F012C01 
 2598      A3071D
 2599 00c6 9311AA7B 		.ascii	"\223\021\252{\\\324ml]{14\215\235]pF\255su\314F\204"
 2599      5CD46D6C 
 2599      5D7B3134 
 2599      8D9D5D70 
 2599      46AD7375 
 2600 00dd C29FA06B 		.ascii	"\302\237\240k\035\025?\373C*4=\346Ms7\234\225\253\031"
 2600      1D153FFB 
 2600      432A343D 
 2600      E64D7337 
 2600      9C95AB19 
 2601 00f1 EB381AC9 		.ascii	"\3538\032\311a\360\016d\347\207\317\000\357N\\t/;\233"
 2601      61F00E64 
 2601      E787CF00 
 2601      EF4E5C74 
 2601      2F3B9B
 2602 0104 5B538EB3 		.ascii	"[S\216\263u\377__\235\360\265\003\300i\260\250\320\205"
 2602      75FF5F5F 
 2602      9DF0B503 
 2602      C069B0A8 
 2602      D085
 2603 0116 448E1B2F 		.ascii	"D\216\033/\236\034J\036\274x\275\224h\322\036\037%?"
 2603      9E1C4A1E 
 2603      BC78BD94 
 2603      68D21E1F 
 2603      253F
 2604 0128 3D0B500A 		.ascii	"=\013P\012R\012Q\012S\312\243\224O\251\200R\204R!\245"
 2604      520A510A 
 2604      53CAA394 
 2604      4FA98052 
 2604      845221A5 
 2605 013c 28A5224A 		.ascii	"(\245\"J\305\224J(\225R*\243TN\251\202\3226J\333)UR"
 2605      C5944A28 
ARM GAS  /tmp/cc47EVn4.s 			page 78


 2605      95522AA3 
 2605      544EA982 
 2605      D2364ADB 
 2606 0153 AAA2544D 		.ascii	"\252\242TM\251\206R-\245\035\224\352(\325Sj\240\264"
 2606      A986522D 
 2606      A51D94EA 
 2606      28D5536A 
 2606      A0B4
 2607 0165 935223A5 		.ascii	"\223R#\245]\224\232(\355\246\324L)F\311\246\024\247"
 2607      5D949A28 
 2607      EDA6D44C 
 2607      2946C9A6 
 2607      14A7
 2608 0177 94A0D442 		.ascii	"\224\240\324B\251\225\322\036Jm\224\366\002\274\215"
 2608      A995D21E 
 2608      4A6D94F6 
 2608      02BC8D
 2609 0186 FB33C5E9 		.ascii	"\3733\305\351\344\035\0278\313\214Ms+s3\2067?\202\263"
 2609      E41D1738 
 2609      CB8C4D73 
 2609      2B733386 
 2609      373F82B3 
 2610 019a 367311C4 		.ascii	"6s\021\3048W@C\315\277\227\265\303\005\354\027\030\237"
 2610      38574043 
 2610      CDBF97B5 
 2610      C305EC17 
 2610      189F
 2611 01ac 4BDDBBC8 		.ascii	"K\335\273\310\255\354\301s\240\003:F\257\316z(\315s"
 2611      ADECC173 
 2611      A0033A46 
 2611      AFCE7A28 
 2611      CD73
 2612 01be 17F1A578 		.ascii	"\027\361\245xW<\213O8\016\236\226\017\316\303<\235\313"
 2612      573C8B4F 
 2612      380E9E96 
 2612      0FCEC33C 
 2612      9DCB
 2613 01d0 04E083F5 		.ascii	"\004\340\203\365@\232\373a\031\010\032_\010\343Y`+\321"
 2613      409AFB61 
 2613      19081A5F 
 2613      08E35960 
 2613      2BD1
 2614 01e2 FB254437 		.ascii	"\373%D7\340\231\205%|\342\232\000+\315\003G\2609\303"
 2614      E0998525 
 2614      7CE29A00 
 2614      2BCD0347 
 2614      B039C3
 2615 01f5 DF931384 		.ascii	"\337\223\023\204\017Xf\274/\315C4\215\315\311\013\256"
 2615      0F5866BC 
 2615      2FCD4334 
 2615      8DCDC90B 
 2615      AE
 2616 0206 45EEC66A 		.ascii	"E\356\306j\272\333H\335\340\331)\271\356N\3518r\341"
 2616      BADB48DD 
 2616      E0D929B9 
 2616      EE4EE938 
 2616      72E1
ARM GAS  /tmp/cc47EVn4.s 			page 79


 2617 0218 45BE172E 		.ascii	"E\276\027.\000\213;b>y\360\036\316G4v\013x^\202stp\""
 2617      008B3B62 
 2617      3E79F01E 
 2617      CE473476 
 2617      0B785E82 
 2618 0230 33D88AEB 		.ascii	"3\330\212\353\301b\311\375?-\037>D\315\242n\036\241"
 2618      C162C9FD 
 2618      3F2D1F3E 
 2618      44CDA26E 
 2618      1EA1
 2619 0242 1D9534AF 		.ascii	"\035\2254\257N\273\222]\346%\246x\270\261^\003/\017"
 2619      4EBB925D 
 2619      E625A678 
 2619      B8B15E03 
 2619      2F0F
 2620 0254 56D0E3D4 		.ascii	"V\320\343\324/Wx'%\317\247\363B\260\012\212\344\307"
 2620      2F577827 
 2620      25CFA7F3 
 2620      42B00A8A 
 2620      E4C7
 2621 0266 42A3955D 		.ascii	"B\243\225]B\311E\235\374BzS\222\002:\311\223\031T-\210"
 2621      42C9459D 
 2621      FC427A53 
 2621      92023AC9 
 2621      9319542D 
 2622 027b C546DA65 		.ascii	"\305F\332e\324\334\324-(\264%I\013\351\264\255\354>"
 2622      D4DCD42D 
 2622      28B42549 
 2622      0BE9B4AD 
 2622      EC3E
 2623 028d DE51F711 		.ascii	"\336Q\367\021\373\206\214\274o\320\313\241~a\341\235"
 2623      FB868CBC 
 2623      6FD0CBA1 
 2623      7E61E19D 
 2624 029d 92BC3C9D 		.ascii	"\222\274<\235\367\021\203o\325\245\345c\245\021\265"
 2624      F711836F 
 2624      D5A5E563 
 2624      A511B5
 2625 02ac 8694875A 		.ascii	"\206\224\207Z\345\013\352\214D\025\350\250\030|\247"
 2625      E50BEA8C 
 2625      4415E8A8 
 2625      187CA7
 2626 02bb 4A112C34 		.ascii	"J\021,4\222\276G\311K\235\"B:+I\205:\251934(Z\024\213"
 2626      92BE47C9 
 2626      4B9D2242 
 2626      3A2B4985 
 2626      3AA93933 
 2627 02d4 8DB49F50 		.ascii	"\215\264\237P\313\245nQ\241\235\223\264\"\235\346\317"
 2627      CBA56E51 
 2627      A19D93B4 
 2627      229DE6CF 
 2628 02e4 0C3E452B 		.ascii	"\014>E+\306b#m\0035\037u+\026\332yI+\321ia\270\256\356"
 2628      C662236D 
 2628      03351F75 
 2628      2B16DA79 
 2628      492BD169 
 2629 02fc 6229161A 		.ascii	"b)\026\032I\177\240\344\247N\245B\372L\222\312t\322"
ARM GAS  /tmp/cc47EVn4.s 			page 80


 2629      497FA0E4 
 2629      A74EA542 
 2629      FA4C92CA 
 2629      74D2
 2630 030e AFD95771 		.ascii	"\257\331Wq]}\025\313\261\334\310\273\205^\200\372\225"
 2630      5D7D15CB 
 2630      B1DCC8BB 
 2630      855E80FA 
 2630      95
 2631 031f 0B6F55F2 		.ascii	"\013oU\362*t^\0206\325\225m\303B#\3516JA\352\264MH\237"
 2631      2A745E10 
 2631      36D5956D 
 2631      C34223E9 
 2631      364A41EA 
 2632 0337 4BD2769D 		.ascii	"K\322v\235T\221\031\312\024\255\022\213\215\264qk\036"
 2632      549119CA 
 2632      14AD128B 
 2632      8DB4716B 
 2632      1E
 2633 0348 BF87DD2A 		.ascii	"\277\207\335*\205\366\205\244U\351\264\325\354>\256"
 2633      85F685A4 
 2633      55E9B4D5 
 2633      EC3EAE
 2634 0357 A8FB588D 		.ascii	"\250\373X\215\345F\336$za\352W-\274\313\222W\243\363"
 2634      E546DE24 
 2634      7A61EA57 
 2634      2DBCCB92 
 2634      57A3F3
 2635 036a 3E6590B2 		.ascii	">e\220\262\024\252\026+\215\250\347\220\312\243V\265"
 2635      14AA162B 
 2635      8DA8E790 
 2635      CAA356B5 
 2636 037a 82FA52A2 		.ascii	"\202\372R\242v\350\250\217\031<\257RuXiDM!\225O\255"
 2636      76E8A88F 
 2636      193CAF52 
 2636      75586944 
 2636      4D21954F 
 2637 038f EA04F5B5 		.ascii	"\352\004\365\265D\325\353\250\233\331]\334Pw\261\001"
 2637      44D5EBA8 
 2637      9BD95DDC 
 2637      5077B101 
 2638 039f CB8DBC39 		.ascii	"\313\215\2749\364\012\250_\203\360\256H\336N\235\027"
 2638      F40AA85F 
 2638      83F0AE48 
 2638      DE4E9D17 
 2639 03af 8017D495 		.ascii	"\200\027\324\2255b\241\221t\030\245\010uj\024\322o\222"
 2639      3562A191 
 2639      7418A508 
 2639      756A14D2 
 2639      6F92
 2640 03c1 B44B275D 		.ascii	"\264K']\313\256\354\252\272\262&,7\362\346\321+\244"
 2640      CBAEECAA 
 2640      BAB2262C 
 2640      37F2E6D1 
 2640      2BA4
 2641 03d3 7E4DC2BB 		.ascii	"~M\302\273.y\273u^%,\250+k\306B#\351\025\224\242\324"
 2641      2E79BB75 
ARM GAS  /tmp/cc47EVn4.s 			page 81


 2641      5E252CA8 
 2641      2B6BC642 
 2641      23E91594 
 2642 03e9 A9594837 		.ascii	"\251YH7$)\246\223\3523C\225\242\331Xl\244\035C\255\210"
 2642      2429A693 
 2642      EA334395 
 2642      A2D9586C 
 2642      A41D43AD 
 2643 03fe BAD942BB 		.ascii	"\272\331B\273)iq\235V\372\337\023K`\241\221\364*J\305"
 2643      2969719D 
 2643      56FADF13 
 2643      4B60A191 
 2643      F42A4AC5 
 2644 0412 D42921A4 		.ascii	"\324)!\244[\222\324\242\223\242\360\232*\265b\241\221"
 2644      5B92D4A2 
 2644      93A2F09A 
 2644      2AB562A1 
 2644      91
 2645 0423 F43A4A25 		.ascii	"\364:J%\324\251UH\177K\322\036\235\364\011\203\223*"
 2645      D4A95548 
 2645      7F4BD21E 
 2645      9DF40983 
 2645      932A
 2646 0435 D5869546 		.ascii	"\325\206\225F\324\033H\225R\2536\366;\214_\275\275O"
 2646      D41B4895 
 2646      52AB36F6 
 2646      3B8C5FBD 
 2646      BD4F
 2647 0447 FC0B34C5 		.ascii	"\374\0134\305\341\356\237\320\214U\333}C\003\275v\177"
 2647      E1EE9FD0 
 2647      8C55DB7D 
 2647      4303BD76 
 2647      7F
 2648 0458 D7A0FDF0 		.ascii	"\327\240\375\360P\362\311\201\336\301\321\021\373\301"
 2648      50F2C981 
 2648      DEC1D111 
 2648      FBC1
 2649 0466 F67D8F74 		.ascii	"\366}\217tvw\355\357\032L\366\262\246\321\276\376\341"
 2649      7677EDEF 
 2649      1A4CF6B2 
 2649      A6D1BEFE 
 2649      E1
 2650 0477 9ECE035D 		.ascii	"\236\316\003]\303\243O\331\017\365\365w\367?\372\230"
 2650      C3A34FD9 
 2650      0FF5F577 
 2650      F73FFA98 
 2651 0487 3D3462F7 		.ascii	"=4b\367u\355\267G\206\2234v\016\014$GzbI\346\032\351"
 2651      75EDB747 
 2651      86933476 
 2651      0E0C2447 
 2651      7A6249E6 
 2652 049d 491E884A 		.ascii	"I\036\210JOb\211\336\356xk\333=-\314\215\367\2118\307"
 2652      4F6289DE 
 2652      EE786BDB 
 2652      3D2DCC8D 
 2652      F78938C7 
 2653 04b1 EB3FA895 		.ascii	"\353?\250\225\015O"
ARM GAS  /tmp/cc47EVn4.s 			page 82


 2653      0D4F
 2654              		.text
 2655              		.section	.gnu.lto__mmcsd_unpack_csd_v20.439.d8b29fb7f91c9a9d,"e",%progbits
 2656 0000 789C8DD7 		.ascii	"x\234\215\327[L\\E\030\007\360\371\316\234\275\260\354"
 2656      5B4C5C45 
 2656      1807F0F9 
 2656      CE9CBDB0 
 2656      EC
 2657 0011 05963BA5 		.ascii	"\005\226;\245\334\357\227\335\005b\342\213\211Q\037"
 2657      DCEF97DD 
 2657      0562E28B 
 2657      89511F
 2658 0020 6B6C34F8 		.ascii	"kl4\370J`!\201X\240\262\370\340S\017\204j\262/\3344"
 2658      4A602181 
 2658      58A0B2F8 
 2658      E0530F84 
 2658      6AB22FDC 
 2659 0035 5E5A6AA5 		.ascii	"^Zj\245\253\301D\243/X\324\326\362\202\211\361R\224"
 2659      ABC144A3 
 2659      2F58D4D6 
 2659      F28289F1 
 2659      5294
 2660 0047 7A416D8A 		.ascii	"zAm\2125Qh\214\3056M\253R\361\373f72c\306dH8\363?\303"
 2660      3551688C 
 2660      C5364DAB 
 2660      52F1FB66 
 2660      373263C6 
 2661 0061 B7DF6FE6 		.ascii	"\267\337o\346\314I\2003~\306\306\030c5\370\015\234\301"
 2661      CC498033 
 2661      7EC6C618 
 2661      6335F80D 
 2661      9CC1
 2662 0073 EC4CD262 		.ascii	"\354L\322b\216\343\334\357\261`|&\231\005\347A\334\001"
 2662      8EE3DCEF 
 2662      B1607C26 
 2662      9905E741 
 2662      DC01
 2663 0085 3B66C131 		.ascii	";f\3011\230\343Mx{\347\370\334\267\037\203\263\270\002"
 2663      98E34D78 
 2663      7BE7F8DC 
 2663      B71F83B3 
 2663      B802
 2664 0097 29CED829 		.ascii	")\316\330)\374\026_'9\314\362\024\007\2603\311\202J"
 2664      FC165F27 
 2664      39CCF214 
 2664      07B033C9 
 2664      824A
 2665 00a9 4CFC306B 		.ascii	"L\3740kXq\234\265_\227\035'\213\2458\207\263\200\237"
 2665      58719CB5 
 2665      5F971D27 
 2665      8BA53887 
 2665      B3809F
 2666 00bc 81770196 		.ascii	"\201w\001\226\200\321D\327\2310\325=!\352v6\266_\016"
 2666      80D144D7 
 2666      9930D53D 
 2666      21EA7636 
 2666      B65F0E
ARM GAS  /tmp/cc47EVn4.s 			page 83


 2667 00cf 4E63671B 		.ascii	"Ncg\033\336S\353\354\256w\302B\341O\322\265\216\212"
 2667      DE53EBEC 
 2667      AE77C242 
 2667      E14FD2B5 
 2667      8E8A
 2668 00e1 BFDB4E06 		.ascii	"\277\333N\006\247\307\275)\356\202\017\344j\306\272"
 2668      A7C7BD29 
 2668      EE820FE4 
 2668      6AC6BA
 2669 00f0 CE87DD0C 		.ascii	"\316\207\335\014\316Af}8\007x\367\366\227\256\025gw"
 2669      CE41667D 
 2669      380778F7 
 2669      F697AE15 
 2669      6777
 2670 0102 6FCA712E 		.ascii	"o\312q.>\374\347\356O\276C\000\260\014\026\025\332H"
 2670      3EFCE7EE 
 2670      4FBE4300 
 2670      B00C1615 
 2670      DA48
 2671 0114 B85D7471 		.ascii	"\270]tq\343\305\343\241\344\305\213\227\026\355\366"
 2671      E3C5E3A1 
 2671      E4C58B97 
 2671      16EDF6
 2672 0123 D15C3625 		.ascii	"\321\\6%?\245\000\245 \245\020\245\034J\271\224\302"
 2672      3FA500A5 
 2672      20A510A5 
 2672      1C4AB994 
 2672      C2
 2673 0134 94F228E5 		.ascii	"\224\362(\345S*\240TH\251\210R1\245\022J\245\224\016"
 2673      532AA054 
 2673      48A98852 
 2673      31A5124A 
 2673      A5940E
 2674 0147 502AA374 		.ascii	"P*\243t\220R9\245\012J\225\224\252(US\252\241TK\251"
 2674      905239A5 
 2674      0A4A9594 
 2674      AA285553 
 2674      AAA1544B 
 2675 015c 8E523DA5 		.ascii	"\216R=\245\006J\215\224\232(5Sj\241\324J\251\215R\204"
 2675      064A8D94 
 2675      9A283553 
 2675      6AA1D44A 
 2675      A98D5284 
 2676 0170 5294528C 		.ascii	"R\224R\214R;\245\016J\235\000\357\343\003\231\342t\324"
 2676      523BA50E 
 2676      4A9D00EF 
 2676      E30399E2 
 2676      74D4
 2677 0182 8E0DCE0A 		.ascii	"\216\015\316\012c\323\334J\337\214\343\3155p\256.\255"
 2677      63D3DC4A 
 2677      DF8CE3CD 
 2677      3570AE2E 
 2677      AD
 2678 0193 831897F3 		.ascii	"\203\030\227\363h\250\376\367r\365\\\036\373\015&\236"
 2678      68A8FEF7 
 2678      72F55C1E 
 2678      FB0D269E 
ARM GAS  /tmp/cc47EVn4.s 			page 84


 2679 01a3 4BDEB7C0 		.ascii	"K\336\267\300\255\314Is\240\023y\235\336\225\255`\212"
 2679      ADCC4973 
 2679      A013799D 
 2679      DE95AD60 
 2679      8A
 2680 01b4 672DE05B 		.ascii	"g-\340[\360\241\230\213M:\016\036\217\017.\300<\035"
 2680      F0A1988B 
 2680      4D3A0E1E 
 2680      8F0F2EC0 
 2680      3C1D
 2681 01c6 C424E0C4 		.ascii	"\304$\340\304\226?\305\263a\005\010\2328\035\302\207"
 2681      963FC5B3 
 2681      6105089A 
 2681      381DC287 
 2682 01d6 8FAD44EF 		.ascii	"\217\255D\357\013\210\356\3003\247\227p\306\236\004"
 2682      0B88EEC0 
 2682      33A79770 
 2682      C69E04
 2683 01e5 2BC5FDA7 		.ascii	"+\305\375\247\2609\303\237\223\023\200U\226\036c)\036"
 2683      B039C39F 
 2683      93138055 
 2683      961E6329 
 2683      1E
 2684 01f6 A465EC24 		.ascii	"\244e\354$o\361\314\"\354\375E,\"\020Z\340\235\260\012"
 2684      6FF1CC22 
 2684      ECFD452C 
 2684      22105AE0 
 2684      9DB00A
 2685 0209 2CE68815 		.ascii	",\346\210\025\004\340#\\\201he\013\352\013\211r\351"
 2685      04E0235C 
 2685      8168650B 
 2685      EA0B8972 
 2685      E9
 2686 021a 284F7A80 		.ascii	"(Oz\200\214\264\373\354\252\275\300\335X,\271\377\247"
 2686      8CB4FBEC 
 2686      AABDC0DD 
 2686      582CB9FF 
 2686      A7
 2687 022b E5C027A8 		.ascii	"\345\300'\250Y\324\315-\264uI\363\350\264+\231\215]"
 2687      59D4CD2D 
 2687      B47549F3 
 2687      E8B42B99 
 2687      8D5D
 2688 023d 628AE7C5 		.ascii	"b\212\347\305r\003/\027\326\320\343\324\317+\274\257"
 2688      72032F17 
 2688      D6D0E3D4 
 2688      CF2BBCAF 
 2689 024d 242F4BE7 		.ascii	"$/K\347\005a]\335\231\017\013\215vv\011%\233:\371\204"
 2689      05615DDD 
 2689      990F0B8D 
 2689      76760925 
 2689      9B3AF984 
 2690 0261 F48D2465 		.ascii	"\364\215$e\353\244\275\314\316\376Vw\346\307r#o\003"
 2690      EBA4BDCC 
 2690      CEFE5677 
 2690      E6C77223 
 2690      6F03
ARM GAS  /tmp/cc47EVn4.s 			page 85


 2691 0273 3D17F5F3 		.ascii	"=\027\365\363\013oC\362\002:\357S\006?\250[\013b\245"
 2691      0B6F43F2 
 2691      023AEF53 
 2691      063FA85B 
 2691      0B62A5
 2692 0286 11751929 		.ascii	"\021u\031)7\265\012\012\352{\211\012\351\250\010l\252"
 2692      37B50A0A 
 2692      EA7B890A 
 2692      E9A8086C 
 2692      AA
 2693 0297 520E161A 		.ascii	"R\016\026\032I?\242\344\241N9B\272,I\271:);=\370\024"
 2693      493FA2E4 
 2693      A14E3942 
 2693      BA2C49B9 
 2693      3A293B3D 
 2694 02ad 2D8CC546 		.ascii	"-\214\305F\332\317\250y\251[XhW$-O\247\205`[\335W>\026"
 2694      DACFA879 
 2694      A95B5868 
 2694      57242D4F 
 2694      A785605B 
 2695 02c5 1A49D750 		.ascii	"\032I\327P\312\242N\371B\372]\222\012t\322\365\314\313"
 2695      CAA24EF9 
 2695      42FA5D92 
 2695      0A74D2F5 
 2695      CCCB
 2696 02d7 B1A5BE1C 		.ascii	"\261\245\276\034\205Xn\344]G\317G\375\012\205wS\362"
 2696      85586EE4 
 2696      5D47CF47 
 2696      FD0A8577 
 2696      53F2
 2697 02e9 8A745E00 		.ascii	"\212t^\000n\250;+\306B#\351&J\331\324\251XH\267$\251"
 2697      6EA83B2B 
 2697      C64223E9 
 2697      264AD9D4 
 2697      A95848B7 
 2698 02ff 442795A5 		.ascii	"D'\225\245\207RE+\305b#\355\016j~\352V*\264\333\222"
 2698      8752452B 
 2698      C56223ED 
 2698      0E6A7EEA 
 2698      562AB4DB 
 2699 0314 7640A7AD 		.ascii	"v@\247\255g\236\343\232\372\034\313\260\334\310\273"
 2699      679EE39A 
 2699      FA1CCBB0 
 2699      DCC8BB
 2700 0323 8B5E80FA 		.ascii	"\213^\200\372\225\011\357\017\311;\250\363.2p,\205*"
 2700      9509EF0F 
 2700      C93BA8F3 
 2700      2E32702C 
 2700      852A
 2701 0335 C74A236A 		.ascii	"\307J#j\334\232\307\317a\253rA\375%Q\025:\3523\006\223"
 2701      DC9AC7CF 
 2701      61AB7241 
 2701      FD255115 
 2701      3AEA3306 
 2702 034a 2A558995 		.ascii	"*U\211\225F\324q\244B\324\252RPw%\252JG\265\245\207"
 2702      46D471A4 
 2702      42D4AA52 
ARM GAS  /tmp/cc47EVn4.s 			page 86


 2702      507725AA 
 2702      4A47B5A5 
 2703 035f 0645ABC6 		.ascii	"\006E\253\306b#-\211Z\016uK\377\236\334\223\264\032"
 2703      62232D89 
 2703      5A0E754B 
 2703      FF9EDC93 
 2703      B41A
 2704 0371 9D763B73 		.ascii	"\235v;sf;\352\231\325b\271\2217\205^.\365\253\025\336"
 2704      663BEA99 
 2704      D562B991 
 2704      37855E2E 
 2704      F5AB15DE 
 2705 0385 CCD7FB5E 		.ascii	"\314\327\373^\235\316\363\303\254\372\034\353\261\320"
 2705      9DCEF3C3 
 2705      ACFA1CEB 
 2705      B1D0
 2706 0393 489A4329 		.ascii	"H\232C)L\235\352\2054'I\015:\351\227\314\3166\325\235"
 2706      4C9DEA85 
 2706      3427490D 
 2706      3AE997CC 
 2706      CE36D59D 
 2707 03a7 3562B991 		.ascii	"5b\271\221\367\"zy\324\257Qx\317K^\223\316\253\200\023"
 2707      F7227A79 
 2707      D4AF5178 
 2707      CF4B5E93 
 2707      CEAB8013 
 2708 03bb EACE9AB1 		.ascii	"\352\316\232\261\320H:\211R>uj\026\322\013\222\324\242"
 2708      D0483A89 
 2708      523E756A 
 2708      16D20B92 
 2708      D4A2
 2709 03cd 93EAD343 		.ascii	"\223\352\323C\245\242\265b\261\221\366*j\005\324\255"
 2709      A5A2B562 
 2709      B191F62A 
 2709      6A05D4AD 
 2710 03dd 55682F49 		.ascii	"Uh/IZ\233N+\371\357\211E\260\320Hz\015\245B\352\024"
 2710      5A9B4E2B 
 2710      F9EF8945 
 2710      B0D0487A 
 2710      0DA542EA 
 2711 03f2 11D20949 		.ascii	"\021\322\011I\212\352\244\002XT\245\030\026\032Io\240"
 2711      8AEAA402 
 2711      5854A518 
 2711      161A496F 
 2711      A0
 2712 0403 54449D62 		.ascii	"TD\235bB\232\227\244v\235\3649\2037U\252\003+\215\250"
 2712      429A97A4 
 2712      769DF439 
 2712      833755AA 
 2712      032B8DA8 
 2713 0417 B7902AA6 		.ascii	"\267\220*\246V\035\354\006Ll\276\362\270\370\277c\212"
 2713      561DEC06 
 2713      4C6CBEF2 
 2713      B8F8BF63 
 2713      8A
 2714 0428 C3FE9FB1 		.ascii	"\303\376\237\261\214UE\007F\206\372\243\203=\303\321"
 2714      8C554507 
ARM GAS  /tmp/cc47EVn4.s 			page 87


 2714      4686FAA3 
 2714      833DC3D1 
 2715 0438 8746E24F 		.ascii	"\207F\342O\015\365\017\217%\242\017\034~\364Pwo\317"
 2715      0DF50F8F 
 2715      25A20F1C 
 2715      7EF45077 
 2715      6FCF
 2716 044a 919EE178 		.ascii	"\221\236\341x?k\031\033\030\034\355\353>\3323:\366t"
 2716      3F6B191B 
 2716      181CEDEB 
 2716      3EDA333A 
 2716      F674
 2717 045c F4C181C1 		.ascii	"\364\301\201\301\336\301G\036\213\216$\242\003=G\242"
 2717      DEC1471E 
 2717      8B8E24A2 
 2717      033D47A2 
 2718 046c 89D1388D 		.ascii	"\211\3218\215\335CC\361D_$\316\354D_\374h\2014\023i"
 2718      DD4343F1 
 2718      445F24CE 
 2718      EC445FFC 
 2718      68813413 
 2719 0481 EFEF8D75 		.ascii	"\357\357\215u\336so\007s\341}G\214\343\365\037\263\244"
 2719      DE736F07 
 2719      73E17D47 
 2719      8CE3F51F 
 2719      B3A4
 2720 0493 E401     		.ascii	"\344\001"
 2721              		.text
 2722              		.section	.gnu.lto__mmcsd_get_capacity.part.0.448.d8b29fb7f91c9a9d,"e",%progbits
 2723 0000 789C7592 		.ascii	"x\234u\222Mh\023Q\020\307\347\277o\363\321\"\212\205"
 2723      4D681351 
 2723      10C7E7BF 
 2723      6FF3D122 
 2723      8A85
 2724 0012 DE2B2245 		.ascii	"\336+\"E\204\256\265\010\322\203\024\365(X\264\367\222"
 2724      84AEB508 
 2724      D28314F5 
 2724      2858B4F7 
 2724      92
 2725 0023 A481449A 		.ascii	"\244\201D\232D\222x\360\324W?r\310\245\251\025=\230"
 2725      449278F0 
 2725      D4573F72 
 2725      C8A5A915 
 2725      3D98
 2726 0035 B6127228 		.ascii	"\266\022r(^DP\251\366\303\332\264\006\017B\261^+\"\210"
 2726      5E4450A9 
 2726      F6C3DAB4 
 2726      060F42B1 
 2726      5E2B2288 
 2727 0049 20458A20 		.ascii	" E\212 J\021\342\314\2764\331b\0336\363f\347\375\376"
 2727      4A11E2CC 
 2727      BE34D962 
 2727      1B36F366 
 2727      E7FDFE
 2728 005c 33B3F3DE 		.ascii	"3\263\363\336\246\"J\021Q/\377\341#\334\013\222\326"
 2728      A6224A11 
 2728      512FFFE1 
ARM GAS  /tmp/cc47EVn4.s 			page 88


 2728      23DC0B92 
 2728      D6
 2729 006d BA2F60A3 		.ascii	"\272/`\243\315]-L\214\347\253\223\367}X\205\033P\030"
 2729      CD5D2D4C 
 2729      8CE7AB93 
 2729      F77D5885 
 2729      1B5018
 2730 0080 1DCF5B06 		.ascii	"\035\317[\006\002\215\330\226\302\010&TQ\341\256*+\202"
 2730      028DD896 
 2730      C2082654 
 2730      51E1AE2A 
 2730      2B82
 2731 0092 5DF7800E 		.ascii	"]\367\200\016\366\216/i\375\347\316\304B\305_\234Y\262"
 2731      F68E2F69 
 2731      FDE7CEC4 
 2731      42C55F9C 
 2731      59B2
 2732 00a4 CBCAA229 		.ascii	"\313\312\242)f\236\003\317\300\005I\266\013\315\035"
 2732      669E03CF 
 2732      C00549B6 
 2732      0BCD1D
 2733 00b3 D477F082 		.ascii	"\324w\360\202wY\255\372\305v2\264\366iV\353\026*+\205"
 2733      7759ADFA 
 2733      C57632B4 
 2733      F66956EB 
 2733      162A2B85 
 2734 00c7 593453E0 		.ascii	"Y4S\340%84Pm\357t\023iId\010\354\"\310\244\273*\366"
 2734      25383450 
 2734      6DEF7413 
 2734      69496408 
 2734      EC22C8A4 
 2735 00de 18A35B8B 		.ascii	"\030\243[\213\225\374\301\302h\220\313b\316\233o\236"
 2735      95FCC1C2 
 2735      6890CB62 
 2735      CE9B6F9E 
 2736 00ee 0B0F7C6B 		.ascii	"\013\017|k\027xx\007^\233\226\332\035\302.x\331Ea7\\"
 2736      17787807 
 2736      5E9B96DA 
 2736      1DC22E78 
 2736      D9456137 
 2737 0103 36D9608B 		.ascii	"6\331`\213\015\366\265\227]\022v]X\277\274\260VJ\011"
 2737      0DF6B597 
 2737      5D12765D 
 2737      58BFBCB0 
 2737      564A09
 2738 0116 F0060DED 		.ascii	"\360\006\015\355\343\206v\316\373\005\322\323>\275\300"
 2738      E38676CE 
 2738      FB05D2D3 
 2738      3EBDC0
 2739 0125 DBCB3E3D 		.ascii	"\333\313>=\300\333\003q\371\025\240\002,\303\0358\227"
 2739      C0DB0371 
 2739      F915A002 
 2739      2CC31D38 
 2739      97
 2740 0136 277E14BF 		.ascii	"'~\024\277Kt\005O>\370\264\376[\033\323z\276\367\360"
 2740      4B74054F 
 2740      3EF8B4FE 
ARM GAS  /tmp/cc47EVn4.s 			page 89


 2740      5B1BD37A 
 2740      BEF7F0
 2741 0149 0100AF60 		.ascii	"\001\000\257`\211\206[\255\300&\346||\014\266_L@LP\214"
 2741      89865BAD 
 2741      C026E67C 
 2741      7C0CB65F 
 2741      4C404C50 
 2742 015e 1C8DDD2A 		.ascii	"\034\215\335*\206hL\311\355\3206\304\265\215\253\250"
 2742      86684CC9 
 2742      EDD036C4 
 2742      B58DABA8 
 2743 016e A0AC1D77 		.ascii	"\240\254\035w\023\243\237\037T[\370Fq\307G9X\3203|\024"
 2743      13A39F1F 
 2743      545BF846 
 2743      71C74739 
 2743      58D0337C 
 2744 0183 3E9987F9 		.ascii	">\231\207\371\355\016J\337x+\366;\364\227\207U\213\266"
 2744      ED0E4ADF 
 2744      782BF63B 
 2744      F4978755 
 2744      8BB6
 2745 0195 907BD453 		.ascii	"\220{\324SR\326mXe\345\237\342\313C%s\355,\274#\263"
 2745      52D66D58 
 2745      65E59FE2 
 2745      CB432573 
 2745      ED2CBC23 
 2746 01aa 9E2DAB00 		.ascii	"\236-\253\000\013nvp\363\214\272\332\311\246V\355\245"
 2746      0B6E7670 
 2746      F38CBADA 
 2746      C9A656ED 
 2746      A5
 2747 01bb ED368BD3 		.ascii	"\3556\213\323\220VX\252\\\351tSj\357%]\257\227]\243"
 2747      905658AA 
 2747      5CE97453 
 2747      6AEF255D 
 2747      AF975DA3 
 2748 01cf 867899C5 		.ascii	"\206x\231\305\266+~\312\342\037\270U\314\255Z%\345\343"
 2748      B62B7ECA 
 2748      E21FB855 
 2748      CCAD5A25 
 2748      E5E3
 2749 01e1 6E84B501 		.ascii	"n\204\265\001\023\374\252J\312\317uL\320%\267s\277\230"
 2749      13FCAA4A 
 2749      CACF754C 
 2749      D025B773 
 2749      BF98
 2750 01f3 0CB8B0DF 		.ascii	"\014\270\260\337P\357\331\015rBC\375\256\325j\207\014"
 2750      50EFD90D 
 2750      724243FD 
 2750      AED56A87 
 2750      0C
 2751 0204 B9619754 		.ascii	"\271a\227T\213\013\007yD\005\245<s\356\243\372\210\265"
 2751      8B0B0779 
 2751      4405A53C 
 2751      73EEA3FA 
 2751      88B5
 2752 0216 CE5BFF8D 		.ascii	"\316[\377\215\270\031tG\374Q\354Op\341Vv\266\321\312"
ARM GAS  /tmp/cc47EVn4.s 			page 90


 2752      B8197447 
 2752      FC51EC4F 
 2752      70E15676 
 2752      B6D1CA
 2753 0229 79AD363E 		.ascii	"y\2556>&>G\230\244\374\305t\304\211\245\022Q'\036J:"
 2753      263E4798 
 2753      A4FCC574 
 2753      C489A512 
 2753      51271E4A 
 2754 023e 175291EB 		.ascii	"\027R\221\353\211h2\233q\316\365_\2768\030\016\015\207"
 2754      8968329B 
 2754      71CEF55F 
 2754      BE38180E 
 2754      0D87
 2755 0250 9291289D 		.ascii	"\222\221(\235\310\306\342\351\241\301k\241t\366\206"
 2755      C8C6E2E9 
 2755      A1C16BA1 
 2755      74F686
 2756 025f 733E160F 		.ascii	"s>\026\017\307/]qR\031'\026\032v2\351\210\254\203\211"
 2756      C72F5D71 
 2756      52192716 
 2756      1A7632E9 
 2756      88AC8389 
 2757 0273 442433D4 		.ascii	"D$3\324\025!\305K\273'\320\325\035\015\237\3549}\346"
 2757      1521C54B 
 2757      BB27D0D5 
 2757      1D0D9FEC 
 2757      397DE6
 2758 0286 14218230 		.ascii	"\024!\2020B\377\000\257FBc"
 2758      42FF00AF 
 2758      464263
 2759              		.text
 2760              		.section	.gnu.lto_.symbol_nodes.d8b29fb7f91c9a9d,"e",%progbits
 2761 0000 789C75D3 		.ascii	"x\234u\323Mj\302@\030\306\361\231y\325H\002\011$\220"
 2761      4D6AC240 
 2761      18C6F199 
 2761      79D54802 
 2761      092490
 2762 0013 4002F16E 		.ascii	"@\002\361n\021\024\024\024\024,\264\320\321\322\003"
 2762      11141414 
 2762      142CB4D0 
 2762      D1D203
 2763 0022 F40C2E5D 		.ascii	"\364\014.]\365\273\264\253\342\001\272kO\320Kte#\326"
 2763      F5BBB4AB 
 2763      E201BA6B 
 2763      4FD04B74 
 2763      6523D6
 2764 0035 F9B7D0CC 		.ascii	"\371\267\320\314\352\307<3\303\223\027\362\331VJ\231"
 2764      EAC73C33 
 2764      C39317F2 
 2764      D9564A99 
 2765 0045 6BB16A59 		.ascii	"k\261jY\257\226\276zS\312*\365\262\\i\245\325~\231W"
 2765      AF96BE7A 
 2765      53CA2AF5 
 2765      B25C69A5 
 2765      D57E9957 
 2766 0059 B1FA4FF8 		.ascii	"\261\372O\370|\271Z-\3151\276\021k\276v\273\235\374"
ARM GAS  /tmp/cc47EVn4.s 			page 91


 2766      7CB95A2D 
 2766      CD31BE11 
 2766      6BBE76BB 
 2766      9DFC
 2767 006b 77F756AC 		.ascii	"w\367V\2544>|'\266\325\030\336\213m7\206\017b;\215\341"
 2767      343E7C27 
 2767      B6D518DE 
 2767      8B6D3786 
 2767      0F623B8D 
 2768 0080 A358AF31 		.ascii	"\243X\2571|\022\333m\012E\377\014a\335q\334j\307J\214"
 2768      7C12DB6D 
 2768      0A45FF0C 
 2768      61DD71DC 
 2768      6AC74A8C 
 2769 0094 3A7C68BD 		.ascii	":|h\275i\364\307\346}\243\367G\215:\360\302\223\026"
 2769      69F4C7E6 
 2769      7DA3F747 
 2769      8D3AF0C2 
 2769      9316
 2770 00a6 0F38B2BB 		.ascii	"\0178\262\273\365a\000C\030\301\030&0\205\031\314a\001"
 2770      F5610043 
 2770      18C11826 
 2770      308519CC 
 2770      6101
 2771 00b8 4B6953C7 		.ascii	"KiS\307\321s\254\3538\0060\204\021\214a\002S\230\301"
 2771      D173ACEB 
 2771      38063084 
 2771      118C6102 
 2771      5398C1
 2772 00cb 1C16903A 		.ascii	"\034\026\220:\333\236th\346\350A\037\0060\204\021\214"
 2772      DB9E7468 
 2772      E6E8411F 
 2772      06308411 
 2772      8C
 2773 00dc 61025398 		.ascii	"a\002S\230\301\034\026\260\204\277\232U\260\017\007"
 2773      C11C16B0 
 2773      84BF9A55 
 2773      B00F07
 2774 00eb 70084770 		.ascii	"p\010Gp\014'p\012gp\016\027\360\004\236\3023x\016-\\"
 2774      0C27700A 
 2774      67700E17 
 2774      F0049EC2 
 2774      33780E2D 
 2775 0100 6BF198AA 		.ascii	"k\361\230\252\243\007}\030\300\020F0\206\011La\006s"
 2775      A3077D18 
 2775      C0104630 
 2775      86094C61 
 2775      0673
 2776 0112 58C012F6 		.ascii	"X\300\022\366`\005\373p\000\207p\004\307p\002\247p\006"
 2776      6005FB70 
 2776      00877004 
 2776      C77002A7 
 2776      7006
 2777 0124 E770215D 		.ascii	"\347p!]Frd\375\237:\3720\200!\214`\014\023\230\302\014"
 2777      467264FD 
 2777      9F3AFA30 
 2777      80218C60 
ARM GAS  /tmp/cc47EVn4.s 			page 92


 2777      0C1398C2 
 2778 0139 E6B08025 		.ascii	"\346\260\200%\354\301\012\366\341\000\016\341\010\216"
 2778      ECC10AF6 
 2778      E1000EE1 
 2778      088E
 2779 0147 E1044EE1 		.ascii	"\341\004N\341\014\316\3257\224+\212\252"
 2779      0CCED537 
 2779      942B8AAA 
 2780              		.text
 2781              		.section	.gnu.lto_.refs.d8b29fb7f91c9a9d,"e",%progbits
 2782 0000 789C6364 		.ascii	"x\234cd\000\002\000\000\012\000\002"
 2782      00020000 
 2782      0A0002
 2783              		.text
 2784              		.section	.gnu.lto_.decls.d8b29fb7f91c9a9d,"e",%progbits
 2785 0000 789CBD5A 		.ascii	"x\234\275Z\011t\024Wv\255\367\177KjZ\002\311H\214\355"
 2785      09741457 
 2785      76ADF77F 
 2785      4B6A5A02 
 2785      C9488CED 
 2786 0014 C9C4C173 		.ascii	"\311\304\301s86'\223A N\260s2'!\266\3073\023/\361\304"
 2786      38362793 
 2786      41204EB0 
 2786      73322721 
 2786      B6C73313 
 2787 002b E349EC64 		.ascii	"\343I\354d\322i\272\033\243\240mZ\015\206\231$S\010"
 2787      D269BA1B 
 2787      A3A06D5A 
 2787      0D869924 
 2787      5308
 2788 003d 498855C2 		.ascii	"I\210U\302\200\021hA\026`\020\213$\203X\004\002\032"
 2788      80116841 
 2788      1660108B 
 2788      24835804 
 2788      021A
 2789 004f 1092A001 		.ascii	"\020\222\240\001\261\231\035\261c\261c\300\210\235\274"
 2789      B1991DB1 
 2789      63B163C0 
 2789      889DBC
 2790 005e BF54FFAA 		.ascii	"\277T\377\252r\313\307sN\222\266ow\325\257\373\337\273"
 2790      72CBC773 
 2790      4E92B66F 
 2790      77D5AFFB 
 2790      DFBB
 2791 0070 EFFDF75F 		.ascii	"\357\375\367_W\2538\375\274\246\275\357\320\26411\232"
 2791      57AB38FD 
 2791      BCA6BDEF 
 2791      D0B43131 
 2791      9A
 2792 0081 F6045F2E 		.ascii	"\366\004_.M\323\366\"z \326#6 :\020\247\021q\240i\317"
 2792      4DD3F622 
 2792      7A20D623 
 2792      36203A10 
 2792      A71171A0 
 2793 0097 2286210A 		.ascii	"\"\206!\012\021\325\010Mr\227\340q=\242\016\321\200"
 2793      11D5084D 
 2793      7297E071 
ARM GAS  /tmp/cc47EVn4.s 			page 93


 2793      3DA20ED1 
 2793      80
 2794 00a8 D8846845 		.ascii	"\330\204hE\264#\016!NJ\256\371\365\036\3254'~\366F\244"
 2794      B4230E21 
 2794      4E4AAEF9 
 2794      F51ED534 
 2794      277EF646 
 2795 00bd 98FCBD8F 		.ascii	"\230\374\275\217x\021\361\001\242IrA\372\260\277\334"
 2795      7811F101 
 2795      A2497241 
 2795      FAB0BFDC 
 2796 00cd 68C315C5 		.ascii	"h\303\025\305\006\233\177\012\3715\210\021L?~\326\312"
 2796      069B7F0A 
 2796      F9358811 
 2796      4C3F7ED6 
 2796      CA
 2797 00de F93885EB 		.ascii	"\3718\205\35344\333_\351Qt\261\370\177`\330\225\032"
 2797      3434DB5F 
 2797      E95174B1 
 2797      F87F60D8 
 2797      951A
 2798 00f0 0D5D0D51 		.ascii	"\015]\015Ql\374\001m\364\321\204o\303N\207\314\241\241"
 2798      6CFC016D 
 2798      F4D1846F 
 2798      C34E87CC 
 2798      A1A1
 2799 0102 8FD97B01 		.ascii	"\217\331{\001q\013q\002q\006\257\235\003\241\233\371"
 2799      710B7102 
 2799      7106AF9D 
 2799      03A19BF9 
 2800 0112 64DA6311 		.ascii	"d\332c\021\227\360\270S\346\343\216&\342=\212 x\355"
 2800      97F0B853 
 2800      E6E38E26 
 2800      E23D8A20 
 2800      78ED
 2801 0124 017E3E66 		.ascii	"\001~>f1\201\020\343@\000\342\021\236>d\034M\254E\264"
 2801      318110E3 
 2801      4000E211 
 2801      9E3E641C 
 2801      4DAC45B4 
 2802 0138 DC1577A3 		.ascii	"\334\025w\243\361\331?R\34336\215\011\2404\366\301\343"
 2802      F1D93F52 
 2802      E333368D 
 2802      09A034F6 
 2802      C1E3
 2803 014a 9E8824C4 		.ascii	"\236\210$\304\367\020\311\210\336\210\024D\"\242\027"
 2803      F710C988 
 2803      DE881444 
 2803      22A217
 2804 0159 088DADDD 		.ascii	"\010\215\255\335h\234G\2056\273\306a&\215/H\235\335"
 2804      689C4785 
 2804      36BBC661 
 2804      268D2F48 
 2804      9DDD
 2805 016b E9F380D0 		.ascii	"\351\363\200\320\3064\366E\034A\274\203cn\304\273\210"
 2805      C634F645 
 2805      1C41BC83 
ARM GAS  /tmp/cc47EVn4.s 			page 94


 2805      636EC4BB 
 2805      88
 2806 017c 3710AF23 		.ascii	"7\020\257#\336D\374\033\342g\210_\"^E\374=\342\237\021"
 2806      DE44FC1B 
 2806      E267885F 
 2806      225E45FC 
 2806      3DE29F11 
 2807 0190 FF84F829 		.ascii	"\377\204\370)\342o\020\377\212\370[\304[\210\267\021"
 2807      E26F10FF 
 2807      8AF85BC4 
 2807      5B88B711 
 2808 01a0 EF233E40 		.ascii	"\357#>@\374\013\3425\304+\210_!~\203\030\212\370\005"
 2808      FC0BE235 
 2808      C42B885F 
 2808      217E8318 
 2808      8AF805
 2809 01b3 E2EF103F 		.ascii	"\342\357\020?G\374Z\306\333\336M\274u\335\304[\370G"
 2809      47FC5AC6 
 2809      DBDE4DBC 
 2809      75DDC45B 
 2809      F847
 2810 01c5 C45B608A 		.ascii	"\304[`\212\367\3732\336\377d\373\0001\0321\0221\036"
 2810      F7FB32DE 
 2810      FF64FB00 
 2810      311A3112 
 2810      311E
 2811 01d7 310A9189 		.ascii	"1\012\221\211\320\021\377\205\370\003\342\367\210\337"
 2811      D011FF85 
 2811      F803E2F7 
 2811      88DF
 2812 01e5 22721041 		.ascii	"\"r\020AD\026b8b\034\"\0351\0061\026\361\037\210lD\000"
 2812      44166238 
 2812      621C221D 
 2812      31063116 
 2812      F11F886C 
 2813 01fb F121E2BF 		.ascii	"\361!\342\277e\\\207\272\211kS7qUG\251\265\356\342\372"
 2813      655C87BA 
 2813      896B5337 
 2813      715547A9 
 2813      B5EEE2FA 
 2814 020f D45467CF 		.ascii	"\324Tg\317\312\270\246\343\330D\304l\3044\304'\210)"
 2814      CAB8A6E3 
 2814      D844C46C 
 2814      C434C427 
 2814      8829
 2815 0221 8832C45C 		.ascii	"\2102\304\\\304,\304\014\304LD1b*\242\0101\017\3611"
 2815      C42CC40C 
 2815      C44C4431 
 2815      622AA208 
 2815      310FF131 
 2816 0235 6212A204 		.ascii	"b\022\242\004Q\212\230\200\230\203\250@LF\224\313\230"
 2816      518A9880 
 2816      9883A840 
 2816      4C4694CB 
 2816      98
 2817 0246 4E761393 		.ascii	"Nv\023\223\247\233\376\365\242\214\323\350?\354e\364"
 2817      A79BFEF5 
ARM GAS  /tmp/cc47EVn4.s 			page 95


 2817      A28CD3E8 
 2817      3FEC65F4 
 2818 0256 9CFA6E6C 		.ascii	"\234\372nl}L\341E`\0158\221\037i\224h\251:\177U?\255"
 2818      7D4CE145 
 2818      600D3891 
 2818      1F699468 
 2818      A93A7F55 
 2819 026c C16A3163 		.ascii	"\301j1cH<}\2231{\203\003\337S\240o\031%W\266]\334\331"
 2819      483C7D93 
 2819      317B8303 
 2819      DF53A06F 
 2819      192557B6 
 2820 0283 D315D2F5 		.ascii	"\323\025\322\365\033z(\277\207\006\353\000\032A\203"
 2820      1B7A28BF 
 2820      8706EB00 
 2820      1A4183
 2821 0292 B58056D6 		.ascii	"\265\200V\326\000\254\002h\000\244\335~\270o\005\345"
 2821      00AC0268 
 2821      00A4DD7E 
 2821      B86F05E5 
 2822 02a2 B4D0B7D1 		.ascii	"\264\320\267\321\326_^2#1\201[\253\332\342\200&\220"
 2822      D65F5E32 
 2822      2331815B 
 2822      ABDAE280 
 2822      2690
 2823 02b4 440D3680 		.ascii	"D\0156\200&\\\367\347\357\317\360\367$.C\007\372\236"
 2823      265CF7E7 
 2823      EFCFF0F7 
 2823      242E4307 
 2823      FA9E
 2824 02c6 B846D1C4 		.ascii	"\270F\321\304\214K\017\352\022\\\272\024\204\203\206"
 2824      8C4B0FEA 
 2824      125CBA14 
 2824      848386
 2825 02d5 8566F497 		.ascii	"\205f\364\227\012[\231\233\332\271\307&Bo\344\344\353"
 2825      0A5B999B 
 2825      DAB9C726 
 2825      426FE4E4 
 2825      EB
 2826 02e6 7A1581F5 		.ascii	"z\025\201\365\000\233\001B\214\264\0158Q\230s\322\367"
 2826      009B0142 
 2826      8CB40D38 
 2826      519873D2 
 2826      F7
 2827 02f7 35FA1B76 		.ascii	"5\372\033v\374\003x\002\374C\303\331k\252\037\264\270"
 2827      FC037802 
 2827      FC43C3D9 
 2827      6BAA1FB4 
 2827      B8
 2828 0308 9C28B2B3 		.ascii	"\234(\262\263\350\024N\202\3010\020g\206\201\005\262"
 2828      E8144E82 
 2828      C1301067 
 2828      868105B2 
 2829 0318 03603B50 		.ascii	"\003`;P/\243\025\344\351\373z\331h\260\023,\304,\215"
 2829      2FA315E4 
 2829      E9FB7AD9 
 2829      68B0132C 
ARM GAS  /tmp/cc47EVn4.s 			page 96


 2829      C42C8D
 2830 032b 0618576F 		.ascii	"\006\030Wo\250\231\355L\026\011\017\361dC;\300\036\306"
 2830      A899ED4C 
 2830      16090FF1 
 2830      64433BC0 
 2830      1EC6
 2831 033d C46324B4 		.ascii	"\304c$\264\335j\\\340\342\204Pt\302\332\315\345;{\250"
 2831      DD6A5CE0 
 2831      E2845074 
 2831      C2DACDE5 
 2831      3B7BA8
 2832 0350 CCED5599 		.ascii	"\314\355U\231\333g\204\363\027<[\247\010-da$\264l\374"
 2832      DB6784F3 
 2832      173C5BA7 
 2832      082D6461 
 2832      24B46CFC 
 2833 0364 FA4CCF7E 		.ascii	"\372L\317~\311\375\360\205\323\356n\332q{\313\200\206"
 2833      C9FDF085 
 2833      D3EE6EDA 
 2833      717BCB80 
 2833      86
 2834 0375 065D1FFF 		.ascii	"\006]\037\377\014\354\002h\0038\0042\264T\215-\230&"
 2834      0CEC0268 
 2834      03380432 
 2834      B4548D2D 
 2834      9826
 2835 0387 F2157268 		.ascii	"\362\025rhp\000`?3}\210\207r\014\340 \300Q\200#\000"
 2835      7000603F 
 2835      337D8887 
 2835      720CE020 
 2835      C0518023 
 2836 039c 87991C34 		.ascii	"\207\231\0344WR\216\304X\226\331/\270!C\314F\3666\210"
 2836      57528EC4 
 2836      5896D92F 
 2836      B82143CC 
 2836      46F63688 
 2837 03b0 992A19C7 		.ascii	"\231*\031\307\031\333\000\266p\206\261\002\233\2420"
 2837      19DB00B6 
 2837      7086B102 
 2837      9BA230
 2838 03bf 5A2D8C16 		.ascii	"Z-\214\026\301`\2616\326\314\350U2\216b\214\260\333"
 2838      C160B136 
 2838      D6CCE855 
 2838      328E628C 
 2838      B0DB
 2839 03d1 E2279553 		.ascii	"\342'\225S\350i\276`\371\205\037WS\226\274\374\220I"
 2839      E869BE60 
 2839      F9851F57 
 2839      5396BCFC 
 2839      9049
 2840 03e3 3E1C87EE 		.ascii	">\034\207\356\002\3009u\025\213\236W\351<\241,w\340"
 2840      02C03975 
 2840      158B9E57 
 2840      E93CA12C 
 2840      77E0
 2841 03f5 1BBDC9ED 		.ascii	"\033\275\311\355\236\235Vw6\221\025ugh\3138*W\370$`"
 2841      9E9D5677 
ARM GAS  /tmp/cc47EVn4.s 			page 97


 2841      36911575 
 2841      6768CB38 
 2841      2A57F824 
 2842 040a 99180B8C 		.ascii	"\231\030\013\214\244\223\323\232\227\270\224\245S\312"
 2842      A493D39A 
 2842      97B894A5 
 2842      53CA
 2843 0418 D269B130 		.ascii	"\322i\2610)\274\214{\003\241\367\201\235\277\200\373"
 2843      29BC8C7B 
 2843      03A1F781 
 2843      9DBF80FB 
 2844 0428 90F24F8D 		.ascii	"\220\362O\215\352\204\371\351*\\\\\031\317\374\\\321"
 2844      EA84F9E9 
 2844      2A5C5C19 
 2844      CFFC5CD1 
 2845 0438 4379311A 		.ascii	"Cy1\032\234\0018\213\372\277\004\344\240\247\013\000"
 2845      9C01388B 
 2845      FABF04E4 
 2845      A0A70B00 
 2846 0448 E7814EE4 		.ascii	"\347\201N\344\324\235-S\333\200K\322\273\221D\213\211"
 2846      D49D2D53 
 2846      DB804BD2 
 2846      BB91448B 
 2846      89
 2847 0459 466720E6 		.ascii	"Fg \346\020Q\0261\\C\177:\217\033\350,\333\333\022u"
 2847      10511631 
 2847      5C437F3A 
 2847      8F1BE82C 
 2847      DBDB1275 
 2848 046d FB7CC5B7 		.ascii	"\373|\305\267O#\320\371\214\027\373\350\300\027{\342"
 2848      4F23D0F9 
 2848      8C17FBE8 
 2848      C0177BE2 
 2849 047d 5C7F0280 		.ascii	"\\\177\002\200\377\333\334\335\004\270\205\344\333\000"
 2849      FFDBDCDD 
 2849      04B885E4 
 2849      DB00
 2850 048b 5F03C1C3 		.ascii	"_\003\301\303<]\177\370g\370\211\326\363\226\352y\016"
 2850      3C5D7FF8 
 2850      67F889D6 
 2850      F396EA79 
 2850      0E
 2851 049c B9F1FE1D 		.ascii	"\271\361\376\035\207\340:\3005f\375\016p\017\032]\214"
 2851      87E03AC0 
 2851      3566FD0E 
 2851      700F1A5D 
 2851      8C
 2852 04ad CA961191 		.ascii	"\312\226\021\221\227\020\320z\346,\245\340~~A\017V\250"
 2852      9710D07A 
 2852      E62CA5E0 
 2852      7E7E410F 
 2852      56A8
 2853 04bf BC5A59B9 		.ascii	"\274ZY\271\3368\\\323\332s\217N\241\023\340\034\340"
 2853      DE385CD3 
 2853      DA738F4E 
 2853      A113E01C 
 2853      E0
ARM GAS  /tmp/cc47EVn4.s 			page 98


 2854 04d0 EE9449D1 		.ascii	"\356\224I\321D\211`\373FR\375\356\211\023\364\244\374"
 2854      448960FB 
 2854      4652FDEE 
 2854      8913F4A4 
 2854      FC
 2855 04e1 04568697 		.ascii	"\004V\206\2279\311\010\206\227\320:A\332\265\275PO\032"
 2855      39C90886 
 2855      97D03A41 
 2855      DAB5BD50 
 2855      4F1A
 2856 04f3 97009700 		.ascii	"\227\000\227\000\256p\222(\372\026\223\235vE\271h\242"
 2856      AE709228 
 2856      FA16939D 
 2856      7645B968 
 2856      A2
 2857 0504 8422A52A 		.ascii	"\204\"\245*\367\305=\020\345\373\204\227\325x\002:\201"
 2857      F7C53D10 
 2857      E5FB8497 
 2857      D578023A 
 2857      81
 2858 0515 7C02E308 		.ascii	"|\002\343\010<\002x\010\360\030\340\001@\036\021{\244"
 2858      3C027808 
 2858      F018E001 
 2858      401E117B 
 2858      A4
 2859 0526 7EC74534 		.ascii	"~\307E4\233\227\300b\350\262\304\220\252\\\357T\256"
 2859      9B97C062 
 2859      E8B2C490 
 2859      AA5CEF54 
 2859      AE
 2860 0537 AFDAD50D 		.ascii	"\257\332\325\015\346\214#\212q\337.N\206\270]Q\356\232"
 2860      E68C238A 
 2860      71DF2E4E 
 2860      86B85D51 
 2860      EE9A
 2861 0549 28A986FC 		.ascii	"(\251\206\374\372p\215\316\011w\000np\202\261.r\353"
 2861      FA708DCE 
 2861      0977006E 
 2861      7082B12E 
 2861      72EB
 2862 055b D3065E1C 		.ascii	"\323\006^\034mWZ+!\331\036/\024\220\357\0221\316\337"
 2862      6D575A2B 
 2862      21D91E2F 
 2862      1490EF12 
 2862      31CEDF
 2863 056e B670D14F 		.ascii	"\266p\321O\324V($\221\365\230@\344V\020}=\226\037\017"
 2863      D4562824 
 2863      91F59840 
 2863      E456107D 
 2863      3D961F0F 
 2864 0582 C4194D05 		.ascii	"\304\031M\005uw\034\321\312q2a\345x\215\025\325g_\266"
 2864      75771CD1 
 2864      CA713261 
 2864      E5788D15 
 2864      D5675FB6 
 2865 0596 56C7988B 		.ascii	"V\307\230\213j\022\001\334\015\032L!\234\307*H\277\332"
 2865      6A1201DC 
ARM GAS  /tmp/cc47EVn4.s 			page 99


 2865      0D1A4C21 
 2865      9CC72A48 
 2865      BFDA
 2866 05a8 D24E2D15 		.ascii	"\322N-\025T\177]e\037+h:\211ZAW-\0254\235D\255\240+"
 2866      547F5D65 
 2866      1F2B683A 
 2866      895A4157 
 2866      2D15349D 
 2867 05c0 960A4292 		.ascii	"\226\012B\222i\215\212\010\247\\\263TP\204\322m\005"
 2867      698D8A08 
 2867      A75CB354 
 2867      5084D26D 
 2867      05
 2868 05d1 2103F3F9 		.ascii	"!\003\363\371\011\201\031\004>&0\223@1\201i\004J\010"
 2868      09811904 
 2868      3E263093 
 2868      40318169 
 2868      044A08
 2869 05e4 4C25308B 		.ascii	"L%0\213\345\223\255\333%\271nS\010[7\234d\204\236\252"
 2869      E593ADDB 
 2869      25B96E53 
 2869      085B379C 
 2869      64849EAA 
 2870 05f8 D45DB454 		.ascii	"\324]\264T\231)NS\225]\266T\2315\002I\271k)3k\004\322"
 2870      99294E53 
 2870      955DB654 
 2870      99350249 
 2870      B96B2933 
 2871 060f 53A7A5CC 		.ascii	"S\247\245\314\"\024\331\213[y\011\355\331]\326\351\370"
 2871      2214D98B 
 2871      5B7909ED 
 2871      D95DD6E9 
 2871      F8
 2872 0620 6609CD26 		.ascii	"f\011\315&\337%d\234_\177\260\266!N\325P\251Z\2219D"
 2872      DF25649C 
 2872      5F7FB0B6 
 2872      214ED550 
 2872      A95A9139 
 2873 0635 7ECFF5A5 		.ascii	"~\317\365\245G\261\211t .!\036\312f\3622\305\337\033"
 2873      47B18974 
 2873      202E211E 
 2873      CA66F232 
 2873      C5DF1B
 2874 0648 74266201 		.ascii	"t&b\001b\025\242\005\261\037\321\201\270\204\270\213"
 2874      6215A205 
 2874      B11FD181 
 2874      B884B88B 
 2875 0658 C8776073 		.ascii	"\310w`sDT#j\021\033\020;\021\307\020\227\020_!\356!"
 2875      4454236A 
 2875      111B103B 
 2875      11C71097 
 2875      105F21EE 
 2876 066d 26C768B4 		.ascii	"&\307h\264\022Q\213X\207\330\210\330\216\330\215\330"
 2876      12518B58 
 2876      87D888D8 
 2876      8ED88DD8 
 2877 067d 8F381123 		.ascii	"\2178\021#\264\274\300}\327\2232\372Z\371\244\203\253"
ARM GAS  /tmp/cc47EVn4.s 			page 100


 2877      B4BCC07D 
 2877      D79332FA 
 2877      5AF9A483 
 2877      AB
 2878 068e 483FFB2B 		.ascii	"H?\373+\331>\300\022Y\273+\222\310\205\004\332\215D"
 2878      D93EC012 
 2878      59BB2B92 
 2878      C88504DA 
 2878      8D44
 2879 06a0 6E322D47 		.ascii	"n2-G\261\2424\230(\246\276\260L1\026\331\215\360o\317"
 2879      B1A23498 
 2879      28A6BEB0 
 2879      4C3116D9 
 2879      8DF06FCF 
 2880 06b4 FA3AC558 		.ascii	"\372:\305X`g\310\272-W\224:\023%\244\214\324(\306\022"
 2880      6067C8BA 
 2880      2D57943A 
 2880      1325A48C 
 2880      D428C612 
 2881 06c8 3BE3BAD0 		.ascii	";\343\272\320Z\241(\265v\212\320\332\244\030\225&\306"
 2881      5AA128B5 
 2881      768AD0DA 
 2881      A4189526 
 2881      C6
 2882 06d9 5C1271D3 		.ascii	"\\\022q\323\266\313\\~V\206,\277M\212Rf7\"\303Y\253"
 2882      B6CB5C7E 
 2882      56862CBF 
 2882      4D8A5266 
 2882      3722C359 
 2883 06ee 28F3ED11 		.ascii	"(\363\355\021K+K\025e\261]\354<ae\243\242\224\333\035"
 2883      4B2B4B15 
 2883      65B15DEC 
 2883      3C6165A3 
 2883      A294DB1D 
 2884 0702 C9E559AF 		.ascii	"\311\345Y\257(UvG\322J\221\242\2547QR#!\317Q\204\025"
 2884      28557647 
 2884      D24A91A2 
 2884      AC375152 
 2884      2321CF51 
 2885 0718 F62596F1 		.ascii	"\366%\226\361LT\224u6\033\203\215\256\202Mp\003\201"
 2885      4C549475 
 2885      361B838D 
 2885      AE824D70 
 2885      0381
 2886 072a 2626AE9D 		.ascii	"&&\256\235o\261\235\004v\0238B\340\020\201c\004\366"
 2886      6FB19D04 
 2886      76133842 
 2886      E0108163 
 2886      04F6
 2887 073c 13384E60 		.ascii	"\0238N`\023\201\203\004v\021\350 \260\207\300\026\002"
 2887      13818304 
 2887      7611E820 
 2887      B087C016 
 2887      02
 2888 074d CD044E10 		.ascii	"\315\004N\0208@\340$\201\255\004\366\022\330N D`\037"
 2888      3840E024 
 2888      81AD04F6 
ARM GAS  /tmp/cc47EVn4.s 			page 101


 2888      12D84E20 
 2888      44601F
 2889 0760 818D0436 		.ascii	"\201\215\0046\023h#\360\005\201\303\004\302\004\266"
 2889      136823F0 
 2889      0581C304 
 2889      C204B6
 2890 076f 11384A60 		.ascii	"\0218J`\007\201V\002-\306\367[\331\325H\347\251\347"
 2890      07815602 
 2890      2DC6F75B 
 2890      D9D548E7 
 2890      A9E7
 2891 0781 EA8CCEC3 		.ascii	"\352\214\316\303C\230$BX\242B\250\261\347[R\226+\312"
 2891      43982442 
 2891      58A242A8 
 2891      B1E75B52 
 2891      962BCA
 2892 0794 67F6648A 		.ascii	"g\366d\212\372\231\252<\255\266xJUV\346)+\313\354\216"
 2892      FA99AA3C 
 2892      ADB6784A 
 2892      5556E629 
 2892      2BCBEC8E 
 2893 07a8 643A1B15 		.ascii	"d:\033\025\245\332\356H\326r\251\242\254\264/\212\\"
 2893      A5DAEE48 
 2893      D672A9A2 
 2893      ACB42F8A 
 2893      5C
 2894 07b9 FBC98AB2 		.ascii	"\373\311\212\262\326\266(\322\317:\305\370\324\356G"
 2894      D6B628D2 
 2894      CF3AC5F8 
 2894      D4EE47
 2895 07c8 AA9DA428 		.ascii	"\252\235\244(\2156#\322"
 2895      8D3623D2 
 2896 07d0 CD06C5A8 		.ascii	"\315\006\305\250\260W\241\310\312\024\305Xc\263!\213"
 2896      B057A1C8 
 2896      CA14C558 
 2896      63B3218B 
 2897 07e0 7D9A62AC 		.ascii	"}\232b\254\262G#\212\260R1\226\333\263&\205\314U\224"
 2897      B247238A 
 2897      B0523196 
 2897      DBB32685 
 2897      CC5594
 2898 07f3 CFED46A4 		.ascii	"\317\355F\244\237\305\212\262\324n\205\335^\\\216a\275"
 2898      9FC58AB2 
 2898      D46E85DD 
 2898      5E5C8E61 
 2898      BD
 2899 0804 7DD9F227 		.ascii	"}\331\362'/%\333\253\026\177\260\374\177\326-\312\230"
 2899      2F25DBAB 
 2899      167FB0FC 
 2899      7FD62DCA 
 2899      98
 2900 0815 F4F8CC2C 		.ascii	"\364\370\314,\207\372\2129\255\276b\316 \203>\306\366"
 2900      87FA8A39 
 2900      ADBE62CE 
 2900      20833EC6 
 2900      F6
 2901 0826 5E122BBE 		.ascii	"^\022+\276Ttl\354?\371lu\307/\277\275\257\363\022\015"
ARM GAS  /tmp/cc47EVn4.s 			page 102


 2901      54746CEC 
 2901      3FF96C75 
 2901      C72FBFBD 
 2901      AFF3120D 
 2902 083a 9B1B7697 		.ascii	"\233\033v\227y1dCX\03667\247\256(e^\0316\247\261+\332"
 2902      79316443 
 2902      581E3637 
 2902      A7AE2865 
 2902      5E1936A7 
 2903 0851 621485CD 		.ascii	"b\024\205\315u\323e\355\010|\277)\302\"\273\015Y{ua"
 2903      75D365ED 
 2903      087CBF29 
 2903      C222BB0D 
 2903      597B7561 
 2904 0865 73F3B20A 		.ascii	"s\363\262\012\221\025<WQ\352L\024\363\306.\015\233\313"
 2904      91153C57 
 2904      51EA4C14 
 2904      F3C62E0D 
 2904      9BCB
 2905 0877 A22BDA4E 		.ascii	"\242+\332N\231\0226\227\237E\2544R\0236wc\253Z\271#"
 2905      99123697 
 2905      9F45AC34 
 2905      52133677 
 2905      63AB5AB9 
 2906 088c D72A4AA5 		.ascii	"\327*J\245]\255,\277\211a\363\216\354\212\262\231\226"
 2906      5DAD2CBF 
 2906      8961F38E 
 2906      EC8AB299 
 2906      96
 2907 089d 29C602BB 		.ascii	")\306\002\273\021\261\021\312\024\243\326\036\216\\"
 2907      11B111CA 
 2907      14A3D61E 
 2907      8E5C
 2908 08ab C0A58AB2 		.ascii	"\300\245\212\262\320.VR\236\250[\244\3656%\302\315\344"
 2908      D02E5652 
 2908      9EA85BA4 
 2908      F53625C2 
 2908      CDE4
 2909 08bd CBE64ED6 		.ascii	"\313\346N\326e\355d\352G8\356\213\363D\354\365.\276"
 2909      65ED64EA 
 2909      4738EE8B 
 2909      F344ECF5 
 2909      2EBE
 2910 08cf 39BE2670 		.ascii	"9\276&p\221\300W\004\356\021\270C\340\032\201\013\004"
 2910      91C05704 
 2910      EE11B843 
 2910      E01A810B 
 2910      04
 2911 08e0 1EE39D38 		.ascii	"\036\343\2358\205\253\004\036\022\270\202?\305\010\344"
 2911      85AB041E 
 2911      12B8823F 
 2911      C508E4
 2912 08ef 51B84FA0 		.ascii	"Q\270O\240\023\357\323)<\"p\235\300%\002\267\011\334"
 2912      13EFD329 
 2912      3C22709D 
 2912      C02502B7 
 2912      09DC
ARM GAS  /tmp/cc47EVn4.s 			page 103


 2913 0901 24F02581 		.ascii	"$\360%\201\007\004.\343\235$\201\273xGO`<\225\215\274"
 2913      07042EE3 
 2913      9D2481BB 
 2913      78474F60 
 2913      3C958DBC 
 2914 0915 316C6E35 		.ascii	"1ln5]\321\372\342\244\260\271\327tEiz\025as\377\265"
 2914      5DD1FAE2 
 2914      A4B0B9D7 
 2914      7445697A 
 2914      156173FF 
 2915 092a 66479466 		.ascii	"fG\224fm\330\334\026\255n\344:\315Q\351\251\267\244"
 2915      6DD8DC16 
 2915      AD6EE43A 
 2915      CD51E9A9 
 2915      B7A4
 2916 093c C7D26D94 		.ascii	"\307\322m\224\235\263vOF\343S\224\225\366\325\024\013"
 2916      9DB3764F 
 2916      46E35394 
 2916      95F6D514 
 2916      0B
 2917 094d B14E31CA 		.ascii	"\261N1\312\355b\214o\024E9g\367#\203.V\224\025v?\"\350"
 2917      ED628C6F 
 2917      14453967 
 2917      F723832E 
 2917      56941576 
 2918 0964 F2B0B9C1 		.ascii	"\362\260\271\301Z\215\010%\353\025\003o}\254J\260\254"
 2918      5A8D0825 
 2918      EB15036F 
 2918      7DAC4AB0 
 2918      AC
 2919 0975 68452CEB 		.ascii	"hE,\353Z\035\267\362\252c\223\355\345\001\371\364\377"
 2919      5A1DB7F2 
 2919      AA6393ED 
 2919      E501F9F4 
 2919      FF
 2920 0986 BA40D077 		.ascii	"\272@\320w\363\204\252\252x\3251\013h\244c\026RFH+n"
 2920      F384AAAA 
 2920      78D5310B 
 2920      68A46316 
 2920      5246482B 
 2921 099b 68D49DDF 		.ascii	"h\324\235\337\350\221F\247\344\277\035,m\251\222F\311"
 2921      E89146A7 
 2921      E4BF1D2C 
 2921      6DA99246 
 2921      C9
 2922 09ac E5614B07 		.ascii	"\345aK\007\215PL\035\364\236%S\021\206\271\025\204-"
 2922      8D504C1D 
 2922      F49E2553 
 2922      1186B915 
 2922      842D
 2923 09be FDD16244 		.ascii	"\375\321bD\254\307eK\027\266\012\221\353~\314\322\331"
 2923      ACC7654B 
 2923      17B60A91 
 2923      EB7ECCD2 
 2923      D9
 2924 09cf 2214CB5F 		.ascii	"\"\024\313_\014,\235\315\342F\032\271ji\262V\255b\335"
 2924      0C2C9DCD 
ARM GAS  /tmp/cc47EVn4.s 			page 104


 2924      E2461AB9 
 2924      6A69B256 
 2924      AD62DD
 2925 09e2 2F5ADA89 		.ascii	"/Z\332\211U\211\214\346\272ecZ\215H%\307'G~\301\326"
 2925      55898CE6 
 2925      BA65635A 
 2925      8D4825C7 
 2925      27477EC1 
 2926 09f7 734AB45F 		.ascii	"sJ\264_\260\035\226\035cu%\322\262\323\322B-\001IG\327"
 2926      B01D961D 
 2926      637525D2 
 2926      B2D3D242 
 2926      2D014947 
 2927 0a0c 2C7DD8AA 		.ascii	",}\330\252E\330\270b\331\337V/r\005w\204\315\375\321"
 2927      45D8B862 
 2927      D9DF562F 
 2927      72057784 
 2927      CDFDD1
 2928 0a1f E2462465 		.ascii	"\342F$e\267\245?\"\301\326\037\371_t,\275\310bD\226"
 2928      B7A53F22 
 2928      C1D61FF9 
 2928      5F742CBD 
 2928      C8624496 
 2929 0a33 D249CBD7 		.ascii	"\322I\313\327\212U\211\361{\327\262\377\255\341H+',"
 2929      8A5589F1 
 2929      7BD7B2FF 
 2929      ADE1482B 
 2929      272C
 2930 0a45 FBDF6A45 		.ascii	"\373\337jE\250=bi3\326J\021\214K\226/\036\253\215\353"
 2930      A83D6269 
 2930      33D64A11 
 2930      8C4B962F 
 2930      1EAB8DEB 
 2931 0a59 E6BFB91A 		.ascii	"\346\277\271\032\355\036)\354g2\205I\024fP(\2450\233"
 2931      ED1E29EC 
 2931      67328549 
 2931      14665028 
 2931      A5309B
 2932 0a6c C2540A45 		.ascii	"\302T\012E\024\312)\314\2430\205\302t\012e\224\375\301"
 2932      14CA29CC 
 2932      A33085C2 
 2932      740A6594 
 2932      FDC1
 2933 0a7e 7A0E8509 		.ascii	"z\016\205\011\024\212)TP\230La\026\205i\024fR(\2410"
 2933      148A2954 
 2933      50984C61 
 2933      16856914 
 2933      665228A1 
 2934 0a93 97C244A3 		.ascii	"\227\302D\243\277\037\265t)\253\314\301\032]\311\033"
 2934      BF1FB574 
 2934      29ABCCC1 
 2934      1A5DC91B 
 2935 0aa3 4CEB57CD 		.ascii	"L\353W\315;\315\277\334e\203\251\242\377\353\222\320"
 2935      3BCDBFDC 
 2935      6583A9A2 
 2935      FFEB92D0 
 2936 0ab3 D9DE96CA 		.ascii	"\331\336\226\312]\246{\260OU\331V\363\216B\226\236]"
ARM GAS  /tmp/cc47EVn4.s 			page 105


 2936      5DA67BB0 
 2936      4F55D956 
 2936      F38E4296 
 2936      9E5D
 2937 0ac5 7F22E13C 		.ascii	"\177\"\341<\360\007$\016\037\000\034\036\202o.\355\003"
 2937      F007240E 
 2937      1F001C1E 
 2937      826F2EED 
 2937      03
 2938 0ad6 AAA5E844 		.ascii	"\252\245\350D'\261>J\\\324E}\2566x\256\377m:\324I\372"
 2938      27B13E4A 
 2938      5CD4457D 
 2938      AE3678AE 
 2938      FF6D3AD4 
 2939 0aec 27BA9C8B 		.ascii	"'\272\234\213\267B\222+\306IHg\234\317\325\377>~\023"
 2939      B742922B 
 2939      C6494867 
 2939      9CCFD5FF 
 2939      3E7E13
 2940 0aff 55C5F61D 		.ascii	"U\305\366\035\252;|S\372t\306\351\244\344\355\224\301"
 2940      AA3B7C53 
 2940      FA74C6E9 
 2940      A4E4ED94 
 2940      C1
 2941 0b10 43F1BD33 		.ascii	"C\361\2753\256\015|8\353\035\2073\011\217:\343\\\267"
 2941      AE0D7C38 
 2941      EB1D8733 
 2941      098F3AE3 
 2941      5CB7
 2942 0b22 69D5D458 		.ascii	"i\325\324X\337.R\364\"\264\201\313\227\226\202\211\030"
 2942      DF2E52F4 
 2942      22B481CB 
 2942      97968289 
 2942      18
 2943 0b33 EA743E97 		.ascii	"\352t>\227\270\205n\241\257k\232\323Y_\333\307\325\031"
 2943      B8856EA1 
 2943      AF6B9AD3 
 2943      595FDBC7 
 2943      D519
 2944 0b45 978826FA 		.ascii	"\227\210&\372\373\372&\371\372&\266A\214\317\347J\351"
 2944      FBFA26F9 
 2944      FA26B641 
 2944      8CCFE74A 
 2944      E9
 2945 0b56 AFA1085F 		.ascii	"\257\241\010_Z\332P\342B\313\016g\033\244QHH\323O_~"
 2945      5ADA50E2 
 2945      42CB0E67 
 2945      1BA45148 
 2945      48D34F5F 
 2946 0b6b DA15E3EA 		.ascii	"\332\025\343\352\361\\\337\376\232\346\323^\307\373"
 2946      F15CDFFE 
 2946      9AE6D35E 
 2946      C7FB
 2947 0b79 52A04F8C 		.ascii	"R\240O\214\027\304\241O\237:\005\350\357\"i\204\276"
 2947      17C4A14F 
 2947      9F3A05E8 
 2947      EF226984 
ARM GAS  /tmp/cc47EVn4.s 			page 106


 2947      BE
 2948 0b8a D119A769 		.ascii	"\321\031\247i\204\364\3254\335\341LH\000\035?z\270\337"
 2948      84F4D534 
 2948      DDE14C48 
 2948      001D3F7A 
 2948      B8DF
 2949 0b9c F0BD93E6 		.ascii	"\360\275\223\346\322:\343\010^Jq\260\277\301\251\231"
 2949      D23AE308 
 2949      5E4A71B0 
 2949      BFC1A999 
 2950 0bac AE580D60 		.ascii	"\256X\015`\316_\203&\376co \337\330\203Z\006\263\033"
 2950      CE5F8326 
 2950      FE636F20 
 2950      DFD8835A 
 2950      06B31B
 2951 0bbf 3ECE1E2F 		.ascii	">\316\036/\020\311f\0241\032\371\220\307\214@\244\035"
 2951      10C96614 
 2951      311AF990 
 2951      C78C40A4 
 2951      1D
 2952 0bd0 229F2381 		.ascii	"\"\237#\201\230#\235\260w\223\361\010\005$\305\260#"
 2952      98239DB0 
 2952      7793F108 
 2952      0524C5B0 
 2952      23
 2953 0be1 E6484264 		.ascii	"\346HBd\256<d>8\231\230\347\360y\026\341\312\244\026"
 2953      AE3C643E 
 2953      389998E7 
 2953      F07916E1 
 2953      CAA416
 2954 0bf4 316B48D2 		.ascii	"1kH\322\304\011\326\315\274\215\207~w\001\323\246\337"
 2954      C409D6CD 
 2954      BC8D877E 
 2954      7701D3A6 
 2954      DF
 2955 0c05 BEB2774D 		.ascii	"\276\262wM\034$\225\014\325\200v\362\002/):0\304\301"
 2955      1C24950C 
 2955      D58076F2 
 2955      022F293A 
 2955      30C4C1
 2956 0c18 B8D82AB3 		.ascii	"\270\330*\263\361|\307\226P\250\2271\360\031{\266\324"
 2956      F17CC796 
 2956      50A89731 
 2956      F0197BB6 
 2956      D4
 2957 0c29 595377C1 		.ascii	"YSw\301\311G6\340\327\024\0339\241\237\375\323\247u"
 2957      C94736E0 
 2957      D7141B39 
 2957      A19FFDD3 
 2957      A775
 2958 0c3b F697793D 		.ascii	"\366\227y=\205\321\214nTC5X,*u\355\331\351'\351\017"
 2958      85D18C6E 
 2958      54433558 
 2958      2C2A75ED 
 2958      D9E927E9 
 2959 0c50 4B4BF5BB 		.ascii	"KK\365\2737\273\366\264\307\226\353\241<\234\320\017"
 2959      37BBF6B4 
ARM GAS  /tmp/cc47EVn4.s 			page 107


 2959      C796EBA1 
 2959      3C9CD00F 
 2960 0c60 29B0908A 		.ascii	")\260\220\212\3477\032\036i\260\200\302|:\244\344{t"
 2960      E7371A1E 
 2960      69B080C2 
 2960      7C3AA4E4 
 2960      7B74
 2961 0c72 619C4643 		.ascii	"a\234FCql\356\374\223K\367\306\033\016\231\246[g\212"
 2961      716CEEFC 
 2961      934BF7C6 
 2961      1B0E99A6 
 2961      5B678A
 2962 0c85 AF93680E 		.ascii	"\257\223h\016k\321\300r\341\360b\376\256\3428\346\260"
 2962      6BD1C072 
 2962      E1F062FE 
 2962      AEE238E6 
 2962      B0
 2963 0c96 7EC378EC 		.ascii	"~\303x\354\375\350m\\?\274\016\313\2447\250c\307\206"
 2963      FDE86D5C 
 2963      3FBC0ECB 
 2963      A437A863 
 2963      C786
 2964 0ca8 BF357D7E 		.ascii	"\2775}~XR\252\227\224W\205\210\256'3\336R\023o\251\301"
 2964      5852AA97 
 2964      94578588 
 2964      AE2733DE 
 2964      52136FA9 
 2965 0cbd D3E801AE 		.ascii	"\323\350\001\256\250\376\332\246\032\221\202\323BQQ"
 2965      A8FEDAA6 
 2965      1A9182D3 
 2965      425151
 2966 0ccc F8626BCF 		.ascii	"\370bk\317h\212V\342\324\025B\321\243\263\313V\307s"
 2966      688A56E2 
 2966      D41542D1 
 2966      A3B3CB56 
 2966      C773
 2967 0cde 458FA422 		.ascii	"E\217\244\"\214\177%\205\317#\361\177\036\321\3630\205"
 2967      8C7F2585 
 2967      CF23F17F 
 2967      1ED1F330 
 2967      85
 2968 0cef 5EE19E8E 		.ascii	"^\341\236\216\025|>\015,\317\3044XM#\017\274\326=l,"
 2968      157C3E0D 
 2968      2CCFC434 
 2968      584D230F 
 2968      BCD63D6C 
 2969 0d04 E9697D64 		.ascii	"\351i}dV@\314\204\003\372\242p/\325B\326\250\026\262"
 2969      5640CC84 
 2969      03FAA270 
 2969      2FD542D6 
 2969      A816B2
 2970 0d17 56A8BAD6 		.ascii	"V\250\272\326\270\255\\$w-\345\241D\363\270N\031ll+"
 2970      B8AD5C24 
 2970      772DE5A1 
 2970      44F3B84E 
 2970      196C6C2B 
 2971 0d2b 9892607D 		.ascii	"\230\222`}\006w\034\314\204\246\331\023\356\231n\203"
ARM GAS  /tmp/cc47EVn4.s 			page 108


 2971      06771CCC 
 2971      84A6D913 
 2971      EE996E83 
 2972 0d3b D62B8F4D 		.ascii	"\326+\217M\302cC\375\252;\261\334c\023\205FV?{\233\307"
 2972      C26343FD 
 2972      AA3BB1DC 
 2972      63138546 
 2972      563F7B9B 
 2973 0d50 9F7745B2 		.ascii	"\237wE\2627\"\222\274\215\230\217\015b\322\334\275\253"
 2973      372292BC 
 2973      8D988F0D 
 2973      62D2DCBD 
 2973      AB
 2974 0d61 67C5B0E4 		.ascii	"g\305\260\344\335\230\267\355\267\213Y\333\301\253\260"
 2974      DD98B7ED 
 2974      B78B59DB 
 2974      C1ABB0
 2975 0d70 2A92BA55 		.ascii	"*\222\272U\221\3245\245\320<gw\251\333\254t\216\233"
 2975      91D435A5 
 2975      D03C6777 
 2975      A9DBAC74 
 2975      8E9B
 2976 0d82 176A8FB7 		.ascii	"\027j\217\267\246n61\023\332\333\227\3164\245n\213\012"
 2976      A66E3631 
 2976      13DADB97 
 2976      CE34A56E 
 2976      8B0A
 2977 0d94 64ABD0D4 		.ascii	"d\253\320\324\245\337\230\036\307\003\331*R\267y\371"
 2977      A5DF981E 
 2977      C703D92A 
 2977      52B779F9 
 2978 0da4 85AB4E23 		.ascii	"\205\253N#\262f\026\331\301\323s\316\307F\211\254\005"
 2978      B26616D9 
 2978      C1D373CE 
 2978      C74689AC 
 2978      05
 2979 0db5 E56E1356 		.ascii	"\345n\023V\312\347\316;\342\344e\321Q \313\302\201\327"
 2979      CAE7CE3B 
 2979      E2E465D1 
 2979      5120CBC2 
 2979      81D7
 2980 0dc7 2114892D 		.ascii	"!\024\211-\244\312\"\231\226v\033\333v%\375\341\302"
 2980      A4CA2299 
 2980      96761BDB 
 2980      7625FDE1 
 2980      C2
 2981 0dd8 1D4B7A58 		.ascii	"\035KzXc;E\314\204']E\343\210\212m\207\212-,T\255\254"
 2981      633B45CC 
 2981      84275D45 
 2981      E3888A6D 
 2981      878A2D2C 
 2982 0def BBB02E91 		.ascii	"\273\260.\221\207\022\026\261\315o\\q>\336\210m'\213"
 2982      871216B1 
 2982      CD6F5C71 
 2982      3EDE886D 
 2982      278B
 2983 0e01 ADAC69EE 		.ascii	"\255\254i\356\236\236Qb\333\215rw\011+\007+\362\267"
ARM GAS  /tmp/cc47EVn4.s 			page 109


 2983      9E9E5162 
 2983      DB8D7277 
 2983      092B072B 
 2983      F2B7
 2984 0e13 24F2D82A 		.ascii	"$\362\330*'Db\333M\241-\022[\233Z\267dZ\333ml{M\025"
 2984      274462DB 
 2984      4DA12D12 
 2984      5B9B5AB7 
 2984      645ADB6D 
 2985 0e2b FDF59144 		.ascii	"\375\365\221Dkhxwo\272\376\370\340\235\355\011*\264"
 2985      6B687877 
 2985      6FBAFEF8 
 2985      E09DED09 
 2985      2AB4
 2986 0e3d 7D2AB4FD 		.ascii	"}*\264\375BT\347\227G:EG\333/B\233R\261\351\323HA\036"
 2986      4254E797 
 2986      473A4547 
 2986      DB2F429B 
 2986      52B1E9D3 
 2987 0e54 60A1AD59 		.ascii	"`\241\255Yx\374\257\242Dv\020\305~!\214\334\237\264"
 2987      78FCAFA2 
 2987      447610C5 
 2987      7E218CDC 
 2987      9FB4
 2988 0e66 753BE191 		.ascii	"u;\341\221=V\221\035\244\260'\022\331\236Hd\017z\323"
 2988      3D56911D 
 2988      A4B02712 
 2988      D99E4864 
 2988      0F7AD3
 2989 0e79 E66E233B 		.ascii	"\346n#;\242\224O.\355XE\254\241\341}\205\211\260n\377"
 2989      A2944F2E 
 2989      ED5845AC 
 2989      A1E17D85 
 2989      89B06EFF 
 2990 0e8d 9E2BA655 		.ascii	"\236+\246U;\252B;&T\335\275\031\236-\026\351\230\010"
 2990      3BAA423B 
 2990      2654DDBD 
 2990      199E2D16 
 2990      E99808
 2991 0ea0 AD7A7C45 		.ascii	"\255z|EK\202\021\332q\026Z\341\302\302\337G\011\255"
 2991      4B8211DA 
 2991      71165AE1 
 2991      C2C2DF47 
 2991      09AD
 2992 0eb2 03D59E10 		.ascii	"\003\325\236\020FVT\035]\316[u\375\341\211\221\320:"
 2992      4656541D 
 2992      5DCE5B75 
 2992      FDE18991 
 2992      D03A
 2993 0ec4 281C8E84 		.ascii	"(\034\216\204v8\022\332'\275\331\003\261\272\302j\252"
 2993      763812DA 
 2993      27BDD903 
 2993      B1BAC26A 
 2993      AA
 2994 0ed5 64D52859 		.ascii	"d\325(Y\247\204\305\212\346\265\213M\272k\025\341\264"
 2994      A784C58A 
 2994      E6B58B4D 
ARM GAS  /tmp/cc47EVn4.s 			page 110


 2994      BA6B15E1 
 2994      B4
 2995 0ee6 209C2B6C 		.ascii	" \234+l.K\344\017\257B\335\374S\004\326\321/\346?\216"
 2995      2E4BE40F 
 2995      AF42DDFC 
 2995      5304D6D1 
 2995      2FE63F8E 
 2996 0efa 53FF5EA1 		.ascii	"S\377^\241):\251\256b_\254ruV\271:\307n\252\376<8\""
 2996      293AA9AE 
 2996      625FAC72 
 2996      7556B93A 
 2996      C76EAAFE 
 2997 0f11 3DE073E7 		.ascii	"=\340s\347x\002\301\261\251\257\216H\037\226\376\017"
 2997      7802C1B1 
 2997      A9AF8E48 
 2997      1F96FE0F 
 2998 0f21 EFA666E7 		.ascii	"\357\246f\347\246\216\360d\244\346\006\274\354\323\235"
 2998      A68EF064 
 2998      A4E606BC 
 2998      ECD39D
 2999 0f30 99E9CDF5 		.ascii	"\231\351\315\365\015\360:\177\366\366{}_\035\364\222"
 2999      0DF03A7F 
 2999      F6F67B7D 
 2999      5F1DF492 
 3000 0f40 D6C73438 		.ascii	"\326\30748`\220\177\330\300\301\177\371r\232\346\034"
 3000      60907FD8 
 3000      C0C17FF9 
 3000      729AE61C 
 3001 0f50 959E151C 		.ascii	"\225\236\025\034\234\346\016R\274@\275\351\276\230\334"
 3001      9CE60E52 
 3001      BC40BDE9 
 3001      BE98DC
 3002 0f5f A027E877 		.ascii	"\240'\350w\015\313\030\311\017\360\302\350\314`\362"
 3002      0DCB18C9 
 3002      0FF0C2E8 
 3002      CC60F2
 3003 0f6e 5B6FBDFA 		.ascii	"[o\275\372\356k\257dd{G\276\346\037\235\356\365\377"
 3003      EE6BAF64 
 3003      647B47BE 
 3003      E61F9DEE 
 3003      F5FF
 3004 0f80 FAAD5F39 		.ascii	"\372\255_9\275\236\034\2177=8\366\371\324\021\331\231"
 3004      BD9E1C8F 
 3004      373D38F6 
 3004      F9D411D9 
 3004      99
 3005 0f91 FED4744F 		.ascii	"\376\324tOV\352k\331\336Q\231\376\254`n"
 3005      56EA6BD9 
 3005      DE5199FE 
 3005      AC606E
 3006 0fa0 EA2BEFFC 		.ascii	"\352+\357\374\343\233\356a\236\014O\226\327\257\245"
 3006      E39BEE61 
 3006      9E0C4F96 
 3006      D7AFA5
 3007 0faf 7E8BDCF4 		.ascii	"~\213\334\364,o\306(\237\337$y\204\226dw\027\307T\276"
 3007      2C6FC628 
 3007      9FDF2479 
ARM GAS  /tmp/cc47EVn4.s 			page 111


 3007      84966477 
 3007      17C754BE 
 3008 0fc3 EC0EC664 		.ascii	"\354\016\306d\372\202\356\261\\\363\240!\3624\223\346"
 3008      FA82EEB1 
 3008      5CF3A021 
 3008      F23493E6 
 3009 0fd3 E466C5E4 		.ascii	"\344f\305\344\004F\2733\371{\026\315\311\312txGx\002"
 3009      0446BB33 
 3009      F97B16CD 
 3009      C9CA7478 
 3009      477802
 3010 0fe6 343BDD47 		.ascii	"4;\335G3\021\336\200\267\367\250,T;\322\357s\347\372"
 3010      3311DE80 
 3010      B7F7A82C 
 3010      543BD2EF 
 3010      73E7FA
 3011 0ff9 BC6E8CD3 		.ascii	"\274n\214\323\035TC"
 3011      1D5443
 3012 1000 E8570C51 		.ascii	"\350W\014Q\277\327\033?<=\303\357\036\236\035\310\364"
 3012      BFD71B3F 
 3012      3C3DC3EF 
 3012      1E9E1DC8 
 3012      F4
 3013 1011 049F0A66 		.ascii	"\004\237\012f\346\270?\012\244c\036r\002\331A\2777\330"
 3013      E6B83F0A 
 3013      A4631E72 
 3013      02D941BF 
 3013      37D8
 3014 1023 3BC71FC8 		.ascii	";\307\037\310\264\0169\274\3319c\023M\263\334\037\006"
 3014      B40E39BC 
 3014      D9396313 
 3014      4DB3DC1F 
 3014      06
 3015 1034 7292BCD9 		.ascii	"r\222\274\331YA\314\004'\271=99Ib\316\260\014\236\206"
 3015      5941CC04 
 3015      27B93D39 
 3015      394962CE 
 3015      B00C9E86 
 3016 1048 744F4642 		.ascii	"tOFBd \303\237\345\012\244}\344\036\356\361\006\263"
 3016      6420C39F 
 3016      E50AA47D 
 3016      E41EEEF1 
 3016      06B3
 3017 105a 03F13EFF 		.ascii	"\003\361>\377p\317\250\214\240\033\265\364\374(\207"
 3017      70CFA88C 
 3017      A01BB5F4 
 3017      FC2887
 3018 1069 1973FBB3 		.ascii	"\031s\373\263<\3032\374\361\362,7\375w\376^\376\200"
 3018      3CC332FC 
 3018      F1F22C37 
 3018      FD77FE5E 
 3018      FE80
 3019 107b 27D7CF4F 		.ascii	"'\327\317O3\221l:eW\343\275\374C\\\032\355\363\271?"
 3019      33916C3A 
 3019      6557E3BD 
 3019      FC435C1A 
 3019      EDF3B93F 
ARM GAS  /tmp/cc47EVn4.s 			page 112


 3020 108f 727B4705 		.ascii	"r{G\005\002\356L\317\030\313iz\026?\015X\257\006\"W"
 3020      02EE4CCF 
 3020      18CB697A 
 3020      163F0D58 
 3020      AF062257 
 3021 10a3 63859D38 		.ascii	"c\205\2358_n\300\235\236\231\363T\300\357\361\241\342"
 3021      5F6EC09D 
 3021      9E99F354 
 3021      C0EFF1A1 
 3021      E2
 3022 10b4 91782DD7 		.ascii	"\221x-\327\223\221\376aVo#\0105\224(IF\234\361\3069"
 3022      9391FE61 
 3022      566F2308 
 3022      35942849 
 3022      469CF1C6 
 3023 10c9 8649BD5E 		.ascii	"\206I\275^\257+\030\360d\271ss\374~\237#+\327\343u\004"
 3023      AF2B18F0 
 3023      64B97373 
 3023      FC7E9F23 
 3023      2BD7E375 
 3024 10de 3D1E6F0F 		.ascii	"=\036o\017<\367\272G\373\003\271=\261\004\334\271\301"
 3024      3CF7BA47 
 3024      FB03B93D 
 3024      B104DCB9 
 3024      C1
 3025 10ef C0286F70 		.ascii	"\300(opT\300o[#\274\024|J\204\232\353g\311\342\362\022"
 3025      54C06F5B 
 3025      23BC147C 
 3025      4A849AEB 
 3025      67C9E2F2 
 3026 1104 C40813E1 		.ascii	"\304\010\023\341\317\352c]h\2341h\240;\370\315\3214"
 3026      CFEA635D 
 3026      689C3168 
 3026      A03BF8CD 
 3026      D134
 3027 1116 1CA58386 		.ascii	"\034\245\203\206h\211\236@\346\350\227\374?\316\374"
 3027      68899E40 
 3027      E6E897FC 
 3027      3FCEFC
 3028 1125 D1F09C01 		.ascii	"\321\360\234\001\276\034\315\345\315\016\004\375c~\234"
 3028      BE1CCDE5 
 3028      CD0E04FD 
 3028      637E9C
 3029 1134 F9929624 		.ascii	"\371\222\226$\012\322\375\241?\350\316\315\3002\374"
 3029      0AD2FDA1 
 3029      3FE8CECD 
 3029      C032FC
 3030 1143 D177DF76 		.ascii	"\321w\337v\332\367M\223\215\2352\200\315\034009\312"
 3030      DAF74D93 
 3030      8D9D3280 
 3030      CD1C3030 
 3030      39CA
 3031 1155 A5A7A38C 		.ascii	"\245\247\243\214\271\375c\202}\344\270\320o\024\257"
 3031      B9FD6382 
 3031      7DE4B8D0 
 3031      6F14AF
 3032 1164 6D54D6AF 		.ascii	"mT\326\257m\224\035\342@\224\321\321\203\006F\033M\033"
ARM GAS  /tmp/cc47EVn4.s 			page 113


 3032      6D941DE2 
 3032      4094D1D1 
 3032      8306461B 
 3032      4D1B
 3033 1176 F83F09F6 		.ascii	"\370?\011\366\247%"
 3033      A725
 3034              		.text
 3035              		.section	.gnu.lto_.symtab.d8b29fb7f91c9a9d,"e",%progbits
 3036 0000 5F6D6D63 		.ascii	"_mmcsd_get_slice\000"
 3036      73645F67 
 3036      65745F73 
 3036      6C696365 
 3036      00
 3037 0011 00       		.ascii	"\000"
 3038 0012 00       		.ascii	"\000"
 3039 0013 00       		.ascii	"\000"
 3040 0014 00000000 		.ascii	"\000\000\000\000\000\000\000\000"
 3040      00000000 
 3041 001c AA010000 		.ascii	"\252\001\000\000"
 3042 0020 5F6D6D63 		.ascii	"_mmcsd_get_capacity\000"
 3042      73645F67 
 3042      65745F63 
 3042      61706163 
 3042      69747900 
 3043 0034 00       		.ascii	"\000"
 3044 0035 00       		.ascii	"\000"
 3045 0036 00       		.ascii	"\000"
 3046 0037 00000000 		.ascii	"\000\000\000\000\000\000\000\000"
 3046      00000000 
 3047 003f AF010000 		.ascii	"\257\001\000\000"
 3048 0043 5F6D6D63 		.ascii	"_mmcsd_get_capacity_ext\000"
 3048      73645F67 
 3048      65745F63 
 3048      61706163 
 3048      6974795F 
 3049 005b 00       		.ascii	"\000"
 3050 005c 00       		.ascii	"\000"
 3051 005d 00       		.ascii	"\000"
 3052 005e 00000000 		.ascii	"\000\000\000\000\000\000\000\000"
 3052      00000000 
 3053 0066 B4010000 		.ascii	"\264\001\000\000"
 3054 006a 5F6D6D63 		.ascii	"_mmcsd_unpack_sdc_cid\000"
 3054      73645F75 
 3054      6E706163 
 3054      6B5F7364 
 3054      635F6369 
 3055 0080 00       		.ascii	"\000"
 3056 0081 00       		.ascii	"\000"
 3057 0082 00       		.ascii	"\000"
 3058 0083 00000000 		.ascii	"\000\000\000\000\000\000\000\000"
 3058      00000000 
 3059 008b BF010000 		.ascii	"\277\001\000\000"
 3060 008f 5F6D6D63 		.ascii	"_mmcsd_unpack_mmc_cid\000"
 3060      73645F75 
 3060      6E706163 
 3060      6B5F6D6D 
 3060      635F6369 
ARM GAS  /tmp/cc47EVn4.s 			page 114


 3061 00a5 00       		.ascii	"\000"
 3062 00a6 00       		.ascii	"\000"
 3063 00a7 00       		.ascii	"\000"
 3064 00a8 00000000 		.ascii	"\000\000\000\000\000\000\000\000"
 3064      00000000 
 3065 00b0 C7010000 		.ascii	"\307\001\000\000"
 3066 00b4 5F6D6D63 		.ascii	"_mmcsd_unpack_csd_mmc\000"
 3066      73645F75 
 3066      6E706163 
 3066      6B5F6373 
 3066      645F6D6D 
 3067 00ca 00       		.ascii	"\000"
 3068 00cb 00       		.ascii	"\000"
 3069 00cc 00       		.ascii	"\000"
 3070 00cd 00000000 		.ascii	"\000\000\000\000\000\000\000\000"
 3070      00000000 
 3071 00d5 CF010000 		.ascii	"\317\001\000\000"
 3072 00d9 5F6D6D63 		.ascii	"_mmcsd_unpack_csd_v10\000"
 3072      73645F75 
 3072      6E706163 
 3072      6B5F6373 
 3072      645F7631 
 3073 00ef 00       		.ascii	"\000"
 3074 00f0 00       		.ascii	"\000"
 3075 00f1 00       		.ascii	"\000"
 3076 00f2 00000000 		.ascii	"\000\000\000\000\000\000\000\000"
 3076      00000000 
 3077 00fa D7010000 		.ascii	"\327\001\000\000"
 3078 00fe 5F6D6D63 		.ascii	"_mmcsd_unpack_csd_v20\000"
 3078      73645F75 
 3078      6E706163 
 3078      6B5F6373 
 3078      645F7632 
 3079 0114 00       		.ascii	"\000"
 3080 0115 00       		.ascii	"\000"
 3081 0116 00       		.ascii	"\000"
 3082 0117 00000000 		.ascii	"\000\000\000\000\000\000\000\000"
 3082      00000000 
 3083 011f DF010000 		.ascii	"\337\001\000\000"
 3084              		.text
 3085              		.section	.gnu.lto_.ext_symtab.d8b29fb7f91c9a9d,"e",%progbits
 3086 0000 01       		.ascii	"\001"
 3087 0001 01       		.ascii	"\001"
 3088 0002 00       		.ascii	"\000"
 3089 0003 01       		.ascii	"\001"
 3090 0004 00       		.ascii	"\000"
 3091 0005 01       		.ascii	"\001"
 3092 0006 00       		.ascii	"\000"
 3093 0007 01       		.ascii	"\001"
 3094 0008 00       		.ascii	"\000"
 3095 0009 01       		.ascii	"\001"
 3096 000a 00       		.ascii	"\000"
 3097 000b 01       		.ascii	"\001"
 3098 000c 00       		.ascii	"\000"
 3099 000d 01       		.ascii	"\001"
 3100 000e 00       		.ascii	"\000"
 3101 000f 01       		.ascii	"\001"
ARM GAS  /tmp/cc47EVn4.s 			page 115


 3102 0010 00       		.ascii	"\000"
 3103              		.text
 3104              		.section	.gnu.lto_.opts,"e",%progbits
 3105 0000 272D666E 		.ascii	"'-fno-openmp' '-fno-openacc' '-fno-pie' '-fcf-prote"
 3105      6F2D6F70 
 3105      656E6D70 
 3105      2720272D 
 3105      666E6F2D 
 3106 0033 6374696F 		.ascii	"ction=none' '-g' '-mcpu=cortex-m7' '-mthumb' '-mflo"
 3106      6E3D6E6F 
 3106      6E652720 
 3106      272D6727 
 3106      20272D6D 
 3107 0066 61742D61 		.ascii	"at-abi=hard' '-mfpu=fpv5-d16' '-mlibarch=armv7e-m+f"
 3107      62693D68 
 3107      61726427 
 3107      20272D6D 
 3107      6670753D 
 3108 0099 702E6470 		.ascii	"p.dp' '-march=armv7e-m+fp.dp' '-O2' '-fomit-frame-p"
 3108      2720272D 
 3108      6D617263 
 3108      683D6172 
 3108      6D763765 
 3109 00cc 6F696E74 		.ascii	"ointer' '-falign-functions=16' '-ffunction-sections"
 3109      65722720 
 3109      272D6661 
 3109      6C69676E 
 3109      2D66756E 
 3110 00ff 2720272D 		.ascii	"' '-fdata-sections' '-fno-common' '-flto' '-Xassemb"
 3110      66646174 
 3110      612D7365 
 3110      6374696F 
 3110      6E732720 
 3111 0132 6C657227 		.ascii	"ler' '-alms=build/lst/hal_mmcsd.lst'\000"
 3111      20272D61 
 3111      6C6D733D 
 3111      6275696C 
 3111      642F6C73 
 3112              		.text
 3113              		.comm	__gnu_lto_slim,1,1
 3114              		.ident	"GCC: (15:10.3-2021.07-4) 10.3.1 20210621 (release)"
ARM GAS  /tmp/cc47EVn4.s 			page 116


DEFINED SYMBOLS
                            *ABS*:0000000000000000 hal_mmcsd.c
     /tmp/cc47EVn4.s:22     .gnu.debuglto_.debug_info:0000000000000000 hal_mmcsd.c.1eb03582
                            *COM*:0000000000000001 __gnu_lto_slim

NO UNDEFINED SYMBOLS
