ARM GAS  /tmp/ccosC1gx.s 			page 1


   1              		.cpu cortex-m7
   2              		.eabi_attribute 28, 1
   3              		.eabi_attribute 20, 1
   4              		.eabi_attribute 21, 1
   5              		.eabi_attribute 23, 3
   6              		.eabi_attribute 24, 1
   7              		.eabi_attribute 25, 1
   8              		.eabi_attribute 26, 1
   9              		.eabi_attribute 30, 2
  10              		.eabi_attribute 34, 1
  11              		.eabi_attribute 18, 4
  12              		.file	"RobotStateMachine.cpp"
  13              		.file 1 "/usr/include/newlib/c++/10.3.1/cstdint"
  14              		.file 2 "/usr/include/newlib/c++/10.3.1/cstring"
  15              		.file 3 "/usr/include/newlib/c++/10.3.1/arm-none-eabi/thumb/v7e-m+dp/hard/bits/c++config.h"
  16              		.file 4 "/usr/lib/gcc/arm-none-eabi/10.3.1/include/stdint.h"
  17              		.file 5 "./src/RobotState.hpp"
  18              		.file 6 "./src/controllers/RobotStateMachine.hpp"
  19              		.file 7 "./src/controllers/BalanceController.hpp"
  20              		.file 8 "/usr/lib/gcc/arm-none-eabi/10.3.1/include/stddef.h"
  21              		.file 9 "/usr/include/newlib/string.h"
  22              		.file 10 "src/controllers/RobotStateMachine.cpp"
  23              		.file 11 "<built-in>"
  24              		.section	.gnu.debuglto_.debug_info,"e",%progbits
  25              	.Ldebug_info0:
  26              		.hidden	RobotStateMachine.cpp.39ac6f91
  27              		.weak	RobotStateMachine.cpp.39ac6f91
  28              	RobotStateMachine.cpp.39ac6f91:
  29 0000 B6060000 		.4byte	0x6b6
  30 0004 0400     		.2byte	0x4
  31 0006 00000000 		.4byte	.Ldebug_abbrev0
  32 000a 04       		.byte	0x4
  33 000b 01       		.uleb128 0x1
  34 000c D5010000 		.4byte	.LASF72
  35 0010 04       		.byte	0x4
  36 0011 CC030000 		.4byte	.LASF73
  37 0015 62040000 		.4byte	.LASF74
  38 0019 00000000 		.4byte	.Ldebug_line0
  39 001d 02       		.uleb128 0x2
  40 001e 73746400 		.ascii	"std\000"
  41 0022 0B       		.byte	0xb
  42 0023 00       		.byte	0
  43 0024 3B010000 		.4byte	0x13b
  44 0028 03       		.uleb128 0x3
  45 0029 1C000000 		.4byte	.LASF0
  46 002d 03       		.byte	0x3
  47 002e 1E01     		.2byte	0x11e
  48 0030 41       		.byte	0x41
  49 0031 04       		.uleb128 0x4
  50 0032 03       		.byte	0x3
  51 0033 1E01     		.2byte	0x11e
  52 0035 41       		.byte	0x41
  53 0036 28000000 		.4byte	0x28
  54 003a 05       		.uleb128 0x5
  55 003b 01       		.byte	0x1
  56 003c 2F       		.byte	0x2f
  57 003d 0B       		.byte	0xb
ARM GAS  /tmp/ccosC1gx.s 			page 2


  58 003e 5B010000 		.4byte	0x15b
  59 0042 05       		.uleb128 0x5
  60 0043 01       		.byte	0x1
  61 0044 30       		.byte	0x30
  62 0045 0B       		.byte	0xb
  63 0046 6E010000 		.4byte	0x16e
  64 004a 05       		.uleb128 0x5
  65 004b 01       		.byte	0x1
  66 004c 31       		.byte	0x31
  67 004d 0B       		.byte	0xb
  68 004e 81010000 		.4byte	0x181
  69 0052 05       		.uleb128 0x5
  70 0053 01       		.byte	0x1
  71 0054 32       		.byte	0x32
  72 0055 0B       		.byte	0xb
  73 0056 94010000 		.4byte	0x194
  74 005a 05       		.uleb128 0x5
  75 005b 01       		.byte	0x1
  76 005c 34       		.byte	0x34
  77 005d 0B       		.byte	0xb
  78 005e 53020000 		.4byte	0x253
  79 0062 05       		.uleb128 0x5
  80 0063 01       		.byte	0x1
  81 0064 35       		.byte	0x35
  82 0065 0B       		.byte	0xb
  83 0066 6B020000 		.4byte	0x26b
  84 006a 05       		.uleb128 0x5
  85 006b 01       		.byte	0x1
  86 006c 36       		.byte	0x36
  87 006d 0B       		.byte	0xb
  88 006e 77020000 		.4byte	0x277
  89 0072 05       		.uleb128 0x5
  90 0073 01       		.byte	0x1
  91 0074 37       		.byte	0x37
  92 0075 0B       		.byte	0xb
  93 0076 83020000 		.4byte	0x283
  94 007a 05       		.uleb128 0x5
  95 007b 01       		.byte	0x1
  96 007c 39       		.byte	0x39
  97 007d 0B       		.byte	0xb
  98 007e F3010000 		.4byte	0x1f3
  99 0082 05       		.uleb128 0x5
 100 0083 01       		.byte	0x1
 101 0084 3A       		.byte	0x3a
 102 0085 0B       		.byte	0xb
 103 0086 FF010000 		.4byte	0x1ff
 104 008a 05       		.uleb128 0x5
 105 008b 01       		.byte	0x1
 106 008c 3B       		.byte	0x3b
 107 008d 0B       		.byte	0xb
 108 008e 0B020000 		.4byte	0x20b
 109 0092 05       		.uleb128 0x5
 110 0093 01       		.byte	0x1
 111 0094 3C       		.byte	0x3c
 112 0095 0B       		.byte	0xb
 113 0096 17020000 		.4byte	0x217
 114 009a 05       		.uleb128 0x5
ARM GAS  /tmp/ccosC1gx.s 			page 3


 115 009b 01       		.byte	0x1
 116 009c 3E       		.byte	0x3e
 117 009d 0B       		.byte	0xb
 118 009e DE020000 		.4byte	0x2de
 119 00a2 05       		.uleb128 0x5
 120 00a3 01       		.byte	0x1
 121 00a4 3F       		.byte	0x3f
 122 00a5 0B       		.byte	0xb
 123 00a6 C6020000 		.4byte	0x2c6
 124 00aa 05       		.uleb128 0x5
 125 00ab 01       		.byte	0x1
 126 00ac 41       		.byte	0x41
 127 00ad 0B       		.byte	0xb
 128 00ae A7010000 		.4byte	0x1a7
 129 00b2 05       		.uleb128 0x5
 130 00b3 01       		.byte	0x1
 131 00b4 42       		.byte	0x42
 132 00b5 0B       		.byte	0xb
 133 00b6 BA010000 		.4byte	0x1ba
 134 00ba 05       		.uleb128 0x5
 135 00bb 01       		.byte	0x1
 136 00bc 43       		.byte	0x43
 137 00bd 0B       		.byte	0xb
 138 00be CD010000 		.4byte	0x1cd
 139 00c2 05       		.uleb128 0x5
 140 00c3 01       		.byte	0x1
 141 00c4 44       		.byte	0x44
 142 00c5 0B       		.byte	0xb
 143 00c6 E0010000 		.4byte	0x1e0
 144 00ca 05       		.uleb128 0x5
 145 00cb 01       		.byte	0x1
 146 00cc 46       		.byte	0x46
 147 00cd 0B       		.byte	0xb
 148 00ce 8F020000 		.4byte	0x28f
 149 00d2 05       		.uleb128 0x5
 150 00d3 01       		.byte	0x1
 151 00d4 47       		.byte	0x47
 152 00d5 0B       		.byte	0xb
 153 00d6 A2020000 		.4byte	0x2a2
 154 00da 05       		.uleb128 0x5
 155 00db 01       		.byte	0x1
 156 00dc 48       		.byte	0x48
 157 00dd 0B       		.byte	0xb
 158 00de AE020000 		.4byte	0x2ae
 159 00e2 05       		.uleb128 0x5
 160 00e3 01       		.byte	0x1
 161 00e4 49       		.byte	0x49
 162 00e5 0B       		.byte	0xb
 163 00e6 BA020000 		.4byte	0x2ba
 164 00ea 05       		.uleb128 0x5
 165 00eb 01       		.byte	0x1
 166 00ec 4B       		.byte	0x4b
 167 00ed 0B       		.byte	0xb
 168 00ee 23020000 		.4byte	0x223
 169 00f2 05       		.uleb128 0x5
 170 00f3 01       		.byte	0x1
 171 00f4 4C       		.byte	0x4c
ARM GAS  /tmp/ccosC1gx.s 			page 4


 172 00f5 0B       		.byte	0xb
 173 00f6 2F020000 		.4byte	0x22f
 174 00fa 05       		.uleb128 0x5
 175 00fb 01       		.byte	0x1
 176 00fc 4D       		.byte	0x4d
 177 00fd 0B       		.byte	0xb
 178 00fe 3B020000 		.4byte	0x23b
 179 0102 05       		.uleb128 0x5
 180 0103 01       		.byte	0x1
 181 0104 4E       		.byte	0x4e
 182 0105 0B       		.byte	0xb
 183 0106 47020000 		.4byte	0x247
 184 010a 05       		.uleb128 0x5
 185 010b 01       		.byte	0x1
 186 010c 50       		.byte	0x50
 187 010d 0B       		.byte	0xb
 188 010e EA020000 		.4byte	0x2ea
 189 0112 05       		.uleb128 0x5
 190 0113 01       		.byte	0x1
 191 0114 51       		.byte	0x51
 192 0115 0B       		.byte	0xb
 193 0116 D2020000 		.4byte	0x2d2
 194 011a 05       		.uleb128 0x5
 195 011b 02       		.byte	0x2
 196 011c 54       		.byte	0x54
 197 011d 0B       		.byte	0xb
 198 011e FB050000 		.4byte	0x5fb
 199 0122 05       		.uleb128 0x5
 200 0123 02       		.byte	0x2
 201 0124 57       		.byte	0x57
 202 0125 0B       		.byte	0xb
 203 0126 16060000 		.4byte	0x616
 204 012a 05       		.uleb128 0x5
 205 012b 02       		.byte	0x2
 206 012c 5D       		.byte	0x5d
 207 012d 0B       		.byte	0xb
 208 012e 2C060000 		.4byte	0x62c
 209 0132 05       		.uleb128 0x5
 210 0133 02       		.byte	0x2
 211 0134 5E       		.byte	0x5e
 212 0135 0B       		.byte	0xb
 213 0136 47060000 		.4byte	0x647
 214 013a 00       		.byte	0
 215 013b 06       		.uleb128 0x6
 216 013c C7040000 		.4byte	.LASF38
 217 0140 03       		.byte	0x3
 218 0141 2001     		.2byte	0x120
 219 0143 0B       		.byte	0xb
 220 0144 5B010000 		.4byte	0x15b
 221 0148 03       		.uleb128 0x3
 222 0149 1C000000 		.4byte	.LASF0
 223 014d 03       		.byte	0x3
 224 014e 2201     		.2byte	0x122
 225 0150 41       		.byte	0x41
 226 0151 04       		.uleb128 0x4
 227 0152 03       		.byte	0x3
 228 0153 2201     		.2byte	0x122
ARM GAS  /tmp/ccosC1gx.s 			page 5


 229 0155 41       		.byte	0x41
 230 0156 48010000 		.4byte	0x148
 231 015a 00       		.byte	0
 232 015b 07       		.uleb128 0x7
 233 015c 22040000 		.4byte	.LASF1
 234 0160 04       		.byte	0x4
 235 0161 22       		.byte	0x22
 236 0162 17       		.byte	0x17
 237 0163 67010000 		.4byte	0x167
 238 0167 08       		.uleb128 0x8
 239 0168 01       		.byte	0x1
 240 0169 06       		.byte	0x6
 241 016a 6F000000 		.4byte	.LASF3
 242 016e 07       		.uleb128 0x7
 243 016f 59000000 		.4byte	.LASF2
 244 0173 04       		.byte	0x4
 245 0174 25       		.byte	0x25
 246 0175 18       		.byte	0x18
 247 0176 7A010000 		.4byte	0x17a
 248 017a 08       		.uleb128 0x8
 249 017b 02       		.byte	0x2
 250 017c 05       		.byte	0x5
 251 017d 45030000 		.4byte	.LASF4
 252 0181 07       		.uleb128 0x7
 253 0182 2F030000 		.4byte	.LASF5
 254 0186 04       		.byte	0x4
 255 0187 28       		.byte	0x28
 256 0188 18       		.byte	0x18
 257 0189 8D010000 		.4byte	0x18d
 258 018d 08       		.uleb128 0x8
 259 018e 04       		.byte	0x4
 260 018f 05       		.byte	0x5
 261 0190 9A000000 		.4byte	.LASF6
 262 0194 07       		.uleb128 0x7
 263 0195 8F040000 		.4byte	.LASF7
 264 0199 04       		.byte	0x4
 265 019a 2B       		.byte	0x2b
 266 019b 18       		.byte	0x18
 267 019c A0010000 		.4byte	0x1a0
 268 01a0 08       		.uleb128 0x8
 269 01a1 08       		.byte	0x8
 270 01a2 05       		.byte	0x5
 271 01a3 61000000 		.4byte	.LASF8
 272 01a7 07       		.uleb128 0x7
 273 01a8 5A040000 		.4byte	.LASF9
 274 01ac 04       		.byte	0x4
 275 01ad 2E       		.byte	0x2e
 276 01ae 18       		.byte	0x18
 277 01af B3010000 		.4byte	0x1b3
 278 01b3 08       		.uleb128 0x8
 279 01b4 01       		.byte	0x1
 280 01b5 08       		.byte	0x8
 281 01b6 37030000 		.4byte	.LASF10
 282 01ba 07       		.uleb128 0x7
 283 01bb EE000000 		.4byte	.LASF11
 284 01bf 04       		.byte	0x4
 285 01c0 31       		.byte	0x31
ARM GAS  /tmp/ccosC1gx.s 			page 6


 286 01c1 19       		.byte	0x19
 287 01c2 C6010000 		.4byte	0x1c6
 288 01c6 08       		.uleb128 0x8
 289 01c7 02       		.byte	0x2
 290 01c8 07       		.byte	0x7
 291 01c9 73010000 		.4byte	.LASF12
 292 01cd 07       		.uleb128 0x7
 293 01ce B9030000 		.4byte	.LASF13
 294 01d2 04       		.byte	0x4
 295 01d3 34       		.byte	0x34
 296 01d4 19       		.byte	0x19
 297 01d5 D9010000 		.4byte	0x1d9
 298 01d9 08       		.uleb128 0x8
 299 01da 04       		.byte	0x4
 300 01db 07       		.byte	0x7
 301 01dc 61010000 		.4byte	.LASF14
 302 01e0 07       		.uleb128 0x7
 303 01e1 24000000 		.4byte	.LASF15
 304 01e5 04       		.byte	0x4
 305 01e6 37       		.byte	0x37
 306 01e7 19       		.byte	0x19
 307 01e8 EC010000 		.4byte	0x1ec
 308 01ec 08       		.uleb128 0x8
 309 01ed 08       		.byte	0x8
 310 01ee 07       		.byte	0x7
 311 01ef 2D000000 		.4byte	.LASF16
 312 01f3 07       		.uleb128 0x7
 313 01f4 BB010000 		.4byte	.LASF17
 314 01f8 04       		.byte	0x4
 315 01f9 3C       		.byte	0x3c
 316 01fa 1D       		.byte	0x1d
 317 01fb 67010000 		.4byte	0x167
 318 01ff 07       		.uleb128 0x7
 319 0200 7A030000 		.4byte	.LASF18
 320 0204 04       		.byte	0x4
 321 0205 3D       		.byte	0x3d
 322 0206 1E       		.byte	0x1e
 323 0207 7A010000 		.4byte	0x17a
 324 020b 07       		.uleb128 0x7
 325 020c C2000000 		.4byte	.LASF19
 326 0210 04       		.byte	0x4
 327 0211 3E       		.byte	0x3e
 328 0212 1E       		.byte	0x1e
 329 0213 8D010000 		.4byte	0x18d
 330 0217 07       		.uleb128 0x7
 331 0218 DD020000 		.4byte	.LASF20
 332 021c 04       		.byte	0x4
 333 021d 3F       		.byte	0x3f
 334 021e 1E       		.byte	0x1e
 335 021f A0010000 		.4byte	0x1a0
 336 0223 07       		.uleb128 0x7
 337 0224 F2030000 		.4byte	.LASF21
 338 0228 04       		.byte	0x4
 339 0229 40       		.byte	0x40
 340 022a 1E       		.byte	0x1e
 341 022b B3010000 		.4byte	0x1b3
 342 022f 07       		.uleb128 0x7
ARM GAS  /tmp/ccosC1gx.s 			page 7


 343 0230 06040000 		.4byte	.LASF22
 344 0234 04       		.byte	0x4
 345 0235 41       		.byte	0x41
 346 0236 1F       		.byte	0x1f
 347 0237 C6010000 		.4byte	0x1c6
 348 023b 07       		.uleb128 0x7
 349 023c 22010000 		.4byte	.LASF23
 350 0240 04       		.byte	0x4
 351 0241 42       		.byte	0x42
 352 0242 1F       		.byte	0x1f
 353 0243 D9010000 		.4byte	0x1d9
 354 0247 07       		.uleb128 0x7
 355 0248 12030000 		.4byte	.LASF24
 356 024c 04       		.byte	0x4
 357 024d 43       		.byte	0x43
 358 024e 1F       		.byte	0x1f
 359 024f EC010000 		.4byte	0x1ec
 360 0253 07       		.uleb128 0x7
 361 0254 E2000000 		.4byte	.LASF25
 362 0258 04       		.byte	0x4
 363 0259 47       		.byte	0x47
 364 025a 1C       		.byte	0x1c
 365 025b 5F020000 		.4byte	0x25f
 366 025f 09       		.uleb128 0x9
 367 0260 04       		.byte	0x4
 368 0261 05       		.byte	0x5
 369 0262 696E7400 		.ascii	"int\000"
 370 0266 0A       		.uleb128 0xa
 371 0267 5F020000 		.4byte	0x25f
 372 026b 07       		.uleb128 0x7
 373 026c 00000000 		.4byte	.LASF26
 374 0270 04       		.byte	0x4
 375 0271 48       		.byte	0x48
 376 0272 1D       		.byte	0x1d
 377 0273 5F020000 		.4byte	0x25f
 378 0277 07       		.uleb128 0x7
 379 0278 D0020000 		.4byte	.LASF27
 380 027c 04       		.byte	0x4
 381 027d 49       		.byte	0x49
 382 027e 1D       		.byte	0x1d
 383 027f 5F020000 		.4byte	0x25f
 384 0283 07       		.uleb128 0x7
 385 0284 15040000 		.4byte	.LASF28
 386 0288 04       		.byte	0x4
 387 0289 4A       		.byte	0x4a
 388 028a 1D       		.byte	0x1d
 389 028b A0010000 		.4byte	0x1a0
 390 028f 07       		.uleb128 0x7
 391 0290 6D030000 		.4byte	.LASF29
 392 0294 04       		.byte	0x4
 393 0295 4B       		.byte	0x4b
 394 0296 1D       		.byte	0x1d
 395 0297 9B020000 		.4byte	0x29b
 396 029b 08       		.uleb128 0x8
 397 029c 04       		.byte	0x4
 398 029d 07       		.byte	0x7
 399 029e 40010000 		.4byte	.LASF30
ARM GAS  /tmp/ccosC1gx.s 			page 8


 400 02a2 07       		.uleb128 0x7
 401 02a3 21030000 		.4byte	.LASF31
 402 02a7 04       		.byte	0x4
 403 02a8 4C       		.byte	0x4c
 404 02a9 1E       		.byte	0x1e
 405 02aa 9B020000 		.4byte	0x29b
 406 02ae 07       		.uleb128 0x7
 407 02af 44000000 		.4byte	.LASF32
 408 02b3 04       		.byte	0x4
 409 02b4 4D       		.byte	0x4d
 410 02b5 1E       		.byte	0x1e
 411 02b6 9B020000 		.4byte	0x29b
 412 02ba 07       		.uleb128 0x7
 413 02bb 8C010000 		.4byte	.LASF33
 414 02bf 04       		.byte	0x4
 415 02c0 4E       		.byte	0x4e
 416 02c1 1E       		.byte	0x1e
 417 02c2 EC010000 		.4byte	0x1ec
 418 02c6 07       		.uleb128 0x7
 419 02c7 9A010000 		.4byte	.LASF34
 420 02cb 04       		.byte	0x4
 421 02cc 53       		.byte	0x53
 422 02cd 19       		.byte	0x19
 423 02ce 5F020000 		.4byte	0x25f
 424 02d2 07       		.uleb128 0x7
 425 02d3 12000000 		.4byte	.LASF35
 426 02d7 04       		.byte	0x4
 427 02d8 56       		.byte	0x56
 428 02d9 1A       		.byte	0x1a
 429 02da 9B020000 		.4byte	0x29b
 430 02de 07       		.uleb128 0x7
 431 02df FB020000 		.4byte	.LASF36
 432 02e3 04       		.byte	0x4
 433 02e4 5B       		.byte	0x5b
 434 02e5 19       		.byte	0x19
 435 02e6 A0010000 		.4byte	0x1a0
 436 02ea 07       		.uleb128 0x7
 437 02eb 7B000000 		.4byte	.LASF37
 438 02ef 04       		.byte	0x4
 439 02f0 5C       		.byte	0x5c
 440 02f1 1A       		.byte	0x1a
 441 02f2 EC010000 		.4byte	0x1ec
 442 02f6 0B       		.uleb128 0xb
 443 02f7 8B000000 		.4byte	.LASF39
 444 02fb 05       		.byte	0x5
 445 02fc 13       		.byte	0x13
 446 02fd 0B       		.byte	0xb
 447 02fe F1030000 		.4byte	0x3f1
 448 0302 0C       		.uleb128 0xc
 449 0303 5800     		.ascii	"X\000"
 450 0305 05       		.byte	0x5
 451 0306 15       		.byte	0x15
 452 0307 13       		.byte	0x13
 453 0308 66020000 		.4byte	0x266
 454 030c 00       		.byte	0
 455 030d 0C       		.uleb128 0xc
 456 030e 5900     		.ascii	"Y\000"
ARM GAS  /tmp/ccosC1gx.s 			page 9


 457 0310 05       		.byte	0x5
 458 0311 16       		.byte	0x16
 459 0312 13       		.byte	0x13
 460 0313 66020000 		.4byte	0x266
 461 0317 01       		.byte	0x1
 462 0318 0D       		.uleb128 0xd
 463 0319 86010000 		.4byte	.LASF40
 464 031d 05       		.byte	0x5
 465 031e 17       		.byte	0x17
 466 031f 13       		.byte	0x13
 467 0320 66020000 		.4byte	0x266
 468 0324 02       		.byte	0x2
 469 0325 0C       		.uleb128 0xc
 470 0326 5500     		.ascii	"U\000"
 471 0328 05       		.byte	0x5
 472 0329 1A       		.byte	0x1a
 473 032a 13       		.byte	0x13
 474 032b 66020000 		.4byte	0x266
 475 032f 03       		.byte	0x3
 476 0330 0C       		.uleb128 0xc
 477 0331 5600     		.ascii	"V\000"
 478 0333 05       		.byte	0x5
 479 0334 1B       		.byte	0x1b
 480 0335 13       		.byte	0x13
 481 0336 66020000 		.4byte	0x266
 482 033a 04       		.byte	0x4
 483 033b 0C       		.uleb128 0xc
 484 033c 5700     		.ascii	"W\000"
 485 033e 05       		.byte	0x5
 486 033f 1C       		.byte	0x1c
 487 0340 13       		.byte	0x13
 488 0341 66020000 		.4byte	0x266
 489 0345 05       		.byte	0x5
 490 0346 0D       		.uleb128 0xd
 491 0347 67030000 		.4byte	.LASF41
 492 034b 05       		.byte	0x5
 493 034c 1F       		.byte	0x1f
 494 034d 13       		.byte	0x13
 495 034e 66020000 		.4byte	0x266
 496 0352 06       		.byte	0x6
 497 0353 0D       		.uleb128 0xd
 498 0354 3A010000 		.4byte	.LASF42
 499 0358 05       		.byte	0x5
 500 0359 20       		.byte	0x20
 501 035a 13       		.byte	0x13
 502 035b 66020000 		.4byte	0x266
 503 035f 07       		.byte	0x7
 504 0360 0D       		.uleb128 0xd
 505 0361 89040000 		.4byte	.LASF43
 506 0365 05       		.byte	0x5
 507 0366 21       		.byte	0x21
 508 0367 13       		.byte	0x13
 509 0368 66020000 		.4byte	0x266
 510 036c 08       		.byte	0x8
 511 036d 0C       		.uleb128 0xc
 512 036e 513000   		.ascii	"Q0\000"
 513 0371 05       		.byte	0x5
ARM GAS  /tmp/ccosC1gx.s 			page 10


 514 0372 24       		.byte	0x24
 515 0373 13       		.byte	0x13
 516 0374 66020000 		.4byte	0x266
 517 0378 09       		.byte	0x9
 518 0379 0C       		.uleb128 0xc
 519 037a 513100   		.ascii	"Q1\000"
 520 037d 05       		.byte	0x5
 521 037e 25       		.byte	0x25
 522 037f 13       		.byte	0x13
 523 0380 66020000 		.4byte	0x266
 524 0384 0A       		.byte	0xa
 525 0385 0C       		.uleb128 0xc
 526 0386 513200   		.ascii	"Q2\000"
 527 0389 05       		.byte	0x5
 528 038a 26       		.byte	0x26
 529 038b 13       		.byte	0x13
 530 038c 66020000 		.4byte	0x266
 531 0390 0B       		.byte	0xb
 532 0391 0C       		.uleb128 0xc
 533 0392 513300   		.ascii	"Q3\000"
 534 0395 05       		.byte	0x5
 535 0396 27       		.byte	0x27
 536 0397 13       		.byte	0x13
 537 0398 66020000 		.4byte	0x266
 538 039c 0C       		.byte	0xc
 539 039d 0C       		.uleb128 0xc
 540 039e 5000     		.ascii	"P\000"
 541 03a0 05       		.byte	0x5
 542 03a1 2A       		.byte	0x2a
 543 03a2 13       		.byte	0x13
 544 03a3 66020000 		.4byte	0x266
 545 03a7 0D       		.byte	0xd
 546 03a8 0C       		.uleb128 0xc
 547 03a9 5100     		.ascii	"Q\000"
 548 03ab 05       		.byte	0x5
 549 03ac 2B       		.byte	0x2b
 550 03ad 13       		.byte	0x13
 551 03ae 66020000 		.4byte	0x266
 552 03b2 0E       		.byte	0xe
 553 03b3 0C       		.uleb128 0xc
 554 03b4 5200     		.ascii	"R\000"
 555 03b6 05       		.byte	0x5
 556 03b7 2C       		.byte	0x2c
 557 03b8 13       		.byte	0x13
 558 03b9 66020000 		.4byte	0x266
 559 03bd 0F       		.byte	0xf
 560 03be 0D       		.uleb128 0xd
 561 03bf EB020000 		.4byte	.LASF44
 562 03c3 05       		.byte	0x5
 563 03c4 2F       		.byte	0x2f
 564 03c5 13       		.byte	0x13
 565 03c6 66020000 		.4byte	0x266
 566 03ca 10       		.byte	0x10
 567 03cb 0D       		.uleb128 0xd
 568 03cc 85000000 		.4byte	.LASF45
 569 03d0 05       		.byte	0x5
 570 03d1 30       		.byte	0x30
ARM GAS  /tmp/ccosC1gx.s 			page 11


 571 03d2 13       		.byte	0x13
 572 03d3 66020000 		.4byte	0x266
 573 03d7 11       		.byte	0x11
 574 03d8 0D       		.uleb128 0xd
 575 03d9 00040000 		.4byte	.LASF46
 576 03dd 05       		.byte	0x5
 577 03de 31       		.byte	0x31
 578 03df 13       		.byte	0x13
 579 03e0 66020000 		.4byte	0x266
 580 03e4 12       		.byte	0x12
 581 03e5 0C       		.uleb128 0xc
 582 03e6 4E00     		.ascii	"N\000"
 583 03e8 05       		.byte	0x5
 584 03e9 34       		.byte	0x34
 585 03ea 13       		.byte	0x13
 586 03eb 66020000 		.4byte	0x266
 587 03ef 13       		.byte	0x13
 588 03f0 00       		.byte	0
 589 03f1 0E       		.uleb128 0xe
 590 03f2 02030000 		.4byte	0x302
 591 03f6 0E       		.uleb128 0xe
 592 03f7 0D030000 		.4byte	0x30d
 593 03fb 0E       		.uleb128 0xe
 594 03fc 18030000 		.4byte	0x318
 595 0400 0E       		.uleb128 0xe
 596 0401 25030000 		.4byte	0x325
 597 0405 0E       		.uleb128 0xe
 598 0406 30030000 		.4byte	0x330
 599 040a 0E       		.uleb128 0xe
 600 040b 3B030000 		.4byte	0x33b
 601 040f 0E       		.uleb128 0xe
 602 0410 46030000 		.4byte	0x346
 603 0414 0E       		.uleb128 0xe
 604 0415 53030000 		.4byte	0x353
 605 0419 0E       		.uleb128 0xe
 606 041a 60030000 		.4byte	0x360
 607 041e 0E       		.uleb128 0xe
 608 041f 6D030000 		.4byte	0x36d
 609 0423 0E       		.uleb128 0xe
 610 0424 79030000 		.4byte	0x379
 611 0428 0E       		.uleb128 0xe
 612 0429 85030000 		.4byte	0x385
 613 042d 0E       		.uleb128 0xe
 614 042e 91030000 		.4byte	0x391
 615 0432 0E       		.uleb128 0xe
 616 0433 9D030000 		.4byte	0x39d
 617 0437 0E       		.uleb128 0xe
 618 0438 A8030000 		.4byte	0x3a8
 619 043c 0E       		.uleb128 0xe
 620 043d B3030000 		.4byte	0x3b3
 621 0441 0E       		.uleb128 0xe
 622 0442 BE030000 		.4byte	0x3be
 623 0446 0E       		.uleb128 0xe
 624 0447 CB030000 		.4byte	0x3cb
 625 044b 0E       		.uleb128 0xe
 626 044c D8030000 		.4byte	0x3d8
 627 0450 0E       		.uleb128 0xe
ARM GAS  /tmp/ccosC1gx.s 			page 12


 628 0451 E5030000 		.4byte	0x3e5
 629 0455 0B       		.uleb128 0xb
 630 0456 4D010000 		.4byte	.LASF47
 631 045a 05       		.byte	0x5
 632 045b 37       		.byte	0x37
 633 045c 0B       		.byte	0xb
 634 045d B0040000 		.4byte	0x4b0
 635 0461 0D       		.uleb128 0xd
 636 0462 52000000 		.4byte	.LASF48
 637 0466 05       		.byte	0x5
 638 0467 38       		.byte	0x38
 639 0468 13       		.byte	0x13
 640 0469 66020000 		.4byte	0x266
 641 046d 00       		.byte	0
 642 046e 0D       		.uleb128 0xd
 643 046f 31010000 		.4byte	.LASF49
 644 0473 05       		.byte	0x5
 645 0474 39       		.byte	0x39
 646 0475 13       		.byte	0x13
 647 0476 66020000 		.4byte	0x266
 648 047a 01       		.byte	0x1
 649 047b 0D       		.uleb128 0xd
 650 047c 29040000 		.4byte	.LASF50
 651 0480 05       		.byte	0x5
 652 0481 3A       		.byte	0x3a
 653 0482 13       		.byte	0x13
 654 0483 66020000 		.4byte	0x266
 655 0487 02       		.byte	0x2
 656 0488 0D       		.uleb128 0xd
 657 0489 88030000 		.4byte	.LASF51
 658 048d 05       		.byte	0x5
 659 048e 3B       		.byte	0x3b
 660 048f 13       		.byte	0x13
 661 0490 66020000 		.4byte	0x266
 662 0494 03       		.byte	0x3
 663 0495 0D       		.uleb128 0xd
 664 0496 52040000 		.4byte	.LASF52
 665 049a 05       		.byte	0x5
 666 049b 3C       		.byte	0x3c
 667 049c 13       		.byte	0x13
 668 049d 66020000 		.4byte	0x266
 669 04a1 04       		.byte	0x4
 670 04a2 0D       		.uleb128 0xd
 671 04a3 C7020000 		.4byte	.LASF53
 672 04a7 05       		.byte	0x5
 673 04a8 3D       		.byte	0x3d
 674 04a9 13       		.byte	0x13
 675 04aa 66020000 		.4byte	0x266
 676 04ae 05       		.byte	0x5
 677 04af 00       		.byte	0
 678 04b0 0E       		.uleb128 0xe
 679 04b1 61040000 		.4byte	0x461
 680 04b5 0E       		.uleb128 0xe
 681 04b6 6E040000 		.4byte	0x46e
 682 04ba 0E       		.uleb128 0xe
 683 04bb 7B040000 		.4byte	0x47b
 684 04bf 0E       		.uleb128 0xe
ARM GAS  /tmp/ccosC1gx.s 			page 13


 685 04c0 88040000 		.4byte	0x488
 686 04c4 0E       		.uleb128 0xe
 687 04c5 95040000 		.4byte	0x495
 688 04c9 0E       		.uleb128 0xe
 689 04ca A2040000 		.4byte	0x4a2
 690 04ce 0F       		.uleb128 0xf
 691 04cf 3A040000 		.4byte	.LASF75
 692 04d3 07       		.byte	0x7
 693 04d4 01       		.byte	0x1
 694 04d5 B3010000 		.4byte	0x1b3
 695 04d9 06       		.byte	0x6
 696 04da 0F       		.byte	0xf
 697 04db 06       		.byte	0x6
 698 04dc F3040000 		.4byte	0x4f3
 699 04e0 10       		.uleb128 0x10
 700 04e1 56010000 		.4byte	.LASF54
 701 04e5 00       		.byte	0
 702 04e6 10       		.uleb128 0x10
 703 04e7 57030000 		.4byte	.LASF55
 704 04eb 01       		.byte	0x1
 705 04ec 10       		.uleb128 0x10
 706 04ed C8010000 		.4byte	.LASF56
 707 04f1 02       		.byte	0x2
 708 04f2 00       		.byte	0
 709 04f3 11       		.uleb128 0x11
 710 04f4 AA000000 		.4byte	.LASF59
 711 04f8 01       		.byte	0x1
 712 04f9 06       		.byte	0x6
 713 04fa 11       		.byte	0x11
 714 04fb 07       		.byte	0x7
 715 04fc 5C050000 		.4byte	0x55c
 716 0500 12       		.uleb128 0x12
 717 0501 33040000 		.4byte	.LASF76
 718 0505 06       		.byte	0x6
 719 0506 15       		.byte	0x15
 720 0507 0A       		.byte	0xa
 721 0508 91030000 		.4byte	.LASF77
 722 050c 01       		.byte	0x1
 723 050d 15050000 		.4byte	0x515
 724 0511 2F050000 		.4byte	0x52f
 725 0515 13       		.uleb128 0x13
 726 0516 61050000 		.4byte	0x561
 727 051a 14       		.uleb128 0x14
 728 051b 6C050000 		.4byte	0x56c
 729 051f 14       		.uleb128 0x14
 730 0520 6C050000 		.4byte	0x56c
 731 0524 14       		.uleb128 0x14
 732 0525 7E050000 		.4byte	0x57e
 733 0529 14       		.uleb128 0x14
 734 052a 85050000 		.4byte	0x585
 735 052e 00       		.byte	0
 736 052f 15       		.uleb128 0x15
 737 0530 C7030000 		.4byte	.LASF78
 738 0534 06       		.byte	0x6
 739 0535 1A       		.byte	0x1a
 740 0536 0F       		.byte	0xf
 741 0537 FC000000 		.4byte	.LASF79
ARM GAS  /tmp/ccosC1gx.s 			page 14


 742 053b CE040000 		.4byte	0x4ce
 743 053f 01       		.byte	0x1
 744 0540 48050000 		.4byte	0x548
 745 0544 4E050000 		.4byte	0x54e
 746 0548 13       		.uleb128 0x13
 747 0549 8B050000 		.4byte	0x58b
 748 054d 00       		.byte	0
 749 054e 16       		.uleb128 0x16
 750 054f A3010000 		.4byte	.LASF80
 751 0553 06       		.byte	0x6
 752 0554 1D       		.byte	0x1d
 753 0555 0F       		.byte	0xf
 754 0556 CE040000 		.4byte	0x4ce
 755 055a 00       		.byte	0
 756 055b 00       		.byte	0
 757 055c 0A       		.uleb128 0xa
 758 055d F3040000 		.4byte	0x4f3
 759 0561 17       		.uleb128 0x17
 760 0562 04       		.byte	0x4
 761 0563 F3040000 		.4byte	0x4f3
 762 0567 0A       		.uleb128 0xa
 763 0568 61050000 		.4byte	0x561
 764 056c 17       		.uleb128 0x17
 765 056d 04       		.byte	0x4
 766 056e 79050000 		.4byte	0x579
 767 0572 08       		.uleb128 0x8
 768 0573 04       		.byte	0x4
 769 0574 04       		.byte	0x4
 770 0575 0C030000 		.4byte	.LASF57
 771 0579 0A       		.uleb128 0xa
 772 057a 72050000 		.4byte	0x572
 773 057e 08       		.uleb128 0x8
 774 057f 01       		.byte	0x1
 775 0580 02       		.byte	0x2
 776 0581 0D000000 		.4byte	.LASF58
 777 0585 17       		.uleb128 0x17
 778 0586 04       		.byte	0x4
 779 0587 72050000 		.4byte	0x572
 780 058b 17       		.uleb128 0x17
 781 058c 04       		.byte	0x4
 782 058d 5C050000 		.4byte	0x55c
 783 0591 11       		.uleb128 0x11
 784 0592 D0000000 		.4byte	.LASF60
 785 0596 01       		.byte	0x1
 786 0597 07       		.byte	0x7
 787 0598 11       		.byte	0x11
 788 0599 07       		.byte	0x7
 789 059a C5050000 		.4byte	0x5c5
 790 059e 18       		.uleb128 0x18
 791 059f 33040000 		.4byte	.LASF76
 792 05a3 07       		.byte	0x7
 793 05a4 14       		.byte	0x14
 794 05a5 0A       		.byte	0xa
 795 05a6 A0040000 		.4byte	.LASF81
 796 05aa 01       		.byte	0x1
 797 05ab AF050000 		.4byte	0x5af
 798 05af 13       		.uleb128 0x13
ARM GAS  /tmp/ccosC1gx.s 			page 15


 799 05b0 C5050000 		.4byte	0x5c5
 800 05b4 14       		.uleb128 0x14
 801 05b5 6C050000 		.4byte	0x56c
 802 05b9 14       		.uleb128 0x14
 803 05ba 6C050000 		.4byte	0x56c
 804 05be 14       		.uleb128 0x14
 805 05bf 85050000 		.4byte	0x585
 806 05c3 00       		.byte	0
 807 05c4 00       		.byte	0
 808 05c5 17       		.uleb128 0x17
 809 05c6 04       		.byte	0x4
 810 05c7 91050000 		.4byte	0x591
 811 05cb 07       		.uleb128 0x7
 812 05cc 1B010000 		.4byte	.LASF61
 813 05d0 08       		.byte	0x8
 814 05d1 D1       		.byte	0xd1
 815 05d2 17       		.byte	0x17
 816 05d3 9B020000 		.4byte	0x29b
 817 05d7 08       		.uleb128 0x8
 818 05d8 08       		.byte	0x8
 819 05d9 04       		.byte	0x4
 820 05da BB020000 		.4byte	.LASF62
 821 05de 19       		.uleb128 0x19
 822 05df A9010000 		.4byte	.LASF82
 823 05e3 17       		.uleb128 0x17
 824 05e4 04       		.byte	0x4
 825 05e5 E9050000 		.4byte	0x5e9
 826 05e9 08       		.uleb128 0x8
 827 05ea 01       		.byte	0x1
 828 05eb 08       		.byte	0x8
 829 05ec C2030000 		.4byte	.LASF63
 830 05f0 0A       		.uleb128 0xa
 831 05f1 E9050000 		.4byte	0x5e9
 832 05f5 17       		.uleb128 0x17
 833 05f6 04       		.byte	0x4
 834 05f7 F0050000 		.4byte	0x5f0
 835 05fb 1A       		.uleb128 0x1a
 836 05fc 04030000 		.4byte	.LASF64
 837 0600 09       		.byte	0x9
 838 0601 25       		.byte	0x25
 839 0602 06       		.byte	0x6
 840 0603 5F020000 		.4byte	0x25f
 841 0607 16060000 		.4byte	0x616
 842 060b 14       		.uleb128 0x14
 843 060c F5050000 		.4byte	0x5f5
 844 0610 14       		.uleb128 0x14
 845 0611 F5050000 		.4byte	0x5f5
 846 0615 00       		.byte	0
 847 0616 1A       		.uleb128 0x1a
 848 0617 97040000 		.4byte	.LASF65
 849 061b 09       		.byte	0x9
 850 061c 28       		.byte	0x28
 851 061d 08       		.byte	0x8
 852 061e E3050000 		.4byte	0x5e3
 853 0622 2C060000 		.4byte	0x62c
 854 0626 14       		.uleb128 0x14
 855 0627 5F020000 		.4byte	0x25f
ARM GAS  /tmp/ccosC1gx.s 			page 16


 856 062b 00       		.byte	0
 857 062c 1A       		.uleb128 0x1a
 858 062d A3000000 		.4byte	.LASF66
 859 0631 09       		.byte	0x9
 860 0632 32       		.byte	0x32
 861 0633 08       		.byte	0x8
 862 0634 E3050000 		.4byte	0x5e3
 863 0638 47060000 		.4byte	0x647
 864 063c 14       		.uleb128 0x14
 865 063d E3050000 		.4byte	0x5e3
 866 0641 14       		.uleb128 0x14
 867 0642 F5050000 		.4byte	0x5f5
 868 0646 00       		.byte	0
 869 0647 1A       		.uleb128 0x1a
 870 0648 4F030000 		.4byte	.LASF67
 871 064c 09       		.byte	0x9
 872 064d 34       		.byte	0x34
 873 064e 09       		.byte	0x9
 874 064f CB050000 		.4byte	0x5cb
 875 0653 67060000 		.4byte	0x667
 876 0657 14       		.uleb128 0x14
 877 0658 E3050000 		.4byte	0x5e3
 878 065c 14       		.uleb128 0x14
 879 065d F5050000 		.4byte	0x5f5
 880 0661 14       		.uleb128 0x14
 881 0662 CB050000 		.4byte	0x5cb
 882 0666 00       		.byte	0
 883 0667 1B       		.uleb128 0x1b
 884 0668 F1020000 		.4byte	.LASF83
 885 066c 0A       		.byte	0xa
 886 066d 05       		.byte	0x5
 887 066e 1A       		.byte	0x1a
 888 066f 91050000 		.4byte	0x591
 889 0673 1C       		.uleb128 0x1c
 890 0674 00050000 		.4byte	0x500
 891 0678 0A       		.byte	0xa
 892 0679 07       		.byte	0x7
 893 067a 06       		.byte	0x6
 894 067b 7F060000 		.4byte	0x67f
 895 067f 1D       		.uleb128 0x1d
 896 0680 F7000000 		.4byte	.LASF84
 897 0684 67050000 		.4byte	0x567
 898 0688 1E       		.uleb128 0x1e
 899 0689 94000000 		.4byte	.LASF68
 900 068d 0A       		.byte	0xa
 901 068e 07       		.byte	0x7
 902 068f 2C       		.byte	0x2c
 903 0690 6C050000 		.4byte	0x56c
 904 0694 1E       		.uleb128 0x1e
 905 0695 BC000000 		.4byte	.LASF69
 906 0699 0A       		.byte	0xa
 907 069a 08       		.byte	0x8
 908 069b 2D       		.byte	0x2d
 909 069c 6C050000 		.4byte	0x56c
 910 06a0 1E       		.uleb128 0x1e
 911 06a1 83040000 		.4byte	.LASF70
 912 06a5 0A       		.byte	0xa
ARM GAS  /tmp/ccosC1gx.s 			page 17


 913 06a6 09       		.byte	0x9
 914 06a7 2D       		.byte	0x2d
 915 06a8 7E050000 		.4byte	0x57e
 916 06ac 1E       		.uleb128 0x1e
 917 06ad 44040000 		.4byte	.LASF71
 918 06b1 0A       		.byte	0xa
 919 06b2 0A       		.byte	0xa
 920 06b3 2D       		.byte	0x2d
 921 06b4 85050000 		.4byte	0x585
 922 06b8 00       		.byte	0
 923 06b9 00       		.byte	0
 924              		.section	.gnu.debuglto_.debug_abbrev,"e",%progbits
 925              	.Ldebug_abbrev0:
 926 0000 01       		.uleb128 0x1
 927 0001 11       		.uleb128 0x11
 928 0002 01       		.byte	0x1
 929 0003 25       		.uleb128 0x25
 930 0004 0E       		.uleb128 0xe
 931 0005 13       		.uleb128 0x13
 932 0006 0B       		.uleb128 0xb
 933 0007 03       		.uleb128 0x3
 934 0008 0E       		.uleb128 0xe
 935 0009 1B       		.uleb128 0x1b
 936 000a 0E       		.uleb128 0xe
 937 000b 10       		.uleb128 0x10
 938 000c 17       		.uleb128 0x17
 939 000d 00       		.byte	0
 940 000e 00       		.byte	0
 941 000f 02       		.uleb128 0x2
 942 0010 39       		.uleb128 0x39
 943 0011 01       		.byte	0x1
 944 0012 03       		.uleb128 0x3
 945 0013 08       		.uleb128 0x8
 946 0014 3A       		.uleb128 0x3a
 947 0015 0B       		.uleb128 0xb
 948 0016 3B       		.uleb128 0x3b
 949 0017 0B       		.uleb128 0xb
 950 0018 01       		.uleb128 0x1
 951 0019 13       		.uleb128 0x13
 952 001a 00       		.byte	0
 953 001b 00       		.byte	0
 954 001c 03       		.uleb128 0x3
 955 001d 39       		.uleb128 0x39
 956 001e 00       		.byte	0
 957 001f 03       		.uleb128 0x3
 958 0020 0E       		.uleb128 0xe
 959 0021 3A       		.uleb128 0x3a
 960 0022 0B       		.uleb128 0xb
 961 0023 3B       		.uleb128 0x3b
 962 0024 05       		.uleb128 0x5
 963 0025 39       		.uleb128 0x39
 964 0026 0B       		.uleb128 0xb
 965 0027 8901     		.uleb128 0x89
 966 0029 19       		.uleb128 0x19
 967 002a 00       		.byte	0
 968 002b 00       		.byte	0
 969 002c 04       		.uleb128 0x4
ARM GAS  /tmp/ccosC1gx.s 			page 18


 970 002d 3A       		.uleb128 0x3a
 971 002e 00       		.byte	0
 972 002f 3A       		.uleb128 0x3a
 973 0030 0B       		.uleb128 0xb
 974 0031 3B       		.uleb128 0x3b
 975 0032 05       		.uleb128 0x5
 976 0033 39       		.uleb128 0x39
 977 0034 0B       		.uleb128 0xb
 978 0035 18       		.uleb128 0x18
 979 0036 13       		.uleb128 0x13
 980 0037 00       		.byte	0
 981 0038 00       		.byte	0
 982 0039 05       		.uleb128 0x5
 983 003a 08       		.uleb128 0x8
 984 003b 00       		.byte	0
 985 003c 3A       		.uleb128 0x3a
 986 003d 0B       		.uleb128 0xb
 987 003e 3B       		.uleb128 0x3b
 988 003f 0B       		.uleb128 0xb
 989 0040 39       		.uleb128 0x39
 990 0041 0B       		.uleb128 0xb
 991 0042 18       		.uleb128 0x18
 992 0043 13       		.uleb128 0x13
 993 0044 00       		.byte	0
 994 0045 00       		.byte	0
 995 0046 06       		.uleb128 0x6
 996 0047 39       		.uleb128 0x39
 997 0048 01       		.byte	0x1
 998 0049 03       		.uleb128 0x3
 999 004a 0E       		.uleb128 0xe
 1000 004b 3A       		.uleb128 0x3a
 1001 004c 0B       		.uleb128 0xb
 1002 004d 3B       		.uleb128 0x3b
 1003 004e 05       		.uleb128 0x5
 1004 004f 39       		.uleb128 0x39
 1005 0050 0B       		.uleb128 0xb
 1006 0051 01       		.uleb128 0x1
 1007 0052 13       		.uleb128 0x13
 1008 0053 00       		.byte	0
 1009 0054 00       		.byte	0
 1010 0055 07       		.uleb128 0x7
 1011 0056 16       		.uleb128 0x16
 1012 0057 00       		.byte	0
 1013 0058 03       		.uleb128 0x3
 1014 0059 0E       		.uleb128 0xe
 1015 005a 3A       		.uleb128 0x3a
 1016 005b 0B       		.uleb128 0xb
 1017 005c 3B       		.uleb128 0x3b
 1018 005d 0B       		.uleb128 0xb
 1019 005e 39       		.uleb128 0x39
 1020 005f 0B       		.uleb128 0xb
 1021 0060 49       		.uleb128 0x49
 1022 0061 13       		.uleb128 0x13
 1023 0062 00       		.byte	0
 1024 0063 00       		.byte	0
 1025 0064 08       		.uleb128 0x8
 1026 0065 24       		.uleb128 0x24
ARM GAS  /tmp/ccosC1gx.s 			page 19


 1027 0066 00       		.byte	0
 1028 0067 0B       		.uleb128 0xb
 1029 0068 0B       		.uleb128 0xb
 1030 0069 3E       		.uleb128 0x3e
 1031 006a 0B       		.uleb128 0xb
 1032 006b 03       		.uleb128 0x3
 1033 006c 0E       		.uleb128 0xe
 1034 006d 00       		.byte	0
 1035 006e 00       		.byte	0
 1036 006f 09       		.uleb128 0x9
 1037 0070 24       		.uleb128 0x24
 1038 0071 00       		.byte	0
 1039 0072 0B       		.uleb128 0xb
 1040 0073 0B       		.uleb128 0xb
 1041 0074 3E       		.uleb128 0x3e
 1042 0075 0B       		.uleb128 0xb
 1043 0076 03       		.uleb128 0x3
 1044 0077 08       		.uleb128 0x8
 1045 0078 00       		.byte	0
 1046 0079 00       		.byte	0
 1047 007a 0A       		.uleb128 0xa
 1048 007b 26       		.uleb128 0x26
 1049 007c 00       		.byte	0
 1050 007d 49       		.uleb128 0x49
 1051 007e 13       		.uleb128 0x13
 1052 007f 00       		.byte	0
 1053 0080 00       		.byte	0
 1054 0081 0B       		.uleb128 0xb
 1055 0082 39       		.uleb128 0x39
 1056 0083 01       		.byte	0x1
 1057 0084 03       		.uleb128 0x3
 1058 0085 0E       		.uleb128 0xe
 1059 0086 3A       		.uleb128 0x3a
 1060 0087 0B       		.uleb128 0xb
 1061 0088 3B       		.uleb128 0x3b
 1062 0089 0B       		.uleb128 0xb
 1063 008a 39       		.uleb128 0x39
 1064 008b 0B       		.uleb128 0xb
 1065 008c 01       		.uleb128 0x1
 1066 008d 13       		.uleb128 0x13
 1067 008e 00       		.byte	0
 1068 008f 00       		.byte	0
 1069 0090 0C       		.uleb128 0xc
 1070 0091 34       		.uleb128 0x34
 1071 0092 00       		.byte	0
 1072 0093 03       		.uleb128 0x3
 1073 0094 08       		.uleb128 0x8
 1074 0095 3A       		.uleb128 0x3a
 1075 0096 0B       		.uleb128 0xb
 1076 0097 3B       		.uleb128 0x3b
 1077 0098 0B       		.uleb128 0xb
 1078 0099 39       		.uleb128 0x39
 1079 009a 0B       		.uleb128 0xb
 1080 009b 49       		.uleb128 0x49
 1081 009c 13       		.uleb128 0x13
 1082 009d 3C       		.uleb128 0x3c
 1083 009e 19       		.uleb128 0x19
ARM GAS  /tmp/ccosC1gx.s 			page 20


 1084 009f 1C       		.uleb128 0x1c
 1085 00a0 0B       		.uleb128 0xb
 1086 00a1 6C       		.uleb128 0x6c
 1087 00a2 19       		.uleb128 0x19
 1088 00a3 00       		.byte	0
 1089 00a4 00       		.byte	0
 1090 00a5 0D       		.uleb128 0xd
 1091 00a6 34       		.uleb128 0x34
 1092 00a7 00       		.byte	0
 1093 00a8 03       		.uleb128 0x3
 1094 00a9 0E       		.uleb128 0xe
 1095 00aa 3A       		.uleb128 0x3a
 1096 00ab 0B       		.uleb128 0xb
 1097 00ac 3B       		.uleb128 0x3b
 1098 00ad 0B       		.uleb128 0xb
 1099 00ae 39       		.uleb128 0x39
 1100 00af 0B       		.uleb128 0xb
 1101 00b0 49       		.uleb128 0x49
 1102 00b1 13       		.uleb128 0x13
 1103 00b2 3C       		.uleb128 0x3c
 1104 00b3 19       		.uleb128 0x19
 1105 00b4 1C       		.uleb128 0x1c
 1106 00b5 0B       		.uleb128 0xb
 1107 00b6 6C       		.uleb128 0x6c
 1108 00b7 19       		.uleb128 0x19
 1109 00b8 00       		.byte	0
 1110 00b9 00       		.byte	0
 1111 00ba 0E       		.uleb128 0xe
 1112 00bb 34       		.uleb128 0x34
 1113 00bc 00       		.byte	0
 1114 00bd 47       		.uleb128 0x47
 1115 00be 13       		.uleb128 0x13
 1116 00bf 00       		.byte	0
 1117 00c0 00       		.byte	0
 1118 00c1 0F       		.uleb128 0xf
 1119 00c2 04       		.uleb128 0x4
 1120 00c3 01       		.byte	0x1
 1121 00c4 03       		.uleb128 0x3
 1122 00c5 0E       		.uleb128 0xe
 1123 00c6 3E       		.uleb128 0x3e
 1124 00c7 0B       		.uleb128 0xb
 1125 00c8 0B       		.uleb128 0xb
 1126 00c9 0B       		.uleb128 0xb
 1127 00ca 49       		.uleb128 0x49
 1128 00cb 13       		.uleb128 0x13
 1129 00cc 3A       		.uleb128 0x3a
 1130 00cd 0B       		.uleb128 0xb
 1131 00ce 3B       		.uleb128 0x3b
 1132 00cf 0B       		.uleb128 0xb
 1133 00d0 39       		.uleb128 0x39
 1134 00d1 0B       		.uleb128 0xb
 1135 00d2 01       		.uleb128 0x1
 1136 00d3 13       		.uleb128 0x13
 1137 00d4 00       		.byte	0
 1138 00d5 00       		.byte	0
 1139 00d6 10       		.uleb128 0x10
 1140 00d7 28       		.uleb128 0x28
ARM GAS  /tmp/ccosC1gx.s 			page 21


 1141 00d8 00       		.byte	0
 1142 00d9 03       		.uleb128 0x3
 1143 00da 0E       		.uleb128 0xe
 1144 00db 1C       		.uleb128 0x1c
 1145 00dc 0B       		.uleb128 0xb
 1146 00dd 00       		.byte	0
 1147 00de 00       		.byte	0
 1148 00df 11       		.uleb128 0x11
 1149 00e0 02       		.uleb128 0x2
 1150 00e1 01       		.byte	0x1
 1151 00e2 03       		.uleb128 0x3
 1152 00e3 0E       		.uleb128 0xe
 1153 00e4 0B       		.uleb128 0xb
 1154 00e5 0B       		.uleb128 0xb
 1155 00e6 3A       		.uleb128 0x3a
 1156 00e7 0B       		.uleb128 0xb
 1157 00e8 3B       		.uleb128 0x3b
 1158 00e9 0B       		.uleb128 0xb
 1159 00ea 39       		.uleb128 0x39
 1160 00eb 0B       		.uleb128 0xb
 1161 00ec 01       		.uleb128 0x1
 1162 00ed 13       		.uleb128 0x13
 1163 00ee 00       		.byte	0
 1164 00ef 00       		.byte	0
 1165 00f0 12       		.uleb128 0x12
 1166 00f1 2E       		.uleb128 0x2e
 1167 00f2 01       		.byte	0x1
 1168 00f3 3F       		.uleb128 0x3f
 1169 00f4 19       		.uleb128 0x19
 1170 00f5 03       		.uleb128 0x3
 1171 00f6 0E       		.uleb128 0xe
 1172 00f7 3A       		.uleb128 0x3a
 1173 00f8 0B       		.uleb128 0xb
 1174 00f9 3B       		.uleb128 0x3b
 1175 00fa 0B       		.uleb128 0xb
 1176 00fb 39       		.uleb128 0x39
 1177 00fc 0B       		.uleb128 0xb
 1178 00fd 6E       		.uleb128 0x6e
 1179 00fe 0E       		.uleb128 0xe
 1180 00ff 32       		.uleb128 0x32
 1181 0100 0B       		.uleb128 0xb
 1182 0101 3C       		.uleb128 0x3c
 1183 0102 19       		.uleb128 0x19
 1184 0103 64       		.uleb128 0x64
 1185 0104 13       		.uleb128 0x13
 1186 0105 01       		.uleb128 0x1
 1187 0106 13       		.uleb128 0x13
 1188 0107 00       		.byte	0
 1189 0108 00       		.byte	0
 1190 0109 13       		.uleb128 0x13
 1191 010a 05       		.uleb128 0x5
 1192 010b 00       		.byte	0
 1193 010c 49       		.uleb128 0x49
 1194 010d 13       		.uleb128 0x13
 1195 010e 34       		.uleb128 0x34
 1196 010f 19       		.uleb128 0x19
 1197 0110 00       		.byte	0
ARM GAS  /tmp/ccosC1gx.s 			page 22


 1198 0111 00       		.byte	0
 1199 0112 14       		.uleb128 0x14
 1200 0113 05       		.uleb128 0x5
 1201 0114 00       		.byte	0
 1202 0115 49       		.uleb128 0x49
 1203 0116 13       		.uleb128 0x13
 1204 0117 00       		.byte	0
 1205 0118 00       		.byte	0
 1206 0119 15       		.uleb128 0x15
 1207 011a 2E       		.uleb128 0x2e
 1208 011b 01       		.byte	0x1
 1209 011c 3F       		.uleb128 0x3f
 1210 011d 19       		.uleb128 0x19
 1211 011e 03       		.uleb128 0x3
 1212 011f 0E       		.uleb128 0xe
 1213 0120 3A       		.uleb128 0x3a
 1214 0121 0B       		.uleb128 0xb
 1215 0122 3B       		.uleb128 0x3b
 1216 0123 0B       		.uleb128 0xb
 1217 0124 39       		.uleb128 0x39
 1218 0125 0B       		.uleb128 0xb
 1219 0126 6E       		.uleb128 0x6e
 1220 0127 0E       		.uleb128 0xe
 1221 0128 49       		.uleb128 0x49
 1222 0129 13       		.uleb128 0x13
 1223 012a 32       		.uleb128 0x32
 1224 012b 0B       		.uleb128 0xb
 1225 012c 3C       		.uleb128 0x3c
 1226 012d 19       		.uleb128 0x19
 1227 012e 64       		.uleb128 0x64
 1228 012f 13       		.uleb128 0x13
 1229 0130 01       		.uleb128 0x1
 1230 0131 13       		.uleb128 0x13
 1231 0132 00       		.byte	0
 1232 0133 00       		.byte	0
 1233 0134 16       		.uleb128 0x16
 1234 0135 0D       		.uleb128 0xd
 1235 0136 00       		.byte	0
 1236 0137 03       		.uleb128 0x3
 1237 0138 0E       		.uleb128 0xe
 1238 0139 3A       		.uleb128 0x3a
 1239 013a 0B       		.uleb128 0xb
 1240 013b 3B       		.uleb128 0x3b
 1241 013c 0B       		.uleb128 0xb
 1242 013d 39       		.uleb128 0x39
 1243 013e 0B       		.uleb128 0xb
 1244 013f 49       		.uleb128 0x49
 1245 0140 13       		.uleb128 0x13
 1246 0141 38       		.uleb128 0x38
 1247 0142 0B       		.uleb128 0xb
 1248 0143 00       		.byte	0
 1249 0144 00       		.byte	0
 1250 0145 17       		.uleb128 0x17
 1251 0146 0F       		.uleb128 0xf
 1252 0147 00       		.byte	0
 1253 0148 0B       		.uleb128 0xb
 1254 0149 0B       		.uleb128 0xb
ARM GAS  /tmp/ccosC1gx.s 			page 23


 1255 014a 49       		.uleb128 0x49
 1256 014b 13       		.uleb128 0x13
 1257 014c 00       		.byte	0
 1258 014d 00       		.byte	0
 1259 014e 18       		.uleb128 0x18
 1260 014f 2E       		.uleb128 0x2e
 1261 0150 01       		.byte	0x1
 1262 0151 3F       		.uleb128 0x3f
 1263 0152 19       		.uleb128 0x19
 1264 0153 03       		.uleb128 0x3
 1265 0154 0E       		.uleb128 0xe
 1266 0155 3A       		.uleb128 0x3a
 1267 0156 0B       		.uleb128 0xb
 1268 0157 3B       		.uleb128 0x3b
 1269 0158 0B       		.uleb128 0xb
 1270 0159 39       		.uleb128 0x39
 1271 015a 0B       		.uleb128 0xb
 1272 015b 6E       		.uleb128 0x6e
 1273 015c 0E       		.uleb128 0xe
 1274 015d 32       		.uleb128 0x32
 1275 015e 0B       		.uleb128 0xb
 1276 015f 3C       		.uleb128 0x3c
 1277 0160 19       		.uleb128 0x19
 1278 0161 64       		.uleb128 0x64
 1279 0162 13       		.uleb128 0x13
 1280 0163 00       		.byte	0
 1281 0164 00       		.byte	0
 1282 0165 19       		.uleb128 0x19
 1283 0166 3B       		.uleb128 0x3b
 1284 0167 00       		.byte	0
 1285 0168 03       		.uleb128 0x3
 1286 0169 0E       		.uleb128 0xe
 1287 016a 00       		.byte	0
 1288 016b 00       		.byte	0
 1289 016c 1A       		.uleb128 0x1a
 1290 016d 2E       		.uleb128 0x2e
 1291 016e 01       		.byte	0x1
 1292 016f 3F       		.uleb128 0x3f
 1293 0170 19       		.uleb128 0x19
 1294 0171 03       		.uleb128 0x3
 1295 0172 0E       		.uleb128 0xe
 1296 0173 3A       		.uleb128 0x3a
 1297 0174 0B       		.uleb128 0xb
 1298 0175 3B       		.uleb128 0x3b
 1299 0176 0B       		.uleb128 0xb
 1300 0177 39       		.uleb128 0x39
 1301 0178 0B       		.uleb128 0xb
 1302 0179 49       		.uleb128 0x49
 1303 017a 13       		.uleb128 0x13
 1304 017b 3C       		.uleb128 0x3c
 1305 017c 19       		.uleb128 0x19
 1306 017d 01       		.uleb128 0x1
 1307 017e 13       		.uleb128 0x13
 1308 017f 00       		.byte	0
 1309 0180 00       		.byte	0
 1310 0181 1B       		.uleb128 0x1b
 1311 0182 34       		.uleb128 0x34
ARM GAS  /tmp/ccosC1gx.s 			page 24


 1312 0183 00       		.byte	0
 1313 0184 03       		.uleb128 0x3
 1314 0185 0E       		.uleb128 0xe
 1315 0186 3A       		.uleb128 0x3a
 1316 0187 0B       		.uleb128 0xb
 1317 0188 3B       		.uleb128 0x3b
 1318 0189 0B       		.uleb128 0xb
 1319 018a 39       		.uleb128 0x39
 1320 018b 0B       		.uleb128 0xb
 1321 018c 49       		.uleb128 0x49
 1322 018d 13       		.uleb128 0x13
 1323 018e 00       		.byte	0
 1324 018f 00       		.byte	0
 1325 0190 1C       		.uleb128 0x1c
 1326 0191 2E       		.uleb128 0x2e
 1327 0192 01       		.byte	0x1
 1328 0193 47       		.uleb128 0x47
 1329 0194 13       		.uleb128 0x13
 1330 0195 3A       		.uleb128 0x3a
 1331 0196 0B       		.uleb128 0xb
 1332 0197 3B       		.uleb128 0x3b
 1333 0198 0B       		.uleb128 0xb
 1334 0199 39       		.uleb128 0x39
 1335 019a 0B       		.uleb128 0xb
 1336 019b 64       		.uleb128 0x64
 1337 019c 13       		.uleb128 0x13
 1338 019d 00       		.byte	0
 1339 019e 00       		.byte	0
 1340 019f 1D       		.uleb128 0x1d
 1341 01a0 05       		.uleb128 0x5
 1342 01a1 00       		.byte	0
 1343 01a2 03       		.uleb128 0x3
 1344 01a3 0E       		.uleb128 0xe
 1345 01a4 49       		.uleb128 0x49
 1346 01a5 13       		.uleb128 0x13
 1347 01a6 34       		.uleb128 0x34
 1348 01a7 19       		.uleb128 0x19
 1349 01a8 00       		.byte	0
 1350 01a9 00       		.byte	0
 1351 01aa 1E       		.uleb128 0x1e
 1352 01ab 05       		.uleb128 0x5
 1353 01ac 00       		.byte	0
 1354 01ad 03       		.uleb128 0x3
 1355 01ae 0E       		.uleb128 0xe
 1356 01af 3A       		.uleb128 0x3a
 1357 01b0 0B       		.uleb128 0xb
 1358 01b1 3B       		.uleb128 0x3b
 1359 01b2 0B       		.uleb128 0xb
 1360 01b3 39       		.uleb128 0x39
 1361 01b4 0B       		.uleb128 0xb
 1362 01b5 49       		.uleb128 0x49
 1363 01b6 13       		.uleb128 0x13
 1364 01b7 00       		.byte	0
 1365 01b8 00       		.byte	0
 1366 01b9 00       		.byte	0
 1367              		.section	.gnu.debuglto_.debug_line,"e",%progbits
 1368              	.Ldebug_line0:
ARM GAS  /tmp/ccosC1gx.s 			page 25


 1369 0000 85010000 		.4byte	.LELT0-.LSLT0
 1370              	.LSLT0:
 1371 0004 0400     		.2byte	0x4
 1372 0006 7F010000 		.4byte	.LELTP0-.LASLTP0
 1373              	.LASLTP0:
 1374 000a 01       		.byte	0x1
 1375 000b 01       		.byte	0x1
 1376 000c 01       		.byte	0x1
 1377 000d F6       		.byte	0xf6
 1378 000e F2       		.byte	0xf2
 1379 000f 0D       		.byte	0xd
 1380 0010 00       		.byte	0
 1381 0011 01       		.byte	0x1
 1382 0012 01       		.byte	0x1
 1383 0013 01       		.byte	0x1
 1384 0014 01       		.byte	0x1
 1385 0015 00       		.byte	0
 1386 0016 00       		.byte	0
 1387 0017 00       		.byte	0
 1388 0018 01       		.byte	0x1
 1389 0019 00       		.byte	0
 1390 001a 00       		.byte	0
 1391 001b 01       		.byte	0x1
 1392 001c 7372632F 		.ascii	"src/controllers"
 1392      636F6E74 
 1392      726F6C6C 
 1392      657273
 1393 002b 00       		.byte	0
 1394 002c 737263   		.ascii	"src"
 1395 002f 00       		.byte	0
 1396 0030 2F757372 		.ascii	"/usr/include/newlib/c++/10.3.1/arm-none-eabi/thumb/"
 1396      2F696E63 
 1396      6C756465 
 1396      2F6E6577 
 1396      6C69622F 
 1397 0063 7637652D 		.ascii	"v7e-m+dp/hard/bits"
 1397      6D2B6470 
 1397      2F686172 
 1397      642F6269 
 1397      7473
 1398 0075 00       		.byte	0
 1399 0076 2F757372 		.ascii	"/usr/include/newlib/c++/10.3.1"
 1399      2F696E63 
 1399      6C756465 
 1399      2F6E6577 
 1399      6C69622F 
 1400 0094 00       		.byte	0
 1401 0095 2F757372 		.ascii	"/usr/include/newlib"
 1401      2F696E63 
 1401      6C756465 
 1401      2F6E6577 
 1401      6C6962
 1402 00a8 00       		.byte	0
 1403 00a9 2F757372 		.ascii	"/usr/lib/gcc/arm-none-eabi/10.3.1/include"
 1403      2F6C6962 
 1403      2F676363 
 1403      2F61726D 
ARM GAS  /tmp/ccosC1gx.s 			page 26


 1403      2D6E6F6E 
 1404 00d2 00       		.byte	0
 1405 00d3 00       		.byte	0
 1406 00d4 63737464 		.ascii	"cstdint\000"
 1406      696E7400 
 1407 00dc 04       		.uleb128 0x4
 1408 00dd 00       		.uleb128 0
 1409 00de 00       		.uleb128 0
 1410 00df 63737472 		.ascii	"cstring\000"
 1410      696E6700 
 1411 00e7 04       		.uleb128 0x4
 1412 00e8 00       		.uleb128 0
 1413 00e9 00       		.uleb128 0
 1414 00ea 632B2B63 		.ascii	"c++config.h\000"
 1414      6F6E6669 
 1414      672E6800 
 1415 00f6 03       		.uleb128 0x3
 1416 00f7 00       		.uleb128 0
 1417 00f8 00       		.uleb128 0
 1418 00f9 73746469 		.ascii	"stdint.h\000"
 1418      6E742E68 
 1418      00
 1419 0102 06       		.uleb128 0x6
 1420 0103 00       		.uleb128 0
 1421 0104 00       		.uleb128 0
 1422 0105 526F626F 		.ascii	"RobotState.hpp\000"
 1422      74537461 
 1422      74652E68 
 1422      707000
 1423 0114 02       		.uleb128 0x2
 1424 0115 00       		.uleb128 0
 1425 0116 00       		.uleb128 0
 1426 0117 526F626F 		.ascii	"RobotStateMachine.hpp\000"
 1426      74537461 
 1426      74654D61 
 1426      6368696E 
 1426      652E6870 
 1427 012d 01       		.uleb128 0x1
 1428 012e 00       		.uleb128 0
 1429 012f 00       		.uleb128 0
 1430 0130 42616C61 		.ascii	"BalanceController.hpp\000"
 1430      6E636543 
 1430      6F6E7472 
 1430      6F6C6C65 
 1430      722E6870 
 1431 0146 01       		.uleb128 0x1
 1432 0147 00       		.uleb128 0
 1433 0148 00       		.uleb128 0
 1434 0149 73746464 		.ascii	"stddef.h\000"
 1434      65662E68 
 1434      00
 1435 0152 06       		.uleb128 0x6
 1436 0153 00       		.uleb128 0
 1437 0154 00       		.uleb128 0
 1438 0155 73747269 		.ascii	"string.h\000"
 1438      6E672E68 
 1438      00
ARM GAS  /tmp/ccosC1gx.s 			page 27


 1439 015e 05       		.uleb128 0x5
 1440 015f 00       		.uleb128 0
 1441 0160 00       		.uleb128 0
 1442 0161 526F626F 		.ascii	"RobotStateMachine.cpp\000"
 1442      74537461 
 1442      74654D61 
 1442      6368696E 
 1442      652E6370 
 1443 0177 01       		.uleb128 0x1
 1444 0178 00       		.uleb128 0
 1445 0179 00       		.uleb128 0
 1446 017a 3C627569 		.ascii	"<built-in>\000"
 1446      6C742D69 
 1446      6E3E00
 1447 0185 00       		.uleb128 0
 1448 0186 00       		.uleb128 0
 1449 0187 00       		.uleb128 0
 1450 0188 00       		.byte	0
 1451              	.LELTP0:
 1452              	.LELT0:
 1453              		.section	.gnu.debuglto_.debug_str,"eMS",%progbits,1
 1454              	.LASF26:
 1455 0000 696E745F 		.ascii	"int_fast16_t\000"
 1455      66617374 
 1455      31365F74 
 1455      00
 1456              	.LASF58:
 1457 000d 626F6F6C 		.ascii	"bool\000"
 1457      00
 1458              	.LASF35:
 1459 0012 75696E74 		.ascii	"uintptr_t\000"
 1459      7074725F 
 1459      7400
 1460              	.LASF0:
 1461 001c 5F5F6378 		.ascii	"__cxx11\000"
 1461      78313100 
 1462              	.LASF15:
 1463 0024 75696E74 		.ascii	"uint64_t\000"
 1463      36345F74 
 1463      00
 1464              	.LASF16:
 1465 002d 6C6F6E67 		.ascii	"long long unsigned int\000"
 1465      206C6F6E 
 1465      6720756E 
 1465      7369676E 
 1465      65642069 
 1466              	.LASF32:
 1467 0044 75696E74 		.ascii	"uint_fast32_t\000"
 1467      5F666173 
 1467      7433325F 
 1467      7400
 1468              	.LASF48:
 1469 0052 54485255 		.ascii	"THRUST\000"
 1469      535400
 1470              	.LASF2:
 1471 0059 696E7431 		.ascii	"int16_t\000"
 1471      365F7400 
ARM GAS  /tmp/ccosC1gx.s 			page 28


 1472              	.LASF8:
 1473 0061 6C6F6E67 		.ascii	"long long int\000"
 1473      206C6F6E 
 1473      6720696E 
 1473      7400
 1474              	.LASF3:
 1475 006f 7369676E 		.ascii	"signed char\000"
 1475      65642063 
 1475      68617200 
 1476              	.LASF37:
 1477 007b 75696E74 		.ascii	"uintmax_t\000"
 1477      6D61785F 
 1477      7400
 1478              	.LASF45:
 1479 0085 515F444F 		.ascii	"Q_DOT\000"
 1479      5400
 1480              	.LASF39:
 1481 008b 53746174 		.ascii	"StateIdx\000"
 1481      65496478 
 1481      00
 1482              	.LASF68:
 1483 0094 73746174 		.ascii	"state\000"
 1483      6500
 1484              	.LASF6:
 1485 009a 6C6F6E67 		.ascii	"long int\000"
 1485      20696E74 
 1485      00
 1486              	.LASF66:
 1487 00a3 73747274 		.ascii	"strtok\000"
 1487      6F6B00
 1488              	.LASF59:
 1489 00aa 526F626F 		.ascii	"RobotStateMachine\000"
 1489      74537461 
 1489      74654D61 
 1489      6368696E 
 1489      6500
 1490              	.LASF69:
 1491 00bc 696E7075 		.ascii	"input\000"
 1491      7400
 1492              	.LASF19:
 1493 00c2 696E745F 		.ascii	"int_least32_t\000"
 1493      6C656173 
 1493      7433325F 
 1493      7400
 1494              	.LASF60:
 1495 00d0 42616C61 		.ascii	"BalanceController\000"
 1495      6E636543 
 1495      6F6E7472 
 1495      6F6C6C65 
 1495      7200
 1496              	.LASF25:
 1497 00e2 696E745F 		.ascii	"int_fast8_t\000"
 1497      66617374 
 1497      385F7400 
 1498              	.LASF11:
 1499 00ee 75696E74 		.ascii	"uint16_t\000"
 1499      31365F74 
ARM GAS  /tmp/ccosC1gx.s 			page 29


 1499      00
 1500              	.LASF84:
 1501 00f7 74686973 		.ascii	"this\000"
 1501      00
 1502              	.LASF79:
 1503 00fc 5F5A4E4B 		.ascii	"_ZNK17RobotStateMachine4modeEv\000"
 1503      3137526F 
 1503      626F7453 
 1503      74617465 
 1503      4D616368 
 1504              	.LASF61:
 1505 011b 73697A65 		.ascii	"size_t\000"
 1505      5F7400
 1506              	.LASF23:
 1507 0122 75696E74 		.ascii	"uint_least32_t\000"
 1507      5F6C6561 
 1507      73743332 
 1507      5F7400
 1508              	.LASF49:
 1509 0131 524F4C4C 		.ascii	"ROLL_TGT\000"
 1509      5F544754 
 1509      00
 1510              	.LASF42:
 1511 013a 565F444F 		.ascii	"V_DOT\000"
 1511      5400
 1512              	.LASF30:
 1513 0140 756E7369 		.ascii	"unsigned int\000"
 1513      676E6564 
 1513      20696E74 
 1513      00
 1514              	.LASF47:
 1515 014d 496E7075 		.ascii	"InputIdx\000"
 1515      74496478 
 1515      00
 1516              	.LASF54:
 1517 0156 524F424F 		.ascii	"ROBOT_IDLE\000"
 1517      545F4944 
 1517      4C4500
 1518              	.LASF14:
 1519 0161 6C6F6E67 		.ascii	"long unsigned int\000"
 1519      20756E73 
 1519      69676E65 
 1519      6420696E 
 1519      7400
 1520              	.LASF12:
 1521 0173 73686F72 		.ascii	"short unsigned int\000"
 1521      7420756E 
 1521      7369676E 
 1521      65642069 
 1521      6E7400
 1522              	.LASF40:
 1523 0186 5A5F504F 		.ascii	"Z_POS\000"
 1523      5300
 1524              	.LASF33:
 1525 018c 75696E74 		.ascii	"uint_fast64_t\000"
 1525      5F666173 
 1525      7436345F 
ARM GAS  /tmp/ccosC1gx.s 			page 30


 1525      7400
 1526              	.LASF34:
 1527 019a 696E7470 		.ascii	"intptr_t\000"
 1527      74725F74 
 1527      00
 1528              	.LASF80:
 1529 01a3 5F6D6F64 		.ascii	"_mode\000"
 1529      6500
 1530              	.LASF82:
 1531 01a9 6465636C 		.ascii	"decltype(nullptr)\000"
 1531      74797065 
 1531      286E756C 
 1531      6C707472 
 1531      2900
 1532              	.LASF17:
 1533 01bb 696E745F 		.ascii	"int_least8_t\000"
 1533      6C656173 
 1533      74385F74 
 1533      00
 1534              	.LASF56:
 1535 01c8 524F424F 		.ascii	"ROBOT_MANUAL\000"
 1535      545F4D41 
 1535      4E55414C 
 1535      00
 1536              	.LASF72:
 1537 01d5 474E5520 		.ascii	"GNU C++14 10.3.1 20210621 (release) -mcpu=cortex-m7"
 1537      432B2B31 
 1537      34203130 
 1537      2E332E31 
 1537      20323032 
 1538 0208 202D6D74 		.ascii	" -mthumb -mfloat-abi=hard -mfpu=fpv5-d16 -march=arm"
 1538      68756D62 
 1538      202D6D66 
 1538      6C6F6174 
 1538      2D616269 
 1539 023b 7637652D 		.ascii	"v7e-m+fp.dp -ggdb -O2 -fomit-frame-pointer -falign-"
 1539      6D2B6670 
 1539      2E647020 
 1539      2D676764 
 1539      62202D4F 
 1540 026e 66756E63 		.ascii	"functions=16 -ffunction-sections -fdata-sections -f"
 1540      74696F6E 
 1540      733D3136 
 1540      202D6666 
 1540      756E6374 
 1541 02a1 6E6F2D63 		.ascii	"no-common -flto -fno-rtti\000"
 1541      6F6D6D6F 
 1541      6E202D66 
 1541      6C746F20 
 1541      2D666E6F 
 1542              	.LASF62:
 1543 02bb 6C6F6E67 		.ascii	"long double\000"
 1543      20646F75 
 1543      626C6500 
 1544              	.LASF53:
 1545 02c7 4E5F494E 		.ascii	"N_INPUTS\000"
 1545      50555453 
ARM GAS  /tmp/ccosC1gx.s 			page 31


 1545      00
 1546              	.LASF27:
 1547 02d0 696E745F 		.ascii	"int_fast32_t\000"
 1547      66617374 
 1547      33325F74 
 1547      00
 1548              	.LASF20:
 1549 02dd 696E745F 		.ascii	"int_least64_t\000"
 1549      6C656173 
 1549      7436345F 
 1549      7400
 1550              	.LASF44:
 1551 02eb 505F444F 		.ascii	"P_DOT\000"
 1551      5400
 1552              	.LASF83:
 1553 02f1 735F6261 		.ascii	"s_balance\000"
 1553      6C616E63 
 1553      6500
 1554              	.LASF36:
 1555 02fb 696E746D 		.ascii	"intmax_t\000"
 1555      61785F74 
 1555      00
 1556              	.LASF64:
 1557 0304 73747263 		.ascii	"strcoll\000"
 1557      6F6C6C00 
 1558              	.LASF57:
 1559 030c 666C6F61 		.ascii	"float\000"
 1559      7400
 1560              	.LASF24:
 1561 0312 75696E74 		.ascii	"uint_least64_t\000"
 1561      5F6C6561 
 1561      73743634 
 1561      5F7400
 1562              	.LASF31:
 1563 0321 75696E74 		.ascii	"uint_fast16_t\000"
 1563      5F666173 
 1563      7431365F 
 1563      7400
 1564              	.LASF5:
 1565 032f 696E7433 		.ascii	"int32_t\000"
 1565      325F7400 
 1566              	.LASF10:
 1567 0337 756E7369 		.ascii	"unsigned char\000"
 1567      676E6564 
 1567      20636861 
 1567      7200
 1568              	.LASF4:
 1569 0345 73686F72 		.ascii	"short int\000"
 1569      7420696E 
 1569      7400
 1570              	.LASF67:
 1571 034f 73747278 		.ascii	"strxfrm\000"
 1571      66726D00 
 1572              	.LASF55:
 1573 0357 524F424F 		.ascii	"ROBOT_BALANCING\000"
 1573      545F4241 
 1573      4C414E43 
ARM GAS  /tmp/ccosC1gx.s 			page 32


 1573      494E4700 
 1574              	.LASF41:
 1575 0367 555F444F 		.ascii	"U_DOT\000"
 1575      5400
 1576              	.LASF29:
 1577 036d 75696E74 		.ascii	"uint_fast8_t\000"
 1577      5F666173 
 1577      74385F74 
 1577      00
 1578              	.LASF18:
 1579 037a 696E745F 		.ascii	"int_least16_t\000"
 1579      6C656173 
 1579      7431365F 
 1579      7400
 1580              	.LASF51:
 1581 0388 5941575F 		.ascii	"YAW_RATE\000"
 1581      52415445 
 1581      00
 1582              	.LASF77:
 1583 0391 5F5A4E31 		.ascii	"_ZN17RobotStateMachine6updateEPKfS1_bPf\000"
 1583      37526F62 
 1583      6F745374 
 1583      6174654D 
 1583      61636869 
 1584              	.LASF13:
 1585 03b9 75696E74 		.ascii	"uint32_t\000"
 1585      33325F74 
 1585      00
 1586              	.LASF63:
 1587 03c2 63686172 		.ascii	"char\000"
 1587      00
 1588              	.LASF78:
 1589 03c7 6D6F6465 		.ascii	"mode\000"
 1589      00
 1590              	.LASF73:
 1591 03cc 7372632F 		.ascii	"src/controllers/RobotStateMachine.cpp\000"
 1591      636F6E74 
 1591      726F6C6C 
 1591      6572732F 
 1591      526F626F 
 1592              	.LASF21:
 1593 03f2 75696E74 		.ascii	"uint_least8_t\000"
 1593      5F6C6561 
 1593      7374385F 
 1593      7400
 1594              	.LASF46:
 1595 0400 525F444F 		.ascii	"R_DOT\000"
 1595      5400
 1596              	.LASF22:
 1597 0406 75696E74 		.ascii	"uint_least16_t\000"
 1597      5F6C6561 
 1597      73743136 
 1597      5F7400
 1598              	.LASF28:
 1599 0415 696E745F 		.ascii	"int_fast64_t\000"
 1599      66617374 
 1599      36345F74 
ARM GAS  /tmp/ccosC1gx.s 			page 33


 1599      00
 1600              	.LASF1:
 1601 0422 696E7438 		.ascii	"int8_t\000"
 1601      5F7400
 1602              	.LASF50:
 1603 0429 50495443 		.ascii	"PITCH_TGT\000"
 1603      485F5447 
 1603      5400
 1604              	.LASF76:
 1605 0433 75706461 		.ascii	"update\000"
 1605      746500
 1606              	.LASF75:
 1607 043a 526F626F 		.ascii	"RobotMode\000"
 1607      744D6F64 
 1607      6500
 1608              	.LASF71:
 1609 0444 6D6F746F 		.ascii	"motor_torques\000"
 1609      725F746F 
 1609      72717565 
 1609      7300
 1610              	.LASF52:
 1611 0452 4D4F4445 		.ascii	"MODE_SW\000"
 1611      5F535700 
 1612              	.LASF9:
 1613 045a 75696E74 		.ascii	"uint8_t\000"
 1613      385F7400 
 1614              	.LASF74:
 1615 0462 2F686F6D 		.ascii	"/home/ian/Documents/BPRL_balance\000"
 1615      652F6961 
 1615      6E2F446F 
 1615      63756D65 
 1615      6E74732F 
 1616              	.LASF70:
 1617 0483 61726D65 		.ascii	"armed\000"
 1617      6400
 1618              	.LASF43:
 1619 0489 575F444F 		.ascii	"W_DOT\000"
 1619      5400
 1620              	.LASF7:
 1621 048f 696E7436 		.ascii	"int64_t\000"
 1621      345F7400 
 1622              	.LASF65:
 1623 0497 73747265 		.ascii	"strerror\000"
 1623      72726F72 
 1623      00
 1624              	.LASF81:
 1625 04a0 5F5A4E31 		.ascii	"_ZN17BalanceController6updateEPKfS1_Pf\000"
 1625      3742616C 
 1625      616E6365 
 1625      436F6E74 
 1625      726F6C6C 
 1626              	.LASF38:
 1627 04c7 5F5F676E 		.ascii	"__gnu_cxx\000"
 1627      755F6378 
 1627      7800
 1628              		.text
 1629              		.section	.gnu.lto_.odr_types.d16a8ecec02c4737,"e",%progbits
ARM GAS  /tmp/ccosC1gx.s 			page 34


 1630 0000 789C9366 		.ascii	"x\234\223f``hb\200\000FFf^\016F\006I\016FF-\016F\246"
 1630      60606862 
 1630      80004646 
 1630      665E0E46 
 1630      06490E46 
 1631 0019 F9F3EE3E 		.ascii	"\371\363\356>l\277\274\352\312$\306u\314\334\226A\371"
 1631      6CBFBCEA 
 1631      CA24C675 
 1631      CCDC9641 
 1631      F9
 1632 002a 49F925BE 		.ascii	"I\371%\276\371)\251\014\334A\376N\376!\361\236.>\256"
 1632      F929A90C 
 1632      DC41FE4E 
 1632      FE21F19E 
 1632      2E3EAE
 1633 003d 0C0210B6 		.ascii	"\014\002\020\266\223\243\217\243\237\263\247\237;\003"
 1633      93A38FA3 
 1633      9FB3A79F 
 1633      3B03
 1634 004b 2F44C0D7 		.ascii	"/D\300\327\321/\324\321\207AQ?#?7U?31O\337%?\271475"
 1634      D12FD4D1 
 1634      8741513F 
 1634      233F3755 
 1634      3F33314F 
 1635 0066 AFA458DF 		.ascii	"\257\244X\337) \310'>)1'1/9\225ACO\277\270(Y?9?\257"
 1635      2920C827 
 1635      3E293127 
 1635      312F3995 
 1635      41434FBF 
 1636 0081 A4283F27 		.ascii	"\244(?''\265\250X\037lSpIbI\252obrFf^\252^FA\001\003"
 1636      27B5A858 
 1636      1F6C5370 
 1636      496249AA 
 1636      6F627246 
 1637 009d 007A0132 		.ascii	"\000z\0012\002"
 1637      02
 1638              		.text
 1639              		.section	.gnu.lto_.profile.d16a8ecec02c4737,"e",%progbits
 1640 0000 789C6362 		.ascii	"x\234cb\000\001\000\000\022\000\003"
 1640      00010000 
 1640      120003
 1641              		.text
 1642              		.section	.gnu.lto_.icf.d16a8ecec02c4737,"e",%progbits
 1643 0000 789C1361 		.ascii	"x\234\023a@\000f\206\331\323\376\037bc\\\360hN\027\027"
 1643      40006686 
 1643      D9D3FE1F 
 1643      62635CF0 
 1643      684E1717 
 1644 0014 D3E9232B 		.ascii	"\323\351#+wq1\000\000]i\010\301"
 1644      77713100 
 1644      005D6908 
 1644      C1
 1645              		.text
 1646              		.section	.gnu.lto_.ipa_sra.d16a8ecec02c4737,"e",%progbits
 1647 0000 789C4B61 		.ascii	"x\234Ka@\000&\006\0260\315\301\300\016\243\031\301\""
 1647      40002606 
 1647      1630CDC1 
ARM GAS  /tmp/ccosC1gx.s 			page 35


 1647      C00EA319 
 1647      C122
 1648 0012 8C8D408A 		.ascii	"\214\215@\212\221\011\210\233\301\014V\2702\024\245"
 1648      9109889B 
 1648      C10C56B8 
 1648      3214A5
 1649 0021 8C70A54D 		.ascii	"\214p\245M \242\005D03\266\360 l`d\000\000\300\216\004"
 1649      20A20544 
 1649      3033B6F0 
 1649      206C6064 
 1649      0000C08E 
 1650 0036 06       		.ascii	"\006"
 1651              		.text
 1652              		.section	.gnu.lto_.inline.d16a8ecec02c4737,"e",%progbits
 1653 0000 789C5BC7 		.ascii	"x\234[\307\200\000L\014\014|{\266]\273\305\224\306\312"
 1653      80004C0C 
 1653      0C7C7BB6 
 1653      5DBBC594 
 1653      C6CA
 1654 0012 C0C4D5D0 		.ascii	"\300\304\325\320\320p\200)\225\201\201\003\310h`Na\002"
 1654      D0708029 
 1654      95818103 
 1654      C868604E 
 1654      6102
 1655 0024 4933B0F2 		.ascii	"I3\260\362\001\011\026\206\011~ \310\304\300\177\360"
 1655      01091686 
 1655      097E20C8 
 1655      C4C07FF0 
 1656 0034 F5E295CC 		.ascii	"\365\342\225\314\351\214\314\314\005K\230\031&1\003"
 1656      E98CCCCC 
 1656      054B9819 
 1656      263103
 1657 0043 0946A002 		.ascii	"\011F\240\002\346B\020c\013\220\311\314\010d\201\364"
 1657      E6421063 
 1657      0B90C9CC 
 1657      086481F4 
 1658 0053 31303402 		.ascii	"104\002\215\251c``\003\031\307\0046\216\005\302d\020"
 1658      8DA96360 
 1658      600319C7 
 1658      04368E05 
 1658      C26410
 1659 0066 60603CB0 		.ascii	"``<\260w\312\035\246\004\026\240\030\023\234\003\264"
 1659      77CA1DA6 
 1659      0416A018 
 1659      139C03B4 
 1660 0076 07622107 		.ascii	"\007b!\007\003\013\304\302\011~,\274 \343'\370\001I"
 1660      030BC4C2 
 1660      097E2CBC 
 1660      20E327F8 
 1660      0149
 1661 0088 00452C27 		.ascii	"\000E,'\032"
 1661      1A
 1662              		.text
 1663              		.section	.gnu.lto_.jmpfuncs.d16a8ecec02c4737,"e",%progbits
 1664 0000 789C8D90 		.ascii	"x\234\215\220A\012\2040\014E\377O\242\270\353Rw\356"
 1664      410A8430 
 1664      0C45FF4F 
ARM GAS  /tmp/ccosC1gx.s 			page 36


 1664      A2B8EB52 
 1664      77EE
 1665 0012 3D64E70E 		.ascii	"=d\347\016\236\241\013\217\341\301\204\232vF\007\352"
 1665      9EA10B8F 
 1665      E1C1849A 
 1665      764607EA 
 1666 0022 C640F8F0 		.ascii	"\306@\370\360\010y$#q\227\300\350\025>I\311\244\342"
 1666      08792423 
 1666      7197C0E8 
 1666      153E49C9 
 1666      A4E2
 1667 0034 299E3AE8 		.ascii	")\236:\350\246\000w#\274\217\234s\240\254\232\324\307"
 1667      A6007723 
 1667      BC8F9C73 
 1667      A0AC9AD4 
 1667      C7
 1668 0045 BF910BB3 		.ascii	"\277\221\013\263\310\377T%\260(O\244-\222\256h9_\336"
 1668      C8FF5425 
 1668      B0284FA4 
 1668      2D92AE68 
 1668      395FDE
 1669 0058 9F1B52DC 		.ascii	"\237\033R\334\026\361\\\361Nd-\352\235\261\225s\271"
 1669      16F15CF1 
 1669      4E642DEA 
 1669      9DB19573 
 1669      B9
 1670 0069 89BFA0DC 		.ascii	"\211\277\240\334\323q\252h\252\010'N\034J\277"
 1670      D371AA68 
 1670      AA08274E 
 1670      1C4ABF
 1671              		.text
 1672              		.section	.gnu.lto_.pureconst.d16a8ecec02c4737,"e",%progbits
 1673 0000 789C6367 		.ascii	"x\234cg```b\230\305\3024\213\005\000\004\266\001H"
 1673      60606062 
 1673      98C5C234 
 1673      8B050004 
 1673      B60148
 1674              		.text
 1675              		.section	.gnu.lto_.lto.d16a8ecec02c4737,"e",%progbits
 1676 0000 09000400 		.ascii	"\011\000\004\000\001\000\000\000"
 1676      01000000 
 1677              		.text
 1678              		.section	.gnu.lto__ZN17RobotStateMachine6updateEPKfS1_bPf.33.d16a8ecec02c4737,"e",%progbits
 1679 0000 789C6D91 		.ascii	"x\234m\221Mh\023Q\020\307gvv7I\223\370\001\012\336\324"
 1679      4D681351 
 1679      10C76776 
 1679      76374993 
 1679      F8010ADE 
 1680 0015 8BC51E9A 		.ascii	"\213\305\036\232JA\350\255\250\007A\305P\275\227\315"
 1680      4A41E8AD 
 1680      A80741C5 
 1680      50BD97CD 
 1681 0025 76258126 		.ascii	"v%\201&\233&\033OB_k\255\245\202\371h\013Zj(q\251=\210"
 1681      9B261B4F 
 1681      425F6BAD 
 1681      A582F968 
 1681      0B5A6A28 
ARM GAS  /tmp/ccosC1gx.s 			page 37


 1682 003d 7AF0A3B6 		.ascii	"z\360\243\266j\243\370q\224z\026\264\236Z\021\011EA"
 1682      6AA3F871 
 1682      947A16B4 
 1682      9E5A1109 
 1682      4541
 1683 004f 44A8F376 		.ascii	"D\250\363v\203\355\301\205\007\363\336\374\346\277\363"
 1683      83EDC185 
 1683      07F3DEFC 
 1683      E6BFF3
 1684 005e 9F492800 		.ascii	"\237I(\000E\0008\313\007u\300Jy\\\001!Dw@Q.\227\257"
 1684      450038CB 
 1684      0775C04A 
 1684      795C0121 
 1684      44774051 
 1685 0075 2BF812BF 		.ascii	"+\370\022\277\335^\335\253\216\224\303\223\037\253m"
 1685      DD5EDDAB 
 1685      8E94C393 
 1685      1FAB6D
 1686 0084 2AE15479 		.ascii	"*\341Ty\374}\205<D\305\251\240\017k8Tn\361\"\204A\205"
 1686      FC7D853C 
 1686      44C5A9A0 
 1686      0F6B3854 
 1686      6EF12284 
 1687 009a 540D0771 		.ascii	"T\015\007q\202\016\363\313\257+\023\323\277Q\314\327"
 1687      820EF3CB 
 1687      AF2B13D3 
 1687      BF51CCD7 
 1688 00aa D125802A 		.ascii	"\321%\200*\037\357\233!\254\220K\210j3R\360\000Gt\012"
 1688      1FEF9B21 
 1688      AC904B88 
 1688      6A3352F0 
 1688      0047740A 
 1689 00be 5A5F0B51 		.ascii	"Z_\013Q\232\231\255\253.\021>A\256\300\307\210\217\020"
 1689      9A99ADAB 
 1689      2E113E41 
 1689      AEC0C788 
 1689      8F10
 1690 00d0 70812528 		.ascii	"p\201%(\276\031\221\\\026Z\353B4\336]\273*v1\251\342"
 1690      BE19915C 
 1690      165AEB42 
 1690      34DE5DBB 
 1690      2A7631A9 
 1691 00e5 D3EDE422 		.ascii	"\323\355\344\"\223j|,*\311\213>ycq\340\244\344\226\266"
 1691      936A7C2C 
 1691      2AC98B3E 
 1691      796371E0 
 1691      A4E496B6 
 1692 00f9 73CF3C6E 		.ascii	"s\317<n\322\343.y\334\203\233\017\205 pI\303\347\036"
 1692      D2E32E79 
 1692      DC839B0F 
 1692      85207049 
 1692      C3E71E
 1693 010c D9891D80 		.ascii	"\331\211\035\200/\230\323\342\263\0367\214>8\275 D\210"
 1693      2F98D3E2 
 1693      B31E378C 
 1693      3E38BD20 
 1693      4488
ARM GAS  /tmp/ccosC1gx.s 			page 38


 1694 011e 411D97B7 		.ascii	"A\035\227\267KJ\237z\374n\024@\367\354\362\000y\262"
 1694      4B4A9F7A 
 1694      FC6E1440 
 1694      F7ECF200 
 1694      79B2
 1695 0130 ECF8FE07 		.ascii	"\354\370\376\007\255.\376l\026\205\370\264{.\020V\221"
 1695      AD2EFE6C 
 1695      1685F8B4 
 1695      7B2E1056 
 1695      91
 1696 0141 511D593A 		.ascii	"Q\035Y:\200\334G\020\331^\010\271s\336\007\311\241\012"
 1696      80DC4710 
 1696      D95E08B9 
 1696      73DE07C9 
 1696      A10A
 1697 0153 15451DA0 		.ascii	"\025E\035\240D\212\177\031\342\313W\024_\226\316K\311"
 1697      448A7F19 
 1697      E2CB5714 
 1697      5F96CE4B 
 1697      C9
 1698 0164 068ECEFF 		.ascii	"\006\216\316\377\320a\004\025\227\002U\342\252\032\233"
 1698      D0610415 
 1698      970255E2 
 1698      AA1A9B
 1699 0173 6B93930C 		.ascii	"k\223\223\014\342>\227B\036\273\274\007\326qd\375x\215"
 1699      E23E9742 
 1699      1EBBBC07 
 1699      D67164FD 
 1699      788D
 1700 0185 7499D1D0 		.ascii	"t\231\321\320\037~\211\350su\374\036\376\323\\\351\203"
 1700      1F7E89E8 
 1700      7375FC1E 
 1700      FED35CE9 
 1700      83
 1701 0196 EF38BCB1 		.ascii	"\3578\274\261\266\263\271\214\026\224\013\232C\376\361"
 1701      B6B3B98C 
 1701      16940B9A 
 1701      43FEF1
 1702 01a5 5AC4A570 		.ascii	"Z\304\245p\215E\337 t\360=\350R\004\337\342-\271H\211"
 1702      8D45DF20 
 1702      74F03DE8 
 1702      5204DFE2 
 1702      2DB94889 
 1703 01b9 46D097E8 		.ascii	"F\320\227\350\361t\325\331\325\237+JSWic\276\261\370"
 1703      F174D5D9 
 1703      D59F2B4A 
 1703      53576963 
 1703      BEB1F8
 1704 01cc 6A748C9B 		.ascii	"jt\214\233\324\340Ns\367\334\014\267\037\360{\217VI"
 1704      D4E04E73 
 1704      F7DC0CB7 
 1704      1FF07B8F 
 1704      5649
 1705 01de 914FC11A 		.ascii	"\221O\301\032\205j\024`\023.\355\360\244\264-\333\033"
 1705      856A1460 
 1705      132EEDF0 
 1705      A4B42DDB 
ARM GAS  /tmp/ccosC1gx.s 			page 39


 1705      1B
 1706 01ef 38DCEDD7 		.ascii	"8\334\355\327\026\011\267F\003p0\226\264\323V,edb'l"
 1706      1609B746 
 1706      03703096 
 1706      B4D3562C 
 1706      65646227 
 1707 0204 B390B632 		.ascii	"\263\220\2662N>v,\336s\2727a\364\033\031\323\202C\371"
 1707      4E3E762C 
 1707      DE73BA37 
 1707      61F41B19 
 1707      D38243F9 
 1708 0218 9C1933ED 		.ascii	"\234\0313\355\214\223\263\373\373\255\\>\326c'l\347"
 1708      8C93B3FB 
 1708      FBAD5C3E 
 1708      D663276C 
 1708      E7
 1709 0229 9C6338D6 		.ascii	"\234c8\326\031\303L\2462V\273\231\315\202\352$S\371"
 1709      19C34CA6 
 1709      3256BB99 
 1709      CD82EA24 
 1709      53F9
 1710 023b FDFFCDB5 		.ascii	"\375\377\315\265wv\031\346\321\013]G@\313\313\224\226"
 1710      777619E6 
 1710      D10B5D47 
 1710      40CBCB94 
 1710      96
 1711 024c CA640B8E 		.ascii	"\312d\013\216f\344\322V_4m;v\256\227\317@\301\312\377"
 1711      66E4D256 
 1711      5F346D3B 
 1711      76AE97CF 
 1711      40C1CAFF 
 1712 0260 05512CF3 		.ascii	"\005Q,\363\003"
 1712      03
 1713              		.text
 1714              		.section	.gnu.lto__ZN17RobotStateMachine6updateEPKfS1_bPf.part.0.36.d16a8ecec02c4737,"e",%progbits
 1715 0000 789C6D93 		.ascii	"x\234m\223]H\223Q\030\307\317\377=\357\373n~lI\227B"
 1715      5D489351 
 1715      18C7CFFF 
 1715      3DEFFB6E 
 1715      7E6C4997 
 1716 0015 64171675 		.ascii	"d\027\026u\341\014!\360N\252\213\240\202a]'s.\034\270"
 1716      E10C21F0 
 1716      4EAA8BA0 
 1716      82615D27 
 1716      732E1CB8 
 1717 0029 8FB6D955 		.ascii	"\217\266\331U\340i9\025\275p\313a&K\306\032\345EP\027"
 1717      E0693915 
 1717      BD70CB61 
 1717      264BC61A 
 1717      E5455017 
 1718 003d 5266A54B 		.ascii	"Rf\245K\015\373\200\276\240\272H\004#\360\203\012\013"
 1718      0DFB80BE 
 1718      A0BA4804 
 1718      23F0830A 
 1718      0B
 1719 004e 0291C09E 		.ascii	"\002\221\300\236\363\356\303\215zy\317\366<\347\374"
 1719      F3EEC38D 
ARM GAS  /tmp/ccosC1gx.s 			page 40


 1719      7A79CFF6 
 1719      3CE7FC
 1720 005d 9FDFF99F 		.ascii	"\237\337\371\237\2177\303\031\033d\214y\251\301\314"
 1720      8F37C319 
 1720      1B648C79 
 1720      A9C1CC
 1721 006c 70CDCC84 		.ascii	"p\315\314\204\020M&\023v\033\377\212\322\035\033P\360"
 1721      104D2613 
 1721      761BFF8A 
 1721      D21D1B50 
 1721      F0
 1722 007d 02DF6E2E 		.ascii	"\002\337n.\327\252Wb\326\370\342X\265\312\021\217\365"
 1722      D7AA5762 
 1722      D6F8E258 
 1722      B5CA118F 
 1722      F5
 1723 008e 2B59A5AA 		.ascii	"+Y\245\252D\262\212\257\275[\225jO\314\232\330\2144"
 1723      44B28AAF 
 1723      BD5B956A 
 1723      4FCC9AD8 
 1723      8C34
 1724 00a0 A81A8663 		.ascii	"\250\032\206c\345\306\270\216\313\005-X\227I\341\252"
 1724      E5C6B88E 
 1724      CB052D58 
 1724      9749E1AA 
 1725 00b0 A6A30B43 		.ascii	"\246\243\013C<\301q\220\2727#C\243[\020\343\031\244"
 1725      3CC17190 
 1725      BA372343 
 1725      A35B10E3 
 1725      19A4
 1726 00c2 C9CC1835 		.ascii	"\311\314\0305\343\221C\321\235^H\203\023\364KUWy\232"
 1726      E39143D1 
 1726      9D5E4883 
 1726      13F44B55 
 1726      57799A
 1727 00d5 036A2E52 		.ascii	"\003j.RPC\021?)G\016\314SQ\"\231Q\323\234c\022\004\303"
 1727      5043113F 
 1727      29470ECC 
 1727      53512299 
 1727      51D39C63 
 1728 00ec 03E03E18 		.ascii	"\003\340>\030\036\022\207\333\267+\377Q\240D!!\334o"
 1728      1E1287DB 
 1728      B72BFF51 
 1728      A0442121 
 1728      DC6F
 1729 00fe A032426C 		.ascii	"\2402Bl,\014\364\212*\222\252xT\014{LR\325\336g\221"
 1729      2C0CF48A 
 1729      2A92AA78 
 1729      540C7B4C 
 1729      52D5DE67 
 1730 0113 9A684264 		.ascii	"\232hBd\012\012\224(\014\330\305\002ld\352\302\011)"
 1730      0A0A9428 
 1730      0CD8C502 
 1730      6C64EAC2 
 1730      0929
 1731 0125 9C2E46CD 		.ascii	"\234.F\315\030\250x)j\272\0305S@]\312\243\356\215N\012"
 1731      18A87829 
ARM GAS  /tmp/ccosC1gx.s 			page 41


 1731      6ABA1835 
 1731      53405DCA 
 1731      A3EE8D4E 
 1732 013a 51C6D25C 		.ascii	"Q\306\322\\\303\323b\330,I5\373\235bXV\201\022\005c"
 1732      C3D362D8 
 1732      2C4935FB 
 1732      9D625856 
 1732      81120563 
 1733 014e 8AC4F583 		.ascii	"\212\304\365\203\031\260\353\023Bp\202\351\2307`\015"
 1733      19B0EB13 
 1733      427082E9 
 1733      9837600D 
 1734 015e A8677846 		.ascii	"\250gxFB\335\236\264\034\242c\330\230\232\355\351S("
 1734      42DD9EB4 
 1734      1CA263D8 
 1734      989AEDE9 
 1734      5328
 1735 0170 67B773A7 		.ascii	"g\267s\247C\345\272qVX\200Lj\345\372V$\247&\317A\236"
 1735      43E5BA71 
 1735      5658804C 
 1735      6AE5FA56 
 1735      24A726CF 
 1736 0186 43729DE1 		.ascii	"Cr\235\3419\344!J9\223/\345w\337kB\374\331\036\024b"
 1736      39E4214A 
 1736      39932FE5 
 1736      77DF6B42 
 1736      FCD91E14 
 1737 019b D18A0A00 		.ascii	"\321\212\012\000\031(\344\302$\255\230U`\012\032\360"
 1737      1928E4C2 
 1737      24AD9855 
 1737      600A1AF0 
 1738 01ab 043A3047 		.ascii	"\004:0G\025\203\\^!\241R\030\345\246l\310\331:\302\220"
 1738      15835C5E 
 1738      21A15218 
 1738      E5A66CC8 
 1738      D93AC290 
 1739 01bf 0EA3A349 		.ascii	"\016\243\243Is\261?9\355:\024\232\005/\245\201(WvJ\304"
 1739      73B13F39 
 1739      ED3A149A 
 1739      052FA581 
 1739      2857764A 
 1740 01d4 97CF67E9 		.ascii	"\227\317g\351\276\262\037\010\217\014|WS\\\311\335$"
 1740      BEB21F08 
 1740      8F0C7C57 
 1740      535CC9DD 
 1740      24
 1741 01e5 1555B740 		.ascii	"\025U\267@\263\227\245\310\351+\252[C|i.\305I\261G!"
 1741      B397A5C8 
 1741      E92BAA5B 
 1741      437C692E 
 1741      C549B147 
 1742 01fa 0A9933E8 		.ascii	"\012\2313\350\203\234'\227\177\277\003\321\242\\\315"
 1742      839C2797 
 1742      7FBF03D1 
 1742      A25CCD
 1743 0209 830937BC 		.ascii	"\203\0117\274f\311\241\312\215m1h\025)\002\277\006\253"
 1743      66C9A1CA 
ARM GAS  /tmp/ccosC1gx.s 			page 42


 1743      8D6D3168 
 1743      152902BF 
 1743      06AB
 1744 021b 27DD2AED 		.ascii	"'\335*\355\242\031opC\372L\361\254\233s4O\367\3521J"
 1744      A2196F70 
 1744      43FA4CF1 
 1744      AC9B7334 
 1744      4FF7EA31 
 1745 0230 65A519D2 		.ascii	"e\245\031\3220\333B>S\226\"\325\331\220q\205&\324\222"
 1745      30DB423E 
 1745      539622D5 
 1745      D9907185 
 1745      26D492
 1746 0243 D36F5758 		.ascii	"\323oWXn%?\333\330\006z\223A\326\015BW\216\221\"\377"
 1746      6E253FDB 
 1746      D8067A93 
 1746      41D60D42 
 1746      578E9122 
 1747 0258 85580C0B 		.ascii	"\205X\014\013F\277e\234\357\370\261\342#\360\001T\021"
 1747      46BF659C 
 1747      EFF8B1E2 
 1747      23F00154 
 1747      11
 1748 0269 16C22C75 		.ascii	"\026\302,u\237@\333\221\342\032-;\305\3654\337e\354"
 1748      9F40DB91 
 1748      E21A2D3B 
 1748      C5F534DF 
 1748      65EC
 1749 027b 989E5FD8 		.ascii	"\230\236_\330/\204\233Xn\341\310v\312\335\330gk\367"
 1749      2F849B58 
 1749      6EE1C876 
 1749      CADDD867 
 1749      6BF7
 1750 028d 795C36B7 		.ascii	"y\\6\267\303k;\356svz\\\336P\320v\324\336|\252\245\325"
 1750      C36B3BEE 
 1750      73767A5C 
 1750      DE50D076 
 1750      D4DE7CAA 
 1751 02a3 D1E1F03A 		.ascii	"\321\341\360:]l\1770\340\2649}\336P\300\327\321\341"
 1751      5D6C7F30 
 1751      E0B4397D 
 1751      DE50C0D7 
 1751      D1E1
 1752 02b5 0A046DCD 		.ascii	"\012\004m\315\276V_\350L\310\021r\235v8\333\335^W\235"
 1752      BE565FE8 
 1752      4CC81172 
 1752      9D7638DB 
 1752      DD5E579D 
 1753 02c9 D3EF676A 		.ascii	"\323\357gj\250\335\035\334\373\337\261\272\206F\207"
 1753      A8DD1DDC 
 1753      FBDFB1BA 
 1753      864687
 1754 02d8 F3C8F9C6 		.ascii	"\363\310\371\306\303L\013\312!\315\355\365w\206,\036"
 1754      C34C0BCA 
 1754      21CDEDF5 
 1754      77862C1E 
 1755 02e8 5FC81768 		.ascii	"_\310\027h\241v\241\323\025\324\034\001\217\253\355"
ARM GAS  /tmp/ccosC1gx.s 			page 43


 1755      A176A1D3 
 1755      15D41C01 
 1755      8FABED
 1756 02f7 2F776651 		.ascii	"/wfQh"
 1756      68
 1757              		.text
 1758              		.section	.gnu.lto_.symbol_nodes.d16a8ecec02c4737,"e",%progbits
 1759 0000 789C5BC0 		.ascii	"x\234[\300\000\004L*\365\014\015@\300\3028\341\034\003"
 1759      00044C2A 
 1759      F50C0D40 
 1759      C0C238E1 
 1759      1C03
 1760 0012 433D03C3 		.ascii	"C=\003\303\316\226\306\306\006&\006F\220$\003\253\002"
 1760      CE96C6C6 
 1760      06260646 
 1760      902403AB 
 1760      02
 1761 0023 43831303 		.ascii	"C\203\023\003\0033\223b=#\212\252]\015\215\214P5\214"
 1761      03339362 
 1761      3D238AAA 
 1761      5D0D8D8C 
 1761      50358C
 1762 0036 CAF54CFF 		.ascii	"\312\365L\377\241@\036,\317\0002\021$\311\250T\317\214"
 1762      A1401E2C 
 1762      CF003211 
 1762      24C9A854 
 1762      CF8C
 1763 0048 438A9981 		.ascii	"C\212\231\201y\301\276\013\317\031\030\237\26454\010"
 1763      79C1BE0B 
 1763      CF19189F 
 1763      B4353408 
 1764 0058 3033B140 		.ascii	"03\261@\214wafbX\360\360\353E&\306E q\006\000\037\014"
 1764      8C776166 
 1764      6258F0F0 
 1764      EB4526C6 
 1764      45207106 
 1765 006f 33BD     		.ascii	"3\275"
 1766              		.text
 1767              		.section	.gnu.lto_.refs.d16a8ecec02c4737,"e",%progbits
 1768 0000 789C6367 		.ascii	"x\234cg```d`b\344f`\000\000\000\216\000\027"
 1768      60606064 
 1768      6062E466 
 1768      60000000 
 1768      8E0017
 1769              		.text
 1770              		.section	.gnu.lto_.decls.d16a8ecec02c4737,"e",%progbits
 1771 0000 789C8D55 		.ascii	"x\234\215UmlTU\032>\3579\2673wn\007\246H\215&f\261\022"
 1771      6D6C5455 
 1771      1A3EEF39 
 1771      B733776E 
 1771      07A6488D 
 1772 0018 3F262176 		.ascii	"?&!vl1 ?6\231\250\253&\024\322h\366\007\374\351N\347"
 1772      6C31203F 
 1772      3699A8AB 
 1772      2614D268 
 1772      F607FCE9 
 1773 002e DED226F3 		.ascii	"\336\322&\363\225\231\351b\374u[Q\312W\2555\331\226"
ARM GAS  /tmp/ccosC1gx.s 			page 44


 1773      9599E962 
 1773      FC755B51 
 1773      CA57AD35 
 1773      D996
 1774 0040 D6D08628 		.ascii	"\326\320\206(\202\342\246. \012\026\206\002K\013b\013"
 1774      82E2A62E 
 1774      200A1686 
 1774      024B0B62 
 1774      0B
 1775 0051 B8051629 		.ascii	"\270\005\026)J\013\235Z>\212\024\230\255U\367=\347\336"
 1775      4A0B9D5A 
 1775      3E8A1498 
 1775      AD55F73D 
 1775      E7DE
 1776 0063 99DBD2D9 		.ascii	"\231\333\322\331\254w\346\275\347\234\367<\347y\336"
 1776      AC77E6BD 
 1776      E79CF73C 
 1776      E779DE
 1777 0072 F3F5DE3F 		.ascii	"\363\365\336?:\010\011RB\236\003B~\303\207\021BN\241"
 1777      3A080952 
 1777      429E0342 
 1777      7EC38711 
 1777      424EA1
 1778 0085 D9D0F6A2 		.ascii	"\331\320\366\242\365\241\235A+A;\207\266\202\030\217"
 1778      F5A19D41 
 1778      2B413B87 
 1778      B682188F 
 1779 0095 8476136D 		.ascii	"\204v\023m\004\355?h\263p<\376I\036\220i\317\031l\273"
 1779      04ED3F68 
 1779      B3703CFE 
 1779      491E9069 
 1779      CF196CBB 
 1780 00a9 B0AC447B 		.ascii	"\260\254D{\000-\177\012\347^\223w\016\030\274N,{\261"
 1780      002D7F0A 
 1780      E75E9377 
 1780      0E18BC4E 
 1780      2C7BB1
 1781 00bc FC06AD87 		.ascii	"\374\006\255\207\343\261}\203\030\274'\321\230\251\307"
 1781      E3B17D83 
 1781      18BC27D1 
 1781      98A9C7
 1782 00cb B56E9AFE 		.ascii	"\265n\232\376\316\351r\344\022:\363\376\207^\211\251"
 1782      CEE972E4 
 1782      123AF3FE 
 1782      875E89A9 
 1783 00db B9CCE43F 		.ascii	"\271\314\344?M,\275\271`\314\257\037-\225E\363\2469"
 1783      4D2CBDB9 
 1783      60CCAF1F 
 1783      2D9545F3 
 1783      A639
 1784 00ed 4F6A6ADE 		.ascii	"Ojj\336?OFI+\263\035\035X\337B\037\001\300\277\203\302"
 1784      3F4F4649 
 1784      2BB31D1D 
 1784      58DF421F 
 1784      01C0BF83 
 1785 0102 5EA8D575 		.ascii	"^\250\325u\011\213\204\256'\3655N\002\013\341\031\002"
 1785      098B84AE 
ARM GAS  /tmp/ccosC1gx.s 			page 45


 1785      27F5354E 
 1785      020BE119 
 1785      02
 1786 0113 BB015D04 		.ascii	"\273\001]\004\366\000|\016\215\014\036\000\011\337\371"
 1786      F6007C0E 
 1786      8D0C1E00 
 1786      09DFF9
 1787 0122 50C0EC84 		.ascii	"P\300\354\204\315\"\314E<\272x\266>B\340+C\306\233\313"
 1787      CD22CC45 
 1787      3CBA78B6 
 1787      3E42E02B 
 1787      43C69BCB 
 1788 0136 FE82FCF2 		.ascii	"\376\202\374\362\346\246\226\0236\305m(\010\326\256"
 1788      E6A69613 
 1788      36C56D28 
 1788      08D6AE
 1789 0145 1A66D226 		.ascii	"\032f\322&\000\016\"\355!\200.\300\3212\266\340\000"
 1789      000E22ED 
 1789      21802EC0 
 1789      D132B6E0 
 1789      00
 1790 0156 40A76080 		.ascii	"@\247`\200\375@(z0\240\311G\261d\032a\021\021\361\241"
 1790      FD40287A 
 1790      30A0C947 
 1790      B1641A61 
 1790      1111F1A1 
 1791 016a 0B2F2B53 		.ascii	"\013/+S\370\032\037\266\350\216\"\335?\001\216\001\305"
 1791      F81A1FB6 
 1791      E88E22DD 
 1791      3F018E01 
 1791      C5
 1792 017b 2A8E7462 		.ascii	"*\216tb\321\312\244;gS#v\267\214\032\251;k\007.\333"
 1792      D1CAA43B 
 1792      67532376 
 1792      B78C1AA9 
 1792      3B6B072E 
 1793 0190 6DD00370 		.ascii	"m\320\003p$\243t\030\210`\372^0\030d\335\3001\235`D"
 1793      24A37418 
 1793      8860FA5E 
 1793      301864DD 
 1793      C0319D60 
 1794 01a5 C790989D 		.ascii	"\307\220\230\235\007.\177\257fb\302\345~|.\222\215\355"
 1794      072E7FAF 
 1794      6662C2E5 
 1794      7E7C2E92 
 1794      8DED
 1795 01b7 984DE01B 		.ascii	"\230M\340\033\200\023\031\246\343\310\324\256\217u\036"
 1795      801319A6 
 1795      E3C8D4AE 
 1795      8F751E
 1796 01c6 48CACD09 		.ascii	"H\312\315\011\301\260\0178\202S\022\360\240\025\021"
 1796      C1B00F38 
 1796      825312F0 
 1796      A01511
 1797 01d5 9D4BD525 		.ascii	"\235K\325%\300\214\372k\001@\241\223\234\242\225\321"
 1797      C08CFA6B 
 1797      0140A193 
ARM GAS  /tmp/ccosC1gx.s 			page 46


 1797      9CA295D1 
 1798 01e5 3DC7268F 		.ascii	"=\307&\217HN\014hLo\357\222x\347\227\000_\360\303\332"
 1798      484E0C68 
 1798      4C6FEF92 
 1798      78E79700 
 1798      5FF0C3DA 
 1799 01f9 0B0270B1 		.ascii	"\013\002p\261f8e\000\022Y\000l\224\207I\327\257\277"
 1799      66386500 
 1799      1259006C 
 1799      948749D7 
 1799      AFBF
 1800 020b D1CE7251 		.ascii	"\321\316rQ\353\273C\010\"&\004N\001,3dz\337K\035wX2"
 1800      EBBB4308 
 1800      2226044E 
 1800      012C3364 
 1800      7ADF4B1D 
 1801 0222 A72D167E 		.ascii	"\247-\026~\001\330-\234\360[\374\204HM\347.\357\260"
 1801      01D82D9C 
 1801      F05BFC84 
 1801      484DE72E 
 1801      EFB0
 1802 0234 CD75DF17 		.ascii	"\315u\337\027\366Y\200~s\332|Y\007\032\371Z\240\347"
 1802      F659807E 
 1802      73DA7C59 
 1802      071AF95A 
 1802      A0E7
 1803 0246 5F99B5F8 		.ascii	"_\231\265\370V\3041:y\342\222\323\222\351\267d\316\031"
 1803      56C4313A 
 1803      79E292D3 
 1803      92E9B764 
 1803      CE19
 1804 0258 B3397560 		.ascii	"\2639u`\315\351\334+ \216\251\244\002\300\271E\370R"
 1804      CDE9DC2B 
 1804      208EA9A4 
 1804      02C0B945 
 1804      F852
 1805 026a C84A46F2 		.ascii	"\310JF\362u\252S\233\312\250\302\024\246*\3350\317="
 1805      75AA539B 
 1805      CAA8C214 
 1805      A62ADD30 
 1805      CF3D
 1806 027c CEBC3275 		.ascii	"\316\2742u\273\024y\373a\310SrdJ\223vUqO\300N\332n+"
 1806      BB1479FB 
 1806      61C85372 
 1806      644A9376 
 1806      55714FC0 
 1807 0294 F0EA92BA 		.ascii	"\360\352\222\272\361\301\244]\247\015\313\363\027z\361"
 1807      F1C1A45D 
 1807      A70DCBF3 
 1807      177AF1
 1808 02a3 9DB47783 		.ascii	"\235\264w\203\212\243J%9\017kI\2732\316\3327\331\324"
 1808      8AA34A25 
 1808      390F6B49 
 1808      BB32CEDA 
 1808      37D9D4
 1809 02b6 93B4EE29 		.ascii	"\223\264\356)\334cE-\316\307\360\275\262<\317\325\305"
 1809      DC63452D 
ARM GAS  /tmp/ccosC1gx.s 			page 47


 1809      CEC7F0BD 
 1809      B23CCFD5 
 1809      C5
 1810 02c7 BAD84B84 		.ascii	"\272\330K\204\310r\307\337\037T\222v\027R\270\325\202"
 1810      C872C7DF 
 1810      1F549276 
 1810      1752B8D5 
 1810      82
 1811 02d8 3CB5C0D5 		.ascii	"<\265\300\325\0159\252\252\344\273\011\006\241\026\027"
 1811      0D39AAAA 
 1811      E4BB0906 
 1811      A11617
 1812 02e7 7BA982CC 		.ascii	"{\251\202\314\222\334\015\305\014\234\305\372\017\243"
 1812      92DC0DC5 
 1812      0C9CC5FA 
 1812      0FA3
 1813 02f5 0F29398A 		.ascii	"\017)9\212c^\201\233\020\225\274D\221\227\375\226~\300"
 1813      635E819B 
 1813      1095BC44 
 1813      9197FD96 
 1813      7EC0
 1814 0307 8E9AAAD5 		.ascii	"\216\232\252\325\004p+\264\230\262\245I;^MZ\200\313"
 1814      04702BB4 
 1814      98B2A549 
 1814      3B5E4D5A 
 1814      80CB
 1815 0319 27C94E27 		.ascii	"'\311N'\236\177Iv\224-UK\213\025\222\264S\354\312\227"
 1815      9E7F4976 
 1815      942D554B 
 1815      8B1592B4 
 1815      53ECCA97 
 1816 032d 40A7608D 		.ascii	"@\247`\215Tl\004\240.\0277@\374\370\013\314\027\360"
 1816      546C04A0 
 1816      2E173740 
 1816      FCF80BCC 
 1816      17F0
 1817 033f A6990ED3 		.ascii	"\246\231\016\3232\306\203~j\2429\004\014t\272 i\024"
 1817      32C6837E 
 1817      6AA23904 
 1817      0C74BA20 
 1817      6914
 1818 0351 BF6A060F 		.ascii	"\277j\006\0175\263\003\030cL\021\376\236B\236\201\030"
 1818      35B30318 
 1818      634C11FE 
 1818      9E429E81 
 1818      18
 1819 0362 D5296A06 		.ascii	"\325)j\006\326\000d\306\232U\256!D(\001k\214\0307-p"
 1819      D60064C6 
 1819      9A55AE21 
 1819      4428016B 
 1819      8C18372D 
 1820 0377 42A60599 		.ascii	"B\246\005\231\226#i~\343\374\266\0358\373\306U\2366"
 1820      9623697E 
 1820      E3FCB61D 
 1820      38FBC655 
 1820      9E36
 1821 0389 3A76EECC 		.ascii	":v\356\314\205\274\006/\001v\211\022V\317\010\373\234"
ARM GAS  /tmp/ccosC1gx.s 			page 48


 1821      85BC062F 
 1821      01768912 
 1821      56CF08FB 
 1821      9C
 1822 039a 71C4677A 		.ascii	"q\304gz\342<\360\254\017%\020\306\366\261\226\037\267"
 1822      E23CF0AC 
 1822      0F2510C6 
 1822      F6B1961F 
 1822      B7
 1823 03ab D9457B2F 		.ascii	"\331E{/\300\000\346\005\332\323wo\302%<g\000.q\317\307"
 1823      C000E605 
 1823      DAD3776F 
 1823      C2253C67 
 1823      002E71CF 
 1824 03c0 9FB684D3 		.ascii	"\237\266\204\323\216\357y\352\030\037\375\307*7\277"
 1824      8EEF79EA 
 1824      181FFDC7 
 1824      2A37BF
 1825 03cf ECCD2985 		.ascii	"\354\315)\205\300\340}\227]d=~)x\3732\360\376N\363\032"
 1825      C0E07D97 
 1825      5D643D7E 
 1825      2978FB32 
 1825      F0FE4EF3 
 1826 03e4 0F1EDDD4 		.ascii	"\017\036\335\324<\333:\370\203\326\301\0372\016\376"
 1826      3CDB3AF8 
 1826      83D6C11F 
 1826      320EFE
 1827 03f3 C0C5ADBD 		.ascii	"\300\305\255\2759Bk\010\340\007#\257R\221W\363\260w"
 1827      39426B08 
 1827      E00723AF 
 1827      529157F3 
 1827      B077
 1828 0405 7B47EDEA 		.ascii	"{G\355\352\207\221\374\232\256\347C%\014\003\\\345c"
 1828      8791FC9A 
 1828      AEE74325 
 1828      0C035CE5 
 1828      63
 1829 0416 93B82678 		.ascii	"\223\270&xY\360\322#\346\312\346\217\352\345\371\315"
 1829      59F0D223 
 1829      E6CAE68F 
 1829      EAE5F9CD 
 1830 0426 0D7A6AA2 		.ascii	"\015zj\242u\370\271\004\346\273\032\011\021p\321\214"
 1830      75F8B904 
 1830      E6BB1A09 
 1830      1170D18C 
 1831 0436 024600BE 		.ascii	"\002F\000\276C\360\277\001\316\203\367\2663\313\232"
 1831      43F0BF01 
 1831      CE83F7B6 
 1831      33CB9A
 1832 0445 ECD97FFD 		.ascii	"\354\331\177\375\212\222\236\360\217\234\264\271\345"
 1832      8A929EF0 
 1832      8F9CB4B9 
 1832      E5
 1833 0452 7ADBACB4 		.ascii	"z\333\254\264g\224{\276^\267n\207#\035\3505\3569\330"
 1833      67947BBE 
 1833      5EB76E87 
 1833      231DE835 
ARM GAS  /tmp/ccosC1gx.s 			page 49


 1833      EE39D8
 1834 0465 3D562F67 		.ascii	"=V/g\211\356\006\212]\027\321\315oh\320\033\336oOP]"
 1834      89EE068A 
 1834      5D17D1CD 
 1834      6F68D01B 
 1834      DE6F4F50 
 1835 047a 67E8860B 		.ascii	"g\350\206\013SB\272\220\016\211\260\241\254\0335-\250"
 1835      5342BA90 
 1835      0E89B0A1 
 1835      AC1B352D 
 1835      A8
 1836 048b 5B3382FA 		.ascii	"[3\202\372\211\357K\333\360\276\375N\221\225\254\015"
 1836      89EF4BDB 
 1836      F0BEFD4E 
 1836      9195AC0D 
 1837 049b B803303E 		.ascii	"\270\0030>#'\215\317\314I}}\033z\250\2655\343\326\326"
 1837      23278DCF 
 1837      CC497D7D 
 1837      1B7AA8B5 
 1837      35E3D6D6 
 1838 04af DC35B6E6 		.ascii	"\3345\266\346\310'\033\017\333\204\334]\200\333<\200"
 1838      C8271B0F 
 1838      DB84DC5D 
 1838      80DB3C80 
 1839 04bf B5FB0646 		.ascii	"\265\373\006F\262\3158\205s\271\007<\363\361(\353\337"
 1839      B2CD3885 
 1839      73B9073C 
 1839      F3F128EB 
 1839      DF
 1840 04d0 D567CF6F 		.ascii	"\325g\317oF\336\235\273\307t\331\215\275\231\275 0\306"
 1840      46DE9DBB 
 1840      C774D98D 
 1840      BD99BD20 
 1840      30C6
 1841 04e2 0BEF965C 		.ascii	"\013\357\226\\\266A\"\254Q\342:\035\255W\217\363\023"
 1841      B64122AC 
 1841      51E23A1D 
 1841      AD578FF3 
 1841      13
 1842 04f3 093FF394 		.ascii	"\011?\363\224\333$|[?\334r\232\2576\374\202\264\223"
 1842      DB247C5B 
 1842      3FDC729A 
 1842      AF36FC82 
 1842      B493
 1843 0505 FC58AC10 		.ascii	"\374X\254\020I\300%j\204\265\011T\343\355{\3356EL!\261"
 1843      49C0256A 
 1843      84B50954 
 1843      E3ED7BDD 
 1843      36454C21 
 1844 051a C69149EF 		.ascii	"\306\221I\3575\024V\020\2216x<\255\007\277\374H\022"
 1844      35145610 
 1844      9136783C 
 1844      AD07BFFC 
 1844      4812
 1845 052c D3A8A562 		.ascii	"\323\250\245ba\277\275p\242\327p\254\2047):&\223\177"
 1845      61BFBD70 
 1845      A2D770AC 
ARM GAS  /tmp/ccosC1gx.s 			page 50


 1845      8437293A 
 1845      26937F
 1846 053f DB6A9CC1 		.ascii	"\333j\234\301U\260\206;\372\337\334xw\366c\333$\236"
 1846      55B0863B 
 1846      FADFDC78 
 1846      77F663DB 
 1846      249E
 1847 0551 F969E7E6 		.ascii	"\371i\347\346\221]\006\374m\274X\333\205\360\255\266"
 1847      915D06FC 
 1847      6DBC58DB 
 1847      85F0ADB6 
 1848 0561 DBDBF8D2 		.ascii	"\333\333\370\322@\035\205\265\350\355\020\336O\232>"
 1848      401D85B5 
 1848      E8ED10DE 
 1848      4F9A3E
 1849 0570 E8131359 		.ascii	"\350\023\023Y\217w{\035'z\273\251\277Vy(\275`\253\214"
 1849      8F777B1D 
 1849      277ABBA9 
 1849      BF567928 
 1849      BD60AB8C 
 1850 0584 05830DD8 		.ascii	"\005\203\015\330\275\021\015\277,|\330\226\236\335\237"
 1850      BD110DBF 
 1850      2C7CD896 
 1850      9EDD9F
 1851 0593 E182D5E9 		.ascii	"\341\202\325\351\251\261\301\346\035\266\367\365\256"
 1851      A9B1C1E6 
 1851      1DB6F7F5 
 1851      AE
 1852 05a0 DA76E720 		.ascii	"\332v\347 C\010L\030\353\006\277\342\254&\304\002\262"
 1852      43084C18 
 1852      EB06BFE2 
 1852      AC26C402 
 1852      B2
 1853 05b1 7E5CB721 		.ascii	"~\\\267!\211<\321 \016\374\207\307l\372+\374{\362\016"
 1853      893CD120 
 1853      0EFC87C7 
 1853      6CFA2BFC 
 1853      7BF20E
 1854 05c4 E55F4FE3 		.ascii	"\345_O\343\013[O\211w\230\237\363]\277~|\315em1\022"
 1854      0B5B4F89 
 1854      77989FF3 
 1854      5DBF7E7C 
 1854      CD656D31 
 1855 05d9 A6B7F85D 		.ascii	"\246\267\370]Cz\377\360\310.\233\005\270a\235\201F\003"
 1855      437AFFF0 
 1855      C82E9B05 
 1855      B8619D81 
 1855      4603
 1856 05eb 30747CFB 		.ascii	"0t|\373\246)\237\341\224\005xO|\252\312\303\341@NY0"
 1856      A6299FE1 
 1856      9405784F 
 1856      7CAACAC3 
 1856      E1404E59 
 1857 0600 AC6AE07F 		.ascii	"\254j\340\177\"\026\365{\374\341P<\032\016\004\264h"
 1857      2216F57B 
 1857      FCE1503C 
 1857      1A0E04B4 
ARM GAS  /tmp/ccosC1gx.s 			page 51


 1857      68
 1858 0611 CCF36AB8 		.ascii	"\314\363j\270<\034\177-\356\213k\313|\376\312\252\220"
 1858      3C1C7F2D 
 1858      EE8B6BCB 
 1858      7CFECAAA 
 1858      90
 1859 0622 56E88F44 		.ascii	"V\350\217D\224\227\227\377\271\340\205\005\013\212\236"
 1859      949797FF 
 1859      B9E08505 
 1859      0B8A9E
 1860 0631 258F6605 		.ascii	"%\217f\005\024.\\\342\363/\252XRD$\177\245/\252,\021"
 1860      142E5CE2 
 1860      F32FAA58 
 1860      5244247F 
 1860      A52FAA2C 
 1861 0646 A86528E1 		.ascii	"\250e(\341\310\324\036\363T\206\203\232\247\312\027"
 1861      C8D41EF3 
 1861      5486839A 
 1861      A7CA17
 1862 0655 F2BC18F6 		.ascii	"\362\274\030\366W\007\265P<\346y\276\364\325\222\262"
 1862      5707B550 
 1862      3CE679BE 
 1862      F4D592B2 
 1863 0665 725FC017 		.ascii	"r_\300\027\362k\304]\350\371\377\341TF\"dn\321\342\031"
 1863      F26BC45D 
 1863      E8F9FFE1 
 1863      54462264 
 1863      6ED1E219 
 1864 0679 1D736678 		.ascii	"\035sfxr*\002a_\034\261\317\033\374/dx\347\314\360d"
 1864      722A0261 
 1864      5F1CB1CF 
 1864      1BFC2F64 
 1864      78E7CCF0 
 1865 068e 919E8111 		.ascii	"\221\236\201\021\322\254h\021q\371\242\301\277.\326"
 1865      D2AC6811 
 1865      71F9A2C1 
 1865      BF2ED6
 1866 069d 9E0E2EA8 		.ascii	"\236\016.\250\210\024\252\021\242\370\303\321\270\366"
 1866      8814AA11 
 1866      A2F8C3D1 
 1866      B8F6
 1867 06ab FAD3C1C5 		.ascii	"\372\323\301\305\244\260l\345\362,\301-\252\216\250"
 1867      A4B06CE5 
 1867      F22CC12D 
 1867      AA8EA8
 1868 06ba D8FA53E9 		.ascii	"\330\372S\351\322\212\327\212\312\312K+\012#\276h\274"
 1868      D28AD78A 
 1868      CACA4B2B 
 1868      0A23BE68 
 1868      BC
 1869 06cb F099A77E 		.ascii	"\360\231\247~'\334f8\236\374]\273E\236\024\2543\342"
 1869      27DC6638 
 1869      9EFC5DBB 
 1869      459E14AC 
 1869      33E2
 1870 06dd 9FCE8AA4 		.ascii	"\237\316\212\244A-\030\323\342R@\363U\330C\341xe4\274"
 1870      412D18D3 
ARM GAS  /tmp/ccosC1gx.s 			page 52


 1870      E25240F3 
 1870      55D843E1 
 1870      786534BC 
 1871 06f1 DA16AB7A 		.ascii	"\332\026\253zC+\213C\221\275\"T\020\213h~\354\010\205"
 1871      432B8B43 
 1871      91BD2254 
 1871      108B687E 
 1871      EC0885
 1872 0704 AA03813F 		.ascii	"\252\003\201?x\252cQOU\310\037\250V5OH[\035\250*\367"
 1872      78AA6351 
 1872      4F55C81F 
 1872      A856354F 
 1872      485B1DA8 
 1873 071a C4E2D1AA 		.ascii	"\304\342\321\252\320\252\302J2\253le\311\222Xz#\035"
 1873      D0AAC24A 
 1873      32AB6C65 
 1873      C992587A 
 1873      231D
 1874 072c 99DA7F01 		.ascii	"\231\332\177\001\310\035\222\317"
 1874      C81D92CF 
 1875              		.text
 1876              		.section	.gnu.lto_.symtab.d16a8ecec02c4737,"e",%progbits
 1877 0000 5F5A4E31 		.ascii	"_ZN17RobotStateMachine6updateEPKfS1_bPf\000"
 1877      37526F62 
 1877      6F745374 
 1877      6174654D 
 1877      61636869 
 1878 0028 00       		.ascii	"\000"
 1879 0029 00       		.ascii	"\000"
 1880 002a 00       		.ascii	"\000"
 1881 002b 00000000 		.ascii	"\000\000\000\000\000\000\000\000"
 1881      00000000 
 1882 0033 E9000000 		.ascii	"\351\000\000\000"
 1883 0037 5F5A4E31 		.ascii	"_ZN17BalanceController6updateEPKfS1_Pf\000"
 1883      3742616C 
 1883      616E6365 
 1883      436F6E74 
 1883      726F6C6C 
 1884 005e 00       		.ascii	"\000"
 1885 005f 02       		.ascii	"\002"
 1886 0060 00       		.ascii	"\000"
 1887 0061 00000000 		.ascii	"\000\000\000\000\000\000\000\000"
 1887      00000000 
 1888 0069 F9000000 		.ascii	"\371\000\000\000"
 1889              		.text
 1890              		.section	.gnu.lto_.ext_symtab.d16a8ecec02c4737,"e",%progbits
 1891 0000 01       		.ascii	"\001"
 1892 0001 01       		.ascii	"\001"
 1893 0002 00       		.ascii	"\000"
 1894 0003 01       		.ascii	"\001"
 1895 0004 00       		.ascii	"\000"
 1896              		.text
 1897              		.section	.gnu.lto_.opts,"e",%progbits
 1898 0000 272D666E 		.ascii	"'-fno-openmp' '-fno-openacc' '-fno-pie' '-fcf-prote"
 1898      6F2D6F70 
 1898      656E6D70 
 1898      2720272D 
ARM GAS  /tmp/ccosC1gx.s 			page 53


 1898      666E6F2D 
 1899 0033 6374696F 		.ascii	"ction=none' '-g' '-mcpu=cortex-m7' '-mthumb' '-mflo"
 1899      6E3D6E6F 
 1899      6E652720 
 1899      272D6727 
 1899      20272D6D 
 1900 0066 61742D61 		.ascii	"at-abi=hard' '-mfpu=fpv5-d16' '-mlibarch=armv7e-m+f"
 1900      62693D68 
 1900      61726427 
 1900      20272D6D 
 1900      6670753D 
 1901 0099 702E6470 		.ascii	"p.dp' '-march=armv7e-m+fp.dp' '-O2' '-fomit-frame-p"
 1901      2720272D 
 1901      6D617263 
 1901      683D6172 
 1901      6D763765 
 1902 00cc 6F696E74 		.ascii	"ointer' '-falign-functions=16' '-ffunction-sections"
 1902      65722720 
 1902      272D6661 
 1902      6C69676E 
 1902      2D66756E 
 1903 00ff 2720272D 		.ascii	"' '-fdata-sections' '-fno-common' '-flto' '-Xassemb"
 1903      66646174 
 1903      612D7365 
 1903      6374696F 
 1903      6E732720 
 1904 0132 6C657227 		.ascii	"ler' '-alms=build/lst/RobotStateMachine.lst'\000"
 1904      20272D61 
 1904      6C6D733D 
 1904      6275696C 
 1904      642F6C73 
 1905              		.text
 1906              		.comm	__gnu_lto_slim,1,1
 1907              		.ident	"GCC: (15:10.3-2021.07-4) 10.3.1 20210621 (release)"
ARM GAS  /tmp/ccosC1gx.s 			page 54


DEFINED SYMBOLS
                            *ABS*:0000000000000000 RobotStateMachine.cpp
     /tmp/ccosC1gx.s:28     .gnu.debuglto_.debug_info:0000000000000000 RobotStateMachine.cpp.39ac6f91
                            *COM*:0000000000000001 __gnu_lto_slim

NO UNDEFINED SYMBOLS
