ARM GAS  /tmp/ccNBpKAw.s 			page 1


   1              		.cpu cortex-m7
   2              		.eabi_attribute 28, 1
   3              		.eabi_attribute 20, 1
   4              		.eabi_attribute 21, 1
   5              		.eabi_attribute 23, 3
   6              		.eabi_attribute 24, 1
   7              		.eabi_attribute 25, 1
   8              		.eabi_attribute 26, 1
   9              		.eabi_attribute 30, 2
  10              		.eabi_attribute 34, 1
  11              		.eabi_attribute 18, 4
  12              		.file	"SBUS.cpp"
  13              		.file 1 "/usr/lib/gcc/arm-none-eabi/10.3.1/include/stddef.h"
  14              		.file 2 "/usr/lib/gcc/arm-none-eabi/10.3.1/include/stdint.h"
  15              		.file 3 "third_party/ChibiOS/os/common/ports/ARM-common/chtypes.h"
  16              		.file 4 "third_party/ChibiOS/os/rt/include/chearly.h"
  17              		.file 5 "third_party/ChibiOS/os/rt/include/chobjects.h"
  18              		.file 6 "third_party/ChibiOS/os/rt/include/chrfcu.h"
  19              		.file 7 "third_party/ChibiOS/os/rt/include/chdebug.h"
  20              		.file 8 "third_party/ChibiOS/os/rt/include/chtime.h"
  21              		.file 9 "third_party/ChibiOS/os/rt/include/chlists.h"
  22              		.file 10 "third_party/ChibiOS/os/rt/include/chtrace.h"
  23              		.file 11 "third_party/ChibiOS/os/common/ext/ST/STM32H7xx/stm32h743xx.h"
  24              		.file 12 "third_party/ChibiOS/os/common/ext/ST/STM32H7xx/stm32h7xx.h"
  25              		.file 13 "third_party/ChibiOS/os/common/ports/ARMv7-M/chcore.h"
  26              		.file 14 "third_party/ChibiOS/os/rt/include/chsem.h"
  27              		.file 15 "third_party/ChibiOS/os/rt/include/chmtx.h"
  28              		.file 16 "third_party/ChibiOS/os/rt/include/chevents.h"
  29              		.file 17 "third_party/ChibiOS/os/hal/include/hal_queues.h"
  30              		.file 18 "third_party/ChibiOS/os/hal/include/hal_serial.h"
  31              		.file 19 "third_party/ChibiOS/os/hal/ports/STM32/LLD/USARTv3/hal_serial_lld.h"
  32              		.file 20 "/usr/include/newlib/c++/10.3.1/cstdint"
  33              		.file 21 "/usr/include/newlib/c++/10.3.1/arm-none-eabi/thumb/v7e-m+dp/hard/bits/c++config.h"
  34              		.file 22 "./src/coms/SBUS.hpp"
  35              		.file 23 "src/coms/SBUS.cpp"
  36              		.file 24 "<built-in>"
  37              		.section	.gnu.debuglto_.debug_info,"e",%progbits
  38              	.Ldebug_info0:
  39              		.hidden	SBUS.cpp.df668f45
  40              		.weak	SBUS.cpp.df668f45
  41              	SBUS.cpp.df668f45:
  42 0000 2D140000 		.4byte	0x142d
  43 0004 0400     		.2byte	0x4
  44 0006 00000000 		.4byte	.Ldebug_abbrev0
  45 000a 04       		.byte	0x4
  46 000b 01       		.uleb128 0x1
  47 000c 04070000 		.4byte	.LASF228
  48 0010 04       		.byte	0x4
  49 0011 EF030000 		.4byte	.LASF229
  50 0015 25060000 		.4byte	.LASF230
  51 0019 00000000 		.4byte	.Ldebug_line0
  52 001d 02       		.uleb128 0x2
  53 001e 04       		.byte	0x4
  54 001f 05       		.byte	0x5
  55 0020 696E7400 		.ascii	"int\000"
  56 0024 03       		.uleb128 0x3
  57 0025 1D000000 		.4byte	0x1d
ARM GAS  /tmp/ccNBpKAw.s 			page 2


  58 0029 04       		.uleb128 0x4
  59 002a 7C030000 		.4byte	.LASF3
  60 002e 01       		.byte	0x1
  61 002f D1       		.byte	0xd1
  62 0030 17       		.byte	0x17
  63 0031 3A000000 		.4byte	0x3a
  64 0035 05       		.uleb128 0x5
  65 0036 29000000 		.4byte	0x29
  66 003a 06       		.uleb128 0x6
  67 003b 04       		.byte	0x4
  68 003c 07       		.byte	0x7
  69 003d A0000000 		.4byte	.LASF0
  70 0041 06       		.uleb128 0x6
  71 0042 08       		.byte	0x8
  72 0043 05       		.byte	0x5
  73 0044 C9030000 		.4byte	.LASF1
  74 0048 06       		.uleb128 0x6
  75 0049 08       		.byte	0x8
  76 004a 04       		.byte	0x4
  77 004b B8060000 		.4byte	.LASF2
  78 004f 07       		.uleb128 0x7
  79 0050 C2090000 		.4byte	.LASF231
  80 0054 04       		.uleb128 0x4
  81 0055 D2010000 		.4byte	.LASF4
  82 0059 02       		.byte	0x2
  83 005a 22       		.byte	0x22
  84 005b 17       		.byte	0x17
  85 005c 60000000 		.4byte	0x60
  86 0060 06       		.uleb128 0x6
  87 0061 01       		.byte	0x1
  88 0062 06       		.byte	0x6
  89 0063 1A0A0000 		.4byte	.LASF5
  90 0067 04       		.uleb128 0x4
  91 0068 89020000 		.4byte	.LASF6
  92 006c 02       		.byte	0x2
  93 006d 25       		.byte	0x25
  94 006e 18       		.byte	0x18
  95 006f 73000000 		.4byte	0x73
  96 0073 06       		.uleb128 0x6
  97 0074 02       		.byte	0x2
  98 0075 05       		.byte	0x5
  99 0076 05080000 		.4byte	.LASF7
 100 007a 04       		.uleb128 0x4
 101 007b 22090000 		.4byte	.LASF8
 102 007f 02       		.byte	0x2
 103 0080 28       		.byte	0x28
 104 0081 18       		.byte	0x18
 105 0082 86000000 		.4byte	0x86
 106 0086 06       		.uleb128 0x6
 107 0087 04       		.byte	0x4
 108 0088 05       		.byte	0x5
 109 0089 0E000000 		.4byte	.LASF9
 110 008d 04       		.uleb128 0x4
 111 008e 97030000 		.4byte	.LASF10
 112 0092 02       		.byte	0x2
 113 0093 2B       		.byte	0x2b
 114 0094 18       		.byte	0x18
ARM GAS  /tmp/ccNBpKAw.s 			page 3


 115 0095 41000000 		.4byte	0x41
 116 0099 04       		.uleb128 0x4
 117 009a 2A050000 		.4byte	.LASF11
 118 009e 02       		.byte	0x2
 119 009f 2E       		.byte	0x2e
 120 00a0 18       		.byte	0x18
 121 00a1 AA000000 		.4byte	0xaa
 122 00a5 03       		.uleb128 0x3
 123 00a6 99000000 		.4byte	0x99
 124 00aa 06       		.uleb128 0x6
 125 00ab 01       		.byte	0x1
 126 00ac 08       		.byte	0x8
 127 00ad 85090000 		.4byte	.LASF12
 128 00b1 04       		.uleb128 0x4
 129 00b2 D4060000 		.4byte	.LASF13
 130 00b6 02       		.byte	0x2
 131 00b7 31       		.byte	0x31
 132 00b8 19       		.byte	0x19
 133 00b9 BD000000 		.4byte	0xbd
 134 00bd 06       		.uleb128 0x6
 135 00be 02       		.byte	0x2
 136 00bf 07       		.byte	0x7
 137 00c0 A5060000 		.4byte	.LASF14
 138 00c4 04       		.uleb128 0x4
 139 00c5 B2000000 		.4byte	.LASF15
 140 00c9 02       		.byte	0x2
 141 00ca 34       		.byte	0x34
 142 00cb 19       		.byte	0x19
 143 00cc DA000000 		.4byte	0xda
 144 00d0 05       		.uleb128 0x5
 145 00d1 C4000000 		.4byte	0xc4
 146 00d5 03       		.uleb128 0x3
 147 00d6 C4000000 		.4byte	0xc4
 148 00da 06       		.uleb128 0x6
 149 00db 04       		.byte	0x4
 150 00dc 07       		.byte	0x7
 151 00dd 4B060000 		.4byte	.LASF16
 152 00e1 04       		.uleb128 0x4
 153 00e2 7C080000 		.4byte	.LASF17
 154 00e6 02       		.byte	0x2
 155 00e7 37       		.byte	0x37
 156 00e8 19       		.byte	0x19
 157 00e9 F2000000 		.4byte	0xf2
 158 00ed 05       		.uleb128 0x5
 159 00ee E1000000 		.4byte	0xe1
 160 00f2 06       		.uleb128 0x6
 161 00f3 08       		.byte	0x8
 162 00f4 07       		.byte	0x7
 163 00f5 AE020000 		.4byte	.LASF18
 164 00f9 04       		.uleb128 0x4
 165 00fa 8A030000 		.4byte	.LASF19
 166 00fe 02       		.byte	0x2
 167 00ff 3C       		.byte	0x3c
 168 0100 1D       		.byte	0x1d
 169 0101 60000000 		.4byte	0x60
 170 0105 04       		.uleb128 0x4
 171 0106 91020000 		.4byte	.LASF20
ARM GAS  /tmp/ccNBpKAw.s 			page 4


 172 010a 02       		.byte	0x2
 173 010b 3D       		.byte	0x3d
 174 010c 1E       		.byte	0x1e
 175 010d 73000000 		.4byte	0x73
 176 0111 04       		.uleb128 0x4
 177 0112 2A090000 		.4byte	.LASF21
 178 0116 02       		.byte	0x2
 179 0117 3E       		.byte	0x3e
 180 0118 1E       		.byte	0x1e
 181 0119 86000000 		.4byte	0x86
 182 011d 04       		.uleb128 0x4
 183 011e F9050000 		.4byte	.LASF22
 184 0122 02       		.byte	0x2
 185 0123 3F       		.byte	0x3f
 186 0124 1E       		.byte	0x1e
 187 0125 41000000 		.4byte	0x41
 188 0129 04       		.uleb128 0x4
 189 012a B3030000 		.4byte	.LASF23
 190 012e 02       		.byte	0x2
 191 012f 40       		.byte	0x40
 192 0130 1E       		.byte	0x1e
 193 0131 AA000000 		.4byte	0xaa
 194 0135 04       		.uleb128 0x4
 195 0136 C3010000 		.4byte	.LASF24
 196 013a 02       		.byte	0x2
 197 013b 41       		.byte	0x41
 198 013c 1F       		.byte	0x1f
 199 013d BD000000 		.4byte	0xbd
 200 0141 04       		.uleb128 0x4
 201 0142 AE080000 		.4byte	.LASF25
 202 0146 02       		.byte	0x2
 203 0147 42       		.byte	0x42
 204 0148 1F       		.byte	0x1f
 205 0149 DA000000 		.4byte	0xda
 206 014d 04       		.uleb128 0x4
 207 014e 05030000 		.4byte	.LASF26
 208 0152 02       		.byte	0x2
 209 0153 43       		.byte	0x43
 210 0154 1F       		.byte	0x1f
 211 0155 F2000000 		.4byte	0xf2
 212 0159 04       		.uleb128 0x4
 213 015a D1050000 		.4byte	.LASF27
 214 015e 02       		.byte	0x2
 215 015f 47       		.byte	0x47
 216 0160 1C       		.byte	0x1c
 217 0161 1D000000 		.4byte	0x1d
 218 0165 04       		.uleb128 0x4
 219 0166 F2000000 		.4byte	.LASF28
 220 016a 02       		.byte	0x2
 221 016b 48       		.byte	0x48
 222 016c 1D       		.byte	0x1d
 223 016d 1D000000 		.4byte	0x1d
 224 0171 04       		.uleb128 0x4
 225 0172 EA070000 		.4byte	.LASF29
 226 0176 02       		.byte	0x2
 227 0177 49       		.byte	0x49
 228 0178 1D       		.byte	0x1d
ARM GAS  /tmp/ccNBpKAw.s 			page 5


 229 0179 1D000000 		.4byte	0x1d
 230 017d 04       		.uleb128 0x4
 231 017e A0010000 		.4byte	.LASF30
 232 0182 02       		.byte	0x2
 233 0183 4A       		.byte	0x4a
 234 0184 1D       		.byte	0x1d
 235 0185 41000000 		.4byte	0x41
 236 0189 04       		.uleb128 0x4
 237 018a D4090000 		.4byte	.LASF31
 238 018e 02       		.byte	0x2
 239 018f 4B       		.byte	0x4b
 240 0190 1D       		.byte	0x1d
 241 0191 3A000000 		.4byte	0x3a
 242 0195 04       		.uleb128 0x4
 243 0196 00000000 		.4byte	.LASF32
 244 019a 02       		.byte	0x2
 245 019b 4C       		.byte	0x4c
 246 019c 1E       		.byte	0x1e
 247 019d 3A000000 		.4byte	0x3a
 248 01a1 04       		.uleb128 0x4
 249 01a2 17060000 		.4byte	.LASF33
 250 01a6 02       		.byte	0x2
 251 01a7 4D       		.byte	0x4d
 252 01a8 1E       		.byte	0x1e
 253 01a9 3A000000 		.4byte	0x3a
 254 01ad 04       		.uleb128 0x4
 255 01ae 8B080000 		.4byte	.LASF34
 256 01b2 02       		.byte	0x2
 257 01b3 4E       		.byte	0x4e
 258 01b4 1E       		.byte	0x1e
 259 01b5 F2000000 		.4byte	0xf2
 260 01b9 04       		.uleb128 0x4
 261 01ba C4060000 		.4byte	.LASF35
 262 01be 02       		.byte	0x2
 263 01bf 53       		.byte	0x53
 264 01c0 19       		.byte	0x19
 265 01c1 1D000000 		.4byte	0x1d
 266 01c5 04       		.uleb128 0x4
 267 01c6 BD080000 		.4byte	.LASF36
 268 01ca 02       		.byte	0x2
 269 01cb 56       		.byte	0x56
 270 01cc 1A       		.byte	0x1a
 271 01cd 3A000000 		.4byte	0x3a
 272 01d1 04       		.uleb128 0x4
 273 01d2 DD000000 		.4byte	.LASF37
 274 01d6 02       		.byte	0x2
 275 01d7 5B       		.byte	0x5b
 276 01d8 19       		.byte	0x19
 277 01d9 41000000 		.4byte	0x41
 278 01dd 04       		.uleb128 0x4
 279 01de 9F020000 		.4byte	.LASF38
 280 01e2 02       		.byte	0x2
 281 01e3 5C       		.byte	0x5c
 282 01e4 1A       		.byte	0x1a
 283 01e5 F2000000 		.4byte	0xf2
 284 01e9 04       		.uleb128 0x4
 285 01ea 22080000 		.4byte	.LASF39
ARM GAS  /tmp/ccNBpKAw.s 			page 6


 286 01ee 03       		.byte	0x3
 287 01ef 48       		.byte	0x48
 288 01f0 1D       		.byte	0x1d
 289 01f1 E1000000 		.4byte	0xe1
 290 01f5 04       		.uleb128 0x4
 291 01f6 590A0000 		.4byte	.LASF40
 292 01fa 04       		.byte	0x4
 293 01fb 50       		.byte	0x50
 294 01fc 19       		.byte	0x19
 295 01fd E9010000 		.4byte	0x1e9
 296 0201 04       		.uleb128 0x4
 297 0202 92060000 		.4byte	.LASF41
 298 0206 04       		.byte	0x4
 299 0207 53       		.byte	0x53
 300 0208 19       		.byte	0x19
 301 0209 99000000 		.4byte	0x99
 302 020d 04       		.uleb128 0x4
 303 020e D1040000 		.4byte	.LASF42
 304 0212 04       		.byte	0x4
 305 0213 54       		.byte	0x54
 306 0214 19       		.byte	0x19
 307 0215 99000000 		.4byte	0x99
 308 0219 04       		.uleb128 0x4
 309 021a DE080000 		.4byte	.LASF43
 310 021e 04       		.byte	0x4
 311 021f 55       		.byte	0x55
 312 0220 19       		.byte	0x19
 313 0221 99000000 		.4byte	0x99
 314 0225 04       		.uleb128 0x4
 315 0226 51020000 		.4byte	.LASF44
 316 022a 04       		.byte	0x4
 317 022b 57       		.byte	0x57
 318 022c 19       		.byte	0x19
 319 022d C4000000 		.4byte	0xc4
 320 0231 04       		.uleb128 0x4
 321 0232 AD050000 		.4byte	.LASF45
 322 0236 04       		.byte	0x4
 323 0237 58       		.byte	0x58
 324 0238 19       		.byte	0x19
 325 0239 7A000000 		.4byte	0x7a
 326 023d 04       		.uleb128 0x4
 327 023e F0010000 		.4byte	.LASF46
 328 0242 04       		.byte	0x4
 329 0243 5A       		.byte	0x5a
 330 0244 19       		.byte	0x19
 331 0245 C4000000 		.4byte	0xc4
 332 0249 04       		.uleb128 0x4
 333 024a 76060000 		.4byte	.LASF47
 334 024e 04       		.byte	0x4
 335 024f 5B       		.byte	0x5b
 336 0250 19       		.byte	0x19
 337 0251 C4000000 		.4byte	0xc4
 338 0255 04       		.uleb128 0x4
 339 0256 FA020000 		.4byte	.LASF48
 340 025a 04       		.byte	0x4
 341 025b 5C       		.byte	0x5c
 342 025c 19       		.byte	0x19
ARM GAS  /tmp/ccNBpKAw.s 			page 7


 343 025d 7A000000 		.4byte	0x7a
 344 0261 04       		.uleb128 0x4
 345 0262 C50A0000 		.4byte	.LASF49
 346 0266 04       		.byte	0x4
 347 0267 80       		.byte	0x80
 348 0268 12       		.byte	0x12
 349 0269 3A000000 		.4byte	0x3a
 350 026d 04       		.uleb128 0x4
 351 026e 69030000 		.4byte	.LASF50
 352 0272 04       		.byte	0x4
 353 0273 85       		.byte	0x85
 354 0274 1A       		.byte	0x1a
 355 0275 79020000 		.4byte	0x279
 356 0279 08       		.uleb128 0x8
 357 027a 57050000 		.4byte	.LASF76
 358 027e 48       		.byte	0x48
 359 027f 05       		.byte	0x5
 360 0280 9C       		.byte	0x9c
 361 0281 08       		.byte	0x8
 362 0282 FA030000 		.4byte	0x3fa
 363 0286 09       		.uleb128 0x9
 364 0287 0C       		.byte	0xc
 365 0288 05       		.byte	0x5
 366 0289 A0       		.byte	0xa0
 367 028a 09       		.byte	0x9
 368 028b B4020000 		.4byte	0x2b4
 369 028f 0A       		.uleb128 0xa
 370 0290 9B010000 		.4byte	.LASF51
 371 0294 05       		.byte	0x5
 372 0295 A4       		.byte	0xa4
 373 0296 21       		.byte	0x21
 374 0297 1D050000 		.4byte	0x51d
 375 029b 0A       		.uleb128 0xa
 376 029c 1C090000 		.4byte	.LASF52
 377 02a0 05       		.byte	0x5
 378 02a1 A8       		.byte	0xa8
 379 02a2 21       		.byte	0x21
 380 02a3 4A050000 		.4byte	0x54a
 381 02a7 0A       		.uleb128 0xa
 382 02a8 F3020000 		.4byte	.LASF53
 383 02ac 05       		.byte	0x5
 384 02ad AC       		.byte	0xac
 385 02ae 21       		.byte	0x21
 386 02af 84050000 		.4byte	0x584
 387 02b3 00       		.byte	0
 388 02b4 09       		.uleb128 0x9
 389 02b5 04       		.byte	0x4
 390 02b6 05       		.byte	0x5
 391 02b7 EB       		.byte	0xeb
 392 02b8 09       		.byte	0x9
 393 02b9 24030000 		.4byte	0x324
 394 02bd 0A       		.uleb128 0xa
 395 02be 83030000 		.4byte	.LASF54
 396 02c2 05       		.byte	0x5
 397 02c3 F2       		.byte	0xf2
 398 02c4 21       		.byte	0x21
 399 02c5 31020000 		.4byte	0x231
ARM GAS  /tmp/ccNBpKAw.s 			page 8


 400 02c9 0A       		.uleb128 0xa
 401 02ca BC0A0000 		.4byte	.LASF55
 402 02ce 05       		.byte	0x5
 403 02cf F9       		.byte	0xf9
 404 02d0 21       		.byte	0x21
 405 02d1 31020000 		.4byte	0x231
 406 02d5 0B       		.uleb128 0xb
 407 02d6 0E010000 		.4byte	.LASF56
 408 02da 05       		.byte	0x5
 409 02db 0001     		.2byte	0x100
 410 02dd 22       		.byte	0x22
 411 02de 4C070000 		.4byte	0x74c
 412 02e2 0B       		.uleb128 0xb
 413 02e3 040A0000 		.4byte	.LASF57
 414 02e7 05       		.byte	0x5
 415 02e8 0701     		.2byte	0x107
 416 02ea 22       		.byte	0x22
 417 02eb 270B0000 		.4byte	0xb27
 418 02ef 0B       		.uleb128 0xb
 419 02f0 E3010000 		.4byte	.LASF58
 420 02f4 05       		.byte	0x5
 421 02f5 0C01     		.2byte	0x10c
 422 02f7 21       		.byte	0x21
 423 02f8 31020000 		.4byte	0x231
 424 02fc 0B       		.uleb128 0xb
 425 02fd 4C090000 		.4byte	.LASF59
 426 0301 05       		.byte	0x5
 427 0302 1501     		.2byte	0x115
 428 0304 22       		.byte	0x22
 429 0305 550B0000 		.4byte	0xb55
 430 0309 0B       		.uleb128 0xb
 431 030a A50A0000 		.4byte	.LASF60
 432 030e 05       		.byte	0x5
 433 030f 1E01     		.2byte	0x11e
 434 0311 22       		.byte	0x22
 435 0312 900B0000 		.4byte	0xb90
 436 0316 0B       		.uleb128 0xb
 437 0317 52010000 		.4byte	.LASF61
 438 031b 05       		.byte	0x5
 439 031c 2601     		.2byte	0x126
 440 031e 21       		.byte	0x21
 441 031f 3D020000 		.4byte	0x23d
 442 0323 00       		.byte	0
 443 0324 0C       		.uleb128 0xc
 444 0325 68647200 		.ascii	"hdr\000"
 445 0329 05       		.byte	0x5
 446 032a AD       		.byte	0xad
 447 032b 05       		.byte	0x5
 448 032c 86020000 		.4byte	0x286
 449 0330 00       		.byte	0
 450 0331 0C       		.uleb128 0xc
 451 0332 63747800 		.ascii	"ctx\000"
 452 0336 05       		.byte	0x5
 453 0337 B1       		.byte	0xb1
 454 0338 21       		.byte	0x21
 455 0339 6A0A0000 		.4byte	0xa6a
 456 033d 0C       		.byte	0xc
ARM GAS  /tmp/ccNBpKAw.s 			page 9


 457 033e 0D       		.uleb128 0xd
 458 033f DA040000 		.4byte	.LASF62
 459 0343 05       		.byte	0x5
 460 0344 B6       		.byte	0xb6
 461 0345 21       		.byte	0x21
 462 0346 4A050000 		.4byte	0x54a
 463 034a 10       		.byte	0x10
 464 034b 0D       		.uleb128 0xd
 465 034c 14030000 		.4byte	.LASF63
 466 0350 05       		.byte	0x5
 467 0351 BB       		.byte	0xbb
 468 0352 22       		.byte	0x22
 469 0353 960B0000 		.4byte	0xb96
 470 0357 18       		.byte	0x18
 471 0358 0D       		.uleb128 0xd
 472 0359 24000000 		.4byte	.LASF64
 473 035d 05       		.byte	0x5
 474 035e C0       		.byte	0xc0
 475 035f 22       		.byte	0x22
 476 0360 E2040000 		.4byte	0x4e2
 477 0364 1C       		.byte	0x1c
 478 0365 0D       		.uleb128 0xd
 479 0366 C2040000 		.4byte	.LASF65
 480 036a 05       		.byte	0x5
 481 036b C9       		.byte	0xc9
 482 036c 22       		.byte	0x22
 483 036d 9C0B0000 		.4byte	0xb9c
 484 0371 20       		.byte	0x20
 485 0372 0D       		.uleb128 0xd
 486 0373 E1090000 		.4byte	.LASF66
 487 0377 05       		.byte	0x5
 488 0378 CE       		.byte	0xce
 489 0379 21       		.byte	0x21
 490 037a 0D020000 		.4byte	0x20d
 491 037e 24       		.byte	0x24
 492 037f 0D       		.uleb128 0xd
 493 0380 50000000 		.4byte	.LASF67
 494 0384 05       		.byte	0x5
 495 0385 D2       		.byte	0xd2
 496 0386 21       		.byte	0x21
 497 0387 01020000 		.4byte	0x201
 498 038b 25       		.byte	0x25
 499 038c 0D       		.uleb128 0xd
 500 038d FF000000 		.4byte	.LASF68
 501 0391 05       		.byte	0x5
 502 0392 D7       		.byte	0xd7
 503 0393 21       		.byte	0x21
 504 0394 19020000 		.4byte	0x219
 505 0398 26       		.byte	0x26
 506 0399 0E       		.uleb128 0xe
 507 039a 7500     		.ascii	"u\000"
 508 039c 05       		.byte	0x5
 509 039d 2801     		.2byte	0x128
 510 039f 21       		.byte	0x21
 511 03a0 B4020000 		.4byte	0x2b4
 512 03a4 28       		.byte	0x28
 513 03a5 0F       		.uleb128 0xf
ARM GAS  /tmp/ccNBpKAw.s 			page 10


 514 03a6 93090000 		.4byte	.LASF69
 515 03aa 05       		.byte	0x5
 516 03ab 2D01     		.2byte	0x12d
 517 03ad 21       		.byte	0x21
 518 03ae 1D050000 		.4byte	0x51d
 519 03b2 2C       		.byte	0x2c
 520 03b3 0F       		.uleb128 0xf
 521 03b4 59020000 		.4byte	.LASF70
 522 03b8 05       		.byte	0x5
 523 03b9 3301     		.2byte	0x133
 524 03bb 21       		.byte	0x21
 525 03bc 4A050000 		.4byte	0x54a
 526 03c0 30       		.byte	0x30
 527 03c1 0F       		.uleb128 0xf
 528 03c2 97000000 		.4byte	.LASF71
 529 03c6 05       		.byte	0x5
 530 03c7 3901     		.2byte	0x139
 531 03c9 21       		.byte	0x21
 532 03ca 3D020000 		.4byte	0x23d
 533 03ce 38       		.byte	0x38
 534 03cf 0F       		.uleb128 0xf
 535 03d0 39030000 		.4byte	.LASF72
 536 03d4 05       		.byte	0x5
 537 03d5 4001     		.2byte	0x140
 538 03d7 22       		.byte	0x22
 539 03d8 900B0000 		.4byte	0xb90
 540 03dc 3C       		.byte	0x3c
 541 03dd 0F       		.uleb128 0xf
 542 03de 60000000 		.4byte	.LASF73
 543 03e2 05       		.byte	0x5
 544 03e3 4401     		.2byte	0x144
 545 03e5 21       		.byte	0x21
 546 03e6 25020000 		.4byte	0x225
 547 03ea 40       		.byte	0x40
 548 03eb 0F       		.uleb128 0xf
 549 03ec F30A0000 		.4byte	.LASF74
 550 03f0 05       		.byte	0x5
 551 03f1 4B01     		.2byte	0x14b
 552 03f3 22       		.byte	0x22
 553 03f4 4C070000 		.4byte	0x74c
 554 03f8 44       		.byte	0x44
 555 03f9 00       		.byte	0
 556 03fa 04       		.uleb128 0x4
 557 03fb EE090000 		.4byte	.LASF75
 558 03ff 04       		.byte	0x4
 559 0400 8A       		.byte	0x8a
 560 0401 1F       		.byte	0x1f
 561 0402 06040000 		.4byte	0x406
 562 0406 10       		.uleb128 0x10
 563 0407 21040000 		.4byte	.LASF77
 564 040b 9008     		.2byte	0x890
 565 040d 05       		.byte	0x5
 566 040e 8A01     		.2byte	0x18a
 567 0410 08       		.byte	0x8
 568 0411 94040000 		.4byte	0x494
 569 0415 0F       		.uleb128 0xf
 570 0416 85080000 		.4byte	.LASF78
ARM GAS  /tmp/ccNBpKAw.s 			page 11


 571 041a 05       		.byte	0x5
 572 041b 8E01     		.2byte	0x18e
 573 041d 21       		.byte	0x21
 574 041e CD0B0000 		.4byte	0xbcd
 575 0422 00       		.byte	0
 576 0423 0F       		.uleb128 0xf
 577 0424 15010000 		.4byte	.LASF79
 578 0428 05       		.byte	0x5
 579 0429 9201     		.2byte	0x192
 580 042b 21       		.byte	0x21
 581 042c C10A0000 		.4byte	0xac1
 582 0430 10       		.byte	0x10
 583 0431 0F       		.uleb128 0xf
 584 0432 FC090000 		.4byte	.LASF80
 585 0436 05       		.byte	0x5
 586 0437 9901     		.2byte	0x199
 587 0439 21       		.byte	0x21
 588 043a E80A0000 		.4byte	0xae8
 589 043e 28       		.byte	0x28
 590 043f 0F       		.uleb128 0xf
 591 0440 CE000000 		.4byte	.LASF81
 592 0444 05       		.byte	0x5
 593 0445 9E01     		.2byte	0x19e
 594 0447 21       		.byte	0x21
 595 0448 61020000 		.4byte	0x261
 596 044c 30       		.byte	0x30
 597 044d 0F       		.uleb128 0xf
 598 044e 58030000 		.4byte	.LASF82
 599 0452 05       		.byte	0x5
 600 0453 A401     		.2byte	0x1a4
 601 0455 21       		.byte	0x21
 602 0456 BB040000 		.4byte	0x4bb
 603 045a 34       		.byte	0x34
 604 045b 0F       		.uleb128 0xf
 605 045c D7030000 		.4byte	.LASF83
 606 0460 05       		.byte	0x5
 607 0461 A901     		.2byte	0x1a9
 608 0463 22       		.byte	0x22
 609 0464 410C0000 		.4byte	0xc41
 610 0468 38       		.byte	0x38
 611 0469 0F       		.uleb128 0xf
 612 046a 9A060000 		.4byte	.LASF84
 613 046e 05       		.byte	0x5
 614 046f AD01     		.2byte	0x1ad
 615 0471 21       		.byte	0x21
 616 0472 6D020000 		.4byte	0x26d
 617 0476 3C       		.byte	0x3c
 618 0477 0E       		.uleb128 0xe
 619 0478 64626700 		.ascii	"dbg\000"
 620 047c 05       		.byte	0x5
 621 047d B101     		.2byte	0x1b1
 622 047f 21       		.byte	0x21
 623 0480 F9040000 		.4byte	0x4f9
 624 0484 84       		.byte	0x84
 625 0485 0F       		.uleb128 0xf
 626 0486 3F090000 		.4byte	.LASF85
 627 048a 05       		.byte	0x5
ARM GAS  /tmp/ccNBpKAw.s 			page 12


 628 048b B601     		.2byte	0x1b6
 629 048d 21       		.byte	0x21
 630 048e B3070000 		.4byte	0x7b3
 631 0492 88       		.byte	0x88
 632 0493 00       		.byte	0
 633 0494 04       		.uleb128 0x4
 634 0495 9B040000 		.4byte	.LASF86
 635 0499 06       		.byte	0x6
 636 049a 3F       		.byte	0x3f
 637 049b 12       		.byte	0x12
 638 049c C4000000 		.4byte	0xc4
 639 04a0 08       		.uleb128 0x8
 640 04a1 DE030000 		.4byte	.LASF87
 641 04a5 04       		.byte	0x4
 642 04a6 06       		.byte	0x6
 643 04a7 44       		.byte	0x44
 644 04a8 10       		.byte	0x10
 645 04a9 BB040000 		.4byte	0x4bb
 646 04ad 0D       		.uleb128 0xd
 647 04ae 46060000 		.4byte	.LASF88
 648 04b2 06       		.byte	0x6
 649 04b3 48       		.byte	0x48
 650 04b4 21       		.byte	0x21
 651 04b5 94040000 		.4byte	0x494
 652 04b9 00       		.byte	0
 653 04ba 00       		.byte	0
 654 04bb 04       		.uleb128 0x4
 655 04bc 38090000 		.4byte	.LASF89
 656 04c0 06       		.byte	0x6
 657 04c1 49       		.byte	0x49
 658 04c2 03       		.byte	0x3
 659 04c3 A0040000 		.4byte	0x4a0
 660 04c7 08       		.uleb128 0x8
 661 04c8 7D010000 		.4byte	.LASF90
 662 04cc 04       		.byte	0x4
 663 04cd 07       		.byte	0x7
 664 04ce 3E       		.byte	0x3e
 665 04cf 10       		.byte	0x10
 666 04d0 E2040000 		.4byte	0x4e2
 667 04d4 0D       		.uleb128 0xd
 668 04d5 B1090000 		.4byte	.LASF91
 669 04d9 07       		.byte	0x7
 670 04da 46       		.byte	0x46
 671 04db 24       		.byte	0x24
 672 04dc E8040000 		.4byte	0x4e8
 673 04e0 00       		.byte	0
 674 04e1 00       		.byte	0
 675 04e2 11       		.uleb128 0x11
 676 04e3 04       		.byte	0x4
 677 04e4 F4040000 		.4byte	0x4f4
 678 04e8 05       		.uleb128 0x5
 679 04e9 E2040000 		.4byte	0x4e2
 680 04ed 06       		.uleb128 0x6
 681 04ee 01       		.byte	0x1
 682 04ef 08       		.byte	0x8
 683 04f0 86040000 		.4byte	.LASF92
 684 04f4 03       		.uleb128 0x3
ARM GAS  /tmp/ccNBpKAw.s 			page 13


 685 04f5 ED040000 		.4byte	0x4ed
 686 04f9 04       		.uleb128 0x4
 687 04fa 78050000 		.4byte	.LASF93
 688 04fe 07       		.byte	0x7
 689 04ff 51       		.byte	0x51
 690 0500 03       		.byte	0x3
 691 0501 C7040000 		.4byte	0x4c7
 692 0505 04       		.uleb128 0x4
 693 0506 56000000 		.4byte	.LASF94
 694 050a 08       		.byte	0x8
 695 050b 6D       		.byte	0x6d
 696 050c 12       		.byte	0x12
 697 050d C4000000 		.4byte	0xc4
 698 0511 04       		.uleb128 0x4
 699 0512 5D060000 		.4byte	.LASF95
 700 0516 08       		.byte	0x8
 701 0517 79       		.byte	0x79
 702 0518 12       		.byte	0x12
 703 0519 C4000000 		.4byte	0xc4
 704 051d 04       		.uleb128 0x4
 705 051e DD060000 		.4byte	.LASF96
 706 0522 09       		.byte	0x9
 707 0523 32       		.byte	0x32
 708 0524 18       		.byte	0x18
 709 0525 29050000 		.4byte	0x529
 710 0529 08       		.uleb128 0x8
 711 052a AD010000 		.4byte	.LASF97
 712 052e 04       		.byte	0x4
 713 052f 09       		.byte	0x9
 714 0530 38       		.byte	0x38
 715 0531 08       		.byte	0x8
 716 0532 44050000 		.4byte	0x544
 717 0536 0D       		.uleb128 0xd
 718 0537 AD000000 		.4byte	.LASF98
 719 053b 09       		.byte	0x9
 720 053c 39       		.byte	0x39
 721 053d 1A       		.byte	0x1a
 722 053e 44050000 		.4byte	0x544
 723 0542 00       		.byte	0
 724 0543 00       		.byte	0
 725 0544 11       		.uleb128 0x11
 726 0545 04       		.byte	0x4
 727 0546 1D050000 		.4byte	0x51d
 728 054a 04       		.uleb128 0x4
 729 054b 6B060000 		.4byte	.LASF99
 730 054f 09       		.byte	0x9
 731 0550 3F       		.byte	0x3f
 732 0551 19       		.byte	0x19
 733 0552 56050000 		.4byte	0x556
 734 0556 08       		.uleb128 0x8
 735 0557 6F090000 		.4byte	.LASF100
 736 055b 08       		.byte	0x8
 737 055c 09       		.byte	0x9
 738 055d 45       		.byte	0x45
 739 055e 08       		.byte	0x8
 740 055f 7E050000 		.4byte	0x57e
 741 0563 0D       		.uleb128 0xd
ARM GAS  /tmp/ccNBpKAw.s 			page 14


 742 0564 AD000000 		.4byte	.LASF98
 743 0568 09       		.byte	0x9
 744 0569 46       		.byte	0x46
 745 056a 1A       		.byte	0x1a
 746 056b 7E050000 		.4byte	0x57e
 747 056f 00       		.byte	0
 748 0570 0D       		.uleb128 0xd
 749 0571 59010000 		.4byte	.LASF101
 750 0575 09       		.byte	0x9
 751 0576 47       		.byte	0x47
 752 0577 1A       		.byte	0x1a
 753 0578 7E050000 		.4byte	0x57e
 754 057c 04       		.byte	0x4
 755 057d 00       		.byte	0
 756 057e 11       		.uleb128 0x11
 757 057f 04       		.byte	0x4
 758 0580 4A050000 		.4byte	0x54a
 759 0584 04       		.uleb128 0x4
 760 0585 9F030000 		.4byte	.LASF102
 761 0589 09       		.byte	0x9
 762 058a 4E       		.byte	0x4e
 763 058b 22       		.byte	0x22
 764 058c 90050000 		.4byte	0x590
 765 0590 08       		.uleb128 0x8
 766 0591 5E010000 		.4byte	.LASF103
 767 0595 0C       		.byte	0xc
 768 0596 09       		.byte	0x9
 769 0597 55       		.byte	0x55
 770 0598 08       		.byte	0x8
 771 0599 C5050000 		.4byte	0x5c5
 772 059d 0D       		.uleb128 0xd
 773 059e AD000000 		.4byte	.LASF98
 774 05a2 09       		.byte	0x9
 775 05a3 56       		.byte	0x56
 776 05a4 1A       		.byte	0x1a
 777 05a5 C5050000 		.4byte	0x5c5
 778 05a9 00       		.byte	0
 779 05aa 0D       		.uleb128 0xd
 780 05ab 59010000 		.4byte	.LASF101
 781 05af 09       		.byte	0x9
 782 05b0 57       		.byte	0x57
 783 05b1 1A       		.byte	0x1a
 784 05b2 C5050000 		.4byte	0x5c5
 785 05b6 04       		.byte	0x4
 786 05b7 0D       		.uleb128 0xd
 787 05b8 6A040000 		.4byte	.LASF104
 788 05bc 09       		.byte	0x9
 789 05bd 58       		.byte	0x58
 790 05be 19       		.byte	0x19
 791 05bf 25020000 		.4byte	0x225
 792 05c3 08       		.byte	0x8
 793 05c4 00       		.byte	0
 794 05c5 11       		.uleb128 0x11
 795 05c6 04       		.byte	0x4
 796 05c7 84050000 		.4byte	0x584
 797 05cb 04       		.uleb128 0x4
 798 05cc 8B040000 		.4byte	.LASF105
ARM GAS  /tmp/ccNBpKAw.s 			page 15


 799 05d0 09       		.byte	0x9
 800 05d1 5F       		.byte	0x5f
 801 05d2 1E       		.byte	0x1e
 802 05d3 D7050000 		.4byte	0x5d7
 803 05d7 08       		.uleb128 0x8
 804 05d8 B5010000 		.4byte	.LASF106
 805 05dc 0C       		.byte	0xc
 806 05dd 09       		.byte	0x9
 807 05de 64       		.byte	0x64
 808 05df 08       		.byte	0x8
 809 05e0 0C060000 		.4byte	0x60c
 810 05e4 0D       		.uleb128 0xd
 811 05e5 AD000000 		.4byte	.LASF98
 812 05e9 09       		.byte	0x9
 813 05ea 65       		.byte	0x65
 814 05eb 1A       		.byte	0x1a
 815 05ec 0C060000 		.4byte	0x60c
 816 05f0 00       		.byte	0
 817 05f1 0D       		.uleb128 0xd
 818 05f2 59010000 		.4byte	.LASF101
 819 05f6 09       		.byte	0x9
 820 05f7 66       		.byte	0x66
 821 05f8 1A       		.byte	0x1a
 822 05f9 0C060000 		.4byte	0x60c
 823 05fd 04       		.byte	0x4
 824 05fe 0D       		.uleb128 0xd
 825 05ff 260A0000 		.4byte	.LASF107
 826 0603 09       		.byte	0x9
 827 0604 67       		.byte	0x67
 828 0605 19       		.byte	0x19
 829 0606 11050000 		.4byte	0x511
 830 060a 08       		.byte	0x8
 831 060b 00       		.byte	0
 832 060c 11       		.uleb128 0x11
 833 060d 04       		.byte	0x4
 834 060e CB050000 		.4byte	0x5cb
 835 0612 12       		.uleb128 0x12
 836 0613 10       		.byte	0x10
 837 0614 0A       		.byte	0xa
 838 0615 6C       		.byte	0x6c
 839 0616 10       		.byte	0x10
 840 0617 41080000 		.4byte	.LASF232
 841 061b 46070000 		.4byte	0x746
 842 061f 09       		.uleb128 0x9
 843 0620 08       		.byte	0x8
 844 0621 0A       		.byte	0xa
 845 0622 7F       		.byte	0x7f
 846 0623 09       		.byte	0x9
 847 0624 FD060000 		.4byte	0x6fd
 848 0628 13       		.uleb128 0x13
 849 0629 08       		.byte	0x8
 850 062a 0A       		.byte	0xa
 851 062b 83       		.byte	0x83
 852 062c 0C       		.byte	0xc
 853 062d 4C060000 		.4byte	0x64c
 854 0631 0C       		.uleb128 0xc
 855 0632 6E747000 		.ascii	"ntp\000"
ARM GAS  /tmp/ccNBpKAw.s 			page 16


 856 0636 0A       		.byte	0xa
 857 0637 87       		.byte	0x87
 858 0638 1E       		.byte	0x1e
 859 0639 46070000 		.4byte	0x746
 860 063d 00       		.byte	0
 861 063e 0D       		.uleb128 0xd
 862 063f 0E010000 		.4byte	.LASF56
 863 0643 0A       		.byte	0xa
 864 0644 8B       		.byte	0x8b
 865 0645 1E       		.byte	0x1e
 866 0646 4C070000 		.4byte	0x74c
 867 064a 04       		.byte	0x4
 868 064b 00       		.byte	0
 869 064c 13       		.uleb128 0x13
 870 064d 08       		.byte	0x8
 871 064e 0A       		.byte	0xa
 872 064f 90       		.byte	0x90
 873 0650 0C       		.byte	0xc
 874 0651 6F060000 		.4byte	0x66f
 875 0655 0C       		.uleb128 0xc
 876 0656 747000   		.ascii	"tp\000"
 877 0659 0A       		.byte	0xa
 878 065a 94       		.byte	0x94
 879 065b 1E       		.byte	0x1e
 880 065c 46070000 		.4byte	0x746
 881 0660 00       		.byte	0
 882 0661 0C       		.uleb128 0xc
 883 0662 6D736700 		.ascii	"msg\000"
 884 0666 0A       		.byte	0xa
 885 0667 98       		.byte	0x98
 886 0668 1D       		.byte	0x1d
 887 0669 31020000 		.4byte	0x231
 888 066d 04       		.byte	0x4
 889 066e 00       		.byte	0
 890 066f 13       		.uleb128 0x13
 891 0670 04       		.byte	0x4
 892 0671 0A       		.byte	0xa
 893 0672 9D       		.byte	0x9d
 894 0673 0C       		.byte	0xc
 895 0674 86060000 		.4byte	0x686
 896 0678 0D       		.uleb128 0xd
 897 0679 24000000 		.4byte	.LASF64
 898 067d 0A       		.byte	0xa
 899 067e A1       		.byte	0xa1
 900 067f 1E       		.byte	0x1e
 901 0680 E2040000 		.4byte	0x4e2
 902 0684 00       		.byte	0
 903 0685 00       		.byte	0
 904 0686 13       		.uleb128 0x13
 905 0687 04       		.byte	0x4
 906 0688 0A       		.byte	0xa
 907 0689 A6       		.byte	0xa6
 908 068a 0C       		.byte	0xc
 909 068b 9D060000 		.4byte	0x69d
 910 068f 0D       		.uleb128 0xd
 911 0690 D0020000 		.4byte	.LASF108
 912 0694 0A       		.byte	0xa
ARM GAS  /tmp/ccNBpKAw.s 			page 17


 913 0695 AA       		.byte	0xaa
 914 0696 1E       		.byte	0x1e
 915 0697 E2040000 		.4byte	0x4e2
 916 069b 00       		.byte	0
 917 069c 00       		.byte	0
 918 069d 13       		.uleb128 0x13
 919 069e 08       		.byte	0x8
 920 069f 0A       		.byte	0xa
 921 06a0 AF       		.byte	0xaf
 922 06a1 0C       		.byte	0xc
 923 06a2 C1060000 		.4byte	0x6c1
 924 06a6 0C       		.uleb128 0xc
 925 06a7 75703100 		.ascii	"up1\000"
 926 06ab 0A       		.byte	0xa
 927 06ac B3       		.byte	0xb3
 928 06ad 1E       		.byte	0x1e
 929 06ae 4C070000 		.4byte	0x74c
 930 06b2 00       		.byte	0
 931 06b3 0C       		.uleb128 0xc
 932 06b4 75703200 		.ascii	"up2\000"
 933 06b8 0A       		.byte	0xa
 934 06b9 B7       		.byte	0xb7
 935 06ba 1E       		.byte	0x1e
 936 06bb 4C070000 		.4byte	0x74c
 937 06bf 04       		.byte	0x4
 938 06c0 00       		.byte	0
 939 06c1 14       		.uleb128 0x14
 940 06c2 737700   		.ascii	"sw\000"
 941 06c5 0A       		.byte	0xa
 942 06c6 8C       		.byte	0x8c
 943 06c7 07       		.byte	0x7
 944 06c8 28060000 		.4byte	0x628
 945 06cc 14       		.uleb128 0x14
 946 06cd 72647900 		.ascii	"rdy\000"
 947 06d1 0A       		.byte	0xa
 948 06d2 99       		.byte	0x99
 949 06d3 07       		.byte	0x7
 950 06d4 4C060000 		.4byte	0x64c
 951 06d8 14       		.uleb128 0x14
 952 06d9 69737200 		.ascii	"isr\000"
 953 06dd 0A       		.byte	0xa
 954 06de A2       		.byte	0xa2
 955 06df 07       		.byte	0x7
 956 06e0 6F060000 		.4byte	0x66f
 957 06e4 0A       		.uleb128 0xa
 958 06e5 A9020000 		.4byte	.LASF109
 959 06e9 0A       		.byte	0xa
 960 06ea AB       		.byte	0xab
 961 06eb 07       		.byte	0x7
 962 06ec 86060000 		.4byte	0x686
 963 06f0 0A       		.uleb128 0xa
 964 06f1 72030000 		.4byte	.LASF110
 965 06f5 0A       		.byte	0xa
 966 06f6 B8       		.byte	0xb8
 967 06f7 07       		.byte	0x7
 968 06f8 9D060000 		.4byte	0x69d
 969 06fc 00       		.byte	0
ARM GAS  /tmp/ccNBpKAw.s 			page 18


 970 06fd 15       		.uleb128 0x15
 971 06fe 80090000 		.4byte	.LASF111
 972 0702 0A       		.byte	0xa
 973 0703 70       		.byte	0x70
 974 0704 19       		.byte	0x19
 975 0705 C4000000 		.4byte	0xc4
 976 0709 04       		.byte	0x4
 977 070a 03       		.byte	0x3
 978 070b 1D       		.byte	0x1d
 979 070c 00       		.byte	0
 980 070d 15       		.uleb128 0x15
 981 070e E1090000 		.4byte	.LASF66
 982 0712 0A       		.byte	0xa
 983 0713 74       		.byte	0x74
 984 0714 19       		.byte	0x19
 985 0715 C4000000 		.4byte	0xc4
 986 0719 04       		.byte	0x4
 987 071a 05       		.byte	0x5
 988 071b 18       		.byte	0x18
 989 071c 00       		.byte	0
 990 071d 15       		.uleb128 0x15
 991 071e 14090000 		.4byte	.LASF112
 992 0722 0A       		.byte	0xa
 993 0723 7A       		.byte	0x7a
 994 0724 19       		.byte	0x19
 995 0725 C4000000 		.4byte	0xc4
 996 0729 04       		.byte	0x4
 997 072a 18       		.byte	0x18
 998 072b 00       		.byte	0
 999 072c 00       		.byte	0
 1000 072d 0D       		.uleb128 0xd
 1001 072e 00030000 		.4byte	.LASF113
 1002 0732 0A       		.byte	0xa
 1003 0733 7E       		.byte	0x7e
 1004 0734 19       		.byte	0x19
 1005 0735 05050000 		.4byte	0x505
 1006 0739 04       		.byte	0x4
 1007 073a 0C       		.uleb128 0xc
 1008 073b 7500     		.ascii	"u\000"
 1009 073d 0A       		.byte	0xa
 1010 073e B9       		.byte	0xb9
 1011 073f 05       		.byte	0x5
 1012 0740 1F060000 		.4byte	0x61f
 1013 0744 08       		.byte	0x8
 1014 0745 00       		.byte	0
 1015 0746 11       		.uleb128 0x11
 1016 0747 04       		.byte	0x4
 1017 0748 6D020000 		.4byte	0x26d
 1018 074c 16       		.uleb128 0x16
 1019 074d 04       		.byte	0x4
 1020 074e 04       		.uleb128 0x4
 1021 074f 26020000 		.4byte	.LASF114
 1022 0753 0A       		.byte	0xa
 1023 0754 BA       		.byte	0xba
 1024 0755 03       		.byte	0x3
 1025 0756 12060000 		.4byte	0x612
 1026 075a 17       		.uleb128 0x17
ARM GAS  /tmp/ccNBpKAw.s 			page 19


 1027 075b 0808     		.2byte	0x808
 1028 075d 0A       		.byte	0xa
 1029 075e C0       		.byte	0xc0
 1030 075f 10       		.byte	0x10
 1031 0760 61050000 		.4byte	.LASF233
 1032 0764 9D070000 		.4byte	0x79d
 1033 0768 0D       		.uleb128 0xd
 1034 0769 70000000 		.4byte	.LASF115
 1035 076d 0A       		.byte	0xa
 1036 076e C4       		.byte	0xc4
 1037 076f 19       		.byte	0x19
 1038 0770 B1000000 		.4byte	0xb1
 1039 0774 00       		.byte	0
 1040 0775 0D       		.uleb128 0xd
 1041 0776 F4050000 		.4byte	.LASF116
 1042 077a 0A       		.byte	0xa
 1043 077b C8       		.byte	0xc8
 1044 077c 19       		.byte	0x19
 1045 077d B1000000 		.4byte	0xb1
 1046 0781 02       		.byte	0x2
 1047 0782 0C       		.uleb128 0xc
 1048 0783 70747200 		.ascii	"ptr\000"
 1049 0787 0A       		.byte	0xa
 1050 0788 CC       		.byte	0xcc
 1051 0789 1A       		.byte	0x1a
 1052 078a 9D070000 		.4byte	0x79d
 1053 078e 04       		.byte	0x4
 1054 078f 0D       		.uleb128 0xd
 1055 0790 69000000 		.4byte	.LASF117
 1056 0794 0A       		.byte	0xa
 1057 0795 D0       		.byte	0xd0
 1058 0796 19       		.byte	0x19
 1059 0797 A3070000 		.4byte	0x7a3
 1060 079b 08       		.byte	0x8
 1061 079c 00       		.byte	0
 1062 079d 11       		.uleb128 0x11
 1063 079e 04       		.byte	0x4
 1064 079f 4E070000 		.4byte	0x74e
 1065 07a3 18       		.uleb128 0x18
 1066 07a4 4E070000 		.4byte	0x74e
 1067 07a8 B3070000 		.4byte	0x7b3
 1068 07ac 19       		.uleb128 0x19
 1069 07ad 3A000000 		.4byte	0x3a
 1070 07b1 7F       		.byte	0x7f
 1071 07b2 00       		.byte	0
 1072 07b3 04       		.uleb128 0x4
 1073 07b4 83060000 		.4byte	.LASF118
 1074 07b8 0A       		.byte	0xa
 1075 07b9 D1       		.byte	0xd1
 1076 07ba 03       		.byte	0x3
 1077 07bb 5A070000 		.4byte	0x75a
 1078 07bf 1A       		.uleb128 0x1a
 1079 07c0 30       		.byte	0x30
 1080 07c1 0B       		.byte	0xb
 1081 07c2 3A06     		.2byte	0x63a
 1082 07c4 01       		.byte	0x1
 1083 07c5 AC0A0000 		.4byte	.LASF234
ARM GAS  /tmp/ccNBpKAw.s 			page 20


 1084 07c9 76080000 		.4byte	0x876
 1085 07cd 0E       		.uleb128 0xe
 1086 07ce 43523100 		.ascii	"CR1\000"
 1087 07d2 0B       		.byte	0xb
 1088 07d3 3B06     		.2byte	0x63b
 1089 07d5 11       		.byte	0x11
 1090 07d6 D0000000 		.4byte	0xd0
 1091 07da 00       		.byte	0
 1092 07db 0E       		.uleb128 0xe
 1093 07dc 43523200 		.ascii	"CR2\000"
 1094 07e0 0B       		.byte	0xb
 1095 07e1 3C06     		.2byte	0x63c
 1096 07e3 11       		.byte	0x11
 1097 07e4 D0000000 		.4byte	0xd0
 1098 07e8 04       		.byte	0x4
 1099 07e9 0E       		.uleb128 0xe
 1100 07ea 43523300 		.ascii	"CR3\000"
 1101 07ee 0B       		.byte	0xb
 1102 07ef 3D06     		.2byte	0x63d
 1103 07f1 11       		.byte	0x11
 1104 07f2 D0000000 		.4byte	0xd0
 1105 07f6 08       		.byte	0x8
 1106 07f7 0E       		.uleb128 0xe
 1107 07f8 42525200 		.ascii	"BRR\000"
 1108 07fc 0B       		.byte	0xb
 1109 07fd 3E06     		.2byte	0x63e
 1110 07ff 11       		.byte	0x11
 1111 0800 D0000000 		.4byte	0xd0
 1112 0804 0C       		.byte	0xc
 1113 0805 0F       		.uleb128 0xf
 1114 0806 EB010000 		.4byte	.LASF119
 1115 080a 0B       		.byte	0xb
 1116 080b 3F06     		.2byte	0x63f
 1117 080d 11       		.byte	0x11
 1118 080e D0000000 		.4byte	0xd0
 1119 0812 10       		.byte	0x10
 1120 0813 0F       		.uleb128 0xf
 1121 0814 32050000 		.4byte	.LASF120
 1122 0818 0B       		.byte	0xb
 1123 0819 4006     		.2byte	0x640
 1124 081b 11       		.byte	0x11
 1125 081c D0000000 		.4byte	0xd0
 1126 0820 14       		.byte	0x14
 1127 0821 0E       		.uleb128 0xe
 1128 0822 52515200 		.ascii	"RQR\000"
 1129 0826 0B       		.byte	0xb
 1130 0827 4106     		.2byte	0x641
 1131 0829 11       		.byte	0x11
 1132 082a D0000000 		.4byte	0xd0
 1133 082e 18       		.byte	0x18
 1134 082f 0E       		.uleb128 0xe
 1135 0830 49535200 		.ascii	"ISR\000"
 1136 0834 0B       		.byte	0xb
 1137 0835 4206     		.2byte	0x642
 1138 0837 11       		.byte	0x11
 1139 0838 D0000000 		.4byte	0xd0
 1140 083c 1C       		.byte	0x1c
ARM GAS  /tmp/ccNBpKAw.s 			page 21


 1141 083d 0E       		.uleb128 0xe
 1142 083e 49435200 		.ascii	"ICR\000"
 1143 0842 0B       		.byte	0xb
 1144 0843 4306     		.2byte	0x643
 1145 0845 11       		.byte	0x11
 1146 0846 D0000000 		.4byte	0xd0
 1147 084a 20       		.byte	0x20
 1148 084b 0E       		.uleb128 0xe
 1149 084c 52445200 		.ascii	"RDR\000"
 1150 0850 0B       		.byte	0xb
 1151 0851 4406     		.2byte	0x644
 1152 0853 11       		.byte	0x11
 1153 0854 D0000000 		.4byte	0xd0
 1154 0858 24       		.byte	0x24
 1155 0859 0E       		.uleb128 0xe
 1156 085a 54445200 		.ascii	"TDR\000"
 1157 085e 0B       		.byte	0xb
 1158 085f 4506     		.2byte	0x645
 1159 0861 11       		.byte	0x11
 1160 0862 D0000000 		.4byte	0xd0
 1161 0866 28       		.byte	0x28
 1162 0867 0F       		.uleb128 0xf
 1163 0868 DE020000 		.4byte	.LASF121
 1164 086c 0B       		.byte	0xb
 1165 086d 4606     		.2byte	0x646
 1166 086f 11       		.byte	0x11
 1167 0870 D0000000 		.4byte	0xd0
 1168 0874 2C       		.byte	0x2c
 1169 0875 00       		.byte	0
 1170 0876 1B       		.uleb128 0x1b
 1171 0877 13040000 		.4byte	.LASF122
 1172 087b 0B       		.byte	0xb
 1173 087c 4706     		.2byte	0x647
 1174 087e 03       		.byte	0x3
 1175 087f BF070000 		.4byte	0x7bf
 1176 0883 1C       		.uleb128 0x1c
 1177 0884 07       		.byte	0x7
 1178 0885 01       		.byte	0x1
 1179 0886 AA000000 		.4byte	0xaa
 1180 088a 0C       		.byte	0xc
 1181 088b B4       		.byte	0xb4
 1182 088c 01       		.byte	0x1
 1183 088d 900A0000 		.4byte	.LASF125
 1184 0891 A2080000 		.4byte	0x8a2
 1185 0895 1D       		.uleb128 0x1d
 1186 0896 6D080000 		.4byte	.LASF123
 1187 089a 00       		.byte	0
 1188 089b 1E       		.uleb128 0x1e
 1189 089c 53455400 		.ascii	"SET\000"
 1190 08a0 01       		.byte	0x1
 1191 08a1 00       		.byte	0
 1192 08a2 04       		.uleb128 0x4
 1193 08a3 29010000 		.4byte	.LASF124
 1194 08a7 0C       		.byte	0xc
 1195 08a8 B7       		.byte	0xb7
 1196 08a9 03       		.byte	0x3
 1197 08aa 83080000 		.4byte	0x883
ARM GAS  /tmp/ccNBpKAw.s 			page 22


 1198 08ae 1C       		.uleb128 0x1c
 1199 08af 07       		.byte	0x7
 1200 08b0 01       		.byte	0x1
 1201 08b1 AA000000 		.4byte	0xaa
 1202 08b5 0C       		.byte	0xc
 1203 08b6 BA       		.byte	0xba
 1204 08b7 01       		.byte	0x1
 1205 08b8 45050000 		.4byte	.LASF126
 1206 08bc CD080000 		.4byte	0x8cd
 1207 08c0 1D       		.uleb128 0x1d
 1208 08c1 A7040000 		.4byte	.LASF127
 1209 08c5 00       		.byte	0
 1210 08c6 1D       		.uleb128 0x1d
 1211 08c7 D7080000 		.4byte	.LASF128
 1212 08cb 01       		.byte	0x1
 1213 08cc 00       		.byte	0
 1214 08cd 04       		.uleb128 0x4
 1215 08ce 07060000 		.4byte	.LASF129
 1216 08d2 0C       		.byte	0xc
 1217 08d3 BD       		.byte	0xbd
 1218 08d4 03       		.byte	0x3
 1219 08d5 AE080000 		.4byte	0x8ae
 1220 08d9 1C       		.uleb128 0x1c
 1221 08da 07       		.byte	0x7
 1222 08db 01       		.byte	0x1
 1223 08dc AA000000 		.4byte	0xaa
 1224 08e0 0C       		.byte	0xc
 1225 08e1 C1       		.byte	0xc1
 1226 08e2 01       		.byte	0x1
 1227 08e3 8D010000 		.4byte	.LASF130
 1228 08e7 F8080000 		.4byte	0x8f8
 1229 08eb 1D       		.uleb128 0x1d
 1230 08ec 7E040000 		.4byte	.LASF131
 1231 08f0 00       		.byte	0
 1232 08f1 1D       		.uleb128 0x1d
 1233 08f2 A8080000 		.4byte	.LASF132
 1234 08f6 01       		.byte	0x1
 1235 08f7 00       		.byte	0
 1236 08f8 04       		.uleb128 0x4
 1237 08f9 E6000000 		.4byte	.LASF133
 1238 08fd 0C       		.byte	0xc
 1239 08fe C4       		.byte	0xc4
 1240 08ff 03       		.byte	0x3
 1241 0900 D9080000 		.4byte	0x8d9
 1242 0904 1F       		.uleb128 0x1f
 1243 0905 16080000 		.4byte	.LASF134
 1244 0909 64       		.byte	0x64
 1245 090a 0D       		.byte	0xd
 1246 090b E001     		.2byte	0x1e0
 1247 090d 08       		.byte	0x8
 1248 090e 6A0A0000 		.4byte	0xa6a
 1249 0912 0E       		.uleb128 0xe
 1250 0913 73313600 		.ascii	"s16\000"
 1251 0917 0D       		.byte	0xd
 1252 0918 E801     		.2byte	0x1e8
 1253 091a 11       		.byte	0x11
 1254 091b C4000000 		.4byte	0xc4
ARM GAS  /tmp/ccNBpKAw.s 			page 23


 1255 091f 00       		.byte	0
 1256 0920 0E       		.uleb128 0xe
 1257 0921 73313700 		.ascii	"s17\000"
 1258 0925 0D       		.byte	0xd
 1259 0926 E901     		.2byte	0x1e9
 1260 0928 11       		.byte	0x11
 1261 0929 C4000000 		.4byte	0xc4
 1262 092d 04       		.byte	0x4
 1263 092e 0E       		.uleb128 0xe
 1264 092f 73313800 		.ascii	"s18\000"
 1265 0933 0D       		.byte	0xd
 1266 0934 EA01     		.2byte	0x1ea
 1267 0936 11       		.byte	0x11
 1268 0937 C4000000 		.4byte	0xc4
 1269 093b 08       		.byte	0x8
 1270 093c 0E       		.uleb128 0xe
 1271 093d 73313900 		.ascii	"s19\000"
 1272 0941 0D       		.byte	0xd
 1273 0942 EB01     		.2byte	0x1eb
 1274 0944 11       		.byte	0x11
 1275 0945 C4000000 		.4byte	0xc4
 1276 0949 0C       		.byte	0xc
 1277 094a 0E       		.uleb128 0xe
 1278 094b 73323000 		.ascii	"s20\000"
 1279 094f 0D       		.byte	0xd
 1280 0950 EC01     		.2byte	0x1ec
 1281 0952 11       		.byte	0x11
 1282 0953 C4000000 		.4byte	0xc4
 1283 0957 10       		.byte	0x10
 1284 0958 0E       		.uleb128 0xe
 1285 0959 73323100 		.ascii	"s21\000"
 1286 095d 0D       		.byte	0xd
 1287 095e ED01     		.2byte	0x1ed
 1288 0960 11       		.byte	0x11
 1289 0961 C4000000 		.4byte	0xc4
 1290 0965 14       		.byte	0x14
 1291 0966 0E       		.uleb128 0xe
 1292 0967 73323200 		.ascii	"s22\000"
 1293 096b 0D       		.byte	0xd
 1294 096c EE01     		.2byte	0x1ee
 1295 096e 11       		.byte	0x11
 1296 096f C4000000 		.4byte	0xc4
 1297 0973 18       		.byte	0x18
 1298 0974 0E       		.uleb128 0xe
 1299 0975 73323300 		.ascii	"s23\000"
 1300 0979 0D       		.byte	0xd
 1301 097a EF01     		.2byte	0x1ef
 1302 097c 11       		.byte	0x11
 1303 097d C4000000 		.4byte	0xc4
 1304 0981 1C       		.byte	0x1c
 1305 0982 0E       		.uleb128 0xe
 1306 0983 73323400 		.ascii	"s24\000"
 1307 0987 0D       		.byte	0xd
 1308 0988 F001     		.2byte	0x1f0
 1309 098a 11       		.byte	0x11
 1310 098b C4000000 		.4byte	0xc4
 1311 098f 20       		.byte	0x20
ARM GAS  /tmp/ccNBpKAw.s 			page 24


 1312 0990 0E       		.uleb128 0xe
 1313 0991 73323500 		.ascii	"s25\000"
 1314 0995 0D       		.byte	0xd
 1315 0996 F101     		.2byte	0x1f1
 1316 0998 11       		.byte	0x11
 1317 0999 C4000000 		.4byte	0xc4
 1318 099d 24       		.byte	0x24
 1319 099e 0E       		.uleb128 0xe
 1320 099f 73323600 		.ascii	"s26\000"
 1321 09a3 0D       		.byte	0xd
 1322 09a4 F201     		.2byte	0x1f2
 1323 09a6 11       		.byte	0x11
 1324 09a7 C4000000 		.4byte	0xc4
 1325 09ab 28       		.byte	0x28
 1326 09ac 0E       		.uleb128 0xe
 1327 09ad 73323700 		.ascii	"s27\000"
 1328 09b1 0D       		.byte	0xd
 1329 09b2 F301     		.2byte	0x1f3
 1330 09b4 11       		.byte	0x11
 1331 09b5 C4000000 		.4byte	0xc4
 1332 09b9 2C       		.byte	0x2c
 1333 09ba 0E       		.uleb128 0xe
 1334 09bb 73323800 		.ascii	"s28\000"
 1335 09bf 0D       		.byte	0xd
 1336 09c0 F401     		.2byte	0x1f4
 1337 09c2 11       		.byte	0x11
 1338 09c3 C4000000 		.4byte	0xc4
 1339 09c7 30       		.byte	0x30
 1340 09c8 0E       		.uleb128 0xe
 1341 09c9 73323900 		.ascii	"s29\000"
 1342 09cd 0D       		.byte	0xd
 1343 09ce F501     		.2byte	0x1f5
 1344 09d0 11       		.byte	0x11
 1345 09d1 C4000000 		.4byte	0xc4
 1346 09d5 34       		.byte	0x34
 1347 09d6 0E       		.uleb128 0xe
 1348 09d7 73333000 		.ascii	"s30\000"
 1349 09db 0D       		.byte	0xd
 1350 09dc F601     		.2byte	0x1f6
 1351 09de 11       		.byte	0x11
 1352 09df C4000000 		.4byte	0xc4
 1353 09e3 38       		.byte	0x38
 1354 09e4 0E       		.uleb128 0xe
 1355 09e5 73333100 		.ascii	"s31\000"
 1356 09e9 0D       		.byte	0xd
 1357 09ea F701     		.2byte	0x1f7
 1358 09ec 11       		.byte	0x11
 1359 09ed C4000000 		.4byte	0xc4
 1360 09f1 3C       		.byte	0x3c
 1361 09f2 0E       		.uleb128 0xe
 1362 09f3 723400   		.ascii	"r4\000"
 1363 09f6 0D       		.byte	0xd
 1364 09f7 F901     		.2byte	0x1f9
 1365 09f9 11       		.byte	0x11
 1366 09fa C4000000 		.4byte	0xc4
 1367 09fe 40       		.byte	0x40
 1368 09ff 0E       		.uleb128 0xe
ARM GAS  /tmp/ccNBpKAw.s 			page 25


 1369 0a00 723500   		.ascii	"r5\000"
 1370 0a03 0D       		.byte	0xd
 1371 0a04 FA01     		.2byte	0x1fa
 1372 0a06 11       		.byte	0x11
 1373 0a07 C4000000 		.4byte	0xc4
 1374 0a0b 44       		.byte	0x44
 1375 0a0c 0E       		.uleb128 0xe
 1376 0a0d 723600   		.ascii	"r6\000"
 1377 0a10 0D       		.byte	0xd
 1378 0a11 FB01     		.2byte	0x1fb
 1379 0a13 11       		.byte	0x11
 1380 0a14 C4000000 		.4byte	0xc4
 1381 0a18 48       		.byte	0x48
 1382 0a19 0E       		.uleb128 0xe
 1383 0a1a 723700   		.ascii	"r7\000"
 1384 0a1d 0D       		.byte	0xd
 1385 0a1e FC01     		.2byte	0x1fc
 1386 0a20 11       		.byte	0x11
 1387 0a21 C4000000 		.4byte	0xc4
 1388 0a25 4C       		.byte	0x4c
 1389 0a26 0E       		.uleb128 0xe
 1390 0a27 723800   		.ascii	"r8\000"
 1391 0a2a 0D       		.byte	0xd
 1392 0a2b FD01     		.2byte	0x1fd
 1393 0a2d 11       		.byte	0x11
 1394 0a2e C4000000 		.4byte	0xc4
 1395 0a32 50       		.byte	0x50
 1396 0a33 0E       		.uleb128 0xe
 1397 0a34 723900   		.ascii	"r9\000"
 1398 0a37 0D       		.byte	0xd
 1399 0a38 FE01     		.2byte	0x1fe
 1400 0a3a 11       		.byte	0x11
 1401 0a3b C4000000 		.4byte	0xc4
 1402 0a3f 54       		.byte	0x54
 1403 0a40 0E       		.uleb128 0xe
 1404 0a41 72313000 		.ascii	"r10\000"
 1405 0a45 0D       		.byte	0xd
 1406 0a46 FF01     		.2byte	0x1ff
 1407 0a48 11       		.byte	0x11
 1408 0a49 C4000000 		.4byte	0xc4
 1409 0a4d 58       		.byte	0x58
 1410 0a4e 0E       		.uleb128 0xe
 1411 0a4f 72313100 		.ascii	"r11\000"
 1412 0a53 0D       		.byte	0xd
 1413 0a54 0002     		.2byte	0x200
 1414 0a56 11       		.byte	0x11
 1415 0a57 C4000000 		.4byte	0xc4
 1416 0a5b 5C       		.byte	0x5c
 1417 0a5c 0E       		.uleb128 0xe
 1418 0a5d 6C7200   		.ascii	"lr\000"
 1419 0a60 0D       		.byte	0xd
 1420 0a61 0102     		.2byte	0x201
 1421 0a63 11       		.byte	0x11
 1422 0a64 C4000000 		.4byte	0xc4
 1423 0a68 60       		.byte	0x60
 1424 0a69 00       		.byte	0
 1425 0a6a 1F       		.uleb128 0x1f
ARM GAS  /tmp/ccNBpKAw.s 			page 26


 1426 0a6b 1C010000 		.4byte	.LASF135
 1427 0a6f 04       		.byte	0x4
 1428 0a70 0D       		.byte	0xd
 1429 0a71 0A02     		.2byte	0x20a
 1430 0a73 08       		.byte	0x8
 1431 0a74 860A0000 		.4byte	0xa86
 1432 0a78 0E       		.uleb128 0xe
 1433 0a79 737000   		.ascii	"sp\000"
 1434 0a7c 0D       		.byte	0xd
 1435 0a7d 0B02     		.2byte	0x20b
 1436 0a7f 1A       		.byte	0x1a
 1437 0a80 860A0000 		.4byte	0xa86
 1438 0a84 00       		.byte	0
 1439 0a85 00       		.byte	0
 1440 0a86 11       		.uleb128 0x11
 1441 0a87 04       		.byte	0x4
 1442 0a88 04090000 		.4byte	0x904
 1443 0a8c 08       		.uleb128 0x8
 1444 0a8d 41030000 		.4byte	.LASF136
 1445 0a91 18       		.byte	0x18
 1446 0a92 05       		.byte	0x5
 1447 0a93 64       		.byte	0x64
 1448 0a94 10       		.byte	0x10
 1449 0a95 C10A0000 		.4byte	0xac1
 1450 0a99 0D       		.uleb128 0xd
 1451 0a9a 67080000 		.4byte	.LASF137
 1452 0a9e 05       		.byte	0x5
 1453 0a9f 68       		.byte	0x68
 1454 0aa0 21       		.byte	0x21
 1455 0aa1 CB050000 		.4byte	0x5cb
 1456 0aa5 00       		.byte	0
 1457 0aa6 0D       		.uleb128 0xd
 1458 0aa7 73080000 		.4byte	.LASF138
 1459 0aab 05       		.byte	0x5
 1460 0aac 73       		.byte	0x73
 1461 0aad 21       		.byte	0x21
 1462 0aae 05050000 		.4byte	0x505
 1463 0ab2 0C       		.byte	0xc
 1464 0ab3 0D       		.uleb128 0xd
 1465 0ab4 48010000 		.4byte	.LASF139
 1466 0ab8 05       		.byte	0x5
 1467 0ab9 79       		.byte	0x79
 1468 0aba 21       		.byte	0x21
 1469 0abb ED000000 		.4byte	0xed
 1470 0abf 10       		.byte	0x10
 1471 0ac0 00       		.byte	0
 1472 0ac1 04       		.uleb128 0x4
 1473 0ac2 9B090000 		.4byte	.LASF140
 1474 0ac6 05       		.byte	0x5
 1475 0ac7 7B       		.byte	0x7b
 1476 0ac8 03       		.byte	0x3
 1477 0ac9 8C0A0000 		.4byte	0xa8c
 1478 0acd 08       		.uleb128 0x8
 1479 0ace 2E000000 		.4byte	.LASF141
 1480 0ad2 08       		.byte	0x8
 1481 0ad3 05       		.byte	0x5
 1482 0ad4 80       		.byte	0x80
ARM GAS  /tmp/ccNBpKAw.s 			page 27


 1483 0ad5 10       		.byte	0x10
 1484 0ad6 E80A0000 		.4byte	0xae8
 1485 0ada 0D       		.uleb128 0xd
 1486 0adb 1C090000 		.4byte	.LASF52
 1487 0adf 05       		.byte	0x5
 1488 0ae0 84       		.byte	0x84
 1489 0ae1 21       		.byte	0x21
 1490 0ae2 4A050000 		.4byte	0x54a
 1491 0ae6 00       		.byte	0
 1492 0ae7 00       		.byte	0
 1493 0ae8 04       		.uleb128 0x4
 1494 0ae9 C6050000 		.4byte	.LASF142
 1495 0aed 05       		.byte	0x5
 1496 0aee 85       		.byte	0x85
 1497 0aef 03       		.byte	0x3
 1498 0af0 CD0A0000 		.4byte	0xacd
 1499 0af4 04       		.uleb128 0x4
 1500 0af5 AF040000 		.4byte	.LASF143
 1501 0af9 05       		.byte	0x5
 1502 0afa 8A       		.byte	0x8a
 1503 0afb 14       		.byte	0x14
 1504 0afc 46070000 		.4byte	0x746
 1505 0b00 08       		.uleb128 0x8
 1506 0b01 87050000 		.4byte	.LASF144
 1507 0b05 08       		.byte	0x8
 1508 0b06 05       		.byte	0x5
 1509 0b07 8F       		.byte	0x8f
 1510 0b08 10       		.byte	0x10
 1511 0b09 1B0B0000 		.4byte	0xb1b
 1512 0b0d 0D       		.uleb128 0xd
 1513 0b0e 1C090000 		.4byte	.LASF52
 1514 0b12 05       		.byte	0x5
 1515 0b13 93       		.byte	0x93
 1516 0b14 21       		.byte	0x21
 1517 0b15 4A050000 		.4byte	0x54a
 1518 0b19 00       		.byte	0
 1519 0b1a 00       		.byte	0
 1520 0b1b 04       		.uleb128 0x4
 1521 0b1c 29030000 		.4byte	.LASF145
 1522 0b20 05       		.byte	0x5
 1523 0b21 94       		.byte	0x94
 1524 0b22 03       		.byte	0x3
 1525 0b23 000B0000 		.4byte	0xb00
 1526 0b27 11       		.uleb128 0x11
 1527 0b28 04       		.byte	0x4
 1528 0b29 F40A0000 		.4byte	0xaf4
 1529 0b2d 08       		.uleb128 0x8
 1530 0b2e 44020000 		.4byte	.LASF146
 1531 0b32 0C       		.byte	0xc
 1532 0b33 0E       		.byte	0xe
 1533 0b34 34       		.byte	0x34
 1534 0b35 10       		.byte	0x10
 1535 0b36 550B0000 		.4byte	0xb55
 1536 0b3a 0D       		.uleb128 0xd
 1537 0b3b 1C090000 		.4byte	.LASF52
 1538 0b3f 0E       		.byte	0xe
 1539 0b40 35       		.byte	0x35
ARM GAS  /tmp/ccNBpKAw.s 			page 28


 1540 0b41 19       		.byte	0x19
 1541 0b42 4A050000 		.4byte	0x54a
 1542 0b46 00       		.byte	0
 1543 0b47 0C       		.uleb128 0xc
 1544 0b48 636E7400 		.ascii	"cnt\000"
 1545 0b4c 0E       		.byte	0xe
 1546 0b4d 37       		.byte	0x37
 1547 0b4e 19       		.byte	0x19
 1548 0b4f 55020000 		.4byte	0x255
 1549 0b53 08       		.byte	0x8
 1550 0b54 00       		.byte	0
 1551 0b55 11       		.uleb128 0x11
 1552 0b56 04       		.byte	0x4
 1553 0b57 2D0B0000 		.4byte	0xb2d
 1554 0b5b 08       		.uleb128 0x8
 1555 0b5c E6030000 		.4byte	.LASF147
 1556 0b60 10       		.byte	0x10
 1557 0b61 0F       		.byte	0xf
 1558 0b62 39       		.byte	0x39
 1559 0b63 08       		.byte	0x8
 1560 0b64 900B0000 		.4byte	0xb90
 1561 0b68 0D       		.uleb128 0xd
 1562 0b69 1C090000 		.4byte	.LASF52
 1563 0b6d 0F       		.byte	0xf
 1564 0b6e 3A       		.byte	0x3a
 1565 0b6f 19       		.byte	0x19
 1566 0b70 4A050000 		.4byte	0x54a
 1567 0b74 00       		.byte	0
 1568 0b75 0D       		.uleb128 0xd
 1569 0b76 14030000 		.4byte	.LASF63
 1570 0b7a 0F       		.byte	0xf
 1571 0b7b 3C       		.byte	0x3c
 1572 0b7c 1A       		.byte	0x1a
 1573 0b7d 46070000 		.4byte	0x746
 1574 0b81 08       		.byte	0x8
 1575 0b82 0D       		.uleb128 0xd
 1576 0b83 AD000000 		.4byte	.LASF98
 1577 0b87 0F       		.byte	0xf
 1578 0b88 3E       		.byte	0x3e
 1579 0b89 1A       		.byte	0x1a
 1580 0b8a 640C0000 		.4byte	0xc64
 1581 0b8e 0C       		.byte	0xc
 1582 0b8f 00       		.byte	0
 1583 0b90 11       		.uleb128 0x11
 1584 0b91 04       		.byte	0x4
 1585 0b92 5B0B0000 		.4byte	0xb5b
 1586 0b96 11       		.uleb128 0x11
 1587 0b97 04       		.byte	0x4
 1588 0b98 FA030000 		.4byte	0x3fa
 1589 0b9c 11       		.uleb128 0x11
 1590 0b9d 04       		.byte	0x4
 1591 0b9e F5010000 		.4byte	0x1f5
 1592 0ba2 1F       		.uleb128 0x1f
 1593 0ba3 34010000 		.4byte	.LASF148
 1594 0ba7 10       		.byte	0x10
 1595 0ba8 05       		.byte	0x5
 1596 0ba9 5C01     		.2byte	0x15c
ARM GAS  /tmp/ccNBpKAw.s 			page 29


 1597 0bab 10       		.byte	0x10
 1598 0bac CD0B0000 		.4byte	0xbcd
 1599 0bb0 0F       		.uleb128 0xf
 1600 0bb1 F3020000 		.4byte	.LASF53
 1601 0bb5 05       		.byte	0x5
 1602 0bb6 6101     		.2byte	0x161
 1603 0bb8 21       		.byte	0x21
 1604 0bb9 84050000 		.4byte	0x584
 1605 0bbd 00       		.byte	0
 1606 0bbe 0F       		.uleb128 0xf
 1607 0bbf 7D0A0000 		.4byte	.LASF149
 1608 0bc3 05       		.byte	0x5
 1609 0bc4 6501     		.2byte	0x165
 1610 0bc6 22       		.byte	0x22
 1611 0bc7 46070000 		.4byte	0x746
 1612 0bcb 0C       		.byte	0xc
 1613 0bcc 00       		.byte	0
 1614 0bcd 1B       		.uleb128 0x1b
 1615 0bce FE080000 		.4byte	.LASF150
 1616 0bd2 05       		.byte	0x5
 1617 0bd3 6601     		.2byte	0x166
 1618 0bd5 03       		.byte	0x3
 1619 0bd6 A20B0000 		.4byte	0xba2
 1620 0bda 1F       		.uleb128 0x1f
 1621 0bdb 51080000 		.4byte	.LASF151
 1622 0bdf 14       		.byte	0x14
 1623 0be0 05       		.byte	0x5
 1624 0be1 6B01     		.2byte	0x16b
 1625 0be3 10       		.byte	0x10
 1626 0be4 2F0C0000 		.4byte	0xc2f
 1627 0be8 0F       		.uleb128 0xf
 1628 0be9 24000000 		.4byte	.LASF64
 1629 0bed 05       		.byte	0x5
 1630 0bee 6F01     		.2byte	0x16f
 1631 0bf0 22       		.byte	0x22
 1632 0bf1 E2040000 		.4byte	0x4e2
 1633 0bf5 00       		.byte	0
 1634 0bf6 0F       		.uleb128 0xf
 1635 0bf7 E1040000 		.4byte	.LASF152
 1636 0bfb 05       		.byte	0x5
 1637 0bfc 7501     		.2byte	0x175
 1638 0bfe 22       		.byte	0x22
 1639 0bff 9C0B0000 		.4byte	0xb9c
 1640 0c03 04       		.byte	0x4
 1641 0c04 0F       		.uleb128 0xf
 1642 0c05 1A030000 		.4byte	.LASF153
 1643 0c09 05       		.byte	0x5
 1644 0c0a 7901     		.2byte	0x179
 1645 0c0c 22       		.byte	0x22
 1646 0c0d 9C0B0000 		.4byte	0xb9c
 1647 0c11 08       		.byte	0x8
 1648 0c12 0F       		.uleb128 0xf
 1649 0c13 0A0A0000 		.4byte	.LASF154
 1650 0c17 05       		.byte	0x5
 1651 0c18 7F01     		.2byte	0x17f
 1652 0c1a 22       		.byte	0x22
 1653 0c1b 9C0B0000 		.4byte	0xb9c
ARM GAS  /tmp/ccNBpKAw.s 			page 30


 1654 0c1f 0C       		.byte	0xc
 1655 0c20 0F       		.uleb128 0xf
 1656 0c21 3F040000 		.4byte	.LASF155
 1657 0c25 05       		.byte	0x5
 1658 0c26 8301     		.2byte	0x183
 1659 0c28 22       		.byte	0x22
 1660 0c29 9C0B0000 		.4byte	0xb9c
 1661 0c2d 10       		.byte	0x10
 1662 0c2e 00       		.byte	0
 1663 0c2f 1B       		.uleb128 0x1b
 1664 0c30 69020000 		.4byte	.LASF156
 1665 0c34 05       		.byte	0x5
 1666 0c35 8501     		.2byte	0x185
 1667 0c37 03       		.byte	0x3
 1668 0c38 DA0B0000 		.4byte	0xbda
 1669 0c3c 03       		.uleb128 0x3
 1670 0c3d 2F0C0000 		.4byte	0xc2f
 1671 0c41 11       		.uleb128 0x11
 1672 0c42 04       		.byte	0x4
 1673 0c43 3C0C0000 		.4byte	0xc3c
 1674 0c47 11       		.uleb128 0x11
 1675 0c48 04       		.byte	0x4
 1676 0c49 4D0C0000 		.4byte	0xc4d
 1677 0c4d 20       		.uleb128 0x20
 1678 0c4e 580C0000 		.4byte	0xc58
 1679 0c52 21       		.uleb128 0x21
 1680 0c53 4C070000 		.4byte	0x74c
 1681 0c57 00       		.byte	0
 1682 0c58 04       		.uleb128 0x4
 1683 0c59 78090000 		.4byte	.LASF157
 1684 0c5d 0F       		.byte	0xf
 1685 0c5e 34       		.byte	0x34
 1686 0c5f 19       		.byte	0x19
 1687 0c60 5B0B0000 		.4byte	0xb5b
 1688 0c64 11       		.uleb128 0x11
 1689 0c65 04       		.byte	0x4
 1690 0c66 580C0000 		.4byte	0xc58
 1691 0c6a 04       		.uleb128 0x4
 1692 0c6b ED080000 		.4byte	.LASF158
 1693 0c6f 10       		.byte	0x10
 1694 0c70 34       		.byte	0x34
 1695 0c71 1F       		.byte	0x1f
 1696 0c72 760C0000 		.4byte	0xc76
 1697 0c76 08       		.uleb128 0x8
 1698 0c77 9E050000 		.4byte	.LASF159
 1699 0c7b 14       		.byte	0x14
 1700 0c7c 10       		.byte	0x10
 1701 0c7d 39       		.byte	0x39
 1702 0c7e 08       		.byte	0x8
 1703 0c7f C50C0000 		.4byte	0xcc5
 1704 0c83 0D       		.uleb128 0xd
 1705 0c84 AD000000 		.4byte	.LASF98
 1706 0c88 10       		.byte	0x10
 1707 0c89 3A       		.byte	0x3a
 1708 0c8a 1A       		.byte	0x1a
 1709 0c8b C50C0000 		.4byte	0xcc5
 1710 0c8f 00       		.byte	0
ARM GAS  /tmp/ccNBpKAw.s 			page 31


 1711 0c90 0D       		.uleb128 0xd
 1712 0c91 3A000000 		.4byte	.LASF160
 1713 0c95 10       		.byte	0x10
 1714 0c96 3D       		.byte	0x3d
 1715 0c97 1A       		.byte	0x1a
 1716 0c98 46070000 		.4byte	0x746
 1717 0c9c 04       		.byte	0x4
 1718 0c9d 0D       		.uleb128 0xd
 1719 0c9e BB090000 		.4byte	.LASF161
 1720 0ca2 10       		.byte	0x10
 1721 0ca3 3F       		.byte	0x3f
 1722 0ca4 19       		.byte	0x19
 1723 0ca5 3D020000 		.4byte	0x23d
 1724 0ca9 08       		.byte	0x8
 1725 0caa 0D       		.uleb128 0xd
 1726 0cab 50000000 		.4byte	.LASF67
 1727 0caf 10       		.byte	0x10
 1728 0cb0 41       		.byte	0x41
 1729 0cb1 19       		.byte	0x19
 1730 0cb2 49020000 		.4byte	0x249
 1731 0cb6 0C       		.byte	0xc
 1732 0cb7 0D       		.uleb128 0xd
 1733 0cb8 0F080000 		.4byte	.LASF162
 1734 0cbc 10       		.byte	0x10
 1735 0cbd 43       		.byte	0x43
 1736 0cbe 19       		.byte	0x19
 1737 0cbf 49020000 		.4byte	0x249
 1738 0cc3 10       		.byte	0x10
 1739 0cc4 00       		.byte	0
 1740 0cc5 11       		.uleb128 0x11
 1741 0cc6 04       		.byte	0x4
 1742 0cc7 6A0C0000 		.4byte	0xc6a
 1743 0ccb 08       		.uleb128 0x8
 1744 0ccc 43000000 		.4byte	.LASF163
 1745 0cd0 04       		.byte	0x4
 1746 0cd1 10       		.byte	0x10
 1747 0cd2 4A       		.byte	0x4a
 1748 0cd3 10       		.byte	0x10
 1749 0cd4 E60C0000 		.4byte	0xce6
 1750 0cd8 0D       		.uleb128 0xd
 1751 0cd9 AD000000 		.4byte	.LASF98
 1752 0cdd 10       		.byte	0x10
 1753 0cde 4B       		.byte	0x4b
 1754 0cdf 1A       		.byte	0x1a
 1755 0ce0 C50C0000 		.4byte	0xcc5
 1756 0ce4 00       		.byte	0
 1757 0ce5 00       		.byte	0
 1758 0ce6 04       		.uleb128 0x4
 1759 0ce7 E4020000 		.4byte	.LASF164
 1760 0ceb 10       		.byte	0x10
 1761 0cec 4E       		.byte	0x4e
 1762 0ced 03       		.byte	0x3
 1763 0cee CB0C0000 		.4byte	0xccb
 1764 0cf2 06       		.uleb128 0x6
 1765 0cf3 01       		.byte	0x1
 1766 0cf4 02       		.byte	0x2
 1767 0cf5 B3050000 		.4byte	.LASF165
ARM GAS  /tmp/ccNBpKAw.s 			page 32


 1768 0cf9 11       		.uleb128 0x11
 1769 0cfa 04       		.byte	0x4
 1770 0cfb 99000000 		.4byte	0x99
 1771 0cff 22       		.uleb128 0x22
 1772 0d00 29000000 		.4byte	0x29
 1773 0d04 180D0000 		.4byte	0xd18
 1774 0d08 21       		.uleb128 0x21
 1775 0d09 4C070000 		.4byte	0x74c
 1776 0d0d 21       		.uleb128 0x21
 1777 0d0e 180D0000 		.4byte	0xd18
 1778 0d12 21       		.uleb128 0x21
 1779 0d13 29000000 		.4byte	0x29
 1780 0d17 00       		.byte	0
 1781 0d18 11       		.uleb128 0x11
 1782 0d19 04       		.byte	0x4
 1783 0d1a A5000000 		.4byte	0xa5
 1784 0d1e 11       		.uleb128 0x11
 1785 0d1f 04       		.byte	0x4
 1786 0d20 FF0C0000 		.4byte	0xcff
 1787 0d24 22       		.uleb128 0x22
 1788 0d25 29000000 		.4byte	0x29
 1789 0d29 3D0D0000 		.4byte	0xd3d
 1790 0d2d 21       		.uleb128 0x21
 1791 0d2e 4C070000 		.4byte	0x74c
 1792 0d32 21       		.uleb128 0x21
 1793 0d33 F90C0000 		.4byte	0xcf9
 1794 0d37 21       		.uleb128 0x21
 1795 0d38 29000000 		.4byte	0x29
 1796 0d3c 00       		.byte	0
 1797 0d3d 11       		.uleb128 0x11
 1798 0d3e 04       		.byte	0x4
 1799 0d3f 240D0000 		.4byte	0xd24
 1800 0d43 22       		.uleb128 0x22
 1801 0d44 31020000 		.4byte	0x231
 1802 0d48 570D0000 		.4byte	0xd57
 1803 0d4c 21       		.uleb128 0x21
 1804 0d4d 4C070000 		.4byte	0x74c
 1805 0d51 21       		.uleb128 0x21
 1806 0d52 99000000 		.4byte	0x99
 1807 0d56 00       		.byte	0
 1808 0d57 11       		.uleb128 0x11
 1809 0d58 04       		.byte	0x4
 1810 0d59 430D0000 		.4byte	0xd43
 1811 0d5d 22       		.uleb128 0x22
 1812 0d5e 31020000 		.4byte	0x231
 1813 0d62 6C0D0000 		.4byte	0xd6c
 1814 0d66 21       		.uleb128 0x21
 1815 0d67 4C070000 		.4byte	0x74c
 1816 0d6b 00       		.byte	0
 1817 0d6c 11       		.uleb128 0x11
 1818 0d6d 04       		.byte	0x4
 1819 0d6e 5D0D0000 		.4byte	0xd5d
 1820 0d72 22       		.uleb128 0x22
 1821 0d73 31020000 		.4byte	0x231
 1822 0d77 8B0D0000 		.4byte	0xd8b
 1823 0d7b 21       		.uleb128 0x21
 1824 0d7c 4C070000 		.4byte	0x74c
ARM GAS  /tmp/ccNBpKAw.s 			page 33


 1825 0d80 21       		.uleb128 0x21
 1826 0d81 99000000 		.4byte	0x99
 1827 0d85 21       		.uleb128 0x21
 1828 0d86 11050000 		.4byte	0x511
 1829 0d8a 00       		.byte	0
 1830 0d8b 11       		.uleb128 0x11
 1831 0d8c 04       		.byte	0x4
 1832 0d8d 720D0000 		.4byte	0xd72
 1833 0d91 22       		.uleb128 0x22
 1834 0d92 31020000 		.4byte	0x231
 1835 0d96 A50D0000 		.4byte	0xda5
 1836 0d9a 21       		.uleb128 0x21
 1837 0d9b 4C070000 		.4byte	0x74c
 1838 0d9f 21       		.uleb128 0x21
 1839 0da0 11050000 		.4byte	0x511
 1840 0da4 00       		.byte	0
 1841 0da5 11       		.uleb128 0x11
 1842 0da6 04       		.byte	0x4
 1843 0da7 910D0000 		.4byte	0xd91
 1844 0dab 22       		.uleb128 0x22
 1845 0dac 29000000 		.4byte	0x29
 1846 0db0 C90D0000 		.4byte	0xdc9
 1847 0db4 21       		.uleb128 0x21
 1848 0db5 4C070000 		.4byte	0x74c
 1849 0db9 21       		.uleb128 0x21
 1850 0dba 180D0000 		.4byte	0xd18
 1851 0dbe 21       		.uleb128 0x21
 1852 0dbf 29000000 		.4byte	0x29
 1853 0dc3 21       		.uleb128 0x21
 1854 0dc4 11050000 		.4byte	0x511
 1855 0dc8 00       		.byte	0
 1856 0dc9 11       		.uleb128 0x11
 1857 0dca 04       		.byte	0x4
 1858 0dcb AB0D0000 		.4byte	0xdab
 1859 0dcf 22       		.uleb128 0x22
 1860 0dd0 29000000 		.4byte	0x29
 1861 0dd4 ED0D0000 		.4byte	0xded
 1862 0dd8 21       		.uleb128 0x21
 1863 0dd9 4C070000 		.4byte	0x74c
 1864 0ddd 21       		.uleb128 0x21
 1865 0dde F90C0000 		.4byte	0xcf9
 1866 0de2 21       		.uleb128 0x21
 1867 0de3 29000000 		.4byte	0x29
 1868 0de7 21       		.uleb128 0x21
 1869 0de8 11050000 		.4byte	0x511
 1870 0dec 00       		.byte	0
 1871 0ded 11       		.uleb128 0x11
 1872 0dee 04       		.byte	0x4
 1873 0def CF0D0000 		.4byte	0xdcf
 1874 0df3 22       		.uleb128 0x22
 1875 0df4 31020000 		.4byte	0x231
 1876 0df8 0C0E0000 		.4byte	0xe0c
 1877 0dfc 21       		.uleb128 0x21
 1878 0dfd 4C070000 		.4byte	0x74c
 1879 0e01 21       		.uleb128 0x21
 1880 0e02 3A000000 		.4byte	0x3a
 1881 0e06 21       		.uleb128 0x21
ARM GAS  /tmp/ccNBpKAw.s 			page 34


 1882 0e07 4C070000 		.4byte	0x74c
 1883 0e0b 00       		.byte	0
 1884 0e0c 11       		.uleb128 0x11
 1885 0e0d 04       		.byte	0x4
 1886 0e0e F30D0000 		.4byte	0xdf3
 1887 0e12 04       		.uleb128 0x4
 1888 0e13 8C000000 		.4byte	.LASF166
 1889 0e17 11       		.byte	0x11
 1890 0e18 3A       		.byte	0x3a
 1891 0e19 19       		.byte	0x19
 1892 0e1a 1E0E0000 		.4byte	0xe1e
 1893 0e1e 08       		.uleb128 0x8
 1894 0e1f 2C0A0000 		.4byte	.LASF167
 1895 0e23 24       		.byte	0x24
 1896 0e24 11       		.byte	0x11
 1897 0e25 4B       		.byte	0x4b
 1898 0e26 08       		.byte	0x8
 1899 0e27 940E0000 		.4byte	0xe94
 1900 0e2b 0D       		.uleb128 0xd
 1901 0e2c D9010000 		.4byte	.LASF168
 1902 0e30 11       		.byte	0x11
 1903 0e31 4C       		.byte	0x4c
 1904 0e32 19       		.byte	0x19
 1905 0e33 1B0B0000 		.4byte	0xb1b
 1906 0e37 00       		.byte	0
 1907 0e38 0D       		.uleb128 0xd
 1908 0e39 20050000 		.4byte	.LASF169
 1909 0e3d 11       		.byte	0x11
 1910 0e3e 4D       		.byte	0x4d
 1911 0e3f 19       		.byte	0x19
 1912 0e40 35000000 		.4byte	0x35
 1913 0e44 08       		.byte	0x8
 1914 0e45 0D       		.uleb128 0xd
 1915 0e46 EA0A0000 		.4byte	.LASF170
 1916 0e4a 11       		.byte	0x11
 1917 0e4b 4E       		.byte	0x4e
 1918 0e4c 1A       		.byte	0x1a
 1919 0e4d F90C0000 		.4byte	0xcf9
 1920 0e51 0C       		.byte	0xc
 1921 0e52 0D       		.uleb128 0xd
 1922 0e53 D1080000 		.4byte	.LASF171
 1923 0e57 11       		.byte	0x11
 1924 0e58 4F       		.byte	0x4f
 1925 0e59 1A       		.byte	0x1a
 1926 0e5a F90C0000 		.4byte	0xcf9
 1927 0e5e 10       		.byte	0x10
 1928 0e5f 0D       		.uleb128 0xd
 1929 0e60 C9040000 		.4byte	.LASF172
 1930 0e64 11       		.byte	0x11
 1931 0e65 51       		.byte	0x51
 1932 0e66 1A       		.byte	0x1a
 1933 0e67 F90C0000 		.4byte	0xcf9
 1934 0e6b 14       		.byte	0x14
 1935 0e6c 0D       		.uleb128 0xd
 1936 0e6d 9D0A0000 		.4byte	.LASF173
 1937 0e71 11       		.byte	0x11
 1938 0e72 52       		.byte	0x52
ARM GAS  /tmp/ccNBpKAw.s 			page 35


 1939 0e73 1A       		.byte	0x1a
 1940 0e74 F90C0000 		.4byte	0xcf9
 1941 0e78 18       		.byte	0x18
 1942 0e79 0D       		.uleb128 0xd
 1943 0e7a 30040000 		.4byte	.LASF174
 1944 0e7e 11       		.byte	0x11
 1945 0e7f 53       		.byte	0x53
 1946 0e80 19       		.byte	0x19
 1947 0e81 940E0000 		.4byte	0xe94
 1948 0e85 1C       		.byte	0x1c
 1949 0e86 0D       		.uleb128 0xd
 1950 0e87 FE070000 		.4byte	.LASF175
 1951 0e8b 11       		.byte	0x11
 1952 0e8c 54       		.byte	0x54
 1953 0e8d 1A       		.byte	0x1a
 1954 0e8e 4C070000 		.4byte	0x74c
 1955 0e92 20       		.byte	0x20
 1956 0e93 00       		.byte	0
 1957 0e94 04       		.uleb128 0x4
 1958 0e95 04010000 		.4byte	.LASF176
 1959 0e99 11       		.byte	0x11
 1960 0e9a 41       		.byte	0x41
 1961 0e9b 10       		.byte	0x10
 1962 0e9c A00E0000 		.4byte	0xea0
 1963 0ea0 11       		.uleb128 0x11
 1964 0ea1 04       		.byte	0x4
 1965 0ea2 A60E0000 		.4byte	0xea6
 1966 0ea6 20       		.uleb128 0x20
 1967 0ea7 B10E0000 		.4byte	0xeb1
 1968 0eab 21       		.uleb128 0x21
 1969 0eac B10E0000 		.4byte	0xeb1
 1970 0eb0 00       		.byte	0
 1971 0eb1 11       		.uleb128 0x11
 1972 0eb2 04       		.byte	0x4
 1973 0eb3 120E0000 		.4byte	0xe12
 1974 0eb7 04       		.uleb128 0x4
 1975 0eb8 37050000 		.4byte	.LASF177
 1976 0ebc 11       		.byte	0x11
 1977 0ebd 61       		.byte	0x61
 1978 0ebe 14       		.byte	0x14
 1979 0ebf 120E0000 		.4byte	0xe12
 1980 0ec3 04       		.uleb128 0x4
 1981 0ec4 32080000 		.4byte	.LASF178
 1982 0ec8 11       		.byte	0x11
 1983 0ec9 6D       		.byte	0x6d
 1984 0eca 14       		.byte	0x14
 1985 0ecb 120E0000 		.4byte	0xe12
 1986 0ecf 1C       		.uleb128 0x1c
 1987 0ed0 07       		.byte	0x7
 1988 0ed1 01       		.byte	0x1
 1989 0ed2 AA000000 		.4byte	0xaa
 1990 0ed6 12       		.byte	0x12
 1991 0ed7 58       		.byte	0x58
 1992 0ed8 0E       		.byte	0xe
 1993 0ed9 850A0000 		.4byte	.LASF179
 1994 0edd F40E0000 		.4byte	0xef4
 1995 0ee1 1D       		.uleb128 0x1d
ARM GAS  /tmp/ccNBpKAw.s 			page 36


 1996 0ee2 9E080000 		.4byte	.LASF180
 1997 0ee6 00       		.byte	0
 1998 0ee7 1D       		.uleb128 0x1d
 1999 0ee8 C1030000 		.4byte	.LASF181
 2000 0eec 01       		.byte	0x1
 2001 0eed 1D       		.uleb128 0x1d
 2002 0eee FB060000 		.4byte	.LASF182
 2003 0ef2 02       		.byte	0x2
 2004 0ef3 00       		.byte	0
 2005 0ef4 04       		.uleb128 0x4
 2006 0ef5 34020000 		.4byte	.LASF183
 2007 0ef9 12       		.byte	0x12
 2008 0efa 5C       		.byte	0x5c
 2009 0efb 03       		.byte	0x3
 2010 0efc CF0E0000 		.4byte	0xecf
 2011 0f00 04       		.uleb128 0x4
 2012 0f01 17000000 		.4byte	.LASF184
 2013 0f05 12       		.byte	0x12
 2014 0f06 61       		.byte	0x61
 2015 0f07 22       		.byte	0x22
 2016 0f08 0C0F0000 		.4byte	0xf0c
 2017 0f0c 08       		.uleb128 0x8
 2018 0f0d 7A000000 		.4byte	.LASF185
 2019 0f11 64       		.byte	0x64
 2020 0f12 12       		.byte	0x12
 2021 0f13 7B       		.byte	0x7b
 2022 0f14 08       		.byte	0x8
 2023 0f15 8F0F0000 		.4byte	0xf8f
 2024 0f19 0C       		.uleb128 0xc
 2025 0f1a 766D7400 		.ascii	"vmt\000"
 2026 0f1e 12       		.byte	0x12
 2027 0f1f 7D       		.byte	0x7d
 2028 0f20 21       		.byte	0x21
 2029 0f21 B3100000 		.4byte	0x10b3
 2030 0f25 00       		.byte	0
 2031 0f26 0D       		.uleb128 0xd
 2032 0f27 3E020000 		.4byte	.LASF186
 2033 0f2b 12       		.byte	0x12
 2034 0f2c 7E       		.byte	0x7e
 2035 0f2d 03       		.byte	0x3
 2036 0f2e E60C0000 		.4byte	0xce6
 2037 0f32 04       		.byte	0x4
 2038 0f33 0D       		.uleb128 0xd
 2039 0f34 E1090000 		.4byte	.LASF66
 2040 0f38 12       		.byte	0x12
 2041 0f39 7E       		.byte	0x7e
 2042 0f3a 03       		.byte	0x3
 2043 0f3b F40E0000 		.4byte	0xef4
 2044 0f3f 08       		.byte	0x8
 2045 0f40 0D       		.uleb128 0xd
 2046 0f41 ED050000 		.4byte	.LASF187
 2047 0f45 12       		.byte	0x12
 2048 0f46 7E       		.byte	0x7e
 2049 0f47 03       		.byte	0x3
 2050 0f48 B70E0000 		.4byte	0xeb7
 2051 0f4c 0C       		.byte	0xc
 2052 0f4d 0D       		.uleb128 0xd
ARM GAS  /tmp/ccNBpKAw.s 			page 37


 2053 0f4e CD060000 		.4byte	.LASF188
 2054 0f52 12       		.byte	0x12
 2055 0f53 7E       		.byte	0x7e
 2056 0f54 03       		.byte	0x3
 2057 0f55 C30E0000 		.4byte	0xec3
 2058 0f59 30       		.byte	0x30
 2059 0f5a 0D       		.uleb128 0xd
 2060 0f5b 72050000 		.4byte	.LASF189
 2061 0f5f 12       		.byte	0x12
 2062 0f60 7E       		.byte	0x7e
 2063 0f61 03       		.byte	0x3
 2064 0f62 B9100000 		.4byte	0x10b9
 2065 0f66 54       		.byte	0x54
 2066 0f67 0D       		.uleb128 0xd
 2067 0f68 39040000 		.4byte	.LASF190
 2068 0f6c 12       		.byte	0x12
 2069 0f6d 7E       		.byte	0x7e
 2070 0f6e 03       		.byte	0x3
 2071 0f6f C4000000 		.4byte	0xc4
 2072 0f73 58       		.byte	0x58
 2073 0f74 0D       		.uleb128 0xd
 2074 0f75 F7070000 		.4byte	.LASF191
 2075 0f79 12       		.byte	0x12
 2076 0f7a 7E       		.byte	0x7e
 2077 0f7b 03       		.byte	0x3
 2078 0f7c 99000000 		.4byte	0x99
 2079 0f80 5C       		.byte	0x5c
 2080 0f81 0D       		.uleb128 0xd
 2081 0f82 D7030000 		.4byte	.LASF83
 2082 0f86 12       		.byte	0x12
 2083 0f87 7E       		.byte	0x7e
 2084 0f88 03       		.byte	0x3
 2085 0f89 BF100000 		.4byte	0x10bf
 2086 0f8d 60       		.byte	0x60
 2087 0f8e 00       		.byte	0
 2088 0f8f 1B       		.uleb128 0x1b
 2089 0f90 4F0A0000 		.4byte	.LASF192
 2090 0f94 13       		.byte	0x13
 2091 0f95 5802     		.2byte	0x258
 2092 0f97 10       		.byte	0x10
 2093 0f98 470C0000 		.4byte	0xc47
 2094 0f9c 1F       		.uleb128 0x1f
 2095 0f9d 01040000 		.4byte	.LASF193
 2096 0fa1 18       		.byte	0x18
 2097 0fa2 13       		.byte	0x13
 2098 0fa3 6702     		.2byte	0x267
 2099 0fa5 10       		.byte	0x10
 2100 0fa6 FF0F0000 		.4byte	0xfff
 2101 0faa 0F       		.uleb128 0xf
 2102 0fab 70010000 		.4byte	.LASF194
 2103 0faf 13       		.byte	0x13
 2104 0fb0 6B02     		.2byte	0x26b
 2105 0fb2 1D       		.byte	0x1d
 2106 0fb3 C4000000 		.4byte	0xc4
 2107 0fb7 00       		.byte	0
 2108 0fb8 0E       		.uleb128 0xe
 2109 0fb9 63723100 		.ascii	"cr1\000"
ARM GAS  /tmp/ccNBpKAw.s 			page 38


 2110 0fbd 13       		.byte	0x13
 2111 0fbe 7002     		.2byte	0x270
 2112 0fc0 1D       		.byte	0x1d
 2113 0fc1 C4000000 		.4byte	0xc4
 2114 0fc5 04       		.byte	0x4
 2115 0fc6 0E       		.uleb128 0xe
 2116 0fc7 63723200 		.ascii	"cr2\000"
 2117 0fcb 13       		.byte	0x13
 2118 0fcc 7402     		.2byte	0x274
 2119 0fce 1D       		.byte	0x1d
 2120 0fcf C4000000 		.4byte	0xc4
 2121 0fd3 08       		.byte	0x8
 2122 0fd4 0E       		.uleb128 0xe
 2123 0fd5 63723300 		.ascii	"cr3\000"
 2124 0fd9 13       		.byte	0x13
 2125 0fda 7802     		.2byte	0x278
 2126 0fdc 1D       		.byte	0x1d
 2127 0fdd C4000000 		.4byte	0xc4
 2128 0fe1 0C       		.byte	0xc
 2129 0fe2 0F       		.uleb128 0xf
 2130 0fe3 E6080000 		.4byte	.LASF195
 2131 0fe7 13       		.byte	0x13
 2132 0fe8 7C02     		.2byte	0x27c
 2133 0fea 1D       		.byte	0x1d
 2134 0feb 8F0F0000 		.4byte	0xf8f
 2135 0fef 10       		.byte	0x10
 2136 0ff0 0E       		.uleb128 0xe
 2137 0ff1 63747800 		.ascii	"ctx\000"
 2138 0ff5 13       		.byte	0x13
 2139 0ff6 8002     		.2byte	0x280
 2140 0ff8 1D       		.byte	0x1d
 2141 0ff9 4C070000 		.4byte	0x74c
 2142 0ffd 14       		.byte	0x14
 2143 0ffe 00       		.byte	0
 2144 0fff 1B       		.uleb128 0x1b
 2145 1000 FC010000 		.4byte	.LASF196
 2146 1004 13       		.byte	0x13
 2147 1005 8102     		.2byte	0x281
 2148 1007 03       		.byte	0x3
 2149 1008 9C0F0000 		.4byte	0xf9c
 2150 100c 03       		.uleb128 0x3
 2151 100d FF0F0000 		.4byte	0xfff
 2152 1011 23       		.uleb128 0x23
 2153 1012 53443600 		.ascii	"SD6\000"
 2154 1016 13       		.byte	0x13
 2155 1017 B002     		.2byte	0x2b0
 2156 1019 15       		.byte	0x15
 2157 101a 000F0000 		.4byte	0xf00
 2158 101e 08       		.uleb128 0x8
 2159 101f 350A0000 		.4byte	.LASF197
 2160 1023 28       		.byte	0x28
 2161 1024 12       		.byte	0x12
 2162 1025 70       		.byte	0x70
 2163 1026 08       		.byte	0x8
 2164 1027 AE100000 		.4byte	0x10ae
 2165 102b 0D       		.uleb128 0xd
 2166 102c DD050000 		.4byte	.LASF198
ARM GAS  /tmp/ccNBpKAw.s 			page 39


 2167 1030 12       		.byte	0x12
 2168 1031 71       		.byte	0x71
 2169 1032 03       		.byte	0x3
 2170 1033 29000000 		.4byte	0x29
 2171 1037 00       		.byte	0
 2172 1038 0D       		.uleb128 0xd
 2173 1039 98050000 		.4byte	.LASF199
 2174 103d 12       		.byte	0x12
 2175 103e 71       		.byte	0x71
 2176 103f 03       		.byte	0x3
 2177 1040 1E0D0000 		.4byte	0xd1e
 2178 1044 04       		.byte	0x4
 2179 1045 0D       		.uleb128 0xd
 2180 1046 99080000 		.4byte	.LASF200
 2181 104a 12       		.byte	0x12
 2182 104b 71       		.byte	0x71
 2183 104c 03       		.byte	0x3
 2184 104d 3D0D0000 		.4byte	0xd3d
 2185 1051 08       		.byte	0x8
 2186 1052 0C       		.uleb128 0xc
 2187 1053 70757400 		.ascii	"put\000"
 2188 1057 12       		.byte	0x12
 2189 1058 71       		.byte	0x71
 2190 1059 03       		.byte	0x3
 2191 105a 570D0000 		.4byte	0xd57
 2192 105e 0C       		.byte	0xc
 2193 105f 0C       		.uleb128 0xc
 2194 1060 67657400 		.ascii	"get\000"
 2195 1064 12       		.byte	0x12
 2196 1065 71       		.byte	0x71
 2197 1066 03       		.byte	0x3
 2198 1067 6C0D0000 		.4byte	0xd6c
 2199 106b 10       		.byte	0x10
 2200 106c 0D       		.uleb128 0xd
 2201 106d 77030000 		.4byte	.LASF201
 2202 1071 12       		.byte	0x12
 2203 1072 71       		.byte	0x71
 2204 1073 03       		.byte	0x3
 2205 1074 8B0D0000 		.4byte	0xd8b
 2206 1078 14       		.byte	0x14
 2207 1079 0D       		.uleb128 0xd
 2208 107a C7080000 		.4byte	.LASF202
 2209 107e 12       		.byte	0x12
 2210 107f 71       		.byte	0x71
 2211 1080 03       		.byte	0x3
 2212 1081 A50D0000 		.4byte	0xda5
 2213 1085 18       		.byte	0x18
 2214 1086 0D       		.uleb128 0xd
 2215 1087 76010000 		.4byte	.LASF203
 2216 108b 12       		.byte	0x12
 2217 108c 71       		.byte	0x71
 2218 108d 03       		.byte	0x3
 2219 108e C90D0000 		.4byte	0xdc9
 2220 1092 1C       		.byte	0x1c
 2221 1093 0D       		.uleb128 0xd
 2222 1094 C0050000 		.4byte	.LASF204
 2223 1098 12       		.byte	0x12
ARM GAS  /tmp/ccNBpKAw.s 			page 40


 2224 1099 71       		.byte	0x71
 2225 109a 03       		.byte	0x3
 2226 109b ED0D0000 		.4byte	0xded
 2227 109f 20       		.byte	0x20
 2228 10a0 0C       		.uleb128 0xc
 2229 10a1 63746C00 		.ascii	"ctl\000"
 2230 10a5 12       		.byte	0x12
 2231 10a6 71       		.byte	0x71
 2232 10a7 03       		.byte	0x3
 2233 10a8 0C0E0000 		.4byte	0xe0c
 2234 10ac 24       		.byte	0x24
 2235 10ad 00       		.byte	0
 2236 10ae 03       		.uleb128 0x3
 2237 10af 1E100000 		.4byte	0x101e
 2238 10b3 11       		.uleb128 0x11
 2239 10b4 04       		.byte	0x4
 2240 10b5 AE100000 		.4byte	0x10ae
 2241 10b9 11       		.uleb128 0x11
 2242 10ba 04       		.byte	0x4
 2243 10bb 76080000 		.4byte	0x876
 2244 10bf 11       		.uleb128 0x11
 2245 10c0 04       		.byte	0x4
 2246 10c1 0C100000 		.4byte	0x100c
 2247 10c5 24       		.uleb128 0x24
 2248 10c6 73746400 		.ascii	"std\000"
 2249 10ca 18       		.byte	0x18
 2250 10cb 00       		.byte	0
 2251 10cc C3110000 		.4byte	0x11c3
 2252 10d0 25       		.uleb128 0x25
 2253 10d1 B8050000 		.4byte	.LASF205
 2254 10d5 15       		.byte	0x15
 2255 10d6 1E01     		.2byte	0x11e
 2256 10d8 41       		.byte	0x41
 2257 10d9 26       		.uleb128 0x26
 2258 10da 15       		.byte	0x15
 2259 10db 1E01     		.2byte	0x11e
 2260 10dd 41       		.byte	0x41
 2261 10de D0100000 		.4byte	0x10d0
 2262 10e2 27       		.uleb128 0x27
 2263 10e3 14       		.byte	0x14
 2264 10e4 2F       		.byte	0x2f
 2265 10e5 0B       		.byte	0xb
 2266 10e6 54000000 		.4byte	0x54
 2267 10ea 27       		.uleb128 0x27
 2268 10eb 14       		.byte	0x14
 2269 10ec 30       		.byte	0x30
 2270 10ed 0B       		.byte	0xb
 2271 10ee 67000000 		.4byte	0x67
 2272 10f2 27       		.uleb128 0x27
 2273 10f3 14       		.byte	0x14
 2274 10f4 31       		.byte	0x31
 2275 10f5 0B       		.byte	0xb
 2276 10f6 7A000000 		.4byte	0x7a
 2277 10fa 27       		.uleb128 0x27
 2278 10fb 14       		.byte	0x14
 2279 10fc 32       		.byte	0x32
 2280 10fd 0B       		.byte	0xb
ARM GAS  /tmp/ccNBpKAw.s 			page 41


 2281 10fe 8D000000 		.4byte	0x8d
 2282 1102 27       		.uleb128 0x27
 2283 1103 14       		.byte	0x14
 2284 1104 34       		.byte	0x34
 2285 1105 0B       		.byte	0xb
 2286 1106 59010000 		.4byte	0x159
 2287 110a 27       		.uleb128 0x27
 2288 110b 14       		.byte	0x14
 2289 110c 35       		.byte	0x35
 2290 110d 0B       		.byte	0xb
 2291 110e 65010000 		.4byte	0x165
 2292 1112 27       		.uleb128 0x27
 2293 1113 14       		.byte	0x14
 2294 1114 36       		.byte	0x36
 2295 1115 0B       		.byte	0xb
 2296 1116 71010000 		.4byte	0x171
 2297 111a 27       		.uleb128 0x27
 2298 111b 14       		.byte	0x14
 2299 111c 37       		.byte	0x37
 2300 111d 0B       		.byte	0xb
 2301 111e 7D010000 		.4byte	0x17d
 2302 1122 27       		.uleb128 0x27
 2303 1123 14       		.byte	0x14
 2304 1124 39       		.byte	0x39
 2305 1125 0B       		.byte	0xb
 2306 1126 F9000000 		.4byte	0xf9
 2307 112a 27       		.uleb128 0x27
 2308 112b 14       		.byte	0x14
 2309 112c 3A       		.byte	0x3a
 2310 112d 0B       		.byte	0xb
 2311 112e 05010000 		.4byte	0x105
 2312 1132 27       		.uleb128 0x27
 2313 1133 14       		.byte	0x14
 2314 1134 3B       		.byte	0x3b
 2315 1135 0B       		.byte	0xb
 2316 1136 11010000 		.4byte	0x111
 2317 113a 27       		.uleb128 0x27
 2318 113b 14       		.byte	0x14
 2319 113c 3C       		.byte	0x3c
 2320 113d 0B       		.byte	0xb
 2321 113e 1D010000 		.4byte	0x11d
 2322 1142 27       		.uleb128 0x27
 2323 1143 14       		.byte	0x14
 2324 1144 3E       		.byte	0x3e
 2325 1145 0B       		.byte	0xb
 2326 1146 D1010000 		.4byte	0x1d1
 2327 114a 27       		.uleb128 0x27
 2328 114b 14       		.byte	0x14
 2329 114c 3F       		.byte	0x3f
 2330 114d 0B       		.byte	0xb
 2331 114e B9010000 		.4byte	0x1b9
 2332 1152 27       		.uleb128 0x27
 2333 1153 14       		.byte	0x14
 2334 1154 41       		.byte	0x41
 2335 1155 0B       		.byte	0xb
 2336 1156 99000000 		.4byte	0x99
 2337 115a 27       		.uleb128 0x27
ARM GAS  /tmp/ccNBpKAw.s 			page 42


 2338 115b 14       		.byte	0x14
 2339 115c 42       		.byte	0x42
 2340 115d 0B       		.byte	0xb
 2341 115e B1000000 		.4byte	0xb1
 2342 1162 27       		.uleb128 0x27
 2343 1163 14       		.byte	0x14
 2344 1164 43       		.byte	0x43
 2345 1165 0B       		.byte	0xb
 2346 1166 C4000000 		.4byte	0xc4
 2347 116a 27       		.uleb128 0x27
 2348 116b 14       		.byte	0x14
 2349 116c 44       		.byte	0x44
 2350 116d 0B       		.byte	0xb
 2351 116e E1000000 		.4byte	0xe1
 2352 1172 27       		.uleb128 0x27
 2353 1173 14       		.byte	0x14
 2354 1174 46       		.byte	0x46
 2355 1175 0B       		.byte	0xb
 2356 1176 89010000 		.4byte	0x189
 2357 117a 27       		.uleb128 0x27
 2358 117b 14       		.byte	0x14
 2359 117c 47       		.byte	0x47
 2360 117d 0B       		.byte	0xb
 2361 117e 95010000 		.4byte	0x195
 2362 1182 27       		.uleb128 0x27
 2363 1183 14       		.byte	0x14
 2364 1184 48       		.byte	0x48
 2365 1185 0B       		.byte	0xb
 2366 1186 A1010000 		.4byte	0x1a1
 2367 118a 27       		.uleb128 0x27
 2368 118b 14       		.byte	0x14
 2369 118c 49       		.byte	0x49
 2370 118d 0B       		.byte	0xb
 2371 118e AD010000 		.4byte	0x1ad
 2372 1192 27       		.uleb128 0x27
 2373 1193 14       		.byte	0x14
 2374 1194 4B       		.byte	0x4b
 2375 1195 0B       		.byte	0xb
 2376 1196 29010000 		.4byte	0x129
 2377 119a 27       		.uleb128 0x27
 2378 119b 14       		.byte	0x14
 2379 119c 4C       		.byte	0x4c
 2380 119d 0B       		.byte	0xb
 2381 119e 35010000 		.4byte	0x135
 2382 11a2 27       		.uleb128 0x27
 2383 11a3 14       		.byte	0x14
 2384 11a4 4D       		.byte	0x4d
 2385 11a5 0B       		.byte	0xb
 2386 11a6 41010000 		.4byte	0x141
 2387 11aa 27       		.uleb128 0x27
 2388 11ab 14       		.byte	0x14
 2389 11ac 4E       		.byte	0x4e
 2390 11ad 0B       		.byte	0xb
 2391 11ae 4D010000 		.4byte	0x14d
 2392 11b2 27       		.uleb128 0x27
 2393 11b3 14       		.byte	0x14
 2394 11b4 50       		.byte	0x50
ARM GAS  /tmp/ccNBpKAw.s 			page 43


 2395 11b5 0B       		.byte	0xb
 2396 11b6 DD010000 		.4byte	0x1dd
 2397 11ba 27       		.uleb128 0x27
 2398 11bb 14       		.byte	0x14
 2399 11bc 51       		.byte	0x51
 2400 11bd 0B       		.byte	0xb
 2401 11be C5010000 		.4byte	0x1c5
 2402 11c2 00       		.byte	0
 2403 11c3 28       		.uleb128 0x28
 2404 11c4 BB000000 		.4byte	.LASF235
 2405 11c8 15       		.byte	0x15
 2406 11c9 2001     		.2byte	0x120
 2407 11cb 0B       		.byte	0xb
 2408 11cc E3110000 		.4byte	0x11e3
 2409 11d0 25       		.uleb128 0x25
 2410 11d1 B8050000 		.4byte	.LASF205
 2411 11d5 15       		.byte	0x15
 2412 11d6 2201     		.2byte	0x122
 2413 11d8 41       		.byte	0x41
 2414 11d9 26       		.uleb128 0x26
 2415 11da 15       		.byte	0x15
 2416 11db 2201     		.2byte	0x122
 2417 11dd 41       		.byte	0x41
 2418 11de D0110000 		.4byte	0x11d0
 2419 11e2 00       		.byte	0
 2420 11e3 29       		.uleb128 0x29
 2421 11e4 F6040000 		.4byte	.LASF236
 2422 11e8 3E       		.byte	0x3e
 2423 11e9 16       		.byte	0x16
 2424 11ea 10       		.byte	0x10
 2425 11eb 07       		.byte	0x7
 2426 11ec 11130000 		.4byte	0x1311
 2427 11f0 2A       		.uleb128 0x2a
 2428 11f1 42010000 		.4byte	.LASF237
 2429 11f5 07       		.byte	0x7
 2430 11f6 01       		.byte	0x1
 2431 11f7 99000000 		.4byte	0x99
 2432 11fb 16       		.byte	0x16
 2433 11fc 1B       		.byte	0x1b
 2434 11fd 10       		.byte	0x10
 2435 11fe 0F120000 		.4byte	0x120f
 2436 1202 1D       		.uleb128 0x1d
 2437 1203 C5020000 		.4byte	.LASF206
 2438 1207 00       		.byte	0
 2439 1208 1D       		.uleb128 0x1d
 2440 1209 0B090000 		.4byte	.LASF207
 2441 120d 01       		.byte	0x1
 2442 120e 00       		.byte	0
 2443 120f 2B       		.uleb128 0x2b
 2444 1210 CC080000 		.4byte	.LASF208
 2445 1214 16       		.byte	0x16
 2446 1215 12       		.byte	0x12
 2447 1216 0E       		.byte	0xe
 2448 1217 58090000 		.4byte	.LASF210
 2449 121b 01       		.byte	0x1
 2450 121c 24120000 		.4byte	0x1224
 2451 1220 2A120000 		.4byte	0x122a
ARM GAS  /tmp/ccNBpKAw.s 			page 44


 2452 1224 2C       		.uleb128 0x2c
 2453 1225 16130000 		.4byte	0x1316
 2454 1229 00       		.byte	0
 2455 122a 2B       		.uleb128 0x2b
 2456 122b D6000000 		.4byte	.LASF209
 2457 122f 16       		.byte	0x16
 2458 1230 13       		.byte	0x13
 2459 1231 0E       		.byte	0xe
 2460 1232 640A0000 		.4byte	.LASF211
 2461 1236 01       		.byte	0x1
 2462 1237 3F120000 		.4byte	0x123f
 2463 123b 45120000 		.4byte	0x1245
 2464 123f 2C       		.uleb128 0x2c
 2465 1240 16130000 		.4byte	0x1316
 2466 1244 00       		.byte	0
 2467 1245 2D       		.uleb128 0x2d
 2468 1246 EC060000 		.4byte	.LASF212
 2469 124a 16       		.byte	0x16
 2470 124b 14       		.byte	0x14
 2471 124c 0E       		.byte	0xe
 2472 124d CF0A0000 		.4byte	.LASF214
 2473 1251 B1000000 		.4byte	0xb1
 2474 1255 01       		.byte	0x1
 2475 1256 5E120000 		.4byte	0x125e
 2476 125a 69120000 		.4byte	0x1269
 2477 125e 2C       		.uleb128 0x2c
 2478 125f 21130000 		.4byte	0x1321
 2479 1263 21       		.uleb128 0x21
 2480 1264 99000000 		.4byte	0x99
 2481 1268 00       		.byte	0
 2482 1269 2D       		.uleb128 0x2d
 2483 126a 7E020000 		.4byte	.LASF213
 2484 126e 16       		.byte	0x16
 2485 126f 15       		.byte	0x15
 2486 1270 0E       		.byte	0xe
 2487 1271 01050000 		.4byte	.LASF215
 2488 1275 F20C0000 		.4byte	0xcf2
 2489 1279 01       		.byte	0x1
 2490 127a 82120000 		.4byte	0x1282
 2491 127e 88120000 		.4byte	0x1288
 2492 1282 2C       		.uleb128 0x2c
 2493 1283 21130000 		.4byte	0x1321
 2494 1287 00       		.byte	0
 2495 1288 2D       		.uleb128 0x2d
 2496 1289 C5000000 		.4byte	.LASF216
 2497 128d 16       		.byte	0x16
 2498 128e 16       		.byte	0x16
 2499 128f 0E       		.byte	0xe
 2500 1290 4E040000 		.4byte	.LASF217
 2501 1294 F20C0000 		.4byte	0xcf2
 2502 1298 01       		.byte	0x1
 2503 1299 A1120000 		.4byte	0x12a1
 2504 129d A7120000 		.4byte	0x12a7
 2505 12a1 2C       		.uleb128 0x2c
 2506 12a2 21130000 		.4byte	0x1321
 2507 12a6 00       		.byte	0
 2508 12a7 2E       		.uleb128 0x2e
ARM GAS  /tmp/ccNBpKAw.s 			page 45


 2509 12a8 F4060000 		.4byte	.LASF238
 2510 12ac 16       		.byte	0x16
 2511 12ad 19       		.byte	0x19
 2512 12ae 11       		.byte	0x11
 2513 12af 09020000 		.4byte	.LASF239
 2514 12b3 C2120000 		.4byte	0x12c2
 2515 12b7 21       		.uleb128 0x21
 2516 12b8 180D0000 		.4byte	0xd18
 2517 12bc 21       		.uleb128 0x21
 2518 12bd 2C130000 		.4byte	0x132c
 2519 12c1 00       		.byte	0
 2520 12c2 0D       		.uleb128 0xd
 2521 12c3 62020000 		.4byte	.LASF218
 2522 12c7 16       		.byte	0x16
 2523 12c8 1B       		.byte	0x1b
 2524 12c9 39       		.byte	0x39
 2525 12ca F0110000 		.4byte	0x11f0
 2526 12ce 00       		.byte	0
 2527 12cf 0D       		.uleb128 0xd
 2528 12d0 29000000 		.4byte	.LASF219
 2529 12d4 16       		.byte	0x16
 2530 12d5 1C       		.byte	0x1c
 2531 12d6 0E       		.byte	0xe
 2532 12d7 32130000 		.4byte	0x1332
 2533 12db 01       		.byte	0x1
 2534 12dc 0D       		.uleb128 0xd
 2535 12dd D7020000 		.4byte	.LASF220
 2536 12e1 16       		.byte	0x16
 2537 12e2 1D       		.byte	0x1d
 2538 12e3 0E       		.byte	0xe
 2539 12e4 99000000 		.4byte	0x99
 2540 12e8 1A       		.byte	0x1a
 2541 12e9 0C       		.uleb128 0xc
 2542 12ea 5F636800 		.ascii	"_ch\000"
 2543 12ee 16       		.byte	0x16
 2544 12ef 1E       		.byte	0x1e
 2545 12f0 0E       		.byte	0xe
 2546 12f1 42130000 		.4byte	0x1342
 2547 12f5 1C       		.byte	0x1c
 2548 12f6 0D       		.uleb128 0xd
 2549 12f7 5D030000 		.4byte	.LASF221
 2550 12fb 16       		.byte	0x16
 2551 12fc 1F       		.byte	0x1f
 2552 12fd 0E       		.byte	0xe
 2553 12fe F20C0000 		.4byte	0xcf2
 2554 1302 3C       		.byte	0x3c
 2555 1303 0D       		.uleb128 0xd
 2556 1304 450A0000 		.4byte	.LASF222
 2557 1308 16       		.byte	0x16
 2558 1309 20       		.byte	0x20
 2559 130a 0E       		.byte	0xe
 2560 130b F20C0000 		.4byte	0xcf2
 2561 130f 3D       		.byte	0x3d
 2562 1310 00       		.byte	0
 2563 1311 03       		.uleb128 0x3
 2564 1312 E3110000 		.4byte	0x11e3
 2565 1316 11       		.uleb128 0x11
ARM GAS  /tmp/ccNBpKAw.s 			page 46


 2566 1317 04       		.byte	0x4
 2567 1318 E3110000 		.4byte	0x11e3
 2568 131c 03       		.uleb128 0x3
 2569 131d 16130000 		.4byte	0x1316
 2570 1321 11       		.uleb128 0x11
 2571 1322 04       		.byte	0x4
 2572 1323 11130000 		.4byte	0x1311
 2573 1327 03       		.uleb128 0x3
 2574 1328 21130000 		.4byte	0x1321
 2575 132c 11       		.uleb128 0x11
 2576 132d 04       		.byte	0x4
 2577 132e B1000000 		.4byte	0xb1
 2578 1332 18       		.uleb128 0x18
 2579 1333 99000000 		.4byte	0x99
 2580 1337 42130000 		.4byte	0x1342
 2581 133b 19       		.uleb128 0x19
 2582 133c 3A000000 		.4byte	0x3a
 2583 1340 18       		.byte	0x18
 2584 1341 00       		.byte	0
 2585 1342 18       		.uleb128 0x18
 2586 1343 B1000000 		.4byte	0xb1
 2587 1347 52130000 		.4byte	0x1352
 2588 134b 19       		.uleb128 0x19
 2589 134c 3A000000 		.4byte	0x3a
 2590 1350 0F       		.byte	0xf
 2591 1351 00       		.byte	0
 2592 1352 2F       		.uleb128 0x2f
 2593 1353 E7090000 		.4byte	.LASF223
 2594 1357 16       		.byte	0x16
 2595 1358 23       		.byte	0x23
 2596 1359 13       		.byte	0x13
 2597 135a E3110000 		.4byte	0x11e3
 2598 135e 30       		.uleb128 0x30
 2599 135f 52130000 		.4byte	0x1352
 2600 1363 17       		.byte	0x17
 2601 1364 03       		.byte	0x3
 2602 1365 0C       		.byte	0xc
 2603 1366 31       		.uleb128 0x31
 2604 1367 6F040000 		.4byte	.LASF225
 2605 136b 17       		.byte	0x17
 2606 136c 0A       		.byte	0xa
 2607 136d 1B       		.byte	0x1b
 2608 136e 0C100000 		.4byte	0x100c
 2609 1372 32       		.uleb128 0x32
 2610 1373 A7120000 		.4byte	0x12a7
 2611 1377 17       		.byte	0x17
 2612 1378 38       		.byte	0x38
 2613 1379 06       		.byte	0x6
 2614 137a D0130000 		.4byte	0x13d0
 2615 137e 33       		.uleb128 0x33
 2616 137f F1040000 		.4byte	.LASF224
 2617 1383 17       		.byte	0x17
 2618 1384 38       		.byte	0x38
 2619 1385 28       		.byte	0x28
 2620 1386 180D0000 		.4byte	0xd18
 2621 138a 34       		.uleb128 0x34
 2622 138b 636800   		.ascii	"ch\000"
ARM GAS  /tmp/ccNBpKAw.s 			page 47


 2623 138e 17       		.byte	0x17
 2624 138f 38       		.byte	0x38
 2625 1390 38       		.byte	0x38
 2626 1391 2C130000 		.4byte	0x132c
 2627 1395 35       		.uleb128 0x35
 2628 1396 36       		.uleb128 0x36
 2629 1397 6E00     		.ascii	"n\000"
 2630 1399 17       		.byte	0x17
 2631 139a 3A       		.byte	0x3a
 2632 139b 0E       		.byte	0xe
 2633 139c 1D000000 		.4byte	0x1d
 2634 13a0 35       		.uleb128 0x35
 2635 13a1 36       		.uleb128 0x36
 2636 13a2 62697400 		.ascii	"bit\000"
 2637 13a6 17       		.byte	0x17
 2638 13a7 3B       		.byte	0x3b
 2639 13a8 13       		.byte	0x13
 2640 13a9 24000000 		.4byte	0x24
 2641 13ad 36       		.uleb128 0x36
 2642 13ae 626900   		.ascii	"bi\000"
 2643 13b1 17       		.byte	0x17
 2644 13b2 3C       		.byte	0x3c
 2645 13b3 13       		.byte	0x13
 2646 13b4 24000000 		.4byte	0x24
 2647 13b8 36       		.uleb128 0x36
 2648 13b9 736800   		.ascii	"sh\000"
 2649 13bc 17       		.byte	0x17
 2650 13bd 3D       		.byte	0x3d
 2651 13be 13       		.byte	0x13
 2652 13bf 24000000 		.4byte	0x24
 2653 13c3 36       		.uleb128 0x36
 2654 13c4 7700     		.ascii	"w\000"
 2655 13c6 17       		.byte	0x17
 2656 13c7 3E       		.byte	0x3e
 2657 13c8 18       		.byte	0x18
 2658 13c9 D5000000 		.4byte	0xd5
 2659 13cd 00       		.byte	0
 2660 13ce 00       		.byte	0
 2661 13cf 00       		.byte	0
 2662 13d0 37       		.uleb128 0x37
 2663 13d1 45120000 		.4byte	0x1245
 2664 13d5 17       		.byte	0x17
 2665 13d6 33       		.byte	0x33
 2666 13d7 0A       		.byte	0xa
 2667 13d8 E0130000 		.4byte	0x13e0
 2668 13dc F4130000 		.4byte	0x13f4
 2669 13e0 38       		.uleb128 0x38
 2670 13e1 E7060000 		.4byte	.LASF226
 2671 13e5 27130000 		.4byte	0x1327
 2672 13e9 34       		.uleb128 0x34
 2673 13ea 6E00     		.ascii	"n\000"
 2674 13ec 17       		.byte	0x17
 2675 13ed 33       		.byte	0x33
 2676 13ee 26       		.byte	0x26
 2677 13ef 99000000 		.4byte	0x99
 2678 13f3 00       		.byte	0
 2679 13f4 37       		.uleb128 0x37
ARM GAS  /tmp/ccNBpKAw.s 			page 48


 2680 13f5 2A120000 		.4byte	0x122a
 2681 13f9 17       		.byte	0x17
 2682 13fa 16       		.byte	0x16
 2683 13fb 06       		.byte	0x6
 2684 13fc 04140000 		.4byte	0x1404
 2685 1400 1A140000 		.4byte	0x141a
 2686 1404 38       		.uleb128 0x38
 2687 1405 E7060000 		.4byte	.LASF226
 2688 1409 1C130000 		.4byte	0x131c
 2689 140d 31       		.uleb128 0x31
 2690 140e 53090000 		.4byte	.LASF227
 2691 1412 17       		.byte	0x17
 2692 1413 18       		.byte	0x18
 2693 1414 0D       		.byte	0xd
 2694 1415 99000000 		.4byte	0x99
 2695 1419 00       		.byte	0
 2696 141a 39       		.uleb128 0x39
 2697 141b 0F120000 		.4byte	0x120f
 2698 141f 17       		.byte	0x17
 2699 1420 11       		.byte	0x11
 2700 1421 06       		.byte	0x6
 2701 1422 26140000 		.4byte	0x1426
 2702 1426 38       		.uleb128 0x38
 2703 1427 E7060000 		.4byte	.LASF226
 2704 142b 1C130000 		.4byte	0x131c
 2705 142f 00       		.byte	0
 2706 1430 00       		.byte	0
 2707              		.section	.gnu.debuglto_.debug_abbrev,"e",%progbits
 2708              	.Ldebug_abbrev0:
 2709 0000 01       		.uleb128 0x1
 2710 0001 11       		.uleb128 0x11
 2711 0002 01       		.byte	0x1
 2712 0003 25       		.uleb128 0x25
 2713 0004 0E       		.uleb128 0xe
 2714 0005 13       		.uleb128 0x13
 2715 0006 0B       		.uleb128 0xb
 2716 0007 03       		.uleb128 0x3
 2717 0008 0E       		.uleb128 0xe
 2718 0009 1B       		.uleb128 0x1b
 2719 000a 0E       		.uleb128 0xe
 2720 000b 10       		.uleb128 0x10
 2721 000c 17       		.uleb128 0x17
 2722 000d 00       		.byte	0
 2723 000e 00       		.byte	0
 2724 000f 02       		.uleb128 0x2
 2725 0010 24       		.uleb128 0x24
 2726 0011 00       		.byte	0
 2727 0012 0B       		.uleb128 0xb
 2728 0013 0B       		.uleb128 0xb
 2729 0014 3E       		.uleb128 0x3e
 2730 0015 0B       		.uleb128 0xb
 2731 0016 03       		.uleb128 0x3
 2732 0017 08       		.uleb128 0x8
 2733 0018 00       		.byte	0
 2734 0019 00       		.byte	0
 2735 001a 03       		.uleb128 0x3
 2736 001b 26       		.uleb128 0x26
ARM GAS  /tmp/ccNBpKAw.s 			page 49


 2737 001c 00       		.byte	0
 2738 001d 49       		.uleb128 0x49
 2739 001e 13       		.uleb128 0x13
 2740 001f 00       		.byte	0
 2741 0020 00       		.byte	0
 2742 0021 04       		.uleb128 0x4
 2743 0022 16       		.uleb128 0x16
 2744 0023 00       		.byte	0
 2745 0024 03       		.uleb128 0x3
 2746 0025 0E       		.uleb128 0xe
 2747 0026 3A       		.uleb128 0x3a
 2748 0027 0B       		.uleb128 0xb
 2749 0028 3B       		.uleb128 0x3b
 2750 0029 0B       		.uleb128 0xb
 2751 002a 39       		.uleb128 0x39
 2752 002b 0B       		.uleb128 0xb
 2753 002c 49       		.uleb128 0x49
 2754 002d 13       		.uleb128 0x13
 2755 002e 00       		.byte	0
 2756 002f 00       		.byte	0
 2757 0030 05       		.uleb128 0x5
 2758 0031 35       		.uleb128 0x35
 2759 0032 00       		.byte	0
 2760 0033 49       		.uleb128 0x49
 2761 0034 13       		.uleb128 0x13
 2762 0035 00       		.byte	0
 2763 0036 00       		.byte	0
 2764 0037 06       		.uleb128 0x6
 2765 0038 24       		.uleb128 0x24
 2766 0039 00       		.byte	0
 2767 003a 0B       		.uleb128 0xb
 2768 003b 0B       		.uleb128 0xb
 2769 003c 3E       		.uleb128 0x3e
 2770 003d 0B       		.uleb128 0xb
 2771 003e 03       		.uleb128 0x3
 2772 003f 0E       		.uleb128 0xe
 2773 0040 00       		.byte	0
 2774 0041 00       		.byte	0
 2775 0042 07       		.uleb128 0x7
 2776 0043 3B       		.uleb128 0x3b
 2777 0044 00       		.byte	0
 2778 0045 03       		.uleb128 0x3
 2779 0046 0E       		.uleb128 0xe
 2780 0047 00       		.byte	0
 2781 0048 00       		.byte	0
 2782 0049 08       		.uleb128 0x8
 2783 004a 13       		.uleb128 0x13
 2784 004b 01       		.byte	0x1
 2785 004c 03       		.uleb128 0x3
 2786 004d 0E       		.uleb128 0xe
 2787 004e 0B       		.uleb128 0xb
 2788 004f 0B       		.uleb128 0xb
 2789 0050 3A       		.uleb128 0x3a
 2790 0051 0B       		.uleb128 0xb
 2791 0052 3B       		.uleb128 0x3b
 2792 0053 0B       		.uleb128 0xb
 2793 0054 39       		.uleb128 0x39
ARM GAS  /tmp/ccNBpKAw.s 			page 50


 2794 0055 0B       		.uleb128 0xb
 2795 0056 01       		.uleb128 0x1
 2796 0057 13       		.uleb128 0x13
 2797 0058 00       		.byte	0
 2798 0059 00       		.byte	0
 2799 005a 09       		.uleb128 0x9
 2800 005b 17       		.uleb128 0x17
 2801 005c 01       		.byte	0x1
 2802 005d 0B       		.uleb128 0xb
 2803 005e 0B       		.uleb128 0xb
 2804 005f 3A       		.uleb128 0x3a
 2805 0060 0B       		.uleb128 0xb
 2806 0061 3B       		.uleb128 0x3b
 2807 0062 0B       		.uleb128 0xb
 2808 0063 39       		.uleb128 0x39
 2809 0064 0B       		.uleb128 0xb
 2810 0065 01       		.uleb128 0x1
 2811 0066 13       		.uleb128 0x13
 2812 0067 00       		.byte	0
 2813 0068 00       		.byte	0
 2814 0069 0A       		.uleb128 0xa
 2815 006a 0D       		.uleb128 0xd
 2816 006b 00       		.byte	0
 2817 006c 03       		.uleb128 0x3
 2818 006d 0E       		.uleb128 0xe
 2819 006e 3A       		.uleb128 0x3a
 2820 006f 0B       		.uleb128 0xb
 2821 0070 3B       		.uleb128 0x3b
 2822 0071 0B       		.uleb128 0xb
 2823 0072 39       		.uleb128 0x39
 2824 0073 0B       		.uleb128 0xb
 2825 0074 49       		.uleb128 0x49
 2826 0075 13       		.uleb128 0x13
 2827 0076 00       		.byte	0
 2828 0077 00       		.byte	0
 2829 0078 0B       		.uleb128 0xb
 2830 0079 0D       		.uleb128 0xd
 2831 007a 00       		.byte	0
 2832 007b 03       		.uleb128 0x3
 2833 007c 0E       		.uleb128 0xe
 2834 007d 3A       		.uleb128 0x3a
 2835 007e 0B       		.uleb128 0xb
 2836 007f 3B       		.uleb128 0x3b
 2837 0080 05       		.uleb128 0x5
 2838 0081 39       		.uleb128 0x39
 2839 0082 0B       		.uleb128 0xb
 2840 0083 49       		.uleb128 0x49
 2841 0084 13       		.uleb128 0x13
 2842 0085 00       		.byte	0
 2843 0086 00       		.byte	0
 2844 0087 0C       		.uleb128 0xc
 2845 0088 0D       		.uleb128 0xd
 2846 0089 00       		.byte	0
 2847 008a 03       		.uleb128 0x3
 2848 008b 08       		.uleb128 0x8
 2849 008c 3A       		.uleb128 0x3a
 2850 008d 0B       		.uleb128 0xb
ARM GAS  /tmp/ccNBpKAw.s 			page 51


 2851 008e 3B       		.uleb128 0x3b
 2852 008f 0B       		.uleb128 0xb
 2853 0090 39       		.uleb128 0x39
 2854 0091 0B       		.uleb128 0xb
 2855 0092 49       		.uleb128 0x49
 2856 0093 13       		.uleb128 0x13
 2857 0094 38       		.uleb128 0x38
 2858 0095 0B       		.uleb128 0xb
 2859 0096 00       		.byte	0
 2860 0097 00       		.byte	0
 2861 0098 0D       		.uleb128 0xd
 2862 0099 0D       		.uleb128 0xd
 2863 009a 00       		.byte	0
 2864 009b 03       		.uleb128 0x3
 2865 009c 0E       		.uleb128 0xe
 2866 009d 3A       		.uleb128 0x3a
 2867 009e 0B       		.uleb128 0xb
 2868 009f 3B       		.uleb128 0x3b
 2869 00a0 0B       		.uleb128 0xb
 2870 00a1 39       		.uleb128 0x39
 2871 00a2 0B       		.uleb128 0xb
 2872 00a3 49       		.uleb128 0x49
 2873 00a4 13       		.uleb128 0x13
 2874 00a5 38       		.uleb128 0x38
 2875 00a6 0B       		.uleb128 0xb
 2876 00a7 00       		.byte	0
 2877 00a8 00       		.byte	0
 2878 00a9 0E       		.uleb128 0xe
 2879 00aa 0D       		.uleb128 0xd
 2880 00ab 00       		.byte	0
 2881 00ac 03       		.uleb128 0x3
 2882 00ad 08       		.uleb128 0x8
 2883 00ae 3A       		.uleb128 0x3a
 2884 00af 0B       		.uleb128 0xb
 2885 00b0 3B       		.uleb128 0x3b
 2886 00b1 05       		.uleb128 0x5
 2887 00b2 39       		.uleb128 0x39
 2888 00b3 0B       		.uleb128 0xb
 2889 00b4 49       		.uleb128 0x49
 2890 00b5 13       		.uleb128 0x13
 2891 00b6 38       		.uleb128 0x38
 2892 00b7 0B       		.uleb128 0xb
 2893 00b8 00       		.byte	0
 2894 00b9 00       		.byte	0
 2895 00ba 0F       		.uleb128 0xf
 2896 00bb 0D       		.uleb128 0xd
 2897 00bc 00       		.byte	0
 2898 00bd 03       		.uleb128 0x3
 2899 00be 0E       		.uleb128 0xe
 2900 00bf 3A       		.uleb128 0x3a
 2901 00c0 0B       		.uleb128 0xb
 2902 00c1 3B       		.uleb128 0x3b
 2903 00c2 05       		.uleb128 0x5
 2904 00c3 39       		.uleb128 0x39
 2905 00c4 0B       		.uleb128 0xb
 2906 00c5 49       		.uleb128 0x49
 2907 00c6 13       		.uleb128 0x13
ARM GAS  /tmp/ccNBpKAw.s 			page 52


 2908 00c7 38       		.uleb128 0x38
 2909 00c8 0B       		.uleb128 0xb
 2910 00c9 00       		.byte	0
 2911 00ca 00       		.byte	0
 2912 00cb 10       		.uleb128 0x10
 2913 00cc 13       		.uleb128 0x13
 2914 00cd 01       		.byte	0x1
 2915 00ce 03       		.uleb128 0x3
 2916 00cf 0E       		.uleb128 0xe
 2917 00d0 0B       		.uleb128 0xb
 2918 00d1 05       		.uleb128 0x5
 2919 00d2 3A       		.uleb128 0x3a
 2920 00d3 0B       		.uleb128 0xb
 2921 00d4 3B       		.uleb128 0x3b
 2922 00d5 05       		.uleb128 0x5
 2923 00d6 39       		.uleb128 0x39
 2924 00d7 0B       		.uleb128 0xb
 2925 00d8 01       		.uleb128 0x1
 2926 00d9 13       		.uleb128 0x13
 2927 00da 00       		.byte	0
 2928 00db 00       		.byte	0
 2929 00dc 11       		.uleb128 0x11
 2930 00dd 0F       		.uleb128 0xf
 2931 00de 00       		.byte	0
 2932 00df 0B       		.uleb128 0xb
 2933 00e0 0B       		.uleb128 0xb
 2934 00e1 49       		.uleb128 0x49
 2935 00e2 13       		.uleb128 0x13
 2936 00e3 00       		.byte	0
 2937 00e4 00       		.byte	0
 2938 00e5 12       		.uleb128 0x12
 2939 00e6 13       		.uleb128 0x13
 2940 00e7 01       		.byte	0x1
 2941 00e8 0B       		.uleb128 0xb
 2942 00e9 0B       		.uleb128 0xb
 2943 00ea 3A       		.uleb128 0x3a
 2944 00eb 0B       		.uleb128 0xb
 2945 00ec 3B       		.uleb128 0x3b
 2946 00ed 0B       		.uleb128 0xb
 2947 00ee 39       		.uleb128 0x39
 2948 00ef 0B       		.uleb128 0xb
 2949 00f0 6E       		.uleb128 0x6e
 2950 00f1 0E       		.uleb128 0xe
 2951 00f2 01       		.uleb128 0x1
 2952 00f3 13       		.uleb128 0x13
 2953 00f4 00       		.byte	0
 2954 00f5 00       		.byte	0
 2955 00f6 13       		.uleb128 0x13
 2956 00f7 13       		.uleb128 0x13
 2957 00f8 01       		.byte	0x1
 2958 00f9 0B       		.uleb128 0xb
 2959 00fa 0B       		.uleb128 0xb
 2960 00fb 3A       		.uleb128 0x3a
 2961 00fc 0B       		.uleb128 0xb
 2962 00fd 3B       		.uleb128 0x3b
 2963 00fe 0B       		.uleb128 0xb
 2964 00ff 39       		.uleb128 0x39
ARM GAS  /tmp/ccNBpKAw.s 			page 53


 2965 0100 0B       		.uleb128 0xb
 2966 0101 01       		.uleb128 0x1
 2967 0102 13       		.uleb128 0x13
 2968 0103 00       		.byte	0
 2969 0104 00       		.byte	0
 2970 0105 14       		.uleb128 0x14
 2971 0106 0D       		.uleb128 0xd
 2972 0107 00       		.byte	0
 2973 0108 03       		.uleb128 0x3
 2974 0109 08       		.uleb128 0x8
 2975 010a 3A       		.uleb128 0x3a
 2976 010b 0B       		.uleb128 0xb
 2977 010c 3B       		.uleb128 0x3b
 2978 010d 0B       		.uleb128 0xb
 2979 010e 39       		.uleb128 0x39
 2980 010f 0B       		.uleb128 0xb
 2981 0110 49       		.uleb128 0x49
 2982 0111 13       		.uleb128 0x13
 2983 0112 00       		.byte	0
 2984 0113 00       		.byte	0
 2985 0114 15       		.uleb128 0x15
 2986 0115 0D       		.uleb128 0xd
 2987 0116 00       		.byte	0
 2988 0117 03       		.uleb128 0x3
 2989 0118 0E       		.uleb128 0xe
 2990 0119 3A       		.uleb128 0x3a
 2991 011a 0B       		.uleb128 0xb
 2992 011b 3B       		.uleb128 0x3b
 2993 011c 0B       		.uleb128 0xb
 2994 011d 39       		.uleb128 0x39
 2995 011e 0B       		.uleb128 0xb
 2996 011f 49       		.uleb128 0x49
 2997 0120 13       		.uleb128 0x13
 2998 0121 0B       		.uleb128 0xb
 2999 0122 0B       		.uleb128 0xb
 3000 0123 0D       		.uleb128 0xd
 3001 0124 0B       		.uleb128 0xb
 3002 0125 0C       		.uleb128 0xc
 3003 0126 0B       		.uleb128 0xb
 3004 0127 38       		.uleb128 0x38
 3005 0128 0B       		.uleb128 0xb
 3006 0129 00       		.byte	0
 3007 012a 00       		.byte	0
 3008 012b 16       		.uleb128 0x16
 3009 012c 0F       		.uleb128 0xf
 3010 012d 00       		.byte	0
 3011 012e 0B       		.uleb128 0xb
 3012 012f 0B       		.uleb128 0xb
 3013 0130 00       		.byte	0
 3014 0131 00       		.byte	0
 3015 0132 17       		.uleb128 0x17
 3016 0133 13       		.uleb128 0x13
 3017 0134 01       		.byte	0x1
 3018 0135 0B       		.uleb128 0xb
 3019 0136 05       		.uleb128 0x5
 3020 0137 3A       		.uleb128 0x3a
 3021 0138 0B       		.uleb128 0xb
ARM GAS  /tmp/ccNBpKAw.s 			page 54


 3022 0139 3B       		.uleb128 0x3b
 3023 013a 0B       		.uleb128 0xb
 3024 013b 39       		.uleb128 0x39
 3025 013c 0B       		.uleb128 0xb
 3026 013d 6E       		.uleb128 0x6e
 3027 013e 0E       		.uleb128 0xe
 3028 013f 01       		.uleb128 0x1
 3029 0140 13       		.uleb128 0x13
 3030 0141 00       		.byte	0
 3031 0142 00       		.byte	0
 3032 0143 18       		.uleb128 0x18
 3033 0144 01       		.uleb128 0x1
 3034 0145 01       		.byte	0x1
 3035 0146 49       		.uleb128 0x49
 3036 0147 13       		.uleb128 0x13
 3037 0148 01       		.uleb128 0x1
 3038 0149 13       		.uleb128 0x13
 3039 014a 00       		.byte	0
 3040 014b 00       		.byte	0
 3041 014c 19       		.uleb128 0x19
 3042 014d 21       		.uleb128 0x21
 3043 014e 00       		.byte	0
 3044 014f 49       		.uleb128 0x49
 3045 0150 13       		.uleb128 0x13
 3046 0151 2F       		.uleb128 0x2f
 3047 0152 0B       		.uleb128 0xb
 3048 0153 00       		.byte	0
 3049 0154 00       		.byte	0
 3050 0155 1A       		.uleb128 0x1a
 3051 0156 13       		.uleb128 0x13
 3052 0157 01       		.byte	0x1
 3053 0158 0B       		.uleb128 0xb
 3054 0159 0B       		.uleb128 0xb
 3055 015a 3A       		.uleb128 0x3a
 3056 015b 0B       		.uleb128 0xb
 3057 015c 3B       		.uleb128 0x3b
 3058 015d 05       		.uleb128 0x5
 3059 015e 39       		.uleb128 0x39
 3060 015f 0B       		.uleb128 0xb
 3061 0160 6E       		.uleb128 0x6e
 3062 0161 0E       		.uleb128 0xe
 3063 0162 01       		.uleb128 0x1
 3064 0163 13       		.uleb128 0x13
 3065 0164 00       		.byte	0
 3066 0165 00       		.byte	0
 3067 0166 1B       		.uleb128 0x1b
 3068 0167 16       		.uleb128 0x16
 3069 0168 00       		.byte	0
 3070 0169 03       		.uleb128 0x3
 3071 016a 0E       		.uleb128 0xe
 3072 016b 3A       		.uleb128 0x3a
 3073 016c 0B       		.uleb128 0xb
 3074 016d 3B       		.uleb128 0x3b
 3075 016e 05       		.uleb128 0x5
 3076 016f 39       		.uleb128 0x39
 3077 0170 0B       		.uleb128 0xb
 3078 0171 49       		.uleb128 0x49
ARM GAS  /tmp/ccNBpKAw.s 			page 55


 3079 0172 13       		.uleb128 0x13
 3080 0173 00       		.byte	0
 3081 0174 00       		.byte	0
 3082 0175 1C       		.uleb128 0x1c
 3083 0176 04       		.uleb128 0x4
 3084 0177 01       		.byte	0x1
 3085 0178 3E       		.uleb128 0x3e
 3086 0179 0B       		.uleb128 0xb
 3087 017a 0B       		.uleb128 0xb
 3088 017b 0B       		.uleb128 0xb
 3089 017c 49       		.uleb128 0x49
 3090 017d 13       		.uleb128 0x13
 3091 017e 3A       		.uleb128 0x3a
 3092 017f 0B       		.uleb128 0xb
 3093 0180 3B       		.uleb128 0x3b
 3094 0181 0B       		.uleb128 0xb
 3095 0182 39       		.uleb128 0x39
 3096 0183 0B       		.uleb128 0xb
 3097 0184 6E       		.uleb128 0x6e
 3098 0185 0E       		.uleb128 0xe
 3099 0186 01       		.uleb128 0x1
 3100 0187 13       		.uleb128 0x13
 3101 0188 00       		.byte	0
 3102 0189 00       		.byte	0
 3103 018a 1D       		.uleb128 0x1d
 3104 018b 28       		.uleb128 0x28
 3105 018c 00       		.byte	0
 3106 018d 03       		.uleb128 0x3
 3107 018e 0E       		.uleb128 0xe
 3108 018f 1C       		.uleb128 0x1c
 3109 0190 0B       		.uleb128 0xb
 3110 0191 00       		.byte	0
 3111 0192 00       		.byte	0
 3112 0193 1E       		.uleb128 0x1e
 3113 0194 28       		.uleb128 0x28
 3114 0195 00       		.byte	0
 3115 0196 03       		.uleb128 0x3
 3116 0197 08       		.uleb128 0x8
 3117 0198 1C       		.uleb128 0x1c
 3118 0199 0B       		.uleb128 0xb
 3119 019a 00       		.byte	0
 3120 019b 00       		.byte	0
 3121 019c 1F       		.uleb128 0x1f
 3122 019d 13       		.uleb128 0x13
 3123 019e 01       		.byte	0x1
 3124 019f 03       		.uleb128 0x3
 3125 01a0 0E       		.uleb128 0xe
 3126 01a1 0B       		.uleb128 0xb
 3127 01a2 0B       		.uleb128 0xb
 3128 01a3 3A       		.uleb128 0x3a
 3129 01a4 0B       		.uleb128 0xb
 3130 01a5 3B       		.uleb128 0x3b
 3131 01a6 05       		.uleb128 0x5
 3132 01a7 39       		.uleb128 0x39
 3133 01a8 0B       		.uleb128 0xb
 3134 01a9 01       		.uleb128 0x1
 3135 01aa 13       		.uleb128 0x13
ARM GAS  /tmp/ccNBpKAw.s 			page 56


 3136 01ab 00       		.byte	0
 3137 01ac 00       		.byte	0
 3138 01ad 20       		.uleb128 0x20
 3139 01ae 15       		.uleb128 0x15
 3140 01af 01       		.byte	0x1
 3141 01b0 01       		.uleb128 0x1
 3142 01b1 13       		.uleb128 0x13
 3143 01b2 00       		.byte	0
 3144 01b3 00       		.byte	0
 3145 01b4 21       		.uleb128 0x21
 3146 01b5 05       		.uleb128 0x5
 3147 01b6 00       		.byte	0
 3148 01b7 49       		.uleb128 0x49
 3149 01b8 13       		.uleb128 0x13
 3150 01b9 00       		.byte	0
 3151 01ba 00       		.byte	0
 3152 01bb 22       		.uleb128 0x22
 3153 01bc 15       		.uleb128 0x15
 3154 01bd 01       		.byte	0x1
 3155 01be 49       		.uleb128 0x49
 3156 01bf 13       		.uleb128 0x13
 3157 01c0 01       		.uleb128 0x1
 3158 01c1 13       		.uleb128 0x13
 3159 01c2 00       		.byte	0
 3160 01c3 00       		.byte	0
 3161 01c4 23       		.uleb128 0x23
 3162 01c5 34       		.uleb128 0x34
 3163 01c6 00       		.byte	0
 3164 01c7 03       		.uleb128 0x3
 3165 01c8 08       		.uleb128 0x8
 3166 01c9 3A       		.uleb128 0x3a
 3167 01ca 0B       		.uleb128 0xb
 3168 01cb 3B       		.uleb128 0x3b
 3169 01cc 05       		.uleb128 0x5
 3170 01cd 39       		.uleb128 0x39
 3171 01ce 0B       		.uleb128 0xb
 3172 01cf 49       		.uleb128 0x49
 3173 01d0 13       		.uleb128 0x13
 3174 01d1 3F       		.uleb128 0x3f
 3175 01d2 19       		.uleb128 0x19
 3176 01d3 3C       		.uleb128 0x3c
 3177 01d4 19       		.uleb128 0x19
 3178 01d5 00       		.byte	0
 3179 01d6 00       		.byte	0
 3180 01d7 24       		.uleb128 0x24
 3181 01d8 39       		.uleb128 0x39
 3182 01d9 01       		.byte	0x1
 3183 01da 03       		.uleb128 0x3
 3184 01db 08       		.uleb128 0x8
 3185 01dc 3A       		.uleb128 0x3a
 3186 01dd 0B       		.uleb128 0xb
 3187 01de 3B       		.uleb128 0x3b
 3188 01df 0B       		.uleb128 0xb
 3189 01e0 01       		.uleb128 0x1
 3190 01e1 13       		.uleb128 0x13
 3191 01e2 00       		.byte	0
 3192 01e3 00       		.byte	0
ARM GAS  /tmp/ccNBpKAw.s 			page 57


 3193 01e4 25       		.uleb128 0x25
 3194 01e5 39       		.uleb128 0x39
 3195 01e6 00       		.byte	0
 3196 01e7 03       		.uleb128 0x3
 3197 01e8 0E       		.uleb128 0xe
 3198 01e9 3A       		.uleb128 0x3a
 3199 01ea 0B       		.uleb128 0xb
 3200 01eb 3B       		.uleb128 0x3b
 3201 01ec 05       		.uleb128 0x5
 3202 01ed 39       		.uleb128 0x39
 3203 01ee 0B       		.uleb128 0xb
 3204 01ef 8901     		.uleb128 0x89
 3205 01f1 19       		.uleb128 0x19
 3206 01f2 00       		.byte	0
 3207 01f3 00       		.byte	0
 3208 01f4 26       		.uleb128 0x26
 3209 01f5 3A       		.uleb128 0x3a
 3210 01f6 00       		.byte	0
 3211 01f7 3A       		.uleb128 0x3a
 3212 01f8 0B       		.uleb128 0xb
 3213 01f9 3B       		.uleb128 0x3b
 3214 01fa 05       		.uleb128 0x5
 3215 01fb 39       		.uleb128 0x39
 3216 01fc 0B       		.uleb128 0xb
 3217 01fd 18       		.uleb128 0x18
 3218 01fe 13       		.uleb128 0x13
 3219 01ff 00       		.byte	0
 3220 0200 00       		.byte	0
 3221 0201 27       		.uleb128 0x27
 3222 0202 08       		.uleb128 0x8
 3223 0203 00       		.byte	0
 3224 0204 3A       		.uleb128 0x3a
 3225 0205 0B       		.uleb128 0xb
 3226 0206 3B       		.uleb128 0x3b
 3227 0207 0B       		.uleb128 0xb
 3228 0208 39       		.uleb128 0x39
 3229 0209 0B       		.uleb128 0xb
 3230 020a 18       		.uleb128 0x18
 3231 020b 13       		.uleb128 0x13
 3232 020c 00       		.byte	0
 3233 020d 00       		.byte	0
 3234 020e 28       		.uleb128 0x28
 3235 020f 39       		.uleb128 0x39
 3236 0210 01       		.byte	0x1
 3237 0211 03       		.uleb128 0x3
 3238 0212 0E       		.uleb128 0xe
 3239 0213 3A       		.uleb128 0x3a
 3240 0214 0B       		.uleb128 0xb
 3241 0215 3B       		.uleb128 0x3b
 3242 0216 05       		.uleb128 0x5
 3243 0217 39       		.uleb128 0x39
 3244 0218 0B       		.uleb128 0xb
 3245 0219 01       		.uleb128 0x1
 3246 021a 13       		.uleb128 0x13
 3247 021b 00       		.byte	0
 3248 021c 00       		.byte	0
 3249 021d 29       		.uleb128 0x29
ARM GAS  /tmp/ccNBpKAw.s 			page 58


 3250 021e 02       		.uleb128 0x2
 3251 021f 01       		.byte	0x1
 3252 0220 03       		.uleb128 0x3
 3253 0221 0E       		.uleb128 0xe
 3254 0222 0B       		.uleb128 0xb
 3255 0223 0B       		.uleb128 0xb
 3256 0224 3A       		.uleb128 0x3a
 3257 0225 0B       		.uleb128 0xb
 3258 0226 3B       		.uleb128 0x3b
 3259 0227 0B       		.uleb128 0xb
 3260 0228 39       		.uleb128 0x39
 3261 0229 0B       		.uleb128 0xb
 3262 022a 01       		.uleb128 0x1
 3263 022b 13       		.uleb128 0x13
 3264 022c 00       		.byte	0
 3265 022d 00       		.byte	0
 3266 022e 2A       		.uleb128 0x2a
 3267 022f 04       		.uleb128 0x4
 3268 0230 01       		.byte	0x1
 3269 0231 03       		.uleb128 0x3
 3270 0232 0E       		.uleb128 0xe
 3271 0233 6D       		.uleb128 0x6d
 3272 0234 19       		.uleb128 0x19
 3273 0235 3E       		.uleb128 0x3e
 3274 0236 0B       		.uleb128 0xb
 3275 0237 0B       		.uleb128 0xb
 3276 0238 0B       		.uleb128 0xb
 3277 0239 49       		.uleb128 0x49
 3278 023a 13       		.uleb128 0x13
 3279 023b 3A       		.uleb128 0x3a
 3280 023c 0B       		.uleb128 0xb
 3281 023d 3B       		.uleb128 0x3b
 3282 023e 0B       		.uleb128 0xb
 3283 023f 39       		.uleb128 0x39
 3284 0240 0B       		.uleb128 0xb
 3285 0241 01       		.uleb128 0x1
 3286 0242 13       		.uleb128 0x13
 3287 0243 00       		.byte	0
 3288 0244 00       		.byte	0
 3289 0245 2B       		.uleb128 0x2b
 3290 0246 2E       		.uleb128 0x2e
 3291 0247 01       		.byte	0x1
 3292 0248 3F       		.uleb128 0x3f
 3293 0249 19       		.uleb128 0x19
 3294 024a 03       		.uleb128 0x3
 3295 024b 0E       		.uleb128 0xe
 3296 024c 3A       		.uleb128 0x3a
 3297 024d 0B       		.uleb128 0xb
 3298 024e 3B       		.uleb128 0x3b
 3299 024f 0B       		.uleb128 0xb
 3300 0250 39       		.uleb128 0x39
 3301 0251 0B       		.uleb128 0xb
 3302 0252 6E       		.uleb128 0x6e
 3303 0253 0E       		.uleb128 0xe
 3304 0254 32       		.uleb128 0x32
 3305 0255 0B       		.uleb128 0xb
 3306 0256 3C       		.uleb128 0x3c
ARM GAS  /tmp/ccNBpKAw.s 			page 59


 3307 0257 19       		.uleb128 0x19
 3308 0258 64       		.uleb128 0x64
 3309 0259 13       		.uleb128 0x13
 3310 025a 01       		.uleb128 0x1
 3311 025b 13       		.uleb128 0x13
 3312 025c 00       		.byte	0
 3313 025d 00       		.byte	0
 3314 025e 2C       		.uleb128 0x2c
 3315 025f 05       		.uleb128 0x5
 3316 0260 00       		.byte	0
 3317 0261 49       		.uleb128 0x49
 3318 0262 13       		.uleb128 0x13
 3319 0263 34       		.uleb128 0x34
 3320 0264 19       		.uleb128 0x19
 3321 0265 00       		.byte	0
 3322 0266 00       		.byte	0
 3323 0267 2D       		.uleb128 0x2d
 3324 0268 2E       		.uleb128 0x2e
 3325 0269 01       		.byte	0x1
 3326 026a 3F       		.uleb128 0x3f
 3327 026b 19       		.uleb128 0x19
 3328 026c 03       		.uleb128 0x3
 3329 026d 0E       		.uleb128 0xe
 3330 026e 3A       		.uleb128 0x3a
 3331 026f 0B       		.uleb128 0xb
 3332 0270 3B       		.uleb128 0x3b
 3333 0271 0B       		.uleb128 0xb
 3334 0272 39       		.uleb128 0x39
 3335 0273 0B       		.uleb128 0xb
 3336 0274 6E       		.uleb128 0x6e
 3337 0275 0E       		.uleb128 0xe
 3338 0276 49       		.uleb128 0x49
 3339 0277 13       		.uleb128 0x13
 3340 0278 32       		.uleb128 0x32
 3341 0279 0B       		.uleb128 0xb
 3342 027a 3C       		.uleb128 0x3c
 3343 027b 19       		.uleb128 0x19
 3344 027c 64       		.uleb128 0x64
 3345 027d 13       		.uleb128 0x13
 3346 027e 01       		.uleb128 0x1
 3347 027f 13       		.uleb128 0x13
 3348 0280 00       		.byte	0
 3349 0281 00       		.byte	0
 3350 0282 2E       		.uleb128 0x2e
 3351 0283 2E       		.uleb128 0x2e
 3352 0284 01       		.byte	0x1
 3353 0285 3F       		.uleb128 0x3f
 3354 0286 19       		.uleb128 0x19
 3355 0287 03       		.uleb128 0x3
 3356 0288 0E       		.uleb128 0xe
 3357 0289 3A       		.uleb128 0x3a
 3358 028a 0B       		.uleb128 0xb
 3359 028b 3B       		.uleb128 0x3b
 3360 028c 0B       		.uleb128 0xb
 3361 028d 39       		.uleb128 0x39
 3362 028e 0B       		.uleb128 0xb
 3363 028f 6E       		.uleb128 0x6e
ARM GAS  /tmp/ccNBpKAw.s 			page 60


 3364 0290 0E       		.uleb128 0xe
 3365 0291 3C       		.uleb128 0x3c
 3366 0292 19       		.uleb128 0x19
 3367 0293 01       		.uleb128 0x1
 3368 0294 13       		.uleb128 0x13
 3369 0295 00       		.byte	0
 3370 0296 00       		.byte	0
 3371 0297 2F       		.uleb128 0x2f
 3372 0298 34       		.uleb128 0x34
 3373 0299 00       		.byte	0
 3374 029a 03       		.uleb128 0x3
 3375 029b 0E       		.uleb128 0xe
 3376 029c 3A       		.uleb128 0x3a
 3377 029d 0B       		.uleb128 0xb
 3378 029e 3B       		.uleb128 0x3b
 3379 029f 0B       		.uleb128 0xb
 3380 02a0 39       		.uleb128 0x39
 3381 02a1 0B       		.uleb128 0xb
 3382 02a2 49       		.uleb128 0x49
 3383 02a3 13       		.uleb128 0x13
 3384 02a4 3F       		.uleb128 0x3f
 3385 02a5 19       		.uleb128 0x19
 3386 02a6 3C       		.uleb128 0x3c
 3387 02a7 19       		.uleb128 0x19
 3388 02a8 00       		.byte	0
 3389 02a9 00       		.byte	0
 3390 02aa 30       		.uleb128 0x30
 3391 02ab 34       		.uleb128 0x34
 3392 02ac 00       		.byte	0
 3393 02ad 47       		.uleb128 0x47
 3394 02ae 13       		.uleb128 0x13
 3395 02af 3A       		.uleb128 0x3a
 3396 02b0 0B       		.uleb128 0xb
 3397 02b1 3B       		.uleb128 0x3b
 3398 02b2 0B       		.uleb128 0xb
 3399 02b3 39       		.uleb128 0x39
 3400 02b4 0B       		.uleb128 0xb
 3401 02b5 00       		.byte	0
 3402 02b6 00       		.byte	0
 3403 02b7 31       		.uleb128 0x31
 3404 02b8 34       		.uleb128 0x34
 3405 02b9 00       		.byte	0
 3406 02ba 03       		.uleb128 0x3
 3407 02bb 0E       		.uleb128 0xe
 3408 02bc 3A       		.uleb128 0x3a
 3409 02bd 0B       		.uleb128 0xb
 3410 02be 3B       		.uleb128 0x3b
 3411 02bf 0B       		.uleb128 0xb
 3412 02c0 39       		.uleb128 0x39
 3413 02c1 0B       		.uleb128 0xb
 3414 02c2 49       		.uleb128 0x49
 3415 02c3 13       		.uleb128 0x13
 3416 02c4 00       		.byte	0
 3417 02c5 00       		.byte	0
 3418 02c6 32       		.uleb128 0x32
 3419 02c7 2E       		.uleb128 0x2e
 3420 02c8 01       		.byte	0x1
ARM GAS  /tmp/ccNBpKAw.s 			page 61


 3421 02c9 47       		.uleb128 0x47
 3422 02ca 13       		.uleb128 0x13
 3423 02cb 3A       		.uleb128 0x3a
 3424 02cc 0B       		.uleb128 0xb
 3425 02cd 3B       		.uleb128 0x3b
 3426 02ce 0B       		.uleb128 0xb
 3427 02cf 39       		.uleb128 0x39
 3428 02d0 0B       		.uleb128 0xb
 3429 02d1 01       		.uleb128 0x1
 3430 02d2 13       		.uleb128 0x13
 3431 02d3 00       		.byte	0
 3432 02d4 00       		.byte	0
 3433 02d5 33       		.uleb128 0x33
 3434 02d6 05       		.uleb128 0x5
 3435 02d7 00       		.byte	0
 3436 02d8 03       		.uleb128 0x3
 3437 02d9 0E       		.uleb128 0xe
 3438 02da 3A       		.uleb128 0x3a
 3439 02db 0B       		.uleb128 0xb
 3440 02dc 3B       		.uleb128 0x3b
 3441 02dd 0B       		.uleb128 0xb
 3442 02de 39       		.uleb128 0x39
 3443 02df 0B       		.uleb128 0xb
 3444 02e0 49       		.uleb128 0x49
 3445 02e1 13       		.uleb128 0x13
 3446 02e2 00       		.byte	0
 3447 02e3 00       		.byte	0
 3448 02e4 34       		.uleb128 0x34
 3449 02e5 05       		.uleb128 0x5
 3450 02e6 00       		.byte	0
 3451 02e7 03       		.uleb128 0x3
 3452 02e8 08       		.uleb128 0x8
 3453 02e9 3A       		.uleb128 0x3a
 3454 02ea 0B       		.uleb128 0xb
 3455 02eb 3B       		.uleb128 0x3b
 3456 02ec 0B       		.uleb128 0xb
 3457 02ed 39       		.uleb128 0x39
 3458 02ee 0B       		.uleb128 0xb
 3459 02ef 49       		.uleb128 0x49
 3460 02f0 13       		.uleb128 0x13
 3461 02f1 00       		.byte	0
 3462 02f2 00       		.byte	0
 3463 02f3 35       		.uleb128 0x35
 3464 02f4 0B       		.uleb128 0xb
 3465 02f5 01       		.byte	0x1
 3466 02f6 00       		.byte	0
 3467 02f7 00       		.byte	0
 3468 02f8 36       		.uleb128 0x36
 3469 02f9 34       		.uleb128 0x34
 3470 02fa 00       		.byte	0
 3471 02fb 03       		.uleb128 0x3
 3472 02fc 08       		.uleb128 0x8
 3473 02fd 3A       		.uleb128 0x3a
 3474 02fe 0B       		.uleb128 0xb
 3475 02ff 3B       		.uleb128 0x3b
 3476 0300 0B       		.uleb128 0xb
 3477 0301 39       		.uleb128 0x39
ARM GAS  /tmp/ccNBpKAw.s 			page 62


 3478 0302 0B       		.uleb128 0xb
 3479 0303 49       		.uleb128 0x49
 3480 0304 13       		.uleb128 0x13
 3481 0305 00       		.byte	0
 3482 0306 00       		.byte	0
 3483 0307 37       		.uleb128 0x37
 3484 0308 2E       		.uleb128 0x2e
 3485 0309 01       		.byte	0x1
 3486 030a 47       		.uleb128 0x47
 3487 030b 13       		.uleb128 0x13
 3488 030c 3A       		.uleb128 0x3a
 3489 030d 0B       		.uleb128 0xb
 3490 030e 3B       		.uleb128 0x3b
 3491 030f 0B       		.uleb128 0xb
 3492 0310 39       		.uleb128 0x39
 3493 0311 0B       		.uleb128 0xb
 3494 0312 64       		.uleb128 0x64
 3495 0313 13       		.uleb128 0x13
 3496 0314 01       		.uleb128 0x1
 3497 0315 13       		.uleb128 0x13
 3498 0316 00       		.byte	0
 3499 0317 00       		.byte	0
 3500 0318 38       		.uleb128 0x38
 3501 0319 05       		.uleb128 0x5
 3502 031a 00       		.byte	0
 3503 031b 03       		.uleb128 0x3
 3504 031c 0E       		.uleb128 0xe
 3505 031d 49       		.uleb128 0x49
 3506 031e 13       		.uleb128 0x13
 3507 031f 34       		.uleb128 0x34
 3508 0320 19       		.uleb128 0x19
 3509 0321 00       		.byte	0
 3510 0322 00       		.byte	0
 3511 0323 39       		.uleb128 0x39
 3512 0324 2E       		.uleb128 0x2e
 3513 0325 01       		.byte	0x1
 3514 0326 47       		.uleb128 0x47
 3515 0327 13       		.uleb128 0x13
 3516 0328 3A       		.uleb128 0x3a
 3517 0329 0B       		.uleb128 0xb
 3518 032a 3B       		.uleb128 0x3b
 3519 032b 0B       		.uleb128 0xb
 3520 032c 39       		.uleb128 0x39
 3521 032d 0B       		.uleb128 0xb
 3522 032e 64       		.uleb128 0x64
 3523 032f 13       		.uleb128 0x13
 3524 0330 00       		.byte	0
 3525 0331 00       		.byte	0
 3526 0332 00       		.byte	0
 3527              		.section	.gnu.debuglto_.debug_line,"e",%progbits
 3528              	.Ldebug_line0:
 3529 0000 F8020000 		.4byte	.LELT0-.LSLT0
 3530              	.LSLT0:
 3531 0004 0400     		.2byte	0x4
 3532 0006 F2020000 		.4byte	.LELTP0-.LASLTP0
 3533              	.LASLTP0:
 3534 000a 01       		.byte	0x1
ARM GAS  /tmp/ccNBpKAw.s 			page 63


 3535 000b 01       		.byte	0x1
 3536 000c 01       		.byte	0x1
 3537 000d F6       		.byte	0xf6
 3538 000e F2       		.byte	0xf2
 3539 000f 0D       		.byte	0xd
 3540 0010 00       		.byte	0
 3541 0011 01       		.byte	0x1
 3542 0012 01       		.byte	0x1
 3543 0013 01       		.byte	0x1
 3544 0014 01       		.byte	0x1
 3545 0015 00       		.byte	0
 3546 0016 00       		.byte	0
 3547 0017 00       		.byte	0
 3548 0018 01       		.byte	0x1
 3549 0019 00       		.byte	0
 3550 001a 00       		.byte	0
 3551 001b 01       		.byte	0x1
 3552 001c 74686972 		.ascii	"third_party/ChibiOS/os/common/ext/ST/STM32H7xx"
 3552      645F7061 
 3552      7274792F 
 3552      43686962 
 3552      694F532F 
 3553 004a 00       		.byte	0
 3554 004b 74686972 		.ascii	"third_party/ChibiOS/os/common/ports/ARM-common"
 3554      645F7061 
 3554      7274792F 
 3554      43686962 
 3554      694F532F 
 3555 0079 00       		.byte	0
 3556 007a 74686972 		.ascii	"third_party/ChibiOS/os/common/ports/ARMv7-M"
 3556      645F7061 
 3556      7274792F 
 3556      43686962 
 3556      694F532F 
 3557 00a5 00       		.byte	0
 3558 00a6 74686972 		.ascii	"third_party/ChibiOS/os/hal/include"
 3558      645F7061 
 3558      7274792F 
 3558      43686962 
 3558      694F532F 
 3559 00c8 00       		.byte	0
 3560 00c9 74686972 		.ascii	"third_party/ChibiOS/os/hal/ports/STM32/LLD/USARTv3"
 3560      645F7061 
 3560      7274792F 
 3560      43686962 
 3560      694F532F 
 3561 00fb 00       		.byte	0
 3562 00fc 74686972 		.ascii	"third_party/ChibiOS/os/rt/include"
 3562      645F7061 
 3562      7274792F 
 3562      43686962 
 3562      694F532F 
 3563 011d 00       		.byte	0
 3564 011e 7372632F 		.ascii	"src/coms"
 3564      636F6D73 
 3565 0126 00       		.byte	0
 3566 0127 2F757372 		.ascii	"/usr/include/newlib/c++/10.3.1/arm-none-eabi/thumb/"
ARM GAS  /tmp/ccNBpKAw.s 			page 64


 3566      2F696E63 
 3566      6C756465 
 3566      2F6E6577 
 3566      6C69622F 
 3567 015a 7637652D 		.ascii	"v7e-m+dp/hard/bits"
 3567      6D2B6470 
 3567      2F686172 
 3567      642F6269 
 3567      7473
 3568 016c 00       		.byte	0
 3569 016d 2F757372 		.ascii	"/usr/include/newlib/c++/10.3.1"
 3569      2F696E63 
 3569      6C756465 
 3569      2F6E6577 
 3569      6C69622F 
 3570 018b 00       		.byte	0
 3571 018c 2F757372 		.ascii	"/usr/lib/gcc/arm-none-eabi/10.3.1/include"
 3571      2F6C6962 
 3571      2F676363 
 3571      2F61726D 
 3571      2D6E6F6E 
 3572 01b5 00       		.byte	0
 3573 01b6 00       		.byte	0
 3574 01b7 73746464 		.ascii	"stddef.h\000"
 3574      65662E68 
 3574      00
 3575 01c0 0A       		.uleb128 0xa
 3576 01c1 00       		.uleb128 0
 3577 01c2 00       		.uleb128 0
 3578 01c3 73746469 		.ascii	"stdint.h\000"
 3578      6E742E68 
 3578      00
 3579 01cc 0A       		.uleb128 0xa
 3580 01cd 00       		.uleb128 0
 3581 01ce 00       		.uleb128 0
 3582 01cf 63687479 		.ascii	"chtypes.h\000"
 3582      7065732E 
 3582      6800
 3583 01d9 02       		.uleb128 0x2
 3584 01da 00       		.uleb128 0
 3585 01db 00       		.uleb128 0
 3586 01dc 63686561 		.ascii	"chearly.h\000"
 3586      726C792E 
 3586      6800
 3587 01e6 06       		.uleb128 0x6
 3588 01e7 00       		.uleb128 0
 3589 01e8 00       		.uleb128 0
 3590 01e9 63686F62 		.ascii	"chobjects.h\000"
 3590      6A656374 
 3590      732E6800 
 3591 01f5 06       		.uleb128 0x6
 3592 01f6 00       		.uleb128 0
 3593 01f7 00       		.uleb128 0
 3594 01f8 63687266 		.ascii	"chrfcu.h\000"
 3594      63752E68 
 3594      00
 3595 0201 06       		.uleb128 0x6
ARM GAS  /tmp/ccNBpKAw.s 			page 65


 3596 0202 00       		.uleb128 0
 3597 0203 00       		.uleb128 0
 3598 0204 63686465 		.ascii	"chdebug.h\000"
 3598      6275672E 
 3598      6800
 3599 020e 06       		.uleb128 0x6
 3600 020f 00       		.uleb128 0
 3601 0210 00       		.uleb128 0
 3602 0211 63687469 		.ascii	"chtime.h\000"
 3602      6D652E68 
 3602      00
 3603 021a 06       		.uleb128 0x6
 3604 021b 00       		.uleb128 0
 3605 021c 00       		.uleb128 0
 3606 021d 63686C69 		.ascii	"chlists.h\000"
 3606      7374732E 
 3606      6800
 3607 0227 06       		.uleb128 0x6
 3608 0228 00       		.uleb128 0
 3609 0229 00       		.uleb128 0
 3610 022a 63687472 		.ascii	"chtrace.h\000"
 3610      6163652E 
 3610      6800
 3611 0234 06       		.uleb128 0x6
 3612 0235 00       		.uleb128 0
 3613 0236 00       		.uleb128 0
 3614 0237 73746D33 		.ascii	"stm32h743xx.h\000"
 3614      32683734 
 3614      3378782E 
 3614      6800
 3615 0245 01       		.uleb128 0x1
 3616 0246 00       		.uleb128 0
 3617 0247 00       		.uleb128 0
 3618 0248 73746D33 		.ascii	"stm32h7xx.h\000"
 3618      32683778 
 3618      782E6800 
 3619 0254 01       		.uleb128 0x1
 3620 0255 00       		.uleb128 0
 3621 0256 00       		.uleb128 0
 3622 0257 6368636F 		.ascii	"chcore.h\000"
 3622      72652E68 
 3622      00
 3623 0260 03       		.uleb128 0x3
 3624 0261 00       		.uleb128 0
 3625 0262 00       		.uleb128 0
 3626 0263 63687365 		.ascii	"chsem.h\000"
 3626      6D2E6800 
 3627 026b 06       		.uleb128 0x6
 3628 026c 00       		.uleb128 0
 3629 026d 00       		.uleb128 0
 3630 026e 63686D74 		.ascii	"chmtx.h\000"
 3630      782E6800 
 3631 0276 06       		.uleb128 0x6
 3632 0277 00       		.uleb128 0
 3633 0278 00       		.uleb128 0
 3634 0279 63686576 		.ascii	"chevents.h\000"
 3634      656E7473 
ARM GAS  /tmp/ccNBpKAw.s 			page 66


 3634      2E6800
 3635 0284 06       		.uleb128 0x6
 3636 0285 00       		.uleb128 0
 3637 0286 00       		.uleb128 0
 3638 0287 68616C5F 		.ascii	"hal_queues.h\000"
 3638      71756575 
 3638      65732E68 
 3638      00
 3639 0294 04       		.uleb128 0x4
 3640 0295 00       		.uleb128 0
 3641 0296 00       		.uleb128 0
 3642 0297 68616C5F 		.ascii	"hal_serial.h\000"
 3642      73657269 
 3642      616C2E68 
 3642      00
 3643 02a4 04       		.uleb128 0x4
 3644 02a5 00       		.uleb128 0
 3645 02a6 00       		.uleb128 0
 3646 02a7 68616C5F 		.ascii	"hal_serial_lld.h\000"
 3646      73657269 
 3646      616C5F6C 
 3646      6C642E68 
 3646      00
 3647 02b8 05       		.uleb128 0x5
 3648 02b9 00       		.uleb128 0
 3649 02ba 00       		.uleb128 0
 3650 02bb 63737464 		.ascii	"cstdint\000"
 3650      696E7400 
 3651 02c3 09       		.uleb128 0x9
 3652 02c4 00       		.uleb128 0
 3653 02c5 00       		.uleb128 0
 3654 02c6 632B2B63 		.ascii	"c++config.h\000"
 3654      6F6E6669 
 3654      672E6800 
 3655 02d2 08       		.uleb128 0x8
 3656 02d3 00       		.uleb128 0
 3657 02d4 00       		.uleb128 0
 3658 02d5 53425553 		.ascii	"SBUS.hpp\000"
 3658      2E687070 
 3658      00
 3659 02de 07       		.uleb128 0x7
 3660 02df 00       		.uleb128 0
 3661 02e0 00       		.uleb128 0
 3662 02e1 53425553 		.ascii	"SBUS.cpp\000"
 3662      2E637070 
 3662      00
 3663 02ea 07       		.uleb128 0x7
 3664 02eb 00       		.uleb128 0
 3665 02ec 00       		.uleb128 0
 3666 02ed 3C627569 		.ascii	"<built-in>\000"
 3666      6C742D69 
 3666      6E3E00
 3667 02f8 00       		.uleb128 0
 3668 02f9 00       		.uleb128 0
 3669 02fa 00       		.uleb128 0
 3670 02fb 00       		.byte	0
 3671              	.LELTP0:
ARM GAS  /tmp/ccNBpKAw.s 			page 67


 3672              	.LELT0:
 3673              		.section	.gnu.debuglto_.debug_str,"eMS",%progbits,1
 3674              	.LASF32:
 3675 0000 75696E74 		.ascii	"uint_fast16_t\000"
 3675      5F666173 
 3675      7431365F 
 3675      7400
 3676              	.LASF9:
 3677 000e 6C6F6E67 		.ascii	"long int\000"
 3677      20696E74 
 3677      00
 3678              	.LASF184:
 3679 0017 53657269 		.ascii	"SerialDriver\000"
 3679      616C4472 
 3679      69766572 
 3679      00
 3680              	.LASF64:
 3681 0024 6E616D65 		.ascii	"name\000"
 3681      00
 3682              	.LASF219:
 3683 0029 5F627566 		.ascii	"_buf\000"
 3683      00
 3684              	.LASF141:
 3685 002e 63685F72 		.ascii	"ch_registry\000"
 3685      65676973 
 3685      74727900 
 3686              	.LASF160:
 3687 003a 6C697374 		.ascii	"listener\000"
 3687      656E6572 
 3687      00
 3688              	.LASF163:
 3689 0043 6576656E 		.ascii	"event_source\000"
 3689      745F736F 
 3689      75726365 
 3689      00
 3690              	.LASF67:
 3691 0050 666C6167 		.ascii	"flags\000"
 3691      7300
 3692              	.LASF94:
 3693 0056 73797374 		.ascii	"systime_t\000"
 3693      696D655F 
 3693      7400
 3694              	.LASF73:
 3695 0060 7265616C 		.ascii	"realprio\000"
 3695      7072696F 
 3695      00
 3696              	.LASF117:
 3697 0069 62756666 		.ascii	"buffer\000"
 3697      657200
 3698              	.LASF115:
 3699 0070 73757370 		.ascii	"suspended\000"
 3699      656E6465 
 3699      6400
 3700              	.LASF185:
 3701 007a 68616C5F 		.ascii	"hal_serial_driver\000"
 3701      73657269 
 3701      616C5F64 
ARM GAS  /tmp/ccNBpKAw.s 			page 68


 3701      72697665 
 3701      7200
 3702              	.LASF166:
 3703 008c 696F5F71 		.ascii	"io_queue_t\000"
 3703      75657565 
 3703      5F7400
 3704              	.LASF71:
 3705 0097 6570656E 		.ascii	"epending\000"
 3705      64696E67 
 3705      00
 3706              	.LASF0:
 3707 00a0 756E7369 		.ascii	"unsigned int\000"
 3707      676E6564 
 3707      20696E74 
 3707      00
 3708              	.LASF98:
 3709 00ad 6E657874 		.ascii	"next\000"
 3709      00
 3710              	.LASF15:
 3711 00b2 75696E74 		.ascii	"uint32_t\000"
 3711      33325F74 
 3711      00
 3712              	.LASF235:
 3713 00bb 5F5F676E 		.ascii	"__gnu_cxx\000"
 3713      755F6378 
 3713      7800
 3714              	.LASF216:
 3715 00c5 6661696C 		.ascii	"failsafe\000"
 3715      73616665 
 3715      00
 3716              	.LASF81:
 3717 00ce 636F7265 		.ascii	"core_id\000"
 3717      5F696400 
 3718              	.LASF209:
 3719 00d6 75706461 		.ascii	"update\000"
 3719      746500
 3720              	.LASF37:
 3721 00dd 696E746D 		.ascii	"intmax_t\000"
 3721      61785F74 
 3721      00
 3722              	.LASF133:
 3723 00e6 4572726F 		.ascii	"ErrorStatus\000"
 3723      72537461 
 3723      74757300 
 3724              	.LASF28:
 3725 00f2 696E745F 		.ascii	"int_fast16_t\000"
 3725      66617374 
 3725      31365F74 
 3725      00
 3726              	.LASF68:
 3727 00ff 72656673 		.ascii	"refs\000"
 3727      00
 3728              	.LASF176:
 3729 0104 716E6F74 		.ascii	"qnotify_t\000"
 3729      6966795F 
 3729      7400
 3730              	.LASF56:
ARM GAS  /tmp/ccNBpKAw.s 			page 69


 3731 010e 77746F62 		.ascii	"wtobjp\000"
 3731      6A7000
 3732              	.LASF79:
 3733 0115 76746C69 		.ascii	"vtlist\000"
 3733      737400
 3734              	.LASF135:
 3735 011c 706F7274 		.ascii	"port_context\000"
 3735      5F636F6E 
 3735      74657874 
 3735      00
 3736              	.LASF124:
 3737 0129 466C6167 		.ascii	"FlagStatus\000"
 3737      53746174 
 3737      757300
 3738              	.LASF148:
 3739 0134 63685F72 		.ascii	"ch_ready_list\000"
 3739      65616479 
 3739      5F6C6973 
 3739      7400
 3740              	.LASF237:
 3741 0142 53746174 		.ascii	"State\000"
 3741      6500
 3742              	.LASF139:
 3743 0148 6C617374 		.ascii	"laststamp\000"
 3743      7374616D 
 3743      7000
 3744              	.LASF61:
 3745 0152 65776D61 		.ascii	"ewmask\000"
 3745      736B00
 3746              	.LASF101:
 3747 0159 70726576 		.ascii	"prev\000"
 3747      00
 3748              	.LASF103:
 3749 015e 63685F70 		.ascii	"ch_priority_queue\000"
 3749      72696F72 
 3749      6974795F 
 3749      71756575 
 3749      6500
 3750              	.LASF194:
 3751 0170 73706565 		.ascii	"speed\000"
 3751      6400
 3752              	.LASF203:
 3753 0176 77726974 		.ascii	"writet\000"
 3753      657400
 3754              	.LASF90:
 3755 017d 63685F73 		.ascii	"ch_system_debug\000"
 3755      79737465 
 3755      6D5F6465 
 3755      62756700 
 3756              	.LASF130:
 3757 018d 31314572 		.ascii	"11ErrorStatus\000"
 3757      726F7253 
 3757      74617475 
 3757      7300
 3758              	.LASF51:
 3759 019b 6C697374 		.ascii	"list\000"
 3759      00
ARM GAS  /tmp/ccNBpKAw.s 			page 70


 3760              	.LASF30:
 3761 01a0 696E745F 		.ascii	"int_fast64_t\000"
 3761      66617374 
 3761      36345F74 
 3761      00
 3762              	.LASF97:
 3763 01ad 63685F6C 		.ascii	"ch_list\000"
 3763      69737400 
 3764              	.LASF106:
 3765 01b5 63685F64 		.ascii	"ch_delta_list\000"
 3765      656C7461 
 3765      5F6C6973 
 3765      7400
 3766              	.LASF24:
 3767 01c3 75696E74 		.ascii	"uint_least16_t\000"
 3767      5F6C6561 
 3767      73743136 
 3767      5F7400
 3768              	.LASF4:
 3769 01d2 696E7438 		.ascii	"int8_t\000"
 3769      5F7400
 3770              	.LASF168:
 3771 01d9 715F7761 		.ascii	"q_waiting\000"
 3771      6974696E 
 3771      6700
 3772              	.LASF58:
 3773 01e3 73656E74 		.ascii	"sentmsg\000"
 3773      6D736700 
 3774              	.LASF119:
 3775 01eb 47545052 		.ascii	"GTPR\000"
 3775      00
 3776              	.LASF46:
 3777 01f0 6576656E 		.ascii	"eventmask_t\000"
 3777      746D6173 
 3777      6B5F7400 
 3778              	.LASF196:
 3779 01fc 53657269 		.ascii	"SerialConfig\000"
 3779      616C436F 
 3779      6E666967 
 3779      00
 3780              	.LASF239:
 3781 0209 5F5A4E31 		.ascii	"_ZN10SbusParser6unpackEPKhPt\000"
 3781      30536275 
 3781      73506172 
 3781      73657236 
 3781      756E7061 
 3782              	.LASF114:
 3783 0226 74726163 		.ascii	"trace_event_t\000"
 3783      655F6576 
 3783      656E745F 
 3783      7400
 3784              	.LASF183:
 3785 0234 73647374 		.ascii	"sdstate_t\000"
 3785      6174655F 
 3785      7400
 3786              	.LASF186:
 3787 023e 6576656E 		.ascii	"event\000"
ARM GAS  /tmp/ccNBpKAw.s 			page 71


 3787      7400
 3788              	.LASF146:
 3789 0244 63685F73 		.ascii	"ch_semaphore\000"
 3789      656D6170 
 3789      686F7265 
 3789      00
 3790              	.LASF44:
 3791 0251 74707269 		.ascii	"tprio_t\000"
 3791      6F5F7400 
 3792              	.LASF70:
 3793 0259 6D736771 		.ascii	"msgqueue\000"
 3793      75657565 
 3793      00
 3794              	.LASF218:
 3795 0262 5F737461 		.ascii	"_state\000"
 3795      746500
 3796              	.LASF156:
 3797 0269 6F735F69 		.ascii	"os_instance_config_t\000"
 3797      6E737461 
 3797      6E63655F 
 3797      636F6E66 
 3797      69675F74 
 3798              	.LASF213:
 3799 027e 6672616D 		.ascii	"frame_lost\000"
 3799      655F6C6F 
 3799      737400
 3800              	.LASF6:
 3801 0289 696E7431 		.ascii	"int16_t\000"
 3801      365F7400 
 3802              	.LASF20:
 3803 0291 696E745F 		.ascii	"int_least16_t\000"
 3803      6C656173 
 3803      7431365F 
 3803      7400
 3804              	.LASF38:
 3805 029f 75696E74 		.ascii	"uintmax_t\000"
 3805      6D61785F 
 3805      7400
 3806              	.LASF109:
 3807 02a9 68616C74 		.ascii	"halt\000"
 3807      00
 3808              	.LASF18:
 3809 02ae 6C6F6E67 		.ascii	"long long unsigned int\000"
 3809      206C6F6E 
 3809      6720756E 
 3809      7369676E 
 3809      65642069 
 3810              	.LASF206:
 3811 02c5 57414954 		.ascii	"WAIT_START\000"
 3811      5F535441 
 3811      525400
 3812              	.LASF108:
 3813 02d0 72656173 		.ascii	"reason\000"
 3813      6F6E00
 3814              	.LASF220:
 3815 02d7 5F636F75 		.ascii	"_count\000"
 3815      6E7400
ARM GAS  /tmp/ccNBpKAw.s 			page 72


 3816              	.LASF121:
 3817 02de 50524553 		.ascii	"PRESC\000"
 3817      4300
 3818              	.LASF164:
 3819 02e4 6576656E 		.ascii	"event_source_t\000"
 3819      745F736F 
 3819      75726365 
 3819      5F7400
 3820              	.LASF53:
 3821 02f3 70717565 		.ascii	"pqueue\000"
 3821      756500
 3822              	.LASF48:
 3823 02fa 636E745F 		.ascii	"cnt_t\000"
 3823      7400
 3824              	.LASF113:
 3825 0300 74696D65 		.ascii	"time\000"
 3825      00
 3826              	.LASF26:
 3827 0305 75696E74 		.ascii	"uint_least64_t\000"
 3827      5F6C6561 
 3827      73743634 
 3827      5F7400
 3828              	.LASF63:
 3829 0314 6F776E65 		.ascii	"owner\000"
 3829      7200
 3830              	.LASF153:
 3831 031a 6D61696E 		.ascii	"mainthread_end\000"
 3831      74687265 
 3831      61645F65 
 3831      6E6400
 3832              	.LASF145:
 3833 0329 74687265 		.ascii	"threads_queue_t\000"
 3833      6164735F 
 3833      71756575 
 3833      655F7400 
 3834              	.LASF72:
 3835 0339 6D74786C 		.ascii	"mtxlist\000"
 3835      69737400 
 3836              	.LASF136:
 3837 0341 63685F76 		.ascii	"ch_virtual_timers_list\000"
 3837      69727475 
 3837      616C5F74 
 3837      696D6572 
 3837      735F6C69 
 3838              	.LASF82:
 3839 0358 72666375 		.ascii	"rfcu\000"
 3839      00
 3840              	.LASF221:
 3841 035d 5F667261 		.ascii	"_frame_lost\000"
 3841      6D655F6C 
 3841      6F737400 
 3842              	.LASF50:
 3843 0369 74687265 		.ascii	"thread_t\000"
 3843      61645F74 
 3843      00
 3844              	.LASF110:
 3845 0372 75736572 		.ascii	"user\000"
ARM GAS  /tmp/ccNBpKAw.s 			page 73


 3845      00
 3846              	.LASF201:
 3847 0377 70757474 		.ascii	"putt\000"
 3847      00
 3848              	.LASF3:
 3849 037c 73697A65 		.ascii	"size_t\000"
 3849      5F7400
 3850              	.LASF54:
 3851 0383 7264796D 		.ascii	"rdymsg\000"
 3851      736700
 3852              	.LASF19:
 3853 038a 696E745F 		.ascii	"int_least8_t\000"
 3853      6C656173 
 3853      74385F74 
 3853      00
 3854              	.LASF10:
 3855 0397 696E7436 		.ascii	"int64_t\000"
 3855      345F7400 
 3856              	.LASF102:
 3857 039f 63685F70 		.ascii	"ch_priority_queue_t\000"
 3857      72696F72 
 3857      6974795F 
 3857      71756575 
 3857      655F7400 
 3858              	.LASF23:
 3859 03b3 75696E74 		.ascii	"uint_least8_t\000"
 3859      5F6C6561 
 3859      7374385F 
 3859      7400
 3860              	.LASF181:
 3861 03c1 53445F53 		.ascii	"SD_STOP\000"
 3861      544F5000 
 3862              	.LASF1:
 3863 03c9 6C6F6E67 		.ascii	"long long int\000"
 3863      206C6F6E 
 3863      6720696E 
 3863      7400
 3864              	.LASF83:
 3865 03d7 636F6E66 		.ascii	"config\000"
 3865      696700
 3866              	.LASF87:
 3867 03de 63685F72 		.ascii	"ch_rfcu\000"
 3867      66637500 
 3868              	.LASF147:
 3869 03e6 63685F6D 		.ascii	"ch_mutex\000"
 3869      75746578 
 3869      00
 3870              	.LASF229:
 3871 03ef 7372632F 		.ascii	"src/coms/SBUS.cpp\000"
 3871      636F6D73 
 3871      2F534255 
 3871      532E6370 
 3871      7000
 3872              	.LASF193:
 3873 0401 68616C5F 		.ascii	"hal_serial_config\000"
 3873      73657269 
 3873      616C5F63 
ARM GAS  /tmp/ccNBpKAw.s 			page 74


 3873      6F6E6669 
 3873      6700
 3874              	.LASF122:
 3875 0413 55534152 		.ascii	"USART_TypeDef\000"
 3875      545F5479 
 3875      70654465 
 3875      6600
 3876              	.LASF77:
 3877 0421 63685F6F 		.ascii	"ch_os_instance\000"
 3877      735F696E 
 3877      7374616E 
 3877      636500
 3878              	.LASF174:
 3879 0430 715F6E6F 		.ascii	"q_notify\000"
 3879      74696679 
 3879      00
 3880              	.LASF190:
 3881 0439 636C6F63 		.ascii	"clock\000"
 3881      6B00
 3882              	.LASF155:
 3883 043f 69646C65 		.ascii	"idlethread_end\000"
 3883      74687265 
 3883      61645F65 
 3883      6E6400
 3884              	.LASF217:
 3885 044e 5F5A4E4B 		.ascii	"_ZNK10SbusParser8failsafeEv\000"
 3885      31305362 
 3885      75735061 
 3885      72736572 
 3885      38666169 
 3886              	.LASF104:
 3887 046a 7072696F 		.ascii	"prio\000"
 3887      00
 3888              	.LASF225:
 3889 046f 6B536275 		.ascii	"kSbusSerialCfg\000"
 3889      73536572 
 3889      69616C43 
 3889      666700
 3890              	.LASF131:
 3891 047e 53554343 		.ascii	"SUCCESS\000"
 3891      45535300 
 3892              	.LASF92:
 3893 0486 63686172 		.ascii	"char\000"
 3893      00
 3894              	.LASF105:
 3895 048b 63685F64 		.ascii	"ch_delta_list_t\000"
 3895      656C7461 
 3895      5F6C6973 
 3895      745F7400 
 3896              	.LASF86:
 3897 049b 72666375 		.ascii	"rfcu_mask_t\000"
 3897      5F6D6173 
 3897      6B5F7400 
 3898              	.LASF127:
 3899 04a7 44495341 		.ascii	"DISABLE\000"
 3899      424C4500 
 3900              	.LASF143:
ARM GAS  /tmp/ccNBpKAw.s 			page 75


 3901 04af 74687265 		.ascii	"thread_reference_t\000"
 3901      61645F72 
 3901      65666572 
 3901      656E6365 
 3901      5F7400
 3902              	.LASF65:
 3903 04c2 77616261 		.ascii	"wabase\000"
 3903      736500
 3904              	.LASF172:
 3905 04c9 715F7772 		.ascii	"q_wrptr\000"
 3905      70747200 
 3906              	.LASF42:
 3907 04d1 74737461 		.ascii	"tstate_t\000"
 3907      74655F74 
 3907      00
 3908              	.LASF62:
 3909 04da 72717565 		.ascii	"rqueue\000"
 3909      756500
 3910              	.LASF152:
 3911 04e1 6D61696E 		.ascii	"mainthread_base\000"
 3911      74687265 
 3911      61645F62 
 3911      61736500 
 3912              	.LASF224:
 3913 04f1 64617461 		.ascii	"data\000"
 3913      00
 3914              	.LASF236:
 3915 04f6 53627573 		.ascii	"SbusParser\000"
 3915      50617273 
 3915      657200
 3916              	.LASF215:
 3917 0501 5F5A4E4B 		.ascii	"_ZNK10SbusParser10frame_lostEv\000"
 3917      31305362 
 3917      75735061 
 3917      72736572 
 3917      31306672 
 3918              	.LASF169:
 3919 0520 715F636F 		.ascii	"q_counter\000"
 3919      756E7465 
 3919      7200
 3920              	.LASF11:
 3921 052a 75696E74 		.ascii	"uint8_t\000"
 3921      385F7400 
 3922              	.LASF120:
 3923 0532 52544F52 		.ascii	"RTOR\000"
 3923      00
 3924              	.LASF177:
 3925 0537 696E7075 		.ascii	"input_queue_t\000"
 3925      745F7175 
 3925      6575655F 
 3925      7400
 3926              	.LASF126:
 3927 0545 31354675 		.ascii	"15FunctionalState\000"
 3927      6E637469 
 3927      6F6E616C 
 3927      53746174 
 3927      6500
ARM GAS  /tmp/ccNBpKAw.s 			page 76


 3928              	.LASF76:
 3929 0557 63685F74 		.ascii	"ch_thread\000"
 3929      68726561 
 3929      6400
 3930              	.LASF233:
 3931 0561 31347472 		.ascii	"14trace_buffer_t\000"
 3931      6163655F 
 3931      62756666 
 3931      65725F74 
 3931      00
 3932              	.LASF189:
 3933 0572 75736172 		.ascii	"usart\000"
 3933      7400
 3934              	.LASF93:
 3935 0578 73797374 		.ascii	"system_debug_t\000"
 3935      656D5F64 
 3935      65627567 
 3935      5F7400
 3936              	.LASF144:
 3937 0587 63685F74 		.ascii	"ch_threads_queue\000"
 3937      68726561 
 3937      64735F71 
 3937      75657565 
 3937      00
 3938              	.LASF199:
 3939 0598 77726974 		.ascii	"write\000"
 3939      6500
 3940              	.LASF159:
 3941 059e 6576656E 		.ascii	"event_listener\000"
 3941      745F6C69 
 3941      7374656E 
 3941      657200
 3942              	.LASF45:
 3943 05ad 6D73675F 		.ascii	"msg_t\000"
 3943      7400
 3944              	.LASF165:
 3945 05b3 626F6F6C 		.ascii	"bool\000"
 3945      00
 3946              	.LASF205:
 3947 05b8 5F5F6378 		.ascii	"__cxx11\000"
 3947      78313100 
 3948              	.LASF204:
 3949 05c0 72656164 		.ascii	"readt\000"
 3949      7400
 3950              	.LASF142:
 3951 05c6 72656769 		.ascii	"registry_t\000"
 3951      73747279 
 3951      5F7400
 3952              	.LASF27:
 3953 05d1 696E745F 		.ascii	"int_fast8_t\000"
 3953      66617374 
 3953      385F7400 
 3954              	.LASF198:
 3955 05dd 696E7374 		.ascii	"instance_offset\000"
 3955      616E6365 
 3955      5F6F6666 
 3955      73657400 
ARM GAS  /tmp/ccNBpKAw.s 			page 77


 3956              	.LASF187:
 3957 05ed 69717565 		.ascii	"iqueue\000"
 3957      756500
 3958              	.LASF116:
 3959 05f4 73697A65 		.ascii	"size\000"
 3959      00
 3960              	.LASF22:
 3961 05f9 696E745F 		.ascii	"int_least64_t\000"
 3961      6C656173 
 3961      7436345F 
 3961      7400
 3962              	.LASF129:
 3963 0607 46756E63 		.ascii	"FunctionalState\000"
 3963      74696F6E 
 3963      616C5374 
 3963      61746500 
 3964              	.LASF33:
 3965 0617 75696E74 		.ascii	"uint_fast32_t\000"
 3965      5F666173 
 3965      7433325F 
 3965      7400
 3966              	.LASF230:
 3967 0625 2F686F6D 		.ascii	"/home/ian/Documents/BPRL_balance\000"
 3967      652F6961 
 3967      6E2F446F 
 3967      63756D65 
 3967      6E74732F 
 3968              	.LASF88:
 3969 0646 6D61736B 		.ascii	"mask\000"
 3969      00
 3970              	.LASF16:
 3971 064b 6C6F6E67 		.ascii	"long unsigned int\000"
 3971      20756E73 
 3971      69676E65 
 3971      6420696E 
 3971      7400
 3972              	.LASF95:
 3973 065d 73797369 		.ascii	"sysinterval_t\000"
 3973      6E746572 
 3973      76616C5F 
 3973      7400
 3974              	.LASF99:
 3975 066b 63685F71 		.ascii	"ch_queue_t\000"
 3975      75657565 
 3975      5F7400
 3976              	.LASF47:
 3977 0676 6576656E 		.ascii	"eventflags_t\000"
 3977      74666C61 
 3977      67735F74 
 3977      00
 3978              	.LASF118:
 3979 0683 74726163 		.ascii	"trace_buffer_t\000"
 3979      655F6275 
 3979      66666572 
 3979      5F7400
 3980              	.LASF41:
 3981 0692 746D6F64 		.ascii	"tmode_t\000"
ARM GAS  /tmp/ccNBpKAw.s 			page 78


 3981      655F7400 
 3982              	.LASF84:
 3983 069a 6D61696E 		.ascii	"mainthread\000"
 3983      74687265 
 3983      616400
 3984              	.LASF14:
 3985 06a5 73686F72 		.ascii	"short unsigned int\000"
 3985      7420756E 
 3985      7369676E 
 3985      65642069 
 3985      6E7400
 3986              	.LASF2:
 3987 06b8 6C6F6E67 		.ascii	"long double\000"
 3987      20646F75 
 3987      626C6500 
 3988              	.LASF35:
 3989 06c4 696E7470 		.ascii	"intptr_t\000"
 3989      74725F74 
 3989      00
 3990              	.LASF188:
 3991 06cd 6F717565 		.ascii	"oqueue\000"
 3991      756500
 3992              	.LASF13:
 3993 06d4 75696E74 		.ascii	"uint16_t\000"
 3993      31365F74 
 3993      00
 3994              	.LASF96:
 3995 06dd 63685F6C 		.ascii	"ch_list_t\000"
 3995      6973745F 
 3995      7400
 3996              	.LASF226:
 3997 06e7 74686973 		.ascii	"this\000"
 3997      00
 3998              	.LASF212:
 3999 06ec 6368616E 		.ascii	"channel\000"
 3999      6E656C00 
 4000              	.LASF238:
 4001 06f4 756E7061 		.ascii	"unpack\000"
 4001      636B00
 4002              	.LASF182:
 4003 06fb 53445F52 		.ascii	"SD_READY\000"
 4003      45414459 
 4003      00
 4004              	.LASF228:
 4005 0704 474E5520 		.ascii	"GNU C++14 10.3.1 20210621 (release) -mcpu=cortex-m7"
 4005      432B2B31 
 4005      34203130 
 4005      2E332E31 
 4005      20323032 
 4006 0737 202D6D74 		.ascii	" -mthumb -mfloat-abi=hard -mfpu=fpv5-d16 -march=arm"
 4006      68756D62 
 4006      202D6D66 
 4006      6C6F6174 
 4006      2D616269 
 4007 076a 7637652D 		.ascii	"v7e-m+fp.dp -ggdb -O2 -fomit-frame-pointer -falign-"
 4007      6D2B6670 
 4007      2E647020 
ARM GAS  /tmp/ccNBpKAw.s 			page 79


 4007      2D676764 
 4007      62202D4F 
 4008 079d 66756E63 		.ascii	"functions=16 -ffunction-sections -fdata-sections -f"
 4008      74696F6E 
 4008      733D3136 
 4008      202D6666 
 4008      756E6374 
 4009 07d0 6E6F2D63 		.ascii	"no-common -flto -fno-rtti\000"
 4009      6F6D6D6F 
 4009      6E202D66 
 4009      6C746F20 
 4009      2D666E6F 
 4010              	.LASF29:
 4011 07ea 696E745F 		.ascii	"int_fast32_t\000"
 4011      66617374 
 4011      33325F74 
 4011      00
 4012              	.LASF191:
 4013 07f7 72786D61 		.ascii	"rxmask\000"
 4013      736B00
 4014              	.LASF175:
 4015 07fe 715F6C69 		.ascii	"q_link\000"
 4015      6E6B00
 4016              	.LASF7:
 4017 0805 73686F72 		.ascii	"short int\000"
 4017      7420696E 
 4017      7400
 4018              	.LASF162:
 4019 080f 77666C61 		.ascii	"wflags\000"
 4019      677300
 4020              	.LASF134:
 4021 0816 706F7274 		.ascii	"port_intctx\000"
 4021      5F696E74 
 4021      63747800 
 4022              	.LASF39:
 4023 0822 706F7274 		.ascii	"port_stkalign_t\000"
 4023      5F73746B 
 4023      616C6967 
 4023      6E5F7400 
 4024              	.LASF178:
 4025 0832 6F757470 		.ascii	"output_queue_t\000"
 4025      75745F71 
 4025      75657565 
 4025      5F7400
 4026              	.LASF232:
 4027 0841 31337472 		.ascii	"13trace_event_t\000"
 4027      6163655F 
 4027      6576656E 
 4027      745F7400 
 4028              	.LASF151:
 4029 0851 63685F6F 		.ascii	"ch_os_instance_config\000"
 4029      735F696E 
 4029      7374616E 
 4029      63655F63 
 4029      6F6E6669 
 4030              	.LASF137:
 4031 0867 646C6973 		.ascii	"dlist\000"
ARM GAS  /tmp/ccNBpKAw.s 			page 80


 4031      7400
 4032              	.LASF123:
 4033 086d 52455345 		.ascii	"RESET\000"
 4033      5400
 4034              	.LASF138:
 4035 0873 6C617374 		.ascii	"lasttime\000"
 4035      74696D65 
 4035      00
 4036              	.LASF17:
 4037 087c 75696E74 		.ascii	"uint64_t\000"
 4037      36345F74 
 4037      00
 4038              	.LASF78:
 4039 0885 726C6973 		.ascii	"rlist\000"
 4039      7400
 4040              	.LASF34:
 4041 088b 75696E74 		.ascii	"uint_fast64_t\000"
 4041      5F666173 
 4041      7436345F 
 4041      7400
 4042              	.LASF200:
 4043 0899 72656164 		.ascii	"read\000"
 4043      00
 4044              	.LASF180:
 4045 089e 53445F55 		.ascii	"SD_UNINIT\000"
 4045      4E494E49 
 4045      5400
 4046              	.LASF132:
 4047 08a8 4552524F 		.ascii	"ERROR\000"
 4047      5200
 4048              	.LASF25:
 4049 08ae 75696E74 		.ascii	"uint_least32_t\000"
 4049      5F6C6561 
 4049      73743332 
 4049      5F7400
 4050              	.LASF36:
 4051 08bd 75696E74 		.ascii	"uintptr_t\000"
 4051      7074725F 
 4051      7400
 4052              	.LASF202:
 4053 08c7 67657474 		.ascii	"gett\000"
 4053      00
 4054              	.LASF208:
 4055 08cc 696E6974 		.ascii	"init\000"
 4055      00
 4056              	.LASF171:
 4057 08d1 715F746F 		.ascii	"q_top\000"
 4057      7000
 4058              	.LASF128:
 4059 08d7 454E4142 		.ascii	"ENABLE\000"
 4059      4C4500
 4060              	.LASF43:
 4061 08de 74726566 		.ascii	"trefs_t\000"
 4061      735F7400 
 4062              	.LASF195:
 4063 08e6 6972715F 		.ascii	"irq_cb\000"
 4063      636200
ARM GAS  /tmp/ccNBpKAw.s 			page 81


 4064              	.LASF158:
 4065 08ed 6576656E 		.ascii	"event_listener_t\000"
 4065      745F6C69 
 4065      7374656E 
 4065      65725F74 
 4065      00
 4066              	.LASF150:
 4067 08fe 72656164 		.ascii	"ready_list_t\000"
 4067      795F6C69 
 4067      73745F74 
 4067      00
 4068              	.LASF207:
 4069 090b 494E5F46 		.ascii	"IN_FRAME\000"
 4069      52414D45 
 4069      00
 4070              	.LASF112:
 4071 0914 72747374 		.ascii	"rtstamp\000"
 4071      616D7000 
 4072              	.LASF52:
 4073 091c 71756575 		.ascii	"queue\000"
 4073      6500
 4074              	.LASF8:
 4075 0922 696E7433 		.ascii	"int32_t\000"
 4075      325F7400 
 4076              	.LASF21:
 4077 092a 696E745F 		.ascii	"int_least32_t\000"
 4077      6C656173 
 4077      7433325F 
 4077      7400
 4078              	.LASF89:
 4079 0938 72666375 		.ascii	"rfcu_t\000"
 4079      5F7400
 4080              	.LASF85:
 4081 093f 74726163 		.ascii	"trace_buffer\000"
 4081      655F6275 
 4081      66666572 
 4081      00
 4082              	.LASF59:
 4083 094c 77747365 		.ascii	"wtsemp\000"
 4083      6D7000
 4084              	.LASF227:
 4085 0953 62797465 		.ascii	"byte\000"
 4085      00
 4086              	.LASF210:
 4087 0958 5F5A4E31 		.ascii	"_ZN10SbusParser4initEv\000"
 4087      30536275 
 4087      73506172 
 4087      73657234 
 4087      696E6974 
 4088              	.LASF100:
 4089 096f 63685F71 		.ascii	"ch_queue\000"
 4089      75657565 
 4089      00
 4090              	.LASF157:
 4091 0978 6D757465 		.ascii	"mutex_t\000"
 4091      785F7400 
 4092              	.LASF111:
ARM GAS  /tmp/ccNBpKAw.s 			page 82


 4093 0980 74797065 		.ascii	"type\000"
 4093      00
 4094              	.LASF12:
 4095 0985 756E7369 		.ascii	"unsigned char\000"
 4095      676E6564 
 4095      20636861 
 4095      7200
 4096              	.LASF69:
 4097 0993 77616974 		.ascii	"waiting\000"
 4097      696E6700 
 4098              	.LASF140:
 4099 099b 76697274 		.ascii	"virtual_timers_list_t\000"
 4099      75616C5F 
 4099      74696D65 
 4099      72735F6C 
 4099      6973745F 
 4100              	.LASF91:
 4101 09b1 70616E69 		.ascii	"panic_msg\000"
 4101      635F6D73 
 4101      6700
 4102              	.LASF161:
 4103 09bb 6576656E 		.ascii	"events\000"
 4103      747300
 4104              	.LASF231:
 4105 09c2 6465636C 		.ascii	"decltype(nullptr)\000"
 4105      74797065 
 4105      286E756C 
 4105      6C707472 
 4105      2900
 4106              	.LASF31:
 4107 09d4 75696E74 		.ascii	"uint_fast8_t\000"
 4107      5F666173 
 4107      74385F74 
 4107      00
 4108              	.LASF66:
 4109 09e1 73746174 		.ascii	"state\000"
 4109      6500
 4110              	.LASF223:
 4111 09e7 675F7362 		.ascii	"g_sbus\000"
 4111      757300
 4112              	.LASF75:
 4113 09ee 6F735F69 		.ascii	"os_instance_t\000"
 4113      6E737461 
 4113      6E63655F 
 4113      7400
 4114              	.LASF80:
 4115 09fc 7265676C 		.ascii	"reglist\000"
 4115      69737400 
 4116              	.LASF57:
 4117 0a04 77747472 		.ascii	"wttrp\000"
 4117      7000
 4118              	.LASF154:
 4119 0a0a 69646C65 		.ascii	"idlethread_base\000"
 4119      74687265 
 4119      61645F62 
 4119      61736500 
 4120              	.LASF5:
ARM GAS  /tmp/ccNBpKAw.s 			page 83


 4121 0a1a 7369676E 		.ascii	"signed char\000"
 4121      65642063 
 4121      68617200 
 4122              	.LASF107:
 4123 0a26 64656C74 		.ascii	"delta\000"
 4123      6100
 4124              	.LASF167:
 4125 0a2c 696F5F71 		.ascii	"io_queue\000"
 4125      75657565 
 4125      00
 4126              	.LASF197:
 4127 0a35 53657269 		.ascii	"SerialDriverVMT\000"
 4127      616C4472 
 4127      69766572 
 4127      564D5400 
 4128              	.LASF222:
 4129 0a45 5F666169 		.ascii	"_failsafe\000"
 4129      6C736166 
 4129      6500
 4130              	.LASF192:
 4131 0a4f 75617274 		.ascii	"uartirq_t\000"
 4131      6972715F 
 4131      7400
 4132              	.LASF40:
 4133 0a59 73746B61 		.ascii	"stkalign_t\000"
 4133      6C69676E 
 4133      5F7400
 4134              	.LASF211:
 4135 0a64 5F5A4E31 		.ascii	"_ZN10SbusParser6updateEv\000"
 4135      30536275 
 4135      73506172 
 4135      73657236 
 4135      75706461 
 4136              	.LASF149:
 4137 0a7d 63757272 		.ascii	"current\000"
 4137      656E7400 
 4138              	.LASF179:
 4139 0a85 39736473 		.ascii	"9sdstate_t\000"
 4139      74617465 
 4139      5F7400
 4140              	.LASF125:
 4141 0a90 3130466C 		.ascii	"10FlagStatus\000"
 4141      61675374 
 4141      61747573 
 4141      00
 4142              	.LASF173:
 4143 0a9d 715F7264 		.ascii	"q_rdptr\000"
 4143      70747200 
 4144              	.LASF60:
 4145 0aa5 77746D74 		.ascii	"wtmtxp\000"
 4145      787000
 4146              	.LASF234:
 4147 0aac 31335553 		.ascii	"13USART_TypeDef\000"
 4147      4152545F 
 4147      54797065 
 4147      44656600 
 4148              	.LASF55:
ARM GAS  /tmp/ccNBpKAw.s 			page 84


 4149 0abc 65786974 		.ascii	"exitcode\000"
 4149      636F6465 
 4149      00
 4150              	.LASF49:
 4151 0ac5 636F7265 		.ascii	"core_id_t\000"
 4151      5F69645F 
 4151      7400
 4152              	.LASF214:
 4153 0acf 5F5A4E4B 		.ascii	"_ZNK10SbusParser7channelEh\000"
 4153      31305362 
 4153      75735061 
 4153      72736572 
 4153      37636861 
 4154              	.LASF170:
 4155 0aea 715F6275 		.ascii	"q_buffer\000"
 4155      66666572 
 4155      00
 4156              	.LASF74:
 4157 0af3 6D706F6F 		.ascii	"mpool\000"
 4157      6C00
 4158              		.text
 4159              		.section	.gnu.lto_.odr_types.4849b4ed44245664,"e",%progbits
 4160 0000 789C3364 		.ascii	"x\2343d``\330\307\000\001L\214\314\274\034\214\014\022"
 4160      6060D8C7 
 4160      00014C8C 
 4160      CCBC1C8C 
 4160      0C12
 4161 0012 1C8C8C8A 		.ascii	"\034\214\214\212\034\214L\377\257\235k|?c\332v\211]"
 4161      1C8C4CFF 
 4161      AF9D6B7C 
 4161      3F63DA76 
 4161      895D
 4162 0024 87DFF2D6 		.ascii	"\207\337\362\3261Ma\004\312-\000\022\214\347\267ml\357"
 4162      314D6104 
 4162      CA2D0012 
 4162      8CE7B76D 
 4162      6CEF
 4163 0036 BABA642F 		.ascii	"\272\272d/#\267eqJqIbIj|\011\003W\260K|\250\237\247"
 4163      23B76571 
 4163      4A714962 
 4163      496A7C09 
 4163      0357B04B 
 4164 004e 9F670803 		.ascii	"\237g\010\003\007\220\031\034\342\037\300\300\011d\004"
 4164      0790191C 
 4164      E21FC0C0 
 4164      096404
 4165 005d B93ABA44 		.ascii	"\271:\272D2(\352g\344\347\246\352g&\346\351\273\344"
 4165      3228EA67 
 4165      E4E7A6EA 
 4165      6726E6E9 
 4165      BBE4
 4166 006f 2797E6A6 		.ascii	"'\227\346\246\346\225\024\353;\005\004\371\304'%\346"
 4166      E69514EB 
 4166      3B0504F9 
 4166      C42725E6 
 4167 007f 24E625A7 		.ascii	"$\346%\2472\030\224dd\026\245\304\027$\026\225T\352"
 4167      32189464 
ARM GAS  /tmp/ccNBpKAw.s 			page 85


 4167      6416A5C4 
 4167      17241695 
 4167      54EA
 4168 0091 3B676426 		.ascii	";gd&e\372\007\353\347\027\353g$\346\350g\346%\347\224"
 4168      65FA07EB 
 4168      E717EB67 
 4168      24E6E867 
 4168      E625E794 
 4169 00a5 A6A482D8 		.ascii	"\246\244\202\330\361\305\251E\231\2119z\031\014\242"
 4169      F1C5A945 
 4169      9989397A 
 4169      190CA2
 4170 00b4 7E8606C1 		.ascii	"~\206\006\301I\245\305\001\211E@1\323`\220;\\\031\270"
 4170      49A5C501 
 4170      89454031 
 4170      D360903B 
 4170      5C19B8
 4171 00c7 C31D3D43 		.ascii	"\303\035=C\200\266;\006\2050pz\372\305\273\0059\372"
 4171      80B63B06 
 4171      8530707A 
 4171      FAC5BB05 
 4171      39FA
 4172 00d9 BA3288E8 		.ascii	"\2722\210\350\351\027\027%\353'\347\347\026\353\007"
 4172      E9171725 
 4172      EB27E7E7 
 4172      16EB07
 4173 00e8 3B8506EB 		.ascii	";\205\006\353e\024\0240\000\000\342\347M\322"
 4173      65141430 
 4173      0000E2E7 
 4173      4DD2
 4174              		.text
 4175              		.section	.gnu.lto_.profile.4849b4ed44245664,"e",%progbits
 4176 0000 789C6361 		.ascii	"x\234ca\000\002FV\006\000\0005\000\013"
 4176      00024656 
 4176      06000035 
 4176      000B
 4177              		.text
 4178              		.section	.gnu.lto_.icf.4849b4ed44245664,"e",%progbits
 4179 0000 789C5363 		.ascii	"x\234Sc@\0006\206\303\267\246\376\341d\232\276\354\356"
 4179      40003686 
 4179      C3B7A6FE 
 4179      E1649ABE 
 4179      ECEE
 4180 0012 7F4EE633 		.ascii	"\177N\3463\377\246\234bg\351\377ph&\033k\317\333{M,"
 4180      FFA69C62 
 4180      67E9FF70 
 4180      68261B6B 
 4180      CFDB7B4D 
 4181 0027 6CAF76F7 		.ascii	"l\257v\367t\2630\000\000s6\022F"
 4181      74B33000 
 4181      00733612 
 4181      46
 4182              		.text
 4183              		.section	.gnu.lto_.ipa_sra.4849b4ed44245664,"e",%progbits
 4184 0000 789CD361 		.ascii	"x\234\323a@\000\026\006F\006\016\006vF\006Ff&0\027\010"
 4184      40001606 
 4184      46060E06 
ARM GAS  /tmp/ccNBpKAw.s 			page 86


 4184      76460646 
 4184      66263017 
 4185 0015 98599860 		.ascii	"\230Y\230`\322\214\254\214`\212\001D\001\000\017\216"
 4185      D28CAC8C 
 4185      608A0144 
 4185      01000F8E 
 4186 0025 005E     		.ascii	"\000^"
 4187              		.text
 4188              		.section	.gnu.lto_.inline.4849b4ed44245664,"e",%progbits
 4189 0000 789CFBC4 		.ascii	"x\234\373\304\200\000,\014\014l\015\015\015\007\230"
 4189      80002C0C 
 4189      0C6C0D0D 
 4189      0D0798
 4190 000f D3181998 		.ascii	"\323\030\031\230\030\030\032\201\354:\210P\003S\012"
 4190      18181A81 
 4190      EC3A8850 
 4190      03530A
 4191 001e 13488881 		.ascii	"\023H\210\201\231\007H\000\031\314\014\354\317\317\314"
 4191      99074800 
 4191      19CC0CEC 
 4191      CFCFCC
 4192 002d BCCC94CA 		.ascii	"\274\314\224\312\310\304\230\263\204\231a\0223\220`"
 4192      C8C498B3 
 4192      84996112 
 4192      339060
 4193 003c E4676060 		.ascii	"\344g``d\0042\200\200\015\233~\026\010\223\201\203\201"
 4193      64043280 
 4193      800D9B7E 
 4193      16089381 
 4193      8381
 4194 004e 71E6E667 		.ascii	"q\346\346gg\230\022Y\200bLp\016\320\001L`f\022\013\003"
 4194      67981259 
 4194      80624C70 
 4194      0ED0014C 
 4194      6066120B 
 4195 0063 070BD841 		.ascii	"\007\013\330AR\317\232\247|a\312\006\272G\017\310\372"
 4195      52CF9AA7 
 4195      7C61CA06 
 4195      BA470FC8 
 4195      FA
 4196 0074 C4948DE6 		.ascii	"\304\224\215\346\036VF\343\263[g\315\007\252`d\000\332"
 4196      1E5646E3 
 4196      B35B67CD 
 4196      07AA6064 
 4196      00DA
 4197 0086 CC08729D 		.ascii	"\314\010r\235\355\352io\0362e20\010O_\264{%s\032\314"
 4197      EDEA696F 
 4197      1E326532 
 4197      30084F5F 
 4197      B47B2573 
 4198 009c E54049A6 		.ascii	"\345@I\246\011~\023\3748D\030\301~\005\002\000\340\025"
 4198      097E13FC 
 4198      384418C1 
 4198      7E050200 
 4198      E015
 4199 00ae 3741     		.ascii	"7A"
 4200              		.text
ARM GAS  /tmp/ccNBpKAw.s 			page 87


 4201              		.section	.gnu.lto_.jmpfuncs.4849b4ed44245664,"e",%progbits
 4202 0000 789C7D8E 		.ascii	"x\234}\216\313\015\203@\014D\347a\023\270\321B:\335"
 4202      CB0D8340 
 4202      0C44E761 
 4202      13B8D142 
 4202      3ADD
 4203 0012 1E52C31E 		.ascii	"\036R\303\036R\000\334\251\212\023\022\354'\012H\220"
 4203      5200DCA9 
 4203      8A1312EC 
 4203      270A4890 
 4204 0022 581A591E 		.ascii	"X\032Y\036\275\331\235E\307\270@\212\206\333\333$fG"
 4204      BDD99D45 
 4204      C7B8408A 
 4204      86DBDB24 
 4204      6647
 4205 0034 495B9A81 		.ascii	"I[\232\201\346e\321\032\250\253x\211\342K\255\225b\204"
 4205      E665D11A 
 4205      A8AB7889 
 4205      E24BAD95 
 4205      6284
 4206 0046 890C5A88 		.ascii	"\211\014Z\210\226%\377\034\236\324\266@\310_\\\336\257"
 4206      9625FF1C 
 4206      9ED4B640 
 4206      C85F5CDE 
 4206      AF
 4207 0057 C91F767F 		.ascii	"\311\037v\177\327\350o\242\364}P\013\026B\305\352N\001"
 4207      D7E86FA2 
 4207      F47D500B 
 4207      1642C5EA 
 4207      4E01
 4208 0069 293CB503 		.ascii	")<\265\003\006\231?("
 4208      06993F28 
 4209              		.text
 4210              		.section	.gnu.lto_.pureconst.4849b4ed44245664,"e",%progbits
 4211 0000 789CE365 		.ascii	"x\234\343e```a\230\301\302\334\312\3022\213\205u\026"
 4211      60606061 
 4211      98C1C2DC 
 4211      CAC2328B 
 4211      857516
 4212 0013 0B0010A2 		.ascii	"\013\000\020\242\002\177"
 4212      027F
 4213              		.text
 4214              		.section	.gnu.lto_.lto.4849b4ed44245664,"e",%progbits
 4215 0000 09000400 		.ascii	"\011\000\004\000\001\000\000\000"
 4215      01000000 
 4216              		.text
 4217              		.section	.gnu.lto_g_sbus.437.4849b4ed44245664,"e",%progbits
 4218 0000 789C2DCB 		.ascii	"x\234-\313\313\015\2000\014\203a;nw\340\312\030\235"
 4218      CB0D8030 
 4218      0C83613B 
 4218      6E77E0CA 
 4218      189D
 4219 0012 85652A46 		.ascii	"\205e*F\340Lo\035\201\327x\030\321\034>E\177\224\005"
 4219      E04C6F1D 
 4219      81D77818 
 4219      D11C3E45 
 4219      7F9405
ARM GAS  /tmp/ccNBpKAw.s 			page 88


 4220 0025 80F0CF2E 		.ascii	"\200\360\317.n\352\002\351\255D\027G\011~\2679\2344"
 4220      6EEA02E9 
 4220      AD441747 
 4220      097EB739 
 4220      9C34
 4221 0037 5222CA5A 		.ascii	"R\"\312Z\353\324\225\233?\0366\221\267\015^V<m\342a"
 4221      EBD4959B 
 4221      3F1E3691 
 4221      B70D5E56 
 4221      3C6DE261 
 4222 004b B305F102 		.ascii	"\263\005\361\002\265\265\023\214"
 4222      B5B5138C 
 4223              		.text
 4224              		.section	.gnu.lto__ZL14kSbusSerialCfg.438.4849b4ed44245664,"e",%progbits
 4225 0000 789CF365 		.ascii	"x\234\363e```d\200\2009\314\214\223\230\2270\003\371"
 4225      60606064 
 4225      808039CC 
 4225      8C939897 
 4225      3003F9
 4226 0013 50162363 		.ascii	"P\026#c\303\003$\266\006\\\301\202^6\313\246\216\006"
 4226      C30324B6 
 4226      065CC182 
 4226      5E36CBA6 
 4226      8E06
 4227 0025 8125CC4C 		.ascii	"\201%\314Ls\201\334\355\214s\201\362\333\200$\023\343"
 4227      7381DCED 
 4227      8C7381F2 
 4227      DB802413 
 4227      E3
 4228 0036 5620C9CC 		.ascii	"V \311\314\270\205\221\001\000\003\315\022\340"
 4228      B8859101 
 4228      0003CD12 
 4228      E0
 4229              		.text
 4230              		.section	.gnu.lto__ZN10SbusParser4initEv.439.4849b4ed44245664,"e",%progbits
 4231 0000 789C4590 		.ascii	"x\234E\220;K\003A\024\205\357\331\273y\265\301\037\240"
 4231      3B4B0341 
 4231      1485EFD9 
 4231      BB79B5C1 
 4231      1FA0
 4232 0012 58A84D16 		.ascii	"X\250M\026A\243\202\205\004K\0211\330*qMH\300<0\261"
 4232      41A38285 
 4232      044B1131 
 4232      D82A714D 
 4232      48C03C30 
 4233 0027 CE24188B 		.ascii	"\316$\030\2134y\265!\244XB\254\254TD\305\025\304\037"
 4233      3479B521 
 4233      A45842AC 
 4233      AC5444C5 
 4233      15C41F
 4234 003a 6013ECC4 		.ascii	"`\023\354\304\322J\254,\004\275\273It`\340\234\303|"
 4234      D24AAC2C 
 4234      04BDBB49 
 4234      7460E09C 
 4234      C37C
 4235 004c 73CFCC3C 		.ascii	"s\317\314<\2106\211hZ6\230\320lT5RJ\255\3714\224\032"
 4235      88368968 
ARM GAS  /tmp/ccNBpKAw.s 			page 89


 4235      5A3698D0 
 4235      6C543552 
 4235      4AADF934 
 4236 0062 D500AEE1 		.ascii	"\325\000\256\341:PQC\021-\236\023\373Ui\235\355\252"
 4236      3A505143 
 4236      112D9E13 
 4236      FB55699D 
 4236      EDAA
 4237 0074 BE0D8B89 		.ascii	"\276\015\213\211:\262\335\325f4\331b@\037)\015\223\242"
 4237      3AB2DDD5 
 4237      6634D962 
 4237      401F290D 
 4237      93A2
 4238 0086 7889661E 		.ascii	"x\211f\036\225\252\267\273\266n1\343\012B\340\022\270"
 4238      95AAB7BB 
 4238      B66E31E3 
 4238      0A42E012 
 4238      B8
 4239 0097 90D112AC 		.ascii	"\220\321\022\254\366f\211\274\343{$\243\363g\217\255"
 4239      F66689BC 
 4239      E37B24A3 
 4239      F3678FAD 
 4240 00a7 BE7F6A4A 		.ascii	"\276\177jJ\015\202O\036\211k\354TR:\224MTgmhJb\336\241"
 4240      0D824F1E 
 4240      896BEC54 
 4240      523A944D 
 4240      54676D68 
 4241 00bf DE0613F4 		.ascii	"\336\006\023\364\201Jw\205N\240Y\254w\030\177]<p\224"
 4241      814A7785 
 4241      4EA059AC 
 4241      77187F5D 
 4241      3C7094
 4242 00d2 9B7BFAEC 		.ascii	"\233{\372\354\306=\310P/n\201\033\010QV\312\357\234"
 4242      C63DC850 
 4242      2F6E811B 
 4242      085156CA 
 4242      EF9C
 4243 00e4 BB83BC74 		.ascii	"\273\203\274tD\371F\224Wd\2371\244\244\273\0376p\357"
 4243      44F94694 
 4243      57649F31 
 4243      A4A4BB1F 
 4243      3670EF
 4244 00f7 50A72EE5 		.ascii	"P\247.\345\303\203CY\034\240O\224__t\367\033j\214\377"
 4244      C3834359 
 4244      1CA04F94 
 4244      5F5F74F7 
 4244      1B6A8CFF 
 4245 010b B2445346 		.ascii	"\262DSF2\233\216\033\251X\306X\317\232\307\351x\246"
 4245      329B8E1B 
 4245      A958C658 
 4245      CF9AC7E9 
 4245      78A6
 4246 011d 9037225B 		.ascii	"\2207\"[\333\033{\373\261\303X\306\214S0\177d\032f6"
 4246      DB1B7BFB 
 4246      B1C358C6 
 4246      8C53307F 
 4246      641A6636 
ARM GAS  /tmp/ccNBpKAw.s 			page 90


 4247 0131 9D37A291 		.ascii	"\2357\242\221\235h\310\314\345H/$S\371\340\330\206\016"
 4247      9D68C8CC 
 4247      E5482F24 
 4247      53F9E0D8 
 4247      860E
 4248 0143 12E1F072 		.ascii	"\022\341\360rba\221~\001\363\262p\223"
 4248      6261917E 
 4248      01F3B270 
 4248      93
 4249              		.text
 4250              		.section	.gnu.lto__ZN10SbusParser6updateEv.440.4849b4ed44245664,"e",%progbits
 4251 0000 789C8D55 		.ascii	"x\234\215U\177L\225U\030>\317w\316\375\311\345\362\363"
 4251      7F4C9555 
 4251      183ECF77 
 4251      CEFDC9E5 
 4251      F2F3
 4252 0012 02BA7266 		.ascii	"\002\272rf\263\214RL\313hs\315Y\177\266\325\262\376"
 4252      B38C524C 
 4252      CB6873CD 
 4252      597FB6D5 
 4252      B2FE
 4253 0024 6E8838DD 		.ascii	"n\2108\335\022\234\200\255\177\362\003.\272\335\326"
 4253      129C80AD 
 4253      7FF2032E 
 4253      BADDD6
 4254 0033 E02A030C 		.ascii	"\340*\003\0144\366E\016\253\231\261\031\244Vd\272Z\256"
 4254      34F6450E 
 4254      AB99B119 
 4254      A45664BA 
 4254      5AAE
 4255 0045 44CA7E5B 		.ascii	"D\312~[\352\246\201!\021e*Q\366\276\347|\367\342\015"
 4255      EAA68121 
 4255      11652A51 
 4255      F6BEE77C 
 4255      F7E20D
 4256 0058 28EF76DF 		.ascii	"(\357v\337\373\236\363\275\317\373\274\357s\336\363"
 4256      FB9EF3BD 
 4256      CFFBBCEF 
 4256      73DEF3
 4257 0067 DD87FC42 		.ascii	"\335\207\374B\254\022B|C_\244\013l\217\307,a\333\366"
 4257      AC12427C 
 4257      435FA40B 
 4257      6C8FC72C 
 4257      61DBF6
 4258 007a 0A9F85A6 		.ascii	"\012\237\205\246xP{\022M\367jGY\365\361\027,\034\302"
 4258      78507B12 
 4258      4DF76A47 
 4258      59F5F117 
 4258      2C1CC2
 4259 008d C0E878B1 		.ascii	"\300\350x\261jo<\207}\015\365>\345\221u\214z\375\324"
 4259      6A6F3C87 
 4259      7D0DF53E 
 4259      E591758C 
 4259      7AFDD4
 4260 00a0 6B11EFD6 		.ascii	"k\021\357\326xP\377\2666:\320\216\327\332f0\303\257"
 4260      7850FFB6 
 4260      363AD08E 
ARM GAS  /tmp/ccNBpKAw.s 			page 91


 4260      D7DA6630 
 4260      C3AF
 4261 00b2 9C8DA8BA 		.ascii	"\234\215\250\272x\270\351\373\335\205\312\207\035nr"
 4261      78B8E9FB 
 4261      DD85CA87 
 4261      1D6E72
 4262 00c1 BFB5B3B1 		.ascii	"\277\265\263\261;\365a\300z\211\266b\373\032\"\252\215"
 4262      3BF561C0 
 4262      7A89B662 
 4262      FB1A22AA 
 4262      8D
 4263 00d2 38FE3839 		.ascii	"8\37689Z\250\202h\333\356@#\322\222\330\020j\3421\263"
 4263      5AA88268 
 4263      DBEE4023 
 4263      D292D810 
 4263      6AE231B3 
 4264 00e6 09B1C592 		.ascii	"\011\261\305\222\312\343\365\371\003\301\264\020\266"
 4264      CAE3F5F9 
 4264      03C1B410 
 4264      B6
 4265 00f3 584A243E 		.ascii	"XJ$>\020;\344]\024t\265~\307\276MvW\037:\245\020\273"
 4265      103BE45D 
 4265      1474B57E 
 4265      C7BE4D76 
 4265      571F3AA5 
 4266 0109 A5FBB45D 		.ascii	"\245\373\264]b\273\354\224\200r=\013s\311\223\017\210"
 4266      62BBEC94 
 4266      80723D0B 
 4266      73C9930F 
 4266      88
 4267 011a 3B8FDA76 		.ascii	";\217\332vc{G\237\352\224\022= \004\336\006\016@\010"
 4267      637B479F 
 4267      EA94123D 
 4267      2004DE06 
 4267      0E4008
 4268 012d DA581E5D 		.ascii	"\332X\036]\240\261\3621\266\363\373m{\264\367\340\272"
 4268      A0B1F231 
 4268      B6F3FB6D 
 4268      7BB4F7E0 
 4268      BA
 4269 013e 569B8215 		.ascii	"V\233\202\025\336\321\301K\261\230\011\226\277\270\300"
 4269      DED1C14B 
 4269      B1980996 
 4269      BFB8C0
 4270 014d 2B70102E 		.ascii	"+p\020.%\301A\2537\007<}\366\304\365\006\333\276\236"
 4270      25C141AB 
 4270      37073C7D 
 4270      F6C4F506 
 4270      DBBE9E
 4271 0160 DD9C3E1F 		.ascii	"\335\234>\037\224\323c\221\361J2>E\306\357a\317\313"
 4271      94D36391 
 4271      F14A323E 
 4271      45C6EF61 
 4271      CFCB
 4272 0172 C6C7C6CF 		.ascii	"\306\307\306\317&@&\020d/\304&\235L0L&-\203\227\231"
 4272      26402610 
 4272      642FC426 
ARM GAS  /tmp/ccNBpKAw.s 			page 92


 4272      9D4C304C 
 4272      262D8397 
 4273 0187 6CB2C884 		.ascii	"l\262\310\204\262\331\313a\257\200L\372l\240\227\210"
 4273      B2D9CB61 
 4273      AF804CFA 
 4273      6CA09788 
 4274 0197 1BA4B830 		.ascii	"\033\244\2700\336U\014\273\217}K\373u\3447J\331Z\377"
 4274      DE550CBB 
 4274      8F7D4BFB 
 4274      75E4374A 
 4274      D95AFF
 4275 01aa D547522F 		.ascii	"\325GR/\206Q\263B\334n\363'f\245H%8R\361\003\245#/\302"
 4275      8651B342 
 4275      DC6EF327 
 4275      66A54825 
 4275      3852F103 
 4276 01c2 3EF7EB93 		.ascii	">\367\353\223t\264\332\333\304\326\271\0021\202\332"
 4276      74B4DADB 
 4276      C4D6B902 
 4276      3182DA
 4277 01d1 C37BC38E 		.ascii	"\303{\303\216\204+h\030,Q\024\224,\334%\265j{\270\337"
 4277      842B6818 
 4277      2C511494 
 4277      2CDC25B5 
 4277      6A7BB8DF 
 4278 01e5 0CBC07BC 		.ascii	"\014\274\007\274\013\261\230\022\372\251}\274\217]\232"
 4278      0BB19812 
 4278      FAA97DBC 
 4278      8F5D9A
 4279 01f4 8A13041C 		.ascii	"\212\023\004\034i\271x\017\014\304\204eRb|@\250\250"
 4279      69B9780F 
 4279      0CC48465 
 4279      52627C40 
 4279      A8A8
 4280 0206 5E66E108 		.ascii	"^f\341\010\241\25071\212\226\271\216, \334LtG5]\024"
 4280      A1A83731 
 4280      8A96B98E 
 4280      2C20DC4C 
 4280      7447355D 
 4281 021b B51A19C6 		.ascii	"\265\032\031\3061P\355Q7o\220\016\205\226L\230\015\375"
 4281      3150ED51 
 4281      376F900E 
 4281      85964C98 
 4281      0DFD
 4282 022d 93C3A85C 		.ascii	"\223\303\250\\1\204\350\340\207#\222R\343c\270\"x\342"
 4282      3184E8E0 
 4282      87239252 
 4282      E363B822 
 4282      78E2
 4283 023f 49B9B8F5 		.ascii	"I\271\270\365\313kt\315C\271\216LLQ$\245\350<G\316\306"
 4283      CB6B74CD 
 4283      43B98E4C 
 4283      4C5124A5 
 4283      E83C47CE 
 4284 0254 27C956FD 		.ascii	"'\311V\3758NE[\224\352\022\242\035K\011\325\012=\225"
 4284      384E455B 
 4284      94EA12A2 
ARM GAS  /tmp/ccNBpKAw.s 			page 93


 4284      1D4B09D5 
 4284      0A3D95
 4285 0267 0287A12B 		.ascii	"\002\207\241+f\375\367\037\262\3733\247\233U?D+jt&\201"
 4285      66FDF71F 
 4285      B2FB33A7 
 4285      9B553F44 
 4285      2B6A7426 
 4286 027c 1310F82C 		.ascii	"\023\020\370,\001\352\260\367\037\237\021\204I\320\000"
 4286      01EAB0F7 
 4286      1F9F1184 
 4286      49D000
 4287 028b 814E269A 		.ascii	"\201N&\232\361v\2771\326\202\304\331\237\331\314\351"
 4287      F176BF31 
 4287      D682C4D9 
 4287      9FD9CCE9 
 4288 029b A8AB79BA 		.ascii	"\250\253y\272\265kU\334Z\363\336|\207\316\201\206X\253"
 4288      B56B55DC 
 4288      5AF3DE7C 
 4288      87CE8186 
 4288      58AB
 4289 02ad B199169C 		.ascii	"\261\231\026\234S!\303\315\341\273\326=\2604\251\307"
 4289      5321C3CD 
 4289      E1BBD63D 
 4289      B034A9C7 
 4290 02bd 9F9D7A0A 		.ascii	"\237\235z\012Fc\237\312\204\010\203\371\223*\320\036"
 4290      46639FCA 
 4290      840883F9 
 4290      932AD01E 
 4291 02cd 0B3198DB 		.ascii	"\0131\230\333)\363q\212\224\240R\227\2701\012_\002\205"
 4291      29F3718A 
 4291      94A05297 
 4291      B8310A5F 
 4291      0285
 4292 02df ACC41766 		.ascii	"\254\304\027f\254\3762\271\306\006oI\246\312\235\"\250"
 4292      ACFE32B9 
 4292      C6066F49 
 4292      A6CA9D22 
 4292      A8
 4293 02f0 C2D79486 		.ascii	"\302\327\224\206\256\274\251\312 \237\377\177\234\037"
 4293      AEBCA9CA 
 4293      209FFF7F 
 4293      9C1F
 4294 02fe DF998360 		.ascii	"\337\231\203`E\270\017\177\252\026-e,SR\214\235\325"
 4294      45B80F7F 
 4294      AA162D65 
 4294      2C53528C 
 4294      9DD5
 4295 0310 66B8238E 		.ascii	"f\270#\216\364\316|\272\012\247M1\024\\\327\276\365"
 4295      F4CE7CBA 
 4295      0AA74D31 
 4295      145CD7BE 
 4295      F5
 4296 0321 188D8E9F 		.ascii	"\030\215\216\237\000\370\326\025\005\011hWd\032\354"
 4296      00F8D615 
 4296      05096857 
 4296      641AEC
 4297 0330 8F064B18 		.ascii	"\217\006K\030\216\236\330\306p\272\014^s\014s\034=\250"
ARM GAS  /tmp/ccNBpKAw.s 			page 94


 4297      8E9ED8C6 
 4297      70BA0C5E 
 4297      730C731C 
 4297      3DA8
 4298 0342 FF4E74EB 		.ascii	"\377Nt\353Tq\303,\356\331Iq9F\341\034(\233\340\364A"
 4298      5471C32C 
 4298      EED94971 
 4298      3946E11C 
 4298      289BE0F4 
 4299 0357 DD515BB5 		.ascii	"\335Q[\265>\321\207\211\316H7\313=\320@\312\201\356"
 4299      3ED18789 
 4299      CE4837CB 
 4299      3DD040CA 
 4299      81EE
 4300 0369 7A5553F6 		.ascii	"zUS\3663\177\310\035\250\000\012\246\321 A\237\307\364"
 4300      337FC81D 
 4300      A8000AA6 
 4300      D120419F 
 4300      C7F4
 4301 037b 176EA09F 		.ascii	"\027n\240\237\303\331\177\002\316\353\261\323c\264\207"
 4301      C3D97F02 
 4301      CEEBB1D3 
 4301      63B487
 4302 038a 8A0919DA 		.ascii	"\212\011\031\332\304\333%\330\326S\237\225\244}\371"
 4302      C4DB25D8 
 4302      D6539F95 
 4302      A47DF9
 4303 0399 80A66D8A 		.ascii	"\200\246m\212\235'\021\322\223\3478\177*\335\034\246"
 4303      9D2711D2 
 4303      93E7387F 
 4303      2ADD1CA6 
 4304 03a9 BB68E868 		.ascii	"\273h\350ho\211\033\246\3603p7e\326\267\234k\010b\030"
 4304      6F891BA6 
 4304      F0337037 
 4304      65D6B79C 
 4304      6B086218 
 4305 03bd C224BDAC 		.ascii	"\302$\275\254\034\031\236\271\005\332)\300\010\245\364"
 4305      1C199EB9 
 4305      05DA29C0 
 4305      08A5F4
 4306 03cc B870DA48 		.ascii	"\270p\332H\303/\3407M}\307\263B\277af\355\346w\017\025"
 4306      C32FE037 
 4306      4D7DC7B3 
 4306      42BF6166 
 4306      EDE6770F 
 4307 03e1 47A93AE5 		.ascii	"G\251:\345l]\365[\246\352\376\241\205\216\314H\212\225"
 4307      6C5DF55B 
 4307      A6EAFEA1 
 4307      858ECC48 
 4307      8A95
 4308 03f3 3F3353D7 		.ascii	"?3S\327\035\\\375o7\\\204\205\\\372\357\300\030\314"
 4308      1D5CFD6F 
 4308      375C8485 
 4308      5CFAEFC0 
 4308      18CC
 4309 0405 FBB06E62 		.ascii	"\373\260nb\353%\217\303\357\276\014\223\315\342\315"
 4309      EB258FC3 
ARM GAS  /tmp/ccNBpKAw.s 			page 95


 4309      EFBE0C93 
 4309      CDE2CD
 4310 0414 E66D1651 		.ascii	"\346m\026Q\2234\231\274\351\003\314\304\234\316\243"
 4310      933499BC 
 4310      E903CCC4 
 4310      9CCEA3
 4311 0423 F79823B3 		.ascii	"\367\230#\263\350\221{\013UR\272\274)\023\027\302U\""
 4311      E8917B0B 
 4311      5552BABC 
 4311      291317C2 
 4311      5522
 4312 0435 F6721359 		.ascii	"\366r\023Y\272\374nL\022f\023!\356\231\344\362\321\026"
 4312      BAFC6E4C 
 4312      12661321 
 4312      EE99E4F2 
 4312      D116
 4313 0447 AEA4F2E4 		.ascii	"\256\244\362\344\320\366M\361\214\023\217\217yr\364"
 4313      D0F64DF1 
 4313      8C138F8F 
 4313      7972F4
 4314 0456 51A7A54C 		.ascii	"Q\247\245LX\217\231\260\261\256\377\276\256\023\356"
 4314      588F99B0 
 4314      B1AEFFBE 
 4314      AE13EE
 4315 0465 753D61AE 		.ascii	"u=a\256x\357M\200\024\3766W\012C\346\216\207F\023\377"
 4315      78EF4D80 
 4315      14FE3657 
 4315      0A43E68E 
 4315      874613FF 
 4316 0479 7B2338F2 		.ascii	"{#8\362\003\377\031?8\217\302\304\030j\317|\356\321"
 4316      03FF193F 
 4316      388FC2C4 
 4316      186ACF7C 
 4316      EED1
 4317 048b 83D820A1 		.ascii	"\203\330 \241\203j\373xu[\321\272\212\015eE\353K\312"
 4317      836AFB78 
 4317      755BD1BA 
 4317      8A0D6545 
 4317      EB4BCA
 4318 049e 8B1EA928 		.ascii	"\213\036\251(\255\336PV^UY\264\362\361'\036}zu\3113"
 4318      ADDE5056 
 4318      5E5559B4 
 4318      F2F1271E 
 4318      7D7A75C9 
 4319 04b3 25E5A565 		.ascii	"%\345\245e\"\273rSiQi\305\206\312\242U+\237Z\265\250"
 4319      22BB7253 
 4319      695169C5 
 4319      86CAA255 
 4319      2B9F5AB5 
 4320 04c8 74E346A1 		.ascii	"t\343F\241\252\326\255\257\314N,\027\255Y\273lY\361"
 4320      AAD6ADAF 
 4320      CC4E2C17 
 4320      AD59BB6C 
 4320      59F1
 4321 04da DAFBEE17 		.ascii	"\332\373\356\027j\365sUe\377\000\263\011\304\212"
 4321      6AF57355 
 4321      65FF00B3 
ARM GAS  /tmp/ccNBpKAw.s 			page 96


 4321      09C48A
 4322              		.text
 4323              		.section	.gnu.lto__ZNK10SbusParser7channelEh.441.4849b4ed44245664,"e",%progbits
 4324 0000 789C4551 		.ascii	"x\234EQMH\025Q\024>\337=w\306,\372\301\205\355\302 "
 4324      4D481551 
 4324      143EDF3D 
 4324      77C62CFA 
 4324      C185EDC2 
 4325 0015 78B871A4 		.ascii	"x\270q\244\037s\341B\304e\220(\255\3435=Q\350\275'="
 4325      1F73E142 
 4325      C4659028 
 4325      ADE3353D 
 4325      51E8BD27 
 4326 002a 5B7BB4A7 		.ascii	"[{\264\247\202.t\324\215\244\"\303\020\272\012\322\350"
 4326      822E74D4 
 4326      8DA422C3 
 4326      10BA0AD2 
 4326      E8
 4327 003b 9F266A59 		.ascii	"\237&jY!\255\013\\Y\026\024\264\212\020\354\334\321"
 4327      21AD0B5C 
 4327      591614B4 
 4327      8A10ECDC 
 4327      D1
 4328 004c 5E8B3BDC 		.ascii	"^\213;\334\357\334\357\234\357\373\316\254\203\250\207"
 4328      EFDCEF9C 
 4328      EFFBCEAC 
 4328      83A887
 4329 005b 88BAF5C0 		.ascii	"\210\272\365\300#\314ES\206D\244\263\316\230\273\321"
 4329      23CC4553 
 4329      8644A4B3 
 4329      CE98BBD1 
 4330 006b B4C14B6C 		.ascii	"\264\301Kl\354\274k\266\325\350\304\373\305\215F\313"
 4330      ECBC6BB6 
 4330      D5E8C4FB 
 4330      C58D46CB 
 4331 007b 58888E66 		.ascii	"X\210\216f\357\026\243\321\324\317\211\372\014\200F"
 4331      EF16A3D1 
 4331      D4CF89FA 
 4331      0C8046
 4332 008a 0C5B8C60 		.ascii	"\014[\214`\236\227\030s\2340\301\034\336\200S\315\251"
 4332      9E971873 
 4332      9C30C11C 
 4332      DE8053CD 
 4332      A9
 4333 009b C8EFF1F9 		.ascii	"\310\357\361\371\357\017qo-5\011\033ZQ\302#`S\345\211"
 4333      EF0F716F 
 4333      2D35091B 
 4333      5A51C223 
 4333      6053E589 
 4334 00af 6A2DB6D6 		.ascii	"j-\266\326\322\2447\276L\271\267\"\263K\253\251M\230"
 4334      D2A437BE 
 4334      4CB9B722 
 4334      B34BABA9 
 4334      4D98
 4335 00c1 F114AEEB 		.ascii	"\361\024\256\353\011\360X\273\264\320\261\235s\254\253"
 4335      09F058BB 
 4335      B4D0B19D 
ARM GAS  /tmp/ccNBpKAw.s 			page 97


 4335      73ACAB
 4336 00d0 94D3F15B 		.ascii	"\224\323\361[\0376EX\313\026\3173\336\005\264:\226\355"
 4336      1F364558 
 4336      CB16CF33 
 4336      DE05B43A 
 4336      96ED
 4337 00e2 D8CD11F9 		.ascii	"\330\315\021\371\344\024]F=\017>z\251\354\355\317\210"
 4337      E4145D46 
 4337      3D0F3E7A 
 4337      A9ECEDCF 
 4337      88
 4338 00f3 7C69DC39 		.ascii	"|i\3349\256\336\023\366\214~\214\352\276\200\007<\203"
 4338      AEDE13F6 
 4338      8C7E8CEA 
 4338      BE80073C 
 4338      83
 4339 0104 EF20D10C 		.ascii	"\357 \321\014\273]\210\205\244D\263l\016\300\250\202"
 4339      BB5D8885 
 4339      A444B36C 
 4339      0EC0A882 
 4340 0114 6F90F818 		.ascii	"o\220\370\030\355b\341\323\233\330\304\314\316\265\305"
 4340      ED62E1D3 
 4340      9BD8C4CC 
 4340      CEB5C5
 4341 0123 4927A144 		.ascii	"I'\241D^\324\245\031G\304\017\214\355M~\346\230\241"
 4341      5ED4A519 
 4341      47C40F8C 
 4341      ED4D7EE6 
 4341      98A1
 4342 0135 2C52B4B5 		.ascii	",R\264\265~.f\3770\250\017\027\376>t\356\332\231\204"
 4342      7E2E66FF 
 4342      30A80F17 
 4342      FE3E74EE 
 4342      DA9984
 4343 0148 EB62F6F0 		.ascii	"\353b\366\360*\253\265VE\276\236N\370\010R,;\353\347"
 4343      2AABB556 
 4343      45BE9E4E 
 4343      F808522C 
 4343      3BEBE7
 4344 015b AB079C7A 		.ascii	"\253\007\234z\274\326Q\331\336\234\224\255y\262\277"
 4344      BCD651D9 
 4344      DE9C94AD 
 4344      79B2BF
 4345 016a 30B61AE9 		.ascii	"0\266\032\351\233\032\247?PW>\033'b\260\255\177S\303"
 4345      9B1AA73F 
 4345      50573E1B 
 4345      2762B0AD 
 4345      7F53C3
 4346 017d E07F18A2 		.ascii	"\340\177\030\242\263\301@\271X\010\006\363\245\240\273"
 4346      B3C140B9 
 4346      580806F3 
 4346      A5A0BB
 4347 018c 1CDE2916 		.ascii	"\034\336)\026J\303\225\240\253\247\367\312\365\033\371"
 4347      4AC395A0 
 4347      ABA7F7CA 
 4347      F51BF9
 4348 019b 5BF95258 		.ascii	"[\371RX\240\206\312\3550\010\313\305J\320\327u\255\257"
ARM GAS  /tmp/ccNBpKAw.s 			page 98


 4348      A086CAED 
 4348      3008CBC5 
 4348      4AD0D775 
 4348      ADAF
 4349 01ad 251C1A22 		.ascii	"%\034\032\";<0Xi\370\007[n\366\267\265\265\367_\274"
 4349      3B3C3058 
 4349      69F8075B 
 4349      6EF6B7B5 
 4349      B5F75FBC 
 4350 01c1 4428FD05 		.ascii	"D(\375\005\220I\241\031"
 4350      9049A119 
 4351              		.text
 4352              		.section	.gnu.lto__ZN10SbusParser6unpackEPKhPt.442.4849b4ed44245664,"e",%progbits
 4353 0000 789C5D94 		.ascii	"x\234]\224]hTW\020\307\347\177\317\271\373\235\017c"
 4353      5D685457 
 4353      10C7E77F 
 4353      CFB9FB9D 
 4353      0F63
 4354 0012 926262C2 		.ascii	"\222bb\302Zh\227\332\342V\260\266\017\373 \332G\301"
 4354      5A6897DA 
 4354      E256B0B6 
 4354      0FFB20DA 
 4354      47C1
 4355 0024 A2D5A214 		.ascii	"\242\325\242\024d\263F\0220\0374)}\3545\306\004VJ\334"
 4355      64B34612 
 4355      301F3429 
 4355      7DEC35C6 
 4355      04564ADC 
 4356 0038 2CD53C88 		.ascii	",\325<\210\330\313\242\276\024?@\233\266F\2671\215B"
 4356      D8CBA2BE 
 4356      143F409B 
 4356      B646B731 
 4356      8D42
 4357 004a 1F5AFAE9 		.ascii	"\037Z\372\351\213\265\026\002VHI\245\3054&\306\231s"
 4357      8BB51602 
 4357      564849A5 
 4357      C53426C6 
 4357      9973
 4358 005c 6F366B2E 		.ascii	"o6k.dr\356\314o\3763g\316\271\273\307&\332OD\207\370"
 4358      6472EECC 
 4358      6FFE3367 
 4358      CEB9BBC7 
 4358      26DA4F44 
 4359 0072 0F01C270 		.ascii	"\017\001\302p.k\221\3438[\202\026\362\271\210Y)\353"
 4359      2E6B91E3 
 4359      385B8216 
 4359      F2B98859 
 4359      29EB
 4360 0084 68EE9885 		.ascii	"h\356\230\205\353p\357\334W\272?W\371\373\271\323)\255"
 4360      EB70EFDC 
 4360      57BA3F57 
 4360      F9FBB9D3 
 4360      29AD
 4361 0096 91BF94FD 		.ascii	"\221\277\224\375\355=C\3308\234\313\336\033y\021_\303"
 4361      ED3D43D8 
 4361      389CCBDE 
 4361      1B79115F 
ARM GAS  /tmp/ccNBpKAw.s 			page 99


 4361      C3
 4362 00a7 BC833EB6 		.ascii	"\274\203>\266\224\266\301\226P\324\250^6$\017(\257^"
 4362      94B6C196 
 4362      50D4A85E 
 4362      36240F28 
 4362      AF5E
 4363 00b9 6172F668 		.ascii	"ar\366h~\366_8\347\213((\242\323\212\274\347\224\302"
 4363      7EF65F38 
 4363      E78B2828 
 4363      A2D38ABC 
 4363      E794C2
 4364 00cc B02A2840 		.ascii	"\260*(@\373+\013q^\2517)Qt\234\037\356\214:N\230\012"
 4364      FB2B0B71 
 4364      5EA93729 
 4364      51749C1F 
 4364      EE8C3A4E 
 4365 00e2 4AE10B70 		.ascii	"J\341\013p\016\256\002W@\342H=}Y\270\035\0367\353s\032"
 4365      0EAE0257 
 4365      40E2483D 
 4365      7D59B81D 
 4365      1E37EB73 
 4366 00f7 5F3ECFE9 		.ascii	"_>\317\351T6A\024\360+BRvJ\321\227\270\245\231\271k"
 4366      54364114 
 4366      F02B4252 
 4366      764AD197 
 4366      B8A599B9 
 4367 010c DDB71D5D 		.ascii	"\335\267\035]P6\256\225g\021\245N$\230\341\031\215\201"
 4367      5036AE95 
 4367      6711A54E 
 4367      2498E119 
 4367      8D81
 4368 011e 78A394FA 		.ascii	"x\243\224\372T\336\325\273&s\2023\237\316x\231\001\334"
 4368      54DED5BB 
 4368      26738233 
 4368      9FCE7899 
 4368      01DC
 4369 0130 589179D3 		.ascii	"X\221y\323\220{\014\331\317\344\302\257\036\031\304"
 4369      907B0CD9 
 4369      CFE4C2AF 
 4369      1E19C4
 4370 013f 372BC851 		.ascii	"7+\310QC\356]\"/\316\313\036\342B\336\\A~n\310\367K"
 4370      43EE5D22 
 4370      2FCECB1E 
 4370      E242DE5C 
 4370      417E6EC8 
 4371 0155 E49312F9 		.ascii	"\344\223\022\371\355\012\362\263\0047=\011L\000\343"
 4371      ED0AF2B3 
 4371      04373D09 
 4371      4C00E3
 4372 0164 4091BBBF 		.ascii	"@\221\273\277\316\335\237Ip\324\346\315\224\207.\374"
 4372      CEDD9F49 
 4372      70D4E6CD 
 4372      94872EFC 
 4373 0174 68179DF9 		.ascii	"h\027\235\371\305!\307\371\376\205\253\033\327\201\207"
 4373      C521C7F9 
 4373      FE85AB1B 
 4373      D78187
ARM GAS  /tmp/ccNBpKAw.s 			page 100


 4374 0183 054B26AB 		.ascii	"\005K&\253\330\2044\233\260-\276\200\370\202\342\013"
 4374      D884349B 
 4374      B02DBE80 
 4374      F882E20B 
 4375 0193 894FA61C 		.ascii	"\211O\246\034\216\210\211J4&\321\012\211V\212\257JL"
 4375      8E88894A 
 4375      3426D10A 
 4375      89568AAF 
 4375      4A4C
 4376 01a5 B598556C 		.ascii	"\265\230Ul\"5l\242\253\305\324\312Y\324\211\257^\246"
 4376      22356CA2 
 4376      ABC5D4CA 
 4376      59D489AF 
 4376      5EA6
 4377 01b7 BA46BA6C 		.ascii	"\272F\272l n\246\221\270\235\265\300(\232\370\376\240"
 4377      206EA691 
 4377      B89DB5C0 
 4377      289AF8FE 
 4377      A0
 4378 01c8 19F80A71 		.ascii	"\031\370\012q3x\032Rt|\374\223f8E\242\343\3122\353\303"
 4378      33781A52 
 4378      747CFC93 
 4378      663845A2 
 4378      E3CA32EB 
 4379 01dd BC7E08E7 		.ascii	"\274~\010\347\317\377\352\370_\337\2311\315\033\224"
 4379      CFFFEAF8 
 4379      5FDF9931 
 4379      CD1B94
 4380 01ec 8DAD2761 		.ascii	"\215\255'a\024\237\252\243\005R\034\335\"2\256\252\227"
 4380      149FAAA3 
 4380      05521CDD 
 4380      2232AEAA 
 4380      97
 4381 01fd 04F79E90 		.ascii	"\004\367\236\220\364\027\372\037lc\227\3344\333\273"
 4381      F417FA1F 
 4381      6C6397DC 
 4381      34DBBB
 4382 020c A173A8C7 		.ascii	"\241s\250\307z\353\241rU\\\357c\015\375\317\330\243"
 4382      7AEBA172 
 4382      555CEF63 
 4382      0DFDCFD8 
 4382      A3
 4383 021d FB4A342C 		.ascii	"\373J4,)\364x*\204[\240\277q\344\342\300]\313UkJ\331"
 4383      29F4782A 
 4383      845BA0BF 
 4383      71E4E2C0 
 4383      5DCB556B 
 4384 0233 51E920CE 		.ascii	"Q\351 \316\373`\247\351\351\377V\301\346\015\326\300"
 4384      FB60A7E9 
 4384      E9FF56C1 
 4384      E60DD6C0 
 4385 0243 4EBCE611 		.ascii	"N\274\346\021\023L4\030\342\211!N\014\012\321\310\204"
 4385      134C3418 
 4385      E289214E 
 4385      0C0AD1C8 
 4385      84
 4386 0254 080511F4 		.ascii	"\010\005\021\364\260q\306\032\015\266 X\337\374\340"
ARM GAS  /tmp/ccNBpKAw.s 			page 101


 4386      B071C61A 
 4386      0DB62058 
 4386      DFFCE0
 4387 0263 5DDB5526 		.ascii	"]\333U&\227\223.\017L\363\033\347\255e\237\204G\216"
 4387      97932E0F 
 4387      4CF31BE7 
 4387      AD659F84 
 4387      478E
 4388 0275 7148F95F 		.ascii	"qH\371_\015\273\316\312\367\030*\250\030S\370\216\307"
 4388      0DBBCECA 
 4388      F7182AA8 
 4388      1853F88E 
 4388      C7
 4389 0286 6724A678 		.ascii	"g$\246x_\2329\22185\260x\256\302U\"\212\327=M\226\010"
 4389      5F9A3991 
 4389      3835B078 
 4389      AEC25522 
 4389      8AD73D4D 
 4390 029c 1849BB24 		.ascii	"\030I\273$\031,\023\012,\013M\263P\210\243\222770\305"
 4390      192C130A 
 4390      2C0B4DB3 
 4390      5088A392 
 4390      373730C5 
 4391 02b0 59617678 		.ascii	"Yavx\223\010\211sx\360\027F\"\246\\\330+wk\344g\026"
 4391      93088973 
 4391      78F01746 
 4391      22A65CD8 
 4391      2B776BE4 
 4392 02c6 8CBA4BDF 		.ascii	"\214\272K\337\270U*\0323E\243\245\242\025eEc\317\027"
 4392      B8552A1A 
 4392      3345A3A5 
 4392      A2156545 
 4392      63CF17
 4393 02d9 ADE4E872 		.ascii	"\255\344\350r\321*v\3406\274\202\217\007\203\256j2E"
 4393      D12A76E0 
 4393      36BC828F 
 4393      0783AE6A 
 4393      3245
 4394 02eb ABBC1916 		.ascii	"\253\274\031\026Y\253\311\3140?\031\363Nc\212gVm\260"
 4394      59ABC9CC 
 4394      303F19F3 
 4394      4E638A67 
 4394      566DB0
 4395 02fe 467FAA2C 		.ascii	"F\177\252,\272\212}\376\2008\243F.\2119\341i~[\315\016"
 4395      BA8A7DFE 
 4395      8038A346 
 4395      2E8939E1 
 4395      697E5BCD 
 4396 0313 E9375AD6 		.ascii	"\3517Z\326o\255\253\2329\342\237\036\013\324\261\206"
 4396      6FADAB9A 
 4396      39E29F1E 
 4396      0BD4B186 
 4397 0323 40112C56 		.ascii	"@\021,V\211\320Lv\001\376Yh\377,\036T\026\024\217\273"
 4397      89D04C76 
 4397      01FE5968 
 4397      FF2C1E54 
 4397      16148FBB 
ARM GAS  /tmp/ccNBpKAw.s 			page 102


 4398 0337 163F8138 		.ascii	"\026?\2018\301\273\266\273\345\026\232\341\260j\234"
 4398      C1BBB6BB 
 4398      E5169AE1 
 4398      B06A9C
 4399 0346 EBE255AF 		.ascii	"\353\342U\257s\271\251qs\211\355\322E\177\204\276?N"
 4399      73B9A971 
 4399      7389EDD2 
 4399      457F84BE 
 4399      3F4E
 4400 0358 4E86E417 		.ascii	"N\206\344\027H\236!\205\322\367@\264.\331\326\325\321"
 4400      489E2185 
 4400      D2F740B4 
 4400      2ED9D6D5 
 4400      D1
 4401 0369 9A6C4F77 		.ascii	"\232lOw&\337\356\312|\330\321\332\331\333\223\334\372"
 4401      26DFEECA 
 4401      7CD8D1DA 
 4401      D9DB93DC 
 4401      FA
 4402 037a CECEEDFB 		.ascii	"\316\316\355\373[\322\207\322\235\231V\252\351\371 "
 4402      5BD287D2 
 4402      9D9956AA 
 4402      E9F920
 4403 0389 93CC7475 		.ascii	"\223\314tu\364$wm\335\275kC\246\273\233\364\201to\272"
 4403      F424776D 
 4403      DDBD6B43 
 4403      A6BB9BF4 
 4403      81746FBA 
 4404 039d 66E975C3 		.ascii	"f\351u\303\201\203\2337\277up\323\033de\332\320\211"
 4404      81839B37 
 4404      BF7570D3 
 4404      1B6465DA 
 4404      D089
 4405 03af 8FAC9E36 		.ascii	"\217\254\2366\253\245]\265\264\367>\003)O\310\306"
 4405      ABA55DB5 
 4405      B4F73E03 
 4405      294FC8C6 
 4406              		.text
 4407              		.section	.gnu.lto_.symbol_nodes.4849b4ed44245664,"e",%progbits
 4408 0000 789C3BCF 		.ascii	"x\234;\317\000\004L\333\231\353\031\032\200\200\205"
 4408      00044CDB 
 4408      99EB191A 
 4408      808085
 4409 000f 71C23906 		.ascii	"q\3029\006\206z\006\206]\015\215\214\014\214 9\006\326"
 4409      867A0686 
 4409      5D0D8D8C 
 4409      0C8C2039 
 4409      06D6
 4410 0021 3DCC0C0A 		.ascii	"=\314\014\012 z\0333c\203\023\003\0033\323N\346zF\\"
 4410      207A1B33 
 4410      63831303 
 4410      0333D34E 
 4410      E67A465C 
 4411 0035 AA997631 		.ascii	"\252\231v1\3273M8\324+\207Mn\007s=\363\263_+,\260\331"
 4411      D7334D38 
 4411      D42B874D 
 4411      6E07733D 
ARM GAS  /tmp/ccNBpKAw.s 			page 103


 4411      F3B35F2B 
 4412 004c B29599A9 		.ascii	"\262\225\231\251\021h:\003\343n\346z\226\377P \017V"
 4412      11683A03 
 4412      E36EE67A 
 4412      96FF5020 
 4412      0F56
 4413 005e C900721B 		.ascii	"\311\000r\033H\0313\003;\304\336# \001fV\226\331\333"
 4413      48193303 
 4413      3BC4DE23 
 4413      20016656 
 4413      96D9DB
 4414 0071 5B05199B 		.ascii	"[\005\031\233\304XX!\302_\033A\352\000t\0178\202"
 4414      C4585821 
 4414      C25F1B41 
 4414      EA00740F 
 4414      3882
 4415              		.text
 4416              		.section	.gnu.lto_.refs.4849b4ed44245664,"e",%progbits
 4417 0000 789C1365 		.ascii	"x\234\023e```b`b\004b& fe`d\005\362\330\031\030\000"
 4417      60606062 
 4417      60620462 
 4417      26206665 
 4417      606405F2 
 4418 0018 0394003A 		.ascii	"\003\224\000:"
 4419              		.text
 4420              		.section	.gnu.lto_.decls.4849b4ed44245664,"e",%progbits
 4421 0000 789C8D59 		.ascii	"x\234\215YyTTW\232\277\337\275\257\212\242@@%\211=\235"
 4421      79545457 
 4421      9ABFDFBD 
 4421      AF8AA240 
 4421      4025893D 
 4422 0015 93B1FB18 		.ascii	"\223\261\373\030eN&!\240\321\364\037\335\307\351\230"
 4422      654E2621 
 4422      A0D1F41F 
 4422      DDC7E998 
 4423 0025 749F9374 		.ascii	"t\237\223t\306\323&sN\374\247\032\251Bj\202\200U\205"
 4423      C6D32673 
 4423      4EFCA71A 
 4423      A9426A82 
 4423      805585
 4424 0038 9A3EB33C 		.ascii	"\232>\263<\001\227\270 \030\027\\\300\005\367%\032\301"
 4424      0197B820 
 4424      18175CC0 
 4424      05F7251A 
 4424      C1
 4425 0049 7DA14045 		.ascii	"}\241@E\334\025\025qAT\024AQ\021QQQ\347\273\367\276"
 4425      DC151571 
 4425      41541441 
 4425      51115151 
 4425      51E7BBF7 
 4426 005e AAF78A2A 		.ascii	"\252\367\212*{,\375\336r\337\357~\373\375\356BU_BLf"
 4426      7B2CFDDE 
 4426      72DFEF7E 
 4426      FBFDEE42 
 4426      555F424C 
 4427 0073 42365042 		.ascii	"B6PB^\341/\214\020r\032\311\202\264\035\351\016\322"
 4427      5EE12F8C 
ARM GAS  /tmp/ccNBpKAw.s 			page 104


 4427      10721AC9 
 4427      82B41DE9 
 4427      0ED2
 4428 0085 7F03212A 		.ascii	"\177\003!*R6R\016R.\322d$\3763!\345\343s!R1\3222\244"
 4428      5236520E 
 4428      522ED264 
 4428      24FE3321 
 4428      E5E37321 
 4429 009e 9F9118B6 		.ascii	"\237\221\030\266o\306{5\322\021\015\353\373\315\305"
 4429      6FC67B35 
 4429      D2110DEB 
 4429      FBCDC5
 4430 00ad 8F289278 		.ascii	"\217(\222x\221Njrj\221\032\221n\022\371\355:\3225\244"
 4430      914E6A72 
 4430      6A911A91 
 4430      6E12F9ED 
 4430      3AD235A4 
 4431 00c1 26A466A4 		.ascii	"&\244f\244[HWI\350_\001\223\362\036\"\015@:\212\362"
 4431      5B485749 
 4431      E85F0193 
 4431      F21E220D 
 4431      403A8AF2 
 4432 00d5 14BCEFC7 		.ascii	"\024\274\357\307{\025R\005R%\204\356\373\033\354h\305"
 4432      7B155205 
 4432      522584EE 
 4432      FB1BEC68 
 4432      C5
 4433 00e6 7B2A522F 		.ascii	"{*R/\244X\315\346c \355\376/\244\343H\207\2206j<\250"
 4433      A458CDE6 
 4433      6320EDFE 
 4433      2FA4E348 
 4433      8790366A 
 4434 00fc 6633B793 		.ascii	"f3\267\223\032\3544\376>C\276\277\016\301\227\333\332"
 4434      1AEC34FE 
 4434      3E43BEBF 
 4434      0EC197DB 
 4434      DA
 4435 010d 0B3B9D45 		.ascii	"\013;\235E\374\273\232\315#\221z\340{o*}\362\035\321"
 4435      FCBB9ACD 
 4435      23917AE0 
 4435      7B6F2A7D 
 4435      F21DD1
 4436 0120 65F7C4B6 		.ascii	"e\367\304\266X\252\373\374\014\322m\315O\265\232\377"
 4436      58AAFBFC 
 4436      0CD26DCD 
 4436      4FB59AFF 
 4437 0130 DEC2EF45 		.ascii	"\336\302\357E c\346\301{8}\275\377\270\276\313\264X"
 4437      2063E6C1 
 4437      7B387DBD 
 4437      FFB8BECB 
 4437      B458
 4438 0142 81A6BBF1 		.ascii	"\201\246\273\361\227\240\371\303\247\363\011\"c\277"
 4438      97A0F9C3 
 4438      A7F30922 
 4438      63BF
 4439 0150 5DD3F37F 		.ascii	"]\323\363\177\361\371\177\220\336AFoS\311\203\363\347"
 4439      F1F97F90 
ARM GAS  /tmp/ccNBpKAw.s 			page 105


 4439      DE41466F 
 4439      53C983F3 
 4439      E7
 4440 0161 F7C2103E 		.ascii	"\367\302\020>\376=\362\213\352\346\007_\036q~}\220\307"
 4440      FE3DF28B 
 4440      EAE6075F 
 4440      1E717E7D 
 4440      90C7
 4441 0173 BB54FA82 		.ascii	"\273T\372\202\307\256\277f\377D\220\262\211\306\273"
 4441      C7AEBF66 
 4441      FF4490B2 
 4441      89C6BB
 4442 0182 3804EFD9 		.ascii	"8\004\357\331\014\336\205W n\204Q\262\210\321cU3\253"
 4442      0CDE8557 
 4442      206E8451 
 4442      B288D163 
 4442      5533AB
 4443 0195 C1EA55D5 		.ascii	"\301\352U\325f\265r\"#0\020>&\260\015\340]\002[\001"
 4443      66B57222 
 4443      2330103E 
 4443      26B00DE0 
 4443      5D025B01 
 4444 01a9 CA38B617 		.ascii	"\3128\266\027(x\215\205\276\342\032'Z>eV\302b\221\201"
 4444      28788D85 
 4444      BEE21A27 
 4444      5A3E6556 
 4444      C2629181 
 4445 01bd F9E09569 		.ascii	"\371\340\225i\013\351\257\001\360\1778\005/d\253\252"
 4445      0BE9AF01 
 4445      F07F3805 
 4445      2F64ABAA 
 4446 01cd 8237C131 		.ascii	"\2027\30117Rc\270\027\260\211\300>\200r`\277\"\202E"
 4446      375263B8 
 4446      17B089C0 
 4446      3E807260 
 4446      BF228245 
 4447 01e1 1F71954C 		.ascii	"\037q\225LU\312\336\227\255\321\250\323\325\365[\236"
 4447      55CADE97 
 4447      ADD1A8D3 
 4447      D5F55B9E 
 4448 01f1 805555D5 		.ascii	"\200UU\3256\325\233\033\216\215;\001vp\367cNA<T\001"
 4448      36D59B1B 
 4448      8E8D3B01 
 4448      7670F763 
 4448      4E413C54 
 4449 0206 62CED5BE 		.ascii	"b\316\325\276\270m\351\205\230\\U]\012\320\037\016\000"
 4449      B86DE985 
 4449      985C555D 
 4449      0AD01F0E 
 4449      00
 4450 0217 F0F405CC 		.ascii	"\360\364\005\314+\216\343\334\372\303\253WL\334\011"
 4450      2B8EE3DC 
 4450      FAC3AB57 
 4450      4CDC09
 4451 0226 FB17C99E 		.ascii	"\373\027\311\236\012q1\310\340\311\3445\305\021\334"
 4451      0A7131C8 
 4451      E0C9E435 
ARM GAS  /tmp/ccNBpKAw.s 			page 106


 4451      C511DC
 4452 0235 F056D59B 		.ascii	"\360V\325\233m\"p\034\000S\030\216\"/\002G\000\016s"
 4452      6D22701C 
 4452      0053188E 
 4452      222F0247 
 4452      000E73
 4453 0248 29E5CDD9 		.ascii	")\345\315\331g\255\272\224\023\020$\206%J\306\277\022"
 4453      67ADBA94 
 4453      13102486 
 4453      254AC6BF 
 4453      12
 4454 0259 8CAB81FD 		.ascii	"\214\253\201\375\216{u\366\226i\205=BYpVXP\311yw,,m"
 4454      8E7B75F6 
 4454      9669853D 
 4454      42597056 
 4454      5850C979 
 4455 0271 8A94BCA7 		.ascii	"\212\224\274\247\376\015\003R\003p\232C\316\201\200"
 4455      FE0D0352 
 4455      03709A43 
 4455      CE8180
 4456 0280 7136873B 		.ascii	"q6\207;\247\377\331\217\330\016A\020\366\007\302>'l"
 4456      A7FFD98F 
 4456      D80E4110 
 4456      F607C23E 
 4456      276C
 4457 0292 248957C5 		.ascii	"$\211W\305/{<\201\0132\356\343#\33044\033G\035\303L"
 4457      2F7B3C81 
 4457      0B32EEE3 
 4457      23D83434 
 4457      1B471DC3 
 4458 02a7 172AFE41 		.ascii	"\027*\376A\250\330\306\026\261\330K\225s\276\350\327"
 4458      A8D8C616 
 4458      B1D84B95 
 4458      73BEE8D7 
 4459 02b7 AF9F25AE 		.ascii	"\257\237%\2567^\343\274K\325\316_\246\037\317\351U\\"
 4459      375EE3BC 
 4459      4BD5CE5F 
 4459      A61FCFE9 
 4459      555C
 4460 02c9 96ABE6F4 		.ascii	"\226\253\346\364\301P\301\036\200\233 bG`7\027\271\013"
 4460      C150C11E 
 4460      809B2062 
 4460      47603717 
 4460      B90B
 4461 02db 88BA54DD 		.ascii	"\210\272T\335\274';We\221P\013pF |\032\305#\015$\310"
 4461      BC273B57 
 4461      6591500B 
 4461      7046207C 
 4461      1AC5230D 
 4462 02f1 A86D777B 		.ascii	"\250mw{\213\245\02094\002\23470\341\200\004\"\262\342"
 4462      8BA51039 
 4462      34029C37 
 4462      30E18004 
 4462      22B2E2
 4463 0304 2A7EDD2E 		.ascii	"*~\335.\333\241E\000\021%\222\215;lM\024\341\357\365"
 4463      DBA14500 
 4463      1125928D 
ARM GAS  /tmp/ccNBpKAw.s 			page 107


 4463      3B6C4D14 
 4463      E1EFF5
 4464 0317 00178525 		.ascii	"\000\027\205%p\031%s\027\024z)\201\006\200+h\374\015"
 4464      70192573 
 4464      17147A29 
 4464      8106802B 
 4464      68FC0D
 4465 032a D1E722C0 		.ascii	"\321\347\"\300u\200k\000M\000\315\000\267\000\256\362"
 4465      75806B00 
 4465      4D00CD00 
 4465      B700AEF2 
 4466 033a 2E5C8BBD 		.ascii	".\\\213\275{\232\205\026(\347\224A\013^\3240\322\034"
 4466      7B9A8516 
 4466      28E79441 
 4466      0B5ED430 
 4466      D21C
 4467 034c B2B9BC4C 		.ascii	"\262\271\274L\230\202\240\212\356\306\356\224\306\356"
 4467      9882A08A 
 4467      EEC6EE94 
 4467      C6EE
 4468 035a 43634D91 		.ascii	"CcM\221p\022\340\240@\370b_\351\303\240\272\273\207"
 4468      7012E0A0 
 4468      40F8625F 
 4468      E9C3A0BA 
 4468      BB87
 4469 036c 136EC125 		.ascii	"\023n\301%\277\272u\300#wc\331\216\234\350H/O\200\245"
 4469      BFBA75C0 
 4469      237763D9 
 4469      8E9CE848 
 4469      2F4F80A5 
 4470 0380 950AEFEC 		.ascii	"\225\012\357\354\313\200\3332\2649Sr\326E\011\2007\004"
 4470      CB80DB32 
 4470      B4395372 
 4470      D6450980 
 4470      3704
 4471 0392 40C4EBAA 		.ascii	"@\304\353\252\274\325\021\326\200Ql\022Q\034\000|\316"
 4471      BCD511D6 
 4471      80516C12 
 4471      511C007C 
 4471      CE
 4472 03a3 89164F84 		.ascii	"\211\026O\204\265\012Y\255\007[\216\365\260z\265d#\032"
 4472      B50A59AD 
 4472      075B8EF5 
 4472      B07AB564 
 4472      231A
 4473 03b5 23680718 		.ascii	"#h\007\030@\340\001@\233\034\304\247\010{\204}\236#"
 4473      40E00140 
 4473      9B1CC4A7 
 4473      087B847D 
 4473      9E23
 4474 03c7 4DE7435F 		.ascii	"M\347C_\251\317;}\244G\3578\2219S\275R\373\247\000\235"
 4474      A9CF3B7D 
 4474      A447EF38 
 4474      913953BD 
 4474      52FBA700 
 4475 03dc 9A29D8DA 		.ascii	"\232)\330\332\331>{\326C\034\303\330\364\304o\340c!"
 4475      D93E7BD6 
ARM GAS  /tmp/ccNBpKAw.s 			page 108


 4475      431CC3D8 
 4475      F4C46FE0 
 4475      6321
 4476 03ee 347FFD9A 		.ascii	"4\177\375\232\032\252\033\330\251\353\377\314\247\377"
 4476      1AAA1BD8 
 4476      A9EBFFCC 
 4476      A7FF
 4477 03fc C7E2DA4F 		.ascii	"\307\342\332Od\335R\312\316S\302\256 \335Bz \024\330"
 4477      64DD52CA 
 4477      CE53C2AE 
 4477      20DD427A 
 4477      2014D8
 4478 040f B3BC7503 		.ascii	"\263\274u\003tS \207B6\325\025\350\230\277(\307Lx\323"
 4478      74532087 
 4478      4236D515 
 4478      E898BF28 
 4478      C74C78D3 
 4479 0423 44EA5340 		.ascii	"D\352S@E\006\353\031W\242\355\336\213=\221\275\003\372"
 4479      4506EB19 
 4479      57A2EDDE 
 4479      8B3D91BD 
 4479      03FA
 4480 0435 E7EAFD11 		.ascii	"\347\352\375\021PTp\345F\244\256\345$\352\327r2\025"
 4480      505470E5 
 4480      46A4AEE5 
 4480      24EAD772 
 4480      3215
 4481 0447 80FD3FAB 		.ascii	"\200\375?\253\313\030\237\372\260\0012\260\341n]\375"
 4481      CB189FFA 
 4481      B00132B0 
 4481      E16E5DFD 
 4482 0457 3DF68ECA 		.ascii	"=\366\216\312\313\202\032\013\251ZY 0\025\223o\212\354"
 4482      CB821A0B 
 4482      A95A5920 
 4482      3015936F 
 4482      8AEC
 4483 0469 33B7FC56 		.ascii	"3\267\374V\275Eg:Ug\372#\002\3306\241Z\301\206\307\371"
 4483      BD45673A 
 4483      5567FA23 
 4483      02D836A1 
 4483      5AC186C7 
 4484 047e A140308D 		.ascii	"\241@0\215J\230W\300:\016\254X\021\241\303\266\353n"
 4484      4A9857C0 
 4484      3A0EAC58 
 4484      11A1C3B6 
 4484      EB6E
 4485 0490 9C493537 		.ascii	"\234I57\306\260jF\330)&\337,\254\026\337\032\304\333"
 4485      C6B06A46 
 4485      D82926DF 
 4485      2CAC16DF 
 4485      1AC4DB
 4486 04a3 77FE64F8 		.ascii	"w\376d\370\016\203\332\"\030\276\274^|\333b\275\332"
 4486      0E83DA22 
 4486      18BEBC5E 
 4486      7CDB62BD 
 4486      DA
 4487 04b4 3D19E651 		.ascii	"=\031\346Q\370\216\300\\\012sd\005\364\022\326\206|"
ARM GAS  /tmp/ccNBpKAw.s 			page 109


 4487      F88EC05C 
 4487      0A736405 
 4487      F412D686 
 4487      7C
 4488 04c5 9E21CD54 		.ascii	"\236!\315T\010+FZ\201\264\026\251T\341\261\361ni+\217"
 4488      082B465A 
 4488      81B416A9 
 4488      54E1B1F1 
 4488      6E692B8F 
 4489 04d9 EA169B65 		.ascii	"\352\026\233e\024\343\350\217\315\216\316\306S\011\204"
 4489      14E3E88F 
 4489      CD8ECEC6 
 4489      530984
 4490 04e8 B72CF187 		.ascii	"\267,\361\207\246\030C\323\302\373\323\037\213\366L"
 4490      A61843D3 
 4490      C2FBD31F 
 4490      8BF64C
 4491 04f7 B2068666 		.ascii	"\262\006\206f\271\336\035\001\247n/_f\030!%\272\027"
 4491      B9DE1D01 
 4491      A76E2F5F 
 4491      66182125 
 4491      BA17
 4492 0509 5770F774 		.ascii	"Wp\367tp.\226\003\235yE\226~X\2458n\326\376\274<\310"
 4492      702E9603 
 4492      9D794596 
 4492      7E58A538 
 4492      6ED6FEBC 
 4493 051f 9FC81000 		.ascii	"\237\310\020\000+)\254\321{\304\353\343q&O\2275\335"
 4493      2B29ACD1 
 4493      7BC4EBE3 
 4493      71264F97 
 4493      35DD
 4494 0531 749225D4 		.ascii	"t\222%\324\253\020(\244P\200\221\\-\272c\375XKa\025"
 4494      AB1028A4 
 4494      5080915C 
 4494      2DBA63FD 
 4494      584B6115 
 4495 0545 9FE139FF 		.ascii	"\237\3419\377<\003\377\242 \376\011\\\351\256\225\265"
 4495      3C03FFA2 
 4495      20FE095C 
 4495      E9AE95B5 
 4496 0555 F5D03B88 		.ascii	"\365\320;\210\335\362\356\354p^\234\277e\352&\212\232"
 4496      DDF2EEEC 
 4496      705E9CBF 
 4496      65EA268A 
 4496      9A
 4497 0566 8B6174AB 		.ascii	"\213at\253\355L_\012\033(,\362\253\2650\204Z\353\005"
 4497      ED4C5F0A 
 4497      1B282CF2 
 4497      ABB53084 
 4497      5AEB05
 4498 0579 06F96CA4 		.ascii	"\006\371l\244\322\307m\353W\326\250B\247u\024\026\213"
 4498      D2C76DEB 
 4498      57D6A842 
 4498      A7751416 
 4498      8B
 4499 058a AF12EAD3 		.ascii	"\257\022\352\323\211\2551q\275\346<]\276-\204^?\007"
ARM GAS  /tmp/ccNBpKAw.s 			page 110


 4499      89AD3171 
 4499      BDE63C5D 
 4499      BE2D845E 
 4499      3F07
 4500 059c F0633B38 		.ascii	"\360c;86v\326\203\273EQ\375\372\361\312\217\265\237"
 4500      3676D683 
 4500      BB4551FD 
 4500      FAF1CA8F 
 4500      B59F
 4501 05ae 7B1647D9 		.ascii	"{\026G\331\332\375Q\213\263\275\271\221\230v0\213B\251"
 4501      DAFD518B 
 4501      B3BDB991 
 4501      9876308B 
 4501      42A9
 4502 05c0 6E7B1E95 		.ascii	"n{\036\225\316\345\036Z_\242yh:\305e\204\021e(\211\232"
 4502      CEE51E5A 
 4502      5FA27968 
 4502      3AC56584 
 4502      11652889 
 4503 05d5 0A2F00BA 		.ascii	"\012/\000\2720\361v\012f\250\3026\012;(\224Q\330N\341"
 4503      30F1760A 
 4503      66A8C236 
 4503      0A3B2894 
 4503      51D84EE1 
 4504 05e9 170ABB28 		.ascii	"\027\012\273(l\241\260\325\347\373b\237\357Q\376\354"
 4504      6CA1B0D5 
 4504      E7FB629F 
 4504      EF51FEEC 
 4505 05f9 00F905BA 		.ascii	"\000\371\005\272\374\315\033r\016\2511\250\344h\330"
 4505      FCCD1B72 
 4505      0EA931A8 
 4505      E468D8
 4506 0608 1C801155 		.ascii	"\034\200\021U9A8lq\311\011\351\260M\024\026\010P\240"
 4506      3941386C 
 4506      71C909E9 
 4506      B04D1416 
 4506      0850A0
 4507 061b C3B8B025 		.ascii	"\303\270\260%\006a\371\301\306&\220k\010*\362\331:\237"
 4507      0661F9C1 
 4507      C626906B 
 4507      082AF2D9 
 4507      3A9F
 4508 062d C24FC11A 		.ascii	"\302O\301\032Ii\2428\225v+N\\\304:\203\210\0314\310"
 4508      4969A238 
 4508      95762B4E 
 4508      5CC43A83 
 4508      881934C8 
 4509 0641 5318B872 		.ascii	"S\030\270r\021\270\007\327\257l\262\364\016\362\332"
 4509      11B807D7 
 4509      AF6CB2F4 
 4509      0EF2DA
 4510 0650 EEFFDF6B 		.ascii	"\356\377\337k\354\204\211\260s\202\311\221\302\023\033"
 4510      EC8489B0 
 4510      7382C991 
 4510      C2131B
 4511 065f 6930937D 		.ascii	"i0\223}o\300\244\021\231\264 \335\341\214,\013\346/"
 4511      6FC0A411 
ARM GAS  /tmp/ccNBpKAw.s 			page 111


 4511      99B420DD 
 4511      E18C2C0B 
 4511      E62F
 4512 0671 3C6AB6C6 		.ascii	"<j\266\306\311\325\\\2675\341\001\012\3731\245\016R"
 4512      C9D55CB7 
 4512      35E1010A 
 4512      FB31A50E 
 4512      52
 4513 0682 A8A228CA 		.ascii	"\250\242(\312\202oP\3517\273\202\022\376\035\027\177"
 4513      826F50E9 
 4513      37BB8212 
 4513      FE1D177F 
 4514 0692 5DFF8C77 		.ascii	"]\377\214w\326\206<\237\233\304\372\260\342\322\237"
 4514      D6863C9F 
 4514      9BC4FAB0 
 4514      E2D29F
 4515 06a1 AC068EB3 		.ascii	"\254\006\216\263\373\350\014\017#\303#\024\216R\376"
 4515      FBE80C0F 
 4515      23C32314 
 4515      8E52FE
 4516 06b0 887D23F1 		.ascii	"\210}#\361\206\265\247u\375\202}=,q\376\305\302a*{\034"
 4516      86B5A775 
 4516      FD827D3D 
 4516      2C71FEC5 
 4516      C2612A7B 
 4517 06c5 A7704C18 		.ascii	"\247pL\030\344S\242sa\273w;\316O\330Z\355W\345\020\326"
 4517      E453A273 
 4517      61BB773B 
 4517      CE4FD85A 
 4517      ED57E510 
 4518 06da A06D66C2 		.ascii	"\240mf\302\366 \035E\252Cj1\363\232v\253nAct\267\232"
 4518      F6201D45 
 4518      AA436A31 
 4518      F39A76AB 
 4518      6E416374 
 4519 06f0 7696C219 		.ascii	"v\226\302\031\303|\323\366$\177\026\206\024\233j\374"
 4519      C37CD3F6 
 4519      247F1686 
 4519      149B6AFC 
 4520 0700 0C4F23C3 		.ascii	"\014O#\303Ua\334\321ygZK\"\002\213\3329\275?/\347\215"
 4520      5561DCD1 
 4520      79675A4B 
 4520      22028BDA 
 4520      39BD3F2F 
 4521 0716 93EE85EB 		.ascii	"\223\356\205\353E\255V\017\373y1w\230\357\356\252\235"
 4521      45AD560F 
 4521      FB793177 
 4521      98EFEEAA 
 4521      9D
 4522 0727 0C71FD38 		.ascii	"\014q\3758\217\266\2059V\002\027)\234\362K:)\223g\221"
 4522      8FB68539 
 4522      56021729 
 4522      9CF24B3A 
 4522      29936791 
 4523 073b 2F79CE8B 		.ascii	"/y\316\213Bt\261{!\022\353J\021i\255\272\327\011\020"
 4523      4274B17B 
 4523      2112EB4A 
ARM GAS  /tmp/ccNBpKAw.s 			page 112


 4523      1169ADBA 
 4523      D70910
 4524 074e 3AE68208 		.ascii	":\346\202\010\352v\241l\341\345\256\315\"\265\002\261"
 4524      EA76A16C 
 4524      E1E5AECD 
 4524      22B502B1 
 4525 075e 9702B155 		.ascii	"\227\002\261Ua\204\035A\272\314\373(\305\227\212\256"
 4525      61841D41 
 4525      BACCFB28 
 4525      C5978AAE 
 4526 076e E1A250BA 		.ascii	"\341\242P\272V\335\333\027WW\024\032\374\372]\0215K"
 4526      56DDDB17 
 4526      5757141A 
 4526      FCFA5D11 
 4526      354B
 4527 0780 37FE2AE5 		.ascii	"7\376*\345\337}\306\257\233|\354z\224\360\216\327\007"
 4527      DF7DC6AF 
 4527      9B7CEC7A 
 4527      94F08ED7 
 4527      07
 4528 0791 6808004C 		.ascii	"h\010\000L\257\255j\003\335;\327u\273\032y\311oE5T\213"
 4528      AFAD6A03 
 4528      DD3BD775 
 4528      BB1A79C9 
 4528      6F453554 
 4529 07a6 9CE66E10 		.ascii	"\234\346n\020\271l0\263\331\026\302\026 m\264p\005w"
 4529      B96C30B3 
 4529      D916C216 
 4529      206DB470 
 4529      0577
 4530 07b8 E7DF6CEA 		.ascii	"\347\337l\352\276dh\245p\307\020\302\227%\017v\232\343"
 4530      BE6468A5 
 4530      70C710C2 
 4530      97250F76 
 4530      9AE3
 4531 07ca 78D36DBF 		.ascii	"x\323m\277\342-"
 4531      E22D
 4532 07d0 18429C0D 		.ascii	"\030B\234\015Q\207\363\355\017.\263@%\357\352\375\371"
 4532      5187F3ED 
 4532      0F2EB340 
 4532      25EFEAFD 
 4532      F9
 4533 07e1 92A169DA 		.ascii	"\222\241i\332>\223\256\344=]\311\373\"\204o?\251\250"
 4533      3E93AEE4 
 4533      3D5DC9FB 
 4533      22846F3F 
 4533      A9A8
 4534 07f3 7F08BEFA 		.ascii	"\177\010\276\372\311W\317\302YW\313#e\001}\010p\037"
 4534      C957CFC2 
 4534      5957CB23 
 4534      65017D08 
 4534      701F
 4535 0805 A05DEF76 		.ascii	"\240]\357v\327_\234\362'f{\0253\354\241\360R \3448%"
 4535      D75F9CF2 
 4535      27667B15 
 4535      33ECA1F0 
 4535      5220E438 
ARM GAS  /tmp/ccNBpKAw.s 			page 113


 4536 081a F0DC8FD0 		.ascii	"\360\334\217\320\006\360-\012M84\236Q\216\302PuPxL\341"
 4536      06F02D0A 
 4536      4D38349E 
 4536      518EC250 
 4536      7550784C 
 4537 082f 09858714 		.ascii	"\011\205\207\024\036PxJ\241\215B'\205G\3324\2411.\247"
 4537      1E50784A 
 4537      A18D4227 
 4537      8547DA34 
 4537      A1312EA7 
 4538 0843 B0971A19 		.ascii	"\260\227\032\031\033jg\333\213\222\3312\251\032)\324"
 4538      1B6A67DB 
 4538      8B92D932 
 4538      A91A29D4 
 4539 0853 53A3827A 		.ascii	"S\243\202za|\331\330f\251\306\001w\237Bs\000\244U\267"
 4539      617CD9D8 
 4539      66A9C601 
 4539      779F4273 
 4539      00A455B7 
 4540 0867 61B11075 		.ascii	"a\261\020u\231\302\211 &RR\376\302l/\230\371\230\364"
 4540      99C28920 
 4540      265252FE 
 4540      C26C2F98 
 4540      F998F4
 4541 087a 0A845C57 		.ascii	"\012\204\\WkES\377\216K\235{\240\177\277\013:\003)\342"
 4541      6B4553FF 
 4541      8E4B9D7B 
 4541      A07FBF0B 
 4541      3A0329E2 
 4542 088e 19C0A300 		.ascii	"\031\300\243\000Gv\030\226\335\317y\341\305o7\375!\276"
 4542      47761896 
 4542      DDCF79E1 
 4542      C56F37FD 
 4542      21BE
 4543 08a0 81212E10 		.ascii	"\201!.\020!\2764\267\245.\242w\2207\237\277\2217y\232"
 4543      21BE34B7 
 4543      A52EA277 
 4543      90379FBF 
 4543      9137799A 
 4544 08b4 962C9B67 		.ascii	"\226,\233g\3253\240K\327\340\205\\\000\036>\320\334"
 4544      D533A04B 
 4544      D7E0855C 
 4544      001E3ED0 
 4544      DC
 4545 08c5 218B36E6 		.ascii	"!\2136\346\220\276)\251\377G\233\022\354\266\276\275"
 4545      90BE29A9 
 4545      FF479B12 
 4545      ECB6BEBD 
 4546 08d5 F5B821B3 		.ascii	"\365\270!\263^\352|_I\276uue\347\015{\202`@c\336\246"
 4546      5EEA7C5F 
 4546      49BE7575 
 4546      65E70D7B 
 4546      82604063 
 4547 08eb C668B159 		.ascii	"\306h\261Y\367\206\334\254#\244!\357\300:\203\362\030"
 4547      F786DCAC 
 4547      23A421EF 
 4547      C03A83F2 
ARM GAS  /tmp/ccNBpKAw.s 			page 114


 4547      18
 4548 08fc 6F1F8F6C 		.ascii	"o\037\217l&x4\250\253\016G\351\200\023\372\2123G\002"
 4548      267834A8 
 4548      AB0E47E9 
 4548      8013FA8A 
 4548      334702
 4549 090f 663F7C52 		.ascii	"f?|Rm\016\336N\030V\220\254X\370\371D\265\367qT0p\022"
 4549      6D0EDE4E 
 4549      185690AC 
 4549      58F8F944 
 4549      B5F77154 
 4550 0926 F3EF3B10 		.ascii	"\363\357;\020tz_nM\304M\020\307(\212\035\000\352\006"
 4550      747A5F6E 
 4550      4DC44D10 
 4550      C7288A1D 
 4550      00EA06
 4551 0939 E3C54A46 		.ascii	"\343\305JF2\022\253R\225\232\355\214Z\231\225\331\255"
 4551      3212AB52 
 4551      959AED8C 
 4551      5A9995D9 
 4551      AD
 4552 094a D5F05E5C 		.ascii	"\325\360^\\\007\033j\241q\321V\313\232\375\020c5Y(m"
 4552      071B6AA1 
 4552      71D156CB 
 4552      9AFD1063 
 4552      3559286D 
 4553 095e 0EB35BE3 		.ascii	"\016\263[\343\236\3412f\251\271\357PU\261\317x\2539"
 4553      9EE13266 
 4553      A9B9EF50 
 4553      55B1CF78 
 4553      AB39
 4554 0970 4CA5F95F 		.ascii	"L\245\371_\307\016\034\212\327\346\260j\260c\257\341"
 4554      C70E1C8A 
 4554      D7E6B06A 
 4554      B063AFE1 
 4555 0980 8A25069F 		.ascii	"\212%\006\237\232\303\254\035l\351L\263\3758\235:\000"
 4555      9AC3AC1D 
 4555      6CE94CB3 
 4555      FD389D3A 
 4555      00
 4556 0991 37E3567B 		.ascii	"7\343V{b,\206i\250\305\362^t%\253d_\020b\261l\376\371"
 4556      622C8669 
 4556      A8C5F25E 
 4556      7425AB64 
 4556      5F1062B1 
 4557 09a8 2D6B7358 		.ascii	"-ksX4\262\210\263\367\215\261\367\215\256\006\223\335"
 4557      34B288B3 
 4557      F78DB1F7 
 4557      8DAE0693 
 4557      DD
 4558 09b9 6E8D8D23 		.ascii	"n\215\215#\250\204=1q(\265\"g\305R\015\211\014\"\023"
 4558      A8843D31 
 4558      7128B522 
 4558      67C5520D 
 4558      890C2213 
 4559 09cd D56B77DE 		.ascii	"\325kw\336\261\232\254\341\357\365\215#\304N\276\240"
 4559      B19AACE1 
ARM GAS  /tmp/ccNBpKAw.s 			page 115


 4559      EFF58D23 
 4559      C44EBEA0 
 4560 09dd 7C93FFCA 		.ascii	"|\223\377\312\367\2030\224i\327_\001\342\2544\221\262"
 4560      F7833094 
 4560      69D75F01 
 4560      E2AC3491 
 4560      B2
 4561 09ee 2F9BC308 		.ascii	"/\233\303\010\241\264/\016O\305\022\031\211;[\305\022"
 4561      A1B42F0E 
 4561      4FC51219 
 4561      893B5BC5 
 4561      12
 4562 09ff 6EFBD23E 		.ascii	"n\373\322><\321J\232\303p\262\244\261\012\256\025@\357"
 4562      3CD14A9A 
 4562      C370B2A4 
 4562      B10AAE15 
 4562      40EF
 4563 0a11 69C58486 		.ascii	"i\305\204\206\313\337\242\003\305?~\001\355\002\374"
 4563      CBDFA203 
 4563      C53F7E01 
 4563      ED02FC
 4564 0a20 15E471A3 		.ascii	"\025\344q\243O\214\374a;\325\320\034\002\022\355\273"
 4564      4F8CFC61 
 4564      3BD5D01C 
 4564      0212EDBB 
 4565 0a30 111F0ADD 		.ascii	"\021\037\012\335\257\361\241\276\023\"\331G\023\302"
 4565      AFF1A1BE 
 4565      1322D947 
 4565      13C2
 4566 0a3e AF06E67E 		.ascii	"\257\006\346~\210|4H\223X\320\016\231\300'Z\"\251&\222"
 4566      887C3448 
 4566      9358D00E 
 4566      99C0275A 
 4566      22A92692 
 4567 0a52 12D0FB88 		.ascii	"\022\320\373\210~\001\212\023\022\240\244O\034\361\361"
 4567      7E018A13 
 4567      12A0A44F 
 4567      1CF1F1
 4568 0a61 978365C9 		.ascii	"\227\203e\311\276\363\177o\342\007\002K\317g?\260BL"
 4568      BEF37F6F 
 4568      E207024B 
 4568      CF673FB0 
 4568      424C
 4569 0a73 FE5002EC 		.ascii	"\376P\002\354h8a\327y\356)\317\353\356z\273\357]g\340"
 4569      683861D7 
 4569      79EE29CF 
 4569      EBEE7ABB 
 4569      EF5D67E0 
 4570 0a87 BA94E9F3 		.ascii	"\272\224\351\363@Y\036?J\300\226\200\243\004d\275\351"
 4570      40591E3F 
 4570      4AC09680 
 4570      A30464BD 
 4570      E9
 4571 0a98 E091CD86 		.ascii	"\340\221\315\206Iz\272>Df\312\021\3205{\307O=\304\246"
 4571      497ABA3E 
 4571      4466CA11 
 4571      D0357BC7 
ARM GAS  /tmp/ccNBpKAw.s 			page 116


 4571      4F3DC4A6 
 4572 0aac 7026139B 		.ascii	"p&\023\233\302U\352\2169\021}\2027\205\263p\014\346"
 4572      C255EA8E 
 4572      39117D82 
 4572      3785B370 
 4572      0CE6
 4573 0abe 317E5E81 		.ascii	"1~^\201\240_\266\225\267\206\377\2660_\355,\336Tp\020"
 4573      A05FB695 
 4573      B786FFB6 
 4573      305FED2C 
 4573      DE547010 
 4574 0ad2 16AB5E5C 		.ascii	"\026\253^\\\321\250\012\202`\032\363i\360#\242\2472"
 4574      D1A80A82 
 4574      601AF369 
 4574      F023A2A7 
 4574      32
 4575 0ae3 98C2C62F 		.ascii	"\230\302\306/\214c\317\320\234\271V.qQ\373\222\315\221"
 4575      8C63CFD0 
 4575      9CB9562E 
 4575      7151FB92 
 4575      CD91
 4576 0af5 42229645 		.ascii	"B\"\226E.1\177\346\225\253\335\246)4\303g\036\002\366"
 4576      2E317FE6 
 4576      95ABDDA6 
 4576      2934C367 
 4576      1E02F6
 4577 0b08 6CADBA60 		.ascii	"l\255\272`\3308\316\321\215\230+\215\230W\330R\"Y\316"
 4577      D838CED1 
 4577      8D982B8D 
 4577      9857D852 
 4577      2259CE
 4578 0b1b 65F013C3 		.ascii	"e\360\023\303\226\305sk\217E\371\255\300\201\3573c>"
 4578      96C5736B 
 4578      8F45F9AD 
 4578      C081EF33 
 4578      633E
 4579 0b2d 2A35CF67 		.ascii	"*5\317gF\361\251GehF\241\332v\247,s\015W@A\000?B\320"
 4579      46F1A947 
 4579      656846A1 
 4579      DA76A72C 
 4579      730D5740 
 4580 0b46 4C28F09B 		.ascii	"L(\360\233pj\000+\262\022\266K\230\260\267\346\372\017"
 4580      706A002B 
 4580      B212B64B 
 4580      98B0B7E6 
 4580      FA0F
 4581 0b58 425C8EF4 		.ascii	"B\\\216\364\331\263\013\027\272\254\242!\233!_lY\236"
 4581      D9B30B17 
 4581      BAACA221 
 4581      9B215F6C 
 4581      599E
 4582 0b6a 53B12F32 		.ascii	"S\261/2\304\326\272\010\031.\226J?\\{\342\261\345\267"
 4582      C4D6BA08 
 4582      192E964A 
 4582      3F5C7BE2 
 4582      B1E5B7
 4583 0b7d 853BD4B6 		.ascii	"\205;\324\266\316\031S\324\030\351\300\"\006\013\375"
ARM GAS  /tmp/ccNBpKAw.s 			page 117


 4583      CE1953D4 
 4583      18E9C022 
 4583      060BFD
 4584 0b8c D217F8A5 		.ascii	"\322\027\370\245\267\367g\025(\375\242\220^R\265^\215"
 4584      B7F76715 
 4584      28FDA290 
 4584      5E52B55E 
 4584      8D
 4585 0b9d E2CEDFFC 		.ascii	"\342\316\337\374\363\016U5\371\034\277\324\337o\211"
 4585      F30E5535 
 4585      F91CBFD4 
 4585      DF6F89
 4586 0bac BF5FC700 		.ascii	"\277_\307\000vM\364Y\274\341J\223\"4\274/\366\376\312"
 4586      764DF459 
 4586      BCE14A93 
 4586      2234BC2F 
 4586      F6FECA
 4587 0bbf 8DAAF965 		.ascii	"\215\252\371e\335\327\207+q;hH\252\205\355\233\313q"
 4587      DDD7872B 
 4587      713B6848 
 4587      AA85ED9B 
 4587      CB71
 4588 0bd1 55844D01 		.ascii	"U\204M\0013\017/\3367Nu(\201kC\234qV\350\021\353Z[\273"
 4588      330F2FDE 
 4588      374E7528 
 4588      816B439C 
 4588      7156E811 
 4589 0be9 C8507857 		.ascii	"\310PxW\351\021[-\215\377\361~C\215L\273\325\014J\370"
 4589      E9115B2D 
 4589      8DFFF17E 
 4589      438D4CBB 
 4589      D50C4AF8 
 4590 0bfd C1A559D4 		.ascii	"\301\245Y\324\2070\361\304\031O`-B\363\373\265\347*"
 4590      8730F1C4 
 4590      194F602D 
 4590      42F3FBB5 
 4590      E72A
 4591 0c0f CDFEE345 		.ascii	"\315\376\343E\177\345]\2178\002\353\030\254\345\356"
 4591      7FE55D8F 
 4591      3802EB18 
 4591      ACE5EE
 4592 0c1e 5E7478EB 		.ascii	"^tx\353\355(\277\27370\277\2777\242+\326H\221[\037\335"
 4592      ED28BFBB 
 4592      3730BFBF 
 4592      37A22BD6 
 4592      48915B1F 
 4593 0c33 5C826E43 		.ascii	"\\\202nCF\027\326N\316Sa8~\204\345~\247-\347\177$ \354"
 4593      4617D64E 
 4593      CE536138 
 4593      7E84E57E 
 4593      A72DE77F 
 4594 0c4a BE10BA61 		.ascii	"\276\020\272a\345\212\031\346\367\013\305\012kb\275"
 4594      E58A19E6 
 4594      F70BC50A 
 4594      6B62BD
 4595 0c59 79234E7F 		.ascii	"y#N\177\214O\216\233\374\360M\214\214/\350\313\036Z"
 4595      8C4F8E9B 
ARM GAS  /tmp/ccNBpKAw.s 			page 118


 4595      FCF04D8C 
 4595      8C2FE8CB 
 4595      1E5A
 4596 0c6b E5E2CD0B 		.ascii	"\345\342\315\013lJ\004a\363\"x\357\226\316\334;\321"
 4596      6C4A0461 
 4596      F32278EF 
 4596      96CEDC3B 
 4596      D1
 4597 0c7c C2B8D122 		.ascii	"\302\270\321\"=\236\337(\313\241!\222a\033*\267U*\227"
 4597      3D9EDF28 
 4597      CBA12192 
 4597      611B2AB7 
 4597      552A97
 4598 0c8f 9B37E98A 		.ascii	"\2337\351\212Yw\3306\335a\333\371\337/\212\004\337\371"
 4598      5977D836 
 4598      DD61DBF9 
 4598      DF2F8A04 
 4598      DFF9
 4599 0ca1 5BCE198F 		.ascii	"[\316\031\217\021\374 \330\301$l5\252\260\036i\023R"
 4599      11FC20D8 
 4599      C1246C35 
 4599      AAB01E69 
 4599      1352
 4600 0cb3 29D24EDE 		.ascii	")\322N\336-\246\262\375\376T&\327o\362p\241\253\264"
 4600      2DA6B2FD 
 4600      FE5426D7 
 4600      6FF270A1 
 4600      ABB4
 4601 0cc5 E35A4F75 		.ascii	"\343ZOu\366\307\260\223A\031\203\203\254\373\236\220"
 4601      F6C7B093 
 4601      41198383 
 4601      ACFB9E90 
 4602 0cd5 EF3FA76E 		.ascii	"\357?\247n\225\353\243\321\260/\030\242\355Q[K%\006"
 4602      95EBA3D1 
 4602      B02F18A2 
 4602      ED515B4B 
 4602      2506
 4603 0ce7 D781BB03 		.ascii	"\327\201\273\003@\372\012hs\247\216\331\025\214\321"
 4603      40FA0A68 
 4603      73A78ED9 
 4603      158CD1
 4604 0cf6 185DD241 		.ascii	"\030]\322A{\003@\372&\340d\351R\264\024?\005\254t\365"
 4604      7B0340FA 
 4604      26E064E9 
 4604      52B4143F 
 4604      05AC74F5 
 4605 0d0a 95CF16C6 		.ascii	"\225\317\026\306\267\233p@t\307\205\311~\006U\014*\260"
 4605      B79B7040 
 4605      74C785C9 
 4605      7E06550C 
 4605      2AB0
 4606 0d1c 95413903 		.ascii	"\225A9\003/\323v\337\315>\343Q\326\236 Y;E\325<\177"
 4606      2FD376DF 
 4606      CD3EE351 
 4606      D69E2059 
 4606      3B45D53C 
 4607 0d31 B4714784 		.ascii	"\264qG\204o\321\243\363\306\305\363\353y\277?GT\303"
ARM GAS  /tmp/ccNBpKAw.s 			page 119


 4607      6FD1A3F3 
 4607      C6C5F3EB 
 4607      79BF3F47 
 4607      54C3
 4608 0d43 658D5113 		.ascii	"e\215Q\023y\0319\304\240T`e_\002\2770H\037\337\324\237"
 4608      791939C4 
 4608      A0546065 
 4608      5F02BF30 
 4608      481FDFD4 
 4609 0d58 ED15A1AC 		.ascii	"\355\025\241\254~\360j1{\037\307p\333\376\022U\215\021"
 4609      7EF06A31 
 4609      7B1FC770 
 4609      DBFE1255 
 4609      8D11
 4610 0d6a 87A28705 		.ascii	"\207\242\207\005^.\260\010\177K\037\177\245?\257\310"
 4610      5E2EB008 
 4610      7F4B1F7F 
 4610      A53FAFC8 
 4611 0d7a D75B9CBD 		.ascii	"\327[\234\275\203\014\375\207\312\360\323\276\355\217"
 4611      830CFD87 
 4611      CAF0D3BE 
 4611      ED8F
 4612 0d88 FFA6E7CA 		.ascii	"\377\246\347\312F\335\314c2\343\252:V\227\031\212\352"
 4612      46DDCC63 
 4612      32E3AA3A 
 4612      5697198A 
 4612      EA
 4613 0d99 211D709C 		.ascii	"!\035p\234\247\322\001\241\346\231M\217/X\344\221\241"
 4613      A7D201A1 
 4613      E6994D8F 
 4613      2F58E491 
 4613      A1
 4614 0daa AC74F9FB 		.ascii	"\254t\371\373\262\017Q\321\200\003\342$\037z\245\213"
 4614      B20F51D1 
 4614      8003E224 
 4614      1F7AA58B 
 4615 0dba 0B8F6A13 		.ascii	"\013\217j\023\010n\357x\313\202\332\031\013@K\377\323"
 4615      086EEF78 
 4615      CB82DA19 
 4615      0B404BFF 
 4615      D3
 4616 0dcb BCA1BD75 		.ascii	"\274\241\275uU\216~\316\230\253\217\31638\000j\244:"
 4616      558E7ECE 
 4616      98AB8FCE 
 4616      3338006A 
 4616      A43A
 4617 0ddd F577A715 		.ascii	"\365w\247\025+\272:gtu\316ru\216\274\201:\265\\\326"
 4617      2BBA3A67 
 4617      7475CE72 
 4617      758EBC81 
 4617      3AB55CD6 
 4618 0df1 E30735B9 		.ascii	"\343\0075\271\314W\212\317\363\226\245\307N\226\373"
 4618      CC578ACF 
 4618      F396A5C7 
 4618      4E96FB
 4619 0e00 D4A9E30D 		.ascii	"\324\251\343\015\005K\333*L\241\324\271\210\352\\\220"
 4619      054BDB2A 
ARM GAS  /tmp/ccNBpKAw.s 			page 120


 4619      4CA1D4B9 
 4619      88EA5C90 
 4620 0e10 EADCAF7A 		.ascii	"\352\334\257z\270\304p\230zQW\347\022W\347thu*&\237"
 4620      B8C47098 
 4620      7A5157E7 
 4620      1257E774 
 4620      68752A26 
 4621 0e25 B81DA189 		.ascii	"\270\035\241\211\252\347\242\026\236\277\273\326\034"
 4621      AAE7A216 
 4621      9EBFBBD6 
 4621      1C
 4622 0e32 AA2E35A0 		.ascii	"\252.5\240\250+R\324\341\213\347V\032v\212\015\272\250"
 4622      A82B52D4 
 4622      E18BE756 
 4622      1A768A0D 
 4622      BAA8
 4623 0e44 AB5C546D 		.ascii	"\253\\TmhQ{\262\353n\370g\321\353\\\326\262\256Eg\025"
 4623      68517BB2 
 4623      EB6EF867 
 4623      D1EB5CD6 
 4623      B2AE4567 
 4624 0e59 4D78236F 		.ascii	"Mx#oX]\363\270+dQ\274\211\302oH\341O\226M\337e(\324"
 4624      585DF3B8 
 4624      2B6451BC 
 4624      89C26F48 
 4624      E14F964D 
 4625 0e71 3775E14D 		.ascii	"7u\341M\\\370\245\220\365l\353\205\263OY(\306-\310\270"
 4625      5CF8A590 
 4625      F56CEB85 
 4625      B34F5928 
 4625      C62DC8B8 
 4626 0e85 5932DEB0 		.ascii	"Y2\336\260\250\324xf\336\2423\276\315\0317D\204\\\012"
 4626      A8D47866 
 4626      DEA233BE 
 4626      CD193744 
 4626      845C0A
 4627 0e98 CC9A5B50 		.ascii	"\314\232[Pf\322$\265r\033\252\017\327\234\203P\242\356"
 4627      66D224B5 
 4627      721BAA0F 
 4627      D79C8350 
 4627      A2EE
 4628 0eaa A1A8BB52 		.ascii	"\241\250\273R\324\362\223O\3471\303.V\027u\237\213j"
 4628      D4F2934F 
 4628      E731C32E 
 4628      5617759F 
 4628      8B6A
 4629 0ebc 94A2CA77 		.ascii	"\224\242\312w\256V|\231\302E\325\267\266\314\243\276"
 4629      AE567C99 
 4629      C245D5B7 
 4629      B6CCA3BE 
 4630 0ecc BC7DC065 		.ascii	"\274}\300e\2655\346\2377k\302\333y\303\356s%5J\250D"
 4630      B535E69F 
 4630      376BC2DB 
 4630      79C3EE73 
 4630      25354AA8 
 4631 0ee1 E940E10F 		.ascii	"\351@\341\017\245\360\322\2333\214\303\250C\027\376"
 4631      A5F0D29B 
ARM GAS  /tmp/ccNBpKAw.s 			page 121


 4631      338CC3A8 
 4631      4317FE
 4632 0ef0 880B6F0E 		.ascii	"\210\013o\016-\374\372\234\307\025\026_\226>\341\262"
 4632      2DFCFA9C 
 4632      C715165F 
 4632      963EE1B2 
 4633 0f00 CA9AA76F 		.ascii	"\312\232\247oa\232\360N\336\360\323\265\375'C\012\177"
 4633      619AF04E 
 4633      DEF0D3B5 
 4633      FD27430A 
 4633      7F
 4634 0f11 86C29F4A 		.ascii	"\206\302\237J\341K\252+\362\014\321{\246\013\177\316"
 4634      E14BAA2B 
 4634      F20CD17B 
 4634      A60B7FCE 
 4635 0f21 85DF8B90 		.ascii	"\205\337\213\220\007\014qr\212\242\354e\310p\026l8^"
 4635      070C7172 
 4635      8AA2EC65 
 4635      C870166C 
 4635      385E
 4636 0f33 209DFE1D 		.ascii	" \235\376\035\250\012?c\273\337p\205j\200\211\274\241"
 4636      A80A3F63 
 4636      BBDF7085 
 4636      6A8089BC 
 4636      A1
 4637 0f44 3CFBD69E 		.ascii	"<\373\326\236\350PQ\310\301z\224\255\010]n\336;Yj\230"
 4637      E85051C8 
 4637      C17A94AD 
 4637      085D6EDE 
 4637      3B596A98 
 4638 0f58 C17214BF 		.ascii	"\301r\024\277.\271\002\320'\367\351\276\371\221\374"
 4638      2EB902D0 
 4638      27F7E9BE 
 4638      F991FC
 4639 0f67 1456FC7A 		.ascii	"\024V\374z\367\353'\017\023\362\367j\207\011\217\030"
 4639      F7EB270F 
 4639      13F2F76A 
 4639      87098F18 
 4640 0f77 B431C853 		.ascii	"\2641\310SBL\"\332.\371*\203\313\001\210J\375,\264\231"
 4640      424C22DA 
 4640      2EF92A83 
 4640      CB01884A 
 4640      FD2CB499 
 4641 0f8b 6F92F153 		.ascii	"o\222\361S\300\001\016\327\246E\333\347\363\011<\240"
 4641      C0010ED7 
 4641      A645DBE7 
 4641      F3093CA0 
 4642 0f9b 737C37EE 		.ascii	"s|7\356g"
 4642      67
 4643 0fa0 199C0800 		.ascii	"\031\234\010\000h'\255:\3426\203[\001\210\274\356\032"
 4643      6827AD3A 
 4643      E236835B 
 4643      0188BCEE 
 4643      1A
 4644 0fb1 E62AF02A 		.ascii	"\346*\360*\230G\300V\377\022\203s\301F\004@\232\030"
 4644      9847C056 
 4644      FF128373 
ARM GAS  /tmp/ccNBpKAw.s 			page 122


 4644      C1460440 
 4644      9A18
 4645 0fc3 5C0B9613 		.ascii	"\\\013\226\023p\342\374\222\301\013\314\203)\012\207"
 4645      70E2FC92 
 4645      C10BCC83 
 4645      290A87
 4646 0fd2 E1243055 		.ascii	"\341$0U\201|\005&\341BP\201i\012\314T`\262\0023\024"
 4646      817C0526 
 4646      E1425081 
 4646      690ACC54 
 4646      60B20233 
 4647 0fe7 F811D7FC 		.ascii	"\370\021\327\374\212\234\3714\346\367\031\334\011vs"
 4647      8A9CF934 
 4647      E6F719DC 
 4647      097673
 4648 0ff6 80FCE70C 		.ascii	"\200\374\347\014\036\007\271J\316\214"
 4648      1E07B94A 
 4648      CE8C
 4649 1000 0B76B616 		.ascii	"\013v\266\026E\032fFM\017\364\372\233\351\301kvkG\221"
 4649      451A6646 
 4649      4D0FF4FA 
 4649      9BE9C16B 
 4649      766B4791 
 4650 1014 61D75EA0 		.ascii	"a\327^\240\213\231-3\351F[Y\245!\253O\352\273\366\237"
 4650      8B992D33 
 4650      E9465B59 
 4650      A521AB4F 
 4650      EABBF69F 
 4651 1028 2460DB9C 		.ascii	"$`\333\234\212\305\212~v\320m\256\340c\373\342\366B"
 4651      8AC58A7E 
 4651      76D06DAE 
 4651      E063FBE2 
 4651      F642
 4652 103a C3E94391 		.ascii	"\303\351C\221a\303 9\264\027\236\336+\016\027Z\275\257"
 4652      61C32039 
 4652      B4179EDE 
 4652      2B0E175A 
 4652      BDAF
 4653 104c FF83F8FC 		.ascii	"\377\203\370\374\303\353&\201\376\007\361yJ\320\037"
 4653      C3EB2681 
 4653      FE07F179 
 4653      4AD01F
 4654 105b C4F92968 		.ascii	"\304\371)hW\315\026&\016\006\274\257\377\203\344H\377"
 4654      57CD1626 
 4654      0E06BCAF 
 4654      FF83E448 
 4654      FF
 4655 106c DA76A4B6 		.ascii	"\332v\244\266\266\315\216\024\235g\275\234\037)\326"
 4655      B6CD8E14 
 4655      9D67BD9C 
 4655      1F29D6
 4656 107b B6019D17 		.ascii	"\266\001\235\027)0\222\300B\005\026($,\313\231\356\371"
 4656      293092C0 
 4656      42051628 
 4656      242CCB99 
 4656      EEF9
 4657 108d D4E609B7 		.ascii	"\324\346\011\267\245$9\323\334I)\016eTFFZ\204-\305\225"
ARM GAS  /tmp/ccNBpKAw.s 			page 123


 4657      A52439D3 
 4657      DC49290E 
 4657      65544646 
 4657      5A842DC5 
 4658 10a2 34C6614B 		.ascii	"4\306aK\313p{\230-9\325\302a\011\203m\036\263-9#+\335"
 4658      CB707B98 
 4658      2D39D5C2 
 4658      6109836D 
 4658      1EB32D39 
 4659 10b9 A3D84665 		.ascii	"\243\330Fe\245\230mnO\222\307\021\373u\302\307#Fe\271"
 4659      A5986D6E 
 4659      4F92C711 
 4659      FB75C2C7 
 4659      234665B9 
 4660 10cd 8727B9DC 		.ascii	"\207'\271\334\016\327'#x\333\347=\335\256\344\370\344"
 4660      0ED72723 
 4660      78DBE73D 
 4660      DDAEE4F8 
 4660      E4
 4661 10de 8C31EEF8 		.ascii	"\2141\356\370\021\177\374v\304G\311\231\231\326?}\375"
 4661      117FFC76 
 4661      C447C999 
 4661      99D63F7D 
 4661      FD
 4662 10ef 6DDFCF3E 		.ascii	"m\337\317>\370 a\020\351\345k\373\310\2362x\360\247"
 4662      F8206110 
 4662      E9E56BFB 
 4662      C89E3278 
 4662      F0A7
 4663 1101 29833E21 		.ascii	")\203>!&\321-\322\310\311\252?\376&>5c\214#\336\231"
 4663      26D12DD2 
 4663      C8C9AA3F 
 4663      FE263E35 
 4663      638C23DE 
 4664 1116 941E3F2C 		.ascii	"\224\036?,#9k\214#\335\343\216\377\343\360\277~e\033"
 4664      23396B8C 
 4664      23DDE38E 
 4664      FFE3F0BF 
 4664      7E651B
 4665 1129 95949694 		.ascii	"\225\224\226\224\236\354 \261\037\305\007JL\315\314"
 4665      9EEC20B1 
 4665      1FC5074A 
 4665      4CCDCC
 4666 1138 2466D784 		.ascii	"$f\327\2041I\356\357M\311i\031\311\337\013\023\006&"
 4666      3149EEEF 
 4666      4DC96919 
 4666      C9DF0B13 
 4666      0626
 4667 114a DA3CA62C 		.ascii	"\332<\246,w\222\313\023\2350\360\333\021\377\366\327"
 4667      7792CB13 
 4667      9D30F0DB 
 4667      11FFF6D7 
 4668 115a 6F6CDFFC 		.ascii	"ol\337\374\220\351\030\346H\351\021\360\366{O\252\323"
 4668      90E918E6 
 4668      48E911F0 
 4668      F67B4FAA 
 4668      D3
ARM GAS  /tmp/ccNBpKAw.s 			page 124


 4669 116b 65B76522 		.ascii	"e\267e\"\360\207\370\317R\235\243\234\377>\">\303\315"
 4669      F087F8CF 
 4669      529DA39C 
 4669      FF3E223E 
 4669      C3CD
 4670 117d F98FC948 		.ascii	"\371\217\311H\217wL\360\304\217\370\006\377\377e`\342"
 4670      8F774CF0 
 4670      C48FF806 
 4670      FFFF6560 
 4670      E2
 4671 118e 9F874C98 		.ascii	"\237\207L\230\020\357\366\214\031\230\230:d\320\300"
 4671      10EFF68C 
 4671      1998983A 
 4671      64D0C0
 4672 119d 09133E4A 		.ascii	"\011\023>J%\346\214\261Y\216,\207e\254-=\303\343L\371"
 4672      25E68CB1 
 4672      598E2C87 
 4672      65AC2D3D 
 4672      C3E34CF9 
 4673 11b1 21FC5367 		.ascii	"!\374Sg\206M6\371\036>~\215\200\324\244\264xgzrZ\226"
 4673      864D36F9 
 4673      1E3E7E8D 
 4673      80D4A4B4 
 4673      78677A72 
 4674 11c7 DDC19F25 		.ascii	"\335\301\237%\330\215<\255\276\236\030\253\261\222\255"
 4674      D88D3CAD 
 4674      BE9E18AB 
 4674      B192AD
 4675 11d6 CD1336D6 		.ascii	"\315\0236\326\346\262gz\\x\037\357\302\273i\254\315"
 4675      E6B2677A 
 4675      5C781FEF 
 4675      C2BB69AC 
 4675      CD
 4676 11e7 93918972 		.ascii	"\223\221\211r1:)\016W\370X\031-\207\313\354v\376]\364"
 4676      313A290E 
 4676      57F85819 
 4676      2D87CBEC 
 4676      76FE5DF4 
 4677 11fb B48D4F72 		.ascii	"\264\215Orz\234\351\243{%\014NN\265yR]\216$\273[2\216"
 4677      7A9CE9A3 
 4677      7B250C4E 
 4677      4EB57952 
 4677      5D8E24BB 
 4678 1212 E9DE6012 		.ascii	"\351\336`\022W%\035\255\015\377\024?J\013|\017\377\372"
 4678      57251DAD 
 4678      0DFF143F 
 4678      4A0B7C0F 
 4678      FFFA
 4679 1224 1A0B5C1E 		.ascii	"\032\013\\\036\277\001\311\251iN\267Gh\357\353e\363"
 4679      BF01C9A9 
 4679      694EB747 
 4679      68EFEB65 
 4679      F3
 4680 1235 28992EC7 		.ascii	"(\231.\307\270\217\336\244s\306\250\377t$\213\356\321"
 4680      B88FDEA4 
 4680      73C6A8FF 
 4680      74248BEE 
ARM GAS  /tmp/ccNBpKAw.s 			page 125


 4680      D1
 4681 1246 017A6116 		.ascii	"\001za\026\216\265\2459\323\277\217\312\310\362dfy\374"
 4681      8EB5A539 
 4681      D3BF8FCA 
 4681      C8F26466 
 4681      79FC
 4682 1258 AD4EF1D0 		.ascii	"\255N\361\320\303\231nh4\211\034\205d%95\311e\375\235"
 4682      C3996E68 
 4682      34891C85 
 4682      64253935 
 4682      C965FD9D 
 4683 126c DB2EDED1 		.ascii	"\333.\336\321\025\376\2477\015\005\346\2413)\015\265"
 4683      15FEA737 
 4683      0D05E6A1 
 4683      33290DB5 
 4684 127c 3139C661 		.ascii	"19\306a\002F%$\212\273\315\235\221\345JvD\032_b\022"
 4684      02462524 
 4684      8ABBCD9D 
 4684      91E54A76 
 4684      441A5F62 
 4685 1291 06C9576E 		.ascii	"\006\311Wn\277#\335\341\212\012|\375\360M\314\027]\270"
 4685      BF23DDE1 
 4685      8A0A7CFD 
 4685      F04DCC17 
 4685      5DB8
 4686 12a3 F531819D 		.ascii	"\3651\201\235m\236(\243,\233\207\215\033\343\351\231"
 4686      6D9E28A3 
 4686      2C9B878D 
 4686      1BE3E999 
 4687 12b3 F0C908A1 		.ascii	"\360\311\010\241\3370\227s\234\303\365\037\177\371&"
 4687      DF309773 
 4687      9CC3F51F 
 4687      7FF926
 4688 12c2 BADB7BEF 		.ascii	"\272\333{\357\204!\272\0256\273h\356\031\324bN\316H"
 4688      8421BA15 
 4688      36BB68EE 
 4688      19D4624E 
 4688      CE48
 4689 12d4 4F718E0E 		.ascii	"Oq\216\016\004\313\266\236A-\303\376\201\34723\\8F\305"
 4689      04CBB69E 
 4689      412DC3FE 
 4689      81E73233 
 4689      5C3846C5 
 4690 12e8 0889FFEA 		.ascii	"\010\211\377\352\253a\361bx\215\033h\360\244--\315\216"
 4690      AB61F162 
 4690      788D1B68 
 4690      F0A42D2D 
 4690      CD8E
 4691 12fa D6454A3D 		.ascii	"\326EJ=?\023\034#\215J\367p\377\340v\362\354\035\207"
 4691      3F131C23 
 4691      8D4AF770 
 4691      FFE076F2 
 4691      EC1D87
 4692 130d 600F4B18 		.ascii	"`\017K\030L\242\223\\c\306\015q|8\346\203\024\254\035"
 4692      4CA2935C 
 4692      63C60D71 
 4692      7C38E683 
ARM GAS  /tmp/ccNBpKAw.s 			page 126


 4692      14AC1D
 4693 1320 99985628 		.ascii	"\231\230V(\3051\341\3031C\310\333\266\221\001uh\220"
 4693      C531E1C3 
 4693      3143C8DB 
 4693      B6910175 
 4693      6890
 4694 1332 33DDE9F9 		.ascii	"3\335\351\371|\234\302o\275\202\212\021\371'\204\177"
 4694      7C9CC26F 
 4694      BD828A11 
 4694      F927847F 
 4695 1342 69C40FC1 		.ascii	"i\304\017\301\374HOw\244}\236\032\246=\275\333\215\343"
 4695      FC484F77 
 4695      A47D9E1A 
 4695      A63DBDDB 
 4695      8DE3
 4696 1354 E0ACF4CC 		.ascii	"\340\254\364\314\244\344\357?\037\376e\352p\217Y\276"
 4696      A4E4EF3F 
 4696      1FFE65EA 
 4696      708F59BE 
 4697 1364 F409C264 		.ascii	"\364\011\302d\332y\371\033g\226\017an;\0266\227\307"
 4697      DA79F91B 
 4697      67960F61 
 4697      6E3B1636 
 4697      97C7
 4698 1376 34C63D1A 		.ascii	"4\306=\032M\0301lpo\333\310\257\022\006}\317\273h\206"
 4698      4D18316C 
 4698      706FDBC8 
 4698      AF12067D 
 4698      CFBB6886 
 4699 138a A78C8E0A 		.ascii	"\247\214\216\012|5;]8pG\205gaG\376\350a\311\256\201"
 4699      7C353B5D 
 4699      38704785 
 4699      676147FE 
 4699      E861C9AE 
 4700 139f 48894809 		.ascii	"H\211H\011&w\246\303ag\311\236\011\346\32167v3\361\221"
 4700      2677A6C3 
 4700      6167C99E 
 4700      09E6D136 
 4700      377633F1 
 4701 13b4 E1318F77 		.ascii	"\3411\217w9=\016\2172\332\341\301\021\226\345\3610|"
 4701      393D0E8F 
 4701      32DAE1C1 
 4701      1196E5F1 
 4701      307C
 4702 13c6 62F8A0F0 		.ascii	"b\370\240\360\317&\3615\332\231\216)\217\325\322\226"
 4702      CF26F135 
 4702      DA998E29 
 4702      8FD5D296 
 4703 13d6 9192E2C6 		.ascii	"\221\222\342\306\317\311\2364\206\016\376?\313\340\002"
 4703      CFC99E34 
 4703      860EFE3F 
 4703      CBE002
 4704 13e5 F0       		.ascii	"\360"
 4705              		.text
 4706              		.section	.gnu.lto_.symtab.4849b4ed44245664,"e",%progbits
 4707 0000 5F5A4E31 		.ascii	"_ZN10SbusParser4initEv\000"
 4707      30536275 
ARM GAS  /tmp/ccNBpKAw.s 			page 127


 4707      73506172 
 4707      73657234 
 4707      696E6974 
 4708 0017 00       		.ascii	"\000"
 4709 0018 00       		.ascii	"\000"
 4710 0019 00       		.ascii	"\000"
 4711 001a 00000000 		.ascii	"\000\000\000\000\000\000\000\000"
 4711      00000000 
 4712 0022 90010000 		.ascii	"\220\001\000\000"
 4713 0026 5F5A4E4B 		.ascii	"_ZNK10SbusParser7channelEh\000"
 4713      31305362 
 4713      75735061 
 4713      72736572 
 4713      37636861 
 4714 0041 00       		.ascii	"\000"
 4715 0042 00       		.ascii	"\000"
 4716 0043 00       		.ascii	"\000"
 4717 0044 00000000 		.ascii	"\000\000\000\000\000\000\000\000"
 4717      00000000 
 4718 004c 98010000 		.ascii	"\230\001\000\000"
 4719 0050 5F5A4E31 		.ascii	"_ZN10SbusParser6unpackEPKhPt\000"
 4719      30536275 
 4719      73506172 
 4719      73657236 
 4719      756E7061 
 4720 006d 00       		.ascii	"\000"
 4721 006e 00       		.ascii	"\000"
 4722 006f 00       		.ascii	"\000"
 4723 0070 00000000 		.ascii	"\000\000\000\000\000\000\000\000"
 4723      00000000 
 4724 0078 9E010000 		.ascii	"\236\001\000\000"
 4725 007c 5F5A4E31 		.ascii	"_ZN10SbusParser6updateEv\000"
 4725      30536275 
 4725      73506172 
 4725      73657236 
 4725      75706461 
 4726 0095 00       		.ascii	"\000"
 4727 0096 00       		.ascii	"\000"
 4728 0097 00       		.ascii	"\000"
 4729 0098 00000000 		.ascii	"\000\000\000\000\000\000\000\000"
 4729      00000000 
 4730 00a0 A1010000 		.ascii	"\241\001\000\000"
 4731 00a4 675F7362 		.ascii	"g_sbus\000"
 4731      757300
 4732 00ab 00       		.ascii	"\000"
 4733 00ac 00       		.ascii	"\000"
 4734 00ad 00       		.ascii	"\000"
 4735 00ae 00000000 		.ascii	"\000\000\000\000\000\000\000\000"
 4735      00000000 
 4736 00b6 CA010000 		.ascii	"\312\001\000\000"
 4737 00ba 53443600 		.ascii	"SD6\000"
 4738 00be 00       		.ascii	"\000"
 4739 00bf 02       		.ascii	"\002"
 4740 00c0 00       		.ascii	"\000"
 4741 00c1 00000000 		.ascii	"\000\000\000\000\000\000\000\000"
 4741      00000000 
 4742 00c9 B0010000 		.ascii	"\260\001\000\000"
ARM GAS  /tmp/ccNBpKAw.s 			page 128


 4743 00cd 73645374 		.ascii	"sdStart\000"
 4743      61727400 
 4744 00d5 00       		.ascii	"\000"
 4745 00d6 02       		.ascii	"\002"
 4746 00d7 00       		.ascii	"\000"
 4747 00d8 00000000 		.ascii	"\000\000\000\000\000\000\000\000"
 4747      00000000 
 4748 00e0 AE010000 		.ascii	"\256\001\000\000"
 4749              		.text
 4750              		.section	.gnu.lto_.ext_symtab.4849b4ed44245664,"e",%progbits
 4751 0000 01       		.ascii	"\001"
 4752 0001 01       		.ascii	"\001"
 4753 0002 00       		.ascii	"\000"
 4754 0003 01       		.ascii	"\001"
 4755 0004 00       		.ascii	"\000"
 4756 0005 01       		.ascii	"\001"
 4757 0006 00       		.ascii	"\000"
 4758 0007 01       		.ascii	"\001"
 4759 0008 00       		.ascii	"\000"
 4760 0009 02       		.ascii	"\002"
 4761 000a 00       		.ascii	"\000"
 4762 000b 02       		.ascii	"\002"
 4763 000c 01       		.ascii	"\001"
 4764 000d 01       		.ascii	"\001"
 4765 000e 00       		.ascii	"\000"
 4766              		.text
 4767              		.section	.gnu.lto_.opts,"e",%progbits
 4768 0000 272D666E 		.ascii	"'-fno-openmp' '-fno-openacc' '-fno-pie' '-fcf-prote"
 4768      6F2D6F70 
 4768      656E6D70 
 4768      2720272D 
 4768      666E6F2D 
 4769 0033 6374696F 		.ascii	"ction=none' '-g' '-mcpu=cortex-m7' '-mthumb' '-mflo"
 4769      6E3D6E6F 
 4769      6E652720 
 4769      272D6727 
 4769      20272D6D 
 4770 0066 61742D61 		.ascii	"at-abi=hard' '-mfpu=fpv5-d16' '-mlibarch=armv7e-m+f"
 4770      62693D68 
 4770      61726427 
 4770      20272D6D 
 4770      6670753D 
 4771 0099 702E6470 		.ascii	"p.dp' '-march=armv7e-m+fp.dp' '-O2' '-fomit-frame-p"
 4771      2720272D 
 4771      6D617263 
 4771      683D6172 
 4771      6D763765 
 4772 00cc 6F696E74 		.ascii	"ointer' '-falign-functions=16' '-ffunction-sections"
 4772      65722720 
 4772      272D6661 
 4772      6C69676E 
 4772      2D66756E 
 4773 00ff 2720272D 		.ascii	"' '-fdata-sections' '-fno-common' '-flto' '-Xassemb"
 4773      66646174 
 4773      612D7365 
 4773      6374696F 
 4773      6E732720 
ARM GAS  /tmp/ccNBpKAw.s 			page 129


 4774 0132 6C657227 		.ascii	"ler' '-alms=build/lst/SBUS.lst'\000"
 4774      20272D61 
 4774      6C6D733D 
 4774      6275696C 
 4774      642F6C73 
 4775              		.text
 4776              		.comm	__gnu_lto_slim,1,1
 4777              		.ident	"GCC: (15:10.3-2021.07-4) 10.3.1 20210621 (release)"
ARM GAS  /tmp/ccNBpKAw.s 			page 130


DEFINED SYMBOLS
                            *ABS*:0000000000000000 SBUS.cpp
     /tmp/ccNBpKAw.s:41     .gnu.debuglto_.debug_info:0000000000000000 SBUS.cpp.df668f45
                            *COM*:0000000000000001 __gnu_lto_slim

NO UNDEFINED SYMBOLS
