ARM GAS  /tmp/cc0z6zZn.s 			page 1


   1              		.cpu cortex-m7
   2              		.eabi_attribute 28, 1
   3              		.eabi_attribute 20, 1
   4              		.eabi_attribute 21, 1
   5              		.eabi_attribute 23, 3
   6              		.eabi_attribute 24, 1
   7              		.eabi_attribute 25, 1
   8              		.eabi_attribute 26, 1
   9              		.eabi_attribute 30, 2
  10              		.eabi_attribute 34, 1
  11              		.eabi_attribute 18, 4
  12              		.file	"StateManager.cpp"
  13              		.file 1 "/usr/include/newlib/c++/10.3.1/cstdint"
  14              		.file 2 "/usr/include/newlib/c++/10.3.1/cstring"
  15              		.file 3 "/usr/include/newlib/c++/10.3.1/arm-none-eabi/thumb/v7e-m+dp/hard/bits/c++config.h"
  16              		.file 4 "/usr/lib/gcc/arm-none-eabi/10.3.1/include/stdint.h"
  17              		.file 5 "./src/math/math.hpp"
  18              		.file 6 "/usr/lib/gcc/arm-none-eabi/10.3.1/include/stddef.h"
  19              		.file 7 "/usr/include/newlib/string.h"
  20              		.file 8 "src/state_estimator/EKF.hpp"
  21              		.file 9 "./src/RobotState.hpp"
  22              		.file 10 "./src/threads.hpp"
  23              		.file 11 "src/state_estimator/StateManager.hpp"
  24              		.file 12 "src/state_estimator/StateManager.cpp"
  25              		.file 13 "<built-in>"
  26              		.section	.gnu.debuglto_.debug_info,"e",%progbits
  27              	.Ldebug_info0:
  28              		.hidden	StateManager.cpp.457afdae
  29              		.weak	StateManager.cpp.457afdae
  30              	StateManager.cpp.457afdae:
  31 0000 92140000 		.4byte	0x1492
  32 0004 0400     		.2byte	0x4
  33 0006 00000000 		.4byte	.Ldebug_abbrev0
  34 000a 04       		.byte	0x4
  35 000b 01       		.uleb128 0x1
  36 000c 91060000 		.4byte	.LASF190
  37 0010 04       		.byte	0x4
  38 0011 24020000 		.4byte	.LASF191
  39 0015 48050000 		.4byte	.LASF192
  40 0019 00000000 		.4byte	.Ldebug_line0
  41 001d 02       		.uleb128 0x2
  42 001e 73746400 		.ascii	"std\000"
  43 0022 0D       		.byte	0xd
  44 0023 00       		.byte	0
  45 0024 3B010000 		.4byte	0x13b
  46 0028 03       		.uleb128 0x3
  47 0029 18050000 		.4byte	.LASF0
  48 002d 03       		.byte	0x3
  49 002e 1E01     		.2byte	0x11e
  50 0030 41       		.byte	0x41
  51 0031 04       		.uleb128 0x4
  52 0032 03       		.byte	0x3
  53 0033 1E01     		.2byte	0x11e
  54 0035 41       		.byte	0x41
  55 0036 28000000 		.4byte	0x28
  56 003a 05       		.uleb128 0x5
  57 003b 01       		.byte	0x1
ARM GAS  /tmp/cc0z6zZn.s 			page 2


  58 003c 2F       		.byte	0x2f
  59 003d 0B       		.byte	0xb
  60 003e 5B010000 		.4byte	0x15b
  61 0042 05       		.uleb128 0x5
  62 0043 01       		.byte	0x1
  63 0044 30       		.byte	0x30
  64 0045 0B       		.byte	0xb
  65 0046 6E010000 		.4byte	0x16e
  66 004a 05       		.uleb128 0x5
  67 004b 01       		.byte	0x1
  68 004c 31       		.byte	0x31
  69 004d 0B       		.byte	0xb
  70 004e 81010000 		.4byte	0x181
  71 0052 05       		.uleb128 0x5
  72 0053 01       		.byte	0x1
  73 0054 32       		.byte	0x32
  74 0055 0B       		.byte	0xb
  75 0056 94010000 		.4byte	0x194
  76 005a 05       		.uleb128 0x5
  77 005b 01       		.byte	0x1
  78 005c 34       		.byte	0x34
  79 005d 0B       		.byte	0xb
  80 005e 53020000 		.4byte	0x253
  81 0062 05       		.uleb128 0x5
  82 0063 01       		.byte	0x1
  83 0064 35       		.byte	0x35
  84 0065 0B       		.byte	0xb
  85 0066 6B020000 		.4byte	0x26b
  86 006a 05       		.uleb128 0x5
  87 006b 01       		.byte	0x1
  88 006c 36       		.byte	0x36
  89 006d 0B       		.byte	0xb
  90 006e 77020000 		.4byte	0x277
  91 0072 05       		.uleb128 0x5
  92 0073 01       		.byte	0x1
  93 0074 37       		.byte	0x37
  94 0075 0B       		.byte	0xb
  95 0076 83020000 		.4byte	0x283
  96 007a 05       		.uleb128 0x5
  97 007b 01       		.byte	0x1
  98 007c 39       		.byte	0x39
  99 007d 0B       		.byte	0xb
 100 007e F3010000 		.4byte	0x1f3
 101 0082 05       		.uleb128 0x5
 102 0083 01       		.byte	0x1
 103 0084 3A       		.byte	0x3a
 104 0085 0B       		.byte	0xb
 105 0086 FF010000 		.4byte	0x1ff
 106 008a 05       		.uleb128 0x5
 107 008b 01       		.byte	0x1
 108 008c 3B       		.byte	0x3b
 109 008d 0B       		.byte	0xb
 110 008e 0B020000 		.4byte	0x20b
 111 0092 05       		.uleb128 0x5
 112 0093 01       		.byte	0x1
 113 0094 3C       		.byte	0x3c
 114 0095 0B       		.byte	0xb
ARM GAS  /tmp/cc0z6zZn.s 			page 3


 115 0096 17020000 		.4byte	0x217
 116 009a 05       		.uleb128 0x5
 117 009b 01       		.byte	0x1
 118 009c 3E       		.byte	0x3e
 119 009d 0B       		.byte	0xb
 120 009e DE020000 		.4byte	0x2de
 121 00a2 05       		.uleb128 0x5
 122 00a3 01       		.byte	0x1
 123 00a4 3F       		.byte	0x3f
 124 00a5 0B       		.byte	0xb
 125 00a6 C6020000 		.4byte	0x2c6
 126 00aa 05       		.uleb128 0x5
 127 00ab 01       		.byte	0x1
 128 00ac 41       		.byte	0x41
 129 00ad 0B       		.byte	0xb
 130 00ae A7010000 		.4byte	0x1a7
 131 00b2 05       		.uleb128 0x5
 132 00b3 01       		.byte	0x1
 133 00b4 42       		.byte	0x42
 134 00b5 0B       		.byte	0xb
 135 00b6 BA010000 		.4byte	0x1ba
 136 00ba 05       		.uleb128 0x5
 137 00bb 01       		.byte	0x1
 138 00bc 43       		.byte	0x43
 139 00bd 0B       		.byte	0xb
 140 00be CD010000 		.4byte	0x1cd
 141 00c2 05       		.uleb128 0x5
 142 00c3 01       		.byte	0x1
 143 00c4 44       		.byte	0x44
 144 00c5 0B       		.byte	0xb
 145 00c6 E0010000 		.4byte	0x1e0
 146 00ca 05       		.uleb128 0x5
 147 00cb 01       		.byte	0x1
 148 00cc 46       		.byte	0x46
 149 00cd 0B       		.byte	0xb
 150 00ce 8F020000 		.4byte	0x28f
 151 00d2 05       		.uleb128 0x5
 152 00d3 01       		.byte	0x1
 153 00d4 47       		.byte	0x47
 154 00d5 0B       		.byte	0xb
 155 00d6 A2020000 		.4byte	0x2a2
 156 00da 05       		.uleb128 0x5
 157 00db 01       		.byte	0x1
 158 00dc 48       		.byte	0x48
 159 00dd 0B       		.byte	0xb
 160 00de AE020000 		.4byte	0x2ae
 161 00e2 05       		.uleb128 0x5
 162 00e3 01       		.byte	0x1
 163 00e4 49       		.byte	0x49
 164 00e5 0B       		.byte	0xb
 165 00e6 BA020000 		.4byte	0x2ba
 166 00ea 05       		.uleb128 0x5
 167 00eb 01       		.byte	0x1
 168 00ec 4B       		.byte	0x4b
 169 00ed 0B       		.byte	0xb
 170 00ee 23020000 		.4byte	0x223
 171 00f2 05       		.uleb128 0x5
ARM GAS  /tmp/cc0z6zZn.s 			page 4


 172 00f3 01       		.byte	0x1
 173 00f4 4C       		.byte	0x4c
 174 00f5 0B       		.byte	0xb
 175 00f6 2F020000 		.4byte	0x22f
 176 00fa 05       		.uleb128 0x5
 177 00fb 01       		.byte	0x1
 178 00fc 4D       		.byte	0x4d
 179 00fd 0B       		.byte	0xb
 180 00fe 3B020000 		.4byte	0x23b
 181 0102 05       		.uleb128 0x5
 182 0103 01       		.byte	0x1
 183 0104 4E       		.byte	0x4e
 184 0105 0B       		.byte	0xb
 185 0106 47020000 		.4byte	0x247
 186 010a 05       		.uleb128 0x5
 187 010b 01       		.byte	0x1
 188 010c 50       		.byte	0x50
 189 010d 0B       		.byte	0xb
 190 010e EA020000 		.4byte	0x2ea
 191 0112 05       		.uleb128 0x5
 192 0113 01       		.byte	0x1
 193 0114 51       		.byte	0x51
 194 0115 0B       		.byte	0xb
 195 0116 D2020000 		.4byte	0x2d2
 196 011a 05       		.uleb128 0x5
 197 011b 02       		.byte	0x2
 198 011c 54       		.byte	0x54
 199 011d 0B       		.byte	0xb
 200 011e 71030000 		.4byte	0x371
 201 0122 05       		.uleb128 0x5
 202 0123 02       		.byte	0x2
 203 0124 57       		.byte	0x57
 204 0125 0B       		.byte	0xb
 205 0126 8C030000 		.4byte	0x38c
 206 012a 05       		.uleb128 0x5
 207 012b 02       		.byte	0x2
 208 012c 5D       		.byte	0x5d
 209 012d 0B       		.byte	0xb
 210 012e A2030000 		.4byte	0x3a2
 211 0132 05       		.uleb128 0x5
 212 0133 02       		.byte	0x2
 213 0134 5E       		.byte	0x5e
 214 0135 0B       		.byte	0xb
 215 0136 BD030000 		.4byte	0x3bd
 216 013a 00       		.byte	0
 217 013b 06       		.uleb128 0x6
 218 013c E0000000 		.4byte	.LASF97
 219 0140 03       		.byte	0x3
 220 0141 2001     		.2byte	0x120
 221 0143 0B       		.byte	0xb
 222 0144 5B010000 		.4byte	0x15b
 223 0148 03       		.uleb128 0x3
 224 0149 18050000 		.4byte	.LASF0
 225 014d 03       		.byte	0x3
 226 014e 2201     		.2byte	0x122
 227 0150 41       		.byte	0x41
 228 0151 04       		.uleb128 0x4
ARM GAS  /tmp/cc0z6zZn.s 			page 5


 229 0152 03       		.byte	0x3
 230 0153 2201     		.2byte	0x122
 231 0155 41       		.byte	0x41
 232 0156 48010000 		.4byte	0x148
 233 015a 00       		.byte	0
 234 015b 07       		.uleb128 0x7
 235 015c B7010000 		.4byte	.LASF1
 236 0160 04       		.byte	0x4
 237 0161 22       		.byte	0x22
 238 0162 17       		.byte	0x17
 239 0163 67010000 		.4byte	0x167
 240 0167 08       		.uleb128 0x8
 241 0168 01       		.byte	0x1
 242 0169 06       		.byte	0x6
 243 016a A9040000 		.4byte	.LASF3
 244 016e 07       		.uleb128 0x7
 245 016f 04020000 		.4byte	.LASF2
 246 0173 04       		.byte	0x4
 247 0174 25       		.byte	0x25
 248 0175 18       		.byte	0x18
 249 0176 7A010000 		.4byte	0x17a
 250 017a 08       		.uleb128 0x8
 251 017b 02       		.byte	0x2
 252 017c 05       		.byte	0x5
 253 017d 97070000 		.4byte	.LASF4
 254 0181 07       		.uleb128 0x7
 255 0182 B2080000 		.4byte	.LASF5
 256 0186 04       		.byte	0x4
 257 0187 28       		.byte	0x28
 258 0188 18       		.byte	0x18
 259 0189 8D010000 		.4byte	0x18d
 260 018d 08       		.uleb128 0x8
 261 018e 04       		.byte	0x4
 262 018f 05       		.byte	0x5
 263 0190 BB070000 		.4byte	.LASF6
 264 0194 07       		.uleb128 0x7
 265 0195 0C030000 		.4byte	.LASF7
 266 0199 04       		.byte	0x4
 267 019a 2B       		.byte	0x2b
 268 019b 18       		.byte	0x18
 269 019c A0010000 		.4byte	0x1a0
 270 01a0 08       		.uleb128 0x8
 271 01a1 08       		.byte	0x8
 272 01a2 05       		.byte	0x5
 273 01a3 D7040000 		.4byte	.LASF8
 274 01a7 07       		.uleb128 0x7
 275 01a8 93040000 		.4byte	.LASF9
 276 01ac 04       		.byte	0x4
 277 01ad 2E       		.byte	0x2e
 278 01ae 18       		.byte	0x18
 279 01af B3010000 		.4byte	0x1b3
 280 01b3 08       		.uleb128 0x8
 281 01b4 01       		.byte	0x1
 282 01b5 08       		.byte	0x8
 283 01b6 13090000 		.4byte	.LASF10
 284 01ba 07       		.uleb128 0x7
 285 01bb 2E060000 		.4byte	.LASF11
ARM GAS  /tmp/cc0z6zZn.s 			page 6


 286 01bf 04       		.byte	0x4
 287 01c0 31       		.byte	0x31
 288 01c1 19       		.byte	0x19
 289 01c2 C6010000 		.4byte	0x1c6
 290 01c6 08       		.uleb128 0x8
 291 01c7 02       		.byte	0x2
 292 01c8 07       		.byte	0x7
 293 01c9 E2090000 		.4byte	.LASF12
 294 01cd 07       		.uleb128 0x7
 295 01ce AE010000 		.4byte	.LASF13
 296 01d2 04       		.byte	0x4
 297 01d3 34       		.byte	0x34
 298 01d4 19       		.byte	0x19
 299 01d5 D9010000 		.4byte	0x1d9
 300 01d9 08       		.uleb128 0x8
 301 01da 04       		.byte	0x4
 302 01db 07       		.byte	0x7
 303 01dc 99080000 		.4byte	.LASF14
 304 01e0 07       		.uleb128 0x7
 305 01e1 D3070000 		.4byte	.LASF15
 306 01e5 04       		.byte	0x4
 307 01e6 37       		.byte	0x37
 308 01e7 19       		.byte	0x19
 309 01e8 EC010000 		.4byte	0x1ec
 310 01ec 08       		.uleb128 0x8
 311 01ed 08       		.byte	0x8
 312 01ee 07       		.byte	0x7
 313 01ef 49020000 		.4byte	.LASF16
 314 01f3 07       		.uleb128 0x7
 315 01f4 FF020000 		.4byte	.LASF17
 316 01f8 04       		.byte	0x4
 317 01f9 3C       		.byte	0x3c
 318 01fa 1D       		.byte	0x1d
 319 01fb 67010000 		.4byte	0x167
 320 01ff 07       		.uleb128 0x7
 321 0200 0C020000 		.4byte	.LASF18
 322 0204 04       		.byte	0x4
 323 0205 3D       		.byte	0x3d
 324 0206 1E       		.byte	0x1e
 325 0207 7A010000 		.4byte	0x17a
 326 020b 07       		.uleb128 0x7
 327 020c BF080000 		.4byte	.LASF19
 328 0210 04       		.byte	0x4
 329 0211 3E       		.byte	0x3e
 330 0212 1E       		.byte	0x1e
 331 0213 8D010000 		.4byte	0x18d
 332 0217 07       		.uleb128 0x7
 333 0218 26030000 		.4byte	.LASF20
 334 021c 04       		.byte	0x4
 335 021d 3F       		.byte	0x3f
 336 021e 1E       		.byte	0x1e
 337 021f A0010000 		.4byte	0x1a0
 338 0223 07       		.uleb128 0x7
 339 0224 9B040000 		.4byte	.LASF21
 340 0228 04       		.byte	0x4
 341 0229 40       		.byte	0x40
 342 022a 1E       		.byte	0x1e
ARM GAS  /tmp/cc0z6zZn.s 			page 7


 343 022b B3010000 		.4byte	0x1b3
 344 022f 07       		.uleb128 0x7
 345 0230 9F010000 		.4byte	.LASF22
 346 0234 04       		.byte	0x4
 347 0235 41       		.byte	0x41
 348 0236 1F       		.byte	0x1f
 349 0237 C6010000 		.4byte	0x1c6
 350 023b 07       		.uleb128 0x7
 351 023c 5D080000 		.4byte	.LASF23
 352 0240 04       		.byte	0x4
 353 0241 42       		.byte	0x42
 354 0242 1F       		.byte	0x1f
 355 0243 D9010000 		.4byte	0x1d9
 356 0247 07       		.uleb128 0x7
 357 0248 A6020000 		.4byte	.LASF24
 358 024c 04       		.byte	0x4
 359 024d 43       		.byte	0x43
 360 024e 1F       		.byte	0x1f
 361 024f EC010000 		.4byte	0x1ec
 362 0253 07       		.uleb128 0x7
 363 0254 74050000 		.4byte	.LASF25
 364 0258 04       		.byte	0x4
 365 0259 47       		.byte	0x47
 366 025a 1C       		.byte	0x1c
 367 025b 5F020000 		.4byte	0x25f
 368 025f 09       		.uleb128 0x9
 369 0260 04       		.byte	0x4
 370 0261 05       		.byte	0x5
 371 0262 696E7400 		.ascii	"int\000"
 372 0266 0A       		.uleb128 0xa
 373 0267 5F020000 		.4byte	0x25f
 374 026b 07       		.uleb128 0x7
 375 026c 09010000 		.4byte	.LASF26
 376 0270 04       		.byte	0x4
 377 0271 48       		.byte	0x48
 378 0272 1D       		.byte	0x1d
 379 0273 5F020000 		.4byte	0x25f
 380 0277 07       		.uleb128 0x7
 381 0278 77070000 		.4byte	.LASF27
 382 027c 04       		.byte	0x4
 383 027d 49       		.byte	0x49
 384 027e 1D       		.byte	0x1d
 385 027f 5F020000 		.4byte	0x25f
 386 0283 07       		.uleb128 0x7
 387 0284 D9020000 		.4byte	.LASF28
 388 0288 04       		.byte	0x4
 389 0289 4A       		.byte	0x4a
 390 028a 1D       		.byte	0x1d
 391 028b A0010000 		.4byte	0x1a0
 392 028f 07       		.uleb128 0x7
 393 0290 69090000 		.4byte	.LASF29
 394 0294 04       		.byte	0x4
 395 0295 4B       		.byte	0x4b
 396 0296 1D       		.byte	0x1d
 397 0297 9B020000 		.4byte	0x29b
 398 029b 08       		.uleb128 0x8
 399 029c 04       		.byte	0x4
ARM GAS  /tmp/cc0z6zZn.s 			page 8


 400 029d 07       		.byte	0x7
 401 029e 72040000 		.4byte	.LASF30
 402 02a2 07       		.uleb128 0x7
 403 02a3 00000000 		.4byte	.LASF31
 404 02a7 04       		.byte	0x4
 405 02a8 4C       		.byte	0x4c
 406 02a9 1E       		.byte	0x1e
 407 02aa 9B020000 		.4byte	0x29b
 408 02ae 07       		.uleb128 0x7
 409 02af 99050000 		.4byte	.LASF32
 410 02b3 04       		.byte	0x4
 411 02b4 4D       		.byte	0x4d
 412 02b5 1E       		.byte	0x1e
 413 02b6 9B020000 		.4byte	0x29b
 414 02ba 07       		.uleb128 0x7
 415 02bb FB000000 		.4byte	.LASF33
 416 02bf 04       		.byte	0x4
 417 02c0 4E       		.byte	0x4e
 418 02c1 1E       		.byte	0x1e
 419 02c2 EC010000 		.4byte	0x1ec
 420 02c6 07       		.uleb128 0x7
 421 02c7 25060000 		.4byte	.LASF34
 422 02cb 04       		.byte	0x4
 423 02cc 53       		.byte	0x53
 424 02cd 19       		.byte	0x19
 425 02ce 5F020000 		.4byte	0x25f
 426 02d2 07       		.uleb128 0x7
 427 02d3 6C080000 		.4byte	.LASF35
 428 02d7 04       		.byte	0x4
 429 02d8 56       		.byte	0x56
 430 02d9 1A       		.byte	0x1a
 431 02da 9B020000 		.4byte	0x29b
 432 02de 07       		.uleb128 0x7
 433 02df F2000000 		.4byte	.LASF36
 434 02e3 04       		.byte	0x4
 435 02e4 5B       		.byte	0x5b
 436 02e5 19       		.byte	0x19
 437 02e6 A0010000 		.4byte	0x1a0
 438 02ea 07       		.uleb128 0x7
 439 02eb 1A020000 		.4byte	.LASF37
 440 02ef 04       		.byte	0x4
 441 02f0 5C       		.byte	0x5c
 442 02f1 1A       		.byte	0x1a
 443 02f2 EC010000 		.4byte	0x1ec
 444 02f6 0B       		.uleb128 0xb
 445 02f7 9A010000 		.4byte	.LASF113
 446 02fb 10       		.byte	0x10
 447 02fc 05       		.byte	0x5
 448 02fd 26       		.byte	0x26
 449 02fe 08       		.byte	0x8
 450 02ff 30030000 		.4byte	0x330
 451 0303 0C       		.uleb128 0xc
 452 0304 7700     		.ascii	"w\000"
 453 0306 05       		.byte	0x5
 454 0307 27       		.byte	0x27
 455 0308 0B       		.byte	0xb
 456 0309 35030000 		.4byte	0x335
ARM GAS  /tmp/cc0z6zZn.s 			page 9


 457 030d 00       		.byte	0
 458 030e 0C       		.uleb128 0xc
 459 030f 7800     		.ascii	"x\000"
 460 0311 05       		.byte	0x5
 461 0312 27       		.byte	0x27
 462 0313 0E       		.byte	0xe
 463 0314 35030000 		.4byte	0x335
 464 0318 04       		.byte	0x4
 465 0319 0C       		.uleb128 0xc
 466 031a 7900     		.ascii	"y\000"
 467 031c 05       		.byte	0x5
 468 031d 27       		.byte	0x27
 469 031e 11       		.byte	0x11
 470 031f 35030000 		.4byte	0x335
 471 0323 08       		.byte	0x8
 472 0324 0C       		.uleb128 0xc
 473 0325 7A00     		.ascii	"z\000"
 474 0327 05       		.byte	0x5
 475 0328 27       		.byte	0x27
 476 0329 14       		.byte	0x14
 477 032a 35030000 		.4byte	0x335
 478 032e 0C       		.byte	0xc
 479 032f 00       		.byte	0
 480 0330 0A       		.uleb128 0xa
 481 0331 F6020000 		.4byte	0x2f6
 482 0335 08       		.uleb128 0x8
 483 0336 04       		.byte	0x4
 484 0337 04       		.byte	0x4
 485 0338 D4010000 		.4byte	.LASF38
 486 033c 0A       		.uleb128 0xa
 487 033d 35030000 		.4byte	0x335
 488 0341 07       		.uleb128 0x7
 489 0342 F8020000 		.4byte	.LASF39
 490 0346 06       		.byte	0x6
 491 0347 D1       		.byte	0xd1
 492 0348 17       		.byte	0x17
 493 0349 9B020000 		.4byte	0x29b
 494 034d 08       		.uleb128 0x8
 495 034e 08       		.byte	0x8
 496 034f 04       		.byte	0x4
 497 0350 19060000 		.4byte	.LASF40
 498 0354 0D       		.uleb128 0xd
 499 0355 57090000 		.4byte	.LASF193
 500 0359 0E       		.uleb128 0xe
 501 035a 04       		.byte	0x4
 502 035b 5F030000 		.4byte	0x35f
 503 035f 08       		.uleb128 0x8
 504 0360 01       		.byte	0x1
 505 0361 08       		.byte	0x8
 506 0362 1B040000 		.4byte	.LASF41
 507 0366 0A       		.uleb128 0xa
 508 0367 5F030000 		.4byte	0x35f
 509 036b 0E       		.uleb128 0xe
 510 036c 04       		.byte	0x4
 511 036d 66030000 		.4byte	0x366
 512 0371 0F       		.uleb128 0xf
 513 0372 04040000 		.4byte	.LASF42
ARM GAS  /tmp/cc0z6zZn.s 			page 10


 514 0376 07       		.byte	0x7
 515 0377 25       		.byte	0x25
 516 0378 06       		.byte	0x6
 517 0379 5F020000 		.4byte	0x25f
 518 037d 8C030000 		.4byte	0x38c
 519 0381 10       		.uleb128 0x10
 520 0382 6B030000 		.4byte	0x36b
 521 0386 10       		.uleb128 0x10
 522 0387 6B030000 		.4byte	0x36b
 523 038b 00       		.byte	0
 524 038c 0F       		.uleb128 0xf
 525 038d 1C010000 		.4byte	.LASF43
 526 0391 07       		.byte	0x7
 527 0392 28       		.byte	0x28
 528 0393 08       		.byte	0x8
 529 0394 59030000 		.4byte	0x359
 530 0398 A2030000 		.4byte	0x3a2
 531 039c 10       		.uleb128 0x10
 532 039d 5F020000 		.4byte	0x25f
 533 03a1 00       		.byte	0
 534 03a2 0F       		.uleb128 0xf
 535 03a3 76090000 		.4byte	.LASF44
 536 03a7 07       		.byte	0x7
 537 03a8 32       		.byte	0x32
 538 03a9 08       		.byte	0x8
 539 03aa 59030000 		.4byte	0x359
 540 03ae BD030000 		.4byte	0x3bd
 541 03b2 10       		.uleb128 0x10
 542 03b3 59030000 		.4byte	0x359
 543 03b7 10       		.uleb128 0x10
 544 03b8 6B030000 		.4byte	0x36b
 545 03bc 00       		.byte	0
 546 03bd 0F       		.uleb128 0xf
 547 03be 14030000 		.4byte	.LASF45
 548 03c2 07       		.byte	0x7
 549 03c3 34       		.byte	0x34
 550 03c4 09       		.byte	0x9
 551 03c5 41030000 		.4byte	0x341
 552 03c9 DD030000 		.4byte	0x3dd
 553 03cd 10       		.uleb128 0x10
 554 03ce 59030000 		.4byte	0x359
 555 03d2 10       		.uleb128 0x10
 556 03d3 6B030000 		.4byte	0x36b
 557 03d7 10       		.uleb128 0x10
 558 03d8 41030000 		.4byte	0x341
 559 03dc 00       		.byte	0
 560 03dd 11       		.uleb128 0x11
 561 03de 454B4600 		.ascii	"EKF\000"
 562 03e2 5014     		.2byte	0x1450
 563 03e4 08       		.byte	0x8
 564 03e5 1B       		.byte	0x1b
 565 03e6 07       		.byte	0x7
 566 03e7 BF070000 		.4byte	0x7bf
 567 03eb 12       		.uleb128 0x12
 568 03ec 4E00     		.ascii	"N\000"
 569 03ee 08       		.byte	0x8
 570 03ef 1E       		.byte	0x1e
ARM GAS  /tmp/cc0z6zZn.s 			page 11


 571 03f0 1A       		.byte	0x1a
 572 03f1 66020000 		.4byte	0x266
 573 03f5 01       		.byte	0x1
 574 03f6 10       		.byte	0x10
 575 03f7 13       		.uleb128 0x13
 576 03f8 454B4600 		.ascii	"EKF\000"
 577 03fc 08       		.byte	0x8
 578 03fd 20       		.byte	0x20
 579 03fe 05       		.byte	0x5
 580 03ff 8F000000 		.4byte	.LASF139
 581 0403 C4070000 		.4byte	0x7c4
 582 0407 01       		.byte	0x1
 583 0408 10040000 		.4byte	0x410
 584 040c 16040000 		.4byte	0x416
 585 0410 14       		.uleb128 0x14
 586 0411 C4070000 		.4byte	0x7c4
 587 0415 00       		.byte	0
 588 0416 15       		.uleb128 0x15
 589 0417 8A080000 		.4byte	.LASF46
 590 041b 08       		.byte	0x8
 591 041c 24       		.byte	0x24
 592 041d 0A       		.byte	0xa
 593 041e 09050000 		.4byte	.LASF48
 594 0422 01       		.byte	0x1
 595 0423 2B040000 		.4byte	0x42b
 596 0427 36040000 		.4byte	0x436
 597 042b 14       		.uleb128 0x14
 598 042c C4070000 		.4byte	0x7c4
 599 0430 10       		.uleb128 0x10
 600 0431 5F020000 		.4byte	0x25f
 601 0435 00       		.byte	0
 602 0436 15       		.uleb128 0x15
 603 0437 8F070000 		.4byte	.LASF47
 604 043b 08       		.byte	0x8
 605 043c 28       		.byte	0x28
 606 043d 0A       		.byte	0xa
 607 043e 9B030000 		.4byte	.LASF49
 608 0442 01       		.byte	0x1
 609 0443 4B040000 		.4byte	0x44b
 610 0447 60040000 		.4byte	0x460
 611 044b 14       		.uleb128 0x14
 612 044c C4070000 		.4byte	0x7c4
 613 0450 10       		.uleb128 0x10
 614 0451 35030000 		.4byte	0x335
 615 0455 10       		.uleb128 0x10
 616 0456 CA070000 		.4byte	0x7ca
 617 045a 10       		.uleb128 0x10
 618 045b CA070000 		.4byte	0x7ca
 619 045f 00       		.byte	0
 620 0460 15       		.uleb128 0x15
 621 0461 52030000 		.4byte	.LASF50
 622 0465 08       		.byte	0x8
 623 0466 2D       		.byte	0x2d
 624 0467 0A       		.byte	0xa
 625 0468 89090000 		.4byte	.LASF51
 626 046c 01       		.byte	0x1
 627 046d 75040000 		.4byte	0x475
ARM GAS  /tmp/cc0z6zZn.s 			page 12


 628 0471 85040000 		.4byte	0x485
 629 0475 14       		.uleb128 0x14
 630 0476 C4070000 		.4byte	0x7c4
 631 047a 10       		.uleb128 0x10
 632 047b D0070000 		.4byte	0x7d0
 633 047f 10       		.uleb128 0x10
 634 0480 35030000 		.4byte	0x335
 635 0484 00       		.byte	0
 636 0485 15       		.uleb128 0x15
 637 0486 1E000000 		.4byte	.LASF52
 638 048a 08       		.byte	0x8
 639 048b 31       		.byte	0x31
 640 048c 0A       		.byte	0xa
 641 048d 41040000 		.4byte	.LASF53
 642 0491 01       		.byte	0x1
 643 0492 9A040000 		.4byte	0x49a
 644 0496 AA040000 		.4byte	0x4aa
 645 049a 14       		.uleb128 0x14
 646 049b C4070000 		.4byte	0x7c4
 647 049f 10       		.uleb128 0x10
 648 04a0 CA070000 		.4byte	0x7ca
 649 04a4 10       		.uleb128 0x10
 650 04a5 35030000 		.4byte	0x335
 651 04a9 00       		.byte	0
 652 04aa 15       		.uleb128 0x15
 653 04ab C9020000 		.4byte	.LASF54
 654 04af 08       		.byte	0x8
 655 04b0 34       		.byte	0x34
 656 04b1 0A       		.byte	0xa
 657 04b2 34030000 		.4byte	.LASF55
 658 04b6 01       		.byte	0x1
 659 04b7 BF040000 		.4byte	0x4bf
 660 04bb CF040000 		.4byte	0x4cf
 661 04bf 14       		.uleb128 0x14
 662 04c0 C4070000 		.4byte	0x7c4
 663 04c4 10       		.uleb128 0x10
 664 04c5 CA070000 		.4byte	0x7ca
 665 04c9 10       		.uleb128 0x10
 666 04ca 35030000 		.4byte	0x335
 667 04ce 00       		.byte	0
 668 04cf 15       		.uleb128 0x15
 669 04d0 04090000 		.4byte	.LASF56
 670 04d4 08       		.byte	0x8
 671 04d5 35       		.byte	0x35
 672 04d6 0A       		.byte	0xa
 673 04d7 9B000000 		.4byte	.LASF57
 674 04db 01       		.byte	0x1
 675 04dc E4040000 		.4byte	0x4e4
 676 04e0 F4040000 		.4byte	0x4f4
 677 04e4 14       		.uleb128 0x14
 678 04e5 C4070000 		.4byte	0x7c4
 679 04e9 10       		.uleb128 0x10
 680 04ea CA070000 		.4byte	0x7ca
 681 04ee 10       		.uleb128 0x10
 682 04ef 35030000 		.4byte	0x335
 683 04f3 00       		.byte	0
 684 04f4 16       		.uleb128 0x16
ARM GAS  /tmp/cc0z6zZn.s 			page 13


 685 04f5 83090000 		.4byte	.LASF58
 686 04f9 08       		.byte	0x8
 687 04fa 38       		.byte	0x38
 688 04fb 12       		.byte	0x12
 689 04fc DA010000 		.4byte	.LASF60
 690 0500 CA070000 		.4byte	0x7ca
 691 0504 01       		.byte	0x1
 692 0505 0D050000 		.4byte	0x50d
 693 0509 13050000 		.4byte	0x513
 694 050d 14       		.uleb128 0x14
 695 050e D6070000 		.4byte	0x7d6
 696 0512 00       		.byte	0
 697 0513 16       		.uleb128 0x16
 698 0514 0E000000 		.4byte	.LASF59
 699 0518 08       		.byte	0x8
 700 0519 39       		.byte	0x39
 701 051a 12       		.byte	0x12
 702 051b 2C050000 		.4byte	.LASF61
 703 051f 35030000 		.4byte	0x335
 704 0523 01       		.byte	0x1
 705 0524 2C050000 		.4byte	0x52c
 706 0528 32050000 		.4byte	0x532
 707 052c 14       		.uleb128 0x14
 708 052d D6070000 		.4byte	0x7d6
 709 0531 00       		.byte	0
 710 0532 16       		.uleb128 0x16
 711 0533 C5090000 		.4byte	.LASF62
 712 0537 08       		.byte	0x8
 713 0538 3A       		.byte	0x3a
 714 0539 12       		.byte	0x12
 715 053a 76080000 		.4byte	.LASF63
 716 053e E1070000 		.4byte	0x7e1
 717 0542 01       		.byte	0x1
 718 0543 4B050000 		.4byte	0x54b
 719 0547 51050000 		.4byte	0x551
 720 054b 14       		.uleb128 0x14
 721 054c D6070000 		.4byte	0x7d6
 722 0550 00       		.byte	0
 723 0551 17       		.uleb128 0x17
 724 0552 6C020000 		.4byte	.LASF64
 725 0556 08       		.byte	0x8
 726 0557 4A       		.byte	0x4a
 727 0558 1C       		.byte	0x1c
 728 0559 3C030000 		.4byte	0x33c
 729 055d 04       		.byte	0x4
 730 055e 0A       		.byte	0xa
 731 055f E8       		.byte	0xe8
 732 0560 1C       		.byte	0x1c
 733 0561 41       		.byte	0x41
 734 0562 17       		.uleb128 0x17
 735 0563 2D000000 		.4byte	.LASF65
 736 0567 08       		.byte	0x8
 737 0568 4D       		.byte	0x4d
 738 0569 1C       		.byte	0x1c
 739 056a 3C030000 		.4byte	0x33c
 740 056e 04       		.byte	0x4
 741 056f 00       		.byte	0
ARM GAS  /tmp/cc0z6zZn.s 			page 14


 742 0570 00       		.byte	0
 743 0571 80       		.byte	0x80
 744 0572 3F       		.byte	0x3f
 745 0573 17       		.uleb128 0x17
 746 0574 21080000 		.4byte	.LASF66
 747 0578 08       		.byte	0x8
 748 0579 4E       		.byte	0x4e
 749 057a 1C       		.byte	0x1c
 750 057b 3C030000 		.4byte	0x33c
 751 057f 04       		.byte	0x4
 752 0580 00       		.byte	0
 753 0581 00       		.byte	0
 754 0582 00       		.byte	0
 755 0583 3F       		.byte	0x3f
 756 0584 17       		.uleb128 0x17
 757 0585 21090000 		.4byte	.LASF67
 758 0589 08       		.byte	0x8
 759 058a 4F       		.byte	0x4f
 760 058b 1C       		.byte	0x1c
 761 058c 3C030000 		.4byte	0x33c
 762 0590 04       		.byte	0x4
 763 0591 CD       		.byte	0xcd
 764 0592 CC       		.byte	0xcc
 765 0593 CC       		.byte	0xcc
 766 0594 3D       		.byte	0x3d
 767 0595 17       		.uleb128 0x17
 768 0596 56060000 		.4byte	.LASF68
 769 059a 08       		.byte	0x8
 770 059b 50       		.byte	0x50
 771 059c 1C       		.byte	0x1c
 772 059d 3C030000 		.4byte	0x33c
 773 05a1 04       		.byte	0x4
 774 05a2 0A       		.byte	0xa
 775 05a3 D7       		.byte	0xd7
 776 05a4 23       		.byte	0x23
 777 05a5 3C       		.byte	0x3c
 778 05a6 17       		.uleb128 0x17
 779 05a7 6D060000 		.4byte	.LASF69
 780 05ab 08       		.byte	0x8
 781 05ac 51       		.byte	0x51
 782 05ad 1C       		.byte	0x1c
 783 05ae 3C030000 		.4byte	0x33c
 784 05b2 04       		.byte	0x4
 785 05b3 17       		.byte	0x17
 786 05b4 B7       		.byte	0xb7
 787 05b5 D1       		.byte	0xd1
 788 05b6 38       		.byte	0x38
 789 05b7 17       		.uleb128 0x17
 790 05b8 20050000 		.4byte	.LASF70
 791 05bc 08       		.byte	0x8
 792 05bd 54       		.byte	0x54
 793 05be 1C       		.byte	0x1c
 794 05bf 3C030000 		.4byte	0x33c
 795 05c3 04       		.byte	0x4
 796 05c4 17       		.byte	0x17
 797 05c5 B7       		.byte	0xb7
 798 05c6 D1       		.byte	0xd1
ARM GAS  /tmp/cc0z6zZn.s 			page 15


 799 05c7 38       		.byte	0x38
 800 05c8 17       		.uleb128 0x17
 801 05c9 60020000 		.4byte	.LASF71
 802 05cd 08       		.byte	0x8
 803 05ce 55       		.byte	0x55
 804 05cf 1C       		.byte	0x1c
 805 05d0 3C030000 		.4byte	0x33c
 806 05d4 04       		.byte	0x4
 807 05d5 6F       		.byte	0x6f
 808 05d6 12       		.byte	0x12
 809 05d7 83       		.byte	0x83
 810 05d8 3A       		.byte	0x3a
 811 05d9 17       		.uleb128 0x17
 812 05da 89020000 		.4byte	.LASF72
 813 05de 08       		.byte	0x8
 814 05df 56       		.byte	0x56
 815 05e0 1C       		.byte	0x1c
 816 05e1 3C030000 		.4byte	0x33c
 817 05e5 04       		.byte	0x4
 818 05e6 AC       		.byte	0xac
 819 05e7 C5       		.byte	0xc5
 820 05e8 27       		.byte	0x27
 821 05e9 37       		.byte	0x37
 822 05ea 17       		.uleb128 0x17
 823 05eb D7000000 		.4byte	.LASF73
 824 05ef 08       		.byte	0x8
 825 05f0 5C       		.byte	0x5c
 826 05f1 1C       		.byte	0x1c
 827 05f2 3C030000 		.4byte	0x33c
 828 05f6 04       		.byte	0x4
 829 05f7 5F       		.byte	0x5f
 830 05f8 70       		.byte	0x70
 831 05f9 89       		.byte	0x89
 832 05fa 30       		.byte	0x30
 833 05fb 17       		.uleb128 0x17
 834 05fc C5000000 		.4byte	.LASF74
 835 0600 08       		.byte	0x8
 836 0601 5F       		.byte	0x5f
 837 0602 1C       		.byte	0x1c
 838 0603 3C030000 		.4byte	0x33c
 839 0607 04       		.byte	0x4
 840 0608 95       		.byte	0x95
 841 0609 BF       		.byte	0xbf
 842 060a D6       		.byte	0xd6
 843 060b 33       		.byte	0x33
 844 060c 17       		.uleb128 0x17
 845 060d 7F040000 		.4byte	.LASF75
 846 0611 08       		.byte	0x8
 847 0612 63       		.byte	0x63
 848 0613 1C       		.byte	0x1c
 849 0614 3C030000 		.4byte	0x33c
 850 0618 04       		.byte	0x4
 851 0619 0F       		.byte	0xf
 852 061a 5C       		.byte	0x5c
 853 061b EB       		.byte	0xeb
 854 061c 41       		.byte	0x41
 855 061d 17       		.uleb128 0x17
ARM GAS  /tmp/cc0z6zZn.s 			page 16


 856 061e ED050000 		.4byte	.LASF76
 857 0622 08       		.byte	0x8
 858 0623 69       		.byte	0x69
 859 0624 1C       		.byte	0x1c
 860 0625 3C030000 		.4byte	0x33c
 861 0629 04       		.byte	0x4
 862 062a 00       		.byte	0
 863 062b 00       		.byte	0
 864 062c A0       		.byte	0xa0
 865 062d 40       		.byte	0x40
 866 062e 17       		.uleb128 0x17
 867 062f 29090000 		.4byte	.LASF77
 868 0633 08       		.byte	0x8
 869 0634 6E       		.byte	0x6e
 870 0635 1C       		.byte	0x1c
 871 0636 3C030000 		.4byte	0x33c
 872 063a 04       		.byte	0x4
 873 063b 00       		.byte	0
 874 063c 00       		.byte	0
 875 063d 80       		.byte	0x80
 876 063e 3E       		.byte	0x3e
 877 063f 17       		.uleb128 0x17
 878 0640 57010000 		.4byte	.LASF78
 879 0644 08       		.byte	0x8
 880 0645 71       		.byte	0x71
 881 0646 1C       		.byte	0x1c
 882 0647 3C030000 		.4byte	0x33c
 883 064b 04       		.byte	0x4
 884 064c 0A       		.byte	0xa
 885 064d D7       		.byte	0xd7
 886 064e A3       		.byte	0xa3
 887 064f 3C       		.byte	0x3c
 888 0650 17       		.uleb128 0x17
 889 0651 84060000 		.4byte	.LASF79
 890 0655 08       		.byte	0x8
 891 0656 75       		.byte	0x75
 892 0657 1C       		.byte	0x1c
 893 0658 3C030000 		.4byte	0x33c
 894 065c 04       		.byte	0x4
 895 065d CC       		.byte	0xcc
 896 065e BC       		.byte	0xbc
 897 065f 8C       		.byte	0x8c
 898 0660 2B       		.byte	0x2b
 899 0661 17       		.uleb128 0x17
 900 0662 D5090000 		.4byte	.LASF80
 901 0666 08       		.byte	0x8
 902 0667 76       		.byte	0x76
 903 0668 1C       		.byte	0x1c
 904 0669 3C030000 		.4byte	0x33c
 905 066d 04       		.byte	0x4
 906 066e 00       		.byte	0
 907 066f 00       		.byte	0
 908 0670 80       		.byte	0x80
 909 0671 3E       		.byte	0x3e
 910 0672 17       		.uleb128 0x17
 911 0673 60060000 		.4byte	.LASF81
 912 0677 08       		.byte	0x8
ARM GAS  /tmp/cc0z6zZn.s 			page 17


 913 0678 78       		.byte	0x78
 914 0679 1C       		.byte	0x1c
 915 067a 3C030000 		.4byte	0x33c
 916 067e 04       		.byte	0x4
 917 067f CC       		.byte	0xcc
 918 0680 BC       		.byte	0xbc
 919 0681 8C       		.byte	0x8c
 920 0682 2B       		.byte	0x2b
 921 0683 17       		.uleb128 0x17
 922 0684 2B010000 		.4byte	.LASF82
 923 0688 08       		.byte	0x8
 924 0689 79       		.byte	0x79
 925 068a 1C       		.byte	0x1c
 926 068b 3C030000 		.4byte	0x33c
 927 068f 04       		.byte	0x4
 928 0690 00       		.byte	0
 929 0691 00       		.byte	0
 930 0692 80       		.byte	0x80
 931 0693 3F       		.byte	0x3f
 932 0694 17       		.uleb128 0x17
 933 0695 4C010000 		.4byte	.LASF83
 934 0699 08       		.byte	0x8
 935 069a 7B       		.byte	0x7b
 936 069b 1C       		.byte	0x1c
 937 069c 3C030000 		.4byte	0x33c
 938 06a0 04       		.byte	0x4
 939 06a1 CC       		.byte	0xcc
 940 06a2 BC       		.byte	0xbc
 941 06a3 8C       		.byte	0x8c
 942 06a4 2B       		.byte	0x2b
 943 06a5 17       		.uleb128 0x17
 944 06a6 0C060000 		.4byte	.LASF84
 945 06aa 08       		.byte	0x8
 946 06ab 7F       		.byte	0x7f
 947 06ac 1C       		.byte	0x1c
 948 06ad 3C030000 		.4byte	0x33c
 949 06b1 04       		.byte	0x4
 950 06b2 66       		.byte	0x66
 951 06b3 66       		.byte	0x66
 952 06b4 66       		.byte	0x66
 953 06b5 3F       		.byte	0x3f
 954 06b6 18       		.uleb128 0x18
 955 06b7 09080000 		.4byte	.LASF85
 956 06bb 08       		.byte	0x8
 957 06bc 82       		.byte	0x82
 958 06bd 0B       		.byte	0xb
 959 06be 5F020000 		.4byte	0x25f
 960 06c2 00       		.byte	0
 961 06c3 18       		.uleb128 0x18
 962 06c4 38010000 		.4byte	.LASF86
 963 06c8 08       		.byte	0x8
 964 06c9 83       		.byte	0x83
 965 06ca 0B       		.byte	0xb
 966 06cb E1070000 		.4byte	0x7e1
 967 06cf 04       		.byte	0x4
 968 06d0 18       		.uleb128 0x18
 969 06d1 54000000 		.4byte	.LASF87
ARM GAS  /tmp/cc0z6zZn.s 			page 18


 970 06d5 08       		.byte	0x8
 971 06d6 84       		.byte	0x84
 972 06d7 0B       		.byte	0xb
 973 06d8 35030000 		.4byte	0x335
 974 06dc 08       		.byte	0x8
 975 06dd 18       		.uleb128 0x18
 976 06de 8F010000 		.4byte	.LASF88
 977 06e2 08       		.byte	0x8
 978 06e3 85       		.byte	0x85
 979 06e4 0B       		.byte	0xb
 980 06e5 35030000 		.4byte	0x335
 981 06e9 0C       		.byte	0xc
 982 06ea 0C       		.uleb128 0xc
 983 06eb 5F7800   		.ascii	"_x\000"
 984 06ee 08       		.byte	0x8
 985 06ef 87       		.byte	0x87
 986 06f0 0B       		.byte	0xb
 987 06f1 E8070000 		.4byte	0x7e8
 988 06f5 10       		.byte	0x10
 989 06f6 0C       		.uleb128 0xc
 990 06f7 5F5000   		.ascii	"_P\000"
 991 06fa 08       		.byte	0x8
 992 06fb 88       		.byte	0x88
 993 06fc 0B       		.byte	0xb
 994 06fd F8070000 		.4byte	0x7f8
 995 0701 50       		.byte	0x50
 996 0702 19       		.uleb128 0x19
 997 0703 5F5100   		.ascii	"_Q\000"
 998 0706 08       		.byte	0x8
 999 0707 89       		.byte	0x89
 1000 0708 0B       		.byte	0xb
 1001 0709 F8070000 		.4byte	0x7f8
 1002 070d 5004     		.2byte	0x450
 1003 070f 19       		.uleb128 0x19
 1004 0710 5F4600   		.ascii	"_F\000"
 1005 0713 08       		.byte	0x8
 1006 0714 8C       		.byte	0x8c
 1007 0715 0B       		.byte	0xb
 1008 0716 F8070000 		.4byte	0x7f8
 1009 071a 5008     		.2byte	0x850
 1010 071c 19       		.uleb128 0x19
 1011 071d 5F774100 		.ascii	"_wA\000"
 1012 0721 08       		.byte	0x8
 1013 0722 8D       		.byte	0x8d
 1014 0723 0B       		.byte	0xb
 1015 0724 F8070000 		.4byte	0x7f8
 1016 0728 500C     		.2byte	0xc50
 1017 072a 19       		.uleb128 0x19
 1018 072b 5F774200 		.ascii	"_wB\000"
 1019 072f 08       		.byte	0x8
 1020 0730 8E       		.byte	0x8e
 1021 0731 0B       		.byte	0xb
 1022 0732 F8070000 		.4byte	0x7f8
 1023 0736 5010     		.2byte	0x1050
 1024 0738 1A       		.uleb128 0x1a
 1025 0739 FC050000 		.4byte	.LASF91
 1026 073d 08       		.byte	0x8
ARM GAS  /tmp/cc0z6zZn.s 			page 19


 1027 073e 91       		.byte	0x91
 1028 073f 0A       		.byte	0xa
 1029 0740 4F0A0000 		.4byte	.LASF93
 1030 0744 4C070000 		.4byte	0x74c
 1031 0748 52070000 		.4byte	0x752
 1032 074c 14       		.uleb128 0x14
 1033 074d C4070000 		.4byte	0x7c4
 1034 0751 00       		.byte	0
 1035 0752 1B       		.uleb128 0x1b
 1036 0753 7F020000 		.4byte	.LASF89
 1037 0757 08       		.byte	0x8
 1038 0758 92       		.byte	0x92
 1039 0759 0A       		.byte	0xa
 1040 075a D8050000 		.4byte	.LASF90
 1041 075e F6020000 		.4byte	0x2f6
 1042 0762 6A070000 		.4byte	0x76a
 1043 0766 70070000 		.4byte	0x770
 1044 076a 14       		.uleb128 0x14
 1045 076b D6070000 		.4byte	0x7d6
 1046 076f 00       		.byte	0
 1047 0770 1A       		.uleb128 0x1a
 1048 0771 CE000000 		.4byte	.LASF92
 1049 0775 08       		.byte	0x8
 1050 0776 93       		.byte	0x93
 1051 0777 0A       		.byte	0xa
 1052 0778 6A0A0000 		.4byte	.LASF94
 1053 077c 84070000 		.4byte	0x784
 1054 0780 94070000 		.4byte	0x794
 1055 0784 14       		.uleb128 0x14
 1056 0785 C4070000 		.4byte	0x7c4
 1057 0789 10       		.uleb128 0x10
 1058 078a 35030000 		.4byte	0x335
 1059 078e 10       		.uleb128 0x10
 1060 078f CA070000 		.4byte	0x7ca
 1061 0793 00       		.byte	0
 1062 0794 1C       		.uleb128 0x1c
 1063 0795 EA000000 		.4byte	.LASF95
 1064 0799 08       		.byte	0x8
 1065 079a 98       		.byte	0x98
 1066 079b 0A       		.byte	0xa
 1067 079c B8050000 		.4byte	.LASF194
 1068 07a0 A4070000 		.4byte	0x7a4
 1069 07a4 14       		.uleb128 0x14
 1070 07a5 C4070000 		.4byte	0x7c4
 1071 07a9 10       		.uleb128 0x10
 1072 07aa 5F020000 		.4byte	0x25f
 1073 07ae 10       		.uleb128 0x10
 1074 07af 0E080000 		.4byte	0x80e
 1075 07b3 10       		.uleb128 0x10
 1076 07b4 CA070000 		.4byte	0x7ca
 1077 07b8 10       		.uleb128 0x10
 1078 07b9 CA070000 		.4byte	0x7ca
 1079 07bd 00       		.byte	0
 1080 07be 00       		.byte	0
 1081 07bf 0A       		.uleb128 0xa
 1082 07c0 DD030000 		.4byte	0x3dd
 1083 07c4 0E       		.uleb128 0xe
ARM GAS  /tmp/cc0z6zZn.s 			page 20


 1084 07c5 04       		.byte	0x4
 1085 07c6 DD030000 		.4byte	0x3dd
 1086 07ca 0E       		.uleb128 0xe
 1087 07cb 04       		.byte	0x4
 1088 07cc 3C030000 		.4byte	0x33c
 1089 07d0 1D       		.uleb128 0x1d
 1090 07d1 04       		.byte	0x4
 1091 07d2 30030000 		.4byte	0x330
 1092 07d6 0E       		.uleb128 0xe
 1093 07d7 04       		.byte	0x4
 1094 07d8 BF070000 		.4byte	0x7bf
 1095 07dc 0A       		.uleb128 0xa
 1096 07dd D6070000 		.4byte	0x7d6
 1097 07e1 08       		.uleb128 0x8
 1098 07e2 01       		.byte	0x1
 1099 07e3 02       		.byte	0x2
 1100 07e4 04050000 		.4byte	.LASF96
 1101 07e8 1E       		.uleb128 0x1e
 1102 07e9 35030000 		.4byte	0x335
 1103 07ed F8070000 		.4byte	0x7f8
 1104 07f1 1F       		.uleb128 0x1f
 1105 07f2 9B020000 		.4byte	0x29b
 1106 07f6 0F       		.byte	0xf
 1107 07f7 00       		.byte	0
 1108 07f8 1E       		.uleb128 0x1e
 1109 07f9 35030000 		.4byte	0x335
 1110 07fd 0E080000 		.4byte	0x80e
 1111 0801 1F       		.uleb128 0x1f
 1112 0802 9B020000 		.4byte	0x29b
 1113 0806 0F       		.byte	0xf
 1114 0807 1F       		.uleb128 0x1f
 1115 0808 9B020000 		.4byte	0x29b
 1116 080c 0F       		.byte	0xf
 1117 080d 00       		.byte	0
 1118 080e 0E       		.uleb128 0xe
 1119 080f 04       		.byte	0x4
 1120 0810 14080000 		.4byte	0x814
 1121 0814 1E       		.uleb128 0x1e
 1122 0815 3C030000 		.4byte	0x33c
 1123 0819 24080000 		.4byte	0x824
 1124 081d 1F       		.uleb128 0x1f
 1125 081e 9B020000 		.4byte	0x29b
 1126 0822 0F       		.byte	0xf
 1127 0823 00       		.byte	0
 1128 0824 20       		.uleb128 0x20
 1129 0825 CE040000 		.4byte	.LASF98
 1130 0829 09       		.byte	0x9
 1131 082a 13       		.byte	0x13
 1132 082b 0B       		.byte	0xb
 1133 082c 1F090000 		.4byte	0x91f
 1134 0830 21       		.uleb128 0x21
 1135 0831 5800     		.ascii	"X\000"
 1136 0833 09       		.byte	0x9
 1137 0834 15       		.byte	0x15
 1138 0835 13       		.byte	0x13
 1139 0836 66020000 		.4byte	0x266
 1140 083a 00       		.byte	0
ARM GAS  /tmp/cc0z6zZn.s 			page 21


 1141 083b 21       		.uleb128 0x21
 1142 083c 5900     		.ascii	"Y\000"
 1143 083e 09       		.byte	0x9
 1144 083f 16       		.byte	0x16
 1145 0840 13       		.byte	0x13
 1146 0841 66020000 		.4byte	0x266
 1147 0845 01       		.byte	0x1
 1148 0846 22       		.uleb128 0x22
 1149 0847 0C040000 		.4byte	.LASF99
 1150 084b 09       		.byte	0x9
 1151 084c 17       		.byte	0x17
 1152 084d 13       		.byte	0x13
 1153 084e 66020000 		.4byte	0x266
 1154 0852 02       		.byte	0x2
 1155 0853 21       		.uleb128 0x21
 1156 0854 5500     		.ascii	"U\000"
 1157 0856 09       		.byte	0x9
 1158 0857 1A       		.byte	0x1a
 1159 0858 13       		.byte	0x13
 1160 0859 66020000 		.4byte	0x266
 1161 085d 03       		.byte	0x3
 1162 085e 21       		.uleb128 0x21
 1163 085f 5600     		.ascii	"V\000"
 1164 0861 09       		.byte	0x9
 1165 0862 1B       		.byte	0x1b
 1166 0863 13       		.byte	0x13
 1167 0864 66020000 		.4byte	0x266
 1168 0868 04       		.byte	0x4
 1169 0869 21       		.uleb128 0x21
 1170 086a 5700     		.ascii	"W\000"
 1171 086c 09       		.byte	0x9
 1172 086d 1C       		.byte	0x1c
 1173 086e 13       		.byte	0x13
 1174 086f 66020000 		.4byte	0x266
 1175 0873 05       		.byte	0x5
 1176 0874 22       		.uleb128 0x22
 1177 0875 C4070000 		.4byte	.LASF100
 1178 0879 09       		.byte	0x9
 1179 087a 1F       		.byte	0x1f
 1180 087b 13       		.byte	0x13
 1181 087c 66020000 		.4byte	0x266
 1182 0880 06       		.byte	0x6
 1183 0881 22       		.uleb128 0x22
 1184 0882 3B000000 		.4byte	.LASF101
 1185 0886 09       		.byte	0x9
 1186 0887 20       		.byte	0x20
 1187 0888 13       		.byte	0x13
 1188 0889 66020000 		.4byte	0x266
 1189 088d 07       		.byte	0x7
 1190 088e 22       		.uleb128 0x22
 1191 088f 7D090000 		.4byte	.LASF102
 1192 0893 09       		.byte	0x9
 1193 0894 21       		.byte	0x21
 1194 0895 13       		.byte	0x13
 1195 0896 66020000 		.4byte	0x266
 1196 089a 08       		.byte	0x8
 1197 089b 21       		.uleb128 0x21
ARM GAS  /tmp/cc0z6zZn.s 			page 22


 1198 089c 513000   		.ascii	"Q0\000"
 1199 089f 09       		.byte	0x9
 1200 08a0 24       		.byte	0x24
 1201 08a1 13       		.byte	0x13
 1202 08a2 66020000 		.4byte	0x266
 1203 08a6 09       		.byte	0x9
 1204 08a7 21       		.uleb128 0x21
 1205 08a8 513100   		.ascii	"Q1\000"
 1206 08ab 09       		.byte	0x9
 1207 08ac 25       		.byte	0x25
 1208 08ad 13       		.byte	0x13
 1209 08ae 66020000 		.4byte	0x266
 1210 08b2 0A       		.byte	0xa
 1211 08b3 21       		.uleb128 0x21
 1212 08b4 513200   		.ascii	"Q2\000"
 1213 08b7 09       		.byte	0x9
 1214 08b8 26       		.byte	0x26
 1215 08b9 13       		.byte	0x13
 1216 08ba 66020000 		.4byte	0x266
 1217 08be 0B       		.byte	0xb
 1218 08bf 21       		.uleb128 0x21
 1219 08c0 513300   		.ascii	"Q3\000"
 1220 08c3 09       		.byte	0x9
 1221 08c4 27       		.byte	0x27
 1222 08c5 13       		.byte	0x13
 1223 08c6 66020000 		.4byte	0x266
 1224 08ca 0C       		.byte	0xc
 1225 08cb 21       		.uleb128 0x21
 1226 08cc 5000     		.ascii	"P\000"
 1227 08ce 09       		.byte	0x9
 1228 08cf 2A       		.byte	0x2a
 1229 08d0 13       		.byte	0x13
 1230 08d1 66020000 		.4byte	0x266
 1231 08d5 0D       		.byte	0xd
 1232 08d6 21       		.uleb128 0x21
 1233 08d7 5100     		.ascii	"Q\000"
 1234 08d9 09       		.byte	0x9
 1235 08da 2B       		.byte	0x2b
 1236 08db 13       		.byte	0x13
 1237 08dc 66020000 		.4byte	0x266
 1238 08e0 0E       		.byte	0xe
 1239 08e1 21       		.uleb128 0x21
 1240 08e2 5200     		.ascii	"R\000"
 1241 08e4 09       		.byte	0x9
 1242 08e5 2C       		.byte	0x2c
 1243 08e6 13       		.byte	0x13
 1244 08e7 66020000 		.4byte	0x266
 1245 08eb 0F       		.byte	0xf
 1246 08ec 22       		.uleb128 0x22
 1247 08ed 25010000 		.4byte	.LASF103
 1248 08f1 09       		.byte	0x9
 1249 08f2 2F       		.byte	0x2f
 1250 08f3 13       		.byte	0x13
 1251 08f4 66020000 		.4byte	0x266
 1252 08f8 10       		.byte	0x10
 1253 08f9 22       		.uleb128 0x22
 1254 08fa 26050000 		.4byte	.LASF104
ARM GAS  /tmp/cc0z6zZn.s 			page 23


 1255 08fe 09       		.byte	0x9
 1256 08ff 30       		.byte	0x30
 1257 0900 13       		.byte	0x13
 1258 0901 66020000 		.4byte	0x266
 1259 0905 11       		.byte	0x11
 1260 0906 22       		.uleb128 0x22
 1261 0907 A7050000 		.4byte	.LASF105
 1262 090b 09       		.byte	0x9
 1263 090c 31       		.byte	0x31
 1264 090d 13       		.byte	0x13
 1265 090e 66020000 		.4byte	0x266
 1266 0912 12       		.byte	0x12
 1267 0913 21       		.uleb128 0x21
 1268 0914 4E00     		.ascii	"N\000"
 1269 0916 09       		.byte	0x9
 1270 0917 34       		.byte	0x34
 1271 0918 13       		.byte	0x13
 1272 0919 66020000 		.4byte	0x266
 1273 091d 13       		.byte	0x13
 1274 091e 00       		.byte	0
 1275 091f 23       		.uleb128 0x23
 1276 0920 30080000 		.4byte	0x830
 1277 0924 23       		.uleb128 0x23
 1278 0925 3B080000 		.4byte	0x83b
 1279 0929 23       		.uleb128 0x23
 1280 092a 46080000 		.4byte	0x846
 1281 092e 23       		.uleb128 0x23
 1282 092f 53080000 		.4byte	0x853
 1283 0933 23       		.uleb128 0x23
 1284 0934 5E080000 		.4byte	0x85e
 1285 0938 23       		.uleb128 0x23
 1286 0939 69080000 		.4byte	0x869
 1287 093d 23       		.uleb128 0x23
 1288 093e 74080000 		.4byte	0x874
 1289 0942 23       		.uleb128 0x23
 1290 0943 81080000 		.4byte	0x881
 1291 0947 23       		.uleb128 0x23
 1292 0948 8E080000 		.4byte	0x88e
 1293 094c 23       		.uleb128 0x23
 1294 094d 9B080000 		.4byte	0x89b
 1295 0951 23       		.uleb128 0x23
 1296 0952 A7080000 		.4byte	0x8a7
 1297 0956 23       		.uleb128 0x23
 1298 0957 B3080000 		.4byte	0x8b3
 1299 095b 23       		.uleb128 0x23
 1300 095c BF080000 		.4byte	0x8bf
 1301 0960 23       		.uleb128 0x23
 1302 0961 CB080000 		.4byte	0x8cb
 1303 0965 23       		.uleb128 0x23
 1304 0966 D6080000 		.4byte	0x8d6
 1305 096a 23       		.uleb128 0x23
 1306 096b E1080000 		.4byte	0x8e1
 1307 096f 23       		.uleb128 0x23
 1308 0970 EC080000 		.4byte	0x8ec
 1309 0974 23       		.uleb128 0x23
 1310 0975 F9080000 		.4byte	0x8f9
 1311 0979 23       		.uleb128 0x23
ARM GAS  /tmp/cc0z6zZn.s 			page 24


 1312 097a 06090000 		.4byte	0x906
 1313 097e 23       		.uleb128 0x23
 1314 097f 13090000 		.4byte	0x913
 1315 0983 20       		.uleb128 0x20
 1316 0984 F5090000 		.4byte	.LASF106
 1317 0988 09       		.byte	0x9
 1318 0989 37       		.byte	0x37
 1319 098a 0B       		.byte	0xb
 1320 098b DE090000 		.4byte	0x9de
 1321 098f 22       		.uleb128 0x22
 1322 0990 35090000 		.4byte	.LASF107
 1323 0994 09       		.byte	0x9
 1324 0995 38       		.byte	0x38
 1325 0996 13       		.byte	0x13
 1326 0997 66020000 		.4byte	0x266
 1327 099b 00       		.byte	0
 1328 099c 22       		.uleb128 0x22
 1329 099d CA070000 		.4byte	.LASF108
 1330 09a1 09       		.byte	0x9
 1331 09a2 39       		.byte	0x39
 1332 09a3 13       		.byte	0x13
 1333 09a4 66020000 		.4byte	0x266
 1334 09a8 01       		.byte	0x1
 1335 09a9 22       		.uleb128 0x22
 1336 09aa 28080000 		.4byte	.LASF109
 1337 09ae 09       		.byte	0x9
 1338 09af 3A       		.byte	0x3a
 1339 09b0 13       		.byte	0x13
 1340 09b1 66020000 		.4byte	0x266
 1341 09b5 02       		.byte	0x2
 1342 09b6 22       		.uleb128 0x22
 1343 09b7 E6020000 		.4byte	.LASF110
 1344 09bb 09       		.byte	0x9
 1345 09bc 3B       		.byte	0x3b
 1346 09bd 13       		.byte	0x13
 1347 09be 66020000 		.4byte	0x266
 1348 09c2 03       		.byte	0x3
 1349 09c3 22       		.uleb128 0x22
 1350 09c4 37060000 		.4byte	.LASF111
 1351 09c8 09       		.byte	0x9
 1352 09c9 3C       		.byte	0x3c
 1353 09ca 13       		.byte	0x13
 1354 09cb 66020000 		.4byte	0x266
 1355 09cf 04       		.byte	0x4
 1356 09d0 22       		.uleb128 0x22
 1357 09d1 EF020000 		.4byte	.LASF112
 1358 09d5 09       		.byte	0x9
 1359 09d6 3D       		.byte	0x3d
 1360 09d7 13       		.byte	0x13
 1361 09d8 66020000 		.4byte	0x266
 1362 09dc 05       		.byte	0x5
 1363 09dd 00       		.byte	0
 1364 09de 23       		.uleb128 0x23
 1365 09df 8F090000 		.4byte	0x98f
 1366 09e3 23       		.uleb128 0x23
 1367 09e4 9C090000 		.4byte	0x99c
 1368 09e8 23       		.uleb128 0x23
ARM GAS  /tmp/cc0z6zZn.s 			page 25


 1369 09e9 A9090000 		.4byte	0x9a9
 1370 09ed 23       		.uleb128 0x23
 1371 09ee B6090000 		.4byte	0x9b6
 1372 09f2 23       		.uleb128 0x23
 1373 09f3 C3090000 		.4byte	0x9c3
 1374 09f7 23       		.uleb128 0x23
 1375 09f8 D0090000 		.4byte	0x9d0
 1376 09fc 0B       		.uleb128 0xb
 1377 09fd CE090000 		.4byte	.LASF114
 1378 0a01 1C       		.byte	0x1c
 1379 0a02 0A       		.byte	0xa
 1380 0a03 08       		.byte	0x8
 1381 0a04 08       		.byte	0x8
 1382 0a05 310A0000 		.4byte	0xa31
 1383 0a09 18       		.uleb128 0x18
 1384 0a0a 90020000 		.4byte	.LASF115
 1385 0a0e 0A       		.byte	0xa
 1386 0a0f 09       		.byte	0x9
 1387 0a10 0B       		.byte	0xb
 1388 0a11 360A0000 		.4byte	0xa36
 1389 0a15 00       		.byte	0
 1390 0a16 18       		.uleb128 0x18
 1391 0a17 AD050000 		.4byte	.LASF116
 1392 0a1b 0A       		.byte	0xa
 1393 0a1c 0A       		.byte	0xa
 1394 0a1d 0B       		.byte	0xb
 1395 0a1e 360A0000 		.4byte	0xa36
 1396 0a22 0C       		.byte	0xc
 1397 0a23 18       		.uleb128 0x18
 1398 0a24 E5040000 		.4byte	.LASF117
 1399 0a28 0A       		.byte	0xa
 1400 0a29 0B       		.byte	0xb
 1401 0a2a 0B       		.byte	0xb
 1402 0a2b E1070000 		.4byte	0x7e1
 1403 0a2f 18       		.byte	0x18
 1404 0a30 00       		.byte	0
 1405 0a31 0A       		.uleb128 0xa
 1406 0a32 FC090000 		.4byte	0x9fc
 1407 0a36 1E       		.uleb128 0x1e
 1408 0a37 35030000 		.4byte	0x335
 1409 0a3b 460A0000 		.4byte	0xa46
 1410 0a3f 1F       		.uleb128 0x1f
 1411 0a40 9B020000 		.4byte	0x29b
 1412 0a44 02       		.byte	0x2
 1413 0a45 00       		.byte	0
 1414 0a46 0B       		.uleb128 0xb
 1415 0a47 8F080000 		.4byte	.LASF118
 1416 0a4b 30       		.byte	0x30
 1417 0a4c 0A       		.byte	0xa
 1418 0a4d 0E       		.byte	0xe
 1419 0a4e 08       		.byte	0x8
 1420 0a4f F00A0000 		.4byte	0xaf0
 1421 0a53 0C       		.uleb128 0xc
 1422 0a54 713000   		.ascii	"q0\000"
 1423 0a57 0A       		.byte	0xa
 1424 0a58 10       		.byte	0x10
 1425 0a59 0B       		.byte	0xb
ARM GAS  /tmp/cc0z6zZn.s 			page 26


 1426 0a5a 35030000 		.4byte	0x335
 1427 0a5e 00       		.byte	0
 1428 0a5f 0C       		.uleb128 0xc
 1429 0a60 713100   		.ascii	"q1\000"
 1430 0a63 0A       		.byte	0xa
 1431 0a64 10       		.byte	0x10
 1432 0a65 0F       		.byte	0xf
 1433 0a66 35030000 		.4byte	0x335
 1434 0a6a 04       		.byte	0x4
 1435 0a6b 0C       		.uleb128 0xc
 1436 0a6c 713200   		.ascii	"q2\000"
 1437 0a6f 0A       		.byte	0xa
 1438 0a70 10       		.byte	0x10
 1439 0a71 13       		.byte	0x13
 1440 0a72 35030000 		.4byte	0x335
 1441 0a76 08       		.byte	0x8
 1442 0a77 0C       		.uleb128 0xc
 1443 0a78 713300   		.ascii	"q3\000"
 1444 0a7b 0A       		.byte	0xa
 1445 0a7c 10       		.byte	0x10
 1446 0a7d 17       		.byte	0x17
 1447 0a7e 35030000 		.4byte	0x335
 1448 0a82 0C       		.byte	0xc
 1449 0a83 18       		.uleb128 0x18
 1450 0a84 77060000 		.4byte	.LASF119
 1451 0a88 0A       		.byte	0xa
 1452 0a89 11       		.byte	0x11
 1453 0a8a 0B       		.byte	0xb
 1454 0a8b E1070000 		.4byte	0x7e1
 1455 0a8f 10       		.byte	0x10
 1456 0a90 0C       		.uleb128 0xc
 1457 0a91 7000     		.ascii	"p\000"
 1458 0a93 0A       		.byte	0xa
 1459 0a94 14       		.byte	0x14
 1460 0a95 0B       		.byte	0xb
 1461 0a96 35030000 		.4byte	0x335
 1462 0a9a 14       		.byte	0x14
 1463 0a9b 0C       		.uleb128 0xc
 1464 0a9c 7100     		.ascii	"q\000"
 1465 0a9e 0A       		.byte	0xa
 1466 0a9f 14       		.byte	0x14
 1467 0aa0 0E       		.byte	0xe
 1468 0aa1 35030000 		.4byte	0x335
 1469 0aa5 18       		.byte	0x18
 1470 0aa6 0C       		.uleb128 0xc
 1471 0aa7 7200     		.ascii	"r\000"
 1472 0aa9 0A       		.byte	0xa
 1473 0aaa 14       		.byte	0x14
 1474 0aab 11       		.byte	0x11
 1475 0aac 35030000 		.4byte	0x335
 1476 0ab0 1C       		.byte	0x1c
 1477 0ab1 0C       		.uleb128 0xc
 1478 0ab2 617800   		.ascii	"ax\000"
 1479 0ab5 0A       		.byte	0xa
 1480 0ab6 15       		.byte	0x15
 1481 0ab7 0B       		.byte	0xb
 1482 0ab8 35030000 		.4byte	0x335
ARM GAS  /tmp/cc0z6zZn.s 			page 27


 1483 0abc 20       		.byte	0x20
 1484 0abd 0C       		.uleb128 0xc
 1485 0abe 617900   		.ascii	"ay\000"
 1486 0ac1 0A       		.byte	0xa
 1487 0ac2 15       		.byte	0x15
 1488 0ac3 0F       		.byte	0xf
 1489 0ac4 35030000 		.4byte	0x335
 1490 0ac8 24       		.byte	0x24
 1491 0ac9 0C       		.uleb128 0xc
 1492 0aca 617A00   		.ascii	"az\000"
 1493 0acd 0A       		.byte	0xa
 1494 0ace 15       		.byte	0x15
 1495 0acf 13       		.byte	0x13
 1496 0ad0 35030000 		.4byte	0x335
 1497 0ad4 28       		.byte	0x28
 1498 0ad5 18       		.uleb128 0x18
 1499 0ad6 B5040000 		.4byte	.LASF120
 1500 0ada 0A       		.byte	0xa
 1501 0adb 16       		.byte	0x16
 1502 0adc 0B       		.byte	0xb
 1503 0add E1070000 		.4byte	0x7e1
 1504 0ae1 2C       		.byte	0x2c
 1505 0ae2 18       		.uleb128 0x18
 1506 0ae3 E5040000 		.4byte	.LASF117
 1507 0ae7 0A       		.byte	0xa
 1508 0ae8 18       		.byte	0x18
 1509 0ae9 0B       		.byte	0xb
 1510 0aea E1070000 		.4byte	0x7e1
 1511 0aee 2D       		.byte	0x2d
 1512 0aef 00       		.byte	0
 1513 0af0 0A       		.uleb128 0xa
 1514 0af1 460A0000 		.4byte	0xa46
 1515 0af5 0B       		.uleb128 0xb
 1516 0af6 60000000 		.4byte	.LASF121
 1517 0afa 1C       		.byte	0x1c
 1518 0afb 0A       		.byte	0xa
 1519 0afc 1B       		.byte	0x1b
 1520 0afd 08       		.byte	0x8
 1521 0afe 620B0000 		.4byte	0xb62
 1522 0b02 0C       		.uleb128 0xc
 1523 0b03 7800     		.ascii	"x\000"
 1524 0b05 0A       		.byte	0xa
 1525 0b06 1C       		.byte	0x1c
 1526 0b07 0B       		.byte	0xb
 1527 0b08 35030000 		.4byte	0x335
 1528 0b0c 00       		.byte	0
 1529 0b0d 0C       		.uleb128 0xc
 1530 0b0e 7900     		.ascii	"y\000"
 1531 0b10 0A       		.byte	0xa
 1532 0b11 1C       		.byte	0x1c
 1533 0b12 0E       		.byte	0xe
 1534 0b13 35030000 		.4byte	0x335
 1535 0b17 04       		.byte	0x4
 1536 0b18 0C       		.uleb128 0xc
 1537 0b19 7A00     		.ascii	"z\000"
 1538 0b1b 0A       		.byte	0xa
 1539 0b1c 1C       		.byte	0x1c
ARM GAS  /tmp/cc0z6zZn.s 			page 28


 1540 0b1d 11       		.byte	0x11
 1541 0b1e 35030000 		.4byte	0x335
 1542 0b22 08       		.byte	0x8
 1543 0b23 0C       		.uleb128 0xc
 1544 0b24 767800   		.ascii	"vx\000"
 1545 0b27 0A       		.byte	0xa
 1546 0b28 1D       		.byte	0x1d
 1547 0b29 0B       		.byte	0xb
 1548 0b2a 35030000 		.4byte	0x335
 1549 0b2e 0C       		.byte	0xc
 1550 0b2f 0C       		.uleb128 0xc
 1551 0b30 767900   		.ascii	"vy\000"
 1552 0b33 0A       		.byte	0xa
 1553 0b34 1D       		.byte	0x1d
 1554 0b35 0F       		.byte	0xf
 1555 0b36 35030000 		.4byte	0x335
 1556 0b3a 10       		.byte	0x10
 1557 0b3b 0C       		.uleb128 0xc
 1558 0b3c 767A00   		.ascii	"vz\000"
 1559 0b3f 0A       		.byte	0xa
 1560 0b40 1D       		.byte	0x1d
 1561 0b41 13       		.byte	0x13
 1562 0b42 35030000 		.4byte	0x335
 1563 0b46 14       		.byte	0x14
 1564 0b47 18       		.uleb128 0x18
 1565 0b48 B5020000 		.4byte	.LASF122
 1566 0b4c 0A       		.byte	0xa
 1567 0b4d 1E       		.byte	0x1e
 1568 0b4e 0B       		.byte	0xb
 1569 0b4f E1070000 		.4byte	0x7e1
 1570 0b53 18       		.byte	0x18
 1571 0b54 18       		.uleb128 0x18
 1572 0b55 E5040000 		.4byte	.LASF117
 1573 0b59 0A       		.byte	0xa
 1574 0b5a 1F       		.byte	0x1f
 1575 0b5b 0B       		.byte	0xb
 1576 0b5c E1070000 		.4byte	0x7e1
 1577 0b60 19       		.byte	0x19
 1578 0b61 00       		.byte	0
 1579 0b62 0A       		.uleb128 0xa
 1580 0b63 F50A0000 		.4byte	0xaf5
 1581 0b67 24       		.uleb128 0x24
 1582 0b68 B8000000 		.4byte	.LASF123
 1583 0b6c 583D     		.2byte	0x3d58
 1584 0b6e 0B       		.byte	0xb
 1585 0b6f 21       		.byte	0x21
 1586 0b70 07       		.byte	0x7
 1587 0b71 6E0E0000 		.4byte	0xe6e
 1588 0b75 25       		.uleb128 0x25
 1589 0b76 1C030000 		.4byte	.LASF124
 1590 0b7a 0B       		.byte	0xb
 1591 0b7b 23       		.byte	0x23
 1592 0b7c 1A       		.byte	0x1a
 1593 0b7d 66020000 		.4byte	0x266
 1594 0b81 01       		.byte	0x1
 1595 0b82 03       		.byte	0x3
 1596 0b83 26       		.uleb128 0x26
ARM GAS  /tmp/cc0z6zZn.s 			page 29


 1597 0b84 AB080000 		.4byte	.LASF125
 1598 0b88 0B       		.byte	0xb
 1599 0b89 26       		.byte	0x26
 1600 0b8a 1C       		.byte	0x1c
 1601 0b8b 3C030000 		.4byte	0x33c
 1602 0b8f 01       		.byte	0x1
 1603 0b90 04       		.byte	0x4
 1604 0b91 6F       		.byte	0x6f
 1605 0b92 12       		.byte	0x12
 1606 0b93 83       		.byte	0x83
 1607 0b94 3A       		.byte	0x3a
 1608 0b95 26       		.uleb128 0x26
 1609 0b96 D2080000 		.4byte	.LASF126
 1610 0b9a 0B       		.byte	0xb
 1611 0b9b 27       		.byte	0x27
 1612 0b9c 1C       		.byte	0x1c
 1613 0b9d 3C030000 		.4byte	0x33c
 1614 0ba1 01       		.byte	0x1
 1615 0ba2 04       		.byte	0x4
 1616 0ba3 00       		.byte	0
 1617 0ba4 00       		.byte	0
 1618 0ba5 00       		.byte	0
 1619 0ba6 3F       		.byte	0x3f
 1620 0ba7 26       		.uleb128 0x26
 1621 0ba8 4A060000 		.4byte	.LASF127
 1622 0bac 0B       		.byte	0xb
 1623 0bad 28       		.byte	0x28
 1624 0bae 1C       		.byte	0x1c
 1625 0baf 3C030000 		.4byte	0x33c
 1626 0bb3 01       		.byte	0x1
 1627 0bb4 04       		.byte	0x4
 1628 0bb5 6F       		.byte	0x6f
 1629 0bb6 12       		.byte	0x12
 1630 0bb7 83       		.byte	0x83
 1631 0bb8 3A       		.byte	0x3a
 1632 0bb9 26       		.uleb128 0x26
 1633 0bba 64030000 		.4byte	.LASF128
 1634 0bbe 0B       		.byte	0xb
 1635 0bbf 29       		.byte	0x29
 1636 0bc0 1C       		.byte	0x1c
 1637 0bc1 3C030000 		.4byte	0x33c
 1638 0bc5 01       		.byte	0x1
 1639 0bc6 04       		.byte	0x4
 1640 0bc7 0A       		.byte	0xa
 1641 0bc8 D7       		.byte	0xd7
 1642 0bc9 23       		.byte	0x23
 1643 0bca 3C       		.byte	0x3c
 1644 0bcb 16       		.uleb128 0x16
 1645 0bcc B8000000 		.4byte	.LASF123
 1646 0bd0 0B       		.byte	0xb
 1647 0bd1 2B       		.byte	0x2b
 1648 0bd2 05       		.byte	0x5
 1649 0bd3 79010000 		.4byte	.LASF129
 1650 0bd7 730E0000 		.4byte	0xe73
 1651 0bdb 01       		.byte	0x1
 1652 0bdc E40B0000 		.4byte	0xbe4
 1653 0be0 EA0B0000 		.4byte	0xbea
ARM GAS  /tmp/cc0z6zZn.s 			page 30


 1654 0be4 14       		.uleb128 0x14
 1655 0be5 730E0000 		.4byte	0xe73
 1656 0be9 00       		.byte	0
 1657 0bea 15       		.uleb128 0x15
 1658 0beb 8A080000 		.4byte	.LASF46
 1659 0bef 0B       		.byte	0xb
 1660 0bf0 2D       		.byte	0x2d
 1661 0bf1 0A       		.byte	0xa
 1662 0bf2 EB040000 		.4byte	.LASF130
 1663 0bf6 01       		.byte	0x1
 1664 0bf7 FF0B0000 		.4byte	0xbff
 1665 0bfb 050C0000 		.4byte	0xc05
 1666 0bff 14       		.uleb128 0x14
 1667 0c00 730E0000 		.4byte	0xe73
 1668 0c04 00       		.byte	0
 1669 0c05 15       		.uleb128 0x15
 1670 0c06 45010000 		.4byte	.LASF131
 1671 0c0a 0B       		.byte	0xb
 1672 0c0b 34       		.byte	0x34
 1673 0c0c 0A       		.byte	0xa
 1674 0c0d C9030000 		.4byte	.LASF132
 1675 0c11 01       		.byte	0x1
 1676 0c12 1A0C0000 		.4byte	0xc1a
 1677 0c16 340C0000 		.4byte	0xc34
 1678 0c1a 14       		.uleb128 0x14
 1679 0c1b 730E0000 		.4byte	0xe73
 1680 0c1f 10       		.uleb128 0x10
 1681 0c20 35030000 		.4byte	0x335
 1682 0c24 10       		.uleb128 0x10
 1683 0c25 7E0E0000 		.4byte	0xe7e
 1684 0c29 10       		.uleb128 0x10
 1685 0c2a 840E0000 		.4byte	0xe84
 1686 0c2e 10       		.uleb128 0x10
 1687 0c2f 8A0E0000 		.4byte	0xe8a
 1688 0c33 00       		.byte	0
 1689 0c34 15       		.uleb128 0x15
 1690 0c35 5E040000 		.4byte	.LASF133
 1691 0c39 0B       		.byte	0xb
 1692 0c3a 38       		.byte	0x38
 1693 0c3b 0A       		.byte	0xa
 1694 0c3c 1F0A0000 		.4byte	.LASF134
 1695 0c40 01       		.byte	0x1
 1696 0c41 490C0000 		.4byte	0xc49
 1697 0c45 540C0000 		.4byte	0xc54
 1698 0c49 14       		.uleb128 0x14
 1699 0c4a 900E0000 		.4byte	0xe90
 1700 0c4e 10       		.uleb128 0x10
 1701 0c4f 9B0E0000 		.4byte	0xe9b
 1702 0c53 00       		.byte	0
 1703 0c54 16       		.uleb128 0x16
 1704 0c55 8E040000 		.4byte	.LASF135
 1705 0c59 0B       		.byte	0xb
 1706 0c5a 3B       		.byte	0x3b
 1707 0c5b 0B       		.byte	0xb
 1708 0c5c A1070000 		.4byte	.LASF136
 1709 0c60 35030000 		.4byte	0x335
 1710 0c64 01       		.byte	0x1
ARM GAS  /tmp/cc0z6zZn.s 			page 31


 1711 0c65 6D0C0000 		.4byte	0xc6d
 1712 0c69 730C0000 		.4byte	0xc73
 1713 0c6d 14       		.uleb128 0x14
 1714 0c6e 900E0000 		.4byte	0xe90
 1715 0c72 00       		.byte	0
 1716 0c73 16       		.uleb128 0x16
 1717 0c74 66020000 		.4byte	.LASF137
 1718 0c78 0B       		.byte	0xb
 1719 0c79 3C       		.byte	0x3c
 1720 0c7a 0B       		.byte	0xb
 1721 0c7b 3C090000 		.4byte	.LASF138
 1722 0c7f 35030000 		.4byte	0x335
 1723 0c83 01       		.byte	0x1
 1724 0c84 8C0C0000 		.4byte	0xc8c
 1725 0c88 920C0000 		.4byte	0xc92
 1726 0c8c 14       		.uleb128 0x14
 1727 0c8d 900E0000 		.4byte	0xe90
 1728 0c91 00       		.byte	0
 1729 0c92 13       		.uleb128 0x13
 1730 0c93 79617700 		.ascii	"yaw\000"
 1731 0c97 0B       		.byte	0xb
 1732 0c98 3D       		.byte	0x3d
 1733 0c99 0B       		.byte	0xb
 1734 0c9a 80050000 		.4byte	.LASF140
 1735 0c9e 35030000 		.4byte	0x335
 1736 0ca2 01       		.byte	0x1
 1737 0ca3 AB0C0000 		.4byte	0xcab
 1738 0ca7 B10C0000 		.4byte	0xcb1
 1739 0cab 14       		.uleb128 0x14
 1740 0cac 900E0000 		.4byte	0xe90
 1741 0cb0 00       		.byte	0
 1742 0cb1 15       		.uleb128 0x15
 1743 0cb2 12080000 		.4byte	.LASF141
 1744 0cb6 0B       		.byte	0xb
 1745 0cb7 40       		.byte	0x40
 1746 0cb8 0A       		.byte	0xa
 1747 0cb9 DC070000 		.4byte	.LASF142
 1748 0cbd 01       		.byte	0x1
 1749 0cbe C60C0000 		.4byte	0xcc6
 1750 0cc2 E00C0000 		.4byte	0xce0
 1751 0cc6 14       		.uleb128 0x14
 1752 0cc7 900E0000 		.4byte	0xe90
 1753 0ccb 10       		.uleb128 0x10
 1754 0ccc 5F020000 		.4byte	0x25f
 1755 0cd0 10       		.uleb128 0x10
 1756 0cd1 A10E0000 		.4byte	0xea1
 1757 0cd5 10       		.uleb128 0x10
 1758 0cd6 A10E0000 		.4byte	0xea1
 1759 0cda 10       		.uleb128 0x10
 1760 0cdb A10E0000 		.4byte	0xea1
 1761 0cdf 00       		.byte	0
 1762 0ce0 15       		.uleb128 0x15
 1763 0ce1 41000000 		.4byte	.LASF143
 1764 0ce5 0B       		.byte	0xb
 1765 0ce6 41       		.byte	0x41
 1766 0ce7 0A       		.byte	0xa
 1767 0ce8 70030000 		.4byte	.LASF144
ARM GAS  /tmp/cc0z6zZn.s 			page 32


 1768 0cec 01       		.byte	0x1
 1769 0ced F50C0000 		.4byte	0xcf5
 1770 0cf1 0F0D0000 		.4byte	0xd0f
 1771 0cf5 14       		.uleb128 0x14
 1772 0cf6 900E0000 		.4byte	0xe90
 1773 0cfa 10       		.uleb128 0x10
 1774 0cfb 5F020000 		.4byte	0x25f
 1775 0cff 10       		.uleb128 0x10
 1776 0d00 A10E0000 		.4byte	0xea1
 1777 0d04 10       		.uleb128 0x10
 1778 0d05 A10E0000 		.4byte	0xea1
 1779 0d09 10       		.uleb128 0x10
 1780 0d0a A10E0000 		.4byte	0xea1
 1781 0d0e 00       		.byte	0
 1782 0d0f 16       		.uleb128 0x16
 1783 0d10 F7010000 		.4byte	.LASF145
 1784 0d14 0B       		.byte	0xb
 1785 0d15 42       		.byte	0x42
 1786 0d16 0A       		.byte	0xa
 1787 0d17 DC080000 		.4byte	.LASF146
 1788 0d1b 5F020000 		.4byte	0x25f
 1789 0d1f 01       		.byte	0x1
 1790 0d20 280D0000 		.4byte	0xd28
 1791 0d24 2E0D0000 		.4byte	0xd2e
 1792 0d28 14       		.uleb128 0x14
 1793 0d29 900E0000 		.4byte	0xe90
 1794 0d2d 00       		.byte	0
 1795 0d2e 18       		.uleb128 0x18
 1796 0d2f CD010000 		.4byte	.LASF147
 1797 0d33 0B       		.byte	0xb
 1798 0d34 45       		.byte	0x45
 1799 0d35 0A       		.byte	0xa
 1800 0d36 A70E0000 		.4byte	0xea7
 1801 0d3a 00       		.byte	0
 1802 0d3b 27       		.uleb128 0x27
 1803 0d3c 32080000 		.4byte	.LASF148
 1804 0d40 0B       		.byte	0xb
 1805 0d41 46       		.byte	0x46
 1806 0d42 0A       		.byte	0xa
 1807 0d43 5F020000 		.4byte	0x25f
 1808 0d47 F03C     		.2byte	0x3cf0
 1809 0d49 27       		.uleb128 0x27
 1810 0d4a 38010000 		.4byte	.LASF86
 1811 0d4e 0B       		.byte	0xb
 1812 0d4f 47       		.byte	0x47
 1813 0d50 0A       		.byte	0xa
 1814 0d51 E1070000 		.4byte	0x7e1
 1815 0d55 F43C     		.2byte	0x3cf4
 1816 0d57 27       		.uleb128 0x27
 1817 0d58 20040000 		.4byte	.LASF149
 1818 0d5c 0B       		.byte	0xb
 1819 0d5d 4A       		.byte	0x4a
 1820 0d5e 0B       		.byte	0xb
 1821 0d5f 35030000 		.4byte	0x335
 1822 0d63 F83C     		.2byte	0x3cf8
 1823 0d65 27       		.uleb128 0x27
 1824 0d66 2B040000 		.4byte	.LASF150
ARM GAS  /tmp/cc0z6zZn.s 			page 33


 1825 0d6a 0B       		.byte	0xb
 1826 0d6b 4A       		.byte	0x4a
 1827 0d6c 17       		.byte	0x17
 1828 0d6d 35030000 		.4byte	0x335
 1829 0d71 FC3C     		.2byte	0x3cfc
 1830 0d73 27       		.uleb128 0x27
 1831 0d74 36040000 		.4byte	.LASF151
 1832 0d78 0B       		.byte	0xb
 1833 0d79 4A       		.byte	0x4a
 1834 0d7a 23       		.byte	0x23
 1835 0d7b 35030000 		.4byte	0x335
 1836 0d7f 003D     		.2byte	0x3d00
 1837 0d81 27       		.uleb128 0x27
 1838 0d82 67010000 		.4byte	.LASF152
 1839 0d86 0B       		.byte	0xb
 1840 0d87 4D       		.byte	0x4d
 1841 0d88 0B       		.byte	0xb
 1842 0d89 35030000 		.4byte	0x335
 1843 0d8d 043D     		.2byte	0x3d04
 1844 0d8f 27       		.uleb128 0x27
 1845 0d90 EB010000 		.4byte	.LASF153
 1846 0d94 0B       		.byte	0xb
 1847 0d95 4D       		.byte	0x4d
 1848 0d96 18       		.byte	0x18
 1849 0d97 35030000 		.4byte	0x335
 1850 0d9b 083D     		.2byte	0x3d08
 1851 0d9d 27       		.uleb128 0x27
 1852 0d9e BD020000 		.4byte	.LASF154
 1853 0da2 0B       		.byte	0xb
 1854 0da3 4D       		.byte	0x4d
 1855 0da4 25       		.byte	0x25
 1856 0da5 35030000 		.4byte	0x335
 1857 0da9 0C3D     		.2byte	0x3d0c
 1858 0dab 27       		.uleb128 0x27
 1859 0dac 070A0000 		.4byte	.LASF155
 1860 0db0 0B       		.byte	0xb
 1861 0db1 50       		.byte	0x50
 1862 0db2 0B       		.byte	0xb
 1863 0db3 35030000 		.4byte	0x335
 1864 0db7 103D     		.2byte	0x3d10
 1865 0db9 27       		.uleb128 0x27
 1866 0dba 0F0A0000 		.4byte	.LASF156
 1867 0dbe 0B       		.byte	0xb
 1868 0dbf 50       		.byte	0x50
 1869 0dc0 17       		.byte	0x17
 1870 0dc1 35030000 		.4byte	0x335
 1871 0dc5 143D     		.2byte	0x3d14
 1872 0dc7 27       		.uleb128 0x27
 1873 0dc8 170A0000 		.4byte	.LASF157
 1874 0dcc 0B       		.byte	0xb
 1875 0dcd 50       		.byte	0x50
 1876 0dce 23       		.byte	0x23
 1877 0dcf 35030000 		.4byte	0x335
 1878 0dd3 183D     		.2byte	0x3d18
 1879 0dd5 27       		.uleb128 0x27
 1880 0dd6 440A0000 		.4byte	.LASF158
 1881 0dda 0B       		.byte	0xb
ARM GAS  /tmp/cc0z6zZn.s 			page 34


 1882 0ddb 51       		.byte	0x51
 1883 0ddc 0B       		.byte	0xb
 1884 0ddd 35030000 		.4byte	0x335
 1885 0de1 1C3D     		.2byte	0x3d1c
 1886 0de3 27       		.uleb128 0x27
 1887 0de4 74020000 		.4byte	.LASF159
 1888 0de8 0B       		.byte	0xb
 1889 0de9 51       		.byte	0x51
 1890 0dea 17       		.byte	0x17
 1891 0deb 35030000 		.4byte	0x335
 1892 0def 203D     		.2byte	0x3d20
 1893 0df1 27       		.uleb128 0x27
 1894 0df2 69050000 		.4byte	.LASF160
 1895 0df6 0B       		.byte	0xb
 1896 0df7 51       		.byte	0x51
 1897 0df8 23       		.byte	0x23
 1898 0df9 35030000 		.4byte	0x335
 1899 0dfd 243D     		.2byte	0x3d24
 1900 0dff 27       		.uleb128 0x27
 1901 0e00 9D020000 		.4byte	.LASF161
 1902 0e04 0B       		.byte	0xb
 1903 0e05 54       		.byte	0x54
 1904 0e06 0B       		.byte	0xb
 1905 0e07 35030000 		.4byte	0x335
 1906 0e0b 283D     		.2byte	0x3d28
 1907 0e0d 27       		.uleb128 0x27
 1908 0e0e FE090000 		.4byte	.LASF162
 1909 0e12 0B       		.byte	0xb
 1910 0e13 54       		.byte	0x54
 1911 0e14 15       		.byte	0x15
 1912 0e15 35030000 		.4byte	0x335
 1913 0e19 2C3D     		.2byte	0x3d2c
 1914 0e1b 27       		.uleb128 0x27
 1915 0e1c 12040000 		.4byte	.LASF163
 1916 0e20 0B       		.byte	0xb
 1917 0e21 54       		.byte	0x54
 1918 0e22 1F       		.byte	0x1f
 1919 0e23 35030000 		.4byte	0x335
 1920 0e27 303D     		.2byte	0x3d30
 1921 0e29 27       		.uleb128 0x27
 1922 0e2a AD090000 		.4byte	.LASF164
 1923 0e2e 0B       		.byte	0xb
 1924 0e2f 57       		.byte	0x57
 1925 0e30 0B       		.byte	0xb
 1926 0e31 360A0000 		.4byte	0xa36
 1927 0e35 343D     		.2byte	0x3d34
 1928 0e37 27       		.uleb128 0x27
 1929 0e38 B5090000 		.4byte	.LASF165
 1930 0e3c 0B       		.byte	0xb
 1931 0e3d 57       		.byte	0x57
 1932 0e3e 1F       		.byte	0x1f
 1933 0e3f 360A0000 		.4byte	0xa36
 1934 0e43 403D     		.2byte	0x3d40
 1935 0e45 27       		.uleb128 0x27
 1936 0e46 BD090000 		.4byte	.LASF166
 1937 0e4a 0B       		.byte	0xb
 1938 0e4b 57       		.byte	0x57
ARM GAS  /tmp/cc0z6zZn.s 			page 35


 1939 0e4c 33       		.byte	0x33
 1940 0e4d 360A0000 		.4byte	0xa36
 1941 0e51 4C3D     		.2byte	0x3d4c
 1942 0e53 28       		.uleb128 0x28
 1943 0e54 3B080000 		.4byte	.LASF167
 1944 0e58 0B       		.byte	0xb
 1945 0e59 59       		.byte	0x59
 1946 0e5a 0A       		.byte	0xa
 1947 0e5b 69000000 		.4byte	.LASF168
 1948 0e5f 5F020000 		.4byte	0x25f
 1949 0e63 670E0000 		.4byte	0xe67
 1950 0e67 14       		.uleb128 0x14
 1951 0e68 900E0000 		.4byte	0xe90
 1952 0e6c 00       		.byte	0
 1953 0e6d 00       		.byte	0
 1954 0e6e 0A       		.uleb128 0xa
 1955 0e6f 670B0000 		.4byte	0xb67
 1956 0e73 0E       		.uleb128 0xe
 1957 0e74 04       		.byte	0x4
 1958 0e75 670B0000 		.4byte	0xb67
 1959 0e79 0A       		.uleb128 0xa
 1960 0e7a 730E0000 		.4byte	0xe73
 1961 0e7e 0E       		.uleb128 0xe
 1962 0e7f 04       		.byte	0x4
 1963 0e80 310A0000 		.4byte	0xa31
 1964 0e84 1D       		.uleb128 0x1d
 1965 0e85 04       		.byte	0x4
 1966 0e86 F00A0000 		.4byte	0xaf0
 1967 0e8a 1D       		.uleb128 0x1d
 1968 0e8b 04       		.byte	0x4
 1969 0e8c 620B0000 		.4byte	0xb62
 1970 0e90 0E       		.uleb128 0xe
 1971 0e91 04       		.byte	0x4
 1972 0e92 6E0E0000 		.4byte	0xe6e
 1973 0e96 0A       		.uleb128 0xa
 1974 0e97 900E0000 		.4byte	0xe90
 1975 0e9b 0E       		.uleb128 0xe
 1976 0e9c 04       		.byte	0x4
 1977 0e9d 35030000 		.4byte	0x335
 1978 0ea1 1D       		.uleb128 0x1d
 1979 0ea2 04       		.byte	0x4
 1980 0ea3 35030000 		.4byte	0x335
 1981 0ea7 1E       		.uleb128 0x1e
 1982 0ea8 DD030000 		.4byte	0x3dd
 1983 0eac B70E0000 		.4byte	0xeb7
 1984 0eb0 1F       		.uleb128 0x1f
 1985 0eb1 9B020000 		.4byte	0x29b
 1986 0eb5 02       		.byte	0x2
 1987 0eb6 00       		.byte	0
 1988 0eb7 29       		.uleb128 0x29
 1989 0eb8 6C020000 		.4byte	.LASF64
 1990 0ebc 0C       		.byte	0xc
 1991 0ebd 05       		.byte	0x5
 1992 0ebe 18       		.byte	0x18
 1993 0ebf 3C030000 		.4byte	0x33c
 1994 0ec3 04       		.byte	0x4
 1995 0ec4 0AE81C41 		.4byte	0x411ce80a
ARM GAS  /tmp/cc0z6zZn.s 			page 36


 1996 0ec8 2A       		.uleb128 0x2a
 1997 0ec9 695800   		.ascii	"iX\000"
 1998 0ecc 0C       		.byte	0xc
 1999 0ecd 08       		.byte	0x8
 2000 0ece 16       		.byte	0x16
 2001 0ecf 66020000 		.4byte	0x266
 2002 0ed3 00       		.byte	0
 2003 0ed4 2A       		.uleb128 0x2a
 2004 0ed5 695900   		.ascii	"iY\000"
 2005 0ed8 0C       		.byte	0xc
 2006 0ed9 08       		.byte	0x8
 2007 0eda 1D       		.byte	0x1d
 2008 0edb 66020000 		.4byte	0x266
 2009 0edf 01       		.byte	0x1
 2010 0ee0 2A       		.uleb128 0x2a
 2011 0ee1 695A00   		.ascii	"iZ\000"
 2012 0ee4 0C       		.byte	0xc
 2013 0ee5 08       		.byte	0x8
 2014 0ee6 24       		.byte	0x24
 2015 0ee7 66020000 		.4byte	0x266
 2016 0eeb 02       		.byte	0x2
 2017 0eec 2A       		.uleb128 0x2a
 2018 0eed 695500   		.ascii	"iU\000"
 2019 0ef0 0C       		.byte	0xc
 2020 0ef1 09       		.byte	0x9
 2021 0ef2 16       		.byte	0x16
 2022 0ef3 66020000 		.4byte	0x266
 2023 0ef7 03       		.byte	0x3
 2024 0ef8 2A       		.uleb128 0x2a
 2025 0ef9 695600   		.ascii	"iV\000"
 2026 0efc 0C       		.byte	0xc
 2027 0efd 09       		.byte	0x9
 2028 0efe 1D       		.byte	0x1d
 2029 0eff 66020000 		.4byte	0x266
 2030 0f03 04       		.byte	0x4
 2031 0f04 2A       		.uleb128 0x2a
 2032 0f05 695700   		.ascii	"iW\000"
 2033 0f08 0C       		.byte	0xc
 2034 0f09 09       		.byte	0x9
 2035 0f0a 24       		.byte	0x24
 2036 0f0b 66020000 		.4byte	0x266
 2037 0f0f 05       		.byte	0x5
 2038 0f10 2A       		.uleb128 0x2a
 2039 0f11 69513000 		.ascii	"iQ0\000"
 2040 0f15 0C       		.byte	0xc
 2041 0f16 0A       		.byte	0xa
 2042 0f17 16       		.byte	0x16
 2043 0f18 66020000 		.4byte	0x266
 2044 0f1c 06       		.byte	0x6
 2045 0f1d 2A       		.uleb128 0x2a
 2046 0f1e 69513100 		.ascii	"iQ1\000"
 2047 0f22 0C       		.byte	0xc
 2048 0f23 0A       		.byte	0xa
 2049 0f24 1D       		.byte	0x1d
 2050 0f25 66020000 		.4byte	0x266
 2051 0f29 07       		.byte	0x7
 2052 0f2a 2A       		.uleb128 0x2a
ARM GAS  /tmp/cc0z6zZn.s 			page 37


 2053 0f2b 69513200 		.ascii	"iQ2\000"
 2054 0f2f 0C       		.byte	0xc
 2055 0f30 0A       		.byte	0xa
 2056 0f31 24       		.byte	0x24
 2057 0f32 66020000 		.4byte	0x266
 2058 0f36 08       		.byte	0x8
 2059 0f37 2A       		.uleb128 0x2a
 2060 0f38 69513300 		.ascii	"iQ3\000"
 2061 0f3c 0C       		.byte	0xc
 2062 0f3d 0A       		.byte	0xa
 2063 0f3e 2B       		.byte	0x2b
 2064 0f3f 66020000 		.4byte	0x266
 2065 0f43 09       		.byte	0x9
 2066 0f44 2B       		.uleb128 0x2b
 2067 0f45 BA080000 		.4byte	.LASF169
 2068 0f49 0C       		.byte	0xc
 2069 0f4a 0B       		.byte	0xb
 2070 0f4b 16       		.byte	0x16
 2071 0f4c 66020000 		.4byte	0x266
 2072 0f50 0A       		.byte	0xa
 2073 0f51 2B       		.uleb128 0x2b
 2074 0f52 3F0A0000 		.4byte	.LASF170
 2075 0f56 0C       		.byte	0xc
 2076 0f57 0B       		.byte	0xb
 2077 0f58 1F       		.byte	0x1f
 2078 0f59 66020000 		.4byte	0x266
 2079 0f5d 0B       		.byte	0xb
 2080 0f5e 2B       		.uleb128 0x2b
 2081 0f5f CD080000 		.4byte	.LASF171
 2082 0f63 0C       		.byte	0xc
 2083 0f64 0B       		.byte	0xb
 2084 0f65 28       		.byte	0x28
 2085 0f66 66020000 		.4byte	0x266
 2086 0f6a 0C       		.byte	0xc
 2087 0f6b 2B       		.uleb128 0x2b
 2088 0f6c BE010000 		.4byte	.LASF172
 2089 0f70 0C       		.byte	0xc
 2090 0f71 0C       		.byte	0xc
 2091 0f72 16       		.byte	0x16
 2092 0f73 66020000 		.4byte	0x266
 2093 0f77 0D       		.byte	0xd
 2094 0f78 2B       		.uleb128 0x2b
 2095 0f79 C3010000 		.4byte	.LASF173
 2096 0f7d 0C       		.byte	0xc
 2097 0f7e 0C       		.byte	0xc
 2098 0f7f 1F       		.byte	0x1f
 2099 0f80 66020000 		.4byte	0x266
 2100 0f84 0E       		.byte	0xe
 2101 0f85 2B       		.uleb128 0x2b
 2102 0f86 C8010000 		.4byte	.LASF174
 2103 0f8a 0C       		.byte	0xc
 2104 0f8b 0C       		.byte	0xc
 2105 0f8c 28       		.byte	0x28
 2106 0f8d 66020000 		.4byte	0x266
 2107 0f91 0F       		.byte	0xf
 2108 0f92 2C       		.uleb128 0x2c
 2109 0f93 E00C0000 		.4byte	0xce0
ARM GAS  /tmp/cc0z6zZn.s 			page 38


 2110 0f97 0C       		.byte	0xc
 2111 0f98 2801     		.2byte	0x128
 2112 0f9a 06       		.byte	0x6
 2113 0f9b A30F0000 		.4byte	0xfa3
 2114 0f9f DB0F0000 		.4byte	0xfdb
 2115 0fa3 2D       		.uleb128 0x2d
 2116 0fa4 3F060000 		.4byte	.LASF176
 2117 0fa8 960E0000 		.4byte	0xe96
 2118 0fac 2E       		.uleb128 0x2e
 2119 0fad 8A070000 		.4byte	.LASF175
 2120 0fb1 0C       		.byte	0xc
 2121 0fb2 2801     		.2byte	0x128
 2122 0fb4 25       		.byte	0x25
 2123 0fb5 5F020000 		.4byte	0x25f
 2124 0fb9 2F       		.uleb128 0x2f
 2125 0fba 7000     		.ascii	"p\000"
 2126 0fbc 0C       		.byte	0xc
 2127 0fbd 2801     		.2byte	0x128
 2128 0fbf 32       		.byte	0x32
 2129 0fc0 A10E0000 		.4byte	0xea1
 2130 0fc4 2F       		.uleb128 0x2f
 2131 0fc5 7100     		.ascii	"q\000"
 2132 0fc7 0C       		.byte	0xc
 2133 0fc8 2801     		.2byte	0x128
 2134 0fca 3C       		.byte	0x3c
 2135 0fcb A10E0000 		.4byte	0xea1
 2136 0fcf 2F       		.uleb128 0x2f
 2137 0fd0 7200     		.ascii	"r\000"
 2138 0fd2 0C       		.byte	0xc
 2139 0fd3 2801     		.2byte	0x128
 2140 0fd5 46       		.byte	0x46
 2141 0fd6 A10E0000 		.4byte	0xea1
 2142 0fda 00       		.byte	0
 2143 0fdb 2C       		.uleb128 0x2c
 2144 0fdc B10C0000 		.4byte	0xcb1
 2145 0fe0 0C       		.byte	0xc
 2146 0fe1 1901     		.2byte	0x119
 2147 0fe3 06       		.byte	0x6
 2148 0fe4 EC0F0000 		.4byte	0xfec
 2149 0fe8 65100000 		.4byte	0x1065
 2150 0fec 2D       		.uleb128 0x2d
 2151 0fed 3F060000 		.4byte	.LASF176
 2152 0ff1 960E0000 		.4byte	0xe96
 2153 0ff5 2E       		.uleb128 0x2e
 2154 0ff6 8A070000 		.4byte	.LASF175
 2155 0ffa 0C       		.byte	0xc
 2156 0ffb 1901     		.2byte	0x119
 2157 0ffd 27       		.byte	0x27
 2158 0ffe 5F020000 		.4byte	0x25f
 2159 1002 2E       		.uleb128 0x2e
 2160 1003 8E040000 		.4byte	.LASF135
 2161 1007 0C       		.byte	0xc
 2162 1008 1901     		.2byte	0x119
 2163 100a 34       		.byte	0x34
 2164 100b A10E0000 		.4byte	0xea1
 2165 100f 2E       		.uleb128 0x2e
 2166 1010 66020000 		.4byte	.LASF137
ARM GAS  /tmp/cc0z6zZn.s 			page 39


 2167 1014 0C       		.byte	0xc
 2168 1015 1901     		.2byte	0x119
 2169 1017 41       		.byte	0x41
 2170 1018 A10E0000 		.4byte	0xea1
 2171 101c 2F       		.uleb128 0x2f
 2172 101d 79617700 		.ascii	"yaw\000"
 2173 1021 0C       		.byte	0xc
 2174 1022 1901     		.2byte	0x119
 2175 1024 4F       		.byte	0x4f
 2176 1025 A10E0000 		.4byte	0xea1
 2177 1029 30       		.uleb128 0x30
 2178 102a 737400   		.ascii	"st\000"
 2179 102d 0C       		.byte	0xc
 2180 102e 1F01     		.2byte	0x11f
 2181 1030 12       		.byte	0x12
 2182 1031 CA070000 		.4byte	0x7ca
 2183 1035 30       		.uleb128 0x30
 2184 1036 7100     		.ascii	"q\000"
 2185 1038 0C       		.byte	0xc
 2186 1039 2001     		.2byte	0x120
 2187 103b 0A       		.byte	0xa
 2188 103c F6020000 		.4byte	0x2f6
 2189 1040 30       		.uleb128 0x30
 2190 1041 726F00   		.ascii	"ro\000"
 2191 1044 0C       		.byte	0xc
 2192 1045 2101     		.2byte	0x121
 2193 1047 0B       		.byte	0xb
 2194 1048 35030000 		.4byte	0x335
 2195 104c 30       		.uleb128 0x30
 2196 104d 706900   		.ascii	"pi\000"
 2197 1050 0C       		.byte	0xc
 2198 1051 2101     		.2byte	0x121
 2199 1053 0F       		.byte	0xf
 2200 1054 35030000 		.4byte	0x335
 2201 1058 30       		.uleb128 0x30
 2202 1059 796100   		.ascii	"ya\000"
 2203 105c 0C       		.byte	0xc
 2204 105d 2101     		.2byte	0x121
 2205 105f 13       		.byte	0x13
 2206 1060 35030000 		.4byte	0x335
 2207 1064 00       		.byte	0
 2208 1065 2C       		.uleb128 0x2c
 2209 1066 920C0000 		.4byte	0xc92
 2210 106a 0C       		.byte	0xc
 2211 106b 0C01     		.2byte	0x10c
 2212 106d 07       		.byte	0x7
 2213 106e 76100000 		.4byte	0x1076
 2214 1072 BB100000 		.4byte	0x10bb
 2215 1076 2D       		.uleb128 0x2d
 2216 1077 3F060000 		.4byte	.LASF176
 2217 107b 960E0000 		.4byte	0xe96
 2218 107f 30       		.uleb128 0x30
 2219 1080 737400   		.ascii	"st\000"
 2220 1083 0C       		.byte	0xc
 2221 1084 0E01     		.2byte	0x10e
 2222 1086 12       		.byte	0x12
 2223 1087 CA070000 		.4byte	0x7ca
ARM GAS  /tmp/cc0z6zZn.s 			page 40


 2224 108b 30       		.uleb128 0x30
 2225 108c 7100     		.ascii	"q\000"
 2226 108e 0C       		.byte	0xc
 2227 108f 0F01     		.2byte	0x10f
 2228 1091 0A       		.byte	0xa
 2229 1092 F6020000 		.4byte	0x2f6
 2230 1096 30       		.uleb128 0x30
 2231 1097 726F00   		.ascii	"ro\000"
 2232 109a 0C       		.byte	0xc
 2233 109b 1001     		.2byte	0x110
 2234 109d 0B       		.byte	0xb
 2235 109e 35030000 		.4byte	0x335
 2236 10a2 30       		.uleb128 0x30
 2237 10a3 706900   		.ascii	"pi\000"
 2238 10a6 0C       		.byte	0xc
 2239 10a7 1001     		.2byte	0x110
 2240 10a9 0F       		.byte	0xf
 2241 10aa 35030000 		.4byte	0x335
 2242 10ae 30       		.uleb128 0x30
 2243 10af 796100   		.ascii	"ya\000"
 2244 10b2 0C       		.byte	0xc
 2245 10b3 1001     		.2byte	0x110
 2246 10b5 13       		.byte	0x13
 2247 10b6 35030000 		.4byte	0x335
 2248 10ba 00       		.byte	0
 2249 10bb 2C       		.uleb128 0x2c
 2250 10bc 730C0000 		.4byte	0xc73
 2251 10c0 0C       		.byte	0xc
 2252 10c1 0301     		.2byte	0x103
 2253 10c3 07       		.byte	0x7
 2254 10c4 CC100000 		.4byte	0x10cc
 2255 10c8 11110000 		.4byte	0x1111
 2256 10cc 2D       		.uleb128 0x2d
 2257 10cd 3F060000 		.4byte	.LASF176
 2258 10d1 960E0000 		.4byte	0xe96
 2259 10d5 30       		.uleb128 0x30
 2260 10d6 737400   		.ascii	"st\000"
 2261 10d9 0C       		.byte	0xc
 2262 10da 0501     		.2byte	0x105
 2263 10dc 12       		.byte	0x12
 2264 10dd CA070000 		.4byte	0x7ca
 2265 10e1 30       		.uleb128 0x30
 2266 10e2 7100     		.ascii	"q\000"
 2267 10e4 0C       		.byte	0xc
 2268 10e5 0601     		.2byte	0x106
 2269 10e7 0A       		.byte	0xa
 2270 10e8 F6020000 		.4byte	0x2f6
 2271 10ec 30       		.uleb128 0x30
 2272 10ed 726F00   		.ascii	"ro\000"
 2273 10f0 0C       		.byte	0xc
 2274 10f1 0701     		.2byte	0x107
 2275 10f3 0B       		.byte	0xb
 2276 10f4 35030000 		.4byte	0x335
 2277 10f8 30       		.uleb128 0x30
 2278 10f9 706900   		.ascii	"pi\000"
 2279 10fc 0C       		.byte	0xc
 2280 10fd 0701     		.2byte	0x107
ARM GAS  /tmp/cc0z6zZn.s 			page 41


 2281 10ff 0F       		.byte	0xf
 2282 1100 35030000 		.4byte	0x335
 2283 1104 30       		.uleb128 0x30
 2284 1105 796100   		.ascii	"ya\000"
 2285 1108 0C       		.byte	0xc
 2286 1109 0701     		.2byte	0x107
 2287 110b 13       		.byte	0x13
 2288 110c 35030000 		.4byte	0x335
 2289 1110 00       		.byte	0
 2290 1111 31       		.uleb128 0x31
 2291 1112 540C0000 		.4byte	0xc54
 2292 1116 0C       		.byte	0xc
 2293 1117 FA       		.byte	0xfa
 2294 1118 07       		.byte	0x7
 2295 1119 21110000 		.4byte	0x1121
 2296 111d 61110000 		.4byte	0x1161
 2297 1121 2D       		.uleb128 0x2d
 2298 1122 3F060000 		.4byte	.LASF176
 2299 1126 960E0000 		.4byte	0xe96
 2300 112a 32       		.uleb128 0x32
 2301 112b 737400   		.ascii	"st\000"
 2302 112e 0C       		.byte	0xc
 2303 112f FC       		.byte	0xfc
 2304 1130 12       		.byte	0x12
 2305 1131 CA070000 		.4byte	0x7ca
 2306 1135 32       		.uleb128 0x32
 2307 1136 7100     		.ascii	"q\000"
 2308 1138 0C       		.byte	0xc
 2309 1139 FD       		.byte	0xfd
 2310 113a 0A       		.byte	0xa
 2311 113b F6020000 		.4byte	0x2f6
 2312 113f 32       		.uleb128 0x32
 2313 1140 726F00   		.ascii	"ro\000"
 2314 1143 0C       		.byte	0xc
 2315 1144 FE       		.byte	0xfe
 2316 1145 0B       		.byte	0xb
 2317 1146 35030000 		.4byte	0x335
 2318 114a 32       		.uleb128 0x32
 2319 114b 706900   		.ascii	"pi\000"
 2320 114e 0C       		.byte	0xc
 2321 114f FE       		.byte	0xfe
 2322 1150 0F       		.byte	0xf
 2323 1151 35030000 		.4byte	0x335
 2324 1155 32       		.uleb128 0x32
 2325 1156 796100   		.ascii	"ya\000"
 2326 1159 0C       		.byte	0xc
 2327 115a FE       		.byte	0xfe
 2328 115b 13       		.byte	0x13
 2329 115c 35030000 		.4byte	0x335
 2330 1160 00       		.byte	0
 2331 1161 31       		.uleb128 0x31
 2332 1162 340C0000 		.4byte	0xc34
 2333 1166 0C       		.byte	0xc
 2334 1167 D0       		.byte	0xd0
 2335 1168 06       		.byte	0x6
 2336 1169 71110000 		.4byte	0x1171
 2337 116d 93110000 		.4byte	0x1193
ARM GAS  /tmp/cc0z6zZn.s 			page 42


 2338 1171 2D       		.uleb128 0x2d
 2339 1172 3F060000 		.4byte	.LASF176
 2340 1176 960E0000 		.4byte	0xe96
 2341 117a 33       		.uleb128 0x33
 2342 117b 6F757400 		.ascii	"out\000"
 2343 117f 0C       		.byte	0xc
 2344 1180 D0       		.byte	0xd0
 2345 1181 24       		.byte	0x24
 2346 1182 9B0E0000 		.4byte	0xe9b
 2347 1186 32       		.uleb128 0x32
 2348 1187 656B6600 		.ascii	"ekf\000"
 2349 118b 0C       		.byte	0xc
 2350 118c D4       		.byte	0xd4
 2351 118d 12       		.byte	0x12
 2352 118e CA070000 		.4byte	0x7ca
 2353 1192 00       		.byte	0
 2354 1193 31       		.uleb128 0x31
 2355 1194 530E0000 		.4byte	0xe53
 2356 1198 0C       		.byte	0xc
 2357 1199 BB       		.byte	0xbb
 2358 119a 05       		.byte	0x5
 2359 119b A3110000 		.4byte	0x11a3
 2360 119f DF110000 		.4byte	0x11df
 2361 11a3 2D       		.uleb128 0x2d
 2362 11a4 3F060000 		.4byte	.LASF176
 2363 11a8 960E0000 		.4byte	0xe96
 2364 11ac 34       		.uleb128 0x34
 2365 11ad FF080000 		.4byte	.LASF177
 2366 11b1 0C       		.byte	0xc
 2367 11b2 BD       		.byte	0xbd
 2368 11b3 09       		.byte	0x9
 2369 11b4 5F020000 		.4byte	0x25f
 2370 11b8 34       		.uleb128 0x34
 2371 11b9 C3040000 		.4byte	.LASF178
 2372 11bd 0C       		.byte	0xc
 2373 11be BE       		.byte	0xbe
 2374 11bf 0B       		.byte	0xb
 2375 11c0 35030000 		.4byte	0x335
 2376 11c4 35       		.uleb128 0x35
 2377 11c5 32       		.uleb128 0x32
 2378 11c6 6900     		.ascii	"i\000"
 2379 11c8 0C       		.byte	0xc
 2380 11c9 C0       		.byte	0xc0
 2381 11ca 0E       		.byte	0xe
 2382 11cb 5F020000 		.4byte	0x25f
 2383 11cf 35       		.uleb128 0x35
 2384 11d0 34       		.uleb128 0x34
 2385 11d1 4E000000 		.4byte	.LASF179
 2386 11d5 0C       		.byte	0xc
 2387 11d6 C2       		.byte	0xc2
 2388 11d7 0F       		.byte	0xf
 2389 11d8 35030000 		.4byte	0x335
 2390 11dc 00       		.byte	0
 2391 11dd 00       		.byte	0
 2392 11de 00       		.byte	0
 2393 11df 31       		.uleb128 0x31
 2394 11e0 050C0000 		.4byte	0xc05
ARM GAS  /tmp/cc0z6zZn.s 			page 43


 2395 11e4 0C       		.byte	0xc
 2396 11e5 32       		.byte	0x32
 2397 11e6 06       		.byte	0x6
 2398 11e7 EF110000 		.4byte	0x11ef
 2399 11eb C6130000 		.4byte	0x13c6
 2400 11ef 2D       		.uleb128 0x2d
 2401 11f0 3F060000 		.4byte	.LASF176
 2402 11f4 790E0000 		.4byte	0xe79
 2403 11f8 33       		.uleb128 0x33
 2404 11f9 647400   		.ascii	"dt\000"
 2405 11fc 0C       		.byte	0xc
 2406 11fd 32       		.byte	0x32
 2407 11fe 21       		.byte	0x21
 2408 11ff 35030000 		.4byte	0x335
 2409 1203 33       		.uleb128 0x33
 2410 1204 696D7500 		.ascii	"imu\000"
 2411 1208 0C       		.byte	0xc
 2412 1209 32       		.byte	0x32
 2413 120a 32       		.byte	0x32
 2414 120b 7E0E0000 		.4byte	0xe7e
 2415 120f 36       		.uleb128 0x36
 2416 1210 4B080000 		.4byte	.LASF180
 2417 1214 0C       		.byte	0xc
 2418 1215 32       		.byte	0x32
 2419 1216 4B       		.byte	0x4b
 2420 1217 840E0000 		.4byte	0xe84
 2421 121b 36       		.uleb128 0x36
 2422 121c 44060000 		.4byte	.LASF181
 2423 1220 0C       		.byte	0xc
 2424 1221 32       		.byte	0x32
 2425 1222 64       		.byte	0x64
 2426 1223 8A0E0000 		.4byte	0xe8a
 2427 1227 32       		.uleb128 0x32
 2428 1228 7700     		.ascii	"w\000"
 2429 122a 0C       		.byte	0xc
 2430 122b 4E       		.byte	0x4e
 2431 122c 0B       		.byte	0xb
 2432 122d 360A0000 		.4byte	0xa36
 2433 1231 34       		.uleb128 0x34
 2434 1232 B2050000 		.4byte	.LASF182
 2435 1236 0C       		.byte	0xc
 2436 1237 4E       		.byte	0x4e
 2437 1238 1E       		.byte	0x1e
 2438 1239 35030000 		.4byte	0x335
 2439 123d 34       		.uleb128 0x34
 2440 123e 53080000 		.4byte	.LASF183
 2441 1242 0C       		.byte	0xc
 2442 1243 A7       		.byte	0xa7
 2443 1244 11       		.byte	0x11
 2444 1245 3C030000 		.4byte	0x33c
 2445 1249 34       		.uleb128 0x34
 2446 124a 68040000 		.4byte	.LASF184
 2447 124e 0C       		.byte	0xc
 2448 124f AD       		.byte	0xad
 2449 1250 11       		.byte	0x11
 2450 1251 3C030000 		.4byte	0x33c
 2451 1255 37       		.uleb128 0x37
ARM GAS  /tmp/cc0z6zZn.s 			page 44


 2452 1256 65120000 		.4byte	0x1265
 2453 125a 32       		.uleb128 0x32
 2454 125b 6900     		.ascii	"i\000"
 2455 125d 0C       		.byte	0xc
 2456 125e 37       		.byte	0x37
 2457 125f 0E       		.byte	0xe
 2458 1260 5F020000 		.4byte	0x25f
 2459 1264 00       		.byte	0
 2460 1265 37       		.uleb128 0x37
 2461 1266 75120000 		.4byte	0x1275
 2462 126a 32       		.uleb128 0x32
 2463 126b 6900     		.ascii	"i\000"
 2464 126d 0C       		.byte	0xc
 2465 126e 3D       		.byte	0x3d
 2466 126f 0E       		.byte	0xe
 2467 1270 5F020000 		.4byte	0x25f
 2468 1274 00       		.byte	0
 2469 1275 37       		.uleb128 0x37
 2470 1276 93120000 		.4byte	0x1293
 2471 127a 34       		.uleb128 0x34
 2472 127b 96020000 		.4byte	.LASF185
 2473 127f 0C       		.byte	0xc
 2474 1280 45       		.byte	0x45
 2475 1281 0E       		.byte	0xe
 2476 1282 F6020000 		.4byte	0x2f6
 2477 1286 35       		.uleb128 0x35
 2478 1287 32       		.uleb128 0x32
 2479 1288 6900     		.ascii	"i\000"
 2480 128a 0C       		.byte	0xc
 2481 128b 46       		.byte	0x46
 2482 128c 12       		.byte	0x12
 2483 128d 5F020000 		.4byte	0x25f
 2484 1291 00       		.byte	0
 2485 1292 00       		.byte	0
 2486 1293 37       		.uleb128 0x37
 2487 1294 A3120000 		.4byte	0x12a3
 2488 1298 32       		.uleb128 0x32
 2489 1299 6900     		.ascii	"i\000"
 2490 129b 0C       		.byte	0xc
 2491 129c 4F       		.byte	0x4f
 2492 129d 0E       		.byte	0xe
 2493 129e 5F020000 		.4byte	0x25f
 2494 12a2 00       		.byte	0
 2495 12a3 37       		.uleb128 0x37
 2496 12a4 B3120000 		.4byte	0x12b3
 2497 12a8 32       		.uleb128 0x32
 2498 12a9 6900     		.ascii	"i\000"
 2499 12ab 0C       		.byte	0xc
 2500 12ac 55       		.byte	0x55
 2501 12ad 12       		.byte	0x12
 2502 12ae 5F020000 		.4byte	0x25f
 2503 12b2 00       		.byte	0
 2504 12b3 37       		.uleb128 0x37
 2505 12b4 DD120000 		.4byte	0x12dd
 2506 12b8 32       		.uleb128 0x32
 2507 12b9 78797A00 		.ascii	"xyz\000"
 2508 12bd 0C       		.byte	0xc
ARM GAS  /tmp/cc0z6zZn.s 			page 45


 2509 12be 5C       		.byte	0x5c
 2510 12bf 15       		.byte	0x15
 2511 12c0 C6130000 		.4byte	0x13c6
 2512 12c4 32       		.uleb128 0x32
 2513 12c5 76656C00 		.ascii	"vel\000"
 2514 12c9 0C       		.byte	0xc
 2515 12ca 5D       		.byte	0x5d
 2516 12cb 15       		.byte	0x15
 2517 12cc C6130000 		.4byte	0x13c6
 2518 12d0 35       		.uleb128 0x35
 2519 12d1 32       		.uleb128 0x32
 2520 12d2 6900     		.ascii	"i\000"
 2521 12d4 0C       		.byte	0xc
 2522 12d5 5E       		.byte	0x5e
 2523 12d6 12       		.byte	0x12
 2524 12d7 5F020000 		.4byte	0x25f
 2525 12db 00       		.byte	0
 2526 12dc 00       		.byte	0
 2527 12dd 37       		.uleb128 0x37
 2528 12de 1B130000 		.4byte	0x131b
 2529 12e2 32       		.uleb128 0x32
 2530 12e3 6900     		.ascii	"i\000"
 2531 12e5 0C       		.byte	0xc
 2532 12e6 67       		.byte	0x67
 2533 12e7 0E       		.byte	0xe
 2534 12e8 5F020000 		.4byte	0x25f
 2535 12ec 35       		.uleb128 0x35
 2536 12ed 32       		.uleb128 0x32
 2537 12ee 737400   		.ascii	"st\000"
 2538 12f1 0C       		.byte	0xc
 2539 12f2 6C       		.byte	0x6c
 2540 12f3 16       		.byte	0x16
 2541 12f4 CA070000 		.4byte	0x7ca
 2542 12f8 32       		.uleb128 0x32
 2543 12f9 6C7000   		.ascii	"lp\000"
 2544 12fc 0C       		.byte	0xc
 2545 12fd 6D       		.byte	0x6d
 2546 12fe 15       		.byte	0x15
 2547 12ff 3C030000 		.4byte	0x33c
 2548 1303 32       		.uleb128 0x32
 2549 1304 6C7100   		.ascii	"lq\000"
 2550 1307 0C       		.byte	0xc
 2551 1308 6E       		.byte	0x6e
 2552 1309 15       		.byte	0x15
 2553 130a 3C030000 		.4byte	0x33c
 2554 130e 32       		.uleb128 0x32
 2555 130f 6C7200   		.ascii	"lr\000"
 2556 1312 0C       		.byte	0xc
 2557 1313 6F       		.byte	0x6f
 2558 1314 15       		.byte	0x15
 2559 1315 3C030000 		.4byte	0x33c
 2560 1319 00       		.byte	0
 2561 131a 00       		.byte	0
 2562 131b 37       		.uleb128 0x37
 2563 131c 68130000 		.4byte	0x1368
 2564 1320 34       		.uleb128 0x34
 2565 1321 16010000 		.4byte	.LASF186
ARM GAS  /tmp/cc0z6zZn.s 			page 46


 2566 1325 0C       		.byte	0xc
 2567 1326 7A       		.byte	0x7a
 2568 1327 0F       		.byte	0xf
 2569 1328 D6130000 		.4byte	0x13d6
 2570 132c 32       		.uleb128 0x32
 2571 132d 705F6200 		.ascii	"p_b\000"
 2572 1331 0C       		.byte	0xc
 2573 1332 81       		.byte	0x81
 2574 1333 15       		.byte	0x15
 2575 1334 3C030000 		.4byte	0x33c
 2576 1338 32       		.uleb128 0x32
 2577 1339 715F6200 		.ascii	"q_b\000"
 2578 133d 0C       		.byte	0xc
 2579 133e 82       		.byte	0x82
 2580 133f 15       		.byte	0x15
 2581 1340 3C030000 		.4byte	0x33c
 2582 1344 32       		.uleb128 0x32
 2583 1345 725F6200 		.ascii	"r_b\000"
 2584 1349 0C       		.byte	0xc
 2585 134a 83       		.byte	0x83
 2586 134b 15       		.byte	0x15
 2587 134c 3C030000 		.4byte	0x33c
 2588 1350 35       		.uleb128 0x35
 2589 1351 32       		.uleb128 0x32
 2590 1352 737400   		.ascii	"st\000"
 2591 1355 0C       		.byte	0xc
 2592 1356 7C       		.byte	0x7c
 2593 1357 1A       		.byte	0x1a
 2594 1358 CA070000 		.4byte	0x7ca
 2595 135c 32       		.uleb128 0x32
 2596 135d 7100     		.ascii	"q\000"
 2597 135f 0C       		.byte	0xc
 2598 1360 7D       		.byte	0x7d
 2599 1361 12       		.byte	0x12
 2600 1362 F6020000 		.4byte	0x2f6
 2601 1366 00       		.byte	0
 2602 1367 00       		.byte	0
 2603 1368 35       		.uleb128 0x35
 2604 1369 32       		.uleb128 0x32
 2605 136a 6900     		.ascii	"i\000"
 2606 136c 0C       		.byte	0xc
 2607 136d 8B       		.byte	0x8b
 2608 136e 0E       		.byte	0xe
 2609 136f 5F020000 		.4byte	0x25f
 2610 1373 35       		.uleb128 0x35
 2611 1374 32       		.uleb128 0x32
 2612 1375 737400   		.ascii	"st\000"
 2613 1378 0C       		.byte	0xc
 2614 1379 8D       		.byte	0x8d
 2615 137a 16       		.byte	0x16
 2616 137b CA070000 		.4byte	0x7ca
 2617 137f 32       		.uleb128 0x32
 2618 1380 7100     		.ascii	"q\000"
 2619 1382 0C       		.byte	0xc
 2620 1383 8F       		.byte	0x8f
 2621 1384 0E       		.byte	0xe
 2622 1385 F6020000 		.4byte	0x2f6
ARM GAS  /tmp/cc0z6zZn.s 			page 47


 2623 1389 32       		.uleb128 0x32
 2624 138a 5200     		.ascii	"R\000"
 2625 138c 0C       		.byte	0xc
 2626 138d 90       		.byte	0x90
 2627 138e 0F       		.byte	0xf
 2628 138f D6130000 		.4byte	0x13d6
 2629 1393 34       		.uleb128 0x34
 2630 1394 34000000 		.4byte	.LASF187
 2631 1398 0C       		.byte	0xc
 2632 1399 94       		.byte	0x94
 2633 139a 15       		.byte	0x15
 2634 139b C6130000 		.4byte	0x13c6
 2635 139f 34       		.uleb128 0x34
 2636 13a0 84070000 		.4byte	.LASF188
 2637 13a4 0C       		.byte	0xc
 2638 13a5 97       		.byte	0x97
 2639 13a6 15       		.byte	0x15
 2640 13a7 C6130000 		.4byte	0x13c6
 2641 13ab 34       		.uleb128 0x34
 2642 13ac 73010000 		.4byte	.LASF189
 2643 13b0 0C       		.byte	0xc
 2644 13b1 9C       		.byte	0x9c
 2645 13b2 15       		.byte	0x15
 2646 13b3 C6130000 		.4byte	0x13c6
 2647 13b7 32       		.uleb128 0x32
 2648 13b8 6F787600 		.ascii	"oxv\000"
 2649 13bc 0C       		.byte	0xc
 2650 13bd 9D       		.byte	0x9d
 2651 13be 0F       		.byte	0xf
 2652 13bf 360A0000 		.4byte	0xa36
 2653 13c3 00       		.byte	0
 2654 13c4 00       		.byte	0
 2655 13c5 00       		.byte	0
 2656 13c6 1E       		.uleb128 0x1e
 2657 13c7 3C030000 		.4byte	0x33c
 2658 13cb D6130000 		.4byte	0x13d6
 2659 13cf 1F       		.uleb128 0x1f
 2660 13d0 9B020000 		.4byte	0x29b
 2661 13d4 02       		.byte	0x2
 2662 13d5 00       		.byte	0
 2663 13d6 1E       		.uleb128 0x1e
 2664 13d7 35030000 		.4byte	0x335
 2665 13db EC130000 		.4byte	0x13ec
 2666 13df 1F       		.uleb128 0x1f
 2667 13e0 9B020000 		.4byte	0x29b
 2668 13e4 02       		.byte	0x2
 2669 13e5 1F       		.uleb128 0x1f
 2670 13e6 9B020000 		.4byte	0x29b
 2671 13ea 02       		.byte	0x2
 2672 13eb 00       		.byte	0
 2673 13ec 31       		.uleb128 0x31
 2674 13ed EA0B0000 		.4byte	0xbea
 2675 13f1 0C       		.byte	0xc
 2676 13f2 1C       		.byte	0x1c
 2677 13f3 06       		.byte	0x6
 2678 13f4 FC130000 		.4byte	0x13fc
 2679 13f8 22140000 		.4byte	0x1422
ARM GAS  /tmp/cc0z6zZn.s 			page 48


 2680 13fc 2D       		.uleb128 0x2d
 2681 13fd 3F060000 		.4byte	.LASF176
 2682 1401 790E0000 		.4byte	0xe79
 2683 1405 37       		.uleb128 0x37
 2684 1406 15140000 		.4byte	0x1415
 2685 140a 32       		.uleb128 0x32
 2686 140b 6900     		.ascii	"i\000"
 2687 140d 0C       		.byte	0xc
 2688 140e 1E       		.byte	0x1e
 2689 140f 0E       		.byte	0xe
 2690 1410 5F020000 		.4byte	0x25f
 2691 1414 00       		.byte	0
 2692 1415 35       		.uleb128 0x35
 2693 1416 32       		.uleb128 0x32
 2694 1417 6900     		.ascii	"i\000"
 2695 1419 0C       		.byte	0xc
 2696 141a 28       		.byte	0x28
 2697 141b 0E       		.byte	0xe
 2698 141c 5F020000 		.4byte	0x25f
 2699 1420 00       		.byte	0
 2700 1421 00       		.byte	0
 2701 1422 38       		.uleb128 0x38
 2702 1423 CB0B0000 		.4byte	0xbcb
 2703 1427 0C       		.byte	0xc
 2704 1428 12       		.byte	0x12
 2705 1429 01       		.byte	0x1
 2706 142a 33140000 		.4byte	0x1433
 2707 142e 00       		.byte	0
 2708 142f 3D140000 		.4byte	0x143d
 2709 1433 2D       		.uleb128 0x2d
 2710 1434 3F060000 		.4byte	.LASF176
 2711 1438 790E0000 		.4byte	0xe79
 2712 143c 00       		.byte	0
 2713 143d 39       		.uleb128 0x39
 2714 143e 22140000 		.4byte	0x1422
 2715 1442 B3030000 		.4byte	.LASF195
 2716 1446 4E140000 		.4byte	0x144e
 2717 144a 54140000 		.4byte	0x1454
 2718 144e 3A       		.uleb128 0x3a
 2719 144f 33140000 		.4byte	0x1433
 2720 1453 00       		.byte	0
 2721 1454 3B       		.uleb128 0x3b
 2722 1455 32050000 		.4byte	0x532
 2723 1459 61140000 		.4byte	0x1461
 2724 145d 6B140000 		.4byte	0x146b
 2725 1461 2D       		.uleb128 0x2d
 2726 1462 3F060000 		.4byte	.LASF176
 2727 1466 DC070000 		.4byte	0x7dc
 2728 146a 00       		.byte	0
 2729 146b 3B       		.uleb128 0x3b
 2730 146c 13050000 		.4byte	0x513
 2731 1470 78140000 		.4byte	0x1478
 2732 1474 82140000 		.4byte	0x1482
 2733 1478 2D       		.uleb128 0x2d
 2734 1479 3F060000 		.4byte	.LASF176
 2735 147d DC070000 		.4byte	0x7dc
 2736 1481 00       		.byte	0
ARM GAS  /tmp/cc0z6zZn.s 			page 49


 2737 1482 3C       		.uleb128 0x3c
 2738 1483 F4040000 		.4byte	0x4f4
 2739 1487 8B140000 		.4byte	0x148b
 2740 148b 2D       		.uleb128 0x2d
 2741 148c 3F060000 		.4byte	.LASF176
 2742 1490 DC070000 		.4byte	0x7dc
 2743 1494 00       		.byte	0
 2744 1495 00       		.byte	0
 2745              		.section	.gnu.debuglto_.debug_abbrev,"e",%progbits
 2746              	.Ldebug_abbrev0:
 2747 0000 01       		.uleb128 0x1
 2748 0001 11       		.uleb128 0x11
 2749 0002 01       		.byte	0x1
 2750 0003 25       		.uleb128 0x25
 2751 0004 0E       		.uleb128 0xe
 2752 0005 13       		.uleb128 0x13
 2753 0006 0B       		.uleb128 0xb
 2754 0007 03       		.uleb128 0x3
 2755 0008 0E       		.uleb128 0xe
 2756 0009 1B       		.uleb128 0x1b
 2757 000a 0E       		.uleb128 0xe
 2758 000b 10       		.uleb128 0x10
 2759 000c 17       		.uleb128 0x17
 2760 000d 00       		.byte	0
 2761 000e 00       		.byte	0
 2762 000f 02       		.uleb128 0x2
 2763 0010 39       		.uleb128 0x39
 2764 0011 01       		.byte	0x1
 2765 0012 03       		.uleb128 0x3
 2766 0013 08       		.uleb128 0x8
 2767 0014 3A       		.uleb128 0x3a
 2768 0015 0B       		.uleb128 0xb
 2769 0016 3B       		.uleb128 0x3b
 2770 0017 0B       		.uleb128 0xb
 2771 0018 01       		.uleb128 0x1
 2772 0019 13       		.uleb128 0x13
 2773 001a 00       		.byte	0
 2774 001b 00       		.byte	0
 2775 001c 03       		.uleb128 0x3
 2776 001d 39       		.uleb128 0x39
 2777 001e 00       		.byte	0
 2778 001f 03       		.uleb128 0x3
 2779 0020 0E       		.uleb128 0xe
 2780 0021 3A       		.uleb128 0x3a
 2781 0022 0B       		.uleb128 0xb
 2782 0023 3B       		.uleb128 0x3b
 2783 0024 05       		.uleb128 0x5
 2784 0025 39       		.uleb128 0x39
 2785 0026 0B       		.uleb128 0xb
 2786 0027 8901     		.uleb128 0x89
 2787 0029 19       		.uleb128 0x19
 2788 002a 00       		.byte	0
 2789 002b 00       		.byte	0
 2790 002c 04       		.uleb128 0x4
 2791 002d 3A       		.uleb128 0x3a
 2792 002e 00       		.byte	0
 2793 002f 3A       		.uleb128 0x3a
ARM GAS  /tmp/cc0z6zZn.s 			page 50


 2794 0030 0B       		.uleb128 0xb
 2795 0031 3B       		.uleb128 0x3b
 2796 0032 05       		.uleb128 0x5
 2797 0033 39       		.uleb128 0x39
 2798 0034 0B       		.uleb128 0xb
 2799 0035 18       		.uleb128 0x18
 2800 0036 13       		.uleb128 0x13
 2801 0037 00       		.byte	0
 2802 0038 00       		.byte	0
 2803 0039 05       		.uleb128 0x5
 2804 003a 08       		.uleb128 0x8
 2805 003b 00       		.byte	0
 2806 003c 3A       		.uleb128 0x3a
 2807 003d 0B       		.uleb128 0xb
 2808 003e 3B       		.uleb128 0x3b
 2809 003f 0B       		.uleb128 0xb
 2810 0040 39       		.uleb128 0x39
 2811 0041 0B       		.uleb128 0xb
 2812 0042 18       		.uleb128 0x18
 2813 0043 13       		.uleb128 0x13
 2814 0044 00       		.byte	0
 2815 0045 00       		.byte	0
 2816 0046 06       		.uleb128 0x6
 2817 0047 39       		.uleb128 0x39
 2818 0048 01       		.byte	0x1
 2819 0049 03       		.uleb128 0x3
 2820 004a 0E       		.uleb128 0xe
 2821 004b 3A       		.uleb128 0x3a
 2822 004c 0B       		.uleb128 0xb
 2823 004d 3B       		.uleb128 0x3b
 2824 004e 05       		.uleb128 0x5
 2825 004f 39       		.uleb128 0x39
 2826 0050 0B       		.uleb128 0xb
 2827 0051 01       		.uleb128 0x1
 2828 0052 13       		.uleb128 0x13
 2829 0053 00       		.byte	0
 2830 0054 00       		.byte	0
 2831 0055 07       		.uleb128 0x7
 2832 0056 16       		.uleb128 0x16
 2833 0057 00       		.byte	0
 2834 0058 03       		.uleb128 0x3
 2835 0059 0E       		.uleb128 0xe
 2836 005a 3A       		.uleb128 0x3a
 2837 005b 0B       		.uleb128 0xb
 2838 005c 3B       		.uleb128 0x3b
 2839 005d 0B       		.uleb128 0xb
 2840 005e 39       		.uleb128 0x39
 2841 005f 0B       		.uleb128 0xb
 2842 0060 49       		.uleb128 0x49
 2843 0061 13       		.uleb128 0x13
 2844 0062 00       		.byte	0
 2845 0063 00       		.byte	0
 2846 0064 08       		.uleb128 0x8
 2847 0065 24       		.uleb128 0x24
 2848 0066 00       		.byte	0
 2849 0067 0B       		.uleb128 0xb
 2850 0068 0B       		.uleb128 0xb
ARM GAS  /tmp/cc0z6zZn.s 			page 51


 2851 0069 3E       		.uleb128 0x3e
 2852 006a 0B       		.uleb128 0xb
 2853 006b 03       		.uleb128 0x3
 2854 006c 0E       		.uleb128 0xe
 2855 006d 00       		.byte	0
 2856 006e 00       		.byte	0
 2857 006f 09       		.uleb128 0x9
 2858 0070 24       		.uleb128 0x24
 2859 0071 00       		.byte	0
 2860 0072 0B       		.uleb128 0xb
 2861 0073 0B       		.uleb128 0xb
 2862 0074 3E       		.uleb128 0x3e
 2863 0075 0B       		.uleb128 0xb
 2864 0076 03       		.uleb128 0x3
 2865 0077 08       		.uleb128 0x8
 2866 0078 00       		.byte	0
 2867 0079 00       		.byte	0
 2868 007a 0A       		.uleb128 0xa
 2869 007b 26       		.uleb128 0x26
 2870 007c 00       		.byte	0
 2871 007d 49       		.uleb128 0x49
 2872 007e 13       		.uleb128 0x13
 2873 007f 00       		.byte	0
 2874 0080 00       		.byte	0
 2875 0081 0B       		.uleb128 0xb
 2876 0082 13       		.uleb128 0x13
 2877 0083 01       		.byte	0x1
 2878 0084 03       		.uleb128 0x3
 2879 0085 0E       		.uleb128 0xe
 2880 0086 0B       		.uleb128 0xb
 2881 0087 0B       		.uleb128 0xb
 2882 0088 3A       		.uleb128 0x3a
 2883 0089 0B       		.uleb128 0xb
 2884 008a 3B       		.uleb128 0x3b
 2885 008b 0B       		.uleb128 0xb
 2886 008c 39       		.uleb128 0x39
 2887 008d 0B       		.uleb128 0xb
 2888 008e 01       		.uleb128 0x1
 2889 008f 13       		.uleb128 0x13
 2890 0090 00       		.byte	0
 2891 0091 00       		.byte	0
 2892 0092 0C       		.uleb128 0xc
 2893 0093 0D       		.uleb128 0xd
 2894 0094 00       		.byte	0
 2895 0095 03       		.uleb128 0x3
 2896 0096 08       		.uleb128 0x8
 2897 0097 3A       		.uleb128 0x3a
 2898 0098 0B       		.uleb128 0xb
 2899 0099 3B       		.uleb128 0x3b
 2900 009a 0B       		.uleb128 0xb
 2901 009b 39       		.uleb128 0x39
 2902 009c 0B       		.uleb128 0xb
 2903 009d 49       		.uleb128 0x49
 2904 009e 13       		.uleb128 0x13
 2905 009f 38       		.uleb128 0x38
 2906 00a0 0B       		.uleb128 0xb
 2907 00a1 00       		.byte	0
ARM GAS  /tmp/cc0z6zZn.s 			page 52


 2908 00a2 00       		.byte	0
 2909 00a3 0D       		.uleb128 0xd
 2910 00a4 3B       		.uleb128 0x3b
 2911 00a5 00       		.byte	0
 2912 00a6 03       		.uleb128 0x3
 2913 00a7 0E       		.uleb128 0xe
 2914 00a8 00       		.byte	0
 2915 00a9 00       		.byte	0
 2916 00aa 0E       		.uleb128 0xe
 2917 00ab 0F       		.uleb128 0xf
 2918 00ac 00       		.byte	0
 2919 00ad 0B       		.uleb128 0xb
 2920 00ae 0B       		.uleb128 0xb
 2921 00af 49       		.uleb128 0x49
 2922 00b0 13       		.uleb128 0x13
 2923 00b1 00       		.byte	0
 2924 00b2 00       		.byte	0
 2925 00b3 0F       		.uleb128 0xf
 2926 00b4 2E       		.uleb128 0x2e
 2927 00b5 01       		.byte	0x1
 2928 00b6 3F       		.uleb128 0x3f
 2929 00b7 19       		.uleb128 0x19
 2930 00b8 03       		.uleb128 0x3
 2931 00b9 0E       		.uleb128 0xe
 2932 00ba 3A       		.uleb128 0x3a
 2933 00bb 0B       		.uleb128 0xb
 2934 00bc 3B       		.uleb128 0x3b
 2935 00bd 0B       		.uleb128 0xb
 2936 00be 39       		.uleb128 0x39
 2937 00bf 0B       		.uleb128 0xb
 2938 00c0 49       		.uleb128 0x49
 2939 00c1 13       		.uleb128 0x13
 2940 00c2 3C       		.uleb128 0x3c
 2941 00c3 19       		.uleb128 0x19
 2942 00c4 01       		.uleb128 0x1
 2943 00c5 13       		.uleb128 0x13
 2944 00c6 00       		.byte	0
 2945 00c7 00       		.byte	0
 2946 00c8 10       		.uleb128 0x10
 2947 00c9 05       		.uleb128 0x5
 2948 00ca 00       		.byte	0
 2949 00cb 49       		.uleb128 0x49
 2950 00cc 13       		.uleb128 0x13
 2951 00cd 00       		.byte	0
 2952 00ce 00       		.byte	0
 2953 00cf 11       		.uleb128 0x11
 2954 00d0 02       		.uleb128 0x2
 2955 00d1 01       		.byte	0x1
 2956 00d2 03       		.uleb128 0x3
 2957 00d3 08       		.uleb128 0x8
 2958 00d4 0B       		.uleb128 0xb
 2959 00d5 05       		.uleb128 0x5
 2960 00d6 3A       		.uleb128 0x3a
 2961 00d7 0B       		.uleb128 0xb
 2962 00d8 3B       		.uleb128 0x3b
 2963 00d9 0B       		.uleb128 0xb
 2964 00da 39       		.uleb128 0x39
ARM GAS  /tmp/cc0z6zZn.s 			page 53


 2965 00db 0B       		.uleb128 0xb
 2966 00dc 01       		.uleb128 0x1
 2967 00dd 13       		.uleb128 0x13
 2968 00de 00       		.byte	0
 2969 00df 00       		.byte	0
 2970 00e0 12       		.uleb128 0x12
 2971 00e1 0D       		.uleb128 0xd
 2972 00e2 00       		.byte	0
 2973 00e3 03       		.uleb128 0x3
 2974 00e4 08       		.uleb128 0x8
 2975 00e5 3A       		.uleb128 0x3a
 2976 00e6 0B       		.uleb128 0xb
 2977 00e7 3B       		.uleb128 0x3b
 2978 00e8 0B       		.uleb128 0xb
 2979 00e9 39       		.uleb128 0x39
 2980 00ea 0B       		.uleb128 0xb
 2981 00eb 49       		.uleb128 0x49
 2982 00ec 13       		.uleb128 0x13
 2983 00ed 3F       		.uleb128 0x3f
 2984 00ee 19       		.uleb128 0x19
 2985 00ef 32       		.uleb128 0x32
 2986 00f0 0B       		.uleb128 0xb
 2987 00f1 3C       		.uleb128 0x3c
 2988 00f2 19       		.uleb128 0x19
 2989 00f3 1C       		.uleb128 0x1c
 2990 00f4 0B       		.uleb128 0xb
 2991 00f5 6C       		.uleb128 0x6c
 2992 00f6 19       		.uleb128 0x19
 2993 00f7 00       		.byte	0
 2994 00f8 00       		.byte	0
 2995 00f9 13       		.uleb128 0x13
 2996 00fa 2E       		.uleb128 0x2e
 2997 00fb 01       		.byte	0x1
 2998 00fc 3F       		.uleb128 0x3f
 2999 00fd 19       		.uleb128 0x19
 3000 00fe 03       		.uleb128 0x3
 3001 00ff 08       		.uleb128 0x8
 3002 0100 3A       		.uleb128 0x3a
 3003 0101 0B       		.uleb128 0xb
 3004 0102 3B       		.uleb128 0x3b
 3005 0103 0B       		.uleb128 0xb
 3006 0104 39       		.uleb128 0x39
 3007 0105 0B       		.uleb128 0xb
 3008 0106 6E       		.uleb128 0x6e
 3009 0107 0E       		.uleb128 0xe
 3010 0108 49       		.uleb128 0x49
 3011 0109 13       		.uleb128 0x13
 3012 010a 32       		.uleb128 0x32
 3013 010b 0B       		.uleb128 0xb
 3014 010c 3C       		.uleb128 0x3c
 3015 010d 19       		.uleb128 0x19
 3016 010e 64       		.uleb128 0x64
 3017 010f 13       		.uleb128 0x13
 3018 0110 01       		.uleb128 0x1
 3019 0111 13       		.uleb128 0x13
 3020 0112 00       		.byte	0
 3021 0113 00       		.byte	0
ARM GAS  /tmp/cc0z6zZn.s 			page 54


 3022 0114 14       		.uleb128 0x14
 3023 0115 05       		.uleb128 0x5
 3024 0116 00       		.byte	0
 3025 0117 49       		.uleb128 0x49
 3026 0118 13       		.uleb128 0x13
 3027 0119 34       		.uleb128 0x34
 3028 011a 19       		.uleb128 0x19
 3029 011b 00       		.byte	0
 3030 011c 00       		.byte	0
 3031 011d 15       		.uleb128 0x15
 3032 011e 2E       		.uleb128 0x2e
 3033 011f 01       		.byte	0x1
 3034 0120 3F       		.uleb128 0x3f
 3035 0121 19       		.uleb128 0x19
 3036 0122 03       		.uleb128 0x3
 3037 0123 0E       		.uleb128 0xe
 3038 0124 3A       		.uleb128 0x3a
 3039 0125 0B       		.uleb128 0xb
 3040 0126 3B       		.uleb128 0x3b
 3041 0127 0B       		.uleb128 0xb
 3042 0128 39       		.uleb128 0x39
 3043 0129 0B       		.uleb128 0xb
 3044 012a 6E       		.uleb128 0x6e
 3045 012b 0E       		.uleb128 0xe
 3046 012c 32       		.uleb128 0x32
 3047 012d 0B       		.uleb128 0xb
 3048 012e 3C       		.uleb128 0x3c
 3049 012f 19       		.uleb128 0x19
 3050 0130 64       		.uleb128 0x64
 3051 0131 13       		.uleb128 0x13
 3052 0132 01       		.uleb128 0x1
 3053 0133 13       		.uleb128 0x13
 3054 0134 00       		.byte	0
 3055 0135 00       		.byte	0
 3056 0136 16       		.uleb128 0x16
 3057 0137 2E       		.uleb128 0x2e
 3058 0138 01       		.byte	0x1
 3059 0139 3F       		.uleb128 0x3f
 3060 013a 19       		.uleb128 0x19
 3061 013b 03       		.uleb128 0x3
 3062 013c 0E       		.uleb128 0xe
 3063 013d 3A       		.uleb128 0x3a
 3064 013e 0B       		.uleb128 0xb
 3065 013f 3B       		.uleb128 0x3b
 3066 0140 0B       		.uleb128 0xb
 3067 0141 39       		.uleb128 0x39
 3068 0142 0B       		.uleb128 0xb
 3069 0143 6E       		.uleb128 0x6e
 3070 0144 0E       		.uleb128 0xe
 3071 0145 49       		.uleb128 0x49
 3072 0146 13       		.uleb128 0x13
 3073 0147 32       		.uleb128 0x32
 3074 0148 0B       		.uleb128 0xb
 3075 0149 3C       		.uleb128 0x3c
 3076 014a 19       		.uleb128 0x19
 3077 014b 64       		.uleb128 0x64
 3078 014c 13       		.uleb128 0x13
ARM GAS  /tmp/cc0z6zZn.s 			page 55


 3079 014d 01       		.uleb128 0x1
 3080 014e 13       		.uleb128 0x13
 3081 014f 00       		.byte	0
 3082 0150 00       		.byte	0
 3083 0151 17       		.uleb128 0x17
 3084 0152 0D       		.uleb128 0xd
 3085 0153 00       		.byte	0
 3086 0154 03       		.uleb128 0x3
 3087 0155 0E       		.uleb128 0xe
 3088 0156 3A       		.uleb128 0x3a
 3089 0157 0B       		.uleb128 0xb
 3090 0158 3B       		.uleb128 0x3b
 3091 0159 0B       		.uleb128 0xb
 3092 015a 39       		.uleb128 0x39
 3093 015b 0B       		.uleb128 0xb
 3094 015c 49       		.uleb128 0x49
 3095 015d 13       		.uleb128 0x13
 3096 015e 3F       		.uleb128 0x3f
 3097 015f 19       		.uleb128 0x19
 3098 0160 3C       		.uleb128 0x3c
 3099 0161 19       		.uleb128 0x19
 3100 0162 1C       		.uleb128 0x1c
 3101 0163 0A       		.uleb128 0xa
 3102 0164 6C       		.uleb128 0x6c
 3103 0165 19       		.uleb128 0x19
 3104 0166 00       		.byte	0
 3105 0167 00       		.byte	0
 3106 0168 18       		.uleb128 0x18
 3107 0169 0D       		.uleb128 0xd
 3108 016a 00       		.byte	0
 3109 016b 03       		.uleb128 0x3
 3110 016c 0E       		.uleb128 0xe
 3111 016d 3A       		.uleb128 0x3a
 3112 016e 0B       		.uleb128 0xb
 3113 016f 3B       		.uleb128 0x3b
 3114 0170 0B       		.uleb128 0xb
 3115 0171 39       		.uleb128 0x39
 3116 0172 0B       		.uleb128 0xb
 3117 0173 49       		.uleb128 0x49
 3118 0174 13       		.uleb128 0x13
 3119 0175 38       		.uleb128 0x38
 3120 0176 0B       		.uleb128 0xb
 3121 0177 00       		.byte	0
 3122 0178 00       		.byte	0
 3123 0179 19       		.uleb128 0x19
 3124 017a 0D       		.uleb128 0xd
 3125 017b 00       		.byte	0
 3126 017c 03       		.uleb128 0x3
 3127 017d 08       		.uleb128 0x8
 3128 017e 3A       		.uleb128 0x3a
 3129 017f 0B       		.uleb128 0xb
 3130 0180 3B       		.uleb128 0x3b
 3131 0181 0B       		.uleb128 0xb
 3132 0182 39       		.uleb128 0x39
 3133 0183 0B       		.uleb128 0xb
 3134 0184 49       		.uleb128 0x49
 3135 0185 13       		.uleb128 0x13
ARM GAS  /tmp/cc0z6zZn.s 			page 56


 3136 0186 38       		.uleb128 0x38
 3137 0187 05       		.uleb128 0x5
 3138 0188 00       		.byte	0
 3139 0189 00       		.byte	0
 3140 018a 1A       		.uleb128 0x1a
 3141 018b 2E       		.uleb128 0x2e
 3142 018c 01       		.byte	0x1
 3143 018d 3F       		.uleb128 0x3f
 3144 018e 19       		.uleb128 0x19
 3145 018f 03       		.uleb128 0x3
 3146 0190 0E       		.uleb128 0xe
 3147 0191 3A       		.uleb128 0x3a
 3148 0192 0B       		.uleb128 0xb
 3149 0193 3B       		.uleb128 0x3b
 3150 0194 0B       		.uleb128 0xb
 3151 0195 39       		.uleb128 0x39
 3152 0196 0B       		.uleb128 0xb
 3153 0197 6E       		.uleb128 0x6e
 3154 0198 0E       		.uleb128 0xe
 3155 0199 3C       		.uleb128 0x3c
 3156 019a 19       		.uleb128 0x19
 3157 019b 64       		.uleb128 0x64
 3158 019c 13       		.uleb128 0x13
 3159 019d 01       		.uleb128 0x1
 3160 019e 13       		.uleb128 0x13
 3161 019f 00       		.byte	0
 3162 01a0 00       		.byte	0
 3163 01a1 1B       		.uleb128 0x1b
 3164 01a2 2E       		.uleb128 0x2e
 3165 01a3 01       		.byte	0x1
 3166 01a4 3F       		.uleb128 0x3f
 3167 01a5 19       		.uleb128 0x19
 3168 01a6 03       		.uleb128 0x3
 3169 01a7 0E       		.uleb128 0xe
 3170 01a8 3A       		.uleb128 0x3a
 3171 01a9 0B       		.uleb128 0xb
 3172 01aa 3B       		.uleb128 0x3b
 3173 01ab 0B       		.uleb128 0xb
 3174 01ac 39       		.uleb128 0x39
 3175 01ad 0B       		.uleb128 0xb
 3176 01ae 6E       		.uleb128 0x6e
 3177 01af 0E       		.uleb128 0xe
 3178 01b0 49       		.uleb128 0x49
 3179 01b1 13       		.uleb128 0x13
 3180 01b2 3C       		.uleb128 0x3c
 3181 01b3 19       		.uleb128 0x19
 3182 01b4 64       		.uleb128 0x64
 3183 01b5 13       		.uleb128 0x13
 3184 01b6 01       		.uleb128 0x1
 3185 01b7 13       		.uleb128 0x13
 3186 01b8 00       		.byte	0
 3187 01b9 00       		.byte	0
 3188 01ba 1C       		.uleb128 0x1c
 3189 01bb 2E       		.uleb128 0x2e
 3190 01bc 01       		.byte	0x1
 3191 01bd 3F       		.uleb128 0x3f
 3192 01be 19       		.uleb128 0x19
ARM GAS  /tmp/cc0z6zZn.s 			page 57


 3193 01bf 03       		.uleb128 0x3
 3194 01c0 0E       		.uleb128 0xe
 3195 01c1 3A       		.uleb128 0x3a
 3196 01c2 0B       		.uleb128 0xb
 3197 01c3 3B       		.uleb128 0x3b
 3198 01c4 0B       		.uleb128 0xb
 3199 01c5 39       		.uleb128 0x39
 3200 01c6 0B       		.uleb128 0xb
 3201 01c7 6E       		.uleb128 0x6e
 3202 01c8 0E       		.uleb128 0xe
 3203 01c9 3C       		.uleb128 0x3c
 3204 01ca 19       		.uleb128 0x19
 3205 01cb 64       		.uleb128 0x64
 3206 01cc 13       		.uleb128 0x13
 3207 01cd 00       		.byte	0
 3208 01ce 00       		.byte	0
 3209 01cf 1D       		.uleb128 0x1d
 3210 01d0 10       		.uleb128 0x10
 3211 01d1 00       		.byte	0
 3212 01d2 0B       		.uleb128 0xb
 3213 01d3 0B       		.uleb128 0xb
 3214 01d4 49       		.uleb128 0x49
 3215 01d5 13       		.uleb128 0x13
 3216 01d6 00       		.byte	0
 3217 01d7 00       		.byte	0
 3218 01d8 1E       		.uleb128 0x1e
 3219 01d9 01       		.uleb128 0x1
 3220 01da 01       		.byte	0x1
 3221 01db 49       		.uleb128 0x49
 3222 01dc 13       		.uleb128 0x13
 3223 01dd 01       		.uleb128 0x1
 3224 01de 13       		.uleb128 0x13
 3225 01df 00       		.byte	0
 3226 01e0 00       		.byte	0
 3227 01e1 1F       		.uleb128 0x1f
 3228 01e2 21       		.uleb128 0x21
 3229 01e3 00       		.byte	0
 3230 01e4 49       		.uleb128 0x49
 3231 01e5 13       		.uleb128 0x13
 3232 01e6 2F       		.uleb128 0x2f
 3233 01e7 0B       		.uleb128 0xb
 3234 01e8 00       		.byte	0
 3235 01e9 00       		.byte	0
 3236 01ea 20       		.uleb128 0x20
 3237 01eb 39       		.uleb128 0x39
 3238 01ec 01       		.byte	0x1
 3239 01ed 03       		.uleb128 0x3
 3240 01ee 0E       		.uleb128 0xe
 3241 01ef 3A       		.uleb128 0x3a
 3242 01f0 0B       		.uleb128 0xb
 3243 01f1 3B       		.uleb128 0x3b
 3244 01f2 0B       		.uleb128 0xb
 3245 01f3 39       		.uleb128 0x39
 3246 01f4 0B       		.uleb128 0xb
 3247 01f5 01       		.uleb128 0x1
 3248 01f6 13       		.uleb128 0x13
 3249 01f7 00       		.byte	0
ARM GAS  /tmp/cc0z6zZn.s 			page 58


 3250 01f8 00       		.byte	0
 3251 01f9 21       		.uleb128 0x21
 3252 01fa 34       		.uleb128 0x34
 3253 01fb 00       		.byte	0
 3254 01fc 03       		.uleb128 0x3
 3255 01fd 08       		.uleb128 0x8
 3256 01fe 3A       		.uleb128 0x3a
 3257 01ff 0B       		.uleb128 0xb
 3258 0200 3B       		.uleb128 0x3b
 3259 0201 0B       		.uleb128 0xb
 3260 0202 39       		.uleb128 0x39
 3261 0203 0B       		.uleb128 0xb
 3262 0204 49       		.uleb128 0x49
 3263 0205 13       		.uleb128 0x13
 3264 0206 3C       		.uleb128 0x3c
 3265 0207 19       		.uleb128 0x19
 3266 0208 1C       		.uleb128 0x1c
 3267 0209 0B       		.uleb128 0xb
 3268 020a 6C       		.uleb128 0x6c
 3269 020b 19       		.uleb128 0x19
 3270 020c 00       		.byte	0
 3271 020d 00       		.byte	0
 3272 020e 22       		.uleb128 0x22
 3273 020f 34       		.uleb128 0x34
 3274 0210 00       		.byte	0
 3275 0211 03       		.uleb128 0x3
 3276 0212 0E       		.uleb128 0xe
 3277 0213 3A       		.uleb128 0x3a
 3278 0214 0B       		.uleb128 0xb
 3279 0215 3B       		.uleb128 0x3b
 3280 0216 0B       		.uleb128 0xb
 3281 0217 39       		.uleb128 0x39
 3282 0218 0B       		.uleb128 0xb
 3283 0219 49       		.uleb128 0x49
 3284 021a 13       		.uleb128 0x13
 3285 021b 3C       		.uleb128 0x3c
 3286 021c 19       		.uleb128 0x19
 3287 021d 1C       		.uleb128 0x1c
 3288 021e 0B       		.uleb128 0xb
 3289 021f 6C       		.uleb128 0x6c
 3290 0220 19       		.uleb128 0x19
 3291 0221 00       		.byte	0
 3292 0222 00       		.byte	0
 3293 0223 23       		.uleb128 0x23
 3294 0224 34       		.uleb128 0x34
 3295 0225 00       		.byte	0
 3296 0226 47       		.uleb128 0x47
 3297 0227 13       		.uleb128 0x13
 3298 0228 00       		.byte	0
 3299 0229 00       		.byte	0
 3300 022a 24       		.uleb128 0x24
 3301 022b 02       		.uleb128 0x2
 3302 022c 01       		.byte	0x1
 3303 022d 03       		.uleb128 0x3
 3304 022e 0E       		.uleb128 0xe
 3305 022f 0B       		.uleb128 0xb
 3306 0230 05       		.uleb128 0x5
ARM GAS  /tmp/cc0z6zZn.s 			page 59


 3307 0231 3A       		.uleb128 0x3a
 3308 0232 0B       		.uleb128 0xb
 3309 0233 3B       		.uleb128 0x3b
 3310 0234 0B       		.uleb128 0xb
 3311 0235 39       		.uleb128 0x39
 3312 0236 0B       		.uleb128 0xb
 3313 0237 01       		.uleb128 0x1
 3314 0238 13       		.uleb128 0x13
 3315 0239 00       		.byte	0
 3316 023a 00       		.byte	0
 3317 023b 25       		.uleb128 0x25
 3318 023c 0D       		.uleb128 0xd
 3319 023d 00       		.byte	0
 3320 023e 03       		.uleb128 0x3
 3321 023f 0E       		.uleb128 0xe
 3322 0240 3A       		.uleb128 0x3a
 3323 0241 0B       		.uleb128 0xb
 3324 0242 3B       		.uleb128 0x3b
 3325 0243 0B       		.uleb128 0xb
 3326 0244 39       		.uleb128 0x39
 3327 0245 0B       		.uleb128 0xb
 3328 0246 49       		.uleb128 0x49
 3329 0247 13       		.uleb128 0x13
 3330 0248 3F       		.uleb128 0x3f
 3331 0249 19       		.uleb128 0x19
 3332 024a 32       		.uleb128 0x32
 3333 024b 0B       		.uleb128 0xb
 3334 024c 3C       		.uleb128 0x3c
 3335 024d 19       		.uleb128 0x19
 3336 024e 1C       		.uleb128 0x1c
 3337 024f 0B       		.uleb128 0xb
 3338 0250 6C       		.uleb128 0x6c
 3339 0251 19       		.uleb128 0x19
 3340 0252 00       		.byte	0
 3341 0253 00       		.byte	0
 3342 0254 26       		.uleb128 0x26
 3343 0255 0D       		.uleb128 0xd
 3344 0256 00       		.byte	0
 3345 0257 03       		.uleb128 0x3
 3346 0258 0E       		.uleb128 0xe
 3347 0259 3A       		.uleb128 0x3a
 3348 025a 0B       		.uleb128 0xb
 3349 025b 3B       		.uleb128 0x3b
 3350 025c 0B       		.uleb128 0xb
 3351 025d 39       		.uleb128 0x39
 3352 025e 0B       		.uleb128 0xb
 3353 025f 49       		.uleb128 0x49
 3354 0260 13       		.uleb128 0x13
 3355 0261 3F       		.uleb128 0x3f
 3356 0262 19       		.uleb128 0x19
 3357 0263 32       		.uleb128 0x32
 3358 0264 0B       		.uleb128 0xb
 3359 0265 3C       		.uleb128 0x3c
 3360 0266 19       		.uleb128 0x19
 3361 0267 1C       		.uleb128 0x1c
 3362 0268 0A       		.uleb128 0xa
 3363 0269 6C       		.uleb128 0x6c
ARM GAS  /tmp/cc0z6zZn.s 			page 60


 3364 026a 19       		.uleb128 0x19
 3365 026b 00       		.byte	0
 3366 026c 00       		.byte	0
 3367 026d 27       		.uleb128 0x27
 3368 026e 0D       		.uleb128 0xd
 3369 026f 00       		.byte	0
 3370 0270 03       		.uleb128 0x3
 3371 0271 0E       		.uleb128 0xe
 3372 0272 3A       		.uleb128 0x3a
 3373 0273 0B       		.uleb128 0xb
 3374 0274 3B       		.uleb128 0x3b
 3375 0275 0B       		.uleb128 0xb
 3376 0276 39       		.uleb128 0x39
 3377 0277 0B       		.uleb128 0xb
 3378 0278 49       		.uleb128 0x49
 3379 0279 13       		.uleb128 0x13
 3380 027a 38       		.uleb128 0x38
 3381 027b 05       		.uleb128 0x5
 3382 027c 00       		.byte	0
 3383 027d 00       		.byte	0
 3384 027e 28       		.uleb128 0x28
 3385 027f 2E       		.uleb128 0x2e
 3386 0280 01       		.byte	0x1
 3387 0281 3F       		.uleb128 0x3f
 3388 0282 19       		.uleb128 0x19
 3389 0283 03       		.uleb128 0x3
 3390 0284 0E       		.uleb128 0xe
 3391 0285 3A       		.uleb128 0x3a
 3392 0286 0B       		.uleb128 0xb
 3393 0287 3B       		.uleb128 0x3b
 3394 0288 0B       		.uleb128 0xb
 3395 0289 39       		.uleb128 0x39
 3396 028a 0B       		.uleb128 0xb
 3397 028b 6E       		.uleb128 0x6e
 3398 028c 0E       		.uleb128 0xe
 3399 028d 49       		.uleb128 0x49
 3400 028e 13       		.uleb128 0x13
 3401 028f 3C       		.uleb128 0x3c
 3402 0290 19       		.uleb128 0x19
 3403 0291 64       		.uleb128 0x64
 3404 0292 13       		.uleb128 0x13
 3405 0293 00       		.byte	0
 3406 0294 00       		.byte	0
 3407 0295 29       		.uleb128 0x29
 3408 0296 34       		.uleb128 0x34
 3409 0297 00       		.byte	0
 3410 0298 03       		.uleb128 0x3
 3411 0299 0E       		.uleb128 0xe
 3412 029a 3A       		.uleb128 0x3a
 3413 029b 0B       		.uleb128 0xb
 3414 029c 3B       		.uleb128 0x3b
 3415 029d 0B       		.uleb128 0xb
 3416 029e 39       		.uleb128 0x39
 3417 029f 0B       		.uleb128 0xb
 3418 02a0 49       		.uleb128 0x49
 3419 02a1 13       		.uleb128 0x13
 3420 02a2 6C       		.uleb128 0x6c
ARM GAS  /tmp/cc0z6zZn.s 			page 61


 3421 02a3 19       		.uleb128 0x19
 3422 02a4 1C       		.uleb128 0x1c
 3423 02a5 0A       		.uleb128 0xa
 3424 02a6 00       		.byte	0
 3425 02a7 00       		.byte	0
 3426 02a8 2A       		.uleb128 0x2a
 3427 02a9 34       		.uleb128 0x34
 3428 02aa 00       		.byte	0
 3429 02ab 03       		.uleb128 0x3
 3430 02ac 08       		.uleb128 0x8
 3431 02ad 3A       		.uleb128 0x3a
 3432 02ae 0B       		.uleb128 0xb
 3433 02af 3B       		.uleb128 0x3b
 3434 02b0 0B       		.uleb128 0xb
 3435 02b1 39       		.uleb128 0x39
 3436 02b2 0B       		.uleb128 0xb
 3437 02b3 49       		.uleb128 0x49
 3438 02b4 13       		.uleb128 0x13
 3439 02b5 6C       		.uleb128 0x6c
 3440 02b6 19       		.uleb128 0x19
 3441 02b7 1C       		.uleb128 0x1c
 3442 02b8 0B       		.uleb128 0xb
 3443 02b9 00       		.byte	0
 3444 02ba 00       		.byte	0
 3445 02bb 2B       		.uleb128 0x2b
 3446 02bc 34       		.uleb128 0x34
 3447 02bd 00       		.byte	0
 3448 02be 03       		.uleb128 0x3
 3449 02bf 0E       		.uleb128 0xe
 3450 02c0 3A       		.uleb128 0x3a
 3451 02c1 0B       		.uleb128 0xb
 3452 02c2 3B       		.uleb128 0x3b
 3453 02c3 0B       		.uleb128 0xb
 3454 02c4 39       		.uleb128 0x39
 3455 02c5 0B       		.uleb128 0xb
 3456 02c6 49       		.uleb128 0x49
 3457 02c7 13       		.uleb128 0x13
 3458 02c8 6C       		.uleb128 0x6c
 3459 02c9 19       		.uleb128 0x19
 3460 02ca 1C       		.uleb128 0x1c
 3461 02cb 0B       		.uleb128 0xb
 3462 02cc 00       		.byte	0
 3463 02cd 00       		.byte	0
 3464 02ce 2C       		.uleb128 0x2c
 3465 02cf 2E       		.uleb128 0x2e
 3466 02d0 01       		.byte	0x1
 3467 02d1 47       		.uleb128 0x47
 3468 02d2 13       		.uleb128 0x13
 3469 02d3 3A       		.uleb128 0x3a
 3470 02d4 0B       		.uleb128 0xb
 3471 02d5 3B       		.uleb128 0x3b
 3472 02d6 05       		.uleb128 0x5
 3473 02d7 39       		.uleb128 0x39
 3474 02d8 0B       		.uleb128 0xb
 3475 02d9 64       		.uleb128 0x64
 3476 02da 13       		.uleb128 0x13
 3477 02db 01       		.uleb128 0x1
ARM GAS  /tmp/cc0z6zZn.s 			page 62


 3478 02dc 13       		.uleb128 0x13
 3479 02dd 00       		.byte	0
 3480 02de 00       		.byte	0
 3481 02df 2D       		.uleb128 0x2d
 3482 02e0 05       		.uleb128 0x5
 3483 02e1 00       		.byte	0
 3484 02e2 03       		.uleb128 0x3
 3485 02e3 0E       		.uleb128 0xe
 3486 02e4 49       		.uleb128 0x49
 3487 02e5 13       		.uleb128 0x13
 3488 02e6 34       		.uleb128 0x34
 3489 02e7 19       		.uleb128 0x19
 3490 02e8 00       		.byte	0
 3491 02e9 00       		.byte	0
 3492 02ea 2E       		.uleb128 0x2e
 3493 02eb 05       		.uleb128 0x5
 3494 02ec 00       		.byte	0
 3495 02ed 03       		.uleb128 0x3
 3496 02ee 0E       		.uleb128 0xe
 3497 02ef 3A       		.uleb128 0x3a
 3498 02f0 0B       		.uleb128 0xb
 3499 02f1 3B       		.uleb128 0x3b
 3500 02f2 05       		.uleb128 0x5
 3501 02f3 39       		.uleb128 0x39
 3502 02f4 0B       		.uleb128 0xb
 3503 02f5 49       		.uleb128 0x49
 3504 02f6 13       		.uleb128 0x13
 3505 02f7 00       		.byte	0
 3506 02f8 00       		.byte	0
 3507 02f9 2F       		.uleb128 0x2f
 3508 02fa 05       		.uleb128 0x5
 3509 02fb 00       		.byte	0
 3510 02fc 03       		.uleb128 0x3
 3511 02fd 08       		.uleb128 0x8
 3512 02fe 3A       		.uleb128 0x3a
 3513 02ff 0B       		.uleb128 0xb
 3514 0300 3B       		.uleb128 0x3b
 3515 0301 05       		.uleb128 0x5
 3516 0302 39       		.uleb128 0x39
 3517 0303 0B       		.uleb128 0xb
 3518 0304 49       		.uleb128 0x49
 3519 0305 13       		.uleb128 0x13
 3520 0306 00       		.byte	0
 3521 0307 00       		.byte	0
 3522 0308 30       		.uleb128 0x30
 3523 0309 34       		.uleb128 0x34
 3524 030a 00       		.byte	0
 3525 030b 03       		.uleb128 0x3
 3526 030c 08       		.uleb128 0x8
 3527 030d 3A       		.uleb128 0x3a
 3528 030e 0B       		.uleb128 0xb
 3529 030f 3B       		.uleb128 0x3b
 3530 0310 05       		.uleb128 0x5
 3531 0311 39       		.uleb128 0x39
 3532 0312 0B       		.uleb128 0xb
 3533 0313 49       		.uleb128 0x49
 3534 0314 13       		.uleb128 0x13
ARM GAS  /tmp/cc0z6zZn.s 			page 63


 3535 0315 00       		.byte	0
 3536 0316 00       		.byte	0
 3537 0317 31       		.uleb128 0x31
 3538 0318 2E       		.uleb128 0x2e
 3539 0319 01       		.byte	0x1
 3540 031a 47       		.uleb128 0x47
 3541 031b 13       		.uleb128 0x13
 3542 031c 3A       		.uleb128 0x3a
 3543 031d 0B       		.uleb128 0xb
 3544 031e 3B       		.uleb128 0x3b
 3545 031f 0B       		.uleb128 0xb
 3546 0320 39       		.uleb128 0x39
 3547 0321 0B       		.uleb128 0xb
 3548 0322 64       		.uleb128 0x64
 3549 0323 13       		.uleb128 0x13
 3550 0324 01       		.uleb128 0x1
 3551 0325 13       		.uleb128 0x13
 3552 0326 00       		.byte	0
 3553 0327 00       		.byte	0
 3554 0328 32       		.uleb128 0x32
 3555 0329 34       		.uleb128 0x34
 3556 032a 00       		.byte	0
 3557 032b 03       		.uleb128 0x3
 3558 032c 08       		.uleb128 0x8
 3559 032d 3A       		.uleb128 0x3a
 3560 032e 0B       		.uleb128 0xb
 3561 032f 3B       		.uleb128 0x3b
 3562 0330 0B       		.uleb128 0xb
 3563 0331 39       		.uleb128 0x39
 3564 0332 0B       		.uleb128 0xb
 3565 0333 49       		.uleb128 0x49
 3566 0334 13       		.uleb128 0x13
 3567 0335 00       		.byte	0
 3568 0336 00       		.byte	0
 3569 0337 33       		.uleb128 0x33
 3570 0338 05       		.uleb128 0x5
 3571 0339 00       		.byte	0
 3572 033a 03       		.uleb128 0x3
 3573 033b 08       		.uleb128 0x8
 3574 033c 3A       		.uleb128 0x3a
 3575 033d 0B       		.uleb128 0xb
 3576 033e 3B       		.uleb128 0x3b
 3577 033f 0B       		.uleb128 0xb
 3578 0340 39       		.uleb128 0x39
 3579 0341 0B       		.uleb128 0xb
 3580 0342 49       		.uleb128 0x49
 3581 0343 13       		.uleb128 0x13
 3582 0344 00       		.byte	0
 3583 0345 00       		.byte	0
 3584 0346 34       		.uleb128 0x34
 3585 0347 34       		.uleb128 0x34
 3586 0348 00       		.byte	0
 3587 0349 03       		.uleb128 0x3
 3588 034a 0E       		.uleb128 0xe
 3589 034b 3A       		.uleb128 0x3a
 3590 034c 0B       		.uleb128 0xb
 3591 034d 3B       		.uleb128 0x3b
ARM GAS  /tmp/cc0z6zZn.s 			page 64


 3592 034e 0B       		.uleb128 0xb
 3593 034f 39       		.uleb128 0x39
 3594 0350 0B       		.uleb128 0xb
 3595 0351 49       		.uleb128 0x49
 3596 0352 13       		.uleb128 0x13
 3597 0353 00       		.byte	0
 3598 0354 00       		.byte	0
 3599 0355 35       		.uleb128 0x35
 3600 0356 0B       		.uleb128 0xb
 3601 0357 01       		.byte	0x1
 3602 0358 00       		.byte	0
 3603 0359 00       		.byte	0
 3604 035a 36       		.uleb128 0x36
 3605 035b 05       		.uleb128 0x5
 3606 035c 00       		.byte	0
 3607 035d 03       		.uleb128 0x3
 3608 035e 0E       		.uleb128 0xe
 3609 035f 3A       		.uleb128 0x3a
 3610 0360 0B       		.uleb128 0xb
 3611 0361 3B       		.uleb128 0x3b
 3612 0362 0B       		.uleb128 0xb
 3613 0363 39       		.uleb128 0x39
 3614 0364 0B       		.uleb128 0xb
 3615 0365 49       		.uleb128 0x49
 3616 0366 13       		.uleb128 0x13
 3617 0367 00       		.byte	0
 3618 0368 00       		.byte	0
 3619 0369 37       		.uleb128 0x37
 3620 036a 0B       		.uleb128 0xb
 3621 036b 01       		.byte	0x1
 3622 036c 01       		.uleb128 0x1
 3623 036d 13       		.uleb128 0x13
 3624 036e 00       		.byte	0
 3625 036f 00       		.byte	0
 3626 0370 38       		.uleb128 0x38
 3627 0371 2E       		.uleb128 0x2e
 3628 0372 01       		.byte	0x1
 3629 0373 47       		.uleb128 0x47
 3630 0374 13       		.uleb128 0x13
 3631 0375 3A       		.uleb128 0x3a
 3632 0376 0B       		.uleb128 0xb
 3633 0377 3B       		.uleb128 0x3b
 3634 0378 0B       		.uleb128 0xb
 3635 0379 39       		.uleb128 0x39
 3636 037a 0B       		.uleb128 0xb
 3637 037b 64       		.uleb128 0x64
 3638 037c 13       		.uleb128 0x13
 3639 037d 20       		.uleb128 0x20
 3640 037e 0B       		.uleb128 0xb
 3641 037f 01       		.uleb128 0x1
 3642 0380 13       		.uleb128 0x13
 3643 0381 00       		.byte	0
 3644 0382 00       		.byte	0
 3645 0383 39       		.uleb128 0x39
 3646 0384 2E       		.uleb128 0x2e
 3647 0385 01       		.byte	0x1
 3648 0386 31       		.uleb128 0x31
ARM GAS  /tmp/cc0z6zZn.s 			page 65


 3649 0387 13       		.uleb128 0x13
 3650 0388 6E       		.uleb128 0x6e
 3651 0389 0E       		.uleb128 0xe
 3652 038a 64       		.uleb128 0x64
 3653 038b 13       		.uleb128 0x13
 3654 038c 01       		.uleb128 0x1
 3655 038d 13       		.uleb128 0x13
 3656 038e 00       		.byte	0
 3657 038f 00       		.byte	0
 3658 0390 3A       		.uleb128 0x3a
 3659 0391 05       		.uleb128 0x5
 3660 0392 00       		.byte	0
 3661 0393 31       		.uleb128 0x31
 3662 0394 13       		.uleb128 0x13
 3663 0395 00       		.byte	0
 3664 0396 00       		.byte	0
 3665 0397 3B       		.uleb128 0x3b
 3666 0398 2E       		.uleb128 0x2e
 3667 0399 01       		.byte	0x1
 3668 039a 47       		.uleb128 0x47
 3669 039b 13       		.uleb128 0x13
 3670 039c 64       		.uleb128 0x64
 3671 039d 13       		.uleb128 0x13
 3672 039e 01       		.uleb128 0x1
 3673 039f 13       		.uleb128 0x13
 3674 03a0 00       		.byte	0
 3675 03a1 00       		.byte	0
 3676 03a2 3C       		.uleb128 0x3c
 3677 03a3 2E       		.uleb128 0x2e
 3678 03a4 01       		.byte	0x1
 3679 03a5 47       		.uleb128 0x47
 3680 03a6 13       		.uleb128 0x13
 3681 03a7 64       		.uleb128 0x64
 3682 03a8 13       		.uleb128 0x13
 3683 03a9 00       		.byte	0
 3684 03aa 00       		.byte	0
 3685 03ab 00       		.byte	0
 3686              		.section	.gnu.debuglto_.debug_line,"e",%progbits
 3687              	.Ldebug_line0:
 3688 0000 95010000 		.4byte	.LELT0-.LSLT0
 3689              	.LSLT0:
 3690 0004 0400     		.2byte	0x4
 3691 0006 8F010000 		.4byte	.LELTP0-.LASLTP0
 3692              	.LASLTP0:
 3693 000a 01       		.byte	0x1
 3694 000b 01       		.byte	0x1
 3695 000c 01       		.byte	0x1
 3696 000d F6       		.byte	0xf6
 3697 000e F2       		.byte	0xf2
 3698 000f 0D       		.byte	0xd
 3699 0010 00       		.byte	0
 3700 0011 01       		.byte	0x1
 3701 0012 01       		.byte	0x1
 3702 0013 01       		.byte	0x1
 3703 0014 01       		.byte	0x1
 3704 0015 00       		.byte	0
 3705 0016 00       		.byte	0
ARM GAS  /tmp/cc0z6zZn.s 			page 66


 3706 0017 00       		.byte	0
 3707 0018 01       		.byte	0x1
 3708 0019 00       		.byte	0
 3709 001a 00       		.byte	0
 3710 001b 01       		.byte	0x1
 3711 001c 7372632F 		.ascii	"src/math"
 3711      6D617468 
 3712 0024 00       		.byte	0
 3713 0025 7372632F 		.ascii	"src/state_estimator"
 3713      73746174 
 3713      655F6573 
 3713      74696D61 
 3713      746F72
 3714 0038 00       		.byte	0
 3715 0039 737263   		.ascii	"src"
 3716 003c 00       		.byte	0
 3717 003d 2F757372 		.ascii	"/usr/include/newlib/c++/10.3.1/arm-none-eabi/thumb/"
 3717      2F696E63 
 3717      6C756465 
 3717      2F6E6577 
 3717      6C69622F 
 3718 0070 7637652D 		.ascii	"v7e-m+dp/hard/bits"
 3718      6D2B6470 
 3718      2F686172 
 3718      642F6269 
 3718      7473
 3719 0082 00       		.byte	0
 3720 0083 2F757372 		.ascii	"/usr/include/newlib/c++/10.3.1"
 3720      2F696E63 
 3720      6C756465 
 3720      2F6E6577 
 3720      6C69622F 
 3721 00a1 00       		.byte	0
 3722 00a2 2F757372 		.ascii	"/usr/include/newlib"
 3722      2F696E63 
 3722      6C756465 
 3722      2F6E6577 
 3722      6C6962
 3723 00b5 00       		.byte	0
 3724 00b6 2F757372 		.ascii	"/usr/lib/gcc/arm-none-eabi/10.3.1/include"
 3724      2F6C6962 
 3724      2F676363 
 3724      2F61726D 
 3724      2D6E6F6E 
 3725 00df 00       		.byte	0
 3726 00e0 00       		.byte	0
 3727 00e1 63737464 		.ascii	"cstdint\000"
 3727      696E7400 
 3728 00e9 05       		.uleb128 0x5
 3729 00ea 00       		.uleb128 0
 3730 00eb 00       		.uleb128 0
 3731 00ec 63737472 		.ascii	"cstring\000"
 3731      696E6700 
 3732 00f4 05       		.uleb128 0x5
 3733 00f5 00       		.uleb128 0
 3734 00f6 00       		.uleb128 0
 3735 00f7 632B2B63 		.ascii	"c++config.h\000"
ARM GAS  /tmp/cc0z6zZn.s 			page 67


 3735      6F6E6669 
 3735      672E6800 
 3736 0103 04       		.uleb128 0x4
 3737 0104 00       		.uleb128 0
 3738 0105 00       		.uleb128 0
 3739 0106 73746469 		.ascii	"stdint.h\000"
 3739      6E742E68 
 3739      00
 3740 010f 07       		.uleb128 0x7
 3741 0110 00       		.uleb128 0
 3742 0111 00       		.uleb128 0
 3743 0112 6D617468 		.ascii	"math.hpp\000"
 3743      2E687070 
 3743      00
 3744 011b 01       		.uleb128 0x1
 3745 011c 00       		.uleb128 0
 3746 011d 00       		.uleb128 0
 3747 011e 73746464 		.ascii	"stddef.h\000"
 3747      65662E68 
 3747      00
 3748 0127 07       		.uleb128 0x7
 3749 0128 00       		.uleb128 0
 3750 0129 00       		.uleb128 0
 3751 012a 73747269 		.ascii	"string.h\000"
 3751      6E672E68 
 3751      00
 3752 0133 06       		.uleb128 0x6
 3753 0134 00       		.uleb128 0
 3754 0135 00       		.uleb128 0
 3755 0136 454B462E 		.ascii	"EKF.hpp\000"
 3755      68707000 
 3756 013e 02       		.uleb128 0x2
 3757 013f 00       		.uleb128 0
 3758 0140 00       		.uleb128 0
 3759 0141 526F626F 		.ascii	"RobotState.hpp\000"
 3759      74537461 
 3759      74652E68 
 3759      707000
 3760 0150 03       		.uleb128 0x3
 3761 0151 00       		.uleb128 0
 3762 0152 00       		.uleb128 0
 3763 0153 74687265 		.ascii	"threads.hpp\000"
 3763      6164732E 
 3763      68707000 
 3764 015f 03       		.uleb128 0x3
 3765 0160 00       		.uleb128 0
 3766 0161 00       		.uleb128 0
 3767 0162 53746174 		.ascii	"StateManager.hpp\000"
 3767      654D616E 
 3767      61676572 
 3767      2E687070 
 3767      00
 3768 0173 02       		.uleb128 0x2
 3769 0174 00       		.uleb128 0
 3770 0175 00       		.uleb128 0
 3771 0176 53746174 		.ascii	"StateManager.cpp\000"
 3771      654D616E 
ARM GAS  /tmp/cc0z6zZn.s 			page 68


 3771      61676572 
 3771      2E637070 
 3771      00
 3772 0187 02       		.uleb128 0x2
 3773 0188 00       		.uleb128 0
 3774 0189 00       		.uleb128 0
 3775 018a 3C627569 		.ascii	"<built-in>\000"
 3775      6C742D69 
 3775      6E3E00
 3776 0195 00       		.uleb128 0
 3777 0196 00       		.uleb128 0
 3778 0197 00       		.uleb128 0
 3779 0198 00       		.byte	0
 3780              	.LELTP0:
 3781              	.LELT0:
 3782              		.section	.gnu.debuglto_.debug_str,"eMS",%progbits,1
 3783              	.LASF31:
 3784 0000 75696E74 		.ascii	"uint_fast16_t\000"
 3784      5F666173 
 3784      7431365F 
 3784      7400
 3785              	.LASF59:
 3786 000e 696E6E6F 		.ascii	"innovation_norm\000"
 3786      76617469 
 3786      6F6E5F6E 
 3786      6F726D00 
 3787              	.LASF52:
 3788 001e 75706461 		.ascii	"update_gravity\000"
 3788      74655F67 
 3788      72617669 
 3788      747900
 3789              	.LASF65:
 3790 002d 50305F50 		.ascii	"P0_POS\000"
 3790      4F5300
 3791              	.LASF187:
 3792 0034 675F626F 		.ascii	"g_body\000"
 3792      647900
 3793              	.LASF101:
 3794 003b 565F444F 		.ascii	"V_DOT\000"
 3794      5400
 3795              	.LASF143:
 3796 0041 6765745F 		.ascii	"get_lane_pqr\000"
 3796      6C616E65 
 3796      5F707172 
 3796      00
 3797              	.LASF179:
 3798 004e 73636F72 		.ascii	"score\000"
 3798      6500
 3799              	.LASF87:
 3800 0054 5F696E6E 		.ascii	"_innov_norm\000"
 3800      6F765F6E 
 3800      6F726D00 
 3801              	.LASF121:
 3802 0060 4D6F6361 		.ascii	"MocapRaw\000"
 3802      70526177 
 3802      00
 3803              	.LASF168:
ARM GAS  /tmp/cc0z6zZn.s 			page 69


 3804 0069 5F5A4E4B 		.ascii	"_ZNK12StateManager15_select_primaryEv\000"
 3804      31325374 
 3804      6174654D 
 3804      616E6167 
 3804      65723135 
 3805              	.LASF139:
 3806 008f 5F5A4E33 		.ascii	"_ZN3EKFC4Ev\000"
 3806      454B4643 
 3806      34457600 
 3807              	.LASF57:
 3808 009b 5F5A4E33 		.ascii	"_ZN3EKF14update_ned_velEPKff\000"
 3808      454B4631 
 3808      34757064 
 3808      6174655F 
 3808      6E65645F 
 3809              	.LASF123:
 3810 00b8 53746174 		.ascii	"StateManager\000"
 3810      654D616E 
 3810      61676572 
 3810      00
 3811              	.LASF74:
 3812 00c5 515F4249 		.ascii	"Q_BIAS_A\000"
 3812      41535F41 
 3812      00
 3813              	.LASF92:
 3814 00ce 5F627569 		.ascii	"_build_F\000"
 3814      6C645F46 
 3814      00
 3815              	.LASF73:
 3816 00d7 515F4249 		.ascii	"Q_BIAS_G\000"
 3816      41535F47 
 3816      00
 3817              	.LASF97:
 3818 00e0 5F5F676E 		.ascii	"__gnu_cxx\000"
 3818      755F6378 
 3818      7800
 3819              	.LASF95:
 3820 00ea 5F757064 		.ascii	"_update\000"
 3820      61746500 
 3821              	.LASF36:
 3822 00f2 696E746D 		.ascii	"intmax_t\000"
 3822      61785F74 
 3822      00
 3823              	.LASF33:
 3824 00fb 75696E74 		.ascii	"uint_fast64_t\000"
 3824      5F666173 
 3824      7436345F 
 3824      7400
 3825              	.LASF26:
 3826 0109 696E745F 		.ascii	"int_fast16_t\000"
 3826      66617374 
 3826      31365F74 
 3826      00
 3827              	.LASF186:
 3828 0116 525F696D 		.ascii	"R_imx\000"
 3828      7800
 3829              	.LASF43:
ARM GAS  /tmp/cc0z6zZn.s 			page 70


 3830 011c 73747265 		.ascii	"strerror\000"
 3830      72726F72 
 3830      00
 3831              	.LASF103:
 3832 0125 505F444F 		.ascii	"P_DOT\000"
 3832      5400
 3833              	.LASF82:
 3834 012b 505F4D41 		.ascii	"P_MAX_BIAS_A\000"
 3834      585F4249 
 3834      41535F41 
 3834      00
 3835              	.LASF86:
 3836 0138 5F696E69 		.ascii	"_initialized\000"
 3836      7469616C 
 3836      697A6564 
 3836      00
 3837              	.LASF131:
 3838 0145 75706461 		.ascii	"update\000"
 3838      746500
 3839              	.LASF83:
 3840 014c 505F4D49 		.ascii	"P_MIN_QUAT\000"
 3840      4E5F5155 
 3840      415400
 3841              	.LASF78:
 3842 0157 47524156 		.ascii	"GRAV_VIBE_ALPHA\000"
 3842      5F564942 
 3842      455F414C 
 3842      50484100 
 3843              	.LASF152:
 3844 0167 5F626C65 		.ascii	"_blended_ud\000"
 3844      6E646564 
 3844      5F756400 
 3845              	.LASF189:
 3846 0173 76656C5F 		.ascii	"vel_l\000"
 3846      6C00
 3847              	.LASF129:
 3848 0179 5F5A4E31 		.ascii	"_ZN12StateManagerC4Ev\000"
 3848      32537461 
 3848      74654D61 
 3848      6E616765 
 3848      72433445 
 3849              	.LASF88:
 3850 018f 5F766962 		.ascii	"_vibe_filt\000"
 3850      655F6669 
 3850      6C7400
 3851              	.LASF113:
 3852 019a 51756174 		.ascii	"Quat\000"
 3852      00
 3853              	.LASF22:
 3854 019f 75696E74 		.ascii	"uint_least16_t\000"
 3854      5F6C6561 
 3854      73743136 
 3854      5F7400
 3855              	.LASF13:
 3856 01ae 75696E74 		.ascii	"uint32_t\000"
 3856      33325F74 
 3856      00
ARM GAS  /tmp/cc0z6zZn.s 			page 71


 3857              	.LASF1:
 3858 01b7 696E7438 		.ascii	"int8_t\000"
 3858      5F7400
 3859              	.LASF172:
 3860 01be 69426778 		.ascii	"iBgx\000"
 3860      00
 3861              	.LASF173:
 3862 01c3 69426779 		.ascii	"iBgy\000"
 3862      00
 3863              	.LASF174:
 3864 01c8 6942677A 		.ascii	"iBgz\000"
 3864      00
 3865              	.LASF147:
 3866 01cd 5F6C616E 		.ascii	"_lanes\000"
 3866      657300
 3867              	.LASF38:
 3868 01d4 666C6F61 		.ascii	"float\000"
 3868      7400
 3869              	.LASF60:
 3870 01da 5F5A4E4B 		.ascii	"_ZNK3EKF5stateEv\000"
 3870      33454B46 
 3870      35737461 
 3870      74654576 
 3870      00
 3871              	.LASF153:
 3872 01eb 5F626C65 		.ascii	"_blended_vd\000"
 3872      6E646564 
 3872      5F766400 
 3873              	.LASF145:
 3874 01f7 7072696D 		.ascii	"primary_lane\000"
 3874      6172795F 
 3874      6C616E65 
 3874      00
 3875              	.LASF2:
 3876 0204 696E7431 		.ascii	"int16_t\000"
 3876      365F7400 
 3877              	.LASF18:
 3878 020c 696E745F 		.ascii	"int_least16_t\000"
 3878      6C656173 
 3878      7431365F 
 3878      7400
 3879              	.LASF37:
 3880 021a 75696E74 		.ascii	"uintmax_t\000"
 3880      6D61785F 
 3880      7400
 3881              	.LASF191:
 3882 0224 7372632F 		.ascii	"src/state_estimator/StateManager.cpp\000"
 3882      73746174 
 3882      655F6573 
 3882      74696D61 
 3882      746F722F 
 3883              	.LASF16:
 3884 0249 6C6F6E67 		.ascii	"long long unsigned int\000"
 3884      206C6F6E 
 3884      6720756E 
 3884      7369676E 
 3884      65642069 
ARM GAS  /tmp/cc0z6zZn.s 			page 72


 3885              	.LASF71:
 3886 0260 515F5645 		.ascii	"Q_VEL\000"
 3886      4C00
 3887              	.LASF137:
 3888 0266 70697463 		.ascii	"pitch\000"
 3888      6800
 3889              	.LASF64:
 3890 026c 47524156 		.ascii	"GRAVITY\000"
 3890      49545900 
 3891              	.LASF159:
 3892 0274 5F71646F 		.ascii	"_qdot_filt\000"
 3892      745F6669 
 3892      6C7400
 3893              	.LASF89:
 3894 027f 5F676574 		.ascii	"_get_quat\000"
 3894      5F717561 
 3894      7400
 3895              	.LASF72:
 3896 0289 515F5155 		.ascii	"Q_QUAT\000"
 3896      415400
 3897              	.LASF115:
 3898 0290 61636365 		.ascii	"accel\000"
 3898      6C00
 3899              	.LASF185:
 3900 0296 715F6D65 		.ascii	"q_meas\000"
 3900      617300
 3901              	.LASF161:
 3902 029d 5F75645F 		.ascii	"_ud_filt\000"
 3902      66696C74 
 3902      00
 3903              	.LASF24:
 3904 02a6 75696E74 		.ascii	"uint_least64_t\000"
 3904      5F6C6561 
 3904      73743634 
 3904      5F7400
 3905              	.LASF122:
 3906 02b5 6861735F 		.ascii	"has_new\000"
 3906      6E657700 
 3907              	.LASF154:
 3908 02bd 5F626C65 		.ascii	"_blended_wd\000"
 3908      6E646564 
 3908      5F776400 
 3909              	.LASF54:
 3910 02c9 75706461 		.ascii	"update_position\000"
 3910      74655F70 
 3910      6F736974 
 3910      696F6E00 
 3911              	.LASF28:
 3912 02d9 696E745F 		.ascii	"int_fast64_t\000"
 3912      66617374 
 3912      36345F74 
 3912      00
 3913              	.LASF110:
 3914 02e6 5941575F 		.ascii	"YAW_RATE\000"
 3914      52415445 
 3914      00
 3915              	.LASF112:
ARM GAS  /tmp/cc0z6zZn.s 			page 73


 3916 02ef 4E5F494E 		.ascii	"N_INPUTS\000"
 3916      50555453 
 3916      00
 3917              	.LASF39:
 3918 02f8 73697A65 		.ascii	"size_t\000"
 3918      5F7400
 3919              	.LASF17:
 3920 02ff 696E745F 		.ascii	"int_least8_t\000"
 3920      6C656173 
 3920      74385F74 
 3920      00
 3921              	.LASF7:
 3922 030c 696E7436 		.ascii	"int64_t\000"
 3922      345F7400 
 3923              	.LASF45:
 3924 0314 73747278 		.ascii	"strxfrm\000"
 3924      66726D00 
 3925              	.LASF124:
 3926 031c 4E554D5F 		.ascii	"NUM_LANES\000"
 3926      4C414E45 
 3926      5300
 3927              	.LASF20:
 3928 0326 696E745F 		.ascii	"int_least64_t\000"
 3928      6C656173 
 3928      7436345F 
 3928      7400
 3929              	.LASF55:
 3930 0334 5F5A4E33 		.ascii	"_ZN3EKF15update_positionEPKff\000"
 3930      454B4631 
 3930      35757064 
 3930      6174655F 
 3930      706F7369 
 3931              	.LASF50:
 3932 0352 75706461 		.ascii	"update_quaternion\000"
 3932      74655F71 
 3932      75617465 
 3932      726E696F 
 3932      6E00
 3933              	.LASF128:
 3934 0364 525F4D4F 		.ascii	"R_MOCAP_VEL\000"
 3934      4341505F 
 3934      56454C00 
 3935              	.LASF144:
 3936 0370 5F5A4E4B 		.ascii	"_ZNK12StateManager12get_lane_pqrEiRfS0_S0_\000"
 3936      31325374 
 3936      6174654D 
 3936      616E6167 
 3936      65723132 
 3937              	.LASF49:
 3938 039b 5F5A4E33 		.ascii	"_ZN3EKF7predictEfPKfS1_\000"
 3938      454B4637 
 3938      70726564 
 3938      69637445 
 3938      66504B66 
 3939              	.LASF195:
 3940 03b3 5F5A4E31 		.ascii	"_ZN12StateManagerC2Ev\000"
 3940      32537461 
ARM GAS  /tmp/cc0z6zZn.s 			page 74


 3940      74654D61 
 3940      6E616765 
 3940      72433245 
 3941              	.LASF132:
 3942 03c9 5F5A4E31 		.ascii	"_ZN12StateManager6updateEfPK6IMURawRK9CANIMURawRK8M"
 3942      32537461 
 3942      74654D61 
 3942      6E616765 
 3942      72367570 
 3943 03fc 6F636170 		.ascii	"ocapRaw\000"
 3943      52617700 
 3944              	.LASF42:
 3945 0404 73747263 		.ascii	"strcoll\000"
 3945      6F6C6C00 
 3946              	.LASF99:
 3947 040c 5A5F504F 		.ascii	"Z_POS\000"
 3947      5300
 3948              	.LASF163:
 3949 0412 5F77645F 		.ascii	"_wd_filt\000"
 3949      66696C74 
 3949      00
 3950              	.LASF41:
 3951 041b 63686172 		.ascii	"char\000"
 3951      00
 3952              	.LASF149:
 3953 0420 5F626C65 		.ascii	"_blended_p\000"
 3953      6E646564 
 3953      5F7000
 3954              	.LASF150:
 3955 042b 5F626C65 		.ascii	"_blended_q\000"
 3955      6E646564 
 3955      5F7100
 3956              	.LASF151:
 3957 0436 5F626C65 		.ascii	"_blended_r\000"
 3957      6E646564 
 3957      5F7200
 3958              	.LASF53:
 3959 0441 5F5A4E33 		.ascii	"_ZN3EKF14update_gravityEPKff\000"
 3959      454B4631 
 3959      34757064 
 3959      6174655F 
 3959      67726176 
 3960              	.LASF133:
 3961 045e 6765745F 		.ascii	"get_state\000"
 3961      73746174 
 3961      6500
 3962              	.LASF184:
 3963 0468 616C7068 		.ascii	"alpha_pqr\000"
 3963      615F7071 
 3963      7200
 3964              	.LASF30:
 3965 0472 756E7369 		.ascii	"unsigned int\000"
 3965      676E6564 
 3965      20696E74 
 3965      00
 3966              	.LASF75:
 3967 047f 47524156 		.ascii	"GRAV_HARD_GATE\000"
ARM GAS  /tmp/cc0z6zZn.s 			page 75


 3967      5F484152 
 3967      445F4741 
 3967      544500
 3968              	.LASF135:
 3969 048e 726F6C6C 		.ascii	"roll\000"
 3969      00
 3970              	.LASF9:
 3971 0493 75696E74 		.ascii	"uint8_t\000"
 3971      385F7400 
 3972              	.LASF21:
 3973 049b 75696E74 		.ascii	"uint_least8_t\000"
 3973      5F6C6561 
 3973      7374385F 
 3973      7400
 3974              	.LASF3:
 3975 04a9 7369676E 		.ascii	"signed char\000"
 3975      65642063 
 3975      68617200 
 3976              	.LASF120:
 3977 04b5 6861735F 		.ascii	"has_new_rates\000"
 3977      6E65775F 
 3977      72617465 
 3977      7300
 3978              	.LASF178:
 3979 04c3 62657374 		.ascii	"best_score\000"
 3979      5F73636F 
 3979      726500
 3980              	.LASF98:
 3981 04ce 53746174 		.ascii	"StateIdx\000"
 3981      65496478 
 3981      00
 3982              	.LASF8:
 3983 04d7 6C6F6E67 		.ascii	"long long int\000"
 3983      206C6F6E 
 3983      6720696E 
 3983      7400
 3984              	.LASF117:
 3985 04e5 76616C69 		.ascii	"valid\000"
 3985      6400
 3986              	.LASF130:
 3987 04eb 5F5A4E31 		.ascii	"_ZN12StateManager4initEv\000"
 3987      32537461 
 3987      74654D61 
 3987      6E616765 
 3987      7234696E 
 3988              	.LASF96:
 3989 0504 626F6F6C 		.ascii	"bool\000"
 3989      00
 3990              	.LASF48:
 3991 0509 5F5A4E33 		.ascii	"_ZN3EKF4initEi\000"
 3991      454B4634 
 3991      696E6974 
 3991      456900
 3992              	.LASF0:
 3993 0518 5F5F6378 		.ascii	"__cxx11\000"
 3993      78313100 
 3994              	.LASF70:
ARM GAS  /tmp/cc0z6zZn.s 			page 76


 3995 0520 515F504F 		.ascii	"Q_POS\000"
 3995      5300
 3996              	.LASF104:
 3997 0526 515F444F 		.ascii	"Q_DOT\000"
 3997      5400
 3998              	.LASF61:
 3999 052c 5F5A4E4B 		.ascii	"_ZNK3EKF15innovation_normEv\000"
 3999      33454B46 
 3999      3135696E 
 3999      6E6F7661 
 3999      74696F6E 
 4000              	.LASF192:
 4001 0548 2F686F6D 		.ascii	"/home/ian/Documents/BPRL_balance\000"
 4001      652F6961 
 4001      6E2F446F 
 4001      63756D65 
 4001      6E74732F 
 4002              	.LASF160:
 4003 0569 5F72646F 		.ascii	"_rdot_filt\000"
 4003      745F6669 
 4003      6C7400
 4004              	.LASF25:
 4005 0574 696E745F 		.ascii	"int_fast8_t\000"
 4005      66617374 
 4005      385F7400 
 4006              	.LASF140:
 4007 0580 5F5A4E4B 		.ascii	"_ZNK12StateManager3yawEv\000"
 4007      31325374 
 4007      6174654D 
 4007      616E6167 
 4007      65723379 
 4008              	.LASF32:
 4009 0599 75696E74 		.ascii	"uint_fast32_t\000"
 4009      5F666173 
 4009      7433325F 
 4009      7400
 4010              	.LASF105:
 4011 05a7 525F444F 		.ascii	"R_DOT\000"
 4011      5400
 4012              	.LASF116:
 4013 05ad 6779726F 		.ascii	"gyro\000"
 4013      00
 4014              	.LASF182:
 4015 05b2 775F7375 		.ascii	"w_sum\000"
 4015      6D00
 4016              	.LASF194:
 4017 05b8 5F5A4E33 		.ascii	"_ZN3EKF7_updateEiPA16_KfPS0_S3_\000"
 4017      454B4637 
 4017      5F757064 
 4017      61746545 
 4017      69504131 
 4018              	.LASF90:
 4019 05d8 5F5A4E4B 		.ascii	"_ZNK3EKF9_get_quatEv\000"
 4019      33454B46 
 4019      395F6765 
 4019      745F7175 
 4019      61744576 
ARM GAS  /tmp/cc0z6zZn.s 			page 77


 4020              	.LASF76:
 4021 05ed 47524156 		.ascii	"GRAV_CHI2_GATE\000"
 4021      5F434849 
 4021      325F4741 
 4021      544500
 4022              	.LASF91:
 4023 05fc 5F6E6F72 		.ascii	"_normalize_quat\000"
 4023      6D616C69 
 4023      7A655F71 
 4023      75617400 
 4024              	.LASF84:
 4025 060c 494E4E4F 		.ascii	"INNOV_SMOOTH\000"
 4025      565F534D 
 4025      4F4F5448 
 4025      00
 4026              	.LASF40:
 4027 0619 6C6F6E67 		.ascii	"long double\000"
 4027      20646F75 
 4027      626C6500 
 4028              	.LASF34:
 4029 0625 696E7470 		.ascii	"intptr_t\000"
 4029      74725F74 
 4029      00
 4030              	.LASF11:
 4031 062e 75696E74 		.ascii	"uint16_t\000"
 4031      31365F74 
 4031      00
 4032              	.LASF111:
 4033 0637 4D4F4445 		.ascii	"MODE_SW\000"
 4033      5F535700 
 4034              	.LASF176:
 4035 063f 74686973 		.ascii	"this\000"
 4035      00
 4036              	.LASF181:
 4037 0644 6D6F6361 		.ascii	"mocap\000"
 4037      7000
 4038              	.LASF127:
 4039 064a 525F4D4F 		.ascii	"R_MOCAP_POS\000"
 4039      4341505F 
 4039      504F5300 
 4040              	.LASF68:
 4041 0656 50305F42 		.ascii	"P0_BIAS_A\000"
 4041      4941535F 
 4041      4100
 4042              	.LASF81:
 4043 0660 505F4D49 		.ascii	"P_MIN_BIAS_A\000"
 4043      4E5F4249 
 4043      41535F41 
 4043      00
 4044              	.LASF69:
 4045 066d 50305F42 		.ascii	"P0_BIAS_G\000"
 4045      4941535F 
 4045      4700
 4046              	.LASF119:
 4047 0677 6861735F 		.ascii	"has_new_quat\000"
 4047      6E65775F 
 4047      71756174 
ARM GAS  /tmp/cc0z6zZn.s 			page 78


 4047      00
 4048              	.LASF79:
 4049 0684 505F4D49 		.ascii	"P_MIN_BIAS_G\000"
 4049      4E5F4249 
 4049      41535F47 
 4049      00
 4050              	.LASF190:
 4051 0691 474E5520 		.ascii	"GNU C++14 10.3.1 20210621 (release) -mcpu=cortex-m7"
 4051      432B2B31 
 4051      34203130 
 4051      2E332E31 
 4051      20323032 
 4052 06c4 202D6D74 		.ascii	" -mthumb -mfloat-abi=hard -mfpu=fpv5-d16 -march=arm"
 4052      68756D62 
 4052      202D6D66 
 4052      6C6F6174 
 4052      2D616269 
 4053 06f7 7637652D 		.ascii	"v7e-m+fp.dp -ggdb -O2 -fomit-frame-pointer -falign-"
 4053      6D2B6670 
 4053      2E647020 
 4053      2D676764 
 4053      62202D4F 
 4054 072a 66756E63 		.ascii	"functions=16 -ffunction-sections -fdata-sections -f"
 4054      74696F6E 
 4054      733D3136 
 4054      202D6666 
 4054      756E6374 
 4055 075d 6E6F2D63 		.ascii	"no-common -flto -fno-rtti\000"
 4055      6F6D6D6F 
 4055      6E202D66 
 4055      6C746F20 
 4055      2D666E6F 
 4056              	.LASF27:
 4057 0777 696E745F 		.ascii	"int_fast32_t\000"
 4057      66617374 
 4057      33325F74 
 4057      00
 4058              	.LASF188:
 4059 0784 7071725F 		.ascii	"pqr_l\000"
 4059      6C00
 4060              	.LASF175:
 4061 078a 6C616E65 		.ascii	"lane\000"
 4061      00
 4062              	.LASF47:
 4063 078f 70726564 		.ascii	"predict\000"
 4063      69637400 
 4064              	.LASF4:
 4065 0797 73686F72 		.ascii	"short int\000"
 4065      7420696E 
 4065      7400
 4066              	.LASF136:
 4067 07a1 5F5A4E4B 		.ascii	"_ZNK12StateManager4rollEv\000"
 4067      31325374 
 4067      6174654D 
 4067      616E6167 
 4067      65723472 
 4068              	.LASF6:
ARM GAS  /tmp/cc0z6zZn.s 			page 79


 4069 07bb 6C6F6E67 		.ascii	"long int\000"
 4069      20696E74 
 4069      00
 4070              	.LASF100:
 4071 07c4 555F444F 		.ascii	"U_DOT\000"
 4071      5400
 4072              	.LASF108:
 4073 07ca 524F4C4C 		.ascii	"ROLL_TGT\000"
 4073      5F544754 
 4073      00
 4074              	.LASF15:
 4075 07d3 75696E74 		.ascii	"uint64_t\000"
 4075      36345F74 
 4075      00
 4076              	.LASF142:
 4077 07dc 5F5A4E4B 		.ascii	"_ZNK12StateManager14get_lane_eulerEiRfS0_S0_\000"
 4077      31325374 
 4077      6174654D 
 4077      616E6167 
 4077      65723134 
 4078              	.LASF85:
 4079 0809 5F696D75 		.ascii	"_imu_idx\000"
 4079      5F696478 
 4079      00
 4080              	.LASF141:
 4081 0812 6765745F 		.ascii	"get_lane_euler\000"
 4081      6C616E65 
 4081      5F65756C 
 4081      657200
 4082              	.LASF66:
 4083 0821 50305F56 		.ascii	"P0_VEL\000"
 4083      454C00
 4084              	.LASF109:
 4085 0828 50495443 		.ascii	"PITCH_TGT\000"
 4085      485F5447 
 4085      5400
 4086              	.LASF148:
 4087 0832 5F707269 		.ascii	"_primary\000"
 4087      6D617279 
 4087      00
 4088              	.LASF167:
 4089 083b 5F73656C 		.ascii	"_select_primary\000"
 4089      6563745F 
 4089      7072696D 
 4089      61727900 
 4090              	.LASF180:
 4091 084b 63616E5F 		.ascii	"can_imu\000"
 4091      696D7500 
 4092              	.LASF183:
 4093 0853 616C7068 		.ascii	"alpha_uvw\000"
 4093      615F7576 
 4093      7700
 4094              	.LASF23:
 4095 085d 75696E74 		.ascii	"uint_least32_t\000"
 4095      5F6C6561 
 4095      73743332 
 4095      5F7400
ARM GAS  /tmp/cc0z6zZn.s 			page 80


 4096              	.LASF35:
 4097 086c 75696E74 		.ascii	"uintptr_t\000"
 4097      7074725F 
 4097      7400
 4098              	.LASF63:
 4099 0876 5F5A4E4B 		.ascii	"_ZNK3EKF8is_validEv\000"
 4099      33454B46 
 4099      3869735F 
 4099      76616C69 
 4099      64457600 
 4100              	.LASF46:
 4101 088a 696E6974 		.ascii	"init\000"
 4101      00
 4102              	.LASF118:
 4103 088f 43414E49 		.ascii	"CANIMURaw\000"
 4103      4D555261 
 4103      7700
 4104              	.LASF14:
 4105 0899 6C6F6E67 		.ascii	"long unsigned int\000"
 4105      20756E73 
 4105      69676E65 
 4105      6420696E 
 4105      7400
 4106              	.LASF125:
 4107 08ab 525F5155 		.ascii	"R_QUAT\000"
 4107      415400
 4108              	.LASF5:
 4109 08b2 696E7433 		.ascii	"int32_t\000"
 4109      325F7400 
 4110              	.LASF169:
 4111 08ba 69426178 		.ascii	"iBax\000"
 4111      00
 4112              	.LASF19:
 4113 08bf 696E745F 		.ascii	"int_least32_t\000"
 4113      6C656173 
 4113      7433325F 
 4113      7400
 4114              	.LASF171:
 4115 08cd 6942617A 		.ascii	"iBaz\000"
 4115      00
 4116              	.LASF126:
 4117 08d2 525F4752 		.ascii	"R_GRAVITY\000"
 4117      41564954 
 4117      5900
 4118              	.LASF146:
 4119 08dc 5F5A4E4B 		.ascii	"_ZNK12StateManager12primary_laneEv\000"
 4119      31325374 
 4119      6174654D 
 4119      616E6167 
 4119      65723132 
 4120              	.LASF177:
 4121 08ff 62657374 		.ascii	"best\000"
 4121      00
 4122              	.LASF56:
 4123 0904 75706461 		.ascii	"update_ned_vel\000"
 4123      74655F6E 
 4123      65645F76 
ARM GAS  /tmp/cc0z6zZn.s 			page 81


 4123      656C00
 4124              	.LASF10:
 4125 0913 756E7369 		.ascii	"unsigned char\000"
 4125      676E6564 
 4125      20636861 
 4125      7200
 4126              	.LASF67:
 4127 0921 50305F51 		.ascii	"P0_QUAT\000"
 4127      55415400 
 4128              	.LASF77:
 4129 0929 47524156 		.ascii	"GRAV_R_VIBE\000"
 4129      5F525F56 
 4129      49424500 
 4130              	.LASF107:
 4131 0935 54485255 		.ascii	"THRUST\000"
 4131      535400
 4132              	.LASF138:
 4133 093c 5F5A4E4B 		.ascii	"_ZNK12StateManager5pitchEv\000"
 4133      31325374 
 4133      6174654D 
 4133      616E6167 
 4133      65723570 
 4134              	.LASF193:
 4135 0957 6465636C 		.ascii	"decltype(nullptr)\000"
 4135      74797065 
 4135      286E756C 
 4135      6C707472 
 4135      2900
 4136              	.LASF29:
 4137 0969 75696E74 		.ascii	"uint_fast8_t\000"
 4137      5F666173 
 4137      74385F74 
 4137      00
 4138              	.LASF44:
 4139 0976 73747274 		.ascii	"strtok\000"
 4139      6F6B00
 4140              	.LASF102:
 4141 097d 575F444F 		.ascii	"W_DOT\000"
 4141      5400
 4142              	.LASF58:
 4143 0983 73746174 		.ascii	"state\000"
 4143      6500
 4144              	.LASF51:
 4145 0989 5F5A4E33 		.ascii	"_ZN3EKF17update_quaternionERK4Quatf\000"
 4145      454B4631 
 4145      37757064 
 4145      6174655F 
 4145      71756174 
 4146              	.LASF164:
 4147 09ad 5F6C616E 		.ascii	"_lane_p\000"
 4147      655F7000 
 4148              	.LASF165:
 4149 09b5 5F6C616E 		.ascii	"_lane_q\000"
 4149      655F7100 
 4150              	.LASF166:
 4151 09bd 5F6C616E 		.ascii	"_lane_r\000"
 4151      655F7200 
ARM GAS  /tmp/cc0z6zZn.s 			page 82


 4152              	.LASF62:
 4153 09c5 69735F76 		.ascii	"is_valid\000"
 4153      616C6964 
 4153      00
 4154              	.LASF114:
 4155 09ce 494D5552 		.ascii	"IMURaw\000"
 4155      617700
 4156              	.LASF80:
 4157 09d5 505F4D41 		.ascii	"P_MAX_BIAS_G\000"
 4157      585F4249 
 4157      41535F47 
 4157      00
 4158              	.LASF12:
 4159 09e2 73686F72 		.ascii	"short unsigned int\000"
 4159      7420756E 
 4159      7369676E 
 4159      65642069 
 4159      6E7400
 4160              	.LASF106:
 4161 09f5 496E7075 		.ascii	"InputIdx\000"
 4161      74496478 
 4161      00
 4162              	.LASF162:
 4163 09fe 5F76645F 		.ascii	"_vd_filt\000"
 4163      66696C74 
 4163      00
 4164              	.LASF155:
 4165 0a07 5F707265 		.ascii	"_prev_p\000"
 4165      765F7000 
 4166              	.LASF156:
 4167 0a0f 5F707265 		.ascii	"_prev_q\000"
 4167      765F7100 
 4168              	.LASF157:
 4169 0a17 5F707265 		.ascii	"_prev_r\000"
 4169      765F7200 
 4170              	.LASF134:
 4171 0a1f 5F5A4E4B 		.ascii	"_ZNK12StateManager9get_stateEPf\000"
 4171      31325374 
 4171      6174654D 
 4171      616E6167 
 4171      65723967 
 4172              	.LASF170:
 4173 0a3f 69426179 		.ascii	"iBay\000"
 4173      00
 4174              	.LASF158:
 4175 0a44 5F70646F 		.ascii	"_pdot_filt\000"
 4175      745F6669 
 4175      6C7400
 4176              	.LASF93:
 4177 0a4f 5F5A4E33 		.ascii	"_ZN3EKF15_normalize_quatEv\000"
 4177      454B4631 
 4177      355F6E6F 
 4177      726D616C 
 4177      697A655F 
 4178              	.LASF94:
 4179 0a6a 5F5A4E33 		.ascii	"_ZN3EKF8_build_FEfPKf\000"
 4179      454B4638 
ARM GAS  /tmp/cc0z6zZn.s 			page 83


 4179      5F627569 
 4179      6C645F46 
 4179      4566504B 
 4180              		.text
 4181              		.section	.gnu.lto_.odr_types.58151b275662964f,"e",%progbits
 4182 0000 789CCB67 		.ascii	"x\234\313g``\230\305\000\001\214\214\002<\034\214\014"
 4182      606098C5 
 4182      00018C8C 
 4182      023C1C8C 
 4182      0C
 4183 0011 021C8C8C 		.ascii	"\002\034\214\214\"\034\214L\022\034\214\3142\034\214"
 4183      221C8C4C 
 4183      121C8CCC 
 4183      321C8C
 4184 0020 2C0A1C8C 		.ascii	",\012\034\214\254*\034\214l\232\034\214\354z\034\214"
 4184      AC2A1C8C 
 4184      6C9A1C8C 
 4184      EC7A1C8C 
 4185 0030 1CC61C8C 		.ascii	"\034\306\034\214\234\026\034\214\\v\034\214\334.\034"
 4185      9C161C8C 
 4185      5C761C8C 
 4185      DC2E1C
 4186 003f 8C3C5E1C 		.ascii	"\214<^\034\214\274\001\034\214|a\034\214\374\363\337"
 4186      8CBC011C 
 4186      8C7C611C 
 4186      8CFCF3DF 
 4187 004f 7F98FFE3 		.ascii	"\177\230\377\343\362\303\377\252\013/\276\230\336\267"
 4187      F2C3FFAA 
 4187      0B2FBE98 
 4187      DEB7
 4188 005d F1C9058D 		.ascii	"\361\311\005\215_G\227\367\314\234\322\365w\021\343"
 4188      5F4797F7 
 4188      CC9CD2F5 
 4188      7711E3
 4189 006c BE3B8F4E 		.ascii	"\276;\217N,\274\372b\356>\306\031\233VL\335\305\316"
 4189      2CBCFA62 
 4189      EE3EC619 
 4189      9B564CDD 
 4189      C5CE
 4190 007e E567ECEA 		.ascii	"\345g\354\352\355\026Z\022\357\312\300\234\031\001\304"
 4190      ED165A12 
 4190      EFCAC09C 
 4190      1901C4
 4191 008d 91401C05 		.ascii	"\221@\034\005\304\241@\034\006\304\341\014,\231\201"
 4191      C4A1401C 
 4191      06C4E10C 
 4191      2C9981
 4192 009c 0620C210 		.ascii	"\006 \302\020D\030\201\010c\006\326L\247\304\0120Y\011"
 4192      44188108 
 4192      6306D64C 
 4192      A7C40A30 
 4192      5909
 4193 00ae 26AB4064 		.ascii	"&\253@d:X$\035,\222^\305\240\250\237\221\237\233\252"
 4193      3A58241D 
 4193      2C925EC5 
 4193      A0A89F91 
 4193      9F9BAA
ARM GAS  /tmp/cc0z6zZn.s 			page 84


 4194 00c1 9F9998A7 		.ascii	"\237\231\230\247\357\222\237\\\232\233\232WR\254\357"
 4194      EF929F5C 
 4194      9A9B9A57 
 4194      52ACEF
 4195 00d0 1410E413 		.ascii	"\024\020\344\023\237\224\230\223\230\227\234\312 S\\"
 4195      9F949893 
 4195      98979CCA 
 4195      20535C
 4196 00df 94AC5F5C 		.ascii	"\224\254_\\\222X\222\032\237Z\\\222\231\233X\222_\244"
 4196      9258921A 
 4196      9F5A5C92 
 4196      999B5892 
 4196      5FA4
 4197 00f1 0F748E5E 		.ascii	"\017t\216^FA\001\003\000l\037M\""
 4197      46410103 
 4197      006C1F4D 
 4197      22
 4198              		.text
 4199              		.section	.gnu.lto_.profile.58151b275662964f,"e",%progbits
 4200 0000 789C6362 		.ascii	"x\234cb\000\001\000\000\022\000\003"
 4200      00010000 
 4200      120003
 4201              		.text
 4202              		.section	.gnu.lto_.icf.58151b275662964f,"e",%progbits
 4203 0000 789CF364 		.ascii	"x\234\363d@\000\036\206\255\233\266\377cb\\\262l\355"
 4203      40001E86 
 4203      AD9BB6FF 
 4203      63625CB2 
 4203      6CED
 4204 0012 045EE6A7 		.ascii	"\004^\346\247\255sWq\261t\\\271z\223\223\265\273{\343"
 4204      AD735771 
 4204      B1745CB9 
 4204      7A9393B5 
 4204      BB7BE3
 4205 0025 2D7EB69F 		.ascii	"-~\266\237\023:\230\331\017\374\237\266\211\227c\372"
 4205      133A98D9 
 4205      0FFC9FB6 
 4205      899763FA 
 4206 0035 84D9C7D9 		.ascii	"\204\331\307\3318\301$\027\230\344~\377vn\003\033\317"
 4206      38C12417 
 4206      98E47EFF 
 4206      766E031B 
 4206      CF
 4207 0046 CBABFB6E 		.ascii	"\313\253\373n\3620\000\000\355\324\"\007"
 4207      F2300000 
 4207      EDD42207 
 4208              		.text
 4209              		.section	.gnu.lto_.ipa_sra.58151b275662964f,"e",%progbits
 4210 0000 789C8590 		.ascii	"x\234\205\220Q\022\302 \014D\363H\322\242\366\244\336"
 4210      5112C220 
 4210      0C44F348 
 4210      D2A2F6A4 
 4210      DE
 4211 0011 A07F1DF5 		.ascii	"\240\177\035\365(\034\320\017\017`\201\202S\247\216"
 4211      281CD00F 
 4211      0F608182 
 4211      53A78E
ARM GAS  /tmp/cc0z6zZn.s 			page 85


 4212 0020 CB24936C 		.ascii	"\313$\223l6\201pE:&q9\000\002E\245\202\2621\006I%)\317"
 4212      36817045 
 4212      3A267139 
 4212      000245A5 
 4212      82B23106 
 4213 0038 D956CED4 		.ascii	"\331V\316\324\275\313+,\033V(v\323\212\204v\302\227"
 4213      BDCB2B2C 
 4213      1B562876 
 4213      D38A8476 
 4213      C297
 4214 004a E2936BEF 		.ascii	"\342\223k\357\251\325\177\371\340\353\233BR}\315\020"
 4214      A9D57FF9 
 4214      E0EB9B42 
 4214      527DCD10 
 4215 005a 19CA2D51 		.ascii	"\031\312-Q\306f8\213U5\267\034\334\263{d7\206>+\266"
 4215      C666388B 
 4215      5535B71C 
 4215      DCB37B64 
 4215      37863E2B 
 4216 006f 5D4F2D38 		.ascii	"]O-8\267\340\342\333^\373\377\371=v:n\2207\306b\013"
 4216      B7E0E2DB 
 4216      5EFBFFF9 
 4216      3D763A6E 
 4216      9037C662 
 4217 0084 43       		.ascii	"C"
 4218              		.text
 4219              		.section	.gnu.lto_.inline.58151b275662964f,"e",%progbits
 4220 0000 789CB553 		.ascii	"x\234\265S\277k\024A\024~\363\336\314\336\306\\\314"
 4220      BF6B1441 
 4220      147EF3DE 
 4220      CCDEC65C 
 4220      CC
 4221 0011 19445152 		.ascii	"\031DQR)\244\260\322\177d[\353\\\316\273\023#\350?\020"
 4221      29A4B0D2 
 4221      7F645BEB 
 4221      5CCEBB13 
 4221      23E83F10 
 4222 0025 C690E3EC 		.ascii	"\306\220\343\354\262HT\354.\022D\010\204@\"\330(\026"
 4222      B24854EC 
 4222      2E124408 
 4222      844022D8 
 4222      2816
 4223 0037 8211054D 		.ascii	"\202\021\005Mea\020\005\261\014\022\260\011\026~o\366"
 4223      65611005 
 4223      B10C12B0 
 4223      09167E6F 
 4223      F6
 4224 0048 E656CF28 		.ascii	"\346V\317(ZdYv\336\357\367\355\373\336\254Z\032<U\232"
 4224      5A645976 
 4224      DEEFF7ED 
 4224      FBDEAC5A 
 4224      1A3C559A 
 4225 005c 3CE1BDFF 		.ascii	"<\341\275\377(-\307dVD]\006\247\303\311\247\340\311"
 4225      282DC764 
 4225      56445D06 
 4225      A7C3C9A7 
 4225      E0C9
ARM GAS  /tmp/cc0z6zZn.s 			page 86


 4226 006e A5493402 		.ascii	"\245I4\002\341\2314\230\030fw\024\237P\302\320\324\015"
 4226      E1993498 
 4226      18667714 
 4226      9F50C2D0 
 4226      D40D
 4227 0080 EF1FF365 		.ascii	"\357\037\363ec47\321\234\013\010]\3426\321I\010o\271"
 4227      633437D1 
 4227      9C0B085D 
 4227      E236D149 
 4227      086FB9
 4228 0093 59E4F0A8 		.ascii	"Y\344\360\250Ax\236\011\235E\306wd\020Oi_\215<\035\000"
 4228      41789E09 
 4228      9D45C677 
 4228      64104F69 
 4228      5F8D3C1D 
 4229 00a8 F423A58A 		.ascii	"\364#\245\212H\316\263<\2634\276\267\3770\347\266\013"
 4229      48CEB33C 
 4229      B334BEB7 
 4229      FF30E7B6 
 4229      0B
 4230 00b9 D5E1F26F 		.ascii	"\325\341\362o*d\217w\337\275\330\222\026Q\012o\217/"
 4230      2A648F77 
 4230      DFBDD892 
 4230      16510A6F 
 4230      8F2F
 4231 00cb 699A4105 		.ascii	"i\232A\005\317u&;\220\003B\367\332t\344\366\363\371"
 4231      CF75263B 
 4231      900342F7 
 4231      DA74E4F6 
 4231      F3F9
 4232 00dd 273CEB88 		.ascii	"'<\353\210;vw\367\375g\276Bt\361\346Bw\235\333\361\177"
 4232      3B7677F7 
 4232      FD67BE42 
 4232      74F1E642 
 4232      779DDBF1 
 4233 00f2 D0D16AC7 		.ascii	"\320\321j\307\320u\014\232\250DQTP\024\340\227\226!"
 4233      D0750C9A 
 4233      A8445154 
 4233      5014E097 
 4233      9621
 4234 0104 1F47E0D1 		.ascii	"\037G\340\321\243#\032\013\216<\013\003\223\242\374"
 4234      A3231A0B 
 4234      8E3C0B03 
 4234      93A2FC
 4235 0113 9FE4FF0A 		.ascii	"\237\344\377\012\376\0279\241\352\335\215/;\322tB\327"
 4235      FE1739A1 
 4235      EADD8D2F 
 4235      3BD27442 
 4235      D7
 4236 0124 56846F09 		.ascii	"V\204o\011>\206\244\207\031\322u\2257M\241`\266\\\330"
 4236      3E86A487 
 4236      19D27595 
 4236      374DA160 
 4236      B65CD8
 4237 0137 3132B0E3 		.ascii	"12\260\343\347\210\022=\271\361\313lkLN\367\200\033"
 4237      E788123D 
 4237      B9F1CB6C 
ARM GAS  /tmp/cc0z6zZn.s 			page 87


 4237      6B4C4EF7 
 4237      801B
 4238 0149 54439F64 		.ascii	"TC\237d\034\024\220\213s\313\263\012\235\203{\013|\361"
 4238      1C14908B 
 4238      73CBB30A 
 4238      9D837B0B 
 4238      7CF1
 4239 015b 4F7CC5A5 		.ascii	"O|\305\245\262\347\265\216\362v&\024l\375\215\267tr"
 4239      B2E7B58E 
 4239      F2762614 
 4239      6CFD8DB7 
 4239      7472
 4240 016d 024A2F2E 		.ascii	"\002J/.\345p\251\340d\354e\342\177\2079\274\002\203"
 4240      E570A9E0 
 4240      64EC65E2 
 4240      7F8739BC 
 4240      0283
 4241 017f 6D1D398C 		.ascii	"m\0359\214\242G\016\243\350(M\254\336_[\227\246\021"
 4241      A2470EA3 
 4241      E8284DAC 
 4241      DE5F5B97 
 4241      A611
 4242 0191 73157751 		.ascii	"s\025wQ\271\253\030D\317\3519\013\213yd\372Z\377\256"
 4242      B9AB1844 
 4242      CFE9390B 
 4242      8B7964FA 
 4242      5AFFAE
 4243 01a4 26E2EF2C 		.ascii	"&\342\357,.\360\214\336\325W\335\371\342\256\332\242"
 4243      2EF08CDE 
 4243      D557DDF9 
 4243      E2AEDAA2 
 4244 01b4 29E832CB 		.ascii	")\3502\313\237\276m\363t\312\204\327\275\274\267\361"
 4244      9FBE6DF3 
 4244      74CA84D7 
 4244      BDBCB7F1 
 4245 01c4 406652D0 		.ascii	"@fR\320\307\301^O\251\226\036Di\225\216=]\332\371\300"
 4245      C7C15E4F 
 4245      A9961E44 
 4245      69958E3D 
 4245      5DDAF9C0 
 4246 01d8 58A200A4 		.ascii	"X\242\000\244l{ \210\264\334\237\362wK\020\311\336\366"
 4246      6C7B2088 
 4246      B4DC9FF2 
 4246      774B10C9 
 4246      DEF6
 4247 01ea D77DF40D 		.ascii	"\327}\364\015 \242\202\244\201\010\020\222\257-v\270"
 4247      20A282A4 
 4247      81081092 
 4247      AF2D76B8 
 4248 01fa 6EC374A2 		.ascii	"n\303t\242RL\345\007\256b\376\300"
 4248      524CE507 
 4248      AE62FEC0 
 4249              		.text
 4250              		.section	.gnu.lto_.jmpfuncs.58151b275662964f,"e",%progbits
 4251 0000 789CBD54 		.ascii	"x\234\275T;n\3030\014\025%Z\361GINPt/z\207\334\3146"
 4251      3B6EC330 
 4251      0C15255A 
ARM GAS  /tmp/cc0z6zZn.s 			page 88


 4251      F147494E 
 4251      50742F7A 
 4252 0018 DA2C59B3 		.ascii	"\332,Y\263v\214\217\220\356F\246\036#s\012t\352X@\241"
 4252      768C8F90 
 4252      EE46A61E 
 4252      23730A74 
 4252      EA5840A1 
 4253 002c 2BB976AC 		.ascii	"+\271v\254\330\265\202\300\004\036\004=R\217\222H\351"
 4253      D8B582C0 
 4253      041E043D 
 4253      528F9248 
 4253      E9
 4254 003d 14B03F53 		.ascii	"\024\260?S,\200\312\036\263B ! \2045B\306\240D`\204"
 4254      2C80CA1E 
 4254      B3422021 
 4254      20843542 
 4254      C6A04460 
 4255 0052 1FADF512 		.ascii	"\037\255\365\022\370V\024\"\0020\203\2568'\004\366\000"
 4255      F8561422 
 4255      023083AE 
 4255      382704F6 
 4255      00
 4256 0063 EFE04757 		.ascii	"\357\340GWF\011%o\374F\\X\007v\034\256\236 \352\011"
 4256      4609256F 
 4256      FC465C58 
 4256      07761CAE 
 4256      9E20EA09 
 4257 0077 9ED12CC0 		.ascii	"\236\321,\300\2409\226\224\205\210iL\010\2120\017\273"
 4257      A0399694 
 4257      8588694C 
 4257      088A300F 
 4257      BB
 4258 0088 59300573 		.ascii	"Y0\005s\033\227tw.\377\013\340\017/yN[\315k\003\312"
 4258      1B977477 
 4258      2EFF0BE0 
 4258      0F2F794E 
 4258      5BCD6B03 
 4259 009d 4C51030B 		.ascii	"LQ\003\013/\256\341w\375\372K\353\225\3258\276m^\255"
 4259      2FAEE177 
 4259      FDFA4BEB 
 4259      95D538BE 
 4259      6D5EAD
 4260 00b0 06C7D467 		.ascii	"\006\307\324gC\243u\3754\276\033\215\362\360\271\263"
 4260      43A375FD 
 4260      34BE1B8D 
 4260      F2F0B9B3 
 4261 00c0 1AE8576D 		.ascii	"\032\350Wm\317py\227\026Cs\000\325T\347\243\336\275"
 4261      CF707997 
 4261      16437300 
 4261      D554E7A3 
 4261      DEBD
 4262 00d2 A9BE642D 		.ascii	"\251\276d-\353\237\214\327\031\324\365w\266\032\272"
 4262      EB9F8CD7 
 4262      19D4F577 
 4262      B61ABA
 4263 00e1 4A484808 		.ascii	"JHH\010\2120\217\2517\340zOc\312]\217p)\354R3\016 \354"
 4263      8A308FA9 
ARM GAS  /tmp/cc0z6zZn.s 			page 89


 4263      37E07A4F 
 4263      63CA5D8F 
 4263      7029EC52 
 4264 00f9 A7B008ED 		.ascii	"\247\260\010\355\253r?\204[J\321CGS$\211\247H\222\014"
 4264      AB723F84 
 4264      5B4AD143 
 4264      47532489 
 4264      A748920C 
 4265 010d FCA9BDB5 		.ascii	"\374\251\275\265\252\251\354\366\232\251\201\274\354"
 4265      AAA9ECF6 
 4265      9AA981BC 
 4265      EC
 4266 011a 0C875892 		.ascii	"\014\207X\222\354"
 4266      EC
 4267              		.text
 4268              		.section	.gnu.lto_.pureconst.58151b275662964f,"e",%progbits
 4269 0000 789C05C1 		.ascii	"x\234\005\301\311\001\000\020\020\004\301E\273\371\313"
 4269      C9010010 
 4269      1004C145 
 4269      BBF9CB
 4270 000f 40A482D8 		.ascii	"@\244\202\330\211V\3255\263m\"\210x\222\340\221Eq\252"
 4270      8956D535 
 4270      B36D2288 
 4270      7892E091 
 4270      4571AA
 4271 0022 684E7786 		.ascii	"hNw\2063\305\022\037\230\321\007\352"
 4271      33C5121F 
 4271      98D107EA 
 4272              		.text
 4273              		.section	.gnu.lto_.lto.58151b275662964f,"e",%progbits
 4274 0000 09000400 		.ascii	"\011\000\004\000\001\000\000\000"
 4274      01000000 
 4275              		.text
 4276              		.section	.gnu.lto__ZN12StateManagerC2Ev.485.58151b275662964f,"e",%progbits
 4277 0000 789C9594 		.ascii	"x\234\225\224\313kSA\024\306\317\231\2717\311M\037\326"
 4277      CB6B5341 
 4277      14C6CF99 
 4277      B937C94D 
 4277      1FD6
 4278 0012 C74A146B 		.ascii	"\307J\024kAL\005\233.\024)\270\020uQDQ\364\017(\327"
 4278      414C059B 
 4278      2E1429B8 
 4278      10755144 
 4278      51F40F28 
 4279 0027 78B50193 		.ascii	"x\265\001\223\226&\256\235\306\324E]\2304\272\253U\256"
 4279      9626AE9D 
 4279      C6D4455D 
 4279      9834BAAB 
 4279      55AE
 4280 0039 C1851BF1 		.ascii	"\301\205\033\361\205\266*D\021)\010\365\011\005\321"
 4280      85B62A44 
 4280      112908F5 
 4280      0905D1
 4281 0048 5210C48A 		.ascii	"R\020\304\212h)TJ\025\365\233\333\244\245.jo \223\363"
 4281      6829544A 
 4281      15F59BDB 
 4281      A4A52E6A 
ARM GAS  /tmp/cc0z6zZn.s 			page 90


 4281      6F2093F3 
 4282 005c F87E73E6 		.ascii	"\370~s\346\234!\263.@\024'\242\004\276\034 \356\313"
 4282      9C21B32E 
 4282      401427A2 
 4282      04BE1C20 
 4282      EECB
 4283 006e F70A524A 		.ascii	"\367\012RJ\355\012\012.\344\303\236%EO\376\234\340\207"
 4283      ED0A0A2E 
 4283      E4C39E25 
 4283      454FFE9C 
 4283      E087
 4284 0080 0CAFCEC8 		.ascii	"\014\257\316\310\346k\361\333l\030\\\270\331\373\342"
 4284      E66BF1DB 
 4284      6C185CB8 
 4284      D9FBE2
 4285 008f 8DE5494C 		.ascii	"\215\345IL\356\316\367\216^\025\374\200=\237\351\264"
 4285      EECEF78E 
 4285      5E15FC80 
 4285      3D9FE9B4 
 4286 009f 9086C958 		.ascii	"\220\206\311X\211K\006\313\205\205\364\207\251 \373"
 4286      894B06CB 
 4286      8585F487 
 4286      A920FB
 4287 00ae 25F7C922 		.ascii	"%\367\311\"\362F\331b\256o,)5\323S\030\312\006{Z\213"
 4287      F246D962 
 4287      AE6F2C29 
 4287      35D35318 
 4287      CA067B5A 
 4288 00c3 52D000D2 		.ascii	"R\320\000\322w\231\357\260\206 \223\373\364\272\371"
 4288      7799EFB0 
 4288      862093FB 
 4288      F4BAF9
 4289 00d2 A95293D7 		.ascii	"\251R\223\327g&\025C$\371\036\017\200\235\223\361}F"
 4289      67261543 
 4289      24F91E0F 
 4289      809D93F1 
 4289      7D46
 4290 00e4 E8E0ED88 		.ascii	"\350\340\355\210\326\344\372\257\224\214\212\202\026"
 4290      D6E4FAAF 
 4290      948C8A82 
 4290      16
 4291 00f1 2B4622DE 		.ascii	"+F\"\336\206h_\303CL\236E\332\322A4\342\231({\343\265"
 4291      86685FC3 
 4291      434C9E45 
 4291      DAD24134 
 4291      E299287B 
 4292 0107 5952BFFE 		.ascii	"YR\277\376\\V\352}\255\330\300T\224\206\300b\232\314"
 4292      5C56EA7D 
 4292      ADD8C054 
 4292      9486C062 
 4292      9ACC
 4293 0119 831CD4AE 		.ascii	"\203\034\324\256\245\227\260\216\021\235\227z|\212Y"
 4293      A597B08E 
 4293      119D977A 
 4293      7C8A59
 4294 0128 95887252 		.ascii	"\225\210rR\3149\335p\276\361\223\261\301\213;\313\315"
 4294      CC39DD70 
ARM GAS  /tmp/cc0z6zZn.s 			page 91


 4294      BEF193B1 
 4294      C18B3BCB 
 4294      CD
 4295 0139 0AA66B7A 		.ascii	"\012\246kzV\303J\211\242\014\270\322\344GL-\015\260"
 4295      56C34A89 
 4295      A20CB8D2 
 4295      E4474C2D 
 4295      0DB0
 4296 014b A1CC5CC0 		.ascii	"\241\314\\\300h\0331rW\006\001x\312\320\202\014\241"
 4296      681B3172 
 4296      57060178 
 4296      CAD0820C 
 4296      A1
 4297 015c E6B94890 		.ascii	"\346\271H\220K|I\3174[\226\204\370\2617\254\234\224"
 4297      4B7C49CF 
 4297      345B9684 
 4297      F8B137AC 
 4297      9C94
 4298 016e BAB4A14B 		.ascii	"\272\264\241K\033_X5\320\004g?\357qQx\253\316\317\262"
 4298      1B5F5835 
 4298      D004673F 
 4298      EF715178 
 4298      ABCECFB2 
 4299 0182 DE5B0857 		.ascii	"\336[\010WZ\206\230e\241\317d\262\320\2010\372\313I"
 4299      5A869865 
 4299      A1CF64B2 
 4299      D08130FA 
 4299      CB49
 4300 0194 A31BB8D4 		.ascii	"\243\033\270\324\270\234\344l=\012\340\234\326\000."
 4300      B89CE46C 
 4300      3D0AE09C 
 4300      D6002E
 4301 01a3 855C8911 		.ascii	"\205\\\211\021\206q\3143\267\316b\027\313\255\334\344"
 4301      8671CC33 
 4301      B7CE6217 
 4301      CBADDCE4 
 4302 01b3 CB0879A5 		.ascii	"\313\010y\245\220\351\327\231p\245\\N\232\363\203\020"
 4302      90E9D799 
 4302      70A55C4E 
 4302      9AF38310 
 4303 01c3 686F2A54 		.ascii	"ho*T\351jq\377\345\256L~\206\256\320\007o\241\377\253"
 4303      E96A71FF 
 4303      E5AE4C7E 
 4303      86AED007 
 4303      6FA1FFAB 
 4304 01d7 AB78186A 		.ascii	"\253x\030j\234K\037\242\212\365\2443?\226F\252\3719"
 4304      9C4B1FA2 
 4304      8AF5A433 
 4304      3F9646AA 
 4304      F939
 4305 01e9 10CC6D3D 		.ascii	"\020\314m=0\\\\\365\262\230\0210\206O\346\025\030\323"
 4305      305C5CF5 
 4305      B2981130 
 4305      864FE615 
 4305      18D3
 4306 01fb 27F3164C 		.ascii	"'\363\026L\300'3\012&\350\223y\007&\344\223\371\000"
 4306      C027330A 
ARM GAS  /tmp/cc0z6zZn.s 			page 92


 4306      26E89379 
 4306      0726E493 
 4306      F900
 4307 020d C6F2C98C 		.ascii	"\306\362\311\214\203\011\373d>\202\251\362\311|\002"
 4307      8309FB64 
 4307      3E82A9F2 
 4307      C97C02
 4308 021c 53ED9399 		.ascii	"S\355\223\231\000S\343\223\371\012\246\326'\363\035"
 4308      0053E393 
 4308      F90AA6D6 
 4308      27F31D
 4309 022b CC0A9FCC 		.ascii	"\314\012\237\314\024\230:\237\3144\230\225\213\2311"
 4309      14983A9F 
 4309      CC349895 
 4309      8B9931
 4310 023a 6B49A686 		.ascii	"kI\246\206g\300\254\"j\311hoY\304O\020\253}\021\277"
 4310      67C0AC22 
 4310      6AC9686F 
 4310      59C44F10 
 4310      AB7D11BF 
 4311 024e 41AC9927 		.ascii	"A\254\231'\24683>\335\212G\326\325\177\016\375j\362"
 4311      A638333E 
 4311      DD8A47D6 
 4311      D57F0EFD 
 4311      6AF2
 4312 0260 C2AB49B4 		.ascii	"\302\253I\2641\332\336\221p\242q;\031\335\333\021;\225"
 4312      31DADE91 
 4312      70A2713B 
 4312      19DDDB11 
 4312      3B95
 4313 0272 7092E954 		.ascii	"p\222\351Tt\367\241\303\373\333\216\332'\355d\314\241"
 4313      74F7A1C3 
 4313      FBDB8EDA 
 4313      27ED64CC 
 4313      A1
 4314 0283 4DA9AE58 		.ascii	"M\251\256X4\225\266\323N\233\223J\307\023v\272\243+"
 4314      3495B6D3 
 4314      4E9B934A 
 4314      C71376BA 
 4314      A32B
 4315 0295 7A44FB07 		.ascii	"zD\373\007\354\244}\302\351j\212uv\222\221n\217\247"
 4315      ECA47DC2 
 4315      E96A8A75 
 4315      7692916E 
 4315      8FA7
 4316 02a7 D6FE1B6E 		.ascii	"\326\376\033n\332\266}\207}\374\230\355\320_\010J\345"
 4316      DAB67D87 
 4316      7DFC98ED 
 4316      D05F084A 
 4316      E5
 4317 02b8 39       		.ascii	"9"
 4318              		.text
 4319              		.section	.gnu.lto__ZN12StateManager4initEv.487.58151b275662964f,"e",%progbits
 4320 0000 789C9555 		.ascii	"x\234\225U]h\034e\024\275\347\2733;\273\311&V\233X\020"
 4320      5D681C65 
 4320      14BDE7BB 
 4320      333BBBC9 
ARM GAS  /tmp/cc0z6zZn.s 			page 93


 4320      26569B58 
 4321 0015 96A6486C 		.ascii	"\226\246Hl\214\222-\305\342kQ\237D\211\3307_\312\230"
 4321      8C922DC5 
 4321      E26B519F 
 4321      4489D837 
 4321      5FCA98
 4322 0028 AE36DAFC 		.ascii	"\2566\332\374\220]\237;\211\211\302\372\220l\322\206"
 4322      905D9F3B 
 4322      8989C2FA 
 4322      906CD286 
 4323 0038 22B19465 		.ascii	"\"\261\224e\221}\263QZ[\233\304U\353/*j)-\242\326\037"
 4323      917DB351 
 4323      5A5B9BC4 
 4323      55EB2F2A 
 4323      6A292DA2 
 4324 004e AA6BC434 		.ascii	"\252k\3044\006Q\221\226z\357\314\354\246\371\261l\026"
 4324      06519196 
 4324      7AEFCCEC 
 4324      A6F9B16C 
 4324      16
 4325 005f 7677EE9D 		.ascii	"vw\356\235s\356=\367~\314\231;\035\242g\211\350\204"
 4325      73EE3DF7 
 4325      7ECC993B 
 4325      1DA26789 
 4325      E884
 4326 0071 7C11238C 		.ascii	"|\021#\214\347\262\206<\317\333\355\030L\344\352\374"
 4326      E7B2863C 
 4326      CFDBED18 
 4326      4CE4EAFC 
 4327 0081 2B3623B9 		.ascii	"+6#\271\227\014f \321&k8\327(\377;,\013\023\323\331"
 4327      970C6620 
 4327      D1266B38 
 4327      D728FF3B 
 4327      2C0B13D3 
 4328 0096 BFF7F808 		.ascii	"\277\367\370\010\033\223U^\304\034\031{}\033\346\002"
 4328      1B93555E 
 4328      C41C197B 
 4328      7D1BE602 
 4329 00a6 F48B21DA 		.ascii	"\364\213!\332\301\344t\366=\333GD1\230\313\376r\330"
 4329      C1E474F6 
 4329      3DDB4744 
 4329      3198CBFE 
 4329      72D8
 4330 00b8 E034FC18 		.ascii	"\3404\374\030t\320\260eG\344\306AfB\311\002/\377\220"
 4330      74D0B065 
 4330      47E4C641 
 4330      6642C902 
 4330      2FFF90
 4331 00cb 7E4091FF 		.ascii	"~@\221\377\311O\360\335R\344\237\221\211\231\001\257"
 4331      C94FF0DD 
 4331      52E49F91 
 4331      899901AF 
 4332 00db 584241F2 		.ascii	"XBA\362G\203{DS\214q.0`\205W\006-r\305\017\323\366\263"
 4332      47837B44 
 4332      538C712E 
 4332      30608557 
 4332      062D72C5 
ARM GAS  /tmp/cc0z6zZn.s 			page 94


 4333 00f3 9E373675 		.ascii	"\23676u\254d\025\230\361&\204\201\223\300\011\020I\242"
 4333      AC641598 
 4333      F1268481 
 4333      93C00910 
 4333      49A2
 4334 0105 F3EA7692 		.ascii	"\363\352v\222~A\035\243\204g\264T\253\364Y\234\233\351"
 4334      7E411DA3 
 4334      8467B454 
 4334      ABF4599C 
 4334      9BE9
 4335 0117 FFC81396 		.ascii	"\377\310\023\226\205\267nd\021uf\333D\342\031\220LE"
 4335      85B76E64 
 4335      117566DB 
 4335      44E21990 
 4335      4C45
 4336 0129 9D236D21 		.ascii	"\235#m!\341\370\305S\236\027kY\2170\251\204\331\220"
 4336      E1F8C553 
 4336      9E176B59 
 4336      8F30A984 
 4336      D990
 4337 013b 70B84D92 		.ascii	"p\270M\222F\370\222y\355+\273\344]\275>\352yW6\177P"
 4337      46F89279 
 4337      ED2BBBE4 
 4337      5DBD3EEA 
 4337      7957367F 
 4338 0150 BF15A2C9 		.ascii	"\277\025\242\3116Z\233\025\357\000\247\364\244\316 "
 4338      365A9B15 
 4338      EF00A7F4 
 4338      A4CE20
 4339 015f E1D36994 		.ascii	"\341\323i\224u\361\036\340\225\210\306\330\004\301\240"
 4339      75F11EE0 
 4339      9588C6D8 
 4339      04C1A0
 4340 016e 04F3F07E 		.ascii	"\004\363\360~\274\326$\177C\307f-9?-\337N\012b\005Y"
 4340      BCD6247F 
 4340      43C7662D 
 4340      393F2DDF 
 4340      4E0A6205 
 4341 0183 0A62B9BB 		.ascii	"\012b\271\273[\253\345\331(!\177I\221\364+\206\313\017"
 4341      5BABE5D9 
 4341      28217F49 
 4341      91F42B86 
 4341      CB0F
 4342 0195 4A0AF7AA 		.ascii	"J\012\367\252\326\177a\320n\3469\3171\353\011\241[\203"
 4342      D67F61D0 
 4342      6EE639CF 
 4342      31EB09A1 
 4342      5B83
 4343 01a7 4267A51B 		.ascii	"Bg\245\033\355q}\037-`\350P\366\232\3113\302UG\240;"
 4343      ED717D1F 
 4343      2D60E850 
 4343      F69AC933 
 4343      C25547A0 
 4344 01bc 7B554FB8 		.ascii	"{UO\270\334T`'\317\016\336\366s;4\025/p\024%\274\302"
 4344      DC546027 
 4344      CF0EDEF6 
 4344      733B3415 
ARM GAS  /tmp/cc0z6zZn.s 			page 95


 4344      2F701425 
 4345 01d2 C131ED0C 		.ascii	"\3011\355\014a1\274\343\013!\032\366\231[dt\274+C.b"
 4345      6131BCE3 
 4345      0B211AF6 
 4345      995B6474 
 4345      BC2B432E 
 4346 01e7 A44572A6 		.ascii	"\244Er\246\300uGYbi$\270\002\327W\206\\\300\363S/H."
 4346      C0754759 
 4346      626924B8 
 4346      02D75786 
 4346      5CC0F353 
 4347 01fe A6A2EFD1 		.ascii	"\246\242\357\321\231[\374\241b\376\274\366\312\245\214"
 4347      995BFCA1 
 4347      62FEBCF6 
 4347      CAA58C
 4348 020d DBBA74D1 		.ascii	"\333\272t\321\274Tn\256\2524\313*UbT\317\354}Q(\335"
 4348      BC546EAE 
 4348      AA34CB2A 
 4348      556254CF 
 4348      EC7D5128 
 4349 0222 646B4A3B 		.ascii	"dkJ;\344s\376*\357\252r\356Z\303\211\343C\341\310\004"
 4349      E473FE2A 
 4349      EFAA72EE 
 4349      5AC389E3 
 4349      43E1C804 
 4350 0236 099D4262 		.ascii	"\011\235Bb\245,f\277\265\252\234\333\327\341|\"\034"
 4350      A52C66BF 
 4350      B5AA9CDB 
 4350      D7E17C22 
 4350      1C
 4351 0247 59053E46 		.ascii	"Y\005>F\01077\221\025\307\247\002\267\002\270\352\232"
 4351      08373791 
 4351      15C7A702 
 4351      B702B8EA 
 4351      9A
 4352 0258 AC49D7E7 		.ascii	"\254I\327\347B\2627\250\353K\341\310\223\200/j\323u"
 4352      42B237A8 
 4352      EB4BE1C8 
 4352      93802F6A 
 4352      D375
 4353 026a 4EE04E00 		.ascii	"N\340N\000W]Gj\322u^H\321\015\352\272(\0349Y\\\250M"
 4353      575D476A 
 4353      D2755E48 
 4353      D10DEABA 
 4353      281C3959 
 4354 0281 D7D702AF 		.ascii	"\327\327\002\257\013\340\252\353\345\232t}#\244\372"
 4354      0BE0AAEB 
 4354      E59A747D 
 4354      23A4FA
 4355 0290 0DEABA24 		.ascii	"\015\352\272$\234\2704\372\2566]?\010\274!\200\253\256"
 4355      9CB834FA 
 4355      AE365D3F 
 4355      08BC2180 
 4355      ABAE
 4356 02a2 A99A74FD 		.ascii	"\251\232t\375$\244\306\015\352\372Y8\267H\243\313\265"
 4356      24A4C60D 
 4356      EAFA5938 
ARM GAS  /tmp/cc0z6zZn.s 			page 96


 4356      B748A3CB 
 4356      B5
 4357 02b3 E92A0B7C 		.ascii	"\351*\013|S\000W]\307Q\361\2209\365\247\320C\"\253="
 4357      5300575D 
 4357      C751F190 
 4357      39F5A7D0 
 4357      4322AB3D 
 4358 02c7 64561E37 		.ascii	"dV\0367\256x\310\\\325C\270\342!\214v[=$\341\250\207"
 4358      AE78C85C 
 4358      D543B8E2 
 4358      218C765B 
 4358      3D24E1A8 
 4359 02dc 382B3DE4 		.ascii	"8+=\344\215\224?{1Y\021V\354X\353\032\255\005n\300\274"
 4359      8D943F7B 
 4359      31591156 
 4359      EC58EB1A 
 4359      AD056EC0 
 4360 02f1 88BB9568 		.ascii	"\210\273\225hg\210\211\3437\277\357\352\215|\266\274"
 4360      678889E3 
 4360      37BFEFEA 
 4360      8D7CB6BC 
 4361 0301 91AD6B2A 		.ascii	"\221\255k*\025\267h\245\005\251t[PI1q\\\011+\341\367"
 4361      15B768A5 
 4361      05A9745B 
 4361      50493171 
 4361      5C092BE1 
 4362 0316 704F97AB 		.ascii	"pO\227\253{*6\257kb\015\370C\212l\016\3454k\221\245"
 4362      7B2A36AF 
 4362      6B620DF8 
 4362      438A6C0E 
 4362      E5346B91 
 4363 032b 1B8AE864 		.ascii	"\033\212\350d\323\315UsJ\3506Bs\322m%\374EFW\232\323"
 4363      D3CD5573 
 4363      4AE83642 
 4363      73D26D25 
 4363      FC454657 
 4364 0341 C9AA3915 		.ascii	"\311\2529\025ofN\215\370S:7\021\251\3336\002\264\204"
 4364      6F664E8D 
 4364      F8533A37 
 4364      11A9DB36 
 4364      02B484
 4365 0354 A1EF4FDB 		.ascii	"\241\357O\333\376\213o\224\261\374J \332\226\334\337"
 4365      FE8B6F94 
 4365      B1FC4A20 
 4365      DA96DCDF 
 4366 0364 D7934A76 		.ascii	"\327\223Jv\273\275\311\207\372\272\236\353I\365f\322"
 4366      BBBDC987 
 4366      FABA9EEB 
 4366      49F566D2 
 4367 0374 C9071E7B 		.ascii	"\311\007\036{\374\221\275O\272\007\334\336\256\024\265"
 4367      FC91BD4F 
 4367      BA07DCDE 
 4367      AE14B5
 4368 0383 A607BA92 		.ascii	"\246\007\272\222\351\214\233I\355M\2453\335=n\246o "
 4368      E98C9B49 
 4368      ED4DA533 
 4368      DD3D6EA6 
ARM GAS  /tmp/cc0z6zZn.s 			page 97


 4368      6F20
 4369 0395 B947E347 		.ascii	"\271G\343G\335^\367\351\324@GW\177?Y\231\375\335\351"
 4369      DD5EF7E9 
 4369      D4404757 
 4369      7F3F5999 
 4369      FDDDE9
 4370 03a8 3B56A73B 		.ascii	";V\247;\356\333u\277\373\324>7E\350\376\017utg\277"
 4370      EEDB75BF 
 4370      FBD43E37 
 4370      45E8FE0F 
 4370      757467BF 
 4371              		.text
 4372              		.section	.gnu.lto__ZN12StateManager6updateEfPK6IMURawRK9CANIMURawRK8MocapRaw.488.58151b275662964f,
 4373 0000 789C5D92 		.ascii	"x\234]\222IhSQ\024\206\357\377\356\313\324T\355\246"
 4373      49685351 
 4373      1486EFFF 
 4373      EECBD454 
 4373      EDA6
 4374 0012 45745331 		.ascii	"EtS1\245\330E\343Bq[T\020D\2118,%<\323h#\315\320\014"
 4374      A5D845E3 
 4374      42715B54 
 4374      10448938 
 4374      2C253CD3 
 4375 002b 1657B94D 		.ascii	"\026W\271M\242EA\323A\027\322\032%\306i\345\000j\325"
 4375      A24541D3 
 4375      4117D21A 
 4375      25C669E5 
 4375      006AD5
 4376 003e 56535BB5 		.ascii	"VS[\265\243\015\202\202\2428\200\213\026i\213\253\""
 4376      A30D8282 
 4376      A238808B 
 4376      16698BAB 
 4376      22
 4377 004f A29EFB5E 		.ascii	"\242\236\373^\032\203\017\336{\347\334\373\235\377\234"
 4377      1A830FDE 
 4377      7BE7DCFB 
 4377      9DFF9C
 4378 005e 7BCEDDC6 		.ascii	"{\316\335\306\031\353g\214\355\247\027f\206\236\356"
 4378      19EB678C 
 4378      EDA71766 
 4378      869EEE
 4379 006d D30A1342 		.ascii	"\323\012\023B4Y\024%\331}V\301$\276_\371R\255\246\272"
 4379      34591425 
 4379      D97D56C1 
 4379      24BE5FF9 
 4379      52ADA6BA 
 4380 0081 EDE73E64 		.ascii	"\355\347>d\032T\216\363%BE\265\3767\241\243\273B\267"
 4380      1A548EF3 
 4380      254245B5 
 4380      FE37A1A3 
 4380      BB42B7
 4381 0094 C0E20A57 		.ascii	"\300\342\012WM\210\333\342\305\247\227o\240\235\245"
 4381      4D88DBE2 
 4381      C5A7976F 
 4381      A09DA5
 4382 00a3 13BD7377 		.ascii	"\023\275sw-\342F\0369\312\227\241W\177\3729zx\216\003"
 4382      2DE2461E 
ARM GAS  /tmp/cc0z6zZn.s 			page 98


 4382      39CA97A1 
 4382      577FFA39 
 4382      7A788E03 
 4383 00b7 6AD15250 		.ascii	"j\321RPK\026\337\311\352G\205\350\352\277\234Ws\234"
 4383      4B16DFC9 
 4383      EA4785E8 
 4383      EABF9C57 
 4383      739C
 4384 00c9 E3012802 		.ascii	"\343\001(\002\367\201{`\030 \011\356ZX/\271\243\254"
 4384      F7817B60 
 4384      182009EE 
 4384      5A582FB9 
 4384      A3AC
 4385 00db 9EC40BE3 		.ascii	"\236\304\013\343\363B\330X\216\253xXN>\"Ru-\351\244"
 4385      F342D858 
 4385      8EAB7858 
 4385      4E3E2252 
 4385      752DE9A4 
 4386 00ef 9FD5E789 		.ascii	"\237\325\347\211\234\0330H\023\036\227\223\203D\232"
 4386      9C1B3048 
 4386      131E9793 
 4386      83449A
 4387 00fe 5C498724 		.ascii	"\\I\207$\333\364\334\205\276d\247\250\242\354f\014\225"
 4387      DBF4DC85 
 4387      BE64A7A8 
 4387      A2EC660C 
 4387      95
 4388 010f 934F8834 		.ascii	"\223O\2104\273\322:y\334 \247\212\244\005O\313IyT\213"
 4388      BBD23A79 
 4388      DC20A78A 
 4388      A4054FCB 
 4388      4979548B 
 4389 0123 ABCFA19F 		.ascii	"\253\317\241\237\222\307\345\267.%\304\342\307\253\023"
 4389      92C7E5B7 
 4389      2E25C4E2 
 4389      C7AB13
 4390 0132 6BBB3AAC 		.ascii	"k\273:\2549n\305p9\377\014\214\271\306u\341SX\246o\317"
 4390      396EC570 
 4390      39FF0C8C 
 4390      B9C675E1 
 4390      5358A66F 
 4391 0147 7C3B23AA 		.ascii	"|;#\252R\265\222\036)\247G%=\244\323\275\006M\215X\314"
 4391      52B5921E 
 4391      29A74725 
 4391      3DA4D3BD 
 4391      064D8D58 
 4392 015c 8CCC18DA 		.ascii	"\214\314\030\332*\236\227\323/$}\307Qjwe\251\335\237"
 4392      2A9E97D3 
 4392      2F247DC7 
 4392      516A7765 
 4392      A9DD9F
 4393 016f F5EA2E94 		.ascii	"\365\352.\224$\012}\011\352\020\345\263a\\W\030\003"
 4393      240A7D09 
 4393      EA10E5B3 
 4393      615C5718 
 4393      03
 4394 0180 5E92C284 		.ascii	"^\222\302\204T\270\3560K\213\344(\277,X\002\223\264"
ARM GAS  /tmp/cc0z6zZn.s 			page 99


 4394      54B8EE30 
 4394      4B8BE428 
 4394      BF2C5802 
 4394      93B4
 4395 0192 2B35FAFE 		.ascii	"+5\372\376\225\2610\030\032\023\324\221\012L\225W1-"
 4395      95B13018 
 4395      1A13D491 
 4395      0A4C9557 
 4395      312D
 4396 01a4 35DE4B0D 		.ascii	"5\336K\015\262(\016\257\340z\343\240E\320\302\255\327"
 4396      B2280EAF 
 4396      E07AE3A0 
 4396      45D0C2AD 
 4396      D7
 4397 01b5 A6BCF8F5 		.ascii	"\246\274\370\365'-\304\247\232\267\007+AC\262+\222\264"
 4397      272DC4A7 
 4397      9AB7072B 
 4397      4143B22B 
 4397      92B4
 4398 01c7 80466E05 		.ascii	"\200Fn\005\315\310\006\032i\005h\006vP{\031Ksv\362\322"
 4398      CDC8061A 
 4398      69056806 
 4398      76507B19 
 4398      4B7376F2 
 4399 01dc D23020F2 		.ascii	"\3220 \362\214uq\305p\222\344\314A|}w@\3266\217\304"
 4399      8C7571C5 
 4399      7092E4CC 
 4399      417C7D77 
 4399      40D6368F 
 4400 01f1 E0CD1559 		.ascii	"\340\315\025Y\216\342\221+\3652\257\201\352\244>\321"
 4400      8EE2912B 
 4400      F532AF81 
 4400      EAA43ED1 
 4401 0201 86053360 		.ascii	"\206\0053`\033\015\327\216\002.\352\227s\026\251\331"
 4401      1B0DD78E 
 4401      022EEA97 
 4401      7316A9D9 
 4402 0211 919AAC11 		.ascii	"\221\232\254\021c\207q]\2738\227)\230L\001J\221m\323"
 4402      6387715D 
 4402      BB389729 
 4402      984C014A 
 4402      916DD3
 4403 0224 17550A16 		.ascii	"\027U\012\026z^,b5KA\311\361\225\031NA\244\236\345\266"
 4403      7A5E2C62 
 4403      354B41C9 
 4403      F195194E 
 4403      41A49EE5 
 4404 0239 2CB76679 		.ascii	",\267fyE\226\333s|\025c?\241\240A\371=\275\203\216O"
 4404      4596DB73 
 4404      7C15633F 
 4404      A1A041F9 
 4404      3DBD838E 
 4405 024e C1A6CEE5 		.ascii	"\301\246\316\345\242\361\003\211&#Q\232\303XN\344\245"
 4405      A2F10389 
 4405      2623519A 
 4405      C3584EE4 
 4405      A5
ARM GAS  /tmp/cc0z6zZn.s 			page 100


 4406 025f BBCED912 		.ascii	"\273\316\331\022\364{\235>-\340\334\036\364\304\374"
 4406      F47B9D3E 
 4406      2DE0DC1E 
 4406      F4C4FC
 4407 026e DE4034E2 		.ascii	"\336@4\342\334\272g\357.\367!\255U\013x\274\254.\022"
 4407      DCBA67EF 
 4407      2EF721AD 
 4407      550B78BC 
 4407      AC2E12
 4408 0281 F6382351 		.ascii	"\3668#Q-\352u{#Q\237_\213\006\303\316}\322\337\255\005"
 4408      2DEA757B 
 4408      23519F5F 
 4408      8B06C3CE 
 4408      7DD2DFAD 
 4409 0296 B423DE70 		.ascii	"\264#\336p\243'\024bj\264\305\027Y\363\377r\343\246"
 4409      A3271462 
 4409      6AB4C517 
 4409      59F3FF72 
 4409      E3A6
 4410 02a8 CD5BB4C3 		.ascii	"\315[\264\303\315\232\227)\315Q\356\363\307,\036-\340"
 4410      CD9A9729 
 4410      CD51EEF3 
 4410      C72C1E2D 
 4410      E0
 4411 02b9 A6BFC91F 		.ascii	"\246\277\311\037\364h!\233\326\032j\321\334\241\266"
 4411      F468219B 
 4411      D61A6AD1 
 4411      DCA1B6
 4412 02c8 70D18A1D 		.ascii	"p\321\212\035k7\265\273#1?\332\341\373\013\204\312:"
 4412      6B37B5BB 
 4412      23313FDA 
 4412      E1FB0B84 
 4412      CA3A
 4413 02da 3C       		.ascii	"<"
 4414              		.text
 4415              		.section	.gnu.lto__ZNK12StateManager15_select_primaryEv.489.58151b275662964f,"e",%progbits
 4416 0000 789C8D54 		.ascii	"x\234\215TmL\233U\024\276\347\336\373\366\023\252\311"
 4416      6D4C9B55 
 4416      14BEE7DE 
 4416      FBF613AA 
 4416      C9
 4417 0011 344BFC64 		.ascii	"4K\374d\342\242\242\241\213nY\374G\374\372\341G0\032"
 4417      E2A2A2A1 
 4417      8B6E59FC 
 4417      47FCFAE1 
 4417      47301A
 4418 0024 FFEC0FE9 		.ascii	"\377\354\017\351\260\023T`R\366\307\230\370\002\005"
 4418      B0135460 
 4418      52F6C798 
 4418      F80205
 4419 0033 B431A305 		.ascii	"\2641\243\005\022!\"!\357:\205\304\270\260\314\254L"
 4419      12212221 
 4419      EF3A85C4 
 4419      B8B0CCAC 
 4419      4C
 4420 0044 D04E5A98 		.ascii	"\320NZ\230\333\354djt\306\001c3\203i\010\335\324T\346"
 4420      DBEC646A 
ARM GAS  /tmp/cc0z6zZn.s 			page 101


 4420      74C60163 
 4420      33836908 
 4420      DDD454E6 
 4421 0058 86E7DCF7 		.ascii	"\206\347\334\367m\241\210Q\022\336\336{\356s\316s\316"
 4421      6DA18851 
 4421      12DEDE7B 
 4421      EE73CE73 
 4421      CE
 4422 0069 73CFB977 		.ascii	"s\317\271w\331\031\353c\214\035\306\177p1\350\210\204"
 4422      D919EB63 
 4422      8C1DC67F 
 4422      7031E888 
 4422      84
 4423 007a 38D375BD 		.ascii	"8\323u\275\314\316\2413\342R+\301{\302\0077\301Q\300"
 4423      CCCEA133 
 4423      E2522BC1 
 4423      7BC20737 
 4423      C151C0
 4424 008d DD8D3218 		.ascii	"\335\2152\030\361\340\357\026)yKd/\207\004\204>n\277"
 4424      F1E0EF16 
 4424      29794B64 
 4424      2F870484 
 4424      3E6EBF
 4425 00a0 59B646DC 		.ascii	"Y\266F\334\177L.\226H\015\272;\214\364\333m\033\224"
 4425      7F4C2E96 
 4425      480DBA3B 
 4425      8CF4DB6D 
 4425      1B94
 4426 00b2 A78DB745 		.ascii	"\247\215\267E\334\270*\222\335\341YP\013;\001@\235:"
 4426      DCB82A92 
 4426      DDE15950 
 4426      0B3B0140 
 4426      9D3A
 4427 00c4 A0732834 		.ascii	"\240s(4\021+1#\227\331\235\320\030\011M\014\307$\214"
 4427      112B3123 
 4427      97D99DD0 
 4427      18094D0C 
 4427      C7248C
 4428 00d7 9A06606F 		.ascii	"\232\006`or!5\233\335\341\004\\1\210K\020+\037F\177"
 4428      7221359B 
 4428      DDE1045C 
 4428      31884B10 
 4428      2B1F467F 
 4429 00eb C03A45AF 		.ascii	"\300:E\257\200\016\021\305si\255\000\212\356\303\010"
 4429      800E11C5 
 4429      7369AD00 
 4429      8AEEC308 
 4430 00fb 9996CEAB 		.ascii	"\231\226\316\253\3737\364\016\304eTp\326\207\200O\000"
 4430      FB37F40E 
 4430      C4655470 
 4430      D687804F 
 4430      00
 4431 010c 0E01B921 		.ascii	"\016\001\271!P<\311\356I\350z\270\267\237\316\005\034"
 4431      503CC9EE 
 4431      49E87AB8 
 4431      B79FCE05 
 4431      1C
ARM GAS  /tmp/cc0z6zZn.s 			page 102


 4432 011d 86550834 		.ascii	"\206U\0104\224\357+6q/\323w3\306[\274\376\363\370\255"
 4432      94EF2B36 
 4432      712FD377 
 4432      33C65BBC 
 4432      FEF3F8AD 
 4433 0131 E1464754 		.ascii	"\341FGTH\030\206\274x\345\261b\202\356\311A\257\355"
 4433      481886BC 
 4433      78E5B162 
 4433      82EEC941 
 4433      AFED
 4434 0143 6FF52828 		.ascii	"o\365((\207O\327@?*\2661\030\0018\002\224\023c\034}"
 4434      874FD740 
 4434      3F2AB631 
 4434      18013802 
 4434      9413631C 
 4435 0158 6C780D98 		.ascii	"lx\015\230\366g\240\030_\317\205yk\242-\033\346\363"
 4435      F667A018 
 4435      5FCF8579 
 4435      6BA22D1B 
 4435      E6F3
 4436 016a 356192C5 		.ascii	"5a\222\305\312\017\342\300P0V\236P\031\274\221s\015"
 4436      CA0FE2C0 
 4436      5030569E 
 4436      5019BC91 
 4436      730D
 4437 017c 5D9CC826 		.ascii	"]\234\310&\373\305\032\327\257-\3271t=\212\256\247h"
 4437      FBC51AD7 
 4437      AF2DD731 
 4437      743D8AAE 
 4437      A768
 4438 018e 4F6264BA 		.ascii	"Obd\272B\177v\203\251\210\246\024\001\313\015\222\200"
 4438      427F7683 
 4438      A988A614 
 4438      01CB0D92 
 4438      80
 4439 019f A6F2CCBD 		.ascii	"\246\362\314\275\024\236\220\335g\016\204\354\301cz"
 4439      149E90DD 
 4439      670E84EC 
 4439      C1637A
 4440 01ae 0EC95690 		.ascii	"\016\311V\220\246\3006\314\"\226l.\204q4&(\026\3032"
 4440      A6C036CC 
 4440      22966C2E 
 4440      84713426 
 4440      2816C332 
 4441 01c2 61225BA6 		.ascii	"a\"[\246\252\231\303\227jc\261/\345\263\363l\314\343"
 4441      AA99C397 
 4441      6A63B12F 
 4441      E5B3F36C 
 4441      CCE3
 4442 01d4 8AFDDCFF 		.ascii	"\212\375\334\377`?\276\212=\223hv\302\011\213\235+\366"
 4442      603FBE8A 
 4442      3D936876 
 4442      C2098B9D 
 4442      2BF6
 4443 01e6 93408488 		.ascii	"\223@\204\210\021\346\025\240|\007Nkq\375\257\345v]"
 4443      11E615A0 
 4443      7C074E6B 
ARM GAS  /tmp/cc0z6zZn.s 			page 103


 4443      71FDAFE5 
 4443      765D
 4444 01f8 BFE83D77 		.ascii	"\277\350=w\320\343\001\272\035N\037\214z\004$}4\322"
 4444      D0E301BA 
 4444      1D4E1F8C 
 4444      7A04247D 
 4444      34D2
 4445 020a D9011003 		.ascii	"\331\001\020\003'\035\270\260A\244\033?\266\002\332"
 4445      271DB8B0 
 4445      41A41B3F 
 4445      B602DA
 4446 0219 16AA5B60 		.ascii	"\026\252[`\355\202FG\007\320\343\214\205\00577\315\270"
 4446      ED824647 
 4446      07D0E38C 
 4446      85053737 
 4446      CDB8
 4447 022b B904FAEC 		.ascii	"\271\004\372\354\325\023\234-@\323\310|\201!\234V\243"
 4447      D5139C2D 
 4447      40D3C87C 
 4447      81219C56 
 4447      A3
 4448 023c DA55ED1F 		.ascii	"\332U\355\037P\273\017\334\024\025\016C8 \005lKP\327"
 4448      50BB0FDC 
 4448      14150E43 
 4448      3820056C 
 4448      4B50D7
 4449 024f F1E29C70 		.ascii	"\361\342\234p\012\336Wm~\011\232\372\037B\"\364T\261"
 4449      0ADE576D 
 4449      7E099AFA 
 4449      1F4222F4 
 4449      54B1
 4450 0261 AE612CB2 		.ascii	"\256a,\262m\307\324no\322\365\240\316\231\342\326g\226"
 4450      6DC7D46E 
 4450      6FD2F5A0 
 4450      CE99E2D6 
 4450      6796
 4451 0273 9797512B 		.ascii	"\227\227Q+\251`\221\224\011\033\225x\315\230\"\2240"
 4451      A9609194 
 4451      091B9578 
 4451      CD982294 
 4451      30
 4452 0284 4A4C1050 		.ascii	"JL\020PRb\200\247e\224\274!4Dr\014g\010\241VD\006\024"
 4452      526280A7 
 4452      6594BC21 
 4452      3444720C 
 4452      6708A156 
 4453 029b C598266F 		.ascii	"\305\230&o6\017\301\271G\021\006\017PBK@\271\360\251"
 4453      360FC1B9 
 4453      4711060F 
 4453      50424B40 
 4453      B9F0A9
 4454 02ae E90B0E6C 		.ascii	"\351\013\016l>Cp\207D\233\200I\340\013\323\277\2326"
 4454      3E437087 
 4454      449B8049 
 4454      E00BD3BF 
 4454      9A36
 4455 02c0 A96C1A94 		.ascii	"\251l\032\224\360\275\351\214\003c\030\242\320\261\003"
ARM GAS  /tmp/cc0z6zZn.s 			page 104


 4455      F0BDE98C 
 4455      036318A2 
 4455      D0B103
 4456 02cf F96523F2 		.ascii	"\371e#\362\213\2340\235\251w\000oHe\032\201\022\352"
 4456      8B9C309D 
 4456      A977006F 
 4456      48651A81 
 4456      12EA
 4457 02e1 DDA9C145 		.ascii	"\335\251\301ET.*\\\354Cs\314s2e\022\347\265\025\241"
 4457      542E2A5C 
 4457      EC4373CC 
 4457      73326512 
 4457      E7B515A1 
 4458 02f5 D04A5A0D 		.ascii	"\320JZ\015\334\020\025n\370\006\305\002\205|\220l\033"
 4458      DC10156E 
 4458      F806C502 
 4458      857C906C 
 4458      1B
 4459 0306 A3A200BE 		.ascii	"\243\242\000\276U\2251\026\0042\335\215\021\341\273"
 4459      55953116 
 4459      0432DD8D 
 4459      11E1BB
 4460 0315 2C5911B6 		.ascii	",Y\021\266\006\234V5^\031\354\372m\320\211\315\241\012"
 4460      069C5635 
 4460      5E19ECFA 
 4460      6DD089CD 
 4460      A10A
 4461 0327 1ED6E02B 		.ascii	"\036\326\340+0\357j\233!\334\326]\271\254\273b\026\375"
 4461      30EF6A9B 
 4461      21DCD65D 
 4461      B9ACBB62 
 4461      16FD
 4462 0339 F739FA91 		.ascii	"\3679\372\221\223\321\336;(\203\037\326\311\340\214"
 4462      93D1DE3B 
 4462      28831FD6 
 4462      C9E08C
 4463 0348 95810286 		.ascii	"\225\201\002\206ZF_\211\212B\370\021\201\234\231|M\213"
 4463      5A465F89 
 4463      8A42F811 
 4463      819C997C 
 4463      4D8B
 4464 035a 431DE97E 		.ascii	"C\035\351~\027&E\255J:\317\217\355BZ\342\264\201Y}X"
 4464      172645AD 
 4464      4A3ACF8F 
 4464      ED425AE2 
 4464      B481597D 
 4465 036f 68235D3F 		.ascii	"h#]?]g\326\235\351F\017\2600\327\373\016\331\324\241"
 4465      5D67D69D 
 4465      E9460FB0 
 4465      30D7FB0E 
 4465      D9D4A1
 4466 0382 2DF9CBBE 		.ascii	"-\371\313\276F\236\023\264\313\243\264\234\374/-c\311"
 4466      469E13B4 
 4466      CBA3B49C 
 4466      FC2F2D63 
 4466      C9
 4467 0393 2BF67F68 		.ascii	"+\366\177h9\267\221*\231\312\253d\356N\252d:O\313\255"
ARM GAS  /tmp/cc0z6zZn.s 			page 105


 4467      39B7912A 
 4467      99CAAB64 
 4467      EE4EAA64 
 4467      3A4FCBAD 
 4468 03a7 A4C8CC8A 		.ascii	"\244\310\314\212\226\343\000g\263Z^F-'rZ\036[\321\322"
 4468      96E30067 
 4468      B35A5E46 
 4468      2D27725A 
 4468      1E5BD1D2 
 4469 03bb F5AF0A0E 		.ascii	"\365\257\012\016\364z\211wv\035\336\363y\012&GPA\017"
 4469      F47A8977 
 4469      761DDEF3 
 4469      790A2647 
 4469      50410F
 4470 03ce 5C40A060 		.ascii	"\\@\240`&\013*h\244\373\335\244 >5f:c\350\344Rj\274"
 4470      260B2A68 
 4470      A4FBDDA4 
 4470      203E3566 
 4470      3A63E8E4 
 4471 03e5 9B2A2051 		.ascii	"\233* Q\317b\363\012\262\231z\332g\177\237\\5\234=)"
 4471      CF62F30A 
 4471      B2997ADA 
 4471      677F9F5C 
 4471      359C3D29 
 4472 03f9 53B3D7D4 		.ascii	"S\263\327\324\004\230\216\357Y\266\027\324,h\312\315"
 4472      04988EEF 
 4472      59B617D4 
 4472      2C68CACD 
 4473 0409 916B5D6E 		.ascii	"\221k]n\216\016\301en`\2705v.\232\230\005h\356m\245"
 4473      8E0EC165 
 4473      6E60B835 
 4473      762E9A98 
 4473      0568EE6D 
 4474 041e A6A7A9B9 		.ascii	"\246\247\251\271\337L\213&\255\220\306\207\343ti\222"
 4474      DF4C8B26 
 4474      AD90C687 
 4474      E3746992 
 4475 042e 19F40CE2 		.ascii	"\031\364\014\342\271}*=\340\304\002\226@b\232\352@\320"
 4475      B97D2A3D 
 4475      E0C40296 
 4475      40629AEA 
 4475      40D0
 4476 0440 81CB9E4A 		.ascii	"\201\313\236J\317\320\001r;\363\337\223!d\301w\3772"
 4476      CFD00172 
 4476      3BF3DF93 
 4476      2164C177 
 4476      FF32
 4477 0452 66F8B021 		.ascii	"f\370\260!\012\324P\342\323\002\230\016\276D`\202\233"
 4477      0AD450E2 
 4477      D302980E 
 4477      BE446082 
 4477      9B
 4478 0463 E254EE26 		.ascii	"\342T\356&oU]\215\337[\355\253\365>VW\271\247\306_\333"
 4478      6F555D8D 
 4478      DF5BEDAB 
 4478      F53E5657 
 4478      B9A7C65F 
ARM GAS  /tmp/cc0z6zZn.s 			page 106


 4479 0478 10F03EF2 		.ascii	"\020\360>\362\354sOW\354\364\275\352\253\255\364\263"
 4479      EC734F57 
 4479      ECF4BDEA 
 4479      ABADF4B3 
 4480 0488 CD81FA4A 		.ascii	"\315\201\372Jo\240\301\327\340\257\360\007\032\252k"
 4480      6FA0C1D7 
 4480      E0AFF007 
 4480      1AAA6B
 4481 0497 7C0D75F5 		.ascii	"|\015u\365\336\347i\377\214\257\326\367\222\277\276"
 4481      DEE769FF 
 4481      8CAFD6F7 
 4481      92BFBE
 4482 04a6 B472F76E 		.ascii	"\264r\367n&\033\252\252\003\267\2545\227n\335\266\335"
 4482      261BAAAA 
 4482      03B7AC35 
 4482      976EDDB6 
 4482      DD
 4483 04b7 B7EB459F 		.ascii	"\267\353E\237\237\271v\242sE\240\262\256\336/i\011\325"
 4483      9FB976A2 
 4483      7345A0B2 
 4483      AEDE2F69 
 4483      09D5
 4484 04c9 9ADADCB6 		.ascii	"\232\332\334\266^\364\307\237z\242\264\012\203\376\015"
 4484      5EF4C79F 
 4484      7AA2B40A 
 4484      83FE0D
 4485 04d8 7BE89155 		.ascii	"{\350\221U"
 4486              		.text
 4487              		.section	.gnu.lto__ZNK12StateManager9get_stateEPf.490.58151b275662964f,"e",%progbits
 4488 0000 789C7DD5 		.ascii	"x\234}\325\377O[U\024\000\360{\336}\375^\372\005\032"
 4488      FF4F5B55 
 4488      1400F07B 
 4488      DE7DFD5E 
 4488      FA051A
 4489 0013 20DA28EE 		.ascii	" \332(\356Kpf\241\213\231q1\376`\214\372\203_R\243\177"
 4489      4B7066A1 
 4489      8B997131 
 4489      FE608CFA 
 4489      835F52A3 
 4490 0028 C052B113 		.ascii	"\300R\261\023\246\224\205v?\357Q\230\213E-\014\347f"
 4490      A6948576 
 4490      3FEF5198 
 4490      8B452D0C 
 4490      E766
 4491 003a 1CBA348D 		.ascii	"\034\2724\215Bb\242\213\321\261\255h7Q0\342\230\316"
 4491      4262A28B 
 4491      D1B1AD68 
 4491      375130E2 
 4491      98CE
 4492 004c EE4B8CCE 		.ascii	"\356K\214\316\271\0307\214Z$D\346$\363\234\333\327\307"
 4492      B918378C 
 4492      5A2444E6 
 4492      24F39CDB 
 4492      D7C7
 4493 005e BBEC5992 		.ascii	"\273\354Y\222\036\336\2759\367s\317;\3676=\355b\354"
 4493      1EDEBD39 
 4493      F773CF3B 
ARM GAS  /tmp/cc0z6zZn.s 			page 107


 4493      F7363DED 
 4493      62EC
 4494 0070 55C6D85A 		.ascii	"U\306\330Z\374\000g\260w(\2430M\323\036p(\320;\224q"
 4494      FC0067B0 
 4494      7728A330 
 4494      4DD31E70 
 4494      28D03B94 
 4495 0085 C1048811 		.ascii	"\301\004\210\021\260]\012\354\202a\276\001\207K\273"
 4495      B05D0AEC 
 4495      8261BE01 
 4495      874BBB
 4496 0094 8747A76E 		.ascii	"\207G\247n\325F\213\220\347\214\275\205\037\361w\220"
 4496      D5468B90 
 4496      E78CBD85 
 4496      1FF17790 
 4497 00a4 C35E9EE7 		.ascii	"\303^\236\347\000\252\376\244@\013>\361GY\353\244\246"
 4497      00AAFEA4 
 4497      400B3EF1 
 4497      4759EBA4 
 4497      A6
 4498 00b5 0D1E3C54 		.ascii	"\015\036<TT\363\234\303\021\300\025\3601\300G\300\030"
 4498      54F39CC3 
 4498      11C015F0 
 4498      31C047C0 
 4498      18
 4499 00c6 4E44E7D7 		.ascii	"ND\347\327P\326v\326Z\324\264\3233\343\232\346\302i"
 4499      50D676D6 
 4499      5AD4B4D3 
 4499      33E39AE6 
 4499      C269
 4500 00d8 158ECA79 		.ascii	"\025\216\312yj\364\2375b\017\236\240\270\036\223\313"
 4500      6AF49F35 
 4500      620F9EA0 
 4500      B81E93CB 
 4501 00e8 EF4D657C 		.ascii	"\357Me|\203\275\316<\267\301qs6c\321\027\327\332\031"
 4501      83BDCE3C 
 4501      B7C17173 
 4501      3663D117 
 4501      D7DA19
 4502 00fb 14A0521D 		.ascii	"\024\240R\035\340\002;U\012\360\011\320j*h\351\273="
 4502      E0023B55 
 4502      0AF009D0 
 4502      6A2A68E9 
 4502      BB3D
 4503 010d 4BAF43A5 		.ascii	"K\257C\245*\273\250\012\364\365\360)\276\230=:\260\201"
 4503      2ABBA80A 
 4503      F4F5F029 
 4503      BE983D3A 
 4503      B081
 4504 011f F6A1CC03 		.ascii	"\366\241\314\003'\216\275\354\350\237\326\214L\266\222"
 4504      278EBDEC 
 4504      E89FD68C 
 4504      4CB692
 4505 012e 5979713B 		.ascii	"Yyq;\266e\374\354e\017\024qr\202,\206\033\302\011\261"
 4505      B665FCEC 
 4505      650F1471 
 4505      72822C86 
ARM GAS  /tmp/cc0z6zZn.s 			page 108


 4505      1BC209B1 
 4506 0142 21E5BCFF 		.ascii	"!\345\274\377\255\255\250\375{#\253i\263\367]:\357\337"
 4506      ADADA8FD 
 4506      7B23AB69 
 4506      B3F75D3A 
 4506      EFDF
 4507 0154 08F84A0E 		.ascii	"\010\370J\016\005\203\223SP)\330(\330)8(8)P/\234n\012"
 4507      05839353 
 4507      5029D828 
 4507      D8293828 
 4507      3829502F 
 4508 016b 1E0A5E0A 		.ascii	"\036\012^\012u\024|\024\374\024\002\024\202\024\352"
 4508      75147C14 
 4508      FC140214 
 4508      8214EA
 4509 017a 29345008 		.ascii	")4P\010Qh\004\030\207&|\2625\003\034\303*\262\234\316"
 4509      51680418 
 4509      87267CB2 
 4509      35031CC3 
 4509      2AB29CCE 
 4510 018e 5653412B 		.ascii	"VSA+26\310\225\312\240\017\007s\240\375\\:\245\210\377"
 4510      3236C895 
 4510      CAA00F07 
 4510      73A0FD5C 
 4510      3AA588FF 
 4511 01a2 E77DEC0F 		.ascii	"\347}\354\017H\027\256\336\236\343\240\237\244Kt\355"
 4511      4817AEDE 
 4511      9EE3A09F 
 4511      A44B74ED 
 4512 01b2 1DBA0BD8 		.ascii	"\035\272\013\330mw\2167\302g\3006\365\213\241\007&a"
 4512      6D778E37 
 4512      C267C036 
 4512      F58BA107 
 4512      2661
 4513 01c4 445C8239 		.ascii	"D\\\2029H\037\232\200\2730\253\374\343XY\003l\243\227"
 4513      481F9A80 
 4513      BB30ABFC 
 4513      E3585903 
 4513      6CA397
 4514 01d7 BDCB8DEB 		.ascii	"\275\313\215\353!\200\361\263\013\256\025\003g\211\031"
 4514      2180F1B3 
 4514      0BAE1503 
 4514      678919
 4515 01e6 0DE7791D 		.ascii	"\015\347y\035L\241\003\"\363n\234\273\322\232\347>\230"
 4515      4CA10322 
 4515      F36E9CBB 
 4515      D29AE73E 
 4515      98
 4516 01f7 861CCDB1 		.ascii	"\206\034\315\261~\240\264\010\212\360%`\213i\263\026"
 4516      7EA0B408 
 4516      8AF02560 
 4516      8B69B316 
 4517 0207 6C377C41 		.ascii	"l7|A\217\332\302X\266<\346\302\206\323 w\304\006'\201"
 4517      8FDAC258 
 4517      B63CE6C2 
 4517      86D32077 
 4517      C4062781 
ARM GAS  /tmp/cc0z6zZn.s 			page 109


 4518 021b DEE2B54C 		.ascii	"\336\342\265L\311\236\343M\372kx\365\327`\372\376_\031"
 4518      C99EE34D 
 4518      FA6B78F5 
 4518      D760FAFE 
 4518      5F19
 4519 022d FB17663E 		.ascii	"\373\027f>\030\331B%\314X\224\360\265^B5w\256\257\260"
 4519      18D94225 
 4519      CC5894F0 
 4519      B55E4235 
 4519      77AEAFB0 
 4520 0241 3DCFFD70 		.ascii	"=\317\375p\012s\025:dQ\033v\"\000\263P)!]>|rq\311\215"
 4520      0A73153A 
 4520      64511B76 
 4520      2200B350 
 4520      29215D3E 
 4521 025a 75D28DA8 		.ascii	"u\322\215\250\324Z@\246It\370\"v\032\213;0PRs\\\321"
 4521      D45A40A6 
 4521      4974F822 
 4521      761A8B3B 
 4521      30505273 
 4522 0270 8BB301AB 		.ascii	"\213\263\001\25368\210\211\360\015\256\303\244r\246"
 4522      36388889 
 4522      F00DAEC3 
 4522      A472A6
 4523 027f C4F50C55 		.ascii	"\304\365\014U\317\030m\304\303\315\361f8\003\014\327"
 4523      CF186DC4 
 4523      C3CDF166 
 4523      38030CD7 
 4524 028f 0B72DE4C 		.ascii	"\013r\336Lr\203T%\262dA\2522y\216H.\310\0053\251\032"
 4524      72835425 
 4524      B26441AA 
 4524      32798E48 
 4524      2EC80533 
 4525 02a5 A453222F 		.ascii	"\244S\"/X\220\225\014:RA~O\244*\310kUr\221\347\270\315"
 4525      5890950C 
 4525      3A52417E 
 4525      4FA42AC8 
 4525      6B557291 
 4526 02bc 20BD12F9 		.ascii	" \275\022\371C\225\\T\014\322+Wy\221H\233 \257\233I"
 4526      43955C54 
 4526      0CD22B57 
 4526      7991489B 
 4526      20AF9B49 
 4527 02d0 BB410624 		.ascii	"\273A\006$\362\222\005\031\220\311\313D\332\005\271"
 4527      F2920519 
 4527      90C9CB44 
 4527      DA05B9
 4528 02df 6C261D06 		.ascii	"l&\035\006\031\222\310_,\310\220L\376J\244C\220\303"
 4528      1992C85F 
 4528      2CC8904C 
 4528      FE4AA443 
 4528      90C3
 4529 02f1 B3822C8C 		.ascii	"\263\202,\214\335\226\343\316\377\377*\005\341*\336"
 4529      DD96E3CE 
 4529      FFFF2A05 
 4529      E12ADE
 4530 0300 29FAC2AC 		.ascii	")\372\302\254\356i\263\334\323\337\210v\012z\237\211"
ARM GAS  /tmp/cc0z6zZn.s 			page 110


 4530      EE69B3DC 
 4530      D3DF8876 
 4530      0A7A9F89 
 4531 0310 76D5A27F 		.ascii	"v\325\242\177GZ\265\240\3032\375'\321.A\3577\321\356"
 4531      475AB5A0 
 4531      C332FD27 
 4531      D12E41EF 
 4531      37D1EE
 4532 0323 5AF43CD2 		.ascii	"Z\364<\3226\013\272E\246\027\210v\013zdV\357\361\347"
 4532      360BBA45 
 4532      A6178876 
 4532      0B7A6456 
 4532      EFF1E7
 4533 0336 78B93C46 		.ascii	"x\271<F\217\233\245\036/V{\274\274\322\343u\"\343J\265"
 4533      8F9BA51E 
 4533      2F567BBC 
 4533      BCD2E375 
 4533      22E34AB5 
 4534 034a C77F13E9 		.ascii	"\307\177\023\351\021\344\333f\322k\220a\211\274fA\336"
 4534      11E4DB66 
 4534      D26B9061 
 4534      89BC6641 
 4534      DE
 4535 035b 2993D789 		.ascii	")\223\327\211\364\012\362\260\231\2543\310\026\211\\"
 4535      F40AF2B0 
 4535      99AC33C8 
 4535      16895C
 4536 036a B62037CA 		.ascii	"\266 7\312\344\015\"\353\004\371\241\231\364\031\344"
 4536      E40D22EB 
 4536      04F9A199 
 4536      F419E4
 4537 0379 3A89EC55 		.ascii	":\211\354Un&7\311d\237\202\244O\220G\253\307\024\316"
 4537      6E2637C9 
 4537      649F82A4 
 4537      4F9047AB 
 4537      C714CE
 4538 038c 717FAD63 		.ascii	"q\177\255c\332\255\214\340\025\277\371\336n\226\357"
 4538      DAAD8CE0 
 4538      15BFF9DE 
 4538      6E96EF
 4539 039b ED1EA2FD 		.ascii	"\355\036\242\375\202>n\242\003\265\350\227\220vX\320"
 4539      823E6EA2 
 4539      03B5E897 
 4539      907658D0 
 4540 03ab 5B647A80 		.ascii	"[dz\200\350\200\240'Lt\260\026\375\012\322N\013\372"
 4540      E880A027 
 4540      4C74B016 
 4540      FD0AD24E 
 4540      0BFA
 4541 03bd 7E99CE12 		.ascii	"~\231\316\022\035\024\364\031\323\275\255\257E\017!"
 4541      1D14F419 
 4541      D3BDADAF 
 4541      450F21
 4542 03cc EDB2B8B7 		.ascii	"\355\262\270\267E&_\334a\262\353+\277\222&\273\241\226"
 4542      45265FDC 
 4542      61B2EB2B 
 4542      BF9226BB 
ARM GAS  /tmp/cc0z6zZn.s 			page 111


 4542      A196
 4543 03de BD0F6DB7 		.ascii	"\275\017m\267\205=\271\312\336Ov\203\260\317\231\354"
 4543      853DB9CA 
 4543      DE4F7683 
 4543      B0CF99EC 
 4544 03ee 502DFB0D 		.ascii	"P-\373\015\264=\026\366\364*\373M\262C\354/H\377t!*"
 4544      B43D16F6 
 4544      F42AFB4D 
 4544      B243EC2F 
 4544      48FF7421 
 4545 0403 7E85B31C 		.ascii	"~\205\263\034*\277\372\351\"\015\357\210ttw\305#\235"
 4545      2ABFFAE9 
 4545      220DEF88 
 4545      747477C5 
 4545      239D
 4546 0415 B144E4A1 		.ascii	"\261D\344\241\356\366\235]\361D*\031y\360\311\247\036"
 4546      EEF69D5D 
 4546      F1442A19 
 4546      79F0C9A7 
 4546      1E
 4547 0426 DFFA4CEC 		.ascii	"\337\372L\354\205X\242=\316\326'{\332#\311T,\025\337"
 4547      8558A23D 
 4547      CED6277B 
 4547      DA23C954 
 4547      2C15DF
 4548 0439 1A4FA63A 		.ascii	"\032O\246:\273b\251\356\236\310\3234~\"\226\210=\027"
 4548      BB62A9EE 
 4548      9EC8D334 
 4548      7E229688 
 4548      3D17
 4549 044b EF696BDF 		.ascii	"\357ik\337\261\203\251\251\216\316\344-\253\247\333"
 4549      B183A9A9 
 4549      8ECEE42D 
 4549      ABA7DB
 4550 045a 36DF736F 		.ascii	"6\337sol\333\263\2618\343\335;S<\376\374\266\260\225"
 4550      6CDBB3B1 
 4550      38E3DD3B 
 4550      533CFEFC 
 4550      B6B095
 4551 046d F6F0638F 		.ascii	"\366\360c\217\264u \362\037\234_0a"
 4551      B47520F2 
 4551      1F9C5F30 
 4551      61
 4552              		.text
 4553              		.section	.gnu.lto__ZNK12StateManager4rollEv.491.58151b275662964f,"e",%progbits
 4554 0000 789C6D53 		.ascii	"x\234mS]l\024U\030\275\347\336\231\335-\305\026A\243"
 4554      5D6C1455 
 4554      18BDE7DE 
 4554      99DD2DC5 
 4554      1641A3
 4555 0013 410C7503 		.ascii	"A\014u\003\022x\350\022#1>a\014\360\240\230\022\215"
 4555      1278E812 
 4555      23313E61 
 4555      0CF0A098 
 4555      128D
 4556 0025 CF64288B 		.ascii	"\317d(\213]b\177\354.\017>q)5M\226\204\376@\010\011"
 4556      5D627FEC 
ARM GAS  /tmp/cc0z6zZn.s 			page 112


 4556      2E0F3E71 
 4556      29354D96 
 4556      84FE4008 
 4557 003a 7F753281 		.ascii	"\177u2\201\326\027C\"i-k\273\326\226\326\212\362g5&"
 4557      D6174322 
 4557      692D6BBB 
 4557      D696D68A 
 4557      F2673526 
 4558 004e 08011E20 		.ascii	"\010\001\036 >\220\211?IUZ\370\276;\323)\333\354\303"
 4558      3E90893F 
 4558      49555AF8 
 4558      BE3BD329 
 4558      DBECC3
 4559 0061 DE9D73E7 		.ascii	"\336\235s\347\234s\277\357|w2\266\020G\205\020\257\322"
 4559      9C73BFEF 
 4559      7C7732B6 
 4559      10478510 
 4559      AFD2
 4560 0073 0F4AA0A7 		.ascii	"\017J\240\247;/\205\326\372\255\270\304\201\356\374"
 4560      3B2F85D6 
 4560      FAADB8C4 
 4560      81EEFC
 4561 0082 C4E4A085 		.ascii	"\304\344\240\205q\230\015\210\375\022\373qD\235T\350"
 4561      71980D88 
 4561      FD12FB71 
 4561      449D54E8 
 4562 0092 511E91AD 		.ascii	"Q\036\221\255\360\011\250YO\224\231\317\216\374\327"
 4562      F009A859 
 4562      4F9499CF 
 4562      8EFCD7
 4563 00a1 513DD057 		.ascii	"Q=\320W\264<%\305i\"\\\000\276\0029\013\"\252w\304\272"
 4563      B43C25C5 
 4563      69225C00 
 4563      BE02390B 
 4563      22AA77C4 
 4564 00b6 31ADBB4E 		.ascii	"1\255\273N\366\362{\205\001<\305\240\215\272\317\223"
 4564      F6F27B85 
 4564      013CC5A0 
 4564      8DBACF93 
 4565 00c6 016F2FAF 		.ascii	"\001o/\257k\273\264\366\347\356O\275\324u An\370\032"
 4565      6BBBB4F6 
 4565      E7EE4FBD 
 4565      D4752041 
 4565      6EF81A
 4566 00d9 257E75D3 		.ascii	"%~u\323I\2466\316S\257\236y\250uE\0153/.bN\031fK\304"
 4566      49A636CE 
 4566      53AF9E79 
 4566      A875450D 
 4566      332F2E62 
 4567 00f2 3C1131BF 		.ascii	"<\0211\277Y\304\034IF\235-\213:\323`y6\252ivb\233)\311"
 4567      59C41C49 
 4567      469D2D8B 
 4567      3AD36079 
 4567      36AA6976 
 4568 010a C2B7465E 		.ascii	"\302\267F^\004F\002\371\005s\320>\303,\022\363\321D"
 4568      044602F9 
 4568      0573D03E 
ARM GAS  /tmp/cc0z6zZn.s 			page 113


 4568      C32C12F3 
 4568      D144
 4569 011c BECA506D 		.ascii	"\276\312Pm|\267\350\244/\2221\2011`\024\030\006\012"
 4569      7CB7E8A4 
 4569      2F923181 
 4569      31601418 
 4569      060A
 4570 012e C010382F 		.ascii	"\300\0208/\032\001\211c\202\236\201K`'\216l\306\357"
 4570      1A018963 
 4570      829E814B 
 4570      60278E6C 
 4570      C6EF
 4571 0140 98398620 		.ascii	"\2309\206 \267\230\311\015\241\027&@[u\207\326\363\231"
 4571      B798C90D 
 4571      A1172640 
 4571      5B7587D6 
 4571      F399
 4572 0152 CC3C7E6D 		.ascii	"\314<~m\344p\274}RGL\261\300\014\306\020\243A\015\316"
 4572      E470BC7D 
 4572      52474CB1 
 4572      C00CC610 
 4572      A3410DCE 
 4573 0166 DDA8C424 		.ascii	"\335\250\304$m\216\263\227\240\003\361\2759\2208\326"
 4573      6D8EB397 
 4573      A003F1BD 
 4573      399038D6 
 4574 0176 D3457D79 		.ascii	"\323E}y\335.\352G\217;\265\276\275\371N\317\362\025"
 4574      DD2EEA47 
 4574      8F3BB5BE 
 4574      BDF94ECF 
 4574      F215
 4575 0188 A041C525 		.ascii	"\240A\305%-R\361b\361b\363\022\007\006\221\240'\273"
 4575      2D52F162 
 4575      F162F312 
 4575      070691A0 
 4575      27BB
 4576 019a 8AA1109D 		.ascii	"\212\241\020\235\212o\221\266\240\213Bt)\031\200\203"
 4576      8A6F91B6 
 4576      A08B4274 
 4576      29198083 
 4577 01aa 04FE80BE 		.ascii	"\004\376\200\276\373\357\025)\036\242\255\320\277\332"
 4577      FBEF1529 
 4577      1EA2ADD0 
 4577      BFDA
 4578 01b8 5508A34E 		.ascii	"U\010\243N\230~\317\362]\243\314*\\\025\307\017\020"
 4578      987ECFF2 
 4578      5DA3CC2A 
 4578      5C15C70F 
 4578      10
 4579 01c9 1BDB0D5C 		.ascii	"\033\333\015\\\202\3138\305\001\221\274\255\367\"6\020"
 4579      82CB38C5 
 4579      0191BCAD 
 4579      F7223610 
 4580 01d9 CBBFD5EF 		.ascii	"\313\277\325\357kP\000\225\342\234y%\"\203\301\271{"
 4580      6B500095 
 4580      E29C7925 
 4580      2283C1B9 
ARM GAS  /tmp/cc0z6zZn.s 			page 114


 4580      7B
 4581 01ea 150B1EB4 		.ascii	"\025\013\036\264\3136\017^\360\324R\\!\037\030\346k"
 4581      CB360F5E 
 4581      F0D4525C 
 4581      211F18E6 
 4581      6B
 4582 01fb B4D7B7CE 		.ascii	"\264\327\267\316S\317\340*\\\336\023\355`Z-9\342\032"
 4582      53CFE02A 
 4582      5CDE13ED 
 4582      605A2D39 
 4582      E21A
 4583 020d 281C3EAC 		.ascii	"(\034>\254\206\202\302O\374\250\377\272\323\351\367"
 4583      8682C24F 
 4583      FCA8FFBA 
 4583      D3E9F7
 4584 021c 5750540C 		.ascii	"WPT\014\334\001\033S\340.\216\346\247c\256J\204mT\206"
 4584      DC011B53 
 4584      E02E8EE6 
 4584      A763AE4A 
 4584      846D5486 
 4585 0230 6D88F0FC 		.ascii	"m\210\360\374\033\321\371\205\313\376\231\024\227\360"
 4585      1BD1F985 
 4585      CBFE9914 
 4585      97F0
 4586 023e 739912A6 		.ascii	"s\231\022\246\303\022\346\2713\007\013{=U\205_\210+"
 4586      C312E6B9 
 4586      33070B7B 
 4586      3D55855F 
 4586      882B
 4587 0250 793CA636 		.ascii	"y<\2466J\242\032\277\"(\241\315??\372\370\357%T'\317"
 4587      4AA21ABF 
 4587      2228A1CD 
 4587      3F3FFAF8 
 4587      EF255427 
 4588 0265 32A8758C 		.ascii	"2\250u\214l\022&\342\377\203\210\217\037\372G\272J\206"
 4588      6C1226E2 
 4588      FF83888F 
 4588      1FFA47BA 
 4588      4A86
 4589 0277 C5D97871 		.ascii	"\305\331xq>\340eD\304o\244#\222\237\377=\266\221\347"
 4589      3EE06544 
 4589      C46FA423 
 4589      929FFF3D 
 4589      B691E7
 4590 028a 46B33FA5 		.ascii	"F\263?\245(KR\004\342Y\345*\025\211W\225\210o\226\023"
 4590      284B5204 
 4590      E259E52A 
 4590      15895795 
 4590      886F9613 
 4591 029e 5B2C5681 		.ascii	"[,V\201x\334v\225\025\211kJ\304\267\313\211m\026[\201"
 4591      78DC7695 
 4591      15896B4A 
 4591      C4B7CB89 
 4591      6D165B81 
 4592 02b2 F847CAD4 		.ascii	"\370G\312\324\216\304kJ\304w\313\211c,\266M\357\263"
 4592      8EC46B4A 
 4592      C477CB89 
ARM GAS  /tmp/cc0z6zZn.s 			page 115


 4592      632CB64D 
 4592      EFB3
 4593 02c4 D43BFFCF 		.ascii	"\324;\377\317U\013\037\035\275\037\322`\245\247\236"
 4593      550B1F1D 
 4593      BD1FD260 
 4593      A5A79E
 4594 02d3 3DCD17B3 		.ascii	"=\315\027\263\235\215\036<\357\251\345|\321\307ap\037"
 4594      9D8D1E3C 
 4594      EFA9E57C 
 4594      D1C76170 
 4594      1F
 4595 02e4 5D8D157C 		.ascii	"]\215\025|\353\347\361\313\214\013\013x5\343!\306\236"
 4595      EBE7F1CB 
 4595      8C0B0B78 
 4595      35E321C6 
 4595      9E
 4596 02f5 7ACE7877 		.ascii	"z\316xw_7\021\035\353\257riL\303|\023Fo\361\027\375"
 4596      5F37111D 
 4596      EBAF7269 
 4596      4CC37C13 
 4596      466FF117 
 4597 030a 66D2333D 		.ascii	"f\3223=0\0326H\206\250P\202\206B\364'\315\215,\370\372"
 4597      301A3648 
 4597      86A85082 
 4597      8642F427 
 4597      CD8D2CF8 
 4598 031f 762A04DF 		.ascii	"v*\004\337I[\221\341+\251\206\346\306t*\3434\245\266"
 4598      495B91E1 
 4598      2BA986E6 
 4598      C6742AE3 
 4598      34A5B6
 4599 0332 34D7EF6B 		.ascii	"4\327\357kL7\345\262\251\267w\274\277}\347.\347c\247"
 4599      4C37E5B2 
 4599      A9B777BC 
 4599      BF7DE72E 
 4599      E763A7
 4600 0345 A93E2DD6 		.ascii	"\251>-\326f[\353S\331\234\223K\357Lgs\231F'\327\334"
 4600      665BEB53 
 4600      D99C934B 
 4600      EF4C6773 
 4600      994627D7 
 4601 035a 9AFA80F1 		.ascii	"\232\372\200\361{N\223\363Q\272\265\266\276\245EX\271"
 4601      7B4E93F3 
 4601      51BAB5B6 
 4601      BEA54558 
 4601      B9
 4602 036b 864C76E5 		.ascii	"\206Lv\345\342\355\332\3277\275\341\354\331\355\244"
 4602      E2EDDAD7 
 4602      37BDE1EC 
 4602      D9EDA4
 4603 037a 85FCD491 		.ascii	"\205\374\324\221-\031\331\332\214Od6\267\252\234\347"
 4603      2D19D9DA 
 4603      8C4F6436 
 4603      B7AA9CE7 
 4604 038a D677B7D5 		.ascii	"\326w\267\3256\220\325\023A\321\325."
 4604      3690D513 
 4604      41D1D52E 
ARM GAS  /tmp/cc0z6zZn.s 			page 116


 4605              		.text
 4606              		.section	.gnu.lto__ZNK12StateManager5pitchEv.492.58151b275662964f,"e",%progbits
 4607 0000 789C6D53 		.ascii	"x\234mS]l\024U\030\275\347\336\231\335-\225\002E\243"
 4607      5D6C1455 
 4607      18BDE7DE 
 4607      99DD2D95 
 4607      0245A3
 4608 0013 110C5DC2 		.ascii	"\021\014]\302O\360\241K\214\304\370f\010\022\203\232"
 4608      4FF0A14B 
 4608      8CC4F866 
 4608      0812839A 
 4609 0023 1A88CF64 		.ascii	"\032\210\317d,\213]B\177\354.\017>q)kH\266\221m\201"
 4609      2C8B5D42 
 4609      7FEC2E0F 
 4609      3E71296B 
 4609      48B6916D 
 4610 0038 10122834 		.ascii	"\020\022(4\223\211v\237\324XR,+\256\320\326\026\252"
 4610      9389769F 
 4610      D458522C 
 4610      2BAED0D6 
 4610      16AA
 4611 004a 40A11A12 		.ascii	"@\241\032\022\305\224\230\210\306\220\215\206d\037 "
 4611      C5949888 
 4611      C6908D86 
 4611      641F20
 4612 0059 F27D77A6 		.ascii	"\362}w\246S\266\331\207\275;\347\3169\347~\337\371\356"
 4612      53B6D987 
 4612      BD3BE7CE 
 4612      39E77EDF 
 4612      F9EE
 4613 006b A46C214E 		.ascii	"\244l!N\010!6\320\017J\340X\177N\012\255\365\033Q\211"
 4613      082136D0 
 4613      0F4AE058 
 4613      7F4E0AAD 
 4613      F51B5189 
 4614 007f 43FDB9EB 		.ascii	"C\375\271\353S\027,\214\303l@\034\2248\210\343\352\214"
 4614      53172C8C 
 4614      C36C401C 
 4614      943888E3 
 4614      EA8C
 4615 0091 C231E511 		.ascii	"\3021\345\021\331\012\236\200\246MD\251|r\274\267\260"
 4615      D90A9E80 
 4615      A64D44A9 
 4615      7C72BCB7 
 4615      B0
 4616 00a2 6C64A864 		.ascii	"ld\250dyJ\212\263D8\017\014\203\234\005\021\325\016"
 4616      794A8AB3 
 4616      44380F0C 
 4616      839C0511 
 4616      D50E
 4617 00b4 B1714CEB 		.ascii	"\261qL\353\2763\203\374^a\004O1h\243e:\356\363\366\361"
 4617      BE3383FC 
 4617      5E61044F 
 4617      3168A365 
 4617      3AEEF3F6 
 4618 00c9 BABE4FEB 		.ascii	"\272\276O\353r\376\257\253\253\372\016\305\310\015\337"
 4618      72FEAFAB 
ARM GAS  /tmp/cc0z6zZn.s 			page 117


 4618      ABFA0EC5 
 4618      C80DDF
 4619 00d8 A0CAAF25 		.ascii	"\240\312\257%\273\226\251\355\363\324\033\347\036h]"
 4619      BB96A9ED 
 4619      F3D41BE7 
 4619      1E685D
 4620 00e7 D7C4CC8B 		.ascii	"\327\304\314\213\213\230\22583\273B\346\351\220\371"
 4620      8B989538 
 4620      33BB42E6 
 4620      E990F9
 4621 00f6 ED22E63F 		.ascii	"\355\"\346?\361\260\263\345ag\032,O\2075\035\235\332"
 4621      F1B0B3E5 
 4621      61671A2C 
 4621      4F87351D 
 4621      9DDA
 4622 0108 6E4AB2F0 		.ascii	"nJ\262\360\275\221\227\200\357|\371\2349\350\200a\226"
 4622      BD919780 
 4622      EF7CF99C 
 4622      39E88061 
 4622      96
 4623 0119 88F9E954 		.ascii	"\210\371\351T\256\301Pm\\Yt\322l<\"0\006\\\006.\001"
 4623      AEC1506D 
 4623      5C5974D2 
 4623      6C3C2230 
 4623      065C062E 
 4624 012e 4560149C 		.ascii	"E`\024\234\027\215\200\304\021A\317\300\004\330\211"
 4624      178D80C4 
 4624      1141CFC0 
 4624      04D889
 4625 013d 23AB948F 		.ascii	"#\253\224\217TN\302\317-brC\340\205\037@[-\275\233\370"
 4625      544EC2CF 
 4625      2D627243 
 4625      E0851F40 
 4625      5B2DBD9B 
 4626 0152 4C669EBA 		.ascii	"Lf\236\2723y4\232\235\324!S,0\3751DxP\023\267\3531I"
 4626      3379349A 
 4626      9DD42153 
 4626      2C30FD31 
 4626      44785013 
 4627 016a 9BE3EC25 		.ascii	"\233\343\354%\350@L\231\003\211c=]\324\0273vI?\372?"
 4627      E8404C99 
 4627      0389633D 
 4627      5DD41733 
 4627      76493FFA 
 4628 017f AFF59F6F 		.ascii	"\257\365\237o\315\0157\256\004\015**i\221\212\027\213"
 4628      CD0D37AE 
 4628      040D2A2A 
 4628      69918A17 
 4628      8B
 4629 0190 179B9728 		.ascii	"\027\233\227(p\0011z\262\033\030\012\221W|\213\264\005"
 4629      7001317A 
 4629      B21B180A 
 4629      91577C8B 
 4629      B405
 4630 01a2 5D12A24F 		.ascii	"]\022\242OI\037\034&\3607\364\275\3233R<@O\261\260\306"
 4630      491F1C26 
 4630      F037F4BD 
ARM GAS  /tmp/cc0z6zZn.s 			page 118


 4630      D333523C 
 4630      404FB1B0 
 4631 01b7 5508A28E 		.ascii	"U\010\242\216\231~?\343\273F\231\325\271*\212k\020\233"
 4631      997E3FE3 
 4631      BB4699D5 
 4631      B92A8A6B 
 4631      109B
 4632 01c9 B3062EC1 		.ascii	"\263\006.\3014\0068 \222\367\014^\304\313\304*\337-"
 4632      34063820 
 4632      92F70C5E 
 4632      C4CBC42A 
 4632      DF2D
 4633 01db 94352880 		.ascii	"\2245(\200z\361\271y%B\203\312\304\037u\013\036\264"
 4633      7AF1B979 
 4633      254283CA 
 4633      C41F750B 
 4633      1EB4
 4634 01ed CB36F79F 		.ascii	"\3136\367\237\367\3243\270N>0\314Whoh\243\247\226\342"
 4634      F7D433B8 
 4634      4E3E30CC 
 4634      57686F68 
 4634      A3A796E2 
 4635 0201 065CDE13 		.ascii	"\006\\\336\023Y0\255\231\034q\023\024\016\037\326DA"
 4635      5930AD99 
 4635      1C711314 
 4635      0E1FD644 
 4635      41
 4636 0212 E1277ED4 		.ascii	"\341'~\324\377\315\345\313\205:\212\212\201;b\343*\270"
 4636      FFCDE5CB 
 4636      853A8A8A 
 4636      813B62E3 
 4636      2AB8
 4637 0224 8B13B9D9 		.ascii	"\213\023\271\331\210\253bA\033\365A\033\"8\377Vx~qz"
 4637      88AB6241 
 4637      1BF5411B 
 4637      2238FF56 
 4637      787E717A 
 4638 0238 D84B7009 		.ascii	"\330Kp\011\267k\2240\033\2240\317\255\034.\356\363T"
 4638      B76B9430 
 4638      1B9430CF 
 4638      AD1C2EEE 
 4638      F354
 4639 024a 037E26AE 		.ascii	"\003~&\256\344\361\230\332(\211e\370\005~\011=\345\257"
 4639      E4F198DA 
 4639      288965F8 
 4639      057E093D 
 4639      E5AF
 4640 025c 66FA1F2E 		.ascii	"f\372\037.\241:y\226~\255cd\0233\021\017\370\021\237"
 4640      A13A7996 
 4640      7EAD6364 
 4640      1333110F 
 4640      F8119F
 4641 026f EA7D285D 		.ascii	"\352}(]%\203\342l\2740\037\360r\"\342\016\351\210T\316"
 4641      2583E26C 
 4641      BC301FF0 
 4641      7222E20E 
 4641      E98854CE 
ARM GAS  /tmp/cc0z6zZn.s 			page 119


 4642 0283 FD16D9CC 		.ascii	"\375\026\331\314s\243\331\017(\312\222\024\276\370\261"
 4642      73A3D90F 
 4642      28CA9214 
 4642      BEF8B1
 4643 0292 72950AC5 		.ascii	"r\225\012\305\253\253\304\277\326\022[,V\276x\334v\225"
 4643      ABABC4BF 
 4643      D6125B2C 
 4643      56BE78DC 
 4643      7695
 4644 02a4 158A9BAA 		.ascii	"\025\212\233\252\304\277\327\022\333,\266|\361\217\224"
 4644      C4BFD712 
 4644      DB2CB67C 
 4644      F18F94
 4645 02b3 A91D8AD7 		.ascii	"\251\035\212\327U\211\357\325\022GXl\233\336\317Q\357"
 4645      5589EFD5 
 4645      1247586C 
 4645      9BDECF51 
 4645      EF
 4646 02c4 FCFF65A3 		.ascii	"\374\377e\243(\343\310\340\3734X\351\251\025g\371bf"
 4646      28E3C8E0 
 4646      FB3458E9 
 4646      A91567F9 
 4646      6266
 4647 02d6 D9E8FE73 		.ascii	"\331\350\376s\236j\344\213>\016\203\207\350j\254\344"
 4647      9E6AE48B 
 4647      3E0E8387 
 4647      E86AACE4 
 4648 02e6 5B3F8F5F 		.ascii	"[?\217_b\\\\\300k\030\2172\366\324\263\306\373k?\337"
 4648      625C5CC0 
 4648      6B188F32 
 4648      F6D4B3C6 
 4648      FB6B3FDF 
 4649 02fa 93850697 		.ascii	"\223\205\006\227\306T\344\233p\371.\177\321\257\257"
 4649      C654E49B 
 4649      70F92E7F 
 4649      D1AFAF
 4650 0309 F54C0F8C 		.ascii	"\365L\017\214.\031$\003T\254B\243\001\372\227\346F\026"
 4650      2E192403 
 4650      54AC42A3 
 4650      01FA97E6 
 4650      4616
 4651 031b 7C7DF30A 		.ascii	"|}\363\012\376w\322Sb\030O\264u\266'\023)\247#\261\255"
 4651      FE77D253 
 4651      62184FB4 
 4651      75B62713 
 4651      29A723B1 
 4652 0330 B3F5407B 		.ascii	"\263\365@{\262#\223Nl}o\347;\273?p\366;\035\255I\261"
 4652      B223934E 
 4652      6C7D6FE7 
 4652      3BBB3F70 
 4652      F63B1DAD 
 4653 0346 3EDDDD9A 		.ascii	">\335\335\232Hg\234Lrw2\235I\265;\231\316\356\304.\306"
 4653      48679C4C 
 4653      7277329D 
 4653      49B53B99 
 4653      CEEEC42E 
 4654 035b EF3A1DCE 		.ascii	"\357:\035\316\207\311\356\346\326\256.ae\332R\351\027"
ARM GAS  /tmp/cc0z6zZn.s 			page 120


 4654      87C9EEE6 
 4654      D6AE2E61 
 4654      65DA52E9 
 4654      17
 4655 036c 176F37BF 		.ascii	"\027o7\277\272\3455g\357\036')\344\307\216\354J\311"
 4655      BAE53567 
 4655      EF1E2729 
 4655      E4C78EEC 
 4655      4AC9
 4656 037e EE4E7C24 		.ascii	"\356N|$\323\231\325\265<\337|{{s\033Y=\001\274,\322"
 4656      D399D5B5 
 4656      3CDF7C7B 
 4656      7B731B59 
 4656      3D01BC2C 
 4657 0393 B0       		.ascii	"\260"
 4658              		.text
 4659              		.section	.gnu.lto__ZNK12StateManager3yawEv.493.58151b275662964f,"e",%progbits
 4660 0000 789C6D53 		.ascii	"x\234mS]h\024W\030\275\347\336\231\335\215i\267\032"
 4660      5D681457 
 4660      18BDE7DE 
 4660      99DD8D69 
 4660      B71A
 4661 0012 9596D6E2 		.ascii	"\225\226\326\342F\252b\037\262R\024\351\233\224V\350"
 4661      46AA621F 
 4661      B25214E9 
 4661      9B9456E8 
 4662 0022 1F292D7D 		.ascii	"\037)-}\226i\272\232\025\363cv}\350\223\327\030\021"
 4662      9669BA9A 
 4662      15F36376 
 4662      7DE893D7 
 4662      1811
 4663 0034 3660A291 		.ascii	"6`\242\221 4\3060\014m\362\322RhI\032W\335jRM\374\211"
 4663      2034C630 
 4663      0C6DF2D2 
 4663      5268491A 
 4663      57DD6A52 
 4664 004b 46A30856 		.ascii	"F\243\010VI\360A}\320\305b\331\207\026\373}w&\0237\354"
 4664      49F0417D 
 4664      D0C562D9 
 4664      8716FB7D 
 4664      77261337 
 4665 0060 C3DE9D73 		.ascii	"\303\336\235s\347\234s\277\357|w\322\266\020\307\204"
 4665      E79C73BF 
 4665      EF7C77D2 
 4665      B610C784 
 4666 0070 10EBE807 		.ascii	"\020\353\350\007%p\364HN\012\255\365\326\250\304\376"
 4666      2570F448 
 4666      4E0AADF5 
 4666      D6A8C4FE 
 4667 0080 23B9DB93 		.ascii	"#\271\333\223#\026\306a6 \366I\354C\217\352S8\252<\""
 4667      2316C661 
 4667      3620F649 
 4667      EC438FEA 
 4667      5338AA3C 
 4668 0095 5BC11390 		.ascii	"[\301\023\220\330@\224\322\301\236\276G\361\341\301"
 4668      D84094D2 
 4668      C19EBE47 
ARM GAS  /tmp/cc0z6zZn.s 			page 121


 4668      F1E1C1
 4669 00a4 82E52929 		.ascii	"\202\345))\372\211\360\033\360+\310Y\020Q}\"\326\217"
 4669      FA89F01B 
 4669      F02BC859 
 4669      10517D22 
 4669      D68F
 4670 00b6 69DDDD37 		.ascii	"i\335\3357\300\357\025\206\361\022\2036\352\377I\370"
 4670      C0EF1586 
 4670      F1128336 
 4670      EAFF49F8 
 4671 00c6 BC5DBCAE 		.ascii	"\274]\274\256\355\326\2728\370h\362\255\356\3751r\303"
 4671      EDD6BA38 
 4671      F868F2AD 
 4671      EEFD3172 
 4671      C3
 4672 00d7 EF28F3AB 		.ascii	"\357(\363\253\377\251\226\251M\363\324k'\237h]\225`"
 4672      FFA996A9 
 4672      4DF3D46B 
 4672      279F685D 
 4672      9560
 4673 00e9 E6A9454C 		.ascii	"\346\251EL\3270[C\346\367!\363\364\"fom\330\331\322"
 4673      D7305B43 
 4673      E6F721F3 
 4673      F422666F 
 4673      6DD8D9D2 
 4674 00fd B0330D96 		.ascii	"\2603\015\226g\302\232NNl3%Y\370\303\310\013\300Y_\336"
 4674      67C29A4E 
 4674      4E6C3325 
 4674      59F8C3C8 
 4674      0BC0595F 
 4675 0112 690EDA6B 		.ascii	"i\016\332k\230\005b\366O\344\342\206j\343\374\242\223"
 4675      980562F6 
 4675      4FE4E286 
 4675      6AE3FCA2 
 4675      93
 4676 0123 5E242202 		.ascii	"^$\"\002c\3009\340\014\220\007F\301y\321\010H\034\021"
 4676      63C039E0 
 4676      0C900746 
 4676      C179D108 
 4676      481C11
 4677 0136 F40CFC09 		.ascii	"\364\014\374\011v\342\310J\305C\245^\370\271ELn\010"
 4677      76E2C84A 
 4677      C543A55E 
 4677      F8B9454C 
 4677      6E08
 4678 0148 BC7001B4 		.ascii	"\274p\001\264U\337\271\201\317d\346\361\331\211\303"
 4678      55DFB981 
 4678      CF64E6F1 
 4678      D989C3
 4679 0157 D18E8B3A 		.ascii	"\321\216\213:d\212\005\246?\206\010\015jd\352f5.\322"
 4679      648A05A6 
 4679      3F86080D 
 4679      6A64EA66 
 4679      352ED2
 4680 016a E6387B09 		.ascii	"\3468{\011:\020\023\346@\342X/\027\365\363\264]\320"
 4680      3A1013E6 
 4680      40E2582F 
ARM GAS  /tmp/cc0z6zZn.s 			page 122


 4680      17F5F3B4 
 4680      5DD0
 4681 017c FFBEE8D2 		.ascii	"\377\276\350\322\372\351\307\263\267j\226\203\006\025"
 4681      FAE9C7B3 
 4681      B76A9683 
 4681      0615
 4682 018a 95B448C5 		.ascii	"\225\264H\305\213\305\213\315K\024\030A\214\236\354"
 4682      8BC58BCD 
 4682      4B141841 
 4682      8C9EEC
 4683 0199 384321BA 		.ascii	"8C!\272\024\337\"mA\027\204\350V\322\007\007\010<\206"
 4683      14DF226D 
 4683      411784E8 
 4683      56D20707 
 4683      083C86
 4684 01ac 9E3B3D2D 		.ascii	"\236;=-\305\023\264\347\207V\273\012A\3241\323\357\017"
 4684      C513B4E7 
 4684      8756BB0A 
 4684      41D431D3 
 4684      EF0F
 4685 01be 7CD728B3 		.ascii	"|\327(\263*WEq\011bc\207\201Kp\031'8 \222\267\017\234"
 4685      2A574571 
 4685      09626387 
 4685      814B7019 
 4685      27382092 
 4686 01d5 C2BBC42A 		.ascii	"\302\273\304*\336\033*jP\000\325\342G\363J\204\006#"
 4686      DE1B2A6A 
 4686      5000D5E2 
 4686      47F34A84 
 4686      0623
 4687 01e7 530FAA16 		.ascii	"S\017\252\026<h\227m\036\276\356\251W0E>0\314\367ho"
 4687      3C68976D 
 4687      1EBEEEA9 
 4687      5730453E 
 4687      30CCF768 
 4688 01fc 70BDA75E 		.ascii	"p\275\247^\3055\270\274':\300\264:r\304uP8|X\202\202"
 4688      C535B8BC 
 4688      273AC0B4 
 4688      3A72C475 
 4688      50387C58 
 4689 0212 C2557ED4 		.ascii	"\302U~\324\177\317v\025\207\252(*\006\356\260\215Ip"
 4689      7FCF7615 
 4689      87AA282A 
 4689      06EEB08D 
 4689      4970
 4690 0224 17C77233 		.ascii	"\027\307r3\021W\305\2026\252\2036Dp\376\215\360\374"
 4690      1157C582 
 4690      36AA8336 
 4690      4470FE8D 
 4690      F0FC
 4691 0236 FCE59297 		.ascii	"\374\345\222\227\344\022nV(a&(a\236[:\220\337\345\251"
 4691      E4126E56 
 4691      28612628 
 4691      619E5B3A 
 4691      90DFE5A9 
 4692 024a 386E1157 		.ascii	"8n\021W\362xLm\224\304k\270\015\277\204\366\342/s=\317"
 4692      F2784C6D 
ARM GAS  /tmp/cc0z6zZn.s 			page 123


 4692      94C46BB8 
 4692      0DBF84F6 
 4692      E22F733D 
 4693 025f 97509D3C 		.ascii	"\227P\235<K\277\3261\262\211\231\210\317\372\021\037"
 4693      4BBFD631 
 4693      B2899988 
 4693      CFFA111F 
 4694 026f EF7C2E5D 		.ascii	"\357|.]%\203\342l\2741\037\360R\"\342\016\351\210T\314"
 4694      2583E26C 
 4694      BC311FF0 
 4694      5222E20E 
 4694      E98854CC 
 4695 0283 FD15D9C8 		.ascii	"\375\025\331\310s\243\331\237P\224%)|\361\177\312U*"
 4695      73A3D99F 
 4695      50942529 
 4695      7CF17FCA 
 4695      552A
 4696 0295 14AF2A13 		.ascii	"\024\257*\023\337\255$\266X\254|\361\270\355*+\024'"
 4696      DFAD24B6 
 4696      58AC7CF1 
 4696      B8ED2A2B 
 4696      1427
 4697 02a7 CAC4F72B 		.ascii	"\312\304\367+\211m\026[\276\370\012ej\207\342w\312\304"
 4697      896D165B 
 4697      BEF80A65 
 4697      6A87E277 
 4697      CAC4
 4698 02b9 7395C411 		.ascii	"s\225\304\021\026\333\246\367\353\324;\377O\327\210"
 4698      16DBA6F7 
 4698      EBD43BFF 
 4698      4FD788
 4699 02c8 220E0D7C 		.ascii	"\"\016\015|M\203\225\236Z\326\317\027\263\203\215\036"
 4699      4D83959E 
 4699      5AD6CF17 
 4699      B3838D1E 
 4700 02d8 AEF4540D 		.ascii	"\256\364T\015_\364q\030<HWc9\337\372y\3746\343\374\002"
 4700      5FF47118 
 4700      3C485763 
 4700      39DFFA79 
 4700      FC36E3FC 
 4701 02ed 5ECD7894 		.ascii	"^\315x\224\261\247V\030\357\031?\337\336\241\270Kc\032"
 4701      B1A75618 
 4701      EF193FDF 
 4701      DEA1B84B 
 4701      631A
 4702 02ff E59B70EE 		.ascii	"\345\233p\356\036\177\321\357\257\361L\017\214\316\030"
 4702      1E7FD1EF 
 4702      AFF14C0F 
 4702      8CCE18
 4703 030e 2403942F 		.ascii	"$\003\224/C\243\001zFs#\013\276\276]\012\376w\322^`"
 4703      43A3017A 
 4703      4673230B 
 4703      BEBE5D0A 
 4703      FE77D25E 
 4704 0323 589B6C6C 		.ascii	"X\233lliJ%\323Ns\362\303\226\206\275M\251\346l&\371"
 4704      694A25D3 
 4704      4E73F2C3 
ARM GAS  /tmp/cc0z6zZn.s 			page 124


 4704      9686BD4D 
 4704      A9E66C26 
 4705 0338 C1175F7E 		.ascii	"\301\027_~\266\375\033g\267\323\334\220\022k3m\015\311"
 4705      B6FD1B67 
 4705      B7D3DC90 
 4705      126B336D 
 4705      0DC9
 4706 034a 4CD6C9A6 		.ascii	"L\326\311\246\266\2472\331t\223\223miK~\305\370s\247"
 4706      B6A732D9 
 4706      7493936D 
 4706      694B7EC5 
 4706      F873A7
 4707 035d D9D9996A 		.ascii	"\331\331\231j\253khm\025V\2661\235ys\361v\335\246\315"
 4707      AB6B686D 
 4707      1556B631 
 4707      9D7973F1 
 4707      76DDA6CD 
 4708 0371 5B9C1DDF 		.ascii	"[\234\035\337:)!\277sdkZ\266\265`\217\314dWU\362\374"
 4708      3A2921BF 
 4708      73646B5A 
 4708      B6B5608F 
 4708      CC645755 
 4709 0387 E8D36D75 		.ascii	"\350\323mu\215d\365?\325\315\323\221"
 4709      8D64F53F 
 4709      D5CDD391 
 4710              		.text
 4711              		.section	.gnu.lto__ZNK12StateManager14get_lane_eulerEiRfS0_S0_.494.58151b275662964f,"e",%progbits
 4712 0000 789C6D93 		.ascii	"x\234m\223_lSU\034\307\317\367\236{o\367\2179\001\015"
 4712      5F6C5355 
 4712      1CC7CFF7 
 4712      9E7B6FF7 
 4712      8F39010D 
 4713 0014 5174F581 		.ascii	"Qt\365\201\240\030W5\022^\211Q\036DS\243\217>,\327Z"
 4713      A0185735 
 4713      125E8951 
 4713      1E4453A3 
 4713      8F3E2CD7 
 4714 0029 5D755B67 		.ascii	"]u[g[c\360A\316\272.\313&\311Z Hb\335\240^t{2\232\200"
 4714      5B63F041 
 4714      CEBA2ECB 
 4714      26C95A20 
 4714      4862DDA0 
 4715 0043 9B0EA832 		.ascii	"\233\016\2502e\205!c\021!\300\014#>P\262\220\242N\201"
 4715      65852163 
 4715      1121C00C 
 4715      233E50B2 
 4715      90A24E81 
 4716 0057 90E0EF77 		.ascii	"\220\340\357wnW\252\241I\333\363;\367s~\337\337\357"
 4716      6E57AAA1 
 4716      49DBF33B 
 4716      F7737EDF 
 4716      DFEF
 4717 0069 7B7EB7D9 		.ascii	"{~\267\331\022bD\010\321J_\370\004\266g\006\014\241"
 4717      12624408 
 4717      D14A5FF8 
 4717      04B66706 
 4717      0CA1
ARM GAS  /tmp/cc0z6zZn.s 			page 125


 4718 007b 94DAE833 		.ascii	"\224\332\3503\214T\346#\003'\260\360\331\374}fO\246"
 4718      8C54E623 
 4718      0327B0F0 
 4718      D9FC7D66 
 4718      4FA6
 4719 008d 71E785A1 		.ascii	"q\347\205\241u\246\244\335\306\276\213\347\375fo\246"
 4719      75A6A4DD 
 4719      C6BE8BE7 
 4719      FD666FA6 
 4720 009d FEC6B0DB 		.ascii	"\376\306\260\333l\232\330U9c\341~\375o\243;S\247W\020"
 4720      6C9AD855 
 4720      3963E17E 
 4720      FD6FA33B 
 4720      53A75710 
 4721 00b1 5B0D695A 		.ascii	"[\015iZ6\266b\207|\214\266\256\367\356\030\357\177\274"
 4721      36B66287 
 4721      7C8CB6AE 
 4721      F7EE18EF 
 4721      7FBC
 4722 00c3 5BF5AE72 		.ascii	"[\365\256r\245\020C\364\325\237\254\304v\351J\300,\257"
 4722      A51043F4 
 4722      D59FACC4 
 4722      76E94AC0 
 4722      2CAF
 4723 00d5 0CF86925 		.ascii	"\014\370i%_\020k'\225Jg\367\344MWJ|\003:\201\003\300"
 4723      5F106B27 
 4723      954A67F7 
 4723      E44D574A 
 4723      7C033A81 
 4724 00eb 7E088C81 		.ascii	"~\010\214\201\266\202\013\315\314\275-\326R\362\231"
 4724      B6820BCD 
 4724      CCBD2DD6 
 4724      52F299
 4725 00fa 93634AD5 		.ascii	"\223cJ\325\012W\232\030\257&\277%\322\014.j2\2523\316"
 4725      0A579A18 
 4725      AF26BF25 
 4725      D20C2E6A 
 4725      32AA33CE 
 4726 010e 2C94490B 		.ascii	",\224I\013\337U\223\023DZ\301\244\326Nxd\177O\237j2"
 4726      DF559313 
 4726      445AC1A4 
 4726      D64E7864 
 4726      7F4F9F6A 
 4727 0123 993C584D 		.ascii	"\231<XM\036\322\344\240&?\360\310\341\012y\270\232\314"
 4727      1ED2E4A0 
 4727      263FF0C8 
 4727      E10A79B8 
 4727      9ACC
 4728 0135 6B32EBD7 		.ascii	"k2\353\327]\312\017\371wMZ\251R\241x\354\301tw\215+"
 4728      5DCA0FF9 
 4728      774D5AA9 
 4728      52A178EC 
 4728      C174778D 
 4729 014a 6D7C5FCD 		.ascii	"m|_\315\377\000!\202gu\342n,\3213\303W\251`?\303G\252"
 4729      FF002182 
 4729      6775E26E 
 4729      2CD133C3 
ARM GAS  /tmp/cc0z6zZn.s 			page 126


 4729      57A9603F 
 4730 0161 E14986A7 		.ascii	"\341I\206\2475\234\272\003\177R\201\177\254\206\177"
 4730      359CBA03 
 4730      7F52817F 
 4730      AC867F
 4731 0170 6238EFAF 		.ascii	"b8\357\257\230\335T1[\2013\364U2\224\246\012\233tm>"
 4731      98DD5431 
 4731      5B8133F4 
 4731      553294A6 
 4731      0A9B746D 
 4732 0185 14748629 		.ascii	"\024t\206)\340(e8\306\031\366k\271~\017\316\023|\270"
 4732      E0286538 
 4732      C619F66B 
 4732      B97E0FCE 
 4732      137CB8
 4733 0198 30D0A8E9 		.ascii	"0\320\250\351\032\034\257\326\233fz\324o\363\212\216"
 4733      1A1CAFD6 
 4733      9B667AD4 
 4733      6FF38A8E 
 4734 01a8 923ED5CB 		.ascii	"\222>\325\313\3751s\202\000J`\363\024\000?\353ll\343"
 4734      FD317382 
 4734      004A60F3 
 4734      14003FEB 
 4734      6C6CE3
 4735 01bb F5B1819B 		.ascii	"\365\261\201\233\273\341\335x\255\276q,\345;IN\326\006"
 4735      BBE1DD78 
 4735      ADBE712C 
 4735      E53B494E 
 4735      D606
 4736 01cd E71F655D 		.ascii	"\347\037e]&w\027\216o\363\245\246T\205\024wHo\250l\036"
 4736      2677178E 
 4736      6FF3A5A6 
 4736      54851477 
 4736      486FA86C 
 4737 01e2 B9B9D453 		.ascii	"\271\271\324S\230\001+R.A\2028\245\005\231\371r\326"
 4737      98012B52 
 4737      2E418238 
 4737      A50599F9 
 4737      72D6
 4738 01f4 CAAB5BB7 		.ascii	"\312\253[\267\007\225:\263y>\273\242\0214\023u\006h"
 4738      07953AB3 
 4738      793EBBA2 
 4738      11341375 
 4738      0668
 4739 0206 644CD084 		.ascii	"dL\320\204Y\024\326\333\240\271\360\201\256\274\006"
 4739      5914D6DB 
 4739      A0B9F081 
 4739      AEBC06
 4740 0215 749B420C 		.ascii	"t\233B\014J\236weB\345\205HK\303\013z(\270\002u\351"
 4740      4A9E7765 
 4740      42E58548 
 4740      4BC30B7A 
 4740      28B80275 
 4741 022a 9FD93A6E 		.ascii	"\237\331:n\356*\222\267\372N\0339\211\2344D\021\251"
 4741      EE2A92B7 
 4741      FA4E1B39 
 4741      899C3444 
ARM GAS  /tmp/cc0z6zZn.s 			page 127


 4741      11A9
 4742 023c B9238738 		.ascii	"\271#\2078b\303\353`\350\261OK\271w~\361\224\301g\215"
 4742      62C3EB60 
 4742      E8B14F4B 
 4742      B9777EF1 
 4742      94C1678D 
 4743 0250 2B48EEC9 		.ascii	"+H\356\311\330\353(W\351\267\321\222\0025\333 \276\220"
 4743      D8EB2857 
 4743      E9B7D192 
 4743      0235DB20 
 4743      BE90
 4744 0262 FF794196 		.ascii	"\377yA\226i\233>\207n\353\367e\256l\314\321\260\237"
 4744      699B3E87 
 4744      6EEBF765 
 4744      AE6CCCD1 
 4744      B09F
 4745 0274 D6BB4FA6 		.ascii	"\326\273O\246\224\272\374\204+\357\301\257\370Tzg\236"
 4745      94BAFC84 
 4745      2BEFC1AF 
 4745      F8547A67 
 4745      9E
 4746 0285 A6BD910D 		.ascii	"\246\275\221\015\256l\302\031]\206\020)\360\326$'\307"
 4746      AE6CC219 
 4746      5D861029 
 4746      F0D62427 
 4746      C7
 4747 0296 5970A1A4 		.ascii	"Yp\241\244\353'\177\360\013/\325\237\327v\3765ZK\016"
 4747      EB277FF0 
 4747      0B2FD59F 
 4747      D776FE35 
 4747      5A4B0E
 4748 02a9 71901BB7 		.ascii	"q\220\033\2670\253[\231(\256\317I\253\\EC\271\012Q\326"
 4748      30AB5B99 
 4748      28AECF49 
 4748      AB5C4543 
 4748      B90A51D6 
 4749 02bd 3F57D19F 		.ascii	"?W\321\237\230^\330\367\032\227p\376.%\\(\227\240\301"
 4749      985ED8F7 
 4749      1A9770FE 
 4749      2E255C28 
 4749      97A0C1
 4750 02d0 6CEFC177 		.ascii	"l\357\301w\\y/\346\010\204\360\364\222\245\257\276\376"
 4750      5C792FE6 
 4750      0884F0F4 
 4750      92A5AFBE 
 4750      FE
 4751 02e1 78EF36AE 		.ascii	"x\3576\256\212/\214M+j\323,V\255\207(\233f\336>Z<\247"
 4751      8A2F8C4D 
 4751      2B6AD32C 
 4751      56AD8728 
 4751      9B66DE3E 
 4752 02f8 4D936CF8 		.ascii	"M\223l\370\215\331\006.\361\357\221\207\313\365Y\020"
 4752      8DD9062E 
 4752      F1EF9187 
 4752      CBF55910 
 4753 0308 DAA291D5 		.ascii	"\332\242\221\325\364\012\344h*/B<\304\312\0242Y\032"
 4753      F40AE468 
ARM GAS  /tmp/cc0z6zZn.s 			page 128


 4753      2A2F423C 
 4753      C4CA1432 
 4753      591A
 4754 031a 58343C60 		.ascii	"X4<`\245\006|\014\340\022\312\317<\177/7\350g\366\322"
 4754      A5067C0C 
 4754      E012CACF 
 4754      3C7F2F37 
 4754      E867F6D2 
 4755 032e 3356BAB9 		.ascii	"3V\272\271\\\353[=c\273\366A_x\011\253\310R\303\225"
 4755      5CEB5B3D 
 4755      63BBF641 
 4755      5F7809AB 
 4755      C852C395 
 4756 0342 CB87B837 		.ascii	"\313\207\2707r\203z\314\351\244$\354\312\025\372\200"
 4756      72837ACC 
 4756      E9A424EC 
 4756      CA15FA80 
 4757 0352 5D9910FC 		.ascii	"]\231\020\374\201\344F\257\217A\011o;\231\347\360\221"
 4757      81E446AF 
 4757      8F41096F 
 4757      3B99E7F0 
 4757      91
 4758 0363 405BB423 		.ascii	"@[\264#\034\2108\235\201\347\242\241\367:\302\235\211"
 4758      1C88389D 
 4758      81E7A2A1 
 4758      F73AC29D 
 4758      89
 4759 0374 78E0D997 		.ascii	"x\340\331\227_y\261\365u\247\335\351\014\205\305\232"
 4759      5F79B1F5 
 4759      75A7DDE9 
 4759      0C85C59A 
 4760 0384 782C1488 		.ascii	"x,\024\210'\234D\2705\034OD:\234D4\026x\225\343\227"
 4760      279C44B8 
 4760      351C4F44 
 4760      3A9C4434 
 4760      167895E3 
 4761 0399 9C4EE7AD 		.ascii	"\234N\347\255p\254%\324\325%\314D[$\376\300\377\267"
 4761      70AC25D4 
 4761      D525CC44 
 4761      5B24FEC0 
 4761      FFB7
 4762 03ab 5B9E59BF 		.ascii	"[\236Y\277\301y\363\015',LJ\0266c\321\366v\253+\222"
 4762      C179F30D 
 4762      272C4C4A 
 4762      163663D1 
 4762      F676AB2B 
 4763 03c0 08B5C92D 		.ascii	"\010\265\311-\316\373\306\026\307\350\212\030\261(\336"
 4763      CEFBC616 
 4763      C7E88A18 
 4763      B128DE
 4764 03cf 35E289D5 		.ascii	"5\342\211\325w\323y~\363\246\2266J\377/\253@\330\332"
 4764      77D3797E 
 4764      F3A69636 
 4764      4AFF2FAB 
 4764      40D8DA
 4765              		.text
 4766              		.section	.gnu.lto__ZNK12StateManager12get_lane_pqrEiRfS0_S0_.495.58151b275662964f,"e",%progbits
ARM GAS  /tmp/cc0z6zZn.s 			page 129


 4767 0000 789C8593 		.ascii	"x\234\205\223\337KTA\024\307\347;3\367\352\272mD\222"
 4767      DF4B5441 
 4767      14C7E73B 
 4767      33F7EABA 
 4767      6D4492
 4768 0013 4410D643 		.ascii	"D\020\326CIE\336\210\254\247@\242\247H\014\373\003\344"
 4768      4945DE88 
 4768      ACA740A2 
 4768      A7480CFB 
 4768      03E4
 4769 0025 B6DDD2C8 		.ascii	"\266\335\322\310\335u\367\006\2759\376B\330 ]\2557\223"
 4769      DD75F706 
 4769      BD39FE42 
 4769      D8205DAD 
 4769      3793
 4770 0037 5A973088 		.ascii	"Z\2270\210z2W\263\332P\241\002s5\242\036\0122\010T\""
 4770      7A3257B3 
 4770      DA50A102 
 4770      7335A21E 
 4770      0A320854 
 4771 004c 22280C84 		.ascii	"\"(\014\204\232\231\273\272*\210\0033\3149\3639\347"
 4771      9A99BBBA 
 4771      2A880333 
 4771      CC39F339 
 4771      E7
 4772 005d 7BE6DCB9 		.ascii	"{\346\334\271\327\031!.!\244FN\230\004\335\2118%B\210"
 4772      D719212E 
 4772      21A4464E 
 4772      9804DD89 
 4772      38254288 
 4773 0071 CA024A5B 		.ascii	"\312\002J[\0237(^\342{\377\354\016\336\226\330z\353"
 4773      1337285E 
 4773      E27BFFEC 
 4773      0EDE96D8 
 4773      7AEB
 4774 0083 53DF41CE 		.ascii	"S\337A\316p;\021\3770\271\010\315pe\345x\003\315\211"
 4774      703B11FF 
 4774      30B908CD 
 4774      7065E578 
 4774      03CD89
 4775 0096 22BD0369 		.ascii	"\"\275\003i\242\214\033hB\017; =\213\355=\037\037\354"
 4775      A28C1B68 
 4775      420F3B20 
 4775      3D8BED3D 
 4775      1F1FEC
 4776 00a9 6F16ED3B 		.ascii	"o\026\355;SR\255ON=z\031\272Y\212\001<\267\243\330#"
 4776      5352AD4F 
 4776      4E3D7A19 
 4776      BA598A01 
 4776      3CB7A3D8 
 4777 00be 77EC0C29 		.ascii	"w\354\014)\033\027\242\253\367n\206\247\030\303\020"
 4777      1B17A2AB 
 4777      F76E86A7 
 4777      18C310
 4778 00cd 64049E00 		.ascii	"d\004\236\000\203 D:\252\373K\025u\205\224\311\324\331"
 4778      8320443A 
 4778      AAFB4B15 
ARM GAS  /tmp/cc0z6zZn.s 			page 130


 4778      758594C9 
 4778      D4D9
 4779 00df C9B4103E 		.ascii	"\311\264\020>\351\346\030^\313\361\352\207\232\013\353"
 4779      E9E6185E 
 4779      CBF1EA87 
 4779      9A0BEB
 4780 00ee 6CD9851C 		.ascii	"l\331\205\034g\340\351Z\316\250\036\326\\\243\307-\255"
 4780      67E0E95A 
 4780      CEA81ED6 
 4780      5CA3C72D 
 4780      AD
 4781 00ff 70CFD673 		.ascii	"p\317\326s\343\232\213y\334\315\326\016\261\215+\356"
 4781      E39A8B79 
 4781      DCCDD60E 
 4781      B18D2BEE 
 4782 010f C57A6EAA 		.ascii	"\305zn\252\224\020s\371\236\322G\036\317\030\031\261"
 4782      941073F9 
 4782      9ED2471E 
 4782      CF1819B1 
 4783 011f F4AF5388 		.ascii	"\364\257S\210\251\252\331\321\342\355\220\230I\345R"
 4783      A9AAD9D1 
 4783      E2ED9098 
 4783      49E552
 4784 012e C0D4C2D5 		.ascii	"\300\324\302\325b\002#(\004\322\360\001\243\360\003"
 4784      62022328 
 4784      04D2F001 
 4784      A3F003
 4785 013d CF110032 		.ascii	"\317\021\00022\276\223\251\006\013\016\221!\244\213"
 4785      32BE93A9 
 4785      060B0E91 
 4785      21A48B
 4786 014c 51CF6896 		.ascii	"Q\317h\226\306\002D\362\220\374B\344\007Z\226:\336\323"
 4786      C60244F2 
 4786      90FC42E4 
 4786      075A963A 
 4786      DED3
 4787 015e 24439299 		.ascii	"$C\222\231d\036m\237\307J\222^SMP\335\355.\306\276\364"
 4787      641E6D9F 
 4787      C74A925E 
 4787      534D50DD 
 4787      ED2EC6BE 
 4788 0173 C51F4105 		.ascii	"\305\037A\005B\005\016\352\260?\003\307s\3357@\356\253"
 4788      42050EEA 
 4788      B03F03C7 
 4788      73DD3740 
 4788      EEAB
 4789 0185 AF3A5021 		.ascii	"\257:P!\313I\262\000\306@v\253Xi*\362g|\302\364\000"
 4789      CB49B200 
 4789      C64076AB 
 4789      58692AF2 
 4789      677CC2F4 
 4790 019a 4B037E05 		.ascii	"K\003~\005`\002\336\3317\303;;\254\317|\313gJ\350/\264"
 4790      6002DED9 
 4790      37C33B3B 
 4790      ACCF7CCB 
 4790      674AE82F 
 4791 01af 3CBF37FB 		.ascii	"<\2777\373{\232.\327\375u\350\035U\221\331yY(\315\225"
ARM GAS  /tmp/cc0z6zZn.s 			page 131


 4791      7B9A2ED7 
 4791      FD75E81D 
 4791      5591D979 
 4791      5928CD95 
 4792 01c3 5008F528 		.ascii	"P\010\365(t\242\302\024\363%\245\343\225v\035i\023b"
 4792      74A2C214 
 4792      F325A5E3 
 4792      95761D69 
 4792      1362
 4793 01d5 6E4B8A15 		.ascii	"nK\212\025\3415\356\250\276\036U\216\222\224,\342\215"
 4793      E135EEA8 
 4793      BE1E558E 
 4793      92942CE2 
 4793      8D
 4794 01e6 BEB21CBA 		.ascii	"\276\262\034\272\214\223:x\216\346\253\220\331\265^"
 4794      8C933A78 
 4794      8EE6AB90 
 4794      D9B55E
 4795 01f5 BA78458E 		.ascii	"\272xE\216m&2)E\260Z\344\355\306\"~O\204i\221\221\274"
 4795      6D263229 
 4795      45B05AE4 
 4795      EDC6227E 
 4795      4F846991 
 4796 020b 08DF4C64 		.ascii	"\010\337LdZ\212\320\325\"3\033\213\004<\021\256\033"
 4796      5A8AD0D5 
 4796      22331B8B 
 4796      043C11AE 
 4796      1B
 4797 021c 69E41FC0 		.ascii	"i\344\037\300/\264Tz?S'C\376\221\020\262\327\252\013"
 4797      2FB4547A 
 4797      3F532743 
 4797      FE9110B2 
 4797      D7AA0B
 4798 022f 373856BD 		.ascii	"78V\275\035\262N\207\203\327\032\234\220\033\263N\235"
 4798      1DB24E87 
 4798      83D71A9C 
 4798      901BB34E 
 4798      9D
 4799 0240 AB395B7B 		.ascii	"\2539[{\301\276j\207\202\016\331\027\213\006\255\230"
 4799      C1BE6A87 
 4799      820ED917 
 4799      8B06AD98 
 4800 0250 6BBB4EAD 		.ascii	"k\273N\255\023s\353\033l7\034\265\316+\273\312\016\331"
 4800      1373EB1B 
 4800      6C371CB5 
 4800      CE2BBBCA 
 4800      0ED9
 4801 0262 979D6879 		.ascii	"\227\235hy0\022!\334\255\253\217\355Z\357.?Vq\302\276"
 4801      301221DC 
 4801      ADAB8FED 
 4801      5AEF2E3F 
 4801      5671C2BE 
 4802 0276 74D17608 		.ascii	"t\321v\010\227\311\034D\320\210\350\177\216\013ES"
 4802      97C91C44 
 4802      D088E87F 
 4802      8E0B4553 
 4803              		.text
ARM GAS  /tmp/cc0z6zZn.s 			page 132


 4804              		.section	.gnu.lto__ZN12StateManager6updateEfPK6IMURawRK9CANIMURawRK8MocapRaw.part.0.545.58151b2756
 4805 0000 789C9D5B 		.ascii	"x\234\235[\007\\UW\322\177s\357{t\020\033vE\005Q,\330"
 4805      075C5557 
 4805      D27F73EF 
 4805      7B74101B 
 4805      76450551 
 4806 0016 4BAADB92 		.ascii	"K\252\333\222\335dw\311f\263\233\335lq\2111UcO\331\335"
 4806      DD6477C9 
 4806      66B39BDD 
 4806      6C718931 
 4806      55634FD9 
 4807 002b 6C10B1A1 		.ascii	"l\020\261\241\"\226\330\250y\240b\357\261\000\212\""
 4807      2296D8A8 
 4807      79A062EF 
 4807      B1008A22 
 4808 003b F6868A1D 		.ascii	"\366\206\212\0355&&\330\010\266\204$\226of\316\271\367"
 4808      352626D8 
 4808      08B68424 
 4808      966F66CE 
 4808      B9F7
 4809 004d 9E87EF42 		.ascii	"\236\207\357B\374\374\3752\3342\363\237r\346\314\231"
 4809      FCFCFD32 
 4809      DC32F39F 
 4809      72E6CC99 
 4810 005d 73EECBBC 		.ascii	"s\356\313\274X\207\24398\034\353\234\016\007<\346\200"
 4810      5887A339 
 4810      381CEB9C 
 4810      0E073CE6 
 4810      80
 4811 006e EF13C011 		.ascii	"\357\023\300\021\037\037\337\337\267\037\324\343\277"
 4811      1F1FDFDF 
 4811      B71FD4E3 
 4811      BF
 4812 007b 9A3676FA 		.ascii	"\2326v\372d\015\316\000\336\205:\023\247\207\340\337"
 4812      640DCE00 
 4812      DE853A13 
 4812      A787E0DF 
 4813 008b AE4E1DE6 		.ascii	"\256N\035\346\370\011>\2476N\274OZ1\255\241s\374\364"
 4813      F8093EA7 
 4813      364EBC4F 
 4813      5A31ADA1 
 4813      73FCF4
 4814 009e 906F4B2A 		.ascii	"\220oK*\243\235.\230==I\023\034>0cu\322\203\343\022"
 4814      A39D2E98 
 4814      3D3D4913 
 4814      1C3E3063 
 4814      75D283E3 
 4815 00b3 A3BFAFAF 		.ascii	"\243\277\257\257\226\232\262\2465\234\027\210sS.\002"
 4815      969AB2A6 
 4815      359C1788 
 4815      73532E02 
 4816 00c3 43FA69F3 		.ascii	"C\372i\363R\326\010\224\371\370\214a\374a\376\014wk"
 4816      52D60894 
 4816      F9F88C61 
 4816      FC61FE0C 
 4816      776B
 4817 00d5 01130073 		.ascii	"\001\023\000sV']m$\344\372\373\006ji\204RNw\341\316"
ARM GAS  /tmp/cc0z6zZn.s 			page 133


 4817      56275D6D 
 4817      24E4FAFB 
 4817      066A6984 
 4817      524E77E1 
 4818 00ea C50225DC 		.ascii	"\305\002%\334\031\244\245#\212\347\263`\3100QB\264\\"
 4818      19A4A523 
 4818      8AE7B360 
 4818      C8305142 
 4818      B45C
 4819 00fc 12BB2694 		.ascii	"\022\273&\224g\032\312\353 \313\302\033\311\331>\314"
 4819      671ACAEB 
 4819      20CBC21B 
 4819      C9D93ECC 
 4820 010c 140A8B51 		.ascii	"\024\012\213Q@`\367\367\255\013KL\361z\332J\022\277"
 4820      4060F7F7 
 4820      AD0B4B4C 
 4820      F17ADA4A 
 4820      12BF
 4821 011e 21C4971A 		.ascii	"!\304\227\032\342\365\265ex\311\266/G\365l{\003X1\303"
 4821      E2F5B565 
 4821      78C9B62F 
 4821      47F56C7B 
 4821      035831C3 
 4822 0132 7D23776C 		.ascii	"}#wl}\026lHw\022$\014\001\027\336\310\314v\011\234\376"
 4822      7D166C48 
 4822      7712240C 
 4822      0117DEC8 
 4822      CC76099C 
 4823 0147 BE8DB48D 		.ascii	"\276\215\264\215\204z_\230\233g\330\335\0306\031\243"
 4823      847A5F98 
 4823      9B67D8DD 
 4823      183619A3 
 4824 0157 D144CB27 		.ascii	"\321D\313'\216x\215\365n6\3646\205M\210\264\\\232\335"
 4824      8E788DF5 
 4824      6E36F436 
 4824      854D88B4 
 4824      5C9ADD
 4825 016a 0CF24D1D 		.ascii	"\014\362M\035\315\265\002\022\230\2441\322\001\003\262"
 4825      CDB50212 
 4825      98A431D2 
 4825      0103B2
 4826 0179 85B6C508 		.ascii	"\205\266\305\010\217\371\254%l5\305Zi\373I,Y\350\331"
 4826      8FF9AC25 
 4826      6C35C55A 
 4826      69FB492C 
 4826      59E8D9
 4827 018c 6DE809D7 		.ascii	"m\350\011\327\366\030\334{\015\371\326\260\017\375\333"
 4827      F618DC7B 
 4827      0DF9D6B0 
 4827      0FFDDB
 4828 019b 3A368C05 		.ascii	":6\214\005\333\320\235\004i\213\200\013ol\311~F\340"
 4828      DBD09D04 
 4828      698B800B 
 4828      6F6CC97E 
 4828      46E0
 4829 01ad F4F78D80 		.ascii	"\364\367\215\200\003\024\317I\342.\022\016\232\254\355"
 4829      0314CF49 
ARM GAS  /tmp/cc0z6zZn.s 			page 134


 4829      E22E120E 
 4829      9AACED
 4830 01bc B473A42F 		.ascii	"\264s\244/S\350;d\350\213\322N\245\\l\0159\032\207\364"
 4830      53E83B64 
 4830      E88BD24E 
 4830      A55C6C0D 
 4830      391A87F4 
 4831 01d0 A411D2F6 		.ascii	"\244\021\322\366\364X\204\371\264\361\254\003\224\241"
 4831      F45884F9 
 4831      B4F1AC03 
 4831      94A1
 4832 01de 19A7B37D 		.ascii	"\031\247\263}\031/Z;c$\321Y#\211:2\307\325\261u\230"
 4832      192F5A3B 
 4832      6324D159 
 4832      23893A32 
 4832      C7D5B175 
 4833 01f3 A313DD49 		.ascii	"\243\023\335I\355\235\321\222\2057\016\341@d\012\323"
 4833      ED9DD192 
 4833      85370EE1 
 4833      40640AD3 
 4834 0203 BA68E7C9 		.ascii	"\272h\347\311\234|\241\267\334@\210\201\362\031n1T]"
 4834      9C7CA1B7 
 4834      DC408881 
 4834      F2196E31 
 4834      545D
 4835 0215 E1B229DE 		.ascii	"\341\262)\336M\373\206\270O\012\343\257\030\306w\327"
 4835      4DFB86B8 
 4835      4F0AE3AF 
 4835      18C677D7 
 4836 0225 AED1E30B 		.ascii	"\256\321\343\013\002\344\252\001\322\003\037\313\030"
 4836      02E4AA01 
 4836      D2031FCB 
 4836      18
 4837 0232 5E3762D8 		.ascii	"^7b\330\023*L\264^|\215b|\327\033\365,\\\235\032)\320"
 4837      132A4CB4 
 4837      5E7C8D62 
 4837      7CD71BF5 
 4837      2C5C9D1A 
 4838 0248 FBFBF681 		.ascii	"\373\373\366\201*z{\\X\321\027\306\230\323\013\034\037"
 4838      2A7A7B5C 
 4838      58D117C6 
 4838      98D30B1C 
 4838      1F
 4839 0259 F7D374A7 		.ascii	"\367\323t\247\313\307\327\317? 0(8\244Nh\335z\365\033"
 4839      CBC7D7CF 
 4839      3F203028 
 4839      38A44E68 
 4839      DD7AF51B 
 4840 026d 340C6BD4 		.ascii	"4\014k\324\270I\323f\315[\264l\025\336\272M\333\210"
 4840      B849D366 
 4840      CD5BB46C 
 4840      15DEBA4D 
 4840      DB88
 4841 027f C87651ED 		.ascii	"\310vQ\355;Dw\354\324\271KL\327n\335{\364\354\325\273"
 4841      3B4477EC 
 4841      D4B94B4C 
 4841      D76EDD7B 
ARM GAS  /tmp/cc0z6zZn.s 			page 135


 4841      F4ECD5BB 
 4842 0293 4F5FF8D8 		.ascii	"O_\370\330\277\233\003\012\235\240[\304A\377\300\321"
 4842      BF9B030A 
 4842      9DA05BC4 
 4842      41FFC0D1 
 4843 02a3 CEE6792B 		.ascii	"\316\346y+\233\347Ml\236\327\263y\036b\363\334\327\346"
 4843      9BE74D6C 
 4843      9ED7B379 
 4843      1E62F3DC 
 4843      D7E6
 4844 02b5 B966F37C 		.ascii	"\271f\363|\246\236\246C\007\014D\325\270\231W\326\370"
 4844      A69EA643 
 4844      070C44D5 
 4844      B89957D6 
 4844      F8
 4845 02c6 C6E71642 		.ascii	"\306\347\026B\016\276\313\020\357\035\016z\225b=\005"
 4845      0EBECB10 
 4845      EF1D0E7A 
 4845      95623D05 
 4846 02d6 125A8714 		.ascii	"\022Z\207\024\245f\3509:\200S^i\020\216W\372s\364&j"
 4846      A566E839 
 4846      3A80535E 
 4846      69108E57 
 4846      FA73F426 
 4847 02eb 070AA565 		.ascii	"\007\012\245e\025:st\0356\002\202\301\006\200\317\300"
 4847      153A7374 
 4847      1D360282 
 4847      C10680CF 
 4847      C0
 4848 02fc 019B1047 		.ascii	"\001\233\020G\217\375\246\355C\034\340\301A \372\333"
 4848      8FFDA6ED 
 4848      431CE0C1 
 4848      4120FADB 
 4849 030c 0C85FA0F 		.ascii	"\014\205\372\017\357\251\210\217\367w\344\350N\310S"
 4849      EFA9888F 
 4849      F777E4E8 
 4849      4EC853
 4850 031b C1F291D5 		.ascii	"\301\362\221\325\031[\325\226xR6\304\023\230\340\000"
 4850      195BD596 
 4850      785236C4 
 4850      1398E000 
 4851 032b 0F0E061B 		.ascii	"\017\016\006\033\302`\205\010ve\243\000s\301\026\025"
 4851      C2608508 
 4851      7665A300 
 4851      73C11615 
 4852 033b 6C2BB2BA 		.ascii	"l+\262\272b\307F\020OJ\032\203\011\016\360\340`\260"
 4852      62C74610 
 4852      4F4A1A83 
 4852      090EF0E0 
 4852      60B0
 4853 034d E1869387 		.ascii	"\341\206\223\207S\307N\300\324\315\321}`\233\012\266"
 4853      53C74EC0 
 4853      D4CDD17D 
 4853      609B0AB6 
 4854 035d 1D597D62 		.ascii	"\035Y}b\247E\0107\031Lp\200\007\007\203}h\202\355\227"
 4854      A7450837 
 4854      194C7080 
ARM GAS  /tmp/cc0z6zZn.s 			page 136


 4854      0707837D 
 4854      6882ED97 
 4855 0371 60BEB043 		.ascii	"`\276\260C\005+FV\337\330T\025Lp\200\007\207\203\007"
 4855      052B4656 
 4855      DFD85415 
 4855      4C708007 
 4855      878307
 4856 0384 45FF9868 		.ascii	"E\377\230hdb||e\331\202\275\315R\306\370\345\350~\260"
 4856      64627C7C 
 4856      65D982BD 
 4856      CD52C6F8 
 4856      E5E87EB0 
 4857 0398 4BC5DB8D 		.ascii	"K\305\333\215\303\027\273'\202\230'\201\301\275\352"
 4857      C317BB27 
 4857      82982781 
 4857      C1BDEA
 4858 03a7 D0A5A9F1 		.ascii	"\320\245\251\361\241\211\341\304\275G\345\336K\334\005"
 4858      A189E1C4 
 4858      BD47E5DE 
 4858      4BDC05
 4859 03b6 CC3D5370 		.ascii	"\314=Spc\264+3\212\016\011l'\354S\271\367\023\367\352"
 4859      63B42B33 
 4859      8A0E096C 
 4859      27EC53B9 
 4859      F713F7EA 
 4860 03ca 08333B82 		.ascii	"\0103;\202\314\354\270\300\326\3153!\016\247&\3408\240"
 4860      CCECB8C0 
 4860      D6CD3321 
 4860      0EA726E0 
 4860      38A0
 4861 03dc 3E7F38C4 		.ascii	">\1778\304\010\007\001\016 \302aBXD\010>t\203\210h\002"
 4861      0807010E 
 4861      20C26142 
 4861      5844083E 
 4861      74838868 
 4862 03f1 D94C3C25 		.ascii	"\331L<%`\347\035\250\336\3319\005\252Sv\276\200\352"
 4862      60E71DA8 
 4862      DED93905 
 4862      AA5376BE 
 4862      80EA
 4863 0403 8B8DB5A0 		.ascii	"\213\215\265\240Z\353@CK\001\216\001\034\0058B\206\002"
 4863      5AEB4043 
 4863      4B018E01 
 4863      1C053842 
 4863      8602
 4864 0415 191A48FE 		.ascii	"\031\032H\376\246Z!\373&\177\330\356x\034\273\0008\241"
 4864      A65A21FB 
 4864      267FD8EE 
 4864      781CBB00 
 4864      38A1
 4865 0427 46EC24F9 		.ascii	"F\354$\371{Z\372\2137(\012\247 \2664B\312\321\210'\206"
 4865      7B5AFA8B 
 4865      37280AA7 
 4865      20B63442 
 4865      CAD18827 
 4866 043c 3B0C3950 		.ascii	";\0149P\345H\363i\274>N\"\206\242U\3676\012S\253):K"
 4866      E548F369 
ARM GAS  /tmp/cc0z6zZn.s 			page 137


 4866      BC3E4E22 
 4866      86A255F7 
 4866      360A53AB 
 4867 0453 8AAE4845 		.ascii	"\212\256HEg\205\2422\210\275T\233\242\263R\3219\241"
 4867      6785A232 
 4867      88BD549B 
 4867      A2B352D1 
 4867      39A1
 4868 0465 A88C15F9 		.ascii	"\250\214\025\3718X\376\002X\205 \324\034\352x \327\323"
 4868      3858FE02 
 4868      588520D4 
 4868      1CEA7820 
 4868      D7D3
 4869 0477 85452968 		.ascii	"\205E)h\321\324\354x1\014\201\360\005\233t\021\340s"
 4869      D1D4EC78 
 4869      310C81F0 
 4869      059B7411 
 4869      E073
 4870 0489 84FB924C 		.ascii	"\204\373\222L\372A\232\2047\210\007\227 \366\216aRe"
 4870      FA419A84 
 4870      37880797 
 4870      20F68E61 
 4870      5265
 4871 049b 72515208 		.ascii	"rQR\010\017M5_\276\"\301\011\221B\020oP\012\276\206"
 4871      0F4D355F 
 4871      BE22C109 
 4871      9142106F 
 4871      500ABE86 
 4872 04af D8F191D2 		.ascii	"\330\361\221\322\264\343\206i\244\276rj\321\263\014"
 4872      B4E38669 
 4872      A4BE726A 
 4872      D1B30C
 4873 04be 22B483AA 		.ascii	"\"\264\203\252]\370\002\227\361\266\234t;l4\203\252"
 4873      5DF80297 
 4873      F1B69C74 
 4873      3B6C3483 
 4873      AA
 4874 04cf 99A27115 		.ascii	"\231\242q\025\257\257\220R\031\215\014\364\373\272%"
 4874      AFAF9052 
 4874      198D0CF4 
 4874      FBBA25
 4875 04de 9E5934C1 		.ascii	"\236Y4\301\253\341\025d\370\\ix\205\030\204o vfd-\203"
 4875      ABE11564 
 4875      F85C6978 
 4875      8518846F 
 4875      20766664 
 4876 04f4 5061D95A 		.ascii	"Pa\331Z)\306\341\0330\352F\325\334\311\337\317\005Q"
 4876      29C6E11B 
 4876      30EA46D5 
 4876      DCC9DFCF 
 4876      0551
 4877 0506 4C83B898 		.ascii	"L\203\270\230j\206\330M,\014A\261U\355\011\2359K\276"
 4877      6A86D84D 
 4877      2C0C41B1 
 4877      55ED099D 
 4877      394BBE
 4878 0519 DAD8BF90 		.ascii	"\332\330\277\220F\"\310\263\352\3364\360i%86\275\016"
ARM GAS  /tmp/cc0z6zZn.s 			page 138


 4878      4622C8B3 
 4878      EADE34F0 
 4878      69253836 
 4878      BD0E
 4879 052b DCC28737 		.ascii	"\334\302\2077\010\312A\361\274\015\3229\366T\207oU\345"
 4879      08CA41F1 
 4879      BC0DD239 
 4879      F654876F 
 4879      55E5
 4880 053d 3F782AD7 		.ascii	"?x*\327\015\314\357X\371\347\265+\377NQ\276\361\330"
 4880      0DCCEF58 
 4880      F9E7B52B 
 4880      FF4E51BE 
 4880      F1D8
 4881 054f 187FA892 		.ascii	"\030\177\250\222\312uV\376=H}2\351~\264\302\274\334"
 4881      CA7556FE 
 4881      3D487D32 
 4881      E97EB4C2 
 4881      BCDC
 4882 0561 263FEE52 		.ascii	"&?\356R\230se\230\361\006e\340\036\304f+\371a\241\330"
 4882      98736598 
 4882      F10665E0 
 4882      1EC4662B 
 4882      F961A1D8 
 4883 0575 C5FCAE1C 		.ascii	"\305\374\256\034\352\007x}\237\344\025\033\306h\\\316"
 4883      EA07787D 
 4883      9FE4151B 
 4883      C6685CCE 
 4884 0585 B6594956 		.ascii	"\266YIV\220\375<[\022\014\011\232R\316\306jh\311\016"
 4884      90FD3C5B 
 4884      120C099A 
 4884      52CEC66A 
 4884      68C90E
 4885 0598 D2AB175B 		.ascii	"\322\253\027[\023\"\337\230\020\301\220\250r\217#\356"
 4885      1322DF98 
 4885      10C190A8 
 4885      728F23EE 
 4886 05a8 8DD2EE71 		.ascii	"\215\322\356q\032I\243*\030\257\305\25652\244r\213\215"
 4886      1A49A32A 
 4886      18AFC5AE 
 4886      3532A472 
 4886      8B8D
 4887 05ba CF1348B6 		.ascii	"\317\023H\266D\312\342\015J\301D-\366\260\342\263\260"
 4887      44CAE20D 
 4887      4AC1442D 
 4887      F6B0E2B3 
 4887      B0
 4888 05cb DA8BB9A0 		.ascii	"\332\213\271\240\232kg%\250V\312d\304\235\013\366Q\330"
 4888      9A6B6725 
 4888      A856CA64 
 4888      C49D0BF6 
 4888      51D8
 4889 05dd 99A23687 		.ascii	"\231\2426\207\215\205\240Z(\345\246\242\320\024\262"
 4889      8D85A05A 
 4889      28E5A6A2 
 4889      D014B2
 4890 05ec CF21B3A3 		.ascii	"\317!\263\243\362\312\224\011\023CkI\216\252\363\333"
ARM GAS  /tmp/cc0z6zZn.s 			page 139


 4890      F2CA9409 
 4890      13436B49 
 4890      8EAAF3DB 
 4891 05fc FC611A8A 		.ascii	"\374a\032\212&kFr\244hVrd`\005\237a\231q\310f\016\316"
 4891      266B4672 
 4891      A4685672 
 4891      6460059F 
 4891      619971C8 
 4892 0613 A4405D94 		.ascii	"\244@]\224\201\302\033\032\317YZl\031\017\322\036k\205"
 4892      81C21B1A 
 4892      CF595A6C 
 4892      190FD21E 
 4892      6B85
 4893 0625 399FBDCF 		.ascii	"9\237\275\317Xa>\321\024\371\331$\237\334\216\270\367"
 4893      58613ED1 
 4893      14F9D924 
 4893      9FDC8EB8 
 4893      F7
 4894 0636 5BEBE7B9 		.ascii	"[\353\347\271/\314\245f\216\312=\227\270\3072\367!\213"
 4894      2FCCA566 
 4894      8ECA3D97 
 4894      B8C732F7 
 4894      218B
 4895 0648 BBCCE29E 		.ascii	"\273\314\342\236\247r\317'\356*\266\344\210\340\306"
 4895      A772CF27 
 4895      EE2AB6E4 
 4895      88E0C6
 4896 0657 76A4F26C 		.ascii	"v\244\362l\321d\341I\010\244\252\334i\304}]z\222\246"
 4896      D164E149 
 4896      08A4AADC 
 4896      69C47D5D 
 4896      7A92A6
 4897 066a A134AA23 		.ascii	"\2414\252#\373\320\037H\327b\257E\332\304\002\324X\310"
 4897      FBD01F48 
 4897      D762AF45 
 4897      DAC402D4 
 4897      58C8
 4898 067c 21C9D038 		.ascii	"!\311\3208Gfiv\001\0005\000v~\203\352\267\235\273\240"
 4898      47666976 
 4898      01003500 
 4898      767E83EA 
 4898      B79DBBA0 
 4899 0690 BA6BE725 		.ascii	"\272k\347%\250^J\033\2635pk\360\251\006Yhl&\371\250"
 4899      A85E4A1B 
 4899      B335706B 
 4899      F0A90659 
 4899      686C26F9 
 4900 06a5 D4A1AAD9 		.ascii	"\324\241\252\331\036u\310i\310/\320\250\016M\356Pk\035"
 4900      1E75C869 
 4900      C82FD0A8 
 4900      0E4DEE50 
 4900      6B1D
 4901 06b7 5AA02975 		.ascii	"Z\240)u\250\342\323@X\210Zr\320\024'\247\332\"\315\310"
 4901      A8E2D340 
 4901      58885A72 
 4901      D01427A7 
 4901      DA22CDC8 
ARM GAS  /tmp/cc0z6zZn.s 			page 140


 4902 06cb AE9F9AAF 		.ascii	"\256\237\232\257\033\257M\017\206\305\022D\344\353\022"
 4902      1BAF4D0F 
 4902      86C51244 
 4902      E4EB12
 4903 06da CDB3982D 		.ascii	"\315\263\230-\023\205\244\324J\273\311\013\314\250/"
 4903      1385A4D4 
 4903      4ABBC90B 
 4903      CCA82F
 4904 06e9 57077B05 		.ascii	"W\007{\005W\022N\244SV\"%Y\035\316J\225{\025W\022\346"
 4904      57124EA4 
 4904      53562225 
 4904      591DCE4A 
 4904      957B1557 
 4905 06ff 2EB3B827 		.ascii	".\263\270'Y\334\253U\3565\304\275\254\235\271\226\033"
 4905      59DCAB55 
 4905      EE35C4BD 
 4905      AC9DB996 
 4905      1B
 4906 0710 0D1C059A 		.ascii	"\015\034\005\232 >\267\352\334\017_\210\305\264\016"
 4906      203EB7EA 
 4906      DC0F5F88 
 4906      C5B40E
 4907 071f AC678475 		.ascii	"\254g\204u\032\254E\017?#\204\254vb\230>\323\020\021"
 4907      1AAC450F 
 4907      3F2384AC 
 4907      7662983E 
 4907      D31011
 4908 0732 4D209BD1 		.ascii	"M \233\321C\330\240\305\246\262)_[8\367\212\236\223"
 4908      43D8A0C5 
 4908      A6B2295F 
 4908      5B38F78A 
 4908      9E93
 4909 0744 8BF2464D 		.ascii	"\213\362FMi\0116\021\316\331vFN\334-J\366\232\371\233"
 4909      69093611 
 4909      CED97646 
 4909      4EDC2D4A 
 4909      F69AF99B 
 4910 0758 B9D84975 		.ascii	"\271\330Iu\2335\022C-\220\207\365\256\235U\357\226i"
 4910      9B351243 
 4910      2D9087F5 
 4910      AE9D55EF 
 4910      9669
 4911 076a 76510535 		.ascii	"vQ\0055\252v\301\0045\230v1\0045\2066Q\0025J2\225\013"
 4911      AA76C104 
 4911      35987631 
 4911      04358636 
 4911      5102354A 
 4912 0781 35D8AAC1 		.ascii	"5\330\252\301\026\015\012\360y>\305\310&4\240\206\306"
 4912      160D0AF0 
 4912      793EC5C8 
 4912      2634A086 
 4912      C6
 4913 0792 61131850 		.ascii	"a\023\030P\003#5\024i\260\035\261\267QXjM[\217\334\277"
 4913      03233514 
 4913      69B01DB1 
 4913      B751586A 
 4913      4D5B8FDC 
ARM GAS  /tmp/cc0z6zZn.s 			page 141


 4914 07a7 5F120CC5 		.ascii	"_\022\014\305(\272\303\314\375\235\232ZYS\213\275W\326"
 4914      28BAC3CC 
 4914      FD9D9A5A 
 4914      59538BBD 
 4914      57D6
 4915 07b9 DD342A97 		.ascii	"\3354*\227\345\250\354\026\225u\217\026[\316c\177YY"
 4915      E5A8EC16 
 4915      95758F16 
 4915      5BCE637F 
 4915      5959
 4916 07cb 2B2F89E8 		.ascii	"+/\211\350\370"
 4916      F8
 4917 07d0 C35E75F5 		.ascii	"\303^u\365\333G\342\033\242\210\371\272\305\234\277"
 4917      DB47E21B 
 4917      A288F9BA 
 4917      C59CBF
 4918 07df C058A9F6 		.ascii	"\300X\251\366\253\314\007\210y)3\337\262\026\326\225"
 4918      ABCC0788 
 4918      792933DF 
 4918      B216D695 
 4919 07ef 0BCC25EB 		.ascii	"\013\314%\353\240\312}\210\2703\231\373{\253S^fq\037"
 4919      A0CA7D88 
 4919      B83399FB 
 4919      7BAB535E 
 4919      66711F
 4920 0802 56B94B88 		.ascii	"V\271K\210{&s\307[\303\222{\311\030\323#j\346\037%\346"
 4920      7B2673C7 
 4920      5BC3927B 
 4920      C918D323 
 4920      6AE61F25 
 4921 0817 49510657 		.ascii	"IQ\006Wf\361\263\336\362\372\030q=0\363:\275\330{E/"
 4921      66F1B3DE 
 4921      F2FA1871 
 4921      3D30F33A 
 4921      BDD87B45 
 4922 082c 25B6DB32 		.ascii	"%\266\3332\202\245\032\212!>\332\203\016\240\307\024"
 4922      82A51A8A 
 4922      213EDA83 
 4922      0EA0C714 
 4923 083c 210C281C 		.ascii	"!\014(\034\327bo\265\263\031\014P\007Cf\302\011Q\332"
 4923      D7626FB5 
 4923      B3190C50 
 4923      074366C2 
 4923      0951DA
 4924 084f F7683623 		.ascii	"\367h6#\000\352\010\330\004\036\324\300\333\305\033"
 4924      00EA08D8 
 4924      041ED4C0 
 4924      DBC51B
 4925 085e D478DB85 		.ascii	"\324x\333\205\031\3240\333D\027\324\350:\274\307\026"
 4925      19D430DB 
 4925      4417D4E8 
 4925      3ABCC716 
 4926 086e D4D83A6C 		.ascii	"\324\330:l\"\013jde8\316kpN\2032\015\316jpF\203\323"
 4926      220B6A64 
 4926      6538CE6B 
 4926      704E8332 
 4926      0DCE6A70 
ARM GAS  /tmp/cc0z6zZn.s 			page 142


 4927 0885 1A9C424D 		.ascii	"\032\234BM')\256\2174O\252\016\272\003\341s\024\275"
 4927      2729AE8F 
 4927      344FAA0E 
 4927      BA03E173 
 4927      14BD
 4928 0897 60CE938B 		.ascii	"`\316\223\213<Op\011\2106k)\025\320\356\016*\027\250"
 4928      3C4F7009 
 4928      88366B29 
 4928      15D0EE0E 
 4928      2A17A8
 4929 08aa EE4B292E 		.ascii	"\356K).\036\224X\017\364\0049\275\306\304W.[\260/54"
 4929      1E94580F 
 4929      F40439BD 
 4929      C6C4572E 
 4929      5BB02F35 
 4930 08bf 651C17AB 		.ascii	"e\034\027\253\257\225\354\300\335\007q\023O\312\206"
 4930      AF95ECC0 
 4930      DD077113 
 4930      4FCA86
 4931 08ce ACC259E1 		.ascii	"\254\302Y\341\016\203\3034\257\\\203K\036*Pg\327j*\345"
 4931      0E83C334 
 4931      AF5C834B 
 4931      1E2A5067 
 4931      D76A2AE5 
 4932 08e2 BD3ED9D4 		.ascii	"\275>\331\324\250\240]\363\320w\325\213\276k\252\276"
 4932      A8A05DF3 
 4932      D077D58B 
 4932      BE6BAABE 
 4933 08f2 EB1A5CA9 		.ascii	"\353\032\\\251\256/\246\232>y\257\317\362\246\357\206"
 4933      AE2FA69A 
 4933      3E79AFCF 
 4933      F2A6EF86 
 4934 0902 87BE4A2F 		.ascii	"\207\276J/\372n\250\372nj\360\215\324\327\241P\254\372"
 4934      FA6EA8FA 
 4934      6E6AF08D 
 4934      D4D7A150 
 4934      ACFA
 4935 0914 6B202D97 		.ascii	"k -\227V\375\020\207\265\346\023Ja\242X\352_\340\245"
 4935      56FD1087 
 4935      B5E6134A 
 4935      61A258EA 
 4935      5FE0A5
 4936 0927 3EC4A1A0 		.ascii	">\304\241\240\334\326$C\012\212r\353\377\310\257-\003"
 4936      DCD62443 
 4936      0A8A72EB 
 4936      FFC8AF2D 
 4936      03
 4937 0938 7E5807F3 		.ascii	"~X\007\363\371|,\224\267F=8\276\246\372u/\024\216\011"
 4937      F97C2C94 
 4937      B7463D38 
 4937      BEA6FA75 
 4937      2F148E09 
 4938 094c 17EF80DF 		.ascii	"\027\357\200\337A\225\211\216bc\010\275\372\3134y\""
 4938      4195898E 
 4938      626308BD 
 4938      FACB3479 
 4938      22
ARM GAS  /tmp/cc0z6zZn.s 			page 143


 4939 095d 87FBBA75 		.ascii	"\207\373\272u\260\201\235s:\254]\035\207H\240W\010\347"
 4939      B0819D73 
 4939      3AAC5D1D 
 4939      8748A057 
 4939      08E7
 4940 096f 9CAA793F 		.ascii	"\234\252y?\326\212\217\351NI\177\206'@\031O\006\234"
 4940      D68A8FE9 
 4940      4E497F86 
 4940      2740194F 
 4940      069C
 4941 0981 122768B9 		.ascii	"\022'h\271\240E\243\200\227%\\\234\012i\371\247n\013"
 4941      A045A380 
 4941      97255C9C 
 4941      0A69F9A7 
 4941      6E0B
 4942 0993 7B2EECBC 		.ascii	"{.\354\27424l\333\261\335\247\246\377\001\340>\0247"
 4942      32346CDB 
 4942      B1DDA7A6 
 4942      FF01E03E 
 4942      1437
 4943 09a5 C1B87386 		.ascii	"\301\270s\206s\000\247\351\340\203\216?\216\001\224"
 4943      7300A7E9 
 4943      E0838E3F 
 4943      8E0194
 4944 09b4 C2CA23AE 		.ascii	"\302\312#\256\370\370\273\017\246\305\307\347?^\017"
 4944      F8F8BB0F 
 4944      A6C5C7E7 
 4944      3F5E0F
 4945 09c3 AB161D52 		.ascii	"\253\026\035RhhG]\235\210\023\240\020\\t\000\347C\266"
 4945      6868475D 
 4945      9D8813A0 
 4945      105C7400 
 4945      E743B6
 4946 09d6 F9026C06 		.ascii	"\371\002l\006?\274\252G\207r\365\003\210\004\002\024"
 4946      3FBCAA47 
 4946      8772F503 
 4946      88040214 
 4947 09e6 40108905 		.ascii	"@\020\211\005\323\271C\010\211\325!\022JbuI\254\036"
 4947      D3B94308 
 4947      89D52112 
 4947      4A627549 
 4947      AC1E
 4948 09f8 49D427E6 		.ascii	"I\324'\346\006\304\322\020\240\010\302\350E#\"\215\351"
 4948      06C4D210 
 4948      A008C2E8 
 4948      4523228D 
 4948      E9
 4949 0a09 B0B00991 		.ascii	"\260\260\011\221\246D\232\021iN\233\366\026$\326\222"
 4949      A6449A11 
 4949      694E9BF6 
 4949      1624D692 
 4950 0a19 AE5AD186 		.ascii	"\256Z\321\206/\234\266\323\255I\242\015\261\264%\022"
 4950      2F9CB6D3 
 4950      AD49A20D 
 4950      B1B42512 
 4951 0a29 412412AB 		.ascii	"A$\022\253\012\264#\022E,\355\351\252\003m\005\243\351"
 4951      0AB42312 
ARM GAS  /tmp/cc0z6zZn.s 			page 144


 4951      452CEDE9 
 4951      AA036D05 
 4951      A3E9
 4952 0a3b 6D47229D 		.ascii	"mG\"\235\350\2663\300N\350B\0001D\272\322\213nD(\373"
 4952      E8B633C0 
 4952      4EE84200 
 4952      3144BAD2 
 4952      8B6E4428 
 4953 0a50 9D3D88F4 		.ascii	"\235=\210\364$\322\213Ho\332\367\364!\276\276dF?\272"
 4953      24D28B48 
 4953      6FDAF7F4 
 4953      21BEBE64 
 4953      463FBA
 4954 0a63 7D8C1AEF 		.ascii	"}\214\032\357\307\311\267'\210<I\016>E,O\023\351O\271"
 4954      C7C9B727 
 4954      883C490E 
 4954      3E452C4F 
 4954      13E94FB9 
 4955 0a77 F73392FD 		.ascii	"\3673\222\3759\221_8p(~IW\277\"\362\214\003\007\347"
 4955      39915F38 
 4955      70287E49 
 4955      57BF22F2 
 4955      8C0307E7 
 4956 0a8b 59BAFA35 		.ascii	"Y\272\3725\221\3378p\270\236\243\253\347\211\374\226"
 4956      91DF3870 
 4956      B89EA3AB 
 4956      E789FC96 
 4957 0a9b C8EF88FC 		.ascii	"\310\357\210\374\236H,\221\027\210\374\201\310\213D"
 4957      9E482C91 
 4957      1788FC81 
 4957      C88B44
 4958 0aaa FE48E425 		.ascii	"\376H\344%\262\340O\244\355\317\024\222\227I\345_\350"
 4958      B2E04FA4 
 4958      EDCF1492 
 4958      9749E55F 
 4958      E8
 4959 0abb C55F89BC 		.ascii	"\305_\211\274B\344oD\376N\344\037D\376Id\000\221\177"
 4959      42E46F44 
 4959      FE4EE41F 
 4959      44FE4964 
 4959      00917F
 4960 0ace 118923F2 		.ascii	"\021\211#\362*\221\201D^#2\210\310\353\016\314\2427"
 4960      2A918144 
 4960      5E233288 
 4960      C8EB0ECC 
 4960      A237
 4961 0ae0 E8EA4D22 		.ascii	"\350\352M\"o\021y\233\310;D\006\023\031B\344]\007&\334"
 4961      6F11799B 
 4961      C83B4406 
 4961      131942E4 
 4961      5D0726DC 
 4962 0af4 50BA1A46 		.ascii	"P\272\032Fd8\221\021DF\022\031Ed4\221\367\034\230\233"
 4962      64389111 
 4962      44461219 
 4962      45643491 
 4962      F71C989B 
 4963 0b08 EFD3D507 		.ascii	"\357\323\325\007D>$\362o\"\377!\362_\"\037\021\371\037"
ARM GAS  /tmp/cc0z6zZn.s 			page 145


 4963      443E24F2 
 4963      6F22FF21 
 4963      F25F221F 
 4963      11F91F
 4964 0b1b 918F89C4 		.ascii	"\221\217\211\304\003\3211L\023\230\216\005Z\016\023"
 4964      03D1314C 
 4964      13988E05 
 4964      5A0E13
 4965 0b2a F97A1CD1 		.ascii	"\371z\034\321\272\343\231N \352\232H4t\022\321\220$"
 4965      BAE3994E 
 4965      20EA9A48 
 4965      347412D1 
 4965      9024
 4966 0b3c E699CC74 		.ascii	"\346\231\314t\012\323\251L\223\231Nc\232\302t:\323\031"
 4966      0AD3A94C 
 4966      93994E63 
 4966      9AC2743A 
 4966      D319
 4967 0b4e 4C67329D 		.ascii	"Lg2\235\305\364\023\246\263\231\316a:\227\351<\246\363"
 4967      C5F413A6 
 4967      B399CE61 
 4967      3A97E93C 
 4967      A6F3
 4968 0b60 99A6324D 		.ascii	"\231\2462Mc\232\3164\203i&\323,\246\2372u3\315f\232"
 4968      639ACE34 
 4968      836926D3 
 4968      2CA69F32 
 4968      7533CD66 
 4969 0b75 C37401D3 		.ascii	"\303t\001\323\205L\0271\315e\272\230\351\022\246K\231"
 4969      854C1731 
 4969      CD65BA98 
 4969      E912A64B 
 4969      99
 4970 0b86 2E63BA9C 		.ascii	".c\272\234\351\012\246+\231\256b\272\232\351\032\246"
 4970      E90AA62B 
 4970      99AE62BA 
 4970      9AE91AA6 
 4971 0b96 6B99AE63 		.ascii	"k\231\256c\272\236\351gL70\335\310t\023\323\315L\363"
 4971      BA9EE967 
 4971      4C3730DD 
 4971      C87413D3 
 4971      CD4CF3
 4972 0ba9 389EF97C 		.ascii	"8\236\371|]\300t\013\323\255L\013\231nc\272\235i\021"
 4972      5DC0740B 
 4972      D3AD4C0B 
 4972      996E63BA 
 4972      9D6911
 4973 0bbc D31D4C8B 		.ascii	"\323\035L\213\231\356d\272\213\351n\246{\230\356e\272"
 4973      99EE64BA 
 4973      8BE96EA6 
 4973      7B98EE65 
 4973      BA
 4974 0bcd 8FE97EA6 		.ascii	"\217\351~\246\007\230\036dz\210\351a\246%L\2170=\312"
 4974      07981E64 
 4974      7A88E961 
 4974      A6254C8F 
 4974      303DCA
ARM GAS  /tmp/cc0z6zZn.s 			page 146


 4975 0be0 F418D352 		.ascii	"\364\030\323R\246\307\231\236`z\222\351)\352\031\260"
 4975      A6C7999E 
 4975      607A92E9 
 4975      29EA19B0 
 4976 0bf0 8E4ED3E9 		.ascii	"\216N\323\351\013P<\360e?q\251;Rt\372b\024O\237H\256"
 4976      0B503CF0 
 4976      653F71A9 
 4976      3B5274FA 
 4976      62144F9F 
 4977 0c06 00164A70 		.ascii	"\000\026Jp\353\200W\361\027\317\027\370\303\031p\\\206"
 4977      EB8057F1 
 4977      17CF17F8 
 4977      C319705C 
 4977      86
 4978 0c17 C4F25FE0 		.ascii	"\304\362_\3403\350D\225\370\007\300\367A>\257@t\277"
 4978      33E84495 
 4978      F807C0F7 
 4978      413EAF40 
 4978      74BF
 4979 0c29 2B3AC2E8 		.ascii	"+:\302\350\026\214s\014^\352\014\023\177\361\306 G\005"
 4979      168C730C 
 4979      5EEA0C13 
 4979      7FF1C620 
 4979      4705
 4980 0c3b 24DC9D70 		.ascii	"$\334\235p@s\353\032!V\300\330U\343K\361R\307\007\324"
 4980      4073EB1A 
 4980      2156C0D8 
 4980      55E34BF1 
 4980      52C707D4 
 4981 0c4f 29D485E6 		.ascii	")\324\205\346\364p\315x\004t\271q\274q\307\210\"\371"
 4981      F470CD78 
 4981      0474B971 
 4981      BC71C788 
 4981      22F9
 4982 0c61 8BC3DCBA 		.ascii	"\213\303\334\272\217\354&\\\334\273\362\2107@.x\240"
 4982      8FEC265C 
 4982      DCBBF288 
 4982      37402E78 
 4982      A0
 4983 0c72 39BAE29E 		.ascii	"9\272\342\236\004;\205\206\020\257\247\363G\033\264"
 4983      043B8586 
 4983      10AFA7F3 
 4983      471BB4
 4984 0c81 EF72D1EB 		.ascii	"\357r\321\353(C\002\241 >\343\244\350\256\374Yg\357"
 4984      284302A1 
 4984      203EE3A4 
 4984      E8AEFC59 
 4984      67EF
 4985 0c93 3BA435B7 		.ascii	";\2445\267F\023\364\254\244;\250\334Ob\207Y\330\215"
 4985      4613F4AC 
 4985      A43BA8DC 
 4985      4F628759 
 4985      D88D
 4986 0ca5 DCBA2F8C 		.ascii	"\334\272/\214\345\2570]\321\207\362\220\034\2751$\""
 4986      E5AF305D 
 4986      D187F290 
 4986      1CBD3124 
ARM GAS  /tmp/cc0z6zZn.s 			page 147


 4986      22
 4987 0cb6 BEF8F0D3 		.ascii	"\276\370\360\323\235\236\205\345\350M`\234\356\346O"
 4987      9D9E85E5 
 4987      E84D609C 
 4987      EEE64F
 4988 0cc5 4289F459 		.ascii	"B\211\364Y-\267\025\0265\030\217F0v):\341_\335ZB\024"
 4988      2DB71516 
 4988      35188F46 
 4988      3076293A 
 4988      E15FDD5A 
 4989 0cdb 06378589 		.ascii	"\0067\205\211\010\250\221\254xP\037&\031\242\305\276"
 4989      08A891AC 
 4989      78501F26 
 4989      19A2C5BE 
 4990 0ceb 6E3DA026 		.ascii	"n=\240&\321\311(\252\253\242S\360\256\022&d}\204\317"
 4990      D1C928AA 
 4990      ABA253F0 
 4990      AE122664 
 4990      7D84CF
 4991 0cfe 70BBDF2C 		.ascii	"p\273\337,Cw9\034\350\233[\017D+\020-Go\316a\360Q\007"
 4991      4377391C 
 4991      E89B5B0F 
 4991      442B102D 
 4991      476FCE61 
 4992 0d15 E57C438A 		.ascii	"\345|C\212x\032E<\210F\264#>M\010\347!\017bn_+\023\022"
 4992      781A453C 
 4992      8846B423 
 4992      3E4D08E7 
 4992      210F626E 
 4993 0d2d FAD33AE3 		.ascii	"\372\323:\343\326\203Y\362G\314\205\363f.\004\033\271"
 4993      D68359F2 
 4993      47CC85F3 
 4993      662E041B 
 4993      B9
 4994 0d3e 100CD1FA 		.ascii	"\020\014\321\372\025\214I\203\200WP\332O\325uOI\200"
 4994      158C4983 
 4994      805750DA 
 4994      4FD5754F 
 4994      4980
 4995 0d50 10823113 		.ascii	"\020\2021\023\240\016>\200\373\2329\370\241<\370u\314"
 4995      A00E3E80 
 4995      FB9A39F8 
 4995      A13CF875 
 4995      CC
 4996 0d61 C1AFAB44 		.ascii	"\301\257\253D\"\324c\310\247U\033\362\272\220\240\313"
 4996      22D463C8 
 4996      A7551BF2 
 4996      BA90A0CB 
 4997 0d71 E1F65787 		.ascii	"\341\366W\207\373\201\034\356\353\210[\257\306A\236"
 4997      FB811CEE 
 4997      EB885BAF 
 4997      C6419E
 4998 0d80 EE659067 		.ascii	"\356e\220g\350d\256\034\344\362v4\3103\215\221\272\216"
 4998      E864AE1C 
 4998      E4F27634 
 4998      C8338D91 
 4998      BA8E
ARM GAS  /tmp/cc0z6zZn.s 			page 148


 4999 0d92 835CBFBA 		.ascii	"\203\\\277\272}\352H}R}\220g\363H\215\317\302\302\307"
 4999      7DEA487D 
 4999      527D9067 
 4999      F3488DCF 
 4999      C2C2C7
 5000 0da5 43D52243 		.ascii	"C\325\"C\367\241\241\252\207@-\0220\332\016\236\224"
 5000      F7A1A1AA 
 5000      87402D12 
 5000      30DA0E9E 
 5000      94
 5001 0db6 FC8FBEDE 		.ascii	"\374\217\276\336\345\350-\331\241\0005\230?Z\003\327"
 5001      E5E82DD9 
 5001      A1003598 
 5001      3F5A03D7 
 5002 0dc6 80C22F07 		.ascii	"\200\302/\007\216\306\247\001s\007\032\323\220\270\347"
 5002      8EC6A701 
 5002      73071AD3 
 5002      90B8E7
 5003 0dd5 3E83BB1F 		.ascii	">\203\273\037\016\347\345Y\000\345\310\024&s\336\307"
 5003      0EE7E559 
 5003      00E5C814 
 5003      2673DEC7 
 5004 0de5 CAF9566E 		.ascii	"\312\371Vn\014\350|\335\012n*Z\3564\202\213\303\020"
 5004      0CE87CDD 
 5004      0A6E2A5A 
 5004      EE34828B 
 5004      C310
 5005 0df7 66053708 		.ascii	"f\0057\010\301\013)\270<D\221n\275\221-J:\242\270\014"
 5005      C10B29B8 
 5005      3C44916E 
 5005      BD912D4A 
 5005      3AA2B80C 
 5006 0e0b 942DA8BA 		.ascii	"\224-\250\272\221\005\023L\337\260\245\215\251;\247"
 5006      9105134C 
 5006      DFB0A58D 
 5006      A93BA7
 5007 0e1a 005C9156 		.ascii	"\000\\\221VF\270\365\3066\210~\220\211\210\0301\342"
 5007      46B8F5C6 
 5007      36887E90 
 5007      89881831 
 5007      E2
 5008 0e2b AC4C2A6E 		.ascii	"\254L*n\302-\007\266a\351\364\005\020\345\004B\027\267"
 5008      C22D07B6 
 5008      61E9F405 
 5008      10E50442 
 5008      17B7
 5009 0e3d DEC416C1 		.ascii	"\336\304\026\301\215\010~\336\020\374\011\241\211@x"
 5009      8D087EDE 
 5009      10FC09A1 
 5009      894078
 5010 0e4c C2AD37B5 		.ascii	"\302\2557\265EX\200\010\001\336\020\002\011\241\251"
 5010      45588008 
 5010      01DE1002 
 5010      09A1A9
 5011 0e5b 40D8898A 		.ascii	"@\330\211\212\232\331B\344\"D\2207\210`\202h\306AI\337"
 5011      9AD942E4 
 5011      22449037 
ARM GAS  /tmp/cc0z6zZn.s 			page 149


 5011      88608268 
 5011      C64149DF 
 5012 0e6f 1944039B 		.ascii	"\031D\003\233U\352\204k\334mFs\334B\254\301\245Yy\025"
 5012      55EA846B 
 5012      DC6D4673 
 5012      DC42ACC1 
 5012      A5597915 
 5013 0e83 F534277E 		.ascii	"\3654'~\367w\304gL\312\346\306\244l\016\321\301K0O["
 5013      F777C467 
 5013      4CCAE6C6 
 5013      A46C0ED1 
 5013      C14B304F 
 5014 0e98 D6994F65 		.ascii	"\326\231Oe\231~\306p\301\230\031\231;Cd\311A\206\026"
 5014      997EC670 
 5014      C1981999 
 5014      3B4364C9 
 5014      418616
 5015 0eab 354E8DA5 		.ascii	"5N\215\245^\246\3062\335\315uE\324\277N45\226\213\374"
 5015      5EA6C632 
 5015      DDCD7545 
 5015      D4BF4E34 
 5015      35968BFC 
 5016 0ebf 0E17D91D 		.ascii	"\016\027\331\035\236!\206\245\205\230<\310\321\232Z"
 5016      9E2186A5 
 5016      85983CC8 
 5016      D19A5A
 5017 0ece E66B40A9 		.ascii	"\346k@\251\236X\361\340\301\3232\335/\244N\032+\322"
 5017      9E58F1E0 
 5017      C1D332DD 
 5017      2FA44E1A 
 5017      2BD2
 5018 0ee0 BD8DE9BA 		.ascii	"\275\215\351\272\221\342-\311\031\231\342\344\254\230"
 5018      91E22DC9 
 5018      1999E2E4 
 5018      AC98
 5019 0eee 10A1327B 		.ascii	"\020\2412{*`\373\271\272\364-\3522\364k\223C#\200/\353"
 5019      2A60FBB9 
 5019      BAF42DEA 
 5019      32F46B93 
 5019      4323802F 
 5020 0f03 AAF9BF61 		.ascii	"\252\371\277ag\000M\200JH\314\372\330\255\267b\303\332"
 5020      67004D80 
 5020      4A48CCFA 
 5020      D8ADB762 
 5020      C3DA
 5021 0f15 66500AA0 		.ascii	"fP\012\240\2379z\204\030\203;P\335}\366]\243\203\205"
 5021      9F397A84 
 5021      18833B50 
 5021      DD7DF65D 
 5021      A38385
 5022 0f28 75E87B08 		.ascii	"u\350{\010\261\267b\300|\037\0229w9\030\233\375~\011"
 5022      B1B762C0 
 5022      7C1F1239 
 5022      7739189B 
 5022      FD7E09
 5023 0f3b 748CC0C3 		.ascii	"t\214\300\303\364\021\256\252-h\203\201~0\337\326\235"
 5023      F411AEAA 
ARM GAS  /tmp/cc0z6zZn.s 			page 150


 5023      2D688381 
 5023      7E30DFD6 
 5023      9D
 5024 0f4c 1ABF2870 		.ascii	"\032\277(p\302\015\3360\210\361\253\347YU+\321\245p"
 5024      C20DDE30 
 5024      88F1ABE7 
 5024      59552BD1 
 5024      A570
 5025 0f5e 5E6B8FE1 		.ascii	"^k\217\341U$\217\344y\2220F2\334\030\311H\330\240\327"
 5025      55248FE4 
 5025      79923046 
 5025      32DC18C9 
 5025      48D8A0D7 
 5026 0f72 AD585BE5 		.ascii	"\255X[\345\217\356\270\365S\020\346\304\207\341\020"
 5026      8FEEB8F5 
 5026      5310E6C4 
 5026      87E110
 5027 0f81 5DF7FEDA 		.ascii	"]\367\376\332*\334(\342\263\2500*\274\365\325ZQ\"\223"
 5027      2ADC28E2 
 5027      B3A8302A 
 5027      BCF5D55A 
 5027      512293
 5028 0f94 683A44D3 		.ascii	"h:D\323q\311\271\305\225\030\030\034"
 5028      71C9B9C5 
 5028      9518181C 
 5029 0fa0 29C722F9 		.ascii	")\307\"\371\033\007\233Q\337x\354s\235\306}\223\307"
 5029      1B079B51 
 5029      DF78EC73 
 5029      9DC67D93 
 5029      C7
 5030 0fb1 B8E736A2 		.ascii	"\270\3476\242q\337\254\223\311\306\270G\320\270\347"
 5030      71DFAC93 
 5030      C9C6B847 
 5030      D0B8E7
 5031 0fc0 E964318F 		.ascii	"\351d1\217Q\025\300F\326}k\365\354\333\213\375\341{"
 5031      5115C046 
 5031      D67D6BF5 
 5031      ECDB8BFD 
 5031      E17B
 5032 0fd2 EE1FDC9B 		.ascii	"\356\037\334\233\\\360\203\234\340\275\334zkY\202\""
 5032      5CF0839C 
 5032      E0BDDC7A 
 5032      6B598222 
 5033 0fe2 AB2DBB05 		.ascii	"\253-\273\005\246\001\371\373\263\246\266$\013\266x"
 5033      A601F9FB 
 5033      B3A6B624 
 5033      0BB678
 5034 0ff1 B160ABB4 		.ascii	"\261`\253\264\200\346S\376\376q\005\357P\261)"
 5034      80E653FE 
 5034      FE7105EF 
 5034      50B129
 5035 1000 44C63A0E 		.ascii	"D\306:\016\241/\241ru\302\372\254\000\012|\025XKDk\253"
 5035      A12FA172 
 5035      75C2FAAC 
 5035      000A7C15 
 5035      584B446B 
 5036 1015 FC345096 		.ascii	"\3744P\226\0107\366\244)Z|\306:\037~\325\260\370j\366"
ARM GAS  /tmp/cc0z6zZn.s 			page 151


 5036      0837F6A4 
 5036      295A7CC6 
 5036      3A1F7ED5 
 5036      B0F86AF6 
 5037 1029 184D06F0 		.ascii	"\030M\006\360\210\017\307\357\326#\306\257\352\330\030"
 5037      880FC7EF 
 5037      D623C6AF 
 5037      EAD818
 5038 1038 7FB2BEC8 		.ascii	"\177\262\276\310\323\372Nd\375\0165~\345OP\374\212\255"
 5038      D3FA4E64 
 5038      FD0E357E 
 5038      E54F50FC 
 5038      8AAD
 5039 104a F8DD02D8 		.ascii	"\370\335\002\330n\304\357&\306\357\266\031\277;V\374"
 5039      6EC4EF26 
 5039      C6EFB619 
 5039      BF3B56FC 
 5040 105a DAD8462D 		.ascii	"\332\330F-g\352\257I\357./zw{D\2558\377\035\376e\000"
 5040      67EAAF49 
 5040      EF2E2F7A 
 5040      777B44AD 
 5040      38FF1DFE 
 5041 1070 32863A84 		.ascii	"2\206:\204\026\214\332\214\365_\006R\324n\201C\314@"
 5041      168CDA8C 
 5041      F55F0652 
 5041      D46E8143 
 5041      CC40
 5042 1082 6A92DAA2 		.ascii	"j\222\332\242B\236\262_)S\266\370L\011\377\276\004\271"
 5042      429EB25F 
 5042      2953B6F8 
 5042      4C09FFBE 
 5042      04B9
 5043 1094 4E8EBF8E 		.ascii	"N\216\277\216+y\004\263h\325V0\2246f\030[\022B\225\256"
 5043      2B7904B3 
 5043      68D55630 
 5043      94366618 
 5043      5B124295 
 5044 10a9 14842528 		.ascii	"\024\204%(\304A.5\346\373=|\321\016\237\212\231\200"
 5044      C4412E35 
 5044      E6FB3D7C 
 5044      D10E9F8A 
 5044      9980
 5045 10bb D1A049D1 		.ascii	"\321\240I\321\216G%\314Jk\2327\307x\016\310\211F\003"
 5045      8E4725CC 
 5045      4A6B9A37 
 5045      C7780EC8 
 5045      894603
 5046 10ce 6D168C28 		.ascii	"m\026\214(\2323\262`\320\354\212\242\311s\212&W\003"
 5046      9A33B260 
 5046      D0EC8AA2 
 5046      C9738A26 
 5046      5703
 5047 10e0 276A6CD7 		.ascii	"'jl\327p\305\372\2734_\020\263\221Z(N\211B\201\271R"
 5047      70C5FABB 
 5047      345F10B3 
 5047      915A284E 
 5047      894281B9 
ARM GAS  /tmp/cc0z6zZn.s 			page 152


 5048 10f5 56E484FB 		.ascii	"V\344\204\373(\320\236=\332\2428\275\365\326\031v\232"
 5048      28D09E3D 
 5048      DAA238BD 
 5048      F5D61976 
 5048      9A
 5049 1106 27647B84 		.ascii	"'d{\204\254\347\244\366\271\261\261$\246\350M\310LM"
 5049      ACE7A4F6 
 5049      B9B1B124 
 5049      A6E84DC8 
 5049      4C4D
 5050 1118 B6CF0F10 		.ascii	"\266\317\017\020\244\003\203\237\331\231\016\020\257"
 5050      A403839F 
 5050      D9990E10 
 5050      AF
 5051 1125 1993BA83 		.ascii	"\031\223\272\2031\251;@tc*\317\235\232rynJ@\322 w\036"
 5051      31A93B40 
 5051      74632ACF 
 5051      9D9A7279 
 5051      6E4A40D2 
 5052 113c 8FF7E1C5 		.ascii	"\217\367\341\3058\336\321\274\243\346\270up\360\272"
 5052      38DED1BC 
 5052      A3E6B875 
 5052      70F0BA
 5053 114b 8141C79B 		.ascii	"\201A\307\233\216\370\012\355\024\021\006O&|\3130=\314"
 5053      8EF80AED 
 5053      1411064F 
 5053      267CCB30 
 5053      3DCC
 5054 115d C87422C5 		.ascii	"\310t\"\30522dZ'\016l3\303x\262\363\3343\3509\301}["
 5054      3232645A 
 5054      270E6C33 
 5054      C378B2F3 
 5054      DC33E839 
 5055 1174 1EC695BE 		.ascii	"\036\306\225\276\241\001\331\012\231\275\2160\2034W"
 5055      A101D90A 
 5055      99BD8E30 
 5055      833457
 5056 1183 23F99D88 		.ascii	"#\371\235\210$'\3534\200I\230\034]\344\204\367\265&"
 5056      2427EB34 
 5056      8049981C 
 5056      5DE484F7 
 5056      B526
 5057 1195 3C8E7367 		.ascii	"<\216sg8\252t\013\3070\025\353*=G\027k\266\266\360\350"
 5057      38AA740B 
 5057      C73015EB 
 5057      2A3D4717 
 5057      6BB6B6F0 
 5058 11aa 3970398D 		.ascii	"9p9\215\261E9\216(\365\014\224\317\320\360\030\013\246"
 5058      B145398E 
 5058      28F50C94 
 5058      CFD0F018 
 5058      0BA6
 5059 11bc A5D2737C 		.ascii	"\245\322s|O=\307\024M b\316t\265A\364\203\223\210X\337"
 5059      4F3DC714 
 5059      4D2062CE 
 5059      74B541F4 
 5059      83938858 
ARM GAS  /tmp/cc0z6zZn.s 			page 153


 5060 11d1 58ACAFFB 		.ascii	"X\254\257\373\212\243\275\311\342h\017\345\004BO\267"
 5060      8AA3BDC9 
 5060      E2680FE5 
 5060      04424FB7 
 5061 11e1 DECD16E1 		.ascii	"\336\315\026\341\014\"4\360\202\320\225\021\272\011"
 5061      0C2234F0 
 5061      82D09511 
 5061      BA09
 5062 11ef 8427DD7A 		.ascii	"\204'\335zw[\204s\210\320\320\013\002\237\240\242\240"
 5062      775B8473 
 5062      88D0D00B 
 5062      029FA0A2 
 5062      A0
 5063 1200 680C791A 		.ascii	"h\014y\032\011wz\330B}\216Pa\325\241\222\014wz\230\356"
 5063      09777AD8 
 5063      427D8E50 
 5063      61D5A192 
 5063      0C777A98 
 5064 1215 F4B445F8 		.ascii	"\364\264E\370\022\021\032yA\020\356\3644\335\351e\213"
 5064      12111A79 
 5064      4110EEF4 
 5064      34DDE965 
 5064      8B
 5065 1226 F0352234 		.ascii	"\3605\"4\366\202 \335\351%6\015V\003\224\314\247ob\001"
 5065      F68220DD 
 5065      E925360D 
 5065      560394CC 
 5065      A76F6201 
 5066 123a 6DE5D900 		.ascii	"m\345\331\000M\305\354\352m4@\311\346\014\353m\314\260"
 5066      4DC5ECEA 
 5066      6D3440C9 
 5066      E60CEB6D 
 5066      CCB0
 5067 124c DE10DD92 		.ascii	"\336\020\335\222fX\277\266<\303\302\325\006\350\001"
 5067      6658BFB6 
 5067      3CC3C2D5 
 5067      06E801
 5068 125b 3640A461 		.ascii	"6@\244a\336\243V\367\363\237\272\250\312^\365\254\262"
 5068      DEA356F7 
 5068      F39FBAA8 
 5068      CA5EF5AC 
 5068      B2
 5069 126c 2DA8CA5E 		.ascii	"-\250\312^\323\311\036cu\344\015\303u\235\014\343i7"
 5069      D3C91E63 
 5069      75E40DC3 
 5069      759D0CE3 
 5069      6937
 5070 127e 4D832BEA 		.ascii	"M\203+\352\352\230\242\031\325}\272fV\367>\266\325\375"
 5070      EA98A219 
 5070      D57DBA66 
 5070      56F73EB6 
 5070      D5FD
 5071 1290 EED468D2 		.ascii	"\356\324h\322\373\215\027\275\225R\257\307\232xC\254"
 5071      FB8D17BD 
 5071      9552AFC7 
 5071      9A7843AC 
 5072 12a0 89AC05AB 		.ascii	"\211\254\005\253\373\315\015\253\002(\226\32349?\336"
ARM GAS  /tmp/cc0z6zZn.s 			page 154


 5072      FBCD0DAB 
 5072      022896D3 
 5072      34393FDE 
 5073 12b0 4365D6F4 		.ascii	"Ce\326\364h\215`]e\361Y-\227D_~\323\306zs1\305Wn\237"
 5073      688D605D 
 5073      65F1592D 
 5073      97445F7E 
 5073      D3C67A73 
 5074 12c9 B1B6F7AD 		.ascii	"\261\266\367\255\261i\274\345\245i\274\355\021\236("
 5074      B169BCE5 
 5074      A569BCED 
 5074      119E28
 5075 12d8 0ACF1D8F 		.ascii	"\012\317\035\217\246\021\267D\334\211\367\025\313c\024"
 5075      A611B744 
 5075      DC89F715 
 5075      CB6314
 5076 12e7 6D9B30D1 		.ascii	"m\2330\321\2235\373\246\261%\3335sWH\365\275U\200\005"
 5076      9335FBA6 
 5076      B125DB35 
 5076      735748F5 
 5076      BD558005 
 5077 12fb 94CB4049 		.ascii	"\224\313@I&\320m\013\250p\373\325lu\263\325VM\221{J"
 5077      26D06D0B 
 5077      A870FBD5 
 5077      6C75B3D5 
 5077      564D917B 
 5078 1310 2BDA8FD2 		.ascii	"+\332\217\322J\326OJ\273~\314\036\341\321\212N\241\023"
 5078      4AD64F4A 
 5078      BB7ECC1E 
 5078      E1D18A4E 
 5078      A113
 5079 1322 626A4583 		.ascii	"bjE\203\371\001\240JqG\254\221j\225L\337eT\311os;{\355"
 5079      F901A04A 
 5079      7147AC91 
 5079      6A954CDF 
 5079      6554C96F 
 5080 133a 3E5B51ED 		.ascii	">[Q\355}\200Al\202\245\327h-\305\224\321\275\011\344"
 5080      7D80416C 
 5080      82A5D768 
 5080      2DC594D1 
 5080      BD09E4
 5081 134d 72B14E70 		.ascii	"r\261Np\246\343&\304\001c$o\261f\327\332:!\021y\233"
 5081      A6E326C4 
 5081      0163246F 
 5081      B166D7DA 
 5081      3A211179 
 5082 1362 095E3229 		.ascii	"\011^2)\303\327\350X3\371\304[L\270v\236\035k\006z\376"
 5082      C3D7E858 
 5082      33F9C45B 
 5082      4CB8769E 
 5082      1D6B067A 
 5083 1377 98D1A766 		.ascii	"\230\321\247f\232\023\3561c\302=\006\321\221t\014\360"
 5083      9A13EE31 
 5083      63C23D06 
 5083      D191740C 
 5083      F0
 5084 1388 5267EA46 		.ascii	"Rg\352F\243\324nt\365.\254\2719\2328\013\240\335\377"
ARM GAS  /tmp/cc0z6zZn.s 			page 155


 5084      A3D46E74 
 5084      F52EACB9 
 5084      399A380B 
 5084      A0DDFF
 5085 139b E304C567 		.ascii	"\343\004\305g\001ex\207\273\256\307\325\263\200'\371"
 5085      01657887 
 5085      BBAEC7D5 
 5085      B38027F9 
 5086 13ab 2CE00931 		.ascii	",\340\0111/pAxJ\331k?\351q\0260\336\251\234\005T\240"
 5086      2F704178 
 5086      4AD96B3F 
 5086      E9711630 
 5086      DEA99C05 
 5087 13c1 E8535656 		.ascii	"\350SVV\267\267\332\271\204\254\243\217\332\007_\273"
 5087      B7B7DAB9 
 5087      84ACA38F 
 5087      DA075FBB 
 5088 13d1 E14BA93C 		.ascii	"\341K\251<\311\351\221\312Q\224\312IN\262\336\350\343"
 5088      C9E991CA 
 5088      5194CA49 
 5088      4EB2DEE8 
 5088      E3
 5089 13e2 7A522A4F 		.ascii	"zR*Ov\222{\234 \2135\230\350Tf\372\022s\246/\265f\372"
 5089      76927B9C 
 5089      208B3598 
 5089      E85466FA 
 5089      1273A62F 
 5090 13f9 D3B633FD 		.ascii	"\323\2663\375B\362\323\244w\252\027\275\311R\257\307"
 5090      42F2D3A4 
 5090      77AA17BD 
 5090      C952AFC7 
 5091 1409 4C9FE6E4 		.ascii	"L\237\346\344\231\276D\316\364\204\274\234@4\205~\177"
 5091      99BE44CE 
 5091      F484BC9C 
 5091      4034857E 
 5091      7F
 5092 141a 6105E569 		.ascii	"a\005\345i+(\035\326\224\036:jd\342\332]!\"\015{\331"
 5092      2B281DD6 
 5092      941E3A6A 
 5092      64E2DA5D 
 5092      21220D7B 
 5093 142f 4DE728FA 		.ascii	"M\347(\372X:\035U\340~\217KNO\312\236\031\322\220j\271"
 5093      583A1D55 
 5093      E07E8F4B 
 5093      4E4FCA9E 
 5093      19D2906A 
 5094 1444 E9B441A1 		.ascii	"\351\264A\241:\345\017\237 J\013\201R\036I(\263%\012"
 5094      3AE50F9F 
 5094      204A0B81 
 5094      521E4928 
 5094      B3250A
 5095 1457 CC3212F6 		.ascii	"\3142\022\366\241\344V\252\212?\314E\200\226\322\214"
 5095      A1E456AA 
 5095      8A3FCC45 
 5095      8096D28C 
 5096 1467 4604304F 		.ascii	"F\0040O\001 w\326\243;T\273\322\276\345\237\303\246"
 5096      012077D6 
ARM GAS  /tmp/cc0z6zZn.s 			page 156


 5096      A33B54BB 
 5096      D2BEE59F 
 5096      C3A6
 5097 1479 E8D18796 		.ascii	"\350\321\207\226\254Zf8\273Q\344\370\372GM\204\212\325"
 5097      AC5A6638 
 5097      BB51E4F8 
 5097      FA474D84 
 5097      8AD5
 5098 148b 9C08699E 		.ascii	"\234\010i\236\003\022I\003\222\256&BngJ\204\014+\021"
 5098      03124903 
 5098      92AE2642 
 5098      6E674A84 
 5098      0C2B11
 5099 149e 166A906A 		.ascii	"\026j\220j$B%&\302\"\221\010\033\\\220\253\311\303B"
 5099      24422526 
 5099      C2229108 
 5099      1B5C90AB 
 5099      C9C342
 5100 14b1 1FB7DEDF 		.ascii	"\037\267\336\3376\023*\223\037'\305Y^\024\177*\025\313"
 5100      36132A93 
 5100      1F27C559 
 5100      5E147F2A 
 5100      15CB
 5101 14c3 33274C86 		.ascii	"3'L\206\374\267s\364(p#o+\372\315\216q\362\324\036\262"
 5101      FCB773F4 
 5101      2870236F 
 5101      2BFACD8E 
 5101      71F2D41E 
 5102 14d8 9D4231E6 		.ascii	"\235B1\346\306\366\274\362\000\312\215\2058lla6\316"
 5102      C6F6BCF2 
 5102      00CA8D85 
 5102      386C6C61 
 5102      36CE
 5103 14ea BDFE1C9C 		.ascii	"\275\376\034\234\274]\334A\034\276\214\035\304\317\252"
 5103      BC5DDC41 
 5103      1CBE8C1D 
 5103      C4CFAA
 5104 14f9 CF36A9A5 		.ascii	"\3176\251\245<\202\276e/p\362!d\367D\221\035~\260\320"
 5104      3C82BE65 
 5104      2F70F221 
 5104      64F74491 
 5104      1D7EB0D0 
 5105 150d C9E582C4 		.ascii	"\311\345\202\304\347N&\217~.[\276\020\350\3110~\250"
 5105      E74E268F 
 5105      7E2E5BBE 
 5105      10E8C930 
 5105      7EA8
 5106 151f 04729DDC 		.ascii	"\004r\235\334\274f\360\216\001\253\306\317\220O\030"
 5106      BC66F08E 
 5106      01ABC6CF 
 5106      904F18
 5107 152e E1A6076C 		.ascii	"\341\246\007lD\201b\304/k4bIu#\226:\261>\253F\374\312"
 5107      448162C4 
 5107      2F6B3462 
 5107      49752396 
 5107      3AB13EAB 
 5108 1545 34A2AF65 		.ascii	"4\242\257e\304r\325\210gP\011\362\011#>\245\007bS\241"
ARM GAS  /tmp/cc0z6zZn.s 			page 157


 5108      C472D588 
 5108      675009F2 
 5108      09233EA5 
 5108      076253A1 
 5109 1559 18F1AC04 		.ascii	"\030\361\254\004\011\000\255FsVU7g\265\023V:=\354\371"
 5109      0900AD46 
 5109      73565537 
 5109      67B51356 
 5109      3A3DECF9 
 5110 156d B569CF13 		.ascii	"\265i\317\023\226=kU{~\203\372\220O\330\223E\017\304"
 5110      963D6B55 
 5110      7B7E83FA 
 5110      904FD893 
 5110      450FC4
 5111 1580 465ED833 		.ascii	"F^\3303{q\230\335\344\010\242\311\261^\231\034\274\032"
 5111      7B7198DD 
 5111      E408A2C9 
 5111      B15E991C 
 5111      BC1A
 5112 1592 7C2653C4 		.ascii	"|&S\304\010\356\321\237\206\263\321\232\245\002g\223"
 5112      08EED19F 
 5112      86B3D19A 
 5112      A5026793 
 5113 15a2 8923E253 		.ascii	"\211#\342S\372\323p\362\224\232\3018\371&\216\360\353"
 5113      FAD370F2 
 5113      949AC138 
 5113      F9268EF0 
 5113      EB
 5114 15b3 848CF362 		.ascii	"\204\214\363b\214\350s\304\346gl8\036\223\005\375\014"
 5114      8CE873C4 
 5114      E6676C38 
 5114      1E9305FD 
 5114      0C
 5115 15c4 EDDC9FE3 		.ascii	"\355\334\237\343E;\303Z\264\263\316'\247\030[1\234\342"
 5115      453BC35A 
 5115      B4B3CE27 
 5115      A7185B31 
 5115      9CE2
 5116 15d6 1DD7A7DF 		.ascii	"\035\327\247\337\350+[\227\017\325\315|\247yS\267\336"
 5116      E82B5B97 
 5116      0FD5CD7C 
 5116      A77953B7 
 5116      DE
 5117 15e7 3216F393 		.ascii	"2\026\363\223\276\346\271\362\363\017-\212\274y*\024"
 5117      BEE6B9F2 
 5117      F30F2D8A 
 5117      BC792A14 
 5118 15f7 0BA25893 		.ascii	"\013\242X\223.\341*\366[N\323\347D\017p\011\207\343"
 5118      2EE12AF6 
 5118      5B4ED3E7 
 5118      440F7009 
 5118      87E3
 5119 1609 77288B8F 		.ascii	"w(\213\217\345\226\313;\312v\201\202\314b\363\267+\310"
 5119      E596CB3B 
 5119      CA768182 
 5119      CC62F3B7 
 5119      2BC8
ARM GAS  /tmp/cc0z6zZn.s 			page 158


 5120 161b D4FB7BEF 		.ascii	"\324\373{\357\022;\304\242m\351\215\345\314T\364\276"
 5120      123BC4A2 
 5120      6DE98DE5 
 5120      CC54F4BE 
 5121 162b 80B2F8B8 		.ascii	"\200\262\370\270F\275;\005\0122\263\3362E\357\037\274"
 5121      46BD3B05 
 5121      0A32B3DE 
 5121      3245EF1F 
 5121      BC
 5122 163c 4BEC7672 		.ascii	"K\354vrwa\351}\2213P\321\373G\224\305\3075\352\335+"
 5122      7761E97D 
 5122      913350D1 
 5122      FB4794C5 
 5122      C735EADD 
 5123 1651 50909963 		.ascii	"P\220\231c\336Y]\3633\261\315\311\324\314\036\352%\352"
 5123      DE595DF3 
 5123      33B1CDC9 
 5123      D4CC1EEA 
 5123      25EA
 5124 1663 14640F45 		.ascii	"\024d\017E\235\304K,\321Em\214*\237UO\254\363\221\351"
 5124      9DC44B2C 
 5124      D1456D8C 
 5124      2A9F554F 
 5124      ACF391E9 
 5125 1677 4FB627CC 		.ascii	"O\266'\314\373\235\236\347\324\177\262\226\270\230Y"
 5125      FB9D9EE7 
 5125      D47FB296 
 5125      B89859
 5126 1686 6733A225 		.ascii	"g3\242%\344\035j<\266q\341\275\370\255\257\330\377\355"
 5126      E41D6A3C 
 5126      B671E1BD 
 5126      F8ADAFD8 
 5126      FFED
 5127 1698 4A06D861 		.ascii	"J\006\330a\355\377\376\354\255K\342\037\026\035t\362"
 5127      EDFFFEEC 
 5127      AD4BE21F 
 5127      161D74F2 
 5128 16a8 F91F2F1B 		.ascii	"\371\037/\033g\036u\331\270/\372\207\022\217\352\235"
 5128      671E75D9 
 5128      B82FFA87 
 5128      128FEA9D 
 5129 16b8 1B43D5FB 		.ascii	"\033C\325\373\010N\205?\233\375CoZ6\216:\311$\016N\261"
 5129      084E853F 
 5129      9BFD436F 
 5129      5A368E3A 
 5129      C9240E4E 
 5130 16cd 0687D565 		.ascii	"\006\207\325ec\247\271l\354R\226\215\227\355\227\215"
 5130      63A7B96C 
 5130      EC52968D 
 5130      97ED978D 
 5131 16dd 69DC4094 		.ascii	"i\334@\224zQ|\\*\256\276l\234\020\313\306Ne\3318\351"
 5131      7A517C5C 
 5131      2AAEBE6C 
 5131      9C10CBC6 
 5131      4E65D938 
 5132 16f2 148A69D9 		.ascii	"\024\212i\331\330\272.\020\255\243\337\306\011\013\213"
 5132      D8BA2E10 
ARM GAS  /tmp/cc0z6zZn.s 			page 159


 5132      ADA3DFC6 
 5132      090B8B
 5133 1701 70645E16 		.ascii	"pd^\026\033O\321@\314\235L\247E\1771K\\c\243\304\275"
 5133      1B4FD140 
 5133      CC9D4CA7 
 5133      457F314B 
 5133      5C63A3C4 
 5134 1716 0CA79D72 		.ascii	"\014\247\235r\263W\346+\247\210&\317\354\377\"$\357"
 5134      B357E62B 
 5134      A78826CF 
 5134      ECFF2224 
 5134      EF
 5135 1727 A14D7F35 		.ascii	"\241M\1775%\233[\222e\336$y\207\360W!Y\214ax\305\224"
 5135      259B5B92 
 5135      65DE2479 
 5135      87F05721 
 5135      598C6178 
 5136 173d 0CB7242F 		.ascii	"\014\267$/x\223\3443\372W\204\344\001_\267\3767S2\302"
 5136      7893E433 
 5136      FA5784E4 
 5136      015FB7FE 
 5136      375332C2 
 5137 1751 92FCC29B 		.ascii	"\222\374\302\233$\037\315\377Ml\012x\2531.k\246\334"
 5137      241FCDFF 
 5137      4D6C0A78 
 5137      AB312E6B 
 5137      A6DC
 5138 1763 6A74C820 		.ascii	"jt\310 \\\261\374G\322)\367v\015#e~2\212\246\037\223"
 5138      5CB1FC47 
 5138      D229F776 
 5138      0D23657E 
 5138      328AA61F 
 5139 1778 EC40BE8E 		.ascii	"\354@\276\216rO\260]\023\207\325\274m\331+R\223\027"
 5139      724FB05D 
 5139      1387D5BC 
 5139      6DD92B52 
 5139      9317
 5140 178a 1BDC28FF 		.ascii	"\033\334(\377\335\030\252H\252\237\205\242\011\357."
 5140      DD18AA48 
 5140      AA9F85A2 
 5140      09EF2E
 5141 1799 919C70C5 		.ascii	"\221\234p\305Zf\363/\307\270\365\177\330~c\270\206\243"
 5141      5A66F32F 
 5141      C7B8F57F 
 5141      D87E63B8 
 5141      86A3
 5142 17ab 196E4C6D 		.ascii	"\031nLm\332\254\375\023\301Q@hz\312\255\01704=)5u44"
 5142      DAACFD13 
 5142      C1514068 
 5142      7ACAAD0F 
 5142      30343D29 
 5143 17c3 3D459A2A 		.ascii	"=E\232*TM\273p\352\376\313VU"
 5143      544DBB70 
 5143      EAFECB56 
 5143      55
 5144 17d0 25AA6A6D 		.ascii	"%\252jm\252\302\250\306!:\012\210Y\177\000\007\350U"
 5144      AAC2A8C6 
ARM GAS  /tmp/cc0z6zZn.s 			page 160


 5144      213A0A88 
 5144      597F0007 
 5144      E855
 5145 17e2 561F2774 		.ascii	"V\037't\323\371\365@Cy)H\355\274R\262\372\343T\330\341"
 5145      D3F9F540 
 5145      43792948 
 5145      EDBC52B2 
 5145      FAE354D8 
 5146 17f7 A6AAFF3C 		.ascii	"\246\252\377<\212\274f\253\3776\352oc\352o\352\326\007"
 5146      8ABC66AB 
 5146      FF36EA6F 
 5146      63EA6FEA 
 5146      D607
 5147 1809 A1021410 		.ascii	"\241\002\024\020\372iU}\235M\030$\022w+=\340\340\177"
 5147      FA69557D 
 5147      9D4D1824 
 5147      12772B3D 
 5147      E0E07F
 5148 181c B237C80C 		.ascii	"\2627\310\014\374\0335\007\376[\263\265\220\341|\023"
 5148      FC1B3507 
 5148      FE5BB3B5 
 5148      90E17C13 
 5149 182c 63895266 		.ascii	"c\211Rf8\337\2529\234U\036\362\030\243\2671@(e\305\350"
 5149      38DFAA39 
 5149      9C551EF2 
 5149      18A3B731 
 5149      402865C5 
 5150 1841 1DC67CDB 		.ascii	"\035\306|\333\212\321\340Zc\364\203\007(:>\004\275F"
 5150      8AD1E05A 
 5150      63F48307 
 5150      283A3E04 
 5150      BD46
 5151 1853 41CBF177 		.ascii	"A\313\361w\031w\210p|\013=`\307\347(\216\017\255\331"
 5151      19778870 
 5151      7C0B3D60 
 5151      C7E7288E 
 5151      0FADD9
 5152 1866 F1BB5613 		.ascii	"\361\273V\023#=\037\306\236\0175=\037^\263\347\367="
 5152      233D1FC6 
 5152      9E0F353D 
 5152      1F5EB3E7 
 5152      F73D
 5153 1878 01D0F511 		.ascii	"\001\320\365\021\354\372p\313\365\221\014:\302r}T\255"
 5153      ECFA70CB 
 5153      F5910C3A 
 5153      C2727D54 
 5153      AD
 5154 1889 AEC7BB3C 		.ascii	"\256\307\273<P\321\367\321\354\373(\313\367\367\030"
 5154      50D1F7D1 
 5154      ECFB28CB 
 5154      F7F718
 5155 1898 78B4F0BD 		.ascii	"x\264\360\275\200\036\260\357\363\204\357\371\227\373"
 5155      801EB0EF 
 5155      F384EFF9 
 5155      97FB
 5156 18a6 B8F5F76D 		.ascii	"\270\365\367m\252>n\243]J'p\007m\374\000\271\325o\264"
 5156      AA3E6EA3 
ARM GAS  /tmp/cc0z6zZn.s 			page 161


 5156      5D4A2770 
 5156      076DFC00 
 5156      B9D56FB4 
 5157 18ba 17F6CF5B 		.ascii	"\027\366\317[k\234\200\257\032\177\275\231[\377\020"
 5157      6B9C80AF 
 5157      1A7FBD99 
 5157      5BFF10
 5158 18c9 D38AFB94 		.ascii	"\323\212\373\224\373\312\341\302W\373\347\031\\i\343"
 5158      FBCAE1C2 
 5158      57FBE719 
 5158      5C69E3
 5159 18d8 4B1BBBF5 		.ascii	"K\033\273\365\1773\324\207\242\300\\\362\2769\017\""
 5159      7F33D487 
 5159      A2C05CF2 
 5159      BE390F22 
 5160 18e8 0BC6BB64 		.ascii	"\013\306\273d\027\361o6{~\200i\365\177l\255\236\350"
 5160      17F16F36 
 5160      7B7E8069 
 5160      F57F6CAD 
 5160      9EE8
 5161 18fa 52FA08B2 		.ascii	"R\372\010\262\372\277\310]\263\325\037aN\324n\365\377"
 5161      FABFC85D 
 5161      B3D51F61 
 5161      4ED46EF5 
 5161      FF
 5162 190b 18EAA3DA 		.ascii	"\030\352\243\332\255\236\342\222=\310\377\330\3524\313"
 5162      AD9EE292 
 5162      3DC8FFD8 
 5162      EA34CB
 5163 191a EA8F6DAD 		.ascii	"\352\217m\255Nv)]\010Y\035\217)\360q\315f\217A\226\367"
 5163      4E76295D 
 5163      08591D8F 
 5163      29F071CD 
 5163      668F4196 
 5164 192f 6AB73B01 		.ascii	"j\267;\001\004\332\030\250\335\364\031.\331\306$\200"
 5164      04DA18A8 
 5164      DDF4192E 
 5164      D9C62480 
 5165 193f 2CD4855C 		.ascii	",\324\205\\\250\353p?\321U\355Q\326\3575\017o\312\273"
 5165      A8EB703F 
 5165      D155ED51 
 5165      D6EF350F 
 5165      6FCABB
 5166 1952 78458C20 		.ascii	"xE\214 \304O\020\261m\365\015\362=\257\2077\342\244"
 5166      C44F10B1 
 5166      6DF50DF2 
 5166      3DAF8737 
 5166      E2A4
 5167 1964 7D2E0A44 		.ascii	"}.\012D\340Vv\216K\360\036\250\341\360f>\362F\012^2"
 5167      E056768E 
 5167      4BF01EA8 
 5167      E1F0663E 
 5167      F2460A5E 
 5168 1979 E9B300E3 		.ascii	"\351\263\000\343\360\346$\377\236Q\034\336t\363<\274"
 5168      F0E624FF 
 5168      9E511CDE 
 5168      74F33CBC 
ARM GAS  /tmp/cc0z6zZn.s 			page 162


 5169 1989 3981B360 		.ascii	"9\201\263`,\030\2477'\315\323\233\261\346/z\360*\272"
 5169      2C18A737 
 5169      27CDD39B 
 5169      B1E62F7A 
 5169      F02ABA
 5170 199c 2B9DDFE4 		.ascii	"+\235\337\344Ao:\300\351\2566s\233h\261\272\240\231"
 5170      416F3AC0 
 5170      E9AE3673 
 5170      9B68B1BA 
 5170      A099
 5171 19ae 1D7B2278 		.ascii	"\035{\"x\264\354cA\355\331\023\241\226\246\275\207q"
 5171      B4EC6341 
 5171      EDD913A1 
 5171      96A6BD87 
 5171      71
 5172 19bf 32C3E741 		.ascii	"2\303\347AeXY\306\011\020\321\215\342=u\214\343@=\023"
 5172      655859C6 
 5172      0910D18D 
 5172      E23D758C 
 5172      E3403D13 
 5173 19d3 9A007C28 		.ascii	"\232\000|(4\036\314\306m\242\331\2246\240\327\036\347"
 5173      341ECCC6 
 5173      6DA2D994 
 5173      36A0D71E 
 5173      E7
 5174 19e4 4219AE6A 		.ascii	"B\031\256j\347B\023\301j\020{f$\255x\240|l\221\273\006"
 5174      E74213C1 
 5174      6A107B66 
 5174      24AD78A0 
 5174      7C6C91BB 
 5175 19f9 1AF9CB5D 		.ascii	"\032\371\313]\340\234\\\243\351\326\037\312d\"\210\273"
 5175      E09C5CA3 
 5175      E9D61FCA 
 5175      642288BB 
 5176 1a09 B3CA099F 		.ascii	"\263\312\011\237?\234\361\270;\355qw\212\357\374Y_\257"
 5176      3F9CF1B8 
 5176      3BED7177 
 5176      8AEFFC59 
 5176      5FAF
 5177 1a1b 8B774ACC 		.ascii	"\213wJ\314\004\312\333\033\364\377:\207\250:\270\206"
 5177      04CADB1B 
 5177      F4FF3A87 
 5177      A83AB886 
 5178 1a2b 1BCA45AE 		.ascii	"\033\312E\256\207\217\003r]r\010\224\203\210\305.\032"
 5178      878F0372 
 5178      5D720894 
 5178      8388C52E 
 5178      1A
 5179 1a3c 2FAE809F 		.ascii	"/\256\200\237\343\226\337\245t\224\027\315\216\362\013"
 5179      E396DFA5 
 5179      749417CD 
 5179      8EF20B
 5180 1a4b A5A39CE4 		.ascii	"\245\243\234\344\331\343\253-\345\355Y|\022\261\324"
 5180      D9E3AB2D 
 5180      E5ED597C 
 5180      12B1D4
 5181 1a5a 8BEA6586 		.ascii	"\213\352e\206\352\352=\345r\027\367\224\027\225\236"
ARM GAS  /tmp/cc0z6zZn.s 			page 163


 5181      EAEA3DE5 
 5181      7217F794 
 5181      17959E
 5182 1a69 72854BA8 		.ascii	"r\205K\250\306\236\362\310\321\362\000\264\217~G.l<"
 5182      C69EF2C8 
 5182      D1F200B4 
 5182      8F7E472E 
 5182      6C3C
 5183 1a7b AF910562 		.ascii	"\257\221\005b\007.\3124\356\2331\031\223\300\350\316"
 5183      072ECA34 
 5183      EE9B3119 
 5183      93C0E8CE 
 5184 1a8b 2681D54C 		.ascii	"&\201\325L\336\363\021\355\3319\243\231L\002!B\2714"
 5184      DEF311ED 
 5184      D939A399 
 5184      4C022142 
 5184      B934
 5185 1a9d 591529F3 		.ascii	"Y\025)\363&\302]\344d)r\011=\230\242\212\\\360&\302"
 5185      26C25DE4 
 5185      64297209 
 5185      3D98A28A 
 5185      5CF026C2 
 5186 1ab1 EDE31429 		.ascii	"\355\343\024)r\035\3035U\025\371\302\233\010\367\215"
 5186      721DC335 
 5186      5515F9C2 
 5186      9B08F78D 
 5187 1ac1 53854F25 		.ascii	"S\205O%<\352\361\027\217\004p\377\370\237\207\333\307"
 5187      3CEAF117 
 5187      8F0470FF 
 5187      F89F87DB 
 5187      C7
 5188 1ad2 56D43E9E 		.ascii	"V\324>\236\3230(\242}\214\240\366\261\214\356s\304\367"
 5188      D33028A2 
 5188      7D8CA0F6 
 5188      B18CEE73 
 5188      C4F7
 5189 1ae4 BC8BA78C 		.ascii	"\274\213\247\214\245\273\223[O\006c\235\344\023\272"
 5189      A5BB935B 
 5189      4F06639D 
 5189      E413BA
 5190 1af3 327599EC 		.ascii	"2u\231\354D\006\344\271\214&\212~o\205.N\003\222\342"
 5190      4406E4B9 
 5190      8C268A7E 
 5190      6F852E4E 
 5190      0392E2
 5191 1b06 89E96714 		.ascii	"\211\351g\024\315\204\333i ~\265\200\033\034\037\270"
 5191      CD84DB69 
 5191      207EB580 
 5191      1B1C1FB8 
 5192 1b16 A5119B98 		.ascii	"\245\021\233\230\343O\272\365\024CGy\237\352:h\301w"
 5192      E34FBAF5 
 5192      14434779 
 5192      9FEA3A68 
 5192      C177
 5193 1b28 C21697D2 		.ascii	"\302\026\227\322\204\224\341\362>\035H\012\012\\\006"
 5193      8494E1F2 
 5193      3E1D480A 
ARM GAS  /tmp/cc0z6zZn.s 			page 164


 5193      0A5C06
 5194 1b37 6285460F 		.ascii	"b\205F\017\205\325\007\360\345\014\323\354\375\360\220"
 5194      85D507F0 
 5194      E50CD3EC 
 5194      FDF090
 5195 1b46 DD077879 		.ascii	"\335\007xy/\364X\336/5q\3533YPA\275\254\321C\216\311"
 5195      2FF458DE 
 5195      2F3571EB 
 5195      33595041 
 5195      BDACD143 
 5196 1b5c 7919934D 		.ascii	"y\031\223Mg\335\250\177\326\303\025A\246en\030\235\323"
 5196      67DDA87F 
 5196      D6C31541 
 5196      A6656E18 
 5196      9DD3
 5197 1b6e 6C7799E7 		.ascii	"lw\231\3474t&\351\007E.\345\354\212~'\366\211:\252\346"
 5197      347426E9 
 5197      07452EE5 
 5197      EC8A7E27 
 5197      F6893AAA 
 5198 1b83 9915ED8F 		.ascii	"\231\025\355\217g\003\341\023\207\030\351\363K\273\213"
 5198      6703E113 
 5198      8718E9F3 
 5198      4BBB8B
 5199 1b92 AF57678C 		.ascii	"\257Wg\214/h\263\205\243\337\263)sj1eWuSv\273\224\023"
 5199      2F68B385 
 5199      A3DFB329 
 5199      736A3165 
 5199      57755376 
 5200 1ba9 2C3265AE 		.ascii	",2e\256j\312r\325\224y@\370\304\361\260)\342S\334<a"
 5200      6ACA72D5 
 5200      947940F8 
 5200      C4F1B029 
 5200      E253DC3C 
 5201 1bbe CAA63232 		.ascii	"\312\24622e~-\246\354\257n\312\001\227zzE\266\244\252"
 5201      657E2DA6 
 5201      ECAF6ECA 
 5201      01977A7A 
 5201      45B6A4AA 
 5202 1bd2 B6AC556D 		.ascii	"\266\254UmI\003R@\034\017\333\"?\352\245\211\241\252"
 5202      49035240 
 5202      1C0FDB22 
 5202      3FEAA589 
 5202      A1AA
 5203 1be4 0AB0367C 		.ascii	"\012\2606|\351`\356\276\202\024\344\022\227\234F\007"
 5203      E960EEBE 
 5203      8214E412 
 5203      979C4607 
 5204 1bf4 E497C1D3 		.ascii	"\344\227\301\323Fl\323\345\314\273\207\231\234a\011"
 5204      466CD3E5 
 5204      CCBB8799 
 5204      9C6109
 5205 1c03 872AC2C7 		.ascii	"\207*\302\307\274\010\213hd\030\3028m3-\341\006\212"
 5205      BC088B68 
 5205      6418C238 
 5205      6D332DE1 
 5205      068A
ARM GAS  /tmp/cc0z6zZn.s 			page 165


 5206 1c15 F0092FC2 		.ascii	"\360\011/\302\322\374La\376\217r\006\337\015\340\217"
 5206      D2FC4C61 
 5206      FE8F7206 
 5206      DF0DE08F 
 5207 1c25 4D4F8B19 		.ascii	"MO\213\031\334)\203~\316%fp\003\372\320t\306\232\301"
 5207      DC29837E 
 5207      CE256670 
 5207      03FAD074 
 5207      C69AC1
 5208 1c38 8DE8FEB4 		.ascii	"\215\350\376\264yO3\2743\375O\0104\243\273\210-\340"
 5208      794F33BC 
 5208      33FD4F08 
 5208      34A3BB88 
 5208      2DE0
 5209 1c4a 3ED99086 		.ascii	">\331\220\206\271\365,\233#\226sb\261\027\263\022\367"
 5209      B9F52C9B 
 5209      23967362 
 5209      B117B312 
 5209      F7
 5210 1c5b 7D9FDA8E 		.ascii	"}\237\332\216&\035=\006\303\005\027\377\364\220G3\206"
 5210      261D3D06 
 5210      C30517FF 
 5210      F4904733 
 5210      86
 5211 1c6c 3FFBAA39 		.ascii	"?\373\2529N;_\267\025\202\366j\015s\311a\245}u6\220"
 5211      4E3B5FB7 
 5211      1582F66A 
 5211      0D73C961 
 5211      A57D7536 
 5212 1c81 26E2151D 		.ascii	"&\342\025\035\025\315\356\034\020U$[\226\210Cx\275\300"
 5212      15CDEE1C 
 5212      1055245B 
 5212      96884378 
 5212      BDC0
 5213 1c93 EA034E69 		.ascii	"\352\003Nif\305\311\030\177\017;\260\205 d\026\310u"
 5213      66C5C918 
 5213      7F0F3BB0 
 5213      85206416 
 5213      C875
 5214 1ca5 FD3AA6CB 		.ascii	"\375:\246\313\"\240\366\200\336Y\335z.\220\367\364\256"
 5214      22A0F680 
 5214      DE59DD7A 
 5214      2E90F7F4 
 5214      AE
 5215 1cb6 C6B3A6AF 		.ascii	"\306\263\246\257D \210_l\341\224\340-\266\221)\027]"
 5215      4420885F 
 5215      6CE194E0 
 5215      2DB69129 
 5215      175D
 5216 1cc8 9519BC25 		.ascii	"\225\031\274%\265\004\357J\365\340]Ug%\005o\251\025"
 5216      B504EF4A 
 5216      F5E05D55 
 5216      6725056F 
 5216      A915
 5217 1cda BC4E4AF0 		.ascii	"\274NJ\360\256\253\301[\006\244\211x\255\340-\007Q\036"
 5217      AEABC15B 
 5217      06A48978 
ARM GAS  /tmp/cc0z6zZn.s 			page 166


 5217      ADE02D07 
 5217      511E
 5218 1cec 9729C15B 		.ascii	"\227)\301[\341\021\274\216\036\301[\011Bf\205\022\274"
 5218      E111BC8E 
 5218      1EC15B09 
 5218      42668512 
 5218      BC
 5219 1cfd 5532782B 		.ascii	"U2x+\225\340\255\006\362\236\336\325\030\274J\021\010"
 5219      95E0AD06 
 5219      F29EDED5 
 5219      18BC4A11 
 5219      08
 5220 1d0e E217DB40 		.ascii	"\342\027\333@%xkldn\212\036\326\014\336\332Z\202w\273"
 5220      25786B6C 
 5220      646E8A1E 
 5220      D60CDEDA 
 5220      5A8277BB 
 5221 1d22 7AF0EE78 		.ascii	"z\360\356x\324\021\212\336:+z]\225\350}\247Fo=\220*"
 5221      D4118ADE 
 5221      3A2B7A5D 
 5221      95E87DA7 
 5221      466F3D90 
 5222 1d37 E2B5A247 		.ascii	"\342\265\242G?\347\240e`\275\022\275\015\036\3213\327"
 5222      3FE7A065 
 5222      60BD12BD 
 5222      0D1ED133 
 5222      D7
 5223 1d48 0C11BE8D 		.ascii	"\014\021\276\215 \2046(\341\333$\303\267Q\011\337f "
 5223      20843628 
 5223      E1DB24C3 
 5223      B75109DF 
 5223      6620
 5224 1d5a FFE95D8D 		.ascii	"\377\351]\215\341\373A\204\202\370\345\006A\355\022"
 5224      E1FB4184 
 5224      82F8E506 
 5224      41ED12
 5225 1d69 C1A34B04 		.ascii	"\301\243K\004\217.\021<\272D\360\350\022\301\243K\354"
 5225      8F2E113C 
 5225      BA44F0E8 
 5225      12C1A34B 
 5225      EC
 5226 1d7a ADF6DB1B 		.ascii	"\255\366\333\033p\233q\322:<\315\343\366\3308>\245^"
 5226      709B71D2 
 5226      3A3CCDE3 
 5226      F6D8383E 
 5226      A55E
 5227 1d8c 3E4F7CE1 		.ascii	">O|\341\352\243\356M2\236\027?x\034\227E1\314\007\256"
 5227      EAA3EE4D 
 5227      329E173F 
 5227      781C9745 
 5227      31CC07AE 
 5228 1da0 503119D4 		.ascii	"P1\031\324\210\360\272\037d\375\200g\267\370\211V`\216"
 5228      88F0BA1F 
 5228      64FD8067 
 5228      B7F88956 
 5228      608E
 5229 1db2 DE55601E 		.ascii	"\336U`\036e\011\361\261v\237\374N\2111(\360\372\363"
ARM GAS  /tmp/cc0z6zZn.s 			page 167


 5229      6509F1B1 
 5229      769FFC4E 
 5229      893128F0 
 5229      FAF3
 5230 1dc4 480E7AA2 		.ascii	"H\016z\242\217Y\230\362\375\335\372\026{\316\361\310"
 5230      8F5998F2 
 5230      FDDDFA16 
 5230      7BCEF1C8 
 5231 1dd4 49BFE5A2 		.ascii	"I\277\345\242o\375n}\253\260\253[\206\370me\001\220"
 5231      6FFD6E7D 
 5231      ABB0AB5B 
 5231      86F86D65 
 5231      0190
 5232 1de6 2C29CFD1 		.ascii	",)\317\321\273;*j\376M\246\023&\011,\202ac\327\004\232"
 5232      BB3B2A6A 
 5232      FE4DA613 
 5232      26092C82 
 5232      6163D704 
 5233 1dfb B616DA5B 		.ascii	"\266\026\332[0\331\307\254\003d\3536{\316\251\310\031"
 5233      30D9C7AC 
 5233      0364EB36 
 5233      7BCEA9C8 
 5233      19
 5234 1e0c 65DABADD 		.ascii	"e\332\272\335\323\326B \331\237lk\212\300\"\030\266"
 5234      D3D64220 
 5234      D99F6C6B 
 5234      8AC02218 
 5234      B6
 5235 1e1d 759D656B 		.ascii	"u\235ek\221\275\0053|\314iG\266\356\260\347\234\205"
 5235      91BD0533 
 5235      7CCC6947 
 5235      B6EEB0E7 
 5235      9C85
 5236 1e2f 9CED4D5B 		.ascii	"\234\355M[\213=m-\002\222\375\311\266\316\021X\004\303"
 5236      8B3D6D2D 
 5236      0292FDC9 
 5236      B6CE1158 
 5236      04C3
 5237 1e41 B66E0E34 		.ascii	"\266n\0164\023i\347#%\322\021\226\020\337\363\214Dj"
 5237      1369E723 
 5237      25D21196 
 5237      10DFF38C 
 5237      446A
 5238 1e53 EED677D9 		.ascii	"\356\326w\331\273\221\352c\034\270\260\303\273\3559"
 5238      BB91EA63 
 5238      1CB8B0C3 
 5238      BBED39
 5239 1e62 D391B383 		.ascii	"\323\221\263\203\351\360\036\323\341:d8\235T\356\006"
 5239      E9F01ED3 
 5239      E13A6438 
 5239      9D54EE06 
 5240 1e72 36A5BB81 		.ascii	"6\245\273\201\265\327\036+\013\261\242M\254}\236\301"
 5240      B5D71E2B 
 5240      0BB1A24D 
 5240      AC7D9EC1 
 5241 1e82 DB03244B 		.ascii	"\333\003$K\216\230\301\253\351\327\024\331\002\213`"
 5241      8E98C1AB 
ARM GAS  /tmp/cc0z6zZn.s 			page 168


 5241      E9D714D9 
 5241      028B60
 5242 1e91 D8F12D81 		.ascii	"\330\361-\201\246\337\373\355-X\340c\034\331\260\255"
 5242      A6DFFBED 
 5242      2D58E063 
 5242      1CD9B0AD 
 5243 1ea1 07EC3917 		.ascii	"\007\3549\027!gG\323\326\203\236~\357\007\222\365\364"
 5243      216747D3 
 5243      D6839E7E 
 5243      EF0792F5 
 5243      F4
 5244 1eb2 FB903DD6 		.ascii	"\373\220=\326\022\304\352db\035\366\364\373 \220\354"
 5244      12C4EA64 
 5244      621DF6F4 
 5244      FB2090EC 
 5245 1ec2 4FF67BB9 		.ascii	"O\366{\271\300\"\030\366\373\260\345w\211\275\005+}"
 5245      C02218F6 
 5245      FBB0E577 
 5245      89BD052B 
 5245      7D
 5246 1ed3 8C431FB6 		.ascii	"\214C\037\266\365\210=\347j\344\354l\332z\324\323\357"
 5246      F5883DE7 
 5246      6AE4EC6C 
 5246      DA7AD4D3 
 5246      EF
 5247 1ee4 1220594F 		.ascii	"\022 YO\277\217\331c\255C\254.&V\251\247\337T\375\216"
 5247      BF8FD963 
 5247      AD43AC2E 
 5247      2656A9A7 
 5247      DF54FD8E 
 5248 1ef8 FD74BF37 		.ascii	"\375t\2777\010,\202a\277\217I\277\353\270\365\343\366"
 5248      082C8261 
 5248      BF8F49BF 
 5248      EBB8F5E3 
 5248      F6
 5249 1f09 166CB2F2 		.ascii	"\026l\262\362\2742\351z\015s1O\2449\2011\374q\013\376"
 5249      BC32E97A 
 5249      0D73314F 
 5249      A4398131 
 5249      FC710BFE 
 5250 1f1d 843D7C81 		.ascii	"\204=|\201\225N5\303o\025\331D`\342\343\250\005\177"
 5250      954E35C3 
 5250      6F15D944 
 5250      60E2E3A8 
 5250      057F
 5251 1f2f D21E7E9B 		.ascii	"\322\036~\2335j5\303\027\211A#0\271\312\225\202\265"
 5251      356A35C3 
 5251      17894123 
 5251      30B9CA95 
 5251      82B5
 5252 1f41 CAF53516 		.ascii	"\312\3655\026\254\233t,\305\377\246\351 \036R\277\335"
 5252      AC9B742C 
 5252      C5FFA6E9 
 5252      201E52BF 
 5252      DD
 5253 1f52 3AE6CDA1 		.ascii	":\346\315\241C\006\305\274\025\367n\314/\207\016\034"
 5253      4306C5BC 
ARM GAS  /tmp/cc0z6zZn.s 			page 169


 5253      15F76ECC 
 5253      2F870E1C 
 5254 1f62 3D64D0BB 		.ascii	"=d\320\273\243F\306\374\374\205\027\177;\340\325\270"
 5254      A346C6FC 
 5254      FC85177F 
 5254      3BE0D5B8 
 5255 1f72 C171EF0E 		.ascii	"\301q\357\016\034\344\210\0349b`\314\310Qq\243\006\015"
 5255      1CE4881C 
 5255      396260CC 
 5255      C85171A3 
 5255      060D
 5256 1f84 183472D4 		.ascii	"\0304r\324[C\342F\015\035\021\363G\272\377]\334\273"
 5256      5B43E246 
 5256      0D1D11F3 
 5256      47BAFF5D 
 5256      DCBB
 5257 1f96 716F0C1A 		.ascii	"qo\014\032\321e\340\260a\016"
 5257      D165E0B0 
 5257      610E
 5258 1fa0 E7A837DF 		.ascii	"\347\2507\337\032\331\264\372\343.={\365\211{\375\265"
 5258      1AD9B4FA 
 5258      E32E3D7B 
 5258      F5897BFD 
 5258      B5
 5259 1fb1 B8410EED 		.ascii	"\270A\016\355\265Q\372[CF\373\016\214{w\000\376u\015"
 5259      B551FA5B 
 5259      4346FB0E 
 5259      8C7B7700 
 5259      FE750D
 5260 1fc4 193A306E 		.ascii	"\031:0n\230\177\334\340ao\306\015\0306|\204\274\032"
 5260      987FDCE0 
 5260      616FC60D 
 5260      18367C84 
 5260      BC1A
 5261 1fd6 FDDEFBAE 		.ascii	"\375\336\373\256\367\007\214\034=\004\336\207\267|\206"
 5261      F7078C1C 
 5261      3D04DE87 
 5261      B77C86
 5262 1fe5 0F183228 		.ascii	"\017\0302(ndso\372\177\365\3743]\336D\265\372{\203\006"
 5262      6E64736F 
 5262      FA7FF5FC 
 5262      335DDE44 
 5262      B5FA7B83 
 5263 1ffa EB1F7CF8 		.ascii	"\353\037|\370om"
 5263      6F6D
 5264 2000 F0086DF0 		.ascii	"\360\010m\360pm\3600m\344(}\304\200W\365\341\370\337"
 5264      706DF030 
 5264      6DE4287D 
 5264      C48057F5 
 5264      E1F8DF
 5265 2013 B001AFBA 		.ascii	"\260\001\257\272^Dm\037\300p}\350\007\357\271\220w\300"
 5265      5E446D1F 
 5265      C0707DE8 
 5265      07EFB990 
 5265      77C0
 5266 2025 60176A1B 		.ascii	"`\027j\0330\330\347\215\001\257\016}\355Cx\321O\\Dt"
 5266      30D8E78D 
ARM GAS  /tmp/cc0z6zZn.s 			page 170


 5266      01AF0E7D 
 5266      ED4378D1 
 5266      4F5C4474 
 5267 2039 372EBA19 		.ascii	"7.\272\031\027]\377\017\352\211>v"
 5267      175DFF0F 
 5267      EA893E76 
 5268              		.text
 5269              		.section	.gnu.lto__ZNK12StateManager14get_lane_eulerEiRfS0_S0_.part.0.550.58151b275662964f,"e",%pr
 5270 0000 789C8556 		.ascii	"x\234\205VkL\034U\024\276\337\334\231}\360\250\330\207"
 5270      6B4C1C55 
 5270      14BEDFDC 
 5270      997DF0A8 
 5270      D887
 5271 0012 36B60634 		.ascii	"6\266\0064\222Z5,ZM\343\277\306h\177\370\010F\343\357"
 5271      925A352C 
 5271      5A4DE3BF 
 5271      C6687FF8 
 5271      0846E3EF 
 5272 0026 66C55568 		.ascii	"f\305Uhx\011kL\375a\007\\B\240&P!-Z\332\222\315\252"
 5272      78096B4C 
 5272      FD61075C 
 5272      42A02650 
 5272      212D5ADA 
 5273 003d F0CBA8D5 		.ascii	"\360\313\250\325RE\273\305V\241\245\026) h\241\217\250"
 5273      5245BBC5 
 5273      56A1A516 
 5273      292068A1 
 5273      8FA8
 5274 004f 814A708B 		.ascii	"\201Jp\213m$\244M=\347\316\354\354l\205\270\311\316"
 5274      6D24A44D 
 5274      3DE7CEEC 
 5274      EC6C85B8 
 5274      C9CE
 5275 0061 DE73E77B 		.ascii	"\336s\347{\234s\317\275\0276\370\205\350\022Bl\246/"
 5275      9C73CFBD 
 5275      1736F885 
 5275      E812426C 
 5275      A62F
 5276 0073 0C81369F 		.ascii	"\014\2016\2370Ms\213W\307J\365\253\241uw\223\206\011"
 5276      304D738B 
 5276      57C74AF5 
 5276      ABA17577 
 5276      938609
 5277 0086 A848A296 		.ascii	"\250H\242\226\"\013\001\261S\327$v\242UvHl\244\271\205"
 5277      220B01B1 
 5277      53D72476 
 5277      A2557648 
 5277      6CA4B985 
 5278 009a FAD6238D 		.ascii	"\372\326#\215\017\326\232\365kcR\210\003\364U\037~\325"
 5278      0FD69AF5 
 5278      6B635288 
 5278      03F4551F 
 5278      7ED5
 5279 00ac 6276C561 		.ascii	"bv\305a\315\202\235\016\321\223X\357\311\230\004t{\244"
 5279      CD829D0E 
 5279      D19358EF 
 5279      C9980474 
ARM GAS  /tmp/cc0z6zZn.s 			page 171


 5279      7BA4
 5280 00be 218F46F2 		.ascii	"!\217F\362i~\263\3418\221::\343zLJ\364\200\304p\030"
 5280      697EB3E1 
 5280      38913A3A 
 5280      E37A4C4A 
 5280      F480C470 
 5281 00d3 F8120247 		.ascii	"\370\022\002GHG\026\315\346\376\007\2014\004\213\310"
 5281      484716CD 
 5281      E6FE0781 
 5281      34048BC8 
 5282 00e3 ED4A8AFC 		.ascii	"\355J\212\374\207\316\364\230\246_\304\244\216\257\335"
 5282      87CEF498 
 5282      A65FC4A4 
 5282      8EAFDD
 5283 00f2 62BD04D5 		.ascii	"b\275\004\325\213\256\3452\246\245\303d1\013\2014\204"
 5283      8BAEE532 
 5283      A6A5C364 
 5283      310B8134 
 5283      84
 5284 0103 12AB4CE6 		.ascii	"\022\253L\34654k\213\031\370\326-v\224\240FQ]\236\225"
 5284      35346B8B 
 5284      19F8D62D 
 5284      7694A046 
 5284      515D9E95 
 5285 0117 9912B310 		.ascii	"\231\022\263\020HC(\261\260#\326\370N\203\231\243\240"
 5285      484328B1 
 5285      B023D6F8 
 5285      4E8399A3 
 5285      A0
 5286 0128 C7DC627D 		.ascii	"\307\334b}J\2549]\354\230[\254\317\021{\313\021;\350"
 5286      4AAC395D 
 5286      EC985BAC 
 5286      CF117BCB 
 5286      113BE8
 5287 013b 881D778B 		.ascii	"\210\035w\213\235Pb\035\351b\307\335b\012!TS\344\333"
 5287      9D50621D 
 5287      E962C7DD 
 5287      620A2154 
 5287      53E4DB
 5288 014e FCCC6F31 		.ascii	"\374\314o1\315\304\300\314\311u-\265\276\230\364\340"
 5288      CDC4C0CC 
 5288      C9752DB5 
 5288      BE98F4E0 
 5289 015e 07B75E3F 		.ascii	"\007\267^?\265\257h\\u\253\026I\364\320\3019Z\226<\006"
 5289      B5AF685C 
 5289      75AB1649 
 5289      F4D0C139 
 5289      5A963C06 
 5290 0172 0FB8C127 		.ascii	"\017\270\301'\031<\250\300\221\024x\237\003>\345\006"
 5290      193CA8C0 
 5290      9114789F 
 5290      033EE506 
 5291 0182 0F32389E 		.ascii	"\01728\236\347\354\215\034go\230`\205\006G!\321?\260"
 5291      E7EC8D1C 
 5291      676F9860 
 5291      85064721 
 5291      D13FB0
ARM GAS  /tmp/cc0z6zZn.s 			page 172


 5292 0195 55E5E6C5 		.ascii	"U\345\346\305\031\245\360#p\232\024\206X\341\013e\327"
 5292      19A5F023 
 5292      709A1486 
 5292      58E10B65 
 5292      D7
 5293 01a6 6881E304 		.ascii	"h\201\343\004>:\320\264B\241}\370\311\3557\314\350n"
 5293      3E3AD0B4 
 5293      42A17DF8 
 5293      C9ED37CC 
 5293      E86E
 5294 01b8 467B3820 		.ascii	"F{8 6\245@)s\211\014;\213\345\026\003\356\305Xf\015"
 5294      36A54029 
 5294      73890C3B 
 5294      8BE51603 
 5294      EEC55866 
 5295 01cd E05E8365 		.ascii	"\340^\203eJ\207\273\364e\212\203\273\270\345j\202\273"
 5295      4A87BBF4 
 5295      658A83BB 
 5295      B8E56A82 
 5295      BB
 5296 01de 2641E58C 		.ascii	"&A\345\214\003?\003c\300(0\302\345\200\313\321T\255"
 5296      033F0363 
 5296      C02830C2 
 5296      E580CBD1 
 5296      54AD
 5297 01f0 1469F805 		.ascii	"\024i\370\005\311\215\263\320\323\264\260\007\326i\362"
 5297      C98DB3D0 
 5297      D3B4B007 
 5297      D669F2
 5298 01ff ABD3A425 		.ascii	"\253\323\244%\325~\245\235\341/\332\265\221]\031\331"
 5298      D57EA59D 
 5298      E12FDAB5 
 5298      915D19D9 
 5299 020f 3E70EA5D 		.ascii	">p\352]o\244\337t\220H!\255\344<|\027\234o\313\3049"
 5299      6FA4DF74 
 5299      904821AD 
 5299      E43C7C17 
 5299      9C6FCBC4 
 5300 0224 9A9C602D 		.ascii	"\232\234`-\312F`\022\266\241r\2278\357v_lOs\227I\315"
 5300      CA466012 
 5300      B6A17297 
 5300      38EF765F 
 5300      6C4F7397 
 5301 023a 0BCAFDE2 		.ascii	"\013\312\375\342\375\377\357~\301\355>\031y\030\027"
 5301      FDFFEF7E 
 5301      C1ED3E19 
 5301      791817
 5302 0249 6D77A9DC 		.ascii	"mw\251\334/\201\015\011\343\345\333*n\225\374\031:\272"
 5302      2F810D09 
 5302      E3E5DB2A 
 5302      6E95FC19 
 5302      3ABA
 5303 025b D8D42752 		.ascii	"\330\324'R\005\323'?\036\261\235\352\225\223O\270|~"
 5303      05D3273F 
 5303      1EB19DEA 
 5303      95934FB8 
 5303      7C7E
ARM GAS  /tmp/cc0z6zZn.s 			page 173


 5304 026d B37D6C8D 		.ascii	"\263}l\215\305C\370@\335m\031\252\250M(t+\014z\352\333"
 5304      C543F840 
 5304      DD6D19AA 
 5304      A84D2874 
 5304      2B0C7AEA 
 5305 0282 59214329 		.ascii	"Y!C)\360K\374\241.\300\021\325\2251\325\241q|2l\230"
 5305      F04BFCA1 
 5305      2EC011D5 
 5305      9531D5A1 
 5305      717C326C 
 5306 0297 E6F59BCD 		.ascii	"\346\365\233\315\246yn\323\352u\000\276\202\006|\003"
 5306      A6796ED3 
 5306      EA7500BE 
 5306      82067C03 
 5307 02a7 49978C4F 		.ascii	"I\227\214O\247\207\307\340\207\207\037^~\370\370\341"
 5307      A787C7E0 
 5307      87871F5E 
 5307      7EF8F8E1 
 5308 02b7 07E2C8E0 		.ascii	"\007\342\310\340Q&\360\035\262x\224\015|O\006\315\222"
 5308      5126F01D 
 5308      B278940D 
 5308      7C4F06CD 
 5308      92
 5309 02c8 2F695357 		.ascii	"/iSWC\335\032J\321\"\265\344\3602\314K7\2073h\201hX"
 5309      43DD1A4A 
 5309      D122B5E4 
 5309      F032CC4B 
 5309      37873368 
 5310 02df D7F9391E 		.ascii	"\327\3719\036\240\027\211\251\356\204\011\252%S|l\337"
 5310      A01789A9 
 5310      EE8409AA 
 5310      25537C6C 
 5310      DF
 5311 02f0 DEF6F1CB 		.ascii	"\336\366\361\313R\275\372\010d\221\035\245JfT\\\030"
 5311      52BDFA08 
 5311      64911DA5 
 5311      4A66545C 
 5311      18
 5312 0301 E1465F35 		.ascii	"\341F_5br\005.c\277\264\360\217\320lW~L\336\206?\021"
 5312      6272052E 
 5312      63BFB4F0 
 5312      8FD06C57 
 5312      7E4CDE86 
 5313 0317 A5DE0B11 		.ascii	"\245\336\013\021\001MM?D\272\230\205m\231G\273\003\323"
 5313      014D4D3F 
 5313      44BA9885 
 5313      6D9947BB 
 5313      03D3
 5314 0329 3C34FFBE 		.ascii	"<4\377\276\322\226\350\366\323\376\340 z\330\300\024"
 5314      D296E8F6 
 5314      D3FEE020 
 5314      7AD8C014 
 5315 0339 C41CEADA 		.ascii	"\304\034\352\332\232F=Q)\355\0142o\311`\316\311\240"
 5315      9A463D51 
 5315      29ED0C32 
 5315      6FC960CE 
 5315      C9A0
ARM GAS  /tmp/cc0z6zZn.s 			page 174


 5316 034b 77F0FA87 		.ascii	"w\360\372\207\001N\341\257%RH\330)$\261\035\365\275"
 5316      014EE1AF 
 5316      255248D8 
 5316      2924B11D 
 5316      F5BD
 5317 035d DB633207 		.ascii	"\333c2\007W\010\013\336\223*7:C\267c\036V\012u\211O"
 5317      57080BDE 
 5317      932A373A 
 5317      43B7631E 
 5317      560A7589 
 5318 0372 E7F7FECE 		.ascii	"\347\367\376\316K\303\033\330\312u\234d\254E\333}V\343"
 5318      4BC31BD8 
 5318      CA759C64 
 5318      AC45DB7D 
 5318      56E3
 5319 0384 E4DA775D 		.ascii	"\344\332w]\323\2422\371\227\313\207\265*\263\225\204"
 5319      D3A232F9 
 5319      97CB87B5 
 5319      2AB39584 
 5320 0394 C2552211 		.ascii	"\302U\"\021\"\3214\351)\344\226P\213\367s\016\004\267"
 5320      22D134E9 
 5320      29E49650 
 5320      8BF7730E 
 5320      04B7
 5321 03a6 98376454 		.ascii	"\2307dT\032\016s}\212\371\317RL\311L\303b\2360\242\322"
 5321      1A0E737D 
 5321      8AF9CF52 
 5321      4CC94CC3 
 5321      629E30A2 
 5322 03bb E330F352 		.ascii	"\3430\363R\314\305\245\230:3=\026\3634-\245\327a\336"
 5322      CCC5A598 
 5322      3A333D16 
 5322      F3342DA5 
 5322      D761DE
 5323 03ce 9762DE58 		.ascii	"\227b\336X\212i0\323\253\352m\245z\371\267m\225H\240"
 5323      8A6930D3 
 5323      ABEA6DA5 
 5323      7AF9B76D 
 5323      9548A0
 5324 03e1 A1F3256A 		.ascii	"\241\363%j\246\026\223\253\016\260z\204\377+\230^\023"
 5324      A61693AB 
 5324      0EB07A84 
 5324      FF2B985E 
 5324      13
 5325 03f2 93AB791B 		.ascii	"\223\253y\033O@\305]w\306\344\032\336\331\311\370n\216"
 5325      4F40C55D 
 5325      77C6E41A 
 5325      DED9C9F8 
 5325      6E8E
 5326 0404 4753712E 		.ascii	"GSq.\307#\034\307\344\035J{\257\265\246{f\250\263>\242"
 5326      C7231CC7 
 5326      E41D4A7B 
 5326      AFB5A67B 
 5326      66A8B33E 
 5327 0419 5A09C14E 		.ascii	"Z\011\301N\327\200P\351R\005~\324k\224\231O\261\336"
 5327      D78050E9 
 5327      52057ED4 
ARM GAS  /tmp/cc0z6zZn.s 			page 175


 5327      6B94994F 
 5327      B1DE
 5328 042b 77B132C8 		.ascii	"w\2612\310\300f%\261\231\0266Ca\367\271\260Y|\031\246"
 5328      C06625B1 
 5328      99163643 
 5328      61F7B9B0 
 5328      597C19A6 
 5329 043f 63B32D6C 		.ascii	"c\263-l\026M\367M\361\231|\374^\272z\355hLE\036;\032"
 5329      164DF74D 
 5329      F1997CFC 
 5329      5EBA7AED 
 5329      684C451E 
 5330 0455 4D8B46EC 		.ascii	"M\213F\354H\320\331\222\311\2635\217\272-\326\351i\226"
 5330      48D0D992 
 5330      C9B3358F 
 5330      BA2DD6E9 
 5330      6996
 5331 0467 B026790B 		.ascii	"\260&y\013\336\023(\251,\017\005J\203\025\201'+\213"
 5331      DE1328A9 
 5331      2C0F054A 
 5331      83158127 
 5331      2B8B
 5332 0479 DF280F55 		.ascii	"\337(\017U\204k\002O<\377\302\263\333^\016\226\005+"
 5332      846B024F 
 5332      3CFFC2B3 
 5332      DB5E0E96 
 5332      052B
 5333 048b 8A4322BF 		.ascii	"\212C\"\277\246\2728P\023\016\206C\333B5\341\322\362"
 5333      A6BA3850 
 5333      130E8643 
 5333      DB4235E1 
 5333      D2F2
 5334 049d 60B8B23A 		.ascii	"`\270\262:\360\"\307\317\005+\202\257\205\252\013\212"
 5334      F022C7CF 
 5334      052B82AF 
 5334      85AA0B8A 
 5335 04ad ABAA841E 		.ascii	"\253\252\204\036.)\255\271\353\326\351\202G\037\333"
 5335      2E29ADB9 
 5335      EBD6E982 
 5335      471FDB
 5336 04bc 1C7CF595 		.ascii	"\034|\365\225`H\350$\026\322\253+\313\312\214\252\322"
 5336      6048E824 
 5336      16D2AB2B 
 5336      CBCA8CAA 
 5336      D2
 5337 04cd 707189DC 		.ascii	"pq\211\334\021|S\333\021\324\252J\265\352J\274\256\325"
 5337      117C53DB 
 5337      11D4AA4A 
 5337      B5EA4ABC 
 5337      AED5
 5338 04df 84D72FE5 		.ascii	"\204\327/\345\363\3243[\013JH\376_f\034\360\007"
 5338      F3D4335B 
 5338      0B4A48FE 
 5338      5F661CF0 
 5338      07
 5339              		.text
 5340              		.section	.gnu.lto_.symbol_nodes.58151b275662964f,"e",%progbits
ARM GAS  /tmp/cc0z6zZn.s 			page 176


 5341 0000 789C75D3 		.ascii	"x\234u\323K/\003Q\024\300\361s\347\234\226\226>P\255"
 5341      4B2F0351 
 5341      14C0F173 
 5341      E79C9696 
 5341      3E50AD
 5342 0013 AEECAD7C 		.ascii	"\256\354\255|&_\344\314\324\204\304\263\252D,*\222\""
 5342      265FE4CC 
 5342      D484C4B3 
 5342      AA442C2A 
 5342      9222
 5343 0025 B1915821 		.ascii	"\261\221X!\022!\263\226\330w!\214\242\036]\210D,03w"
 5343      1221B396 
 5343      D877218C 
 5343      A21E5D88 
 5343      442C3033 
 5344 003a 2A6EE2DC 		.ascii	"*n\342\334M\373\317\357\336i{\246\343\020\000X\273\304"
 5344      4DFBCFEF 
 5344      DE697BA6 
 5344      E3100058 
 5344      BBC4
 5345 004c 60078B54 		.ascii	"`\007\213T\365\022\200\001\216]\307\261-P\020.\353\016"
 5345      F5128001 
 5345      8E5DC7B1 
 5345      2D50102E 
 5345      EB0E
 5346 005e 5985AC7A 		.ascii	"Y\205\254z|b;\252\207md\353;^\343\275\015\233\266\373"
 5346      7C623BAA 
 5346      876D64EB 
 5346      3B5EE3BD 
 5346      0D9BB6FB 
 5347 0072 BBE11E19 		.ascii	"\273\341\036\031\305\323\217\310$\3426q\302@\363k= "
 5347      C5D38FC8 
 5347      24E23671 
 5347      C240F36B 
 5347      3D20
 5348 0084 2767B63E 		.ascii	"'g\266>\316\377=\333A\3563~\322_|B\356\027\361\0319"
 5348      CEFF3DDB 
 5348      41EE337E 
 5348      D25F7C42 
 5348      EE17F119 
 5349 0099 25E20B72 		.ascii	"%\342\013rZ\304W\344\001\021\273\310\203\022\252\015"
 5349      5AC457E4 
 5349      0111BBC8 
 5349      8312AA0D 
 5350 00a9 E28C3944 		.ascii	"\342\2149D\010oH\250j\2368+\331\002qN\262E\342\274d"
 5350      086F48A8 
 5350      6A9E382B 
 5350      D902714E 
 5350      B245E2BC 
 5351 00be 4BC44392 		.ascii	"K\304C\222-\023\017KV%\036\221l\205\270 Y\215xT\262"
 5351      2D130F4B 
 5351      56251E91 
 5351      6C85B820 
 5351      598D7854 
 5352 00d3 55E2A264 		.ascii	"U\342\242du\342\222dk\304c\222\255\023\227\005C\310"
 5352      75E29264 
 5352      6BC46392 
ARM GAS  /tmp/cc0z6zZn.s 			page 177


 5352      AD139705 
 5352      43C8
 5353 00e5 E8DBE0CE 		.ascii	"\350\333\340\316\333v\036U\326\011\012\225\037\274("
 5353      DB761E55 
 5353      D6090A95 
 5353      1FBC28
 5354 00f4 C49CAEE6 		.ascii	"\304\234\256\346Lh\2111\375\357\363\336\246m\333\302"
 5354      4C688931 
 5354      FDEFF3DE 
 5354      A66DDBC2 
 5355 0104 4459A71B 		.ascii	"DY\247\033g\254~\327\320f\327P\367\325P\357Ig)\336\334"
 5355      67AC7ED7 
 5355      D066D750 
 5355      F7D550EF 
 5355      496729DE 
 5356 0119 31367BF7 		.ascii	"16{\367F6\333\346\245n\215\263\376\231\316\342\315\373"
 5356      4636DBE6 
 5356      A56E8DB3 
 5356      FE99CEE2 
 5356      CDFB
 5357 012b 5598FB3A 		.ascii	"U\230\373:Guz\237\025\235\365VcB\371{\272\012\301\311"
 5357      47757A9F 
 5357      159DF556 
 5357      6342F97B 
 5357      BA0AC1C9 
 5358 013f 49E51E3A 		.ascii	"I\345\036:Q\215D\345\035\350\212\237\303\312\024&\206"
 5358      518D44E5 
 5358      1DE88A9F 
 5358      C3CA1426 
 5358      86
 5359 0150 8377D7A0 		.ascii	"\203w\327\240\274F4\205\241\323z\353\013\224[\213*\257"
 5359      BC463485 
 5359      A1D37AEB 
 5359      0B945B8B 
 5359      2AAF
 5360 0162 CB9F0D2B 		.ascii	"\313\237\015+\031?\237\027\321\364\372\343\3116\243"
 5360      193F9F17 
 5360      D1F4FAE3 
 5360      C936A3
 5361 0171 C9A68C4A 		.ascii	"\311\246\214J\0335\000\323G\353;\301\207\315\005\005"
 5361      1B3500D3 
 5361      47EB3BC1 
 5361      87CD0505 
 5362 0181 3F13E68D 		.ascii	"?\023\346\215\276"
 5362      BE
 5363              		.text
 5364              		.section	.gnu.lto_.refs.58151b275662964f,"e",%progbits
 5365 0000 789C6367 		.ascii	"x\234cg```dbf\004R\000\000~\000\017"
 5365      60606064 
 5365      62660452 
 5365      00007E00 
 5365      0F
 5366              		.text
 5367              		.section	.gnu.lto_.decls.58151b275662964f,"e",%progbits
 5368 0000 789CC55A 		.ascii	"x\234\305Z{XT\327\265?k\357\201\031\206\2074\222\253"
 5368      7B5854D7 
 5368      B53F6BEF 
ARM GAS  /tmp/cc0z6zZn.s 			page 178


 5368      81198687 
 5368      3492AB
 5369 0013 CD93189B 		.ascii	"\315\223\030\233\220\246\021AM\232\336\336\373i[\323"
 5369      90A61141 
 5369      4D9ADEDE 
 5369      FB695BD3 
 5370 0023 AF35E45A 		.ascii	"\2575\344Z\323\336\266\3743\337\204\031\"\267\010\010"
 5370      D3DEB6FC 
 5370      33DF8419 
 5370      22B70808 
 5371 0033 889ADB7B 		.ascii	"\210\232\333{\277\201\200 \021\035\203 \202\">\210\370"
 5371      BF818020 
 5371      111D8320 
 5371      82223E88 
 5371      F8
 5372 0044 04DF4F74 		.ascii	"\004\337Ot\360\201\370\000|A\024\337\342\003D\024\305"
 5372      F081F800 
 5372      7C4114DF 
 5372      E2034414 
 5372      C5
 5373 0055 283ED0BB 		.ascii	"(>\320\273\366\331\347\234}\206\031k\323\357~_I\326"
 5373      F6D9E79C 
 5373      7D86196B 
 5373      D3EF7E5F 
 5373      49D6
 5374 0067 9CB3F7FE 		.ascii	"\234\263\367\376\355\265~k\355\265\327>s\306\377zK\222"
 5374      EDB57E6B 
 5374      EDB5D73E 
 5374      73C6FF7A 
 5374      4B92
 5375 0079 A61B2569 		.ascii	"\246\033%i\260\237$=\305\277@I\222\216\242\364C\331"
 5375      B09F243D 
 5375      C5BF4049 
 5375      928EA2F4 
 5375      43D9
 5376 008b 8A320EA5 		.ascii	"\2122\016\245\032e'\312{ I\321x\015\307\353_\360:\024"
 5376      1A6527CA 
 5376      7B2049D1 
 5376      780DC7EB 
 5376      5FF03A14 
 5377 009f AFFF8E12 		.ascii	"\257\377\216\022\205\367Qx\235\210\362%\312\307\022"
 5377      85F75178 
 5377      9D88F225 
 5377      CAC712
 5378 00ae FF7B09A5 		.ascii	"\377{\011\245\000\333\245(\213P\276AY\211\262\033\245"
 5378      00DBA528 
 5378      8B50BE41 
 5378      5989B21B 
 5378      A5
 5379 00bf 06A50EA5 		.ascii	"\006\245\016\245\036\345\010\312q\2249(\315(\227P\332"
 5379      1EE508CA 
 5379      71943928 
 5379      CD289750 
 5379      DA
 5380 00d0 516EA23C 		.ascii	"Qn\242<@\221\210$\031Q\314(\201(!(/\243\274\201\022"
 5380      40918824 
 5380      1951CC28 
ARM GAS  /tmp/cc0z6zZn.s 			page 179


 5380      81282128 
 5380      2FA3BC81 
 5381 00e5 86F22E91 		.ascii	"\206\362.\221<\376\376\215JR\020^_@\011A\031\002\234"
 5381      3CFEFE8D 
 5381      4A52105E 
 5381      5F400941 
 5381      19029C
 5382 00f8 F74F08F7 		.ascii	"\367O\010\367\341-\274\017By\017\333CP\332\200\373\311"
 5382      E12DBC0F 
 5382      42790FDB 
 5382      4350DA80 
 5382      FBC9
 5383 010a 7CA94579 		.ascii	"|\251Ey\021\345\025\354\033\214\022\202\362\016\312"
 5383      11E515EC 
 5383      1B8C1282 
 5383      F20ECA
 5384 0119 EB280350 		.ascii	"\353(\003P^Dy\003\345G(/\241\204\242\274\2112\020\345"
 5384      5E447903 
 5384      E547282F 
 5384      A184A2BC 
 5384      893210E5 
 5385 012d 6D947F41 		.ascii	"m\224\177A\011C\3711\312\253(\257\241\014B\371!\012"
 5385      0943F931 
 5385      CAAB28AF 
 5385      A10C42F9 
 5385      210A
 5386 013f D292E331 		.ascii	"\322\222\3431_\361\261\357_\024\345\261\037\257\343"
 5386      5FF1B1EF 
 5386      5F14E5B1 
 5386      1FAFE3
 5387 014e 1EAEC49D 		.ascii	"\036\256\304\235qg~\250\334\003\231O\330\327\011\202"
 5387      71677EA8 
 5387      DC03994F 
 5387      D8D70982 
 5388 015e 77751FEE 		.ascii	"wu\037\356\003\024\336\357(|\337P\370\277\251\360~I"
 5388      0314DEEF 
 5388      287CDF50 
 5388      F8BFA9F0 
 5388      7E49
 5389 0170 E1FBB6C2 		.ascii	"\341\373\266\302\377U\205w\230\302w\220\302\237\305"
 5389      FF558577 
 5389      98C27790 
 5389      C29FC5
 5390 017f 8085F91B 		.ascii	"\200\205\371\033e]\372\376}\211\274\203\275\360\356"
 5390      655DFAFE 
 5390      7D89BC83 
 5390      BDF0EE
 5391 018e 9B1B7780 		.ascii	"\233\033w\200\363\214V\270\252\376\014E\345.\2742\325"
 5391      F38C56B8 
 5391      AAFE0C45 
 5391      E52EBC32 
 5391      D5
 5392 019f AAAD1A25 		.ascii	"\252\255\032%W\372\376\375Q\211\221j'Z\311Mfk\030\341"
 5392      57FAFEFD 
 5392      5189916A 
 5392      275AC94D 
 5392      666B18E1 
ARM GAS  /tmp/cc0z6zZn.s 			page 180


 5393 01b3 7A7F82ED 		.ascii	"z\177\202\355w\201\347p$\366\015G\211@\031A8\007\203"
 5393      7781E770 
 5393      24F60D47 
 5393      89401941 
 5393      380783
 5394 01c6 C4E3C3E2 		.ascii	"\304\343\303\342\344\203bR\326\206\345\347\317\0213"
 5394      E4836252 
 5394      D686E5E7 
 5394      CF1133
 5395 01d5 8A702EBD 		.ascii	"\212p.\275}l\317\246\334\256\336\317\367\224\234\357"
 5395      7D6CCFA6 
 5395      DCAEDECF 
 5395      F7949CEF 
 5396 01e5 066E3F5A 		.ascii	"\006n?Z\311\243gq\370\005\312\257\024\036\001:\036\276"
 5396      C9A36771 
 5396      F805CAAF 
 5396      141E013A 
 5396      1EBE
 5397 01f7 7DF2469F 		.ascii	"}\362F\237s\372\334b\261a{\3477\317\340XBy\016\250\374"
 5397      73FADC62 
 5397      B1617BE7 
 5397      37CFE058 
 5397      42790EA8 
 5398 020c A2148E1F 		.ascii	"\242\024\216\037\202;\307\277\207\337o\011\337\343\314"
 5398      823BC7BF 
 5398      87DF6F09 
 5398      DFE3CC
 5399 021b BF8B7835 		.ascii	"\277\213x5\366\341\373s\224\177E\371\031\312O\225\030"
 5399      F6E1FB73 
 5399      947F45F9 
 5399      19CA4F95 
 5399      18
 5400 022c D62BDC2E 		.ascii	"\326+\334.\201w~\213\376\311\374\216<\207\337\262\177"
 5400      81777E8B 
 5400      FEC9FC8E 
 5400      3C87DFB2 
 5400      7F
 5401 023d 32BFE3CF 		.ascii	"2\277\343\317\341\367\016\345\274\372\346 \3434T\331"
 5401      E1F70EE5 
 5401      BCFAE620 
 5401      E33454D9 
 5402 024d 077AAEAC 		.ascii	"\007z\256\254VW+\034U\316\372\3750\006%_\311+u?0\036"
 5402      56572B1C 
 5402      55CEFAFD 
 5402      3006255F 
 5402      C92B753F 
 5403 0263 AC1EB37D 		.ascii	"\254\036\263}P\360\014\036\253)\317\337g\361\370K\237"
 5403      50F00C1E 
 5403      AB29CFDF 
 5403      67F1F84B 
 5403      9F
 5404 0274 7DF0B112 		.ascii	"}\360\261\022\023\246[_\023\231\356f/\373<\013\201\303"
 5404      13A65B5F 
 5404      1399EE66 
 5404      2FFB3C0B 
 5404      81C3
 5405 0286 A4EF5753 		.ascii	"\244\357WS>T|f\266\230\377\377\241\324\203?K\274~\216"
ARM GAS  /tmp/cc0z6zZn.s 			page 181


 5405      3E547C66 
 5405      B698FFFF 
 5405      A1D4833F 
 5405      4BBC7E8E 
 5406 029a 6563C0FD 		.ascii	"ec\300\375\356[K\177\207}\343Pz\360\376S\274>\305k\022"
 5406      EE5B4B7F 
 5406      877DE350 
 5406      7AF0FE53 
 5406      BC3EC56B 
 5407 02af CAEF9535 		.ascii	"\312\357\2255\364\305\353\037PV\000\217e\006\210\265"
 5407      F4C5EB1F 
 5407      5056008F 
 5407      650688B5 
 5408 02bf FE4F943F 		.ascii	"\376O\224?\242\364G\371\023J0\312K(\177F\011e\371\202"
 5408      A2F447F9 
 5408      134A30CA 
 5408      4B287F46 
 5408      0965F982 
 5409 02d3 F2364A38 		.ascii	"\3626J8\362\370\255\262\376\277F\031\203\022\213\022"
 5409      F2F8ADB2 
 5409      FEBF4619 
 5409      83128B12 
 5410 02e3 8792A0E4 		.ascii	"\207\222\240\344\203]\311\211x%/\022\225\334\030\014"
 5410      835DC989 
 5410      78252F12 
 5410      95DC180C 
 5411 02f3 A256FD15 		.ascii	"\242V\375\025%\035e\012\312T\224\377Aq\240|\201\362"
 5411      251D650A 
 5411      CA5494FF 
 5411      4171A07C 
 5411      81F2
 5412 0305 BFE05EF7 		.ascii	"\277\340^\367\365u\234\345\334\004\024+\312g\340~&\350"
 5412      F5759CE5 
 5412      DC04142B 
 5412      CA67E07E 
 5412      26E8
 5413 0317 6B0F3B17 		.ascii	"k\017;\027X\315ag\004\253;\354\274`\265\207\325x\265"
 5413      58CD6167 
 5413      04AB3BEC 
 5413      BC60B587 
 5413      D578B5
 5414 032a 2EAB7592 		.ascii	".\253u\222\345\252\376\234f5\364o\235\325\336r\351]"
 5414      E5AAFE9C 
 5414      6635F46F 
 5414      9DD5DE72 
 5414      E95D
 5415 033c 5CEB01DF 		.ascii	"\\\353\001\337#\247\237\225\317\177k\357\371J\317\336"
 5415      23A79F95 
 5415      CF7F6BEF 
 5415      F94ACFDE 
 5416 034c 773E4ABE 		.ascii	"w>J\276\027({o\324\337\330\177_S\210\006\366\260d\224"
 5416      17287B6F 
 5416      D4DFD87F 
 5416      5F538806 
 5416      F6B06494 
 5417 0360 EF1CF837 		.ascii	"\357\034\3707\205\022\326\375\002\030\3603\004BK(\271"
 5417      8512D6FD 
ARM GAS  /tmp/cc0z6zZn.s 			page 182


 5417      0218F033 
 5417      04424B28 
 5417      B9
 5418 0371 3BEBC9DC 		.ascii	";\353\311\334\0003\216u\271\\\231~\022l\001\330\014"
 5418      00338E75 
 5418      B95C997E 
 5418      126C01D8 
 5418      0C
 5419 0382 126C0288 		.ascii	"\022l\002\210\226`#\300\006\240\276X\252}\367\235\313"
 5419      966023C0 
 5419      06A0BE58 
 5419      AA7DF79D 
 5419      CB
 5420 0393 2D262F03 		.ascii	"-&/\003\340\377~\004\252!\303\3410\340\305\345p\264"
 5420      E0FF7E04 
 5420      AA21C3E1 
 5420      30E0C5E5 
 5420      70B4
 5421 03a5 39320324 		.ascii	"92\003$\030\006C%\330\006\330%\301v\200\035\200\272"
 5421      18064325 
 5421      D806D825 
 5421      C176801D 
 5421      80BA
 5422 03b7 BB1F1CD8 		.ascii	"\273\037\034\330\354\027\200\220.G\331n\206V\264K\260"
 5422      EC178090 
 5422      2E47D96E 
 5422      8656B44B 
 5422      B0
 5423 03c8 13244EA4 		.ascii	"\023$N\244\356!\277\006\310\204.\360\206\353\241D\375"
 5423      EE21BF06 
 5423      C8842EF0 
 5423      86EBA144 
 5423      FD
 5424 03d9 F92D4135 		.ascii	"\371-A5\313N\265\224\023\231\242\003)b\247\252e\037"
 5424      CB4EB594 
 5424      1399A203 
 5424      2962A7AA 
 5424      651F
 5425 03eb DA0A87BD 		.ascii	"\332\012\207\275\314T\372\334\252\335>/ &\323\341(#"
 5425      CC54FADC 
 5425      AADD3E2F 
 5425      2026D3E1 
 5425      2823
 5426 03fd 10053500 		.ascii	"\020\0055\000\362A]\0132\216k\253B\305\375%\3722oU`"
 5426      F2415D0B 
 5426      328E6BAB 
 5426      42C5FD25 
 5426      FA326F55 
 5427 0412 6BB044DF 		.ascii	"k\260D\337\343\2552l\275/\321Q\274U\204\255\217%\372"
 5427      E3AD326C 
 5427      BD2FD151 
 5427      BC5584AD 
 5427      8F25FA
 5428 0425 47DE7262 		.ascii	"G\336rb\313\"\321\317y+\007[\211\022\375o\336r`+\033"
 5428      CB22D1CF 
 5428      792B075B 
 5428      8912FD6F 
ARM GAS  /tmp/cc0z6zZn.s 			page 183


 5428      DE72602B 
 5429 043a 248AA549 		.ascii	"$\212\245In\367<\220(>:\321\345J\273\013\333\033\260"
 5429      6EF73C90 
 5429      283E3AD1 
 5429      E54ABB0B 
 5429      DB1BB0
 5430 044d 5D23B743 		.ascii	"]#\267C\300\321h\244\007\225\261#\241\\\205\211\217"
 5430      C0D168A4 
 5430      0795B123 
 5430      A15C8589 
 5430      8F
 5431 045e B8247A54 		.ascii	"\270$zT\031\351\207>]X\271\356>x\363\273]\366\273\015"
 5431      19E9873E 
 5431      5D58B9EE 
 5431      3E78F3BB 
 5431      5DF6BB0D 
 5432 0472 78B014B5 		.ascii	"x\260\024\265\006\234Q\336\340\250\240\372(t\000\\g"
 5432      069C51DE 
 5432      E0A8A0FA 
 5432      2874005C 
 5432      67
 5433 0483 336E803C 		.ascii	"3n\200<\013\027\222\264\337,n\360\027\230\033\000W\001"
 5433      0B1792B4 
 5433      DF2C6EF0 
 5433      17981B00 
 5433      5701
 5434 0495 AE3050A7 		.ascii	"\2560P\247\002\342\324\006\322&\225e0=\245\336\232\350"
 5434      02E2D406 
 5434      D2269565 
 5434      303DA5DE 
 5434      9AE8
 5435 04a7 19F556A2 		.ascii	"\031\365V\242\347\225\333`zI\2713Q\324D\273P\036\243"
 5435      E795DB60 
 5435      7A49B933 
 5435      51D444BB 
 5435      501EA3
 5436 04ba 641129DC 		.ascii	"d\021)\334!\377\355\336D$x\314\213\347F\342O\217\020"
 5436      21FFEDDE 
 5436      442478CC 
 5436      8BE746E2 
 5436      4F8F10
 5437 04cd 893629B9 		.ascii	"\2116)\271x$\214;\260\017\327z`\336\376'E0X\373\013"
 5437      78248C3B 
 5437      B00FD77A 
 5437      60DEFE27 
 5437      453058FB 
 5438 04e2 EBEF2873 		.ascii	"\353\357(s\364t7\367\226\277\265n\211\313\341L\247\310"
 5438      F47437F7 
 5438      96BFB56E 
 5438      89CBE14C 
 5438      A7C8
 5439 04f4 12BA01F2 		.ascii	"\022\272\001\362\210F\233\355!\210\220\020X5\277\334"
 5439      88469BED 
 5439      21889010 
 5439      5835BFDC 
 5440 0504 E508CE0C 		.ascii	"\345\010\316\014`\230\333n\230.\201)\025\230kn\230\313"
 5440      6098DB6E 
ARM GAS  /tmp/cc0z6zZn.s 			page 184


 5440      982E8129 
 5440      15986B6E 
 5440      98CB
 5441 0516 1CE342CC 		.ascii	"\034\343B\314W\373j\035\301\351\001,c/\310\030\226\335"
 5441      57FB6A1D 
 5441      C1E9012C 
 5441      632FC818 
 5441      96DD
 5442 0528 187389ED 		.ascii	"\030s\211\355\017Y\313,E\013\206\357\276\214P#}OXZ "
 5442      0F59CB2C 
 5442      450B86EF 
 5442      BE8C5023 
 5442      7D4F585A 
 5443 053d 2CDD72B3 		.ascii	",\335r\263tS`f\\\251\2271Q\360P\206\250K\334# \271Y"
 5443      74536066 
 5443      5CA99731 
 5443      51F05086 
 5443      A84BDC23 
 5444 0554 FB654834 		.ascii	"\373eH4<r\203\204k\210<M\311\003O%\012\341\"A\346;7"
 5444      3C728384 
 5444      6B883C4D 
 5444      C9034F25 
 5444      0AE12241 
 5445 056b 3277154B 		.ascii	"2w\025K\230f\333\203$6\362\024\240W^*x\002\222\234("
 5445      9866DB83 
 5445      2436F214 
 5445      A0575E2A 
 5445      7802929C 
 5446 0580 392E8304 		.ascii	"9.\203\004\351\004\034\270\2123\010\303\364\002L'\220"
 5446      E9041CB8 
 5446      8A3308C3 
 5446      F4024C27 
 5446      90
 5447 0591 45208740 		.ascii	"E \207@.\201i\004\276\"\220A\340K\002\331\0042\331\031"
 5447      2E816904 
 5447      BE229041 
 5447      E04B02D9 
 5447      0432D919 
 5448 05a5 8DB95652 		.ascii	"\215\271VR\335\273\244\237\3105\234w\011\340<38\223"
 5448      DDBBA49F 
 5448      C8359C77 
 5448      09E03C33 
 5448      3893
 5449 05b7 F06D498B 		.ascii	"\360mI\213\250D\361IF\316\204\223\017y.\273\232\214"
 5449      A844F149 
 5449      46CE8493 
 5449      0F792EBB 
 5449      9A8C
 5450 05c9 74034505 		.ascii	"t\003E\005C\216\026\346\267\006\251\271 \322\242?\373"
 5450      438E16E6 
 5450      B706A9B9 
 5450      20D2A23F 
 5450      FB
 5451 05da C085EAE9 		.ascii	"\300\205\352\351)\231\265\307\2678\303\245\255\3257"
 5451      2999B5C7 
 5451      B738C3A5 
 5451      ADD537
ARM GAS  /tmp/cc0z6zZn.s 			page 185


 5452 05e9 EA5A9D17 		.ascii	"\352Z\235\027\276w-h\255-\001\226;Q\320\"C\324\000\235"
 5452      BE772D68 
 5452      AD2D0196 
 5452      3B51D022 
 5452      43D4009D 
 5453 05fd D28196B7 		.ascii	"\322\201\226\267\036SA\015n\240z]\024\213[\325H\237"
 5453      1E53410D 
 5453      6EA07A5D 
 5453      148B5BD5 
 5453      489F
 5454 060f F65414A1 		.ascii	"\366T\024\241\350\321\214\035u\303\034\321\031\253l"
 5454      E8D18C1D 
 5454      75C31CD1 
 5454      19AB6C
 5455 061e 6D71C8A0 		.ascii	"mq\310\240Z\200|\302Pj\275\332\245CU\010UMn\252\216"
 5455      5A807CC2 
 5455      506ABDDA 
 5455      A5435508 
 5455      554D6EAA 
 5456 0633 8B353B80 		.ascii	"\2135;\200k\206#N\242\256\331,\"\317\315\333S\313-\314"
 5456      6B86234E 
 5456      A2AED92C 
 5456      22CFCDDB 
 5456      53CB2DCC 
 5457 0647 24D02A4F 		.ascii	"$\320*OVC\257\345M\327\252\326FU\377\0017\375\373\205"
 5457      5643AFE5 
 5457      4DD7AAD6 
 5457      4655FF01 
 5457      37FDFB85 
 5458 065b 3B95ADB5 		.ascii	";\225\255\265\032\323:\3203\335\257cZ\334zH\325t\326"
 5458      1AD33AD0 
 5458      33DDAF63 
 5458      5ADC7A48 
 5458      D574D6
 5459 066e 4DD3195D 		.ascii	"M\323\031]\360*\264\340\235\360\364F]\252/\033TE'\335"
 5459      F02AB4E0 
 5459      9DF0F446 
 5459      5DAA2F1B 
 5459      544527DD 
 5460 0682 40CD7A4A 		.ascii	"@\315zJ\215\032\245=n\224v\013P\205X\316c\236\313\300"
 5460      8D1AA53D 
 5460      6E94760B 
 5460      508558CE 
 5460      639ECBC0 
 5461 0696 3133F74C 		.ascii	"13\367L\233)c\242\341\242\033\346\274\300,Xr\\\325\363"
 5461      9B2963A2 
 5461      E1A21BE6 
 5461      BCC02C58 
 5461      725CD5F3 
 5462 06aa AD27A12D 		.ascii	"\255'\241-\372\015\3625\201\331\230\326%\362z\342\006"
 5462      FA0DF235 
 5462      81D998D6 
 5462      25F27AE2 
 5462      06
 5463 06bb 994F6029 		.ascii	"\231O`)\2019\004\226\023XH`.\201\002\002\213\010\224"
 5463      81390496 
 5463      13584860 
ARM GAS  /tmp/cc0z6zZn.s 			page 186


 5463      2E810202 
 5463      8B0894
 5464 06ce 13282680 		.ascii	"\023(&\200\373a\011\201\"\002\313\010\024\022\250 \260"
 5464      FB610981 
 5464      2202CB08 
 5464      1412A820 
 5464      B0
 5465 06df 82C00202 		.ascii	"\202\300\002\002\245\004\026\023\230\307v\020O'-\262"
 5465      A5041613 
 5465      98C77610 
 5465      4F272DB2 
 5466 06ef 8D9E69A9 		.ascii	"\215\236i\251\256\243\226'\207\3350\007E\025\021\231"
 5466      AEA39627 
 5466      87DD3007 
 5466      45151199 
 5467 06ff 7BCE7381 		.ascii	"{\316s\201\0245K4S\207<\325\240\253\270\243;2V\255\364"
 5467      14354B34 
 5467      53873CD5 
 5467      A0ABB8A3 
 5467      3B3256AD 
 5468 0714 EBCF7C76 		.ascii	"\353\317|v\351}v\376\277\371\2146j\246=q\032\304c\303"
 5468      E97D76FE 
 5468      BFF98C36 
 5468      6AA63D71 
 5468      1AC463C3 
 5469 0728 4A416415 		.ascii	"JAd\025\221\001K\3174\247\311\343.\357\343\013\016\344"
 5469      91014BCF 
 5469      34A7C9E3 
 5469      2EEFE30B 
 5469      0EE4
 5470 073a ED0B100A 		.ascii	"\355\013\020\012t\236\254\341\200\252\336\005%\201B"
 5470      749EACE1 
 5470      80AADE05 
 5470      258142
 5471 0749 8327E0E1 		.ascii	"\203'\340\341\255\231K}\0035\015Q\332x\025\216\323K"
 5471      AD994B7D 
 5471      03350D51 
 5471      DA78158E 
 5471      D34B
 5472 075b 58B32EA3 		.ascii	"X\263.\243\\EiC\271\216\322E\225s\030\237F\002.\357"
 5472      5C456943 
 5472      B98ED245 
 5472      9573189F 
 5472      46022EEF 
 5473 076f DB570072 		.ascii	"\333W\000r\225\012\303P\365\264,l\374\323\346\014\227"
 5473      950AC350 
 5473      F5B42C6C 
 5473      FCD3E60C 
 5473      97
 5474 0780 1CFDB504 		.ascii	"\034\375\265\004\266z\251\320Z\022m&\354\010\201j\031"
 5474      B67AA9D0 
 5474      5A126D26 
 5474      EC08816A 
 5474      19
 5475 0791 8601DD41 		.ascii	"\206\001\335A`;\201m8E\316\010\207\343\310\362\233\231"
 5475      603B816D 
 5475      3845CE08 
ARM GAS  /tmp/cc0z6zZn.s 			page 187


 5475      87E3C8F2 
 5475      9B99
 5476 07a3 0E3FA66A 		.ascii	"\016?\246j\235\247*\271&\034)U\021\353\335\020\341\232"
 5476      9DA72AB9 
 5476      261C2955 
 5476      11EBDD10 
 5476      E19A
 5477 07b5 AD23252A 		.ascii	"\255#%*b\203\007\202\227\225\006|\232\303\201MZY\331"
 5477      62830782 
 5477      9795067C 
 5477      9AC3814D 
 5477      5A59D9
 5478 07c8 48585CA6 		.ascii	"HX\\\246\235\310\277\354"
 5478      9DC8BFEC 
 5479 07d0 2B22AB9B 		.ascii	"+\"\253\233\272\223(\017\016\003i\256A\242\263P\012"
 5479      BA93280F 
 5479      0E0369AE 
 5479      41A2B350 
 5479      0A
 5480 07e1 50161878 		.ascii	"P\026\030x\357+\374\371\016\350R\003\3521\227~\355\372"
 5480      EF2BFCF9 
 5480      0EE85203 
 5480      EA31977E 
 5480      EDFA
 5481 07f3 180FF7C1 		.ascii	"\030\017\367\301\203Yx6\264:[}\323\345\370\340\216\256"
 5481      83597836 
 5481      B43A5B7D 
 5481      D3E5F8E0 
 5481      8EAE
 5482 0805 217040EC 		.ascii	"!p@\354h\301\250\010\031\341\300\036\215\321n\242\013"
 5482      68C1A808 
 5482      19E1C01E 
 5482      8DD16EA2 
 5482      0B
 5483 0816 DB3E027B 		.ascii	"\333>\002{1\017\353\344\311\030\266\375\004\016\021"
 5483      310FEBE4 
 5483      C918B6FD 
 5483      040E11
 5484 0825 38C862C6 		.ascii	"8\310b\306\330\226lj3\025\271\330\323)\324\312\020~"
 5484      D8966C6A 
 5484      3315B9D8 
 5484      D329D4CA 
 5484      107E
 5485 0837 48EC22AA 		.ascii	"H\354\"\252\372\252\342\0149\"H\300\345F\240G\344~e"
 5485      FAAAE20C 
 5485      392248C0 
 5485      E546A047 
 5485      E47E65
 5486 084a 799ED3AC 		.ascii	"y\236\323\254\313}\305\346\036/6\021\275u\372\371CT"
 5486      CB7DC5E6 
 5486      1E2F3611 
 5486      BD75FAF9 
 5486      4354
 5487 085c 84EAB06E 		.ascii	"\204\352\260n\347\362P\205@\230\034\2320Z\215\201:\244"
 5487      E7F25085 
 5487      40981C9A 
 5487      305A8D81 
ARM GAS  /tmp/cc0z6zZn.s 			page 188


 5487      3AA4
 5488 086e 042A9436 		.ascii	"\004*\2246`\353(\312\011\224f\224\223(-(\327P\256\243"
 5488      60EB28CA 
 5488      09946694 
 5488      93282D28 
 5488      D750AEA3 
 5489 0882 74A274A1 		.ascii	"t\242t\241t\243<Qf\015\345\271GK\350kw\317\317\335J"
 5489      74A33C51 
 5489      660DE5B9 
 5489      474BE86B 
 5489      77CFCFDD 
 5490 0897 D5335239 		.ascii	"\3253R95Y\374V\3558\343W\207!\210\202f\002\227\005\033"
 5490      3559FC56 
 5490      ED38E357 
 5490      87218882 
 5490      66029705 
 5491 08ac 11039159 		.ascii	"\021\003\221YM\236\010\2368]\253\233U-G\3350\215\232"
 5491      4D9E089E 
 5491      385DAB9B 
 5491      552D47DD 
 5491      308D9A
 5492 08bf 1665412E 		.ascii	"\026eA.\0208\217\301\351\220Q\030\234\233\004\256\340"
 5492      10388FC1 
 5492      E9905118 
 5492      9C9B04AE 
 5492      E0
 5493 08d0 D326815B 		.ascii	"\323&\201[\004\332\011t\022\270\210G\022\201k\004\256"
 5493      04DA0974 
 5493      12B88847 
 5493      12816B04 
 5493      AE
 5494 08e1 E30945A0 		.ascii	"\343\011E\240\015\037I\224\024\357\252\330\251Z9\355"
 5494      0D1F4994 
 5494      14EFAAD8 
 5494      A95A39ED 
 5495 08f1 6645C960 		.ascii	"fE\311`\026\324-n+zY]Q\231G\203\234\031U\253UwN\270"
 5495      16D42D6E 
 5495      2B7A595D 
 5495      51994783 
 5495      9C1955AB 
 5496 0909 2939C6A9 		.ascii	")9\306\251\242\222\2525\0332\035T~t8\322W\0077S\265"
 5496      A292AA35 
 5496      1B321D54 
 5496      7E7438D2 
 5496      57073753 
 5497 091e 5C439CD4 		.ascii	"\\C\234\324!\356i{\255k\265F\365\270\247\025%h\245\230"
 5497      21EE697B 
 5497      AD6BB546 
 5497      F5B8A715 
 5497      2568A598 
 5498 0932 BA38744E 		.ascii	"\2728tNK\335\263\204\273\251\005\263\305m\256\330\312"
 5498      4BDDB384 
 5498      BBA905B3 
 5498      C56DAED8 
 5498      CA
 5499 0943 5DAB36A9 		.ascii	"]\2536\251\220o\335 \367D\341\250\252P\375<\343\021"
 5499      906FDD20 
ARM GAS  /tmp/cc0z6zZn.s 			page 189


 5499      F744E1A8 
 5499      AA50FD3C 
 5499      E311
 5500 0955 2CBEAE95 		.ascii	",\276\256\225*\340\224\247\031\236\3325\373\277\333"
 5500      2AE094A7 
 5500      199EDA35 
 5500      FBBFDB
 5501 0964 AD2FEBCA 		.ascii	"\255/\353\312\352\235\373\336\253\207\272\036\327\254"
 5501      EA9DFBDE 
 5501      AB87BA1E 
 5501      D7AC
 5502 0972 3B1C286A 		.ascii	";\034(jg\2270x\233\025\317\034\037\211:Q\362Q\012Q\346"
 5502      67973078 
 5502      9B15CF1C 
 5502      1F893A51 
 5502      F2510A51 
 5503 0987 A12CF1C1 		.ascii	"\241,\361\301\211!\263+\217m\014P27\214'\355\016\315"
 5503      8921B32B 
 5503      8F6D0C50 
 5503      32378C27 
 5503      ED0ECD
 5504 099a 7D2C658F 		.ascii	"},e\217\274\371V\252\253\206\217\274\325\272\256jm\205"
 5504      BCF956AA 
 5504      AB868FBC 
 5504      D5BAAE6A 
 5504      6D85
 5505 09ac EEBA41C4 		.ascii	"\356\272A\304\"\272\327\220\2472\012\235\356!\360\000"
 5505      22BAD790 
 5505      A7320A9D 
 5505      EE21F000 
 5506 09bc 6FF0B197 		.ascii	"o\360\261\227\302C\002O\010\340\331\370X-)\273\334\022"
 5506      C243024F 
 5506      08E0D9F8 
 5506      582D29BB 
 5506      DC12
 5507 09ce F0915B49 		.ascii	"\360\221[I\031&\033\336qL5\274\326\315\260ny\253\265"
 5507      19261BDE 
 5507      714C35BC 
 5507      D6CDB06E 
 5507      79ABB5
 5508 09e1 0CE8F6E4 		.ascii	"\014\350\366\344\246\360\337\216\331\203C\367\265\354"
 5508      A6F0DF8E 
 5508      D98343F7 
 5508      B5EC
 5509 09ef B9C7B3A7 		.ascii	"\271\307\263\247Z\213\315w\236\352\225\364\335\251\245"
 5509      5A8BCD77 
 5509      9EEA95F4 
 5509      DDA9A5
 5510 09fe EF9DBE1C 		.ascii	"\357\235\276\034#\330Z\235\272:{\027\361,i\367\237\037"
 5510      23D85A9D 
 5510      BA3A7B17 
 5510      F12C69F7 
 5510      9F1F
 5511 0a10 02F69DFB 		.ascii	"\002\366\235\373\372\275R\037\261\320\031T\243\300^"
 5511      FABD521F 
 5511      B1D01954 
 5511      A3C05E
ARM GAS  /tmp/cc0z6zZn.s 			page 190


 5512 0a1f B323E0E8 		.ascii	"\263#\340\350\316\314c\376\370%\203\341\0156\300=\364"
 5512      CECC63FE 
 5512      F82583E1 
 5512      0D36C03D 
 5512      F4
 5513 0a30 3E7E98A5 		.ascii	">~\230\245h*\2058\210\203\370\332(1S3\265\231\353\340"
 5513      682A8538 
 5513      8883F8DA 
 5513      28315333 
 5513      B599EBE0 
 5514 0a44 B5B0BB74 		.ascii	"\265\260\273t\244\211\204\3653\233*\366@\260\331\307"
 5514      A48984F5 
 5514      339B2AF6 
 5514      40B0D9C7 
 5515 0a54 44489BD1 		.ascii	"DH\233\321f\016{\210\247z\231o\350H\207\3016\343\305"
 5515      660E7B88 
 5515      A77A996F 
 5515      E84887C1 
 5515      36E3C5
 5516 0a67 36A38338 		.ascii	"6\243\2038?\011\0316\022?\333\214u`\303Yc\015\246`\274"
 5516      3F091936 
 5516      123FDB8C 
 5516      7560C359 
 5516      630DA660 
 5517 0a7c 6B339AEF 		.ascii	"k3\232\357\322\262<_[=\311y\033\037U\315\266\310\020"
 5517      D2B23C5F 
 5517      5B3DC979 
 5517      1B1F55CD 
 5517      B6C810
 5518 0a8f 746CA4C9 		.ascii	"tl\244\311\364Z\277\335t7\375H\222L\246\2525/\232\333"
 5518      F45ABFDD 
 5518      7437FD48 
 5518      924CA6AA 
 5518      352F9ADB 
 5519 0aa3 8CFD5045 		.ascii	"\214\375PE\230-4\330\026\332\257\016|l6sH\230\204$l"
 5519      982D34D8 
 5519      16DAAF0E 
 5519      7C6C3673 
 5519      48988424 
 5520 0ab8 91912389 		.ascii	"\221\221#\211\0315\033Lu\020I! \322q\261c\200\331\307"
 5520      19351B4C 
 5520      75104921 
 5520      20D271B1 
 5520      6380D9C7 
 5521 0acc ECF75A68 		.ascii	"\354\367Zh\230$\331\244\217\010\352\245O\325?0\242M"
 5521      9824D9A4 
 5521      8F08EAA5 
 5521      4FD53F30 
 5521      A24D
 5522 0ade 9B680284 		.ascii	"\233h\002\204\231I$\241c\332\214\222DH(\3262\203) \000"
 5522      994924A1 
 5522      63DA8C92 
 5522      444828D6 
 5522      32832920 
 5523 0af3 1C78F1B3 		.ascii	"\034x\361\263\214\261\215\2154KmF\202C!\006\374*\005"
 5523      8CB18D8D 
 5523      344B6D46 
ARM GAS  /tmp/cc0z6zZn.s 			page 191


 5523      82432106 
 5523      FC2A05
 5524 0b06 62A6D957 		.ascii	"b\246\331W\00283\002\317}\371?\366\001\312\007\260&"
 5524      02383302 
 5524      CF7DF93F 
 5524      F601CA07 
 5524      B026
 5525 0b18 F05FBD54 		.ascii	"\360_\275T3\374\017\373\211\202f\020\340h\365\"\251"
 5525      33FC0FFB 
 5525      89826610 
 5525      E068F522 
 5525      A9
 5526 0b29 280CBFA2 		.ascii	"(\014\277\242\207(/\206\200\317Q\214\260O\235r\015\302"
 5526      87282F86 
 5526      80CF518C 
 5526      B04F9D72 
 5526      0DC2
 5527 0b3b 6F75D638 		.ascii	"ou\3268\226\003\264\271\312-\263!\033!\022\2109\362"
 5527      9603B4B9 
 5527      CA2DB321 
 5527      1B211288 
 5527      39F2
 5528 0b4d 3C37E292 		.ascii	"<7\342\222\344FR5'\251\372yb-\334\371\355\027W\331\013"
 5528      E4465235 
 5528      27A9FA79 
 5528      622DDCF9 
 5528      ED1757D9 
 5529 0b62 ABB26FD3 		.ascii	"\253\262o\323o\373B\260s\244\004\364\020\326\211\247"
 5529      6FFB42B0 
 5529      73A404F4 
 5529      10D689A7 
 5530 0b72 28ABD8EB 		.ascii	"(\253\330\353(\362\340\366\334\303&\366\353\010>\221"
 5530      28F2E0F6 
 5530      DCC326F6 
 5530      EB083E91 
 5531 0b82 412276DC 		.ascii	"A\"v\334\332\334z\315\254vL\307\203\220\024\036\253"
 5531      DADC7ACD 
 5531      AC764CC7 
 5531      8390141E 
 5531      AB
 5532 0b93 7011B527 		.ascii	"p\021\265'\227\365\354x\224\225N\345\236h\370\012;\014"
 5532      97F5EC78 
 5532      94954EE5 
 5532      9E68F80A 
 5532      3B0C
 5533 0ba5 174B4A0A 		.ascii	"\027KJ\012\240\177\230\374\212\"\307\305\035\236I!\217"
 5533      A07F98FC 
 5533      8A22C7C5 
 5533      1D9E4921 
 5533      8F
 5534 0bb6 F2ADC61E 		.ascii	"\362\255\306\036NzJ\3307,\354q\373\206\205\312\256\237"
 5534      4E7A4AD8 
 5534      372CEC71 
 5534      FB8685CA 
 5534      AE9F
 5535 0bc8 2AECF067 		.ascii	"*\354\360g[\307\341R\247\"D\235\212\200\215\265\213"
 5535      5BC7E152 
ARM GAS  /tmp/cc0z6zZn.s 			page 192


 5535      A722449D 
 5535      8A808DB5 
 5535      8B
 5536 0bd9 EA83C403 		.ascii	"\352\203\304\003\300,\261=\234|{,<\276\373\200A\246"
 5536      C02CB13D 
 5536      9C7C7B2C 
 5536      3CBEFB80 
 5536      41A6
 5537 0beb E3A43083 		.ascii	"\343\2440\203\312Gx0\366\237X4\357\272\357@T|\303\341"
 5537      CA477830 
 5537      F69F5834 
 5537      EFBAEF40 
 5537      547CC3E1 
 5538 0bff 0881F1EC 		.ascii	"\010\201\361\3545\317^6-\237J0\233\262\257{\010:v0\243"
 5538      35CF5E36 
 5538      2D9F4A30 
 5538      9BB2AF7B 
 5538      083A7630 
 5539 0c14 A7DFA022 		.ascii	"\247\337\240\"\247\243\347^\267s\356\017\347;\\\031"
 5539      A7A3E75E 
 5539      B773EE0F 
 5539      E73B5C19 
 5540 0c24 0E47BA01 		.ascii	"\016G\272\001A\220\243p\2009\024\262\021\237E!\223n"
 5540      4190A370 
 5540      803914B2 
 5540      119F4521 
 5540      936E
 5541 0c36 24A75F1F 		.ascii	"$\247_\037\344t:\234\363\313\\\304\201\333\031\201\323"
 5541      E4743A9C 
 5541      F3CB5CC4 
 5541      81DB1981 
 5541      D3
 5542 0c47 74C0692A 		.ascii	"t\300i*P\242\027}%z\037%\317\310X^~\334\373\215\356"
 5542      50A2177D 
 5542      257A1F25 
 5542      CFC8585E 
 5542      7EDCFB8D 
 5543 0c5c 693C4FB8 		.ascii	"i<O\2701\217\273Q\230\335P\000\262\033\363\250\274\024"
 5543      318FBB51 
 5543      98DD5000 
 5543      B21BF3A8 
 5543      BC14
 5544 0c6e 6B339664 		.ascii	"k3\226d\004j\374\261Su\240\004m\024\253\016d\034Y\320"
 5544      046AFCB1 
 5544      5375A004 
 5544      6D14AB0E 
 5544      641C59D0 
 5545 0c82 621E5484 		.ascii	"b\036T\204zWdd\357\015\316p\244;\014\210\200\"\252\306"
 5545      7A576464 
 5545      EF0DCE70 
 5545      A43B0C88 
 5545      8022AAC6 
 5546 0c96 792E95DF 		.ascii	"y.\225\337\026-\016\243\3712\223\245{\012O\3711\227"
 5546      162D0EA3 
 5546      F93293A5 
 5546      7B0A4FF9 
 5546      3197
ARM GAS  /tmp/cc0z6zZn.s 			page 193


 5547 0ca8 9DB2B798 		.ascii	"\235\262\267\230 \204MX\240z1\237B\241p\267:\214\226"
 5547      20844D58 
 5547      A07A319F 
 5547      42A170B7 
 5547      3A8C96
 5548 0cbb 1A25BA41 		.ascii	"\032%\272A\236\332\260\261\345N\200\347\3242\315\326"
 5548      9EDAB0B1 
 5548      E54E80E7 
 5548      D432CDD6 
 5549 0ccb 42664BA2 		.ascii	"BfK\242\273p\306I\243W\257V\224\354\214\361\262(\345"
 5549      BB70C649 
 5549      A357AF56 
 5549      94EC8CF1 
 5549      B228E5
 5550 0cde 6871A9EA 		.ascii	"hq\251\352S\345\255\216\346 f\246k\307\214l\007\372"
 5550      53E5AD8E 
 5550      E62066A6 
 5550      6BC78C6C 
 5550      07FA
 5551 0cf0 C45E9296 		.ascii	"\304^\222\226SX\242\331Y,\010\336x\233\236Es_\232\230"
 5551      5358A2D9 
 5551      592C08DE 
 5551      789B9E45 
 5551      735F9A98 
 5552 0d04 B9C3734E 		.ascii	"\271\303sN\\\363Qs\201\231[\234\267gK\220f/Z\263\267"
 5552      5CF35173 
 5552      81995B9C 
 5552      B7674B90 
 5552      662F5AB3 
 5553 0d19 02152C57 		.ascii	"\002\025,W\355\255\235\226\277\015\355mqt=*\237X\301"
 5553      EDAD9D96 
 5553      BF0DED6D 
 5553      71743D2A 
 5553      9F58C1
 5554 0d2c 52D18000 		.ascii	"R\321\200\000\250\320\314-\023\346\362\337\244\371&"
 5554      A8D0CC2D 
 5554      13E6F2DF 
 5554      A4F926
 5555 0d3b 8936A138 		.ascii	"\2116\2418\375\320\244!w~vK@\237\344\257\242P\251K\376"
 5555      FDD0A421 
 5555      777E764B 
 5555      409FE4AF 
 5555      A250A94B 
 5556 0d50 0DAD55D9 		.ascii	"\015\255U\331X\232\260\313\355\364A\313\033\326g\255"
 5556      589AB0CB 
 5556      EDF441CB 
 5556      1BD667AD 
 5557 0d60 0C72CF7E 		.ascii	"\014r\317~\204T\212\354?\337\264\375\266\356)`\255H"
 5557      84548AEC 
 5557      3FDFB4FD 
 5557      B6EE2960 
 5557      AD48
 5558 0d72 9B753C6D 		.ascii	"\233u<m\016\234\235\331\310w\360:\331c\303\335=\335"
 5558      0E9C9DD9 
 5558      C877F03A 
 5558      D963C3DD 
 5558      3DDD
ARM GAS  /tmp/cc0z6zZn.s 			page 194


 5559 0d84 27481F3E 		.ascii	"'H\037>\033)l\020|\252^\223X\323\3559\0125\335H_\274"
 5559      1B296C10 
 5559      7CAA5E93 
 5559      58D3ED39 
 5559      0A35DD48 
 5560 0d9a DDE8CE05 		.ascii	"\335\350\316\005!\033\004\227\235\267g\234!\202\313"
 5560      211B0497 
 5560      9DB7679C 
 5560      2182CB
 5561 0da9 26C16533 		.ascii	"&\301e3\347rg\316\364'|'n\246\260\236U\206\316\263\205"
 5561      E77267CE 
 5561      F4277C27 
 5561      6EA6B09E 
 5561      5586CEB3 
 5562 0dbe 5BFDC398 		.ascii	"[\375\303\230\322\252\201\022l\243\036\337;\004\307"
 5562      D2AA8112 
 5562      6CA31EDF 
 5562      3B04C7
 5563 0dcd AD948DAB 		.ascii	"\255\224\215\253\266V\235\354~lp'\203Su\200\2029'\257"
 5563      B6569DEC 
 5563      7E6C7027 
 5563      83537580 
 5563      823927AF 
 5564 0de1 E8CAC276 		.ascii	"\350\312\302vAf\007'\223}\254\"\303W&\263\003\307X\335"
 5564      41660727 
 5564      937DAC22 
 5564      C35726B3 
 5564      03C758DD 
 5565 0df5 AABF7CA5 		.ascii	"\252\277|\245#P\356\211\202j\271\303\271i\215\226\234"
 5565      2350EE89 
 5565      826AB9C3 
 5565      B9698D96 
 5565      9C
 5566 0e06 3B59CFC6 		.ascii	";Y\317\306%\205\351\006/\351\351\302\004\330\245\246"
 5566      2585E906 
 5566      2FE9E9C2 
 5566      04D8A5A6 
 5567 0e16 4BD693FB 		.ascii	"K\326\223\373\177QJFY=h%\303Ea\215\272\207j(\254\026"
 5567      7F514A46 
 5567      593D6825 
 5567      C345618D 
 5567      BA876A28 
 5568 0e2c 3973FE4D 		.ascii	"9s\376M\267\222\201\300U:\340*Q2\346\372It3\313*\262"
 5568      B79281C0 
 5568      553AE02A 
 5568      5132E6FA 
 5568      497433CB 
 5569 0e42 D6E13AC5 		.ascii	"\326\341:\305\251},\347\361\371\336\271o\250y\275\217"
 5569      A97D2CE7 
 5569      F1F9DEB9 
 5569      6FA879BD 
 5569      8F
 5570 0e53 319DDF39 		.ascii	"1\235\3379\247\307\354\205\351~\324V\2532\255\3179\275"
 5570      A7C7EC85 
 5570      E97ED456 
 5570      AB32ADCF 
 5570      39BD
ARM GAS  /tmp/cc0z6zZn.s 			page 195


 5571 0e65 DD675051 		.ascii	"\335gPQ\021>\334fk\033i?\"\265\314\336#X^\034Dk\320"
 5571      113EDC66 
 5571      6B1B693F 
 5571      22B5CCDE 
 5571      23585E1C 
 5572 0e7c FE693FEF 		.ascii	"\376i?\357\033i\341\336[\001\232\275(\315\336aTpH\265"
 5572      1B69E1DE 
 5572      5B019ABD 
 5572      28CDDE61 
 5572      547048B5 
 5573 0e90 77EF9BE9 		.ascii	"w\357\233\351O\214\362\306}xM\336H#q\034\016j\326\016"
 5573      4F8CF2C6 
 5573      7D784DDE 
 5573      4823711C 
 5573      0E6AD60E 
 5574 0ea4 086BB307 		.ascii	"\010k\263\007\321\013h\355\221lm\363\276\273\237\263"
 5574      D10B68ED 
 5574      916C6DF3 
 5574      BEBB9FB3 
 5575 0eb4 69555F4D 		.ascii	"iU_M\327h\342\304Fmb\203\230\270\375\015\232n\226h\261"
 5575      D768E2C4 
 5575      466D6283 
 5575      98B8FD0D 
 5575      9A6E9668 
 5576 0ec9 994DBCBF 		.ascii	"\231M\274\277.\363\026\225g\316w\233yL\233yT\314\274"
 5576      2EF31695 
 5576      67CE779B 
 5576      794C9B79 
 5576      54CCBC
 5577 0edc 124A4B71 		.ascii	"\022JKq\346\001yfV\301\231\245\376,4]'\017(T\261\224"
 5577      E6017966 
 5577      56C199A5 
 5577      FE2C345D 
 5577      270F2854 
 5578 0ef2 3769F34E 		.ascii	"7i\363N\210y_\277N\233q\336}\363\363O\314S\036'f\013"
 5578      88795FBF 
 5578      4E9B71DE 
 5578      7DF3F34F 
 5578      CC531E27 
 5579 0f08 DB06E7BA 		.ascii	"\333\006\347\272\346\374\254\317\226<K\341\214\256D"
 5579      E6FCACCF 
 5579      963C4BE1 
 5579      8CAE44
 5580 0f17 B42C64AF 		.ascii	"\264,d\257\012\260\247\357\253\202\266\334\334\007&"
 5580      0AB0A7EF 
 5580      AB82B6DC 
 5580      DC0726
 5581 0f26 F78D8090 		.ascii	"\367\215\200\2203b#\\z\334\271\336$v\3459\261\021\316"
 5581      3362235C 
 5581      7ADCB9DE 
 5581      2476E539 
 5581      B111CE
 5582 0f39 F38D7062 		.ascii	"\363\215pb\355\264\207~2\235\363\024N3\202\035%\333"
 5582      EDB4877E 
 5582      329DF314 
 5582      4E33821D 
 5582      25DB
ARM GAS  /tmp/cc0z6zZn.s 			page 196


 5583 0f4b 4A820678 		.ascii	"J\202\006x\346\316E\364\371\002\237TS\336\\b\222\217"
 5583      E6CE45F4 
 5583      F9029F54 
 5583      53DE5C62 
 5583      928F
 5584 0f5d 959E19D9 		.ascii	"\225\236\031\331\256`\374\242B\341\244\026\234oy\231"
 5584      AE60FCA2 
 5584      42E1A416 
 5584      9C6F7999 
 5585 0f6d CFF26705 		.ascii	"\317\362g\005\260\260\350Z\275\241\217wW(\\\326ywo."
 5585      B0B0E85A 
 5585      BDA18F77 
 5585      57285CD6 
 5585      79776F2E 
 5586 0f81 7B278E3D 		.ascii	"{'\216=n\357\304\331\033\244\312\246\242~b\027_\026"
 5586      6EEFC4D9 
 5586      1BA4CAA6 
 5586      A27E6217 
 5586      5F16
 5587 0f93 E4AF721E 		.ascii	"\344\257r\036\227\276\336W\315\367\354U\236"
 5587      97BEDE57 
 5587      CDF7EC55 
 5587      9E
 5588 0fa0 87BDDB67 		.ascii	"\207\275\333gn\023\247\372Uq*\266!\371k\224\275ygKp"
 5588      6E13A7FA 
 5588      55712AB6 
 5588      21F96B94 
 5588      BD79674B 
 5589 0fb5 BEA581CA 		.ascii	"\276\245\201\312\364\353r\221>\036U8\256;\247Z\271\003"
 5589      F4EB7291 
 5589      3E1E5538 
 5589      AE3BA75A 
 5589      B903
 5590 0fc7 B3FDE510 		.ascii	"\263\375\345\020\347/W\002\024\315\017\336\252\246v"
 5590      E72F5702 
 5590      14CD0FDE 
 5590      AAA676
 5591 0fd6 7FD56607 		.ascii	"\177\325f\007\013X\371\251N\247\217\227\315\326\211"
 5591      0B58F9A9 
 5591      4EA78F97 
 5591      CDD689
 5592 0fe5 F66EA836 		.ascii	"\366n\2506+K\352\246\363\220\035\336\320\3450\205\341"
 5592      2B4BEAA6 
 5592      F3901DDE 
 5592      D0E53085 
 5592      E1
 5593 0ff6 A8EEC4BA 		.ascii	"\250\356\304\272\316O\341B\023-"
 5593      CE4FE142 
 5593      132D
 5594 1000 F397E816 		.ascii	"\363\227\350\026\024\227l<7\367f\031\365G\325gj0\002"
 5594      14976C3C 
 5594      37F76619 
 5594      F547D567 
 5594      6A3002
 5595 1013 DA0F87B7 		.ascii	"\332\017\207\267)D\361\365m\314\3579\250\373\365\357"
 5595      2944F1F5 
 5595      6DCCEF39 
ARM GAS  /tmp/cc0z6zZn.s 			page 197


 5595      A8FBF5EF 
 5596 1023 8E085137 		.ascii	"\216\010Q7\017Q\375\232\366;\274\352v\363\020\025=\\"
 5596      0F51FD9A 
 5596      F63BBCEA 
 5596      76F31015 
 5596      3D5C
 5597 1035 7BC147ED 		.ascii	"{\301G\355\270\313\370ooYs\311G\251|\337\261\216\231"
 5597      B8CBF86F 
 5597      6F5973C9 
 5597      47A97CDF 
 5597      B18E99
 5598 1048 9B4E6ED4 		.ascii	"\233Nn\324\\\274\307z\232\012\016e\370yq\261\007\335"
 5598      5CBCC77A 
 5598      9A0A0E65 
 5598      F87971B1 
 5598      07DD
 5599 105a BBAFBAD8 		.ascii	"\273\257\272\330\336>{S\020s\261\352\344\026G\246\017"
 5599      DE3E7B53 
 5599      1073B1EA 
 5599      E41647A6 
 5599      0F
 5600 106b 1B852ECD 		.ascii	"\033\205.\315\305[\334\305M&Z\213\356\265\312\356\235"
 5600      C55BDCC5 
 5600      4D265A8B 
 5600      EEB5CAEE 
 5600      9D
 5601 107c AEBF9165 		.ascii	"\256\277\221eR,\313ul\366\221F\242r{\314\014w\026^\235"
 5601      522CCB75 
 5601      6CF69146 
 5601      A2727BCC 
 5601      0C77165E 
 5602 1091 46552ABD 		.ascii	"FU*\275\254\247}YM\265\267\322\366\024i<Q\251\324U\337"
 5602      ACA77D59 
 5602      4DB5B7D2 
 5602      F614693C 
 5602      51A9D455 
 5603 10a6 FC5A5EE1 		.ascii	"\374Z^\341\252vN\345)\205G\032\225\207\234J\226\037"
 5603      AA764EE5 
 5603      2985471A 
 5603      95879C4A 
 5603      961F
 5604 10b8 BD83540A 		.ascii	"\275\203T\012\003\274Q\351\272}\361\257\352\266\370"
 5604      03BC51E9 
 5604      BA7DF1AF 
 5604      EAB6F8
 5605 10c7 92FDEC77 		.ascii	"\222\375\354wwv\356z\243\312$\223\365\254\277\321\333"
 5605      7776EE7A 
 5605      A3CA2493 
 5605      F5ACBFD1 
 5605      DB
 5606 10d8 015E984C 		.ascii	"\001^\230L\303\205\3122(L\316\354\314>\032(39\313\231"
 5606      C385CA32 
 5606      284CCEEC 
 5606      CC3E1A28 
 5606      3339CB99 
 5607 10ec 4CC32F71 		.ascii	"L\303/q\006\225I\272Afr\301D+\002$Z+39YQ\2702@\236q"
 5607      069549BA 
ARM GAS  /tmp/cc0z6zZn.s 			page 198


 5607      416672C1 
 5607      442B0224 
 5607      5A2B3339 
 5608 1107 43E33E5D 		.ascii	"C\343>]\233\221\303g\254\360\243\3158\243[\236\261,"
 5608      9B91C367 
 5608      ACF0A3CD 
 5608      38A35B9E 
 5608      B12C
 5609 1119 AFE32CB7 		.ascii	"\257\343,\267\321\251\315\230\241\315\370\212\317h\364"
 5609      D1A9CD98 
 5609      A1CDF88A 
 5609      CF68F4
 5610 1128 A3198112 		.ascii	"\243\031\201\022]\026\310f\254\317\313m2\213\264\251"
 5610      5D16C866 
 5610      ACCFCB6D 
 5610      328BB4A9 
 5611 1138 153F1A3B 		.ascii	"\025?\032;\015r\332lk\317t\362\254w\032\344x\344l\274"
 5611      0D72DA6C 
 5611      6BCF74F2 
 5611      AC771AE4 
 5611      78E46CBC 
 5612 114c 704EAB13 		.ascii	"pN\253\023\263\231\373\031\273\262[\375\274\324\211"
 5612      B399FB19 
 5612      BBB25BFD 
 5612      BCD489
 5613 115b 7CF6C69A 		.ascii	"|\366\306\232k)Z\335p\314\227\021\303\012\326;\303X"
 5613      6B295ADD 
 5613      70CC9711 
 5613      C30AD63B 
 5613      C358
 5614 116d 16868330 		.ascii	"\026\206\2030Kc6\323 \357\263\035H\253!\320\333\271"
 5614      4B6336D3 
 5614      20EFB31D 
 5614      48AB21D0 
 5614      DBB9
 5615 117f B6717BE7 		.ascii	"\266q{\347\025\263\232\017s\231\321\242\342\316\205"
 5615      15B39A0F 
 5615      7399D1A2 
 5615      E2CE85
 5616 118e 816A4F11 		.ascii	"\201jO\021\353\311\274\264h\032x\241Q\2144\346q\032"
 5616      EBC9BCB4 
 5616      681A78A1 
 5616      518C34E6 
 5616      711A
 5617 11a0 2ED7C57C 		.ascii	".\327\305|\"\307\347 \217O\261\001\0125\026\005\234"
 5617      22C7E720 
 5617      8F4FB101 
 5617      0A351605 
 5617      9C
 5618 11b1 4513B268 		.ascii	"E\023\262h\017\364\226\012\273\326,\330\001J\273\224"
 5618      0FF4960A 
 5618      BBD62CD8 
 5618      014ABB94 
 5619 11c1 999C7EB3 		.ascii	"\231\234~\263\362\010\031\340y\332\225\241\311\205\334"
 5619      F20819E0 
 5619      79DA95A1 
 5619      C985DC
ARM GAS  /tmp/cc0z6zZn.s 			page 199


 5620 11d0 64D5ACE5 		.ascii	"d\325\254\345\245~\362v_5S\256\220e\006X\240\231\234"
 5620      A57EF276 
 5620      5F3553AE 
 5620      90650658 
 5620      A0999C
 5621 11e3 CF4DDE47 		.ascii	"\317M\336G\223YA\3173\271\224\231l\256\311\335F\224"
 5621      935941CF 
 5621      33B99499 
 5621      6CAEC9DD 
 5621      4694
 5622 11f5 8E72D631 		.ascii	"\216r\3261w\327\255\016\352\205\3032\344\360\015\347"
 5622      77D7AD0E 
 5622      EA85C332 
 5622      E4F00DE7 
 5623 1205 50BF6EFA 		.ascii	"P\277n\372:\236\026\225\334\355e\006X\242qX\3149\344"
 5623      3A9E1695 
 5623      DCED6506 
 5623      58A27158 
 5623      CC39E4
 5624 1218 054974A1 		.ascii	"\005It\241\314\341\351\251\236\022\236w\3334\370\012"
 5624      CCE1E9A9 
 5624      9E129E77 
 5624      DB34F80A 
 5625 1228 0DBE5C86 		.ascii	"\015\276\\\206\263\343aa\373\012\335\333i\335/\241\253"
 5625      B3E36161 
 5625      FB0ADDDB 
 5625      69DD2FA1 
 5625      AB
 5626 1239 B8D983BB 		.ascii	"\270\331\203\273W.\325\001f\012\300j\016\270~\367l9"
 5626      572ED501 
 5626      660AC06A 
 5626      0EB87EF7 
 5626      6C39
 5627 124b 08409BA8 		.ascii	"\010@\233\250Yk8\340\354\332\275y\272\237\026:\005\240"
 5627      596B38E0 
 5627      ECDABD79 
 5627      BA9F163A 
 5627      05A0
 5628 125d 9203E6B5 		.ascii	"\222\003\346\265\345\274*\306]b\274\212\217o\316,^\346"
 5628      E5BC2AC6 
 5628      5D62BC8A 
 5628      8F6FCE2C 
 5628      5EE6
 5629 126f AB7BE3A2 		.ascii	"\253{\343\242\374\252\372\024\376\376_Uw\3458\365g\317"
 5629      FCAAFA14 
 5629      FEFE5F55 
 5629      77E538F5 
 5629      67CF
 5630 1281 5A8378B4 		.ascii	"Z\203x\264\3466\262\353.\224\372\213\2377<\001Y\275"
 5630      E636B2EB 
 5630      2E94FA8B 
 5630      9F373C01 
 5630      59BD
 5631 1293 0717FB8A 		.ascii	"\007\027\373\212\337e\021\320\367wY\266u\357Um1\370"
 5631      DF6511D0 
 5631      F77759B6 
 5631      75EF556D 
ARM GAS  /tmp/cc0z6zZn.s 			page 200


 5631      31F8
 5632 12a5 A1963697 		.ascii	"\241\2266\227\327\177\340AW\340\372\324\312\353\343"
 5632      D77FE041 
 5632      57E0FAD4 
 5632      CAEBE3
 5633 12b4 6ADFB0B7 		.ascii	"j\337\260\267\317C/:tY\234\365w\\\345\213t_\"\267\010"
 5633      CF432F3A 
 5633      74599CF5 
 5633      775CE58B 
 5633      745F22B7 
 5634 12c9 465B39A3 		.ascii	"F[9\243\332-;[\370C\357V\276\251\317\036;\276\237zy"
 5634      DA2D3B5B 
 5634      F843EF56 
 5634      BEA9CF1E 
 5634      3BBE9F7A 
 5635 12de 6CDB8E31 		.ascii	"l\333\2161\333\246V\2609\273[;\214\354Y\010\017\352"
 5635      DBA656B0 
 5635      39BB5B3B 
 5635      8CEC5908 
 5635      0FEA
 5636 12f0 07BF670F 		.ascii	"\007\277g\017\264Y\216\232\267\020\003\233\225\354\200"
 5636      B4598E9A 
 5636      B710039B 
 5636      95EC80
 5637 12ff 1DF8BC6F 		.ascii	"\035\370\274o\320\236\210:\302h3\262\276\036\344\325"
 5637      D09E883A 
 5637      C26833B2 
 5637      BE1EE4D5 
 5638 130f 66714BE1 		.ascii	"fqK\341aq\224T\203x\212F\015\273T\243\247N\027V\373"
 5638      61719454 
 5638      83788A46 
 5638      0DBB54A3 
 5638      A74E1756 
 5639 1324 C9CFA60F 		.ascii	"\311\317\246\017\2678\034>\262E\374\336\265S\265Xc\200"
 5639      B7381C3E 
 5639      B245FCDE 
 5639      B553B558 
 5639      6380
 5640 1336 6A61F144 		.ascii	"ja\361D\030{%\332\326\2722P\216\267\353\231\377.c\316"
 5640      187B25DA 
 5640      D6BA3250 
 5640      8EB7EB99 
 5640      FF2E63CE 
 5641 134a 819C2501 		.ascii	"\201\234%\001bM\360\270\364\002*[P\360[\021\306=\"\214"
 5641      624DF0B8 
 5641      F4022A5B 
 5641      50F05B11 
 5641      C63D228C 
 5642 135e 7BD10FDA 		.ascii	"{\321\017\332\215\256e\366\363\352\332\226\243\207\235"
 5642      8DAE65F6 
 5642      F3EADA96 
 5642      A3879D
 5643 136d E240E816 		.ascii	"\342@\350\026O\037uHu\277\352\332\252\257V\346\030d"
 5643      4F1F7548 
 5643      75BFEADA 
 5643      AAAF56E6 
 5643      1864
ARM GAS  /tmp/cc0z6zZn.s 			page 201


 5644 137f D77A34D7 		.ascii	"\327z4\327\352\260\006\253\256\0350\300>\341Z\306;,"
 5644      EAB006AB 
 5644      AE1D30C0 
 5644      3EE15AC6 
 5644      3B2C
 5645 1391 1AB55766 		.ascii	"\032\265Wf\231\004\245\213\"\341\017\362\225-^\274\272"
 5645      9904A58B 
 5645      22E10FF2 
 5645      952D5EBC 
 5645      BA
 5646 13a2 CB5F00F2 		.ascii	"\313_\000\362\005\340\020\007\324\254\314X\352\353\346"
 5646      05E01007 
 5646      D4ACCC58 
 5646      EAEBE6
 5647 13b1 B8D77FBB 		.ascii	"\270\327\177\2733X~?R\306hv9+\257\032\305\014<\"\032"
 5647      33587E3F 
 5647      52C66876 
 5647      392BAF1A 
 5647      C50C3C22 
 5648 13c6 0C508FDA 		.ascii	"\014P\217\332\240\321\240\245o\363\265\207\307u\347"
 5648      A0D1A0A5 
 5648      6FF3B587 
 5648      C775E7
 5649 13d5 C86111AB 		.ascii	"\310a\021\253#\334\356\205\307-\213\214\372E\351k\226"
 5649      23DCEE85 
 5649      C72D8B8C 
 5649      FA45E96B 
 5649      96
 5650 13e6 6D941BF7 		.ascii	"m\224\033\367\252t\365\240G\220?\306\225\364:/\317\326"
 5650      AA74F5A0 
 5650      47903FC6 
 5650      95F43A2F 
 5650      CFD6
 5651 13f8 7D9B7B2A 		.ascii	"}\233{*\000\3079`V\306\374\002\243\000L\0234Np@\335"
 5651      00C73960 
 5651      56C6FC02 
 5651      A3004C13 
 5651      344E7040 
 5652 140d CC9ABBBA 		.ascii	"\314\232\273\272\370\254\020\032\2328\240t\333\364\273"
 5652      F8AC101A 
 5652      9A38A074 
 5652      DBF4BB
 5653 141c 3EBA000A 		.ascii	">\272\000\012\015\315\034\260\353\321\227\327t&\032"
 5653      0DCD1CB0 
 5653      EBD197D7 
 5653      74261A
 5654 142b 05E05B0E 		.ascii	"\005\340[\016h\255\314\313\323\001\212\005\340\244\302"
 5654      68ADCCCB 
 5654      D3018A05 
 5654      E0A4C2
 5655 143a A162CD42 		.ascii	"\241b\315B]E)\023\200S\312\231\321xa\256n\225\227\011"
 5655      5D452913 
 5655      8053CA99 
 5655      D17861AE 
 5655      6E959709 
 5656 144e 400BCB32 		.ascii	"@\013\3132\032\227\220j\370,11\336h\211\267&\330-\023"
 5656      1A97906A 
ARM GAS  /tmp/cc0z6zZn.s 			page 202


 5656      F82C3131 
 5656      DE6889B7 
 5656      26D82D13 
 5657 1462 956B92C9 		.ascii	"\225k\222\3112\331f\211\215\213O5Y\322\324\233I\374"
 5657      32D96689 
 5657      8D8B4F35 
 5657      59D2D49B 
 5657      49FC
 5658 1474 C66C49B6 		.ascii	"\306lI\266%\246*\267\023\305m\222zk\264$%\333\323,\311"
 5658      25A62AB7 
 5658      13C56D92 
 5658      7A6BB424 
 5658      25DBD32C 
 5659 1489 CA75A272 		.ascii	"\312u\242rM\362\267|\026oO\260\331m\250[\334\247\351"
 5659      4DF2B77C 
 5659      166F4FB0 
 5659      D96DA85B 
 5659      DCA7E9
 5660 149c EE27D9CC 		.ascii	"\356'\331\314\332}\262\270\235(n\223\002,q\011q\251"
 5660      DA7DB2B8 
 5660      9D286E93 
 5660      022C7109 
 5660      71A9
 5661 14ae 71D6F8B8 		.ascii	"q\326\370\270/\3546\023j\216\233`M\236\352+\323N\241"
 5661      2FEC3613 
 5661      6A8E9B60 
 5661      4D9EEA2B 
 5661      D34EA1
 5662 14c1 96C9BF40 		.ascii	"\226\311\277@\031E,\037\021\313\357\210e,\261L1[\322"
 5662      19452C1F 
 5662      11CBEF88 
 5662      652CB14C 
 5662      315BD2
 5663 14d4 E23EB3CB 		.ascii	"\342>\263\313\304\374qnBb\232%!1y\202\311\0227a\222"
 5663      C4FC716E 
 5663      42629A25 
 5663      21317982 
 5663      C9123761 
 5664 14e9 25CE3665 		.ascii	"%\3166epJrLxJ\2525\325n\261\247\244\242\266\324\304"
 5664      704A724C 
 5664      784AAA35 
 5664      D56EB1A7 
 5664      A4A2B6D4 
 5665 14fe E4F04F59 		.ascii	"\344\360OY;\312\232`\375\334\236<$&)\311\374\353O\376"
 5665      3BCA9A60 
 5665      FDDC9E3C 
 5665      242629C9 
 5665      FCEB4FFE 
 5666 1512 10FACB77 		.ascii	"\020\372\313w\337\215\030.\275\324wl\310\360\021\037"
 5666      DF8D182E 
 5666      BDD4776C 
 5666      C8F0111F 
 5667 1522 58636D56 		.ascii	"XcmV\273d\0306z\314G\024\345\215\360\361\211\023\354"
 5667      BB641836 
 5667      7ACC4714 
 5667      E58DF0F1 
 5667      8913EC
ARM GAS  /tmp/cc0z6zZn.s 			page 203


 5668 1535 E171D684 		.ascii	"\341q\326\204\360_%\306L\232`OHM\011\377\305\330q\037"
 5668      F05F25C6 
 5668      4C9A604F 
 5668      484D09FF 
 5668      C5D8711F 
 5669 1549 5B3EB322 		.ascii	"[>\263\"\321\030\273\364\2127\2538s\310\370\244$)(\""
 5669      D118BBF4 
 5669      8A37AB38 
 5669      73C8F8A4 
 5669      24292822 
 5670 155d 526F2440 		.ascii	"Ro$@\337P\026(\371G\317\245\3154\301\0270\025\246\300"
 5670      DF501628 
 5670      F947CFA5 
 5670      CD34C117 
 5670      3015A6C0 
 5671 1571 649FE1BF 		.ascii	"d\237\341\277\233dM5\260\217\220!\341l*N\030/\177\310"
 5671      9B644D35 
 5671      B08F9021 
 5671      E16C2A4E 
 5671      182F7FC8 
 5672 1585 38C3E753 		.ascii	"8\303\347S\223\023}\25411\366x\343\373\277\211\372\303"
 5672      93137DAC 
 5672      3131F678 
 5672      E3FBBF89 
 5672      FAC3
 5673 1597 38EB645F 		.ascii	"8\353d_~\361I\303P\333^\340\223R\307'\333\255\266\024"
 5673      7EF149C3 
 5673      50DB5EE0 
 5673      9352C727 
 5673      DBADB614 
 5674 15ab 794AE078 		.ascii	"yJ\340xk\212%\301>\331\222\2146S\210\365\013b\235J\254"
 5674      6B8A25C1 
 5674      3ED9928C 
 5674      365388F5 
 5674      0B629D4A 
 5675 15c0 53201926 		.ascii	"S \031&BR\200:8\021-\222\211\303\310\304H21\202L\034"
 5675      4252803A 
 5675      38112D92 
 5675      89C3C8C4 
 5675      48323182 
 5676 15d6 6AFEF097 		.ascii	"j\376\360\227\243>\341\232\375\264;\243\202&i_\220\264"
 5676      A33EE19A 
 5676      FDB43BA3 
 5676      8226695F 
 5676      90B4
 5677 15e8 A9246D8A 		.ascii	"\251$m\212\337O\243\022c\254I8dRoh\304\373R?k\362\204"
 5677      DF4FA312 
 5677      63AC4938 
 5677      64526F68 
 5677      C4FB523F 
 5678 15ff B40FECEF 		.ascii	"\264\017\354\357Mx76i\210-I2\307$&\247\332\247\2747"
 5678      4D783736 
 5678      69882D49 
 5678      32C72426 
 5678      A7DAA7BC 
 5679 1614 E1036998 		.ascii	"\341\003i\230%\372\2231\356a\213\030\376\271=\225G\313"
 5679      25FA9331 
ARM GAS  /tmp/cc0z6zZn.s 			page 204


 5679      EE618B18 
 5679      FEB93D95 
 5679      47CB
 5680 1626 3E29DE9E 		.ascii	">)\336\236<:n\\\354\247C-\370\377\220$kr\352\220\241"
 5680      3C3A6E5C 
 5680      ECA7432D 
 5680      F8FF9024 
 5680      6B72EA90 
 5681 163b 3FF93E73 		.ascii	"?\371>s\202\334\007\236\037~\314\014\351E\264\340n\340"
 5681      82DC079E 
 5681      1F7ECC0C 
 5681      E945B4E0 
 5681      6EE0
 5682 164d 9791A3D3 		.ascii	"\227\221\243\323\274\364\016\037\235\346c\261\304\244"
 5682      BCF40E1F 
 5682      9DE663B1 
 5682      C4A4
 5683 165b 869AD927 		.ascii	"\206\232\331'fI\212=\324\013,bt\032\007\304$NH\012\035"
 5683      66498A3D 
 5683      D40B2C62 
 5683      741A07C4 
 5683      244E480A 
 5684 1670 E80118CE 		.ascii	"\350\001\030\316\366\306\3504\003\273\374\310\213w#"
 5684      F6C6E834 
 5684      03BBFCC8 
 5684      8B7723
 5685 167f 2C29F678 		.ascii	",)\366x;\316W\266\315\350\264~}zFy\350|\177R\222\015"
 5685      3BCE57B6 
 5685      CDE8B47E 
 5685      7D7A4679 
 5685      E87C7F52 
 5686 1695 5BA363C7 		.ascii	"[\243c\307\216Q2c\334\030\261\210\343\306hK\245D\365"
 5686      8E513263 
 5686      DC18B188 
 5686      E3C6684B 
 5686      A544F5
 5687 16a8 67FFB806 		.ascii	"g\377\270\006_\016|\335\223\371\207,\372r\270G\217\215"
 5687      5F0E7CDD 
 5687      93F9872C 
 5687      FA72B847 
 5687      8F8D
 5688 16ba F5D31A3F 		.ascii	"\365\323\032?\364D\016ON\214\217\307\020\260\313K\236"
 5688      F4440E4F 
 5688      4E8C8FC7 
 5688      10B0CB4B 
 5688      9E
 5689 16cb C32392E2 		.ascii	"\303#\222\342Rc\306c\264\345\353@O\300\260\251\326\311"
 5689      5263C663 
 5689      B4E5EB40 
 5689      4FC0B0A9 
 5689      D6C9
 5690 16dd A3D3287E 		.ascii	"\243\323(~\376\330K\000#\265,H\232\250K\216\000}w\250"
 5690      FED84B00 
 5690      23B52C48 
 5690      9AA84B8E 
 5690      007D77A8 
 5691 16f1 253A6218 		.ascii	"%:b\030\313{Kj\"O\226qc\344\355\207\350H\013\376\037"
ARM GAS  /tmp/cc0z6zZn.s 			page 205


 5691      CB7B4B6A 
 5691      224F9671 
 5691      63E4ED87 
 5691      E8480BFE 
 5692 1706 E836E88F 		.ascii	"\3506\350\217fX\335`\213\033\244\334\363u\214\033\240"
 5692      6658DD60 
 5692      8B1BA4DC 
 5692      F3758C1B 
 5692      A0
 5693 1717 343FC0FA 		.ascii	"4?\300\372i\213\213Ie\021\214\3754\302bT\332>\261\361"
 5693      698B8B49 
 5693      65118CFD 
 5693      34C26254 
 5693      DA3EB1F1 
 5694 172b 89D6D457 		.ascii	"\211\326\324W\024T\304p\036>\313\347\311\326\264\270"
 5694      1454C470 
 5694      1E3ECBE7 
 5694      C9D6B4B8 
 5695 173b D4A9A311 		.ascii	"\324\251\243\021\034\033\344\336\367\246\212\375@\351"
 5695      1C1BE4DE 
 5695      F7A68AFD 
 5695      40E9
 5696 1749 6754ECC9 		.ascii	"gT\354\311\011q\211\011\243\025\226\261?\360\030zU\235"
 5696      09718909 
 5696      A31596B1 
 5696      3FF0187A 
 5696      559D
 5697 175b 3542194A 		.ascii	"5B\031JJL\301\032\214s\230\211~}:=\370$\260*o\217w\343"
 5697      4A4CC11A 
 5697      8C739889 
 5697      7E7D3A3D 
 5697      F824B02A 
 5698 1773 A3F40DB6 		.ascii	"\243\364\015\266DG\016U\303\221\214\347\307g\211\266"
 5698      44470E55 
 5698      C3918CE7 
 5698      C76789B6 
 5699 1783 A99138A8 		.ascii	"\251\2218\250\220\031;j\230%6\304\033\340\007\226\350"
 5699      90193B6A 
 5699      982536C4 
 5699      1BE00796 
 5699      E8
 5700 1794 F7639213 		.ascii	"\367c\222\023SR\206\261\230\014\265\214\215\365\345"
 5700      535286B1 
 5700      980CB58C 
 5700      8DF5E5
 5701 17a3 CDFE2CFC 		.ascii	"\315\376,\374\361\211\223\223\254))\026k|\322xkll\240"
 5701      F1899393 
 5701      AC292916 
 5701      6B7CD278 
 5701      6B6C6CA0 
 5702 17b7 5B3BD012 		.ascii	"[;\320\022\375\201\322\021\033\033kTnQa\304P\233=9."
 5702      FD81D211 
 5702      1B1B6B54 
 5702      6E5161C4 
 5702      509B3D39 
 5703 17cc CD9A1A97 		.ascii	"\315\232\032\227"
 5704 17d0 66C711B3 		.ascii	"f\307\021\263h\275\314r\201\207@>B\254\314Q\371\034"
ARM GAS  /tmp/cc0z6zZn.s 			page 206


 5704      68BDCC72 
 5704      8187403E 
 5704      42ACCC51 
 5704      F91C
 5705 17e2 C12DD4A7 		.ascii	"\301-\324\247\247\277\212\375i\\\212E\256\236\243\323"
 5705      A7BF8AFD 
 5705      695C8A45 
 5705      AE9EA3D3 
 5706 17f2 4CEA6DB0 		.ascii	"L\352m\260:8\202gs\232\217|\375?B*\206<"
 5706      3A388267 
 5706      739A8F7C 
 5706      FD3F422A 
 5706      863C
 5707              		.text
 5708              		.section	.gnu.lto_.symtab.58151b275662964f,"e",%progbits
 5709 0000 5F5A4E31 		.ascii	"_ZN12StateManagerC2Ev\000"
 5709      32537461 
 5709      74654D61 
 5709      6E616765 
 5709      72433245 
 5710 0016 00       		.ascii	"\000"
 5711 0017 00       		.ascii	"\000"
 5712 0018 00       		.ascii	"\000"
 5713 0019 00000000 		.ascii	"\000\000\000\000\000\000\000\000"
 5713      00000000 
 5714 0021 9E010000 		.ascii	"\236\001\000\000"
 5715 0025 5F5A4E31 		.ascii	"_ZN12StateManagerC1Ev\000"
 5715      32537461 
 5715      74654D61 
 5715      6E616765 
 5715      72433145 
 5716 003b 00       		.ascii	"\000"
 5717 003c 00       		.ascii	"\000"
 5718 003d 00       		.ascii	"\000"
 5719 003e 00000000 		.ascii	"\000\000\000\000\000\000\000\000"
 5719      00000000 
 5720 0046 A1010000 		.ascii	"\241\001\000\000"
 5721 004a 5F5A4E31 		.ascii	"_ZN12StateManager4initEv\000"
 5721      32537461 
 5721      74654D61 
 5721      6E616765 
 5721      7234696E 
 5722 0063 00       		.ascii	"\000"
 5723 0064 00       		.ascii	"\000"
 5724 0065 00       		.ascii	"\000"
 5725 0066 00000000 		.ascii	"\000\000\000\000\000\000\000\000"
 5725      00000000 
 5726 006e A6010000 		.ascii	"\246\001\000\000"
 5727 0072 5F5A4E4B 		.ascii	"_ZNK12StateManager15_select_primaryEv\000"
 5727      31325374 
 5727      6174654D 
 5727      616E6167 
 5727      65723135 
 5728 0098 00       		.ascii	"\000"
 5729 0099 00       		.ascii	"\000"
 5730 009a 00       		.ascii	"\000"
 5731 009b 00000000 		.ascii	"\000\000\000\000\000\000\000\000"
ARM GAS  /tmp/cc0z6zZn.s 			page 207


 5731      00000000 
 5732 00a3 AB010000 		.ascii	"\253\001\000\000"
 5733 00a7 5F5A4E31 		.ascii	"_ZN12StateManager6updateEfPK6IMURawRK9CANIMURawRK8M"
 5733      32537461 
 5733      74654D61 
 5733      6E616765 
 5733      72367570 
 5734 00da 6F636170 		.ascii	"ocapRaw\000"
 5734      52617700 
 5735 00e2 00       		.ascii	"\000"
 5736 00e3 00       		.ascii	"\000"
 5737 00e4 00       		.ascii	"\000"
 5738 00e5 00000000 		.ascii	"\000\000\000\000\000\000\000\000"
 5738      00000000 
 5739 00ed C1010000 		.ascii	"\301\001\000\000"
 5740 00f1 5F5A4E4B 		.ascii	"_ZNK12StateManager9get_stateEPf\000"
 5740      31325374 
 5740      6174654D 
 5740      616E6167 
 5740      65723967 
 5741 0111 00       		.ascii	"\000"
 5742 0112 00       		.ascii	"\000"
 5743 0113 00       		.ascii	"\000"
 5744 0114 00000000 		.ascii	"\000\000\000\000\000\000\000\000"
 5744      00000000 
 5745 011c C8010000 		.ascii	"\310\001\000\000"
 5746 0120 5F5A4E4B 		.ascii	"_ZNK12StateManager4rollEv\000"
 5746      31325374 
 5746      6174654D 
 5746      616E6167 
 5746      65723472 
 5747 013a 00       		.ascii	"\000"
 5748 013b 00       		.ascii	"\000"
 5749 013c 00       		.ascii	"\000"
 5750 013d 00000000 		.ascii	"\000\000\000\000\000\000\000\000"
 5750      00000000 
 5751 0145 CD010000 		.ascii	"\315\001\000\000"
 5752 0149 5F5A4E4B 		.ascii	"_ZNK12StateManager5pitchEv\000"
 5752      31325374 
 5752      6174654D 
 5752      616E6167 
 5752      65723570 
 5753 0164 00       		.ascii	"\000"
 5754 0165 00       		.ascii	"\000"
 5755 0166 00       		.ascii	"\000"
 5756 0167 00000000 		.ascii	"\000\000\000\000\000\000\000\000"
 5756      00000000 
 5757 016f D0010000 		.ascii	"\320\001\000\000"
 5758 0173 5F5A4E4B 		.ascii	"_ZNK12StateManager3yawEv\000"
 5758      31325374 
 5758      6174654D 
 5758      616E6167 
 5758      65723379 
 5759 018c 00       		.ascii	"\000"
 5760 018d 00       		.ascii	"\000"
 5761 018e 00       		.ascii	"\000"
 5762 018f 00000000 		.ascii	"\000\000\000\000\000\000\000\000"
ARM GAS  /tmp/cc0z6zZn.s 			page 208


 5762      00000000 
 5763 0197 D3010000 		.ascii	"\323\001\000\000"
 5764 019b 5F5A4E4B 		.ascii	"_ZNK12StateManager14get_lane_eulerEiRfS0_S0_\000"
 5764      31325374 
 5764      6174654D 
 5764      616E6167 
 5764      65723134 
 5765 01c8 00       		.ascii	"\000"
 5766 01c9 00       		.ascii	"\000"
 5767 01ca 00       		.ascii	"\000"
 5768 01cb 00000000 		.ascii	"\000\000\000\000\000\000\000\000"
 5768      00000000 
 5769 01d3 94010000 		.ascii	"\224\001\000\000"
 5770 01d7 5F5A4E4B 		.ascii	"_ZNK12StateManager12get_lane_pqrEiRfS0_S0_\000"
 5770      31325374 
 5770      6174654D 
 5770      616E6167 
 5770      65723132 
 5771 0202 00       		.ascii	"\000"
 5772 0203 00       		.ascii	"\000"
 5773 0204 00       		.ascii	"\000"
 5774 0205 00000000 		.ascii	"\000\000\000\000\000\000\000\000"
 5774      00000000 
 5775 020d D6010000 		.ascii	"\326\001\000\000"
 5776 0211 5F5A3133 		.ascii	"_Z13quat_to_eulerRK4QuatRfS2_S2_\000"
 5776      71756174 
 5776      5F746F5F 
 5776      65756C65 
 5776      72524B34 
 5777 0232 00       		.ascii	"\000"
 5778 0233 02       		.ascii	"\002"
 5779 0234 00       		.ascii	"\000"
 5780 0235 00000000 		.ascii	"\000\000\000\000\000\000\000\000"
 5780      00000000 
 5781 023d E2010000 		.ascii	"\342\001\000\000"
 5782 0241 5F5A4E33 		.ascii	"_ZN3EKFC1Ev\000"
 5782      454B4643 
 5782      31457600 
 5783 024d 00       		.ascii	"\000"
 5784 024e 02       		.ascii	"\002"
 5785 024f 00       		.ascii	"\000"
 5786 0250 00000000 		.ascii	"\000\000\000\000\000\000\000\000"
 5786      00000000 
 5787 0258 E9010000 		.ascii	"\351\001\000\000"
 5788 025c 5F5A4E33 		.ascii	"_ZN3EKF4initEi\000"
 5788      454B4634 
 5788      696E6974 
 5788      456900
 5789 026b 00       		.ascii	"\000"
 5790 026c 02       		.ascii	"\002"
 5791 026d 00       		.ascii	"\000"
 5792 026e 00000000 		.ascii	"\000\000\000\000\000\000\000\000"
 5792      00000000 
 5793 0276 EE010000 		.ascii	"\356\001\000\000"
 5794 027a 5F5A4E33 		.ascii	"_ZN3EKF7predictEfPKfS1_\000"
 5794      454B4637 
 5794      70726564 
ARM GAS  /tmp/cc0z6zZn.s 			page 209


 5794      69637445 
 5794      66504B66 
 5795 0292 00       		.ascii	"\000"
 5796 0293 02       		.ascii	"\002"
 5797 0294 00       		.ascii	"\000"
 5798 0295 00000000 		.ascii	"\000\000\000\000\000\000\000\000"
 5798      00000000 
 5799 029d F9010000 		.ascii	"\371\001\000\000"
 5800 02a1 5F5A4E33 		.ascii	"_ZN3EKF14update_gravityEPKff\000"
 5800      454B4631 
 5800      34757064 
 5800      6174655F 
 5800      67726176 
 5801 02be 00       		.ascii	"\000"
 5802 02bf 02       		.ascii	"\002"
 5803 02c0 00       		.ascii	"\000"
 5804 02c1 00000000 		.ascii	"\000\000\000\000\000\000\000\000"
 5804      00000000 
 5805 02c9 00020000 		.ascii	"\000\002\000\000"
 5806 02cd 5F5A4E33 		.ascii	"_ZN3EKF17update_quaternionERK4Quatf\000"
 5806      454B4631 
 5806      37757064 
 5806      6174655F 
 5806      71756174 
 5807 02f1 00       		.ascii	"\000"
 5808 02f2 02       		.ascii	"\002"
 5809 02f3 00       		.ascii	"\000"
 5810 02f4 00000000 		.ascii	"\000\000\000\000\000\000\000\000"
 5810      00000000 
 5811 02fc 07020000 		.ascii	"\007\002\000\000"
 5812 0300 5F5A4E33 		.ascii	"_ZN3EKF15update_positionEPKff\000"
 5812      454B4631 
 5812      35757064 
 5812      6174655F 
 5812      706F7369 
 5813 031e 00       		.ascii	"\000"
 5814 031f 02       		.ascii	"\002"
 5815 0320 00       		.ascii	"\000"
 5816 0321 00000000 		.ascii	"\000\000\000\000\000\000\000\000"
 5816      00000000 
 5817 0329 0A020000 		.ascii	"\012\002\000\000"
 5818 032d 5F5A4E33 		.ascii	"_ZN3EKF14update_ned_velEPKff\000"
 5818      454B4631 
 5818      34757064 
 5818      6174655F 
 5818      6E65645F 
 5819 034a 00       		.ascii	"\000"
 5820 034b 02       		.ascii	"\002"
 5821 034c 00       		.ascii	"\000"
 5822 034d 00000000 		.ascii	"\000\000\000\000\000\000\000\000"
 5822      00000000 
 5823 0355 0D020000 		.ascii	"\015\002\000\000"
 5824 0359 5F5A3230 		.ascii	"_Z20quat_to_rot_body2nedRK4QuatPA3_f\000"
 5824      71756174 
 5824      5F746F5F 
 5824      726F745F 
 5824      626F6479 
ARM GAS  /tmp/cc0z6zZn.s 			page 210


 5825 037e 00       		.ascii	"\000"
 5826 037f 02       		.ascii	"\002"
 5827 0380 00       		.ascii	"\000"
 5828 0381 00000000 		.ascii	"\000\000\000\000\000\000\000\000"
 5828      00000000 
 5829 0389 14020000 		.ascii	"\024\002\000\000"
 5830 038d 5F5A3663 		.ascii	"_Z6cross3PKfS0_Pf\000"
 5830      726F7373 
 5830      33504B66 
 5830      53305F50 
 5830      6600
 5831 039f 00       		.ascii	"\000"
 5832 03a0 02       		.ascii	"\002"
 5833 03a1 00       		.ascii	"\000"
 5834 03a2 00000000 		.ascii	"\000\000\000\000\000\000\000\000"
 5834      00000000 
 5835 03aa 1B020000 		.ascii	"\033\002\000\000"
 5836 03ae 5F5A3133 		.ascii	"_Z13lowpass_alphaff\000"
 5836      6C6F7770 
 5836      6173735F 
 5836      616C7068 
 5836      61666600 
 5837 03c2 00       		.ascii	"\000"
 5838 03c3 02       		.ascii	"\002"
 5839 03c4 00       		.ascii	"\000"
 5840 03c5 00000000 		.ascii	"\000\000\000\000\000\000\000\000"
 5840      00000000 
 5841 03cd 21020000 		.ascii	"!\002\000\000"
 5842 03d1 5F5A376C 		.ascii	"_Z7lowpassfff\000"
 5842      6F777061 
 5842      73736666 
 5842      6600
 5843 03df 00       		.ascii	"\000"
 5844 03e0 02       		.ascii	"\002"
 5845 03e1 00       		.ascii	"\000"
 5846 03e2 00000000 		.ascii	"\000\000\000\000\000\000\000\000"
 5846      00000000 
 5847 03ea 28020000 		.ascii	"(\002\000\000"
 5848 03ee 5F5A3130 		.ascii	"_Z10derivativefff\000"
 5848      64657269 
 5848      76617469 
 5848      76656666 
 5848      6600
 5849 0400 00       		.ascii	"\000"
 5850 0401 02       		.ascii	"\002"
 5851 0402 00       		.ascii	"\000"
 5852 0403 00000000 		.ascii	"\000\000\000\000\000\000\000\000"
 5852      00000000 
 5853 040b 2B020000 		.ascii	"+\002\000\000"
 5854              		.text
 5855              		.section	.gnu.lto_.ext_symtab.58151b275662964f,"e",%progbits
 5856 0000 01       		.ascii	"\001"
 5857 0001 01       		.ascii	"\001"
 5858 0002 00       		.ascii	"\000"
 5859 0003 01       		.ascii	"\001"
 5860 0004 00       		.ascii	"\000"
 5861 0005 01       		.ascii	"\001"
ARM GAS  /tmp/cc0z6zZn.s 			page 211


 5862 0006 00       		.ascii	"\000"
 5863 0007 01       		.ascii	"\001"
 5864 0008 00       		.ascii	"\000"
 5865 0009 01       		.ascii	"\001"
 5866 000a 00       		.ascii	"\000"
 5867 000b 01       		.ascii	"\001"
 5868 000c 00       		.ascii	"\000"
 5869 000d 01       		.ascii	"\001"
 5870 000e 00       		.ascii	"\000"
 5871 000f 01       		.ascii	"\001"
 5872 0010 00       		.ascii	"\000"
 5873 0011 01       		.ascii	"\001"
 5874 0012 00       		.ascii	"\000"
 5875 0013 01       		.ascii	"\001"
 5876 0014 00       		.ascii	"\000"
 5877 0015 01       		.ascii	"\001"
 5878 0016 00       		.ascii	"\000"
 5879 0017 01       		.ascii	"\001"
 5880 0018 00       		.ascii	"\000"
 5881 0019 01       		.ascii	"\001"
 5882 001a 00       		.ascii	"\000"
 5883 001b 01       		.ascii	"\001"
 5884 001c 00       		.ascii	"\000"
 5885 001d 01       		.ascii	"\001"
 5886 001e 00       		.ascii	"\000"
 5887 001f 01       		.ascii	"\001"
 5888 0020 00       		.ascii	"\000"
 5889 0021 01       		.ascii	"\001"
 5890 0022 00       		.ascii	"\000"
 5891 0023 01       		.ascii	"\001"
 5892 0024 00       		.ascii	"\000"
 5893 0025 01       		.ascii	"\001"
 5894 0026 00       		.ascii	"\000"
 5895 0027 01       		.ascii	"\001"
 5896 0028 00       		.ascii	"\000"
 5897 0029 01       		.ascii	"\001"
 5898 002a 00       		.ascii	"\000"
 5899 002b 01       		.ascii	"\001"
 5900 002c 00       		.ascii	"\000"
 5901 002d 01       		.ascii	"\001"
 5902 002e 00       		.ascii	"\000"
 5903 002f 01       		.ascii	"\001"
 5904 0030 00       		.ascii	"\000"
 5905              		.text
 5906              		.section	.gnu.lto_.opts,"e",%progbits
 5907 0000 272D666E 		.ascii	"'-fno-openmp' '-fno-openacc' '-fno-pie' '-fcf-prote"
 5907      6F2D6F70 
 5907      656E6D70 
 5907      2720272D 
 5907      666E6F2D 
 5908 0033 6374696F 		.ascii	"ction=none' '-g' '-mcpu=cortex-m7' '-mthumb' '-mflo"
 5908      6E3D6E6F 
 5908      6E652720 
 5908      272D6727 
 5908      20272D6D 
 5909 0066 61742D61 		.ascii	"at-abi=hard' '-mfpu=fpv5-d16' '-mlibarch=armv7e-m+f"
 5909      62693D68 
ARM GAS  /tmp/cc0z6zZn.s 			page 212


 5909      61726427 
 5909      20272D6D 
 5909      6670753D 
 5910 0099 702E6470 		.ascii	"p.dp' '-march=armv7e-m+fp.dp' '-O2' '-fomit-frame-p"
 5910      2720272D 
 5910      6D617263 
 5910      683D6172 
 5910      6D763765 
 5911 00cc 6F696E74 		.ascii	"ointer' '-falign-functions=16' '-ffunction-sections"
 5911      65722720 
 5911      272D6661 
 5911      6C69676E 
 5911      2D66756E 
 5912 00ff 2720272D 		.ascii	"' '-fdata-sections' '-fno-common' '-flto' '-Xassemb"
 5912      66646174 
 5912      612D7365 
 5912      6374696F 
 5912      6E732720 
 5913 0132 6C657227 		.ascii	"ler' '-alms=build/lst/StateManager.lst'\000"
 5913      20272D61 
 5913      6C6D733D 
 5913      6275696C 
 5913      642F6C73 
 5914              		.text
 5915              		.comm	__gnu_lto_slim,1,1
 5916              		.ident	"GCC: (15:10.3-2021.07-4) 10.3.1 20210621 (release)"
ARM GAS  /tmp/cc0z6zZn.s 			page 213


DEFINED SYMBOLS
                            *ABS*:0000000000000000 StateManager.cpp
     /tmp/cc0z6zZn.s:30     .gnu.debuglto_.debug_info:0000000000000000 StateManager.cpp.457afdae
                            *COM*:0000000000000001 __gnu_lto_slim

NO UNDEFINED SYMBOLS
