ARM GAS  /tmp/ccAatBS2.s 			page 1


   1              		.cpu cortex-m7
   2              		.eabi_attribute 28, 1
   3              		.eabi_attribute 20, 1
   4              		.eabi_attribute 21, 1
   5              		.eabi_attribute 23, 3
   6              		.eabi_attribute 24, 1
   7              		.eabi_attribute 25, 1
   8              		.eabi_attribute 26, 1
   9              		.eabi_attribute 30, 2
  10              		.eabi_attribute 34, 1
  11              		.eabi_attribute 18, 4
  12              		.file	"StrainRate.cpp"
  13              		.file 1 "/usr/lib/gcc/arm-none-eabi/10.3.1/include/stddef.h"
  14              		.file 2 "/usr/lib/gcc/arm-none-eabi/10.3.1/include/stdint.h"
  15              		.file 3 "third_party/ChibiOS/os/common/ports/ARM-common/chtypes.h"
  16              		.file 4 "third_party/ChibiOS/os/rt/include/chearly.h"
  17              		.file 5 "third_party/ChibiOS/os/rt/include/chobjects.h"
  18              		.file 6 "third_party/ChibiOS/os/rt/include/chrfcu.h"
  19              		.file 7 "third_party/ChibiOS/os/rt/include/chdebug.h"
  20              		.file 8 "third_party/ChibiOS/os/rt/include/chtime.h"
  21              		.file 9 "third_party/ChibiOS/os/rt/include/chlists.h"
  22              		.file 10 "third_party/ChibiOS/os/rt/include/chtrace.h"
  23              		.file 11 "third_party/ChibiOS/os/common/ext/ST/STM32H7xx/stm32h7xx.h"
  24              		.file 12 "third_party/ChibiOS/os/common/ports/ARMv7-M/chcore.h"
  25              		.file 13 "third_party/ChibiOS/os/rt/include/chsem.h"
  26              		.file 14 "third_party/ChibiOS/os/rt/include/chmtx.h"
  27              		.file 15 "third_party/ChibiOS/os/hal/ports/STM32/LLD/FDCANv1/hal_can_lld.h"
  28              		.file 16 "./src/sensors/StrainRate.hpp"
  29              		.file 17 "./src/coms/CAN.hpp"
  30              		.file 18 "src/sensors/StrainRate.cpp"
  31              		.section	.gnu.debuglto_.debug_info,"e",%progbits
  32              	.Ldebug_info0:
  33              		.hidden	StrainRate.cpp.b1755cf3
  34              		.weak	StrainRate.cpp.b1755cf3
  35              	StrainRate.cpp.b1755cf3:
  36 0000 F60C0000 		.4byte	0xcf6
  37 0004 0400     		.2byte	0x4
  38 0006 00000000 		.4byte	.Ldebug_abbrev0
  39 000a 04       		.byte	0x4
  40 000b 01       		.uleb128 0x1
  41 000c 93030000 		.4byte	.LASF149
  42 0010 04       		.byte	0x4
  43 0011 69000000 		.4byte	.LASF150
  44 0015 EE060000 		.4byte	.LASF151
  45 0019 00000000 		.4byte	.Ldebug_line0
  46 001d 02       		.uleb128 0x2
  47 001e 04       		.byte	0x4
  48 001f 05       		.byte	0x5
  49 0020 696E7400 		.ascii	"int\000"
  50 0024 03       		.uleb128 0x3
  51 0025 1B000000 		.4byte	.LASF4
  52 0029 01       		.byte	0x1
  53 002a D1       		.byte	0xd1
  54 002b 17       		.byte	0x17
  55 002c 30000000 		.4byte	0x30
  56 0030 04       		.uleb128 0x4
  57 0031 04       		.byte	0x4
ARM GAS  /tmp/ccAatBS2.s 			page 2


  58 0032 07       		.byte	0x7
  59 0033 00020000 		.4byte	.LASF0
  60 0037 04       		.uleb128 0x4
  61 0038 08       		.byte	0x8
  62 0039 05       		.byte	0x5
  63 003a E1000000 		.4byte	.LASF1
  64 003e 04       		.uleb128 0x4
  65 003f 08       		.byte	0x8
  66 0040 04       		.byte	0x4
  67 0041 E7050000 		.4byte	.LASF2
  68 0045 05       		.uleb128 0x5
  69 0046 0A030000 		.4byte	.LASF152
  70 004a 04       		.uleb128 0x4
  71 004b 01       		.byte	0x1
  72 004c 06       		.byte	0x6
  73 004d EF000000 		.4byte	.LASF3
  74 0051 03       		.uleb128 0x3
  75 0052 D9000000 		.4byte	.LASF5
  76 0056 02       		.byte	0x2
  77 0057 25       		.byte	0x25
  78 0058 18       		.byte	0x18
  79 0059 5D000000 		.4byte	0x5d
  80 005d 04       		.uleb128 0x4
  81 005e 02       		.byte	0x2
  82 005f 05       		.byte	0x5
  83 0060 4E050000 		.4byte	.LASF6
  84 0064 03       		.uleb128 0x3
  85 0065 31050000 		.4byte	.LASF7
  86 0069 02       		.byte	0x2
  87 006a 28       		.byte	0x28
  88 006b 18       		.byte	0x18
  89 006c 70000000 		.4byte	0x70
  90 0070 04       		.uleb128 0x4
  91 0071 04       		.byte	0x4
  92 0072 05       		.byte	0x5
  93 0073 50010000 		.4byte	.LASF8
  94 0077 03       		.uleb128 0x3
  95 0078 D8060000 		.4byte	.LASF9
  96 007c 02       		.byte	0x2
  97 007d 2E       		.byte	0x2e
  98 007e 18       		.byte	0x18
  99 007f 83000000 		.4byte	0x83
 100 0083 04       		.uleb128 0x4
 101 0084 01       		.byte	0x1
 102 0085 08       		.byte	0x8
 103 0086 39050000 		.4byte	.LASF10
 104 008a 03       		.uleb128 0x3
 105 008b 77010000 		.4byte	.LASF11
 106 008f 02       		.byte	0x2
 107 0090 31       		.byte	0x31
 108 0091 19       		.byte	0x19
 109 0092 96000000 		.4byte	0x96
 110 0096 04       		.uleb128 0x4
 111 0097 02       		.byte	0x2
 112 0098 07       		.byte	0x7
 113 0099 84020000 		.4byte	.LASF12
 114 009d 03       		.uleb128 0x3
ARM GAS  /tmp/ccAatBS2.s 			page 3


 115 009e BD050000 		.4byte	.LASF13
 116 00a2 02       		.byte	0x2
 117 00a3 34       		.byte	0x34
 118 00a4 19       		.byte	0x19
 119 00a5 A9000000 		.4byte	0xa9
 120 00a9 04       		.uleb128 0x4
 121 00aa 04       		.byte	0x4
 122 00ab 07       		.byte	0x7
 123 00ac 02010000 		.4byte	.LASF14
 124 00b0 03       		.uleb128 0x3
 125 00b1 99040000 		.4byte	.LASF15
 126 00b5 02       		.byte	0x2
 127 00b6 37       		.byte	0x37
 128 00b7 19       		.byte	0x19
 129 00b8 C1000000 		.4byte	0xc1
 130 00bc 06       		.uleb128 0x6
 131 00bd B0000000 		.4byte	0xb0
 132 00c1 04       		.uleb128 0x4
 133 00c2 08       		.byte	0x8
 134 00c3 07       		.byte	0x7
 135 00c4 22010000 		.4byte	.LASF16
 136 00c8 03       		.uleb128 0x3
 137 00c9 CD050000 		.4byte	.LASF17
 138 00cd 03       		.byte	0x3
 139 00ce 48       		.byte	0x48
 140 00cf 1D       		.byte	0x1d
 141 00d0 B0000000 		.4byte	0xb0
 142 00d4 03       		.uleb128 0x3
 143 00d5 32030000 		.4byte	.LASF18
 144 00d9 04       		.byte	0x4
 145 00da 50       		.byte	0x50
 146 00db 19       		.byte	0x19
 147 00dc C8000000 		.4byte	0xc8
 148 00e0 03       		.uleb128 0x3
 149 00e1 D5020000 		.4byte	.LASF19
 150 00e5 04       		.byte	0x4
 151 00e6 53       		.byte	0x53
 152 00e7 19       		.byte	0x19
 153 00e8 77000000 		.4byte	0x77
 154 00ec 03       		.uleb128 0x3
 155 00ed 60010000 		.4byte	.LASF20
 156 00f1 04       		.byte	0x4
 157 00f2 54       		.byte	0x54
 158 00f3 19       		.byte	0x19
 159 00f4 77000000 		.4byte	0x77
 160 00f8 03       		.uleb128 0x3
 161 00f9 08050000 		.4byte	.LASF21
 162 00fd 04       		.byte	0x4
 163 00fe 55       		.byte	0x55
 164 00ff 19       		.byte	0x19
 165 0100 77000000 		.4byte	0x77
 166 0104 03       		.uleb128 0x3
 167 0105 20050000 		.4byte	.LASF22
 168 0109 04       		.byte	0x4
 169 010a 57       		.byte	0x57
 170 010b 19       		.byte	0x19
 171 010c 9D000000 		.4byte	0x9d
ARM GAS  /tmp/ccAatBS2.s 			page 4


 172 0110 03       		.uleb128 0x3
 173 0111 B2020000 		.4byte	.LASF23
 174 0115 04       		.byte	0x4
 175 0116 58       		.byte	0x58
 176 0117 19       		.byte	0x19
 177 0118 64000000 		.4byte	0x64
 178 011c 03       		.uleb128 0x3
 179 011d FE020000 		.4byte	.LASF24
 180 0121 04       		.byte	0x4
 181 0122 5A       		.byte	0x5a
 182 0123 19       		.byte	0x19
 183 0124 9D000000 		.4byte	0x9d
 184 0128 03       		.uleb128 0x3
 185 0129 F1010000 		.4byte	.LASF25
 186 012d 04       		.byte	0x4
 187 012e 5C       		.byte	0x5c
 188 012f 19       		.byte	0x19
 189 0130 64000000 		.4byte	0x64
 190 0134 03       		.uleb128 0x3
 191 0135 FE040000 		.4byte	.LASF26
 192 0139 04       		.byte	0x4
 193 013a 80       		.byte	0x80
 194 013b 12       		.byte	0x12
 195 013c 30000000 		.4byte	0x30
 196 0140 03       		.uleb128 0x3
 197 0141 16060000 		.4byte	.LASF27
 198 0145 04       		.byte	0x4
 199 0146 85       		.byte	0x85
 200 0147 1A       		.byte	0x1a
 201 0148 4C010000 		.4byte	0x14c
 202 014c 07       		.uleb128 0x7
 203 014d 97020000 		.4byte	.LASF53
 204 0151 48       		.byte	0x48
 205 0152 05       		.byte	0x5
 206 0153 9C       		.byte	0x9c
 207 0154 08       		.byte	0x8
 208 0155 CD020000 		.4byte	0x2cd
 209 0159 08       		.uleb128 0x8
 210 015a 0C       		.byte	0xc
 211 015b 05       		.byte	0x5
 212 015c A0       		.byte	0xa0
 213 015d 09       		.byte	0x9
 214 015e 87010000 		.4byte	0x187
 215 0162 09       		.uleb128 0x9
 216 0163 3C070000 		.4byte	.LASF28
 217 0167 05       		.byte	0x5
 218 0168 A4       		.byte	0xa4
 219 0169 21       		.byte	0x21
 220 016a F0030000 		.4byte	0x3f0
 221 016e 09       		.uleb128 0x9
 222 016f 60020000 		.4byte	.LASF29
 223 0173 05       		.byte	0x5
 224 0174 A8       		.byte	0xa8
 225 0175 21       		.byte	0x21
 226 0176 1D040000 		.4byte	0x41d
 227 017a 09       		.uleb128 0x9
 228 017b 54060000 		.4byte	.LASF30
ARM GAS  /tmp/ccAatBS2.s 			page 5


 229 017f 05       		.byte	0x5
 230 0180 AC       		.byte	0xac
 231 0181 21       		.byte	0x21
 232 0182 57040000 		.4byte	0x457
 233 0186 00       		.byte	0
 234 0187 08       		.uleb128 0x8
 235 0188 04       		.byte	0x4
 236 0189 05       		.byte	0x5
 237 018a EB       		.byte	0xeb
 238 018b 09       		.byte	0x9
 239 018c F7010000 		.4byte	0x1f7
 240 0190 09       		.uleb128 0x9
 241 0191 2D000000 		.4byte	.LASF31
 242 0195 05       		.byte	0x5
 243 0196 F2       		.byte	0xf2
 244 0197 21       		.byte	0x21
 245 0198 10010000 		.4byte	0x110
 246 019c 09       		.uleb128 0x9
 247 019d 9B010000 		.4byte	.LASF32
 248 01a1 05       		.byte	0x5
 249 01a2 F9       		.byte	0xf9
 250 01a3 21       		.byte	0x21
 251 01a4 10010000 		.4byte	0x110
 252 01a8 0A       		.uleb128 0xa
 253 01a9 18070000 		.4byte	.LASF33
 254 01ad 05       		.byte	0x5
 255 01ae 0001     		.2byte	0x100
 256 01b0 22       		.byte	0x22
 257 01b1 1F060000 		.4byte	0x61f
 258 01b5 0A       		.uleb128 0xa
 259 01b6 6C050000 		.4byte	.LASF34
 260 01ba 05       		.byte	0x5
 261 01bb 0701     		.2byte	0x107
 262 01bd 22       		.byte	0x22
 263 01be 2F090000 		.4byte	0x92f
 264 01c2 0A       		.uleb128 0xa
 265 01c3 BF000000 		.4byte	.LASF35
 266 01c7 05       		.byte	0x5
 267 01c8 0C01     		.2byte	0x10c
 268 01ca 21       		.byte	0x21
 269 01cb 10010000 		.4byte	0x110
 270 01cf 0A       		.uleb128 0xa
 271 01d0 1D020000 		.4byte	.LASF36
 272 01d4 05       		.byte	0x5
 273 01d5 1501     		.2byte	0x115
 274 01d7 22       		.byte	0x22
 275 01d8 5D090000 		.4byte	0x95d
 276 01dc 0A       		.uleb128 0xa
 277 01dd C6050000 		.4byte	.LASF37
 278 01e1 05       		.byte	0x5
 279 01e2 1E01     		.2byte	0x11e
 280 01e4 22       		.byte	0x22
 281 01e5 98090000 		.4byte	0x998
 282 01e9 0A       		.uleb128 0xa
 283 01ea 84050000 		.4byte	.LASF38
 284 01ee 05       		.byte	0x5
 285 01ef 2601     		.2byte	0x126
ARM GAS  /tmp/ccAatBS2.s 			page 6


 286 01f1 21       		.byte	0x21
 287 01f2 1C010000 		.4byte	0x11c
 288 01f6 00       		.byte	0
 289 01f7 0B       		.uleb128 0xb
 290 01f8 68647200 		.ascii	"hdr\000"
 291 01fc 05       		.byte	0x5
 292 01fd AD       		.byte	0xad
 293 01fe 05       		.byte	0x5
 294 01ff 59010000 		.4byte	0x159
 295 0203 00       		.byte	0
 296 0204 0B       		.uleb128 0xb
 297 0205 63747800 		.ascii	"ctx\000"
 298 0209 05       		.byte	0x5
 299 020a B1       		.byte	0xb1
 300 020b 21       		.byte	0x21
 301 020c 99080000 		.4byte	0x899
 302 0210 0C       		.byte	0xc
 303 0211 0C       		.uleb128 0xc
 304 0212 33020000 		.4byte	.LASF39
 305 0216 05       		.byte	0x5
 306 0217 B6       		.byte	0xb6
 307 0218 21       		.byte	0x21
 308 0219 1D040000 		.4byte	0x41d
 309 021d 10       		.byte	0x10
 310 021e 0C       		.uleb128 0xc
 311 021f 69010000 		.4byte	.LASF40
 312 0223 05       		.byte	0x5
 313 0224 BB       		.byte	0xbb
 314 0225 22       		.byte	0x22
 315 0226 9E090000 		.4byte	0x99e
 316 022a 18       		.byte	0x18
 317 022b 0C       		.uleb128 0xc
 318 022c 5B020000 		.4byte	.LASF41
 319 0230 05       		.byte	0x5
 320 0231 C0       		.byte	0xc0
 321 0232 22       		.byte	0x22
 322 0233 B5030000 		.4byte	0x3b5
 323 0237 1C       		.byte	0x1c
 324 0238 0C       		.uleb128 0xc
 325 0239 F3050000 		.4byte	.LASF42
 326 023d 05       		.byte	0x5
 327 023e C9       		.byte	0xc9
 328 023f 22       		.byte	0x22
 329 0240 A4090000 		.4byte	0x9a4
 330 0244 20       		.byte	0x20
 331 0245 0C       		.uleb128 0xc
 332 0246 4A010000 		.4byte	.LASF43
 333 024a 05       		.byte	0x5
 334 024b CE       		.byte	0xce
 335 024c 21       		.byte	0x21
 336 024d EC000000 		.4byte	0xec
 337 0251 24       		.byte	0x24
 338 0252 0C       		.uleb128 0xc
 339 0253 E0060000 		.4byte	.LASF44
 340 0257 05       		.byte	0x5
 341 0258 D2       		.byte	0xd2
 342 0259 21       		.byte	0x21
ARM GAS  /tmp/ccAatBS2.s 			page 7


 343 025a E0000000 		.4byte	0xe0
 344 025e 25       		.byte	0x25
 345 025f 0C       		.uleb128 0xc
 346 0260 10050000 		.4byte	.LASF45
 347 0264 05       		.byte	0x5
 348 0265 D7       		.byte	0xd7
 349 0266 21       		.byte	0x21
 350 0267 F8000000 		.4byte	0xf8
 351 026b 26       		.byte	0x26
 352 026c 0D       		.uleb128 0xd
 353 026d 7500     		.ascii	"u\000"
 354 026f 05       		.byte	0x5
 355 0270 2801     		.2byte	0x128
 356 0272 21       		.byte	0x21
 357 0273 87010000 		.4byte	0x187
 358 0277 28       		.byte	0x28
 359 0278 0E       		.uleb128 0xe
 360 0279 C3010000 		.4byte	.LASF46
 361 027d 05       		.byte	0x5
 362 027e 2D01     		.2byte	0x12d
 363 0280 21       		.byte	0x21
 364 0281 F0030000 		.4byte	0x3f0
 365 0285 2C       		.byte	0x2c
 366 0286 0E       		.uleb128 0xe
 367 0287 F7010000 		.4byte	.LASF47
 368 028b 05       		.byte	0x5
 369 028c 3301     		.2byte	0x133
 370 028e 21       		.byte	0x21
 371 028f 1D040000 		.4byte	0x41d
 372 0293 30       		.byte	0x30
 373 0294 0E       		.uleb128 0xe
 374 0295 C5020000 		.4byte	.LASF48
 375 0299 05       		.byte	0x5
 376 029a 3901     		.2byte	0x139
 377 029c 21       		.byte	0x21
 378 029d 1C010000 		.4byte	0x11c
 379 02a1 38       		.byte	0x38
 380 02a2 0E       		.uleb128 0xe
 381 02a3 50070000 		.4byte	.LASF49
 382 02a7 05       		.byte	0x5
 383 02a8 4001     		.2byte	0x140
 384 02aa 22       		.byte	0x22
 385 02ab 98090000 		.4byte	0x998
 386 02af 3C       		.byte	0x3c
 387 02b0 0E       		.uleb128 0xe
 388 02b1 54030000 		.4byte	.LASF50
 389 02b5 05       		.byte	0x5
 390 02b6 4401     		.2byte	0x144
 391 02b8 21       		.byte	0x21
 392 02b9 04010000 		.4byte	0x104
 393 02bd 40       		.byte	0x40
 394 02be 0E       		.uleb128 0xe
 395 02bf 79020000 		.4byte	.LASF51
 396 02c3 05       		.byte	0x5
 397 02c4 4B01     		.2byte	0x14b
 398 02c6 22       		.byte	0x22
 399 02c7 1F060000 		.4byte	0x61f
ARM GAS  /tmp/ccAatBS2.s 			page 8


 400 02cb 44       		.byte	0x44
 401 02cc 00       		.byte	0
 402 02cd 03       		.uleb128 0x3
 403 02ce 6A060000 		.4byte	.LASF52
 404 02d2 04       		.byte	0x4
 405 02d3 8A       		.byte	0x8a
 406 02d4 1F       		.byte	0x1f
 407 02d5 D9020000 		.4byte	0x2d9
 408 02d9 0F       		.uleb128 0xf
 409 02da D5040000 		.4byte	.LASF54
 410 02de 9008     		.2byte	0x890
 411 02e0 05       		.byte	0x5
 412 02e1 8A01     		.2byte	0x18a
 413 02e3 08       		.byte	0x8
 414 02e4 67030000 		.4byte	0x367
 415 02e8 0E       		.uleb128 0xe
 416 02e9 D2060000 		.4byte	.LASF55
 417 02ed 05       		.byte	0x5
 418 02ee 8E01     		.2byte	0x18e
 419 02f0 21       		.byte	0x21
 420 02f1 D5090000 		.4byte	0x9d5
 421 02f5 00       		.byte	0
 422 02f6 0E       		.uleb128 0xe
 423 02f7 62000000 		.4byte	.LASF56
 424 02fb 05       		.byte	0x5
 425 02fc 9201     		.2byte	0x192
 426 02fe 21       		.byte	0x21
 427 02ff F0080000 		.4byte	0x8f0
 428 0303 10       		.byte	0x10
 429 0304 0E       		.uleb128 0xe
 430 0305 78060000 		.4byte	.LASF57
 431 0309 05       		.byte	0x5
 432 030a 9901     		.2byte	0x199
 433 030c 21       		.byte	0x21
 434 030d 17090000 		.4byte	0x917
 435 0311 28       		.byte	0x28
 436 0312 0E       		.uleb128 0xe
 437 0313 90050000 		.4byte	.LASF58
 438 0317 05       		.byte	0x5
 439 0318 9E01     		.2byte	0x19e
 440 031a 21       		.byte	0x21
 441 031b 34010000 		.4byte	0x134
 442 031f 30       		.byte	0x30
 443 0320 0E       		.uleb128 0xe
 444 0321 41000000 		.4byte	.LASF59
 445 0325 05       		.byte	0x5
 446 0326 A401     		.2byte	0x1a4
 447 0328 21       		.byte	0x21
 448 0329 8E030000 		.4byte	0x38e
 449 032d 34       		.byte	0x34
 450 032e 0E       		.uleb128 0xe
 451 032f 0F060000 		.4byte	.LASF60
 452 0333 05       		.byte	0x5
 453 0334 A901     		.2byte	0x1a9
 454 0336 22       		.byte	0x22
 455 0337 490A0000 		.4byte	0xa49
 456 033b 38       		.byte	0x38
ARM GAS  /tmp/ccAatBS2.s 			page 9


 457 033c 0E       		.uleb128 0xe
 458 033d B4000000 		.4byte	.LASF61
 459 0341 05       		.byte	0x5
 460 0342 AD01     		.2byte	0x1ad
 461 0344 21       		.byte	0x21
 462 0345 40010000 		.4byte	0x140
 463 0349 3C       		.byte	0x3c
 464 034a 0D       		.uleb128 0xd
 465 034b 64626700 		.ascii	"dbg\000"
 466 034f 05       		.byte	0x5
 467 0350 B101     		.2byte	0x1b1
 468 0352 21       		.byte	0x21
 469 0353 CC030000 		.4byte	0x3cc
 470 0357 84       		.byte	0x84
 471 0358 0E       		.uleb128 0xe
 472 0359 1F070000 		.4byte	.LASF62
 473 035d 05       		.byte	0x5
 474 035e B601     		.2byte	0x1b6
 475 0360 21       		.byte	0x21
 476 0361 86060000 		.4byte	0x686
 477 0365 88       		.byte	0x88
 478 0366 00       		.byte	0
 479 0367 03       		.uleb128 0x3
 480 0368 5D030000 		.4byte	.LASF63
 481 036c 06       		.byte	0x6
 482 036d 3F       		.byte	0x3f
 483 036e 12       		.byte	0x12
 484 036f 9D000000 		.4byte	0x9d
 485 0373 07       		.uleb128 0x7
 486 0374 6F010000 		.4byte	.LASF64
 487 0378 04       		.byte	0x4
 488 0379 06       		.byte	0x6
 489 037a 44       		.byte	0x44
 490 037b 10       		.byte	0x10
 491 037c 8E030000 		.4byte	0x38e
 492 0380 0C       		.uleb128 0xc
 493 0381 A4010000 		.4byte	.LASF65
 494 0385 06       		.byte	0x6
 495 0386 48       		.byte	0x48
 496 0387 21       		.byte	0x21
 497 0388 67030000 		.4byte	0x367
 498 038c 00       		.byte	0
 499 038d 00       		.byte	0
 500 038e 03       		.uleb128 0x3
 501 038f 47050000 		.4byte	.LASF66
 502 0393 06       		.byte	0x6
 503 0394 49       		.byte	0x49
 504 0395 03       		.byte	0x3
 505 0396 73030000 		.4byte	0x373
 506 039a 07       		.uleb128 0x7
 507 039b 2C070000 		.4byte	.LASF67
 508 039f 04       		.byte	0x4
 509 03a0 07       		.byte	0x7
 510 03a1 3E       		.byte	0x3e
 511 03a2 10       		.byte	0x10
 512 03a3 B5030000 		.4byte	0x3b5
 513 03a7 0C       		.uleb128 0xc
ARM GAS  /tmp/ccAatBS2.s 			page 10


 514 03a8 4A060000 		.4byte	.LASF68
 515 03ac 07       		.byte	0x7
 516 03ad 46       		.byte	0x46
 517 03ae 24       		.byte	0x24
 518 03af BB030000 		.4byte	0x3bb
 519 03b3 00       		.byte	0
 520 03b4 00       		.byte	0
 521 03b5 10       		.uleb128 0x10
 522 03b6 04       		.byte	0x4
 523 03b7 C7030000 		.4byte	0x3c7
 524 03bb 06       		.uleb128 0x6
 525 03bc B5030000 		.4byte	0x3b5
 526 03c0 04       		.uleb128 0x4
 527 03c1 01       		.byte	0x1
 528 03c2 08       		.byte	0x8
 529 03c3 E2050000 		.4byte	.LASF69
 530 03c7 11       		.uleb128 0x11
 531 03c8 C0030000 		.4byte	0x3c0
 532 03cc 03       		.uleb128 0x3
 533 03cd 24020000 		.4byte	.LASF70
 534 03d1 07       		.byte	0x7
 535 03d2 51       		.byte	0x51
 536 03d3 03       		.byte	0x3
 537 03d4 9A030000 		.4byte	0x39a
 538 03d8 03       		.uleb128 0x3
 539 03d9 25060000 		.4byte	.LASF71
 540 03dd 08       		.byte	0x8
 541 03de 6D       		.byte	0x6d
 542 03df 12       		.byte	0x12
 543 03e0 9D000000 		.4byte	0x9d
 544 03e4 03       		.uleb128 0x3
 545 03e5 E3010000 		.4byte	.LASF72
 546 03e9 08       		.byte	0x8
 547 03ea 79       		.byte	0x79
 548 03eb 12       		.byte	0x12
 549 03ec 9D000000 		.4byte	0x9d
 550 03f0 03       		.uleb128 0x3
 551 03f1 7F040000 		.4byte	.LASF73
 552 03f5 09       		.byte	0x9
 553 03f6 32       		.byte	0x32
 554 03f7 18       		.byte	0x18
 555 03f8 FC030000 		.4byte	0x3fc
 556 03fc 07       		.uleb128 0x7
 557 03fd 39010000 		.4byte	.LASF74
 558 0401 04       		.byte	0x4
 559 0402 09       		.byte	0x9
 560 0403 38       		.byte	0x38
 561 0404 08       		.byte	0x8
 562 0405 17040000 		.4byte	0x417
 563 0409 0C       		.uleb128 0xc
 564 040a D4000000 		.4byte	.LASF75
 565 040e 09       		.byte	0x9
 566 040f 39       		.byte	0x39
 567 0410 1A       		.byte	0x1a
 568 0411 17040000 		.4byte	0x417
 569 0415 00       		.byte	0
 570 0416 00       		.byte	0
ARM GAS  /tmp/ccAatBS2.s 			page 11


 571 0417 10       		.uleb128 0x10
 572 0418 04       		.byte	0x4
 573 0419 F0030000 		.4byte	0x3f0
 574 041d 03       		.uleb128 0x3
 575 041e 3A020000 		.4byte	.LASF76
 576 0422 09       		.byte	0x9
 577 0423 3F       		.byte	0x3f
 578 0424 19       		.byte	0x19
 579 0425 29040000 		.4byte	0x429
 580 0429 07       		.uleb128 0x7
 581 042a 28050000 		.4byte	.LASF77
 582 042e 08       		.byte	0x8
 583 042f 09       		.byte	0x9
 584 0430 45       		.byte	0x45
 585 0431 08       		.byte	0x8
 586 0432 51040000 		.4byte	0x451
 587 0436 0C       		.uleb128 0xc
 588 0437 D4000000 		.4byte	.LASF75
 589 043b 09       		.byte	0x9
 590 043c 46       		.byte	0x46
 591 043d 1A       		.byte	0x1a
 592 043e 51040000 		.4byte	0x451
 593 0442 00       		.byte	0
 594 0443 0C       		.uleb128 0xc
 595 0444 51000000 		.4byte	.LASF78
 596 0448 09       		.byte	0x9
 597 0449 47       		.byte	0x47
 598 044a 1A       		.byte	0x1a
 599 044b 51040000 		.4byte	0x451
 600 044f 04       		.byte	0x4
 601 0450 00       		.byte	0
 602 0451 10       		.uleb128 0x10
 603 0452 04       		.byte	0x4
 604 0453 1D040000 		.4byte	0x41d
 605 0457 03       		.uleb128 0x3
 606 0458 36060000 		.4byte	.LASF79
 607 045c 09       		.byte	0x9
 608 045d 4E       		.byte	0x4e
 609 045e 22       		.byte	0x22
 610 045f 63040000 		.4byte	0x463
 611 0463 07       		.uleb128 0x7
 612 0464 91060000 		.4byte	.LASF80
 613 0468 0C       		.byte	0xc
 614 0469 09       		.byte	0x9
 615 046a 55       		.byte	0x55
 616 046b 08       		.byte	0x8
 617 046c 98040000 		.4byte	0x498
 618 0470 0C       		.uleb128 0xc
 619 0471 D4000000 		.4byte	.LASF75
 620 0475 09       		.byte	0x9
 621 0476 56       		.byte	0x56
 622 0477 1A       		.byte	0x1a
 623 0478 98040000 		.4byte	0x498
 624 047c 00       		.byte	0
 625 047d 0C       		.uleb128 0xc
 626 047e 51000000 		.4byte	.LASF78
 627 0482 09       		.byte	0x9
ARM GAS  /tmp/ccAatBS2.s 			page 12


 628 0483 57       		.byte	0x57
 629 0484 1A       		.byte	0x1a
 630 0485 98040000 		.4byte	0x498
 631 0489 04       		.byte	0x4
 632 048a 0C       		.uleb128 0xc
 633 048b E9040000 		.4byte	.LASF81
 634 048f 09       		.byte	0x9
 635 0490 58       		.byte	0x58
 636 0491 19       		.byte	0x19
 637 0492 04010000 		.4byte	0x104
 638 0496 08       		.byte	0x8
 639 0497 00       		.byte	0
 640 0498 10       		.uleb128 0x10
 641 0499 04       		.byte	0x4
 642 049a 57040000 		.4byte	0x457
 643 049e 03       		.uleb128 0x3
 644 049f A3060000 		.4byte	.LASF82
 645 04a3 09       		.byte	0x9
 646 04a4 5F       		.byte	0x5f
 647 04a5 1E       		.byte	0x1e
 648 04a6 AA040000 		.4byte	0x4aa
 649 04aa 07       		.uleb128 0x7
 650 04ab 14010000 		.4byte	.LASF83
 651 04af 0C       		.byte	0xc
 652 04b0 09       		.byte	0x9
 653 04b1 64       		.byte	0x64
 654 04b2 08       		.byte	0x8
 655 04b3 DF040000 		.4byte	0x4df
 656 04b7 0C       		.uleb128 0xc
 657 04b8 D4000000 		.4byte	.LASF75
 658 04bc 09       		.byte	0x9
 659 04bd 65       		.byte	0x65
 660 04be 1A       		.byte	0x1a
 661 04bf DF040000 		.4byte	0x4df
 662 04c3 00       		.byte	0
 663 04c4 0C       		.uleb128 0xc
 664 04c5 51000000 		.4byte	.LASF78
 665 04c9 09       		.byte	0x9
 666 04ca 66       		.byte	0x66
 667 04cb 1A       		.byte	0x1a
 668 04cc DF040000 		.4byte	0x4df
 669 04d0 04       		.byte	0x4
 670 04d1 0C       		.uleb128 0xc
 671 04d2 C7000000 		.4byte	.LASF84
 672 04d6 09       		.byte	0x9
 673 04d7 67       		.byte	0x67
 674 04d8 19       		.byte	0x19
 675 04d9 E4030000 		.4byte	0x3e4
 676 04dd 08       		.byte	0x8
 677 04de 00       		.byte	0
 678 04df 10       		.uleb128 0x10
 679 04e0 04       		.byte	0x4
 680 04e1 9E040000 		.4byte	0x49e
 681 04e5 12       		.uleb128 0x12
 682 04e6 10       		.byte	0x10
 683 04e7 0A       		.byte	0xa
 684 04e8 6C       		.byte	0x6c
ARM GAS  /tmp/ccAatBS2.s 			page 13


 685 04e9 10       		.byte	0x10
 686 04ea A4000000 		.4byte	.LASF130
 687 04ee 19060000 		.4byte	0x619
 688 04f2 08       		.uleb128 0x8
 689 04f3 08       		.byte	0x8
 690 04f4 0A       		.byte	0xa
 691 04f5 7F       		.byte	0x7f
 692 04f6 09       		.byte	0x9
 693 04f7 D0050000 		.4byte	0x5d0
 694 04fb 13       		.uleb128 0x13
 695 04fc 08       		.byte	0x8
 696 04fd 0A       		.byte	0xa
 697 04fe 83       		.byte	0x83
 698 04ff 0C       		.byte	0xc
 699 0500 1F050000 		.4byte	0x51f
 700 0504 0B       		.uleb128 0xb
 701 0505 6E747000 		.ascii	"ntp\000"
 702 0509 0A       		.byte	0xa
 703 050a 87       		.byte	0x87
 704 050b 1E       		.byte	0x1e
 705 050c 19060000 		.4byte	0x619
 706 0510 00       		.byte	0
 707 0511 0C       		.uleb128 0xc
 708 0512 18070000 		.4byte	.LASF33
 709 0516 0A       		.byte	0xa
 710 0517 8B       		.byte	0x8b
 711 0518 1E       		.byte	0x1e
 712 0519 1F060000 		.4byte	0x61f
 713 051d 04       		.byte	0x4
 714 051e 00       		.byte	0
 715 051f 13       		.uleb128 0x13
 716 0520 08       		.byte	0x8
 717 0521 0A       		.byte	0xa
 718 0522 90       		.byte	0x90
 719 0523 0C       		.byte	0xc
 720 0524 42050000 		.4byte	0x542
 721 0528 0B       		.uleb128 0xb
 722 0529 747000   		.ascii	"tp\000"
 723 052c 0A       		.byte	0xa
 724 052d 94       		.byte	0x94
 725 052e 1E       		.byte	0x1e
 726 052f 19060000 		.4byte	0x619
 727 0533 00       		.byte	0
 728 0534 0B       		.uleb128 0xb
 729 0535 6D736700 		.ascii	"msg\000"
 730 0539 0A       		.byte	0xa
 731 053a 98       		.byte	0x98
 732 053b 1D       		.byte	0x1d
 733 053c 10010000 		.4byte	0x110
 734 0540 04       		.byte	0x4
 735 0541 00       		.byte	0
 736 0542 13       		.uleb128 0x13
 737 0543 04       		.byte	0x4
 738 0544 0A       		.byte	0xa
 739 0545 9D       		.byte	0x9d
 740 0546 0C       		.byte	0xc
 741 0547 59050000 		.4byte	0x559
ARM GAS  /tmp/ccAatBS2.s 			page 14


 742 054b 0C       		.uleb128 0xc
 743 054c 5B020000 		.4byte	.LASF41
 744 0550 0A       		.byte	0xa
 745 0551 A1       		.byte	0xa1
 746 0552 1E       		.byte	0x1e
 747 0553 B5030000 		.4byte	0x3b5
 748 0557 00       		.byte	0
 749 0558 00       		.byte	0
 750 0559 13       		.uleb128 0x13
 751 055a 04       		.byte	0x4
 752 055b 0A       		.byte	0xa
 753 055c A6       		.byte	0xa6
 754 055d 0C       		.byte	0xc
 755 055e 70050000 		.4byte	0x570
 756 0562 0C       		.uleb128 0xc
 757 0563 98050000 		.4byte	.LASF85
 758 0567 0A       		.byte	0xa
 759 0568 AA       		.byte	0xaa
 760 0569 1E       		.byte	0x1e
 761 056a B5030000 		.4byte	0x3b5
 762 056e 00       		.byte	0
 763 056f 00       		.byte	0
 764 0570 13       		.uleb128 0x13
 765 0571 08       		.byte	0x8
 766 0572 0A       		.byte	0xa
 767 0573 AF       		.byte	0xaf
 768 0574 0C       		.byte	0xc
 769 0575 94050000 		.4byte	0x594
 770 0579 0B       		.uleb128 0xb
 771 057a 75703100 		.ascii	"up1\000"
 772 057e 0A       		.byte	0xa
 773 057f B3       		.byte	0xb3
 774 0580 1E       		.byte	0x1e
 775 0581 1F060000 		.4byte	0x61f
 776 0585 00       		.byte	0
 777 0586 0B       		.uleb128 0xb
 778 0587 75703200 		.ascii	"up2\000"
 779 058b 0A       		.byte	0xa
 780 058c B7       		.byte	0xb7
 781 058d 1E       		.byte	0x1e
 782 058e 1F060000 		.4byte	0x61f
 783 0592 04       		.byte	0x4
 784 0593 00       		.byte	0
 785 0594 14       		.uleb128 0x14
 786 0595 737700   		.ascii	"sw\000"
 787 0598 0A       		.byte	0xa
 788 0599 8C       		.byte	0x8c
 789 059a 07       		.byte	0x7
 790 059b FB040000 		.4byte	0x4fb
 791 059f 14       		.uleb128 0x14
 792 05a0 72647900 		.ascii	"rdy\000"
 793 05a4 0A       		.byte	0xa
 794 05a5 99       		.byte	0x99
 795 05a6 07       		.byte	0x7
 796 05a7 1F050000 		.4byte	0x51f
 797 05ab 14       		.uleb128 0x14
 798 05ac 69737200 		.ascii	"isr\000"
ARM GAS  /tmp/ccAatBS2.s 			page 15


 799 05b0 0A       		.byte	0xa
 800 05b1 A2       		.byte	0xa2
 801 05b2 07       		.byte	0x7
 802 05b3 42050000 		.4byte	0x542
 803 05b7 09       		.uleb128 0x9
 804 05b8 9F000000 		.4byte	.LASF86
 805 05bc 0A       		.byte	0xa
 806 05bd AB       		.byte	0xab
 807 05be 07       		.byte	0x7
 808 05bf 59050000 		.4byte	0x559
 809 05c3 09       		.uleb128 0x9
 810 05c4 15050000 		.4byte	.LASF87
 811 05c8 0A       		.byte	0xa
 812 05c9 B8       		.byte	0xb8
 813 05ca 07       		.byte	0x7
 814 05cb 70050000 		.4byte	0x570
 815 05cf 00       		.byte	0
 816 05d0 15       		.uleb128 0x15
 817 05d1 84000000 		.4byte	.LASF88
 818 05d5 0A       		.byte	0xa
 819 05d6 70       		.byte	0x70
 820 05d7 19       		.byte	0x19
 821 05d8 9D000000 		.4byte	0x9d
 822 05dc 04       		.byte	0x4
 823 05dd 03       		.byte	0x3
 824 05de 1D       		.byte	0x1d
 825 05df 00       		.byte	0
 826 05e0 15       		.uleb128 0x15
 827 05e1 4A010000 		.4byte	.LASF43
 828 05e5 0A       		.byte	0xa
 829 05e6 74       		.byte	0x74
 830 05e7 19       		.byte	0x19
 831 05e8 9D000000 		.4byte	0x9d
 832 05ec 04       		.byte	0x4
 833 05ed 05       		.byte	0x5
 834 05ee 18       		.byte	0x18
 835 05ef 00       		.byte	0
 836 05f0 15       		.uleb128 0x15
 837 05f1 3D030000 		.4byte	.LASF89
 838 05f5 0A       		.byte	0xa
 839 05f6 7A       		.byte	0x7a
 840 05f7 19       		.byte	0x19
 841 05f8 9D000000 		.4byte	0x9d
 842 05fc 04       		.byte	0x4
 843 05fd 18       		.byte	0x18
 844 05fe 00       		.byte	0
 845 05ff 00       		.byte	0
 846 0600 0C       		.uleb128 0xc
 847 0601 E4040000 		.4byte	.LASF90
 848 0605 0A       		.byte	0xa
 849 0606 7E       		.byte	0x7e
 850 0607 19       		.byte	0x19
 851 0608 D8030000 		.4byte	0x3d8
 852 060c 04       		.byte	0x4
 853 060d 0B       		.uleb128 0xb
 854 060e 7500     		.ascii	"u\000"
 855 0610 0A       		.byte	0xa
ARM GAS  /tmp/ccAatBS2.s 			page 16


 856 0611 B9       		.byte	0xb9
 857 0612 05       		.byte	0x5
 858 0613 F2040000 		.4byte	0x4f2
 859 0617 08       		.byte	0x8
 860 0618 00       		.byte	0
 861 0619 10       		.uleb128 0x10
 862 061a 04       		.byte	0x4
 863 061b 40010000 		.4byte	0x140
 864 061f 16       		.uleb128 0x16
 865 0620 04       		.byte	0x4
 866 0621 03       		.uleb128 0x3
 867 0622 89000000 		.4byte	.LASF91
 868 0626 0A       		.byte	0xa
 869 0627 BA       		.byte	0xba
 870 0628 03       		.byte	0x3
 871 0629 E5040000 		.4byte	0x4e5
 872 062d 17       		.uleb128 0x17
 873 062e 0808     		.2byte	0x808
 874 0630 0A       		.byte	0xa
 875 0631 C0       		.byte	0xc0
 876 0632 10       		.byte	0x10
 877 0633 A1020000 		.4byte	.LASF153
 878 0637 70060000 		.4byte	0x670
 879 063b 0C       		.uleb128 0xc
 880 063c 8F040000 		.4byte	.LASF92
 881 0640 0A       		.byte	0xa
 882 0641 C4       		.byte	0xc4
 883 0642 19       		.byte	0x19
 884 0643 8A000000 		.4byte	0x8a
 885 0647 00       		.byte	0
 886 0648 0C       		.uleb128 0xc
 887 0649 7F020000 		.4byte	.LASF93
 888 064d 0A       		.byte	0xa
 889 064e C8       		.byte	0xc8
 890 064f 19       		.byte	0x19
 891 0650 8A000000 		.4byte	0x8a
 892 0654 02       		.byte	0x2
 893 0655 0B       		.uleb128 0xb
 894 0656 70747200 		.ascii	"ptr\000"
 895 065a 0A       		.byte	0xa
 896 065b CC       		.byte	0xcc
 897 065c 1A       		.byte	0x1a
 898 065d 70060000 		.4byte	0x670
 899 0661 04       		.byte	0x4
 900 0662 0C       		.uleb128 0xc
 901 0663 2F060000 		.4byte	.LASF94
 902 0667 0A       		.byte	0xa
 903 0668 D0       		.byte	0xd0
 904 0669 19       		.byte	0x19
 905 066a 76060000 		.4byte	0x676
 906 066e 08       		.byte	0x8
 907 066f 00       		.byte	0
 908 0670 10       		.uleb128 0x10
 909 0671 04       		.byte	0x4
 910 0672 21060000 		.4byte	0x621
 911 0676 18       		.uleb128 0x18
 912 0677 21060000 		.4byte	0x621
ARM GAS  /tmp/ccAatBS2.s 			page 17


 913 067b 86060000 		.4byte	0x686
 914 067f 19       		.uleb128 0x19
 915 0680 30000000 		.4byte	0x30
 916 0684 7F       		.byte	0x7f
 917 0685 00       		.byte	0
 918 0686 03       		.uleb128 0x3
 919 0687 80010000 		.4byte	.LASF95
 920 068b 0A       		.byte	0xa
 921 068c D1       		.byte	0xd1
 922 068d 03       		.byte	0x3
 923 068e 2D060000 		.4byte	0x62d
 924 0692 18       		.uleb128 0x18
 925 0693 9D000000 		.4byte	0x9d
 926 0697 A2060000 		.4byte	0x6a2
 927 069b 19       		.uleb128 0x19
 928 069c 30000000 		.4byte	0x30
 929 06a0 01       		.byte	0x1
 930 06a1 00       		.byte	0
 931 06a2 18       		.uleb128 0x18
 932 06a3 9D000000 		.4byte	0x9d
 933 06a7 B2060000 		.4byte	0x6b2
 934 06ab 19       		.uleb128 0x19
 935 06ac 30000000 		.4byte	0x30
 936 06b0 0F       		.byte	0xf
 937 06b1 00       		.byte	0
 938 06b2 1A       		.uleb128 0x1a
 939 06b3 07       		.byte	0x7
 940 06b4 01       		.byte	0x1
 941 06b5 83000000 		.4byte	0x83
 942 06b9 0B       		.byte	0xb
 943 06ba B4       		.byte	0xb4
 944 06bb 01       		.byte	0x1
 945 06bc 34000000 		.4byte	.LASF98
 946 06c0 D1060000 		.4byte	0x6d1
 947 06c4 1B       		.uleb128 0x1b
 948 06c5 1A050000 		.4byte	.LASF96
 949 06c9 00       		.byte	0
 950 06ca 1C       		.uleb128 0x1c
 951 06cb 53455400 		.ascii	"SET\000"
 952 06cf 01       		.byte	0x1
 953 06d0 00       		.byte	0
 954 06d1 03       		.uleb128 0x3
 955 06d2 46000000 		.4byte	.LASF97
 956 06d6 0B       		.byte	0xb
 957 06d7 B7       		.byte	0xb7
 958 06d8 03       		.byte	0x3
 959 06d9 B2060000 		.4byte	0x6b2
 960 06dd 1A       		.uleb128 0x1a
 961 06de 07       		.byte	0x7
 962 06df 01       		.byte	0x1
 963 06e0 83000000 		.4byte	0x83
 964 06e4 0B       		.byte	0xb
 965 06e5 BA       		.byte	0xba
 966 06e6 01       		.byte	0x1
 967 06e7 72050000 		.4byte	.LASF99
 968 06eb FC060000 		.4byte	0x6fc
 969 06ef 1B       		.uleb128 0x1b
ARM GAS  /tmp/ccAatBS2.s 			page 18


 970 06f0 97000000 		.4byte	.LASF100
 971 06f4 00       		.byte	0
 972 06f5 1B       		.uleb128 0x1b
 973 06f6 59010000 		.4byte	.LASF101
 974 06fa 01       		.byte	0x1
 975 06fb 00       		.byte	0
 976 06fc 03       		.uleb128 0x3
 977 06fd C5040000 		.4byte	.LASF102
 978 0701 0B       		.byte	0xb
 979 0702 BD       		.byte	0xbd
 980 0703 03       		.byte	0x3
 981 0704 DD060000 		.4byte	0x6dd
 982 0708 1A       		.uleb128 0x1a
 983 0709 07       		.byte	0x7
 984 070a 01       		.byte	0x1
 985 070b 83000000 		.4byte	0x83
 986 070f 0B       		.byte	0xb
 987 0710 C1       		.byte	0xc1
 988 0711 01       		.byte	0x1
 989 0712 0D000000 		.4byte	.LASF103
 990 0716 27070000 		.4byte	0x727
 991 071a 1B       		.uleb128 0x1b
 992 071b E6060000 		.4byte	.LASF104
 993 071f 00       		.byte	0
 994 0720 1B       		.uleb128 0x1b
 995 0721 79040000 		.4byte	.LASF105
 996 0725 01       		.byte	0x1
 997 0726 00       		.byte	0
 998 0727 03       		.uleb128 0x3
 999 0728 A9010000 		.4byte	.LASF106
 1000 072c 0B       		.byte	0xb
 1001 072d C4       		.byte	0xc4
 1002 072e 03       		.byte	0x3
 1003 072f 08070000 		.4byte	0x708
 1004 0733 1D       		.uleb128 0x1d
 1005 0734 56000000 		.4byte	.LASF107
 1006 0738 64       		.byte	0x64
 1007 0739 0C       		.byte	0xc
 1008 073a E001     		.2byte	0x1e0
 1009 073c 08       		.byte	0x8
 1010 073d 99080000 		.4byte	0x899
 1011 0741 0D       		.uleb128 0xd
 1012 0742 73313600 		.ascii	"s16\000"
 1013 0746 0C       		.byte	0xc
 1014 0747 E801     		.2byte	0x1e8
 1015 0749 11       		.byte	0x11
 1016 074a 9D000000 		.4byte	0x9d
 1017 074e 00       		.byte	0
 1018 074f 0D       		.uleb128 0xd
 1019 0750 73313700 		.ascii	"s17\000"
 1020 0754 0C       		.byte	0xc
 1021 0755 E901     		.2byte	0x1e9
 1022 0757 11       		.byte	0x11
 1023 0758 9D000000 		.4byte	0x9d
 1024 075c 04       		.byte	0x4
 1025 075d 0D       		.uleb128 0xd
 1026 075e 73313800 		.ascii	"s18\000"
ARM GAS  /tmp/ccAatBS2.s 			page 19


 1027 0762 0C       		.byte	0xc
 1028 0763 EA01     		.2byte	0x1ea
 1029 0765 11       		.byte	0x11
 1030 0766 9D000000 		.4byte	0x9d
 1031 076a 08       		.byte	0x8
 1032 076b 0D       		.uleb128 0xd
 1033 076c 73313900 		.ascii	"s19\000"
 1034 0770 0C       		.byte	0xc
 1035 0771 EB01     		.2byte	0x1eb
 1036 0773 11       		.byte	0x11
 1037 0774 9D000000 		.4byte	0x9d
 1038 0778 0C       		.byte	0xc
 1039 0779 0D       		.uleb128 0xd
 1040 077a 73323000 		.ascii	"s20\000"
 1041 077e 0C       		.byte	0xc
 1042 077f EC01     		.2byte	0x1ec
 1043 0781 11       		.byte	0x11
 1044 0782 9D000000 		.4byte	0x9d
 1045 0786 10       		.byte	0x10
 1046 0787 0D       		.uleb128 0xd
 1047 0788 73323100 		.ascii	"s21\000"
 1048 078c 0C       		.byte	0xc
 1049 078d ED01     		.2byte	0x1ed
 1050 078f 11       		.byte	0x11
 1051 0790 9D000000 		.4byte	0x9d
 1052 0794 14       		.byte	0x14
 1053 0795 0D       		.uleb128 0xd
 1054 0796 73323200 		.ascii	"s22\000"
 1055 079a 0C       		.byte	0xc
 1056 079b EE01     		.2byte	0x1ee
 1057 079d 11       		.byte	0x11
 1058 079e 9D000000 		.4byte	0x9d
 1059 07a2 18       		.byte	0x18
 1060 07a3 0D       		.uleb128 0xd
 1061 07a4 73323300 		.ascii	"s23\000"
 1062 07a8 0C       		.byte	0xc
 1063 07a9 EF01     		.2byte	0x1ef
 1064 07ab 11       		.byte	0x11
 1065 07ac 9D000000 		.4byte	0x9d
 1066 07b0 1C       		.byte	0x1c
 1067 07b1 0D       		.uleb128 0xd
 1068 07b2 73323400 		.ascii	"s24\000"
 1069 07b6 0C       		.byte	0xc
 1070 07b7 F001     		.2byte	0x1f0
 1071 07b9 11       		.byte	0x11
 1072 07ba 9D000000 		.4byte	0x9d
 1073 07be 20       		.byte	0x20
 1074 07bf 0D       		.uleb128 0xd
 1075 07c0 73323500 		.ascii	"s25\000"
 1076 07c4 0C       		.byte	0xc
 1077 07c5 F101     		.2byte	0x1f1
 1078 07c7 11       		.byte	0x11
 1079 07c8 9D000000 		.4byte	0x9d
 1080 07cc 24       		.byte	0x24
 1081 07cd 0D       		.uleb128 0xd
 1082 07ce 73323600 		.ascii	"s26\000"
 1083 07d2 0C       		.byte	0xc
ARM GAS  /tmp/ccAatBS2.s 			page 20


 1084 07d3 F201     		.2byte	0x1f2
 1085 07d5 11       		.byte	0x11
 1086 07d6 9D000000 		.4byte	0x9d
 1087 07da 28       		.byte	0x28
 1088 07db 0D       		.uleb128 0xd
 1089 07dc 73323700 		.ascii	"s27\000"
 1090 07e0 0C       		.byte	0xc
 1091 07e1 F301     		.2byte	0x1f3
 1092 07e3 11       		.byte	0x11
 1093 07e4 9D000000 		.4byte	0x9d
 1094 07e8 2C       		.byte	0x2c
 1095 07e9 0D       		.uleb128 0xd
 1096 07ea 73323800 		.ascii	"s28\000"
 1097 07ee 0C       		.byte	0xc
 1098 07ef F401     		.2byte	0x1f4
 1099 07f1 11       		.byte	0x11
 1100 07f2 9D000000 		.4byte	0x9d
 1101 07f6 30       		.byte	0x30
 1102 07f7 0D       		.uleb128 0xd
 1103 07f8 73323900 		.ascii	"s29\000"
 1104 07fc 0C       		.byte	0xc
 1105 07fd F501     		.2byte	0x1f5
 1106 07ff 11       		.byte	0x11
 1107 0800 9D000000 		.4byte	0x9d
 1108 0804 34       		.byte	0x34
 1109 0805 0D       		.uleb128 0xd
 1110 0806 73333000 		.ascii	"s30\000"
 1111 080a 0C       		.byte	0xc
 1112 080b F601     		.2byte	0x1f6
 1113 080d 11       		.byte	0x11
 1114 080e 9D000000 		.4byte	0x9d
 1115 0812 38       		.byte	0x38
 1116 0813 0D       		.uleb128 0xd
 1117 0814 73333100 		.ascii	"s31\000"
 1118 0818 0C       		.byte	0xc
 1119 0819 F701     		.2byte	0x1f7
 1120 081b 11       		.byte	0x11
 1121 081c 9D000000 		.4byte	0x9d
 1122 0820 3C       		.byte	0x3c
 1123 0821 0D       		.uleb128 0xd
 1124 0822 723400   		.ascii	"r4\000"
 1125 0825 0C       		.byte	0xc
 1126 0826 F901     		.2byte	0x1f9
 1127 0828 11       		.byte	0x11
 1128 0829 9D000000 		.4byte	0x9d
 1129 082d 40       		.byte	0x40
 1130 082e 0D       		.uleb128 0xd
 1131 082f 723500   		.ascii	"r5\000"
 1132 0832 0C       		.byte	0xc
 1133 0833 FA01     		.2byte	0x1fa
 1134 0835 11       		.byte	0x11
 1135 0836 9D000000 		.4byte	0x9d
 1136 083a 44       		.byte	0x44
 1137 083b 0D       		.uleb128 0xd
 1138 083c 723600   		.ascii	"r6\000"
 1139 083f 0C       		.byte	0xc
 1140 0840 FB01     		.2byte	0x1fb
ARM GAS  /tmp/ccAatBS2.s 			page 21


 1141 0842 11       		.byte	0x11
 1142 0843 9D000000 		.4byte	0x9d
 1143 0847 48       		.byte	0x48
 1144 0848 0D       		.uleb128 0xd
 1145 0849 723700   		.ascii	"r7\000"
 1146 084c 0C       		.byte	0xc
 1147 084d FC01     		.2byte	0x1fc
 1148 084f 11       		.byte	0x11
 1149 0850 9D000000 		.4byte	0x9d
 1150 0854 4C       		.byte	0x4c
 1151 0855 0D       		.uleb128 0xd
 1152 0856 723800   		.ascii	"r8\000"
 1153 0859 0C       		.byte	0xc
 1154 085a FD01     		.2byte	0x1fd
 1155 085c 11       		.byte	0x11
 1156 085d 9D000000 		.4byte	0x9d
 1157 0861 50       		.byte	0x50
 1158 0862 0D       		.uleb128 0xd
 1159 0863 723900   		.ascii	"r9\000"
 1160 0866 0C       		.byte	0xc
 1161 0867 FE01     		.2byte	0x1fe
 1162 0869 11       		.byte	0x11
 1163 086a 9D000000 		.4byte	0x9d
 1164 086e 54       		.byte	0x54
 1165 086f 0D       		.uleb128 0xd
 1166 0870 72313000 		.ascii	"r10\000"
 1167 0874 0C       		.byte	0xc
 1168 0875 FF01     		.2byte	0x1ff
 1169 0877 11       		.byte	0x11
 1170 0878 9D000000 		.4byte	0x9d
 1171 087c 58       		.byte	0x58
 1172 087d 0D       		.uleb128 0xd
 1173 087e 72313100 		.ascii	"r11\000"
 1174 0882 0C       		.byte	0xc
 1175 0883 0002     		.2byte	0x200
 1176 0885 11       		.byte	0x11
 1177 0886 9D000000 		.4byte	0x9d
 1178 088a 5C       		.byte	0x5c
 1179 088b 0D       		.uleb128 0xd
 1180 088c 6C7200   		.ascii	"lr\000"
 1181 088f 0C       		.byte	0xc
 1182 0890 0102     		.2byte	0x201
 1183 0892 11       		.byte	0x11
 1184 0893 9D000000 		.4byte	0x9d
 1185 0897 60       		.byte	0x60
 1186 0898 00       		.byte	0
 1187 0899 1D       		.uleb128 0x1d
 1188 089a B8040000 		.4byte	.LASF108
 1189 089e 04       		.byte	0x4
 1190 089f 0C       		.byte	0xc
 1191 08a0 0A02     		.2byte	0x20a
 1192 08a2 08       		.byte	0x8
 1193 08a3 B5080000 		.4byte	0x8b5
 1194 08a7 0D       		.uleb128 0xd
 1195 08a8 737000   		.ascii	"sp\000"
 1196 08ab 0C       		.byte	0xc
 1197 08ac 0B02     		.2byte	0x20b
ARM GAS  /tmp/ccAatBS2.s 			page 22


 1198 08ae 1A       		.byte	0x1a
 1199 08af B5080000 		.4byte	0x8b5
 1200 08b3 00       		.byte	0
 1201 08b4 00       		.byte	0
 1202 08b5 10       		.uleb128 0x10
 1203 08b6 04       		.byte	0x4
 1204 08b7 33070000 		.4byte	0x733
 1205 08bb 07       		.uleb128 0x7
 1206 08bc 7C030000 		.4byte	.LASF109
 1207 08c0 18       		.byte	0x18
 1208 08c1 05       		.byte	0x5
 1209 08c2 64       		.byte	0x64
 1210 08c3 10       		.byte	0x10
 1211 08c4 F0080000 		.4byte	0x8f0
 1212 08c8 0C       		.uleb128 0xc
 1213 08c9 1F060000 		.4byte	.LASF110
 1214 08cd 05       		.byte	0x5
 1215 08ce 68       		.byte	0x68
 1216 08cf 21       		.byte	0x21
 1217 08d0 9E040000 		.4byte	0x49e
 1218 08d4 00       		.byte	0
 1219 08d5 0C       		.uleb128 0xc
 1220 08d6 C9060000 		.4byte	.LASF111
 1221 08da 05       		.byte	0x5
 1222 08db 73       		.byte	0x73
 1223 08dc 21       		.byte	0x21
 1224 08dd D8030000 		.4byte	0x3d8
 1225 08e1 0C       		.byte	0xc
 1226 08e2 0C       		.uleb128 0xc
 1227 08e3 45030000 		.4byte	.LASF112
 1228 08e7 05       		.byte	0x5
 1229 08e8 79       		.byte	0x79
 1230 08e9 21       		.byte	0x21
 1231 08ea BC000000 		.4byte	0xbc
 1232 08ee 10       		.byte	0x10
 1233 08ef 00       		.byte	0
 1234 08f0 03       		.uleb128 0x3
 1235 08f1 1C030000 		.4byte	.LASF113
 1236 08f5 05       		.byte	0x5
 1237 08f6 7B       		.byte	0x7b
 1238 08f7 03       		.byte	0x3
 1239 08f8 BB080000 		.4byte	0x8bb
 1240 08fc 07       		.uleb128 0x7
 1241 08fd 8F010000 		.4byte	.LASF114
 1242 0901 08       		.byte	0x8
 1243 0902 05       		.byte	0x5
 1244 0903 80       		.byte	0x80
 1245 0904 10       		.byte	0x10
 1246 0905 17090000 		.4byte	0x917
 1247 0909 0C       		.uleb128 0xc
 1248 090a 60020000 		.4byte	.LASF29
 1249 090e 05       		.byte	0x5
 1250 090f 84       		.byte	0x84
 1251 0910 21       		.byte	0x21
 1252 0911 1D040000 		.4byte	0x41d
 1253 0915 00       		.byte	0
 1254 0916 00       		.byte	0
ARM GAS  /tmp/ccAatBS2.s 			page 23


 1255 0917 03       		.uleb128 0x3
 1256 0918 AC050000 		.4byte	.LASF115
 1257 091c 05       		.byte	0x5
 1258 091d 85       		.byte	0x85
 1259 091e 03       		.byte	0x3
 1260 091f FC080000 		.4byte	0x8fc
 1261 0923 03       		.uleb128 0x3
 1262 0924 69030000 		.4byte	.LASF116
 1263 0928 05       		.byte	0x5
 1264 0929 8A       		.byte	0x8a
 1265 092a 14       		.byte	0x14
 1266 092b 19060000 		.4byte	0x619
 1267 092f 10       		.uleb128 0x10
 1268 0930 04       		.byte	0x4
 1269 0931 23090000 		.4byte	0x923
 1270 0935 07       		.uleb128 0x7
 1271 0936 9F050000 		.4byte	.LASF117
 1272 093a 0C       		.byte	0xc
 1273 093b 0D       		.byte	0xd
 1274 093c 34       		.byte	0x34
 1275 093d 10       		.byte	0x10
 1276 093e 5D090000 		.4byte	0x95d
 1277 0942 0C       		.uleb128 0xc
 1278 0943 60020000 		.4byte	.LASF29
 1279 0947 0D       		.byte	0xd
 1280 0948 35       		.byte	0x35
 1281 0949 19       		.byte	0x19
 1282 094a 1D040000 		.4byte	0x41d
 1283 094e 00       		.byte	0
 1284 094f 0B       		.uleb128 0xb
 1285 0950 636E7400 		.ascii	"cnt\000"
 1286 0954 0D       		.byte	0xd
 1287 0955 37       		.byte	0x37
 1288 0956 19       		.byte	0x19
 1289 0957 28010000 		.4byte	0x128
 1290 095b 08       		.byte	0x8
 1291 095c 00       		.byte	0
 1292 095d 10       		.uleb128 0x10
 1293 095e 04       		.byte	0x4
 1294 095f 35090000 		.4byte	0x935
 1295 0963 07       		.uleb128 0x7
 1296 0964 0F070000 		.4byte	.LASF118
 1297 0968 10       		.byte	0x10
 1298 0969 0E       		.byte	0xe
 1299 096a 39       		.byte	0x39
 1300 096b 08       		.byte	0x8
 1301 096c 98090000 		.4byte	0x998
 1302 0970 0C       		.uleb128 0xc
 1303 0971 60020000 		.4byte	.LASF29
 1304 0975 0E       		.byte	0xe
 1305 0976 3A       		.byte	0x3a
 1306 0977 19       		.byte	0x19
 1307 0978 1D040000 		.4byte	0x41d
 1308 097c 00       		.byte	0
 1309 097d 0C       		.uleb128 0xc
 1310 097e 69010000 		.4byte	.LASF40
 1311 0982 0E       		.byte	0xe
ARM GAS  /tmp/ccAatBS2.s 			page 24


 1312 0983 3C       		.byte	0x3c
 1313 0984 1A       		.byte	0x1a
 1314 0985 19060000 		.4byte	0x619
 1315 0989 08       		.byte	0x8
 1316 098a 0C       		.uleb128 0xc
 1317 098b D4000000 		.4byte	.LASF75
 1318 098f 0E       		.byte	0xe
 1319 0990 3E       		.byte	0x3e
 1320 0991 1A       		.byte	0x1a
 1321 0992 5B0A0000 		.4byte	0xa5b
 1322 0996 0C       		.byte	0xc
 1323 0997 00       		.byte	0
 1324 0998 10       		.uleb128 0x10
 1325 0999 04       		.byte	0x4
 1326 099a 63090000 		.4byte	0x963
 1327 099e 10       		.uleb128 0x10
 1328 099f 04       		.byte	0x4
 1329 09a0 CD020000 		.4byte	0x2cd
 1330 09a4 10       		.uleb128 0x10
 1331 09a5 04       		.byte	0x4
 1332 09a6 D4000000 		.4byte	0xd4
 1333 09aa 1D       		.uleb128 0x1d
 1334 09ab F0020000 		.4byte	.LASF119
 1335 09af 10       		.byte	0x10
 1336 09b0 05       		.byte	0x5
 1337 09b1 5C01     		.2byte	0x15c
 1338 09b3 10       		.byte	0x10
 1339 09b4 D5090000 		.4byte	0x9d5
 1340 09b8 0E       		.uleb128 0xe
 1341 09b9 54060000 		.4byte	.LASF30
 1342 09bd 05       		.byte	0x5
 1343 09be 6101     		.2byte	0x161
 1344 09c0 21       		.byte	0x21
 1345 09c1 57040000 		.4byte	0x457
 1346 09c5 00       		.byte	0
 1347 09c6 0E       		.uleb128 0xe
 1348 09c7 F6040000 		.4byte	.LASF120
 1349 09cb 05       		.byte	0x5
 1350 09cc 6501     		.2byte	0x165
 1351 09ce 22       		.byte	0x22
 1352 09cf 19060000 		.4byte	0x619
 1353 09d3 0C       		.byte	0xc
 1354 09d4 00       		.byte	0
 1355 09d5 1E       		.uleb128 0x1e
 1356 09d6 00000000 		.4byte	.LASF121
 1357 09da 05       		.byte	0x5
 1358 09db 6601     		.2byte	0x166
 1359 09dd 03       		.byte	0x3
 1360 09de AA090000 		.4byte	0x9aa
 1361 09e2 1D       		.uleb128 0x1d
 1362 09e3 A2040000 		.4byte	.LASF122
 1363 09e7 14       		.byte	0x14
 1364 09e8 05       		.byte	0x5
 1365 09e9 6B01     		.2byte	0x16b
 1366 09eb 10       		.byte	0x10
 1367 09ec 370A0000 		.4byte	0xa37
 1368 09f0 0E       		.uleb128 0xe
ARM GAS  /tmp/ccAatBS2.s 			page 25


 1369 09f1 5B020000 		.4byte	.LASF41
 1370 09f5 05       		.byte	0x5
 1371 09f6 6F01     		.2byte	0x16f
 1372 09f8 22       		.byte	0x22
 1373 09f9 B5030000 		.4byte	0x3b5
 1374 09fd 00       		.byte	0
 1375 09fe 0E       		.uleb128 0xe
 1376 09ff CB010000 		.4byte	.LASF123
 1377 0a03 05       		.byte	0x5
 1378 0a04 7501     		.2byte	0x175
 1379 0a06 22       		.byte	0x22
 1380 0a07 A4090000 		.4byte	0x9a4
 1381 0a0b 04       		.byte	0x4
 1382 0a0c 0E       		.uleb128 0xe
 1383 0a0d B3060000 		.4byte	.LASF124
 1384 0a11 05       		.byte	0x5
 1385 0a12 7901     		.2byte	0x179
 1386 0a14 22       		.byte	0x22
 1387 0a15 A4090000 		.4byte	0x9a4
 1388 0a19 08       		.byte	0x8
 1389 0a1a 0E       		.uleb128 0xe
 1390 0a1b 0D020000 		.4byte	.LASF125
 1391 0a1f 05       		.byte	0x5
 1392 0a20 7F01     		.2byte	0x17f
 1393 0a22 22       		.byte	0x22
 1394 0a23 A4090000 		.4byte	0x9a4
 1395 0a27 0C       		.byte	0xc
 1396 0a28 0E       		.uleb128 0xe
 1397 0a29 41070000 		.4byte	.LASF126
 1398 0a2d 05       		.byte	0x5
 1399 0a2e 8301     		.2byte	0x183
 1400 0a30 22       		.byte	0x22
 1401 0a31 A4090000 		.4byte	0x9a4
 1402 0a35 10       		.byte	0x10
 1403 0a36 00       		.byte	0
 1404 0a37 1E       		.uleb128 0x1e
 1405 0a38 FA050000 		.4byte	.LASF127
 1406 0a3c 05       		.byte	0x5
 1407 0a3d 8501     		.2byte	0x185
 1408 0a3f 03       		.byte	0x3
 1409 0a40 E2090000 		.4byte	0x9e2
 1410 0a44 11       		.uleb128 0x11
 1411 0a45 370A0000 		.4byte	0xa37
 1412 0a49 10       		.uleb128 0x10
 1413 0a4a 04       		.byte	0x4
 1414 0a4b 440A0000 		.4byte	0xa44
 1415 0a4f 03       		.uleb128 0x3
 1416 0a50 DB010000 		.4byte	.LASF128
 1417 0a54 0E       		.byte	0xe
 1418 0a55 34       		.byte	0x34
 1419 0a56 19       		.byte	0x19
 1420 0a57 63090000 		.4byte	0x963
 1421 0a5b 10       		.uleb128 0x10
 1422 0a5c 04       		.byte	0x4
 1423 0a5d 4F0A0000 		.4byte	0xa4f
 1424 0a61 04       		.uleb128 0x4
 1425 0a62 01       		.byte	0x1
ARM GAS  /tmp/ccAatBS2.s 			page 26


 1426 0a63 02       		.byte	0x2
 1427 0a64 EB020000 		.4byte	.LASF129
 1428 0a68 18       		.uleb128 0x18
 1429 0a69 77000000 		.4byte	0x77
 1430 0a6d 780A0000 		.4byte	0xa78
 1431 0a71 19       		.uleb128 0x19
 1432 0a72 30000000 		.4byte	0x30
 1433 0a76 3F       		.byte	0x3f
 1434 0a77 00       		.byte	0
 1435 0a78 18       		.uleb128 0x18
 1436 0a79 8A000000 		.4byte	0x8a
 1437 0a7d 880A0000 		.4byte	0xa88
 1438 0a81 19       		.uleb128 0x19
 1439 0a82 30000000 		.4byte	0x30
 1440 0a86 1F       		.byte	0x1f
 1441 0a87 00       		.byte	0
 1442 0a88 12       		.uleb128 0x12
 1443 0a89 48       		.byte	0x48
 1444 0a8a 0F       		.byte	0xf
 1445 0a8b E1       		.byte	0xe1
 1446 0a8c 10       		.byte	0x10
 1447 0a8d B8020000 		.4byte	.LASF131
 1448 0a91 2B0C0000 		.4byte	0xc2b
 1449 0a95 08       		.uleb128 0x8
 1450 0a96 08       		.byte	0x8
 1451 0a97 0F       		.byte	0xf
 1452 0a98 E5       		.byte	0xe5
 1453 0a99 09       		.byte	0x9
 1454 0a9a EC0B0000 		.4byte	0xbec
 1455 0a9e 13       		.uleb128 0x13
 1456 0a9f 08       		.byte	0x8
 1457 0aa0 0F       		.byte	0xf
 1458 0aa1 E6       		.byte	0xe6
 1459 0aa2 0C       		.byte	0xc
 1460 0aa3 DA0B0000 		.4byte	0xbda
 1461 0aa7 08       		.uleb128 0x8
 1462 0aa8 04       		.byte	0x4
 1463 0aa9 0F       		.byte	0xf
 1464 0aaa E7       		.byte	0xe7
 1465 0aab 0D       		.byte	0xd
 1466 0aac 630B0000 		.4byte	0xb63
 1467 0ab0 13       		.uleb128 0x13
 1468 0ab1 04       		.byte	0x4
 1469 0ab2 0F       		.byte	0xf
 1470 0ab3 E8       		.byte	0xe8
 1471 0ab4 10       		.byte	0x10
 1472 0ab5 CA0A0000 		.4byte	0xaca
 1473 0ab9 1F       		.uleb128 0x1f
 1474 0aba 45494400 		.ascii	"EID\000"
 1475 0abe 0F       		.byte	0xf
 1476 0abf E9       		.byte	0xe9
 1477 0ac0 1D       		.byte	0x1d
 1478 0ac1 9D000000 		.4byte	0x9d
 1479 0ac5 04       		.byte	0x4
 1480 0ac6 1D       		.byte	0x1d
 1481 0ac7 03       		.byte	0x3
 1482 0ac8 00       		.byte	0
ARM GAS  /tmp/ccAatBS2.s 			page 27


 1483 0ac9 00       		.byte	0
 1484 0aca 13       		.uleb128 0x13
 1485 0acb 04       		.byte	0x4
 1486 0acc 0F       		.byte	0xf
 1487 0acd EB       		.byte	0xeb
 1488 0ace 10       		.byte	0x10
 1489 0acf F40A0000 		.4byte	0xaf4
 1490 0ad3 1F       		.uleb128 0x1f
 1491 0ad4 5F523100 		.ascii	"_R1\000"
 1492 0ad8 0F       		.byte	0xf
 1493 0ad9 EC       		.byte	0xec
 1494 0ada 1D       		.byte	0x1d
 1495 0adb 9D000000 		.4byte	0x9d
 1496 0adf 04       		.byte	0x4
 1497 0ae0 12       		.byte	0x12
 1498 0ae1 0E       		.byte	0xe
 1499 0ae2 00       		.byte	0
 1500 0ae3 1F       		.uleb128 0x1f
 1501 0ae4 53494400 		.ascii	"SID\000"
 1502 0ae8 0F       		.byte	0xf
 1503 0ae9 ED       		.byte	0xed
 1504 0aea 1D       		.byte	0x1d
 1505 0aeb 9D000000 		.4byte	0x9d
 1506 0aef 04       		.byte	0x4
 1507 0af0 0B       		.byte	0xb
 1508 0af1 03       		.byte	0x3
 1509 0af2 00       		.byte	0
 1510 0af3 00       		.byte	0
 1511 0af4 13       		.uleb128 0x13
 1512 0af5 04       		.byte	0x4
 1513 0af6 0F       		.byte	0xf
 1514 0af7 EF       		.byte	0xef
 1515 0af8 10       		.byte	0x10
 1516 0af9 3E0B0000 		.4byte	0xb3e
 1517 0afd 1F       		.uleb128 0x1f
 1518 0afe 5F523100 		.ascii	"_R1\000"
 1519 0b02 0F       		.byte	0xf
 1520 0b03 F0       		.byte	0xf0
 1521 0b04 1D       		.byte	0x1d
 1522 0b05 9D000000 		.4byte	0x9d
 1523 0b09 04       		.byte	0x4
 1524 0b0a 1D       		.byte	0x1d
 1525 0b0b 03       		.byte	0x3
 1526 0b0c 00       		.byte	0
 1527 0b0d 1F       		.uleb128 0x1f
 1528 0b0e 52545200 		.ascii	"RTR\000"
 1529 0b12 0F       		.byte	0xf
 1530 0b13 F1       		.byte	0xf1
 1531 0b14 1D       		.byte	0x1d
 1532 0b15 9D000000 		.4byte	0x9d
 1533 0b19 04       		.byte	0x4
 1534 0b1a 01       		.byte	0x1
 1535 0b1b 02       		.byte	0x2
 1536 0b1c 00       		.byte	0
 1537 0b1d 1F       		.uleb128 0x1f
 1538 0b1e 58544400 		.ascii	"XTD\000"
 1539 0b22 0F       		.byte	0xf
ARM GAS  /tmp/ccAatBS2.s 			page 28


 1540 0b23 F2       		.byte	0xf2
 1541 0b24 1D       		.byte	0x1d
 1542 0b25 9D000000 		.4byte	0x9d
 1543 0b29 04       		.byte	0x4
 1544 0b2a 01       		.byte	0x1
 1545 0b2b 01       		.byte	0x1
 1546 0b2c 00       		.byte	0
 1547 0b2d 1F       		.uleb128 0x1f
 1548 0b2e 45534900 		.ascii	"ESI\000"
 1549 0b32 0F       		.byte	0xf
 1550 0b33 F3       		.byte	0xf3
 1551 0b34 1D       		.byte	0x1d
 1552 0b35 9D000000 		.4byte	0x9d
 1553 0b39 04       		.byte	0x4
 1554 0b3a 01       		.byte	0x1
 1555 0b3b 00       		.byte	0
 1556 0b3c 00       		.byte	0
 1557 0b3d 00       		.byte	0
 1558 0b3e 14       		.uleb128 0x14
 1559 0b3f 65787400 		.ascii	"ext\000"
 1560 0b43 0F       		.byte	0xf
 1561 0b44 EA       		.byte	0xea
 1562 0b45 0B       		.byte	0xb
 1563 0b46 B00A0000 		.4byte	0xab0
 1564 0b4a 14       		.uleb128 0x14
 1565 0b4b 73746400 		.ascii	"std\000"
 1566 0b4f 0F       		.byte	0xf
 1567 0b50 EE       		.byte	0xee
 1568 0b51 0B       		.byte	0xb
 1569 0b52 CA0A0000 		.4byte	0xaca
 1570 0b56 09       		.uleb128 0x9
 1571 0b57 CE020000 		.4byte	.LASF132
 1572 0b5b 0F       		.byte	0xf
 1573 0b5c F4       		.byte	0xf4
 1574 0b5d 0B       		.byte	0xb
 1575 0b5e F40A0000 		.4byte	0xaf4
 1576 0b62 00       		.byte	0
 1577 0b63 20       		.uleb128 0x20
 1578 0b64 A70A0000 		.4byte	0xaa7
 1579 0b68 00       		.byte	0
 1580 0b69 15       		.uleb128 0x15
 1581 0b6a DD050000 		.4byte	.LASF133
 1582 0b6e 0F       		.byte	0xf
 1583 0b6f F6       		.byte	0xf6
 1584 0b70 1D       		.byte	0x1d
 1585 0b71 9D000000 		.4byte	0x9d
 1586 0b75 04       		.byte	0x4
 1587 0b76 10       		.byte	0x10
 1588 0b77 10       		.byte	0x10
 1589 0b78 04       		.byte	0x4
 1590 0b79 1F       		.uleb128 0x1f
 1591 0b7a 444C4300 		.ascii	"DLC\000"
 1592 0b7e 0F       		.byte	0xf
 1593 0b7f F7       		.byte	0xf7
 1594 0b80 1D       		.byte	0x1d
 1595 0b81 9D000000 		.4byte	0x9d
 1596 0b85 04       		.byte	0x4
ARM GAS  /tmp/ccAatBS2.s 			page 29


 1597 0b86 04       		.byte	0x4
 1598 0b87 0C       		.byte	0xc
 1599 0b88 04       		.byte	0x4
 1600 0b89 1F       		.uleb128 0x1f
 1601 0b8a 42525300 		.ascii	"BRS\000"
 1602 0b8e 0F       		.byte	0xf
 1603 0b8f F8       		.byte	0xf8
 1604 0b90 1D       		.byte	0x1d
 1605 0b91 9D000000 		.4byte	0x9d
 1606 0b95 04       		.byte	0x4
 1607 0b96 01       		.byte	0x1
 1608 0b97 0B       		.byte	0xb
 1609 0b98 04       		.byte	0x4
 1610 0b99 1F       		.uleb128 0x1f
 1611 0b9a 46444600 		.ascii	"FDF\000"
 1612 0b9e 0F       		.byte	0xf
 1613 0b9f F9       		.byte	0xf9
 1614 0ba0 1D       		.byte	0x1d
 1615 0ba1 9D000000 		.4byte	0x9d
 1616 0ba5 04       		.byte	0x4
 1617 0ba6 01       		.byte	0x1
 1618 0ba7 0A       		.byte	0xa
 1619 0ba8 04       		.byte	0x4
 1620 0ba9 1F       		.uleb128 0x1f
 1621 0baa 5F523200 		.ascii	"_R2\000"
 1622 0bae 0F       		.byte	0xf
 1623 0baf FA       		.byte	0xfa
 1624 0bb0 1D       		.byte	0x1d
 1625 0bb1 9D000000 		.4byte	0x9d
 1626 0bb5 04       		.byte	0x4
 1627 0bb6 02       		.byte	0x2
 1628 0bb7 08       		.byte	0x8
 1629 0bb8 04       		.byte	0x4
 1630 0bb9 15       		.uleb128 0x15
 1631 0bba 8B050000 		.4byte	.LASF134
 1632 0bbe 0F       		.byte	0xf
 1633 0bbf FB       		.byte	0xfb
 1634 0bc0 1D       		.byte	0x1d
 1635 0bc1 9D000000 		.4byte	0x9d
 1636 0bc5 04       		.byte	0x4
 1637 0bc6 07       		.byte	0x7
 1638 0bc7 01       		.byte	0x1
 1639 0bc8 04       		.byte	0x4
 1640 0bc9 15       		.uleb128 0x15
 1641 0bca 4F030000 		.4byte	.LASF135
 1642 0bce 0F       		.byte	0xf
 1643 0bcf FC       		.byte	0xfc
 1644 0bd0 1D       		.byte	0x1d
 1645 0bd1 9D000000 		.4byte	0x9d
 1646 0bd5 04       		.byte	0x4
 1647 0bd6 01       		.byte	0x1
 1648 0bd7 00       		.byte	0
 1649 0bd8 04       		.byte	0x4
 1650 0bd9 00       		.byte	0
 1651 0bda 21       		.uleb128 0x21
 1652 0bdb 9E0A0000 		.4byte	0xa9e
 1653 0bdf 09       		.uleb128 0x9
ARM GAS  /tmp/ccAatBS2.s 			page 30


 1654 0be0 41010000 		.4byte	.LASF136
 1655 0be4 0F       		.byte	0xf
 1656 0be5 FF       		.byte	0xff
 1657 0be6 1D       		.byte	0x1d
 1658 0be7 92060000 		.4byte	0x692
 1659 0beb 00       		.byte	0
 1660 0bec 22       		.uleb128 0x22
 1661 0bed 40       		.byte	0x40
 1662 0bee 0F       		.byte	0xf
 1663 0bef 0401     		.2byte	0x104
 1664 0bf1 09       		.byte	0x9
 1665 0bf2 1E0C0000 		.4byte	0xc1e
 1666 0bf6 0A       		.uleb128 0xa
 1667 0bf7 89040000 		.4byte	.LASF137
 1668 0bfb 0F       		.byte	0xf
 1669 0bfc 0501     		.2byte	0x105
 1670 0bfe 1D       		.byte	0x1d
 1671 0bff 680A0000 		.4byte	0xa68
 1672 0c03 0A       		.uleb128 0xa
 1673 0c04 C2060000 		.4byte	.LASF138
 1674 0c08 0F       		.byte	0xf
 1675 0c09 0601     		.2byte	0x106
 1676 0c0b 1D       		.byte	0x1d
 1677 0c0c 780A0000 		.4byte	0xa78
 1678 0c10 0A       		.uleb128 0xa
 1679 0c11 CD000000 		.4byte	.LASF139
 1680 0c15 0F       		.byte	0xf
 1681 0c16 0701     		.2byte	0x107
 1682 0c18 1D       		.byte	0x1d
 1683 0c19 A2060000 		.4byte	0x6a2
 1684 0c1d 00       		.byte	0
 1685 0c1e 20       		.uleb128 0x20
 1686 0c1f 950A0000 		.4byte	0xa95
 1687 0c23 00       		.byte	0
 1688 0c24 20       		.uleb128 0x20
 1689 0c25 EC0B0000 		.4byte	0xbec
 1690 0c29 08       		.byte	0x8
 1691 0c2a 00       		.byte	0
 1692 0c2b 1E       		.uleb128 0x1e
 1693 0c2c 22000000 		.4byte	.LASF140
 1694 0c30 0F       		.byte	0xf
 1695 0c31 0901     		.2byte	0x109
 1696 0c33 03       		.byte	0x3
 1697 0c34 880A0000 		.4byte	0xa88
 1698 0c38 11       		.uleb128 0x11
 1699 0c39 2B0C0000 		.4byte	0xc2b
 1700 0c3d 07       		.uleb128 0x7
 1701 0c3e DD020000 		.4byte	.LASF141
 1702 0c42 0A       		.byte	0xa
 1703 0c43 10       		.byte	0x10
 1704 0c44 0A       		.byte	0xa
 1705 0c45 08       		.byte	0x8
 1706 0c46 650C0000 		.4byte	0xc65
 1707 0c4a 0B       		.uleb128 0xb
 1708 0c4b 76616C00 		.ascii	"val\000"
 1709 0c4f 10       		.byte	0x10
 1710 0c50 0B       		.byte	0xb
ARM GAS  /tmp/ccAatBS2.s 			page 31


 1711 0c51 0D       		.byte	0xd
 1712 0c52 650C0000 		.4byte	0xc65
 1713 0c56 00       		.byte	0
 1714 0c57 0C       		.uleb128 0xc
 1715 0c58 B7050000 		.4byte	.LASF142
 1716 0c5c 10       		.byte	0x10
 1717 0c5d 0C       		.byte	0xc
 1718 0c5e 0D       		.byte	0xd
 1719 0c5f 610A0000 		.4byte	0xa61
 1720 0c63 08       		.byte	0x8
 1721 0c64 00       		.byte	0
 1722 0c65 18       		.uleb128 0x18
 1723 0c66 51000000 		.4byte	0x51
 1724 0c6a 750C0000 		.4byte	0xc75
 1725 0c6e 19       		.uleb128 0x19
 1726 0c6f 30000000 		.4byte	0x30
 1727 0c73 03       		.byte	0x3
 1728 0c74 00       		.byte	0
 1729 0c75 23       		.uleb128 0x23
 1730 0c76 5B060000 		.4byte	.LASF143
 1731 0c7a 10       		.byte	0x10
 1732 0c7b 0F       		.byte	0xf
 1733 0c7c 16       		.byte	0x16
 1734 0c7d 4F0A0000 		.4byte	0xa4f
 1735 0c81 23       		.uleb128 0x23
 1736 0c82 B5010000 		.4byte	.LASF144
 1737 0c86 10       		.byte	0x10
 1738 0c87 10       		.byte	0x10
 1739 0c88 16       		.byte	0x16
 1740 0c89 3D0C0000 		.4byte	0xc3d
 1741 0c8d 1A       		.uleb128 0x1a
 1742 0c8e 07       		.byte	0x7
 1743 0c8f 01       		.byte	0x1
 1744 0c90 83000000 		.4byte	0x83
 1745 0c94 11       		.byte	0x11
 1746 0c95 12       		.byte	0x12
 1747 0c96 0E       		.byte	0xe
 1748 0c97 EE040000 		.4byte	.LASF145
 1749 0c9b AC0C0000 		.4byte	0xcac
 1750 0c9f 1B       		.uleb128 0x1b
 1751 0ca0 58050000 		.4byte	.LASF146
 1752 0ca4 00       		.byte	0
 1753 0ca5 1B       		.uleb128 0x1b
 1754 0ca6 62050000 		.4byte	.LASF147
 1755 0caa 01       		.byte	0x1
 1756 0cab 00       		.byte	0
 1757 0cac 03       		.uleb128 0x3
 1758 0cad FB000000 		.4byte	.LASF148
 1759 0cb1 11       		.byte	0x11
 1760 0cb2 12       		.byte	0x12
 1761 0cb3 2F       		.byte	0x2f
 1762 0cb4 8D0C0000 		.4byte	0xc8d
 1763 0cb8 24       		.uleb128 0x24
 1764 0cb9 04       		.byte	0x4
 1765 0cba 380C0000 		.4byte	0xc38
 1766 0cbe 25       		.uleb128 0x25
 1767 0cbf 750C0000 		.4byte	0xc75
ARM GAS  /tmp/ccAatBS2.s 			page 32


 1768 0cc3 12       		.byte	0x12
 1769 0cc4 04       		.byte	0x4
 1770 0cc5 0F       		.byte	0xf
 1771 0cc6 25       		.uleb128 0x25
 1772 0cc7 810C0000 		.4byte	0xc81
 1773 0ccb 12       		.byte	0x12
 1774 0ccc 05       		.byte	0x5
 1775 0ccd 0F       		.byte	0xf
 1776 0cce 26       		.uleb128 0x26
 1777 0ccf 80060000 		.4byte	.LASF154
 1778 0cd3 12       		.byte	0x12
 1779 0cd4 13       		.byte	0x13
 1780 0cd5 06       		.byte	0x6
 1781 0cd6 45020000 		.4byte	.LASF155
 1782 0cda 27       		.uleb128 0x27
 1783 0cdb 66020000 		.4byte	.LASF156
 1784 0cdf 12       		.byte	0x12
 1785 0ce0 07       		.byte	0x7
 1786 0ce1 0D       		.byte	0xd
 1787 0ce2 28       		.uleb128 0x28
 1788 0ce3 6600     		.ascii	"f\000"
 1789 0ce5 12       		.byte	0x12
 1790 0ce6 07       		.byte	0x7
 1791 0ce7 32       		.byte	0x32
 1792 0ce8 B80C0000 		.4byte	0xcb8
 1793 0cec 28       		.uleb128 0x28
 1794 0ced 63747800 		.ascii	"ctx\000"
 1795 0cf1 12       		.byte	0x12
 1796 0cf2 07       		.byte	0x7
 1797 0cf3 3B       		.byte	0x3b
 1798 0cf4 1F060000 		.4byte	0x61f
 1799 0cf8 00       		.byte	0
 1800 0cf9 00       		.byte	0
 1801              		.section	.gnu.debuglto_.debug_abbrev,"e",%progbits
 1802              	.Ldebug_abbrev0:
 1803 0000 01       		.uleb128 0x1
 1804 0001 11       		.uleb128 0x11
 1805 0002 01       		.byte	0x1
 1806 0003 25       		.uleb128 0x25
 1807 0004 0E       		.uleb128 0xe
 1808 0005 13       		.uleb128 0x13
 1809 0006 0B       		.uleb128 0xb
 1810 0007 03       		.uleb128 0x3
 1811 0008 0E       		.uleb128 0xe
 1812 0009 1B       		.uleb128 0x1b
 1813 000a 0E       		.uleb128 0xe
 1814 000b 10       		.uleb128 0x10
 1815 000c 17       		.uleb128 0x17
 1816 000d 00       		.byte	0
 1817 000e 00       		.byte	0
 1818 000f 02       		.uleb128 0x2
 1819 0010 24       		.uleb128 0x24
 1820 0011 00       		.byte	0
 1821 0012 0B       		.uleb128 0xb
 1822 0013 0B       		.uleb128 0xb
 1823 0014 3E       		.uleb128 0x3e
 1824 0015 0B       		.uleb128 0xb
ARM GAS  /tmp/ccAatBS2.s 			page 33


 1825 0016 03       		.uleb128 0x3
 1826 0017 08       		.uleb128 0x8
 1827 0018 00       		.byte	0
 1828 0019 00       		.byte	0
 1829 001a 03       		.uleb128 0x3
 1830 001b 16       		.uleb128 0x16
 1831 001c 00       		.byte	0
 1832 001d 03       		.uleb128 0x3
 1833 001e 0E       		.uleb128 0xe
 1834 001f 3A       		.uleb128 0x3a
 1835 0020 0B       		.uleb128 0xb
 1836 0021 3B       		.uleb128 0x3b
 1837 0022 0B       		.uleb128 0xb
 1838 0023 39       		.uleb128 0x39
 1839 0024 0B       		.uleb128 0xb
 1840 0025 49       		.uleb128 0x49
 1841 0026 13       		.uleb128 0x13
 1842 0027 00       		.byte	0
 1843 0028 00       		.byte	0
 1844 0029 04       		.uleb128 0x4
 1845 002a 24       		.uleb128 0x24
 1846 002b 00       		.byte	0
 1847 002c 0B       		.uleb128 0xb
 1848 002d 0B       		.uleb128 0xb
 1849 002e 3E       		.uleb128 0x3e
 1850 002f 0B       		.uleb128 0xb
 1851 0030 03       		.uleb128 0x3
 1852 0031 0E       		.uleb128 0xe
 1853 0032 00       		.byte	0
 1854 0033 00       		.byte	0
 1855 0034 05       		.uleb128 0x5
 1856 0035 3B       		.uleb128 0x3b
 1857 0036 00       		.byte	0
 1858 0037 03       		.uleb128 0x3
 1859 0038 0E       		.uleb128 0xe
 1860 0039 00       		.byte	0
 1861 003a 00       		.byte	0
 1862 003b 06       		.uleb128 0x6
 1863 003c 35       		.uleb128 0x35
 1864 003d 00       		.byte	0
 1865 003e 49       		.uleb128 0x49
 1866 003f 13       		.uleb128 0x13
 1867 0040 00       		.byte	0
 1868 0041 00       		.byte	0
 1869 0042 07       		.uleb128 0x7
 1870 0043 13       		.uleb128 0x13
 1871 0044 01       		.byte	0x1
 1872 0045 03       		.uleb128 0x3
 1873 0046 0E       		.uleb128 0xe
 1874 0047 0B       		.uleb128 0xb
 1875 0048 0B       		.uleb128 0xb
 1876 0049 3A       		.uleb128 0x3a
 1877 004a 0B       		.uleb128 0xb
 1878 004b 3B       		.uleb128 0x3b
 1879 004c 0B       		.uleb128 0xb
 1880 004d 39       		.uleb128 0x39
 1881 004e 0B       		.uleb128 0xb
ARM GAS  /tmp/ccAatBS2.s 			page 34


 1882 004f 01       		.uleb128 0x1
 1883 0050 13       		.uleb128 0x13
 1884 0051 00       		.byte	0
 1885 0052 00       		.byte	0
 1886 0053 08       		.uleb128 0x8
 1887 0054 17       		.uleb128 0x17
 1888 0055 01       		.byte	0x1
 1889 0056 0B       		.uleb128 0xb
 1890 0057 0B       		.uleb128 0xb
 1891 0058 3A       		.uleb128 0x3a
 1892 0059 0B       		.uleb128 0xb
 1893 005a 3B       		.uleb128 0x3b
 1894 005b 0B       		.uleb128 0xb
 1895 005c 39       		.uleb128 0x39
 1896 005d 0B       		.uleb128 0xb
 1897 005e 01       		.uleb128 0x1
 1898 005f 13       		.uleb128 0x13
 1899 0060 00       		.byte	0
 1900 0061 00       		.byte	0
 1901 0062 09       		.uleb128 0x9
 1902 0063 0D       		.uleb128 0xd
 1903 0064 00       		.byte	0
 1904 0065 03       		.uleb128 0x3
 1905 0066 0E       		.uleb128 0xe
 1906 0067 3A       		.uleb128 0x3a
 1907 0068 0B       		.uleb128 0xb
 1908 0069 3B       		.uleb128 0x3b
 1909 006a 0B       		.uleb128 0xb
 1910 006b 39       		.uleb128 0x39
 1911 006c 0B       		.uleb128 0xb
 1912 006d 49       		.uleb128 0x49
 1913 006e 13       		.uleb128 0x13
 1914 006f 00       		.byte	0
 1915 0070 00       		.byte	0
 1916 0071 0A       		.uleb128 0xa
 1917 0072 0D       		.uleb128 0xd
 1918 0073 00       		.byte	0
 1919 0074 03       		.uleb128 0x3
 1920 0075 0E       		.uleb128 0xe
 1921 0076 3A       		.uleb128 0x3a
 1922 0077 0B       		.uleb128 0xb
 1923 0078 3B       		.uleb128 0x3b
 1924 0079 05       		.uleb128 0x5
 1925 007a 39       		.uleb128 0x39
 1926 007b 0B       		.uleb128 0xb
 1927 007c 49       		.uleb128 0x49
 1928 007d 13       		.uleb128 0x13
 1929 007e 00       		.byte	0
 1930 007f 00       		.byte	0
 1931 0080 0B       		.uleb128 0xb
 1932 0081 0D       		.uleb128 0xd
 1933 0082 00       		.byte	0
 1934 0083 03       		.uleb128 0x3
 1935 0084 08       		.uleb128 0x8
 1936 0085 3A       		.uleb128 0x3a
 1937 0086 0B       		.uleb128 0xb
 1938 0087 3B       		.uleb128 0x3b
ARM GAS  /tmp/ccAatBS2.s 			page 35


 1939 0088 0B       		.uleb128 0xb
 1940 0089 39       		.uleb128 0x39
 1941 008a 0B       		.uleb128 0xb
 1942 008b 49       		.uleb128 0x49
 1943 008c 13       		.uleb128 0x13
 1944 008d 38       		.uleb128 0x38
 1945 008e 0B       		.uleb128 0xb
 1946 008f 00       		.byte	0
 1947 0090 00       		.byte	0
 1948 0091 0C       		.uleb128 0xc
 1949 0092 0D       		.uleb128 0xd
 1950 0093 00       		.byte	0
 1951 0094 03       		.uleb128 0x3
 1952 0095 0E       		.uleb128 0xe
 1953 0096 3A       		.uleb128 0x3a
 1954 0097 0B       		.uleb128 0xb
 1955 0098 3B       		.uleb128 0x3b
 1956 0099 0B       		.uleb128 0xb
 1957 009a 39       		.uleb128 0x39
 1958 009b 0B       		.uleb128 0xb
 1959 009c 49       		.uleb128 0x49
 1960 009d 13       		.uleb128 0x13
 1961 009e 38       		.uleb128 0x38
 1962 009f 0B       		.uleb128 0xb
 1963 00a0 00       		.byte	0
 1964 00a1 00       		.byte	0
 1965 00a2 0D       		.uleb128 0xd
 1966 00a3 0D       		.uleb128 0xd
 1967 00a4 00       		.byte	0
 1968 00a5 03       		.uleb128 0x3
 1969 00a6 08       		.uleb128 0x8
 1970 00a7 3A       		.uleb128 0x3a
 1971 00a8 0B       		.uleb128 0xb
 1972 00a9 3B       		.uleb128 0x3b
 1973 00aa 05       		.uleb128 0x5
 1974 00ab 39       		.uleb128 0x39
 1975 00ac 0B       		.uleb128 0xb
 1976 00ad 49       		.uleb128 0x49
 1977 00ae 13       		.uleb128 0x13
 1978 00af 38       		.uleb128 0x38
 1979 00b0 0B       		.uleb128 0xb
 1980 00b1 00       		.byte	0
 1981 00b2 00       		.byte	0
 1982 00b3 0E       		.uleb128 0xe
 1983 00b4 0D       		.uleb128 0xd
 1984 00b5 00       		.byte	0
 1985 00b6 03       		.uleb128 0x3
 1986 00b7 0E       		.uleb128 0xe
 1987 00b8 3A       		.uleb128 0x3a
 1988 00b9 0B       		.uleb128 0xb
 1989 00ba 3B       		.uleb128 0x3b
 1990 00bb 05       		.uleb128 0x5
 1991 00bc 39       		.uleb128 0x39
 1992 00bd 0B       		.uleb128 0xb
 1993 00be 49       		.uleb128 0x49
 1994 00bf 13       		.uleb128 0x13
 1995 00c0 38       		.uleb128 0x38
ARM GAS  /tmp/ccAatBS2.s 			page 36


 1996 00c1 0B       		.uleb128 0xb
 1997 00c2 00       		.byte	0
 1998 00c3 00       		.byte	0
 1999 00c4 0F       		.uleb128 0xf
 2000 00c5 13       		.uleb128 0x13
 2001 00c6 01       		.byte	0x1
 2002 00c7 03       		.uleb128 0x3
 2003 00c8 0E       		.uleb128 0xe
 2004 00c9 0B       		.uleb128 0xb
 2005 00ca 05       		.uleb128 0x5
 2006 00cb 3A       		.uleb128 0x3a
 2007 00cc 0B       		.uleb128 0xb
 2008 00cd 3B       		.uleb128 0x3b
 2009 00ce 05       		.uleb128 0x5
 2010 00cf 39       		.uleb128 0x39
 2011 00d0 0B       		.uleb128 0xb
 2012 00d1 01       		.uleb128 0x1
 2013 00d2 13       		.uleb128 0x13
 2014 00d3 00       		.byte	0
 2015 00d4 00       		.byte	0
 2016 00d5 10       		.uleb128 0x10
 2017 00d6 0F       		.uleb128 0xf
 2018 00d7 00       		.byte	0
 2019 00d8 0B       		.uleb128 0xb
 2020 00d9 0B       		.uleb128 0xb
 2021 00da 49       		.uleb128 0x49
 2022 00db 13       		.uleb128 0x13
 2023 00dc 00       		.byte	0
 2024 00dd 00       		.byte	0
 2025 00de 11       		.uleb128 0x11
 2026 00df 26       		.uleb128 0x26
 2027 00e0 00       		.byte	0
 2028 00e1 49       		.uleb128 0x49
 2029 00e2 13       		.uleb128 0x13
 2030 00e3 00       		.byte	0
 2031 00e4 00       		.byte	0
 2032 00e5 12       		.uleb128 0x12
 2033 00e6 13       		.uleb128 0x13
 2034 00e7 01       		.byte	0x1
 2035 00e8 0B       		.uleb128 0xb
 2036 00e9 0B       		.uleb128 0xb
 2037 00ea 3A       		.uleb128 0x3a
 2038 00eb 0B       		.uleb128 0xb
 2039 00ec 3B       		.uleb128 0x3b
 2040 00ed 0B       		.uleb128 0xb
 2041 00ee 39       		.uleb128 0x39
 2042 00ef 0B       		.uleb128 0xb
 2043 00f0 6E       		.uleb128 0x6e
 2044 00f1 0E       		.uleb128 0xe
 2045 00f2 01       		.uleb128 0x1
 2046 00f3 13       		.uleb128 0x13
 2047 00f4 00       		.byte	0
 2048 00f5 00       		.byte	0
 2049 00f6 13       		.uleb128 0x13
 2050 00f7 13       		.uleb128 0x13
 2051 00f8 01       		.byte	0x1
 2052 00f9 0B       		.uleb128 0xb
ARM GAS  /tmp/ccAatBS2.s 			page 37


 2053 00fa 0B       		.uleb128 0xb
 2054 00fb 3A       		.uleb128 0x3a
 2055 00fc 0B       		.uleb128 0xb
 2056 00fd 3B       		.uleb128 0x3b
 2057 00fe 0B       		.uleb128 0xb
 2058 00ff 39       		.uleb128 0x39
 2059 0100 0B       		.uleb128 0xb
 2060 0101 01       		.uleb128 0x1
 2061 0102 13       		.uleb128 0x13
 2062 0103 00       		.byte	0
 2063 0104 00       		.byte	0
 2064 0105 14       		.uleb128 0x14
 2065 0106 0D       		.uleb128 0xd
 2066 0107 00       		.byte	0
 2067 0108 03       		.uleb128 0x3
 2068 0109 08       		.uleb128 0x8
 2069 010a 3A       		.uleb128 0x3a
 2070 010b 0B       		.uleb128 0xb
 2071 010c 3B       		.uleb128 0x3b
 2072 010d 0B       		.uleb128 0xb
 2073 010e 39       		.uleb128 0x39
 2074 010f 0B       		.uleb128 0xb
 2075 0110 49       		.uleb128 0x49
 2076 0111 13       		.uleb128 0x13
 2077 0112 00       		.byte	0
 2078 0113 00       		.byte	0
 2079 0114 15       		.uleb128 0x15
 2080 0115 0D       		.uleb128 0xd
 2081 0116 00       		.byte	0
 2082 0117 03       		.uleb128 0x3
 2083 0118 0E       		.uleb128 0xe
 2084 0119 3A       		.uleb128 0x3a
 2085 011a 0B       		.uleb128 0xb
 2086 011b 3B       		.uleb128 0x3b
 2087 011c 0B       		.uleb128 0xb
 2088 011d 39       		.uleb128 0x39
 2089 011e 0B       		.uleb128 0xb
 2090 011f 49       		.uleb128 0x49
 2091 0120 13       		.uleb128 0x13
 2092 0121 0B       		.uleb128 0xb
 2093 0122 0B       		.uleb128 0xb
 2094 0123 0D       		.uleb128 0xd
 2095 0124 0B       		.uleb128 0xb
 2096 0125 0C       		.uleb128 0xc
 2097 0126 0B       		.uleb128 0xb
 2098 0127 38       		.uleb128 0x38
 2099 0128 0B       		.uleb128 0xb
 2100 0129 00       		.byte	0
 2101 012a 00       		.byte	0
 2102 012b 16       		.uleb128 0x16
 2103 012c 0F       		.uleb128 0xf
 2104 012d 00       		.byte	0
 2105 012e 0B       		.uleb128 0xb
 2106 012f 0B       		.uleb128 0xb
 2107 0130 00       		.byte	0
 2108 0131 00       		.byte	0
 2109 0132 17       		.uleb128 0x17
ARM GAS  /tmp/ccAatBS2.s 			page 38


 2110 0133 13       		.uleb128 0x13
 2111 0134 01       		.byte	0x1
 2112 0135 0B       		.uleb128 0xb
 2113 0136 05       		.uleb128 0x5
 2114 0137 3A       		.uleb128 0x3a
 2115 0138 0B       		.uleb128 0xb
 2116 0139 3B       		.uleb128 0x3b
 2117 013a 0B       		.uleb128 0xb
 2118 013b 39       		.uleb128 0x39
 2119 013c 0B       		.uleb128 0xb
 2120 013d 6E       		.uleb128 0x6e
 2121 013e 0E       		.uleb128 0xe
 2122 013f 01       		.uleb128 0x1
 2123 0140 13       		.uleb128 0x13
 2124 0141 00       		.byte	0
 2125 0142 00       		.byte	0
 2126 0143 18       		.uleb128 0x18
 2127 0144 01       		.uleb128 0x1
 2128 0145 01       		.byte	0x1
 2129 0146 49       		.uleb128 0x49
 2130 0147 13       		.uleb128 0x13
 2131 0148 01       		.uleb128 0x1
 2132 0149 13       		.uleb128 0x13
 2133 014a 00       		.byte	0
 2134 014b 00       		.byte	0
 2135 014c 19       		.uleb128 0x19
 2136 014d 21       		.uleb128 0x21
 2137 014e 00       		.byte	0
 2138 014f 49       		.uleb128 0x49
 2139 0150 13       		.uleb128 0x13
 2140 0151 2F       		.uleb128 0x2f
 2141 0152 0B       		.uleb128 0xb
 2142 0153 00       		.byte	0
 2143 0154 00       		.byte	0
 2144 0155 1A       		.uleb128 0x1a
 2145 0156 04       		.uleb128 0x4
 2146 0157 01       		.byte	0x1
 2147 0158 3E       		.uleb128 0x3e
 2148 0159 0B       		.uleb128 0xb
 2149 015a 0B       		.uleb128 0xb
 2150 015b 0B       		.uleb128 0xb
 2151 015c 49       		.uleb128 0x49
 2152 015d 13       		.uleb128 0x13
 2153 015e 3A       		.uleb128 0x3a
 2154 015f 0B       		.uleb128 0xb
 2155 0160 3B       		.uleb128 0x3b
 2156 0161 0B       		.uleb128 0xb
 2157 0162 39       		.uleb128 0x39
 2158 0163 0B       		.uleb128 0xb
 2159 0164 6E       		.uleb128 0x6e
 2160 0165 0E       		.uleb128 0xe
 2161 0166 01       		.uleb128 0x1
 2162 0167 13       		.uleb128 0x13
 2163 0168 00       		.byte	0
 2164 0169 00       		.byte	0
 2165 016a 1B       		.uleb128 0x1b
 2166 016b 28       		.uleb128 0x28
ARM GAS  /tmp/ccAatBS2.s 			page 39


 2167 016c 00       		.byte	0
 2168 016d 03       		.uleb128 0x3
 2169 016e 0E       		.uleb128 0xe
 2170 016f 1C       		.uleb128 0x1c
 2171 0170 0B       		.uleb128 0xb
 2172 0171 00       		.byte	0
 2173 0172 00       		.byte	0
 2174 0173 1C       		.uleb128 0x1c
 2175 0174 28       		.uleb128 0x28
 2176 0175 00       		.byte	0
 2177 0176 03       		.uleb128 0x3
 2178 0177 08       		.uleb128 0x8
 2179 0178 1C       		.uleb128 0x1c
 2180 0179 0B       		.uleb128 0xb
 2181 017a 00       		.byte	0
 2182 017b 00       		.byte	0
 2183 017c 1D       		.uleb128 0x1d
 2184 017d 13       		.uleb128 0x13
 2185 017e 01       		.byte	0x1
 2186 017f 03       		.uleb128 0x3
 2187 0180 0E       		.uleb128 0xe
 2188 0181 0B       		.uleb128 0xb
 2189 0182 0B       		.uleb128 0xb
 2190 0183 3A       		.uleb128 0x3a
 2191 0184 0B       		.uleb128 0xb
 2192 0185 3B       		.uleb128 0x3b
 2193 0186 05       		.uleb128 0x5
 2194 0187 39       		.uleb128 0x39
 2195 0188 0B       		.uleb128 0xb
 2196 0189 01       		.uleb128 0x1
 2197 018a 13       		.uleb128 0x13
 2198 018b 00       		.byte	0
 2199 018c 00       		.byte	0
 2200 018d 1E       		.uleb128 0x1e
 2201 018e 16       		.uleb128 0x16
 2202 018f 00       		.byte	0
 2203 0190 03       		.uleb128 0x3
 2204 0191 0E       		.uleb128 0xe
 2205 0192 3A       		.uleb128 0x3a
 2206 0193 0B       		.uleb128 0xb
 2207 0194 3B       		.uleb128 0x3b
 2208 0195 05       		.uleb128 0x5
 2209 0196 39       		.uleb128 0x39
 2210 0197 0B       		.uleb128 0xb
 2211 0198 49       		.uleb128 0x49
 2212 0199 13       		.uleb128 0x13
 2213 019a 00       		.byte	0
 2214 019b 00       		.byte	0
 2215 019c 1F       		.uleb128 0x1f
 2216 019d 0D       		.uleb128 0xd
 2217 019e 00       		.byte	0
 2218 019f 03       		.uleb128 0x3
 2219 01a0 08       		.uleb128 0x8
 2220 01a1 3A       		.uleb128 0x3a
 2221 01a2 0B       		.uleb128 0xb
 2222 01a3 3B       		.uleb128 0x3b
 2223 01a4 0B       		.uleb128 0xb
ARM GAS  /tmp/ccAatBS2.s 			page 40


 2224 01a5 39       		.uleb128 0x39
 2225 01a6 0B       		.uleb128 0xb
 2226 01a7 49       		.uleb128 0x49
 2227 01a8 13       		.uleb128 0x13
 2228 01a9 0B       		.uleb128 0xb
 2229 01aa 0B       		.uleb128 0xb
 2230 01ab 0D       		.uleb128 0xd
 2231 01ac 0B       		.uleb128 0xb
 2232 01ad 0C       		.uleb128 0xc
 2233 01ae 0B       		.uleb128 0xb
 2234 01af 38       		.uleb128 0x38
 2235 01b0 0B       		.uleb128 0xb
 2236 01b1 00       		.byte	0
 2237 01b2 00       		.byte	0
 2238 01b3 20       		.uleb128 0x20
 2239 01b4 0D       		.uleb128 0xd
 2240 01b5 00       		.byte	0
 2241 01b6 49       		.uleb128 0x49
 2242 01b7 13       		.uleb128 0x13
 2243 01b8 38       		.uleb128 0x38
 2244 01b9 0B       		.uleb128 0xb
 2245 01ba 00       		.byte	0
 2246 01bb 00       		.byte	0
 2247 01bc 21       		.uleb128 0x21
 2248 01bd 0D       		.uleb128 0xd
 2249 01be 00       		.byte	0
 2250 01bf 49       		.uleb128 0x49
 2251 01c0 13       		.uleb128 0x13
 2252 01c1 00       		.byte	0
 2253 01c2 00       		.byte	0
 2254 01c3 22       		.uleb128 0x22
 2255 01c4 17       		.uleb128 0x17
 2256 01c5 01       		.byte	0x1
 2257 01c6 0B       		.uleb128 0xb
 2258 01c7 0B       		.uleb128 0xb
 2259 01c8 3A       		.uleb128 0x3a
 2260 01c9 0B       		.uleb128 0xb
 2261 01ca 3B       		.uleb128 0x3b
 2262 01cb 05       		.uleb128 0x5
 2263 01cc 39       		.uleb128 0x39
 2264 01cd 0B       		.uleb128 0xb
 2265 01ce 01       		.uleb128 0x1
 2266 01cf 13       		.uleb128 0x13
 2267 01d0 00       		.byte	0
 2268 01d1 00       		.byte	0
 2269 01d2 23       		.uleb128 0x23
 2270 01d3 34       		.uleb128 0x34
 2271 01d4 00       		.byte	0
 2272 01d5 03       		.uleb128 0x3
 2273 01d6 0E       		.uleb128 0xe
 2274 01d7 3A       		.uleb128 0x3a
 2275 01d8 0B       		.uleb128 0xb
 2276 01d9 3B       		.uleb128 0x3b
 2277 01da 0B       		.uleb128 0xb
 2278 01db 39       		.uleb128 0x39
 2279 01dc 0B       		.uleb128 0xb
 2280 01dd 49       		.uleb128 0x49
ARM GAS  /tmp/ccAatBS2.s 			page 41


 2281 01de 13       		.uleb128 0x13
 2282 01df 3F       		.uleb128 0x3f
 2283 01e0 19       		.uleb128 0x19
 2284 01e1 3C       		.uleb128 0x3c
 2285 01e2 19       		.uleb128 0x19
 2286 01e3 00       		.byte	0
 2287 01e4 00       		.byte	0
 2288 01e5 24       		.uleb128 0x24
 2289 01e6 10       		.uleb128 0x10
 2290 01e7 00       		.byte	0
 2291 01e8 0B       		.uleb128 0xb
 2292 01e9 0B       		.uleb128 0xb
 2293 01ea 49       		.uleb128 0x49
 2294 01eb 13       		.uleb128 0x13
 2295 01ec 00       		.byte	0
 2296 01ed 00       		.byte	0
 2297 01ee 25       		.uleb128 0x25
 2298 01ef 34       		.uleb128 0x34
 2299 01f0 00       		.byte	0
 2300 01f1 47       		.uleb128 0x47
 2301 01f2 13       		.uleb128 0x13
 2302 01f3 3A       		.uleb128 0x3a
 2303 01f4 0B       		.uleb128 0xb
 2304 01f5 3B       		.uleb128 0x3b
 2305 01f6 0B       		.uleb128 0xb
 2306 01f7 39       		.uleb128 0x39
 2307 01f8 0B       		.uleb128 0xb
 2308 01f9 00       		.byte	0
 2309 01fa 00       		.byte	0
 2310 01fb 26       		.uleb128 0x26
 2311 01fc 2E       		.uleb128 0x2e
 2312 01fd 00       		.byte	0
 2313 01fe 3F       		.uleb128 0x3f
 2314 01ff 19       		.uleb128 0x19
 2315 0200 03       		.uleb128 0x3
 2316 0201 0E       		.uleb128 0xe
 2317 0202 3A       		.uleb128 0x3a
 2318 0203 0B       		.uleb128 0xb
 2319 0204 3B       		.uleb128 0x3b
 2320 0205 0B       		.uleb128 0xb
 2321 0206 39       		.uleb128 0x39
 2322 0207 0B       		.uleb128 0xb
 2323 0208 6E       		.uleb128 0x6e
 2324 0209 0E       		.uleb128 0xe
 2325 020a 00       		.byte	0
 2326 020b 00       		.byte	0
 2327 020c 27       		.uleb128 0x27
 2328 020d 2E       		.uleb128 0x2e
 2329 020e 01       		.byte	0x1
 2330 020f 03       		.uleb128 0x3
 2331 0210 0E       		.uleb128 0xe
 2332 0211 3A       		.uleb128 0x3a
 2333 0212 0B       		.uleb128 0xb
 2334 0213 3B       		.uleb128 0x3b
 2335 0214 0B       		.uleb128 0xb
 2336 0215 39       		.uleb128 0x39
 2337 0216 0B       		.uleb128 0xb
ARM GAS  /tmp/ccAatBS2.s 			page 42


 2338 0217 00       		.byte	0
 2339 0218 00       		.byte	0
 2340 0219 28       		.uleb128 0x28
 2341 021a 05       		.uleb128 0x5
 2342 021b 00       		.byte	0
 2343 021c 03       		.uleb128 0x3
 2344 021d 08       		.uleb128 0x8
 2345 021e 3A       		.uleb128 0x3a
 2346 021f 0B       		.uleb128 0xb
 2347 0220 3B       		.uleb128 0x3b
 2348 0221 0B       		.uleb128 0xb
 2349 0222 39       		.uleb128 0x39
 2350 0223 0B       		.uleb128 0xb
 2351 0224 49       		.uleb128 0x49
 2352 0225 13       		.uleb128 0x13
 2353 0226 00       		.byte	0
 2354 0227 00       		.byte	0
 2355 0228 00       		.byte	0
 2356              		.section	.gnu.debuglto_.debug_line,"e",%progbits
 2357              	.Ldebug_line0:
 2358 0000 29020000 		.4byte	.LELT0-.LSLT0
 2359              	.LSLT0:
 2360 0004 0400     		.2byte	0x4
 2361 0006 23020000 		.4byte	.LELTP0-.LASLTP0
 2362              	.LASLTP0:
 2363 000a 01       		.byte	0x1
 2364 000b 01       		.byte	0x1
 2365 000c 01       		.byte	0x1
 2366 000d F6       		.byte	0xf6
 2367 000e F2       		.byte	0xf2
 2368 000f 0D       		.byte	0xd
 2369 0010 00       		.byte	0
 2370 0011 01       		.byte	0x1
 2371 0012 01       		.byte	0x1
 2372 0013 01       		.byte	0x1
 2373 0014 01       		.byte	0x1
 2374 0015 00       		.byte	0
 2375 0016 00       		.byte	0
 2376 0017 00       		.byte	0
 2377 0018 01       		.byte	0x1
 2378 0019 00       		.byte	0
 2379 001a 00       		.byte	0
 2380 001b 01       		.byte	0x1
 2381 001c 74686972 		.ascii	"third_party/ChibiOS/os/common/ext/ST/STM32H7xx"
 2381      645F7061 
 2381      7274792F 
 2381      43686962 
 2381      694F532F 
 2382 004a 00       		.byte	0
 2383 004b 74686972 		.ascii	"third_party/ChibiOS/os/common/ports/ARM-common"
 2383      645F7061 
 2383      7274792F 
 2383      43686962 
 2383      694F532F 
 2384 0079 00       		.byte	0
 2385 007a 74686972 		.ascii	"third_party/ChibiOS/os/common/ports/ARMv7-M"
 2385      645F7061 
ARM GAS  /tmp/ccAatBS2.s 			page 43


 2385      7274792F 
 2385      43686962 
 2385      694F532F 
 2386 00a5 00       		.byte	0
 2387 00a6 74686972 		.ascii	"third_party/ChibiOS/os/hal/ports/STM32/LLD/FDCANv1"
 2387      645F7061 
 2387      7274792F 
 2387      43686962 
 2387      694F532F 
 2388 00d8 00       		.byte	0
 2389 00d9 74686972 		.ascii	"third_party/ChibiOS/os/rt/include"
 2389      645F7061 
 2389      7274792F 
 2389      43686962 
 2389      694F532F 
 2390 00fa 00       		.byte	0
 2391 00fb 7372632F 		.ascii	"src/coms"
 2391      636F6D73 
 2392 0103 00       		.byte	0
 2393 0104 7372632F 		.ascii	"src/sensors"
 2393      73656E73 
 2393      6F7273
 2394 010f 00       		.byte	0
 2395 0110 2F757372 		.ascii	"/usr/lib/gcc/arm-none-eabi/10.3.1/include"
 2395      2F6C6962 
 2395      2F676363 
 2395      2F61726D 
 2395      2D6E6F6E 
 2396 0139 00       		.byte	0
 2397 013a 00       		.byte	0
 2398 013b 73746464 		.ascii	"stddef.h\000"
 2398      65662E68 
 2398      00
 2399 0144 08       		.uleb128 0x8
 2400 0145 00       		.uleb128 0
 2401 0146 00       		.uleb128 0
 2402 0147 73746469 		.ascii	"stdint.h\000"
 2402      6E742E68 
 2402      00
 2403 0150 08       		.uleb128 0x8
 2404 0151 00       		.uleb128 0
 2405 0152 00       		.uleb128 0
 2406 0153 63687479 		.ascii	"chtypes.h\000"
 2406      7065732E 
 2406      6800
 2407 015d 02       		.uleb128 0x2
 2408 015e 00       		.uleb128 0
 2409 015f 00       		.uleb128 0
 2410 0160 63686561 		.ascii	"chearly.h\000"
 2410      726C792E 
 2410      6800
 2411 016a 05       		.uleb128 0x5
 2412 016b 00       		.uleb128 0
 2413 016c 00       		.uleb128 0
 2414 016d 63686F62 		.ascii	"chobjects.h\000"
 2414      6A656374 
 2414      732E6800 
ARM GAS  /tmp/ccAatBS2.s 			page 44


 2415 0179 05       		.uleb128 0x5
 2416 017a 00       		.uleb128 0
 2417 017b 00       		.uleb128 0
 2418 017c 63687266 		.ascii	"chrfcu.h\000"
 2418      63752E68 
 2418      00
 2419 0185 05       		.uleb128 0x5
 2420 0186 00       		.uleb128 0
 2421 0187 00       		.uleb128 0
 2422 0188 63686465 		.ascii	"chdebug.h\000"
 2422      6275672E 
 2422      6800
 2423 0192 05       		.uleb128 0x5
 2424 0193 00       		.uleb128 0
 2425 0194 00       		.uleb128 0
 2426 0195 63687469 		.ascii	"chtime.h\000"
 2426      6D652E68 
 2426      00
 2427 019e 05       		.uleb128 0x5
 2428 019f 00       		.uleb128 0
 2429 01a0 00       		.uleb128 0
 2430 01a1 63686C69 		.ascii	"chlists.h\000"
 2430      7374732E 
 2430      6800
 2431 01ab 05       		.uleb128 0x5
 2432 01ac 00       		.uleb128 0
 2433 01ad 00       		.uleb128 0
 2434 01ae 63687472 		.ascii	"chtrace.h\000"
 2434      6163652E 
 2434      6800
 2435 01b8 05       		.uleb128 0x5
 2436 01b9 00       		.uleb128 0
 2437 01ba 00       		.uleb128 0
 2438 01bb 73746D33 		.ascii	"stm32h7xx.h\000"
 2438      32683778 
 2438      782E6800 
 2439 01c7 01       		.uleb128 0x1
 2440 01c8 00       		.uleb128 0
 2441 01c9 00       		.uleb128 0
 2442 01ca 6368636F 		.ascii	"chcore.h\000"
 2442      72652E68 
 2442      00
 2443 01d3 03       		.uleb128 0x3
 2444 01d4 00       		.uleb128 0
 2445 01d5 00       		.uleb128 0
 2446 01d6 63687365 		.ascii	"chsem.h\000"
 2446      6D2E6800 
 2447 01de 05       		.uleb128 0x5
 2448 01df 00       		.uleb128 0
 2449 01e0 00       		.uleb128 0
 2450 01e1 63686D74 		.ascii	"chmtx.h\000"
 2450      782E6800 
 2451 01e9 05       		.uleb128 0x5
 2452 01ea 00       		.uleb128 0
 2453 01eb 00       		.uleb128 0
 2454 01ec 68616C5F 		.ascii	"hal_can_lld.h\000"
 2454      63616E5F 
ARM GAS  /tmp/ccAatBS2.s 			page 45


 2454      6C6C642E 
 2454      6800
 2455 01fa 04       		.uleb128 0x4
 2456 01fb 00       		.uleb128 0
 2457 01fc 00       		.uleb128 0
 2458 01fd 53747261 		.ascii	"StrainRate.hpp\000"
 2458      696E5261 
 2458      74652E68 
 2458      707000
 2459 020c 07       		.uleb128 0x7
 2460 020d 00       		.uleb128 0
 2461 020e 00       		.uleb128 0
 2462 020f 43414E2E 		.ascii	"CAN.hpp\000"
 2462      68707000 
 2463 0217 06       		.uleb128 0x6
 2464 0218 00       		.uleb128 0
 2465 0219 00       		.uleb128 0
 2466 021a 53747261 		.ascii	"StrainRate.cpp\000"
 2466      696E5261 
 2466      74652E63 
 2466      707000
 2467 0229 07       		.uleb128 0x7
 2468 022a 00       		.uleb128 0
 2469 022b 00       		.uleb128 0
 2470 022c 00       		.byte	0
 2471              	.LELTP0:
 2472              	.LELT0:
 2473              		.section	.gnu.debuglto_.debug_str,"eMS",%progbits,1
 2474              	.LASF121:
 2475 0000 72656164 		.ascii	"ready_list_t\000"
 2475      795F6C69 
 2475      73745F74 
 2475      00
 2476              	.LASF103:
 2477 000d 31314572 		.ascii	"11ErrorStatus\000"
 2477      726F7253 
 2477      74617475 
 2477      7300
 2478              	.LASF4:
 2479 001b 73697A65 		.ascii	"size_t\000"
 2479      5F7400
 2480              	.LASF140:
 2481 0022 43414E52 		.ascii	"CANRxFrame\000"
 2481      78467261 
 2481      6D6500
 2482              	.LASF31:
 2483 002d 7264796D 		.ascii	"rdymsg\000"
 2483      736700
 2484              	.LASF98:
 2485 0034 3130466C 		.ascii	"10FlagStatus\000"
 2485      61675374 
 2485      61747573 
 2485      00
 2486              	.LASF59:
 2487 0041 72666375 		.ascii	"rfcu\000"
 2487      00
 2488              	.LASF97:
ARM GAS  /tmp/ccAatBS2.s 			page 46


 2489 0046 466C6167 		.ascii	"FlagStatus\000"
 2489      53746174 
 2489      757300
 2490              	.LASF78:
 2491 0051 70726576 		.ascii	"prev\000"
 2491      00
 2492              	.LASF107:
 2493 0056 706F7274 		.ascii	"port_intctx\000"
 2493      5F696E74 
 2493      63747800 
 2494              	.LASF56:
 2495 0062 76746C69 		.ascii	"vtlist\000"
 2495      737400
 2496              	.LASF150:
 2497 0069 7372632F 		.ascii	"src/sensors/StrainRate.cpp\000"
 2497      73656E73 
 2497      6F72732F 
 2497      53747261 
 2497      696E5261 
 2498              	.LASF88:
 2499 0084 74797065 		.ascii	"type\000"
 2499      00
 2500              	.LASF91:
 2501 0089 74726163 		.ascii	"trace_event_t\000"
 2501      655F6576 
 2501      656E745F 
 2501      7400
 2502              	.LASF100:
 2503 0097 44495341 		.ascii	"DISABLE\000"
 2503      424C4500 
 2504              	.LASF86:
 2505 009f 68616C74 		.ascii	"halt\000"
 2505      00
 2506              	.LASF130:
 2507 00a4 31337472 		.ascii	"13trace_event_t\000"
 2507      6163655F 
 2507      6576656E 
 2507      745F7400 
 2508              	.LASF61:
 2509 00b4 6D61696E 		.ascii	"mainthread\000"
 2509      74687265 
 2509      616400
 2510              	.LASF35:
 2511 00bf 73656E74 		.ascii	"sentmsg\000"
 2511      6D736700 
 2512              	.LASF84:
 2513 00c7 64656C74 		.ascii	"delta\000"
 2513      6100
 2514              	.LASF139:
 2515 00cd 64617461 		.ascii	"data32\000"
 2515      333200
 2516              	.LASF75:
 2517 00d4 6E657874 		.ascii	"next\000"
 2517      00
 2518              	.LASF5:
 2519 00d9 696E7431 		.ascii	"int16_t\000"
 2519      365F7400 
ARM GAS  /tmp/ccAatBS2.s 			page 47


 2520              	.LASF1:
 2521 00e1 6C6F6E67 		.ascii	"long long int\000"
 2521      206C6F6E 
 2521      6720696E 
 2521      7400
 2522              	.LASF3:
 2523 00ef 7369676E 		.ascii	"signed char\000"
 2523      65642063 
 2523      68617200 
 2524              	.LASF148:
 2525 00fb 43616E42 		.ascii	"CanBus\000"
 2525      757300
 2526              	.LASF14:
 2527 0102 6C6F6E67 		.ascii	"long unsigned int\000"
 2527      20756E73 
 2527      69676E65 
 2527      6420696E 
 2527      7400
 2528              	.LASF83:
 2529 0114 63685F64 		.ascii	"ch_delta_list\000"
 2529      656C7461 
 2529      5F6C6973 
 2529      7400
 2530              	.LASF16:
 2531 0122 6C6F6E67 		.ascii	"long long unsigned int\000"
 2531      206C6F6E 
 2531      6720756E 
 2531      7369676E 
 2531      65642069 
 2532              	.LASF74:
 2533 0139 63685F6C 		.ascii	"ch_list\000"
 2533      69737400 
 2534              	.LASF136:
 2535 0141 68656164 		.ascii	"header32\000"
 2535      65723332 
 2535      00
 2536              	.LASF43:
 2537 014a 73746174 		.ascii	"state\000"
 2537      6500
 2538              	.LASF8:
 2539 0150 6C6F6E67 		.ascii	"long int\000"
 2539      20696E74 
 2539      00
 2540              	.LASF101:
 2541 0159 454E4142 		.ascii	"ENABLE\000"
 2541      4C4500
 2542              	.LASF20:
 2543 0160 74737461 		.ascii	"tstate_t\000"
 2543      74655F74 
 2543      00
 2544              	.LASF40:
 2545 0169 6F776E65 		.ascii	"owner\000"
 2545      7200
 2546              	.LASF64:
 2547 016f 63685F72 		.ascii	"ch_rfcu\000"
 2547      66637500 
 2548              	.LASF11:
ARM GAS  /tmp/ccAatBS2.s 			page 48


 2549 0177 75696E74 		.ascii	"uint16_t\000"
 2549      31365F74 
 2549      00
 2550              	.LASF95:
 2551 0180 74726163 		.ascii	"trace_buffer_t\000"
 2551      655F6275 
 2551      66666572 
 2551      5F7400
 2552              	.LASF114:
 2553 018f 63685F72 		.ascii	"ch_registry\000"
 2553      65676973 
 2553      74727900 
 2554              	.LASF32:
 2555 019b 65786974 		.ascii	"exitcode\000"
 2555      636F6465 
 2555      00
 2556              	.LASF65:
 2557 01a4 6D61736B 		.ascii	"mask\000"
 2557      00
 2558              	.LASF106:
 2559 01a9 4572726F 		.ascii	"ErrorStatus\000"
 2559      72537461 
 2559      74757300 
 2560              	.LASF144:
 2561 01b5 675F7374 		.ascii	"g_strain_rate\000"
 2561      7261696E 
 2561      5F726174 
 2561      6500
 2562              	.LASF46:
 2563 01c3 77616974 		.ascii	"waiting\000"
 2563      696E6700 
 2564              	.LASF123:
 2565 01cb 6D61696E 		.ascii	"mainthread_base\000"
 2565      74687265 
 2565      61645F62 
 2565      61736500 
 2566              	.LASF128:
 2567 01db 6D757465 		.ascii	"mutex_t\000"
 2567      785F7400 
 2568              	.LASF72:
 2569 01e3 73797369 		.ascii	"sysinterval_t\000"
 2569      6E746572 
 2569      76616C5F 
 2569      7400
 2570              	.LASF25:
 2571 01f1 636E745F 		.ascii	"cnt_t\000"
 2571      7400
 2572              	.LASF47:
 2573 01f7 6D736771 		.ascii	"msgqueue\000"
 2573      75657565 
 2573      00
 2574              	.LASF0:
 2575 0200 756E7369 		.ascii	"unsigned int\000"
 2575      676E6564 
 2575      20696E74 
 2575      00
 2576              	.LASF125:
ARM GAS  /tmp/ccAatBS2.s 			page 49


 2577 020d 69646C65 		.ascii	"idlethread_base\000"
 2577      74687265 
 2577      61645F62 
 2577      61736500 
 2578              	.LASF36:
 2579 021d 77747365 		.ascii	"wtsemp\000"
 2579      6D7000
 2580              	.LASF70:
 2581 0224 73797374 		.ascii	"system_debug_t\000"
 2581      656D5F64 
 2581      65627567 
 2581      5F7400
 2582              	.LASF39:
 2583 0233 72717565 		.ascii	"rqueue\000"
 2583      756500
 2584              	.LASF76:
 2585 023a 63685F71 		.ascii	"ch_queue_t\000"
 2585      75657565 
 2585      5F7400
 2586              	.LASF155:
 2587 0245 5F5A3136 		.ascii	"_Z16strain_rate_initv\000"
 2587      73747261 
 2587      696E5F72 
 2587      6174655F 
 2587      696E6974 
 2588              	.LASF41:
 2589 025b 6E616D65 		.ascii	"name\000"
 2589      00
 2590              	.LASF29:
 2591 0260 71756575 		.ascii	"queue\000"
 2591      6500
 2592              	.LASF156:
 2593 0266 73747261 		.ascii	"strain_rate_can_cb\000"
 2593      696E5F72 
 2593      6174655F 
 2593      63616E5F 
 2593      636200
 2594              	.LASF51:
 2595 0279 6D706F6F 		.ascii	"mpool\000"
 2595      6C00
 2596              	.LASF93:
 2597 027f 73697A65 		.ascii	"size\000"
 2597      00
 2598              	.LASF12:
 2599 0284 73686F72 		.ascii	"short unsigned int\000"
 2599      7420756E 
 2599      7369676E 
 2599      65642069 
 2599      6E7400
 2600              	.LASF53:
 2601 0297 63685F74 		.ascii	"ch_thread\000"
 2601      68726561 
 2601      6400
 2602              	.LASF153:
 2603 02a1 31347472 		.ascii	"14trace_buffer_t\000"
 2603      6163655F 
 2603      62756666 
ARM GAS  /tmp/ccAatBS2.s 			page 50


 2603      65725F74 
 2603      00
 2604              	.LASF23:
 2605 02b2 6D73675F 		.ascii	"msg_t\000"
 2605      7400
 2606              	.LASF131:
 2607 02b8 31304341 		.ascii	"10CANRxFrame\000"
 2607      4E527846 
 2607      72616D65 
 2607      00
 2608              	.LASF48:
 2609 02c5 6570656E 		.ascii	"epending\000"
 2609      64696E67 
 2609      00
 2610              	.LASF132:
 2611 02ce 636F6D6D 		.ascii	"common\000"
 2611      6F6E00
 2612              	.LASF19:
 2613 02d5 746D6F64 		.ascii	"tmode_t\000"
 2613      655F7400 
 2614              	.LASF141:
 2615 02dd 53747261 		.ascii	"StrainRateRaw\000"
 2615      696E5261 
 2615      74655261 
 2615      7700
 2616              	.LASF129:
 2617 02eb 626F6F6C 		.ascii	"bool\000"
 2617      00
 2618              	.LASF119:
 2619 02f0 63685F72 		.ascii	"ch_ready_list\000"
 2619      65616479 
 2619      5F6C6973 
 2619      7400
 2620              	.LASF24:
 2621 02fe 6576656E 		.ascii	"eventmask_t\000"
 2621      746D6173 
 2621      6B5F7400 
 2622              	.LASF152:
 2623 030a 6465636C 		.ascii	"decltype(nullptr)\000"
 2623      74797065 
 2623      286E756C 
 2623      6C707472 
 2623      2900
 2624              	.LASF113:
 2625 031c 76697274 		.ascii	"virtual_timers_list_t\000"
 2625      75616C5F 
 2625      74696D65 
 2625      72735F6C 
 2625      6973745F 
 2626              	.LASF18:
 2627 0332 73746B61 		.ascii	"stkalign_t\000"
 2627      6C69676E 
 2627      5F7400
 2628              	.LASF89:
 2629 033d 72747374 		.ascii	"rtstamp\000"
 2629      616D7000 
 2630              	.LASF112:
ARM GAS  /tmp/ccAatBS2.s 			page 51


 2631 0345 6C617374 		.ascii	"laststamp\000"
 2631      7374616D 
 2631      7000
 2632              	.LASF135:
 2633 034f 414E4D46 		.ascii	"ANMF\000"
 2633      00
 2634              	.LASF50:
 2635 0354 7265616C 		.ascii	"realprio\000"
 2635      7072696F 
 2635      00
 2636              	.LASF63:
 2637 035d 72666375 		.ascii	"rfcu_mask_t\000"
 2637      5F6D6173 
 2637      6B5F7400 
 2638              	.LASF116:
 2639 0369 74687265 		.ascii	"thread_reference_t\000"
 2639      61645F72 
 2639      65666572 
 2639      656E6365 
 2639      5F7400
 2640              	.LASF109:
 2641 037c 63685F76 		.ascii	"ch_virtual_timers_list\000"
 2641      69727475 
 2641      616C5F74 
 2641      696D6572 
 2641      735F6C69 
 2642              	.LASF149:
 2643 0393 474E5520 		.ascii	"GNU C++14 10.3.1 20210621 (release) -mcpu=cortex-m7"
 2643      432B2B31 
 2643      34203130 
 2643      2E332E31 
 2643      20323032 
 2644 03c6 202D6D74 		.ascii	" -mthumb -mfloat-abi=hard -mfpu=fpv5-d16 -march=arm"
 2644      68756D62 
 2644      202D6D66 
 2644      6C6F6174 
 2644      2D616269 
 2645 03f9 7637652D 		.ascii	"v7e-m+fp.dp -ggdb -O2 -fomit-frame-pointer -falign-"
 2645      6D2B6670 
 2645      2E647020 
 2645      2D676764 
 2645      62202D4F 
 2646 042c 66756E63 		.ascii	"functions=16 -ffunction-sections -fdata-sections -f"
 2646      74696F6E 
 2646      733D3136 
 2646      202D6666 
 2646      756E6374 
 2647 045f 6E6F2D63 		.ascii	"no-common -flto -fno-rtti\000"
 2647      6F6D6D6F 
 2647      6E202D66 
 2647      6C746F20 
 2647      2D666E6F 
 2648              	.LASF105:
 2649 0479 4552524F 		.ascii	"ERROR\000"
 2649      5200
 2650              	.LASF73:
 2651 047f 63685F6C 		.ascii	"ch_list_t\000"
ARM GAS  /tmp/ccAatBS2.s 			page 52


 2651      6973745F 
 2651      7400
 2652              	.LASF137:
 2653 0489 64617461 		.ascii	"data8\000"
 2653      3800
 2654              	.LASF92:
 2655 048f 73757370 		.ascii	"suspended\000"
 2655      656E6465 
 2655      6400
 2656              	.LASF15:
 2657 0499 75696E74 		.ascii	"uint64_t\000"
 2657      36345F74 
 2657      00
 2658              	.LASF122:
 2659 04a2 63685F6F 		.ascii	"ch_os_instance_config\000"
 2659      735F696E 
 2659      7374616E 
 2659      63655F63 
 2659      6F6E6669 
 2660              	.LASF108:
 2661 04b8 706F7274 		.ascii	"port_context\000"
 2661      5F636F6E 
 2661      74657874 
 2661      00
 2662              	.LASF102:
 2663 04c5 46756E63 		.ascii	"FunctionalState\000"
 2663      74696F6E 
 2663      616C5374 
 2663      61746500 
 2664              	.LASF54:
 2665 04d5 63685F6F 		.ascii	"ch_os_instance\000"
 2665      735F696E 
 2665      7374616E 
 2665      636500
 2666              	.LASF90:
 2667 04e4 74696D65 		.ascii	"time\000"
 2667      00
 2668              	.LASF81:
 2669 04e9 7072696F 		.ascii	"prio\000"
 2669      00
 2670              	.LASF145:
 2671 04ee 3643616E 		.ascii	"6CanBus\000"
 2671      42757300 
 2672              	.LASF120:
 2673 04f6 63757272 		.ascii	"current\000"
 2673      656E7400 
 2674              	.LASF26:
 2675 04fe 636F7265 		.ascii	"core_id_t\000"
 2675      5F69645F 
 2675      7400
 2676              	.LASF21:
 2677 0508 74726566 		.ascii	"trefs_t\000"
 2677      735F7400 
 2678              	.LASF45:
 2679 0510 72656673 		.ascii	"refs\000"
 2679      00
 2680              	.LASF87:
ARM GAS  /tmp/ccAatBS2.s 			page 53


 2681 0515 75736572 		.ascii	"user\000"
 2681      00
 2682              	.LASF96:
 2683 051a 52455345 		.ascii	"RESET\000"
 2683      5400
 2684              	.LASF22:
 2685 0520 74707269 		.ascii	"tprio_t\000"
 2685      6F5F7400 
 2686              	.LASF77:
 2687 0528 63685F71 		.ascii	"ch_queue\000"
 2687      75657565 
 2687      00
 2688              	.LASF7:
 2689 0531 696E7433 		.ascii	"int32_t\000"
 2689      325F7400 
 2690              	.LASF10:
 2691 0539 756E7369 		.ascii	"unsigned char\000"
 2691      676E6564 
 2691      20636861 
 2691      7200
 2692              	.LASF66:
 2693 0547 72666375 		.ascii	"rfcu_t\000"
 2693      5F7400
 2694              	.LASF6:
 2695 054e 73686F72 		.ascii	"short int\000"
 2695      7420696E 
 2695      7400
 2696              	.LASF146:
 2697 0558 43414E5F 		.ascii	"CAN_BUS_1\000"
 2697      4255535F 
 2697      3100
 2698              	.LASF147:
 2699 0562 43414E5F 		.ascii	"CAN_BUS_2\000"
 2699      4255535F 
 2699      3200
 2700              	.LASF34:
 2701 056c 77747472 		.ascii	"wttrp\000"
 2701      7000
 2702              	.LASF99:
 2703 0572 31354675 		.ascii	"15FunctionalState\000"
 2703      6E637469 
 2703      6F6E616C 
 2703      53746174 
 2703      6500
 2704              	.LASF38:
 2705 0584 65776D61 		.ascii	"ewmask\000"
 2705      736B00
 2706              	.LASF134:
 2707 058b 46494458 		.ascii	"FIDX\000"
 2707      00
 2708              	.LASF58:
 2709 0590 636F7265 		.ascii	"core_id\000"
 2709      5F696400 
 2710              	.LASF85:
 2711 0598 72656173 		.ascii	"reason\000"
 2711      6F6E00
 2712              	.LASF117:
ARM GAS  /tmp/ccAatBS2.s 			page 54


 2713 059f 63685F73 		.ascii	"ch_semaphore\000"
 2713      656D6170 
 2713      686F7265 
 2713      00
 2714              	.LASF115:
 2715 05ac 72656769 		.ascii	"registry_t\000"
 2715      73747279 
 2715      5F7400
 2716              	.LASF142:
 2717 05b7 76616C69 		.ascii	"valid\000"
 2717      6400
 2718              	.LASF13:
 2719 05bd 75696E74 		.ascii	"uint32_t\000"
 2719      33325F74 
 2719      00
 2720              	.LASF37:
 2721 05c6 77746D74 		.ascii	"wtmtxp\000"
 2721      787000
 2722              	.LASF17:
 2723 05cd 706F7274 		.ascii	"port_stkalign_t\000"
 2723      5F73746B 
 2723      616C6967 
 2723      6E5F7400 
 2724              	.LASF133:
 2725 05dd 52585453 		.ascii	"RXTS\000"
 2725      00
 2726              	.LASF69:
 2727 05e2 63686172 		.ascii	"char\000"
 2727      00
 2728              	.LASF2:
 2729 05e7 6C6F6E67 		.ascii	"long double\000"
 2729      20646F75 
 2729      626C6500 
 2730              	.LASF42:
 2731 05f3 77616261 		.ascii	"wabase\000"
 2731      736500
 2732              	.LASF127:
 2733 05fa 6F735F69 		.ascii	"os_instance_config_t\000"
 2733      6E737461 
 2733      6E63655F 
 2733      636F6E66 
 2733      69675F74 
 2734              	.LASF60:
 2735 060f 636F6E66 		.ascii	"config\000"
 2735      696700
 2736              	.LASF27:
 2737 0616 74687265 		.ascii	"thread_t\000"
 2737      61645F74 
 2737      00
 2738              	.LASF110:
 2739 061f 646C6973 		.ascii	"dlist\000"
 2739      7400
 2740              	.LASF71:
 2741 0625 73797374 		.ascii	"systime_t\000"
 2741      696D655F 
 2741      7400
 2742              	.LASF94:
ARM GAS  /tmp/ccAatBS2.s 			page 55


 2743 062f 62756666 		.ascii	"buffer\000"
 2743      657200
 2744              	.LASF79:
 2745 0636 63685F70 		.ascii	"ch_priority_queue_t\000"
 2745      72696F72 
 2745      6974795F 
 2745      71756575 
 2745      655F7400 
 2746              	.LASF68:
 2747 064a 70616E69 		.ascii	"panic_msg\000"
 2747      635F6D73 
 2747      6700
 2748              	.LASF30:
 2749 0654 70717565 		.ascii	"pqueue\000"
 2749      756500
 2750              	.LASF143:
 2751 065b 73747261 		.ascii	"strainRate_mtx\000"
 2751      696E5261 
 2751      74655F6D 
 2751      747800
 2752              	.LASF52:
 2753 066a 6F735F69 		.ascii	"os_instance_t\000"
 2753      6E737461 
 2753      6E63655F 
 2753      7400
 2754              	.LASF57:
 2755 0678 7265676C 		.ascii	"reglist\000"
 2755      69737400 
 2756              	.LASF154:
 2757 0680 73747261 		.ascii	"strain_rate_init\000"
 2757      696E5F72 
 2757      6174655F 
 2757      696E6974 
 2757      00
 2758              	.LASF80:
 2759 0691 63685F70 		.ascii	"ch_priority_queue\000"
 2759      72696F72 
 2759      6974795F 
 2759      71756575 
 2759      6500
 2760              	.LASF82:
 2761 06a3 63685F64 		.ascii	"ch_delta_list_t\000"
 2761      656C7461 
 2761      5F6C6973 
 2761      745F7400 
 2762              	.LASF124:
 2763 06b3 6D61696E 		.ascii	"mainthread_end\000"
 2763      74687265 
 2763      61645F65 
 2763      6E6400
 2764              	.LASF138:
 2765 06c2 64617461 		.ascii	"data16\000"
 2765      313600
 2766              	.LASF111:
 2767 06c9 6C617374 		.ascii	"lasttime\000"
 2767      74696D65 
 2767      00
ARM GAS  /tmp/ccAatBS2.s 			page 56


 2768              	.LASF55:
 2769 06d2 726C6973 		.ascii	"rlist\000"
 2769      7400
 2770              	.LASF9:
 2771 06d8 75696E74 		.ascii	"uint8_t\000"
 2771      385F7400 
 2772              	.LASF44:
 2773 06e0 666C6167 		.ascii	"flags\000"
 2773      7300
 2774              	.LASF104:
 2775 06e6 53554343 		.ascii	"SUCCESS\000"
 2775      45535300 
 2776              	.LASF151:
 2777 06ee 2F686F6D 		.ascii	"/home/ian/Documents/BPRL_balance\000"
 2777      652F6961 
 2777      6E2F446F 
 2777      63756D65 
 2777      6E74732F 
 2778              	.LASF118:
 2779 070f 63685F6D 		.ascii	"ch_mutex\000"
 2779      75746578 
 2779      00
 2780              	.LASF33:
 2781 0718 77746F62 		.ascii	"wtobjp\000"
 2781      6A7000
 2782              	.LASF62:
 2783 071f 74726163 		.ascii	"trace_buffer\000"
 2783      655F6275 
 2783      66666572 
 2783      00
 2784              	.LASF67:
 2785 072c 63685F73 		.ascii	"ch_system_debug\000"
 2785      79737465 
 2785      6D5F6465 
 2785      62756700 
 2786              	.LASF28:
 2787 073c 6C697374 		.ascii	"list\000"
 2787      00
 2788              	.LASF126:
 2789 0741 69646C65 		.ascii	"idlethread_end\000"
 2789      74687265 
 2789      61645F65 
 2789      6E6400
 2790              	.LASF49:
 2791 0750 6D74786C 		.ascii	"mtxlist\000"
 2791      69737400 
 2792              		.text
 2793              		.section	.gnu.lto_.odr_types.47c11010bdbac471,"e",%progbits
 2794 0000 789C1365 		.ascii	"x\234\023e``\010e\200\000FF&.\016F\006Q\016F\306\371"
 2794      60600865 
 2794      80004646 
 2794      262E0E46 
 2794      06510E46 
 2795 0016 938E1E3C 		.ascii	"\223\216\036<\265\276\353\250\0353\207\231sb\236Si1"
 2795      B5BEEBA8 
 2795      1D338799 
 2795      73629E53 
ARM GAS  /tmp/ccAatBS2.s 			page 57


 2795      6931
 2796 0028 0397B3A3 		.ascii	"\003\227\263\243_\274Shp\274!\202i\304\240\250\237\221"
 2796      5FBC5368 
 2796      70BC2182 
 2796      69C4A0A8 
 2796      9F91
 2797 003a 9F9BAA9F 		.ascii	"\237\233\252\237\231\230\247\357\222\237\\\232\233\232"
 2797      9998A7EF 
 2797      929F5C9A 
 2797      9B9A
 2798 0048 5752ACEF 		.ascii	"WR\254\357\024\020\344\023\237\224\230\223\230\227\234"
 2798      1410E413 
 2798      9F949893 
 2798      98979C
 2799 0057 CA20ACA7 		.ascii	"\312 \254\247_\\\224\254\237\234\237[\254\017\324\247"
 2799      5F5C94AC 
 2799      9F9C9F5B 
 2799      AC0FD4A7 
 2800 0067 975150C0 		.ascii	"\227QP\300\000\000t6 \033"
 2800      00007436 
 2800      201B
 2801              		.text
 2802              		.section	.gnu.lto_.profile.47c11010bdbac471,"e",%progbits
 2803 0000 789C6362 		.ascii	"x\234cb\000\001\000\000\022\000\003"
 2803      00010000 
 2803      120003
 2804              		.text
 2805              		.section	.gnu.lto_.icf.47c11010bdbac471,"e",%progbits
 2806 0000 789C9362 		.ascii	"x\234\223b@\000\026\206+\257\266\314cf\\\360hN\027\027"
 2806      40001686 
 2806      2BAFB6CC 
 2806      63665CF0 
 2806      684E1717 
 2807 0014 1398647E 		.ascii	"\023\230d~yf\321\177n\006\000\242e\013\375"
 2807      7966D17F 
 2807      6E0600A2 
 2807      650BFD
 2808              		.text
 2809              		.section	.gnu.lto_.ipa_sra.47c11010bdbac471,"e",%progbits
 2810 0000 789C9360 		.ascii	"x\234\223`@\000& d``\001bVF\006 df\000S\014\000\004"
 2810      40002620 
 2810      64606001 
 2810      62564606 
 2810      20646600 
 2811 0018 B3002F   		.ascii	"\263\000/"
 2812              		.text
 2813              		.section	.gnu.lto_.inline.47c11010bdbac471,"e",%progbits
 2814 0000 789C4B65 		.ascii	"x\234Ke@\000&\006\006\231\206\206\206\027L\031\214\014"
 2814      40002606 
 2814      06998686 
 2814      86174C19 
 2814      8C0C
 2815 0012 4C4A40D6 		.ascii	"LJ@\326\004\246t\006\006> \243\2019\225\011$\315\300"
 2815      04A67406 
 2815      063E20A3 
 2815      81399509 
 2815      24CDC0
ARM GAS  /tmp/ccAatBS2.s 			page 58


 2816 0025 C40D2418 		.ascii	"\304\015$\030a\0243\003\027Pn\003s:#H\262\021\310\256"
 2816      61143303 
 2816      17506E03 
 2816      733A2348 
 2816      B211C8AE 
 2817 0039 63606003 		.ascii	"c``\003\251gJ\201\250g\345\003\022,\014\010\235\014"
 2817      A9674A81 
 2817      A867E503 
 2817      122C0C08 
 2817      9D0C
 2818 004b 00023210 		.ascii	"\000\0022\020H"
 2818      48
 2819              		.text
 2820              		.section	.gnu.lto_.jmpfuncs.47c11010bdbac471,"e",%progbits
 2821 0000 789C7D8D 		.ascii	"x\234}\215\301\015\2000\010E\371\320&\336\334\304\025"
 2821      C10D8030 
 2821      0845F9D0 
 2821      26DEDCC4 
 2821      15
 2822 0011 DDC1013C 		.ascii	"\335\301\001<\365\340\000zw\004\327\350\006\036L\220"
 2822      F5E0007A 
 2822      7704D7E8 
 2822      061E4C90 
 2823 0021 8AB11E8C 		.ascii	"\212\261\036\214$\004\362\362\341mT\213\211\001\364"
 2823      2404F2F2 
 2823      E16D548B 
 2823      8901F4
 2824 0030 49889280 		.ascii	"I\210\222\200e\262\005k\000Y\037\252\332\202\007Ib!"
 2824      65B2056B 
 2824      00591FAA 
 2824      DA820749 
 2824      6221
 2825 0042 1F5AD867 		.ascii	"\037Z\330g\0143\260\300xs]\010j\3024\005\005dg\331\241"
 2825      0C33B0C0 
 2825      78735D08 
 2825      6AC23405 
 2825      056467D9 
 2826 0057 8CAF2F5A 		.ascii	"\214\257/Ze\321e\361\226\241{B{\001\364\243\247\023"
 2826      65D165F1 
 2826      96A17B42 
 2826      7B01F4A3 
 2826      A713
 2827 0069 4B8B38E1 		.ascii	"K\2138\341"
 2828              		.text
 2829              		.section	.gnu.lto_.pureconst.47c11010bdbac471,"e",%progbits
 2830 0000 789C6367 		.ascii	"x\234cg```b\230\311\302<\203\005\000\004\260\001F"
 2830      60606062 
 2830      98C9C23C 
 2830      83050004 
 2830      B00146
 2831              		.text
 2832              		.section	.gnu.lto_.lto.47c11010bdbac471,"e",%progbits
 2833 0000 09000400 		.ascii	"\011\000\004\000\001\000\000\000"
 2833      01000000 
 2834              		.text
 2835              		.section	.gnu.lto__ZL18strain_rate_can_cbRK10CANRxFramePv.434.47c11010bdbac471,"e",%progbits
 2836 0000 789C8D95 		.ascii	"x\234\215\225[HTQ\024\206\367\177\366\314\234\031\315"
ARM GAS  /tmp/ccAatBS2.s 			page 59


 2836      5B485451 
 2836      1486F77F 
 2836      F6CC9C19 
 2836      CD
 2837 0011 FB984E1A 		.ascii	"\373\230N\032\025A\321\005\247\233\364R\020\322c\017"
 2837      1541D105 
 2837      A79BF452 
 2837      10D2630F 
 2838 0021 5D1E8362 		.ascii	"]\036\203b\032F\022j\014\307\240\267Nf\005\276X\006"
 2838      1A46126A 
 2838      0CC7A0B7 
 2838      4E6605BE 
 2838      5806
 2839 0033 3D95C470 		.ascii	"=\225\304p\010\337z\210nDe\027**\303\356TXaEv\0233\354"
 2839      08DF7A88 
 2839      6E446517 
 2839      2A2AC3EE 
 2839      54586145 
 2840 004b 2AD55AFB 		.ascii	"*\325Z\373\214\347x\346\024\2438\313\265\377\275\316"
 2840      8CE778E6 
 2840      14A338CB 
 2840      B5FFBDCE 
 2841 005b FAD7FECE 		.ascii	"\372\327\376\316\310\356\321\205\330 \204\230I\037H"
 2841      C8EED185 
 2841      D8208498 
 2841      491F48
 2842 006a 818E036D 		.ascii	"\201\216\003m\2320\014c\205\256a\327\201\266\020\316"
 2842      9A300C63 
 2842      85AE61D7 
 2842      81B610CE 
 2843 007a 41AD2076 		.ascii	"A\255 vj\330\211\203r\016-\277\3579\370\266hO\245)\205"
 2843      6AD88983 
 2843      720E2DBF 
 2843      EF39F8B6 
 2843      684FA529 
 2844 008f E8A48FFA 		.ascii	"\350\244\217\3729,\321!M\011\3702\231\206\351\224\311"
 2844      392CD121 
 2844      4D09F832 
 2844      9986E994 
 2844      C9
 2845 00a0 1562F655 		.ascii	"\025b\366U\303\350}\177\3060B\302\224\022\247A\317\340"
 2845      C3E87D7F 
 2845      C63042C2 
 2845      9412A741 
 2845      CFE0
 2846 00b2 14701282 		.ascii	"\024p\022\202\205\272\376\010\327\255\027\263\273\251"
 2846      85BAFE08 
 2846      D7AD17B3 
 2846      BBA9
 2847 00c0 EE57A6CE 		.ascii	"\356W\246\316\207\263\356:_\335\307\210\020\2011G\322"
 2847      87B3EE3A 
 2847      5FDDC788 
 2847      10813147 
 2847      D2
 2848 00d1 C4F17BFE 		.ascii	"\304\361{\376nc\364O\273a\\/9\344\237\005\252\362k\024"
 2848      6E63F44F 
 2848      BB615C2F 
ARM GAS  /tmp/ccAatBS2.s 			page 60


 2848      39E49F05 
 2848      AAF26B14 
 2849 00e5 0292331F 		.ascii	"\002\2223\037\005\335\317!\300\232\316!\310\033\334"
 2849      05DDCF21 
 2849      C09ACE21 
 2849      C81BDC
 2850 00f4 3E90C759 		.ascii	">\220\307Y>\357N\342P\300Z!\207\"\336(\346\254\204\263"
 2850      3EEF4EE2 
 2850      50C05A21 
 2850      8722DE28 
 2850      E6AC84B3 
 2851 0108 52DE2DE3 		.ascii	"R\336-\343\020f\255\234\303d\336\250\340\254\222\263"
 2851      1066AD9C 
 2851      C364DEA8 
 2851      E0AC92B3 
 2852 0118 08EF4EE1 		.ascii	"\010\357N\341P\305Z5\207i\300\031\032\261]2K\303\007"
 2852      50C55A35 
 2852      8769C019 
 2852      1AB15D32 
 2852      4BC307
 2853 012b A35B88FD 		.ascii	"\243[\210\375R\263\026\273h\361\036F\377\211\260\372"
 2853      52B316BB 
 2853      68F11E46 
 2853      FF89B0FA 
 2854 013b B3440CA1 		.ascii	"\263D\014\241\365\350r\321\012\315\224\301N\011\033"
 2854      F5E872D1 
 2854      0ACD94C1 
 2854      4E091B
 2855 014a 66089C29 		.ascii	"f\010\234)=\324%\225|\214O\231\207\013\300y\320\023"
 2855      3DD42595 
 2855      7C8C4F99 
 2855      870BC079 
 2855      D013
 2856 015c 2D8611E4 		.ascii	"-\206\021\344\272\213\240\027e\312|\325\360tX\014\242"
 2856      BA8BA017 
 2856      65CA7CD5 
 2856      F074580C 
 2856      A2
 2857 016d A5F7DDB2 		.ascii	"\245\367\335\262\264D\246\223\204\3650\371w-1\345\244"
 2857      B444A693 
 2857      84F530F9 
 2857      772D31E5 
 2857      A4
 2858 017e B49C864B 		.ascii	"\264\234\206KJ[\320JR\255)\013p\031G\244\365\"Y\243"
 2858      4A5BD04A 
 2858      52AD290B 
 2858      701947A4 
 2858      F52259A3 
 2859 0192 B685B842 		.ascii	"\266\205\270B\022\215\263\210\326\003\313LY\204\253"
 2859      128DB388 
 2859      D603CB4C 
 2859      5984AB
 2860 01a1 C05CC64F 		.ascii	"\300\\\306O\375G\367!-5\262\260\314\036\320J\332\036"
 2860      FD47F721 
 2860      2D35B2B0 
 2860      CC1ED04A 
 2860      DA1E
ARM GAS  /tmp/ccAatBS2.s 			page 61


 2861 01b3 B7E135E9 		.ascii	"\267\3415\351\001\273\\\363\272\\\037\347\362\000ls"
 2861      01BB5CF3 
 2861      BA5C1FE7 
 2861      F2006C73 
 2862 01c3 039867DB 		.ascii	"\003\230g\333\214\350i\351\243\346\264\332\375so\337"
 2862      8CE869E9 
 2862      A3E6B4DA 
 2862      FD736FDF 
 2863 01d3 94B4F493 		.ascii	"\224\264\364\223\300\247\322\021\264J\372\250$@:\227"
 2863      C0A7D211 
 2863      B44AFAA8 
 2863      24403A97 
 2864 01e3 74F05CBA 		.ascii	"t\360\\\272\032-\300\273Cm\017e\206B\261\303\263\270"
 2864      1A2DC0BB 
 2864      436D0F65 
 2864      8642B1C3 
 2864      B3B8
 2865 01f5 6B0C09F1 		.ascii	"k\014\011\361,\301m\340\2265)M?Pn\312R\364\320T\032"
 2865      2CC16DE0 
 2865      9635294D 
 2865      3F506ECA 
 2865      52F4D054 
 2866 020a 4DC5C7A9 		.ascii	"M\305\307\2516e\031\356Xg\247\346\212\362Y\207r0\323"
 2866      366519EE 
 2866      5867A7E6 
 2866      8AF25987 
 2866      7230D3
 2867 021d 5F879693 		.ascii	"_\207\226\223\362]\357\371\357eS\276\017\364b<\346\020"
 2867      F25DEFF9 
 2867      EF6553BE 
 2867      0FF4623C 
 2867      E610
 2868 022f 793898F3 		.ascii	"y8\230\363&\200\371\241\327\346\221\007\363c`\276\013"
 2868      2680F9A1 
 2868      D7E69107 
 2868      F36360BE 
 2868      0B
 2869 0240 733E3577 		.ascii	"s>5w0S\347|\334\204\203\270\2004\033q\241\032\253`\034"
 2869      3053E77C 
 2869      DC8483B8 
 2869      80341B71 
 2869      A11AAB60 
 2870 0255 E27F817D 		.ascii	"\342\177\201}\342\005\3734\033\3543\353mSK\005\366\234"
 2870      E205FB34 
 2870      1BEC33EB 
 2870      6D534B05 
 2870      F69C
 2871 0267 03B6C806 		.ascii	"\003\266\310\006\353\313\011\366\271\367\304/\262\301"
 2871      EBCB09F6 
 2871      B9F7C42F 
 2871      B2C1
 2872 0275 BE04FA5C 		.ascii	"\276\004\372\\`\213\311\303\001[b\333\371'\200\370\225"
 2872      608BC9C3 
 2872      015B62DB 
 2872      F92780F8 
 2872      95
 2873 0286 D7F0B507 		.ascii	"\327\360\265\007\361\033\240\037.\306\245\344\3430."
ARM GAS  /tmp/ccAatBS2.s 			page 62


 2873      F11BA01F 
 2873      2EC6A5E4 
 2873      E3302E
 2874 0295 23C1C538 		.ascii	"#\301\3058L\232\315\270\\M\030\316\301\370\255\227\361"
 2874      4C9ACDB8 
 2874      5C4D18CE 
 2874      C1F8AD97 
 2874      F1
 2875 02a6 4036E377 		.ascii	"@6\343w\231\257\024\365T\220\317;\220'\333\247\016\344"
 2875      99AF14F5 
 2875      5490CF3B 
 2875      9027DBA7 
 2875      0EE4
 2876 02b8 84FCD17B 		.ascii	"\204\374\321{\346O\331\220\007\201\017.\310\025\344"
 2876      E64FD990 
 2876      07810F2E 
 2876      C815E4
 2877 02c7 E140AEB4 		.ascii	"\341@\256\264\355\364\011@\376\3545\034\366@\376\002"
 2877      EDF40940 
 2877      FEEC351C 
 2877      F640FE02 
 2878 02d7 0CB92147 		.ascii	"\014\271!G\310\307\201L\277\021\027\344*\322l\310\325"
 2878      C8C7814C 
 2878      BF1117E4 
 2878      2AD26CC8 
 2878      D5
 2879 02e8 6AC2AA1C 		.ascii	"j\302\252\034\220G\274\220\277fC\376f\375?QK\305\370"
 2879      9047BC90 
 2879      BF6643FE 
 2879      66FD3F51 
 2879      4BC5F8
 2880 02fb A2623CDC 		.ascii	"\242b<\3345\365?-\177\250\226c\375\302\370I\375\350"
 2880      35F53F2D 
 2880      7FA89663 
 2880      FDC2F849 
 2880      FDE8
 2881 030d B00C270C 		.ascii	"\260\014'\014\250\026w\303\352rXc_\016\232\370\337\225"
 2881      A81677C3 
 2881      EA725863 
 2881      5F0E9AF8 
 2881      DF95
 2882 031f F03BEB4A 		.ascii	"\360;\353J\3703v%\014\243\345\345}\237\272\244\333%"
 2882      F8337625 
 2882      0CA3E5E5 
 2882      7D9FBAA4 
 2882      DB25
 2883 0331 9CFB4888 		.ascii	"\234\373H\210\031\321\315\215[\023\321\206X2\272\262"
 2883      19D1CD8D 
 2883      5B13D186 
 2883      5832BAB2 
 2884 0341 31BE7D6B 		.ascii	"1\276}k\"\331\234\212\326\255^\273j\343\246\330\226"
 2884      22D99C8A 
 2884      D6AD5EBB 
 2884      6AE3A6D8 
 2884      96
 2885 0352 58329E10 		.ascii	"X2\236\020U\251\246x4\225H\246\032\233R\321u\315M\261"
 2885      55A9A678 
ARM GAS  /tmp/ccAatBS2.s 			page 63


 2885      349548A6 
 2885      1A9B52D1 
 2885      75CD4DB1 
 2886 0366 86E4DA58 		.ascii	"\206\344\332Xs\242&\276m\233@}\245[\251\331\264pimm"
 2886      73A226BE 
 2886      6D9B407D 
 2886      A55BA9D9 
 2886      B470696D 
 2887 037b BC7EB190 		.ascii	"\274~\261\220\361\346\035\177\001\3027Z\004"
 2887      F1E61D7F 
 2887      01C2375A 
 2887      04
 2888              		.text
 2889              		.section	.gnu.lto__Z16strain_rate_initv.435.47c11010bdbac471,"e",%progbits
 2890 0000 789C458F 		.ascii	"x\234E\217=K\003A\020\206\347\335\271|\265bg%V6\331"
 2890      3D4B0341 
 2890      1086E7DD 
 2890      B97CB562 
 2890      67255636 
 2891 0015 9FA088A5 		.ascii	"\237\240\210\245\205\304\312B\344<\016\014\230\273p"
 2891      85C4CA42 
 2891      E43C0E0C 
 2891      98BB70
 2892 0024 77DA6613 		.ascii	"w\332f\023\"B\2323I+G\212C\002\026VA\355\3567\330\212"
 2892      22429A33 
 2892      492B478A 
 2892      43021656 
 2892      41EDEE37 
 2893 003a 2836A295 		.ascii	"(6\242\225X\210\205\242{\033?\026^v\236a\347a\366\223"
 2893      588885A2 
 2893      7B1B3F16 
 2893      5E769E61 
 2893      E761F693 
 2894 004e 88967416 		.ascii	"\210\226t\026t\300\204A\277'H)\265\\\022h\367{\025L"
 2894      74C08441 
 2894      BF274829 
 2894      B55C1268 
 2894      F77B154C 
 2895 0062 6008D412 		.ascii	"`\010\324\022ha\310\213\032\337\017\207g\007j\234!e"
 2895      6861C88B 
 2895      1ADF0F87 
 2895      67076A9C 
 2895      2165
 2896 0074 A244E7E7 		.ascii	"\242D\347\347\024\177\011:\347\327\205L}|\305J=\316"
 2896      147F093A 
 2896      E7D7854C 
 2896      7D7CC54A 
 2896      3DCE
 2897 0086 BC152CA2 		.ascii	"\274\025,\242\230s\261\262\2402\242c\026Shkx\206z\270"
 2897      9873B1B2 
 2897      A032A263 
 2897      1653686B 
 2897      78867AB8 
 2898 009a 99A51774 		.ascii	"\231\245\027tG\233\324\205H\031\011k\307\011c\300)\013"
 2898      479BD485 
 2898      4819096B 
 2898      C70963C0 
ARM GAS  /tmp/ccAatBS2.s 			page 64


 2898      290B
 2899 00ac E495E98B 		.ascii	"\344\225\351\2131\233\366)(e\306%p\001=\321Q\252\234"
 2899      319BF629 
 2899      2865C625 
 2899      70013DD1 
 2899      51AA9C
 2900 00bf BFBB82DE 		.ascii	"\277\273\202\3367e\313\030os\343\321hkj,$,\210r]\021"
 2900      3765CB18 
 2900      6F73E3D1 
 2900      686B6A2C 
 2900      242C8872 
 2901 00d5 E62AE1E9 		.ascii	"\346*\341\351o\262\234h\331\004\250\246\\\241Wt\356"
 2901      6FB29C68 
 2901      D904A8A6 
 2901      5CA15774 
 2901      EE
 2902 00e6 EF2CF3A1 		.ascii	"\357,\363\241\230\361\2772\321\274\334\365\033\256\254"
 2902      98F1BF32 
 2902      D1BCDCF5 
 2902      1BAEAC
 2903 00f5 DB9E5CF5 		.ascii	"\333\236\\\365\235\375\206\353E\241\\Y\257\255m\357"
 2903      9DFD86EB 
 2903      45A15C59 
 2903      AFAD6DEF 
 2904 0105 D87BB6E7 		.ascii	"\330{\266\347\2704\027\006\216\014]/\364\203PnD\201"
 2904      B8341706 
 2904      8E0C5D2F 
 2904      F483506E 
 2904      4481
 2905 0117 5DF76A76 		.ascii	"]\367jv\344V\235f\223\276\001\366NdW"
 2905      E4569D66 
 2905      93BE01F6 
 2905      4E6457
 2906              		.text
 2907              		.section	.gnu.lto_.symbol_nodes.47c11010bdbac471,"e",%progbits
 2908 0000 789C758E 		.ascii	"x\234u\216\273\021\0021\014DW^\033\322\353\200\026\250"
 2908      BB110231 
 2908      0C44575E 
 2908      1BD2EB80 
 2908      16A8
 2909 0012 81C664CD 		.ascii	"\201\306d\315\\\001D\304\224\300\037\206\230\230*\256"
 2909      5C0144C4 
 2909      94C01F86 
 2909      98982AAE 
 2910 0022 074238D9 		.ascii	"\007B8\331N\010\274\321\256\336J\243\017f\205\023\025"
 2910      4E08BCD1 
 2910      AEDE4AA3 
 2910      0F668513 
 2910      15
 2911 0033 795694ED 		.ascii	"yV\224\355\033P\340\2617[C\034\"\035\010\333\2709R\212"
 2911      1B50E0B1 
 2911      375B431C 
 2911      221D08DB 
 2911      B839528A 
 2912 0047 0967AAFC 		.ascii	"\011g\252\374\365\237\331\244\325\345N\015\337\246U"
 2912      F59FD9A4 
 2912      D5E54E0D 
ARM GAS  /tmp/ccAatBS2.s 			page 65


 2912      DFA655
 2913 0056 29C08F3B 		.ascii	")\300\217;\225\033\225=v\245\306\036\273PS\207\021\251"
 2913      951B953D 
 2913      76A5C61E 
 2913      BB505387 
 2913      11A9
 2914 0068 BE32F980 		.ascii	"\2762\371\200\210-\355r\036\310eM\257\302\270\250i4"
 2914      882DED72 
 2914      1EC8654D 
 2914      AFC2B8A8 
 2914      6934
 2915 007a 5FFD0198 		.ascii	"_\375\001\230\351T\254"
 2915      E954AC
 2916              		.text
 2917              		.section	.gnu.lto_.refs.47c11010bdbac471,"e",%progbits
 2918 0000 789C0DC8 		.ascii	"x\234\015\310!\016\000 \020\003\301m\217\004\203\305"
 2918      210E0020 
 2918      1003C16D 
 2918      8F0483C5 
 2919 0010 62C985FF 		.ascii	"b\311\205\377\377\217\2121\323\300\304*\344\025;N\334"
 2919      FF8F8A31 
 2919      D3C0C42A 
 2919      E4153B4E 
 2919      DC
 2920 0021 E8FCC365 		.ascii	"\350\374\303e\0313\340\003\032\203\001\023"
 2920      1933E003 
 2920      1A830113 
 2921              		.text
 2922              		.section	.gnu.lto_.decls.47c11010bdbac471,"e",%progbits
 2923 0000 789C8D58 		.ascii	"x\234\215XyTTG\272\257\257\252\351n.\2550J\216:\311"
 2923      79545447 
 2923      BAAFAFAA 
 2923      E96E2EAD 
 2923      304A8E3A 
 2924 0015 A82FC717 		.ascii	"\250/\307\0279\2237\264\015\211:\363G\306(0\307\211"
 2924      399337B4 
 2924      0D893AF3 
 2924      47C62830 
 2924      C789
 2925 0027 713C989C 		.ascii	"q<\230\234\223\361\237\236\226\356\004\336\260M\323"
 2925      93F19F9E 
 2925      96EE04DE 
 2925      B04DD3
 2926 0036 3ABE77DE 		.ascii	":\276w\336{\347\012(.lj\214\270\004\321\250H\\ &$\356"
 2926      7BE70A28 
 2926      2E6C6A8C 
 2926      B804D1A8 
 2926      485C2026 
 2927 004c B4B8E112 		.ascii	"\264\270\341\022E'F%\010\270\202b\224(F\\y_\325\335"
 2927      45274625 
 2927      08B88262 
 2927      9428465C 
 2927      795FD5DD 
 2928 0060 1ABA3D27 		.ascii	"\032\272='\015uo\335\252\337\367\373\226\372\252n\325"
 2928      0D756FDD 
 2928      AADFF7FB 
 2928      96FAAA6E 
ARM GAS  /tmp/ccAatBS2.s 			page 66


 2928      D5
 2929 0071 BD388490 		.ascii	"\2758\204\220\"\023!\323\200\220^\3741B\310\031,f,\177"
 2929      221321D3 
 2929      80905EFC 
 2929      3142C819 
 2929      2C662C7F 
 2930 0085 C6B68FF0 		.ascii	"\306\266\217\360\376\017\274\377/\026?\326\347\343\235"
 2930      FE0FBCFF 
 2930      2F163FD6 
 2930      E7E39D
 2931 0094 A8FD8BB1 		.ascii	"\250\375\213\261^\202e\031\226\345X\326bY\207\205b\337"
 2931      5E826519 
 2931      96E558D6 
 2931      62598785 
 2931      62DF
 2932 00a6 6778DFA3 		.ascii	"gx\337\243b\265\337\020$\177\011\357\251X\006a\211\016"
 2932      62B5DF10 
 2932      247F09EF 
 2932      A9580661 
 2932      890E
 2933 00b8 D0F10A96 		.ascii	"\320\361\012\226\241Xf`\331\013\212\316l,K\261L\306"
 2933      A1586660 
 2933      D90B8ACE 
 2933      6C2C4BB1 
 2933      4CC6
 2934 00ca B29FEBC7 		.ascii	"\262\237\353\307R\207\345\000\226Z,5X\252\261l\306\202"
 2934      5287E500 
 2934      965A2C35 
 2934      58AAB16C 
 2934      C682
 2935 00dc 2E90B7F0 		.ascii	".\220\267\360>\021\313N,\337`a\252\215\313U\033_d\327"
 2935      3E11CB4E 
 2935      2CDF6061 
 2935      AA8DCB55 
 2935      1B5F64D7 
 2936 00f0 08044AAA 		.ascii	"\010\004J\252]\375u\327\367\363\275\\\225\345\372JT"
 2936      5DFD75D7 
 2936      F7F3BD5C 
 2936      95E5FA4A 
 2936      54
 2937 0101 7FB9DF5C 		.ascii	"\177\271\337\\\017\250\374\201\277\245\014\006\201\011"
 2937      0FA8FC81 
 2937      BFA50C06 
 2937      8109
 2938 010f AFD13052 		.ascii	"\257\3210R\324\255\342\352'\242IVz\374\204Q\262\232"
 2938      D4ADE2EA 
 2938      27A24956 
 2938      7AFC8451 
 2938      B29A
 2939 0121 D1DA3B4F 		.ascii	"\321\332;Ok\302$Y\226\273d\177~8\302j\001\276\342\304"
 2939      6BC22459 
 2939      96BB647F 
 2939      7E38C26A 
 2939      01BEE2C4 
 2940 0135 6831D861 		.ascii	"h1\330a\014B\012\256\335\273:p\020B\362e\271\202\302"
 2940      0C420AAE 
 2940      DDBB3A70 
ARM GAS  /tmp/ccAatBS2.s 			page 67


 2940      1042F265 
 2940      B982C2
 2941 0148 68D805F0 		.ascii	"h\330\005\3605\207\240\341\034\306yG\003\037\311HQ#"
 2941      3587A0E1 
 2941      1CC67947 
 2941      031FC948 
 2941      5123
 2942 015a 2C8233DF 		.ascii	",\2023\337>|\363\344\000\311\2572\023\225\030\352\000"
 2942      3E7CF3E4 
 2942      00C9AF32 
 2942      139518EA 
 2942      00
 2943 016b 4613D80F 		.ascii	"F\023\330\017\260\017\020\264?\377~\227\315\340\366"
 2943      B00F10B4 
 2943      3FFF7E97 
 2943      CDE0F6
 2944 017a 4328F268 		.ascii	"C(\362h\370#\213FJs\311\203\226m\246\227\001$,\024\016"
 2944      F8238B46 
 2944      4A73C983 
 2944      966DA697 
 2944      01242C14 
 2945 018f 039277C8 		.ascii	"\003\222w\310\013\206\022\210\2071(r\030E\016\001\034"
 2945      0B861288 
 2945      87312872 
 2945      18450E01 
 2945      1C
 2946 01a0 815C5936 		.ascii	"\201\\Y6\341\223\020\035/\256\0266\214\023\224W\237"
 2946      E193101D 
 2946      2FAE1636 
 2946      8C139457 
 2946      9F
 2947 01b1 B966D309 		.ascii	"\271f\323\011N(\004;u\202\023Hp\034\340$'x\032\211\217"
 2947      4E28043B 
 2947      75821348 
 2947      701CE024 
 2947      27781A89 
 2948 01c6 4276ACB8 		.ascii	"Bv\254\270R6\2343\\l9_\315t\2063\012C\251\316p\006\031"
 2948      52369C33 
 2948      5C6C395F 
 2948      CD748633 
 2948      0A43A9CE 
 2949 01dd 1A01CE72 		.ascii	"\032\001\316r\006\033>\011\3217\331\253\212\033o\260"
 2949      061B3E09 
 2949      D137D9AB 
 2949      8A1B6FB0 
 2950 01ed D794CA18 		.ascii	"\327\224\312\030q5\261\337r\312\326\265\227.\230\221"
 2950      7135B1DF 
 2950      72CAD6B5 
 2950      972E9891 
 2951 01fd 8EB3A2D8 		.ascii	"\216\263\242\330\377@327+\314\025:s32\377\000\320\004"
 2951      FF403332 
 2951      372BCC15 
 2951      3A733332 
 2951      FF00D004 
 2952 0211 6230A920 		.ascii	"b0\251 \210b\261\204\305+\224#\330\037\224\312p\366"
 2952      8862B184 
 2952      C52B9423 
ARM GAS  /tmp/ccAatBS2.s 			page 68


 2952      D81F94CA 
 2952      70F6
 2953 0223 9652F90D 		.ascii	"\226R\371\015\233HX\022\327\260\244\361d\233\260\030"
 2953      9B485812 
 2953      D7B0A4F1 
 2953      649BB018 
 2954 0233 FFC58074 		.ascii	"\377\305\200t\344\351\003B\240\003\231o\002\334B\255"
 2954      E4E90342 
 2954      A003996F 
 2954      02DC42AD 
 2955 0243 1DC2733E 		.ascii	"\035\302s>\224#\260\316\376L\330\207\304.\213\337\372"
 2955      9423B0CE 
 2955      FE4CD887 
 2955      C42E8BDF 
 2955      FA
 2956 0254 F508BBAD 		.ascii	"\365\010\273\255\244Z!D\260\215\240h\031$\256\021\254"
 2956      A45A2144 
 2956      B08DA068 
 2956      1924AE11 
 2956      AC
 2957 0265 0AB8A647 		.ascii	"\012\270\246G\365GoD\032\276<\355e\320\215\274\335\\"
 2957      F5476F44 
 2957      1ABE3CED 
 2957      65D08DBC 
 2957      DD5C
 2958 0277 ED6DF9C2 		.ascii	"\355m\371\302\3340\002-\000\227\270\332n\344\273\017"
 2958      DC30022D 
 2958      0097B8DA 
 2958      6EE4BB0F 
 2959 0287 704F7188 		.ascii	"pOq\210q\341\322\371\363\006\250\302\024zT[F`M\030\335"
 2959      71E1D2F9 
 2959      F306A8C2 
 2959      147A545B 
 2959      46604D18 
 2960 029c 981B6074 		.ascii	"\230\033`t\017J\377\014\360\020\3306L\270cX\276\305"
 2960      0F4AFF0C 
 2960      F010D836 
 2960      4CB86358 
 2960      BEC5
 2961 02ae 82E16768 		.ascii	"\202\341gh#\313\247\204\255\304\262\005\313N\252\314"
 2961      23CBA784 
 2961      ADC4B205 
 2961      CB4EAACC 
 2962 02be 8806C55E 		.ascii	"\210\006\305^\277\211\035T[\"1\001\333\266\354x\010"
 2962      BF891D54 
 2962      5B223101 
 2962      DBB6EC78 
 2962      08
 2963 02cf A1F27F3E 		.ascii	"\241\362\177>\345\371?\217\"\346t]K+\013\234\000;\001"
 2963      E5F93F8F 
 2963      22E6745D 
 2963      4B2B0B9C 
 2963      003B01
 2964 02e2 F8648702 		.ascii	"\370d\207\002*p<\333\357\\^\271\233\366I\344\376 v\\"
 2964      2A703CDB 
 2964      EF5C5EB9 
 2964      9BF649E4 
ARM GAS  /tmp/ccAatBS2.s 			page 69


 2964      FE20765C 
 2965 02f6 553B02E1 		.ascii	"U;\002\341k\2779\276M\012\245v\261P\273\210\253m\254"
 2965      6BBF39BE 
 2965      4D0AA576 
 2965      B150BB88 
 2965      AB6DAC
 2966 0309 919F8469 		.ascii	"\221\237\204i\224\000\257\351\214\205T\3408\333k8\357"
 2966      9400AFE9 
 2966      8C8554E0 
 2966      38DB6B38 
 2966      EF
 2967 031a 98B8A3F3 		.ascii	"\230\270\243\363bB?\234\277\271<B\022\341\366\347\352"
 2967      62423F9C 
 2967      BFB93C42 
 2967      12E1F6E7 
 2967      EA
 2968 032b E186120A 		.ascii	"\341\206\022\012\257\021(\246P\304\251\253>\233\237"
 2968      AF1128A6 
 2968      50C4A9AB 
 2968      3E9B9F
 2969 033a 1B6E5097 		.ascii	"\033nP\227\322 n\326\244Z\373G\204\327\235<x\311\032"
 2969      D2206ED6 
 2969      A45AFB47 
 2969      84D79D3C 
 2969      78C91A
 2970 034d CADA8F85 		.ascii	"\312\332\217\205\265\3138e\373\236EU\222B\271\340o\360"
 2970      B5CB3865 
 2970      FB9E4555 
 2970      9242B9E0 
 2970      6FF0
 2971 035f 8A4EB89C 		.ascii	"\212N\270\234\012\030'{\005zA\334\010k\023\266\236<"
 2971      0A18277B 
 2971      057A41DC 
 2971      086B13B6 
 2971      9E3C
 2972 0371 52D40092 		.ascii	"R\324\000\222H\364\372\271L\311t(\243\360\012\201\025"
 2972      48F4FAB9 
 2972      4CC97428 
 2972      A3F00A81 
 2972      15
 2973 0382 143EE1B4 		.ascii	"\024>\341\264\335\235\317\017\015\320iW\322 ^\326\301"
 2973      DD9DCF0F 
 2973      0DD06957 
 2973      D2205ED6 
 2973      C1
 2974 0393 A9661CDE 		.ascii	"\251f\034\336z\372\240-f\360(\376\213\0365\212Wb\370"
 2974      7AFAA02D 
 2974      66F028FE 
 2974      8B1E358A 
 2974      5762F8
 2975 03a6 556DD29B 		.ascii	"Um\322\233\243EG\014\376\220\263\347\341\371\226\033"
 2975      A345470C 
 2975      FE90B3E7 
 2975      E1F9961B 
 2976 03b6 E3F2C2E0 		.ascii	"\343\362\302\340S$\373Q\3446t\002\021\216.\360\233\364"
 2976      5324FB51 
 2976      E4367402 
ARM GAS  /tmp/ccAatBS2.s 			page 70


 2976      118E2EF0 
 2976      9BF4
 2977 03c8 356B0D45 		.ascii	"5k\015E\004|Fa=\205u\024p|\313\371\302\316\263\262\263"
 2977      047C4661 
 2977      3D857514 
 2977      707CCBF9 
 2977      C2CEB3B2 
 2978 03dd B2A4782E 		.ascii	"\262\244x.\324\017\305\345\006\256\000\207\305\211\351"
 2978      D40FC5E5 
 2978      06AE0087 
 2978      C589E9
 2979 03ec 6AE729B0 		.ascii	"j\347)\260\226\302e\205\256\265`\321@\004\375\225p\204"
 2979      96C26585 
 2979      AEB560D1 
 2979      4004FD95 
 2979      7084
 2980 03fe 163D3B16 		.ascii	"\026=;\026\207`\271\025\300r-\004\313U\340\260\232\233"
 2980      8760B915 
 2980      C0722D04 
 2980      CB55E0B0 
 2980      9A9B
 2981 0410 0547FD13 		.ascii	"\005G\375\023m\034t#\004\350\272\002\352P@\035\000\355"
 2981      6D1C7423 
 2981      04E8BA02 
 2981      EA50401D 
 2981      00ED
 2982 0422 02745DD3 		.ascii	"\002t]\323\246\302\034\301\3765\010\347j(l\241\260\221"
 2982      A6C21CC1 
 2982      FE3508E7 
 2982      6A286CA1 
 2982      B091
 2983 0434 C206EE1C 		.ascii	"\302\006\356\034\007\335n\237_\014\245s\031\247i\003"
 2983      07DD6E9F 
 2983      5F0CA573 
 2983      19A76903 
 2984 0444 8EE96B3A 		.ascii	"\216\351k:bjZ\012\216\312Q\3716\330D\341NhH_]\237S\016"
 2984      626A5A0A 
 2984      8ECA51F9 
 2984      36D844E1 
 2984      4E68485F 
 2985 045c 455C1585 		.ascii	"E\\\025\205J-\212\2274\377\273\001~\002\016\350RW\011"
 2985      4A2D8A97 
 2985      34FFBB01 
 2985      7E020EE8 
 2985      525709
 2986 046f 61F5660A 		.ascii	"a\365f\012w\2258\376\240\307qS\25086k<=\302\373M\\\016"
 2986      779538FE 
 2986      A0C77153 
 2986      A838366B 
 2986      3C3DC2FB 
 2987 0486 1E04F238 		.ascii	"\036\004\3628T\032\2113\350\203\376Hao\322\374\335J"
 2987      541A8933 
 2987      E883FE48 
 2987      616FD2FC 
 2987      DD4A
 2988 0498 E1F12F71 		.ascii	"\341\361/q\246\232r(\342\266i\236\\\324,\300\370?\001"
 2988      A69A7228 
ARM GAS  /tmp/ccAatBS2.s 			page 71


 2988      E2B6699E 
 2988      5CD42CC0 
 2988      F83F01
 2989 04ab DEDB27FE 		.ascii	"\336\333'\376\3335\013.\350\216l\015\241%\012[u\343"
 2989      DB350B2E 
 2989      E88E6C0D 
 2989      A1250A5B 
 2989      75E3
 2990 04bd 9E0AE3F2 		.ascii	"\236\012\343\362\025\305\312\353\021\216\212\341\332"
 2990      15C5CAEB 
 2990      118E8AE1 
 2990      DA
 2991 04ca 4D6117CE 		.ascii	"Ma\027\316\010\012\337P\370\032i(|E\341K\012_h\326<"
 2991      080ADF50 
 2991      F81A6928 
 2991      7C45E14B 
 2991      0A5F68D6 
 2992 04df 0DC8AB83 		.ascii	"\015\310\253\203\300E\002Rf\007\205z\305\357S\005\005"
 2992      C0450252 
 2992      6607857A 
 2992      C5EF5305 
 2992      05
 2993 04f0 AA31357D 		.ascii	"\25215}\215\251\025)\325\365D\2439\001pL\3204@\037\236"
 2993      8DA91529 
 2993      D5F544A3 
 2993      3901704C 
 2993      D034401F 
 2994 0505 A34AEA3D 		.ascii	"\243J\352=VR\357\014\300i\201:\325\027\365\255\202z"
 2994      5652EF0C 
 2994      C069813A 
 2994      D517F5AD 
 2994      827A
 2995 0517 A467F177 		.ascii	"\244g\361w!L\372\227\002\352\321A\337\207\000\235S@"
 2995      214CFA97 
 2995      02EAD141 
 2995      DF87009D 
 2995      5340
 2996 0529 77155033 		.ascii	"w\025P3\300E\001\272\320W\337y\005u\247\375\210\034"
 2996      C04501BA 
 2996      D057DF79 
 2996      0575A7FD 
 2996      881C
 2997 053b B5DE866B 		.ascii	"\265\336\206kd\253@\265\004\246\326\016\356\260\010"
 2997      64AB40B5 
 2997      04A6D60E 
 2997      EEB008
 2998 054a C2E9F69F 		.ascii	"\302\351\366\237\254\015~>\352Aap\004\017\300\021\021"
 2998      AC0D7E3E 
 2998      EA416170 
 2998      040FC011 
 2998      11
 2999 055b FD7D14F6 		.ascii	"\375}\024\366R\330\243\315\227\336\312\323\262\310\237"
 2999      52D8A3CD 
 2999      97DECAD3 
 2999      B2C89F
 3000 056a 0300BB41 		.ascii	"\003\000\273A\014\217\272\2331\362\347T\345<\241\246"
 3000      0C8FBA9B 
ARM GAS  /tmp/ccAatBS2.s 			page 72


 3000      31F2E754 
 3000      E53CA1A6 
 3001 057a 06D58402 		.ascii	"\006\325\204\002\344\313e\\M\036\205\\D\034\026:~\004"
 3001      E4CB655C 
 3001      4D1E855C 
 3001      441C163A 
 3001      7E04
 3002 058c 384461BF 		.ascii	"8Da\277\246\246\360f\276\240\250C\300>cE\024<\201\034"
 3002      A6A6F066 
 3002      BEA0A843 
 3002      C03E6345 
 3002      143C811C 
 3003 05a0 4A071CA4 		.ascii	"J\007\034\244\210\344\300z\012\007\360\325\244\321\224"
 3003      88E4C07A 
 3003      0A07F0D5 
 3003      A4D194
 3004 05af 54A9D62E 		.ascii	"T\251\326.\240\220/0\032\2231\273\213\253\374rT\256"
 3004      A0902F30 
 3004      1A9331BB 
 3004      8BABFC72 
 3004      54AE
 3005 05c1 0D965058 		.ascii	"\015\226PX\370\002H\021\207\314\265\301*\012KCC\272"
 3005      F8024811 
 3005      87CCB5C1 
 3005      2A0A4B43 
 3005      43BA
 3006 05d3 0AABCC44 		.ascii	"\012\253\314DX\253f\364j*\232\277mW\374\330\255\370"
 3006      58AB66F4 
 3006      6A2A9ABF 
 3006      6D57FCD8 
 3006      ADF8
 3007 05e5 11148A9A 		.ascii	"\021\024\212\232\225\341\242c.\325\004eU\260\322L\204"
 3007      95E1A263 
 3007      2ED50465 
 3007      55B0D24C 
 3007      84
 3008 05f6 94DADCAB 		.ascii	"\224\332\334\253\245\261\205\210\270\252\315\317\325"
 3008      A5B18588 
 3008      B8AACDCF 
 3008      D5
 3009 0603 81ADC4E6 		.ascii	"\201\255\304\346\317\214\346g|\247B?\371nC\2714\230"
 3009      CF8CE667 
 3009      7CA7423F 
 3009      F96E43B9 
 3009      3498
 3010 0615 07CB1F18 		.ascii	"\007\313\037\030\360\271\375\003\216\320\015+\327\335"
 3010      F0B9FD03 
 3010      8ED00D2B 
 3010      D7DD
 3011 0623 6503C41E 		.ascii	"e\003\304\036\244\242\336\004\307\214\3448\316_@\255"
 3011      A4A2DE04 
 3011      C78CE438 
 3011      CE5F40AD 
 3012 0633 8CB0EB58 		.ascii	"\214\260\353X\272\030\202M\207\277\\\274\304\024\303"
 3012      BA18824D 
 3012      87BF5CBC 
 3012      C414C3
ARM GAS  /tmp/ccAatBS2.s 			page 73


 3013 0642 897BBAD7 		.ascii	"\211{\272\327\356\235\207\206\236\306\314\327=8)<\220"
 3013      EE9D8786 
 3013      9EC6CCD7 
 3013      3D38293C 
 3013      90
 3014 0653 319794E7 		.ascii	"1\227\224\347S\224\367\213NVe\342\332n-^\267 rp\037"
 3014      5394F78B 
 3014      4E5665E2 
 3014      DA6E2D5E 
 3014      B7207270 
 3015 0668 50A301E2 		.ascii	"P\243\001\342\226\267\\\232\027i\323\3159c\230s\226"
 3015      96B75C9A 
 3015      1769D3CD 
 3015      39639873 
 3015      96
 3016 0679 9BB3C384 		.ascii	"\233\263\303\204{\036,\373\260\034\345\214&\377\216"
 3016      7B1E2CFB 
 3016      B01CE58C 
 3016      26FF8E
 3017 0688 AEBA8183 		.ascii	"\256\272\201\203c\372P^\300\351\241Rb\353\316\306\033"
 3017      63FA505E 
 3017      C0E9A152 
 3017      62EBCEC6 
 3017      1B
 3018 0699 8D0EC25B 		.ascii	"\215\016\302[\276\327-=\207{\247g\302\242\205\237\356"
 3018      BED72D3D 
 3018      877BA767 
 3018      C2A2859F 
 3018      EE
 3019 06aa 9D27F5B5 		.ascii	"\235'\365\265\350\242!\316w*\267\326\257\013\260\250"
 3019      E8A221CE 
 3019      772AB7D6 
 3019      AF0BB0A8 
 3020 06ba C9B0E807 		.ascii	"\311\260\350\007n\321\2020\004Y\017\365\024\177j\345"
 3020      6ED18230 
 3020      04590FF5 
 3020      147F6AE5 
 3021 06ca EF638E2B 		.ascii	"\357c\216+9X\254\254\264?\340V\227Bk\320\262\303\007"
 3021      3958ACAC 
 3021      B43FE056 
 3021      97426BD0 
 3021      B2C307
 3022 06dd AE280FA3 		.ascii	"\256(\017\243\327\332\317\246\240\231\330\"\304q\304"
 3022      D7DACFA6 
 3022      A099D822 
 3022      C471C4
 3023 06ec DA285CD2 		.ascii	"\332(\\\322\026\276\342\000\376\357\202\370\035\334"
 3023      16BEE200 
 3023      FEEF82F8 
 3023      1DDC
 3024 06fa E8A71BBF 		.ascii	"\350\247\033\277\277\004\203\203\350.\366\247cEa\204"
 3024      BF048383 
 3024      E82EF6A7 
 3024      63456184 
 3025 070a AD085376 		.ascii	"\255\010SvCQ\312\031\012\217.\246=\325\265G\302\372"
 3025      4351CA19 
 3025      0A8F2EA6 
ARM GAS  /tmp/ccAatBS2.s 			page 74


 3025      3DD5B547 
 3025      C2FA
 3026 071c 45B59DC2 		.ascii	"E\265\235\302\015#\252=\245\235\245%\350\0026]\325]"
 3026      0D23AA3D 
 3026      A59DA525 
 3026      E802365D 
 3026      D55D
 3027 072e B882613D 		.ascii	"\270\202a=\301\003B\027u?\317\3557\320\035\206<?A\335"
 3027      C1034217 
 3027      753FCFED 
 3027      37D01D86 
 3027      3C3F41DD 
 3028 0742 695D4E8D 		.ascii	"i]N\215\260\3364\234\270%6\235\322\236\362\272J\312"
 3028      B0DE349C 
 3028      B825369D 
 3028      D29EF2BA 
 3028      4ACA
 3029 0754 3739A30C 		.ascii	"79\243\0147\256S\270\206y|\207B\247p\343G|\007R\270"
 3029      37AE53B8 
 3029      86797C87 
 3029      42A770E3 
 3029      477C0752 
 3030 0769 AD05E679 		.ascii	"\255\005\346yw\227\230s\267D\\:\015J1\365\324\300?\276"
 3030      77979873 
 3030      B7445C3A 
 3030      0D4A31F5 
 3030      D4C03FBE 
 3031 077d A74CCCCB 		.ascii	"\247L\314\313\270\034\013P\3602\366\010wj\235\375\374"
 3031      B81C0B50 
 3031      F032F608 
 3031      776A9DFD 
 3031      FC
 3032 078e 126F1C95 		.ascii	"\022o\034\225\377,\036\257\202\371E\340\237\257)\376"
 3032      FF2C1EAF 
 3032      82F945E0 
 3032      9FAF29FE 
 3033 079e DE3A38C8 		.ascii	"\336:8\310\342\216\020\026#\372\313\355]\347-F\020\272"
 3033      E28E1016 
 3033      23FACBED 
 3033      5DE72D46 
 3033      10BA
 3034 07b0 0CC69F78 		.ascii	"\014\306\237xn\375\013\007\347\234\310\257\225+V\235"
 3034      6EFD0B07 
 3034      E79CC8AF 
 3034      952B569D 
 3035 07c0 304B31FA 		.ascii	"0K1\372)'pO\371\000\217 \250\342g\012"
 3035      2927704F 
 3035      F9008F20 
 3035      A8E2670A 
 3036 07d0 0F292AB6 		.ascii	"\017)*\266\342\023\334\327M\277G\011\357\347\307\215"
 3036      E213DCD7 
 3036      4DBF4709 
 3036      EFE7C78D 
 3037 07e0 1178674D 		.ascii	"\021xgM\310y\205s\232w\236\250^j\223\002(\027\0155\030"
 3037      C8798573 
 3037      9A779EA8 
 3037      5E6A9302 
ARM GAS  /tmp/ccAatBS2.s 			page 75


 3037      28170D35 
 3038 07f5 1F23E313 		.ascii	"\037#\343\023\012O)\257\212#\347c\334\261\232\252+\353"
 3038      0A4F29AF 
 3038      8A23E763 
 3038      DCB19AAA 
 3038      2BEB
 3039 0807 97813546 		.ascii	"\227\2015F\300\3330\022\217\251\"\361\234\3023\341\237"
 3039      C0DB3012 
 3039      8FA922F1 
 3039      9CC233E1 
 3039      9F
 3040 0818 6645CF8E 		.ascii	"fE\317\216\273\025\327\207\020\336\372H\267\245Gl\214"
 3040      BB15D787 
 3040      10DEFA48 
 3040      B7A5476C 
 3040      8C
 3041 0829 6FF6E477 		.ascii	"o\366\344wF\362\363>|\004Y\310\331X\177l+\364\3135L"
 3041      46F2F33E 
 3041      7C0459C8 
 3041      D9587F6C 
 3041      2BF4CB35 
 3042 083e 6E9919B9 		.ascii	"n\231\031\271\366x\325\3124\302[\372\254\226<\334\265"
 3042      F678D5CA 
 3042      34C25BFA 
 3042      AC963CDC 
 3042      B5
 3043 084f 5FF78A3C 		.ascii	"_\367\212<\227\375\272(\325E\021p\271\264\371\276\331"
 3043      97FDBA28 
 3043      D5451170 
 3043      B9B4F9BE 
 3043      D9
 3044 0860 58DE7299 		.ascii	"X\336r\231\036\341<&\000{w\177\276\327\"\254\311c\320"
 3044      1EE13C26 
 3044      007B777F 
 3044      BED722AC 
 3044      C963D0
 3045 0873 CB77E57B 		.ascii	"\313w\345{:+k#\206\310\374\220!GC\252\376J\235\207\001"
 3045      3A2B6B23 
 3045      86C8FC90 
 3045      214743AA 
 3045      FE4A9D87 
 3046 0888 CF57848E 		.ascii	"\317W\204\216\334l\222\255\306\270\3153X\347+\2003\373"
 3046      DC6C92AD 
 3046      C6B8CD33 
 3046      58E72B80 
 3046      33FB
 3047 089a F3CF46E0 		.ascii	"\363\317F\340\236\225\217\263\311\015\000\027\306\342"
 3047      9E958FB3 
 3047      C90D0017 
 3047      C6E2
 3048 08a8 45223318 		.ascii	"E\"3\030\211\226\251L\315nF%&1\267\324\000\303c\272"
 3048      8996A94C 
 3048      CD6E4625 
 3048      2631B7D4 
 3048      00C363BA 
 3049 08bc D9042B8D 		.ascii	"\331\004+\215\211\224\254\233\017B\224\024f\245\264"
 3049      8994AC9B 
ARM GAS  /tmp/ccAatBS2.s 			page 76


 3049      0F429414 
 3049      66A5B4
 3050 08cb C3E29662 		.ascii	"\303\342\226b\036\343F\251\302<r\202lr\027\276\324a"
 3050      1EE346A9 
 3050      C23C7282 
 3050      6C7217BE 
 3050      D461
 3051 08dd 9169E9D4 		.ascii	"\221i\351\324\350\370\011x\355\2604\200\033\245\246"
 3051      E8F80978 
 3051      EDB03480 
 3051      1BA5A6
 3052 08ec 99AC5158 		.ascii	"\231\254QX\353\260H\335\254\242\310\354\376\226.\030"
 3052      EBB048DD 
 3052      ACA2C8EC 
 3052      FE962E18 
 3053 08fc 8DBB17C9 		.ascii	"\215\273\027\311\035\027\215\346O\260Z\207G\326\263"
 3053      1D178DE6 
 3053      4FB05A87 
 3053      47D6B3
 3054 090b 7A3C2613 		.ascii	"z<&\023\253\265f\373KR\207%\022)b\334#\243\334##\033"
 3054      ABB566FB 
 3054      4B528725 
 3054      122962DC 
 3054      23A3DC23 
 3055 0921 20CCED96 		.ascii	" \314\355\226\242c\010\032\341\216\213\233@%d6Y\033"
 3055      A263081A 
 3055      E18E8B9B 
 3055      40256436 
 3055      591B
 3056 0933 208E812D 		.ascii	" \216\201-N\276\3349D\012\223\302\207\217\214!\304M"
 3056      4EBEDC39 
 3056      440A93C2 
 3056      878F8C21 
 3056      C44D
 3057 0945 92F8AE88 		.ascii	"\222\370\256\210\365j?\260\240N\267\361\010\020#\321"
 3057      F56A3FB0 
 3057      A04EB7F1 
 3057      081023D1 
 3058 0955 38CADEE9 		.ascii	"8\312\336\351\260\020B\351H\0345\223\325f\003\314\033"
 3058      B01042E9 
 3058      481C3593 
 3058      D56603CC 
 3058      1B
 3059 0966 6BB8F31D 		.ascii	"k\270\363\035\367\2648\211tX0\023i\264\011G\016\014"
 3059      F7B43889 
 3059      74583013 
 3059      69B40947 
 3059      0E0C
 3060 0978 49099710 		.ascii	"I\011\227\020x6\016\327&\361\307/\240^\200?\202\362"
 3060      78360ED7 
 3060      26F1C72F 
 3060      A05E803F 
 3060      82F2
 3061 098a 194D53A3 		.ascii	"\031MS\243\374\260\235\252h\016\001\005\255\335\210"
 3061      FCB09DAA 
 3061      680E0105 
 3061      ADDD88
ARM GAS  /tmp/ccAatBS2.s 			page 77


 3062 0999 86C2F0AB 		.ascii	"\206\302\360\253<T\375z\004\212\214\252\204_\003\310"
 3062      3C54FD7A 
 3062      048A8CAA 
 3062      845F03C8 
 3063 09a9 7588520D 		.ascii	"u\210R\015\320\246`\025\200.\253V\271\016\241\204\022"
 3063      D0A66015 
 3063      802EAB56 
 3063      B90EA184 
 3063      12
 3064 09ba 3064845C 		.ascii	"0d\204\\\037\303\011\351c\244\246\216h\374J\272\256"
 3064      1FC309E9 
 3064      63A4A68E 
 3064      68FC4ABA 
 3064      AE
 3065 09cb DD7FFEBF 		.ascii	"\335\177\376\277o`\330\344\015\327\226,\267@T\351\004"
 3065      6F60D8E4 
 3065      0DD7962C 
 3065      B74054E9 
 3065      04
 3066 09dc 026C8D99 		.ascii	"\002l\215\231\260Cf\362ji\251\334\323\362s\327\037\326"
 3066      B04366F2 
 3066      6A69A9DC 
 3066      D3F273D7 
 3066      1FD6
 3067 09ee E0E157E6 		.ascii	"\340\341W\346S\022\363n\021\323&\304BL\317\005\014\012"
 3067      5312F36E 
 3067      11D326C4 
 3067      424CCF05 
 3067      0C0A
 3068 0a00 5821340D 		.ascii	"X!4\015c\367Qf\241\205S\026\354)>!\205H\347b\304g\011"
 3068      63F75166 
 3068      A1855316 
 3068      EC293E21 
 3068      8548E762 
 3069 0a17 A5B537CF 		.ascii	"\245\2657\317\375\010\257\226\225\312][\012\013pG$\270"
 3069      FD08AF96 
 3069      95CA5D5B 
 3069      0A0B7047 
 3069      24B8
 3070 0a29 8B1914E9 		.ascii	"\213\031\024\351\334\205\006\367\251al\225\340\375\252"
 3070      DC8506F7 
 3070      A9616C95 
 3070      E0FDAA
 3071 0a38 A4BD7DA0 		.ascii	"\244\275}\240\2308\270\334\342<\2467J\357~70\204\242"
 3071      9838B8DC 
 3071      E23CA637 
 3071      4AEF7E37 
 3071      3084A2
 3072 0a4b A528BC44 		.ascii	"\245(\274D\231\026\033\333\026\336\210x\265L\274=j\366"
 3072      99161BDB 
 3072      16DE8878 
 3072      B54CBC3D 
 3072      6AF6
 3073 0a5d 8C3C9057 		.ascii	"\214<\220W\021\303\017\315\245\272\242R\376\215\221"
 3073      11C30FCD 
 3073      A5BAA252 
 3073      FE8D91
ARM GAS  /tmp/ccAatBS2.s 			page 78


 3074 0a6c B04D42C3 		.ascii	"\260MB\303\225\252\035\315\341\034]s:\257\300\037E9"
 3074      95AA1DCD 
 3074      E11C5D73 
 3074      3AAFC01F 
 3074      4539
 3075 0a7e F4631DFA 		.ascii	"\364c\035\372\261\002\255\261\340\006\305\022\264\256"
 3075      B102ADB1 
 3075      E006C512 
 3075      B4AE
 3076 0a8c B087A2AD 		.ascii	"\260\207\242\255\264\340A\021\0151Qa%\323\246jk\363"
 3076      B4E04111 
 3076      0D315161 
 3076      25D3A66A 
 3076      6BF3
 3077 0a9e EA5E1062 		.ascii	"\352^\020b\253\030\2241l9\265\272~\241\322\202+\334"
 3077      AB189431 
 3077      6C39B5BA 
 3077      7EA1D282 
 3077      2BDC
 3078 0ab0 6ADE72F7 		.ascii	"j\336r\367\2135\265\003D\013\256gkx\313\215M\017\333"
 3078      8B35B503 
 3078      440BAE67 
 3078      6B78CB8D 
 3078      4D0FDB
 3079 0ac3 43395B8E 		.ascii	"C9[\216\316~\252\020\177\336\326\275\335,\234\305\265"
 3079      CE7EAA10 
 3079      7FDED6BD 
 3079      DD2C9CC5 
 3079      B5
 3080 0ad4 F018AC91 		.ascii	"\360\030\254\221q\213Z\316`\205\356\301'\212\007yV\216"
 3080      718B5ACE 
 3080      6085EEC1 
 3080      278A0779 
 3080      568E
 3081 0ae6 7E52BBE2 		.ascii	"~R\273\342\266Y\015M\333.=4\025:\272BA/\023\350S\025"
 3081      B6590D4D 
 3081      DB2E3D34 
 3081      153ABA42 
 3081      412F13E8 
 3082 0afc ADE7CCFF 		.ascii	"\255\347\314\377^&\022\302\377\326\\\331/^\036\3539"
 3082      5E2612C2 
 3082      FFD65CD9 
 3082      2F5E1EEB 
 3082      39
 3083 0b0d 587DE510 		.ascii	"X}\345\020|\"\205\260\177\030[o%l3\2272\037nY\264\212"
 3083      7C2285B0 
 3083      7F185B6F 
 3083      256C3397 
 3083      321F6E59 
 3084 0b23 2A0B7E38 		.ascii	"*\013~8\205\315L\254\353\233\231X\315\363m\352\342\277"
 3084      85CD4CAC 
 3084      EB9B9958 
 3084      CDF36DEA 
 3084      E2BF
 3085 0b35 9161131E 		.ascii	"\221a\023\036 \031T2\266Mh[v\353I\265-\324'\222\317"
 3085      20195432 
 3085      B64D685B 
ARM GAS  /tmp/ccAatBS2.s 			page 79


 3085      76EB49B5 
 3085      2DD42792 
 3086 0b4a 193F693C 		.ascii	"\031?i<\340\037;[\253\256\264\332\214\257.C\365\327"
 3086      E01F3B5B 
 3086      ABAEB4DA 
 3086      8CAF2E43 
 3086      F5D7
 3087 0b5c EA162670 		.ascii	"\352\026&p|\2131\024'>\210\273,\377\037\373Bp\027\037"
 3087      7C8B3114 
 3087      273E88BB 
 3087      2CFF1FFB 
 3087      4270171F 
 3088 0b70 3FB5DA2C 		.ascii	"?\265\332,\311\375?\351lG\024\201mxZ\025#\362\223<\337"
 3088      C9FD3FE9 
 3088      6C471481 
 3088      6D785A15 
 3088      23F2933C 
 3089 0b85 6A9057B3 		.ascii	"j\220W\263 v\266\013\275<fU62\222\330\3104\362\027\347"
 3089      2076B60B 
 3089      BD3C6655 
 3089      363292D8 
 3089      C834F217 
 3090 0b9a D1A62775 		.ascii	"\321\246'utp\314(m\023\201\263\364+\006_\242\324\327"
 3090      7470CC28 
 3090      6D1381B3 
 3090      F42B065F 
 3090      A2D4D7
 3091 0bad 980B225E 		.ascii	"\230\013\"^;\031|\303\324\027M\313\246u|_\206\035;\364"
 3091      3B197CC3 
 3091      D4174DCB 
 3091      A6757C5F 
 3091      861D3BF4 
 3092 0bc1 C07FC1C4 		.ascii	"\300\177\301\304\313\177\315\356\016k\031?g3\330 D\225"
 3092      CB7FCDEE 
 3092      0E6B193F 
 3092      6733D820 
 3092      4495
 3093 0bd3 4F97C6C1 		.ascii	"O\227\306\301\244fun\276\034f\203\032\006U\002\320w"
 3093      A466756E 
 3093      BE1C6683 
 3093      1A065502 
 3093      D077
 3094 0be5 63C1D37F 		.ascii	"c\301\323\177oS\265\351\367\271V\354d\017\204\367\367"
 3094      6F53B5E9 
 3094      F7B956EC 
 3094      640F84F7 
 3094      F7
 3095 0bf6 CE161F08 		.ascii	"\316\026\037\010W\307\261Q\031G\024\334-\354R\354$\374"
 3095      57C7B151 
 3095      194714DC 
 3095      2DEC52EC 
 3095      24FC
 3096 0c08 69174EBC 		.ascii	"i\027N\274#\303\020\277\265\354\311\206p#\237\227\032"
 3096      23C310BF 
 3096      B5ECC986 
 3096      70239F97 
 3096      1A
ARM GAS  /tmp/ccAatBS2.s 			page 80


 3097 0c19 2F9EBD3C 		.ascii	"/\236\275<\010y\341r\024\242\216\037\276~n`\264\261"
 3097      0879E172 
 3097      14A28E1F 
 3097      BE7E6E60 
 3097      B4B1
 3098 0c2b FD57CF4A 		.ascii	"\375W\317J\373X\360Y\011\321W\213\253\257F\212\017U"
 3098      FB58F059 
 3098      09D1578B 
 3098      ABAF468A 
 3098      0F55
 3099 0c3d FE177DA8 		.ascii	"\376\027}\250zV}\373\244E\377PU\307\202>T!\346\\C\363"
 3099      7A567DFB 
 3099      A445FF50 
 3099      55C7823E 
 3099      5421E65C 
 3100 0c53 FA00D36A 		.ascii	"\372\000\323j\015\323\016(\363aq\331\302\334\200\215"
 3100      0DD30E28 
 3100      F36171D9 
 3100      C2DC808D 
 3101 0c63 74B901A8 		.ascii	"t\271\001\250\347\341\267\246z\\n\2177>\316:+-\323\027"
 3101      E7E1B7A6 
 3101      7A5C6E8F 
 3101      373ECE3A 
 3101      2B2DD317 
 3102 0c77 1FE7F499 		.ascii	"\037\347\364\231\336\236\372n\222)ir\302\007\314\231"
 3102      DE9EFA6E 
 3102      92296972 
 3102      C207CC99 
 3103 0c87 1CC79212 		.ascii	"\034\307\222\022\222\330\304\344\351,a\312$S\362\007"
 3103      92D8C4E4 
 3103      E92C61CA 
 3103      2453F207 
 3104 0c97 EF4D37A7 		.ascii	"\357M7\247dedde\262\304\351\223\331\007\357%\260\344"
 3104      64656464 
 3104      65B2C4E9 
 3104      93D907EF 
 3104      25B0E4
 3105 0caa F79211E7 		.ascii	"\367\222\021\347xy\252c\314\244\267\247&\317I\362\272"
 3105      7879AA63 
 3105      CCA4B7A7 
 3105      26CF49F2 
 3105      BA
 3106 0cbb 323CEFFB 		.ascii	"2<\357\373\234\332\277\303\231\370\353\034o\212=\307"
 3106      9CDABFC3 
 3106      99F8EB1C 
 3106      6F8A3DC7 
 3107 0ccb 939993E5 		.ascii	"\223\231\223\345\315\261O\367y]i\231\311.\237'6%;[\372"
 3107      CDB14FF7 
 3107      795D6999 
 3107      C92E9F27 
 3107      36253B5B 
 3108 0ce0 D3D4F747 		.ascii	"\323\324\367GNz\375u\307\033dh\337\236\330\231\216q"
 3108      4E7AFD75 
 3108      C71B6468 
 3108      DF9ED899 
 3108      8E71
 3109 0cf2 6FBE99F2 		.ascii	"o\276\231\362a<a9>7\233>9\341\205*\3068\023\231g\216"
ARM GAS  /tmp/ccAatBS2.s 			page 81


 3109      613C6139 
 3109      3E379B3E 
 3109      39E1852A 
 3109      C6381399 
 3110 0d08 8F254E4E 		.ascii	"\217%NN\370\365\2130\316\304!\241\273\022\243C\264'"
 3110      F8F58B30 
 3110      CEC421A1 
 3110      BB12A343 
 3110      B427
 3111 0d1a FEAA7F63 		.ascii	"\376\252\177c\242-\260A2\252f\267\313\347\212\217\023"
 3111      A22DB041 
 3111      32AA66B7 
 3111      CBE78A8F 
 3111      13
 3112 0d2b 37C75811 		.ascii	"7\307X\021E\307X\247/\214?\217\267\360\307\361N\337"
 3112      45C758A7 
 3112      2F8C3F8F 
 3112      B7F0C7F1 
 3112      4EDF
 3113 0d3d A07E7468 		.ascii	"\240~th\361\277\331S\2632<\3664W\246=!+eV\206'\323\227"
 3113      F1BFD953 
 3113      B3323CF6 
 3113      3457A63D 
 3113      212B6556 
 3114 0d55 639F382D 		.ascii	"c\2378-y\212s\246+\335\225\231\342!o\373R\323\274ng"
 3114      798A73A6 
 3114      2BDD9599 
 3114      E2216FFB 
 3114      52D3BC6E 
 3115 0d6a B6CBEBFB 		.ascii	"\266\313\353\373/\373\244\324\264\231i\177\231n\317"
 3115      2FFBA4D4 
 3115      B499697F 
 3115      996ECF
 3116 0d79 CAB1A7BA 		.ascii	"\312\261\247\272\322\355\331Y^\204O\177\357\335\370"
 3116      D2EDD959 
 3116      5E844F7F 
 3116      EFDDF8
 3117 0d88 38FB9429 		.ascii	"8\373\224)\011\366\244\004\244\237\355\340}\316\024"
 3117      09F6A404 
 3117      A49FEDE0 
 3117      7DCE14
 3118 0d97 57A6333D 		.ascii	"W\2463=\335\035\233J\302\262\376\231\351\361J\277OI"
 3118      DD1D9B4A 
 3118      C2B2FE99 
 3118      E9F14ABF 
 3118      4F49
 3119 0da9 75FA52BD 		.ascii	"u\372R\2758\320\341z-\366\005\344^\237=-3%}\226\333"
 3119      38D0E17A 
 3119      2DF605E4 
 3119      5E9F3D2D 
 3119      33257D96 
 3120 0dbe 634F49CD 		.ascii	"cOI\315\232\371\237\236\024_\0162Y\025)\364\353\037"
 3120      9AF99F9E 
 3120      145F0E32 
 3120      591529F4 
 3120      EB1F
 3121 0dd0 B33CB33C 		.ascii	"\263<\263<\246L\214w\370xd\023\217V\255\362\037\277"
ARM GAS  /tmp/ccAatBS2.s 			page 82


 3121      A64C8C77 
 3121      F8786413 
 3121      8F56ADF2 
 3121      1FBF
 3122 0de2 84353D2D 		.ascii	"\2045=-GpJ\232\024\346\\\266\3273[\360e\314\362y\346"
 3122      47704A9A 
 3122      14E65CB6 
 3122      D7335BF0 
 3122      65CCF279 
 3123 0df7 58B5CA6F 		.ascii	"X\265\312o\177\011_\206o\016\262Y\204\200\323\007)\246"
 3123      7F095F86 
 3123      6F0EB259 
 3123      8480D307 
 3123      29A6
 3124 0e09 945497D7 		.ascii	"\224T\227\3272v\222+s\342\254\034\263r\033\034k\347"
 3124      3276922B 
 3124      73E2AC1C 
 3124      B3721B1C 
 3124      6BE7
 3125 0e1b 4988B99B 		.ascii	"I\210\271\233c\307H\305\246fg\023\346\030K\"]\336\214"
 3125      63C748C5 
 3125      A6666713 
 3125      E6184B22 
 3125      5DDE8C
 3126 0e2e D9E33CBF 		.ascii	"\331\343<\277\313x\375\303\354Xw6\332\204\201\365\314"
 3126      CB78FDC3 
 3126      EC587736 
 3126      DA8481F5 
 3126      CC
 3127 0e3f F95DC638 		.ascii	"\371]\30682\3329c\212c|\216HJ\247\027\263R\0046ef\362"
 3127      32DA3963 
 3127      8A637C8E 
 3127      484AA717 
 3127      B3520436 
 3128 0e56 3B816339 		.ascii	";\201c9m\366\240`\310\313/Nx\362\222s\206cl\240HZf\232"
 3128      6DF6A060 
 3128      C8CB2F4E 
 3128      78F29273 
 3128      86636CA0 
 3129 0e6e 6F7654FF 		.ascii	"ovT\377\226\210\224\324w}s\336\317L\317J\371{\270\250"
 3129      968894D4 
 3129      777D73DE 
 3129      CF4CCF4A 
 3129      F97BB8A8 
 3130 0e82 4FC1DA1B 		.ascii	"O\301\332\033(<nf\266W\031d\257\347#\014\245\307\253"
 3130      283C6E66 
 3130      B6571964 
 3130      AFE7230C 
 3130      A5C7AB
 3131 0e95 BA9A312D 		.ascii	"\272\2321-iv\177\343\022\247\307;\177\025$\020\201\220"
 3131      69767FE3 
 3131      12A7C73B 
 3131      7F152410 
 3131      8190
 3132 0ea7 49AEF4F4 		.ascii	"I\256\364\364\231\256\224\277G\012\362\277\210\221\236"
 3132      99AE94BF 
 3132      470AF2BF 
ARM GAS  /tmp/ccAatBS2.s 			page 83


 3132      88919E
 3133 0eb6 8C8A07E6 		.ascii	"\214\212\007\346\350\366:1\262a\263]\351in\323\314\254"
 3133      E8F63A31 
 3133      B261B35D 
 3133      E9696ED3 
 3133      CCAC
 3134 0ec8 AC748655 		.ascii	"\254t\206U\213\232\336\221\216x\303\257d\327?\007\364"
 3134      8B9ADE91 
 3134      8E78C3AF 
 3134      64D73F07 
 3134      F4
 3135 0ed9 79FA8D12 		.ascii	"y\372\215\022\355\020\021\340q\037\360\2213\300[)\326"
 3135      ED1011E0 
 3135      711FF091 
 3135      33C05B29 
 3135      D6
 3136 0eea E9CACCCA 		.ascii	"\351\312\314\312t:\306\305\375?\306\323l\260"
 3136      743AC6C5 
 3136      FD3FC6D3 
 3136      6CB0
 3137              		.text
 3138              		.section	.gnu.lto_.symtab.47c11010bdbac471,"e",%progbits
 3139 0000 73747261 		.ascii	"strainRate_mtx\000"
 3139      696E5261 
 3139      74655F6D 
 3139      747800
 3140 000f 00       		.ascii	"\000"
 3141 0010 00       		.ascii	"\000"
 3142 0011 00       		.ascii	"\000"
 3143 0012 00000000 		.ascii	"\000\000\000\000\000\000\000\000"
 3143      00000000 
 3144 001a A3010000 		.ascii	"\243\001\000\000"
 3145 001e 675F7374 		.ascii	"g_strain_rate\000"
 3145      7261696E 
 3145      5F726174 
 3145      6500
 3146 002c 00       		.ascii	"\000"
 3147 002d 00       		.ascii	"\000"
 3148 002e 00       		.ascii	"\000"
 3149 002f 00000000 		.ascii	"\000\000\000\000\000\000\000\000"
 3149      00000000 
 3150 0037 BB010000 		.ascii	"\273\001\000\000"
 3151 003b 5F5A3136 		.ascii	"_Z16strain_rate_initv\000"
 3151      73747261 
 3151      696E5F72 
 3151      6174655F 
 3151      696E6974 
 3152 0051 00       		.ascii	"\000"
 3153 0052 00       		.ascii	"\000"
 3154 0053 00       		.ascii	"\000"
 3155 0054 00000000 		.ascii	"\000\000\000\000\000\000\000\000"
 3155      00000000 
 3156 005c 8F010000 		.ascii	"\217\001\000\000"
 3157 0060 63684D74 		.ascii	"chMtxUnlock\000"
 3157      78556E6C 
 3157      6F636B00 
 3158 006c 00       		.ascii	"\000"
ARM GAS  /tmp/ccAatBS2.s 			page 84


 3159 006d 02       		.ascii	"\002"
 3160 006e 00       		.ascii	"\000"
 3161 006f 00000000 		.ascii	"\000\000\000\000\000\000\000\000"
 3161      00000000 
 3162 0077 93010000 		.ascii	"\223\001\000\000"
 3163 007b 63684D74 		.ascii	"chMtxLock\000"
 3163      784C6F63 
 3163      6B00
 3164 0085 00       		.ascii	"\000"
 3165 0086 02       		.ascii	"\002"
 3166 0087 00       		.ascii	"\000"
 3167 0088 00000000 		.ascii	"\000\000\000\000\000\000\000\000"
 3167      00000000 
 3168 0090 95010000 		.ascii	"\225\001\000\000"
 3169 0094 5F5A3137 		.ascii	"_Z17bprl_can_register6CanBusmPFvRK10CANRxFramePvES3"
 3169      6270726C 
 3169      5F63616E 
 3169      5F726567 
 3169      69737465 
 3170 00c7 5F00     		.ascii	"_\000"
 3171 00c9 00       		.ascii	"\000"
 3172 00ca 02       		.ascii	"\002"
 3173 00cb 00       		.ascii	"\000"
 3174 00cc 00000000 		.ascii	"\000\000\000\000\000\000\000\000"
 3174      00000000 
 3175 00d4 9F010000 		.ascii	"\237\001\000\000"
 3176 00d8 63684D74 		.ascii	"chMtxObjectInit\000"
 3176      784F626A 
 3176      65637449 
 3176      6E697400 
 3177 00e8 00       		.ascii	"\000"
 3178 00e9 02       		.ascii	"\002"
 3179 00ea 00       		.ascii	"\000"
 3180 00eb 00000000 		.ascii	"\000\000\000\000\000\000\000\000"
 3180      00000000 
 3181 00f3 A1010000 		.ascii	"\241\001\000\000"
 3182              		.text
 3183              		.section	.gnu.lto_.ext_symtab.47c11010bdbac471,"e",%progbits
 3184 0000 01       		.ascii	"\001"
 3185 0001 02       		.ascii	"\002"
 3186 0002 01       		.ascii	"\001"
 3187 0003 02       		.ascii	"\002"
 3188 0004 01       		.ascii	"\001"
 3189 0005 01       		.ascii	"\001"
 3190 0006 00       		.ascii	"\000"
 3191 0007 01       		.ascii	"\001"
 3192 0008 00       		.ascii	"\000"
 3193 0009 01       		.ascii	"\001"
 3194 000a 00       		.ascii	"\000"
 3195 000b 01       		.ascii	"\001"
 3196 000c 00       		.ascii	"\000"
 3197 000d 01       		.ascii	"\001"
 3198 000e 00       		.ascii	"\000"
 3199              		.text
 3200              		.section	.gnu.lto_.opts,"e",%progbits
 3201 0000 272D666E 		.ascii	"'-fno-openmp' '-fno-openacc' '-fno-pie' '-fcf-prote"
 3201      6F2D6F70 
ARM GAS  /tmp/ccAatBS2.s 			page 85


 3201      656E6D70 
 3201      2720272D 
 3201      666E6F2D 
 3202 0033 6374696F 		.ascii	"ction=none' '-g' '-mcpu=cortex-m7' '-mthumb' '-mflo"
 3202      6E3D6E6F 
 3202      6E652720 
 3202      272D6727 
 3202      20272D6D 
 3203 0066 61742D61 		.ascii	"at-abi=hard' '-mfpu=fpv5-d16' '-mlibarch=armv7e-m+f"
 3203      62693D68 
 3203      61726427 
 3203      20272D6D 
 3203      6670753D 
 3204 0099 702E6470 		.ascii	"p.dp' '-march=armv7e-m+fp.dp' '-O2' '-fomit-frame-p"
 3204      2720272D 
 3204      6D617263 
 3204      683D6172 
 3204      6D763765 
 3205 00cc 6F696E74 		.ascii	"ointer' '-falign-functions=16' '-ffunction-sections"
 3205      65722720 
 3205      272D6661 
 3205      6C69676E 
 3205      2D66756E 
 3206 00ff 2720272D 		.ascii	"' '-fdata-sections' '-fno-common' '-flto' '-Xassemb"
 3206      66646174 
 3206      612D7365 
 3206      6374696F 
 3206      6E732720 
 3207 0132 6C657227 		.ascii	"ler' '-alms=build/lst/StrainRate.lst'\000"
 3207      20272D61 
 3207      6C6D733D 
 3207      6275696C 
 3207      642F6C73 
 3208              		.text
 3209              		.comm	__gnu_lto_slim,1,1
 3210              		.ident	"GCC: (15:10.3-2021.07-4) 10.3.1 20210621 (release)"
ARM GAS  /tmp/ccAatBS2.s 			page 86


DEFINED SYMBOLS
                            *ABS*:0000000000000000 StrainRate.cpp
     /tmp/ccAatBS2.s:35     .gnu.debuglto_.debug_info:0000000000000000 StrainRate.cpp.b1755cf3
                            *COM*:0000000000000001 __gnu_lto_slim

NO UNDEFINED SYMBOLS
