ARM GAS  /tmp/ccY5QEIX.s 			page 1


   1              		.cpu cortex-m7
   2              		.eabi_attribute 28, 1
   3              		.eabi_attribute 20, 1
   4              		.eabi_attribute 21, 1
   5              		.eabi_attribute 23, 3
   6              		.eabi_attribute 24, 1
   7              		.eabi_attribute 25, 1
   8              		.eabi_attribute 26, 1
   9              		.eabi_attribute 30, 2
  10              		.eabi_attribute 34, 1
  11              		.eabi_attribute 18, 4
  12              		.file	"syscalls.c"
  13              		.file 1 "/usr/lib/gcc/arm-none-eabi/10.3.1/include/stddef.h"
  14              		.file 2 "/usr/include/newlib/machine/_default_types.h"
  15              		.file 3 "/usr/include/newlib/sys/_types.h"
  16              		.file 4 "/usr/include/newlib/sys/reent.h"
  17              		.file 5 "/usr/include/newlib/sys/lock.h"
  18              		.file 6 "/usr/include/newlib/sys/_timeval.h"
  19              		.file 7 "/usr/include/newlib/sys/_timespec.h"
  20              		.file 8 "/usr/include/newlib/sys/types.h"
  21              		.file 9 "/usr/include/newlib/sys/stat.h"
  22              		.file 10 "third_party/ChibiOS/os/various/syscalls.c"
  23              		.section	.gnu.debuglto_.debug_info,"e",%progbits
  24              	.Ldebug_info0:
  25              		.hidden	syscalls.c.107f4393
  26              		.weak	syscalls.c.107f4393
  27              	syscalls.c.107f4393:
  28 0000 120D0000 		.4byte	0xd12
  29 0004 0400     		.2byte	0x4
  30 0006 00000000 		.4byte	.Ldebug_abbrev0
  31 000a 04       		.byte	0x4
  32 000b 01       		.uleb128 0x1
  33 000c D6020000 		.4byte	.LASF171
  34 0010 0C       		.byte	0xc
  35 0011 C0000000 		.4byte	.LASF172
  36 0015 16020000 		.4byte	.LASF173
  37 0019 00000000 		.4byte	.Ldebug_line0
  38 001d 02       		.uleb128 0x2
  39 001e 2B000000 		.4byte	.LASF3
  40 0022 01       		.byte	0x1
  41 0023 D1       		.byte	0xd1
  42 0024 17       		.byte	0x17
  43 0025 29000000 		.4byte	0x29
  44 0029 03       		.uleb128 0x3
  45 002a 04       		.byte	0x4
  46 002b 07       		.byte	0x7
  47 002c 25060000 		.4byte	.LASF0
  48 0030 04       		.uleb128 0x4
  49 0031 04       		.byte	0x4
  50 0032 05       		.byte	0x5
  51 0033 696E7400 		.ascii	"int\000"
  52 0037 03       		.uleb128 0x3
  53 0038 08       		.byte	0x8
  54 0039 05       		.byte	0x5
  55 003a D1010000 		.4byte	.LASF1
  56 003e 03       		.uleb128 0x3
  57 003f 08       		.byte	0x8
ARM GAS  /tmp/ccY5QEIX.s 			page 2


  58 0040 04       		.byte	0x4
  59 0041 FD050000 		.4byte	.LASF2
  60 0045 05       		.uleb128 0x5
  61 0046 1B040000 		.4byte	.LASF4
  62 004a 01       		.byte	0x1
  63 004b 5E01     		.2byte	0x15e
  64 004d 17       		.byte	0x17
  65 004e 29000000 		.4byte	0x29
  66 0052 03       		.uleb128 0x3
  67 0053 01       		.byte	0x1
  68 0054 06       		.byte	0x6
  69 0055 4C000000 		.4byte	.LASF5
  70 0059 03       		.uleb128 0x3
  71 005a 01       		.byte	0x1
  72 005b 08       		.byte	0x8
  73 005c 61060000 		.4byte	.LASF6
  74 0060 03       		.uleb128 0x3
  75 0061 02       		.byte	0x2
  76 0062 05       		.byte	0x5
  77 0063 09000000 		.4byte	.LASF7
  78 0067 03       		.uleb128 0x3
  79 0068 02       		.byte	0x2
  80 0069 07       		.byte	0x7
  81 006a D4030000 		.4byte	.LASF8
  82 006e 03       		.uleb128 0x3
  83 006f 04       		.byte	0x4
  84 0070 05       		.byte	0x5
  85 0071 A4010000 		.4byte	.LASF9
  86 0075 02       		.uleb128 0x2
  87 0076 32060000 		.4byte	.LASF10
  88 007a 02       		.byte	0x2
  89 007b 4F       		.byte	0x4f
  90 007c 19       		.byte	0x19
  91 007d 81000000 		.4byte	0x81
  92 0081 03       		.uleb128 0x3
  93 0082 04       		.byte	0x4
  94 0083 07       		.byte	0x7
  95 0084 C4020000 		.4byte	.LASF11
  96 0088 03       		.uleb128 0x3
  97 0089 08       		.byte	0x8
  98 008a 07       		.byte	0x7
  99 008b 8B000000 		.4byte	.LASF12
 100 008f 02       		.uleb128 0x2
 101 0090 FF000000 		.4byte	.LASF13
 102 0094 02       		.byte	0x2
 103 0095 C8       		.byte	0xc8
 104 0096 1E       		.byte	0x1e
 105 0097 37000000 		.4byte	0x37
 106 009b 02       		.uleb128 0x2
 107 009c 99010000 		.4byte	.LASF14
 108 00a0 03       		.byte	0x3
 109 00a1 1E       		.byte	0x1e
 110 00a2 0E       		.byte	0xe
 111 00a3 6E000000 		.4byte	0x6e
 112 00a7 02       		.uleb128 0x2
 113 00a8 9A040000 		.4byte	.LASF15
 114 00ac 03       		.byte	0x3
ARM GAS  /tmp/ccY5QEIX.s 			page 3


 115 00ad 22       		.byte	0x22
 116 00ae 0E       		.byte	0xe
 117 00af 6E000000 		.4byte	0x6e
 118 00b3 02       		.uleb128 0x2
 119 00b4 A6040000 		.4byte	.LASF16
 120 00b8 03       		.byte	0x3
 121 00b9 2E       		.byte	0x2e
 122 00ba 0E       		.byte	0xe
 123 00bb 6E000000 		.4byte	0x6e
 124 00bf 02       		.uleb128 0x2
 125 00c0 84020000 		.4byte	.LASF17
 126 00c4 03       		.byte	0x3
 127 00c5 38       		.byte	0x38
 128 00c6 0F       		.byte	0xf
 129 00c7 60000000 		.4byte	0x60
 130 00cb 02       		.uleb128 0x2
 131 00cc 3D060000 		.4byte	.LASF18
 132 00d0 03       		.byte	0x3
 133 00d1 3C       		.byte	0x3c
 134 00d2 18       		.byte	0x18
 135 00d3 67000000 		.4byte	0x67
 136 00d7 02       		.uleb128 0x2
 137 00d8 0F010000 		.4byte	.LASF19
 138 00dc 03       		.byte	0x3
 139 00dd 3F       		.byte	0x3f
 140 00de 18       		.byte	0x18
 141 00df 67000000 		.4byte	0x67
 142 00e3 02       		.uleb128 0x2
 143 00e4 A4050000 		.4byte	.LASF20
 144 00e8 03       		.byte	0x3
 145 00e9 4B       		.byte	0x4b
 146 00ea 18       		.byte	0x18
 147 00eb 67000000 		.4byte	0x67
 148 00ef 02       		.uleb128 0x2
 149 00f0 57010000 		.4byte	.LASF21
 150 00f4 03       		.byte	0x3
 151 00f5 5A       		.byte	0x5a
 152 00f6 14       		.byte	0x14
 153 00f7 75000000 		.4byte	0x75
 154 00fb 02       		.uleb128 0x2
 155 00fc AD040000 		.4byte	.LASF22
 156 0100 03       		.byte	0x3
 157 0101 66       		.byte	0x66
 158 0102 10       		.byte	0x10
 159 0103 B3000000 		.4byte	0xb3
 160 0107 02       		.uleb128 0x2
 161 0108 13000000 		.4byte	.LASF23
 162 010c 03       		.byte	0x3
 163 010d 74       		.byte	0x74
 164 010e 0E       		.byte	0xe
 165 010f 6E000000 		.4byte	0x6e
 166 0113 06       		.uleb128 0x6
 167 0114 04       		.byte	0x4
 168 0115 03       		.byte	0x3
 169 0116 A5       		.byte	0xa5
 170 0117 03       		.byte	0x3
 171 0118 35010000 		.4byte	0x135
ARM GAS  /tmp/ccY5QEIX.s 			page 4


 172 011c 07       		.uleb128 0x7
 173 011d 70010000 		.4byte	.LASF24
 174 0121 03       		.byte	0x3
 175 0122 A7       		.byte	0xa7
 176 0123 0C       		.byte	0xc
 177 0124 45000000 		.4byte	0x45
 178 0128 07       		.uleb128 0x7
 179 0129 AC020000 		.4byte	.LASF25
 180 012d 03       		.byte	0x3
 181 012e A8       		.byte	0xa8
 182 012f 13       		.byte	0x13
 183 0130 35010000 		.4byte	0x135
 184 0134 00       		.byte	0
 185 0135 08       		.uleb128 0x8
 186 0136 59000000 		.4byte	0x59
 187 013a 45010000 		.4byte	0x145
 188 013e 09       		.uleb128 0x9
 189 013f 29000000 		.4byte	0x29
 190 0143 03       		.byte	0x3
 191 0144 00       		.byte	0
 192 0145 0A       		.uleb128 0xa
 193 0146 08       		.byte	0x8
 194 0147 03       		.byte	0x3
 195 0148 A2       		.byte	0xa2
 196 0149 09       		.byte	0x9
 197 014a 69010000 		.4byte	0x169
 198 014e 0B       		.uleb128 0xb
 199 014f B2050000 		.4byte	.LASF26
 200 0153 03       		.byte	0x3
 201 0154 A4       		.byte	0xa4
 202 0155 07       		.byte	0x7
 203 0156 30000000 		.4byte	0x30
 204 015a 00       		.byte	0
 205 015b 0B       		.uleb128 0xb
 206 015c BA050000 		.4byte	.LASF27
 207 0160 03       		.byte	0x3
 208 0161 A9       		.byte	0xa9
 209 0162 05       		.byte	0x5
 210 0163 13010000 		.4byte	0x113
 211 0167 04       		.byte	0x4
 212 0168 00       		.byte	0
 213 0169 02       		.uleb128 0x2
 214 016a 2E050000 		.4byte	.LASF28
 215 016e 03       		.byte	0x3
 216 016f AA       		.byte	0xaa
 217 0170 03       		.byte	0x3
 218 0171 45010000 		.4byte	0x145
 219 0175 0C       		.uleb128 0xc
 220 0176 04       		.byte	0x4
 221 0177 02       		.uleb128 0x2
 222 0178 11040000 		.4byte	.LASF29
 223 017c 03       		.byte	0x3
 224 017d D1       		.byte	0xd1
 225 017e 18       		.byte	0x18
 226 017f 67000000 		.4byte	0x67
 227 0183 02       		.uleb128 0x2
 228 0184 48010000 		.4byte	.LASF30
ARM GAS  /tmp/ccY5QEIX.s 			page 5


 229 0188 04       		.byte	0x4
 230 0189 16       		.byte	0x16
 231 018a 19       		.byte	0x19
 232 018b 81000000 		.4byte	0x81
 233 018f 02       		.uleb128 0x2
 234 0190 C6040000 		.4byte	.LASF31
 235 0194 05       		.byte	0x5
 236 0195 0C       		.byte	0xc
 237 0196 0D       		.byte	0xd
 238 0197 30000000 		.4byte	0x30
 239 019b 02       		.uleb128 0x2
 240 019c 56020000 		.4byte	.LASF32
 241 01a0 04       		.byte	0x4
 242 01a1 23       		.byte	0x23
 243 01a2 1B       		.byte	0x1b
 244 01a3 8F010000 		.4byte	0x18f
 245 01a7 0D       		.uleb128 0xd
 246 01a8 67020000 		.4byte	.LASF37
 247 01ac 18       		.byte	0x18
 248 01ad 04       		.byte	0x4
 249 01ae 34       		.byte	0x34
 250 01af 08       		.byte	0x8
 251 01b0 01020000 		.4byte	0x201
 252 01b4 0B       		.uleb128 0xb
 253 01b5 45060000 		.4byte	.LASF33
 254 01b9 04       		.byte	0x4
 255 01ba 36       		.byte	0x36
 256 01bb 13       		.byte	0x13
 257 01bc 01020000 		.4byte	0x201
 258 01c0 00       		.byte	0
 259 01c1 0E       		.uleb128 0xe
 260 01c2 5F6B00   		.ascii	"_k\000"
 261 01c5 04       		.byte	0x4
 262 01c6 37       		.byte	0x37
 263 01c7 07       		.byte	0x7
 264 01c8 30000000 		.4byte	0x30
 265 01cc 04       		.byte	0x4
 266 01cd 0B       		.uleb128 0xb
 267 01ce 95050000 		.4byte	.LASF34
 268 01d2 04       		.byte	0x4
 269 01d3 37       		.byte	0x37
 270 01d4 0B       		.byte	0xb
 271 01d5 30000000 		.4byte	0x30
 272 01d9 08       		.byte	0x8
 273 01da 0B       		.uleb128 0xb
 274 01db 50020000 		.4byte	.LASF35
 275 01df 04       		.byte	0x4
 276 01e0 37       		.byte	0x37
 277 01e1 14       		.byte	0x14
 278 01e2 30000000 		.4byte	0x30
 279 01e6 0C       		.byte	0xc
 280 01e7 0B       		.uleb128 0xb
 281 01e8 BC010000 		.4byte	.LASF36
 282 01ec 04       		.byte	0x4
 283 01ed 37       		.byte	0x37
 284 01ee 1B       		.byte	0x1b
 285 01ef 30000000 		.4byte	0x30
ARM GAS  /tmp/ccY5QEIX.s 			page 6


 286 01f3 10       		.byte	0x10
 287 01f4 0E       		.uleb128 0xe
 288 01f5 5F7800   		.ascii	"_x\000"
 289 01f8 04       		.byte	0x4
 290 01f9 38       		.byte	0x38
 291 01fa 0B       		.byte	0xb
 292 01fb 07020000 		.4byte	0x207
 293 01ff 14       		.byte	0x14
 294 0200 00       		.byte	0
 295 0201 0F       		.uleb128 0xf
 296 0202 04       		.byte	0x4
 297 0203 A7010000 		.4byte	0x1a7
 298 0207 08       		.uleb128 0x8
 299 0208 83010000 		.4byte	0x183
 300 020c 17020000 		.4byte	0x217
 301 0210 09       		.uleb128 0x9
 302 0211 29000000 		.4byte	0x29
 303 0215 00       		.byte	0
 304 0216 00       		.byte	0
 305 0217 0D       		.uleb128 0xd
 306 0218 9E020000 		.4byte	.LASF38
 307 021c 24       		.byte	0x24
 308 021d 04       		.byte	0x4
 309 021e 3C       		.byte	0x3c
 310 021f 08       		.byte	0x8
 311 0220 9A020000 		.4byte	0x29a
 312 0224 0B       		.uleb128 0xb
 313 0225 25010000 		.4byte	.LASF39
 314 0229 04       		.byte	0x4
 315 022a 3E       		.byte	0x3e
 316 022b 09       		.byte	0x9
 317 022c 30000000 		.4byte	0x30
 318 0230 00       		.byte	0
 319 0231 0B       		.uleb128 0xb
 320 0232 6F060000 		.4byte	.LASF40
 321 0236 04       		.byte	0x4
 322 0237 3F       		.byte	0x3f
 323 0238 09       		.byte	0x9
 324 0239 30000000 		.4byte	0x30
 325 023d 04       		.byte	0x4
 326 023e 0B       		.uleb128 0xb
 327 023f 66010000 		.4byte	.LASF41
 328 0243 04       		.byte	0x4
 329 0244 40       		.byte	0x40
 330 0245 09       		.byte	0x9
 331 0246 30000000 		.4byte	0x30
 332 024a 08       		.byte	0x8
 333 024b 0B       		.uleb128 0xb
 334 024c 40070000 		.4byte	.LASF42
 335 0250 04       		.byte	0x4
 336 0251 41       		.byte	0x41
 337 0252 09       		.byte	0x9
 338 0253 30000000 		.4byte	0x30
 339 0257 0C       		.byte	0xc
 340 0258 0B       		.uleb128 0xb
 341 0259 89040000 		.4byte	.LASF43
 342 025d 04       		.byte	0x4
ARM GAS  /tmp/ccY5QEIX.s 			page 7


 343 025e 42       		.byte	0x42
 344 025f 09       		.byte	0x9
 345 0260 30000000 		.4byte	0x30
 346 0264 10       		.byte	0x10
 347 0265 0B       		.uleb128 0xb
 348 0266 46040000 		.4byte	.LASF44
 349 026a 04       		.byte	0x4
 350 026b 43       		.byte	0x43
 351 026c 09       		.byte	0x9
 352 026d 30000000 		.4byte	0x30
 353 0271 14       		.byte	0x14
 354 0272 0B       		.uleb128 0xb
 355 0273 AA060000 		.4byte	.LASF45
 356 0277 04       		.byte	0x4
 357 0278 44       		.byte	0x44
 358 0279 09       		.byte	0x9
 359 027a 30000000 		.4byte	0x30
 360 027e 18       		.byte	0x18
 361 027f 0B       		.uleb128 0xb
 362 0280 07050000 		.4byte	.LASF46
 363 0284 04       		.byte	0x4
 364 0285 45       		.byte	0x45
 365 0286 09       		.byte	0x9
 366 0287 30000000 		.4byte	0x30
 367 028b 1C       		.byte	0x1c
 368 028c 0B       		.uleb128 0xb
 369 028d 00070000 		.4byte	.LASF47
 370 0291 04       		.byte	0x4
 371 0292 46       		.byte	0x46
 372 0293 09       		.byte	0x9
 373 0294 30000000 		.4byte	0x30
 374 0298 20       		.byte	0x20
 375 0299 00       		.byte	0
 376 029a 10       		.uleb128 0x10
 377 029b 7B010000 		.4byte	.LASF48
 378 029f 0801     		.2byte	0x108
 379 02a1 04       		.byte	0x4
 380 02a2 4F       		.byte	0x4f
 381 02a3 08       		.byte	0x8
 382 02a4 DF020000 		.4byte	0x2df
 383 02a8 0B       		.uleb128 0xb
 384 02a9 37020000 		.4byte	.LASF49
 385 02ad 04       		.byte	0x4
 386 02ae 50       		.byte	0x50
 387 02af 0A       		.byte	0xa
 388 02b0 DF020000 		.4byte	0x2df
 389 02b4 00       		.byte	0
 390 02b5 0B       		.uleb128 0xb
 391 02b6 ED040000 		.4byte	.LASF50
 392 02ba 04       		.byte	0x4
 393 02bb 51       		.byte	0x51
 394 02bc 09       		.byte	0x9
 395 02bd DF020000 		.4byte	0x2df
 396 02c1 80       		.byte	0x80
 397 02c2 11       		.uleb128 0x11
 398 02c3 58060000 		.4byte	.LASF51
 399 02c7 04       		.byte	0x4
ARM GAS  /tmp/ccY5QEIX.s 			page 8


 400 02c8 53       		.byte	0x53
 401 02c9 0A       		.byte	0xa
 402 02ca 83010000 		.4byte	0x183
 403 02ce 0001     		.2byte	0x100
 404 02d0 11       		.uleb128 0x11
 405 02d1 B4010000 		.4byte	.LASF52
 406 02d5 04       		.byte	0x4
 407 02d6 56       		.byte	0x56
 408 02d7 0A       		.byte	0xa
 409 02d8 83010000 		.4byte	0x183
 410 02dc 0401     		.2byte	0x104
 411 02de 00       		.byte	0
 412 02df 08       		.uleb128 0x8
 413 02e0 75010000 		.4byte	0x175
 414 02e4 EF020000 		.4byte	0x2ef
 415 02e8 09       		.uleb128 0x9
 416 02e9 29000000 		.4byte	0x29
 417 02ed 1F       		.byte	0x1f
 418 02ee 00       		.byte	0
 419 02ef 10       		.uleb128 0x10
 420 02f0 92040000 		.4byte	.LASF53
 421 02f4 9001     		.2byte	0x190
 422 02f6 04       		.byte	0x4
 423 02f7 62       		.byte	0x62
 424 02f8 08       		.byte	0x8
 425 02f9 32030000 		.4byte	0x332
 426 02fd 0B       		.uleb128 0xb
 427 02fe 45060000 		.4byte	.LASF33
 428 0302 04       		.byte	0x4
 429 0303 63       		.byte	0x63
 430 0304 12       		.byte	0x12
 431 0305 32030000 		.4byte	0x332
 432 0309 00       		.byte	0
 433 030a 0B       		.uleb128 0xb
 434 030b 65050000 		.4byte	.LASF54
 435 030f 04       		.byte	0x4
 436 0310 64       		.byte	0x64
 437 0311 06       		.byte	0x6
 438 0312 30000000 		.4byte	0x30
 439 0316 04       		.byte	0x4
 440 0317 0B       		.uleb128 0xb
 441 0318 7D040000 		.4byte	.LASF55
 442 031c 04       		.byte	0x4
 443 031d 66       		.byte	0x66
 444 031e 09       		.byte	0x9
 445 031f 38030000 		.4byte	0x338
 446 0323 08       		.byte	0x8
 447 0324 0B       		.uleb128 0xb
 448 0325 7B010000 		.4byte	.LASF48
 449 0329 04       		.byte	0x4
 450 032a 67       		.byte	0x67
 451 032b 1E       		.byte	0x1e
 452 032c 9A020000 		.4byte	0x29a
 453 0330 88       		.byte	0x88
 454 0331 00       		.byte	0
 455 0332 0F       		.uleb128 0xf
 456 0333 04       		.byte	0x4
ARM GAS  /tmp/ccY5QEIX.s 			page 9


 457 0334 EF020000 		.4byte	0x2ef
 458 0338 08       		.uleb128 0x8
 459 0339 48030000 		.4byte	0x348
 460 033d 48030000 		.4byte	0x348
 461 0341 09       		.uleb128 0x9
 462 0342 29000000 		.4byte	0x29
 463 0346 1F       		.byte	0x1f
 464 0347 00       		.byte	0
 465 0348 0F       		.uleb128 0xf
 466 0349 04       		.byte	0x4
 467 034a 4E030000 		.4byte	0x34e
 468 034e 12       		.uleb128 0x12
 469 034f 0D       		.uleb128 0xd
 470 0350 39070000 		.4byte	.LASF56
 471 0354 08       		.byte	0x8
 472 0355 04       		.byte	0x4
 473 0356 7A       		.byte	0x7a
 474 0357 08       		.byte	0x8
 475 0358 77030000 		.4byte	0x377
 476 035c 0B       		.uleb128 0xb
 477 035d 60010000 		.4byte	.LASF57
 478 0361 04       		.byte	0x4
 479 0362 7B       		.byte	0x7b
 480 0363 11       		.byte	0x11
 481 0364 77030000 		.4byte	0x377
 482 0368 00       		.byte	0
 483 0369 0B       		.uleb128 0xb
 484 036a 1F060000 		.4byte	.LASF58
 485 036e 04       		.byte	0x4
 486 036f 7C       		.byte	0x7c
 487 0370 06       		.byte	0x6
 488 0371 30000000 		.4byte	0x30
 489 0375 04       		.byte	0x4
 490 0376 00       		.byte	0
 491 0377 0F       		.uleb128 0xf
 492 0378 04       		.byte	0x4
 493 0379 59000000 		.4byte	0x59
 494 037d 0D       		.uleb128 0xd
 495 037e 39050000 		.4byte	.LASF59
 496 0382 68       		.byte	0x68
 497 0383 04       		.byte	0x4
 498 0384 BA       		.byte	0xba
 499 0385 08       		.byte	0x8
 500 0386 C0040000 		.4byte	0x4c0
 501 038a 0E       		.uleb128 0xe
 502 038b 5F7000   		.ascii	"_p\000"
 503 038e 04       		.byte	0x4
 504 038f BB       		.byte	0xbb
 505 0390 12       		.byte	0x12
 506 0391 77030000 		.4byte	0x377
 507 0395 00       		.byte	0
 508 0396 0E       		.uleb128 0xe
 509 0397 5F7200   		.ascii	"_r\000"
 510 039a 04       		.byte	0x4
 511 039b BC       		.byte	0xbc
 512 039c 07       		.byte	0x7
 513 039d 30000000 		.4byte	0x30
ARM GAS  /tmp/ccY5QEIX.s 			page 10


 514 03a1 04       		.byte	0x4
 515 03a2 0E       		.uleb128 0xe
 516 03a3 5F7700   		.ascii	"_w\000"
 517 03a6 04       		.byte	0x4
 518 03a7 BD       		.byte	0xbd
 519 03a8 07       		.byte	0x7
 520 03a9 30000000 		.4byte	0x30
 521 03ad 08       		.byte	0x8
 522 03ae 0B       		.uleb128 0xb
 523 03af AD010000 		.4byte	.LASF60
 524 03b3 04       		.byte	0x4
 525 03b4 BE       		.byte	0xbe
 526 03b5 09       		.byte	0x9
 527 03b6 60000000 		.4byte	0x60
 528 03ba 0C       		.byte	0xc
 529 03bb 0B       		.uleb128 0xb
 530 03bc 9C060000 		.4byte	.LASF61
 531 03c0 04       		.byte	0x4
 532 03c1 BF       		.byte	0xbf
 533 03c2 09       		.byte	0x9
 534 03c3 60000000 		.4byte	0x60
 535 03c7 0E       		.byte	0xe
 536 03c8 0E       		.uleb128 0xe
 537 03c9 5F626600 		.ascii	"_bf\000"
 538 03cd 04       		.byte	0x4
 539 03ce C0       		.byte	0xc0
 540 03cf 11       		.byte	0x11
 541 03d0 4F030000 		.4byte	0x34f
 542 03d4 10       		.byte	0x10
 543 03d5 0B       		.uleb128 0xb
 544 03d6 AC000000 		.4byte	.LASF62
 545 03da 04       		.byte	0x4
 546 03db C1       		.byte	0xc1
 547 03dc 07       		.byte	0x7
 548 03dd 30000000 		.4byte	0x30
 549 03e1 18       		.byte	0x18
 550 03e2 0B       		.uleb128 0xb
 551 03e3 89010000 		.4byte	.LASF63
 552 03e7 04       		.byte	0x4
 553 03e8 C8       		.byte	0xc8
 554 03e9 0A       		.byte	0xa
 555 03ea 75010000 		.4byte	0x175
 556 03ee 1C       		.byte	0x1c
 557 03ef 0B       		.uleb128 0xb
 558 03f0 D8040000 		.4byte	.LASF64
 559 03f4 04       		.byte	0x4
 560 03f5 CA       		.byte	0xca
 561 03f6 1D       		.byte	0x1d
 562 03f7 3F060000 		.4byte	0x63f
 563 03fb 20       		.byte	0x20
 564 03fc 0B       		.uleb128 0xb
 565 03fd 3F040000 		.4byte	.LASF65
 566 0401 04       		.byte	0x4
 567 0402 CC       		.byte	0xcc
 568 0403 1D       		.byte	0x1d
 569 0404 69060000 		.4byte	0x669
 570 0408 24       		.byte	0x24
ARM GAS  /tmp/ccY5QEIX.s 			page 11


 571 0409 0B       		.uleb128 0xb
 572 040a C2050000 		.4byte	.LASF66
 573 040e 04       		.byte	0x4
 574 040f CF       		.byte	0xcf
 575 0410 0D       		.byte	0xd
 576 0411 8D060000 		.4byte	0x68d
 577 0415 28       		.byte	0x28
 578 0416 0B       		.uleb128 0xb
 579 0417 39010000 		.4byte	.LASF67
 580 041b 04       		.byte	0x4
 581 041c D0       		.byte	0xd0
 582 041d 09       		.byte	0x9
 583 041e A7060000 		.4byte	0x6a7
 584 0422 2C       		.byte	0x2c
 585 0423 0E       		.uleb128 0xe
 586 0424 5F756200 		.ascii	"_ub\000"
 587 0428 04       		.byte	0x4
 588 0429 D3       		.byte	0xd3
 589 042a 11       		.byte	0x11
 590 042b 4F030000 		.4byte	0x34f
 591 042f 30       		.byte	0x30
 592 0430 0E       		.uleb128 0xe
 593 0431 5F757000 		.ascii	"_up\000"
 594 0435 04       		.byte	0x4
 595 0436 D4       		.byte	0xd4
 596 0437 12       		.byte	0x12
 597 0438 77030000 		.4byte	0x377
 598 043c 38       		.byte	0x38
 599 043d 0E       		.uleb128 0xe
 600 043e 5F757200 		.ascii	"_ur\000"
 601 0442 04       		.byte	0x4
 602 0443 D5       		.byte	0xd5
 603 0444 07       		.byte	0x7
 604 0445 30000000 		.4byte	0x30
 605 0449 3C       		.byte	0x3c
 606 044a 0B       		.uleb128 0xb
 607 044b C1010000 		.4byte	.LASF68
 608 044f 04       		.byte	0x4
 609 0450 D8       		.byte	0xd8
 610 0451 11       		.byte	0x11
 611 0452 AD060000 		.4byte	0x6ad
 612 0456 40       		.byte	0x40
 613 0457 0B       		.uleb128 0xb
 614 0458 F2060000 		.4byte	.LASF69
 615 045c 04       		.byte	0x4
 616 045d D9       		.byte	0xd9
 617 045e 11       		.byte	0x11
 618 045f BD060000 		.4byte	0x6bd
 619 0463 43       		.byte	0x43
 620 0464 0E       		.uleb128 0xe
 621 0465 5F6C6200 		.ascii	"_lb\000"
 622 0469 04       		.byte	0x4
 623 046a DC       		.byte	0xdc
 624 046b 11       		.byte	0x11
 625 046c 4F030000 		.4byte	0x34f
 626 0470 44       		.byte	0x44
 627 0471 0B       		.uleb128 0xb
ARM GAS  /tmp/ccY5QEIX.s 			page 12


 628 0472 8C020000 		.4byte	.LASF70
 629 0476 04       		.byte	0x4
 630 0477 DF       		.byte	0xdf
 631 0478 07       		.byte	0x7
 632 0479 30000000 		.4byte	0x30
 633 047d 4C       		.byte	0x4c
 634 047e 0B       		.uleb128 0xb
 635 047f 6E040000 		.4byte	.LASF71
 636 0483 04       		.byte	0x4
 637 0484 E0       		.byte	0xe0
 638 0485 0A       		.byte	0xa
 639 0486 B3000000 		.4byte	0xb3
 640 048a 50       		.byte	0x50
 641 048b 0B       		.uleb128 0xb
 642 048c 65000000 		.4byte	.LASF72
 643 0490 04       		.byte	0x4
 644 0491 E3       		.byte	0xe3
 645 0492 12       		.byte	0x12
 646 0493 DE040000 		.4byte	0x4de
 647 0497 54       		.byte	0x54
 648 0498 0B       		.uleb128 0xb
 649 0499 22040000 		.4byte	.LASF73
 650 049d 04       		.byte	0x4
 651 049e E7       		.byte	0xe7
 652 049f 0C       		.byte	0xc
 653 04a0 9B010000 		.4byte	0x19b
 654 04a4 58       		.byte	0x58
 655 04a5 0B       		.uleb128 0xb
 656 04a6 A3020000 		.4byte	.LASF74
 657 04aa 04       		.byte	0x4
 658 04ab E9       		.byte	0xe9
 659 04ac 0E       		.byte	0xe
 660 04ad 69010000 		.4byte	0x169
 661 04b1 5C       		.byte	0x5c
 662 04b2 0B       		.uleb128 0xb
 663 04b3 B0030000 		.4byte	.LASF75
 664 04b7 04       		.byte	0x4
 665 04b8 EA       		.byte	0xea
 666 04b9 09       		.byte	0x9
 667 04ba 30000000 		.4byte	0x30
 668 04be 64       		.byte	0x64
 669 04bf 00       		.byte	0
 670 04c0 13       		.uleb128 0x13
 671 04c1 30000000 		.4byte	0x30
 672 04c5 DE040000 		.4byte	0x4de
 673 04c9 14       		.uleb128 0x14
 674 04ca DE040000 		.4byte	0x4de
 675 04ce 14       		.uleb128 0x14
 676 04cf 75010000 		.4byte	0x175
 677 04d3 14       		.uleb128 0x14
 678 04d4 2D060000 		.4byte	0x62d
 679 04d8 14       		.uleb128 0x14
 680 04d9 30000000 		.4byte	0x30
 681 04dd 00       		.byte	0
 682 04de 0F       		.uleb128 0xf
 683 04df 04       		.byte	0x4
 684 04e0 E4040000 		.4byte	0x4e4
ARM GAS  /tmp/ccY5QEIX.s 			page 13


 685 04e4 15       		.uleb128 0x15
 686 04e5 9D050000 		.4byte	.LASF76
 687 04e9 2804     		.2byte	0x428
 688 04eb 04       		.byte	0x4
 689 04ec 6502     		.2byte	0x265
 690 04ee 08       		.byte	0x8
 691 04ef 2D060000 		.4byte	0x62d
 692 04f3 16       		.uleb128 0x16
 693 04f4 09060000 		.4byte	.LASF77
 694 04f8 04       		.byte	0x4
 695 04f9 6702     		.2byte	0x267
 696 04fb 07       		.byte	0x7
 697 04fc 30000000 		.4byte	0x30
 698 0500 00       		.byte	0
 699 0501 16       		.uleb128 0x16
 700 0502 BA060000 		.4byte	.LASF78
 701 0506 04       		.byte	0x4
 702 0507 6C02     		.2byte	0x26c
 703 0509 0B       		.byte	0xb
 704 050a 19070000 		.4byte	0x719
 705 050e 04       		.byte	0x4
 706 050f 16       		.uleb128 0x16
 707 0510 A2060000 		.4byte	.LASF79
 708 0514 04       		.byte	0x4
 709 0515 6C02     		.2byte	0x26c
 710 0517 14       		.byte	0x14
 711 0518 19070000 		.4byte	0x719
 712 051c 08       		.byte	0x8
 713 051d 16       		.uleb128 0x16
 714 051e 5F020000 		.4byte	.LASF80
 715 0522 04       		.byte	0x4
 716 0523 6C02     		.2byte	0x26c
 717 0525 1E       		.byte	0x1e
 718 0526 19070000 		.4byte	0x719
 719 052a 0C       		.byte	0xc
 720 052b 16       		.uleb128 0x16
 721 052c 60050000 		.4byte	.LASF81
 722 0530 04       		.byte	0x4
 723 0531 6E02     		.2byte	0x26e
 724 0533 08       		.byte	0x8
 725 0534 30000000 		.4byte	0x30
 726 0538 10       		.byte	0x10
 727 0539 16       		.uleb128 0x16
 728 053a 41000000 		.4byte	.LASF82
 729 053e 04       		.byte	0x4
 730 053f 6F02     		.2byte	0x26f
 731 0541 08       		.byte	0x8
 732 0542 19090000 		.4byte	0x919
 733 0546 14       		.byte	0x14
 734 0547 16       		.uleb128 0x16
 735 0548 7C050000 		.4byte	.LASF83
 736 054c 04       		.byte	0x4
 737 054d 7202     		.2byte	0x272
 738 054f 07       		.byte	0x7
 739 0550 30000000 		.4byte	0x30
 740 0554 30       		.byte	0x30
 741 0555 16       		.uleb128 0x16
ARM GAS  /tmp/ccY5QEIX.s 			page 14


 742 0556 6A050000 		.4byte	.LASF84
 743 055a 04       		.byte	0x4
 744 055b 7302     		.2byte	0x273
 745 055d 16       		.byte	0x16
 746 055e 2E090000 		.4byte	0x92e
 747 0562 34       		.byte	0x34
 748 0563 16       		.uleb128 0x16
 749 0564 C1060000 		.4byte	.LASF85
 750 0568 04       		.byte	0x4
 751 0569 7502     		.2byte	0x275
 752 056b 07       		.byte	0x7
 753 056c 30000000 		.4byte	0x30
 754 0570 38       		.byte	0x38
 755 0571 16       		.uleb128 0x16
 756 0572 72050000 		.4byte	.LASF86
 757 0576 04       		.byte	0x4
 758 0577 7702     		.2byte	0x277
 759 0579 0A       		.byte	0xa
 760 057a 3F090000 		.4byte	0x93f
 761 057e 3C       		.byte	0x3c
 762 057f 16       		.uleb128 0x16
 763 0580 09040000 		.4byte	.LASF87
 764 0584 04       		.byte	0x4
 765 0585 7A02     		.2byte	0x27a
 766 0587 13       		.byte	0x13
 767 0588 01020000 		.4byte	0x201
 768 058c 40       		.byte	0x40
 769 058d 16       		.uleb128 0x16
 770 058e C7010000 		.4byte	.LASF88
 771 0592 04       		.byte	0x4
 772 0593 7B02     		.2byte	0x27b
 773 0595 07       		.byte	0x7
 774 0596 30000000 		.4byte	0x30
 775 059a 44       		.byte	0x44
 776 059b 16       		.uleb128 0x16
 777 059c 34070000 		.4byte	.LASF89
 778 05a0 04       		.byte	0x4
 779 05a1 7C02     		.2byte	0x27c
 780 05a3 13       		.byte	0x13
 781 05a4 01020000 		.4byte	0x201
 782 05a8 48       		.byte	0x48
 783 05a9 16       		.uleb128 0x16
 784 05aa BC040000 		.4byte	.LASF90
 785 05ae 04       		.byte	0x4
 786 05af 7D02     		.2byte	0x27d
 787 05b1 14       		.byte	0x14
 788 05b2 45090000 		.4byte	0x945
 789 05b6 4C       		.byte	0x4c
 790 05b7 16       		.uleb128 0x16
 791 05b8 BC020000 		.4byte	.LASF91
 792 05bc 04       		.byte	0x4
 793 05bd 8002     		.2byte	0x280
 794 05bf 07       		.byte	0x7
 795 05c0 30000000 		.4byte	0x30
 796 05c4 50       		.byte	0x50
 797 05c5 16       		.uleb128 0x16
 798 05c6 EF010000 		.4byte	.LASF92
ARM GAS  /tmp/ccY5QEIX.s 			page 15


 799 05ca 04       		.byte	0x4
 800 05cb 8102     		.2byte	0x281
 801 05cd 09       		.byte	0x9
 802 05ce 2D060000 		.4byte	0x62d
 803 05d2 54       		.byte	0x54
 804 05d3 16       		.uleb128 0x16
 805 05d4 F9040000 		.4byte	.LASF93
 806 05d8 04       		.byte	0x4
 807 05d9 A402     		.2byte	0x2a4
 808 05db 07       		.byte	0x7
 809 05dc F4080000 		.4byte	0x8f4
 810 05e0 58       		.byte	0x58
 811 05e1 17       		.uleb128 0x17
 812 05e2 92040000 		.4byte	.LASF53
 813 05e6 04       		.byte	0x4
 814 05e7 A802     		.2byte	0x2a8
 815 05e9 13       		.byte	0x13
 816 05ea 32030000 		.4byte	0x332
 817 05ee 4801     		.2byte	0x148
 818 05f0 17       		.uleb128 0x17
 819 05f1 E7030000 		.4byte	.LASF94
 820 05f5 04       		.byte	0x4
 821 05f6 A902     		.2byte	0x2a9
 822 05f8 12       		.byte	0x12
 823 05f9 EF020000 		.4byte	0x2ef
 824 05fd 4C01     		.2byte	0x14c
 825 05ff 17       		.uleb128 0x17
 826 0600 D6060000 		.4byte	.LASF95
 827 0604 04       		.byte	0x4
 828 0605 AD02     		.2byte	0x2ad
 829 0607 0C       		.byte	0xc
 830 0608 56090000 		.4byte	0x956
 831 060c DC02     		.2byte	0x2dc
 832 060e 17       		.uleb128 0x17
 833 060f 91010000 		.4byte	.LASF96
 834 0613 04       		.byte	0x4
 835 0614 B202     		.2byte	0x2b2
 836 0616 10       		.byte	0x10
 837 0617 DA060000 		.4byte	0x6da
 838 061b E002     		.2byte	0x2e0
 839 061d 17       		.uleb128 0x17
 840 061e 76010000 		.4byte	.LASF97
 841 0622 04       		.byte	0x4
 842 0623 B402     		.2byte	0x2b4
 843 0625 0A       		.byte	0xa
 844 0626 62090000 		.4byte	0x962
 845 062a EC02     		.2byte	0x2ec
 846 062c 00       		.byte	0
 847 062d 0F       		.uleb128 0xf
 848 062e 04       		.byte	0x4
 849 062f 33060000 		.4byte	0x633
 850 0633 03       		.uleb128 0x3
 851 0634 01       		.byte	0x1
 852 0635 08       		.byte	0x8
 853 0636 10060000 		.4byte	.LASF98
 854 063a 18       		.uleb128 0x18
 855 063b 33060000 		.4byte	0x633
ARM GAS  /tmp/ccY5QEIX.s 			page 16


 856 063f 0F       		.uleb128 0xf
 857 0640 04       		.byte	0x4
 858 0641 C0040000 		.4byte	0x4c0
 859 0645 13       		.uleb128 0x13
 860 0646 30000000 		.4byte	0x30
 861 064a 63060000 		.4byte	0x663
 862 064e 14       		.uleb128 0x14
 863 064f DE040000 		.4byte	0x4de
 864 0653 14       		.uleb128 0x14
 865 0654 75010000 		.4byte	0x175
 866 0658 14       		.uleb128 0x14
 867 0659 63060000 		.4byte	0x663
 868 065d 14       		.uleb128 0x14
 869 065e 30000000 		.4byte	0x30
 870 0662 00       		.byte	0
 871 0663 0F       		.uleb128 0xf
 872 0664 04       		.byte	0x4
 873 0665 3A060000 		.4byte	0x63a
 874 0669 0F       		.uleb128 0xf
 875 066a 04       		.byte	0x4
 876 066b 45060000 		.4byte	0x645
 877 066f 13       		.uleb128 0x13
 878 0670 07010000 		.4byte	0x107
 879 0674 8D060000 		.4byte	0x68d
 880 0678 14       		.uleb128 0x14
 881 0679 DE040000 		.4byte	0x4de
 882 067d 14       		.uleb128 0x14
 883 067e 75010000 		.4byte	0x175
 884 0682 14       		.uleb128 0x14
 885 0683 07010000 		.4byte	0x107
 886 0687 14       		.uleb128 0x14
 887 0688 30000000 		.4byte	0x30
 888 068c 00       		.byte	0
 889 068d 0F       		.uleb128 0xf
 890 068e 04       		.byte	0x4
 891 068f 6F060000 		.4byte	0x66f
 892 0693 13       		.uleb128 0x13
 893 0694 30000000 		.4byte	0x30
 894 0698 A7060000 		.4byte	0x6a7
 895 069c 14       		.uleb128 0x14
 896 069d DE040000 		.4byte	0x4de
 897 06a1 14       		.uleb128 0x14
 898 06a2 75010000 		.4byte	0x175
 899 06a6 00       		.byte	0
 900 06a7 0F       		.uleb128 0xf
 901 06a8 04       		.byte	0x4
 902 06a9 93060000 		.4byte	0x693
 903 06ad 08       		.uleb128 0x8
 904 06ae 59000000 		.4byte	0x59
 905 06b2 BD060000 		.4byte	0x6bd
 906 06b6 09       		.uleb128 0x9
 907 06b7 29000000 		.4byte	0x29
 908 06bb 02       		.byte	0x2
 909 06bc 00       		.byte	0
 910 06bd 08       		.uleb128 0x8
 911 06be 59000000 		.4byte	0x59
 912 06c2 CD060000 		.4byte	0x6cd
ARM GAS  /tmp/ccY5QEIX.s 			page 17


 913 06c6 09       		.uleb128 0x9
 914 06c7 29000000 		.4byte	0x29
 915 06cb 00       		.byte	0
 916 06cc 00       		.byte	0
 917 06cd 05       		.uleb128 0x5
 918 06ce 27050000 		.4byte	.LASF99
 919 06d2 04       		.byte	0x4
 920 06d3 2401     		.2byte	0x124
 921 06d5 1A       		.byte	0x1a
 922 06d6 7D030000 		.4byte	0x37d
 923 06da 19       		.uleb128 0x19
 924 06db B4060000 		.4byte	.LASF100
 925 06df 0C       		.byte	0xc
 926 06e0 04       		.byte	0x4
 927 06e1 2801     		.2byte	0x128
 928 06e3 08       		.byte	0x8
 929 06e4 13070000 		.4byte	0x713
 930 06e8 16       		.uleb128 0x16
 931 06e9 45060000 		.4byte	.LASF33
 932 06ed 04       		.byte	0x4
 933 06ee 2A01     		.2byte	0x12a
 934 06f0 11       		.byte	0x11
 935 06f1 13070000 		.4byte	0x713
 936 06f5 00       		.byte	0
 937 06f6 16       		.uleb128 0x16
 938 06f7 BF030000 		.4byte	.LASF101
 939 06fb 04       		.byte	0x4
 940 06fc 2B01     		.2byte	0x12b
 941 06fe 07       		.byte	0x7
 942 06ff 30000000 		.4byte	0x30
 943 0703 04       		.byte	0x4
 944 0704 16       		.uleb128 0x16
 945 0705 21050000 		.4byte	.LASF102
 946 0709 04       		.byte	0x4
 947 070a 2C01     		.2byte	0x12c
 948 070c 0B       		.byte	0xb
 949 070d 19070000 		.4byte	0x719
 950 0711 08       		.byte	0x8
 951 0712 00       		.byte	0
 952 0713 0F       		.uleb128 0xf
 953 0714 04       		.byte	0x4
 954 0715 DA060000 		.4byte	0x6da
 955 0719 0F       		.uleb128 0xf
 956 071a 04       		.byte	0x4
 957 071b CD060000 		.4byte	0x6cd
 958 071f 19       		.uleb128 0x19
 959 0720 32000000 		.4byte	.LASF103
 960 0724 0E       		.byte	0xe
 961 0725 04       		.byte	0x4
 962 0726 4401     		.2byte	0x144
 963 0728 08       		.byte	0x8
 964 0729 58070000 		.4byte	0x758
 965 072d 16       		.uleb128 0x16
 966 072e AC050000 		.4byte	.LASF104
 967 0732 04       		.byte	0x4
 968 0733 4501     		.2byte	0x145
 969 0735 12       		.byte	0x12
ARM GAS  /tmp/ccY5QEIX.s 			page 18


 970 0736 58070000 		.4byte	0x758
 971 073a 00       		.byte	0
 972 073b 16       		.uleb128 0x16
 973 073c 31040000 		.4byte	.LASF105
 974 0740 04       		.byte	0x4
 975 0741 4601     		.2byte	0x146
 976 0743 12       		.byte	0x12
 977 0744 58070000 		.4byte	0x758
 978 0748 06       		.byte	0x6
 979 0749 16       		.uleb128 0x16
 980 074a 78060000 		.4byte	.LASF106
 981 074e 04       		.byte	0x4
 982 074f 4701     		.2byte	0x147
 983 0751 12       		.byte	0x12
 984 0752 67000000 		.4byte	0x67
 985 0756 0C       		.byte	0xc
 986 0757 00       		.byte	0
 987 0758 08       		.uleb128 0x8
 988 0759 67000000 		.4byte	0x67
 989 075d 68070000 		.4byte	0x768
 990 0761 09       		.uleb128 0x9
 991 0762 29000000 		.4byte	0x29
 992 0766 02       		.byte	0x2
 993 0767 00       		.byte	0
 994 0768 1A       		.uleb128 0x1a
 995 0769 D0       		.byte	0xd0
 996 076a 04       		.byte	0x4
 997 076b 8502     		.2byte	0x285
 998 076d 07       		.byte	0x7
 999 076e 7D080000 		.4byte	0x87d
 1000 0772 16       		.uleb128 0x16
 1001 0773 50040000 		.4byte	.LASF107
 1002 0777 04       		.byte	0x4
 1003 0778 8702     		.2byte	0x287
 1004 077a 18       		.byte	0x18
 1005 077b 29000000 		.4byte	0x29
 1006 077f 00       		.byte	0
 1007 0780 16       		.uleb128 0x16
 1008 0781 4B060000 		.4byte	.LASF108
 1009 0785 04       		.byte	0x4
 1010 0786 8802     		.2byte	0x288
 1011 0788 12       		.byte	0x12
 1012 0789 2D060000 		.4byte	0x62d
 1013 078d 04       		.byte	0x4
 1014 078e 16       		.uleb128 0x16
 1015 078f FC030000 		.4byte	.LASF109
 1016 0793 04       		.byte	0x4
 1017 0794 8902     		.2byte	0x289
 1018 0796 10       		.byte	0x10
 1019 0797 7D080000 		.4byte	0x87d
 1020 079b 08       		.byte	0x8
 1021 079c 16       		.uleb128 0x16
 1022 079d 0B070000 		.4byte	.LASF110
 1023 07a1 04       		.byte	0x4
 1024 07a2 8A02     		.2byte	0x28a
 1025 07a4 17       		.byte	0x17
 1026 07a5 17020000 		.4byte	0x217
ARM GAS  /tmp/ccY5QEIX.s 			page 19


 1027 07a9 24       		.byte	0x24
 1028 07aa 16       		.uleb128 0x16
 1029 07ab 6F020000 		.4byte	.LASF111
 1030 07af 04       		.byte	0x4
 1031 07b0 8B02     		.2byte	0x28b
 1032 07b2 0F       		.byte	0xf
 1033 07b3 30000000 		.4byte	0x30
 1034 07b7 48       		.byte	0x48
 1035 07b8 16       		.uleb128 0x16
 1036 07b9 4A070000 		.4byte	.LASF112
 1037 07bd 04       		.byte	0x4
 1038 07be 8C02     		.2byte	0x28c
 1039 07c0 2C       		.byte	0x2c
 1040 07c1 88000000 		.4byte	0x88
 1041 07c5 50       		.byte	0x50
 1042 07c6 16       		.uleb128 0x16
 1043 07c7 21070000 		.4byte	.LASF113
 1044 07cb 04       		.byte	0x4
 1045 07cc 8D02     		.2byte	0x28d
 1046 07ce 1A       		.byte	0x1a
 1047 07cf 1F070000 		.4byte	0x71f
 1048 07d3 58       		.byte	0x58
 1049 07d4 16       		.uleb128 0x16
 1050 07d5 53050000 		.4byte	.LASF114
 1051 07d9 04       		.byte	0x4
 1052 07da 8E02     		.2byte	0x28e
 1053 07dc 16       		.byte	0x16
 1054 07dd 69010000 		.4byte	0x169
 1055 07e1 68       		.byte	0x68
 1056 07e2 16       		.uleb128 0x16
 1057 07e3 26070000 		.4byte	.LASF115
 1058 07e7 04       		.byte	0x4
 1059 07e8 8F02     		.2byte	0x28f
 1060 07ea 16       		.byte	0x16
 1061 07eb 69010000 		.4byte	0x169
 1062 07ef 70       		.byte	0x70
 1063 07f0 16       		.uleb128 0x16
 1064 07f1 17010000 		.4byte	.LASF116
 1065 07f5 04       		.byte	0x4
 1066 07f6 9002     		.2byte	0x290
 1067 07f8 16       		.byte	0x16
 1068 07f9 69010000 		.4byte	0x169
 1069 07fd 78       		.byte	0x78
 1070 07fe 16       		.uleb128 0x16
 1071 07ff CC060000 		.4byte	.LASF117
 1072 0803 04       		.byte	0x4
 1073 0804 9102     		.2byte	0x291
 1074 0806 10       		.byte	0x10
 1075 0807 8D080000 		.4byte	0x88d
 1076 080b 80       		.byte	0x80
 1077 080c 16       		.uleb128 0x16
 1078 080d F0030000 		.4byte	.LASF118
 1079 0811 04       		.byte	0x4
 1080 0812 9202     		.2byte	0x292
 1081 0814 10       		.byte	0x10
 1082 0815 9D080000 		.4byte	0x89d
 1083 0819 88       		.byte	0x88
ARM GAS  /tmp/ccY5QEIX.s 			page 20


 1084 081a 16       		.uleb128 0x16
 1085 081b 58000000 		.4byte	.LASF119
 1086 081f 04       		.byte	0x4
 1087 0820 9302     		.2byte	0x293
 1088 0822 0F       		.byte	0xf
 1089 0823 30000000 		.4byte	0x30
 1090 0827 A0       		.byte	0xa0
 1091 0828 16       		.uleb128 0x16
 1092 0829 08020000 		.4byte	.LASF120
 1093 082d 04       		.byte	0x4
 1094 082e 9402     		.2byte	0x294
 1095 0830 16       		.byte	0x16
 1096 0831 69010000 		.4byte	0x169
 1097 0835 A4       		.byte	0xa4
 1098 0836 16       		.uleb128 0x16
 1099 0837 F0000000 		.4byte	.LASF121
 1100 083b 04       		.byte	0x4
 1101 083c 9502     		.2byte	0x295
 1102 083e 16       		.byte	0x16
 1103 083f 69010000 		.4byte	0x169
 1104 0843 AC       		.byte	0xac
 1105 0844 16       		.uleb128 0x16
 1106 0845 F7010000 		.4byte	.LASF122
 1107 0849 04       		.byte	0x4
 1108 084a 9602     		.2byte	0x296
 1109 084c 16       		.byte	0x16
 1110 084d 69010000 		.4byte	0x169
 1111 0851 B4       		.byte	0xb4
 1112 0852 16       		.uleb128 0x16
 1113 0853 6B000000 		.4byte	.LASF123
 1114 0857 04       		.byte	0x4
 1115 0858 9702     		.2byte	0x297
 1116 085a 16       		.byte	0x16
 1117 085b 69010000 		.4byte	0x169
 1118 085f BC       		.byte	0xbc
 1119 0860 16       		.uleb128 0x16
 1120 0861 7A000000 		.4byte	.LASF124
 1121 0865 04       		.byte	0x4
 1122 0866 9802     		.2byte	0x298
 1123 0868 16       		.byte	0x16
 1124 0869 69010000 		.4byte	0x169
 1125 086d C4       		.byte	0xc4
 1126 086e 16       		.uleb128 0x16
 1127 086f FE040000 		.4byte	.LASF125
 1128 0873 04       		.byte	0x4
 1129 0874 9902     		.2byte	0x299
 1130 0876 08       		.byte	0x8
 1131 0877 30000000 		.4byte	0x30
 1132 087b CC       		.byte	0xcc
 1133 087c 00       		.byte	0
 1134 087d 08       		.uleb128 0x8
 1135 087e 33060000 		.4byte	0x633
 1136 0882 8D080000 		.4byte	0x88d
 1137 0886 09       		.uleb128 0x9
 1138 0887 29000000 		.4byte	0x29
 1139 088b 19       		.byte	0x19
 1140 088c 00       		.byte	0
ARM GAS  /tmp/ccY5QEIX.s 			page 21


 1141 088d 08       		.uleb128 0x8
 1142 088e 33060000 		.4byte	0x633
 1143 0892 9D080000 		.4byte	0x89d
 1144 0896 09       		.uleb128 0x9
 1145 0897 29000000 		.4byte	0x29
 1146 089b 07       		.byte	0x7
 1147 089c 00       		.byte	0
 1148 089d 08       		.uleb128 0x8
 1149 089e 33060000 		.4byte	0x633
 1150 08a2 AD080000 		.4byte	0x8ad
 1151 08a6 09       		.uleb128 0x9
 1152 08a7 29000000 		.4byte	0x29
 1153 08ab 17       		.byte	0x17
 1154 08ac 00       		.byte	0
 1155 08ad 1A       		.uleb128 0x1a
 1156 08ae F0       		.byte	0xf0
 1157 08af 04       		.byte	0x4
 1158 08b0 9E02     		.2byte	0x29e
 1159 08b2 07       		.byte	0x7
 1160 08b3 D4080000 		.4byte	0x8d4
 1161 08b7 16       		.uleb128 0x16
 1162 08b8 82040000 		.4byte	.LASF126
 1163 08bc 04       		.byte	0x4
 1164 08bd A102     		.2byte	0x2a1
 1165 08bf 1B       		.byte	0x1b
 1166 08c0 D4080000 		.4byte	0x8d4
 1167 08c4 00       		.byte	0
 1168 08c5 16       		.uleb128 0x16
 1169 08c6 95020000 		.4byte	.LASF127
 1170 08ca 04       		.byte	0x4
 1171 08cb A202     		.2byte	0x2a2
 1172 08cd 18       		.byte	0x18
 1173 08ce E4080000 		.4byte	0x8e4
 1174 08d2 78       		.byte	0x78
 1175 08d3 00       		.byte	0
 1176 08d4 08       		.uleb128 0x8
 1177 08d5 77030000 		.4byte	0x377
 1178 08d9 E4080000 		.4byte	0x8e4
 1179 08dd 09       		.uleb128 0x9
 1180 08de 29000000 		.4byte	0x29
 1181 08e2 1D       		.byte	0x1d
 1182 08e3 00       		.byte	0
 1183 08e4 08       		.uleb128 0x8
 1184 08e5 29000000 		.4byte	0x29
 1185 08e9 F4080000 		.4byte	0x8f4
 1186 08ed 09       		.uleb128 0x9
 1187 08ee 29000000 		.4byte	0x29
 1188 08f2 1D       		.byte	0x1d
 1189 08f3 00       		.byte	0
 1190 08f4 1B       		.uleb128 0x1b
 1191 08f5 F0       		.byte	0xf0
 1192 08f6 04       		.byte	0x4
 1193 08f7 8302     		.2byte	0x283
 1194 08f9 03       		.byte	0x3
 1195 08fa 19090000 		.4byte	0x919
 1196 08fe 1C       		.uleb128 0x1c
 1197 08ff 9D050000 		.4byte	.LASF76
ARM GAS  /tmp/ccY5QEIX.s 			page 22


 1198 0903 04       		.byte	0x4
 1199 0904 9A02     		.2byte	0x29a
 1200 0906 0B       		.byte	0xb
 1201 0907 68070000 		.4byte	0x768
 1202 090b 1C       		.uleb128 0x1c
 1203 090c F8060000 		.4byte	.LASF128
 1204 0910 04       		.byte	0x4
 1205 0911 A302     		.2byte	0x2a3
 1206 0913 0B       		.byte	0xb
 1207 0914 AD080000 		.4byte	0x8ad
 1208 0918 00       		.byte	0
 1209 0919 08       		.uleb128 0x8
 1210 091a 33060000 		.4byte	0x633
 1211 091e 29090000 		.4byte	0x929
 1212 0922 09       		.uleb128 0x9
 1213 0923 29000000 		.4byte	0x29
 1214 0927 18       		.byte	0x18
 1215 0928 00       		.byte	0
 1216 0929 1D       		.uleb128 0x1d
 1217 092a B5000000 		.4byte	.LASF174
 1218 092e 0F       		.uleb128 0xf
 1219 092f 04       		.byte	0x4
 1220 0930 29090000 		.4byte	0x929
 1221 0934 1E       		.uleb128 0x1e
 1222 0935 3F090000 		.4byte	0x93f
 1223 0939 14       		.uleb128 0x14
 1224 093a DE040000 		.4byte	0x4de
 1225 093e 00       		.byte	0
 1226 093f 0F       		.uleb128 0xf
 1227 0940 04       		.byte	0x4
 1228 0941 34090000 		.4byte	0x934
 1229 0945 0F       		.uleb128 0xf
 1230 0946 04       		.byte	0x4
 1231 0947 01020000 		.4byte	0x201
 1232 094b 1E       		.uleb128 0x1e
 1233 094c 56090000 		.4byte	0x956
 1234 0950 14       		.uleb128 0x14
 1235 0951 30000000 		.4byte	0x30
 1236 0955 00       		.byte	0
 1237 0956 0F       		.uleb128 0xf
 1238 0957 04       		.byte	0x4
 1239 0958 5C090000 		.4byte	0x95c
 1240 095c 0F       		.uleb128 0xf
 1241 095d 04       		.byte	0x4
 1242 095e 4B090000 		.4byte	0x94b
 1243 0962 08       		.uleb128 0x8
 1244 0963 CD060000 		.4byte	0x6cd
 1245 0967 72090000 		.4byte	0x972
 1246 096b 09       		.uleb128 0x9
 1247 096c 29000000 		.4byte	0x29
 1248 0970 02       		.byte	0x2
 1249 0971 00       		.byte	0
 1250 0972 02       		.uleb128 0x2
 1251 0973 B5040000 		.4byte	.LASF129
 1252 0977 06       		.byte	0x6
 1253 0978 2A       		.byte	0x2a
 1254 0979 12       		.byte	0x12
ARM GAS  /tmp/ccY5QEIX.s 			page 23


 1255 097a 8F000000 		.4byte	0x8f
 1256 097e 0D       		.uleb128 0xd
 1257 097f 41050000 		.4byte	.LASF130
 1258 0983 10       		.byte	0x10
 1259 0984 07       		.byte	0x7
 1260 0985 2F       		.byte	0x2f
 1261 0986 08       		.byte	0x8
 1262 0987 A6090000 		.4byte	0x9a6
 1263 098b 0B       		.uleb128 0xb
 1264 098c 76040000 		.4byte	.LASF131
 1265 0990 07       		.byte	0x7
 1266 0991 30       		.byte	0x30
 1267 0992 09       		.byte	0x9
 1268 0993 72090000 		.4byte	0x972
 1269 0997 00       		.byte	0
 1270 0998 0B       		.uleb128 0xb
 1271 0999 66040000 		.4byte	.LASF132
 1272 099d 07       		.byte	0x7
 1273 099e 31       		.byte	0x31
 1274 099f 07       		.byte	0x7
 1275 09a0 6E000000 		.4byte	0x6e
 1276 09a4 08       		.byte	0x8
 1277 09a5 00       		.byte	0
 1278 09a6 02       		.uleb128 0x2
 1279 09a7 B3020000 		.4byte	.LASF133
 1280 09ab 08       		.byte	0x8
 1281 09ac 61       		.byte	0x61
 1282 09ad 14       		.byte	0x14
 1283 09ae 9B000000 		.4byte	0x9b
 1284 09b2 02       		.uleb128 0x2
 1285 09b3 E0060000 		.4byte	.LASF134
 1286 09b7 08       		.byte	0x8
 1287 09b8 66       		.byte	0x66
 1288 09b9 15       		.byte	0x15
 1289 09ba A7000000 		.4byte	0xa7
 1290 09be 02       		.uleb128 0x2
 1291 09bf D2050000 		.4byte	.LASF135
 1292 09c3 08       		.byte	0x8
 1293 09c4 7B       		.byte	0x7b
 1294 09c5 10       		.byte	0x10
 1295 09c6 2D060000 		.4byte	0x62d
 1296 09ca 02       		.uleb128 0x2
 1297 09cb 55070000 		.4byte	.LASF136
 1298 09cf 08       		.byte	0x8
 1299 09d0 8B       		.byte	0x8b
 1300 09d1 12       		.byte	0x12
 1301 09d2 E3000000 		.4byte	0xe3
 1302 09d6 02       		.uleb128 0x2
 1303 09d7 3F020000 		.4byte	.LASF137
 1304 09db 08       		.byte	0x8
 1305 09dc 9D       		.byte	0x9d
 1306 09dd 12       		.byte	0x12
 1307 09de FB000000 		.4byte	0xfb
 1308 09e2 02       		.uleb128 0x2
 1309 09e3 7E020000 		.4byte	.LASF138
 1310 09e7 08       		.byte	0x8
 1311 09e8 A1       		.byte	0xa1
ARM GAS  /tmp/ccY5QEIX.s 			page 24


 1312 09e9 12       		.byte	0x12
 1313 09ea BF000000 		.4byte	0xbf
 1314 09ee 02       		.uleb128 0x2
 1315 09ef C6030000 		.4byte	.LASF139
 1316 09f3 08       		.byte	0x8
 1317 09f4 A5       		.byte	0xa5
 1318 09f5 12       		.byte	0x12
 1319 09f6 CB000000 		.4byte	0xcb
 1320 09fa 02       		.uleb128 0x2
 1321 09fb 45020000 		.4byte	.LASF140
 1322 09ff 08       		.byte	0x8
 1323 0a00 A9       		.byte	0xa9
 1324 0a01 12       		.byte	0x12
 1325 0a02 D7000000 		.4byte	0xd7
 1326 0a06 02       		.uleb128 0x2
 1327 0a07 3A000000 		.4byte	.LASF141
 1328 0a0b 08       		.byte	0x8
 1329 0a0c BD       		.byte	0xbd
 1330 0a0d 12       		.byte	0x12
 1331 0a0e EF000000 		.4byte	0xef
 1332 0a12 02       		.uleb128 0x2
 1333 0a13 23000000 		.4byte	.LASF142
 1334 0a17 08       		.byte	0x8
 1335 0a18 C2       		.byte	0xc2
 1336 0a19 13       		.byte	0x13
 1337 0a1a 77010000 		.4byte	0x177
 1338 0a1e 0D       		.uleb128 0xd
 1339 0a1f 2E010000 		.4byte	.LASF143
 1340 0a23 58       		.byte	0x58
 1341 0a24 09       		.byte	0x9
 1342 0a25 1B       		.byte	0x1b
 1343 0a26 08       		.byte	0x8
 1344 0a27 E20A0000 		.4byte	0xae2
 1345 0a2b 0B       		.uleb128 0xb
 1346 0a2c 1A070000 		.4byte	.LASF144
 1347 0a30 09       		.byte	0x9
 1348 0a31 1D       		.byte	0x1d
 1349 0a32 0A       		.byte	0xa
 1350 0a33 E2090000 		.4byte	0x9e2
 1351 0a37 00       		.byte	0
 1352 0a38 0B       		.uleb128 0xb
 1353 0a39 50010000 		.4byte	.LASF145
 1354 0a3d 09       		.byte	0x9
 1355 0a3e 1E       		.byte	0x1e
 1356 0a3f 0A       		.byte	0xa
 1357 0a40 CA090000 		.4byte	0x9ca
 1358 0a44 02       		.byte	0x2
 1359 0a45 0B       		.uleb128 0xb
 1360 0a46 40010000 		.4byte	.LASF146
 1361 0a4a 09       		.byte	0x9
 1362 0a4b 1F       		.byte	0x1f
 1363 0a4c 0A       		.byte	0xa
 1364 0a4d 060A0000 		.4byte	0xa06
 1365 0a51 04       		.byte	0x4
 1366 0a52 0B       		.uleb128 0xb
 1367 0a53 DE040000 		.4byte	.LASF147
 1368 0a57 09       		.byte	0x9
ARM GAS  /tmp/ccY5QEIX.s 			page 25


 1369 0a58 20       		.byte	0x20
 1370 0a59 0B       		.byte	0xb
 1371 0a5a 120A0000 		.4byte	0xa12
 1372 0a5e 08       		.byte	0x8
 1373 0a5f 0B       		.uleb128 0xb
 1374 0a60 B8030000 		.4byte	.LASF148
 1375 0a64 09       		.byte	0x9
 1376 0a65 21       		.byte	0x21
 1377 0a66 0A       		.byte	0xa
 1378 0a67 EE090000 		.4byte	0x9ee
 1379 0a6b 0A       		.byte	0xa
 1380 0a6c 0B       		.uleb128 0xb
 1381 0a6d 7D060000 		.4byte	.LASF149
 1382 0a71 09       		.byte	0x9
 1383 0a72 22       		.byte	0x22
 1384 0a73 0A       		.byte	0xa
 1385 0a74 FA090000 		.4byte	0x9fa
 1386 0a78 0C       		.byte	0xc
 1387 0a79 0B       		.uleb128 0xb
 1388 0a7a DA050000 		.4byte	.LASF150
 1389 0a7e 09       		.byte	0x9
 1390 0a7f 23       		.byte	0x23
 1391 0a80 0A       		.byte	0xa
 1392 0a81 E2090000 		.4byte	0x9e2
 1393 0a85 0E       		.byte	0xe
 1394 0a86 0B       		.uleb128 0xb
 1395 0a87 37040000 		.4byte	.LASF151
 1396 0a8b 09       		.byte	0x9
 1397 0a8c 24       		.byte	0x24
 1398 0a8d 0A       		.byte	0xa
 1399 0a8e D6090000 		.4byte	0x9d6
 1400 0a92 10       		.byte	0x10
 1401 0a93 0B       		.uleb128 0xb
 1402 0a94 E7010000 		.4byte	.LASF152
 1403 0a98 09       		.byte	0x9
 1404 0a99 2A       		.byte	0x2a
 1405 0a9a 13       		.byte	0x13
 1406 0a9b 7E090000 		.4byte	0x97e
 1407 0a9f 18       		.byte	0x18
 1408 0aa0 0B       		.uleb128 0xb
 1409 0aa1 EA060000 		.4byte	.LASF153
 1410 0aa5 09       		.byte	0x9
 1411 0aa6 2B       		.byte	0x2b
 1412 0aa7 13       		.byte	0x13
 1413 0aa8 7E090000 		.4byte	0x97e
 1414 0aac 28       		.byte	0x28
 1415 0aad 0B       		.uleb128 0xb
 1416 0aae 1B000000 		.4byte	.LASF154
 1417 0ab2 09       		.byte	0x9
 1418 0ab3 2C       		.byte	0x2c
 1419 0ab4 13       		.byte	0x13
 1420 0ab5 7E090000 		.4byte	0x97e
 1421 0ab9 38       		.byte	0x38
 1422 0aba 0B       		.uleb128 0xb
 1423 0abb 16050000 		.4byte	.LASF155
 1424 0abf 09       		.byte	0x9
 1425 0ac0 2D       		.byte	0x2d
ARM GAS  /tmp/ccY5QEIX.s 			page 26


 1426 0ac1 11       		.byte	0x11
 1427 0ac2 B2090000 		.4byte	0x9b2
 1428 0ac6 48       		.byte	0x48
 1429 0ac7 0B       		.uleb128 0xb
 1430 0ac8 A2000000 		.4byte	.LASF156
 1431 0acc 09       		.byte	0x9
 1432 0acd 2E       		.byte	0x2e
 1433 0ace 0C       		.byte	0xc
 1434 0acf A6090000 		.4byte	0x9a6
 1435 0ad3 4C       		.byte	0x4c
 1436 0ad4 0B       		.uleb128 0xb
 1437 0ad5 15060000 		.4byte	.LASF157
 1438 0ad9 09       		.byte	0x9
 1439 0ada 30       		.byte	0x30
 1440 0adb 09       		.byte	0x9
 1441 0adc E20A0000 		.4byte	0xae2
 1442 0ae0 50       		.byte	0x50
 1443 0ae1 00       		.byte	0
 1444 0ae2 08       		.uleb128 0x8
 1445 0ae3 6E000000 		.4byte	0x6e
 1446 0ae7 F20A0000 		.4byte	0xaf2
 1447 0aeb 09       		.uleb128 0x9
 1448 0aec 29000000 		.4byte	0x29
 1449 0af0 01       		.byte	0x1
 1450 0af1 00       		.byte	0
 1451 0af2 03       		.uleb128 0x3
 1452 0af3 01       		.byte	0x1
 1453 0af4 02       		.byte	0x2
 1454 0af5 E7040000 		.4byte	.LASF158
 1455 0af9 1F       		.uleb128 0x1f
 1456 0afa E2050000 		.4byte	.LASF175
 1457 0afe 0A       		.byte	0xa
 1458 0aff DF       		.byte	0xdf
 1459 0b00 06       		.byte	0x6
 1460 0b01 20       		.uleb128 0x20
 1461 0b02 DF010000 		.4byte	.LASF176
 1462 0b06 0A       		.byte	0xa
 1463 0b07 D6       		.byte	0xd6
 1464 0b08 05       		.byte	0x5
 1465 0b09 30000000 		.4byte	0x30
 1466 0b0d 21       		.uleb128 0x21
 1467 0b0e EA000000 		.4byte	.LASF159
 1468 0b12 0A       		.byte	0xa
 1469 0b13 C8       		.byte	0xc8
 1470 0b14 05       		.byte	0x5
 1471 0b15 30000000 		.4byte	0x30
 1472 0b19 360B0000 		.4byte	0xb36
 1473 0b1d 22       		.uleb128 0x22
 1474 0b1e 70696400 		.ascii	"pid\000"
 1475 0b22 0A       		.byte	0xa
 1476 0b23 C8       		.byte	0xc8
 1477 0b24 0F       		.byte	0xf
 1478 0b25 30000000 		.4byte	0x30
 1479 0b29 22       		.uleb128 0x22
 1480 0b2a 73696700 		.ascii	"sig\000"
 1481 0b2e 0A       		.byte	0xa
 1482 0b2f C8       		.byte	0xc8
ARM GAS  /tmp/ccY5QEIX.s 			page 27


 1483 0b30 18       		.byte	0x18
 1484 0b31 30000000 		.4byte	0x30
 1485 0b35 00       		.byte	0
 1486 0b36 23       		.uleb128 0x23
 1487 0b37 33010000 		.4byte	.LASF160
 1488 0b3b 0A       		.byte	0xa
 1489 0b3c BC       		.byte	0xbc
 1490 0b3d 06       		.byte	0x6
 1491 0b3e 4F0B0000 		.4byte	0xb4f
 1492 0b42 24       		.uleb128 0x24
 1493 0b43 95060000 		.4byte	.LASF161
 1494 0b47 0A       		.byte	0xa
 1495 0b48 BC       		.byte	0xbc
 1496 0b49 10       		.byte	0x10
 1497 0b4a 30000000 		.4byte	0x30
 1498 0b4e 00       		.byte	0
 1499 0b4f 21       		.uleb128 0x21
 1500 0b50 C8050000 		.4byte	.LASF162
 1501 0b54 0A       		.byte	0xa
 1502 0b55 B2       		.byte	0xb2
 1503 0b56 05       		.byte	0x5
 1504 0b57 30000000 		.4byte	0x30
 1505 0b5b 750B0000 		.4byte	0xb75
 1506 0b5f 22       		.uleb128 0x22
 1507 0b60 7200     		.ascii	"r\000"
 1508 0b62 0A       		.byte	0xa
 1509 0b63 B2       		.byte	0xb2
 1510 0b64 1E       		.byte	0x1e
 1511 0b65 DE040000 		.4byte	0x4de
 1512 0b69 22       		.uleb128 0x22
 1513 0b6a 666400   		.ascii	"fd\000"
 1514 0b6d 0A       		.byte	0xa
 1515 0b6e B2       		.byte	0xb2
 1516 0b6f 25       		.byte	0x25
 1517 0b70 30000000 		.4byte	0x30
 1518 0b74 00       		.byte	0
 1519 0b75 21       		.uleb128 0x21
 1520 0b76 8C060000 		.4byte	.LASF163
 1521 0b7a 0A       		.byte	0xa
 1522 0b7b A6       		.byte	0xa6
 1523 0b7c 05       		.byte	0x5
 1524 0b7d 30000000 		.4byte	0x30
 1525 0b81 A70B0000 		.4byte	0xba7
 1526 0b85 22       		.uleb128 0x22
 1527 0b86 7200     		.ascii	"r\000"
 1528 0b88 0A       		.byte	0xa
 1529 0b89 A6       		.byte	0xa6
 1530 0b8a 1D       		.byte	0x1d
 1531 0b8b DE040000 		.4byte	0x4de
 1532 0b8f 24       		.uleb128 0x24
 1533 0b90 11050000 		.4byte	.LASF164
 1534 0b94 0A       		.byte	0xa
 1535 0b95 A6       		.byte	0xa6
 1536 0b96 24       		.byte	0x24
 1537 0b97 30000000 		.4byte	0x30
 1538 0b9b 22       		.uleb128 0x22
 1539 0b9c 737400   		.ascii	"st\000"
ARM GAS  /tmp/ccY5QEIX.s 			page 28


 1540 0b9f 0A       		.byte	0xa
 1541 0ba0 A6       		.byte	0xa6
 1542 0ba1 38       		.byte	0x38
 1543 0ba2 A70B0000 		.4byte	0xba7
 1544 0ba6 00       		.byte	0
 1545 0ba7 0F       		.uleb128 0xf
 1546 0ba8 04       		.byte	0x4
 1547 0ba9 1E0A0000 		.4byte	0xa1e
 1548 0bad 21       		.uleb128 0x21
 1549 0bae 84060000 		.4byte	.LASF165
 1550 0bb2 0A       		.byte	0xa
 1551 0bb3 90       		.byte	0x90
 1552 0bb4 09       		.byte	0x9
 1553 0bb5 BE090000 		.4byte	0x9be
 1554 0bb9 E70B0000 		.4byte	0xbe7
 1555 0bbd 22       		.uleb128 0x22
 1556 0bbe 7200     		.ascii	"r\000"
 1557 0bc0 0A       		.byte	0xa
 1558 0bc1 90       		.byte	0x90
 1559 0bc2 20       		.byte	0x20
 1560 0bc3 DE040000 		.4byte	0x4de
 1561 0bc7 24       		.uleb128 0x24
 1562 0bc8 4B020000 		.4byte	.LASF166
 1563 0bcc 0A       		.byte	0xa
 1564 0bcd 90       		.byte	0x90
 1565 0bce 27       		.byte	0x27
 1566 0bcf 30000000 		.4byte	0x30
 1567 0bd3 25       		.uleb128 0x25
 1568 0bd4 7000     		.ascii	"p\000"
 1569 0bd6 0A       		.byte	0xa
 1570 0bd7 92       		.byte	0x92
 1571 0bd8 09       		.byte	0x9
 1572 0bd9 75010000 		.4byte	0x175
 1573 0bdd 26       		.uleb128 0x26
 1574 0bde 4A050000 		.4byte	.LASF177
 1575 0be2 F70B0000 		.4byte	0xbf7
 1576 0be6 00       		.byte	0
 1577 0be7 08       		.uleb128 0x8
 1578 0be8 3A060000 		.4byte	0x63a
 1579 0bec F70B0000 		.4byte	0xbf7
 1580 0bf0 09       		.uleb128 0x9
 1581 0bf1 29000000 		.4byte	0x29
 1582 0bf5 07       		.byte	0x7
 1583 0bf6 00       		.byte	0
 1584 0bf7 18       		.uleb128 0x18
 1585 0bf8 E70B0000 		.4byte	0xbe7
 1586 0bfc 21       		.uleb128 0x21
 1587 0bfd 28040000 		.4byte	.LASF167
 1588 0c01 0A       		.byte	0xa
 1589 0c02 86       		.byte	0x86
 1590 0c03 05       		.byte	0x5
 1591 0c04 30000000 		.4byte	0x30
 1592 0c08 230C0000 		.4byte	0xc23
 1593 0c0c 22       		.uleb128 0x22
 1594 0c0d 7200     		.ascii	"r\000"
 1595 0c0f 0A       		.byte	0xa
 1596 0c10 86       		.byte	0x86
ARM GAS  /tmp/ccY5QEIX.s 			page 29


 1597 0c11 1D       		.byte	0x1d
 1598 0c12 DE040000 		.4byte	0x4de
 1599 0c16 24       		.uleb128 0x24
 1600 0c17 11050000 		.4byte	.LASF164
 1601 0c1b 0A       		.byte	0xa
 1602 0c1c 86       		.byte	0x86
 1603 0c1d 24       		.byte	0x24
 1604 0c1e 30000000 		.4byte	0x30
 1605 0c22 00       		.byte	0
 1606 0c23 21       		.uleb128 0x21
 1607 0c24 F5050000 		.4byte	.LASF168
 1608 0c28 0A       		.byte	0xa
 1609 0c29 79       		.byte	0x79
 1610 0c2a 05       		.byte	0x5
 1611 0c2b 30000000 		.4byte	0x30
 1612 0c2f 5C0C0000 		.4byte	0xc5c
 1613 0c33 22       		.uleb128 0x22
 1614 0c34 7200     		.ascii	"r\000"
 1615 0c36 0A       		.byte	0xa
 1616 0c37 79       		.byte	0x79
 1617 0c38 1C       		.byte	0x1c
 1618 0c39 DE040000 		.4byte	0x4de
 1619 0c3d 22       		.uleb128 0x22
 1620 0c3e 7000     		.ascii	"p\000"
 1621 0c40 0A       		.byte	0xa
 1622 0c41 79       		.byte	0x79
 1623 0c42 2B       		.byte	0x2b
 1624 0c43 63060000 		.4byte	0x663
 1625 0c47 22       		.uleb128 0x22
 1626 0c48 6100     		.ascii	"a\000"
 1627 0c4a 0A       		.byte	0xa
 1628 0c4b 79       		.byte	0x79
 1629 0c4c 32       		.byte	0x32
 1630 0c4d 30000000 		.4byte	0x30
 1631 0c51 22       		.uleb128 0x22
 1632 0c52 6200     		.ascii	"b\000"
 1633 0c54 0A       		.byte	0xa
 1634 0c55 79       		.byte	0x79
 1635 0c56 39       		.byte	0x39
 1636 0c57 30000000 		.4byte	0x30
 1637 0c5b 00       		.byte	0
 1638 0c5c 21       		.uleb128 0x21
 1639 0c5d 5D040000 		.4byte	.LASF169
 1640 0c61 0A       		.byte	0xa
 1641 0c62 68       		.byte	0x68
 1642 0c63 05       		.byte	0x5
 1643 0c64 30000000 		.4byte	0x30
 1644 0c68 9B0C0000 		.4byte	0xc9b
 1645 0c6c 22       		.uleb128 0x22
 1646 0c6d 7200     		.ascii	"r\000"
 1647 0c6f 0A       		.byte	0xa
 1648 0c70 68       		.byte	0x68
 1649 0c71 1D       		.byte	0x1d
 1650 0c72 DE040000 		.4byte	0x4de
 1651 0c76 24       		.uleb128 0x24
 1652 0c77 11050000 		.4byte	.LASF164
 1653 0c7b 0A       		.byte	0xa
ARM GAS  /tmp/ccY5QEIX.s 			page 30


 1654 0c7c 68       		.byte	0x68
 1655 0c7d 24       		.byte	0x24
 1656 0c7e 30000000 		.4byte	0x30
 1657 0c82 22       		.uleb128 0x22
 1658 0c83 70747200 		.ascii	"ptr\000"
 1659 0c87 0A       		.byte	0xa
 1660 0c88 68       		.byte	0x68
 1661 0c89 31       		.byte	0x31
 1662 0c8a 2D060000 		.4byte	0x62d
 1663 0c8e 22       		.uleb128 0x22
 1664 0c8f 6C656E00 		.ascii	"len\000"
 1665 0c93 0A       		.byte	0xa
 1666 0c94 68       		.byte	0x68
 1667 0c95 3A       		.byte	0x3a
 1668 0c96 30000000 		.4byte	0x30
 1669 0c9a 00       		.byte	0
 1670 0c9b 21       		.uleb128 0x21
 1671 0c9c 00000000 		.4byte	.LASF170
 1672 0ca0 0A       		.byte	0xa
 1673 0ca1 5C       		.byte	0x5c
 1674 0ca2 05       		.byte	0x5
 1675 0ca3 30000000 		.4byte	0x30
 1676 0ca7 DA0C0000 		.4byte	0xcda
 1677 0cab 22       		.uleb128 0x22
 1678 0cac 7200     		.ascii	"r\000"
 1679 0cae 0A       		.byte	0xa
 1680 0caf 5C       		.byte	0x5c
 1681 0cb0 1D       		.byte	0x1d
 1682 0cb1 DE040000 		.4byte	0x4de
 1683 0cb5 24       		.uleb128 0x24
 1684 0cb6 11050000 		.4byte	.LASF164
 1685 0cba 0A       		.byte	0xa
 1686 0cbb 5C       		.byte	0x5c
 1687 0cbc 24       		.byte	0x24
 1688 0cbd 30000000 		.4byte	0x30
 1689 0cc1 22       		.uleb128 0x22
 1690 0cc2 70747200 		.ascii	"ptr\000"
 1691 0cc6 0A       		.byte	0xa
 1692 0cc7 5C       		.byte	0x5c
 1693 0cc8 2E       		.byte	0x2e
 1694 0cc9 30000000 		.4byte	0x30
 1695 0ccd 22       		.uleb128 0x22
 1696 0cce 64697200 		.ascii	"dir\000"
 1697 0cd2 0A       		.byte	0xa
 1698 0cd3 5C       		.byte	0x5c
 1699 0cd4 37       		.byte	0x37
 1700 0cd5 30000000 		.4byte	0x30
 1701 0cd9 00       		.byte	0
 1702 0cda 27       		.uleb128 0x27
 1703 0cdb CC030000 		.4byte	.LASF178
 1704 0cdf 0A       		.byte	0xa
 1705 0ce0 47       		.byte	0x47
 1706 0ce1 05       		.byte	0x5
 1707 0ce2 30000000 		.4byte	0x30
 1708 0ce6 22       		.uleb128 0x22
 1709 0ce7 7200     		.ascii	"r\000"
 1710 0ce9 0A       		.byte	0xa
ARM GAS  /tmp/ccY5QEIX.s 			page 31


 1711 0cea 47       		.byte	0x47
 1712 0ceb 1C       		.byte	0x1c
 1713 0cec DE040000 		.4byte	0x4de
 1714 0cf0 24       		.uleb128 0x24
 1715 0cf1 11050000 		.4byte	.LASF164
 1716 0cf5 0A       		.byte	0xa
 1717 0cf6 47       		.byte	0x47
 1718 0cf7 23       		.byte	0x23
 1719 0cf8 30000000 		.4byte	0x30
 1720 0cfc 22       		.uleb128 0x22
 1721 0cfd 70747200 		.ascii	"ptr\000"
 1722 0d01 0A       		.byte	0xa
 1723 0d02 47       		.byte	0x47
 1724 0d03 30       		.byte	0x30
 1725 0d04 2D060000 		.4byte	0x62d
 1726 0d08 22       		.uleb128 0x22
 1727 0d09 6C656E00 		.ascii	"len\000"
 1728 0d0d 0A       		.byte	0xa
 1729 0d0e 47       		.byte	0x47
 1730 0d0f 39       		.byte	0x39
 1731 0d10 30000000 		.4byte	0x30
 1732 0d14 00       		.byte	0
 1733 0d15 00       		.byte	0
 1734              		.section	.gnu.debuglto_.debug_abbrev,"e",%progbits
 1735              	.Ldebug_abbrev0:
 1736 0000 01       		.uleb128 0x1
 1737 0001 11       		.uleb128 0x11
 1738 0002 01       		.byte	0x1
 1739 0003 25       		.uleb128 0x25
 1740 0004 0E       		.uleb128 0xe
 1741 0005 13       		.uleb128 0x13
 1742 0006 0B       		.uleb128 0xb
 1743 0007 03       		.uleb128 0x3
 1744 0008 0E       		.uleb128 0xe
 1745 0009 1B       		.uleb128 0x1b
 1746 000a 0E       		.uleb128 0xe
 1747 000b 10       		.uleb128 0x10
 1748 000c 17       		.uleb128 0x17
 1749 000d 00       		.byte	0
 1750 000e 00       		.byte	0
 1751 000f 02       		.uleb128 0x2
 1752 0010 16       		.uleb128 0x16
 1753 0011 00       		.byte	0
 1754 0012 03       		.uleb128 0x3
 1755 0013 0E       		.uleb128 0xe
 1756 0014 3A       		.uleb128 0x3a
 1757 0015 0B       		.uleb128 0xb
 1758 0016 3B       		.uleb128 0x3b
 1759 0017 0B       		.uleb128 0xb
 1760 0018 39       		.uleb128 0x39
 1761 0019 0B       		.uleb128 0xb
 1762 001a 49       		.uleb128 0x49
 1763 001b 13       		.uleb128 0x13
 1764 001c 00       		.byte	0
 1765 001d 00       		.byte	0
 1766 001e 03       		.uleb128 0x3
 1767 001f 24       		.uleb128 0x24
ARM GAS  /tmp/ccY5QEIX.s 			page 32


 1768 0020 00       		.byte	0
 1769 0021 0B       		.uleb128 0xb
 1770 0022 0B       		.uleb128 0xb
 1771 0023 3E       		.uleb128 0x3e
 1772 0024 0B       		.uleb128 0xb
 1773 0025 03       		.uleb128 0x3
 1774 0026 0E       		.uleb128 0xe
 1775 0027 00       		.byte	0
 1776 0028 00       		.byte	0
 1777 0029 04       		.uleb128 0x4
 1778 002a 24       		.uleb128 0x24
 1779 002b 00       		.byte	0
 1780 002c 0B       		.uleb128 0xb
 1781 002d 0B       		.uleb128 0xb
 1782 002e 3E       		.uleb128 0x3e
 1783 002f 0B       		.uleb128 0xb
 1784 0030 03       		.uleb128 0x3
 1785 0031 08       		.uleb128 0x8
 1786 0032 00       		.byte	0
 1787 0033 00       		.byte	0
 1788 0034 05       		.uleb128 0x5
 1789 0035 16       		.uleb128 0x16
 1790 0036 00       		.byte	0
 1791 0037 03       		.uleb128 0x3
 1792 0038 0E       		.uleb128 0xe
 1793 0039 3A       		.uleb128 0x3a
 1794 003a 0B       		.uleb128 0xb
 1795 003b 3B       		.uleb128 0x3b
 1796 003c 05       		.uleb128 0x5
 1797 003d 39       		.uleb128 0x39
 1798 003e 0B       		.uleb128 0xb
 1799 003f 49       		.uleb128 0x49
 1800 0040 13       		.uleb128 0x13
 1801 0041 00       		.byte	0
 1802 0042 00       		.byte	0
 1803 0043 06       		.uleb128 0x6
 1804 0044 17       		.uleb128 0x17
 1805 0045 01       		.byte	0x1
 1806 0046 0B       		.uleb128 0xb
 1807 0047 0B       		.uleb128 0xb
 1808 0048 3A       		.uleb128 0x3a
 1809 0049 0B       		.uleb128 0xb
 1810 004a 3B       		.uleb128 0x3b
 1811 004b 0B       		.uleb128 0xb
 1812 004c 39       		.uleb128 0x39
 1813 004d 0B       		.uleb128 0xb
 1814 004e 01       		.uleb128 0x1
 1815 004f 13       		.uleb128 0x13
 1816 0050 00       		.byte	0
 1817 0051 00       		.byte	0
 1818 0052 07       		.uleb128 0x7
 1819 0053 0D       		.uleb128 0xd
 1820 0054 00       		.byte	0
 1821 0055 03       		.uleb128 0x3
 1822 0056 0E       		.uleb128 0xe
 1823 0057 3A       		.uleb128 0x3a
 1824 0058 0B       		.uleb128 0xb
ARM GAS  /tmp/ccY5QEIX.s 			page 33


 1825 0059 3B       		.uleb128 0x3b
 1826 005a 0B       		.uleb128 0xb
 1827 005b 39       		.uleb128 0x39
 1828 005c 0B       		.uleb128 0xb
 1829 005d 49       		.uleb128 0x49
 1830 005e 13       		.uleb128 0x13
 1831 005f 00       		.byte	0
 1832 0060 00       		.byte	0
 1833 0061 08       		.uleb128 0x8
 1834 0062 01       		.uleb128 0x1
 1835 0063 01       		.byte	0x1
 1836 0064 49       		.uleb128 0x49
 1837 0065 13       		.uleb128 0x13
 1838 0066 01       		.uleb128 0x1
 1839 0067 13       		.uleb128 0x13
 1840 0068 00       		.byte	0
 1841 0069 00       		.byte	0
 1842 006a 09       		.uleb128 0x9
 1843 006b 21       		.uleb128 0x21
 1844 006c 00       		.byte	0
 1845 006d 49       		.uleb128 0x49
 1846 006e 13       		.uleb128 0x13
 1847 006f 2F       		.uleb128 0x2f
 1848 0070 0B       		.uleb128 0xb
 1849 0071 00       		.byte	0
 1850 0072 00       		.byte	0
 1851 0073 0A       		.uleb128 0xa
 1852 0074 13       		.uleb128 0x13
 1853 0075 01       		.byte	0x1
 1854 0076 0B       		.uleb128 0xb
 1855 0077 0B       		.uleb128 0xb
 1856 0078 3A       		.uleb128 0x3a
 1857 0079 0B       		.uleb128 0xb
 1858 007a 3B       		.uleb128 0x3b
 1859 007b 0B       		.uleb128 0xb
 1860 007c 39       		.uleb128 0x39
 1861 007d 0B       		.uleb128 0xb
 1862 007e 01       		.uleb128 0x1
 1863 007f 13       		.uleb128 0x13
 1864 0080 00       		.byte	0
 1865 0081 00       		.byte	0
 1866 0082 0B       		.uleb128 0xb
 1867 0083 0D       		.uleb128 0xd
 1868 0084 00       		.byte	0
 1869 0085 03       		.uleb128 0x3
 1870 0086 0E       		.uleb128 0xe
 1871 0087 3A       		.uleb128 0x3a
 1872 0088 0B       		.uleb128 0xb
 1873 0089 3B       		.uleb128 0x3b
 1874 008a 0B       		.uleb128 0xb
 1875 008b 39       		.uleb128 0x39
 1876 008c 0B       		.uleb128 0xb
 1877 008d 49       		.uleb128 0x49
 1878 008e 13       		.uleb128 0x13
 1879 008f 38       		.uleb128 0x38
 1880 0090 0B       		.uleb128 0xb
 1881 0091 00       		.byte	0
ARM GAS  /tmp/ccY5QEIX.s 			page 34


 1882 0092 00       		.byte	0
 1883 0093 0C       		.uleb128 0xc
 1884 0094 0F       		.uleb128 0xf
 1885 0095 00       		.byte	0
 1886 0096 0B       		.uleb128 0xb
 1887 0097 0B       		.uleb128 0xb
 1888 0098 00       		.byte	0
 1889 0099 00       		.byte	0
 1890 009a 0D       		.uleb128 0xd
 1891 009b 13       		.uleb128 0x13
 1892 009c 01       		.byte	0x1
 1893 009d 03       		.uleb128 0x3
 1894 009e 0E       		.uleb128 0xe
 1895 009f 0B       		.uleb128 0xb
 1896 00a0 0B       		.uleb128 0xb
 1897 00a1 3A       		.uleb128 0x3a
 1898 00a2 0B       		.uleb128 0xb
 1899 00a3 3B       		.uleb128 0x3b
 1900 00a4 0B       		.uleb128 0xb
 1901 00a5 39       		.uleb128 0x39
 1902 00a6 0B       		.uleb128 0xb
 1903 00a7 01       		.uleb128 0x1
 1904 00a8 13       		.uleb128 0x13
 1905 00a9 00       		.byte	0
 1906 00aa 00       		.byte	0
 1907 00ab 0E       		.uleb128 0xe
 1908 00ac 0D       		.uleb128 0xd
 1909 00ad 00       		.byte	0
 1910 00ae 03       		.uleb128 0x3
 1911 00af 08       		.uleb128 0x8
 1912 00b0 3A       		.uleb128 0x3a
 1913 00b1 0B       		.uleb128 0xb
 1914 00b2 3B       		.uleb128 0x3b
 1915 00b3 0B       		.uleb128 0xb
 1916 00b4 39       		.uleb128 0x39
 1917 00b5 0B       		.uleb128 0xb
 1918 00b6 49       		.uleb128 0x49
 1919 00b7 13       		.uleb128 0x13
 1920 00b8 38       		.uleb128 0x38
 1921 00b9 0B       		.uleb128 0xb
 1922 00ba 00       		.byte	0
 1923 00bb 00       		.byte	0
 1924 00bc 0F       		.uleb128 0xf
 1925 00bd 0F       		.uleb128 0xf
 1926 00be 00       		.byte	0
 1927 00bf 0B       		.uleb128 0xb
 1928 00c0 0B       		.uleb128 0xb
 1929 00c1 49       		.uleb128 0x49
 1930 00c2 13       		.uleb128 0x13
 1931 00c3 00       		.byte	0
 1932 00c4 00       		.byte	0
 1933 00c5 10       		.uleb128 0x10
 1934 00c6 13       		.uleb128 0x13
 1935 00c7 01       		.byte	0x1
 1936 00c8 03       		.uleb128 0x3
 1937 00c9 0E       		.uleb128 0xe
 1938 00ca 0B       		.uleb128 0xb
ARM GAS  /tmp/ccY5QEIX.s 			page 35


 1939 00cb 05       		.uleb128 0x5
 1940 00cc 3A       		.uleb128 0x3a
 1941 00cd 0B       		.uleb128 0xb
 1942 00ce 3B       		.uleb128 0x3b
 1943 00cf 0B       		.uleb128 0xb
 1944 00d0 39       		.uleb128 0x39
 1945 00d1 0B       		.uleb128 0xb
 1946 00d2 01       		.uleb128 0x1
 1947 00d3 13       		.uleb128 0x13
 1948 00d4 00       		.byte	0
 1949 00d5 00       		.byte	0
 1950 00d6 11       		.uleb128 0x11
 1951 00d7 0D       		.uleb128 0xd
 1952 00d8 00       		.byte	0
 1953 00d9 03       		.uleb128 0x3
 1954 00da 0E       		.uleb128 0xe
 1955 00db 3A       		.uleb128 0x3a
 1956 00dc 0B       		.uleb128 0xb
 1957 00dd 3B       		.uleb128 0x3b
 1958 00de 0B       		.uleb128 0xb
 1959 00df 39       		.uleb128 0x39
 1960 00e0 0B       		.uleb128 0xb
 1961 00e1 49       		.uleb128 0x49
 1962 00e2 13       		.uleb128 0x13
 1963 00e3 38       		.uleb128 0x38
 1964 00e4 05       		.uleb128 0x5
 1965 00e5 00       		.byte	0
 1966 00e6 00       		.byte	0
 1967 00e7 12       		.uleb128 0x12
 1968 00e8 15       		.uleb128 0x15
 1969 00e9 00       		.byte	0
 1970 00ea 27       		.uleb128 0x27
 1971 00eb 19       		.uleb128 0x19
 1972 00ec 00       		.byte	0
 1973 00ed 00       		.byte	0
 1974 00ee 13       		.uleb128 0x13
 1975 00ef 15       		.uleb128 0x15
 1976 00f0 01       		.byte	0x1
 1977 00f1 27       		.uleb128 0x27
 1978 00f2 19       		.uleb128 0x19
 1979 00f3 49       		.uleb128 0x49
 1980 00f4 13       		.uleb128 0x13
 1981 00f5 01       		.uleb128 0x1
 1982 00f6 13       		.uleb128 0x13
 1983 00f7 00       		.byte	0
 1984 00f8 00       		.byte	0
 1985 00f9 14       		.uleb128 0x14
 1986 00fa 05       		.uleb128 0x5
 1987 00fb 00       		.byte	0
 1988 00fc 49       		.uleb128 0x49
 1989 00fd 13       		.uleb128 0x13
 1990 00fe 00       		.byte	0
 1991 00ff 00       		.byte	0
 1992 0100 15       		.uleb128 0x15
 1993 0101 13       		.uleb128 0x13
 1994 0102 01       		.byte	0x1
 1995 0103 03       		.uleb128 0x3
ARM GAS  /tmp/ccY5QEIX.s 			page 36


 1996 0104 0E       		.uleb128 0xe
 1997 0105 0B       		.uleb128 0xb
 1998 0106 05       		.uleb128 0x5
 1999 0107 3A       		.uleb128 0x3a
 2000 0108 0B       		.uleb128 0xb
 2001 0109 3B       		.uleb128 0x3b
 2002 010a 05       		.uleb128 0x5
 2003 010b 39       		.uleb128 0x39
 2004 010c 0B       		.uleb128 0xb
 2005 010d 01       		.uleb128 0x1
 2006 010e 13       		.uleb128 0x13
 2007 010f 00       		.byte	0
 2008 0110 00       		.byte	0
 2009 0111 16       		.uleb128 0x16
 2010 0112 0D       		.uleb128 0xd
 2011 0113 00       		.byte	0
 2012 0114 03       		.uleb128 0x3
 2013 0115 0E       		.uleb128 0xe
 2014 0116 3A       		.uleb128 0x3a
 2015 0117 0B       		.uleb128 0xb
 2016 0118 3B       		.uleb128 0x3b
 2017 0119 05       		.uleb128 0x5
 2018 011a 39       		.uleb128 0x39
 2019 011b 0B       		.uleb128 0xb
 2020 011c 49       		.uleb128 0x49
 2021 011d 13       		.uleb128 0x13
 2022 011e 38       		.uleb128 0x38
 2023 011f 0B       		.uleb128 0xb
 2024 0120 00       		.byte	0
 2025 0121 00       		.byte	0
 2026 0122 17       		.uleb128 0x17
 2027 0123 0D       		.uleb128 0xd
 2028 0124 00       		.byte	0
 2029 0125 03       		.uleb128 0x3
 2030 0126 0E       		.uleb128 0xe
 2031 0127 3A       		.uleb128 0x3a
 2032 0128 0B       		.uleb128 0xb
 2033 0129 3B       		.uleb128 0x3b
 2034 012a 05       		.uleb128 0x5
 2035 012b 39       		.uleb128 0x39
 2036 012c 0B       		.uleb128 0xb
 2037 012d 49       		.uleb128 0x49
 2038 012e 13       		.uleb128 0x13
 2039 012f 38       		.uleb128 0x38
 2040 0130 05       		.uleb128 0x5
 2041 0131 00       		.byte	0
 2042 0132 00       		.byte	0
 2043 0133 18       		.uleb128 0x18
 2044 0134 26       		.uleb128 0x26
 2045 0135 00       		.byte	0
 2046 0136 49       		.uleb128 0x49
 2047 0137 13       		.uleb128 0x13
 2048 0138 00       		.byte	0
 2049 0139 00       		.byte	0
 2050 013a 19       		.uleb128 0x19
 2051 013b 13       		.uleb128 0x13
 2052 013c 01       		.byte	0x1
ARM GAS  /tmp/ccY5QEIX.s 			page 37


 2053 013d 03       		.uleb128 0x3
 2054 013e 0E       		.uleb128 0xe
 2055 013f 0B       		.uleb128 0xb
 2056 0140 0B       		.uleb128 0xb
 2057 0141 3A       		.uleb128 0x3a
 2058 0142 0B       		.uleb128 0xb
 2059 0143 3B       		.uleb128 0x3b
 2060 0144 05       		.uleb128 0x5
 2061 0145 39       		.uleb128 0x39
 2062 0146 0B       		.uleb128 0xb
 2063 0147 01       		.uleb128 0x1
 2064 0148 13       		.uleb128 0x13
 2065 0149 00       		.byte	0
 2066 014a 00       		.byte	0
 2067 014b 1A       		.uleb128 0x1a
 2068 014c 13       		.uleb128 0x13
 2069 014d 01       		.byte	0x1
 2070 014e 0B       		.uleb128 0xb
 2071 014f 0B       		.uleb128 0xb
 2072 0150 3A       		.uleb128 0x3a
 2073 0151 0B       		.uleb128 0xb
 2074 0152 3B       		.uleb128 0x3b
 2075 0153 05       		.uleb128 0x5
 2076 0154 39       		.uleb128 0x39
 2077 0155 0B       		.uleb128 0xb
 2078 0156 01       		.uleb128 0x1
 2079 0157 13       		.uleb128 0x13
 2080 0158 00       		.byte	0
 2081 0159 00       		.byte	0
 2082 015a 1B       		.uleb128 0x1b
 2083 015b 17       		.uleb128 0x17
 2084 015c 01       		.byte	0x1
 2085 015d 0B       		.uleb128 0xb
 2086 015e 0B       		.uleb128 0xb
 2087 015f 3A       		.uleb128 0x3a
 2088 0160 0B       		.uleb128 0xb
 2089 0161 3B       		.uleb128 0x3b
 2090 0162 05       		.uleb128 0x5
 2091 0163 39       		.uleb128 0x39
 2092 0164 0B       		.uleb128 0xb
 2093 0165 01       		.uleb128 0x1
 2094 0166 13       		.uleb128 0x13
 2095 0167 00       		.byte	0
 2096 0168 00       		.byte	0
 2097 0169 1C       		.uleb128 0x1c
 2098 016a 0D       		.uleb128 0xd
 2099 016b 00       		.byte	0
 2100 016c 03       		.uleb128 0x3
 2101 016d 0E       		.uleb128 0xe
 2102 016e 3A       		.uleb128 0x3a
 2103 016f 0B       		.uleb128 0xb
 2104 0170 3B       		.uleb128 0x3b
 2105 0171 05       		.uleb128 0x5
 2106 0172 39       		.uleb128 0x39
 2107 0173 0B       		.uleb128 0xb
 2108 0174 49       		.uleb128 0x49
 2109 0175 13       		.uleb128 0x13
ARM GAS  /tmp/ccY5QEIX.s 			page 38


 2110 0176 00       		.byte	0
 2111 0177 00       		.byte	0
 2112 0178 1D       		.uleb128 0x1d
 2113 0179 13       		.uleb128 0x13
 2114 017a 00       		.byte	0
 2115 017b 03       		.uleb128 0x3
 2116 017c 0E       		.uleb128 0xe
 2117 017d 3C       		.uleb128 0x3c
 2118 017e 19       		.uleb128 0x19
 2119 017f 00       		.byte	0
 2120 0180 00       		.byte	0
 2121 0181 1E       		.uleb128 0x1e
 2122 0182 15       		.uleb128 0x15
 2123 0183 01       		.byte	0x1
 2124 0184 27       		.uleb128 0x27
 2125 0185 19       		.uleb128 0x19
 2126 0186 01       		.uleb128 0x1
 2127 0187 13       		.uleb128 0x13
 2128 0188 00       		.byte	0
 2129 0189 00       		.byte	0
 2130 018a 1F       		.uleb128 0x1f
 2131 018b 2E       		.uleb128 0x2e
 2132 018c 00       		.byte	0
 2133 018d 3F       		.uleb128 0x3f
 2134 018e 19       		.uleb128 0x19
 2135 018f 03       		.uleb128 0x3
 2136 0190 0E       		.uleb128 0xe
 2137 0191 3A       		.uleb128 0x3a
 2138 0192 0B       		.uleb128 0xb
 2139 0193 3B       		.uleb128 0x3b
 2140 0194 0B       		.uleb128 0xb
 2141 0195 39       		.uleb128 0x39
 2142 0196 0B       		.uleb128 0xb
 2143 0197 27       		.uleb128 0x27
 2144 0198 19       		.uleb128 0x19
 2145 0199 00       		.byte	0
 2146 019a 00       		.byte	0
 2147 019b 20       		.uleb128 0x20
 2148 019c 2E       		.uleb128 0x2e
 2149 019d 00       		.byte	0
 2150 019e 3F       		.uleb128 0x3f
 2151 019f 19       		.uleb128 0x19
 2152 01a0 03       		.uleb128 0x3
 2153 01a1 0E       		.uleb128 0xe
 2154 01a2 3A       		.uleb128 0x3a
 2155 01a3 0B       		.uleb128 0xb
 2156 01a4 3B       		.uleb128 0x3b
 2157 01a5 0B       		.uleb128 0xb
 2158 01a6 39       		.uleb128 0x39
 2159 01a7 0B       		.uleb128 0xb
 2160 01a8 27       		.uleb128 0x27
 2161 01a9 19       		.uleb128 0x19
 2162 01aa 49       		.uleb128 0x49
 2163 01ab 13       		.uleb128 0x13
 2164 01ac 00       		.byte	0
 2165 01ad 00       		.byte	0
 2166 01ae 21       		.uleb128 0x21
ARM GAS  /tmp/ccY5QEIX.s 			page 39


 2167 01af 2E       		.uleb128 0x2e
 2168 01b0 01       		.byte	0x1
 2169 01b1 3F       		.uleb128 0x3f
 2170 01b2 19       		.uleb128 0x19
 2171 01b3 03       		.uleb128 0x3
 2172 01b4 0E       		.uleb128 0xe
 2173 01b5 3A       		.uleb128 0x3a
 2174 01b6 0B       		.uleb128 0xb
 2175 01b7 3B       		.uleb128 0x3b
 2176 01b8 0B       		.uleb128 0xb
 2177 01b9 39       		.uleb128 0x39
 2178 01ba 0B       		.uleb128 0xb
 2179 01bb 27       		.uleb128 0x27
 2180 01bc 19       		.uleb128 0x19
 2181 01bd 49       		.uleb128 0x49
 2182 01be 13       		.uleb128 0x13
 2183 01bf 01       		.uleb128 0x1
 2184 01c0 13       		.uleb128 0x13
 2185 01c1 00       		.byte	0
 2186 01c2 00       		.byte	0
 2187 01c3 22       		.uleb128 0x22
 2188 01c4 05       		.uleb128 0x5
 2189 01c5 00       		.byte	0
 2190 01c6 03       		.uleb128 0x3
 2191 01c7 08       		.uleb128 0x8
 2192 01c8 3A       		.uleb128 0x3a
 2193 01c9 0B       		.uleb128 0xb
 2194 01ca 3B       		.uleb128 0x3b
 2195 01cb 0B       		.uleb128 0xb
 2196 01cc 39       		.uleb128 0x39
 2197 01cd 0B       		.uleb128 0xb
 2198 01ce 49       		.uleb128 0x49
 2199 01cf 13       		.uleb128 0x13
 2200 01d0 00       		.byte	0
 2201 01d1 00       		.byte	0
 2202 01d2 23       		.uleb128 0x23
 2203 01d3 2E       		.uleb128 0x2e
 2204 01d4 01       		.byte	0x1
 2205 01d5 3F       		.uleb128 0x3f
 2206 01d6 19       		.uleb128 0x19
 2207 01d7 03       		.uleb128 0x3
 2208 01d8 0E       		.uleb128 0xe
 2209 01d9 3A       		.uleb128 0x3a
 2210 01da 0B       		.uleb128 0xb
 2211 01db 3B       		.uleb128 0x3b
 2212 01dc 0B       		.uleb128 0xb
 2213 01dd 39       		.uleb128 0x39
 2214 01de 0B       		.uleb128 0xb
 2215 01df 27       		.uleb128 0x27
 2216 01e0 19       		.uleb128 0x19
 2217 01e1 8701     		.uleb128 0x87
 2218 01e3 19       		.uleb128 0x19
 2219 01e4 01       		.uleb128 0x1
 2220 01e5 13       		.uleb128 0x13
 2221 01e6 00       		.byte	0
 2222 01e7 00       		.byte	0
 2223 01e8 24       		.uleb128 0x24
ARM GAS  /tmp/ccY5QEIX.s 			page 40


 2224 01e9 05       		.uleb128 0x5
 2225 01ea 00       		.byte	0
 2226 01eb 03       		.uleb128 0x3
 2227 01ec 0E       		.uleb128 0xe
 2228 01ed 3A       		.uleb128 0x3a
 2229 01ee 0B       		.uleb128 0xb
 2230 01ef 3B       		.uleb128 0x3b
 2231 01f0 0B       		.uleb128 0xb
 2232 01f1 39       		.uleb128 0x39
 2233 01f2 0B       		.uleb128 0xb
 2234 01f3 49       		.uleb128 0x49
 2235 01f4 13       		.uleb128 0x13
 2236 01f5 00       		.byte	0
 2237 01f6 00       		.byte	0
 2238 01f7 25       		.uleb128 0x25
 2239 01f8 34       		.uleb128 0x34
 2240 01f9 00       		.byte	0
 2241 01fa 03       		.uleb128 0x3
 2242 01fb 08       		.uleb128 0x8
 2243 01fc 3A       		.uleb128 0x3a
 2244 01fd 0B       		.uleb128 0xb
 2245 01fe 3B       		.uleb128 0x3b
 2246 01ff 0B       		.uleb128 0xb
 2247 0200 39       		.uleb128 0x39
 2248 0201 0B       		.uleb128 0xb
 2249 0202 49       		.uleb128 0x49
 2250 0203 13       		.uleb128 0x13
 2251 0204 00       		.byte	0
 2252 0205 00       		.byte	0
 2253 0206 26       		.uleb128 0x26
 2254 0207 34       		.uleb128 0x34
 2255 0208 00       		.byte	0
 2256 0209 03       		.uleb128 0x3
 2257 020a 0E       		.uleb128 0xe
 2258 020b 49       		.uleb128 0x49
 2259 020c 13       		.uleb128 0x13
 2260 020d 34       		.uleb128 0x34
 2261 020e 19       		.uleb128 0x19
 2262 020f 00       		.byte	0
 2263 0210 00       		.byte	0
 2264 0211 27       		.uleb128 0x27
 2265 0212 2E       		.uleb128 0x2e
 2266 0213 01       		.byte	0x1
 2267 0214 3F       		.uleb128 0x3f
 2268 0215 19       		.uleb128 0x19
 2269 0216 03       		.uleb128 0x3
 2270 0217 0E       		.uleb128 0xe
 2271 0218 3A       		.uleb128 0x3a
 2272 0219 0B       		.uleb128 0xb
 2273 021a 3B       		.uleb128 0x3b
 2274 021b 0B       		.uleb128 0xb
 2275 021c 39       		.uleb128 0x39
 2276 021d 0B       		.uleb128 0xb
 2277 021e 27       		.uleb128 0x27
 2278 021f 19       		.uleb128 0x19
 2279 0220 49       		.uleb128 0x49
 2280 0221 13       		.uleb128 0x13
ARM GAS  /tmp/ccY5QEIX.s 			page 41


 2281 0222 00       		.byte	0
 2282 0223 00       		.byte	0
 2283 0224 00       		.byte	0
 2284              		.section	.gnu.debuglto_.debug_line,"e",%progbits
 2285              	.Ldebug_line0:
 2286 0000 18010000 		.4byte	.LELT0-.LSLT0
 2287              	.LSLT0:
 2288 0004 0400     		.2byte	0x4
 2289 0006 12010000 		.4byte	.LELTP0-.LASLTP0
 2290              	.LASLTP0:
 2291 000a 01       		.byte	0x1
 2292 000b 01       		.byte	0x1
 2293 000c 01       		.byte	0x1
 2294 000d F6       		.byte	0xf6
 2295 000e F2       		.byte	0xf2
 2296 000f 0D       		.byte	0xd
 2297 0010 00       		.byte	0
 2298 0011 01       		.byte	0x1
 2299 0012 01       		.byte	0x1
 2300 0013 01       		.byte	0x1
 2301 0014 01       		.byte	0x1
 2302 0015 00       		.byte	0
 2303 0016 00       		.byte	0
 2304 0017 00       		.byte	0
 2305 0018 01       		.byte	0x1
 2306 0019 00       		.byte	0
 2307 001a 00       		.byte	0
 2308 001b 01       		.byte	0x1
 2309 001c 74686972 		.ascii	"third_party/ChibiOS/os/various"
 2309      645F7061 
 2309      7274792F 
 2309      43686962 
 2309      694F532F 
 2310 003a 00       		.byte	0
 2311 003b 2F757372 		.ascii	"/usr/include/newlib/machine"
 2311      2F696E63 
 2311      6C756465 
 2311      2F6E6577 
 2311      6C69622F 
 2312 0056 00       		.byte	0
 2313 0057 2F757372 		.ascii	"/usr/include/newlib/sys"
 2313      2F696E63 
 2313      6C756465 
 2313      2F6E6577 
 2313      6C69622F 
 2314 006e 00       		.byte	0
 2315 006f 2F757372 		.ascii	"/usr/lib/gcc/arm-none-eabi/10.3.1/include"
 2315      2F6C6962 
 2315      2F676363 
 2315      2F61726D 
 2315      2D6E6F6E 
 2316 0098 00       		.byte	0
 2317 0099 00       		.byte	0
 2318 009a 73746464 		.ascii	"stddef.h\000"
 2318      65662E68 
 2318      00
 2319 00a3 04       		.uleb128 0x4
ARM GAS  /tmp/ccY5QEIX.s 			page 42


 2320 00a4 00       		.uleb128 0
 2321 00a5 00       		.uleb128 0
 2322 00a6 5F646566 		.ascii	"_default_types.h\000"
 2322      61756C74 
 2322      5F747970 
 2322      65732E68 
 2322      00
 2323 00b7 02       		.uleb128 0x2
 2324 00b8 00       		.uleb128 0
 2325 00b9 00       		.uleb128 0
 2326 00ba 5F747970 		.ascii	"_types.h\000"
 2326      65732E68 
 2326      00
 2327 00c3 03       		.uleb128 0x3
 2328 00c4 00       		.uleb128 0
 2329 00c5 00       		.uleb128 0
 2330 00c6 7265656E 		.ascii	"reent.h\000"
 2330      742E6800 
 2331 00ce 03       		.uleb128 0x3
 2332 00cf 00       		.uleb128 0
 2333 00d0 00       		.uleb128 0
 2334 00d1 6C6F636B 		.ascii	"lock.h\000"
 2334      2E6800
 2335 00d8 03       		.uleb128 0x3
 2336 00d9 00       		.uleb128 0
 2337 00da 00       		.uleb128 0
 2338 00db 5F74696D 		.ascii	"_timeval.h\000"
 2338      6576616C 
 2338      2E6800
 2339 00e6 03       		.uleb128 0x3
 2340 00e7 00       		.uleb128 0
 2341 00e8 00       		.uleb128 0
 2342 00e9 5F74696D 		.ascii	"_timespec.h\000"
 2342      65737065 
 2342      632E6800 
 2343 00f5 03       		.uleb128 0x3
 2344 00f6 00       		.uleb128 0
 2345 00f7 00       		.uleb128 0
 2346 00f8 74797065 		.ascii	"types.h\000"
 2346      732E6800 
 2347 0100 03       		.uleb128 0x3
 2348 0101 00       		.uleb128 0
 2349 0102 00       		.uleb128 0
 2350 0103 73746174 		.ascii	"stat.h\000"
 2350      2E6800
 2351 010a 03       		.uleb128 0x3
 2352 010b 00       		.uleb128 0
 2353 010c 00       		.uleb128 0
 2354 010d 73797363 		.ascii	"syscalls.c\000"
 2354      616C6C73 
 2354      2E6300
 2355 0118 01       		.uleb128 0x1
 2356 0119 00       		.uleb128 0
 2357 011a 00       		.uleb128 0
 2358 011b 00       		.byte	0
 2359              	.LELTP0:
 2360              	.LELT0:
ARM GAS  /tmp/ccY5QEIX.s 			page 43


 2361              		.section	.gnu.debuglto_.debug_str,"eMS",%progbits,1
 2362              	.LASF170:
 2363 0000 5F6C7365 		.ascii	"_lseek_r\000"
 2363      656B5F72 
 2363      00
 2364              	.LASF7:
 2365 0009 73686F72 		.ascii	"short int\000"
 2365      7420696E 
 2365      7400
 2366              	.LASF23:
 2367 0013 5F66706F 		.ascii	"_fpos_t\000"
 2367      735F7400 
 2368              	.LASF154:
 2369 001b 73745F63 		.ascii	"st_ctim\000"
 2369      74696D00 
 2370              	.LASF142:
 2371 0023 6E6C696E 		.ascii	"nlink_t\000"
 2371      6B5F7400 
 2372              	.LASF3:
 2373 002b 73697A65 		.ascii	"size_t\000"
 2373      5F7400
 2374              	.LASF103:
 2375 0032 5F72616E 		.ascii	"_rand48\000"
 2375      64343800 
 2376              	.LASF141:
 2377 003a 6D6F6465 		.ascii	"mode_t\000"
 2377      5F7400
 2378              	.LASF82:
 2379 0041 5F656D65 		.ascii	"_emergency\000"
 2379      7267656E 
 2379      637900
 2380              	.LASF5:
 2381 004c 7369676E 		.ascii	"signed char\000"
 2381      65642063 
 2381      68617200 
 2382              	.LASF119:
 2383 0058 5F676574 		.ascii	"_getdate_err\000"
 2383      64617465 
 2383      5F657272 
 2383      00
 2384              	.LASF72:
 2385 0065 5F646174 		.ascii	"_data\000"
 2385      6100
 2386              	.LASF123:
 2387 006b 5F776372 		.ascii	"_wcrtomb_state\000"
 2387      746F6D62 
 2387      5F737461 
 2387      746500
 2388              	.LASF124:
 2389 007a 5F776373 		.ascii	"_wcsrtombs_state\000"
 2389      72746F6D 
 2389      62735F73 
 2389      74617465 
 2389      00
 2390              	.LASF12:
 2391 008b 6C6F6E67 		.ascii	"long long unsigned int\000"
 2391      206C6F6E 
ARM GAS  /tmp/ccY5QEIX.s 			page 44


 2391      6720756E 
 2391      7369676E 
 2391      65642069 
 2392              	.LASF156:
 2393 00a2 73745F62 		.ascii	"st_blocks\000"
 2393      6C6F636B 
 2393      7300
 2394              	.LASF62:
 2395 00ac 5F6C6266 		.ascii	"_lbfsize\000"
 2395      73697A65 
 2395      00
 2396              	.LASF174:
 2397 00b5 5F5F6C6F 		.ascii	"__locale_t\000"
 2397      63616C65 
 2397      5F7400
 2398              	.LASF172:
 2399 00c0 74686972 		.ascii	"third_party/ChibiOS/os/various/syscalls.c\000"
 2399      645F7061 
 2399      7274792F 
 2399      43686962 
 2399      694F532F 
 2400              	.LASF159:
 2401 00ea 5F6B696C 		.ascii	"_kill\000"
 2401      6C00
 2402              	.LASF121:
 2403 00f0 5F6D6272 		.ascii	"_mbrtowc_state\000"
 2403      746F7763 
 2403      5F737461 
 2403      746500
 2404              	.LASF13:
 2405 00ff 5F5F696E 		.ascii	"__int_least64_t\000"
 2405      745F6C65 
 2405      61737436 
 2405      345F7400 
 2406              	.LASF19:
 2407 010f 5F5F6769 		.ascii	"__gid_t\000"
 2407      645F7400 
 2408              	.LASF116:
 2409 0117 5F776374 		.ascii	"_wctomb_state\000"
 2409      6F6D625F 
 2409      73746174 
 2409      6500
 2410              	.LASF39:
 2411 0125 5F5F746D 		.ascii	"__tm_sec\000"
 2411      5F736563 
 2411      00
 2412              	.LASF143:
 2413 012e 73746174 		.ascii	"stat\000"
 2413      00
 2414              	.LASF160:
 2415 0133 5F657869 		.ascii	"_exit\000"
 2415      7400
 2416              	.LASF67:
 2417 0139 5F636C6F 		.ascii	"_close\000"
 2417      736500
 2418              	.LASF146:
 2419 0140 73745F6D 		.ascii	"st_mode\000"
ARM GAS  /tmp/ccY5QEIX.s 			page 45


 2419      6F646500 
 2420              	.LASF30:
 2421 0148 5F5F554C 		.ascii	"__ULong\000"
 2421      6F6E6700 
 2422              	.LASF145:
 2423 0150 73745F69 		.ascii	"st_ino\000"
 2423      6E6F00
 2424              	.LASF21:
 2425 0157 5F5F6D6F 		.ascii	"__mode_t\000"
 2425      64655F74 
 2425      00
 2426              	.LASF57:
 2427 0160 5F626173 		.ascii	"_base\000"
 2427      6500
 2428              	.LASF41:
 2429 0166 5F5F746D 		.ascii	"__tm_hour\000"
 2429      5F686F75 
 2429      7200
 2430              	.LASF24:
 2431 0170 5F5F7763 		.ascii	"__wch\000"
 2431      6800
 2432              	.LASF97:
 2433 0176 5F5F7366 		.ascii	"__sf\000"
 2433      00
 2434              	.LASF48:
 2435 017b 5F6F6E5F 		.ascii	"_on_exit_args\000"
 2435      65786974 
 2435      5F617267 
 2435      7300
 2436              	.LASF63:
 2437 0189 5F636F6F 		.ascii	"_cookie\000"
 2437      6B696500 
 2438              	.LASF96:
 2439 0191 5F5F7367 		.ascii	"__sglue\000"
 2439      6C756500 
 2440              	.LASF14:
 2441 0199 5F5F626C 		.ascii	"__blkcnt_t\000"
 2441      6B636E74 
 2441      5F7400
 2442              	.LASF9:
 2443 01a4 6C6F6E67 		.ascii	"long int\000"
 2443      20696E74 
 2443      00
 2444              	.LASF60:
 2445 01ad 5F666C61 		.ascii	"_flags\000"
 2445      677300
 2446              	.LASF52:
 2447 01b4 5F69735F 		.ascii	"_is_cxa\000"
 2447      63786100 
 2448              	.LASF36:
 2449 01bc 5F776473 		.ascii	"_wds\000"
 2449      00
 2450              	.LASF68:
 2451 01c1 5F756275 		.ascii	"_ubuf\000"
 2451      6600
 2452              	.LASF88:
 2453 01c7 5F726573 		.ascii	"_result_k\000"
ARM GAS  /tmp/ccY5QEIX.s 			page 46


 2453      756C745F 
 2453      6B00
 2454              	.LASF1:
 2455 01d1 6C6F6E67 		.ascii	"long long int\000"
 2455      206C6F6E 
 2455      6720696E 
 2455      7400
 2456              	.LASF176:
 2457 01df 5F676574 		.ascii	"_getpid\000"
 2457      70696400 
 2458              	.LASF152:
 2459 01e7 73745F61 		.ascii	"st_atim\000"
 2459      74696D00 
 2460              	.LASF92:
 2461 01ef 5F637674 		.ascii	"_cvtbuf\000"
 2461      62756600 
 2462              	.LASF122:
 2463 01f7 5F6D6273 		.ascii	"_mbsrtowcs_state\000"
 2463      72746F77 
 2463      63735F73 
 2463      74617465 
 2463      00
 2464              	.LASF120:
 2465 0208 5F6D6272 		.ascii	"_mbrlen_state\000"
 2465      6C656E5F 
 2465      73746174 
 2465      6500
 2466              	.LASF173:
 2467 0216 2F686F6D 		.ascii	"/home/ian/Documents/BPRL_balance\000"
 2467      652F6961 
 2467      6E2F446F 
 2467      63756D65 
 2467      6E74732F 
 2468              	.LASF49:
 2469 0237 5F666E61 		.ascii	"_fnargs\000"
 2469      72677300 
 2470              	.LASF137:
 2471 023f 6F66665F 		.ascii	"off_t\000"
 2471      7400
 2472              	.LASF140:
 2473 0245 6769645F 		.ascii	"gid_t\000"
 2473      7400
 2474              	.LASF166:
 2475 024b 696E6372 		.ascii	"incr\000"
 2475      00
 2476              	.LASF35:
 2477 0250 5F736967 		.ascii	"_sign\000"
 2477      6E00
 2478              	.LASF32:
 2479 0256 5F666C6F 		.ascii	"_flock_t\000"
 2479      636B5F74 
 2479      00
 2480              	.LASF80:
 2481 025f 5F737464 		.ascii	"_stderr\000"
 2481      65727200 
 2482              	.LASF37:
 2483 0267 5F426967 		.ascii	"_Bigint\000"
ARM GAS  /tmp/ccY5QEIX.s 			page 47


 2483      696E7400 
 2484              	.LASF111:
 2485 026f 5F67616D 		.ascii	"_gamma_signgam\000"
 2485      6D615F73 
 2485      69676E67 
 2485      616D00
 2486              	.LASF138:
 2487 027e 6465765F 		.ascii	"dev_t\000"
 2487      7400
 2488              	.LASF17:
 2489 0284 5F5F6465 		.ascii	"__dev_t\000"
 2489      765F7400 
 2490              	.LASF70:
 2491 028c 5F626C6B 		.ascii	"_blksize\000"
 2491      73697A65 
 2491      00
 2492              	.LASF127:
 2493 0295 5F6E6D61 		.ascii	"_nmalloc\000"
 2493      6C6C6F63 
 2493      00
 2494              	.LASF38:
 2495 029e 5F5F746D 		.ascii	"__tm\000"
 2495      00
 2496              	.LASF74:
 2497 02a3 5F6D6273 		.ascii	"_mbstate\000"
 2497      74617465 
 2497      00
 2498              	.LASF25:
 2499 02ac 5F5F7763 		.ascii	"__wchb\000"
 2499      686200
 2500              	.LASF133:
 2501 02b3 626C6B63 		.ascii	"blkcnt_t\000"
 2501      6E745F74 
 2501      00
 2502              	.LASF91:
 2503 02bc 5F637674 		.ascii	"_cvtlen\000"
 2503      6C656E00 
 2504              	.LASF11:
 2505 02c4 6C6F6E67 		.ascii	"long unsigned int\000"
 2505      20756E73 
 2505      69676E65 
 2505      6420696E 
 2505      7400
 2506              	.LASF171:
 2507 02d6 474E5520 		.ascii	"GNU C17 10.3.1 20210621 (release) -mcpu=cortex-m7 -"
 2507      43313720 
 2507      31302E33 
 2507      2E312032 
 2507      30323130 
 2508 0309 6D746875 		.ascii	"mthumb -mfloat-abi=hard -mfpu=fpv5-d16 -march=armv7"
 2508      6D62202D 
 2508      6D666C6F 
 2508      61742D61 
 2508      62693D68 
 2509 033c 652D6D2B 		.ascii	"e-m+fp.dp -ggdb -O2 -fomit-frame-pointer -falign-fu"
 2509      66702E64 
 2509      70202D67 
ARM GAS  /tmp/ccY5QEIX.s 			page 48


 2509      67646220 
 2509      2D4F3220 
 2510 036f 6E637469 		.ascii	"nctions=16 -ffunction-sections -fdata-sections -fno"
 2510      6F6E733D 
 2510      3136202D 
 2510      6666756E 
 2510      6374696F 
 2511 03a2 2D636F6D 		.ascii	"-common -flto\000"
 2511      6D6F6E20 
 2511      2D666C74 
 2511      6F00
 2512              	.LASF75:
 2513 03b0 5F666C61 		.ascii	"_flags2\000"
 2513      67733200 
 2514              	.LASF148:
 2515 03b8 73745F75 		.ascii	"st_uid\000"
 2515      696400
 2516              	.LASF101:
 2517 03bf 5F6E696F 		.ascii	"_niobs\000"
 2517      627300
 2518              	.LASF139:
 2519 03c6 7569645F 		.ascii	"uid_t\000"
 2519      7400
 2520              	.LASF178:
 2521 03cc 5F726561 		.ascii	"_read_r\000"
 2521      645F7200 
 2522              	.LASF8:
 2523 03d4 73686F72 		.ascii	"short unsigned int\000"
 2523      7420756E 
 2523      7369676E 
 2523      65642069 
 2523      6E7400
 2524              	.LASF94:
 2525 03e7 5F617465 		.ascii	"_atexit0\000"
 2525      78697430 
 2525      00
 2526              	.LASF118:
 2527 03f0 5F736967 		.ascii	"_signal_buf\000"
 2527      6E616C5F 
 2527      62756600 
 2528              	.LASF109:
 2529 03fc 5F617363 		.ascii	"_asctime_buf\000"
 2529      74696D65 
 2529      5F627566 
 2529      00
 2530              	.LASF87:
 2531 0409 5F726573 		.ascii	"_result\000"
 2531      756C7400 
 2532              	.LASF29:
 2533 0411 5F5F6E6C 		.ascii	"__nlink_t\000"
 2533      696E6B5F 
 2533      7400
 2534              	.LASF4:
 2535 041b 77696E74 		.ascii	"wint_t\000"
 2535      5F7400
 2536              	.LASF73:
 2537 0422 5F6C6F63 		.ascii	"_lock\000"
ARM GAS  /tmp/ccY5QEIX.s 			page 49


 2537      6B00
 2538              	.LASF167:
 2539 0428 5F636C6F 		.ascii	"_close_r\000"
 2539      73655F72 
 2539      00
 2540              	.LASF105:
 2541 0431 5F6D756C 		.ascii	"_mult\000"
 2541      7400
 2542              	.LASF151:
 2543 0437 73745F73 		.ascii	"st_size\000"
 2543      697A6500 
 2544              	.LASF65:
 2545 043f 5F777269 		.ascii	"_write\000"
 2545      746500
 2546              	.LASF44:
 2547 0446 5F5F746D 		.ascii	"__tm_year\000"
 2547      5F796561 
 2547      7200
 2548              	.LASF107:
 2549 0450 5F756E75 		.ascii	"_unused_rand\000"
 2549      7365645F 
 2549      72616E64 
 2549      00
 2550              	.LASF169:
 2551 045d 5F777269 		.ascii	"_write_r\000"
 2551      74655F72 
 2551      00
 2552              	.LASF132:
 2553 0466 74765F6E 		.ascii	"tv_nsec\000"
 2553      73656300 
 2554              	.LASF71:
 2555 046e 5F6F6666 		.ascii	"_offset\000"
 2555      73657400 
 2556              	.LASF131:
 2557 0476 74765F73 		.ascii	"tv_sec\000"
 2557      656300
 2558              	.LASF55:
 2559 047d 5F666E73 		.ascii	"_fns\000"
 2559      00
 2560              	.LASF126:
 2561 0482 5F6E6578 		.ascii	"_nextf\000"
 2561      746600
 2562              	.LASF43:
 2563 0489 5F5F746D 		.ascii	"__tm_mon\000"
 2563      5F6D6F6E 
 2563      00
 2564              	.LASF53:
 2565 0492 5F617465 		.ascii	"_atexit\000"
 2565      78697400 
 2566              	.LASF15:
 2567 049a 5F5F626C 		.ascii	"__blksize_t\000"
 2567      6B73697A 
 2567      655F7400 
 2568              	.LASF16:
 2569 04a6 5F6F6666 		.ascii	"_off_t\000"
 2569      5F7400
 2570              	.LASF22:
ARM GAS  /tmp/ccY5QEIX.s 			page 50


 2571 04ad 5F5F6F66 		.ascii	"__off_t\000"
 2571      665F7400 
 2572              	.LASF129:
 2573 04b5 74696D65 		.ascii	"time_t\000"
 2573      5F7400
 2574              	.LASF90:
 2575 04bc 5F667265 		.ascii	"_freelist\000"
 2575      656C6973 
 2575      7400
 2576              	.LASF31:
 2577 04c6 5F4C4F43 		.ascii	"_LOCK_RECURSIVE_T\000"
 2577      4B5F5245 
 2577      43555253 
 2577      4956455F 
 2577      5400
 2578              	.LASF64:
 2579 04d8 5F726561 		.ascii	"_read\000"
 2579      6400
 2580              	.LASF147:
 2581 04de 73745F6E 		.ascii	"st_nlink\000"
 2581      6C696E6B 
 2581      00
 2582              	.LASF158:
 2583 04e7 5F426F6F 		.ascii	"_Bool\000"
 2583      6C00
 2584              	.LASF50:
 2585 04ed 5F64736F 		.ascii	"_dso_handle\000"
 2585      5F68616E 
 2585      646C6500 
 2586              	.LASF93:
 2587 04f9 5F6E6577 		.ascii	"_new\000"
 2587      00
 2588              	.LASF125:
 2589 04fe 5F685F65 		.ascii	"_h_errno\000"
 2589      72726E6F 
 2589      00
 2590              	.LASF46:
 2591 0507 5F5F746D 		.ascii	"__tm_yday\000"
 2591      5F796461 
 2591      7900
 2592              	.LASF164:
 2593 0511 66696C65 		.ascii	"file\000"
 2593      00
 2594              	.LASF155:
 2595 0516 73745F62 		.ascii	"st_blksize\000"
 2595      6C6B7369 
 2595      7A6500
 2596              	.LASF102:
 2597 0521 5F696F62 		.ascii	"_iobs\000"
 2597      7300
 2598              	.LASF99:
 2599 0527 5F5F4649 		.ascii	"__FILE\000"
 2599      4C4500
 2600              	.LASF28:
 2601 052e 5F6D6273 		.ascii	"_mbstate_t\000"
 2601      74617465 
 2601      5F7400
ARM GAS  /tmp/ccY5QEIX.s 			page 51


 2602              	.LASF59:
 2603 0539 5F5F7346 		.ascii	"__sFILE\000"
 2603      494C4500 
 2604              	.LASF130:
 2605 0541 74696D65 		.ascii	"timespec\000"
 2605      73706563 
 2605      00
 2606              	.LASF177:
 2607 054a 5F5F6675 		.ascii	"__func__\000"
 2607      6E635F5F 
 2607      00
 2608              	.LASF114:
 2609 0553 5F6D626C 		.ascii	"_mblen_state\000"
 2609      656E5F73 
 2609      74617465 
 2609      00
 2610              	.LASF81:
 2611 0560 5F696E63 		.ascii	"_inc\000"
 2611      00
 2612              	.LASF54:
 2613 0565 5F696E64 		.ascii	"_ind\000"
 2613      00
 2614              	.LASF84:
 2615 056a 5F6C6F63 		.ascii	"_locale\000"
 2615      616C6500 
 2616              	.LASF86:
 2617 0572 5F5F636C 		.ascii	"__cleanup\000"
 2617      65616E75 
 2617      7000
 2618              	.LASF83:
 2619 057c 5F756E73 		.ascii	"_unspecified_locale_info\000"
 2619      70656369 
 2619      66696564 
 2619      5F6C6F63 
 2619      616C655F 
 2620              	.LASF34:
 2621 0595 5F6D6178 		.ascii	"_maxwds\000"
 2621      77647300 
 2622              	.LASF76:
 2623 059d 5F726565 		.ascii	"_reent\000"
 2623      6E7400
 2624              	.LASF20:
 2625 05a4 5F5F696E 		.ascii	"__ino_t\000"
 2625      6F5F7400 
 2626              	.LASF104:
 2627 05ac 5F736565 		.ascii	"_seed\000"
 2627      6400
 2628              	.LASF26:
 2629 05b2 5F5F636F 		.ascii	"__count\000"
 2629      756E7400 
 2630              	.LASF27:
 2631 05ba 5F5F7661 		.ascii	"__value\000"
 2631      6C756500 
 2632              	.LASF66:
 2633 05c2 5F736565 		.ascii	"_seek\000"
 2633      6B00
 2634              	.LASF162:
ARM GAS  /tmp/ccY5QEIX.s 			page 52


 2635 05c8 5F697361 		.ascii	"_isatty_r\000"
 2635      7474795F 
 2635      7200
 2636              	.LASF135:
 2637 05d2 63616464 		.ascii	"caddr_t\000"
 2637      725F7400 
 2638              	.LASF150:
 2639 05da 73745F72 		.ascii	"st_rdev\000"
 2639      64657600 
 2640              	.LASF175:
 2641 05e2 5F5F6378 		.ascii	"__cxa_pure_virtual\000"
 2641      615F7075 
 2641      72655F76 
 2641      69727475 
 2641      616C00
 2642              	.LASF168:
 2643 05f5 5F6F7065 		.ascii	"_open_r\000"
 2643      6E5F7200 
 2644              	.LASF2:
 2645 05fd 6C6F6E67 		.ascii	"long double\000"
 2645      20646F75 
 2645      626C6500 
 2646              	.LASF77:
 2647 0609 5F657272 		.ascii	"_errno\000"
 2647      6E6F00
 2648              	.LASF98:
 2649 0610 63686172 		.ascii	"char\000"
 2649      00
 2650              	.LASF157:
 2651 0615 73745F73 		.ascii	"st_spare4\000"
 2651      70617265 
 2651      3400
 2652              	.LASF58:
 2653 061f 5F73697A 		.ascii	"_size\000"
 2653      6500
 2654              	.LASF0:
 2655 0625 756E7369 		.ascii	"unsigned int\000"
 2655      676E6564 
 2655      20696E74 
 2655      00
 2656              	.LASF10:
 2657 0632 5F5F7569 		.ascii	"__uint32_t\000"
 2657      6E743332 
 2657      5F7400
 2658              	.LASF18:
 2659 063d 5F5F7569 		.ascii	"__uid_t\000"
 2659      645F7400 
 2660              	.LASF33:
 2661 0645 5F6E6578 		.ascii	"_next\000"
 2661      7400
 2662              	.LASF108:
 2663 064b 5F737472 		.ascii	"_strtok_last\000"
 2663      746F6B5F 
 2663      6C617374 
 2663      00
 2664              	.LASF51:
 2665 0658 5F666E74 		.ascii	"_fntypes\000"
ARM GAS  /tmp/ccY5QEIX.s 			page 53


 2665      79706573 
 2665      00
 2666              	.LASF6:
 2667 0661 756E7369 		.ascii	"unsigned char\000"
 2667      676E6564 
 2667      20636861 
 2667      7200
 2668              	.LASF40:
 2669 066f 5F5F746D 		.ascii	"__tm_min\000"
 2669      5F6D696E 
 2669      00
 2670              	.LASF106:
 2671 0678 5F616464 		.ascii	"_add\000"
 2671      00
 2672              	.LASF149:
 2673 067d 73745F67 		.ascii	"st_gid\000"
 2673      696400
 2674              	.LASF165:
 2675 0684 5F736272 		.ascii	"_sbrk_r\000"
 2675      6B5F7200 
 2676              	.LASF163:
 2677 068c 5F667374 		.ascii	"_fstat_r\000"
 2677      61745F72 
 2677      00
 2678              	.LASF161:
 2679 0695 73746174 		.ascii	"status\000"
 2679      757300
 2680              	.LASF61:
 2681 069c 5F66696C 		.ascii	"_file\000"
 2681      6500
 2682              	.LASF79:
 2683 06a2 5F737464 		.ascii	"_stdout\000"
 2683      6F757400 
 2684              	.LASF45:
 2685 06aa 5F5F746D 		.ascii	"__tm_wday\000"
 2685      5F776461 
 2685      7900
 2686              	.LASF100:
 2687 06b4 5F676C75 		.ascii	"_glue\000"
 2687      6500
 2688              	.LASF78:
 2689 06ba 5F737464 		.ascii	"_stdin\000"
 2689      696E00
 2690              	.LASF85:
 2691 06c1 5F5F7364 		.ascii	"__sdidinit\000"
 2691      6964696E 
 2691      697400
 2692              	.LASF117:
 2693 06cc 5F6C3634 		.ascii	"_l64a_buf\000"
 2693      615F6275 
 2693      6600
 2694              	.LASF95:
 2695 06d6 5F736967 		.ascii	"_sig_func\000"
 2695      5F66756E 
 2695      6300
 2696              	.LASF134:
 2697 06e0 626C6B73 		.ascii	"blksize_t\000"
ARM GAS  /tmp/ccY5QEIX.s 			page 54


 2697      697A655F 
 2697      7400
 2698              	.LASF153:
 2699 06ea 73745F6D 		.ascii	"st_mtim\000"
 2699      74696D00 
 2700              	.LASF69:
 2701 06f2 5F6E6275 		.ascii	"_nbuf\000"
 2701      6600
 2702              	.LASF128:
 2703 06f8 5F756E75 		.ascii	"_unused\000"
 2703      73656400 
 2704              	.LASF47:
 2705 0700 5F5F746D 		.ascii	"__tm_isdst\000"
 2705      5F697364 
 2705      737400
 2706              	.LASF110:
 2707 070b 5F6C6F63 		.ascii	"_localtime_buf\000"
 2707      616C7469 
 2707      6D655F62 
 2707      756600
 2708              	.LASF144:
 2709 071a 73745F64 		.ascii	"st_dev\000"
 2709      657600
 2710              	.LASF113:
 2711 0721 5F723438 		.ascii	"_r48\000"
 2711      00
 2712              	.LASF115:
 2713 0726 5F6D6274 		.ascii	"_mbtowc_state\000"
 2713      6F77635F 
 2713      73746174 
 2713      6500
 2714              	.LASF89:
 2715 0734 5F703573 		.ascii	"_p5s\000"
 2715      00
 2716              	.LASF56:
 2717 0739 5F5F7362 		.ascii	"__sbuf\000"
 2717      756600
 2718              	.LASF42:
 2719 0740 5F5F746D 		.ascii	"__tm_mday\000"
 2719      5F6D6461 
 2719      7900
 2720              	.LASF112:
 2721 074a 5F72616E 		.ascii	"_rand_next\000"
 2721      645F6E65 
 2721      787400
 2722              	.LASF136:
 2723 0755 696E6F5F 		.ascii	"ino_t\000"
 2723      7400
 2724              		.text
 2725              		.section	.gnu.lto_.profile.463af2f0e17d4c9a,"e",%progbits
 2726 0000 789C6362 		.ascii	"x\234cb\000\001\000\000\022\000\003"
 2726      00010000 
 2726      120003
 2727              		.text
 2728              		.section	.gnu.lto_.icf.463af2f0e17d4c9a,"e",%progbits
 2729 0000 789CF364 		.ascii	"x\234\363d@\000\036\206\023\017&\257\345c\334\334\262"
 2729      40001E86 
ARM GAS  /tmp/ccY5QEIX.s 			page 55


 2729      130F26AF 
 2729      E563DCDC 
 2729      B2
 2730 0011 7A0207D3 		.ascii	"z\002\007\323\227[-\035\034\314`\021\226\356'o\227\262"
 2730      975B2D1D 
 2730      1CCC6011 
 2730      96EE276F 
 2730      97B2
 2731 0023 B24E5837 		.ascii	"\262NX7\377\002\037\333\363\256OO\030\331/n\230\274"
 2731      FF021FDB 
 2731      F3AE4F4F 
 2731      18D92F6E 
 2731      98BC
 2732 0035 9D8363D5 		.ascii	"\235\203c\325\205g\211\234S\326\356=\300\3175w\361\273"
 2732      8567899C 
 2732      53D6EE3D 
 2732      C0CF3577 
 2732      F1BB
 2733 0047 536CDCF3 		.ascii	"Sl\334\363.\354\336\302\317\000\000\022\377#4"
 2733      2EECDEC2 
 2733      CF000012 
 2733      FF2334
 2734              		.text
 2735              		.section	.gnu.lto_.ipa_sra.463af2f0e17d4c9a,"e",%progbits
 2736 0000 789C4D8D 		.ascii	"x\234M\215\011\022\300 \010\003\023b\253=\376\377\216"
 2736      0912C020 
 2736      08031362 
 2736      AB3DFEFF 
 2736      8E
 2737 0011 3EB1528B 		.ascii	">\261R\213\310\014\023\256,\0172n\224\277\"\032\252"
 2737      C80C13AE 
 2737      2C0F326E 
 2737      94BF221A 
 2737      AA
 2738 0022 AB58A28C 		.ascii	"\253X\242\214\224\345h(\244a\\.Ul26\013\254D.\017w-"
 2738      94E56828 
 2738      A4615C2E 
 2738      556C3236 
 2738      0BAC442E 
 2739 0039 1608AC69 		.ascii	"\026\010\254ij\037\206}\305\303&\325\333\023\272\\\361"
 2739      6A1F867D 
 2739      C5C326D5 
 2739      DB13BA5C 
 2739      F1
 2740 004a 02E62501 		.ascii	"\002\346%\001\315"
 2740      CD
 2741              		.text
 2742              		.section	.gnu.lto_.inline.463af2f0e17d4c9a,"e",%progbits
 2743 0000 789CBBCE 		.ascii	"x\234\273\316\310\000\007<\014\014,\015@\300\234\302"
 2743      C800073C 
 2743      0C0C2C0D 
 2743      40C09CC2 
 2744 0010 C8C0C408 		.ascii	"\310\300\304\010b1%10\260\003\351\003L)L\014L@%\214"
 2744      62312531 
 2744      30B003E9 
 2744      034C294C 
 2744      0C4C4025 
ARM GAS  /tmp/ccY5QEIX.s 			page 56


 2745 0025 0CCC6071 		.ascii	"\014\314`q\220\012\006\206F \263\216\201\201\015\"\004"
 2745      900A0686 
 2745      4620B38E 
 2745      81810D22 
 2745      04
 2746 0036 51C14450 		.ascii	"Q\301DP\0053A[X\010\232\301\312\300\375v\357\247EL\351"
 2746      0533415B 
 2746      58089AC1 
 2746      CAC0FD76 
 2746      EFA7454C 
 2747 004b 8C40B084 		.ascii	"\214@\260\204\031\344z&\326\315\337Ov3\245\000\315\202"
 2747      19E47A26 
 2747      D6CDDF4F 
 2747      7633A500 
 2747      CD82
 2748 005d 30A02AF9 		.ascii	"0\240*\371@VN\360\003\032\300\300\0016\"\035\267\275"
 2748      40564EF0 
 2748      031AC0C0 
 2748      0136221D 
 2748      B7BD
 2749 006f BC30B5EC 		.ascii	"\2740\265\354\004]\300\301\300\012\344]\000\233\006"
 2749      045DC0C1 
 2749      C00AE45D 
 2749      009B06
 2750 007e 57C10261 		.ascii	"W\301\002a@\303\212\013\354,np\260q\222\246\234\213"
 2750      40C38A0B 
 2750      EC2C6E70 
 2750      B07192A6 
 2750      9C8B
 2751 0090 A0FDDC60 		.ascii	"\240\375\334`\003\0270\247\341\216\011\210Q\014\000"
 2751      031730A7 
 2751      E18E0988 
 2751      510C00
 2752 009f E48960EB 		.ascii	"\344\211`\353"
 2753              		.text
 2754              		.section	.gnu.lto_.jmpfuncs.463af2f0e17d4c9a,"e",%progbits
 2755 0000 789C6D8E 		.ascii	"x\234m\216;\016\3020\020Dg\275vb~\242\247\202\226[Q"
 2755      3B0EC230 
 2755      104467BD 
 2755      76627EA2 
 2755      A782965B 
 2756 0015 A4884881 		.ascii	"\244\210H\201\242\004QAGC\307\031|\010\3508F\016\203"
 2756      A2045141 
 2756      4743C719 
 2756      7C08E838 
 2756      460E83
 2757 0028 04FEC460 		.ascii	"\004\376\304`PVZ\331;\236y\353\013\001\013\204\232B"
 2757      50565AD9 
 2757      3B9E79EB 
 2757      0B010B84 
 2757      9A42
 2758 003a 92AB9361 		.ascii	"\222\253\223a\202a\330\026\356$/\2731\312\276\205\227"
 2758      8261D816 
 2758      EE242FBB 
 2758      31CABE85 
 2758      97
 2759 004b 75220B9B 		.ascii	"u\"\013\233\004\377@8\272\245H\020\312\016\354\034."
ARM GAS  /tmp/ccY5QEIX.s 			page 57


 2759      04FF4038 
 2759      BAA54810 
 2759      CA0EEC1C 
 2759      2E
 2760 005c 9001F490 		.ascii	"\220\001\364\220\004\333/[s\210+\033G\361\262\177\212"
 2760      04DB2F5B 
 2760      73882B1B 
 2760      47F1B27F 
 2760      8A
 2761 006d D2D70964 		.ascii	"\322\327\011dl\267\310H\264 \225\311\243\240\177\026"
 2761      6CB7C848 
 2761      B42095C9 
 2761      A3A07F16 
 2762 007d AD934C8F 		.ascii	"\255\223L\217\351\002\247\013b\236\376L\207\273\265"
 2762      E902A70B 
 2762      629EFE4C 
 2762      87BBB5
 2763 008c F28ACEDA 		.ascii	"\362\212\316\332p\366\211?\035\220<\"'\012\207_2\022"
 2763      70F6893F 
 2763      1D903C22 
 2763      270A875F 
 2763      3212
 2764 009e 31D407F3 		.ascii	"1\324\007\363\301 \335\210\3564\006&\3364s&=l\202*\016"
 2764      C120DD88 
 2764      EE340626 
 2764      DE347326 
 2764      3D6C822A 
 2765 00b3 6503B52D 		.ascii	"e\003\265-\253\012\263][\027\313}Y7\355\246\302\033"
 2765      AB0AB35D 
 2765      5B17CB7D 
 2765      5937EDA6 
 2765      C21B
 2766 00c5 A18554FB 		.ascii	"\241\205T\373"
 2767              		.text
 2768              		.section	.gnu.lto_.pureconst.463af2f0e17d4c9a,"e",%progbits
 2769 0000 789C05C1 		.ascii	"x\234\005\301I\021\000 \014\004\301\000\303\215\015"
 2769      49110020 
 2769      0C04C100 
 2769      C38D0D
 2770 000f 7CAE883C 		.ascii	"|\256\210<\250\250\245\373\232\331\261 \211,J\200\250"
 2770      A8A8A5FB 
 2770      9AD9B120 
 2770      892C4A80 
 2770      A8
 2771 0020 410BBA18 		.ascii	"A\013\272\030\316t\226\330\217\017\211\024\007L"
 2771      CE7496D8 
 2771      8F0F8914 
 2771      074C
 2772              		.text
 2773              		.section	.gnu.lto_.lto.463af2f0e17d4c9a,"e",%progbits
 2774 0000 09000400 		.ascii	"\011\000\004\000\001\000\000\000"
 2774      01000000 
 2775              		.text
 2776              		.section	.gnu.lto__read_r.347.463af2f0e17d4c9a,"e",%progbits
 2777 0000 789C5D90 		.ascii	"x\234]\220\301K\033A\030\305\2777\263\211z\227B=Y\204"
 2777      C14B1B41 
 2777      18C5BF37 
ARM GAS  /tmp/ccY5QEIX.s 			page 58


 2777      B3897A97 
 2777      423D5984 
 2778 0014 8A425D4B 		.ascii	"\212B]KZ\212\267\322z\024b\354\037 \233tC\0267\331\260"
 2778      5A8AB7D2 
 2778      7A1462EC 
 2778      1F209B74 
 2778      431637D9 
 2779 0029 9B083939 		.ascii	"\233\01099\012\205\342%5\241\027I\213\330 \275\205B"
 2779      0A85E225 
 2779      35A11749 
 2779      8BD820BD 
 2779      8542
 2780 003b 4A53AA74 		.ascii	"JS\252t{\361\342ED\212x\354AC\017m\021\004\013\001\235"
 2780      7BF1E245 
 2780      448A78EC 
 2780      41430F6D 
 2780      11040B01 
 2781 0050 D90DD5F4 		.ascii	"\331\015\325\364\360\361\315\373\370\361\346\361^\203"
 2781      F0F1CDFB 
 2781      F8F1E6F1 
 2781      5E83
 2782 005e C825A2BB 		.ascii	"\310%\242\273r\300\011\225\265UFB\210\307}\014\313k"
 2782      72C00995 
 2782      B5554642 
 2782      88C77D0C 
 2782      CB6B
 2783 0070 ABBFD79B 		.ascii	"\253\277\327\233\032\276\"8\200\226\030\226P\3455\216"
 2783      1ABE2238 
 2783      80961896 
 2783      50E5358E 
 2784 0080 0AAF4B58 		.ascii	"\012\257KX\353\276\200\3411\211\\\274\250\226\337\241"
 2784      EBBE80E1 
 2784      31895CBC 
 2784      A896DFA1 
 2785 0090 F6DED7EA 		.ascii	"\366\336\327\352\234\321[\011|\004\232\362\003\"\011"
 2785      9CD15B09 
 2785      7C049AF2 
 2785      032209
 2786 009f F2388DFA 		.ascii	"\3628\215\372B\354o\267\204\030\240:\347\370\204\033"
 2786      42EC6FB7 
 2786      8418A03A 
 2786      E7F8841B 
 2787 00af 8C3C244E 		.ascii	"\214<$Nn+.M\243\322l\177\257\3131|\356\345X\342O\300"
 2787      6E2B2E4D 
 2787      A3D26C7F 
 2787      AFCB317C 
 2787      EEE558E2 
 2788 00c5 2D847EED 		.ascii	"-\204~\355.\247\341K/\247%:\001\347\204~\177\377\371"
 2788      2EA7E14B 
 2788      2FA7253A 
 2788      01E7847E 
 2788      7FFFF9
 2789 00d8 EDFCEFF7 		.ascii	"\355\374\357\367r\210(J*\261jAN\343 \342\213\316eY\210"
 2789      7288284A 
 2789      2AB16A41 
 2789      4EE320E2 
 2789      8BCE6559 
ARM GAS  /tmp/ccY5QEIX.s 			page 59


 2790 00ed F3533446 		.ascii	"\363S4F4\006\264\344\275\314U5B\203\360\211^q\026\212"
 2790      3406B4E4 
 2790      BDCC5535 
 2790      4283F089 
 2790      5E71168A 
 2791 0101 65297E42 		.ascii	"e)~B\374\370\260\213`\037D\203u\030\256\357\341:\212"
 2791      FCF8B08B 
 2791      601F4483 
 2791      7518AEEF 
 2791      E13A8A
 2792 0114 D22FAC9C 		.ascii	"\322/\254\234\265\007\273\225q\250N\266T\263m\324yd"
 2792      B507BB95 
 2792      71A84EB6 
 2792      54B36DD4 
 2792      7964
 2793 0126 53E6F241 		.ascii	"S\346\362A\223R\367\253\214\337\360F\245Q(\303\255\300"
 2793      9352F7AB 
 2793      8CDFF046 
 2793      A55128C3 
 2793      ADC0
 2794 0138 E2384A67 		.ascii	"\3428JgX\331x\210{*f\231\343:\013\321\035=\343dM\335"
 2794      58D97888 
 2794      7B2A6699 
 2794      E33A0BD1 
 2794      1D3DE364 
 2795 014e 3272FAB4 		.ascii	"2r\372\264\223*f\315\\\301\323\237\314\316\315\314'"
 2795      932A66CD 
 2795      5CC1D39F 
 2795      CCCECDCC 
 2795      27
 2796 015f 0DDBC8A5 		.ascii	"\015\333\310\245L\032/d,\367\371|\336p\013%\375i\306"
 2796      4C1A2F64 
 2796      2CF7F97C 
 2796      DE700B25 
 2796      FD69C6
 2797 0172 4A5AF167 		.ascii	"JZ\361g\272\343\351\213\206k9EO\367J^\312\260mo\"Ep"
 2797      BAE3E98B 
 2797      866B3945 
 2797      4FF74A5E 
 2797      CAB06D6F 
 2798 0189 07AFD5C4 		.ascii	"\007\257\325\304\375\311G\351\007\261\251\030ii\313"
 2798      FDC947E9 
 2798      07B1A918 
 2798      6969CB
 2799 0198 3679BEE0 		.ascii	"6y\276\340r\333\314]\001\031\031\253."
 2799      72DBCC5D 
 2799      011919AB 
 2799      2E
 2800              		.text
 2801              		.section	.gnu.lto__lseek_r.348.463af2f0e17d4c9a,"e",%progbits
 2802 0000 789C5DD0 		.ascii	"x\234]\320\277K\303@\024\007\360\367r\321\342\356\322"
 2802      BF4BC340 
 2802      1407F0F7 
 2802      72D1E2EE 
 2802      D2
 2803 0011 4D112C76 		.ascii	"M\021,vh\224*\342&\352\250\324\352\037P\3224\245\301"
 2803      68942AE2 
ARM GAS  /tmp/ccY5QEIX.s 			page 60


 2803      26EAA8D4 
 2803      EA1F50D2 
 2803      34A5C1
 2804 0024 B429492A 		.ascii	"\264)I*t\352Up\351\322_\216E\004;\010\016.-*Z\214\213"
 2804      74EA5570 
 2804      E9D25F8E 
 2804      45043B08 
 2804      0E2E2D2A 
 2805 003b 8B0AC5C5 		.ascii	"\213\012\305\305\315A\020\301Ep\022,\352%)\255v8\276"
 2805      CD4110C1 
 2805      4570122C 
 2805      EA2529AD 
 2805      7638BE
 2806 004e F71E1FDE 		.ascii	"\367\036\037\336\035o\015\001t\000\230d\007\011`\245"
 2806      1D6F0D01 
 2806      74009864 
 2806      070960A5 
 2807 005e 5CE08052 		.ascii	"\\\340\200R\272\350\3410_.<\326\032<^\241\323@\310q"
 2807      BAE8E130 
 2807      5F2E3CD6 
 2807      1A3C5EA1 
 2807      D340C871 
 2808 0072 98C32AA9 		.ascii	"\230\303*\251\021\254\220:\303|\367\20686\305\310\347"
 2808      11AC903A 
 2808      C37CF786 
 2808      3836C5C8 
 2808      E7
 2809 0083 6EF5F210 		.ascii	"n\365\362\020kG\026_'\034\3543\320Dl\260\007\000\030"
 2809      6B47165F 
 2809      271CEC33 
 2809      D0446CB0 
 2809      070018
 2810 0096 2421F059 		.ascii	"$!\360Y\224\266[g\224\216@\235\020<\305?\2065\302\307"
 2810      94B65B67 
 2810      948E409D 
 2810      103CC53F 
 2810      8635C2C7 
 2811 00aa 5EDBC5C1 		.ascii	"^\333\305\301\307\206\265\357\272\216\303\363\377\216"
 2811      C786B5EF 
 2811      BA8EC3F3 
 2811      FF8E
 2812 00b8 0B371DB7 		.ascii	"\0137\035\267\345\272\247\236\273\030t\327\216\323\\"
 2812      E5BAA79E 
 2812      BB1874D7 
 2812      8ED35C
 2813 00c7 F7DE73AD 		.ascii	"\367\336s\255Aw\357\005\030\006\373\307\366\026\330"
 2813      4177EF05 
 2813      1806FBC7 
 2813      F616D8
 2814 00d6 397918B2 		.ascii	"9y\030\262h\347\247H\351\313+\336Np\000Ebo\205\362H"
 2814      68E7A748 
 2814      E9CB2BDE 
 2814      4E700045 
 2814      626F85F2 
 2815 00eb 2D8012E1 		.ascii	"-\200\022\341\334\"\317\2127\244\317_7\350dg\330\211"
 2815      DC22CF8A 
 2815      37A4CF5F 
ARM GAS  /tmp/ccY5QEIX.s 			page 61


 2815      37E86467 
 2815      D889
 2816 00fd 6F374A1E 		.ascii	"o7J\036'\366<\360\201;\007s\350\267\307\027\011\366"
 2816      27F63CF0 
 2816      813B0773 
 2816      E8B7C717 
 2816      09F6
 2817 010f 07018C0B 		.ascii	"\007\001\214\013\011-)\013\212\230\022V4)\223\224S\246"
 2817      092D290B 
 2817      8A981256 
 2817      34299394 
 2817      53A6
 2818 0121 212CAD6F 		.ascii	"!,\255o\254F\242\242*\246$\031\374fB\321c\221\264\250"
 2818      AC46A2A2 
 2818      2AA62419 
 2818      FC6642D1 
 2818      6391B4A8 
 2819 0135 9B596139 		.ascii	"\233Ya9\241D\225\320\246\240\031\302\266\250+Z\306\020"
 2819      A14495D0 
 2819      A6A019C2 
 2819      B6A82B5A 
 2819      C610
 2820 0147 8CAC2189 		.ascii	"\214\254!\211\252j\004$@}\264_\005f\246\347\343\263"
 2820      AA6A0424 
 2820      407DB45F 
 2820      0566A6E7 
 2820      E3B3
 2821 0159 C18520F0 		.ascii	"\301\205 \360qE\225I\332\324IL\321\177\001X\344\226"
 2821      71459549 
 2821      DAD4494C 
 2821      D17F0158 
 2821      E496
 2822 016b 50       		.ascii	"P"
 2823              		.text
 2824              		.section	.gnu.lto__write_r.349.463af2f0e17d4c9a,"e",%progbits
 2825 0000 789C5D90 		.ascii	"x\234]\220\275K\303P\024\305\357\315\213\026w\007\273"
 2825      BD4BC350 
 2825      14C5EFCD 
 2825      8B167707 
 2825      BB
 2826 0011 29824587 		.ascii	")\202E\207F\251\"n\242\216\205Z\375\003J\032S\032L\223"
 2826      46A9226E 
 2826      A28E855A 
 2826      FD034A1A 
 2826      531A4C93 
 2827 0025 92A442A7 		.ascii	"\222\244B\247\276\012.\035\254m\327RD;\2709X\277\220"
 2827      BE0A2E1D 
 2827      AC6DD752 
 2827      443BB839 
 2827      58BF90
 2828 0038 6A361787 		.ascii	"j6\027\207\342 n\202\213(\235\034DD\321\227\244X\353"
 2828      E2206E82 
 2828      8B289D1C 
 2828      4444D197 
 2828      A458EB
 2829 004b 7039EF1C 		.ascii	"p9\357\034~\234\367\336\015#\200\001\000cl\220\000\226"
 2829      7E9CF7DE 
ARM GAS  /tmp/ccY5QEIX.s 			page 62


 2829      0D238001 
 2829      00636C90 
 2829      0096
 2830 005d 4B050E28 		.ascii	"K\005\016(\245\363>\016\363\245\302C\255\301\343\025"
 2830      A5F33E0E 
 2830      F3A5C243 
 2830      ADC1E315 
 2831 006d BA01428E 		.ascii	"\272\001B\216\303\034VH\225`\231\324\031\314wN\210\303"
 2831      C31C5648 
 2831      956099D4 
 2831      19CC774E 
 2831      88C3
 2832 007f E30C79DF 		.ascii	"\343\014y\337\252\334\357c\365\300\346\353\204\203\032"
 2832      AADCEF63 
 2832      F5C0E6EB 
 2832      84831A
 2833 008e 038E111B 		.ascii	"\003\216\021\033\354\002\000\006\222\010\004lJ[\315"
 2833      EC020006 
 2833      9208046C 
 2833      4A5BCD
 2834 009d 334A07A0 		.ascii	"3J\007\240N\010\236\342\037\206\005\321\366\220\303"
 2834      4E089EE2 
 2834      1F8605D1 
 2834      F690C3
 2835 00ac 2520C0CA 		.ascii	"% \300\312Z7\035\216\303\363^\216\213\276\271\334\272"
 2835      5A371D8E 
 2835      C3F35E8E 
 2835      8BBEB9DC 
 2835      BA
 2836 00bd D7F7DCE1 		.ascii	"\327\367\334\341x\274\350\345\370\350\246\337\341t\257"
 2836      78BCE8E5 
 2836      F8E8A6DF 
 2836      E174AF
 2837 00cc EFE3B7AF 		.ascii	"\357\343\267\257\371\277o\333\017\320\017\316\213\235"
 2837      F9BF6FDB 
 2837      0FD00FCE 
 2837      8B9D
 2838 00da 2DB039BC 		.ascii	"-\2609\274\355\263\351\347w\221\322\257'l\217\262\017"
 2838      EDB3E9E7 
 2838      7791D2AF 
 2838      276C8FB2 
 2838      0F
 2839 00eb E225CB8B 		.ascii	"\342%\313\213\304Y\015\345\221\332\000;\204\363L\236"
 2839      C4590DE5 
 2839      91DA003B 
 2839      84F34C9E 
 2840 00fb 9917A48F 		.ascii	"\231\027\244\217G\327\350j\303\347\312\211'w>x\305\315"
 2840      47D7E86A 
 2840      C3E7CA89 
 2840      27773E78 
 2840      C5CD
 2841 010d DD993DE2 		.ascii	"\335\231=\342.\242H\260[\0010\"$\365\224,(\242&,\351"
 2841      2EA248B0 
 2841      5B013022 
 2841      24F5942C 
 2841      28A2262C 
 2842 0122 5226256B 		.ascii	"R&%k\226),,\257\204cqQ\0255I\206\011+\251\030k\261\264"
ARM GAS  /tmp/ccY5QEIX.s 			page 63


 2842      96292C2C 
 2842      AF846371 
 2842      51153549 
 2842      86092BA9 
 2843 013a 68585961 		.ascii	"hXYa1\251\304\225\310\252\240\233\302\206h(z\306\024"
 2843      31A9C495 
 2843      C8AAA09B 
 2843      C2866828 
 2843      7AC614
 2844 014d CCAC2989 		.ascii	"\314\254)\211\252j\006%@c\260\353\202S\223\263\211\351"
 2844      AA6A0625 
 2844      4063B0EB 
 2844      825393B3 
 2844      89E9
 2845 015f D05C08F8 		.ascii	"\320\\\010\370\204\242\312$m\031D\225\265\037c\362\224"
 2845      84A2CA24 
 2845      6D194495 
 2845      B51F63F2 
 2845      94
 2846 0170 D1       		.ascii	"\321"
 2847              		.text
 2848              		.section	.gnu.lto__open_r.350.463af2f0e17d4c9a,"e",%progbits
 2849 0000 789C5D90 		.ascii	"x\234]\220\277/CQ\034\305\277\347\336G1\213\030\031"
 2849      BF2F4351 
 2849      1CC5BFE7 
 2849      DE47318B 
 2849      1819
 2850 0012 10121E41 		.ascii	"\020\022\036A\304&\030%\224?@^\253M\037\325J_ILn\233"
 2850      C4261825 
 2850      943F405E 
 2850      AB4D1FD5 
 2850      4A5F494C 
 2851 0028 1874296D 		.ascii	"\030t)ml\210\320H7\003\202 \236\251kYm\022!\006\203"
 2851      6C88D048 
 2851      37038220 
 2851      9EA96B59 
 2851      6D122106 
 2852 003d C58F08EE 		.ascii	"\305\217\010\356}\257\361k\370\346\334\363\315'\367"
 2852      7DAFF16B 
 2852      F8E6DCF3 
 2852      CD27F7
 2853 004c 7B725641 		.ascii	"{rVA4ED\215r\300\011\231\225\024#!D\237\207!\261\222"
 2853      3445448D 
 2853      72C00999 
 2853      95142321 
 2853      449F8721 
 2854 0062 2AE4F735 		.ascii	"*\344\3675\234\303Y\200\026\030\026\220\345k\034\031"
 2854      9CC35980 
 2854      16181690 
 2854      E56B1C19 
 2855 0072 9E93B056 		.ascii	"\236\223\260Vz\001u\315\022yY\314\276nc-ok9\316hC\002"
 2855      7A0175CD 
 2855      127959CC 
 2855      BE6E632D 
 2855      6F6B39CE 
 2856 0089 07C0BE3C 		.ascii	"\007\300\276<@$A>LM\266\020\305\323#!*)\3079\016\361"
 2856      4024413E 
ARM GAS  /tmp/ccY5QEIX.s 			page 64


 2856      4C4DB610 
 2856      C5D32321 
 2856      2A29C739 
 2857 009f 8B910BEF 		.ascii	"\213\221\013\357^\255\342\202.w]\3424\034\377\3454\357"
 2857      5EADE282 
 2857      2E775DE2 
 2857      341CFFE5 
 2857      34EF
 2858 00b1 99C385A8 		.ascii	"\231\303\205\250I\036->\2248\206\223\277\034\363\026"
 2858      491E2D3E 
 2858      94388693 
 2858      BF1CF316 
 2859 00c1 1C6ED2E5 		.ascii	"\034n\322\345^\277\271\263\377\334e-Q9\251\304\252\005"
 2859      5EBFB9B3 
 2859      FFDC652D 
 2859      5139A9C4 
 2859      AA05
 2860 00d3 39BB5765 		.ascii	"9\273We\266x\377L\013q{\207\245\006\215\001Gr\237\346"
 2860      B678FF4C 
 2860      0B717B87 
 2860      A5068D01 
 2860      47729FE6 
 2861 00e7 AA1AA141 		.ascii	"\252\032\241A\330D\313\234\271&!\315\003\304\315s\001"
 2861      D844CB9C 
 2861      B92621CD 
 2861      03C4CD73 
 2861      01
 2862 00f8 8EBE781C 		.ascii	"\216\276x\034ys\345\335\225\017\017=\"\371\224\257."
 2862      7973E5DD 
 2862      950F0F3D 
 2862      22F994AF 
 2862      2E
 2863 0109 55C6A13A 		.ascii	"U\306\241:\331Q\315\336#\307\313\266d.\033\324.}\205"
 2863      D951CDDE 
 2863      23C7CBB6 
 2863      642E1BD4 
 2863      2E7D85
 2864 011c CA788175 		.ascii	"\312x\201u\225F\241\0145\316\027\313U\364\204\344f7"
 2864      9546A10C 
 2864      35CE17CB 
 2864      55F484E4 
 2864      6637
 2865 012e 5A55CC34 		.ascii	"ZU\3144\307O\026\242z=\024\235\016\350\246\021\321\007"
 2865      C74F16A2 
 2865      7A3D149D 
 2865      0EE8A611 
 2865      D107
 2866 0140 A3FED9E9 		.ascii	"\243\376\331\351@$n\351\375#\243C\343>#lD\374\001j\211"
 2866      40246EE9 
 2866      FD23A343 
 2866      E33E236C 
 2866      44FC016A 
 2867 0155 87CCD8C4 		.ascii	"\207\314\330\304\370\214\021\213\317\353\003!\323g\016"
 2867      F88C118B 
 2867      CFEB0321 
 2867      D3670E
 2868 0164 8FE9514B 		.ascii	"\217\351QK\2373bft\326\322\255y\313o\204\303V\233\237"
ARM GAS  /tmp/ccY5QEIX.s 			page 65


 2868      9F336266 
 2868      74D6D2AD 
 2868      79CB6F84 
 2868      C3569B9F 
 2869 0178 10ABFE71 		.ascii	"\020\253\376qm\035\355=\301\256\316\336N\302\014\014"
 2869      6D1DED3D 
 2869      C1AECEDE 
 2869      4EC20C0C 
 2870 0188 F8BE00AC 		.ascii	"\370\276\000\2548\250J"
 2870      38A84A
 2871              		.text
 2872              		.section	.gnu.lto__close_r.351.463af2f0e17d4c9a,"e",%progbits
 2873 0000 789C7BCF 		.ascii	"x\234{\317\300\300\220\005\304j@\314\310\314\3008ib"
 2873      C0C09005 
 2873      C46A40CC 
 2873      C8CCC038 
 2873      6962
 2874 0012 17134343 		.ascii	"\027\023CCC\203\003;\023c\343\304\256\353+\267\2600"
 2874      4383033B 
 2874      1363E3C4 
 2874      AEEB2BB7 
 2874      B030
 2875 0024 EE66040B 		.ascii	"\356f\004\01302\32431\3263Nf\236\303\3148\211y\011P"
 2875      3032D433 
 2875      31D6334E 
 2875      669EC3CC 
 2875      38897909 
 2876 0039 310B94C5 		.ascii	"1\013\224\305\310\250\240\011T\362\243ur\337R\3069+"
 2876      C8A8A009 
 2876      54F2A375 
 2876      72DF52C6 
 2876      392B
 2877 004b 0EB02C61 		.ascii	"\016\260,afb\230\007T\260\225\221q\013#\320d\006\240"
 2877      66629807 
 2877      54B09591 
 2877      710B23D0 
 2877      6406A0
 2878 005e 42667F06 		.ascii	"Bf\177\006\365\003\015\015\027\366\356hh\340dX\302\314"
 2878      F5030D0D 
 2878      17F6EE68 
 2878      68E06458 
 2878      C2CC
 2879 0070 CCB89D11 		.ascii	"\314\270\235\021I\015P \260G\002\244.\215A\035h\330"
 2879      490D5020 
 2879      B04702A4 
 2879      2E8D411D 
 2879      68D8
 2880 0082 85335075 		.ascii	"\2053PuL\214;Q\3251\005N\223```c\000\331\000r5\020\257"
 2880      4C8C3B51 
 2880      D531054E 
 2880      93606060 
 2880      6300D900 
 2881 009a BFC47AA0 		.ascii	"\277\304z\240\341\317\377\376\206\206\253O\031g\253"
 2881      E1CFFFFE 
 2881      8686AB4F 
 2881      1967AB
 2882 00a9 323130F4 		.ascii	"210\3643\203|\321\300\302\330p\200\201a\0023\023\204"
ARM GAS  /tmp/ccY5QEIX.s 			page 66


 2882      33837CD1 
 2882      C0C2D870 
 2882      80816102 
 2882      331384
 2883 00bc D308E4BC 		.ascii	"\323\010\344\274blx4\377\024#\230\336\300\005\246\266"
 2883      626C7834 
 2883      FF142398 
 2883      DEC005A6 
 2883      B6
 2884 00cd 70317C62 		.ascii	"p1|blZ`\312\250\0052\260\237\231\021\241\225\201AQ?"
 2884      6C5A60CA 
 2884      A80532B0 
 2884      9F9911A1 
 2884      95814151 
 2885 00e2 233F3755 		.ascii	"#?7U?31O\337%?\271475\257\244X\337) \310'>)1'1/9\225"
 2885      3F33314F 
 2885      DF253FB9 
 2885      343735AF 
 2885      A458DF29 
 2886 0101 41AB2423 		.ascii	"A\253$#\263(%\276 \261\250\244R\3379#3)\323?X?\277X"
 2886      B32825BE 
 2886      20B1A8A4 
 2886      52DF3923 
 2886      3329D33F 
 2887 0119 BF2CB128 		.ascii	"\277,\261(3\277\264X\277\270\262891'\247X/\231\201\261"
 2887      33BFB458 
 2887      BFB8B238 
 2887      393127A7 
 2887      582F9981 
 2888 012e 4804C1D3 		.ascii	"H\004\301\323340O31\2664f`I\313\314I\005\000\353Bu\376"
 2888      3334304F 
 2888      3331B634 
 2888      666049CB 
 2888      CC490500 
 2889              		.text
 2890              		.section	.gnu.lto__sbrk_r.352.463af2f0e17d4c9a,"e",%progbits
 2891 0000 789C5551 		.ascii	"x\234UQMkSA\024\275gf\362\251\324\215\022p\225*R\354"
 2891      4D6B5341 
 2891      14BD6766 
 2891      F2A9D48D 
 2891      1270952A 
 2892 0016 22AFD282 		.ascii	"\"\257\322\202\272\020\212\212+\241F\177@IcJ\202iR\222"
 2892      BA108A8A 
 2892      2BA1467F 
 2892      4049634A 
 2892      82695292 
 2893 002a 54E8AA93 		.ascii	"T\350\252\223\030\253\324E\233\326\205\213\332EH\245"
 2893      18ABD445 
 2893      9BD6858B 
 2893      DA4548A5 
 2894 003a E842F0B3 		.ascii	"\350B\360\263\332V\242.\252\001IQ\304.*BW\321\205\324"
 2894      DA56A22E 
 2894      AA014951 
 2894      C42E2A42 
 2894      57D185D4 
 2895 004e 6C1429D4 		.ascii	"l\024)\324;IH\354\343\275\231{\337;s\316\271\347\265"
 2895      3B4948EC 
ARM GAS  /tmp/ccY5QEIX.s 			page 67


 2895      E3BD997B 
 2895      DF3B73CE 
 2895      B9E7B5
 2896 0061 0BA22811 		.ascii	"\013\242(\021\235\343\0076\302tnB\220\326\272\327!\304"
 2896      9DE30736 
 2896      C2746E42 
 2896      90D6BAD7 
 2896      21C4
 2897 0073 B5DC2D81 		.ascii	"\265\334-\201\025<\376\375~\217\312\346\332>\334|\326"
 2897      153CFEFD 
 2897      7E8FCAE6 
 2897      DA3EDC7C 
 2897      D6
 2898 0084 A3246EE7 		.ascii	"\243$n\347&\312\017N\324 \012\351&\0344&\244\302\030"
 2898      26CA0F4E 
 2898      D4200AE9 
 2898      261C3426 
 2898      A4C218
 2899 0097 66E4ACC4 		.ascii	"f\344\254\304\264,H\202jT\200\367hQ\353?\327g\026\346"
 2899      B42C4882 
 2899      6A5480F7 
 2899      6851EB3F 
 2899      D76716E6 
 2900 00ab EDB30B45 		.ascii	"\355\263\013EU\220\202\346\030\360\024x\002V&\006\312"
 2900      559082E6 
 2900      18F01478 
 2900      02562606 
 2900      CA
 2901 00bc 3EEA60D0 		.ascii	">\352`\320\332\273E\255]T\220\022\317\361\037\206_\370"
 2901      DABB45AD 
 2901      5D549012 
 2901      CFF11F86 
 2901      5FF8
 2902 00ce 573C0637 		.ascii	"W<\0067H\035\254\270Vn\340\024^\354\306)\377\252\247"
 2902      481DACB8 
 2902      566EE014 
 2902      5EECC629 
 2902      FFAAA7
 2903 00e1 CE78C5AC 		.ascii	"\316x\305\254G\230t\353\376\374x\333T\332Y\2206,a\227"
 2903      479874EB 
 2903      FEFC78DB 
 2903      54DA5990 
 2903      362C6197 
 2904 00f5 B2FF93C7 		.ascii	"\262\377\223\307NX\206\361c2\340\233\273\207\037mE\275"
 2904      4E5886F1 
 2904      6332E09B 
 2904      BB871F6D 
 2904      45BD
 2905 0107 BD33A9F5 		.ascii	"\2753\251\365j\347\327\345G.7\230X\360 /\241\270\262"
 2905      6AE7D7E5 
 2905      472E3798 
 2905      58F0202F 
 2905      A1B8B2
 2906 011a 3BCC1127 		.ascii	";\314\021'\260\310\370Ii\022\320\012\272H4%E\275Is\363"
 2906      B0C8F849 
 2906      6912D00A 
 2906      BA483425 
ARM GAS  /tmp/ccY5QEIX.s 			page 68


 2906      45BD4973 
 2907 012f 037AF373 		.ascii	"\003z\363s\311\305\031\326\312u\267\331\0165\227\315"
 2907      C9C519D6 
 2907      CA75B7D9 
 2907      0E3597CD 
 2908 013f 0D37FD44 		.ascii	"\0157\375Df\373\306\251\274Ty)i\013\343\336\274td!\012"
 2908      66FBC6A9 
 2908      BC547929 
 2908      690BE3DE 
 2908      BC746421 
 2909 0154 D2312799 		.ascii	"\3221'\231\233?\230\000\355@}cm'\037\315xY\236\2215"
 2909      9B3F9800 
 2909      ED407D63 
 2909      6D271FCD 
 2909      78599E91 
 2910 0169 966F25D0 		.ascii	"\226o%\320wd+o\017\362\033\370\314\024lC\336Y*oP\323"
 2910      77642B6F 
 2910      0FF21BF8 
 2910      CC146C43 
 2910      DE592A6F 
 2911 017f C6AF9230 		.ascii	"\306\257\2220Z\325\312\201\306?av\256\356\201\315VX"
 2911      5AD5CA81 
 2911      C63F6176 
 2911      AEEE81CD 
 2911      5658
 2912 0191 CE95974E 		.ascii	"\316\225\227N\274\006uq\3574\241\276\301]\023\210\201"
 2912      BC067571 
 2912      EF34A1BE 
 2912      C15D1388 
 2912      81
 2913 01a2 2AECAD71 		.ascii	"*\354\255qT\3355f\325\032\260\212L/{4A\376\255[\024"
 2913      54DD3566 
 2913      D51AB08A 
 2913      4C2F7B34 
 2913      41FEAD5B 
 2914 01b7 D8E16B9F 		.ascii	"\330\341k\237,\035\346\251\331\217x\365%\314\011\241"
 2914      2C1DE6A9 
 2914      D98F78F5 
 2914      25CC09A1 
 2915 01c7 951051BB 		.ascii	"\225\020Q\273\025\216\017\205\254H f\235\215\007G\206"
 2915      158E0F85 
 2915      AC482066 
 2915      9D8D0747 
 2915      86
 2916 01d8 42B154D2 		.ascii	"B\261T\322:}\341\342\371\376\201@4\020\013\206\2503"
 2916      3A7DE1E2 
 2916      F9FE8140 
 2916      34100B86 
 2916      A833
 2917 01ea 158E242E 		.ascii	"\025\216$.\367\017\007\022\251Q\353L82\020\351\273d"
 2917      F70F0712 
 2917      A951EB4C 
 2917      383210E9 
 2917      BB64
 2918 01fc C593D6D5 		.ascii	"\305\223\326\325@\"\022\037IZ\311\321d0\020\215&}AB"
 2918      4022121F 
 2918      495AC9D1 
ARM GAS  /tmp/ccY5QEIX.s 			page 69


 2918      6430108D 
 2918      267D4142 
 2919 0210 627FABF3 		.ascii	"b\177\253\363\035\353:>\330\323}\262\233T$\026L`\370"
 2919      1DEB3A3E 
 2919      D8D37DB2 
 2919      9B542416 
 2919      4C60F8
 2920 0223 1FAF3CD9 		.ascii	"\037\257<\331\344"
 2920      E4
 2921              		.text
 2922              		.section	.gnu.lto__fstat_r.353.463af2f0e17d4c9a,"e",%progbits
 2923 0000 789C5590 		.ascii	"x\234U\220\277K[Q\024\307\317\367\336\027\223\220\241"
 2923      BF4B5B51 
 2923      14C7CFF7 
 2923      DE179390 
 2923      A1
 2924 0011 8B90351D 		.ascii	"\213\2205\0354\230\301g\261E\334\212:\012\232\366\017"
 2924      3498C167 
 2924      B145DC8A 
 2924      3A0A9AF6 
 2924      0F
 2925 0022 90679A90 		.ascii	"\220g\232\220\207\371Q\362\022\301\311\253\230\016Y"
 2925      87F951F2 
 2925      12C1C9AB 
 2925      980E59
 2926 0031 62E2684C 		.ascii	"b\342hLKy\225.E\207\264U\254\360:+\"N.]\012E\351 \305"
 2926      4B79952E 
 2926      4587B455 
 2926      ACF03A2B 
 2926      224E2E5D 
 2927 004a C941D073 		.ascii	"\311A\320s\237\001\233\341r\356\367\3609\347|\317\251"
 2927      9F019BE1 
 2927      72EEF7F0 
 2927      39E77CCF 
 2927      A9
 2928 005b 81284F44 		.ascii	"\201(OD\203\374 \011\315FM\220R\352eP`\245Q\273\370"
 2928      83FC2009 
 2928      CD464D90 
 2928      52EA6550 
 2928      60A551BB 
 2929 0070 D2317008 		.ascii	"\3221p\010?\001Z\026X\306\206lI4\245\313\260\321\375"
 2929      3F015A16 
 2929      58C6866C 
 2929      4934A5CB 
 2929      B0D1FD
 2930 0083 01B12146 		.ascii	"\001\261!Fn\252\033'\237\320\372\354\031\256\024\324"
 2930      6EAA1B27 
 2930      9FD0FAEC 
 2930      19AE14D4 
 2931 0093 66E02BD0 		.ascii	"f\340+\320\341\001D\014\312\031\212{J\235\036\356)\025"
 2931      E101440C 
 2931      CA198A7B 
 2931      4A9D1EEE 
 2931      2915
 2932 00a5 26574A7C 		.ascii	"&WJ|\307\177\014'\222\325\250\3462\024\347f\247\307"
 2932      C77F0C27 
 2932      92D5A8E6 
ARM GAS  /tmp/ccY5QEIX.s 			page 70


 2932      3214E766 
 2932      A7C7
 2933 00b7 5D4E60BF 		.ascii	"]N`\277\227\023\311\272\317-<\364\273\351r\006\016z"
 2933      9713C9BA 
 2933      CF2D3CF4 
 2933      BBE97206 
 2933      0E7A
 2934 00c9 3923B919 		.ascii	"9#\271\031%\352#\355Do\307o\347,\340\251\333\273\272"
 2934      25EA23ED 
 2934      446FC76F 
 2934      E72CE0A9 
 2934      DBBBBA
 2935 00dc 527F2EF0 		.ascii	"R\177.\360k  \200\037\234\257K\275\2622\240<\242u)\036"
 2935      6B202080 
 2935      1F9CAF4B 
 2935      BDB232A0 
 2935      3CA27529 
 2936 00f1 C40A8BBF 		.ascii	"\304\012\213\277P\277\337\037\301\217\273\021?t\"\364"
 2936      50BFDF1F 
 2936      C18FBB11 
 2936      3F7422F4 
 2937 0101 0FEF62B4 		.ascii	"\017\357b\264\006\341\312@[r\375G6\231\320\207\350\303"
 2937      06E1CA40 
 2937      5B72FD47 
 2937      3699D087 
 2937      E8C3
 2938 0113 390F0EFA 		.ascii	"9\017\016\372\334\267\010]a\365\372\362I\367H\006\364"
 2938      DCB7085D 
 2938      61F5FAF2 
 2938      49F74806 
 2938      F4
 2939 0124 15B6F52D 		.ascii	"\025\266\365-/\2712\244\213<\320\010\353\220+\303\370"
 2939      2FB932A4 
 2939      8B3CD008 
 2939      EB902BC3 
 2939      F8
 2940 0135 892DED53 		.ascii	"\211-\355S\243a\337\210n\262\317\263\257\261\372\341"
 2940      A361DF88 
 2940      6EB2CFB3 
 2940      AFB1FAE1 
 2941 0145 05127A87 		.ascii	"\005\022z\207\272\304\243Q\242\247f\266\230O\233\266"
 2941      BAC4A351 
 2941      A2A766B6 
 2941      984F9BB6 
 2942 0155 5530A78A 		.ascii	"U0\247\212\251J>](;\346\304\354\253\351\271y+g\025R"
 2942      A94A3E5D 
 2942      283BE6C4 
 2942      ECABE9B9 
 2942      792B6715 
 2943 016a 694A94B3 		.ascii	"iJ\224\263v\351\315\334[\253T^2'\263\366\274=\363\332"
 2943      76E9CDDC 
 2943      5BAB545E 
 2943      3227B3F6 
 2943      BC3DF3DA 
 2944 017e 2C3AE6A2 		.ascii	",:\346\242U\262\213\025\307t\226\234\224\225\3139\303"
 2944      55B28B15 
 2944      C774969C 
ARM GAS  /tmp/ccY5QEIX.s 			page 71


 2944      9495CB39 
 2944      C3
 2945 018f 2942A9FF 		.ascii	")B\251\377Q\015?\033\031\313<\037\035\037%#c\347\322"
 2945      510D3F1B 
 2945      19CB3C1F 
 2945      1D1F2523 
 2945      63E7D2
 2946 01a2 C229DF03 		.ascii	"\302)\337\003\224I\242\305"
 2946      9449A2C5 
 2947              		.text
 2948              		.section	.gnu.lto__isatty_r.354.463af2f0e17d4c9a,"e",%progbits
 2949 0000 789C7BCF 		.ascii	"x\234{\317\300\300\220\001\304j@\314\310\314\3008ib"
 2949      C0C09001 
 2949      C46A40CC 
 2949      C8CCC038 
 2949      6962
 2950 0012 17134343 		.ascii	"\027\023CCC\203\003;\023c\343\304\256\357\353\266\260"
 2950      4383033B 
 2950      1363E3C4 
 2950      AEEFEBB6 
 2950      B0
 2951 0023 30EE6604 		.ascii	"0\356f\004\01302\32431\3263Nf\236\303\3148\211y\011"
 2951      0B3032D4 
 2951      3331D633 
 2951      4E669EC3 
 2951      CC388979 
 2952 0038 50310B94 		.ascii	"P1\013\224\305\310\250\240\011T\362\243u\362\253\245"
 2952      C5C8A8A0 
 2952      0954F2A3 
 2952      75F2ABA5 
 2953 0048 8C73561C 		.ascii	"\214sV\034`Y\302\314\3040\017\250`+#\343\026F\240\311"
 2953      6059C2CC 
 2953      C4300FA8 
 2953      602B23E3 
 2953      1646A0C9 
 2954 005c 0C4085CC 		.ascii	"\014@\205\314\376\014\352\007\032\032.\354\333\321\320"
 2954      FE0CEA07 
 2954      1A1A2EEC 
 2954      DBD1D0
 2955 006b C0C9B084 		.ascii	"\300\311\260\204\231\231q;#\222\032\240@\340}1\220\272"
 2955      9999713B 
 2955      23921AA0 
 2955      40E07D31 
 2955      90BA
 2956 007d 340675A0 		.ascii	"4\006u\240a\027\316B\32511\356DU\307\024\370R\214\201"
 2956      6117CE42 
 2956      D53131EE 
 2956      4455C714 
 2956      F8528C81 
 2957 0091 818D0164 		.ascii	"\201\215\001d\003\310\325@\274\376\022\353\201\206?"
 2957      03C8D540 
 2957      BCFE12EB 
 2957      81863F
 2958 00a0 FFFB1B1A 		.ascii	"\377\373\033\032\316>e|\257\312\304\300\320\317\014"
 2958      CE3E657C 
 2958      AFCAC4C0 
 2958      D0CF0C
ARM GAS  /tmp/ccY5QEIX.s 			page 72


 2959 00af F245030B 		.ascii	"\362E\003\013c\303\001\006\206\011\314L\020N#\220\363"
 2959      63C30106 
 2959      8609CC4C 
 2959      104E2390 
 2959      F3
 2960 00c0 8AB1E1D1 		.ascii	"\212\261\341\321\365\323\214`\372\0067\230\272\303\315"
 2960      F5D38C60 
 2960      FA063798 
 2960      BAC3CD
 2961 00cf F089B169 		.ascii	"\360\211\261i\201)\2436\310\300~fF\204V\006\006E\375"
 2961      8129A336 
 2961      C8C07E66 
 2961      46845606 
 2961      0645FD
 2962 00e2 8CFCDC54 		.ascii	"\214\374\334T\375\314\304<}\227\374\344\322\334\324"
 2962      FDCCC43C 
 2962      7D97FCE4 
 2962      D2DCD4
 2963 00f1 BC92627D 		.ascii	"\274\222b}\247\200 \237\370\244\304\234\304\274\344"
 2963      A780209F 
 2963      F8A4C49C 
 2963      C4BCE4
 2964 0100 5406AD92 		.ascii	"T\006\255\222\214\314\242\224\370\202\304\242\222J}"
 2964      8CCCA294 
 2964      F882C4A2 
 2964      924A7D
 2965 010f E78CCCA4 		.ascii	"\347\214\314\244L\377`\375\374b\375\262\304\242\314"
 2965      4CFF60FD 
 2965      FC62FDB2 
 2965      C4A2CC
 2966 011e FCD262FD 		.ascii	"\374\322b\375\342\312\342\344\304\234\234b\275d\006"
 2966      E2CAE2E4 
 2966      C49C9C62 
 2966      BD6406
 2967 012d C6221104 		.ascii	"\306\"\021\004O\317\320\300<\315\304\330\322\230\201"
 2967      4FCFD0C0 
 2967      3CCDC4D8 
 2967      D29881
 2968 013c 292D0500 		.ascii	")-\005\000\271.w!"
 2968      B92E7721 
 2969              		.text
 2970              		.section	.gnu.lto__exit.355.463af2f0e17d4c9a,"e",%progbits
 2971 0000 789C458E 		.ascii	"x\234E\216\275K\003A\020\305gn._M*\3216\251\202\026"
 2971      BD4B0341 
 2971      10C5676E 
 2971      2E5F4D2A 
 2971      D136A982 
 2972 0015 592582D8 		.ascii	"Y%\202\330\211Z\012\021\005\333p9Or\230\344B\366\"\246"
 2972      895A0A11 
 2972      05DB7039 
 2972      4F7298E4 
 2972      42F622A6 
 2973 0029 CA8A3145 		.ascii	"\312\2121E\232\304\244\225T[\244\263\362\013\233CH%"
 2973      9AC4A495 
 2973      545BA4B3 
 2973      F20B9B43 
 2973      4825
ARM GAS  /tmp/ccY5QEIX.s 			page 73


 2974 003b 88F82768 		.ascii	"\210\370'h#V\226\"\021\335;#\016<x\363\3407\363>\001"
 2974      23569622 
 2974      11DD3B23 
 2974      0E3C78F3 
 2974      E037F33E 
 2975 0050 A0A234A3 		.ascii	"\240\2424\243\204\004\330;mk \204X\211h\200\320\320"
 2975      8404D83B 
 2975      6D6B2084 
 2975      58896880 
 2975      D0D0
 2976 0062 B0817D9A 		.ascii	"\260\201}\232U\301\307I\177<B1\364P\022\300@)\2303\302"
 2976      55C1C749 
 2976      7F3C4231 
 2976      F45012C0 
 2976      40299833 
 2977 0077 1E4942D4 		.ascii	"\036IB\324'N\303\204r\224\205\224\202\036\207\327B\304"
 2977      274EC384 
 2977      72948594 
 2977      821E87D7 
 2977      42C4
 2978 0089 4012E115 		.ascii	"@\022\341\025*\006/\021/\020\374`\347n\032 \374wIep"
 2978      2A062F11 
 2978      2F10FC60 
 2978      E76E1A20 
 2978      FC774965 
 2979 009e FE14F2C4 		.ascii	"\376\024\362\304\370\273#\304\350\005\333)\035\240C"
 2979      F8BB23C4 
 2979      E805DB29 
 2979      1DA043
 2980 00ad 7E15A1A3 		.ascii	"~\025\241\243\360\000\272\244\375.GjyC\361\374u\037"
 2980      F000BAA4 
 2980      FD2E476A 
 2980      7943F1FC 
 2980      751F
 2981 00bf C31B0C6C 		.ascii	"\303\033\014l7\016\357\330L@\0235I\372\2000(\226\334"
 2981      370EEFD8 
 2981      4C401335 
 2981      49FA8030 
 2981      2896DC
 2982 00d2 6F452585 		.ascii	"oE%\205\232\330\022\3425.)\214\267\250\010I\221\000"
 2982      9AD812E2 
 2982      352E298C 
 2982      B7A80849 
 2982      9100
 2983 00e4 EA3FA0A2 		.ascii	"\352?\240\242\216'Tt@\232_,\006\376_\204\210_+\311\012"
 2983      8E275474 
 2983      409A5F2C 
 2983      06FE5F84 
 2983      885F2BC9 
 2984 00f9 4EC962B6 		.ascii	"N\311b\266Qf\353\216Y+Ye\227\263\325\315\255\215\\\336"
 2984      5166EB8E 
 2984      592B5965 
 2984      97B3D5CD 
 2984      AD8D5CDE 
 2985 010d 281A65D3 		.ascii	"(\032e\323\2029\267`Wws\025\243\352\326\331Z\301\316"
 2985      8239B760 
 2985      57777315 
ARM GAS  /tmp/ccY5QEIX.s 			page 74


 2985      A3EAD6D9 
 2985      5AC1CE
 2986 0120 DBD96DE6 		.ascii	"\333\331m\346pv`Tm\247\306\031\257s\323(\026y\332\204"
 2986      70766054 
 2986      6DA7C619 
 2986      AF73D328 
 2986      1679DA84 
 2987 0134 30770DB7 		.ascii	"0w\015\267\306\247\376\243\364\302\374\322\336bf9\003"
 2987      C6A7FEA3 
 2987      F4C2FCD2 
 2987      DE626639 
 2987      03
 2988 0145 21EBD076 		.ascii	"!\353\320v\341\007\337\202qR"
 2988      E107DF82 
 2988      7152
 2989              		.text
 2990              		.section	.gnu.lto__kill.356.463af2f0e17d4c9a,"e",%progbits
 2991 0000 789C5D8F 		.ascii	"x\234]\217\317J\002Q\024\306\317\2313\376\333\270\012"
 2991      CF4A0251 
 2991      14C6CF99 
 2991      33FEDBB8 
 2991      0A
 2992 0011 DBEA4A0A 		.ascii	"\333\352J\012r\012\203h\027\32520\362\001d\034\255\271"
 2992      720A8368 
 2992      17D53230 
 2992      F201641C 
 2992      ADB9
 2993 0023 343AE668 		.ascii	"4:\346h\340\312\033\231\2136\226nZ\230n\006\252U\233"
 2993      E0CA1B99 
 2993      8B36966E 
 2993      5A986E06 
 2993      AA559B
 2994 0036 2C2B049F 		.ascii	",+\004\237@\242G\250M\004A\313\026A\335Q\251hq\270\347"
 2994      40A247A8 
 2994      4D0441CB 
 2994      1641DD51 
 2994      A96871B8 
 2995 004b BBF7F79D 		.ascii	"\273\367\367\235\363\335\031\004\330\001\200IQH\200"
 2995      F3DD1904 
 2995      D8018049 
 2995      514880
 2996 005a F5E34309 		.ascii	"\365\343C\0118\347K\036\011\020\312\022\226\261AM\302"
 2996      38E74B1E 
 2996      0910CA12 
 2996      96B1414D 
 2996      C2
 2997 006b 3AD9E255 		.ascii	":\331\342U\036w\210\301)\001}\0344N\316\260y\336\227"
 2997      1E7788C1 
 2997      29017D1C 
 2997      344ECEB0 
 2997      79DE97
 2998 007e 6D92A025 		.ascii	"m\222\240%\200\016\342\225\230\010 @\212AX@\017\355"
 2998      800EE295 
 2998      98082040 
 2998      8A415840 
 2998      0FED
 2999 0090 2EE73E10 		.ascii	".\347>\020\004\336\340\037F\\\304O\003\016\247\217\270"
ARM GAS  /tmp/ccY5QEIX.s 			page 75


 2999      04DEE01F 
 2999      465CC44F 
 2999      030EA78F 
 2999      B8
 3000 00a1 EE0F77FB 		.ascii	"\356\017w\373\237\273\010\000\270\301\331\340\304\024"
 3000      9FBB0800 
 3000      B8C1D9E0 
 3000      C414
 3001 00af 75F9E8EA 		.ascii	"u\371\350\352\363\317\257\032\347o\317\330\016\313\000"
 3001      F3CFAF1A 
 3001      E76FCFD8 
 3001      0ECB00
 3002 00be 35726273 		.ascii	"5rbs\031y\037\340\210\244\221\330\023\342\025\371Sg"
 3002      19791FE0 
 3002      88A491D8 
 3002      13E215F9 
 3002      5367
 3003 00d0 E0C37B1C 		.ascii	"\340\303{\034\266\327\376\341q\347\207w\254\004\241"
 3003      B6D7FEE1 
 3003      71E78777 
 3003      AC04A1
 3004 00df 82924DD4 		.ascii	"\202\222M\324\"\034f\016\031U\257Mr\005\253\234\277"
 3004      221C660E 
 3004      1955AF4D 
 3004      7205AB9C 
 3004      BF
 3005 00f0 F86D7261 		.ascii	"\370mra\017\205\321&\367\320\324\033\240p\355\217]\236"
 3005      0F85D126 
 3005      F7D0D41B 
 3005      A070ED8F 
 3005      5D9E
 3006 0102 96F8B5C8 		.ascii	"\226\370\265\310\347\005g=\202\307I\027Rt3\223V\230"
 3006      E705673D 
 3006      82C74917 
 3006      52743393 
 3006      5698
 3007 0114 9A55564D 		.ascii	"\232UVM\255\230Ig\013\226\262\274\276\261\226H\252\206"
 3007      AD984967 
 3007      0B96B2BC 
 3007      BEB19648 
 3007      AA86
 3008 0126 9AD5D230 		.ascii	"\232\325\3220]\320Y>\225\310\251\371BIY\321Y\222\305"
 3008      5DD0593E 
 3008      95C8A9F9 
 3008      424959D1 
 3008      5992C5
 3009 0139 E28A6929 		.ascii	"\342\212i)\273j\236\231EK\261J\226\246\032\206\025\321"
 3009      BB6A9E99 
 3009      454BB14A 
 3009      96A61A86 
 3009      15D1
 3010 014b 80722C35 		.ascii	"\200r,5\361\253#s\263\013\233\363\321\305(\220\305\266"
 3010      F1AB2373 
 3010      B30B9BF3 
 3010      D1C52890 
 3010      C5B6
 3011 015d 5CDBCC30 		.ascii	"\\\333\3140\340\0334\344\177\260"
ARM GAS  /tmp/ccY5QEIX.s 			page 76


 3011      E01B34E4 
 3011      7FB0
 3012              		.text
 3013              		.section	.gnu.lto__getpid.357.463af2f0e17d4c9a,"e",%progbits
 3014 0000 789CEB67 		.ascii	"x\234\353g``\360\003b5 fdf`\2344\261\213\211\241\241"
 3014      6060F003 
 3014      62352066 
 3014      6466609C 
 3014      34B18B89 
 3015 0016 A1C1819D 		.ascii	"\241\301\201\235\211\261qb\327\361\335[X\030\2673\202"
 3015      89B17162 
 3015      D7F1DD5B 
 3015      5818B733 
 3015      82
 3016 0027 051819EA 		.ascii	"\005\030\031\352\231\030\353\031'3\317af\234\304\274"
 3016      9918EB19 
 3016      2733CF61 
 3016      669CC4BC 
 3017 0037 04A89805 		.ascii	"\004\250\230\005\312bdT\320\004*\371\321:y\335r\306"
 3017      CA626454 
 3017      D0042AF9 
 3017      D13A79DD 
 3017      72C6
 3018 0049 392B0EB0 		.ascii	"9+\016\260,afb\230\007T\260\225\221q\013#\003\030\260"
 3018      2C616662 
 3018      980754B0 
 3018      9591710B 
 3018      230318B0 
 3019 005d 31804440 		.ascii	"1\200D@\266\000\361\372K\254\007\032\376\374\357oh\270"
 3019      B600F1FA 
 3019      4BAC071A 
 3019      FEFCEF6F 
 3019      68B8
 3020 006f FB887197 		.ascii	"\373\210q\227:\023\003C?3\310\326\006\026\306\206\003"
 3020      3A130343 
 3020      3F33C8D6 
 3020      0616C686 
 3020      03
 3021 0080 0C0C1398 		.ascii	"\014\014\023\230\231 \234F \347\025c\303\"v\206O\214"
 3021      99209C46 
 3021      20E71563 
 3021      C3227686 
 3021      4F8C
 3022 0092 4D0B4C19 		.ascii	"M\013L\031\265A\006\36433\"\22420(\352g\344\347\246"
 3022      B54106F4 
 3022      33332294 
 3022      323028EA 
 3022      67E4E7A6 
 3023 00a6 EA6726E6 		.ascii	"\352g&\346\351\273\344'\227\346\246\346\225\024\353"
 3023      E9BBE427 
 3023      97E6A6E6 
 3023      9514EB
 3024 00b5 3B0504F9 		.ascii	";\005\004\371\304'%\346$\346%\2472h\225dd\026\245\304"
 3024      C42725E6 
 3024      24E625A7 
 3024      32689564 
 3024      6416A5C4 
ARM GAS  /tmp/ccY5QEIX.s 			page 77


 3025 00c9 17241695 		.ascii	"\027$\026\225T\352;gd&e\372\007\353\347\027\353\227"
 3025      54EA3B67 
 3025      642665FA 
 3025      07EBE717 
 3025      EB97
 3026 00db 251665E6 		.ascii	"%\026e\346\227\026\353\027W\026''\346\344\024\353%3"
 3026      9716EB17 
 3026      57162727 
 3026      E6E414EB 
 3026      2533
 3027 00ed 0000BDAB 		.ascii	"\000\000\275\253O\215"
 3027      4F8D
 3028              		.text
 3029              		.section	.gnu.lto___cxa_pure_virtual.358.463af2f0e17d4c9a,"e",%progbits
 3030 0000 789C458E 		.ascii	"x\234E\216\277K\303P\020\200\357r\365\327\240\177C\213"
 3030      BF4BC350 
 3030      1080EF72 
 3030      F5D7A07F 
 3030      438B
 3031 0012 83E8E0FB 		.ascii	"\203\350\340\373\027D\035\205\210\256By\215\201<H\223"
 3031      17441D85 
 3031      88AE4279 
 3031      8D813C48 
 3031      93
 3032 0023 9297143A 		.ascii	"\222\227\024:\365*\261C\227\030\263J\247\200nN\342h"
 3032      F52AB143 
 3032      9718B34A 
 3032      A7806E4E 
 3032      E268
 3033 0035 367112FC 		.ascii	"6q\022\374\013D\027q\022'\007E\237U\361\340\033\276"
 3033      0B441771 
 3033      12270745 
 3033      9F55F1E0 
 3033      1BBE
 3034 0047 1BBEBB53 		.ascii	"\033\276\273S\000\3303,\032\220\000\217\363\221\005"
 3034      00D8332C 
 3034      1A90008F 
 3034      F39105
 3035 0056 CCBC3663 		.ascii	"\314\2746c\341 \037\315\341\005N\014\241oa\037\013Z"
 3035      E1201FCD 
 3035      E1054E0C 
 3035      A16F611F 
 3035      0B5A
 3036 0068 36FA7658 		.ascii	"6\372vX\\]#\237UX\022\300\330\360;\323\177\206\206\363"
 3036      5C5D239F 
 3036      555812C0 
 3036      D8F03BD3 
 3036      7F8686F3 
 3037 007c BBA98ADF 		.ascii	"\273\251\212\337?3\346\217G\274Y2\373\214\276\323\\"
 3037      3F33E68F 
 3037      47BC5932 
 3037      FB8CBED3 
 3037      5C
 3038 008d 43AE008E 		.ascii	"C\256\000\216\310\372\221\201\221g\344\207\374\026\341"
 3038      C8FA9181 
 3038      9167E487 
 3038      FC16E1
ARM GAS  /tmp/ccY5QEIX.s 			page 78


 3039 009c 05D33AA4 		.ascii	"\005\323:\244h\225\204c2\221\023\302\206=\234-\311J"
 3039      68958463 
 3039      329113C2 
 3039      863D9C2D 
 3039      C94A
 3040 00ae 71C8FCB4 		.ascii	"q\310\374\264P\022\341%\232\257J\252\301+\036\334\027"
 3040      5012E125 
 3040      9AAF4AAA 
 3040      C12B1EDC 
 3040      17
 3041 00bf F6E47246 		.ascii	"\366\344rF\370\237\006h\010/l\273B\311@l\206N\322v\203"
 3041      F89F0668 
 3041      082F6CBB 
 3041      42C9406C 
 3041      864ED276 
 3042 00d4 588BF5ED 		.ascii	"X\213\365\355\235\255fK\3722p\\X\211=\025\3557;2\212"
 3042      9DAD664B 
 3042      FA32705C 
 3042      58893D15 
 3042      ED373B32 
 3043 00e9 7B62C353 		.ascii	"{b\303S-e\357\212P\213\256\214T\230h\241{\332\221\276"
 3043      2D65EF8A 
 3043      508BAE8C 
 3043      549868A1 
 3043      7BDA91BE 
 3044 00fd AF571D98 		.ascii	"\257W\035\230\357$\221[\357\252(N\244\017_\236\336["
 3044      EF24915B 
 3044      EFAA284E 
 3044      A40F5F9E 
 3044      DE5B
 3045 010f 30       		.ascii	"0"
 3046              		.text
 3047              		.section	.gnu.lto_.symbol_nodes.463af2f0e17d4c9a,"e",%progbits
 3048 0000 789C75D0 		.ascii	"x\234u\320\315\015\202P\020\004\340\335y\200  G\217"
 3048      CD0D8250 
 3048      1004E0DD 
 3048      79802020 
 3048      478F
 3049 0012 D6626229 		.ascii	"\326bb)\3661\220X\200EX\205g\3176\340\277\242F-BE\220"
 3049      F6319058 
 3049      80455885 
 3049      67CF36E0 
 3049      BFA2462D 
 3050 0029 44939DD3 		.ascii	"D\223\235\323d\277\227\315\346\365!\"X\201\222\277\343"
 3050      64BF97CD 
 3050      E6F52122 
 3050      588192BF 
 3050      E3
 3051 003a E9742942 		.ascii	"\351t)B\221yQ\250\250T\301\032T\0237 L\334\202\316\304"
 3051      917951A8 
 3051      A854C11A 
 3051      54133720 
 3051      4CDC82CE 
 3052 004f 1DE899B8 		.ascii	"\035\350\231\270\007}\023\017``\342\021\354\230x\002"
 3052      077D130F 
 3052      6060E211 
 3052      EC987802 
ARM GAS  /tmp/ccY5QEIX.s 			page 79


 3053 005f C33F1C7E 		.ascii	"\303?\034~\255\004#\313\316`\327\\z\001\343_\314[\324"
 3053      AD0423CB 
 3053      CE60D75C 
 3053      7A01E35F 
 3053      CC5BD4
 3054 0072 2B983C9B 		.ascii	"+\230<\233\014>\017\244\372\351J\365\006\246\226=\300"
 3054      0C3E0FA4 
 3054      FAE94AF5 
 3054      06A6963D 
 3054      C0
 3055 0083 9E657730 		.ascii	"\236ew03\314\371I}J\251.H\353:Q\027fu\035\273\260W\267"
 3055      33CCF949 
 3055      7D4AA92E 
 3055      48EB3A51 
 3055      1766751D 
 3056 009b 99BA286B 		.ascii	"\231\272(k=j\246\013uq3\035\311\013\033)\230\225"
 3056      3D6AA60B 
 3056      7571331D 
 3056      C90B1B29 
 3056      9895
 3057              		.text
 3058              		.section	.gnu.lto_.refs.463af2f0e17d4c9a,"e",%progbits
 3059 0000 789C6364 		.ascii	"x\234cd\000\002\000\000\012\000\002"
 3059      00020000 
 3059      0A0002
 3060              		.text
 3061              		.section	.gnu.lto_.decls.463af2f0e17d4c9a,"e",%progbits
 3062 0000 789CAD5A 		.ascii	"x\234\255ZyTSY\232\177\337\273\357%!\004tJ\273\312\352"
 3062      79545359 
 3062      9A7FDFBB 
 3062      EF252104 
 3062      744ABBCA 
 3063 0015 A5DAAAF1 		.ascii	"\245\332\252\361t9K\027j\325t\365\374W\3235S=\323U\247"
 3063      74394B17 
 3063      6AD574F5 
 3063      FC57D335 
 3063      533DD355 
 3064 002a BBCFF4E9 		.ascii	"\273\317\364\3513\247j\316\231\327\221\004\311\021\022"
 3064      33A76ACE 
 3064      99D79104 
 3064      C91112
 3065 0039 9B84B2EC 		.ascii	"\233\204\262\354\323=\023E\005\024\367\015\005\025\005"
 3065      D33D1345 
 3065      0514F70D 
 3065      051505
 3066 0048 0545348A 		.ascii	"\005E4\212\001\027\020\004\025\004E\334\0217\334X\024"
 3066      01171004 
 3066      150445DC 
 3066      1137DC58 
 3066      14
 3067 0059 107754D4 		.ascii	"\020wT\324\371\356\275oIH\234\256>g\242\227\367\336"
 3067      F9EEBD6F 
 3067      49489CAE 
 3067      3E67A297 
 3067      F7DE
 3068 006b 7DBFFBED 		.ascii	"}\277\373\355\337w\227d\356DA\370\017\263 ,'\202\360"
 3068      DF779764 
ARM GAS  /tmp/ccY5QEIX.s 			page 80


 3068      EE4441F8 
 3068      0FB3202C 
 3068      2782F0
 3069 007e 0A3F7182 		.ascii	"\012?q\202 \234\304\026\203\355+l\023EA\370\036\010"
 3069      209CC416 
 3069      83ED2B6C 
 3069      134541F8 
 3069      1E08
 3070 0090 C2286C5F 		.ascii	"\302(l_\342\263\017\237\277\301\366'l\177\304F?#\261"
 3070      E2B30F9F 
 3070      BFC1F627 
 3070      6C7FC446 
 3070      3F23B1
 3071 00a3 65E1FD62 		.ascii	"e\341\375bl\313\260\345a\333\200m\013\266]\330\202\330"
 3071      6CCBB0E5 
 3071      61DB806D 
 3071      0BB65DD8 
 3071      82D8
 3072 00b5 0E603B84 		.ascii	"\016`;\204\255\021[\023\266S\330:\260\335\306\326\257"
 3072      AD115B13 
 3072      B653D83A 
 3072      B0DDC6D6 
 3072      AF
 3073 00c6 D209FDFC 		.ascii	"\322\011\375\374\225,\010&\274\276\201m\3640Y\376\032"
 3073      952C0826 
 3073      BCBE816D 
 3073      F43059FE 
 3073      1A
 3074 00d7 AF7811BE 		.ascii	"\257x\021\276\253^\263\242\214\177\027\307KQ\306\323"
 3074      AB5EB3A2 
 3074      8C7F17C7 
 3074      4B51C6D3 
 3075 00e7 0F1DB338 		.ascii	"\017\035\2638\312\230\367q\214\374\032\236\332\270e"
 3075      CA98F771 
 3075      8CFC1A9E 
 3075      DAB865
 3076 00f6 51C67DFC 		.ascii	"Q\306}\374\032YGE\2215/\312\370O\377\214\254\033\242"
 3076      1A594745 
 3076      91352FCA 
 3076      F84FFF8C 
 3076      AC1BA2
 3077 0109 8CF90D8E 		.ascii	"\214\371\015\216\261\206\214)\026\371\030:v\212\300"
 3077      B1868C29 
 3077      16F9183A 
 3077      768AC0
 3078 0118 7D75179F 		.ascii	"}u\027\237O\212\3412PR[T\373\017\3778\207\321\324\344"
 3078      4F8AE132 
 3078      50525B54 
 3078      FB0FFF38 
 3078      87D1D4E4 
 3079 012c A03E1F10 		.ascii	"\240>\037\0209\315\253xM\306\366_*\315\024\225\346."
 3079      39CDAB78 
 3079      4DC6F65F 
 3079      2ACD1495 
 3079      E62E
 3080 013e D59FC33F 		.ascii	"\325\237\303?S\377\214n\301(c\376\244\312\221<l\334"
 3080      53FF8C6E 
ARM GAS  /tmp/ccY5QEIX.s 			page 81


 3080      C12863FE 
 3080      A4CA913C 
 3080      6CDC
 3081 0150 3D35F6EE 		.ascii	"=5\366\356c\353\303\366\000\333Cu<\206/\213\261~5\246"
 3081      63EBC3F6 
 3081      00DB4375 
 3081      3C862F8B 
 3081      B17E35A6 
 3082 0164 867FB265 		.ascii	"\206\177\262e\036\323\177\011\275C\377\007\275%2\307"
 3082      1ED37F09 
 3082      BD43FF07 
 3082      BD2532C7 
 3083 0174 84D2D374 		.ascii	"\204\322\323tj\214\202_\241\306V\262\312\367\217j\016"
 3083      6A8C825F 
 3083      A1C656B2 
 3083      CAF78F6A 
 3083      0E
 3084 0185 F5A9587A 		.ascii	"\365\251XzizM.,%\360\006H\370w4\214e\367\3352\273\354"
 3084      697A4D2E 
 3084      2C25F006 
 3084      48F87734 
 3084      8C65F7DD 
 3085 019c 11595FED 		.ascii	"\021Y_\355(\"r\214\230G\304\342\013\355\233D\253\337"
 3085      2822728C 
 3085      9847C4E2 
 3085      0BED9B44 
 3085      ABDF
 3086 01ae EF1FF0D7 		.ascii	"\357\037\360\327\316\216\301\316 \300n\224\012\366\203"
 3086      CE8EC1CE 
 3086      20C06E94 
 3086      0AF683
 3087 01bd 0009B00F 		.ascii	"\000\011\260\017\030\262\203\017h\343\027\013\247#\020"
 3087      18B2830F 
 3087      68E3170B 
 3087      A72310
 3088 01cc B340460A 		.ascii	"\263@F\012d\214\220\340g\237\272\311\002\324\361\340"
 3088      648C90E0 
 3088      679FBAC9 
 3088      02D4F1E0 
 3089 01dc FF3C96FC 		.ascii	"\377<\226\374N \311\034O\220\317\262\333\317w\330\242"
 3089      4E20C91C 
 3089      4F90CFB2 
 3089      DBCF77D8 
 3089      A2
 3090 01ed F169607C 		.ascii	"\361i`|\216\000b\352\312\263wY\336@\314l\277\377w\360"
 3090      8E0062EA 
 3090      CAB37759 
 3090      DE40CC6C 
 3090      BFFF77F0 
 3091 0201 7D1DD208 		.ascii	"}\035\322\010\014&\020\017\245\367%\320\3023\202\335"
 3091      0C26100F 
 3091      A5F725D0 
 3091      C23382DD 
 3092 0211 09245DC0 		.ascii	"\011$]\300\201K^\255\356\030a\255U\211\013\352@8\006"
 3092      814B5EAD 
 3092      EE1861AD 
 3092      55890BEA 
ARM GAS  /tmp/ccY5QEIX.s 			page 82


 3092      403806
 3093 0224 08A90768 		.ascii	"\010\251\007h\006hB\372\246k\355-\253c\306\215\033\215"
 3093      066842FA 
 3093      A66BED2D 
 3093      AB63C68D 
 3093      1B8D
 3094 0236 1C06071B 		.ascii	"\034\006\007\033\332nYg\372kg\332\220<\034\006h\005"
 3094      DA6E5967 
 3094      FA6B67DA 
 3094      903C1C06 
 3094      6805
 3095 0248 9D5F02B6 		.ascii	"\235_\002\266\211\002%wbNf\374\342\231\004\216\003\034"
 3095      89022577 
 3095      624E66FC 
 3095      E299048E 
 3095      031C
 3096 025a 8D0261EA 		.ascii	"\215\002a\352\370k%A\357G\0102<\001\320\302\262\227"
 3096      F86B2541 
 3096      EF470832 
 3096      3C01D0C2 
 3096      B297
 3097 026c 98823D7D 		.ascii	"\230\202=}\373b\307\215\033E\241\0276\375\276\261\226"
 3097      FB62C78D 
 3097      1B45A117 
 3097      36FDBEB1 
 3097      96
 3098 027d 91390470 		.ascii	"\2219\004p:\234X\020\030\265c\267\030\344+8\030\201"
 3098      3A9C5810 
 3098      18B563B7 
 3098      18E42B38 
 3098      1881
 3099 028f 60EC6673 		.ascii	"`\354fsv5\000\007h\377i\306\356\024\300I\312\216\254"
 3099      76350007 
 3099      68FF69C6 
 3099      EE14C049 
 3099      CA8EAC
 3100 02a2 036A8DAD 		.ascii	"\003j\215\255\347\037\024\312\243\206\203\341\014\014"
 3100      E71F14CA 
 3100      A38683E1 
 3100      0C0C
 3101 02b0 876F016A 		.ascii	"\207o\001j\317\257\230=\315\354\216z\361\033\262\203"
 3101      CFAF983D 
 3101      CDEC8E7A 
 3101      F11BB283 
 3102 02c0 9159E76F 		.ascii	"\221Y\347o|Kw\230n\323\013T8$\322\006p\236\307F\253"
 3102      7C4B7798 
 3102      6ED30B54 
 3102      3824D206 
 3102      709EC746 
 3103 02d5 40F6A023 		.ascii	"@\366\240#\016\260A\217\026\327>4\215\342\341P\313B"
 3103      0EB0418F 
 3103      16D73E34 
 3103      8DE2E150 
 3103      CB42
 3104 02e7 012E035C 		.ascii	"\001.\003\\\241|\231=\304\247'\317}\337\306<UP'\321"
 3104      A17C993D 
 3104      C4A727CF 
ARM GAS  /tmp/ccY5QEIX.s 			page 83


 3104      7DDFC63C 
 3104      555027D1 
 3105 02fb 179A8A57 		.ascii	"\027\232\212W\251\203\0173\211L\272D&U\242\343\214x"
 3105      A9830F33 
 3105      894CBA44 
 3105      2655A2E3 
 3105      8C78
 3106 030d CEA1829B 		.ascii	"\316\241\202\233\361\221\"\335\000\304\241H\327\001"
 3106      F19122DD 
 3106      00C4A148 
 3106      D701
 3107 031b AE71911A 		.ascii	"\256q\221\032\005r\006x\354a\224^F\351\256a\353bDN\227"
 3107      05720678 
 3107      EC61945E 
 3107      46E9AE61 
 3107      EB62444E 
 3108 0330 9EBB2119 		.ascii	"\236\273!\031\022\030Qv\207\012\320G1\246\246\2073\327"
 3108      12185176 
 3108      870AD047 
 3108      31A6A687 
 3108      33D7
 3109 0342 9151E3C6 		.ascii	"\221Q\343\306E\330\260\027\240\217\331\360.@?\325\210"
 3109      45D8B017 
 3109      A08FD9F0 
 3109      2E403FD5 
 3109      88
 3110 0353 8652DB89 		.ascii	"\206R\333\211\241z\310G\221lh\232\036\206\030\346Y\312"
 3110      A17AC847 
 3110      916C689A 
 3110      1E8618E6 
 3110      59CA
 3111 0365 ED79E13C 		.ascii	"\355y\341<\026Jw\000nG`&\012,\245\306\220\025\"\225"
 3111      164A7700 
 3111      6E476026 
 3111      0A2CA5C6 
 3111      90152295 
 3112 0379 B1E6DCE3 		.ascii	"\261\346\334\343C\246h\311r\237%K\002B\366\225\024d"
 3112      43A668C9 
 3112      729F254B 
 3112      0242F695 
 3112      1464
 3113 038b 03CD956E 		.ascii	"\003\315\225n\236+\037\302\004|\377\000\030F y\214\316"
 3113      9E2B1FC2 
 3113      047CFF00 
 3113      18462079 
 3113      8CCE
 3114 039d E09199D9 		.ascii	"\340\221\231\331\361!\0115\000\230h\010{\004,\277\271"
 3114      F1210935 
 3114      00986808 
 3114      7B042CBF 
 3114      B9
 3115 03ae 857E4A70 		.ascii	"\205~Jp\302 \233\324\2320\201lQ\357\306\2232F\244gp"
 3115      C2209BD4 
 3115      9A30816C 
 3115      51EFC693 
 3115      3246A467 
 3116 03c3 F69D11B4 		.ascii	"\366\235\021\264&\303\024\360\340\363\315\366\271\267"
ARM GAS  /tmp/ccY5QEIX.s 			page 84


 3116      26C314F0 
 3116      E0F3CDF6 
 3116      B9B7
 3117 03d1 62D8F355 		.ascii	"b\330\363U\200\027\300\004\037\211\375\367\317\255x"
 3117      8017C004 
 3117      1F89FDF7 
 3117      CFAD78
 3118 03e0 627B0B99 		.ascii	"b{\013\231\365\372\375\243iT\001V\017D\371E\001^\002"
 3118      F5FAFDA3 
 3118      69540156 
 3118      0F44F945 
 3118      015E02
 3119 03f3 737EE1E5 		.ascii	"s~\341\345\202^\321\260\275_\324\025\233\211u\214\354"
 3119      825ED1B0 
 3119      BD5FD415 
 3119      9B89758C 
 3119      EC
 3120 0404 66FCBA97 		.ascii	"f\374\272\227my\306\351\177\005\036\262\217\365\225"
 3120      6D79C6E9 
 3120      7F051EB2 
 3120      8FF595
 3121 0413 CD5D9461 		.ascii	"\315]\224a\216\364\374l1\304\363\010;q\277w\235\314"
 3121      8EF4FC6C 
 3121      31C4F308 
 3121      3B71BF77 
 3121      9DCC
 3122 0425 86CE1121 		.ascii	"\206\316\021!\203\226\267\227]]\2356U\370\271\264\343"
 3122      8396B797 
 3122      5D5D9D36 
 3122      55F8B9B4 
 3122      E3
 3123 0436 5546E50D 		.ascii	"UF\345\015\233&}&\355\331\336\274\346\254Y\227\033\007"
 3123      9B267D26 
 3123      EDD9DEBC 
 3123      E6AC5997 
 3123      1B07
 3124 0448 6A8267A3 		.ascii	"j\202g\243\340t\255@\011gn)\2147\004\3176\004\237'\252"
 3124      E074AD40 
 3124      09676E29 
 3124      8C3704CF 
 3124      36049F27 
 3125 045d 661C4BEA 		.ascii	"f\034K\352\242\210\177\224\366\231^\2349\333j\266~\017"
 3125      A2887F94 
 3125      F6995E9C 
 3125      39DB6AB6 
 3125      7E0F
 3126 046f 00FFD752 		.ascii	"\000\377\327R\227\325\315$\002s\031,\024a\021\362Y,"
 3126      97D5CD24 
 3126      0273192C 
 3126      146111F2 
 3126      592C
 3127 0481 C21291DE 		.ascii	"\302\022\221\336\316\362\373\207~\210W\244T\360\262"
 3127      CEF2FB87 
 3127      7E8857A4 
 3127      54F0B2
 3128 0490 754B2CAD 		.ascii	"uK,\255j\335\265\321\361\210\271\272v\375\022\233!\330"
 3128      6ADDB5D1 
ARM GAS  /tmp/ccY5QEIX.s 			page 85


 3128      F188B9BA 
 3128      76FD129B 
 3128      21D8
 3129 04a2 5243B065 		.ascii	"RC\260e\\\362\005\333Z:\271I\226\211\260\200\016\361"
 3129      5CF205DB 
 3129      5A3AB949 
 3129      9689B080 
 3129      0EF1
 3130 04b4 CFBE9F25 		.ascii	"\317\276\237%\252&YN;\346\227\371_\200f\222\025\264"
 3130      AA26594E 
 3130      3BE697F9 
 3130      5F806692 
 3130      15B4
 3131 04c6 E76EF6F5 		.ascii	"\347n\366\365\347R\024W\256B\316+9\335\353\305\005\345"
 3131      E7521457 
 3131      AE42CE2B 
 3131      39DDEBC5 
 3131      05E5
 3132 04d8 218C5719 		.ascii	"!\214W\031\214s\251+[\"m\201\317;g\365\014\305\030\203"
 3132      8C73A92B 
 3132      5B226D81 
 3132      CF3B67F5 
 3132      0CC51883 
 3133 04ec 161983F2 		.ascii	"\026\031\203\362DZ!\0202{\341\300\341x6\004\273\326"
 3133      445A2110 
 3133      327BE1C0 
 3133      E1783604 
 3133      BBD6
 3134 04fe 50618E2C 		.ascii	"Pa\216,\257\355\214U\345\315\247\035{\352\016n\2224"
 3134      AFED8C55 
 3134      E5CDA71D 
 3134      7BEA0E6E 
 3134      9234
 3135 0510 79D7D29E 		.ascii	"y\327\322\236^\377\325\206\270(\362\256Gy\327qy\213"
 3135      5EFFD586 
 3135      B828F2AE 
 3135      4779D771 
 3135      798B
 3136 0522 E7561E19 		.ascii	"\347V\036\031a\260^o\260.\320<8\206\234\301D\270\244"
 3136      61B05E6F 
 3136      B02ED03C 
 3136      38869CC1 
 3136      44B8A4
 3137 0535 86FF4872 		.ascii	"\206\377HrK\344Y9\201\364`?\256\216\310clO\261\015a"
 3137      4BE45939 
 3137      81F4603F 
 3137      AE8EC863 
 3137      6C4FB10D 
 3138 054a 7BA5E2BA 		.ascii	"{\245\342\2729\250\326D2\0112\232\264!'g ~\\\264\017"
 3138      39A8D644 
 3138      3209329A 
 3138      B4212767 
 3138      207E5CB4 
 3139 055f 169471AC 		.ascii	"\026\224q\254\022\034\326+A\251\010\207\305(\223JU\361"
 3139      121CD62B 
 3139      41A90887 
 3139      C528934A 
ARM GAS  /tmp/ccY5QEIX.s 			page 86


 3139      55F1
 3140 0571 2F2802AB 		.ascii	"/(\002\253D7P\204V\357\273\300\230*j\272\324\251\242"
 3140      44375084 
 3140      56EFBBC0 
 3140      982A6ABA 
 3140      D4A9A2
 3141 0584 134289DC 		.ascii	"\023B\211\3342 \201\354\314L\377HV\226\012\303\030\321"
 3141      322081EC 
 3141      CC4CFF48 
 3141      56960AC3 
 3141      18D1
 3142 0596 15A23AC3 		.ascii	"\025\242:\303mk\320\205\031\014\243\363\0304L\240Y%"
 3142      6D6BD085 
 3142      190CA3F3 
 3142      18344CA0 
 3142      5925
 3143 05a8 83E6BE14 		.ascii	"\203\346\276\024\206\271\010F}+)\236\313\010\315\024"
 3143      86B90846 
 3143      7D2B299E 
 3143      CB08CD14 
 3144 05b8 61280CF4 		.ascii	"a(\014\364<D\240W\267\346\372G\316\262\301\030(f\002"
 3144      3C44A057 
 3144      B7E6FA47 
 3144      CEB2C118 
 3144      286602
 3145 05cb 698E62CA 		.ascii	"i\216b\312m\026\231^e\232^O\"\345QUoWy}\005;\302\364"
 3145      6D16995E 
 3145      659A5E4F 
 3145      22E55155 
 3145      6F57797D 
 3146 05e3 AA0AC1EC 		.ascii	"\252\012\301\354-\236\027\027\360\023,\211p\217\021"
 3146      2D9E1717 
 3146      F0132C89 
 3146      708F11
 3147 05f2 E2159259 		.ascii	"\342\025\222Yp\200K\263\247\330\357\037\211\013\200"
 3147      70804BB3 
 3147      A7D8EF1F 
 3147      890B80
 3148 0601 47000F19 		.ascii	"G\000\017\031D\253\217]\272\356\003k\212\0271V\005\""
 3148      44AB8F5D 
 3148      BAEE036B 
 3148      8A173156 
 3148      0522
 3149 0613 AC0EE335 		.ascii	"\254\016\3435_\324\275\365B\233\264\267\204!\016\030"
 3149      5FD4BDF5 
 3149      429BB4B7 
 3149      84210E18 
 3150 0623 54721BB8 		.ascii	"Tr\033\270\300S`c\244#T\201/4\374\234B\316b\211\010"
 3150      C0536063 
 3150      A4235481 
 3150      2F34FC9C 
 3150      42CE6289 
 3151 0638 F3797588 		.ascii	"\363yu\210RYz\\l\022C1E\2060'2\371\222\245\035\340\\"
 3151      52597A5C 
 3151      6C124331 
 3151      45863027 
 3151      32F992A5 
ARM GAS  /tmp/ccY5QEIX.s 			page 87


 3152 064f 9801AB41 		.ascii	"\230\001\253A\3074\252\342\334\004\350\210t(\0279_U"
 3152      C734AAE2 
 3152      DC04E888 
 3152      74281739 
 3152      5F55
 3153 0661 3C57849C 		.ascii	"<W\204\234H\305Uy\2064\315\267F\0042G\250\323\347v\021"
 3153      48C55579 
 3153      8634CDB7 
 3153      46043247 
 3153      A8D3E776 
 3154 0676 7032816D 		.ascii	"p2\201m\014\205\005; \302!\021\252E8\"B\245\010\265"
 3154      0C85053B 
 3154      20C22111 
 3154      AA453822 
 3154      42A508B5 
 3155 068a 22948B70 		.ascii	"\"\224\213p@\204*|+B\243\010\025\"4\210\260[\304E+\354"
 3155      40842A7C 
 3155      2B42A308 
 3155      15223488 
 3155      B05BC445 
 3156 06a0 17619F08 		.ascii	"\027a\237\010;E\330%B\0352\021\341 j.\302^\221O\300"
 3156      3B45D825 
 3156      421D3211 
 3156      E1206A2E 
 3156      C25E914F 
 3157 06b5 032F371D 		.ascii	"\003/7\035\211kEW\217\201\222\310\250R%-\325-\367,\314"
 3157      896B4557 
 3157      8F8192C8 
 3157      A852252D 
 3157      D52DF72C 
 3158 06ca BA4F0D8D 		.ascii	"\272O\015\215\327\027s\313\315\023a\226\030\021\301"
 3158      D71773CB 
 3158      CD136196 
 3158      1811C1
 3159 06d9 1305B288 		.ascii	"\023\005\262\210&\270x\371\311\232\2751\243\"t;\372"
 3159      26B878F9 
 3159      C99ABD31 
 3159      A322743B 
 3159      FA
 3160 06ea FFAF1B5D 		.ascii	"\377\257\033]6\027.}!\25338\206`\023\016\002\250\244"
 3160      36172E7D 
 3160      21AB3338 
 3160      8660130E 
 3160      02A8A4
 3161 06fd F2348B21 		.ascii	"\3624\213!sx\007_\341\333X)\352\020\310J\202\213A&\355"
 3161      7378075F 
 3161      E1DB5829 
 3161      EA10C84A 
 3161      828B4126 
 3162 0712 E9E66ABF 		.ascii	"\351\346j\277-|A\206^8)\352\013\262\253\245\345\213"
 3162      2D7C4186 
 3162      5E3829EA 
 3162      0BB2ABA5 
 3162      E58B
 3163 0724 62C20147 		.ascii	"b\302\001G\303\000\305\371\313\006,F\345<e\330\3454"
 3163      C300C5F9 
 3163      CB062C46 
ARM GAS  /tmp/ccY5QEIX.s 			page 88


 3163      E53C65D8 
 3163      E534
 3164 0736 ADF445C8 		.ascii	"\255\364E\310\252\024\333N\306\356i\367\352\225\303"
 3164      AA14DB4E 
 3164      C6EE69F7 
 3164      EA95C3
 3165 0745 A89D13E1 		.ascii	"\250\235\023\341\274A\355hU{\276lP;oPkc\205\332r\360"
 3165      BC41ED68 
 3165      557BBE6C 
 3165      503B6F50 
 3165      6B6385DA 
 3166 075b DEED55F1 		.ascii	"\336\355U\361\264T\032\026n\021\341\270\310\010]`\026"
 3166      B4541A16 
 3166      6E11E1B8 
 3166      C8085D60 
 3166      16
 3167 076c 6E17E192 		.ascii	"n\027\341\222\010\027\251\211(\241\366-\274\204\265"
 3167      0817A989 
 3167      28A1F62D 
 3167      BC84B5
 3168 077b 89709641 		.ascii	"\211p\226A\"\327\361\227zx\300\237\026\2415\014r\300"
 3168      22D7F197 
 3168      7A78C09F 
 3168      16A1350C 
 3168      72C0
 3169 078d 488A8B3D 		.ascii	"H\212\213=j,\237\211 \022T\027\223m2\251$\321&\266\326"
 3169      6A2C9F89 
 3169      20125417 
 3169      936D32A9 
 3169      24D126B6 
 3170 07a2 D3054544 		.ascii	"\323\005ED\237\200\222\365\010\304-.\\\345\023\320\225"
 3170      9F8092F5 
 3170      08C42D2E 
 3170      5CE513D0 
 3170      95
 3171 07b3 A5550D66 		.ascii	"\245U\015fC\361\016\203\3035\016\250\313\231\275\335"
 3171      43F10E83 
 3171      C3350EA8 
 3171      CB99BDDD 
 3172 07c3 6400AE19 		.ascii	"d\000\256\031\200\353\332\014\325(\262\313b"
 3172      80EBDA0C 
 3172      D528B2CB 
 3172      62
 3173 07d0 C2FCEC7F 		.ascii	"\302\374\354\177\233\034$\374E\026_\367f\251;\274\221"
 3173      9B1C24FC 
 3173      45165FF7 
 3173      66A93BBC 
 3173      91
 3174 07e1 A4497DE1 		.ascii	"\244I}\341\027I\033\273}_\3375\275\217K\341\016\246"
 3174      17491BBB 
 3174      7D5FDF35 
 3174      BD8F4BE1 
 3174      0EA6
 3175 07f3 456759D9 		.ascii	"EgY\331B9r\333tWD\014\232\271_\204>\221tk\224\370J\317"
 3175      423972DB 
 3175      7457440C 
 3175      9AB95F84 
ARM GAS  /tmp/ccY5QEIX.s 			page 89


 3175      3E91746B 
 3176 080b 6F21F7D4 		.ascii	"o!\367\324\236\037\"\211\365\225Me\326h+U\234*q\245"
 3176      9E1F2289 
 3176      F5954D65 
 3176      D6682B55 
 3176      9C2A71A5 
 3177 081f FA88CECE 		.ascii	"\372\210\316\316g\263\366=1\0331<\005\036\210@\367\320"
 3177      67B3F63D 
 3177      311B313C 
 3177      051E8840 
 3177      F7D0
 3178 0831 F0446438 		.ascii	"\360Dd8\201\274\240\342X\027\355\332\237\035\313\246"
 3178      81BCA0E2 
 3178      5817EDDA 
 3178      9F1DCBA6 
 3179 0841 494AAFA4 		.ascii	"IJ\257\244\3763\352\261'\"\014\212\360\\\324\007\351"
 3179      FE33EAB1 
 3179      27220C8A 
 3179      F05CD407 
 3179      E9
 3180 0852 4E0D6CCF 		.ascii	"N\015l\317\340\323\322\200\010\275\014\242\257\344\305"
 3180      E0D3D280 
 3180      08BD0CA2 
 3180      AFE4C5
 3181 0861 E1F5A747 		.ascii	"\341\365\247G\204ndv\233\301P\265\247\"\274\300yJ\204"
 3181      846E6476 
 3181      9BC150B5 
 3181      A722BCC0 
 3181      794A84
 3182 0874 676A1005 		.ascii	"gj\020\005J\015b\367\"\211\361\010\331R\250\211\364"
 3182      4A0D62F7 
 3182      2289F108 
 3182      D952A889 
 3182      F4
 3183 0885 304CA4FB 		.ascii	"0L\244\373\034B\346H\324\252\231\373\0276[\243\304\002"
 3183      1C42E648 
 3183      D4AA99FB 
 3183      17365BA3 
 3183      C402
 3184 0897 2E18C0C3 		.ascii	".\030\300\303<\335t)\360<$\243^\031\314\374\204\001"
 3184      3CDD7429 
 3184      F03C24A3 
 3184      5E19CCFC 
 3184      8401
 3185 08a9 BAE66FDE 		.ascii	"\272\346o\336\035gX\214\316b*+\272\016d&\233'a=b\374"
 3185      1D67588C 
 3185      CE622A2B 
 3185      BA0E6426 
 3185      9B27613D 
 3186 08bf 1E9CD8B1 		.ascii	"\036\234\330\261B\012O\271\014\002\263\211\236r\017"
 3186      420A4FB9 
 3186      0C02B389 
 3186      9E720F
 3187 08ce 8F559783 		.ascii	"\217U\227\203\301\016\337h\354\3460v\326\206\274\242"
 3187      C10EDF68 
 3187      ECE63076 
 3187      D686BCA2 
ARM GAS  /tmp/ccY5QEIX.s 			page 90


 3188 08de FAF8716A 		.ascii	"\372\370qj\316\005Z\012\375\314\022\250\351K\0212\015"
 3188      CE055A0A 
 3188      FDCC12A8 
 3188      E94B1132 
 3188      0D
 3189 08ef DE46AEA8 		.ascii	"\336F\256\250V\275%\302M\221q\313\244\334 \233@\026"
 3189      56BD25C2 
 3189      4D9171CB 
 3189      A4DC209B 
 3189      4016
 3190 0901 81B95841 		.ascii	"\201\271XA\211Z\231\217\325\25395\213a\242l\213\232"
 3190      895A998F 
 3190      D5AB3935 
 3190      8B61A26C 
 3190      8B9A
 3191 0913 EB79F2CE 		.ascii	"\353y\362\316!4y\207a\324\031\255\376W\024\201\006\277"
 3191      21347987 
 3191      61D419AD 
 3191      FE571481 
 3191      06BF
 3192 0925 CD10DC99 		.ascii	"\315\020\334\2318K\213\332\316\351\015\234\271yt\216"
 3192      384B8BDA 
 3192      CEE90D9C 
 3192      B979748E 
 3193 0935 20ABD030 		.ascii	" \253\3200\371\022\357\035T\327ffR\244\366\374\000\355"
 3193      F912EF1D 
 3193      54D76666 
 3193      52A4F6FC 
 3193      00ED
 3194 0947 71AABF6A 		.ascii	"q\252\277j\2719Z\314.#4f\227\322\343\212\313\371m\355"
 3194      B9395ACC 
 3194      2E233466 
 3194      97D2E38A 
 3194      CBF96DED 
 3195 095b A2E1812F 		.ascii	"\242\341\201/1\347\000\313\277\000\313\011\303\011\244"
 3195      31E700CB 
 3195      BF00CB09 
 3195      C309A4
 3196 096a 8C197F6D 		.ascii	"\214\031\177m\327\331c!8\\Ei\300\225*\020\227\377\355"
 3196      D7D96321 
 3196      385C4569 
 3196      C0952A10 
 3196      97FFED
 3197 097d 731F6558 		.ascii	"s\037eX\3243\200\243\301\336\030\377\322\011\370\032"
 3197      D43380A3 
 3197      C1DE18FF 
 3197      D209F81A 
 3198 098d 5610584D 		.ascii	"V\020XMt\274\241oS\260\203A\226\023X\022\006a\177B\035"
 3198      74BCA16F 
 3198      53B08341 
 3198      96135812 
 3198      06617F42 
 3199 09a2 9043603E 		.ascii	"\220C`>\355[\315\314\277\012'k\242\235\377\264\252\006"
 3199      ED5BCDCC 
 3199      BF0A276B 
 3199      A29DFFB4 
 3199      AA06
ARM GAS  /tmp/ccY5QEIX.s 			page 91


 3200 09b4 89E38503 		.ascii	"\211\343\205\003\310n\325\002\265@\252\325\333=@Z\324"
 3200      C86ED502 
 3200      B540AAD5 
 3200      DB3D405A 
 3200      D4
 3201 09c5 DB0090CB 		.ascii	"\333\000\220\313\352m\011\220~\365\266\000\310\0134"
 3201      EA6D0990 
 3201      7EF5B600 
 3201      C80B34
 3202 09d4 E77C59B5 		.ascii	"\347|Y\265#\220\\\231\277y\013uo\314\177\222\0215\367"
 3202      23905C99 
 3202      BF790B75 
 3202      6FCC7F92 
 3202      1135F7
 3203 09e7 B7313B96 		.ascii	"\2671;\226R;\266\035\234\267<N\337\201\342\202\177\013"
 3203      523BB61D 
 3203      9CB73C4E 
 3203      DF81E282 
 3203      7F0B
 3204 09f9 E18B9E32 		.ascii	"\341\213\2362\302p8\177\250\024\315\210\336{nAul4\212"
 3204      C270387F 
 3204      A814CD88 
 3204      DE7B6E41 
 3204      756C348A 
 3205 0a0d 01467107 		.ascii	"\001Fq\007\245X\3361\360\324\032JQ\233\311q\002\242"
 3205      A558DE31 
 3205      F0D41A4A 
 3205      519BC971 
 3205      02A2
 3206 0a1f 38816C57 		.ascii	"8\201lW)\016\010\244J\026H\223\372\030\317t\300\316"
 3206      290E08A4 
 3206      4A164893 
 3206      FA18CF74 
 3206      C0CE
 3207 0a31 F3D87949 		.ascii	"\363\330yI\3554\221k2\365\343\363\347\345\2275\252\005"
 3207      ED34916B 
 3207      32F5E3F3 
 3207      E7E59735 
 3207      AA05
 3208 0a43 003FC2C5 		.ascii	"\000?\302\305(\354\243\246\255\"|\232%]8\252\217b-\207"
 3208      28ECA3A6 
 3208      AD227C9A 
 3208      255D38AA 
 3208      8F622D87 
 3209 0a57 8EF5748B 		.ascii	"\216\365t\213\343T\177.l\376\005]zT\021\330O\240\216"
 3209      E3547F2E 
 3209      6CFE055D 
 3209      7A5411D8 
 3209      4FA08E
 3210 0a6a E8E312F4 		.ascii	"\350\343\022\364\005m`A\251\237-z\021S\035\201\341\245"
 3210      056D6041 
 3210      A99F2D7A 
 3210      11531D81 
 3210      E1A5
 3211 0a7c 6CD11DBE 		.ascii	"l\321\035\276.\376\021\354e\210(+\030\352rL\266J\002"
 3211      2EFE11EC 
 3211      6588282B 
ARM GAS  /tmp/ccY5QEIX.s 			page 92


 3211      18EA724C 
 3211      B64A02
 3212 0a8f 1528D201 		.ascii	"\025(\322\001\006C\247\327\022\250!p\220\372\235<B\021"
 3212      0643A7D7 
 3212      12A82170 
 3212      90FA9D3C 
 3212      4211
 3213 0aa1 FD26AED8 		.ascii	"\375&\256\3308\246m\201H\026\231p)\200m\013\266rl\325"
 3213      38A66D81 
 3213      48169970 
 3213      29806D0B 
 3213      B6726CD5 
 3214 0ab5 D81AB0B5 		.ascii	"\330\032\260\265bk\307v\023[\037\266\307&\324mtC\346"
 3214      626BC776 
 3214      135B1FB6 
 3214      C726D46D 
 3214      7443E6
 3215 0ac8 FE4D71AC 		.ascii	"\376Mq\254\024\260\017\3250\247P[l7\341\004j$\350\006"
 3215      14B00FD5 
 3215      30A7505B 
 3215      6C37E104 
 3215      6A24E806 
 3216 0adc 7158341E 		.ascii	"qX4\036!p\030E;\311P(\332y\002\027\010\\\304\245(\316"
 3216      21701845 
 3216      3BC95028 
 3216      DA790217 
 3216      085CC4A5 
 3217 0af2 CD04CE10 		.ascii	"\315\004\316\0208E\340\034\346\271Z\035\002\3633\264"
 3217      3845E01C 
 3217      E6B95A1D 
 3217      02F333B4 
 3218 0b02 ED497318 		.ascii	"\355Is\030\345\"\243~\007\026\352\230\3060\214\261\374"
 3218      E522A37E 
 3218      0716EA98 
 3218      C6308CB1 
 3218      FC
 3219 0b13 0E2CD021 		.ascii	"\016,\320!G#\005T\311\274\334\343\367\307PHk\030DO\272"
 3219      47230554 
 3219      C9BCDCE3 
 3219      F7C75048 
 3219      6B18444F 
 3220 0b28 C03C9DC8 		.ascii	"\300<\235\310\261HY8\344\225F\343D\004\015m\277\245"
 3220      B1485938 
 3220      E49546E3 
 3220      44040D6D 
 3220      BFA5
 3221 0b3a 13391E06 		.ascii	"\0239\036\006\011qc K\307\264Db\324j\366]\346\274V "
 3221      09716320 
 3221      4BC7B444 
 3221      62D46AF6 
 3221      5DE6BC56 
 3222 0b4f CF556FBE 		.ascii	"\317Uo\276\215!z\276\373\356\210h\271\321\301r\343*"
 3222      8D217ABE 
 3222      FBEE8868 
 3222      B9D1C172 
 3222      E32A
 3223 0b61 CD8D7B45 		.ascii	"\315\215{E\2755\346\320\334\270L\340\022\215\264k\204"
ARM GAS  /tmp/ccY5QEIX.s 			page 93


 3223      BD35E6D0 
 3223      DCB84CE0 
 3223      128DB46B 
 3223      84
 3224 0b72 E1049265 		.ascii	"\341\004\222e\026\310\0123zz|m\341\265\363\226QQ\266"
 3224      16C80A33 
 3224      7A7A7C6D 
 3224      E1B5F396 
 3224      5151B6
 3225 0b85 A9AA43C7 		.ascii	"\251\252C\307\340\016\234\300\032:\372&s\347\035\002"
 3225      E00E9CC0 
 3225      1A3AFA26 
 3225      73E71D02 
 3226 0b95 F709F4E2 		.ascii	"\367\011\364\342\374\207%\230@?\201{\004n\023xL\340"
 3226      FC872598 
 3226      403F817B 
 3226      046E1378 
 3226      4CE0
 3227 0ba7 16814E02 		.ascii	"\026\201N\002]8U\020\270\213\213l\002\217\010<$\320"
 3227      5D385510 
 3227      B88B8B6C 
 3227      028F083C 
 3227      24D0
 3228 0bb9 4D60409B 		.ascii	"M`@\233\012J\202{XU\303\375\315.BIjykT\265\201-\301"
 3228      0A4A827B 
 3228      5855C3FD 
 3228      CD2E4249 
 3228      6A796B54 
 3229 0bd1 8218FFDC 		.ascii	"\202\030\377\334\011\230\312\260=\014s\337\360\302\326"
 3229      0998CAB0 
 3229      3D0C73DF 
 3229      F0C2D6
 3230 0be0 A0948B53 		.ascii	"\240\224\213SJ\031\201\255\014\242\025\224.c\236\336"
 3230      4A1981AD 
 3230      0CA21594 
 3230      2E639EDE 
 3231 0bf0 63B05A1F 		.ascii	"c\260Z\037Ff\03516\004y\301\241\016\240\250\257\340"
 3231      46661D31 
 3231      360479C1 
 3231      A10EA0A8 
 3231      AFE0
 3232 0c02 1003856D 		.ascii	"\020\003\205m\2409\241u\006\241`\030\2412c\003\275("
 3232      A039A175 
 3232      06A16018 
 3232      A1326303 
 3232      BD28
 3233 0c14 D8718DD1 		.ascii	"\330q\215\321\371\022n\204\3211\012\372jU\255k\004\256"
 3233      F9126E84 
 3233      D1310AFA 
 3233      6A55AD6B 
 3233      04AE
 3234 0c26 3088E696 		.ascii	"0\210\346\226\220\325g\231\301jS\030\253\"bL\226\371"
 3234      90D56799 
 3234      C16A5318 
 3234      AB22624C 
 3234      96F9
 3235 0c38 C181DBE0 		.ascii	"\301\201\333\340\277\3567\301x\250\017C]4(m3(\025\207"
ARM GAS  /tmp/ccY5QEIX.s 			page 94


 3235      BFEE37C1 
 3235      78A80F43 
 3235      5D34286D 
 3235      33281587 
 3236 0c4c 61368768 		.ascii	"a6\207h\2777\330\241i\2776L\352\374\020\320\332`w\214"
 3236      BF37D8A1 
 3236      69BF364C 
 3236      EAFC10D0 
 3236      DA60778C 
 3237 0c60 7FDE045A 		.ascii	"\177\336\004Zi\3660\020/>\372V\222\212\224\033,\341"
 3237      69F63010 
 3237      2F3EFA56 
 3237      928A941B 
 3237      2CE1
 3238 0c72 EAE78970 		.ascii	"\352\347\211p=B\177m\363e\330\272$\014\263\331\360\375"
 3238      3D427F6D 
 3238      F365D8BA 
 3238      240CB3D9 
 3238      F0FD
 3239 0c84 0E43EC0D 		.ascii	"\016C\354\015ab\027\030\022\005\266\007%\272\236@La"
 3239      61621718 
 3239      1205B607 
 3239      25BA9E40 
 3239      4C61
 3240 0c96 18666308 		.ascii	"\030fc\010f\275\216\331\035\206)7x\255\011V1^\230~\015"
 3240      66BD8ED9 
 3240      1D862937 
 3240      78AD0956 
 3240      315E987E 
 3241 0cab 0CC34B97 		.ascii	"\014\303K\227\261\267\305I\273\305\177\2668\236\177"
 3241      B1B7C549 
 3241      BBC57FB6 
 3241      389E7F
 3242 0cba 5930D01C 		.ascii	"Y0\320\034\354\265P<\316\263\013\011<#\372\304k\324"
 3242      ECB5503C 
 3242      CEB30B09 
 3242      3C23FAC4 
 3242      6BD4
 3243 0ccc 8F7D4129 		.ascii	"\217}A)+c\014s.P\204\226;a'\367c\214)\373\031\313\251"
 3243      2B630C73 
 3243      2E508496 
 3243      3B6127F7 
 3243      638C29FB 
 3244 0ce3 A7040659 		.ascii	"\247\004\006Y\351\336\210y\271\025\333.lU4?\305\334"
 3244      E9DE8879 
 3244      B915DB2E 
 3244      6C55343F 
 3244      C5DC
 3245 0cf5 932DEF84 		.ascii	"\223-\357\204\257\352^\342\274`\254\352\326\370k\016"
 3245      AFEA5EE2 
 3245      BC60ACEA 
 3245      D6F86B0E 
 3246 0d05 841C68BD 		.ascii	"\204\034h\2752\214\352\227\030`\345\374%\313I\310a\253"
 3246      328CEA97 
 3246      1860E5FC 
 3246      25CB49C8 
 3246      61AB
ARM GAS  /tmp/ccY5QEIX.s 			page 95


 3247 0d17 641CB622 		.ascii	"d\034\266\"\200\034BNG\261\235\306v\221q||\275\177\341"
 3247      801C424E 
 3247      47B19DC6 
 3247      7691717C 
 3247      7CBD7FE1 
 3248 0d2b 08ED5C8D 		.ascii	"\010\355\\\215\356j\216o>\335!EY\311fb\261\237\313\231"
 3248      EE6A8E6F 
 3248      3EDD2145 
 3248      59C96662 
 3248      B19FCB99 
 3249 0d3f CCDABCFC 		.ascii	"\314\332\274\374P\010\223L\203I\026er\013\211\017`\033"
 3249      5008934C 
 3249      83491665 
 3249      720B890F 
 3249      601B
 3250 0d51 640C8E0E 		.ascii	"d\014\216\016n\031\032\2669\234/A\216\244\353T\321\227"
 3250      6E191AB6 
 3250      399C2F41 
 3250      8EA4EB54 
 3250      D197
 3251 0d63 51156B50 		.ascii	"Q\025kP\3131\250-` \222a\341+\021\\\317\344[\350\210"
 3251      CB31A82D 
 3251      60209261 
 3251      E12B115C 
 3251      CFE45BE8 
 3252 0d78 A5BBE6E5 		.ascii	"\245\273\346\345\306E\253\212K$Z\0257\260#\337\345\273"
 3252      C645AB8A 
 3252      4B245A15 
 3252      37B023DF 
 3252      E5BB
 3253 0d8a 5A4DA155 		.ascii	"ZM\241Uq\221\204\345\0221K%\206\023H\261E \333\260\355"
 3253      719184E5 
 3253      12314B25 
 3253      861348B1 
 3253      4520DBB0 
 3254 0d9f C65685AD 		.ascii	"\306V\205\255\336\242.\205\324o\272\352\220\325\007"
 3254      DEA22E85 
 3254      D46FBAEA 
 3254      90D507
 3255 0dae 030F7B3B 		.ascii	"\003\017{;la\207ya5s\340Dy\276:O\256\222\240P\032V\007"
 3255      6C618779 
 3255      613573E0 
 3255      4479BE3A 
 3255      4FAE92A0 
 3256 0dc6 A85277CA 		.ascii	"\250Rw\312\367\360\\Am\346\205a\236\206\234T\\\010\226"
 3256      F7F05C41 
 3256      6DE68561 
 3256      9E869C54 
 3256      5C0896
 3257 0dd9 B0E0C495 		.ascii	"\260\340\304\225n\247HA|\231-\300\015\321\250\004m\301"
 3257      6EA74841 
 3257      7C992DC0 
 3257      0DD1A804 
 3257      6DC1
 3258 0deb 6D9C14AE 		.ascii	"m\234\024\256\233q\375\035B\352\206^\232\002\317\312"
 3258      9B71FD1D 
 3258      42EA865E 
ARM GAS  /tmp/ccY5QEIX.s 			page 96


 3258      9A02CFCA 
 3259 0dfb A7D14C40 		.ascii	"\247\321L@\317\317\016\343\326e\024\213\333\2644!\031"
 3259      CFCF0EE3 
 3259      D665148B 
 3259      DBB43421 
 3259      19
 3260 0e0c DCF09E60 		.ascii	"\334\360\236`\314\370^[\200cF9\275\255+\2660Rh\256\331"
 3260      CCF85E5B 
 3260      80634639 
 3260      BDAD2BB6 
 3260      305268AE 
 3261 0e21 DDF26E9E 		.ascii	"\335\362n\236\340Y\022\314\011\003i\307v\024\225\035"
 3261      E05912CC 
 3261      090369C7 
 3261      7614951D 
 3262 0e31 BCD9A1D5 		.ascii	"\274\331\241\325\212\347aB_4\364W\363d\265\004\271\022"
 3262      8AE76142 
 3262      5F34F457 
 3262      F364B504 
 3262      B912
 3263 0e43 FBF2A890 		.ascii	"\373\362\250\220\272\036\326H\260M\202\"\0116IP\"\301"
 3263      BA1ED648 
 3263      B04D8222 
 3263      09364950 
 3263      22C1
 3264 0e55 56090A24 		.ascii	"V\011\012$\310\223\240L\202\015\022\254\223\240X\202"
 3264      C893A04C 
 3264      820D12AC 
 3264      93A05882 
 3265 0e65 5209364B 		.ascii	"R\0116K\020\220`\243\004\333%X+A\276\004[$X/\301\016"
 3265      109060A3 
 3265      04DB2558 
 3265      2B41BE04 
 3265      5B24582F 
 3266 0e7b 493D2CB8 		.ascii	"I=,\270T\036\340\206;-\302\2120I\215\343\272\326\003"
 3266      541EE086 
 3266      3B2DC28A 
 3266      30498DE3 
 3266      BAD603
 3267 0e8e 7CA647C8 		.ascii	"|\246G\310\362H\210\252\314\013\215\320L\011^\204)\023"
 3267      F24888AA 
 3267      CC0B8DD0 
 3267      4C095E84 
 3267      2913
 3268 0ea0 72023BF0 		.ascii	"r\002;\360\\\267]F\244\013T\314\225r\275\026/\013\003"
 3268      5CB75D46 
 3268      A40B54CC 
 3268      9572BD16 
 3268      2F0B03
 3269 0eb3 1519B3CC 		.ascii	"\025\031\263\314\345\340\000\307\\\027\341\212\030\012"
 3269      E5E000C7 
 3269      5C17E18A 
 3269      180A
 3270 0ec1 BA1C721C 		.ascii	"\272\034r\034w\265\274\303B'\232\245\022,f\224\264H"
 3270      77B5BCC3 
 3270      42279AA5 
 3270      122C6694 
ARM GAS  /tmp/ccY5QEIX.s 			page 97


 3270      B448
 3271 0ed3 2F0A099D 		.ascii	"/\012\011\235\241r5t0.fI\021\202\253\007&\345\275\035"
 3271      A1723574 
 3271      302E6649 
 3271      1182AB07 
 3271      26E5BD1D 
 3272 0ee7 9A995646 		.ascii	"\232\231VF\204\263\312\256OW.;\322\347\274,\036\343"
 3272      84B3CAAE 
 3272      4F572E3B 
 3272      D2E7BC2C 
 3272      1EE3
 3273 0ef9 6511ABDD 		.ascii	"e\021\253\335\002f#\255\374\205\034F\366\006\273Yqm"
 3273      026623AD 
 3273      FC851C46 
 3273      F606BB59 
 3273      716D
 3274 0f0b 16612FF3 		.ascii	"\026a/\363\266v\302U\021z\360\031\324X\015E\006\316"
 3274      B676C255 
 3274      117AF019 
 3274      D4580D45 
 3274      06CE
 3275 0f1d 445A090A 		.ascii	"DZ\011\012\032we\205\034,\205`v\322\024ob\345\"\330"
 3275      1A776585 
 3275      1C2C8560 
 3275      76D2146F 
 3275      62E522D8 
 3276 0f31 3F1490A3 		.ascii	"?\024\220\243\225\213rV.&\320/6\002\345\375`\354\350"
 3276      958B7256 
 3276      2E26D02F 
 3276      3602E5FD 
 3276      60ECE8
 3277 0f44 4CFAFC81 		.ascii	"L\372\374\201\033(\012\023\310\031\254\020W\030\271"
 3277      1B280A13 
 3277      C819AC10 
 3277      5718B9
 3278 0f53 9BD587C6 		.ascii	"\233\325\207\306G~+U!\205|+E\272\020}\237\241K\2029"
 3278      477E2B55 
 3278      21857C2B 
 3278      45BA107D 
 3278      9FA14B82 
 3279 0f68 9F44A2F7 		.ascii	"\237D\242\367J\341\337^\342\236\015\310\020\016B\014"
 3279      4AE1DF5E 
 3279      E29E0DC8 
 3279      100E420C 
 3280 0f78 C989A185 		.ascii	"\311\211\241\205\350\273\354\354\206}\370\243_\373\374"
 3280      E8BBECEC 
 3280      867DF8A3 
 3280      5FFBFC
 3281 0f87 0F5916C3 		.ascii	"\017Y\026\303\266\370\245w\357\260\215\323C\177m\356"
 3281      B6F8A577 
 3281      EFB08DD3 
 3281      437F6DEE 
 3282 0f97 6293FE7D 		.ascii	"b\223\376}\345A\011\321t"
 3282      E54109D1 
 3282      74
 3283 0fa0 9720418D 		.ascii	"\227 A\215D\326P\254i\373\242\015Oc\260~!zpeiv\231i"
 3283      44D650AC 
ARM GAS  /tmp/ccY5QEIX.s 			page 98


 3283      69FBA20D 
 3283      4F63B07E 
 3283      217A7065 
 3284 0fb8 2D8EC132 		.ascii	"-\216\3012\201F; \301aIWx\370\324\265_\242q\004\365"
 3284      81463B20 
 3284      C1614957 
 3284      78F8D4B5 
 3284      5FA27104 
 3285 0fcd 0C84440F 		.ascii	"\014\204D\017IpDRWw=\013\371\252\326\004\325\354\365"
 3285      49704452 
 3285      57773D0B 
 3285      F9AAD604 
 3285      D5ECF5
 3286 0fe0 B0A4228D 		.ascii	"\260\244\"\215\250L+\2666l\035L\344\007\313\037gG\371"
 3286      A84C2BB6 
 3286      366C1D4C 
 3286      E407CB1F 
 3286      6747F9
 3287 0ff3 4AAF29CC 		.ascii	"J\257)\314x\235L\3771\250?\260\253"
 3287      789D4CFF 
 3287      31A83FB0 
 3287      AB
 3288 1000 DFFFDFA4 		.ascii	"\337\377\337\244\237\015\337pu\367\305\030+\233\233"
 3288      9F0DDF70 
 3288      75F7C518 
 3288      2B9B9B
 3289 100f 6A67C982 		.ascii	"jg\311\202:7\301\011\011Q8\274E\202\343\022y\310\206"
 3289      3A37C109 
 3289      095138BC 
 3289      4582E312 
 3289      79C886
 3290 1022 FF088713 		.ascii	"\377\010\207\023v\025\310s6\270\371qC\227\215\036|\205"
 3290      7615C873 
 3290      36B8F971 
 3290      43978D1E 
 3290      7C85
 3291 1034 0F3E2321 		.ascii	"\017>#!\006\007\237\226\340\224DfZq\271l\245\360\354"
 3291      06079F96 
 3291      E0944466 
 3291      5A71B96C 
 3291      A5F0EC
 3292 1047 95EDCD10 		.ascii	"\225\355\315\020\011?\037\006_\210\360U\014\236S\360"
 3292      093F1F06 
 3292      5F88F055 
 3292      0C9E53F0 
 3293 1057 B2CB1C09 		.ascii	"\262\313\034\011o\017\203\257Gx1\203?+\352\356\220\""
 3293      6F0F83AF 
 3293      47783183 
 3293      3F2BEAEE 
 3293      9022
 3294 1069 4FE12E4B 		.ascii	"O\341.K\241\247p\333\021\036d\360\247gVn\216\215\244"
 3294      A1A770DB 
 3294      111E64F0 
 3294      A767566E 
 3294      8E8DA4
 3295 107c DE11467D 		.ascii	"\336\021F}?\302\353\254\352\256]\316#\3574\007J\312"
 3295      3FC2EBAC 
ARM GAS  /tmp/ccY5QEIX.s 			page 99


 3295      EAAE5DCE 
 3295      23EF3407 
 3295      4ACA
 3296 108e 2DC3A62D 		.ascii	"-\303\246-\2441\270\256b\313QS\036R\262\301Y\011NJ\320"
 3296      A431B8AE 
 3296      62CB5153 
 3296      1E52B2C1 
 3296      59094E4A 
 3297 10a3 2D453D3E 		.ascii	"-E=>\277t\216\3451z\266\212ax,\204~K4p`wJ\011\206\321"
 3297      BF748EE5 
 3297      317AB68A 
 3297      61782C84 
 3297      7E4B3470 
 3298 10bd 352C3961 		.ascii	"5,9adh\030\275\012-\3557%\232\376p\203\241P\344\373"
 3298      646818BD 
 3298      0A2DED37 
 3298      259AFE70 
 3298      83A150E4 
 3299 10d2 127449D0 		.ascii	"\022tI\320+A\237\004wq\272\223\340\201\004\003\022\334"
 3299      2B419F04 
 3299      7771BA93 
 3299      E0810403 
 3299      12DC
 3300 10e4 96A05F82 		.ascii	"\226\240_\202N\011\356I\320#\301\035-\326\256\354a\323"
 3300      4E09EE49 
 3300      D023C11D 
 3300      2DD6AEEC 
 3300      61D3
 3301 10f6 5A254619 		.ascii	"Z%F\031#\021\255\356\266\353\3626\206\311klZ\007\272"
 3301      2311ADEE 
 3301      B6EBF236 
 3301      86C96B6C 
 3301      5A07BA
 3302 1109 77B175E2 		.ascii	"w\261u\342n\011v1\310\260\2454U\251f7\343tE\202Ka\234"
 3302      6E097631 
 3302      C8B0A534 
 3302      55A96637 
 3302      E3744582 
 3303 1120 42CEAF1A 		.ascii	"B\316\257\032+\230\326\027%\270\020i<\365`Y\227\245"
 3303      2B98D617 
 3303      25B81069 
 3303      3CF56059 
 3303      97A5
 3304 1132 214C96E7 		.ascii	"!L\226\347\006\243\243\334vm\022\234\213\244\302\215"
 3304      06A3A3DC 
 3304      766D129C 
 3304      8BA4C28D 
 3305 1142 1738C627 		.ascii	"\0278\306'\245f\011\216\206\011\023\362\335\317\345"
 3305      A566098E 
 3305      860913F2 
 3305      DDCFE5
 3306 1151 534CDE7D 		.ascii	"SL\336}XC#-\303!\325\234S\253\004\327#\274\304Kvs\205"
 3306      5843232D 
 3306      C321D59C 
 3306      53AB04D7 
 3306      23BCC44B 
 3307 1168 DF2FDB28 		.ascii	"\337/\333(\342X\244,\233\331\367\272\025\313\367\345"
ARM GAS  /tmp/ccY5QEIX.s 			page 100


 3307      E258A42C 
 3307      9BD9F7BA 
 3307      15CBF7E5 
 3308 1178 84ACFA42 		.ascii	"\204\254\372B8=\344\313\302\356\274\223G\242\376\332"
 3308      383DE4CB 
 3308      C2EEBC93 
 3308      47A2FEDA 
 3309 1188 E711ABB3 		.ascii	"\347\021\253\263\273\371q\265\314\342s<]F\226\372gI"
 3309      BBF971B5 
 3309      CCE2733C 
 3309      5D4696FA 
 3309      6749
 3310 119a A14BB427 		.ascii	"\241K\264'\022<FR0(\2611\224\346\215K;\363\243\036\333"
 3310      123C4652 
 3310      3028B131 
 3310      94E68D4B 
 3310      3BF3A31E 
 3311 11af 3D65348F 		.ascii	"=e4\217\363\263\3618F\263\233}i_\264\2605&\224\350s"
 3311      F3B3F138 
 3311      46B39B7D 
 3311      695FB4B0 
 3311      352694E8 
 3312 11c4 099E51A2 		.ascii	"\011\236Q\242C\022\033D1\353\037\356n\010YE\017\031"
 3312      43121B44 
 3312      31EB1FEE 
 3312      6E085945 
 3312      0F19
 3313 11d6 9ABCE080 		.ascii	"\232\274\340\200\322\033\373/\333\320~\364\234Xr\000"
 3313      D21BFB2F 
 3313      DBD07EF4 
 3313      9C587200 
 3314 11e6 FAE827F8 		.ascii	"\372\350'\370\307*|E\204\321~\321/\232\034D\264\022"
 3314      C72A7C45 
 3314      84D17ED1 
 3314      2F9A1C44 
 3314      B412
 3315 11f8 2B71581B 		.ascii	"+qX\033\341\235\361\017\311'\026q\374\010\253\245\244"
 3315      E19DF10F 
 3315      C9271671 
 3315      FC08ABA5 
 3315      A4
 3316 1209 1E465A65 		.ascii	"\036FZe\213(v\233\035\326\361\317`\233X`\032\373\211"
 3316      8B28769B 
 3316      1DD6F1CF 
 3316      609B5860 
 3316      1AFB89
 3317 121c 5F72E47C 		.ascii	"_r\344|\247\333\354\027\027\377r\364\207\237\340\337"
 3317      A7DBEC17 
 3317      17FF72F4 
 3317      879FE0DF 
 3318 122c 6E732338 		.ascii	"ns#8p\324\257%\313H\274\3536[\037\222\202\005&\307q"
 3318      70D4AF25 
 3318      CB48BCEB 
 3318      365B1F92 
 3318      820526C7 
 3319 1241 31EB7D5C 		.ascii	"1\353}\\\344Z\035\223\350\376\343\023\213\345\235\021"
 3319      E45A1D93 
ARM GAS  /tmp/ccY5QEIX.s 			page 101


 3319      E8FEE313 
 3319      8BE59D11 
 3320 1251 75A48E7C 		.ascii	"u\244\216|&\010\026K`\373w\254\335\346\021Hb\274c\354"
 3320      2608164B 
 3320      60FB77AC 
 3320      DDE61148 
 3320      62BC63EC 
 3321 1265 48C7D811 		.ascii	"H\307\330\021\215 ;\034\326\321\343\005\024\3021i\322"
 3321      8D203B1C 
 3321      D6D1E305 
 3321      14C23169 
 3321      D2
 3322 1276 27A21529 		.ascii	"'\242\025)K\226F\230D\3006\311\177\355\316[V\331\032"
 3322      4B964698 
 3322      44C036C9 
 3322      7FEDCE5B 
 3322      56D91A
 3323 1289 F3CED8F1 		.ascii	"\363\316\330\361\202\340\020>\023\351\342Y\237O\300"
 3323      82E0103E 
 3323      13E9E259 
 3323      9F4FC0
 3324 1298 8C3C1DC6 		.ascii	"\214<\035\306#\300x\2538I$\237w\233\005A\024\307b\306"
 3324      23C078AB 
 3324      3849249F 
 3324      779B0541 
 3324      14C762C6 
 3325 12ac 49169B0D 		.ascii	"I\026\233\015\013\257d\211Q>w\374z\222U\3506\213\370"
 3325      0BAF6489 
 3325      513E77FC 
 3325      7A9255E8 
 3325      368BF8
 3326 12bf 6A34FBFD 		.ascii	"j4\373\375\2061\322\212\263\016\234\370OLl\366\217\376"
 3326      8631D28A 
 3326      B30E9CF8 
 3326      4F4C6CF6 
 3326      8FFE
 3327 12d1 01F50FD0 		.ascii	"\001\365\017\320G\340?\030\325\330\260~\272\003\020"
 3327      47E03F18 
 3327      D5D8B07E 
 3327      BA0310
 3328 12e0 553485F0 		.ascii	"U4\205\360^\375\242\336S\200\250\322\321~\356\006|\214"
 3328      5EFDA2DE 
 3328      5380A8D2 
 3328      D17EEE06 
 3328      7C8C
 3329 12f2 CA84FE0D 		.ascii	"\312\204\376\015!\256C@\205ht\370\030\025\240\217Uo"
 3329      21AE4340 
 3329      856874F8 
 3329      1815A08F 
 3329      556F
 3330 1304 290F0616 		.ascii	")\017\006\026C\307\260qa\202\033$\005\235\254&\222\300"
 3330      43C7B071 
 3330      61821B24 
 3330      059DAC26 
 3330      92C0
 3331 1316 1F68601D 		.ascii	"\037h`\0358\377\207N:Q\367\366\357\252\211\205\221\213"
 3331      38FF874E 
ARM GAS  /tmp/ccY5QEIX.s 			page 102


 3331      3A51F7F6 
 3331      EFAA8985 
 3331      918B
 3332 1328 3F1180CC 		.ascii	"?\021\200\314\215\025\310\302Xvn|\375\354\277\320P\234"
 3332      8D15C8C2 
 3332      58766E7C 
 3332      FDECBFD0 
 3332      509C
 3333 133a 290BD1BE 		.ascii	")\013\321\276O\012\373\025D\006\026pq\177eE\241YE\314"
 3333      4F0AFB15 
 3333      44061670 
 3333      717F6545 
 3333      A15945CC 
 3334 134e A61DEB5E 		.ascii	"\246\035\353^\275\352\226\265\335\332\034\332s\356Y"
 3334      BDEA96B5 
 3334      DDDA1CDA 
 3334      73EE59
 3335 135d 516DB45F 		.ascii	"Qm\264_md\342,1\227\363y^\177\352\214\355\275\334\\"
 3335      6D64E22C 
 3335      3197F379 
 3335      5E7FEA8C 
 3335      EDBDDC5C 
 3336 1371 FFE0F97D 		.ascii	"\377\340\371}=\375\362\242\302{\376\331V\013\"\300/"
 3336      3DFDF2A2 
 3336      C27BFED9 
 3336      560B22C0 
 3336      2F
 3337 1382 B35D18D0 		.ascii	"\263]\030\320)\305O\247\025\011^J\237\267\277M:\276"
 3337      29C54FA7 
 3337      15095E4A 
 3337      9FB7BF4D 
 3337      3ABE
 3338 1394 8DBCA543 		.ascii	"\215\274\245C3\217\020\365y>\225e\315\374\222\0056\265"
 3338      338F10F5 
 3338      793E9565 
 3338      CDFC9205 
 3338      36B5
 3339 13a6 23877654 		.ascii	"#\207vTl\275!i\322.\240\035\355/\036g\305G\221v\021"
 3339      6CBD2169 
 3339      D22EA01D 
 3339      ED2F1E67 
 3339      C5479176 
 3340 13bb 325FC8B9 		.ascii	"2_\310\271\024\224\224\224\333\336\313\317\365\007\252"
 3340      14949494 
 3340      DBDECBCF 
 3340      F507AA
 3341 13ca 32320B46 		.ascii	"22\013F\316B0.ie\310Ve\235\207\320l]\326\274\267IO4"
 3341      CE42302E 
 3341      6965C856 
 3341      659D87D0 
 3341      6C5DD6BC 
 3342 13e2 5973B677 		.ascii	"Ys\266w\346\211\214J\233A\0055^\242RY\212\024\226\350"
 3342      E6898C4A 
 3342      9B410535 
 3342      5EA25259 
 3342      8A1496E8 
 3343 13f6 542E8D21 		.ascii	"T.\215!\367\377R\215WR}\346\354?\364\221\366;\233U\264"
ARM GAS  /tmp/ccY5QEIX.s 			page 103


 3343      F7FF528D 
 3343      57527DE6 
 3343      EC3FF491 
 3343      F63B9B55 
 3344 140b E3D2FAA2 		.ascii	"\343\322\372\242;\261\232\312\271\264\347\342\263\242"
 3344      3BB19ACA 
 3344      B9B4E7E2 
 3344      B3A2
 3345 1419 7923A2A8 		.ascii	"y#\242\250\274\006\271\257\346l*7\266\345\310\324A\201"
 3345      BC06B9AF 
 3345      E66C2A37 
 3345      B6E5C8D4 
 3345      4181
 3346 142b A786B06B 		.ascii	"\247\206\260kdX\256\012\273\002\241\313ua\013\307\220"
 3346      6458AE0A 
 3346      BB02A1CB 
 3346      75610BC7 
 3346      90
 3347 143c 67DF46D8 		.ascii	"g\337F\330\326\376\301\271D\023e\235\314\026\035+6\220"
 3347      D6FEC1B9 
 3347      4413659D 
 3347      CC161D2B 
 3347      3690
 3348 144e 28A21420 		.ascii	"(\242\024 \355\365\234\310\202\003U-\204\331m\341\034"
 3348      EDF59CC8 
 3348      8203552D 
 3348      84D96DE1 
 3348      1C
 3349 145f 5D940219 		.ascii	"]\224\002\031\362UQ\326\"4_\027e\350-\222a\373KE)\222"
 3349      F25551D6 
 3349      22345F17 
 3349      65E82D92 
 3349      61FB4B45 
 3350 1475 C97C3668 		.ascii	"\311|6hs\326\241m\261Q~\030\004\233e\343\247AOO\335"
 3350      73D6A16D 
 3350      B1517E18 
 3350      049B65E3 
 3350      A7414F4F 
 3351 148a 5C27EA32 		.ascii	"\\'\3522\027\313\272\320%(\305&\316\356\310\331\307"
 3351      17CBBAD0 
 3351      2528C526 
 3351      CEEEC8D9 
 3351      C7
 3352 149b 6D23A8FD 		.ascii	"m#\250\375\006J6\315]\370I+]$\003\002`\243*u!b7\352"
 3352      064A36CD 
 3352      5DF8492B 
 3352      5D240302 
 3352      60A32A75 
 3353 14b3 5297BD45 		.ascii	"R\227\275E\226E\223\372\364\223G\235\346\360\223\012"
 3353      964593FA 
 3353      F493479D 
 3353      E6F0930A 
 3354 14c3 5CAE6C93 		.ascii	"\\\256l\223\365\223\212\315\201e\363C~\376\204o\264"
 3354      F5938ACD 
 3354      8165F343 
 3354      7EFE846F 
 3354      B4
ARM GAS  /tmp/ccY5QEIX.s 			page 104


 3355 14d4 79A38C53 		.ascii	"y\243\214S8VXy\322\312\364,\223\231\342\0255\253*e\325"
 3355      38565879 
 3355      D2CAF42C 
 3355      9399E215 
 3355      35AB2A65 
 3356 14e9 10DBA90B 		.ascii	"\020\333\251\013nwt\254\324-\261\203\366\024\036\317"
 3356      6E7774AC 
 3356      D42DB183 
 3356      F6141ECF 
 3357 14f9 8896BF3B 		.ascii	"\210\226\277;Q\334\000\247\232}~\311@,S\257e\323=\277"
 3357      51DC00A7 
 3357      9A7D7EC9 
 3357      402C53AF 
 3357      65D33DBF 
 3358 150d 54422707 		.ascii	"TB'\007|\017[U\355J\021\272U\327\356\321\233$?\232v"
 3358      7C0F5B55 
 3358      ED4A11BA 
 3358      55D7EED1 
 3358      9B243F9A 
 3359 1522 D78F7556 		.ascii	"\327\217uV\233\231go\207y\266\\\245\262\033)\224\353"
 3359      9B99676F 
 3359      8779B65C 
 3359      A5B21B29 
 3359      94EB
 3360 1534 544EBC49 		.ascii	"TN\274I6\333\004\262\215Q\352\351>s\221\236\021A%\375"
 3360      36DB04B2 
 3360      8D51EAE9 
 3360      3E73919E 
 3360      114125FD 
 3361 1548 417390F5 		.ascii	"As\220\365\235\315\276\227Is\033\366\342\230=2\331\307"
 3361      9DCDBE97 
 3361      49731BF6 
 3361      E2983D32 
 3361      D9C7
 3362 155a 7A7B7B5B 		.ascii	"z{{[Z-\264w?\366\356\243\352\225.\177\234\031\253\212"
 3362      5A2DB477 
 3362      3FF6EEA3 
 3362      EA952E7F 
 3362      9C19AB8A 
 3363 156e 0155B4E7 		.ascii	"\001U\264\347~M\345J\351\275=\250\316\320a\246N\355"
 3363      7E4DE54A 
 3363      E9BD3DA8 
 3363      CED061A6 
 3363      4EED
 3364 1580 CC5A5B95 		.ascii	"\314Z[\225L\277\034\257Pe\251Fl\205.K\305\233\244\356"
 3364      4CBF1CAF 
 3364      5065A946 
 3364      6C852E4B 
 3364      C59BA4EE 
 3365 1594 DB445968 		.ascii	"\333DYhv\036\244\234j\362wm0G\261m=\222\256\3434\312"
 3365      761EA49C 
 3365      6AF2776D 
 3365      3047B16D 
 3365      3D92AEE3 
 3366 15aa 9EAD3B62 		.ascii	"\236\255;bc\302\344\026\353\266\255\227\241F\225\244"
 3366      63C2E416 
 3366      EBB6AD97 
ARM GAS  /tmp/ccY5QEIX.s 			page 105


 3366      A14695A4 
 3367 15ba 16A135BA 		.ascii	"\026\2415\272$\013\336$\215\321$\351\235\275\364\256"
 3367      240BDE24 
 3367      8DD124E9 
 3367      9DBDF4AE 
 3368 15ca 290AA306 		.ascii	")\012\243\006Y\373\366\367\345\253\241\246xf\375\355"
 3368      59FBF6F7 
 3368      E5ABA1A6 
 3368      7866FDED 
 3369 15da 99BAF51B 		.ascii	"\231\272\365\033d8\254\3629\202\310\303:\237\231o\222"
 3369      6438ACF2 
 3369      3982C8C3 
 3369      3A9F996F 
 3369      92
 3370 15eb 56C6A7F5 		.ascii	"V\306\247\365V_-a\256\257i\370=\027\356\225\010G\325"
 3370      565F2D61 
 3370      AEAF69F8 
 3370      3D17EE95 
 3370      0847D5
 3371 15fe 9014F04E 		.ascii	"\220\024\360N\033\362\364;\344\006:\354\011\033\266"
 3371      1BF2F43B 
 3371      E4063AEC 
 3371      091BB6
 3372 160d F4C19346 		.ascii	"\364\301\223FS\224\237F\313a?\215\026\363j\366\026\363"
 3372      53949F46 
 3372      CB613F8D 
 3372      16F36AF6 
 3372      16F3
 3373 161f FA7C9C87 		.ascii	"\372|\234\207k\365\215\371\001\023\353\370\022ZX}\273"
 3373      6BF58DF9 
 3373      0113EBF8 
 3373      125A587D 
 3373      BB
 3374 1630 DB710634 		.ascii	"\333q\0064\304\011\332S\326\321r\301\242\253:EW\365"
 3374      C409DA53 
 3374      D6D172C1 
 3374      A2AB3A45 
 3374      57F5
 3375 1642 244AD2CA 		.ascii	"$J\322\312\255Q\277\243\313\364^.\3563\206\272\256\325"
 3375      AD51BFA3 
 3375      CBF45E2E 
 3375      EE3386BA 
 3375      AED5
 3376 1654 8C3B9851 		.ascii	"\214;\230Q0\036\337B\263.t3\375\215\273@\002q\024\034"
 3376      301EDF42 
 3376      B32E7433 
 3376      FD8DBB40 
 3376      0271141C 
 3377 1668 C8EB6C32 		.ascii	"\310\353l2\253qD\2377nZw*F\213\2403r4)\317\\l>!\251"
 3377      AB71449F 
 3377      376E5A77 
 3377      2A468BA0 
 3377      33723429 
 3378 1682 7E3E4711 		.ascii	"~>G\021C\335+7\312\352\217\005\317\263I1#\347q\374\273"
 3378      43DD2B37 
 3378      CAEA8F05 
 3378      CFB34931 
ARM GAS  /tmp/ccY5QEIX.s 			page 106


 3378      23E771FC 
 3379 1697 95716CDD 		.ascii	"\225ql\335Z\275\272\247\234\303/\310\002\331\313\270"
 3379      5ABDBAA7 
 3379      9CC32FC8 
 3379      02D9CBB8 
 3380 16a7 DE5BFF60 		.ascii	"\336[\377`3U\024.\312\320\216\275\007Yo\351\252\242"
 3380      3355142E 
 3380      CAD08EBD 
 3380      07596FE9 
 3380      AAA2
 3381 16b9 5626CB65 		.ascii	"V&\313e\344}\211\022\232\273\352\334,\353pm\341\012"
 3381      E47D8912 
 3381      9ABBEADC 
 3381      2CEB706D 
 3381      E10A
 3382 16cb BEBE8AAD 		.ascii	"\276\276\212\255\215\213|\373\322\253&x/7\313\277gW"
 3382      8D8B7CFB 
 3382      D2AB2678 
 3382      2F37CBBF 
 3382      6757
 3383 16dd FFEA6C73 		.ascii	"\377\352ls\001F4\375V\340\252\014\247U\357\236E\360"
 3383      014634FD 
 3383      56E0AA0C 
 3383      A755EF9E 
 3383      45F0
 3384 16ef 69AE7557 		.ascii	"i\256uW\234@\372\030\267\331\007\216\315a\031t\235\223"
 3384      9C40FA18 
 3384      B7D9078E 
 3384      CD611974 
 3384      9D93
 3385 1701 399977EC 		.ascii	"9\231w\354\236\244f\031\334\240\334\357\3549t\326\252"
 3385      9EA46619 
 3385      DCA0DCEF 
 3385      EC3974D6 
 3385      AA
 3386 1712 E5D84DDA 		.ascii	"\345\330M\332\223\337\037\004\3158\267dr\237\021\252"
 3386      93DF1F04 
 3386      CD38B764 
 3386      729F11AA 
 3387 1722 AC3E1C60 		.ascii	"\254>\034`)\326\305\011\015\254\177\334l\033~\202\013"
 3387      29D6C509 
 3387      0DAC7FDC 
 3387      6C1B7E82 
 3387      0B
 3388 1733 DD38A447 		.ascii	"\3358\244G\217\307\233\333\262'\277\267'\313?\270\362"
 3388      8FC79BDB 
 3388      B227BFB7 
 3388      27CB3FB8 
 3388      F2
 3389 1744 FE859D63 		.ascii	"\376\205\235c\362\375u\263\3746\334d\364\310pM\225\271"
 3389      F2FD75B3 
 3389      FC36DC64 
 3389      F4C8704D 
 3389      95B9
 3390 1756 13B1D7B8 		.ascii	"\023\261\327\270\314\033\342Y\225=\177dG\2146\331Q?"
 3390      CC1BE259 
 3390      953D7F64 
ARM GAS  /tmp/ccY5QEIX.s 			page 107


 3390      478C36D9 
 3390      513F
 3391 1768 54DEDDB9 		.ascii	"T\336\335\271?\202\017\276\356\303\221\275\\\224\206"
 3391      3F820FBE 
 3391      EEC391BD 
 3391      5C9486
 3392 1777 65033C14 		.ascii	"e\003<\024*\036,y2\226\205B\237\014w\364P\270#\253+"
 3392      2A1E2C79 
 3392      32968542 
 3392      9F0C77F4 
 3392      50B823AB 
 3393 178c A78ACE35 		.ascii	"\247\212\3165\353B~\240}\322(\255weu&(\177\271\2657"
 3393      EB427EA0 
 3393      7DD228AD 
 3393      77657526 
 3393      287FB9B5 
 3394 17a1 64D57ED5 		.ascii	"d\325~\325\200\014pfg\312\333\036\307\031\200>\003p"
 3394      800C7066 
 3394      67CADB1E 
 3394      C719803E 
 3394      0370
 3395 17b3 8F030AB3 		.ascii	"\217\003\012\263f~a\274\0374\226\375\367\371\373\316"
 3395      667E61BC 
 3395      1F3496FD 
 3395      F7F9FBCE 
 3396 17c3 8A9AFA90 		.ascii	"\212\232\372\220\035N\217A\340\001\007\\m"
 3396      1D4E8F41 
 3396      E001075C 
 3396      6D
 3397 17d0 3F536A7E 		.ascii	"?Sj~\253\340\365\226\025$E\361&Y\224\324\311^\237\335"
 3397      ABE0F596 
 3397      152445F1 
 3397      265994D4 
 3397      C95E9FDD 
 3398 17e4 E7342B4A 		.ascii	"\3474+J\242'\335\355\373\033_\262+\315\241L\263\247"
 3398      A227DDED 
 3398      FB1B5FB2 
 3398      2BCDA14C 
 3398      B3A7
 3399 17f6 F966247C 		.ascii	"\371f$|\232\354\232\354\372\325o\022<\336\204\257\355"
 3399      9AEC9AEC 
 3399      FAD56F12 
 3399      3CDE84AF 
 3399      ED
 3400 1807 692E4FBA 		.ascii	"i.O\2727\301;\303\233hOI\361~\220h\371\371/\177;\366"
 3400      37C13BC3 
 3400      9B684F49 
 3400      F17E9068 
 3400      F9F92F7F 
 3401 181d D3891F0B 		.ascii	"\323\211\037\013\243\215\276\017&N\3708\351\243\017"
 3401      A38DBE0F 
 3401      264EF838 
 3401      E9A30F
 3402 182c FFF14301 		.ascii	"\377\361C\001\351}mOIw\232\024ezb\362d\231]L\323]n\237"
 3402      E97D6D4F 
 3402      49779A14 
 3402      657A62F2 
ARM GAS  /tmp/ccY5QEIX.s 			page 108


 3402      64995D4C 
 3403 1844 E27B3721 		.ascii	"\342{7!\335\233\226\340r'\246\244;\234\011n\347\364"
 3403      DD9B96E0 
 3403      7227A6A4 
 3403      3B9C096E 
 3403      E7F4
 3404 1856 14D7644A 		.ascii	"\024\327dJ8A\361\315\230\346\364~\220,X5\261\024\237"
 3404      3841F1CD 
 3404      98E6F47E 
 3404      902C5835 
 3404      B1149F
 3405 1869 ACA47812 		.ascii	"\254\244x\022\247Z\224$z\241\217\016\273\317nR\322\234"
 3405      A75A9424 
 3405      7AA18F0E 
 3405      BBCF6E52 
 3405      D29C
 3406 187b 4EB7CFAC 		.ascii	"N\267\317\254x\222\222\274N\237\211^\025\237E\231\234"
 3406      789292BC 
 3406      4E9F895E 
 3406      159F4599 
 3406      9C
 3407 188c 32D5EBFA 		.ascii	"2\325\353\372\203\223()\310\221\336\311\312d\273\227"
 3407      83932829 
 3407      C891DEC9 
 3407      CA64BB97 
 3408 189c 0AE19D9C 		.ascii	"\012\341\235\234\2364\366u|\0311d++n\204\311J:\376%"
 3408      9E34F675 
 3408      7C193164 
 3408      2B2B6E84 
 3408      C94A3AFE 
 3409 18b1 4A7A1AB6 		.ascii	"Jz\032\266i\330&\233\224\304\024\217\027\211y\235\316"
 3409      69D8269B 
 3409      94C4148F 
 3409      1789799D 
 3409      CE
 3410 18c2 A9662569 		.ascii	"\251f%i\232\307\253 \323\351i.\237SJL\266\247\311(\217"
 3410      9AC7AB20 
 3410      D3E9692E 
 3410      9F534A4C 
 3410      B6A7C928 
 3411 18d7 DD614613 		.ascii	"\335aF\023z\246\272\234\026d\237\304\345\230\214\324"
 3411      7AA6BA9C 
 3411      16649FC4 
 3411      E5988CD4 
 3412 18e7 925C2928 		.ascii	"\222\\)(AR\212}\212WT\246\213J\232\250LC\363x?\373\267"
 3412      41528A7D 
 3412      8A5754A6 
 3412      8B4A9AA8 
 3412      4C43F378 
 3413 18fe 2FFEC5CC 		.ascii	"/\376\305\314\373'\241\204\374Q\361NA\253\311\212\313"
 3413      FB27A184 
 3413      FC51F14E 
 3413      41ABC98A 
 3413      CB
 3414 190f 33D96B52 		.ascii	"3\331kR\334\364\202R9\277A\305\351\213\030\324j\212"
 3414      DCF48252 
 3414      39BF41C5 
ARM GAS  /tmp/ccY5QEIX.s 			page 109


 3414      E98B18D4 
 3414      6A8A
 3415 1921 9294EE4E 		.ascii	"\222\224\356N\264(h\236o\\\276\011q\212\307\255\320"
 3415      B428689E 
 3415      6F5CBE09 
 3415      718AC7AD 
 3415      D0
 3416 1932 3BC59E36 		.ascii	";\305\2366\305kV\\^%\361\033;R\372\355\027\036\367\024"
 3416      C56B565C 
 3416      5E25F11B 
 3416      3B52FAED 
 3416      171EF714 
 3417 1946 349C9B59 		.ascii	"4\234\233Y5Vqx=J\262\335\355HAg'\271)X\302+\376q\271"
 3417      35567178 
 3417      3D4AB2DD 
 3417      ED484167 
 3417      27B92958 
 3418 195f 51744E4D 		.ascii	"QtNMB^\323\315J\272;\335\353tX\024w*\372\325\223hb\022"
 3418      425ED3CD 
 3418      4ABA3BDD 
 3418      EB745814 
 3418      772AFAD5 
 3419 1977 60B0242B 		.ascii	"`\260$+\316\2644\267g$:\323\233\346\363\240\223\024"
 3419      CEB434B7 
 3419      67243AD3 
 3419      9BE6F3A0 
 3419      9314
 3420 1989 E6A678EC 		.ascii	"\346\246x\354`\317\374q$u\037>#J{\237:\231=\363\307"
 3420      60CFFC71 
 3420      24751F3E 
 3420      234A7B9F 
 3420      3A993DF3 
 3421 199e 38FA98E2 		.ascii	"8\372\230\342t\363'\2332\305\351sPg#\361X\252\240\333"
 3421      74F3279B 
 3421      32C5E973 
 3421      506723F1 
 3421      58AAA0DB 
 3422 19b2 9EA2A00B 		.ascii	"\236\242\240\013b\224\224\237|d\247wqH\337 O\207\033"
 3422      6294949F 
 3422      7C64A777 
 3422      7148DF20 
 3422      4F871B
 3423 19c5 C46CF8A4 		.ascii	"\304l\370\244\323\222\224\264\217~*)v\207CVR\323S|\314"
 3423      D39294B4 
 3423      8F7E2A29 
 3423      76874356 
 3423      52D3537C 
 3424 19da 65A85D1A 		.ascii	"e\250]\032\352\375\321O\255\354\312\224\211W\246\330"
 3424      EAFDD14F 
 3424      ADECCA94 
 3424      8957A6D8 
 3425 19ea 5353ED8C 		.ascii	"SS\355\214\033\336\305\323(\263\247\370\\\251N\312\317"
 3425      1BDEC5D3 
 3425      28B3A7F8 
 3425      5CA94ECA 
 3425      CF
 3426 19fb AA28BE54 		.ascii	"\252(\276T\264\244\303\353\213a\2673\034\366\031\374"
ARM GAS  /tmp/ccY5QEIX.s 			page 110


 3426      B4A4C3EB 
 3426      8B61B733 
 3426      1CF619FC 
 3427 1a0b 6EBA7E37 		.ascii	"n\272~7\303iO\263\260\273T\217\233w\245\352/\223=\351"
 3427      C3694FB3 
 3427      B0BB548F 
 3427      9B77A5EA 
 3427      2F933DE9 
 3428 1a1f DA4B979B 		.ascii	"\332K\227\233\337x\235\211\022\275\261)vo\242\306\311"
 3428      DF789D89 
 3428      12BDB129 
 3428      766FA2C6 
 3428      C9
 3429 1a30 8672A365 		.ascii	"\206r\243e\246*)v\257\317\246\032\236\211\211\321\364"
 3429      A62A2976 
 3429      AFCFA61A 
 3429      9E8989D1 
 3429      F4
 3430 1a41 B50F11EC 		.ascii	"\265\017\021\354\212\012\306(I\030\247)./\206\375\317"
 3430      8A0AC628 
 3430      4918A729 
 3430      2E2F86FD 
 3430      CF
 3431 1a52 5C533093 		.ascii	"\\S0\223$e\332?xc0\364\274\250\251\202\201\311\357P"
 3431      2465DA3F 
 3431      786330F4 
 3431      BCA8A982 
 3431      81C9EF50 
 3432 1a66 80C414A7 		.ascii	"\200\304\024\247\335\235>\015\325\360:\\\016\227\333"
 3432      DD9D3E0D 
 3432      D5F03A5C 
 3432      0E97DB
 3433 1a75 85639882 		.ascii	"\205c\230\202N\354\3427\212o\014r\363Ns&\272\222\\\310"
 3433      4EECE237 
 3433      8A6F0C72 
 3433      F34E7326 
 3433      BA925CC8 
 3434 1a89 52ED75B9 		.ascii	"R\355u\271\223<V\305\231\352L\233\342t'\316\240\301"
 3434      933C56C5 
 3434      99EA4C9B 
 3434      E27427CE 
 3434      A0C1
 3435 1a9b 91684619 		.ascii	"\221hF\031\035\350\033v\365\244c\344\343\325\3456\361"
 3435      1DE81B76 
 3435      F5A463E4 
 3435      E3D5E536 
 3435      F1
 3436 1aac 6088F1FA 		.ascii	"`\210\361\372\024/\326\013\347G\364n2MS\257\005\023"
 3436      142FD60B 
 3436      E747F46E 
 3436      324D53AF 
 3436      0513
 3437 1abe 3191A6BA 		.ascii	"1\221\246\272\225u\261\244\214Q\257\212\317\214\235"
 3437      9575B1A4 
 3437      8C51AF8A 
 3437      CF8C9D
 3438 1acd D40066DF 		.ascii	"\324\000f\337\327\212\033\255b\302+\273P\233\370,\364"
ARM GAS  /tmp/ccY5QEIX.s 			page 111


 3438      D78A1BAD 
 3438      62C22BBB 
 3438      509BF82C 
 3438      F4
 3439 1ade 42E51AF7 		.ascii	"B\345\032\367\3722\241\"0e)\255TJ\013\257v\365\312\022"
 3439      FA32A122 
 3439      306529AD 
 3439      544A0BAF 
 3439      76F5CA12 
 3440 1af2 9F5504FA 		.ascii	"\237U\004\372\224\346p~-c\303\214\305\247).\207\214"
 3440      94E6707E 
 3440      2D63C38C 
 3440      C5A7292E 
 3440      878C
 3441 1b04 8D3FA4E3 		.ascii	"\215?\244\343C:}\260\340\203;\305\345\236jf\177\371"
 3441      433A7DB0 
 3441      E0833BC5 
 3441      E59E6A66 
 3441      7FF9
 3442 1b16 C0548FC3 		.ascii	"\300T\217\303i\242\1778\330\345\366\310\330\370\003"
 3442      69A27F38 
 3442      D8E5F6C8 
 3442      D8F803
 3443 1b25 D29368C0 		.ascii	"\322\223h\300\375\360u2\322\227(\036\231\370\023a\204"
 3443      FDF07532 
 3443      D297281E 
 3443      99F81361 
 3443      84
 3444 1b36 3D2DF5EB 		.ascii	"=-\365\353\217\235?N\375\273\244i\0378\246\011\326D"
 3444      8F9D3F4E 
 3444      FDBBA469 
 3444      1F38A609 
 3444      D644
 3445 1b48 4F1A26DB 		.ascii	"O\032&\333\217S?\026\314\254n(i\022\365\372\273\011"
 3445      8F533F16 
 3445      CCAC6E28 
 3445      6912F5FA 
 3445      BB09
 3446 1b5a C99E5467 		.ascii	"\311\236Tg\202\313\356N\370gObz*\326$o\302\317~\375"
 3446      82CBEE4E 
 3446      F8674F62 
 3446      7A2AD624 
 3446      6FC2CF7E 
 3447 1b6f EF5F600D 		.ascii	"\357_`\015K\261\273\023\235\302\337~\353\342,`\015\242"
 3447      4BB1BB13 
 3447      9DC2DF7E 
 3447      EBE22C60 
 3447      0DA2
 3448 1b81 C54AC120 		.ascii	"\305J\301 deJA\357y\246a\232`\007+f\264\303;9\015\021"
 3448      64654A41 
 3448      EF79A661 
 3448      9A60072B 
 3448      66B4C33B 
 3449 1b98 E6444C97 		.ascii	"\346DL\2274Z>\223\250\324JZ\014F\276\335\347\233\241"
 3449      345A3E93 
 3449      A8D44A5A 
 3449      0C46BEDD 
ARM GAS  /tmp/ccY5QEIX.s 			page 112


 3449      E79BA1
 3450 1bab 605DA345 		.ascii	"`]\243E\301\342\366\2449}\351in\011\303*\311\354\366"
 3450      C1E2F6A4 
 3450      397DE969 
 3450      6E09C32A 
 3450      C9ECF6
 3451 1bbe F892D33C 		.ascii	"\370\222\323<\323ee\252+%\305L\223w\232\313\361\206"
 3451      D36565AA 
 3451      2B25C54C 
 3451      93779ACB 
 3451      F186
 3452 1bd0 42AB8E32 		.ascii	"B\253\2162-=\315\251|\355J\363\245\333SF%&\177\212\003"
 3452      2D3DCDA9 
 3452      7CED4AF3 
 3452      A5DB5346 
 3452      25267F8A 
 3453 1be5 FF895690 		.ascii	"\377\211V\220\317\322<\251?\243\225\230G\300\304\327"
 3453      CFD23CA9 
 3453      3FA39598 
 3453      47C0C4D7 
 3454 1bf5 28E2F152 		.ascii	"(\342\361R\373i\346LLNu\246\242\261\234hH\023\336b\245"
 3454      FB69E64C 
 3454      4C4E75A6 
 3454      A2B19C68 
 3454      4813DE62 
 3455 1c0a 8789E624 		.ascii	"\207\211\346$\367X\352{\024\303\355NOI\371AT\017\370"
 3455      F758EA7B 
 3455      14C3ED4E 
 3455      4F49F941 
 3455      540FF8
 3456 1c1d D25CEE29 		.ascii	"\322\\\356)\264\242\333'\243\261\245DO\212c\244\017"
 3456      B4A2DB27 
 3456      A3B1A544 
 3456      4F8A63A4 
 3456      0F
 3457 1c2e B3CA6BC7 		.ascii	"\263\312k\307\300\303zI\345|\315H\007^pdLb\362ofx\377"
 3457      C0C37A49 
 3457      E57CCD48 
 3457      075E7064 
 3457      4C62F26F 
 3458 1c45 156BC2DF 		.ascii	"\025k\302\337\277F\3304_\210\244X\013Rf\340\260\377"
 3458      BF46D834 
 3458      5F88A458 
 3458      0B5266E0 
 3458      B0FF
 3459 1c57 05F6AD4A 		.ascii	"\005\366\255J9"
 3459      39
 3460              		.text
 3461              		.section	.gnu.lto_.symtab.463af2f0e17d4c9a,"e",%progbits
 3462 0000 5F726561 		.ascii	"_read_r\000"
 3462      645F7200 
 3463 0008 00       		.ascii	"\000"
 3464 0009 00       		.ascii	"\000"
 3465 000a 00       		.ascii	"\000"
 3466 000b 00000000 		.ascii	"\000\000\000\000\000\000\000\000"
 3466      00000000 
 3467 0013 88020000 		.ascii	"\210\002\000\000"
ARM GAS  /tmp/ccY5QEIX.s 			page 113


 3468 0017 5F6C7365 		.ascii	"_lseek_r\000"
 3468      656B5F72 
 3468      00
 3469 0020 00       		.ascii	"\000"
 3470 0021 00       		.ascii	"\000"
 3471 0022 00       		.ascii	"\000"
 3472 0023 00000000 		.ascii	"\000\000\000\000\000\000\000\000"
 3472      00000000 
 3473 002b 90020000 		.ascii	"\220\002\000\000"
 3474 002f 5F777269 		.ascii	"_write_r\000"
 3474      74655F72 
 3474      00
 3475 0038 00       		.ascii	"\000"
 3476 0039 00       		.ascii	"\000"
 3477 003a 00       		.ascii	"\000"
 3478 003b 00000000 		.ascii	"\000\000\000\000\000\000\000\000"
 3478      00000000 
 3479 0043 93020000 		.ascii	"\223\002\000\000"
 3480 0047 5F6F7065 		.ascii	"_open_r\000"
 3480      6E5F7200 
 3481 004f 00       		.ascii	"\000"
 3482 0050 00       		.ascii	"\000"
 3483 0051 00       		.ascii	"\000"
 3484 0052 00000000 		.ascii	"\000\000\000\000\000\000\000\000"
 3484      00000000 
 3485 005a 9B020000 		.ascii	"\233\002\000\000"
 3486 005e 5F636C6F 		.ascii	"_close_r\000"
 3486      73655F72 
 3486      00
 3487 0067 00       		.ascii	"\000"
 3488 0068 00       		.ascii	"\000"
 3489 0069 00       		.ascii	"\000"
 3490 006a 00000000 		.ascii	"\000\000\000\000\000\000\000\000"
 3490      00000000 
 3491 0072 A1020000 		.ascii	"\241\002\000\000"
 3492 0076 5F736272 		.ascii	"_sbrk_r\000"
 3492      6B5F7200 
 3493 007e 00       		.ascii	"\000"
 3494 007f 00       		.ascii	"\000"
 3495 0080 00       		.ascii	"\000"
 3496 0081 00000000 		.ascii	"\000\000\000\000\000\000\000\000"
 3496      00000000 
 3497 0089 A9020000 		.ascii	"\251\002\000\000"
 3498 008d 5F667374 		.ascii	"_fstat_r\000"
 3498      61745F72 
 3498      00
 3499 0096 00       		.ascii	"\000"
 3500 0097 00       		.ascii	"\000"
 3501 0098 00       		.ascii	"\000"
 3502 0099 00000000 		.ascii	"\000\000\000\000\000\000\000\000"
 3502      00000000 
 3503 00a1 B2020000 		.ascii	"\262\002\000\000"
 3504 00a5 5F697361 		.ascii	"_isatty_r\000"
 3504      7474795F 
 3504      7200
 3505 00af 00       		.ascii	"\000"
 3506 00b0 00       		.ascii	"\000"
ARM GAS  /tmp/ccY5QEIX.s 			page 114


 3507 00b1 00       		.ascii	"\000"
 3508 00b2 00000000 		.ascii	"\000\000\000\000\000\000\000\000"
 3508      00000000 
 3509 00ba B5020000 		.ascii	"\265\002\000\000"
 3510 00be 5F657869 		.ascii	"_exit\000"
 3510      7400
 3511 00c4 00       		.ascii	"\000"
 3512 00c5 00       		.ascii	"\000"
 3513 00c6 00       		.ascii	"\000"
 3514 00c7 00000000 		.ascii	"\000\000\000\000\000\000\000\000"
 3514      00000000 
 3515 00cf BE020000 		.ascii	"\276\002\000\000"
 3516 00d3 5F6B696C 		.ascii	"_kill\000"
 3516      6C00
 3517 00d9 00       		.ascii	"\000"
 3518 00da 00       		.ascii	"\000"
 3519 00db 00       		.ascii	"\000"
 3520 00dc 00000000 		.ascii	"\000\000\000\000\000\000\000\000"
 3520      00000000 
 3521 00e4 C4020000 		.ascii	"\304\002\000\000"
 3522 00e8 5F676574 		.ascii	"_getpid\000"
 3522      70696400 
 3523 00f0 00       		.ascii	"\000"
 3524 00f1 00       		.ascii	"\000"
 3525 00f2 00       		.ascii	"\000"
 3526 00f3 00000000 		.ascii	"\000\000\000\000\000\000\000\000"
 3526      00000000 
 3527 00fb C8020000 		.ascii	"\310\002\000\000"
 3528 00ff 5F5F6378 		.ascii	"__cxa_pure_virtual\000"
 3528      615F7075 
 3528      72655F76 
 3528      69727475 
 3528      616C00
 3529 0112 00       		.ascii	"\000"
 3530 0113 00       		.ascii	"\000"
 3531 0114 00       		.ascii	"\000"
 3532 0115 00000000 		.ascii	"\000\000\000\000\000\000\000\000"
 3532      00000000 
 3533 011d CA020000 		.ascii	"\312\002\000\000"
 3534 0121 6368436F 		.ascii	"chCoreAllocFromBase\000"
 3534      7265416C 
 3534      6C6F6346 
 3534      726F6D42 
 3534      61736500 
 3535 0135 00       		.ascii	"\000"
 3536 0136 02       		.ascii	"\002"
 3537 0137 00       		.ascii	"\000"
 3538 0138 00000000 		.ascii	"\000\000\000\000\000\000\000\000"
 3538      00000000 
 3539 0140 D2020000 		.ascii	"\322\002\000\000"
 3540 0144 63685379 		.ascii	"chSysHalt\000"
 3540      7348616C 
 3540      7400
 3541 014e 00       		.ascii	"\000"
 3542 014f 02       		.ascii	"\002"
 3543 0150 00       		.ascii	"\000"
 3544 0151 00000000 		.ascii	"\000\000\000\000\000\000\000\000"
ARM GAS  /tmp/ccY5QEIX.s 			page 115


 3544      00000000 
 3545 0159 EE020000 		.ascii	"\356\002\000\000"
 3546              		.text
 3547              		.section	.gnu.lto_.ext_symtab.463af2f0e17d4c9a,"e",%progbits
 3548 0000 01       		.ascii	"\001"
 3549 0001 01       		.ascii	"\001"
 3550 0002 00       		.ascii	"\000"
 3551 0003 01       		.ascii	"\001"
 3552 0004 00       		.ascii	"\000"
 3553 0005 01       		.ascii	"\001"
 3554 0006 00       		.ascii	"\000"
 3555 0007 01       		.ascii	"\001"
 3556 0008 00       		.ascii	"\000"
 3557 0009 01       		.ascii	"\001"
 3558 000a 00       		.ascii	"\000"
 3559 000b 01       		.ascii	"\001"
 3560 000c 00       		.ascii	"\000"
 3561 000d 01       		.ascii	"\001"
 3562 000e 00       		.ascii	"\000"
 3563 000f 01       		.ascii	"\001"
 3564 0010 00       		.ascii	"\000"
 3565 0011 01       		.ascii	"\001"
 3566 0012 00       		.ascii	"\000"
 3567 0013 01       		.ascii	"\001"
 3568 0014 00       		.ascii	"\000"
 3569 0015 01       		.ascii	"\001"
 3570 0016 00       		.ascii	"\000"
 3571 0017 01       		.ascii	"\001"
 3572 0018 00       		.ascii	"\000"
 3573 0019 01       		.ascii	"\001"
 3574 001a 00       		.ascii	"\000"
 3575 001b 01       		.ascii	"\001"
 3576 001c 00       		.ascii	"\000"
 3577              		.text
 3578              		.section	.gnu.lto_.opts,"e",%progbits
 3579 0000 272D666E 		.ascii	"'-fno-openmp' '-fno-openacc' '-fno-pie' '-fcf-prote"
 3579      6F2D6F70 
 3579      656E6D70 
 3579      2720272D 
 3579      666E6F2D 
 3580 0033 6374696F 		.ascii	"ction=none' '-g' '-mcpu=cortex-m7' '-mthumb' '-mflo"
 3580      6E3D6E6F 
 3580      6E652720 
 3580      272D6727 
 3580      20272D6D 
 3581 0066 61742D61 		.ascii	"at-abi=hard' '-mfpu=fpv5-d16' '-mlibarch=armv7e-m+f"
 3581      62693D68 
 3581      61726427 
 3581      20272D6D 
 3581      6670753D 
 3582 0099 702E6470 		.ascii	"p.dp' '-march=armv7e-m+fp.dp' '-O2' '-fomit-frame-p"
 3582      2720272D 
 3582      6D617263 
 3582      683D6172 
 3582      6D763765 
 3583 00cc 6F696E74 		.ascii	"ointer' '-falign-functions=16' '-ffunction-sections"
 3583      65722720 
ARM GAS  /tmp/ccY5QEIX.s 			page 116


 3583      272D6661 
 3583      6C69676E 
 3583      2D66756E 
 3584 00ff 2720272D 		.ascii	"' '-fdata-sections' '-fno-common' '-flto' '-Xassemb"
 3584      66646174 
 3584      612D7365 
 3584      6374696F 
 3584      6E732720 
 3585 0132 6C657227 		.ascii	"ler' '-alms=build/lst/syscalls.lst'\000"
 3585      20272D61 
 3585      6C6D733D 
 3585      6275696C 
 3585      642F6C73 
 3586              		.text
 3587              		.comm	__gnu_lto_slim,1,1
 3588              		.ident	"GCC: (15:10.3-2021.07-4) 10.3.1 20210621 (release)"
ARM GAS  /tmp/ccY5QEIX.s 			page 117


DEFINED SYMBOLS
                            *ABS*:0000000000000000 syscalls.c
     /tmp/ccY5QEIX.s:27     .gnu.debuglto_.debug_info:0000000000000000 syscalls.c.107f4393
                            *COM*:0000000000000001 __gnu_lto_slim

NO UNDEFINED SYMBOLS
