:020000040802F0
:10000000000800201D0402081F0402081F04020843
:100010001F0402081F0402081F0402081F0402082C
:100020001F0402081F0402081F040208513A0308B3
:100030001F0402081F0402081F0402081F0402080C
:100040001F0402081F0402081F0402081F040208FC
:100050001F0402081F0402081F0402081F040208EC
:100060001F0402081F0402081F04020821E40208FA
:10007000C1E4020861E5020801E60208A1E60208FF
:1000800041E70208E1E702081F040208B13503084E
:10009000413603081F0402081F0402081F04020857
:1000A0001F0402081F0402081F0402081F0402089C
:1000B00081E202081F0402081F0402081F0402084C
:1000C0001F0402081F0402081F040208D1FB0208D3
:1000D0001F0402081F040208A1380308313903086D
:1000E0001F0402081F0402081F0402081F0402085C
:1000F0001F0402081F0402081F04020881E8020806
:100100001F040208E1E102081F0402081F0402089C
:100110001F0402081F0402081F0402081F0402082B
:1001200021E90208C1E9020861EA020801EB0208BC
:10013000A1EB02081F0402081F0402081F040208A2
:100140001F0402081F0402081F0402081F040208FB
:1001500041EC0208E1EC020881ED0208C139030814
:100160001F0402081F0402081F0402081F040208DB
:100170001F0402081F0402081F0402081F040208CB
:100180001F0402081F0402081F0402081F040208BB
:1001900071FC02081F0402081F0402081F04020861
:1001A0001F0402081F0402081F0402081F0402089B
:1001B0001F0402081F0402081F0402081F0402088B
:1001C0001F0402081F0402081F0402081F0402087B
:1001D0001F04020821EE02081F0402081F0402087F
:1001E0001F0402081F0402081F0402081F0402085B
:1001F0001F0402081F0402081F0402081F0402084B
:100200001F0402081F0402081F0402081F0402083A
:100210001F0402081F0402081F0402081F0402082A
:100220001F0402081F0402081F0402081F0402081A
:100230001F0402081F0402081F0402081F0402080A
:100240001F0402081F0402081F0402081F040208FA
:100250001F0402081F0402081F0402081F040208EA
:100260001F0402081F0402081F0402081F040208DA
:100270001F0402081F0402081F0402081F040208CA
:100280001F0402081F0402081F0402081F040208BA
:100290001F0402081F0402081F0402081F040208AA
:1002A0001F0402081F0402081F0402081F0402089A
:1002B0001F0402081F0402081F0402081F0402088A
:1002C0001F0402081F0402081F0402081F0402087A
:1002D0001F0402081F0402081F0402081F0402086A
:0402E000719203080C
:1003000072B6374880F30888364880F30988364843
:100310003649086040F20000CCF200004EF634711D
:10032000CEF200010860BFF34F8FBFF36F8F40F232
:100330000000C0F2F0004EF68851CEF200010860D5
:10034000BFF34F8FBFF36F8F4FF00000E1EE100A45
:100350004EF63C71CEF200010860062080F314884E
:10036000BFF36F8F0DF0ECFD0DF02AFE4FF055300E
:100370001F491B4A91423CBF41F8040BFAE71D4953
:10038000184A91423CBF41F8040BFAE71A491B4A4C
:100390001B4B9A423EBF51F8040B42F8040BF8E79E
:1003A00000201849184A91423CBF41F8040BFAE773
:1003B0000DF01EFE0DF00CFE144C154DAC4203DA90
:1003C00054F8041B8847F9E714F0E2FF114C124D72
:1003D000AC4203DA54F8041B8847F9E70DF000BE7D
:1003E00000080020001000200000020808ED00E0D6
:1003F000000000200008002070A80308000000246E
:100400009C0A0024A00A0024A05D0124E002020846
:10041000E4020208E4020208E402020870E700F0C5
:1004200000F8FEE72DE9F04F2DED108AC1F80CD051
:10043000D0F80CD0BDEC108ABDE8F08F002383F318
:1004400011882846A047002011F04AF8FEE70FF077
:100450008FFD00DFFEE7000008B52DED028BB0EE4A
:10046000408A00F057F8144B93F900300133F0EE56
:10047000408A0FD0B4EE488AF1EE10FA0AD6B0EEF8
:10048000480A00F0C9FAF7EE007AB4EEE70AF1EE96
:1004900010FA04DCB0EE680ABDEC028B08BD00F077
:1004A000C9FABDEC028B034621221A600348BDE85D
:1004B000084000F0B9BA00BF00000024809F030884
:1004C00000F02EB908B52DED028BB0EE408A00F099
:1004D000CBF90E4B93F9003001330BD0B4EE488AC0
:1004E000F1EE10FA06D6DFED0A8AB4EEE88AF1EEF4
:1004F00010FA02D4BDEC028B08BD00F09BFA88EE26
:10050000A80ABDEC028B2123036008BD0000002473
:100510000000000038B510EE105A25F00044B4F188
:100520007E5F2DED048B00F085807ADCB4F17C5F7A
:100530000FDAB4F1485F80F29C80DFED697A70EEEB
:10054000277AB7EE007AF4EEC77AF1EE10FA00F3EC
:100550008D8000F061FAF7EE007A37EEC00AB6EE51
:10056000008A20EE088A9FED5F7ADFED5F6A9FEDDB
:100570005F6A9FED5F5ADFED5F5ADFED5F8AE8EE5D
:10058000076A9FED5E7AA8EE067A9FED5D6AA6EE99
:10059000885AA7EE086A9FED5B7ADFED5B6AE5EEAD
:1005A000085AA6EE087AE5EE886AE7EE087AE6EEE3
:1005B000888AB0EE480AB0EE679A00F055F9534BBE
:1005C0009C4268EE888A42DC10EE103A23F47F6386
:1005D00023F00F0306EE903AA6EEE68A70EE267A36
:1005E00088EE895AC8EE274A9FED497ADFED497AAD
:1005F000B0EE006AA4EEC67A30EE000AF0EE675A5A
:10060000E6EEC65A90EE057A37EE657A37EEC77A8F
:10061000002D0ADCBDEC048BB1EE477AB0EE470A40
:1006200038BD70EE407A87EEA77ABDEC048BB0EE51
:10063000470A38BD9FED367ADFED377A20EE077A2C
:10064000BDEC048BA0EE277AB0EE470A38BD88EEE9
:10065000896A9FED327ADFED307AA0EE060AF0EE7D
:10066000006AA0EE267A37EEC77AD1E7B0EE407A7C
:10067000DBE760EE007A9FED1B7ADFED1B6A9FEDF2
:100680001C6ADFED1A5A9FED1B5AE7EE876ABDEC34
:10069000048BA6EEA76A9FED197ADFED196AA7EE23
:1006A000A57AA6EE275AE7EE276ADFED175A9FEDE7
:1006B000156A9FED117AE5EE275AA6EEA76AA5EE18
:1006C000A77AF7EE006AE6EE276A67EE277AB0EEC1
:1006D000407A87EEA66AA0EE067AB0EE470A38BDE9
:1006E000CAF2497108EF1138047F4F3A2EC69D3D7A
:1006F000461124BDA80A4E3EABAA2A3E613330BF44
:100700002D57014039D119C090B0A6BE9999793FB3
:100710002EBD3BB3DB0F493FDB0FC93F2EBD3B3343
:1007200010B582B0CDED010A019B23F00042B2F179
:10073000FF4FF0EE407A30DC10EE100A20F000415E
:10074000B1F1FF4F29DCB3F17E5F40D09C1704F07C
:10075000020444EAD07431B372B3B2F1FF4F3ED019
:10076000B1F1FF4F28D08A1AB2F1F45F4FEAE2519B
:1007700032DA002B40DA3C313EDA9FED330A012CAD
:100780004CD0022C41D064B19FED307ADFED307A4D
:1007900030EE070A30EE670A03E09DED017A37EE8E
:1007A000270A02B010BD022C0ED09FED2A0A032C9E
:1007B00000FE270A02B010BD9FED270ADFED277A61
:1007C000002820FE270AECE79FED210AE9E702B0A6
:1007D000BDE8104000F04CB89FED1F0ACFE7B1F123
:1007E000FF4F04F1FF3420D0022C26D81C4B03EB22
:1007F000840494ED030AD4E79DED017A87EE870A1D
:1008000000F00AF900F034F8B9E79FED107ADFED57
:10081000107A30EE070A37EEC00AC2E710EE103A3F
:1008200003F1004300EE103ABBE7022C08D80C4B52
:1008300003EB840494ED000AB3E79FED030AB0E7ED
:100840009FED080AADE700BF000000002EBDBB33DE
:10085000DB0F4940DB0F49C0DB0FC93FDB0FC9BFCE
:10086000C0930308DB0F493FB1EEC00A704700BFD9
:1008700038B510EE105A25F00044B4F1A14FF0EE57
:10088000407A0ADBB4F1FF4F57DCDFED517A9FED80
:10089000510A002D37FE800A38BD4F4B9C425BDC6D
:1008A000B4F1445F4CDB4FF0FF3267EEA76ADFED37
:1008B0004B4ADFED4B5A9FED4B5A9FED4B4A26EECC
:1008C000A67AB0EE666AE7EE245A531CDFED474A7B
:1008D000DFED476AA5EE875AE7EE246ADFED455A59
:1008E000DFED454AE6EE875AA5EE074A9FED435AEB
:1008F000DFED436AA5EE875AE4EE074ADFED415A81
:10090000E4EE876AE5EE075A66EE866A25EE877A98
:1009100037D03D4B03EB820376EE876A93ED000AF6
:1009200093ED047A96EEA70A002D70EE677A37EE03
:10093000670AB1DAB1EE400A38BD30EE000A38BDC0
:100940009FED327A30EE077AF7EE006AB4EEE67A7F
:10095000F1EE10FAA7DD38BD00F05EF82C4B9C429A
:1009600016DCA3F5D0039C4227DCF0EE007ABFEE44
:10097000007AA0EE277A002230EE270AC7EE007A2E
:1009800093E776EE876AE6EEE77AB0EE670A38BD5F
:10099000204B9C420BDCF7EE087AB7EE007AA0EE13
:1009A000277A022230EE670AC0EE077A7DE7BFEEB3
:1009B000007AC7EE007A032277E7F7EE007A30EE8E
:1009C000677A30EE270A0122C7EE007A6DE700BF92
:1009D000DB0FC93FDB0FC9BFFFFFDF3ED769853C97
:1009E00059DA4B3D356B883D6E2EBA3D21A215BDBF
:1009F0006BF16EBD95879DBD2549123E388EE3BDD6
:100A0000ABAAAA3ECDCC4CBED8930308CAF249711A
:100A1000FFFF973FFFFF1B4010EE103A23F000430B
:100A200000EE103A704700BF9FED010A704700BF0B
:100A30000000C07F014B1868704700BF0800002409
:100A400008B5062000F0BEF9012014F089FC00BFB3
:100A5000032A70B515D940EA010C1CF0030F0446B7
:100A60000B4621D1194620460E680568B54204F1AF
:100A7000040403F1040317D1043A032A204619465B
:100A8000F0D8541EA2B100F1FF3C013901E0C318B7
:100A90000CD01CF801EF11F8012F9645A4EB0C03C4
:100AA000F5D0AEEB020070BD541EECE7184670BDE9
:100AB000104670BD844641EA000313F003036DD174
:100AC000403A41D351F8043B40F8043B51F8043B11
:100AD00040F8043B51F8043B40F8043B51F8043B18
:100AE00040F8043B51F8043B40F8043B51F8043B08
:100AF00040F8043B51F8043B40F8043B51F8043BF8
:100B000040F8043B51F8043B40F8043B51F8043BE7
:100B100040F8043B51F8043B40F8043B51F8043BD7
:100B200040F8043B51F8043B40F8043B51F8043BC7
:100B300040F8043B51F8043B40F8043B51F8043BB7
:100B400040F8043B403ABDD2303211D351F8043B57
:100B500040F8043B51F8043B40F8043B51F8043B97
:100B600040F8043B51F8043B40F8043B103AEDD206
:100B70000C3205D351F8043B40F8043B043AF9D257
:100B8000043208D0D2071CBF11F8013B00F8013B2A
:100B900001D30B8803806046704700BF082A13D337
:100BA0008B078DD010F003038AD0C3F10403D21A4F
:100BB000DB071CBF11F8013B00F8013B80D331F883
:100BC000023B20F8023B7BE7043AD9D3013A11F803
:100BD000013B00F8013BF9D20B7803704B7843706E
:100BE0008B78837060467047830730B548D0541EB9
:100BF000002A3FD0CAB2034601E0013C3AD303F8D1
:100C0000012B9D07F9D1032C2DD9CDB245EA05253D
:100C10000F2C45EA054536D9A4F1100222F00F0C3D
:100C200003F1200EE6444FEA121C03F1100242E9E0
:100C3000045542E9025510327245F8D10CF1010217
:100C400014F00C0F03EB021204F00F0C13D0ACF1F4
:100C5000040323F003030433134442F8045B934278
:100C6000FBD10CF003042CB1CAB21C4403F8012BD5
:100C70009C42FBD130BD64461346002CF4D1F9E709
:100C800003461446BFE71A46A446E0E738B5D0F855
:100C9000DC420CB1002038BD8021054603F0FAFE8D
:100CA0000246C5F8DC0230B1031F7C3243F8044F22
:100CB0009342FBD1EEE74FF0FF3038BD1F29F8B566
:100CC000054609D8D0F8DC620C4617464EB156F8F6
:100CD000240046F82470F8BD162303604FF0FF305F
:100CE000F8BD802103F0D6FE0646C5F8DC0240B10F
:100CF000031F00F17C05002143F8041F9D42FBD136
:100D0000E5E74FF0FF30F8BD1F2938B5054621D87B
:100D1000D0F8DC220C466AB152F8213053B1012BD5
:100D200016D0591C10D00025204642F82450984770
:100D3000284638BD284600F003F9224601462846D9
:100D4000BDE8384000F0E6B816230360012038BD46
:100D5000002038BD162303604FF0FF3038BD00BFC0
:100D60001F292CD8D0F8DC2238B50C46054682B1B4
:100D700052F8243002EB84024BB1591C1AD0012BDB
:100D800016D00025204615609847284638BD01201A
:100D900038BD802103F07EFE0246C5F8DC0258B162
:100DA000031F00217C3043F8041F9842FBD1DFE78A
:100DB000032038BD022038BD4FF0FF3038BD4FF062
:100DC000FF30704738B5154B1F281D6820D8D5F85F
:100DD000DC22044662B152F820304BB1012B15D011
:100DE000591C0FD0002542F820509847284638BD9E
:100DF000284600F0A5F8224601462846BDE83840BE
:100E000000F088B816232B60012038BD002038BDC3
:100E100016232B604FF0FF3038BD00BF08000024C0
:100E2000134B1F2870B51E6809D80D46D6F8DC1282
:100E3000044649B151F8240041F8245070BD1623EE
:100E400033604FF0FF3070BD8021304603F022FE4A
:100E50000146C6F8DC0240B1031F00F17C0C002201
:100E600043F8042F6345FBD1E4E74FF0FF3070BD3A
:100E70000800002438B50C4B1D68D5F8DC420CB1D5
:100E8000002038BD8021284603F004FEC5F8DC02AE
:100E900038B1031F00F17C0243F8044F9342FBD1A9
:100EA000EEE74FF0FF3038BD0800002438B5184B8E
:100EB0001F281D6828D8D5F8DC22044682B152F8D4
:100EC000243002EB84024BB1591C1BD0012B17D0EC
:100ED0000025204615609847284638BD012038BDBA
:100EE0008021284603F0D6FD0246C5F8DC0258B141
:100EF000031F00217C3043F8041F8342FBD1DEE74F
:100F0000032038BD022038BD4FF0FF3038BD00BF90
:100F10000800002470B50C46084D03460026204604
:100F200011461C462E6014F023FA431C00D070BDFD
:100F30002B68002BFBD0236070BD00BFD40A0024B7
:100F400014F01EBA08B410B5002A9DB0044633DB75
:100F50004FF40273ADF814300291069120AB17D014
:100F6000013A4FF6FF7104920792ADF816101F9ADE
:100F7000019302A900F098FB421C01DA8B23236045
:100F8000029B00221A701DB0BDE8104001B07047EE
:100F90004FF6FF7104920792ADF816101F9A019355
:100FA00002A900F081FB431C01DA8B2323601DB0F2
:100FB000BDE8104001B070478B2303604FF0FF3055
:100FC000F5E700BF0CB410B51F4B00291C689CB09E
:100FD00035DB4FF40273ADF81430029006901FAB6E
:100FE00018D001394FF6FF7204910791ADF8162021
:100FF00002A91E9A0193204600F056FB421C01DA1A
:101000008B232360029B00221A701CB0BDE81040A5
:1010100002B070474FF6FF7204910791ADF81620A9
:1010200002A91E9A0193204600F03EFB431C01DA00
:101030008B2323601CB0BDE8104002B070478B23A7
:1010400023604FF0FF30F5E7080000240EB410B520
:101050009FB021AC4FF4017154F8042B0192ADF80C
:101060001C100490089000F06BFA059009900B4852
:101070000B490C9100234FF6FF7C10931593019AB6
:101080000068ADF81EC0234604A9039401F012FDC8
:101090001FB0BDE8104003B0704700BF0800002437
:1010A000211102080CB430B59FB022AC4FF401738B
:1010B00054F8042B019205460846ADF81C30049103
:1010C000089100F03DFA0C490C91034605930993F1
:1010D0004FF6FF71002310931593ADF81E10019A7F
:1010E00003942846234604A901F0E4FC1FB0BDE8A0
:1010F000304002B0704700BF2111020810B50C4605
:10110000B1F90E1014F0CCF8002803DB236D034472
:10111000236510BDA38923F48053A38110BD00BFB4
:10112000002070472DE9F0410C46B1F90C101F4624
:10113000CB05054616460BD421F48051A1813B46D0
:10114000B4F90E1032462846BDE8F04114F0B8B8A4
:10115000B4F90E100223002214F0AAF8B4F90C100E
:10116000EAE700BF10B50C46B1F90E1014F0A0F874
:10117000A389421C0EBF23F4805343F4805320659F
:10118000A38110BDB1F90E1014F0A2B811F0FF0147
:10119000034644D0820732D110B5046841EA012EDB
:1011A0004EEA0E4E8EEA0402A2F1013323EA020354
:1011B000A4F1013222EA0402134313F0803F0FD15D
:1011C00050F8044F84EA0E0CA4F10133ACF1013263
:1011D00023EA040322EA0C02134313F0803FEFD00A
:1011E000037823B936E010F8013F002B32D0994242
:1011F000F9D110BD8A4211D09A071846CCD01846B2
:1012000013F8012B002AF5D11046704799071846AC
:1012100007D0184601330278002AF7D170478207B9
:10122000F7D10268A2F1013323EA020313F0803FF1
:1012300008D150F8042FA2F1013323EA020313F07E
:10124000803FF6D00378002BE8D010F8013F002B48
:10125000FBD17047184610BD0000000000000000E0
:10126000A2EB0300704700BF02780B78012A28BF69
:101270009A42F5D16DE9044540EA0104CDE90267DF
:101280006FF0000C4FEA447212B380EA010414F0CC
:10129000070F6AD100F0070420F0070004F00305EF
:1012A00021F007014FEAC505F0E8042314F0040F0C
:1012B000F1E804670CFA05F462EA040266EA04063F
:1012C0000AD063EA0403624667EA0407664603E05D
:1012D000F0E80423F1E8046782FA4CF582EA060498
:1012E000A4FA8CF46CBB83FA4CF583EA0705A5FAE3
:1012F0008CF595B950E9022351E9026782FA4CF561
:1013000082EA0604A4FA8CF483FA4CF583EA070512
:10131000A5FA8CF52543DBD09CB92DBAB5FA85F436
:1013200024F0070427FA04F1DDE9026723FA04F345
:1013300003F0FF0001F0FF01FDE80445A0EB010010
:10134000704724BAB4FA84F424F0070426FA04F1AE
:10135000DDE9026722FA04F202F0FF0001F0FF016A
:10136000FDE80445A0EB0100704714F0030F3CD1E9
:1013700010F0030428D150F8082B51F8083B82FAEA
:101380004CF582EA0305A5FA8CF55DB950F8042CFA
:1013900051F8043C82FA4CF582EA0305A5FA8CF573
:1013A000002DE8D02DBAB5FA85F424F0070423FA0D
:1013B00004F122FA04F202F0FF0001F0FF01FDE85F
:1013C0000445A0EB010070474FEAC40420F003007D
:1013D00050F8082B21F0030151F8083B0CFA04F4F3
:1013E00062EA040263EA0403C9E710F003041AD0B6
:1013F000A1EB040120F00300E40750F8042B06D011
:101400000FD28B785FFAA2F4E41A06D12BB1CB7815
:101410005FFAB2F4E41A00D11BB920465DF8104B14
:10142000704701F1040150F8042BCC0721F00301AF
:1014300051F8043B48D824D222F07F4482FA4CF57C
:1014400094EA1325A5FA8CF50AD165B951F8043B45
:1014500084EA0204B4EB036F0ED150F8042BEBE7DF
:101460004FEA132355E035F07F454DD10878FDE86C
:101470000445C0F1000070474FEA126203F0FF0319
:1014800047E002EA1C4482FA4CF594EA1345A5FAB7
:101490008CF50AD165B951F8043B84EA0204B4EB37
:1014A000034F0CD150F8042BEBE74FEA134330E025
:1014B00015EA1C4528D10B884FEA124229E04FEA71
:1014C000124203EA1C4324E002F0FF0482FA4CF5C6
:1014D00094EA1365A5FA8CF50AD165B951F8043B75
:1014E00084EA0204B4EB032F09D150F8042BEBE794
:1014F0004FEA13630DE015F0FF0F05D10B684FEABB
:10150000122223F07F4304E04FF00000FDE8044581
:10151000704712BA1BBA82FA4CF482EA0304A4FAA6
:101520008CF5B5FA85F402FA04F203FA04F34FEAF3
:101530001260FDE80445A0EB136070470000000056
:1015400090F800F06DE9024520F007016FF0000C03
:1015500010F0070491F820F040F049804FF00004AB
:101560006FF00700D1E9002391F840F000F1080086
:1015700082FA4CF2A4FA8CF283FA4CF3A2FA8CF3BE
:101580004BBBD1E9022382FA4CF200F10800A4FA25
:101590008CF283FA4CF3A2FA8CF3E3B9D1E9042379
:1015A00082FA4CF200F10800A4FA8CF283FA4CF3B0
:1015B000A2FA8CF37BB9D1E9062301F1200182FA6A
:1015C0004CF200F10800A4FA8CF283FA4CF3A2FA70
:1015D0008CF3002BC6D0002A04BF04301A4612BA7E
:1015E000B2FA82F2FDE8024500EBD2007047D1E981
:1015F000002304F00305C4F100004FEAC50514F010
:10160000040F91F840F00CFA05F562EA05021CBFE0
:1016100063EA050362464FF00004A9E730B540EAEB
:101620000104A30701D1032A0FD8844601F1FF3E2C
:1016300007E01EF8011F03F8011B541EC1B19C46B0
:1016400022466346002AF4D130BD0B468446194633
:1016500053F8045BA5F1013424EA050414F0803F3B
:10166000E4D1043A032A4CF8045B1946EFD8DDE7CD
:101670006244002CE8D003F8011B9342FBD130BD3B
:1016800071B138B503460C46002501E0431C054600
:1016900021461846FFF77AFD0028F7D1284638BDC5
:1016A000FFF774BD000000002DE9F04F2DED068B13
:1016B000B9B08A4690460893834603F0E3F903687D
:1016C0000F931846FFF73CFFBAF80C300E9018063F
:1016D00004D5DAF81030002B00F0AD8600239FED22
:1016E0006C8B9FED6D9BCDE91C3328AA0C931B924C
:1016F00091460D9310930593574698F80030002BB0
:1017000000F05981444604E014F8013F002B00F03A
:101710008980252BF8D1B4EB080540F08780237829
:10172000002B00F048814FF0000300228DF84F306D
:101730004FF0FF316378049104F1010810460692DE
:10174000924608F10108A3F12001582900F2A8806F
:10175000DFE811F08702A600A6008202A600A6001C
:10176000A600A600A600A600A0017D02A600AB016F
:10177000B501A600AA0259005900590059005900A4
:101780005900590059005900A600A600A600A6005D
:10179000A600A600A600A600A600A6008F023C0197
:1017A000A6003C01A600A600A600A6007802A6009E
:1017B000A6006702A600A600A600A600A600560284
:1017C000A600A6003E02A600A600A600A600A6004F
:1017D000A600A600A600A600A6002E026D013C01F0
:1017E0003C013C01B0016D01A600A600E002A6008C
:1017F000CA026306AF02ED02A6000902A600600657
:10180000A600A600CF01A3F13001002418F8013B87
:1018100004EB840401EB4404A3F130010929F5D958
:10182000069490E7B4EB080500F0C5801D9B2B449F
:101830001D931C9B0133072BC9E900851C9305DC14
:1018400009F10809059B2B44059368E71BAA394653
:10185000584605F047FD50B90DF1A009F2E71BAA63
:101860003946584605F03EFD002800F09B80BA46F8
:10187000BAF80C3013F0400F059B18BF4FF0FF3340
:101880000593059839B0BDEC068BBDE8F08F00BF1D
:101890000000000000000000FFFFFFFFFFFFEF7FE0
:1018A0000A93002A41F07D800A9B002B00F0838080
:1018B0008DF878304FF000038DF84F3001230393FB
:1018C00007931EAC0023CDF808A004930B93029B52
:1018D00013F0020302D0039A02320392029A12F02A
:1018E0008402099205D1069A0399551A002D00F336
:1018F00081831D9A9DF84F1089B11C990DF14F00FD
:1019000001310132C9F8000007294FF001001D9292
:101910001C91C9F8040000F3A98309F1080983B1F7
:101920001C9B14A901330232C9F80010072B4FF099
:1019300002011D921C93C9F8041000F3A58309F15C
:101940000809099B802B00F09982049B07995E1A75
:10195000002E00F3CF82029BDD0500F11C82079B65
:10196000C9F804301A441C9BC9F800400133072B06
:101970001D921C9300F3328309F10809029B5B0757
:1019800005D5069B03995C1A002C00F38F83DDE9D3
:10199000053103988142ACBF5B181B180593002AE0
:1019A0007FF45DAF00231C9398F800300DF1A0097F
:1019B000002B7FF4A7AE1D9BBA46002B3FF458AF17
:1019C0001BAA3946584605F08DFC51E70A93002AB8
:1019D00040F0E387089B073323F00703B3EC028B47
:1019E000B0EEC87BB4EE497BF1EE10FA089340F3F9
:1019F000BD84B5EEC08BF1EE10FA00F1F6869DF8CD
:101A00004F50B54C2AF080030293B44B0A9A472AF0
:101A1000C8BF1C4603230022CDE9033207930B9273
:101A2000002D3FF454AF039B013303934FE70A9318
:101A3000002A40F09E871AF0200F089B00F02481B6
:101A4000073323F007031A465B6852F8080B089225
:101A50001946002BC0F23584049B013300F0A285A7
:101A60002AF08003029350EA01039DF84F5000F0E2
:101A7000C483DDF808A00A2871F1000380F02D85E9
:101A8000303001238DF89F00CDF808A007930DF1A9
:101A90009F0477E1089B53F8041B0691002980F20C
:101AA0005A84069908934942069198F800304AF002
:101AB000040A46E698F800304AF0400A41E64446F7
:101AC00014F8013B2A2B00F0D787A3F13001092934
:101AD000A04698BF002400F2548718F8013B04EB9D
:101AE000840401EB4404A3F130010929F5D90494DD
:101AF00029E60A93002A40F04887794B0D931AF0A3
:101B000020016ED0089B073323F00703596853F870
:101B1000080B08931AF0010F03D050EA010340F0BC
:101B2000648402234FF000028DF84F200025049AB0
:101B3000561C00F003812AF08004029450EA01044C
:101B400040F0FA80002A40F07D81002B40F059835C
:101B50001AF00103079300F0038430238DF89F30BF
:101B60000DF19F040EE1089D0A9355F8044B4FF0C8
:101B700000038DF84F30049B002C00F04A855A1C5E
:101B800000F069841A460021204603F099FA0028E3
:101B900000F0D286031BCDE90735002223EAE37368
:101BA0009DF84F50CDF808A0049203930B9237E7AD
:101BB0000A93089B4FF000028DF84F2053F8042B36
:101BC000089301238DF87820039307931EAC79E6E0
:101BD0000A93002A40F0DD86424B0D931AF0200153
:101BE00090D11AF0100340F062831AF0400100F027
:101BF0005E83089A52F8040B0892194680B289E76E
:101C00000A934AF0100A1AF0200100F07683089B2C
:101C1000073323F00703596853F8080B089301238F
:101C200080E70A934AF0100A1AF0200100F052836C
:101C3000089B073323F00703596853F8080B0893F0
:101C400000236FE798F800304AF0080A79E598F821
:101C5000003001222B2074E598F800304AF0010A88
:101C60006FE598F8003000287FF46BAD012220204A
:101C700067E50A93002A40F06B864AF0100A1AF0D2
:101C8000200F089B7FF4DCAE53F8040B08931AF086
:101C9000100F40F011831AF0400F00F00D8340F355
:101CA000C0310B4600B2D4E698F800304AF0800A02
:101CB00047E5089B53F8040B089378238DF85130BF
:101CC0000A9330238DF85030054B0D934AF0020AE9
:101CD0000021022326E700BFD8A50308DCA50308DE
:101CE000E8A50308FCA50308002A40F046861AF080
:101CF000200F40F085831AF0100F40F0E0831AF0B7
:101D0000400F00F0DC83089B059953F8042B0893DF
:101D10001180F2E498F800306C2B03BF98F8013082
:101D20004AF0200A08F101084AF0100A09E598F87B
:101D300000304AF0200A04E5DDF808A0012B3FF44A
:101D40009AAE022B00F0868028AC00F00703C00892
:101D500040EA4170C908303350EA0106224604F8CF
:101D6000013DF2D11AF0010F00F08280302B7FD0BC
:101D70003023023A04F8013C28AB9B1ACDF808A0A6
:101D800007931446049B079A9342B8BF13460393E4
:101D900000230B9344E60A9B652B40F3DC80B5EEF1
:101DA000408BF1EE10FA40F0B6811C9BBC49C9F89B
:101DB0000010013301320121072B1D921C93C9F839
:101DC000041000F3FF8309F10809159B0C998B425D
:101DD00003DB029BDC077FF5D1AD0E9B0F991A4404
:101DE000C9E900131C9B1D920133072B1C9300F3C0
:101DF000038409F108090C9B5C1E002C7FF7BEAD23
:101E0000102C1C9BA74D40F3D183102605E009F14F
:101E10000809103C102C40F3C98301331032072B02
:101E2000C9E90056CDE91C32F1DD1BAA39465846F6
:101E300005F058FA00287FF41AADDDE91C320DF1E7
:101E4000A009E6E7012B00F04385022BDDF808A08E
:101E50007FF47AAF0D9A28AC00F00F030009D35C31
:101E600004F8013D40EA0170090950EA0103F3D189
:101E700028AB1B1BCDF808A0079383E7069B0399AB
:101E80005E1A002E7FF761AD102E1C9B854D1EDD66
:101E90004FF0100A04E0103E102E09F1080916DD7B
:101EA00001331032072BC9E9005ACDE91C32F2DDAB
:101EB0001BAA394658460DF1A00905F013FA00286F
:101EC0007FF4D5AC103E102EDDE91C32E8DC013386
:101ED0003244072BCDE91C32C9F80050C9F8046020
:101EE00000F37D83049B07995E1A002E09F108090F
:101EF0007FF731AD102E1C9B6A4D1EDD4FF0100A8E
:101F000004E0103E102E09F1080916DD01331032ED
:101F1000072BC9E9005ACDE91C32F2DD1BAA39466C
:101F2000584605F0DFF900287FF4A1AC103E102ED2
:101F3000DDE91C320DF1A009E8DC01333244072B46
:101F4000CDE91C32C9F80050C9F8046000F3A28141
:101F500009F10809FFE40C9B012B40F357811C9BFE
:101F6000C9F80040013301320121072B1D921C9357
:101F7000C9F8041000F3D58109F108090E990F98EA
:101F800001330A44072BC9E90001CDE91C3200F3F3
:101F9000D58109F10809B5EE408BF1EE10FA00F099
:101FA00053810C990133013901340A44072BC9F8D4
:101FB00000401C93C9F804101D9200F3388109F108
:101FC00008091099C9F8041001330A44072B17A90E
:101FD000CDE91C32C9F800107FF7CEAC1BAA3946F8
:101FE000584605F07FF900287FF441AC1D9A0DF1A9
:101FF000A009C3E4102DDDE91C122B4E28DDCDF81D
:1020000044804FF0100AA0461C460B4604E0103DE9
:10201000102D09F1080916DD01331032072BC9E92B
:10202000006ACDE91C32F2DD1BAA394658460DF193
:10203000A00905F057F900287FF419AC103D102DC8
:10204000DDE91C32E8DC194623464446DDF84480CD
:10205000C9F8006001312A440729CDE91C12C9F8EA
:10206000045000F35C8209F1080943E41BAA3946D5
:102070005846119305F036F900287FF4F8AB1D9A05
:10208000119B0DF1A0094AE41BAA3946584605F0F8
:1020900029F900287FF4EBAB1D9A0DF1A00950E45B
:1020A00010A603081095030800950308102C1C9B2C
:1020B000AC4E1DDD102504E0103C102C09F1080980
:1020C00016DD01331032072BC9E90065CDE91C325A
:1020D000F2DD1BAA394658460DF1A00905F002F9B8
:1020E00000287FF4C4AB103C102CDDE91C32E8DC86
:1020F00001332244072BC9E90064CDE91C327FF784
:1021000046AC1BAA3946584605F0ECF800287FF487
:10211000AEAB1D9A3BE41599002940F30F82DDE92F
:102120000B359D42A8BF1D46002D0BDD1C9B0133C6
:102130002A44072BC9E900451D921C9300F3DE8356
:1021400009F108090B9E002DA8BF761B002E00F395
:102150009381159B0C998B4280F261810E990F98A7
:102160000A44C9E900011C991D92013107291C91FB
:1021700000F3408309F108090C990B98CB1A0D1A4A
:102180009D42A8BF1D46002D0EDD1C99C9F80450C4
:10219000013104442A440729C9F800401D921C91CA
:1021A00000F3B88309F10809002DACBF5C1B1C4685
:1021B000002C7FF7E3AB102C1C9B6B4D40F3F6819A
:1021C000102605E009F10809103C102C40F3EE81BF
:1021D00001331032072BC9E90056CDE91C32F1DD7D
:1021E0001BAA3946584605F07DF800287FF43FAB1E
:1021F000DDE91C320DF1A009E6E7049B002B40F05D
:10220000678300230493079328ACBBE5029BD9079F
:102210003FF5A5AE1C9BC9F80040013301320121F6
:10222000072B1D921C93C9F804107FF7C8AE1BAA98
:102230003946584605F056F800287FF418ABDDE91A
:102240001C320DF1A009BCE60C994C1E002C7FF746
:10225000B8AE102C444DC8BF102606DCE2E109F1EF
:102260000809103C102C40F3DD8101331032072B9C
:10227000C9E90056CDE91C32F1DD1BAA39465846A2
:1022800005F030F800287FF4F2AADDE91C320DF1E8
:10229000A009E6E71BAA3946584605F023F80028AE
:1022A0007FF4E5AA1D9A0DF1A009FFF754BB089B26
:1022B00053F8040B08932DE4C1170B46002BBFF60F
:1022C000CBAB40424FF02D0561EB41018DF84F50F3
:1022D00001232CE41AF0100309D11AF0400106D0B2
:1022E000089A52F8040B0892194680B21AE4089B27
:1022F00053F8040B08930B4614E41AF010030AD1A8
:102300001AF0400107D0089A52F8040B08921946B7
:1023100080B2012306E4089B53F8040B08930123C1
:1023200000E41BAA3946584604F0DCFF00287FF47D
:102330009EAADDE91C320DF1A0091FE61BAA394651
:10234000584604F0CFFF00287FF491AADDE91C3243
:102350000DF1A0091FE6089398F80030FFF7F1B9D6
:1023600028AC0FE50095030810950308B4EE488BE0
:10237000F1EE10FA80F14F83049B01330A9B23F0A6
:10238000200600F0D682472E00F0A1804AF4807328
:10239000029318EE903A002BC0F24682B0EE48ABA2
:1023A00000250A9B662B00F07C81462B00F079818A
:1023B000B0EE4A0B452E0ABF049B049A5A1C19AB77
:1023C000019316AB0093022115AB5846039201F01E
:1023D00097FC0A9B039A672B044640F085821AF00B
:1023E000010F00F0AB81A11870E10A9B8DF851300C
:1023F00030238DF850304AF0020A0223FFF792BBD7
:10240000089B059853F8041B0893C217C1E9000202
:10241000FFF773B90A93FFF7F6BB0A9304E4029936
:10242000C8073FF59BAEDDE90B010D1ACB1A9D42A3
:10243000A8BF1D46B8E64021584602F02BFBCAF85B
:102440000000CAF81000002800F025834023CAF8D5
:102450001430FFF743B920460895CDF808A0FFF7E0
:102460006FF8002320EAE0729DF84F500790049324
:1024700003920B93FFF7D4BA102E1C9BAC4D40F384
:10248000A7814FF0100A05E009F10809103E102E4F
:1024900040F39E8101331032072BC9E9005ACDE980
:1024A0001C32F1DD1BAA3946584604F01BFF0028F8
:1024B0007FF4DDA9DDE91C320DF1A009E6E7089BF8
:1024C000059953F8042B11600893FFF716B9049B84
:1024D000002B08BF0123049358E728ACCDF80880EF
:1024E000A84625460A22002304460E4609F03AFB78
:1024F000303205F8012D0023204631460A2209F02A
:1025000031FB0A2C76F10003ECD22C4628AB1B1BC6
:1025100045460793DDF80880CDF808A032E41BAAF1
:1025200039465846119304F0DDFE00287FF49FA938
:102530001D9A119B0DF1A009FFF7DCB91C9B7D488A
:10254000C9F80000013301320120072B1D921C93B2
:10255000C9F8040000F35B8109F1080900296DD175
:10256000029B0C9903F001030B433FF407AA0E9B57
:102570000F991A44C9E900131C9B1D920133072BC4
:102580001C9300F3578109F108090C99C9F8004020
:1025900001330A44072BCDE91C32C9F804107FF738
:1025A000EBA91BE59DF84F50FFF765BA01332244B4
:1025B000072BC9F80050C9F80440CDE91C327FF759
:1025C000DBA90BE51BAA3946584604F08BFE002810
:1025D0007FF44DA91D9A0DF1A009FFF7F6BB1BAAC8
:1025E0003946584604F07EFE00287FF440A91D9A23
:1025F0000DF1A009FFF7A9B91BAA3946584604F006
:1026000071FE00287FF433A91D9A0DF1A009FFF790
:10261000F2BB062B28BF0623CDE90735464C0393B2
:10262000FFF750B901332244072BCDE91C32C9F81A
:102630000050C9F804407FF7C2ACF8E50E9B0F9834
:102640001A44C9E900031C9B1D920133072B1C93FC
:1026500000F3F08009F10809002996DA4E421031A2
:10266000334DB8BF4FF0100A06DB9EE109F10809AF
:10267000103E102E40F3998101331032072BC9E927
:10268000005ACDE91C32F1DD1BAA3946584604F048
:1026900029FE00287FF4EBA8DDE91C320DF1A0092A
:1026A000E6E719AB019316AB0093032115AB049A2F
:1026B000B0EE4A0B584601F023FB049B0446C118B8
:1026C0002378302B00F08981159B1944B5EE40AB7F
:1026D000F1EE10FA00F0AC80199B8B4206D230204C
:1026E0005A1C19921870199B9942F9D81B1B472E36
:1026F0000C932AD00A9B662B40F0CA81159B049A42
:102700000B93002B0AF0010A40F3E6805AEA02011B
:1027100040F093810B9B03930793002D00F0E98019
:102720002D238DF84F3000230493FFF77CB900BFB1
:102730001095030810A60308649F0308199B472EF1
:10274000A3EB04030C9340F0A381159B0B93D91CBE
:1027500012DB049A93420FDCDDE90B329342C0F2A4
:10276000FB801AF0010F40F0438123EAE3720793E4
:10277000672303920A93D0E70A9B023B0A930B9AC2
:102780000A9B8DF85C30531E002B1593B6BFC2F127
:1027900001032B222D22092B8DF85D2064DC3033C0
:1027A0008DF85F3030238DF85E30042310930C9A3F
:1027B000109B012A1344079340F32481079B0E9A30
:1027C0001344079323EAE373039300230B93A4E7D3
:1027D00001333244072BCDE91C32C9F80050C9F847
:1027E000046035DC09F10809B3E42D258DF84F505C
:1027F000FFF707B91BAA3946584604F073FD0028B5
:102800007FF435A8159B1D9A0DF1A009B4E41BAA0D
:102810003946584604F066FD00287FF428A815992B
:102820001D9A0DF1A00999E62D25B1EE48ABB8E54A
:102830000B465BE71BAA3946584604F053FD0028B7
:102840007FF415A8DDE91C3215990DF1A00903E705
:102850001BAA3946584604F045FD00287FF407A816
:102860001D9A0DF1A00974E40DF16B06DFF840C26A
:10287000324610468CFB0321DA17C2EBA10202EBB1
:102880008201A3EB4101303100F8011C1946632994
:10289000134600F1FF32ECDC3033D9B2831E9E4286
:1028A00002F8011C40F2E58013460DF15E0201E0E2
:1028B00013F8011B02F8011B9E42F9D10DF16D03C3
:1028C0000DF15E021B1A134417AA9B1A10936EE7B0
:1028D000DDF808A0FFF7D4B85AEA020340F0C1803F
:1028E00001230393079318E70A9B472B3FF477AD27
:1028F00079E504959DF84F50FFF792B81BAA394629
:10290000584604F0EFFC00287EF4B1AF1D9A0DF19B
:10291000A00917E41BAA3946584604F0E3FC002836
:102920007EF4A5AF0C9A159B0DF1A009D31A1D9A40
:102930003AE40623049329E5049B0895CDF808A002
:102940009DF84F500393079304900B90FFF768B8DE
:102950008DF84F00FFF791B90E9A0C9B13440B9A18
:102960000793002A71DD23EAE373039367230A9335
:10297000D3E68DF84F00FFF75EB88DF84F00FFF7F4
:10298000B6B900210491FEF7DEBE8DF84F00FFF7C7
:10299000B4B88DF84F00FFF71FB98DF84F00FFF75F
:1029A00019B88DF84F00FEF77FBF01333244072B73
:1029B000CDE91C32C9F80050C9F804607FF7E3ADD7
:1029C0001BAA3946584604F08DFC00287EF44FAF10
:1029D000DDE91C320DF1A009D7E5B5EE40ABF1EE13
:1029E00010FA3FF471AE049BC3F1010315936CE63A
:1029F0000B9B0E9A1344079323EAE3730393672315
:102A00000A938AE61AF001020B927FF4D7AE23EA0A
:102A1000E373039381E618EE903A002BB8BF2D259F
:102A20002AF080030293A8BF9DF84F501E4C1F4B05
:102A3000B8BF8DF84F50FEF7E9BF0E990B441A440A
:102A400022EAE2730792039367E60B9B079AC3F1AE
:102A500001031A4422EAE2730393672307920A935D
:102A60005BE60E9B01331A4422EAE273079203935A
:102A700053E6022310939AE6089998F80130A0468D
:102A800051F8044B089144EAE4740494FEF759BEEB
:102A9000159B0B9373E60C23CBF800304FF0FF33FC
:102AA0000593FEF7EEBE00BFE0A50308E4A503080A
:102AB000676666662DE9F04F8B46B1F90C10ADF5EF
:102AC000317D8E048146089309D4DBF8643041F4EB
:102AD000005123F40053ABF80C10CBF8643092464D
:102AE0001AF8012B1392002A00F01F870023734F5E
:102AF00009930A93079398460493BB5C13F0080369
:102B000072D1252A60D19AF800001E461D46A0F118
:102B100025020AF10101532A61D8DFE812F05400BE
:102B200060006000600060006F0460006000600092
:102B300060006000AE00AE00AE00AE00AE00AE00C1
:102B4000AE00AE00AE00AE0060006000600060004D
:102B50006000600060006000600060000B04BA006C
:102B60006000BA0060006000600060003004600037
:102B700060000204600060006000600060006000AF
:102B8000600060009F03600060001404600060004B
:102B9000600060006000600060001E040D04BA0068
:102BA000BA00BA003A044404600060004B046000BC
:102BB0005804040423046000600026046000290413
:102BC000600060009F038A46DBF80430002B3DDD87
:102BD000DBF800301AF8012C1978914225D00498BE
:102BE0000DF5317DBDE8F08FDBF804200EE0DBF859
:102BF00000301A78BA5C150703F101030ED5DBF833
:102C00000420013ACBE9003208F10108002AEEDC89
:102C10005946484605F050F90028E8D01AF8012B2B
:102C20001392002A7FF469AFD9E70133CBF8003063
:102C3000DBF80430013BCBF804301AF8012B139277
:102C400008F10108002A7FF458AFC8E75946484602
:102C500005F032F90028BBD0049A002A00F0C386A0
:102C6000BBF80C3013F0400F18BF4FF0FF32049246
:102C700004980DF5317DBDE8F08F16F08F0FAED1C1
:102C800005EB850500EB4505303D9AF801008A46C5
:102C90003DE78A460424DBF80420002A40F3EC8256
:102CA000720640F1F582621E032A00F2DE86DFE83A
:102CB00012F0CC018701D300070000BFF99303088D
:102CC0004846039301F0DEFE6A1E03680D93B2F5D9
:102CD000AE7F039B40F2F2836FF4AE7C05EB0C02F7
:102CE000109240F25D15002258A946F4F0660B914F
:102CF0000C46CDF838A059461192CB460F92069259
:102D00000C9203969A46914608680278A2F12B0C21
:102D1000BCF14E0F50D8DFE81CF0E6014F00E60191
:102D20004F004F008A029700970097009700970086
:102D300097009700970097004F004F004F004F00FB
:102D40004F004F004F00DF014F004F004F00660261
:102D50005F024F004F0007024F004F004F004F002F
:102D6000EE014F004F004F004F004F00D8014F00C1
:102D70004F004F004F00D1014F004F004F004F0058
:102D80004F004F004F00DF014F004F004F00660221
:102D90005F024F004F0007024F004F004F004F00EF
:102DA000EE014F004F004F004F004F00D8014F0081
:102DB0004F004F004F00D1010D9B93F800C0944588
:102DC00016D1039B9E0513D523F420730393069B12
:102DD0000C9304F8012B013D4A68013A002A08F1DE
:102DE00001084A6040F3238301300860002D8BD135
:102DF0004A46D9468B460699039E5346DDF838A0CD
:102E0000002940F05883013A012A40F2DE855A1E1B
:102E1000062A00F2A281022B40F21086032B00F05A
:102E20009C81043BDBB2DD430393254414F8011D70
:102E30005A46484605F000F8A542F7D1039B08F131
:102E4000FF38A8EB030888E119EB0A0FD0D1039BE8
:102E500023F4C0730393BCE76B1EB3F5AE7F40F25F
:102E600020836FF4AE72AB18069340F25D1558AC38
:102E700000235946D346C246DDF81C800B9446F425
:102E8000586603930A681078A0F12B034D2B60D885
:102E9000DFE813F039025F0039025F005F00BD0216
:102EA000C701C701C701C701C701C701C7013F0269
:102EB0003F025F005F005F005F005F005F005F0038
:102EC0004E004E004E004E004E004E005F005F0070
:102ED0005F005F005F005F005F005F005F005F00FA
:102EE0005F005F005F005F005F005F005F002C021B
:102EF0005F005F005F005F005F005F005F005F00DA
:102F00004E004E004E004E004E004E005F005F002F
:102F10005F005F005F005F005F005F005F005F00B9
:102F20005F005F005F005F005F005F005F002C02DA
:102F3000B8F10A0F0DDD26F4386604F8010B4B6872
:102F4000013B002B4B6040F37E8201320A60013D61
:102F500098D1F005CDF81C80D046DA468B4607D5CF
:102F60000B9B9C4200F2A5840B9B9C423FF437AE26
:102F700016F0100240F078820B99079B099D227091
:102F80004846A847B10600F16782720700F1338412
:102F900016F0010240F06082B30740F15D82AD4B54
:102FA000099999424846079B0B9900F0318503F037
:102FB000DFFF089B53F8042B0893C2E9000150E29D
:102FC000002D08BF4FF0FF35F10700F18182F106B7
:102FD00040F12F83DBF800301A78BA5C12073FF516
:102FE0001DAE0133CBF80030DBF80430012D03F1C6
:102FF000FF33CBF8043008BF08F101083FF40EAEF0
:10300000012412E0DBF800301A78BA5C160703F1ED
:10301000010312D4CBF80030DBF804300134013B5B
:10302000A542CBF8043000F05C84002BEADC594662
:10303000484604F041FF0028E4D0A0441AF8012BD0
:103040001392002A7FF459ADC9E5002D08BF4FF057
:10305000FF35F20700F13583F00640F19F82DBF87F
:10306000003018AE1A78B25C002A3FF4B8AD0133D4
:10307000CBF80030DBF80430012D03F1FF33CBF83F
:10308000043011D1D9E7DBF800301A78B25C013393
:10309000002AD2D0CBF80030DBF804300134013BF9
:1030A000A542CBF80430C8D0002BECDC594648468A
:1030B00004F002FF0028E6D0A044BFE7BAF1070FF2
:1030C0007FF496AE4FF0080A83E6BAF1060F7FF45C
:1030D0008FAE4FF0070A7CE6B9F1010F7FF488AE9E
:1030E0004FF0020975E6039B1E067FF581AE23F0C3
:1030F000800303936DE6B9F1000F40F0CB81069B8E
:1031000033B9039B03F4E06CBCF5E06F00F0F3838C
:10311000BAF1010F03D0BAF1040F7FF469AE0AF1DE
:10312000010A5FFA8AFA54E6BAF1000F40F0A98169
:10313000069B002B40F0B881039B03F4E06CBCF5C8
:10314000E06F00F0D1834A46013A012AD946039E36
:10315000DDF838A08B4640F23884F50513D57005AC
:1031600000F1468414F8011C652904F1FF3308F1CD
:10317000FF3502D0452940F031835A464846A846DB
:103180001C4604F059FE16F010027FF447AD06F419
:10319000C063B3F5806F227000F094830F9B002B07
:1031A00040F046830B990022484603F0BFFCF1072C
:1031B000089B02D4B20740F1248353F8042B82ED1C
:1031C000000B0893049B1AF8012B1392013304930C
:1031D000002A7FF492AC02E5BAF1020F7FF408AE48
:1031E0004FF0030AF5E5039B03F4A06CBCF5806F78
:1031F00006D05E057FF5FCAD069B002B00F0DC835E
:10320000039B9B0504D4069B0C9E11949B1B0F9360
:10321000039B23F4F06646F4C073039300230693E4
:10322000D7E50D4B26F4386633F9188085E6039B05
:10323000DE057FF509AE23F080030393069B01337F
:103240000693109B002B3FF4C6AD109B013B1093DF
:10325000C2E500BFE17002082095030846F400763D
:10326000984A099210220792DBF80420002A8A4625
:103270004FF003043FF714AD59464846039304F05A
:103280001BFE039B00287FF4E7AC72063FF50BADF5
:10329000DBF800100A78BA5C10077FF504AD0393E1
:1032A0005B460A46C346A0461C4604E022601378EB
:1032B000FB5C190714D56368013B002B0BF1010B74
:1032C000636002F10102F1DC2146484604F0F4FD9E
:1032D000002840F0F38122681378FB5C1907EAD4D8
:1032E0002246039B4446D8469346DCE406F4C0637A
:1032F000B3F5007F7FF42DAE26F4007646F4A06689
:103300004FF0100819E633067FF523AE26F080064D
:1033100013E66D4B33F91880B8F1080F3FF70BAE89
:1033200017E646F00106674A099208228A46079284
:103330000324B0E446F00106644A09920A228A4650
:1033400007920324A7E418A8039302F055FC46F063
:103350004006039B824601249DE446F040068A46CF
:10336000002498E446F408767AE78A46022492E438
:10337000544A09920A228A46079203248BE43007B2
:103380007FF42DAC9AF8010046F002068A46FFF75A
:10339000BEBB32077FF423AC9AF8010046F0040666
:1033A0008A46FFF7B4BB494A099200228A4607922F
:1033B000032470E434077FF412AC9AF801006C28FF
:1033C00000F0878246F001068A46FFF7A0BBF306AD
:1033D00000F1FE81750700F12282F40700F1A88256
:1033E000B00740F1A582089B53F8042B08934FEADD
:1033F000E8738A46C2F8008053600FE435437FF4D7
:10340000EEAB9AF8010010268A46FFF780BB330521
:103410007FF593ADB8F1000F03D146F400764FF07D
:103420000808730540F1C88126F4B06685E5584662
:10343000059104F041FD059900287FF4D9AC002DD9
:103440007FF462ACD4E44846059104F035FD05995B
:1034500000283FF47CAD7CE5089B53F8042B1060FA
:103460000893049B013304930B9B1AF8012B1392CE
:10347000E41A039B23449844002A7FF43EABFFF7F1
:10348000AEBBBAF1030F3FF44AAEBAF1050F3FF4F9
:1034900046AEADE4B9F1020F7FF43AAE4FF0030946
:1034A00097E400230693E2E45346039EDDF838A038
:1034B0004A46D9468B4626F48076A4E40022109230
:1034C00011E400BFE170020820950308996D02081D
:1034D00016F0100640F07F81089B53F8042B0392EE
:1034E0000893DBF800301B78FB5C13F0080440F015
:1034F000D6810596CDF818A001F09CFAA0422E4680
:103500003FF4AAABDBE9003213F8011B013ACBE927
:1035100000320A9B58A8032B015504F1010A16AD8D
:1035200002D12B68042B04D0082200212846FDF785
:103530005BFB58AA039900955346484601F054FD99
:10354000421C0A903FF488AB002840F0DB81039ACC
:10355000106001F041FA002840F00282D044013EA0
:10356000059B002B40F00F82039A043203929A4687
:10357000DBF80430002B40F3E481DBF800301B78EB
:10358000FB5C180700F18981002E00F0868101F0B4
:1035900051FA5446A042B5D1FFF75EBBDBF80020DC
:1035A0000899137851F8040B039018AE0591F35C59
:1035B000002B3FF414ABDBF80430013BCBF80430B4
:1035C000531CCBF800300446137804F8013B012D5E
:1035D00021D0054411E0DBF800301A78B25CD2B19A
:1035E000DBF80420013ACBF804205A1CCBF8002069
:1035F0001B7804F8013BAC420DD0DBF80430002B03
:10360000E9DC5946484604F057FC0028E3D0039B08
:10361000A3423FF421AB039BE61A3FF4E0AA049BCC
:1036200001330493059B08930023B0442370FFF7F4
:10363000F5BA089B1A46DBF8003052F8046B039287
:103640001A78BA5C100700F1E181DBF80420013A36
:10365000CBF804205A1CCBF8002034461B7804F821
:10366000013B012D00F0D881354412E0DBF8003039
:103670001A78BA5C110716D4DBF80420013ACBF8AB
:1036800004205A1CCBF800201B7804F8013BAC4204
:1036900009D0DBF80430002BE8DC5946484604F03A
:1036A0000BFC0028E2D0A61BB044049B013304931A
:1036B000039B089300232370FFF7B0BAA346FFF7DC
:1036C000CBBA16F010030B9340F09280089B53F88E
:1036D000042B03920893CDE905580A9CCDF830A03D
:1036E000002601F0A7F9B0423FF4B6AADBE90032A8
:1036F00058A813F8011B8155013A032CCBE900327D
:1037000006F1010A0DF1500803D1D8F80030042B5E
:1037100004D0082200214046FDF766FA039DCDF84B
:103720000080534658AA2946484601F05DFC431CD8
:1037300004463FF491AA002840F08E802860054698
:1037400016AB0822002118460A93FDF74DFAB84936
:103750000A9BD1F8E0102A4648460D4612A9A84710
:10376000012800F09180002218AB9B5C002B00F038
:103770000D81069B032C5344069300F08880059B23
:10378000013B05930B9B13B9039B04330393DBF8B5
:103790000430002B4FF0000667DD059B002BA0D105
:1037A000DDF81880DDF830A00A940B9B002B7FF425
:1037B00035AA039A136005E5069B26F4607613B1DB
:1037C000013B06930135039B01330393FFF7B7BB1E
:1037D0008A46FFF723BA13AB039382E65A4648465C
:1037E00004F02AFBA8F1020514F8021CA31EC4E48D
:1037F00013AB03936FE7089B53F8042B08931080D7
:103800002FE6B4EE400BF1EE10FA53F8044B80F1C2
:103810000681B7EEC00B089384ED000AD2E4089B42
:1038200053F8042B08938A46A2F80080FFF7F6B9F4
:10383000119C21460A230131484603F0ADFA0F9B43
:10384000C21A0DF2B3239C4228BF0DF2B22479496B
:10385000204602F033FAA5E4851C40F0FE80DBF838
:103860000430002B56463FF73CAF5946484604F01B
:1038700023FB002891D0DDF81880DDF830A00A94F1
:10388000002E92D0FFF7E8B99DF848206CE7D8F8F1
:103890000030042B7FF473AF74E7DDE9056A002E76
:1038A0007FF4BCA9039B1E60049B01330493FFF7C4
:1038B000B5B914F8011C5A464846013C04F0BCFA5C
:1038C000FFF752BB0C9B06998B42A3EB0102B8D1C8
:1038D00068E49AF8020046F002060AF1020AFFF7CD
:1038E00016B9A844FFF79AB923F4F06303934FF095
:1038F000010AFFF76EBA23F4F06303934FF0010956
:10390000FFF767BA0A9B02333FF432AE039B186895
:1039100001F062F820BB0A9B032BD0447FF41FAE5A
:103920002B68042B7FF41BAE1AE60492FFF757B9FD
:10393000089B53F8042B8A46C2F800800893FFF7CF
:103940006DB95946484604F0B7FA00283FF415AE61
:103950005346059EDDF818A0002B7FF47DA99EE755
:103960005346059EDDF818A0002B98D058AB1C4498
:10397000C3F1010514F801195A46484604F05CFAEF
:10398000E542F7D18BE74FF0000AF1E55346DDF849
:103990001880DDF830A00A94002B3FF406AF58AB36
:1039A0001E44C3F1010416F801195A46484604F0B2
:1039B00043FAF442F7D1F8E64A465346D946039E05
:1039C000DDF838A08B46FFF71EBA0B9DAC427FF6A0
:1039D00006A914F8011D5A46484604F02DFAAC42D7
:1039E000F7D1FFF7FCB84FF0FF330493FFF7F7B8B8
:1039F0000B9DAC427FF6F3A814F8011D5A464846C9
:103A000004F01AFAAC42F7D1FFF7E9B834464CE6B5
:103A100003F04EFCFFF7CDBA08F1010845E6064871
:103A20000893FDF701F884ED000AFFF7CBBB00BF58
:103A30003804002414A60308809F03080B9A9442BC
:103A40007FF6CDA814F8011D5A46484604F0F4F953
:103A50000B9B9C42F6D1FFF7C2B8039B1B681D4627
:103A600001337FF46DAE2A467EE6012D38BF012575
:103A700016F0010415D1F10679D4089C2B4654F8B0
:103A8000041BCDF800B00122484604F033FA0028A8
:103A90003FF4E2A8049B0894013380440493FFF7A9
:103AA000BDB816F01003039308BF089BCDF814A00F
:103AB00004BF53F8046B08934FF000040A9BAA4616
:103AC00018BF00264D46A146069300F0B3FF4845B7
:103AD0003FF4C2A8DBE9002158AB12F8010B03F850
:103AE0000900069B0139032BCBE9002109F10109EB
:103AF00016AC02D12368042B04D0082200212046F2
:103B0000FDF772F84B4658AA00943146284601F05A
:103B10006BFA421C03463FF49FA800283DD1039A4C
:103B200002B93260C8440AF1FF3A039A02B9043676
:103B3000DBF80420002A4FF0000934DDBAF1000F51
:103B4000C2D1DDF814A00A93A946039B002B3FF4D1
:103B500039ABFFF763B8DBF800201A44CBF800203C
:103B6000594648461C44ED1A04F0A6F978B9DBF82A
:103B700004309D42EFDC5B1BCBF80430DBF80030F7
:103B80002C441D44CBF80050A044FFF757BA002C3A
:103B90003FF462A8A044FFF751BA981C14D1DBF897
:103BA0000420002A90DC59462846069304F084F944
:103BB000069B0028C2D04C46DDF814A00A93A94603
:103BC000002CC2D0FFF748B8032BC844ABD1226801
:103BD000042AA8D1A9E700BF2DE9F04F03690C69B9
:103BE000A34283B0C0F28780013C01F11405A30019
:103BF00000F11408009355F8243058F824200133BC
:103C000081469A4208EB840005EB84070190B2FBE1
:103C1000F3F63BD30023AE4640469B465EF804AB2A
:103C200002681FFA8AFC06FB0C334FEA134C4FEA7A
:103C30001A4A06FB0ACA1FFA83FCABEB0C0C1FFAEC
:103C40008AF31CFA82FCC3EB124202EB2C421FFAED
:103C50008CFC4CEA0243774540F8043B4FEA224B88
:103C60004FEA1A43DAD2009B58F8033073B9019B2C
:103C7000043B984504D307E0984504F1FF3403D290
:103C800053F80429002AF7D0C9F81040484601F03B
:103C90004DFD00282BDB01364046002355F8041B60
:103CA000D0F800C08AB29A1A0B0C12FA8CF2C3EB4D
:103CB0001C4303EB224392B242EA0342AF4240F874
:103CC000042B4FEA2343E9D258F8242008EB84035D
:103CD0006AB9043B984504D307E0984504F1FF34E2
:103CE00003D253F80429002AF7D0C9F8104030460F
:103CF00003B0BDE8F08F002003B0BDE8F08F00BF37
:103D00002DE9F04F2DED028B8FB0CDE905320191F9
:103D1000016C1A9D8DED020B57EC106B044641B1FE
:103D2000426C4A60012393408B6001F043FA002308
:103D30002364B7F10008B4BF012300232B60BE4BFE
:103D4000BCBF28F00048CDF80C8033EA080300F02F
:103D50009F809DED028BB5EE408BF1EE10FA10D1F5
:103D6000059A012313601B9B002B00F03982B34896
:103D70001860431E009300980FB0BDEC028BBDE8A5
:103D8000F08F0CAA0DA92046B0EE480B01F026FEDC
:103D90005FEA1853054640F09380DDE90C130B44AD
:103DA00003F23242202A40F3FF82C2F1400208FAB5
:103DB00002F803F21242D64048EA060207EE102A41
:103DC000B8EE477B581E17EE906A0123089353EC18
:103DD000172BA6F1F8739FED923B9FED937B9FED20
:103DE000945B06EE900A43EC122BB8EEE64BB7EE6E
:103DF000086B32EE466BA6EE037BA4EE057BFDEE70
:103E0000C76BB5EEC07BF1EE10FA16EE908A08D5BE
:103E1000B8EEE66BB4EE476BF1EE10FA18BF08F19E
:103E2000FF38B8F1160F00F24581854B03EBC8034C
:103E300093ED007BB4EEC78BF1EE10FA57D5091A5B
:103E400000234F1E08F1FF38099300F139814FF02C
:103E50000009B8F1000F51DA019BCDF81080092B51
:103E6000A9EB0809C8F1000A4FF000084ED8052B4D
:103E700040F3A182043B01930026019B9A1E032A72
:103E800000F22281DFE812F0AE03AB03A20382034B
:103E9000059A42F20F73C8F31308136058EA060339
:103EA0001ED11B9B002B00F08585664B00930833C9
:103EB0001B9A009813600FB0BDEC028BBDE8F08F29
:103EC00018EE906AA3F2FF30C6F31306002308939E
:103ED00053EC182B46F07F530C9943F440137AE7C8
:103EE0001B9B002B40F04183574B009343E7091A7B
:103EF00000234F1E099300F1E3809946019BCDF802
:103F00001080092B47444FF0000AB0D90023012646
:103F1000019307964FF0FF3B069300216164CDF8B3
:103F20002CB0204601F020F90090002800F03185E7
:103F3000009B2364BBF10E0F00F2D980002E00F02D
:103F4000D680049B002B40F3D2833D4A03F00F013F
:103F500002EBC10292ED007B1A11DB0540F1748384
:103F60003A4991ED086B02F00F02032088EE065BE0
:103F70005AB13649D60704D591ED006B013027EED2
:103F8000067B521001F10801F4D185EE076B099B05
:103F90003BB1B7EE007BB4EEC76BF1EE10FA00F167
:103FA000988407EE900AB8EEE75BB1EE0C7BA5EEC5
:103FB000067B17EE902A51EC170BA2F15071BBF162
:103FC000000F00F06E83049E5A46079B002B00F002
:103FD0003184B6EE003B1A4BFDEEC64B03EBC20C30
:103FE000B8EEE47B36EE477B1CED026B83EE065B9E
:103FF00041EC160B14EE900A35EE465B0099B4EED8
:10400000C57B3030F1EE10FA01F8010B00F19B8412
:10401000B7EE002BB2EE044B4FF0000C31E000BFC6
:1040200061436F63A787D23FB3C8608B288AC63FBE
:10403000FB799F501344D33F0000F07F11A6030883
:104040005895030820A603081CA6030848960308F1
:104050000CF1010C94454ADA27EE047B25EE045B53
:10406000FDEEC76B16EE903AB8EEE63B303337EE16
:10407000437BB4EEC57BF1EE10FA01F8013B00F191
:10408000628432EE476BB4EEC56BF1EE10FADFD509
:10409000009A049602E0914200F03F84894611F8AC
:1040A000013D392BF7D00133DBB20B70049B013398
:1040B000049361E1091A01234F1E09937FF5C7AEEE
:1040C000C1F101090027C4E6002666643146204696
:1040D00001F04AF80090002800F05B84009B236404
:1040E00001224FF0FF3306960B9307929B460D9AE1
:1040F000002A55DB04990E2952DCBB4B03EBC103AC
:1041000093ED006B069B002B15DABBF1000F12DC60
:1041100040F0DB82B1EE047B26EE076BB4EEC68B7B
:10412000F1EE10FADA465E4600F27582069BDDF883
:104130000080DF4377E288EE067BBDEEC77B009907
:1041400017EE103ABBF1010F03F13003B8EEC75B75
:1041500001F8013BA5EE468B00F02283B2EE044B42
:10416000012311E088EE067BBDEEC77B013317EE1D
:10417000102A5B4502F13002B8EEC75B01F8012B53
:10418000A5EE468B00F00C8328EE048BB5EE408B39
:10419000F1EE10FAE6D1049B013304938946EBE07B
:1041A000079B2BB3019B012B40F361820BF1FF3383
:1041B0009A4580F24682A3EB0A0AD0449A4600232D
:1041C000BBF1000FC0F21D83CDF820905F44D944AD
:1041D000012120460A9301F0F5F80A9B06460BE000
:1041E000824B009300980FB0BDEC028BBDE8F08FBE
:1041F000079ECDF820905346089900290ADD002F2C
:1042000008DDB9420A46A8BF3A46891AA9EB020955
:104210000891BF1ABAF1000F1BD0079A002A00F0CC
:104220005F82002B11DD1A46314620460A9301F0C9
:10423000A5F92A4601460646204601F0F1F829462E
:104240000546204600F0B6FF0A9BBAEB030240F099
:10425000D2820121204601F0B5F8B8F1000F824664
:1042600000F3AB80019B012B40F3838100230A9371
:104270000120B8F1000F40F0AC80384410F01F006E
:1042800000F09080C0F12002042A40F39783C0F12F
:104290001C00089B0344814408930744B9F1000FB4
:1042A00005DD29464A46204601F0C8F90546002F9B
:1042B00005DD51463A46204601F0C0F98246099B89
:1042C000002B40F03781BBF1000F40F31D81079BAD
:1042D000002B40F09B80049B01330493DDF80080A9
:1042E000012707E0294600230A22204600F06CFF40
:1042F0000137054651462846FFF76EFC5F4500F141
:10430000300008F8010BEDDBBBF1000F009AD8BFBD
:104310004FF0010B03469344002729460122204613
:10432000019301F08BF95146054601F0FFF9002891
:1043300040F392811BF8013C009A0BF1FF3B04E033
:104340005A4500F0C6811BF8013D392B0BF10109DC
:10435000F6D001338BF800305146204600F02AFF9A
:1043600056B12FB1B74203D03946204600F022FFA4
:104370003146204600F01EFF2946204600F01AFF75
:10438000002389F80030DDE904231A601B9B002B11
:104390003FF4F1AC0098C3F800900FB0BDEC028B75
:1043A000BDE8F08F1C2074E7C2F1200206FA02F289
:1043B00007EE102A04E501265FE501464246204645
:1043C00001F0DCF8019B012B824640F3B58100230C
:1043D0000A93DAF810200AEB8202106900F0A2FFBB
:1043E000C0F1200049E700BF5895030810A6030854
:1043F000314600230A22204600F0E6FE0B9B002BEC
:10440000064640F3B882CDF810809B46089B002BEF
:1044100005DD31461A46204601F010F906460A9B92
:10442000002B40F0D181B046029B009F03F00102B7
:104430007B1E5B440893019B0A92134309935146E8
:104440002846FFF7C9FB31468346284601F06EF93E
:10445000424651468146204601F08AF9C26801462B
:104460000BF13003002A42D1CDE90603284601F0C2
:104470005DF906990290204600F09CFE029A079B87
:104480001AB90999002900F06882B9F1000FC0F249
:104490006981019949EA01090A9951EA090100F083
:1044A0006181002A00F3B181089A3B7007F101098C
:1044B0009742CB4600F0AF81294600230A222046CE
:1044C00000F082FE4645054631464FF000034FF0AE
:1044D0000A02204612D000F077FE4146064600232D
:1044E0000A22204600F070FE4F468046A7E720468D
:1044F000029300F05FFE029B0122C6E700F064FE1B
:104500004F46064680469AE7019B022B71DC079BCB
:10451000002B7FF47BAF049B514601332846049364
:10452000FFF75AFBDDF800B000F130030BF8013B58
:104530000027F2E65146284601F0F8F80028BFF6B9
:10454000C2AE294600230A22204600F03DFE049B0D
:1045500003F1FF38079B0546002B7FF449AF0B9B07
:10456000002B40F301829B46B8E6AE4B0093033329
:104570009EE4DDE9020100287FF478AEC1F3130266
:10458000002A00F0E480029B0A9371E6012307935E
:10459000069B049A134403F1010BBBF1010FDC46A7
:1045A0000B93B8BF4FF0010C0021BCF1170F6164F1
:1045B0007FF7B7AC01200422520002F114036345D7
:1045C000014600F10100F7D96164AAE401230793D1
:1045D000069B002B3CDD0B939B469C46E4E70023A7
:1045E0000793D5E700230793F2E7DDF82CB0CDF869
:1045F0001080BBF1000F7FF499AD51465B46052258
:10460000204600F0E1FD01468246284601F08EF882
:1046100000287FF78BAD0098049F3123804600F877
:10462000013B013700905146204600F0C3FD7B1C42
:10463000DDF800900493CDF80080002E7FF498AE52
:104640009AE6AAEB0303BBE50220B0EE485B8FE4D9
:10465000012306939B4660E403D1019BDB073FF5F2
:1046600069AED9461BF8013D302BFAD074E6089BA1
:10467000002B00F0258102F23342CDF82090174440
:1046800091445346A4E507EE900AB1EE0C5BB8EEF8
:10469000E77BA6EE075B15EE902A51EC150BA2F115
:1046A000507141EC150BB1EE047B36EE477BB4EE56
:1046B000C57BF1EE10FA00F34081B1EE455BB4EE3C
:1046C000C57BF1EE10FA7FF512AD4FF0000A5646A9
:1046D0002CE5049B009A01330493312313703BE6CD
:1046E00029465246204600F049FF0546B1E500F054
:1046F0000F81049B4C495A4202F00F0001EBC001AC
:1047000091ED006B121128EE066B00F03F81B0EEC8
:10471000467B464900260220D30705D591ED005B74
:104720000130012627EE057B521001F10801F3D17B
:10473000002E06FE076B2AE4029B002B7FF447AE97
:10474000DDE90201C1F31302002A40F02981384A51
:104750000A40002A00F0F580012309F10109013720
:104760000A9385E5002A12DD29460122204601939D
:1047700000F064FF5146054600F0D8FF0028019B79
:1047800040F3E580392B00F0CE800BF13103B946C0
:1047900009F8013B049B0133374604934646DBE5A9
:1047A00038EE088BB4EEC68BF1EE10FA0ADCB4EEEC
:1047B000468BF1EE10FA7FF4EEAC17EE103AD80704
:1047C0007FF5E9AC009A69E47168204600F0CCFC02
:1047D0000746002800F0E780336902339A0006F1AB
:1047E0000C010C30FCF766F939460122204600F036
:1047F00025FF804618E62946204600F0BFFE054604
:1048000027E5A9EB0B020892E2E4392B00F08B803C
:10481000B9460133BCE7049A013237460492464652
:104820007BE500BF1CA603085895030848960308BB
:104830000000F07F644BFDEEC65B03EBC20C1CED89
:10484000023BB8EEE57B36EE477B41EC160B15EEEE
:10485000901A23EE063B00983031012A00F8011B24
:1048600000F09280B2EE044B009B991827EE047B77
:10487000FDEEC76B16EE903A303300F8013B8842EC
:10488000B8EEE65B37EE457BF0D1B6EE006B33EE6B
:10489000065BB4EEC75BF1EE10FA3FF5F9AB36EE0E
:1048A000436BB4EEC76BF1EE10FA7FF720AC89468C
:1048B000013919F8013C302BF9D0731C04935BE5E6
:1048C0000C9ACDF82090C2F1360217449144534619
:1048D0007EE4BBF1000F3FF4D6AE0B9A002A7FF7BF
:1048E00006ACB2EE044B26EE046B013007EE900AE4
:1048F000049BB8EEE75BB1EE0C7BA6EE057B17EEF2
:1049000090CA51EC170B5E1EACF15071FFF75DBB06
:104910000220B0EE486BFFF73ABB049B01330493CF
:104920003123FFF7C2BB049BBB46013304933923F9
:1049300037460BF8013B4646FEE44FF0000A564668
:1049400069E60A9294E4731C0493894614E57FF4A3
:104950001EAFDA077FF51BAF14E7392BE3D0B9F1AF
:10496000000F3FF712AF12E7019B022B3FF73DAE5E
:10497000CDF81080CFE5019B022B3FF736AEDDF876
:104980002CB0CDF8108041E501467EE70220FFF70C
:10499000FEBA0E4B0E4800224FF4D57104F04AFBCC
:1049A000029B0A9315E5094B09483A4640F2EA2171
:1049B00004F040FB074B0093FFF7DDB93FF46EAC0A
:1049C000C0F13C0065E400BF589503082CA603081D
:1049D00040A6030820A60308002100F001B800BF8C
:1049E000FF289DBF024BC05C00F00800002070470C
:1049F000F993030842B110B50B4910461446FCF771
:104A000033FC18B9094810BD0848704707492046CB
:104A1000FCF72AFC0028F5D005492046FCF724FCC9
:104A20000028EFD0002010BD74A60308FCA30308E3
:104A3000809F0308014B93F8280170473804002435
:104A400041B110B50C4620460A49FCF70DFC18B9D7
:104A5000094810BD0848704707492046FCF704FC88
:104A60000028F5D005492046FCF7FEFB0028EFD0D2
:104A7000002010BD74A60308FCA30308809F030850
:104A8000F030704700487047280500240048704700
:104A9000280500242DE9F04F01F10B06162E83B0F6
:104AA000044624D8102900F2BA8000F059FB1026E1
:104AB00018220220B74F3A44A2F1080153688B42F2
:104AC00000F0BA805A68D96822F003021A449D683F
:104AD000E9608D60516841F001012046516003F1A9
:104AE000080500F03FFB284603B0BDE8F08F36F024
:104AF000070600F19480B14200F2918000F030FB93
:104B0000B6F5FC7FC0F09681730A00F08F80042B0D
:104B100000F26B81B30903F1390003F1380CC300D3
:104B20009C4F3B44A3F108055B689D4206D10CE015
:104B3000002980F22B81DB689D4206D05A6822F062
:104B40000302911B0F29F3DD60463D69DFF848C27F
:104B500065457CD06A6822F00302931B0F2B00F39B
:104B60007781002BC7E904CC80F26881B2F5007F21
:104B700080F01681D308796801334FEA521E012272
:104B800002FA0EF20A4357F833E0C5F808E007EBE3
:104B9000C3010839E9607A6047F83350CEF80C5009
:104BA000831001219940914257D8114206D120F03B
:104BB00003004900114200F10400FAD007EBC009DC
:104BC0004D468646D5F80C80454508D119E1002BA5
:104BD00080F22081D8F80C80454500F01281D8F889
:104BE000042022F00302931B0F2BF0DD2046D8E9AE
:104BF000025408EB060146F00106C8F80460EC60B8
:104C0000A56043F00104C7E90411C1E902CC4C607E
:104C100048F8023000F0A6FA08F1080502E00C237B
:104C200023600025284603B0BDE8F08F4FF40073E1
:104C300040204FF03F0C73E7D3689A4208BF023020
:104C40007FF440AF3D69DFF850C1654582D17A6895
:104C50008310012199409142A7D9BD686B6823F068
:104C60000308464503D8A8EB06030F2B7EDCDFF8CC
:104C70002C91D7F80824D9F800300132334405EBE1
:104C8000080A00F02F8103F580530F3323F47F6B64
:104C90002BF00F0B5946204610F022FB411C024618
:104CA00000F0EF80824500F2EA80D9F80410594400
:104CB000C9F804100B4600F04B81D7F808140131F5
:104CC0001BBFA2EB0A0A5344C7F80824C9F80430F2
:104CD00012F0070300F01281C3F108010A44C3F582
:104CE000805193440831A1EB0B01C1F30B0A5146EB
:104CF00020460192009310F0F3FA421CDDE90032E5
:104D000000F04B81831A03EB0A0BD9F80400BA6058
:104D10004BF001030AEB0001BD425360C9F80410D7
:104D200000F02281B8F10F0F40F220816B68A8F1EA
:104D30000C0020F0070003F0010303436B604FF009
:104D4000050C2B180F28C3E901CC00F22D81536804
:104D50001546D9F82C208A42D9F8302038BFC9F836
:104D60002C108A4238BFC9F830108CE0AA1943F0E1
:104D7000010346F001066E602046BA60536000F001
:104D8000F1F90835284603B0BDE8F08FD9681A4418
:104D90009DE600BFA4050024AC050024A00A002461
:104DA000B2F5206F4FEA522363D3142B00F2B88080
:104DB00003F15C01C9005B3307EB010E7958AEF1DA
:104DC000080E8E4500F091804B6823F00303934258
:104DD00002D989688E45F7D1D1F80CE07A68C5E927
:104DE000021ECEF80850CD60DAE6142B59D9542BA8
:104DF00000F29E80330B03F16F0003F16E0CC300D1
:104E00008EE60EF1010E1EF0030F05F108057FF48A
:104E1000D9AE51E0424445465368D8F80C1043F0EF
:104E20000103536055F8083F2046D9608B6000F0BD
:104E300099F9F7E6F00806F108023BE62A44204615
:104E4000536843F001035360083500F08BF9E9E63D
:104E5000A919204646F0010643F001046E60C7E937
:104E60000411C1E902CC4C60AB5000F07BF908356D
:104E7000D8E6930903F13901C90038339CE7BD42F4
:104E800060D0BD686B6823F0030B5E45ABEB060397
:104E900002D80F2B3FF76AAF204600F063F90025D8
:104EA000C0E603F15C0003F15B0CC30038E659F87F
:104EB00008394B4540F0968010F0030F00F1FF30A9
:104EC000F5D17B6823EA01037B60490099423FF6F4
:104ED000C4AE19B9C1E649000EF1040E1942FAD068
:104EE00070466BE603F1100BD4E69A104FF0010800
:104EF0007B6808FA02F21A437A6070E702EB0B0152
:104F00004942C1F30B0A514620460193009210F02A
:104F1000E7F9431CDDE900237FF4F4AE9A46F4E69A
:104F2000542B26D8130B03F16F01C9006E3343E7EE
:104F3000B3F5AA7F26D8F30B03F1780003F1770CC1
:104F4000C300EDE5D9F804305B44C9F80430B4E699
:104F5000CAF30B0000287FF4B0AEBD6808EB0B036A
:104F600043F001036B60F4E61546F2E6012353605B
:104F700092E7B3F5AA7F21D8D30B03F17801C900DA
:104F8000773319E740F25452934221D8B30C03F11E
:104F90007D0003F17C0CC300C2E5083B9B44ABEBF6
:104FA000020B4FF0000AB0E605F10801204604F0BC
:104FB000EBFABD68D9F804106B68CAE640F25451A8
:104FC0008B420BD8930C03F17D01C9007C33F3E6CF
:104FD0004FF47E737F204FF07E0CA1E54FF47E717D
:104FE0007E23E9E67B6870E770B582B00546069CD3
:104FF00042B10C4E0094D6F8E460B047431C0BD08D
:1050000002B070BD074B0094D3F8E4601146012351
:10501000054AB047431CF3D100228A2322602B604B
:1050200002B070BD38040024809F030870B51C4690
:10503000104B82B01D6861B113460A4601460E4806
:105040000094D0F8E4602846B047431C0BD002B06F
:1050500070BD094B0094D3F8E460084A0123284648
:10506000B047431CF3D100228A2322602B6002B098
:1050700070BD00BF0800002438040024809F03088E
:1050800010B4034CD4F8E440A4465DF8044B6047E8
:105090003804002482B049B15AB16BB113780B6067
:1050A0001278101E18BF012002B0704701A9002A13
:1050B000F3D1104602B070476FF00100F4E700BF73
:1050C00001F0FF01102A2BDB10F0070F08D010F8B9
:1050D000013B013A8B422DD010F0070F42B3F6D1BD
:1050E000F0B441EA012141EA014122F007047FF0D6
:1050F00000070023F0E80256083C85EA010586EA2D
:10510000010685FA47F5A3FA87F586FA47F6A5FA68
:1051100087F68EB9EED1F0BC01F0FF0102F0070274
:1051200032B110F8013B013A83EA010313B1F8D11F
:105130000020704701387047002D06BF3546033800
:10514000073815F0010F07D1013015F4807F02BF39
:10515000013015F4C03F0130F0BC0138704700BF8A
:10516000704700BF704700BFC36C70B505460C4662
:105170004BB153F8240080B1026843F82420002387
:10518000C0E9033370BD2122042103F079FF0346F7
:10519000E8640028EDD1002070BD012101FA04F679
:1051A000721D9200284603F06BFF0028F3D0C0E97F
:1051B0000146E4E731B1C36C4A6853F82200086045
:1051C00043F82210704700BFF0B50C69064683B063
:1051D0000D4601F1140E0020DEF800101FFA81FCCC
:1051E00002FB0C334FEA134C090C02FB01CC0130DB
:1051F0009BB203EB0C4384424EF8043B4FEA1C4342
:10520000EADC3BB1AA68A24207DD05EB8402013467
:1052100053612C61284603B0F0BD696801930131E8
:105220003046FFF7A1FF019B0746B8B12A690193F9
:10523000023205F10C0192000C30FBF73BFCF26CE2
:105240006968019B52F82100286042F821503D46D0
:1052500005EB8402013453612C61DBE7024B034808
:105260003A46B52103F0E6FE2CA6030880A6030803
:105270002DE9F8430C4628491F46164603F108025B
:1052800081FB0231092F4FEAE2730546C3EB61034C
:1052900039DD4FF0010C00214FEA4C0C634501F160
:1052A0000101F9DC2846FFF75FFF014668B3089B60
:1052B0004361092E4FF00103036112DC0A34092611
:1052C000B7420BDDBE1B264414F8013B0A22303BDB
:1052D0002846FFF779FFA6420146F5D10846BDE80A
:1052E000F88304F10909C846344418F8013B0A223E
:1052F000303B2846FFF768FFA0450146F5D1A6F1EF
:1053000008044C44DCE70021CCE70A46034B044880
:10531000CE2103F08FFE00BF398EE3382CA60308A0
:1053200080A60308030C1B04D3B90004102310F05B
:105330007F4F04BF0002083310F0704F04BF00011C
:10534000043310F0404F04BF80000233002805DB17
:1053500010F0804F03F1010308BF20231846704767
:105360000023E4E7036813F00702014607D0DA07D9
:105370001FD4980721D55B080B600120704798B2B5
:10538000A0B11046DAB20AB908301B0A1A0704BFE6
:105390001B0904309A0704BF9B080230DA0703D4C4
:1053A0005B0800F1010006D00B6070471B0C102059
:1053B000E8E700207047202070479B080B60022020
:1053C000704700BF38B5C36C04460D464BB15868F2
:1053D000B0B102685A6000220123C0E90435C260FE
:1053E00038BD2122042103F04BFE0346E06400286F
:1053F000EDD1094B094800224FF4A07103F01AFEC9
:105400001C220121204603F03BFE0028F1D001229E
:105410000223C0E90123DEE72CA6030880A60308C7
:105420002DE9F04F0E691569AE4285B088461446E5
:1054300005DB2A46234635460C4616469846A368A1
:105440006168AF19BB42B8BF0131FFF78DFE019013
:10545000002800F08780019B03F1140909EB870AFB
:10546000D14505D24B46002243F8042B9A45FBD880
:1054700008F1140808EB860B04F11403D8451A460A
:1054800003EB85055FD22B1B153B23F0030304338D
:105490001534A54238BF0423CDE902A7AC461F4608
:1054A000924605E0000C29D1C34509F1040948D909
:1054B00058F8040B85B2002DF4D056464C46002314
:1054C00056F8040B216882B21FFA81FE05FB02EE3A
:1054D000000C0A0C734405FB002202EB13429BB242
:1054E00043EA0243B44544F8043B4FEA1243E7D889
:1054F00049F8073058F8040C000CD5D0D9F8003022
:10550000544619464D4600222688090C00FB061118
:105510000A449BB243EA024345F8043B54F8046B47
:105520002968360C8BB200FB063303EB1243A4450B
:105530004FEA1342E8D8C34549F8073009F1040996
:10554000B6D8DDE902A7002F02DC05E0013F03D059
:105550005AF8043D002BF9D0019B18461F6105B095
:10556000BDE8F08F034B0448019A40F25D1103F04F
:1055700061FD00BF2CA6030880A6030812F00303F8
:105580002DE9F0411446064632D10D46A41020D034
:10559000D6F84880B8F1000F33D0E3074FF000078A
:1055A00007D4641015D0D8F80000A8B18046E307EE
:1055B000F7D5424629463046FFF732FFB5B1696854
:1055C000F36C641053F821202A6043F821500546FB
:1055D000E9D12846BDE8F081424641463046FFF712
:1055E0001FFFC8F8000007608046E0E70546D8E7DF
:1055F000013B0F4A52F823200023FFF7E5FD054643
:10560000C4E701213046FFF7AFFD804640B10123DA
:1056100040F27122C0E904320023B0640360BCE7A9
:10562000044B054842464FF4A07103F003FD00BF50
:10563000489503082CA6030880A603082DE9F04727
:105640000C4690462669A368496806EB6216751CED
:105650009D4207464FEA621904DD5B009D4201F15D
:105660000101FADC3846FFF77FFD8446002851D05F
:10567000B9F1000F00F114000EDD09F105024FEA47
:10568000820E03460CEB8202002143F8041B934276
:10569000FBD1AEF114031844216904F1140318F08E
:1056A0001F0803EB81012DD0C8F1200986464FF079
:1056B000000A1A6802FA08F242EA0A024EF8042BBB
:1056C00053F8042B994222FA09FAF2D80B1B153B26
:1056D00023F00303043304F11502914238BF04237D
:1056E000BAF1000F18BF2E4640F803A0FB6C6268A9
:1056F000CCF8106053F822102160604643F8224035
:10570000BDE8F087043853F8042B40F8042F994281
:10571000F9D8EBE7034B0448624640F2D91103F095
:1057200089FC00BF2CA6030880A603080B698446E9
:105730000069C01A16D10CF1140C14310CEB830261
:1057400010B401EB830301E0944508D252F8044DF4
:1057500053F8041D8C42F7D005D24FF0FF305DF8AE
:10576000044B7047704701205DF8044B704700BF41
:105770002DE9F84F0F691369FF1A002F0E46904666
:105780007AD101F11405143202EB830205EB830395
:1057900001E09D4273D253F8041D52F8044DA1421A
:1057A000F7D064D37168FFF7DFFC8146002872D020
:1057B0003569D8F81020C76008F1140E06F11400FE
:1057C00009F1140A06F1100C0EEB820200EB8507BA
:1057D000564600215EF8044B5CF804BFA3B211FAF0
:1057E0008BF1CB1A210CC1EB1B4101EB23419BB286
:1057F00043EA0143724546F8043B4FEA2141E9D8A8
:10580000A2EB0804153C08F11508424524F00306F4
:1058100006F1040638BF0426304424F0030238BFE2
:10582000002287425244B24416D95646044654F8E0
:10583000043B11FA83F10A1402EB134289B241EAE4
:105840000243A74246F8043B4FEA2241EFD87A1EB2
:10585000101A20F00302524423B952F8043D013DCE
:10586000002BFAD0C9F810504846BDE8F88F3346EF
:1058700001274646984695E7F9DB002792E7002185
:10588000FFF772FC814668B101220023C9E90423B5
:105890004846BDE8F88F074B07484A464FF4107159
:1058A00003F0C8FB034B04484A4640F2322103F0A0
:1058B000C1FB00BF2CA6030880A6030882B08DEDB3
:1058C000000B154B019A1340A3F15073002B05DD1B
:1058D0000020194641EC100B02B070475B42B3F157
:1058E000A07F4FEA235208DA4FF40023002043FA46
:1058F00002F141EC100B02B07047143A1E2ADABFD5
:105900004FF0004323FA02F201220021104641EC3D
:10591000100B02B0704700BF0000F07FF8B50469BB
:1059200000F1140606EB8404271F54F8045C284693
:10593000FFF7F8FCC0F120030A280B6031DDBE42FE
:105940001BD20B3854F8081C23D0C0F1200C854022
:1059500021FA0CF72F43A4F1080547F07F53AE421C
:1059600043F4401336D2814054F80C0C20FA0CF06A
:105970000843024643EC102BF8BD0B3808D005FA5B
:1059800000F040F07F53002043F440130246F1E75B
:10599000014645F07F5343F440130A4643EC102B75
:1059A000F8BDC0F10B0C25FA0CF1BE4241F07F535B
:1059B00038BF54F8081C00F1150034BF21FA0CF16F
:1059C000002105FA00F043F4401340EA010243ECE1
:1059D000102BF8BD01FA00F00246CBE72DE9F043A9
:1059E000884683B0012157EC106B1546FFF7BCFBCE
:1059F000044600284FD0C7F30A59C7F31303B9F17F
:105A0000000F01D043F48013002E019324D0684688
:105A10000096FFF7A7FC002839D0DDE90013C0F19C
:105A2000200203FA02F20A43C34062610193002B91
:105A300014BF02220122A3612261B9F1000F16D026
:105A4000A9F233430344C0F13500C8F800302860A0
:105A5000204603B0BDE8F08301A8FFF783FC019B5B
:105A60006361012220302261B9F1000FE8D104EB1B
:105A70008203A0F23240C8F800001869FFF752FC18
:105A8000C0EB42102860204603B0BDE8F083009BC5
:105A90006361019BCBE7034B0348224640F20A3186
:105AA00003F0C8FA2CA6030880A60308F0B583B05B
:105AB0000E4669460746FFF731FF01A9304655EC0F
:105AC000104BB0EE407BFFF729FF3B693169591A53
:105AD000DDE90023D31A03EB4113002B09DD17EE98
:105AE000902A02EB035545EC174B87EE000B03B0F1
:105AF000F0BD10EE902A51EC100BC3EB033302EB18
:105B0000035141EC100B87EE000B03B0F0BD00BF5A
:105B1000172808DDB7EE000BB2EE047B013820EE4B
:105B2000070BFBD17047034B03EBC00090ED040B58
:105B3000704700BF489503080139491101F1010C74
:105B4000116902F1140303EB81018B4200EB8C0C11
:105B500016D210B5A0F1040E53F8044B4EF8044FC2
:105B60009942F9D88B1A153B23F0030304331844E8
:105B7000844504D9002340F8043B8445FBD810BD7C
:105B8000844505D9002340F8043B8445FBD8704781
:105B9000704700BF03694A11934200F1140009DA0B
:105BA00000EB830302E053F8042DCAB98342FAD80C
:105BB0000020704711DD11F01F010ED010B450F815
:105BC000224000EB820324FA01F202FA01F18C4236
:105BD0000CD001205DF8044B704700EB8203E5E731
:105BE0000120704753F8042D002AF2D18342F9D8DE
:105BF00000205DF8044B7047F0B50C785E2C23D084
:105C0000002201F1010C9646431E00F1FF0103F84A
:105C1000012F8B42FBD19CB18EF00102C64302558D
:105C20000CF1010E1EF8013C2D2B714612D05D2B9C
:105C300004D013B11C46F446F1E761460846F0BDB6
:105C40000CF1FF310846F0BD01224C7801F1020C45
:105C50009646D9E79CF801505D2DEBD0AC42E9DCCB
:105C6000671C0CF1020CC31903F8012BF1188D42CB
:105C7000FADC2B1B013BAC42A8BF00230EF1020E45
:105C8000DC19CFE70CB410B59CB01EAB6FF000442C
:105C9000CDE906140291084953F8042B059102A995
:105CA00001930494FBF700FD029B00221A701CB0C4
:105CB000BDE8104002B070470802FFFF0EB410B5F7
:105CC0009DB06FF000411FABCDE906010491094979
:105CD00053F8042B0290084C0868019302A905941C
:105CE000FBF7E2FC029B00221A701DB0BDE81040D9
:105CF00003B07047080000240802FFFF0000000006
:105D00002DE9F04F1C462DED108BAB4BD3F800B0B6
:105D100097B00025804658468A460792129500267D
:105D2000FBF70EFC0025CDE904560246CDF844A051
:105D300051460F4611F8013B2D2B2FD8DFE813F009
:105D4000A0002E002E002E002E002E002E002E0071
:105D50002E00AE00AE00AE00AE00AE002E002E0053
:105D60002E002E002E002E002E002E002E002E00C3
:105D70002E002E002E002E002E002E002E002E00B3
:105D8000AE002E002E002E002E002E002E002E0023
:105D90002E002E002E00CB032E00C10300210991FE
:105DA000302B7DD0002108912F2B1C4640F2E88437
:105DB0004FF0000938464E464D4612E00130082D9E
:105DC0001190C8BF09EB89090478CABF03EB4909E0
:105DD000A1F13006A9F130092F2C05F10105234668
:105DE0006FDD06EB8601392C03EB4101E6DD5946F8
:105DF0000A9204F0B5FB002835D1119B0A9A194686
:105E0000134411938C5C002D40F04185302C40F000
:105E1000FC84C3F101029818013311931C78302CD3
:105E2000F9D0A4F13103082B00F20B83A4F1300B5D
:105E3000119C431C0B93012527464FF0000C06EBE9
:105E400086060BEB46060020631C11936478A4F1D0
:105E50003001092900F2C78201308B46002940F049
:105E60006B84119CF0E70020652CAC460B908646B5
:105E700001D0452C32D1002D6ED1089B03436AD14D
:105E8000079B9FED4B8B13B1079BC3F800A0B0EEAF
:105E9000480B17B0BDEC108BBDE8F08F119148E7AF
:105EA0007B7803F0DF03582B00F02A840137119729
:105EB0003B78302BFAD0002B00F0C48001210891F0
:105EC00072E759460A9204F04BFB0A9A002800F048
:105ED000CC80AC4600230B9318469E464FF0000B37
:105EE000002D00F08B8007EE906A0B9BB8EE677B6D
:105EF000ABEB0303BCF1000F08BFAC46102D0A93B7
:105F00002B46A8BF1023092D8DED047B0CDD2B4AF9
:105F100002EBC30212ED125B06EE909AB8EE666BCE
:105F2000A7EE056B8DED046B0F2D00F3A5800A9A8B
:105F3000002A00F0DC830A9A40F34883162A40F3D3
:105F40009B840A99C5F125028A4280F2A9840A9AA3
:105F5000EB1A134496E00025DDF844A00AF1010392
:105F600011939AF801402B2C00F068822D2C00F040
:105F70001F8200230A93A4F13003092B00F213823D
:105F8000302C05D1119B013311931C78302CFAD0A1
:105F9000A4F13103082BA1D8119A0C92531C119330
:105FA000A4F1300B54782F2C11DCF8E3AFF3008010
:105FB0000000000000000000049803085895030842
:105FC000013311934C782F2CA2F1300B06DD0BEB33
:105FD0008B02392C194604EB4202F1DD0C9A9B1A14
:105FE000082B40F3DC8344F61F6B0A9B002B3FF425
:105FF00077AFCBF1000B002D7FF475AF089B034307
:1060000020D1BEF1000F7FF43BAF692C00F0DE839E
:1060100000F3F382492C00F0D9834E2C7FF430AF8B
:10602000C34911A803F038FF00283FF429AF119BA2
:106030001B78282B00F0EA84BE4804F089FAB0EE01
:10604000408B01E09FEDB08B079A0AB1119B136062
:10605000099B002B3FF41BAFB1EE488BB0EE480B11
:1060600017B0BDEC108BBDE8F08F119B0B90991809
:1060700011919C5CAC46EAE60A9AEB1A1344002B99
:1060800040F3D48213F00F010AD0AB4A02EBC102F5
:106090009DED046B92ED007B27EE067B8DED047B7E
:1060A00033F00F0240F046820023089300962B46FF
:1060B000624639464046FFF7DBF8002800F01A83B5
:1060C0000B9BA3EB0B0B0A9B9FED91EB002B9FED22
:1060D00092CB9FED93DB9FED94BBB4BF5A46002259
:1060E0004FF0000A23EAE3730B920C935446834665
:1060F000DBF804104046FFF737F80646002800F0AA
:106100003381DBF810209DED048B023292000BF1FD
:106110000C010C30FAF7CEFCB0EE480B14AA13A910
:106120004046FFF75BFC1290002800F0E880012158
:106130004046FFF747F90446002800F01581139AFE
:10614000002AC0F203810B9BDDF83090D718089B22
:10615000149DD21A2A44794B013A9A42C5F1360568
:1061600080F29980991A1F29A5EB010500F30E8191
:10617000012202FA01F30D9300230E93A944089B18
:106180003D44AF423A469944A8BF2A464A45A8BF73
:106190004A46002A03DDAD1AA9EB0209BF1A0B9B80
:1061A000002B00F38A80002D00F3A0800A9B002BB7
:1061B00000F3D180B9F1000F00F3DE80002F08DD7D
:1061C00021463A464046FFF739FA0446002800F0D7
:1061D000CB80129932464046FFF7CAFA8246002821
:1061E00000F0C2800023C568C3602146FFF79EFA15
:1061F0000028C0F2C48300F07B8321465046FFF79D
:1062000055FCB0EE007BB4EEC70BF1EE10FA47D8A8
:10621000002D00F0D880B7EE009B0598484B002277
:106220004849DFF824C100EA0109E14500F0E180B6
:10623000089961B1B9F1D46F09D8B4EECB9BF1EEF6
:1062400010FA40F2648103F1D661A1EB0903B0EECC
:10625000480B43EC1A2BFFF731FBAAEE008B8DEDB8
:10626000048B18EE903A089A22B9364A1A409145A2
:1062700000F0F08012994046FEF79CFF3146404600
:10628000FEF798FF21464046FEF794FF51464046F0
:10629000FEF790FF2CE701230021CDE90D316DE7DA
:1062A000B6EE009B20EE099B002D40F08980B1EEF8
:1062B000497B059853EC172BB2E721461A46404616
:1062C000FFF75CF9044600284ED00146129A40467A
:1062D000FFF7A6F8002847D00F9012994046FEF726
:1062E00069FF0F9A1292002D7FF760AF12992A462C
:1062F0004046FFF7A3F9129000287FF457AF5F469E
:1063000034E000BFAFF30080000000000000000098
:106310009535A094FFFFCF3F9535A094FFFFDF3F59
:1063200035E5AF350000E03F0000C0FFFFFFDF4173
:10633000C0A60308809F03085895030802FCFFFFCE
:106340000000F03F0000F07F0000E07F0C9B0B9FFF
:10635000A3EB0209FBE631460C9A4046FFF70EF923
:10636000064600287FF426AF5F46129822239FED51
:10637000A68BC8F800308FE031464A464046FFF70A
:106380005DF9064600287FF419AFEDE7C2F17F42C0
:1063900002F57F0202F57B420121E23201FA02F3AB
:1063A000CDE90D13EAE6CDF844A04FF0000B97E5D8
:1063B00001230A930AF1020311939AF80240DAE5E5
:1063C000B0EE497B75E7DDE90412002900F0868014
:1063D000DDE90412012900F0E88110468C4BB7EE8C
:1063E000009B00221CE7652C4FF0010E3FF4B4AD7A
:1063F0003FE543EC1A2BA0F1547305939DED04FB8C
:10640000B0EE4F0BFFF75AFA8249AAEE00FB1FEEDF
:10641000903A814A194091428DED04FB73D97F4B2C
:1064200018EE902A9A4203D118EE103A01339BD00D
:106430007A4A4FF0FF33CDE904321BE700230A9379
:10644000B8E7652C00F0D280452C00F0CF804FF0EB
:10645000010ED3E551EC190B0D9306F02BFE06F05F
:10646000FBFD049B1D430D9B41EC170BC3F3130372
:106470002B4339EE479B00F0A280B4EECC9BF1EEAB
:1064800010FA05D4B4EECD9BF1EE10FA7FF7F2AE20
:106490009DED048B12985F4601464046FEF78AFE4A
:1064A00031464046FEF786FE21464046FEF782FE14
:1064B00039464046FEF77EFE51464046FEF77AFEDC
:1064C000C2E501230993791C11917B78002B3FF4DD
:1064D000D7AC0F4664E400230993F4E7C2F3130337
:1064E0001046002B7FF47AAFB7EE007BB4EEC70BFB
:1064F000F1EE10FA00F1CF81B6EE009B20EE099B81
:10650000B1EE497BD6E603F154730593ABE6BCEEDE
:10651000C99B19EE103A012B38BF012309EE103A3E
:10652000B8EE499B002D40F04E81B1EE497B53EC13
:10653000172B88E6B2F59A7F00F3DC80102A4FEA29
:10654000221340F37782364C9DED047B00202246D7
:10655000014613F0010F01F101014FEA630304D07A
:1065600092ED006B012027EE067B012B02F1080261
:10657000EFD108B18DED047B059BA3F15473059316
:1065800004EBC10191ED007B9DED046B214B27EEE7
:10659000067B17EE902A234913408B428DED047B36
:1065A00000F2A880A1F580118B4240F2E1811B4CE2
:1065B0004FF0FF33CDE904340023089376E5B4EEC1
:1065C000CE9BF1EE10FA7FF555AE61E71632FFF67D
:1065D00053AD0B9BA3EB0B0B134B03EBCB0393EDD7
:1065E000007B9DED046B86EE078B2DE54FF0000CD4
:1065F000CDF82CC04FF0010E3FE46E2C3FF410ADEF
:106600003EE400BFAFF30080000000000000F07F18
:106610000000F0BF0000F07FFFFF9F7CFFFFEF7FD7
:10662000489603080000A07C589503083FF43CAD51
:106630005B4213F00F010AD0A74A02EBC1029DEDA5
:10664000046B92ED007B86EE077B8DED047B1B11C6
:106650003FF42AAD1F2B33DC13F0100218BF6A225F
:106660009DED047B08929D4A0021D80704D592ED48
:10667000006B012127EE067B5B1002F10802F4D1CA
:1066800009B18DED047B089B93B1DDE90401C1F3F1
:106690000A52C2F16B03002B0ADD1F2B40F3EB8182
:1066A0000020342B049040F319824FF05C73059363
:1066B0009DED047BB5EE407BF1EE10FA7FF4F6AC75
:1066C00022239FED818BC8F80030BDE4149B049316
:1066D000139B03F23342159B23F4801343EA0253C6
:1066E0000593250742BF059B43F0004305939DEDAD
:1066F000048BA9E422239FED768BC8F80030A3E435
:10670000099B019312AB02940093754A13AB11A934
:10671000404603F0D5F810F0070504463FF492AC6C
:10672000062D75D1079B9FED688B0137002B3FF439
:10673000AEAB1F60FFF7ABBB0B9B119C03440B93ED
:10674000012805F101031A4615D0284400F1FF3E47
:1067500003E046009E450DD001332A46082A1D4617
:1067600006EB8600F5D9102BDCBF09EB89094FEA4F
:106770004909EFE70232082D3DDC1546FFF75FBB04
:10678000594638460A9203F0EBFE0A9A00286AD06E
:106790004FF0000CE14666466546FFF79BBB44F6AA
:1067A0001F639B45A8BF9B461FE4DDE904231846F1
:1067B000002B7FF413AE5F4622239FED438B12988C
:1067C000C8F8003068E6B0EE497BB0E6454911A84C
:1067D00003F062FB00283FF453AB119B4249013B9D
:1067E00011A8119303F058FB10B9119B01331193B9
:1067F0009FED378B28E4102ADCBF09EB890901EBF8
:10680000490915460020FFF71FBB0020FFF709BB11
:10681000129A3AB1352114A8FFF78EF91299404621
:10682000FEF7C8FC013D042D3FF65BAF01A353F812
:1068300025F000BFCD6602085D68020857680208AF
:1068400049680208CD6602084FF0FF336FF000463A
:10685000CDE9043645E7254B059342E7149B0493A5
:10686000159B05933DE7119B1946134411938C5CCE
:1068700006468146FFF7CABA174B03EBC20393EDF6
:10688000008B9DED047B28EE078BFFF7DDBBAC464C
:106890000B90FFF7DCBABEEE007BB6EE009B09E57D
:1068A0000D4BC5F10F054A1B03EBC50503EBC203F6
:1068B00095ED008B93ED007B9DED046B28EE068B30
:1068C00028EE078BFFF7C0BB0000000000000000AF
:1068D000000000000000F07F589503089896030818
:1068E00070960308B4A60308B8A603080000F07F5A
:1068F0005F46002D7BD0DDE904BC874BCCF3130150
:106900009942624600F0BF800E9B002B77D0DDE9F4
:106910000412134291461AD0B0EE480B002D00F03D
:106920008C80FEF7CBFF089B7BB1C9F30A53C3F100
:106930006B03002B09DD1B0503F17F51002001F5DE
:10694000401141EC170B20EE070B38EE008B089B33
:1069500063B19FED6F7B28EE078B18EE103A18EEAF
:10696000902A134304BF2223C8F80030129893E5FD
:1069700002F15473059300230893FFF797BBDDE9F9
:1069800004120B462B435F46E1D1C2F31303914639
:10699000002BDCD122F000431B0D1B05B3F1D66F99
:1069A000D5D9DAF814301BB9DAF81030012BCEDD66
:1069B000514601224046FEF741FE21468246FEF73F
:1069C000B5FE0028C3DD089B002B40F09180534B9F
:1069D00009EA0303A3F580136FEA13536FEA035325
:1069E00005934FF0FF3304939DED048BAFE7DDE992
:1069F0000412C2F313030B43914685D1E3E7DDE9AB
:106A000004010D9B0342A2D0894685E7444911A8A1
:106A100014AA03F05DFA05287FF40EAB159B43F032
:106A2000FF4343F4E0030593149B04939DED048B13
:106A3000FFF70ABB3B4C00219EE5FEF73FFF089B9A
:106A4000002B42D0C9F30A53C3F16B03002B09DDBD
:106A50001B0503F17F5101F54011284641EC170B4E
:106A600020EE070B38EE408BB5EE408BF1EE10FABE
:106A70007FF46FAFA0E64FF0FF3202FA03F3049AFF
:106A80001A40049214E6089B0499DBB1234B13408F
:106A9000B3F1D46F16D81B0DC3F16B034FF0FF3069
:106AA00000FA03F399427FF42FAF1F4B9A422BD089
:106AB0001A4B134003F580130593002304939DEDB7
:106AC000048B44E74FF0FF33ECE738EE408BB5EE34
:106AD000408BF1EE10FA7FF449AF6DE64FF0FF33D3
:106AE000C2F14B0203FA02F202EA01030593DFE569
:106AF0000A4B09EA0303B3F1D66F3FF76BAFB3F16B
:106B00005C7F3FF726AF57E60131D1D12DE400BFBE
:106B10000000000000005039FFFF0F000000F07F70
:106B20008496030848960308FFFFEF7F014BFFF7A9
:106B3000E7B800BF3804002410B4054C844613465F
:106B400020685DF8044B0A466146FFF7D9B800BFDC
:106B50000800002410B4054C054B84460A46206802
:106B60005DF8044B6146FFF7CBB800BF0800002476
:106B70003804002410B51C4C8446134620680A468D
:106B80006146FFF7BDF8B4EE400BF1EE10FA19D6EE
:106B9000F7EEC06BDFED157AB0EEE67AB4EE677A09
:106BA000F1EE10FA0BDDB0EEC00B9FED0D5BB4EE15
:106BB000450BF1EE10FA02DC236822221A60B0EED7
:106BC000660A10BD10EE903A002B094804DAF9F776
:106BD0002BFFF1EE406AF2E7BDE81040F9F724BF61
:106BE000FFFFFFFFFFFFEF7F08000024FFFF7F7F15
:106BF000809F030810B51C4C1C4B84460A46206835
:106C00006146FFF77DF8B4EE400BF1EE10FA19D6AD
:106C1000F7EEC06BDFED167AB0EEE67AB4EE677A87
:106C2000F1EE10FA0BDDB0EEC00B9FED0D5BB4EE94
:106C3000450BF1EE10FA02DC236822221A60B0EE56
:106C4000660A10BD10EE903A002B0A4804DAF9F7F4
:106C5000EBFEF1EE406AF2E7BDE81040F9F7E4BE62
:106C6000FFFFFFFFFFFFEF7F080000243804002430
:106C7000FFFF7F7F809F03082DE9F04F8146454845
:106C80008E4675461EF801CB10F80C4014F008042F
:106C9000F7D1BCF12D0FE34654D0BCF12B0F08BF48
:106CA0009EF800B06FF0004808BF05F1020E1BB15E
:106CB000102B4FD01F4604E0BBF1300F55D00A23F4
:106CC0001F460025B8FBF7F6284607FB168A07E0A3
:106CD000864215D329D007FB00C001251EF801BB51
:106CE000ABF1300CBCF1090F06D9ABF1410CBCF192
:106CF000190F08D8ABF1370C63450DDD002DE7DA2D
:106D00004FF0FF35EAE7ABF1610CBCF1190F03D886
:106D1000ABF1570C6345F1DC002D0BDB04B14042B5
:106D20000AB195BB1160BDE8F08FE245D3DA4FF0B0
:106D3000FF35D3E72223C9F800301AB30EF1FF3133
:106D40004046EFE79EF800B04FF0004805F1020E14
:106D50000124ACE7BBF1300FACD19EF8000000F08D
:106D6000DF00582807D01F46ABE79EF8003003F03D
:106D7000DF03582B0BD110279EF801B03B460EF1D4
:106D8000020E9EE74046BDE8F08F8046D6E7082316
:106D90001F4696E7F9930308012B02D0242B00D855
:106DA0006AE710B5F9F746FE16230360002010BD10
:106DB000012A08D0242A06D88446064813460068CB
:106DC0000A46614658E710B5F9F734FE162303600A
:106DD000002010BD08000024012A08D0242A06D86B
:106DE00084460648134600680A46614644E710B5E3
:106DF000F9F720FE16230360002010BD08000024D0
:106E00002DE9F04F85B01F46584B03908A460092FB
:106E10000D462A4615F8014B1E5D16F00806F8D1FE
:106E20002D2C76D02B2C05BF2C7802960296951C23
:106E30004FF0FF366FF0004B2FB1102F70D0B846D7
:106E40004FEAE77905E0302C75D04FF00A08B946D3
:106E5000474642464B463046594604F083FE0023DF
:106E6000019284460A461846194611E08A4208BF34
:106E700084453ED000FB09F308FB0131A0FB080369
:106E800019441EEB000041EBEE71012315F8014B94
:106E9000A4F1300EBEF1090F06D9A4F1410EBEF1E6
:106EA000190F0CD8A4F1370E774511DD5C1CEDD01D
:106EB000844572EB0103D9D24FF0FF33E6E7A4F12A
:106EC000610EBEF1190F03D8A4F1570E7745EDDC22
:106ED0005A1C14D0029A12B1404261EB4101009A4F
:106EE00022B1002B39D1009BC3F800A005B0BDE84A
:106EF000F08F019B7345BDDA4FF0FF33C6E7039A6D
:106F000022231360009B1BB305F1FF3A304659461C
:106F1000E9E701232C780293951C4FF0004B8BE797
:106F2000302C04D12B7803F0DF03582B08D0B8465F
:106F30004FF000098DE72B7803F0DF03582B0FD1BA
:106F40004FF010086C784FF000090235474680E793
:106F50003046594605B0BDE8F08F06468B46D3E76C
:106F60004FF00808B946474673E700BFF993030896
:106F700046E700BF10B4044C8446134620685DF811
:106F8000044B0A4661463BE70800002410B4044C59
:106F90008446134620685DF8044B0A4661462FE795
:106FA000080000242DE9F04707464B480E463546B9
:106FB00016F801CB10F80C4014F00804F7D1BCF11E
:106FC0002D0FE64658D0BCF12B0F04BF96F800E019
:106FD000AE1C5BB1102B54D04FF0FF38B8FBF3F868
:106FE00003FB08FA6FEA0A0A994608E0BEF1300F7F
:106FF0005AD00A23DFF8E4804FF0050A99460025AD
:10700000284607E0404515D829D009FB00C00125D6
:1070100016F801EBAEF1300CBCF1090F06D9AEF158
:10702000410CBCF1190F08D8AEF1370C63450DDDEA
:10703000002DE7DA4FF0FF35EAE7AEF1610CBCF165
:10704000190F03D8AEF1570C6345F1DC002D0BDBB3
:1070500004B140420AB16DB91160BDE8F087D44572
:10706000D3DD4FF0FF35D3E722233B604FF0FF30F5
:10707000002AF2D0711EEFE796F800E00124AE1C62
:10708000A7E7BEF1300F21D1307800F0DF0058289B
:1070900016D14FF0100996F801E04FF00F0A0236B2
:1070A0006FF070484B46AAE7337803F0DF03582BA4
:1070B000EFD008234FF0070A6FF0604899469EE72B
:1070C00099466FF070484FF00F0A98E74FF00F0A9B
:1070D0006FF07048994692E7F993030899999919C6
:1070E00060E700BF10B4044C8446134620685DF886
:1070F000044B0A46614655E70800002410B4044CCE
:107100008446134620685DF8044B0A46614649E709
:10711000080000242DE9F04F85B08A460192624AAA
:1071200003901E460D46294615F8014B135D13F0DA
:107130000803F8D12D2C00F083802B2C03BF2C7872
:1071400002938D1C0293BEB1102E7ED04FEAE67BD7
:1071500032465B464FF0FF304FF0FF3104F002FD46
:107160003246074688465B464FF0FF304FF0FF310E
:10717000B14604F0F7FC0AE0302C7AD04FF00A094F
:10718000DFF82881B34605224FF099374E464FF07D
:10719000000C6046614615E0874278EB010420D37D
:1071A000414508BFB8423AD000FB0BF409FB01414E
:1071B000A0FB09042144181841EBE3714FF0010CC6
:1071C00015F8014BA4F13003092B05D9A4F14103B3
:1071D000192B09D8A4F137039E420DDDBCF1000F35
:1071E000DADA4FF0FF3CEBE7A4F16103192B03D887
:1071F000A4F157039E42F1DCBCF1000F14DB029BAB
:1072000013B1404261EB4101019B2BB1BCF1000F76
:1072100013D1019BC3F800A005B0BDE8F08F9342E5
:10722000C2DD4FF0FF3CCBE7039A22231360019BA2
:107230004FF0FF300146002BEED005F1FF3AE8E7B2
:1072400001232C7802938D1C7DE7302C23D12B78E1
:1072500003F0DF03582B1BD14FF010096C780F227D
:1072600002354FF0FF376FF070484FF0000B4E467D
:107270008DE72B7803F0DF03582BEDD04FF0080992
:10728000B34607224FF0FF376FF060484E467EE767
:107290004FF0000B5CE70F224FF0FF376FF07048A4
:1072A000B1464FF0000B72E7F993030899999919C9
:1072B00030E700BF10B4044C8446134620685DF8E4
:1072C000044B0A46614625E70800002410B4044C2C
:1072D0008446134620685DF8044B0A46614619E768
:1072E000080000242DE9F04F936883B09146002BED
:1072F0006ED017688D6880460C460868083744E0F1
:10730000A38913F4906F2ED0D4E90415A0EB010AE1
:1073100005EB450505EBD5750AEB06006D10013050
:10732000A8422A4684BF05462A465B0537D5114642
:107330004046FDF7AFFB00283BD052462169019043
:10734000F9F7B8FBA289019B22F4906242F0800217
:10735000A281A5EB0A0203EB0A006561A26023612A
:1073600020603546B2465946524602F087FEA06874
:10737000D9F808102368451B8E1B03EB0A00A56093
:107380002060C9F808601EB3083757E902B6002E1E
:10739000FAD0B542AA46B3D93546B246E3E74046ED
:1073A00002F0E8FE03460028D3D12169404602F0EE
:1073B000EBF80C23C8F80030A389002243F0400307
:1073C0004FF0FF30A381C9E9012203B0BDE8F08F7F
:1073D0000020C9F8040003B0BDE8F08F2DE9F04F9C
:1073E000ABB0174606938B891A068846834603D5A9
:1073F0000B69002B00F0A4841AAB0D930023CDE998
:107400000E3309930DF1680903935E463B78002B18
:1074100000F035813C4604E014F8013F002B00F0F9
:107420005681252BF8D1E51B40F053812378002BA2
:1074300000F0258100214FF0000263788DF82F20A5
:10744000671C08464FF0FF3B05918A460137A3F1C0
:107450002002582A00F25781DFE812F0AA025501F3
:107460005501A6025501550155015501550155011A
:107470009C029802550135017F0255017B0259009B
:107480005900590059005900590059005900590034
:10749000550155015501550155015501550155013C
:1074A000550155016102550155015501550155011F
:1074B000550155015501550155012201550155014F
:1074C0005501550155016800550155011502550139
:1074D00055015501550155015501550155015501FC
:1074E0005501060284015501550155015D028401D3
:1074F00055015501530255013D0224012C02E101C1
:107500005501C00155016A0055015501E501A3F17E
:107510003002002417F8013B04EB840402EB44041E
:10752000A3F13002092AF5D9059490E74AF0100A30
:107530001AF0200100F00881069B073323F00703AF
:10754000596853F8080B069301234FF000028DF899
:107550002F2000220792BBF1FF3F00F032822AF079
:107560008002029250EA010240F02982BBF1000F32
:1075700040F00D84002B40F08A831AF0010304933D
:1075800000F0878330238DF867300DF16704049B8A
:10759000079A5B45B8BF5B4601930AB1013301937B
:1075A000029B13F00203079302D0019B0233019365
:1075B000029B13F08403089305D1059B019A9D1A41
:1075C000002D00F3CC82DDE90E219DF82F0080B163
:1075D00001320DF12F000131C9F80000072A4FF0E8
:1075E0000100CDE90E21C9F8040000F3F28209F18F
:1075F0000809079B7BB101320CAB0231C9F800309E
:10760000072A4FF00203CDE90E21C9F8043000F338
:10761000ED8209F10809089B802B00F00882049B89
:10762000ABEB0305002D00F34582049BC9F8004035
:1076300001321944072ACDE90E21C9F8043000F3BC
:10764000798209F10809029B5B0705D5059B019A20
:107650009C1A002C00F3D782039B059A0198824262
:10766000ACBF9B181B180393002940F06F820023C6
:107670000E933B780DF16809002B7FF4CBAE0F9B86
:10768000002B40F0A083B8F80C3013F0400F039BA0
:1076900018BF4FF0FF33039303982BB0BDE8F08F72
:1076A0004AF0100A1AF0200141D0069B073323F05C
:1076B0000703596853F8080B0693002345E7059A1A
:1076C0005242CDE905233B784AF0040ABEE6E51BA9
:1076D000D5D00F9B2B440F930E9B0133072BC9E989
:1076E00000750E9305DC09F10809039B2B440393F5
:1076F0009CE60DAA41463046FFF7F4FD0028C2D1B2
:107700000DF16809F1E7002940F06383002BB6D042
:107710008DF840304FF000038DF82F300123019396
:10772000049310ACCDF808A04FF0000B38E71AF026
:10773000100347D11AF0400144D0069A52F8040BC6
:107740000692194680B200E71AF0100340D11AF0F1
:1077500040013DD0069A52F8040B0692194680B2B9
:107760000123F2E6002940F04B831AF0200F069B1C
:1077700000F0DF80073323F007031A465B6852F8F6
:10778000080B06921946002BC0F28F82BBF1FF3F17
:1077900000F0F9829DF82F30079350EA01032AF098
:1077A000800A00F06E820A2871F1000380F0938253
:1077B000303001238DF86700CDF808A004930DF157
:1077C0006704E4E6069B53F8040B06930B46BCE6FD
:1077D000069B53F8040B06930123B6E6069D55F865
:1077E000044B4FF000038DF82F30002C00F0E282A4
:1077F000BBF1FF3F00F097825A4600212046FDF77B
:107800005FFC002800F0E882031B04939DF82F30F2
:107810000695CDF808A007934FF0000BB7E63B782C
:107820004AF0200A12E6002940F0ED82A74A0992A8
:107830001AF020012FD0069A073222F00702516871
:1078400052F8080B06921AF0010F0BD050EA010211
:1078500008D08DF8313030238DF830304AF0020AEC
:10786000022372E6022370E6069B4FF000028DF8B9
:107870002F2053F8042B069301238DF84020019309
:10788000049310AC4EE7002940F0B182904A09926F
:107890001AF02001CFD11AF0100240F0FC811AF04A
:1078A000400100F0F881069C54F8040B0694114640
:1078B00080B2C8E7069B53F8040B069330238DF87B
:1078C000303078238DF83130804B09934AF0020A2A
:1078D0000021022339E6002940F08C821AF0200FA3
:1078E00040F017821AF0100F40F038821AF0400F63
:1078F00000F03482069B039953F8042B0693118001
:1079000084E53B786C2B03BF7B784AF0200A013773
:107910004AF0100A9AE53B784AF0400A96E50029B9
:1079200040F06B824AF0100A1AF0200F069B7FF499
:1079300021AF53F8040B06931AF0100F40F0B081FA
:107940001AF0400F00F0AC8140F3C0310B4600B29A
:1079500019E73B784AF0800A78E53C4614F8013B89
:107960002A2B00F05382A3F13002092A27464FF058
:10797000000B3FF66CAD17F8013B0BEB8B0B02EBEA
:107980004B0BA3F13002092AF5D960E53B780121C0
:107990002B205BE5069B53F8042B0592002AFFF68B
:1079A0008EAE06933B7851E53B784AF0010A4DE5EF
:1079B0003B7800287FF44AAD0121202046E5DDF820
:1079C00008A0012B3FF4EFAE022B1AAC12D1099A9A
:1079D00000F00F030009D35C04F8013D40EA017098
:1079E000090950EA0103F3D11AAB1B1BCDF808A01B
:1079F0000493CCE500F00703C00840EA4170C908D1
:107A0000303350EA0105224604F8013DF2D11AF064
:107A1000010FE9D0302BE7D03023023A04F8013CC3
:107A20001AAB9B1ACDF808A004931446AFE5059B4A
:107A300001981D1A002D7FF7F2AD102DDFF894A0EC
:107A400025DD50461023A246044604E0103D102DCB
:107A500009F1080918DD01321031072AC9E900438C
:107A6000CDE90E21F2DD0DAA414630460DF168093F
:107A7000FFF738FC00287FF406AE103D102DDDE93D
:107A80000E214FF01003E6DC234654469A4601329D
:107A90002944072ACDE90E21C9F800A0C9F80450ED
:107AA00000F37B81049BABEB0305002D09F1080972
:107AB0007FF7BBAD102DDFF81CA02DDD0B46514626
:107AC0004FF0100BA2460C460BE000BFE8A50308E0
:107AD000FCA50308D0960308103D102D09F10809F4
:107AE00016DD01321033072AC9E9004BCDE90E2318
:107AF000F2DD0DAA41463046FFF7F4FB00287FF483
:107B0000C2AD103D102DDDE90E230DF16809E8DC52
:107B10001946234654469A4601322944072ACDE99C
:107B20000E21C9F800A0C9F8045000F3C78009F17C
:107B300008097AE50DAA41463046FFF7D3FB002835
:107B40007FF4A1AD0F990DF168097CE50DAA4146BE
:107B50003046FFF7C7FB00283FF489AD93E5102DB1
:107B6000DDE90E21DFF8CCA225DD50461023A24628
:107B7000044604E0103D102D09F1080918DD01321A
:107B80001031072AC9E90043CDE90E21F2DD0DAA23
:107B9000414630460DF16809FFF7A4FB00287FF449
:107BA00072AD103D102DDDE90E214FF01003E6DC23
:107BB000234654469A4601322944072ACDE90E212C
:107BC000C9F800A0C9F8045000F3D08009F10809F1
:107BD000FBE40DAA41463046FFF784FB00287FF402
:107BE00052ADDDE90E210DF1680902E50DAA41460D
:107BF0003046FFF777FB00287FF445ADDDE90E2125
:107C00000DF1680907E5102C0E9BDFF828A225DD91
:107C10000A4651461025BA460F4604E0103C102C87
:107C200009F1080916DD01331032072BC9E9007587
:107C3000CDE90E32F2DD0DAA41463046FFF752FB88
:107C400000287FF420AD103C102CDDE90E320DF140
:107C50006809E8DC11463A4657469246013321440A
:107C6000072BC9E900A4CDE90E317FF7F5AC0DAAC9
:107C700041463046FFF736FB00287FF404AD0F99EC
:107C8000EAE4BBF1000F7FF493ADCDF808A0CDF886
:107C900010B01AAC7BE4069A52F8040B0692D2E5B7
:107CA000C1170B46002BBFF671AD2D2340428DF856
:107CB0002F30079361EB410101234CE40DAA4146AB
:107CC0003046FFF70FFB00287FF4DDACDDE90E2125
:107CD0000DF16809A9E41AAC019727460A2200238E
:107CE00004460D4603F03EFF303207F8012D002315
:107CF000204629460A2203F035FF0A2C75F10003BD
:107D0000ECD23C461AAB1B1B019FCDF808A0049394
:107D10003DE4069B039853F8041B0693C217C1E980
:107D20000002FFF773BB20460695CDF808A0F9F7CF
:107D300007FC9DF82F30049007934FF0000B26E4CA
:107D40004021FCF7A7FEC8F80000C8F81000002882
:107D500066D04023C8F81430FFF74EBB069B03994A
:107D600053F8042B11600693FFF750BB0DAA414650
:107D70003046FFF7B7FA00287FF485ACDDE90E2125
:107D80000DF1680921E49DF82F3007930BE5012BD5
:107D9000DDF808A07FF418AE0AE50DAA414630468A
:107DA000FFF7A0FA00287FF46EACDDE90E210DF19B
:107DB000680934E45B46062B28BF06231C4C049359
:107DC00006950193AEE40DAA41463046FFF78AFAC4
:107DD00059E48DF82F0099E49DF82F30CDF810B0BC
:107DE0000695CDF808A083460793FFF7D0BB8DF822
:107DF0002F004BE58DF82F0070E58DF82F0091E5F1
:107E00008DF82F00B1E48DF82F000FE5069A7B78EE
:107E1000274652F8044B069244EAE47BFFF716BB70
:107E20000C23CBF800304FF0FF33039334E400BF52
:107E3000649F0308C096030838B54B1C1AD0938979
:107E40001446126B23F02003A381CDB2AAB162685D
:107E5000636B9A4209DA23685A1E226003F8015CB8
:107E6000636801336360284638BD214601F014F889
:107E70000028F0D04FF0FF35F5E7236922682BB1D9
:107E8000934203D212F8013CAB420FD06168E16328
:107E90002346A26304F1400103226263216303F8D5
:107EA000425F0122C4E90032284638BD6368013AC6
:107EB0000133C4E90023D6E710B50C46096B69B15C
:107EC00004F14003994201D001F05EFBE36B636073
:107ED0000020206313B1A36B236010BDA389216927
:107EE000002243F02003C4E90012A3814FF0FF30C9
:107EF00010BD00BF2DE9F04F85B0CDE9023202FB85
:107F000003F30E9C0193A3B3D4F804A0019B534543
:107F10008B4646D9A046019D58F8401B07460026CF
:107F200052465846F8F7C6FD2368226B5344A946CB
:107F3000C4E9003611463846D344A5EB0A05E2B140
:107F4000424501D001F020FBE36B26636360A3B1DF
:107F5000A16B2160AB429A46E2D3029B01932A4671
:107F60005846F8F7A7FDD4E90032521B2B44C4E968
:107F70000032019805B0BDE8F08F019B226953449F
:107F8000A3EB090A039BBAFBF3F30193A3890198BE
:107F900043F02003A3810023C4E9002305B0BDE81A
:107FA000F08F21681D46D8E72DE9F04F8B46DFB0F2
:107FB000B1F90C1006938B04074609D4DBF8643042
:107FC00041F4005123F40053ABF80C10CBF86430AB
:107FD00092461AF8013B0F93002B00F0788600229E
:107FE00007920A9205929046049214AAC2F10102E5
:107FF000DFF87494CDF80CA00B92BA4619F8037010
:1080000017F0080770D1252B5ED1039802783C4603
:10801000A2F12503411C532B62D8DFE813F0540072
:108020006100610061006100C401610061006100E4
:1080300061006100C500C500C500C500C500C500E0
:10804000C500C500C500C500610061006100610098
:108050006100610061006100610061006801610010
:1080600061006100610061006100610086016100E2
:108070006100060161006100610061006100610052
:1080800061006100D100610061007901610061005F
:108090006100610061006100610081016A016100AD
:1080A0006100610071019B0161006100A20161003A
:1080B000AD0108018E016100610091016100940130
:1080C00061006100D1000391DBF80430002B50DD2A
:1080D000DBF80030039A197812F8012C914235D060
:1080E00004985FB0BDE8F08FDBF804300BF1400579
:1080F00000241A460FE0DBF800301A7819F8022045
:10810000160703F101032BD5DBF80420013ACBE974
:10811000003208F10108002AEDDCDBF8303050466F
:108120001946002B00F05883AB4201D001F02CFA25
:10813000DBF83C30CBF83040CBF80430002B00F0BB
:108140004B83DBF83830CBF80030D6E70133CBF87F
:108150000030DBF80430013B08F10108CBF80430B3
:10816000039A12F8013B03920F93002B7FF446AF62
:10817000B6E7DBF83010002900F0AC820BF14003C9
:10818000994202D0504601F0FFF9DBF83C30CBF8C1
:1081900004300022CBF83020002B00F09B82DBF86B
:1081A0003830CBF8003095E717F08F0F98D104EBFB
:1081B000840402EB4402A2F130044278084627E727
:1081C00047F40077A64B07931023039105930325EB
:1081D000DBF80430002B35DD17F040064FD0022DC0
:1081E00000F01182032D00F04181012D00F0E280AA
:1081F000012C38BF012417F0010540F0EB83FA068B
:1082000000F15983069D234655F8041BCDF800B0B4
:1082100001225046FFF76EFE002800F06682049BA4
:1082200006950133804404939AE747F001078C4B8D
:10823000079308230593DBF804300391002B4FF0DC
:108240000305C9DCDBF83010002900F043820BF194
:108250004003994202D0504601F096F9DBF83C30D9
:10826000CBF804300022CBF83020002B00F0328213
:10827000DBF83830CBF8003017F04006AFD1DBF830
:108280000020137819F803301907A8D50BF1400323
:108290000894114634461E4607E0CBF800100B78D0
:1082A00019F803301B0740F10F82DBF80430013B63
:1082B000002B08F10108CBF8043001F10101ECDCDE
:1082C000DBF8303050461946002B00F00382B342F1
:1082D00001D001F059F9DBF83C30CBF83040CBF855
:1082E0000430002B00F0F681DBF83810D5E747F0BA
:1082F00001075C4B07930A2303910593032567E766
:108300003B077FF4EDAE427847F0040708467FE66E
:108310001EA8FDF771FC47F040070390012557E7C1
:1083200047F040070391002552E73A077FF4D8AEA3
:10833000427847F0020708466AE647F4087741E7C3
:108340000391022544E7464B07930A2303910593C3
:1083500003253DE7434B0793002303910593032532
:1083600036E73D077FF4BCAE42786C2A00F091847A
:1083700047F0010708464BE6FE0600F12A847D0718
:1083800000F13384FC0700F1A584B80740F1A28412
:10839000069A039152F8043B06924FEAE872C3F83A
:1083A00000805A60DCE63C437FF49AAE42781027A6
:1083B00008462DE6002C08BF4FF0FF3417F00106E9
:1083C00040F08B8317F010039C4600F01382DBF81B
:1083D00000301EAF1A78BA5C002A3FF481AE013338
:1083E000CBF80030DBF80430012C03F1FF33CBF87D
:1083F000043000F06D810BF14002CDF820809046F2
:1084000012E0DBF800301978795C0133002900F0C4
:108410005D81CBF80030DBF804300135013BAC4224
:10842000CBF8043000F05281002BEADCDBF830306E
:1084300050461946002B00F07A84434501D001F0E4
:10844000A3F8DBF83C30CBF83060CBF80430002BDD
:1084500000F06D84DBF83830CBF80030D3E700BF94
:10846000E1700208996D0208F9930308631E262B38
:1084700040F24B81A4F127030993272400260BF136
:108480004003324608933346059E47F4586714ADBF
:10849000DBF8000090F800C0ACF12B014D293AD870
:1084A000DFE801F07E397E3939896D6D6D6D6D6D56
:1084B0006D838339393939393939272727272727D0
:1084C000393939393939393939393939393939391C
:1084D000397339393939393939392727272727273E
:1084E00039393939393939393939393939393939FC
:1084F00039730A2E0FDD27F4386705F801CBDBF856
:10850000041001390029CBF8041060DD0130CBF8EC
:108510000000013CBCD105961E46F80507D514ABFA
:108520009D4200F2998314AB9D423FF4D9AD17F000
:10853000100240F0C48014A9059B079C2A70504685
:10854000A047B90600F1B3807A0700F1488317F01D
:10855000010240F0AC80BB0740F1A980079BB649FF
:108560008B425046059B14A900F07484FEF700FD71
:10857000069A52F8043B0692C3E900019CE0AF4919
:1085800027F4386731F91660B7E707F4C061B1F531
:10859000007FC0D127F4007747F4A0671026ACE72E
:1085A0003906B8D527F08007A7E7A44931F9166046
:1085B000082EA0DCAFE739059FD516B947F4007740
:1085C0000826790540F1F98227F4B06795E7DBF8D2
:1085D0003010002900F087830898814205D050466A
:1085E000059300F0D1FF059B0022DBF83C10CBF88F
:1085F0003020CBF80410002900F07583DBF8381028
:10860000CBF8001085E7002C08BF4FF0FF34F907C6
:108610007ED4F80640F18681DBF800301A7819F82C
:10862000026016F008067FF49BAD0133CBF80030F2
:10863000DBF80430012C03F1FF33CBF8043008BF22
:1086400008F101083FF48CAD01250BF1400713E060
:10865000DBF800301A7819F80220110703F1010342
:1086600036D4CBF80030DBF804300135013BAC42A6
:10867000CBF8043000F01383002BE9DCDBF830305A
:1086800050461946002B00F0A680BB4201D000F0F6
:108690007BFFDBF83C30CBF83060CBF80430002BAC
:1086A00000F09980DBF83830CBF80030D2E7069A3A
:1086B00052F8043B18600692049B0133049314ABF8
:1086C000ED1A2E44B0444BE5089C88E5DDF8208087
:1086D000A84445E5DBF81010BBF80C300022CBE9CC
:1086E000001243F02003ABF80C30049A002A00F08B
:1086F000EC82BBF80C3013F0400F18BF4FF0FF3284
:10870000049204985FB0BDE8F08F00230993B5E6AA
:10871000DBF8003017F010071B7808BF069A19F82D
:10872000033006BF52F8045B06920FAD13F0080643
:1087300049D1CDE90874FCF77DF9B042D5D0DBE929
:10874000003213F8011B013ACBE900320A9B14A84E
:10875000032B815506F1010712AC02D12368042BCB
:1087600004D0082200212046F8F73EFA14AA00940B
:108770003B4629465046FCF737FC421C0A90B4D0D1
:10878000002840F08F822860FCF726F9002840F08E
:10879000FA82B844099B013B0993089F002F40F0DF
:1087A00003830435DBF80430002B40F3D282DBF87E
:1087B00000301B7819F803301C0703D4099B0BB158
:1087C0003E46B8E7089F002F7FF4CAAC049B2F6099
:1087D00001330493C4E4A844BBF80C3043F02003F5
:1087E000ABF80C30DBF81030CBF800300023CBF8BE
:1087F0000430B5E4DBF80000069A03781EAFF95C9C
:1088000052F8043B069200293FF46AACDBF80410EE
:108810000139CBF80410411CCBF800101D4601783B
:1088200005F8011B012C3CD00BF14006CDE9088373
:108830001C44B046664615E0E1700208E096030865
:10884000DBF800201178795C49B3DBF804100139BA
:10885000CBF80410511CCBF80010127805F8012B4E
:10886000A5421CD0DBF80420002AE9DCDBF830202C
:1088700050461146002A00F04682424501D000F0E1
:1088800083FEDBF83C20CBF83060CBF80420002AD4
:1088900000F03982DBF83820CBF80020D2E7DDE9A0
:1088A0000883EB1A3FF41CAC9844049B01330493F7
:1088B00000232B7054E4DBE90012A24280F2C38251
:1088C000DBF83030CDF824800BF140072E46114400
:1088D000CBF80010A8460894194650461544A41A2F
:1088E000002B00F0C181BB4201D000F04DFEDBF84F
:1088F0003C20CBF83060CBF80420002A00F0B48193
:10890000DBF83810CBF8001094424FF00003DEDCA7
:108910004546DDE908381D44121B0C44CBE90042F2
:10892000A8441DE4069BDBF8001053F8042B0693C3
:108930000B7819F8036016F0080640F08682DBF821
:108940000430013BCBF804304B1CCBF8003015460B
:108950000B7805F8013B012C00F079820BF1400700
:108960003B461444374608921E4616E0DBF80030BA
:10897000197819F801100A0703F1010000F12681A6
:10898000DBF80410CBF800000139CBF804101B7899
:1089900005F8013BA54200F01981DBF80430002BFB
:1089A000E4DCDBF8303050461946002B00F013822F
:1089B000B34201D000F0E8FDDBF83C30CBF830707A
:1089C000CBF80430002B00F00682DBF83830CBF80F
:1089D0000030CDE717F0100308BF069A09934FF057
:1089E000000504BF52F8046B06922F460A9DCDF88D
:1089F000208018BF0026FCF71DF8B8423FF475AE82
:108A0000DBE9001314AA11F8010BD055013B032D2B
:108A100007F10108CBE9001312AF02D13A68042A2A
:108A200004D0082200213846F8F7DEF800974346C4
:108A300014AA31465046FCF7D7FA0546681C3FF4A5
:108A400054AEEDB9099B03B93360089B43440893C6
:108A5000013C099B03B90436DBF80430002B4FF0CE
:108A6000000714DD002CC6D1DDF820800A95099B93
:108A7000002B7FF475AB049B01330493FFF770BBAD
:108A8000A91C21D1DBF8041000294746B3DCDBF830
:108A90003010002900F0C3810BF14003994202D04D
:108AA000504600F071FD0023CBF83030DBF83C304D
:108AB000CBF80430002B00F0B281DBF83830CBF873
:108AC0000030002C97D1CFE7089B032D4344089337
:108AD000BED13B68042BBBD1BBE717F010030D934D
:108AE0007AD1069A52F8043B0893069209940A9C9C
:108AF000CDF830800026FBF79DFFB0423FF4F5AD86
:108B0000DBE9003214A813F8011B8155013A032C4C
:108B1000CBE9003206F1010810AD02D12B68042B1D
:108B200004D0082200212846F8F75EF8089F009537
:108B3000434614AA39465046FCF756FA431C0446ED
:108B40003FF4D3AD002859D13860074612AB082254
:108B5000002118460A93F8F747F8C0490A9BD1F854
:108B6000E0103A4650460F460EA9B84701286CD08F
:108B700000221EAB9B5C002B00F03E810C9B032C63
:108B800043440C9364D0099B013B09930D9B13B99B
:108B9000089B04330893DBF80430002B37DD0026F4
:108BA000099B002BA7D1DDF830800A940D9B002B88
:108BB0007FF4D6AA089A13605DE7099927F46077D5
:108BC00011B1013909910134013398E4089AAB1AC3
:108BD0006AE60391FFF7C4BA0FAB089386E7069ADB
:108BE00052F8043B0692188066E5069A039152F803
:108BF000043B0692A3F80080FFF7B2BAA01C40F035
:108C00004281DBF80430002B03DD464673E74FF06A
:108C10000008DBF83010002900F0C8800BF1400399
:108C2000994202D0504600F0AFFCDBF83C30CBF864
:108C300004300022CBF83020002B00F0B780DBF8A6
:108C40003830CBF800304646AAE79DF8382090E748
:108C50002B68042B97D199E715F8011C5A4650460A
:108C6000013DFFF7E9F85EE4BBF80C30DDF8248045
:108C700043F02003ABF80C30DBF81030CBF80030B9
:108C80000023CBF80430002D3FF42FADA844FFF7AC
:108C900067BA827847F002070230FFF7B9B9A044FB
:108CA000FFF75EBA0A9B02333FF47CAD2868FBF7FE
:108CB00093FE002867D10A9B032BB8447FF46AAD6A
:108CC0002368042B7FF466AD67E54FF0FF33049310
:108CD000FFF706BA069A039152F8043BC3F80080E6
:108CE0000692FFF73DBA05961E46BBF80C3043F0DE
:108CF0002003ABF80C30DBF81030CBF80030002349
:108D0000CBF8043009E4BBF80C10DDE9088341F02E
:108D10002001ABF80C10DBF81010CBF80010AB42C0
:108D20004FF00001CBF804107FF4BBADDDE4BBF8DD
:108D30000C30DDF8208043F02003ABF80C30DBF87A
:108D40001030CBF800300023CBF80430A844FFF7F4
:108D500007BADBF83010002900F082800BF14003E5
:108D6000994202D0504600F00FFC0023CBF830307F
:108D7000DBF83C30CBF80430002B71D0DBF8383016
:108D8000CBF8003015E53B46089F002B3FF41BADA8
:108D900014AB0B9C1E4416F801195A465046FFF7B7
:108DA0004BF8F442F7D10EE50027FBE4BBF80C309A
:108DB0000A9443F02003ABF80C30DBF81030CBF80A
:108DC000003045460023DDF83080CBF80430002D1C
:108DD0003FF4ECAE89E4089AAB1A9844BBF80C3027
:108DE00043F02003ABF80C30DBF81030CBF8003048
:108DF0000023CBF8043058E545460A94DDF830806E
:108E0000002D3FF4D3AE14AB0B9C1E4416F8011991
:108E10005A465046FFF710F8F442F7D1C6E6BBF8C1
:108E20000C30DDF820800A9543F02003ABF80C30BD
:108E3000DBF81030CBF800300023CBF80430002FE3
:108E40003FF415AE51E4254666E515462DE508F1DB
:108E500001082AE5FEF72CFAFFF78ABB3804002444
:108E6000BBF80C3043F02003ABF80C30DBF81030CB
:108E7000CBF800303A460023089FCBF80430002A94
:108E80007FF433AC9FE4089B1B681F4601337FF4DB
:108E90005DAE3A466DE600BF01F140032DE9F041B9
:108EA0000C46096B994214D0666B77003A4601F084
:108EB00061F9054640B300EB0608014632464046DC
:108EC000F7F7F8FDC4E90C57C4F800800020BDE8AE
:108ED000F0814FF48061FBF7DDFDA8B194F84230DA
:108EE0004FF48062C4E90C0280F8FF3394F84130FB
:108EF00080F8FE3394F8402080F8FD2300F2FD3323
:108F000023600020BDE8F0814FF0FF30DFE700BFB5
:108F100070B54C1C34D00E460546144610B1836B18
:108F2000002B30D0B4F90C309A0405D4626E22F4D0
:108F3000005243F40053626623F020035807A381D4
:108F40009AB206D4D1061BD512073CD443F00403D1
:108F5000A381236BF6B2EBB16268636B9A4209DAC4
:108F600023685A1E226003F8016C63680133636052
:108F7000304670BD21462846FFF78EFF0028EFD00F
:108F80004FF0FF36F4E700F06DFAB4F90C309A04B4
:108F9000D2D4CBE7236922682BB1934203D212F8D3
:108FA000013CB3421CD06168E1632346A26304F133
:108FB000400103226263216303F8426F0122C4E986
:108FC0000032304670BD2146284600F021F90028C5
:108FD000D6D1B4F90C30A06023F00803A061B5E746
:108FE0006368013A0133C4E90023C1E710B4044CBB
:108FF00003460A4620685DF8044B1946FFF788BF10
:109000000800002410B4034CD4F8E040A4465DF8F6
:10901000044B60473804002449B1FF2A02D80A7083
:10902000012070478A2303604FF0FF3070470846E5
:10903000704700BF00B50B4C25681446EE681A4611
:1090400085B003460D464CB107490095CDE90114A2
:109050003046064900F034FAF7F7F2FC04490C46B2
:10906000F3E700BF08000024C4A60308D4A6030841
:10907000809F030808B513460022FFF7DBFF00BFFF
:1090800010B502FB01F1FBF705FD044668B150F88D
:10909000042C22F00302043A242A18D8132A06D8F2
:1090A00002460023C2E900339360204610BD00232E
:1090B0001B2AC0E900330FD9242AC0E9023311BFAB
:1090C00000F11002036100F118024361E9E7002199
:1090D000F7F78AFD204610BD00F10802E1E700BF66
:1090E000B1F90C202DE9F0410C461107804647D418
:1090F000636842F40062002BA2815EDDA56A002D48
:1091000058D00023D8F80060C8F8003093B212F4A9
:10911000805256D10123E1694046A847431C67D0DD
:10912000A389A56A5F0705D56368C01A236B0BB1D5
:10913000E36BC01AE169024600234046A847411C80
:1091400041D1D8F80030002B3DD01D2B01D0162B7B
:1091500056D1A3892269226023F400630021616053
:10916000A381216BC8F8006021B304F14003994248
:1091700002D0404600F008FA00202063BDE8F081EC
:109180002669BEB193B2256826609A070CBF636951
:109190000023AD1BA3600BE02B463246E169676AF2
:1091A0004046B847B0F1000CA5EB0C05664417DD4E
:1091B000002DF1DC0020BDE8F081E36B002B9DDC8D
:1091C000F8E7206DAEE7B4F90C302269226023F491
:1091D0000063A3810022DB046260C2D52065C0E782
:1091E000A38943F040034FF0FF30A381BDE8F08135
:1091F000D8F80030002B93D01D2B06D0162B04D0AE
:10920000A38943F04003A381D5E7C8F80060D1E704
:1092100038B50D46044608B1836B1BB1B5F90C0097
:1092200030B938BD00F01EF9B5F90C000028F8D0AF
:1092300029462046BDE83840FFF752BF38B5B8B1DF
:109240000F4B1D6804460DB1AB6B4BB1B4F90C006C
:1092500000B938BD21462846BDE83840FFF740BF79
:10926000284600F0FFF8B4F90C000028F1D0F1E72F
:10927000044B05491868BDE8384000F0ABBA00BFA0
:1092800008000024FC940308119202080020704793
:10929000014900F09FBA00BF5DB40208002070478A
:1092A0002DE9F84F2D4A4668C26300240323C0E924
:1092B000B843074600F53B720423C0F8E822214674
:1092C000C6E902430822C6E90044C6E904447466BC
:1092D000B46106F15C00F7F787FCDFF88CB0BD687D
:1092E000DFF888A0DFF88890DFF888801C4BC6F88C
:1092F00024A0C6E9076BC6F82890C6F82C8008227F
:10930000EB60C5E90044C5E904446C66AC60AC613F
:10931000214605F15C00F7F767FCC5E9075BC5E985
:1093200009A9C5F82C80FD680E4BEB60C5E9004427
:10933000C5E904446C66AC60AC612146082205F1C5
:109340005C00F7F751FC0123C5E9075BC5E90A9802
:10935000C5F824A0BB63BDE8F88F00BF9192020856
:109360000900010012000200FD1002082511020888
:10937000651102088511020870B568224D1E02FBB6
:1093800005F50E4605F17401FBF784FB044640B178
:1093900000210C30C4E90016A06005F16802F7F75F
:1093A00023FC204670BD00BF274B2DE9F0411E680D
:1093B000B36B07465BB306F538764FF00408D6E981
:1093C0000134013B04D51EE05A1C04F168041AD094
:1093D000B4F90C50013B002DF6D11C4B6566C4E975
:1093E0000055C4E90253C4E90455A5610822294681
:1093F00004F15C00F7F7F8FBC4E90C55C4E911551A
:109400002046BDE8F08135682DB12E46D7E73046BD
:10941000FFF746FFCFE74FF4D6713846FBF73AFB2C
:10942000044668B10560C0F804800C302946A0608D
:1094300025464FF4D072F7F7D7FB34602E46BEE7CF
:109440000C2330603B60DBE7FC9403080100FFFF66
:10945000024B0349186800F0BDB900BFFC94030833
:109460005DB40208836B03B1704719E7704700BF12
:10947000704700BF704700BF704700BF024B0349F1
:10948000186800F087B900BF080000248D92020818
:10949000024B0349186800F07DB900BF08000024A2
:1094A0009D9202080CB400B583B004AB53F8042BB2
:1094B000019301F0DDF803B05DF804EB02B07047F2
:1094C0000EB410B583B005AB064C53F8042B0193D2
:1094D0000146206801F0CCF803B0BDE8104003B0AD
:1094E000704700BF08000024F8B5244F0C4606461C
:1094F000FBF736FEBA685568C4F57E630F3325F076
:1095000003052B4423F47F6323F00F03A3F580545A
:10951000B4F5805F07DB002130460BF0E1FEBB684D
:109520002B44984204D03046FBF71CFE0020F8BDC7
:10953000614230460BF0D4FE01300DD0104ABB68BA
:109540002D1B45F001055D60136830461B1B136041
:10955000FBF708FE0120F8BD002130460BF0C0FEED
:10956000BA68831A0F2BDEDD43F001035360054B0D
:1095700003491B68C01A0860D5E700BFA405002492
:10958000A40A0024AC090024002961D0F8B50C46D7
:109590000646FBF7E5FD54F8042C7B4FA4F10805C3
:1095A00022F0010105EB010CB868DCF804306045DD
:1095B00023F0030300F08B80D207CCF8043032D4C0
:1095C00054F8082CAD1A1144AA6807F10800824229
:1095D0006AD00CEB0304D4F804E0EC68D4601EF00D
:1095E000010FA26000F0978041F001036B60CCF89E
:1095F0000010B1F5007F35D27A68CB084809012107
:10960000013381401143796007EBC30257F83310EF
:10961000083AC5E9021247F83350CD603046BDE83C
:10962000F840FBF79FBD0CEB03025268D00710D443
:10963000194407F10800DCF80830834273D0DCF8E5
:109640000C20DA60936041F001036B606950D0E751
:10965000704741F00103B1F5007F44F8043CCCF8B9
:109660000010C9D3B1F5206F4FEA512348D28B09BE
:1096700003F1390003F13802C300F818FB58083829
:10968000984259D05A6822F003028A4202D99B6854
:109690009842F7D1D868C5E902308560DD60304670
:1096A000BDE8F840FBF75EBD0CEB03025268D20741
:1096B00063D40B44DCE90212CA60916043F00102FA
:1096C0006A603046EB50BDE8F840FBF74BBD0B44F9
:1096D000D10707D454F8082CAD1A1344D5E9021267
:1096E000CA60916043F001026A60284ABD60126856
:1096F0009A4293D8264B30461968FFF7F5FE8DE75E
:10970000142B0AD9542B1FD80B0B03F16F0003F154
:109710006E02C300B1E719448DE703F15C0003F169
:109720005B02C300A9E741F00103C7E90455C5E99D
:1097300002006B60695071E779689210012404FAA5
:1097400002F20A437A60A6E7B3F5AA7F06D8CB0BEC
:1097500003F1780003F17702C3008EE740F2545220
:10976000934206D88B0C03F17D0003F17C02C30009
:1097700083E74FF47E737E227FE741F001036B6045
:10978000CCF800104AE700BFA4050024B00900246B
:10979000A00A00242DE9F041884600F5387700261C
:1097A000D7E90154013D0FD4A389012B05F1FF3501
:1097B00006D9B4F90E300133204601D0C047064324
:1097C0006B1C04F16804EFD13F68002FE8D13046EC
:1097D000BDE8F0812DE9F8430746884600F5387664
:1097E0004FF00009D6E90154013D11D4A389012BA2
:1097F00005F1FF3508D9B4F90E300133214603D005
:109800003846C04749EA00096B1C04F16804EDD1F1
:109810003668002EE6D14846BDE8F8832DE9F041D0
:109820000469B4EB611F2FDD00F1140E4E1111F02D
:109830001F0C0EEB84050EEB86032BD05EF8262062
:1098400004339D4222FA0CF1CCF1200818D9774656
:109850001A6802FA08F20A4347F8042B53F8041B6B
:109860009D4221FA0CF1F3D8A41BA300053B9B08F1
:1098700001330EEB83044EF82310C9B1043417E012
:10988000416174460029F9D100230361002343613B
:10989000BDE8F0819D4288BF00F11002F4D953F871
:1098A000041B42F8041F9D42F9D8A41B0EEB84044C
:1098B000A4EB0E039B1074450361E7D0BDE8F08173
:1098C0002DE9F04FAE4C2DED028B24688BB008EEE5
:1098D000100A20468946039207930494F7F730FE56
:1098E000D9F800302118024611F801BC99783029C6
:1098F00040F0E5816FF00100C01A033300EB030A6A
:109900001C4613F8011B3029F8D0DFF8788218F8CC
:109910000130002B00F0F7802378002718F803307F
:109920003D4626462BB116F8013F18F80330002BB0
:10993000F9D104990292304600F012FE029A019089
:10994000002800F09680002D40F096803378019535
:1099500003F0DF03502B354600F09880C9F8006013
:10996000002F40F0B0802B1B013B072B394604DD54
:109970005B10072B01F10101FADC18EE100A0592C9
:10998000FBF7F2FB059A0290002800F07182029B1F
:10999000AC4203F11406069680F0E7810027C2F17D
:1099A0000103B946059310E0202F00F09780394657
:1099B000043715F8013C18F80330554603F00F033F
:1099C0008B40A54249EA030916D915F8013C5B45CD
:1099D00005F1FF3AE8D1059B5344A342E4D318466E
:1099E00004990992089300F0BBFDDDE908320028D4
:1099F000DAD11D46A542E8D846F8049B069BF61A24
:109A0000029BB6101E614846FBF78CFC039B760157
:109A10001C68301AA04200F3B780C0F22F810027E3
:109A2000039B019A9B689342C0F293810399019A28
:109A30004B68934240F384809D1AAC4200F3C4808B
:109A4000CA68022A00F0C681032A00F0BE81012AFA
:109A500000F0A28118EE100A0299FBF7ABFB50252B
:109A6000169A0023284613600BB0BDEC028BBDE8AC
:109A7000F08F002D00F01181AD1BAB000193337806
:109A800003F0DF03502B35467FF468AF6B782B2B48
:109A900000F0F2802D2B6ED06E1C002018F8031001
:109AA0004B1E182B65D8737818F80330103901361F
:109AB00033BB00B14942019BC9F800600B440193DC
:109AC000002F3FF450AFBAF1000F14BF0025062558
:109AD00028460BB0BDEC028BBDE8F08F002146F8A4
:109AE000049B0427894664E701EB810103EB4103F2
:109AF000A3F1100116F8013F18F80330002BD8D05D
:109B0000192BF1DDD5E704990192204600F028FDDC
:109B1000019A002876D1A15C18F80130A518002B15
:109B200072D030292C4605D114F8013F302BFBD0E0
:109B300018F80330B3FA83F77F094FF0010AF0E613
:109B4000012557B1039BDB68022B65D0032B67D03F
:109B5000012B00F0888045F01005169B029A1A60D0
:109B6000079B019A1A6028460BB0BDEC028BBDE83A
:109B7000F08F2E46F2E60120AB78AE1C8EE700BFD8
:109B80000498030804970308029D061B31462846E3
:109B9000FCF700F8074678B1721E531106990127A9
:109BA00051F8231002F01F0307FA03F30B4203D00E
:109BB000BA4200F3E4800227019B02983344314605
:109BC0000193FFF72BFE2BE76E1E002F40F0CB809A
:109BD000002E40F0CE807311069A029852F823208E
:109BE00006F01F06012303FA06F61642294618BF9F
:109BF00047F00207FFF712FE039B5B680193641BAB
:109C000002259EE72178254601F0DF01502900F06A
:109C1000BF80C9F8005056E7179BC3F101031793A3
:109C2000179B002B97D0029BDDF818901E6900212E
:109C30004B464FEA860809EB860003E0984243F85A
:109C4000041C40D91F4653F8042BB2F1FF3FF5D056
:109C50000132022D3A6000F0C28014F01F0440F07F
:109C6000E180212579E7BA077FF575AF069B1B6870
:109C70001F43FB07D7D46EE700207DE7DDE9013104
:109C8000221A9B1A18EE100A0193FBF7D7FC034621
:109C90001433029006930027C2E6B35C18F8031051
:109CA000B018064600293FF453AE16F8013F18F8E5
:109CB00003100029F9D1801B8100019148E69C1C0A
:109CC0004FF0000A21E6029B9B689E4280F28E8044
:109CD0003346029901EB830201330B61022D4FF0F1
:109CE000010151617BD09E42B7DA002B40F3A7807F
:109CF000029A09EB8303516902F1180083424FEA8B
:109D0000510140F2AF804C46026841EAC27144F80A
:109D1000041B50F8041B83424FEA5101F4D8029A05
:109D20009B1A193B9B08013349F8231009EB830365
:109D3000002940F09B800299A3EB090292104B4549
:109D40000A617FD0039B019A9B6801329342019282
:109D500087DA029918EE100AFBF72CFA169A0023FC
:109D60001360A325B4E6012735E7069E4FF00009EE
:109D700042E602983146FBF70DFF07462BE7B11E7E
:109D80002846FBF707FF00283FF415AF032713E72A
:109D900000230193012779E6AC427FF45BAE012CEE
:109DA00008D00298611EFBF7F5FE00283FF452AE82
:109DB000039B5B6807990B60029B069901221A615D
:109DC0000A60169A6225136082E6179A002A3FF409
:109DD00041AEEFE7179A002A7FF43CAEEAE7039B17
:109DE0001B68013BA34231D02225B6E6029B59688D
:109DF00018EE100A0131FBF7B7F9074600283DD0ED
:109E000002990B6902339A000C310C30F6F752FEBE
:109E1000029918EE100AFBF7CDF907F114093B6916
:109E2000029756E7C844C4F1200458F8040CFBF725
:109E300079FAA042BFF615AF029B1B6955E7029A5B
:109E400000231361029A002353617BE7631104F03E
:109E50001F0459F823200123A34013420CBF2225DD
:109E600021257AE6C9F800104B4669B1043362E750
:109E7000074B0848029ADE21FFF7DCF8044B05483F
:109E80003A468421FFF7D6F8029B1961DAE700BF52
:109E90002CA6030804A7030810B4046809E014F80A
:109EA000013FA3F1410CBCF1190F98BF203393423D
:109EB00009D111F8012B002AF1D1013404600120ED
:109EC0005DF8044B704700205DF8044B704700BFFD
:109ED0002DE9F04F096885B04B1111F01F01029078
:109EE00002EB8303039140F08E801D1F0193029BC0
:109EF00001991C68002341F8043C61780134002971
:109F000000F09780DFF87091A846AC469A461E464E
:109F10000EE0202900F28B80B24506DAC44501D25A
:109F2000072B5BDD624551D3082314F8011FA1B153
:109F300019F801000028ECD00133082B06F10106C6
:109F40003ADCDCF80010090100F00F000843CCF8FF
:109F5000000014F8011F0029EAD1002E69D0E04565
:109F600001D9072B73DD624551D2111F634653F8A7
:109F7000040B41F8040F9D42F9D2A5EB0C0323F02A
:109F80000303691C04330CF1010C614538BF042341
:109F90001344002143F8041B9D42FBD2019B53F85C
:109FA000043C2BB9AA4248D055F8043D002BF9D007
:109FB000052005B0BDE8F08F6245B6D200234CF80D
:109FC000043C1946ACF1040C0123BDE70023ACF1BD
:109FD00004084CF8043CB246C446A6E7C3F10801A5
:109FE0008900DCF80030C1F1200E60468B464168E4
:109FF00001FA0EF73B43036021FA0BF340F8043FEC
:10A000004045F4D38EE7191D01911D466FE7039B70
:10A01000002BC3D0039B0198C3F120014FF0FF3305
:10A02000CB4050F8041C0B4040F8043CB9E7292908
:10A0300009D0042005B0BDE8F08F012305202B6076
:10A0400005B0BDE8F08F029901340C6085E7C3F1DB
:10A0500008039B00DCF80010C3F120076446666823
:10A0600006FA07F00143216026FA03F144F8041FC1
:10A07000A045F4D877E700BF0497030888420DD9BC
:10A080008B1883420AD900EB020CBAB1624613F86E
:10A0900001CD02F801CD9942F9D170470F2A0ED8AF
:10A0A000034602F1FF3C4AB10CF1010C013B8C4428
:10A0B00011F8012B03F8012F6145F9D1704740EAEF
:10A0C00001039B0750D1A2F1100370B501F1200CE0
:10A0D00023F00F0501F1100E00F11004AC441B0930
:10A0E0005EF8105C44F8105C5EF80C5C44F80C5CA4
:10A0F0005EF8085C44F8085C5EF8045C44F8045CB4
:10A100000EF1100EE64504F11004E9D1013312F00E
:10A110000C0F01EB031102F00F0400EB031327D027
:10A12000043C24F003064FEA940C1E441C1F8E4688
:10A130005EF8045B44F8045FB442F9D10CF1010409
:10A1400002F0030203EB840301EB840102F1FF3C04
:10A150004AB10CF1010C013B8C4411F8012B03F8BE
:10A16000012F6145F9D170BD02F1FF3C03469BE729
:10A170002246EBE72DE9F84F1746002900F09880BA
:10A1800007F10B0580460C46FAF7EAFF162D5DD85D
:10A1900010252A46AF425ED854F8041C21F003066D
:10A1A0009642A4F1080962DABC4BD3F808C009EB67
:10A1B0000600844500F09780D0F804C02CF001031D
:10A1C00003445B68DB0768D42CF0030C06EB0C033C
:10A1D000934247DACB0710D454F8083CA9EB030AA2
:10A1E000DAF8043023F003018C44B444944580F23F
:10A1F00011817318934280F2E88039464046FAF79D
:10A2000049FC0746E0B154F8043C23F001034B44F9
:10A21000A0F10802934200F0D280321F242A00F2FB
:10A22000F580132A00F2AC800346224611681960BB
:10A230005168596092689A6021464046FFF7A4F938
:10A240004046FAF78FFF3846BDE8F88F25F007053E
:10A25000002D2A469EDA0C23C8F800300027384625
:10A26000BDE8F88F1E46D0E90223D3609A60731BC5
:10A270000F2B22D8D9F8043003F0010333434E44A6
:10A28000C9F80430736843F0010373604046274601
:10A29000FAF768FF3846BDE8F88FC907ADD454F81F
:10A2A000083CA9EB030ADAF8041021F00301A0E747
:10A2B000BDE8F84F1146FAF7EDBBD9F8041001F0EC
:10A2C00001012943C9F8041009EB05014E4443F08C
:10A2D00001034B60736843F001030831736040462B
:10A2E000FFF752F9D2E7DCF8040020F0030B06EB8D
:10A2F0000B0C05F1100084454DDAC9073FF57DAF21
:10A3000054F8081CA9EB010ADAF8041021F0030143
:10A310008B44B34458453FF76CAF5746DAF80C10FE
:10A3200057F8080F321F242AC160886000F2DB80D2
:10A33000132A40F2D6802168CAF808106168CAF86A
:10A340000C101B2A00F2DF8008340AF11002216889
:10A35000116061685160A16891600AEB0501ABEB87
:10A36000050242F0010299604A60DAF8043003F015
:10A3700001031D434046CAF80450FAF7F3FE6EE7A6
:10A3800023680360636843601B2A68D804F10802ED
:10A3900000F108034AE709EB05029A60ACEB0503FC
:10A3A00043F00103536054F8043C03F001031D43E0
:10A3B000404644F8045CFAF7D5FE27464FE750F8CC
:10A3C000043C23F003031E4451E75746DAF80C100F
:10A3D00057F8080F321F242AC16088604CD8132A0E
:10A3E00048D92168CAF808106168CAF80C101B2AFD
:10A3F00056D808340AF110021E46236813606368B9
:10A400005360A3689360D1463C4630E72146FFF78E
:10A4100035FE11E7D0E902135746CB60996057F833
:10A42000081FDAF80C30CB60321F242A99602DD82F
:10A43000132A29D92368CAF808306368CAF80C308F
:10A440001B2A42D808340AF1100322681A60626895
:10A450005A60A2689A606646D1463C4607E7A36800
:10A460008360E368C360242A26D004F1100200F15F
:10A470001003DBE63A46BFE7214638461E46D14682
:10A48000FFF7FCFD3C46F2E63B46DEE72146384658
:10A490006646D146FFF7F2FD3C46E8E6A4050024F7
:10A4A000A168CAF81010E168CAF81410242A20D054
:10A4B00010340AF118029FE7236903616169416161
:10A4C00004F1180200F11803B0E6A368CAF81030CE
:10A4D000E368CAF81430242A21D010340AF1180392
:10A4E000B3E73A4633E721463846FFF7C7FD164B38
:10A4F00033E72269CAF818206269CAF81C201834A8
:10A500000AF1200278E7A168CAF81010E168CAF8D9
:10A510001410242A0DD010340AF1180217E7236909
:10A52000CAF818306369CAF81C3018340AF12003DD
:10A530008BE72269CAF818206269CAF81C2018340F
:10A540000AF1200203E700BFA40500240000000078
:10A550009FED010B704700BF000000000000F87F76
:10A56000A2B330B540EA0104A40784460B462AD0C2
:10A570009CF800000C7884422FD1012A0DD0E646C9
:10A5800060B11EF8010F11F8014F6FEA0E03A042EF
:10A59000134422D11CEB0303F2D1002030BD046828
:10A5A000194653F8045BA4F1013EAC4284462EEAFE
:10A5B000040E00F104000BD1043A84461946ECD095
:10A5C0001EF0803FE9D1032AE9D8D1E71046704751
:10A5D0009CF800000C78A042D1D0001B30BD00BF19
:10A5E0002DE9F84F4B6E9C0490462DD59368126868
:10A5F00043B38B46064602F1080959E9025A5FEA5D
:10A600009A0715D0043D002401E0A7420ED055F86A
:10A61000041F5A46304600F0ADFF431C04F101040C
:10A62000F3D10023C8E90133BDE8F88FD8F808302A
:10A630002AF0030AA3EB0A03C8F8083009F1080955
:10A64000002BDAD10020ECE700F0CCFF0023C8E9B2
:10A650000133BDE8F88F00BF10B4946814B15DF801
:10A66000044BBDE7204654605DF8044B704700BFC3
:10A670002DE9F04FABB01C4688461746069383463B
:10A6800018B1836B002B00F02582B8F90C108804F8
:10A690008AB20AD4D8F8643041F4005223F400534B
:10A6A000A8F80C20C8F8643092B2130740F1A480D7
:10A6B000D8F81030002B00F09F8002F01A020A2A0E
:10A6C00000F0A8801AAB0D930023CDE90E33099357
:10A6D0000DF1680905933B78002B00F00D813C4695
:10A6E00004E014F8013F002B00F0E880252BF8D19E
:10A6F000E51B40F0E5802378002B00F0FD804FF053
:10A70000000200218DF82F20637804914FF0FF3272
:10A71000671C084602928A460137A3F12002582A94
:10A7200000F2F780DFE812F03302F500F5002F02A7
:10A73000F500F500F500F500F500F500E5012B0248
:10A74000F500F001F401F500270259005900590005
:10A75000590059005900590059005900F500F500F9
:10A76000F500F500F500F500F500F500F500F50041
:10A770000E02F500F500F500F500F500F500F50016
:10A78000F500F500F5009400F500F500F500F50082
:10A79000F5008400F500F5004802F500F500F5002D
:10A7A000F500F500F500F500F500F500F5003A02BA
:10A7B000A701F500F500F5008902A701F500F500F5
:10A7C0007F02F50069029600C902C502F500A402E5
:10A7D000F5008600F500F5008D02A3F1300200249B
:10A7E00017F8013B04EB840402EB4404A3F13002AC
:10A7F000092AF5D9049490E74146584600F092FDA5
:10A80000002840F03585B8F80C2002F01A020A2A18
:10A810007FF458AFB8F90E30002BFFF653AF234644
:10A820003A46414658462BB0BDE8F04F00F044BDD3
:10A830004AF0100A1AF0200100F00F81069B07333E
:10A8400023F00703596853F8080B069301230EE021
:10A850004AF0100A1AF0200100F0F280069B07333C
:10A8600023F00703596853F8080B069300234FF0B1
:10A8700000028DF82F2000220792029A541C00F04B
:10A880002F822AF08004019450EA010440F02682CD
:10A89000002A40F09584002B40F00E841AF001034A
:10A8A000039340F03E841AACDDE902639E42B8BFD8
:10A8B0001E46079B002B3ED001363CE0E51B1BD01B
:10A8C0000E9B0F9A01332A44072BC9E900750F929A
:10A8D0000E9305DC09F10809059B2B4405930AE753
:10A8E000002A00F0D1830DAA41465846FFF778FEB2
:10A8F00030B90DF16809EFE70F9B002B40F085841C
:10A90000B8F80C305B0600F1B38405982BB0BDE8B5
:10A91000F08F002940F07584002BEDD08DF8403089
:10A9200001264FF000038DF82F30039610AC002362
:10A93000CDF804A00293019B13F002030793019B3F
:10A9400018BF023613F08403089304D1049B9D1BA7
:10A95000002D00F3DB82DDE90E1001F1010C9DF802
:10A960002F3093B101300DF12F030121BCF1070FFE
:10A97000CDE90EC0C9F80030C9F8041000F3A68272
:10A98000614609F108090CF1010C079BEBB10CAB16
:10A990000230C9F80030BCF1070F4FF00203CDE9D7
:10A9A0000EC0C9F8043040F3AB82002800F0668383
:10A9B0000DAA41465846FFF713FE0028A0D1DDE955
:10A9C0000E100DF1680901F1010C089B802B00F0BD
:10A9D000C881DDE902329D1A002D00F31C82039B21
:10A9E000C9F800401844BCF1070FCDE90EC0C9F802
:10A9F000043040F3B381002800F0D2820DAA414612
:10AA00005846FFF7EDFD00287FF47AAF0F980DF15F
:10AA10006809019B5A0704D5049B9C1B002C00F37A
:10AA2000C982DDE90423B242ACBF9B189B19059390
:10AA3000002840F0368200230E930DF168094AE6A3
:10AA40001AF0100349D11AF0400146D0069A52F884
:10AA5000040B0692194680B209E71AF0100342D19E
:10AA60001AF040013FD0069A52F8040B069219469C
:10AA700080B20123FBE6002940F0E1831AF0200FA9
:10AA8000069B68D0073323F007031A465B6852F829
:10AA9000080B06921946002BC0F20483029B013377
:10AAA00000F08A839DF82F30079350EA01032AF0C3
:10AAB000800A00F054830A2871F1000380F01283A9
:10AAC000303001238DF86700CDF804A003930DF119
:10AAD0006704E9E6FEF7C6FCD7E5069B53F8040BCE
:10AAE00006930B46C3E6069B53F8040B069301231B
:10AAF000BDE6069B53F8042B0492002A80F20D83D6
:10AB0000049A0693524204923B784AF0040A03E600
:10AB10003C4614F8013B2A2B00F0AF83A3F130022E
:10AB2000092A274698BF002400F28F8317F8013BBB
:10AB300004EB840402EB4404A3F13002092AF5D9A2
:10AB40000294EAE5002940F084834AF0100A1AF0E2
:10AB5000200F069B96D153F8040B06931AF0100FA2
:10AB600040F09B821AF0400F00F0978240F3C03112
:10AB70000B4600B28FE73B784AF0800ACCE53B7881
:10AB800001212B20C8E53B784AF0010AC4E53B7857
:10AB900000287FF4C1AD01212020BDE5069B4FF0C8
:10ABA00000028DF82F20012653F8042B8DF8402049
:10ABB0000693039610ACBAE6002940F04D83BD4AD7
:10ABC00009921AF0200144D0069A073222F00702B7
:10ABD000516852F8080B06921AF0010F0BD050EA98
:10ABE000010208D08DF8313030238DF830304AF032
:10ABF000020A02233BE6022339E6002940F02283C1
:10AC00001AF0200F40F09A821AF0100F40F0CC8218
:10AC10001AF0400F00F0C882069B059953F8042BE8
:10AC20000693118057E53B786C2B03BF7B784AF085
:10AC3000200A01374AF0100A6EE53B784AF0400AD4
:10AC40006AE5002940F0F8829B4A09921AF0200137
:10AC5000BAD11AF0100240F01B821AF0400100F045
:10AC60001782069C54F8040B0694114680B2B3E791
:10AC7000069D55F8044B4FF000038DF82F30002C43
:10AC800000F0A482029B5E1C00F072821A46002132
:10AC90002046FAF715FA002800F0BE82031B039342
:10ACA0009DF82F30079300230695CDF804A002935A
:10ACB000FAE53B784AF0200A2EE5069B53F8040B90
:10ACC000069330238DF8303078238DF831307A4B6D
:10ACD00009934AF0020A00210223C8E5DDF804A026
:10ACE000012B3FF4E8AE022B1AAC12D1099A00F006
:10ACF0000F030009D35C04F8013D40EA0170090923
:10AD000050EA0103F3D11AAB1B1BCDF804A0039347
:10AD1000CAE500F00703C00840EA4170C9083033B3
:10AD200050EA0105224604F8013DF2D11AF0010F64
:10AD3000E9D0302BE7D03023023A04F8013C1AABBB
:10AD40009B1ACDF804A003931446ADE503981A941A
:10AD500001231B900F900E930DF1680909F108096A
:10AD600057E6049B9D1B002D7FF733AE102D40F35B
:10AD70007B82DFF848A152461023A246144607E022
:10AD800001F1020E09F108091146103D102D1DDDDB
:10AD90004A1C1030072AC9E90043CDE90E20EFDD37
:10ADA0000DAA002800F08C80414658460DF1680934
:10ADB000FFF716FC00287FF4A3ADDDE90E10103D6F
:10ADC000102D01F1010E4FF01003E1DC2346544633
:10ADD0009A462844BEF1070FCDE90EE0C9F800A05D
:10ADE000C9F8045040F3A481002800F0F8810DAAAE
:10ADF00041465846FFF7F4FB00287FF481ADDDE9BA
:10AE00000232DDE90E109D1A002D01F1010C0DF149
:10AE100068097FF7E4AD102DDFF8A0A02BDD5246C6
:10AE20001023A246144607E001F1020C09F10809BB
:10AE30001146103D102D1BDD4A1C1030072AC9E9B0
:10AE40000043CDE90E20EFDD0DAA414618B3584668
:10AE50000DF16809FFF7C4FB00287FF451ADDDE96F
:10AE60000E10103D102D01F1010C4FF01003E3DC2A
:10AE7000234654469A462844BCF1070FCDE90EC03C
:10AE8000C9F800A0C9F8045000F3E38009F10809EB
:10AE90000CF1010CA3E54FF0010C01460DF168091E
:10AEA000C7E70DAA41465846FFF79AFB00283FF432
:10AEB000C2AD25E5FCA50308E8A503082098030812
:10AEC0004FF0010E01460DF168095EE7002800F021
:10AED000D2800DAA41465846FFF782FB00287FF436
:10AEE0000FADDDE90E100DF1680901F1010C4CE523
:10AEF00002200CAB1B901A934FF0010C0DF1680966
:10AF0000614609F1080901F1010C5EE5102D40F3DD
:10AF10008D81DFF880A3DDE90EC052461023A246E2
:10AF20006146144607E001F1020C09F108091146D7
:10AF3000103D102D1BDD4A1C1030072AC9E90043C3
:10AF4000CDE90E20EFDD0DAA20B3414658460DF1A4
:10AF50006809FFF745FB00287FF4D2ACDDE90E104D
:10AF6000103D102D01F1010C4FF01003E3DC2346DE
:10AF7000614654469A4628440729CDE90E10C9F87F
:10AF800000A0C9F8045000F39C8009F1080901F100
:10AF9000010CE4E401464FF0010C0DF16809C7E72C
:10AFA000019B0E9059074CD5049B9C1B002C48DD3F
:10AFB0000DF16809102C40F35281DFF8D8A20E9AE7
:10AFC00053461025B2461E4606E0911C09F10809B9
:10AFD0001A46103C102C19DD531C1030072BC9E900
:10AFE0000065CDE90E30F0DD0DAA28B34146584684
:10AFF000FFF7F6FA00287FF483ACDDE90E20103C61
:10B00000102C02F101010DF16809E5DC33465646CA
:10B010009A4620440729C9E900A4CDE90E107FF71C
:10B0200000AD70B10DAA41465846FFF7D9FA002885
:10B030007FF466AC0F98F4E4012102460DF1680933
:10B04000C7E7DDE90423B242ACBF9B189B19059307
:10B05000F1E400283FF47AAE0DAA41465846FFF7C6
:10B06000BFFA00287FF44CAC0E9B0F9803F1010C43
:10B070000DF16809B3E4079B002B69D14FF0010C77
:10B0800001460DF16809A0E40E920DF1680923E470
:10B09000069A52F8040B06929EE5C1170B46002B48
:10B0A000BFF6FCAC2D2340428DF82F30079361EBA7
:10B0B00041010123FFF7E1BB029B03931AACFFF7A9
:10B0C000F3BB002862D00DAA41465846FFF788FA24
:10B0D00000287FF415ACDDE90E100DF1680901F1CF
:10B0E000010C3CE41AAC0A22002306460D4600F08F
:10B0F00039FD303204F8012D0023304629460A225A
:10B1000000F030FD0A2E75F10003ECD21AAB1B1BC8
:10B11000CDF804A00393FFF7C7BB06933B78FFF776
:10B12000FBBA30238DF867300DF16704FFF7BCBB25
:10B1300009F108090EF1010C71464AE4DDE9050345
:10B1400053F8041B0693C217C1E90002FFF7C3BA04
:10B1500002200CAB1B901A930DF16809D1E6029BFB
:10B16000002B7FF4ADACCDF804A00393FFF79BBB9D
:10B1700020460695CDF804A0F6F7E2F99DF82F30A9
:10B180000793002303900293FFF78EBB9DF82F30A7
:10B1900063B301239C461B930DF12F031A930DF10A
:10B1A00068096046FFF7ECBB069B059953F8042B32
:10B1B00011600693FFF78FBA9DF82F3007937AE45A
:10B1C000012BDDF804A07FF48EAD79E4029E304CB3
:10B1D0000695062E28BF06260396FFF7A8BB4FF05C
:10B1E000010C01460DF16809FFF7F3BB079B002B2B
:10B1F0007FF47EAE01464FF0010C0DF16809FFF7B8
:10B20000E8BB8DF82F00FFF787BB0DAA41465846D3
:10B21000FFF7E6F9FFF774BB029B03939DF82F300D
:10B220000695CDE901A00793FFF73EBB0E990F9855
:10B23000DFF860A001319EE68DF82F0004E58DF85F
:10B240002F001BE48DF82F00DAE400220292FFF7B2
:10B2500064BA8DF82F0078E48DF82F00AFE40E99D2
:10B26000DFF830A00131D4E6DFF82CA0E646B0E5E7
:10B270004FF0FF330593FFF748BB069A7B782746CC
:10B2800052F8044B069244EAE4740294FFF744BA7D
:10B29000649F0308109803082098030810B4054C15
:10B2A0008446134620685DF8044B0A466146FFF762
:10B2B000DFB900BF0800002470B50C468989ADF5E0
:10B2C0008D6D21F00201ADF80C10616E1991E189CC
:10B2D000ADF80E10E1690791616A09911AA9009110
:10B2E00004914FF480610291059100210691694615
:10B2F0000646FFF7BDF9051E07DB69463046FDF738
:10B3000087FF002818BF4FF0FF35BDF80C305B06F3
:10B3100003D5A38943F04003A38128460DF58D6D25
:10B3200070BD00BF38B5334B1B6805460C460BB1EA
:10B330009A6B12B3B4F90C3018079AB225D521696B
:10B3400000292DD012F0010007D00020A060606914
:10B350004042A06139B1002038BD950758BF6069EF
:10B36000A0600029F7D1120658BF0846F4D543F073
:10B370004003A3814FF0FF3038BD1846FEF772F846
:10B38000B4F90C3018079AB2D9D4D1062AD552078D
:10B3900014D4216943F00803A3819AB20029D1D1C2
:10B3A00002F42070B0F5007FCCD02146284600F092
:10B3B00091FAB4F90C3021699AB2C3E7216B51B10B
:10B3C00004F14002914204D02846FEF7DDF8B4F9BA
:10B3D0000C300022226321690022C4E9001223F00C
:10B3E0002403D7E7092243F040032A604FF0FF30DF
:10B3F000A38138BD0800002470B50C460646FDF751
:10B400006FFEE36A054633B1E1693046984700288C
:10B41000B8BF4FF0FF35A3891B0619D4216B41B18A
:10B4200004F14003994202D03046FEF7ADF8002304
:10B430002363616C21B13046FEF7A6F800236364F4
:10B44000FEF714F80023A381FEF712F8284670BD1A
:10B4500021693046FEF798F8E0E700BFB1B138B592
:10B4600004460D4608B1836B4BB1B5F90C300BB9EE
:10B47000002038BD29462046BDE83840BCE7FDF72E
:10B48000F1FFB5F90C30002BF2D0F3E70020704744
:10B49000C0B138B50C4B1D6804460DB1AB6B4BB158
:10B4A000B4F90C300BB9002038BD21462846BDE860
:10B4B0003840A1E72846FDF7D5FFB4F90C30002B42
:10B4C000F1D0F2E700207047080000242DE9F04792
:10B4D00082B0824688461446F9F7ACFA012803D1B7
:10B4E00008F1FF33FE2B36D9424604F15C0301A973
:10B4F000504600F0F3FA421C064632D030B39DF8B5
:10B5000004C00DF10509002509E023685A1C2260DA
:10B5100083F800C00135B54218D219F801CBA368F1
:10B52000013B002BA360F0DAA769BB4261462246CB
:10B53000504602DBBCF10A0FE7D100F06BFA431C66
:10B54000E8D10646304602B0BDE8F08746463046B0
:10B5500002B0BDE8F0875FFA88FC8DF804C00646AB
:10B56000CFE7A389304643F04003A38102B0BDE892
:10B57000F08700BFB2F90C3013F4005F0BD110B4A8
:10B58000546E43F4005344F40054546693815DF8C0
:10B59000044BFFF79BBFFFF799BF00BF30B5104BBF
:10B5A0001D680C4683B001460DB1AB6B8BB1B4F98D
:10B5B0000C309A0406D4626E43F4005342F40052F5
:10B5C000A38162662246284603B0BDE83040FFF7FB
:10B5D0007DBF01902846FDF745FF0199E7E700BFD1
:10B5E000080000249368002B00F085802DE9F04FBF
:10B5F000B1F90C300C461907804683B0174698B253
:10B6000025D523691BB310F002033D682DD04FF000
:10B61000000ADFF8BCB25646B9465E45334652468C
:10B6200028BF5B464046002E52D0E169676AB847A2
:10B63000002856DDD9F808301B1A8244361AC9F89A
:10B640000830002BE9D1002003B0BDE8F08F21467F
:10B650004046FFF767FE002840F03681B4F90C3011
:10B660003D6898B210F00203D1D110F0010944D125
:10B670004E46009746B38205D4F808B040F1838067
:10B68000B3455A4600F2B28010F4906F40F0BF808C
:10B69000206801924946FEF7F1FCA368019AA3EBEA
:10B6A0000B012368A1601344B24623600026009B6F
:10B6B0009868A0EB0A00D14498600028C3D0B4F980
:10B6C0000C0080B2002ED6D1D5E900960835D1E71E
:10B6D000D5E900A60835A0E721464046FDF798FDCC
:10B6E00080B3B4F90C3043F040034FF0FF30A38136
:10B6F00003B0BDE8F08F002070471E46AA46994669
:10B7000018461D46009756B388B34A46D4E9041339
:10B710002068B24228BF3246884205D9A16803EBAF
:10B72000010B5A4500F3A680934263DCE169676A26
:10B730002A464046B847B0F1000BD2DDB9EB0B0901
:10B74000CAD00120009A9368A3EB0B035D44A6EBDB
:10B750000B069360002B3FF476AF002ED4D10AF194
:10B76000080353E902569A460833002EF9D03246B0
:10B770000A212846F9F7A4FC002800F09C8001303B
:10B78000A0EB0509C1E720682369984216D86369D0
:10B79000B34213D86FF00042B24228BF3246E1698B
:10B7A00092FBF3F2676A02FB03F340464A46B8474E
:10B7B000B0F1000A95DDA6EB0A0678E7B345DA4654
:10B7C00028BFB24652464946FEF758FCA368226895
:10B7D000A3EB0A035244A3602260002BEBD1214665
:10B7E0004046FDF715FD0028E5D07AE72068B3460E
:10B7F00032464EE729460192FEF740FC019AA368C3
:10B800009B1AA360236813442360934696E723683A
:10B810002169A3EB010B636903EB430A0AEBDA7AB4
:10B820000BF101034FEA6A0A33445345524684BF81
:10B830009A46524643052CD511464046F9F72AF957
:10B8400000283BD05A4621690190F5F733F9A289C7
:10B85000019B22F4906242F08002A28103EB0B0074
:10B860002361AAEB0B03C4F814A0A3602060B346C5
:10B8700032460EE729465A46FEF700FC23685B4431
:10B88000236021464046FDF7C3FC00283FF456AF35
:10B8900027E74046FEF76EFC03460028DED121690B
:10B8A0004046FDF771FEB4F90C300C2223F0800302
:10B8B000C8F8002017E7721C914627E70C22B4F95C
:10B8C0000C30C8F800200EE74FF0FF30BCE600BF98
:10B8D00000FCFF7F2DE9F0418B890C46990796B05B
:10B8E00008D504F143030122C4E90432236016B0F1
:10B8F000BDE8F081B4F90E100029064627DB6A4640
:10B9000009F016FD002821DB019D05F47045A5F521
:10B910000055B5FA85F54FF480686D094FF400675E
:10B9200041463046F9F7B6F8B4F90C30F0B1204A88
:10B93000F26343F08003C4F81480A3812060206187
:10B9400035BB3B43A38116B0BDE8F081A38913F05A
:10B95000800519D04FF0400841463046F9F79AF873
:10B960000025B4F90C302F460028E0D19A05BED44A
:10B9700023F0030304F1430243F002030121C4E96D
:10B980000421A3812260B2E74FF480682F46C7E705
:10B99000B4F90E10304609F0DBFC10B9B4F90C30E4
:10B9A000CFE7A38923F0030343F001031BB2C8E7E9
:10B9B0009192020870B50C46B1F90E10002996B0AC
:10B9C00015461E4614DB6A4609F0B2FC00280FDB60
:10B9D000019A02F47042A2F50052B2FA82F24FF4D8
:10B9E000806352094FF4006032602B6016B070BD66
:10B9F000B4F90C10002311F08000336004D0402211
:10BA000018462A6016B070BD4FF480632B6016B0E4
:10BA100070BD00BFF8B50D461446064610B1836BE5
:10BA2000002B43D0B4F90C20A369A360170790B290
:10BA30001BD52369CBB1EDB281042F4622D52268F4
:10BA40006169D31A994229DD0133A1680139A160E6
:10BA5000511C2160157062699A422AD0A389DB07C4
:10BA600001D50A2D25D03846F8BD21463046FFF7CE
:10BA700059FC20BBB4F90C20236990B2EDB28104CB
:10BA80002F46DCD442F40052A281626E616922F436
:10BA9000005262662268D31A9942D5DC21463046AC
:10BAA000FDF7B6FB58B922680123CEE7FDF7DAFCB3
:10BAB000B8E721463046FDF7ABFB0028D3D04FF066
:10BAC000FF37D0E710B4044C03460A4620685DF8FF
:10BAD000044B1946FFF79EBF0800002470B50546C9
:10BAE00084B01C4639B10B4ED6F8E060B047431C19
:10BAF00009D004B070BD0A460649D1F8E06001A93A
:10BB0000B047431CF5D100228A2322602B6004B089
:10BB100070BD00BF3804002470B5104B84B01D68A0
:10BB2000144658B10E4B0A46D3F8E060014623464E
:10BB30002846B047431C0BD004B070BD084A2346CA
:10BB4000D2F8E06001A902462846B047431CF3D171
:10BB500000228A2322602B6004B070BD08000024FC
:10BB60003804002453B94AB9002908BF00281CBF73
:10BB70004FF0FF314FF0FF3001F0DEB8ADF1080CAF
:10BB80006DE904CE00F006F8DDF804E0DDE90223FB
:10BB900004B070472DE9F047089D04468E46002BFF
:10BBA0004DD18A42944669D9B2FA82F252B101FA71
:10BBB00002F3C2F1200120FA01F10CFA02FC41EA81
:10BBC000030E94404FEA1C48210CBEFBF8F61FFA06
:10BBD0008CF708FB16E341EA034306FB07F19942A1
:10BBE0000AD91CEB030306F1FF3080F01F81994254
:10BBF00040F21C81023E63445B1AA4B2B3FBF8F02E
:10BC000008FB103344EA034400FB07F7A7420AD9B4
:10BC10001CEB040400F1FF3380F00A81A74240F2DC
:10BC200007816444023840EA0640E41B00261DB147
:10BC3000D4400023C5E900433146BDE8F0878B427C
:10BC400009D9002D00F0EF800026C5E9000130463B
:10BC50003146BDE8F087B3FA83F6002E4AD18B4215
:10BC600002D3824200F2F980841A61EB03030120BF
:10BC70009E46002DE0D0C5E9004EDDE702B9FFDEAB
:10BC8000B2FA82F2002A40F09280A1EB0C014FEA56
:10BC90001C471FFA8CFE0126200CB1FBF7F307FBB3
:10BCA000131140EA01410EFB03F0884208D91CEB56
:10BCB000010103F1FF3802D2884200F2CB804346F3
:10BCC000091AA4B2B1FBF7F007FB101144EA0144D2
:10BCD0000EFB00FEA64508D91CEB040400F1FF3161
:10BCE00002D2A64500F2BB800846A4EB0E0440EA4F
:10BCF00003409CE7C6F12007B34022FA07FC4CEA58
:10BD0000030C20FA07F401FA06F31C43F9404FEA4A
:10BD10001C4900FA06F3B1FBF9F8200C1FFA8CFE5F
:10BD200009FB181140EA014108FB0EF0884202FAB3
:10BD300006F20BD91CEB010108F1FF3A80F0888074
:10BD4000884240F28580A8F102086144091AA4B231
:10BD5000B1FBF9F009FB101144EA014100FB0EFEB2
:10BD60008E4508D91CEB010100F1FF346CD28E45E1
:10BD70006AD90238614440EA0840A0FB0294A1EB72
:10BD80000E01A142C846A64656D353D05DB1B3EBCF
:10BD9000080261EB0E0101FA07F722FA06F3F140FF
:10BDA0001F43C5E9007100263146BDE8F087C2F1A6
:10BDB0002003D8400CFA02FC21FA03F3914001431E
:10BDC0004FEA1C471FFA8CFEB3FBF7F007FB103657
:10BDD0000B0C43EA064300FB0EF69E4204FA02F403
:10BDE00008D91CEB030300F1FF382FD29E422DD956
:10BDF000023863449B1B89B2B3FBF7F607FB16338B
:10BE000041EA034106FB0EF38B4208D91CEB01010A
:10BE100006F1FF3816D28B4214D9023E6144C91A8A
:10BE200046EA004638E72E46284605E70646E3E69A
:10BE30001846F8E64B45A9D2B9EB020864EB0C0EA4
:10BE40000138A3E74646EAE7204694E74046D1E7B3
:10BE5000D0467BE7023B614432E7304609E7644461
:10BE6000023842E703685A004CBF43F0004323F016
:10BE700000431844704700BF2DE9F84329B34F1E13
:10BE8000044615463E464FF0000808EB060101EB5C
:10BE9000D171491004EBC1094846FFF7E3FF03469F
:10BEA000C80008308F42204409D0AB4209D8FFF7C0
:10BEB000D9FF0138A8420AD201F10108E5E7AB42F7
:10BEC00005D9884501D04E1EDFE74FF000094846EE
:10BED000BDE8F883012807D0022807D0044B0028CA
:10BEE0000CBF184600207047024870470248704750
:10BEF000ADC50208B1C50208B5C5020830B5234B6F
:10BF000083B004468D1E3BB301A92846AFF30080E1
:10BF1000E8B101992A46FFF7AFFF0146B8B1FFF734
:10BF2000A1FF4B68A064012B2CD0002B01F1040071
:10BF300024DBFFF797FF0023C4E913030368002BFA
:10BF400011DBFFF78FFF2061002003B030BD00231D
:10BF50000920236103B030BD0D4B0E49C91AC91029
:10BF600018460191D6E7C3F30360FFF7B3FF00283B
:10BF7000206114BF0020092003B030BD0123C4E9B3
:10BF80001303DBE7002323610520DEE70000000048
:10BF900070A7030870A803080368DA0710B5044601
:10BFA00006D49B0700F1480009D500F05BFC23682C
:10BFB000590709D51A070ED5DB0613D510BD00F0B9
:10BFC00049FC23685907F5D404F1D00000F052FC75
:10BFD00023681A07F0D404F5A87000F053FC236816
:10BFE000DB06EBD404F5E870BDE8104000F08EBC31
:10BFF000092070470346006800B11844704700BF2D
:10C00000704700BF70B504460E46316C2046FFF7FE
:10C0100075FF054688B9326C626123693246214654
:10C02000012098470828F0D0072806D12846316C0F
:10C03000FFF7E6FF301D00F001FCF4F701FD00BF43
:10C040002DE9F0470D1DD0F80C80D0F81890074668
:10C0500014460FCDADF5727D0DF10C0CACE80F0060
:10C060000FCDACE80F000FCDACE80F0095E80F0046
:10C0700002AE4FF0000E8CE80F00C6F800E020E0A2
:10C08000336C7B614FF4F07231467AA8F4F712FDFD
:10C090003B697AAA394650469847889B7364214683
:10C0A000CDE9006905463B463A460120C0470446B3
:10C0B000E0B94FF4F0727AA93046F4F7FBFC082D92
:10C0C0001AD1316C3846FFF719FF09345FFA84FA48
:10C0D00005460028D4D0B36B73643A46CDE90069B5
:10C0E0003B464AF010010120C04700B1092528460F
:10C0F0000DF5727DBDE8F087072DF7D12046316C34
:10C10000FFF77EFF03A800F099FB00BF406C70476B
:10C11000F0B5CB6B0B6401F1040C0E460546BCE890
:10C120000F00F9B001AC0FC4BCE80F000FC4BCE8AD
:10C130000F000FC49CE80F004FF0FF3784E80F009A
:10C14000009706E02B696A46294698470828044666
:10C1500008D110992846FFF7D1FE0028F2D0092017
:10C1600079B0F0BD6846FFF717FF062CF7D13146CE
:10C170002846FFF747FF00BFC160D96B8261196491
:10C18000002219465CE700BF70B5C66843690B64BE
:10C19000AEB903690A4604460D4601460220984797
:10C1A000072805D008280FD129462046FFF72AFF87
:10C1B0003046296CFFF724FF281D00F03FFB0122C9
:10C1C000FFF73EFFF4F73CFCF4F73AFCC2681AB103
:10C1D000CA6B0A64002233E79AE700BF704700BFCA
:10C1E000836801460BB1012018477047012912D01E
:10C1F00009D873B90F2A0CD800EB8202184653688D
:10C20000009A136070470339012994BF012002206E
:10C210007047022070470846704700BF00B585B0E0
:10C220000A46002303A900911946FFF7DFFF039890
:10C2300005B05DF804FB00BF012912D009D873B91D
:10C240000F2A0CD800EB8200009A12684260184650
:10C2500070470339012994BF012002207047022052
:10C2600070470846704700BF10B584B0002303AC88
:10C27000039200940A461946FFF7DEFF04B010BD92
:10C2800070B5D36B136402F1040C05460C46BCE890
:10C290000F00ADF50E7D0DF15C0EAEE80F00BCE8B1
:10C2A0000F00AEE80F00BCE80F00AEE80F009CE8FE
:10C2B0000F004FF0FF368EE80F00169610E0FFF7E4
:10C2C000D3FF214616A8A847034616AA69460820A8
:10C2D00083B9049B9847052806460CD0092809D045
:10C2E00026996846FFF70AFE03466A460C2116A8FF
:10C2F000002BE4D0092616A8FFF74EFE30460DF5B8
:10C300000E7D70BD2DE9F04FCC6C89B01E4654F8FF
:10C31000043B06940D46174600F00308002E79D022
:10C320001A0C1B0405938DF81D200223D2B204EBD6
:10C3300082048DF81C302B6DB8F1020F08BFAC6B76
:10C3400013F001030CD005A9384600F079FB18B9A9
:10C35000082009B0BDE8F08F092009B0BDE8F08FD2
:10C36000D4F800A0BAF1000FEDD0019300F008035B
:10C370000293022E4AD0B4F800A0B4F8029004341C
:10C38000AB6C29F0010B0F2138469B44FFF746FFA9
:10C39000834539D82AF001039B44834594BF00208C
:10C3A00001204FEA490303F002030AF0010A43EABD
:10C3B0000A03012B49D0022B32D0002BCCD1B8F18B
:10C3C000000F02D0002840F0CD800434D4F800A043
:10C3D000BAF1000FCDD105A9384600F031FB002895
:10C3E000BAD1019B002BB3D00F213846FFF716FFBF
:10C3F0000E2102463846FFF737FF38466A4A0F21BA
:10C40000FFF732FF0720A8E70020CAE7D4F804901E
:10C410000834B5E71B0205930323ADF81C308AE707
:10C42000236823F0004BB8F1000F45D128B1029AE0
:10C43000002A5CD0BBF1000F74D0002B00DA04346A
:10C440000BF1010B04EB8B04C0E7B8F1000F19D11D
:10C45000B0B163682268991C4FEAD2723FF47CAF96
:10C4600005F158010133049100F09080201DFFF781
:10C47000C1FD04AB01462846AFF3008000285BD124
:10C480000834A3E70D213846D5F82090FFF7C6FE03
:10C490008145F5D1AB6A9C42F2D12046FFF7E2FC20
:10C4A0000F2102463846FFF7DFFE38462A460021B4
:10C4B000FFF7DAFE072050E70D213846D5F8209027
:10C4C000FFF7ACFE814501D02368B6E7AB6A9C421A
:10C4D000FAD104230022C5E90B23E318C5F828B0DC
:10C4E0006B632368002B59DB01230193A8E705F157
:10C4F0005803CDF80C8004F1040AB04691461E465C
:10C500000EE050460496FFF775FD0022014604AB8D
:10C51000284609F101090AF1040AAFF30080E0B9E5
:10C52000D945EED10D213846FFF778FE049BAC6269
:10C53000C5E90803062010E781460D213846FFF7BC
:10C540006DFEB9F1020F286225D12B46049A43F8FB
:10C550002C2F6B62AC620620FFE646462368DDF8AE
:10C560000C806AE72046FFF77DFC04340246AC638A
:10C5700028461446AFF3008000283FF4EDAE38465D
:10C5800022460F21FFF770FE0720E6E60D21384610
:10C59000FFF744FE2862049B6B62DBE70BF10100AE
:10C5A00004EB80007AE700BF000000000023A9E64A
:10C5B0000123A7E60223A5E62DE9F0430646C3B012
:10C5C00015461C46042900F2BF80DFE801F09E57A3
:10C5D000BD2D0300002C40F0B780102A00F2B4807B
:10C5E0000368D80600F1F98020AF384600F098F9CA
:10C5F000B46B394600234FF0010C0CFA03F22A42C7
:10C60000204603F1010303D050F8042B0A600446CE
:10C61000042B01F10401F0D13846B46300F076F93F
:10C62000002043B0BDE8F083032C40F08D8094B22D
:10C6300004EB1243102B4FEA124500F28580036889
:10C640001F0700F1D28020AF384600F03DF9B26BF1
:10C6500007EBC50154B10B46D01A01EBC401E4004D
:10C660001D5843F8045B8B42FAD122443846B2632A
:10C6700000F008F9002043B0BDE8F083012C4FEA38
:10C68000124895B25CD0052C5ED108EB0509B9F1D2
:10C69000200F59D8B8F10F0F79D9A946002D40F0D5
:10C6A0008A80B36B6DB320AF4FF0000907EBC8076A
:10C6B000043F03EBC50553F8041B47F8041FAB42C6
:10C6C000F9D1B9F1000F0FD06F464146102938BF9C
:10C6D000102107EBC101843903EBC90553F8040BA2
:10C6E00041F8040FAB42F9D1012C00F08680B8F17B
:10C6F0000F0FB56347D9B9F1000F02D0684600F0BB
:10C70000B9F8002043B0BDE8F083ECB9806B234654
:10C710001FFA82FC0124371D04FA03F212EA0C0FFF
:10C72000014604D051F8042B47F823200846013372
:10C73000102BF1D115F40055E3D1B063284604E085
:10C7400008EB0503102B03D9022043B0BDE8F083AA
:10C75000B8F10F0FF8D83368DA0706D5304623F062
:10C76000030340F8483B00F079F820AF384600F06A
:10C7700075F8B36B002D97D11D460435B563384667
:10C7800000F068F8BDE720A800F06CF8B3E7B9F155
:10C79000100F40D9A9F110093368D90708D523F043
:10C7A0000103304643F0020340F8483B00F05EF8D6
:10C7B000B9F1000F32D033685A0720D4B8F10F0F07
:10C7C00025D96F463846C8F1100500F057F8002DFE
:10C7D000B36B7FF77AAF20AF68E723F010033360C5
:10C7E00006F5E87000F09CF8FEE623F0080303600D
:10C7F00000F5A87000F068F825E720AFBDE73046E7
:10C8000023F0040340F8D03B00F038F8D6E720A826
:10C8100000F02CF8D5E74FF00009BDE7B8F10F0F95
:10C820003FF63FAF20AF384600F020F8B36B002D45
:10C830007FF43AAF384600F015F862E700F13401B2
:10C8400091E838009C46A6464CF8045D90E8FF0F3E
:10C85000E54600BD90EC210B704700BF80EC210B3A
:10C86000704700BF90EC200B704700BF80EC200B9E
:10C87000704700BFD0EC200B704700BFC0EC200B0E
:10C88000704700BFF0EC0201F0EC0211F0EC022165
:10C89000F0EC0231F0EC0241F0EC0251F0EC0261FC
:10C8A000F0EC0271F0EC0281F0EC0291F0EC02A1EC
:10C8B000F0EC02B1F0EC02C1F0EC02D1F0EC02E1DC
:10C8C000F0EC02F1704700BFE0EC0201E0EC021175
:10C8D000E0EC0221E0EC0231E0EC0241E0EC02513C
:10C8E000E0EC0261E0EC0271E0EC0281E0EC02912C
:10C8F000E0EC02A1E0EC02B1E0EC02C1E0EC02D11C
:10C90000E0EC02E1E0EC02F1704700BFB0FC018115
:10C91000B0FC0191B0FC01A1B0FC01B1704700BFB7
:10C92000A0FC0181A0FC0191A0FC01A1A0FC01B12F
:10C93000704700BFEC4600B52DE900502DE9FF1F00
:10C940004FF000032DE90C0001A9FFF7E1FBDDF832
:10C9500040E012B0704700BFEC4600B52DE9005032
:10C960002DE9FF1F4FF000032DE90C0001A9FFF78F
:10C970000BFCDDF840E012B0704700BFEC4600B59C
:10C980002DE900502DE9FF1F4FF000032DE90C00A9
:10C9900001A9FFF71BFCDDF840E012B0704700BFB3
:10C9A000EC4600B52DE900502DE9FF1F4FF00003C4
:10C9B0002DE90C0001ABFFF7DFFBDDF840E012B022
:10C9C000704700BFEC4600B52DE900502DE9FF1F70
:10C9D0004FF000032DE90C0001AAFFF751FCDDF830
:10C9E00040E012B0704700BF027A03467AB9427A3B
:10C9F000A2B14168013A10B44272086803220C1DCA
:10CA00001A7202025C60000E10BC1A607047006867
:10CA1000013A1A7202021A60000E7047B020704785
:10CA200000B585B0002303AA009219460C22FFF737
:10CA3000DDFB039805B05DF804FB00BFF0E700BF25
:10CA40002DE9F043054685B00E464FF0000830460C
:10CA5000FFF7CAFFB028044600F0BA80070620D5C9
:10CA600000F0F003802B4DD0902B36D0A02B60D05F
:10CA7000B02B74D0C02B00F08B8000F0F803D02BCB
:10CA80000BD100F007020132052342F400220121FC
:10CA90002846FFF791FD0028D9D0092005B0BDE850
:10CAA000F0838300DBB21F1D0DF10C090023194632
:10CAB000CDF800900D222846FFF798FB039BCDF898
:10CAC000009060064CBFDF1BFF1800230D221946A3
:10CAD00028460397FFF7B0FBB9E700F00D030D2BD5
:10CAE000DBD003AF002300F00F0219460097284661
:10CAF000FFF77CFB002300970D2219462846FFF71D
:10CB00009BFBA4E73046FFF76FFF24022043B0F5FC
:10CB1000004FC2D004010023A2B219462846FFF7F5
:10CB20004BFD0028B9D114F4004F18BF4FF0010895
:10CB30008DE7C24302F007034FF47F621A410107F9
:10CB400002F47F624FF0000348BF42F4804219466E
:10CB50002846FFF731FD00283FF479AF9DE7B12863
:10CB60003BD0B22800F09380B32841D000F0FC0302
:10CB7000B42B92D000F007020132012342F40022CC
:10CB800019462846FFF718FD00283FF460AF84E7F8
:10CB9000C6284AD0C72854D000F0F803C02B63D071
:10CBA000C82868D0C9287FF478AF3046FFF71CFF4B
:10CBB000020300F00F0002F4702201300243012151
:10CBC00005232846FFF7F8FC00283FF440AF64E750
:10CBD000B8F1000F18D0002060E73046FFF704FFDF
:10CBE000024600283FF459AF10F0F003C8D054E7D4
:10CBF0003046FFF7F9FE020300F00F03013302F4A1
:10CC000070221A430123BBE703AC43460E22414680
:10CC100000942846FFF7EAFA009443460F22414663
:10CC20002846FFF709FB404638E73046FFF7DCFEB1
:10CC3000020300F00F03013302F470221A430323AE
:10CC40009EE73046FFF7D0FE024600283FF425AFAE
:10CC500010F0F0037FF421AF04212846FFF7ACFC6D
:10CC600000283FF4F4AE18E700F00F02013203236E
:10CC700042F4202284E73046FFF7B6FE00F0F002CF
:10CC800000F00F031032013343EA023297E700232A
:10CC90000DF10C090D221946CDF800902846FFF73A
:10CCA000A5FA3046FFF7A0FE02064FF002040CD5AD
:10CCB000039B00F07F00A040184403903046FFF72C
:10CCC00093FE030604F10704F2D4039BCDF8009011
:10CCD00000F07F02A24003F501731A44002303927F
:10CCE00019460D222846FFF7A7FAB0E610B5C26C28
:10CCF000536884B04FF0030C08321C0208461B0E28
:10CD000001A9019402928DF80CC08DF80D30FFF747
:10CD100097FE04B010BD00BF08B5FFF78FFE806C12
:10CD200008BD00BF08B5FFF789FEC06CC3790233A8
:10CD300000EB830008BD00BF704700BF81F00041D9
:10CD400002E000BF83F0004330B54FEA41044FEAF0
:10CD5000430594EA050F08BF90EA020F1FBF54EA8B
:10CD6000000C55EA020C7FEA645C7FEA655C00F027
:10CD7000E2804FEA5454D4EB5555B8BF6D420CDDF8
:10CD80002C4480EA020281EA030382EA000083EA7B
:10CD9000010180EA020281EA0303362D88BF30BD1B
:10CDA00011F0004F4FEA01314FF4801C4CEA113171
:10CDB00002D0404261EB410113F0004F4FEA0333D0
:10CDC0004CEA133302D0524263EB430394EA050F5B
:10CDD00000F0A780A4F10104D5F1200E0DDB02FACA
:10CDE0000EFC22FA05F2801841F1000103FA0EF25E
:10CDF000801843FA05F359410EE0A5F120050EF124
:10CE0000200E012A03FA0EFC28BF4CF0020C43FA54
:10CE100005F3C01851EBE37101F0004507D54FF061
:10CE2000000EDCF1000C7EEB00006EEB0101B1F5B1
:10CE3000801F1BD3B1F5001F0CD349085FEA3000F7
:10CE40004FEA3C0C04F101044FEA445212F5800F02
:10CE500080F09A80BCF1004F08BF5FEA500C50F19F
:10CE6000000041EB045141EA050130BD5FEA4C0C82
:10CE7000404141EB0101013C28BFB1F5801FE9D2DF
:10CE800091F0000F04BF01460020B1FA81F308BF02
:10CE90002033A3F10B03B3F120020CDA0C3208DDCE
:10CEA00002F1140CC2F10C0201FA0CF021FA02F1A9
:10CEB0000CE002F11402D8BFC2F1200C01FA02F119
:10CEC00020FA0CFCDCBF41EA0C019040E41AA2BF3E
:10CED00001EB0451294330BD6FEA04041F3C1CDA06
:10CEE0000C340EDC04F11404C4F1200220FA04F026
:10CEF00001FA02F340EA030021FA04F345EA0301D0
:10CF000030BDC4F10C04C4F1200220FA02F001FA91
:10CF100004F340EA0300294630BD21FA04F0294613
:10CF200030BD94F0000F83F4801306BF81F48011AC
:10CF30000134013D4EE77FEA645C18BF7FEA655C1F
:10CF400029D094EA050F08BF90EA020F05D054EAF1
:10CF5000000C04BF1946104630BD91EA030F1EBFF6
:10CF60000021002030BD5FEA545C05D140004941FA
:10CF700028BF41F0004130BD14F580043CBF01F5ED
:10CF8000801130BD01F0004545F0FE4141F47001D3
:10CF90004FF0000030BD7FEA645C1ABF19461046AE
:10CFA0007FEA655C1CBF0B46024650EA013406BFAF
:10CFB00052EA033591EA030F41F4002130BD00BF6E
:10CFC00090F0000F04BF0021704730B54FF480642B
:10CFD00004F132044FF000054FF0000150E700BFAC
:10CFE00090F0000F04BF0021704730B54FF480640B
:10CFF00004F1320410F0004548BF40424FF00001F8
:10D000003EE700BF42004FEAE2014FEA31014FEA3A
:10D0100002701FBF12F07F4393F07F4F81F0605189
:10D02000704732F07F4208BF704793F07F4F04BFD4
:10D0300041F40021704730B54FF4607401F00045B1
:10D0400021F000411CE700BF50EA010208BF704711
:10D0500030B54FF000050AE050EA010208BF704702
:10D0600030B511F0004502D5404261EB41014FF46B
:10D07000806404F132045FEA915C3FF4D8AE4FF073
:10D0800003025FEADC0C18BF03325FEADC0C18BF56
:10D09000033202EBDC02C2F1200300FA03FC20FAA7
:10D0A00002F001FA03FE40EA0E0021FA02F11444F4
:10D0B000BDE600BF08B502460B4643EC172BB5EEA4
:10D0C000C07BF1EE10FA03D4BDE8084000F00CB8C4
:10D0D000B1EE477B51EC170B00F006F8404261EBD4
:10D0E000410108BD000000009FED0B6B41EC170BE8
:10D0F0009FED0B5B27EE066BBCEEC66BB8EE464BA6
:10D10000A4EE457BFCEEC77B16EE101A17EE900AD4
:10D11000704700BFAFF30080000000000000F03D4A
:10D12000000000000000F0410000000000000000CE
:10D13000C3689B0F0CD0012B08D18368C2881804E8
:10D1400000F47C10104301308002704700207047CB
:10D15000826840F6FC73416803EA8200C2F303422E
:10D16000C1F3C23340EA9170093A0233013098406A
:10D170009040704700000000000000000000000028
:10D180000079053818BF0120704700BF000000007B
:10D190000379052B06D1826A4FF400730020C1E9A0
:10D1A00000327047012070470000000000000000BE
:10D1B000012914BF6FF01300002070470000000029
:10D1C0000020704700000000000000000000000088
:10D1D00090F8803003F06003202B02D00023184623
:10D1E000704790F88130212B0DD81F2BF6D90721DD
:10D1F0000022012310B4084CC267C0E91D41184643
:10D200005DF8044B7047222BE8D100220123C0E9CE
:10D210001D22C267E3E700BF480A002400000000A7
:10D22000704700BF00000000000000000000000088
:10D230002DE9F04F02F00308C2F3C105C2F3411417
:10D24000D609C64600224FF00F0B4FF0010A14E03A
:10D250000368072A09EA030343EA0E03036048D878
:10D26000036A23EA070747EA0C07076249083ED02A
:10D27000AD000132A4004FEA8E0ECB07F6D543680D
:10D280000AFA02FC02F00707B8F1020F23EA0C03C6
:10D290004FF0030C4FEA870743604FEA42030CFA52
:10D2A00003F3D0F808C02CEA030C6FEA03094CEA38
:10D2B000050CC0F808C0D0F80CC02CEA030C4CEAEE
:10D2C000040306FA07FC0BFA07F7C360C0D1072A6C
:10D2D00016D8036A23EA070747EA0C0707620368C0
:10D2E000490809EA030343EA0E030360C0D1BDE81D
:10D2F000F08F436A23EA070747EA0C074762B5E75E
:10D30000436A23EA070747EA0C074762E7E700BFDB
:10D3100001F001038A0748BF43F002034A0748BFF0
:10D3200043F008030A0748BF43F00403CA0648BF96
:10D3300043F010038A06426B48BF43F020031343B7
:10D340004363704700000000000000000000000080
:10D35000024A136843F0C003136070470044004062
:10D36000024A136843F0C00313607047004800404E
:10D37000024A136843F0C003136070470014014071
:10D38000FEE700BF000000000000000000000000F9
:10D39000014B5B6883607047001000E000000000F4
:10D3A0000E4A0F4B81685B6810B4946802691B1BBE
:10D3B000C4685B1A41690134D218026141F100016D
:10D3C000426841619342026888BF43609342C0E96A
:10D3D000023438BF03605DF8044B704788D30024E3
:10D3E000001000E00000000000000000000000004D
:10D3F000302310B483F311880C4B49425C68201A27
:10D4000008401968821A8A4208D3944206D35A60A7
:10D41000002383F311885DF8044B7047002000233C
:10D4200083F311885DF8044B704700BF80D300245C
:10D43000064B49425A68101A08401968884203D3BB
:10D44000824201D3586070470020704780D3002487
:10D45000E0B92DE9F8430E4D0E46174698462C7953
:10D46000052C10D12868434632463946D0F818902A
:10D470002846C84704F1FF3C18B11CF0FF04F1D165
:10D480000120BDE8F8830320BDE8F883042070473D
:10D49000740C0024000000000000000000000000E8
:10D4A0002DE9F0474778AFB9154E3479052C11D1E5
:10D4B000054600F13408D0F8309030680123424628
:10D4C0004946D0F818A03046D047631E30B113F05B
:10D4D000FF04F2D101273846BDE8F087296B6B6A5B
:10D4E000EA69CB1AE8709342F5D2AB78022BF2D1FD
:10D4F0000A44687841460123FFF7AAFFEBE700BF23
:10D50000740C002400000000000000000000000077
:10D51000D0ED035AF7EE004A90ED015AB0EE002A22
:10D5200065EEA52A90ED027A65EE051AD0ED007A37
:10D53000F0EE620A27EEA56A67EE876AB0EE611A1E
:10D5400067EE857AE7EE070AA7EE071AB0EE463ACD
:10D55000F0EE663AB0EE674A95EE073AE7EE257AC6
:10D5600097EE254AE5EE253AA5EE076AD5EE256A3F
:10D57000B0EE647AF0EE645A72EEA12AA1EE427A1D
:10D58000E0EEC25AE2EEC24A33EE033A73EEA33A39
:10D5900036EE066A34EE044A81ED013A76EEA66A6A
:10D5A000C1ED023A77EEA77A81ED036AC1ED005A28
:10D5B00081ED054AC1ED044AC1ED066AC1ED077A65
:10D5C00081ED087A704700BF0000000000000000F5
:10D5D000406B0BF06DBD00BF0000000000000000BC
:10D5E000044608B572B6094DB5F888301B0705D555
:10D5F000074B0322C5F884401A70FEE7D5F88C303B
:10D60000052298601A700AF00BF9F1E7A8C8002407
:10D6100088D300240000000000000000000000008B
:10D6200011F00C0F00D17047014808B5FFF7D8FF83
:10D630003098030800000000000000000000000017
:10D6400010B530230C4683F3118891F824300C2B4D
:10D6500010D8DFE803F02D0F0F290B070F0B0F0F6A
:10D660000F0F0B00896A8A6801328A60D4E90021B1
:10D670000A60516016494FF0FF32B1F88800A2628B
:10D68000C00719D50022A369A16884F824201B686B
:10D690009A688A42FBD25A68002123606260146053
:10D6A0005C6081F3118810BD8A6A00211160E1E796
:10D6B000002383F3118810BDDB00D1F88C1043F0F8
:10D6C0000103C1E902420B700AF0AAF8DAE700BFD1
:10D6D000A8C80024000000000000000000000000B6
:10D6E00010B4F1EE103AEFF309834FF080710A4A5B
:10D6F000683BD961D26B1A6683F309880749084AE7
:10D700000C68C968A468896806488C4288BF0246CC
:10D710005DF8044B9A61704700EF00E0A8C8002450
:10D72000520402084F04020800000000000000003C
:10D730002DE9F84FC37807468946002B3BD1BB69DA
:10D74000A9F10209023B99453CD27A89FB6A09FB9F
:10D75000023907F134084FF400720021C7F8309005
:10D760004046F3F741FA7B897BB37A780026184D5F
:10D77000FAB92C79052C1CD109EB060A286801237B
:10D7800042465146D0F818B02846D847631E40B1EB
:10D7900013F0FF04F2D17889301A18BF0120BDE8D8
:10D7A000F88F7B890136B3421846F5D97A78002A7A
:10D7B000DFD01846F0E7FFF773FE0028BFD0012046
:10D7C000BDE8F88F4FF00009C3E718461E46E3E7AF
:10D7D000740C0024000000000000000000000000A5
:10D7E0002DE9F04FADF2EC4D80460D461446039006
:10D7F0004FF4C0720691DAA800210893F3F7F4F908
:10D8000008F1900104EB8512C64608F59265DFED3C
:10D81000C17ADBAF2646944688460C920991F146C0
:10D8200007F114004146A1F140033246F3EC016ACE
:10D83000B2EC017A8B42E6EE877AF7D1403140EDC7
:10D84000067A1830A94202D050ED067AEBE740364E
:10D85000664502D0F7EC017AE1E70021902256A854
:10D86000CDF828900027F3F7BFF904F14001DFED70
:10D87000A97A0DF5AE7EDDF81880DDF820A00DF553
:10D880005A7B0AEB8709764600245846A1F1400CE2
:10D89000634602460090F3EC016A1046183290EDA0
:10D8A000007A8B42E6EE877AF5D1A742009846EDE2
:10D8B000017A07D0631C043098450DD0F6EC017A4C
:10D8C0001C46E5E799ED007A631C043077EE277A71
:10D8D000984546ED017AF1D1A74201F140010EF1E0
:10D8E000180E07F1010303D05EED017A1F46C6E76B
:10D8F0009022002132A856AEF3F776F9069B0EAAC5
:10D900004FF07E5A03EB43080DF1C8099B00174600
:10D9100002EBC8080B9205932B46254644469846D1
:10D92000384618373146059AF3F7C4F8A74206F18E
:10D93000180649F81CABF3D1059B0022F7EE004A0C
:10D940002C4638339FED725A0DF1C80A91460DEB03
:10D950000307069BCDF834B0C3EB8373DDF82CB01E
:10D9600000929B000797049201930EABCDF82C8098
:10D97000029304998E4601317445049140F3C480AA
:10D98000029876464FEA4E0293190DF1380C90ED4D
:10D99000067A4D1C0EEB43031830B0EEC77A0CEB41
:10D9A0008303D3ED007AF0EEE77AB4EEE77AF1EE96
:10D9B00010FA01DD0E464A00A1422946E4D193192E
:10D9C0000EAA5546594602EBC30032AA02EBC30326
:10D9D0000A68066841F8046BB9421E6840F8042BD7
:10D9E0002A6845F8046B43F8042BF1D1029BD3ED70
:10D9F000007AB0EEE77AB4EEC57AF1EE10FA00F1F3
:10DA0000C280C4EEA76A52465B4693ED007AD2ED1F
:10DA1000007A27EE267A67EEA67AA3EC017ABB425B
:10DA2000E2EC017AF1D1079D0DF1C80C00264E45BC
:10DA30001BD0019B5046009A5946EB1803EB020895
:10DA40006246D8ED006A93ED007AF1EC015AD2ED0E
:10DA5000007AB0EC016AA5EEE67AE6EE667AA3EC0F
:10DA6000017AAB42E2EC017AEDD1B4420CF1180C30
:10DA700005F1180506F1010301D01E46D7E7009B0A
:10DA8000744509F101090BF1180B03F104030AF1C4
:10DA9000180A07F118070093029B03F11C03029375
:10DAA0007FF467AF4FF4C07200217AA8DDF834B07C
:10DAB0000B9DF3F799F8DAAA059BDFED167A7BAF99
:10DAC000991802F5C07C32AAD6183C4632A8024604
:10DAD0005B46F3EC016A964618329EED007A8B4263
:10DAE000E6EE877AF5D1043044ED017AB04202D0F7
:10DAF000F4EC017AEBE70BF1180B18311837E3451A
:10DB000045D057ED017AE0E776464FEA4E0256E7F8
:10DB1000CCBC8C2B00000000039B5FED037A03F567
:10DB2000887293ED7A7A4433B4EEE77AF1EE10FA24
:10DB300048BFC3ED697A9A42F3D1039BB7EE007AEE
:10DB40005FED0D7A03F1CC02D3EDBE6AF4EEE76A25
:10DB5000F1EE10FA40F11B81C3EDBE7A44339A42D4
:10DB6000F2D1B5EE007A5FED167A0A9BD3EDF16A39
:10DB7000F4EEE76AF1EE10FA40F11181C3EDF17AAB
:10DB800044339A42F2D10DF2EC4DBDE8F08F039B85
:10DB90007AAC059A03F11001DDF810352646981885
:10DBA0001F46F1EC017A3B463246B3EC017AF2ECC7
:10DBB000016A8342E6EE877A41ED017AF5D11836A3
:10DBC000DAAB9E42EDD1069BF7EE005A0DF5F47CE0
:10DBD0001FED306AC3EB8367039B4FF0000EDDF847
:10DBE000309003F5456ABF01D046484641460026BD
:10DBF000B64500EB0703624645FE867AC1ED007A22
:10DC00009B46F2EC016A40339BED007A8342E6EEDC
:10DC1000C77AC1ED007AF3D101360431181D102EF8
:10DC2000E6D10CF1180CDAAB0EF1010E08F1400848
:10DC30009C45DAD1039B41F2500041F2900641F23B
:10DC4000904718444FF4806200211E441F44F2F7AD
:10DC5000CBFF039BB44603F1500003F54968ACF5D4
:10DC60008861864603E088450EF1400E1AD0B1EC7B
:10DC7000017AB5EE407AF1EE10FAF4D0ACF140033F
:10DC8000724601E011ED017AD3ED007AF2EC016AFF
:10DC9000E6EE877AE3EC017A9C45F3D188450EF1F4
:10DCA000400EE4D10CF1400C08F140086745D6D194
:10DCB0004FF480620021F2F797FFDDF824C05FED9A
:10DCC0006B7AE046DFF8E89006EB09015046A6F1D2
:10DCD000400E73460246F3EC016AB2EC017AB3429D
:10DCE000E6EE877AF7D18C4500F1400041ED017AEC
:10DCF00002D0F1EC017AECE740360CF1400CB7426F
:10DD000002D05CED107ADFE70898059F0744099977
:10DD1000264696ED006AA1F14003224690ED007A76
:10DD20009446D3ED007A183226EE077ADCED006ACD
:10DD3000E7EE267AE3EC017A9942EFD140311836CA
:10DD4000A942E6D1043004348742E0D1039BF6EEC9
:10DD5000006A00201C1D03F19401013010283FF4DB
:10DD6000DBAE2246434692ED147A4032D3ED007A80
:10DD700077EE877A67EEA67AE3EC017A9942C2EDF4
:10DD8000047AF0D108F1400804344431E5E7F4EEB8
:10DD9000C76AF1EE10FAC8BF83EDBE7ADEE6F4EE94
:10DDA000C76AF1EE10FAC8BF83EDF17AE8E600BF6A
:10DDB000C4EFFFFF000000000000000000000000B2
:10DDC000104B114ADB6830B5104D93B0104CDA613E
:10DDD0006946284609F064FC80B16946204609F08E
:10DDE0005FFC034669460120002BF1D109F008F9D8
:10DDF0006946284609F054FC0028EED1694609F02E
:10DE0000FFF8EAE7A8C800243C980308D80A0024D1
:10DE10000C0B0024000000000000000000000000C7
:10DE2000F8B5154B0027154ADB68154C154D164EF5
:10DE3000DA6123684FF4FA7120469B699847831C86
:10DE4000C0B2012BF5D90A282B780CD0A0F10D0215
:10DE5000B2FA82F2520932B93E2B03F1010109D81C
:10DE60002970F054E5E7002BE3D0F75409F088FF60
:10DE70002F70DEE72A70DCE7A8C80024409803086A
:10DE8000C80C002460C8002464C8002400000000FE
:10DE900070B52DED068B90ED029AF7EE00AAD0ED4D
:10DEA000038AF0EE007A69EE099A90ED018A29EE74
:10DEB000280A90ED00AAF0EE6A0A0E46B0EE697AE2
:10DEC0001546AAEE080A1C46A8EE087A30EE000AAB
:10DED000E7EE670AF2F7F4FA68EEC87ABFEE007A66
:10DEE00086ED000AEAEE097A37EEA70AB4EEC70A11
:10DEF000F1EE10FA1ED4B4EE6A0AF1EE10FA3AFE10
:10DF0000800AF2F7A9FA28EE098AE8EEA89A85EDC8
:10DF1000000AF0EE007AAAEE288AF7EE000AE9EE8F
:10DF2000E70A38EE080AF2F7CBFA84ED000ABDECF6
:10DF3000068B70BDB0EE470AE3E700BF00000000AB
:10DF400010B5BFF34F8FBFF36F8F1C480022C0F88E
:10DF50005022BFF34F8FBFF36F8F436943F40033F9
:10DF60004361BFF34F8FBFF36F8FC0F88420BFF3BF
:10DF70004F8FD0F8803043F6E074C3F34E3CC3F3C8
:10DF8000C90E4FEA4C1C0CEA0401734641EA837245
:10DF9000013BC0F860225A1CF8D1ACF1200C1CF1F6
:10DFA000200FF0D1BFF34F8F436943F480334361B7
:10DFB000BFF34F8FBFF36F8F10BD00BF00ED00E0C8
:10DFC000704700BF000000000000000000000000DB
:10DFD000704700BF000000000000000000000000CB
:10DFE000FEE700BF0000000000000000000000008D
:10DFF000F8B52B4D2B4F2C4905F170042B482C4ABA
:10E0000088420DD2043A034652F8046F43F8046B79
:10E010008B42F9D34B1E1B1A23F00303043318441D
:10E02000B84207D2013F00213F1A27F00302043211
:10E03000F2F7DAFDA54205D0D5E90420D5E90617A7
:10E040001035DDE71B480023C0F88430BFF34F8F45
:10E05000D0F8805043F6E076C5F34E34C5F3C905D9
:10E06000640104EA06012B4641EA8372013BC0F8D1
:10E070006C225A1CF8D1203C14F1200FF1D1BFF3CF
:10E080004F8FBFF36F8FBFF34F8FBFF36F8F00239F
:10E09000C0F85032BFF34F8FBFF36F8FF8BD00BF92
:10E0A0006C9E0308A05D0124A05D0124A05D0124F5
:10E0B0000CB3030800ED00E00000000000000000C9
:10E0C000124BB3F88820D20710B504460FD50022B2
:10E0D000A369A16884F824201B689A688A42FBD24D
:10E0E0005A6820462360626014605C6010BD90F83E
:10E0F0002420D3F88C10D300806A43F00103C1E9D7
:10E1000002400B7009F08CFBE1E700BFA8C80024B7
:10E1100011F00C0F70B554D1456804462B78002BD4
:10E1200038D1C269416A136843F4806313600A6896
:10E13000136823F01F0313601368D807FCD4087B0F
:10E140003D234A688340216A13600A68136823F0FC
:10E150001F0313601368DB07FCD4087B3D23496869
:10E160006A6883400B60002A2ED004232046237067
:10E1700090472378042B27D0302383F31188A0689D
:10E1800020B10023A3608362FFF79AFF002383F38B
:10E19000118870BDCB060E4603D56B68002BF8D0F6
:10E1A0009847B506F5D563685B68002BF1D004226B
:10E1B0002046227098472378042BEAD1032323704A
:10E1C00070BD0648FFF70CFA02232370302383F357
:10E1D0001188A0680028D4D1D8E700BF3098030880
:10E1E00038B5234DB5F8883013F004041FD0302320
:10E1F00083F311881F4B0022D3E91001CA6318B1C1
:10E200001A648262FFF75CFF002383F31188B5F87C
:10E21000883013F0040418D0302383F31188164B90
:10E220005B6813F400631ED183F3118838BD30237B
:10E2300083F311880321D5F88C30104A19709A6045
:10E2400009F0EEFA84F31188D1E7302383F31188C3
:10E250000421D5F88C30094A19709A6009F0E0FA67
:10E2600084F31188D8E7BDE83840FFF739BA00BF1A
:10E27000A8C80024740C002400ED00E0789C03087A
:10E280002DE9F0475F4DB5F8883013F004041BD03A
:10E290004FF080463369F2681340DAB29B076FEAA9
:10E2A000020232612CD4B5F8883013F0040419D07E
:10E2B000302383F31188544B5B6813F4006379D1E6
:10E2C00083F31188BDE8F087302383F3118803219D
:10E2D000D5F88C304D4A19709A6009F0A1FA84F390
:10E2E0001188D5E7302383F311880421D5F88C30C9
:10E2F000464A19709A6009F093FA84F31188D7E7B7
:10E30000302383F31188424F4FF000094FF030085B
:10E3100009E089F31188D4E903312046984788F34E
:10E3200011886369B3B9EB69716A2C69C81AA2686C
:10E33000904203EB020A2AD3D4E90032C5F81CA0AC
:10E3400013605A60C4F800902B69BB42E1D1C6F853
:10E350000C90DEE7716AA1EB0A0083422ED32A6992
:10E36000BA4245D091688B4204D912685B1A916811
:10E370009942FAD3A36091682260CB1A5168616018
:10E380000C60C2E901434FF0FF33AB61BEE7BC4212
:10E390000CD01344E9615B1A022BA36038BF02233F
:10E3A000CA187263726A511A8B4210D9002383F320
:10E3B000118878E7BDE8F047FFF792B96B6B2A69DF
:10E3C00043F00203BA426B6318D00346CAE7022344
:10E3D0004FF080410133D0184863486A821A9A424C
:10E3E0000ED2022BE2D96B6B43F001036B63DDE7C6
:10E3F00053445A1A204609F0E3F9D7E70022F9E717
:10E400000246E7E7A8C8002400ED00E0AC9B030843
:10E41000B8C8002400000000000000000000000058
:10E4200038B5204DB5F8883013F0040419D01E4BD0
:10E430001E481968426801F03D0199600AB1806880
:10E440009047B5F8883013F0040418D0302383F3D4
:10E450001188174B5B6813F400631ED183F3118896
:10E4600038BD302383F311880321D5F88C30114A4D
:10E4700019709A6009F0D4F984F31188D7E7302332
:10E4800083F311880421D5F88C300A4A19709A60F8
:10E4900009F0C6F984F31188D8E7BDE83840FFF7E2
:10E4A0001FB900BFA8C8002400000240B0D3002458
:10E4B00000ED00E03C9C03080000000000000000AC
:10E4C00038B5214DB5F8883013F004041BD01F4B2C
:10E4D0001F4A1968890901F03D0188019860D368D5
:10E4E0000BB110699847B5F8883013F0040418D0C0
:10E4F000302383F31188174B5B6813F400631ED13C
:10E5000083F3118838BD302383F311880321D5F8B4
:10E510008C30114A19709A6009F082F984F31188DD
:10E52000D5E7302383F311880421D5F88C300A4ACB
:10E5300019709A6009F074F984F31188D8E7BDE87E
:10E540003840FFF7CDB800BFA8C800240000024043
:10E55000B0D3002400ED00E0309C03080000000070
:10E5600038B5214DB5F8883013F004041BD01F4B8B
:10E570001F4A1968090C01F03D01080498605369AD
:10E580000BB190699847B5F8883013F0040418D09F
:10E59000302383F31188174B5B6813F400631ED19B
:10E5A00083F3118838BD302383F311880321D5F814
:10E5B0008C30114A19709A6009F032F984F311888D
:10E5C000D5E7302383F311880421D5F88C300A4A2B
:10E5D00019709A6009F024F984F31188D8E7BDE82E
:10E5E0003840FFF77DB800BFA8C8002400000240F3
:10E5F000B0D3002400ED00E0249C030800000000DC
:10E6000038B5214DB5F8883013F004041BD01F4BEA
:10E610001F4A1968890D01F03D0188059860D3698A
:10E620000BB1106A9847B5F8883013F0040418D07D
:10E63000302383F31188174B5B6813F400631ED1FA
:10E6400083F3118838BD302383F311880321D5F873
:10E650008C30114A19709A6009F0E2F884F311883D
:10E66000D5E7302383F311880421D5F88C300A4A8A
:10E6700019709A6009F0D4F884F31188D8E7BDE8DE
:10E680003840FFF72DB800BFA8C8002400000240A2
:10E69000B0D3002400ED00E0189C03080000000047
:10E6A00038B5204DB5F8883013F0040419D01E4B4E
:10E6B0001E485968426A01F03D01D9600AB1806A7A
:10E6C0009047B5F8883013F0040418D0302383F352
:10E6D0001188174B5B6813F400631ED183F3118814
:10E6E00038BD302383F311880321D5F88C30114ACB
:10E6F00019709A6009F094F884F31188D7E73023F1
:10E7000083F311880421D5F88C300A4A19709A6075
:10E7100009F086F884F31188D8E7BDE83840FEF7A1
:10E72000DFBF00BFA8C8002400000240B0D300240F
:10E7300000ED00E00C9C0308000000000000000059
:10E7400038B5214DB5F8883013F004041BD01F4BA9
:10E750001F4A5968890901F03D018801D860D36AD0
:10E760000BB1106B9847B5F8883013F0040418D03B
:10E77000302383F31188174B5B6813F400631ED1B9
:10E7800083F3118838BD302383F311880321D5F832
:10E790008C30114A19709A6009F042F884F311889C
:10E7A000D5E7302383F311880421D5F88C300A4A49
:10E7B00019709A6009F034F884F31188D8E7BDE83D
:10E7C0003840FEF78DBF00BFA8C8002400000240FB
:10E7D000B0D3002400ED00E0009C0308000000001E
:10E7E00038B5214DB5F8883013F004041BD01F4B09
:10E7F0001F4A5968090C01F03D010804D860536BA9
:10E800000BB1906B9847B5F8883013F0040418D01A
:10E81000302383F31188174B5B6813F400631ED118
:10E8200083F3118838BD302383F311880321D5F891
:10E830008C30114A19709A6008F0F2FF84F3118845
:10E84000D5E7302383F311880421D5F88C300A4AA8
:10E8500019709A6008F0E4FF84F31188D8E7BDE8E6
:10E860003840FEF73DBF00BFA8C8002400000240AA
:10E87000B0D3002400ED00E0D89C030800000000A5
:10E8800038B5214DB5F8883013F004041BD01F4B68
:10E890001F4A5968890D01F03D018805D860D36B86
:10E8A0000BB1106C9847B5F8883013F0040418D0F9
:10E8B000302383F31188174B5B6813F400631ED178
:10E8C00083F3118838BD302383F311880321D5F8F1
:10E8D0008C30114A19709A6008F0A2FF84F31188F5
:10E8E000D5E7302383F311880421D5F88C300A4A08
:10E8F00019709A6008F094FF84F31188D8E7BDE896
:10E900003840FEF7EDBE00BFA8C80024000002405A
:10E91000B0D3002400ED00E0CC9C03080000000010
:10E9200038B5204DB5F8883013F0040419D01E4BCB
:10E930001E481968426C01F03D0199600AB1806C73
:10E940009047B5F8883013F0040418D0302383F3CF
:10E950001188174B5B6813F400631ED183F3118891
:10E9600038BD302383F311880321D5F88C30114A48
:10E9700019709A6008F054FF84F31188D7E73023A8
:10E9800083F311880421D5F88C300A4A19709A60F3
:10E9900008F046FF84F31188D8E7BDE83840FEF759
:10E9A0009FBE00BFA8C8002400040240B0D30024CA
:10E9B00000ED00E0C09C0308000000000000000023
:10E9C00038B5214DB5F8883013F004041BD01F4B27
:10E9D0001F4A1968890901F03D0188019860D36CCC
:10E9E0000BB1106D9847B5F8883013F0040418D0B7
:10E9F000302383F31188174B5B6813F400631ED137
:10EA000083F3118838BD302383F311880321D5F8AF
:10EA10008C30114A19709A6008F002FF84F3118853
:10EA2000D5E7302383F311880421D5F88C300A4AC6
:10EA300019709A6008F0F4FE84F31188D8E7BDE8F5
:10EA40003840FEF74DBE00BFA8C8002400040240B5
:10EA5000B0D3002400ED00E0B49C030800000000E7
:10EA600038B5214DB5F8883013F004041BD01F4B86
:10EA70001F4A1968090C01F03D0108049860536DA4
:10EA80000BB1906D9847B5F8883013F0040418D096
:10EA9000302383F31188174B5B6813F400631ED196
:10EAA00083F3118838BD302383F311880321D5F80F
:10EAB0008C30114A19709A6008F0B2FE84F3118804
:10EAC000D5E7302383F311880421D5F88C300A4A26
:10EAD00019709A6008F0A4FE84F31188D8E7BDE8A5
:10EAE0003840FEF7FDBD00BFA8C800240004024066
:10EAF000B0D3002400ED00E09C9C0308000000005F
:10EB000038B5214DB5F8883013F004041BD01F4BE5
:10EB10001F4A1968890D01F03D0188059860D36D81
:10EB20000BB1106E9847B5F8883013F0040418D074
:10EB3000302383F31188174B5B6813F400631ED1F5
:10EB400083F3118838BD302383F311880321D5F86E
:10EB50008C30114A19709A6008F062FE84F31188B3
:10EB6000D5E7302383F311880421D5F88C300A4A85
:10EB700019709A6008F054FE84F31188D8E7BDE854
:10EB80003840FEF7ADBD00BFA8C800240004024015
:10EB9000B0D3002400ED00E0849C030800000000D6
:10EBA00038B5204DB5F8883013F0040419D01E4B49
:10EBB0001E485968426E01F03D01D9600AB1806E6D
:10EBC0009047B5F8883013F0040418D0302383F34D
:10EBD0001188174B5B6813F400631ED183F311880F
:10EBE00038BD302383F311880321D5F88C30114AC6
:10EBF00019709A6008F014FE84F31188D7E7302367
:10EC000083F311880421D5F88C300A4A19709A6070
:10EC100008F006FE84F31188D8E7BDE83840FEF717
:10EC20005FBD00BFA8C8002400040240B0D3002488
:10EC300000ED00E06C9C03080000000000000000F4
:10EC400038B5214DB5F8883013F004041BD01F4BA4
:10EC50001F4A5968890901F03D018801D860D36EC7
:10EC60000BB1106F9847B5F8883013F0040418D032
:10EC7000302383F31188174B5B6813F400631ED1B4
:10EC800083F3118838BD302383F311880321D5F82D
:10EC90008C30114A19709A6008F0C2FD84F3118813
:10ECA000D5E7302383F311880421D5F88C300A4A44
:10ECB00019709A6008F0B4FD84F31188D8E7BDE8B4
:10ECC0003840FEF70DBD00BFA8C800240004024074
:10ECD000B0D3002400ED00E0549C030800000000C5
:10ECE00038B5214DB5F8883013F004041BD01F4B04
:10ECF0001F4A5968090C01F03D010804D860536FA0
:10ED00000BB1906F9847B5F8883013F0040418D011
:10ED1000302383F31188174B5B6813F400631ED113
:10ED200083F3118838BD302383F311880321D5F88C
:10ED30008C30114A19709A6008F072FD84F31188C2
:10ED4000D5E7302383F311880421D5F88C300A4AA3
:10ED500019709A6008F064FD84F31188D8E7BDE863
:10ED60003840FEF7BDBC00BFA8C800240004024024
:10ED7000B0D3002400ED00E0E89B03080000000091
:10ED800038B5214DB5F8883013F004041CD01F4B62
:10ED90001F4A5968890D01F03D018805D860D36F7D
:10EDA00013B1D2F880009847B5F8883013F0040406
:10EDB00018D0302383F31188164B5B6813F400637B
:10EDC0001ED183F3118838BD302383F311880321CA
:10EDD000D5F88C30104A19709A6008F021FD84F340
:10EDE0001188D4E7302383F311880421D5F88C30BF
:10EDF000094A19709A6008F013FD84F31188D8E766
:10EE0000BDE83840FEF76CBCA8C8002400040240EE
:10EE1000B0D3002400ED00E0B89B03080000000020
:10EE20002DE9F84FDFF8C092B9F8883013F00404E8
:10EE300000F0F080A94ED6F890406769A3691F40A2
:10EE400017F48058676140F07881002FC0F2C380CA
:10EE50003A0500F1FB80BB040CD5D4F8083813F058
:10EE6000060FE36823F470530CBF43F4105343F4CC
:10EE7000A053E3603D0756D4F90261D4BA0200F111
:10EE80002681FB0600F1F7803B03D4F818481AD519
:10EE9000E60300F11C82A50300F11F82600300F16C
:10EEA0002282210300F12582E20200F12882A302DE
:10EEB00000F12B82660200F12E82250200F13182E0
:10EEC000E00100F1AD8179031AD5E20700F1498232
:10EED000A30700F14282670700F13B82260700F199
:10EEE0003482E50600F12D82A00600F1268261063B
:10EEF00000F11F82220600F11882E30500F19781DC
:10EF0000B9F8883013F0040400F09280302383F3C2
:10EF10001188734B5B6813F4006340F07D8183F3C9
:10EF20001188BDE8F88F7268D368002B00F08381E8
:10EF30003178052900F0878168489847F9029DD506
:10EF40004FF0000CD6F890A0DFF8A0B10122654682
:10EF5000624807E00135D6F89430EDB29B689D42D7
:10EF6000AC468BD80AEB4511D1F8003903F44023A5
:10EF7000B3F5802FEED1D1F80039002BEADAD1F8C1
:10EF8000003943F09043C1F80039D1F80039002B23
:10EF9000FBDB4FEA8C1CD6F890104CF020030B6181
:10EFA0000B699B06FCD4DBF80410DBF804305B1A19
:10EFB000112BFAD906EB8503318902FA05FCDB68CF
:10EFC00021EA0C019B683181002BC3D02946984768
:10EFD00001224248BEE7D4F8003E990705D0D4F894
:10EFE000003E23F00303C4F8003ED4F8043831781F
:10EFF00023F001030529C4F804387FF429AF96F8FB
:10F000008C30337073681B68002B3FF421AF33489A
:10F0100098471DE7302383F311880321D9F88C30FA
:10F02000304A19709A6008F0FBFB84F3118801E7FD
:10F03000302383F311880421D9F88C30294A1970C0
:10F040009A6008F0EDFB84F311885FE7D6E92401AC
:10F0500009F056FF3378052B3FF4FDAE86F88C306F
:10F060000523337073681B6813B104211B4898474C
:10F070000023B360EFE6D6F890100B6A03F4F010AB
:10F08000C3F30A1203F00F03B0F5802F00F0F380F2
:10F09000B0F5402F7FF4F8AE06EB8303DB68186A07
:10F0A000002A3FF4F1AE01F580550023464613F0E7
:10F0B000030F014600D12E68072B03F1010303D88B
:10F0C00001F8016B360A08469A42F0D1DCE6D6F820
:10F0D00090A000254FF0010B004811E0B81100246A
:10F0E00000ED00E0C49B0308A8C80024001000E065
:10F0F0000135D6F89430EDB29B689D423FF6C1AE23
:10F100000AEB4512D2F8003B03F44023B3F5802FFD
:10F11000EED1D2F8003B0BFA05F1002BE8DA06EB52
:10F120008503DB68DA68738923EA01037381002AA7
:10F13000DED0294690478D48DAE7002502232422B5
:10F1400006F10C002946C6F88850B5603370F1F717
:10F150004BFD202386F870502361236913F02003B0
:10F16000FBD1834948684A68121A112AFBD9002248
:10F17000D6F894704FF000604FF0FF31C4F8342897
:10F180004FF00112BD68C4F81C2804EB4312AB42D7
:10F1900003F10103C2F80009C2F8000BC2F8081914
:10F1A000C2F8081BF1D1386810236062236123691B
:10F1B000DD06FCD46E4A516853685B1A112BFBD9EB
:10F1C000D4F80038002123F4FE63C4F80038694BFA
:10F1D000A26913437268A36109231268C4F8103846
:10F1E000C4F81438644BF3604FF0C043C4F8103BCC
:10F1F000624BC4F8003BC4F81019C4F8003900F1A0
:10F20000100340F48010C6F89830A062002A3FF442
:10F2100077AE5648904773E6BDE8F84FFEF760BA00
:10F22000082008F04DF979037FF56AAE4DE6082015
:10F2300008F0BEF864E6A16921F00801A161317807
:10F2400005297FF419AED4F8001E880705D0D4F83C
:10F25000001E21F00301C4F8001E96F88C103170D6
:10F26000126822B10521414890477368DB68002B82
:10F270007FF462AE00E6981C06EB80035B689B6936
:10F28000D3E9005AA5EB0A0E9D68DAB101F5805C5E
:10F29000294600234546884613F0030F414601D115
:10F2A000DCF800509E4503F1010303D901F8015B2E
:10F2B0002D0A88469A42EFD106EB80035B689B6972
:10F2C000D3E901A515445244C3E90125DCE500203A
:10F2D00008F0F6F8A5037FF5E1AD012008F0F0F89D
:10F2E00060037FF5DEAD022008F0EAF821037FF528
:10F2F000DBAD032008F0E4F8E2027FF5D8AD04208E
:10F3000008F0DEF8A3027FF5D5AD052008F0D8F8A7
:10F3100066027FF5D2AD062008F0D2F825027FF50F
:10F32000CFAD072008F0CCF8CAE5072008F040F878
:10F33000E3E5062008F03CF8DCE5052008F038F8A5
:10F34000D5E5042008F034F8CEE5032008F030F8C5
:10F35000C7E5022008F02CF8C0E5012008F028F8E5
:10F36000B9E5002008F024F8B2E500BFB811002488
:10F37000001000E010000C00389E030840800010D0
:10F3800000EB8103D0F890204FEA411CDB68F0B518
:10F390001C68002604F00304651E022D474D98BF2B
:10F3A00005EB844502EB4114C4F8106B9C69002CFA
:10F3B0004AD05E8A01F158042E436401165101F1CE
:10F3C0001004E6B20124B440D2F81C683443C2F8F9
:10F3D0001C4802EB0C040026C4F810695C69002C80
:10F3E00047D0B3F810C001F13F0E9B8B8E014FEA5E
:10F3F0009C04012B02EB8E0E46F0200688BF5C4376
:10F40000D0F89830E71843EA0443C0F89870CEF873
:10F410000430166113699806FCD42948446843688F
:10F420001B1B112BFBD94CEA815C01F14800012325
:10F4300040014CEA050503FA01F11550D2F81C0809
:10F440000143C2F81C18F0BD02EB411401F1100693
:10F45000D4F8007BF6B227F40047C4F8007B0124FF
:10F4600004FA06F6D2F81C4824EA0604C2F81C483E
:10F47000AFE701F13F008B01124C02EB800043F03B
:10F4800020034460136113699B06FCD40C48446854
:10F4900043681B1B112BFBD902EB41140123D4F849
:10F4A00000098B4020F40040C4F80009D2F81C1871
:10F4B00021EA0301C2F81C18F0BD00BF0080001053
:10F4C000001000E000040002000000000000000046
:10F4D00000EB810330B4DD68AB691C68DC6009B9FE
:10F4E000402C25D86B8A2A68D0F8900002F0030CD3
:10F4F0005A1E2244BCF1010FB2FBF3F202FB03F3EC
:10F5000003F1030323F0030343EAC24300EB411278
:10F5100043F0C043C2F8103B0DD009B200EB4111DB
:10F52000D1F8003B43F0044330BCC1F8003B7047C6
:10F5300040241C60D6E7D0F8083800EB411209B22D
:10F5400013F4807FD2F8003B14BF43F0805343F0A4
:10F550000053C2F8003BE1E700000000000000009B
:10F5600000EB810310B4DC6862691368D36003BBED
:10F57000D0F890204FF4002002EB4113C3F810099B
:10F58000236803F00303012B2CD008B202EB4010D8
:10F590000123D0F8004903FA01F144F00444C0F813
:10F5A0000049D2F834385DF8044B1943C2F83418D6
:10F5B000704709B9402B26D8B4F810C0D0F8902075
:10F5C0000CF1FF301844B0FBFCF043EAC04302EBFF
:10F5D000411043F00053C0F81039236803F00303CF
:10F5E000012BD2D1D2F8083808B213F4807F02EB95
:10F5F0004113D3F8004914BF44F0805444F0005440
:10F60000C3F80049C2E740231360D5E700000000BB
:10F61000436BD3F88C2410680178042902D1197A3D
:10F62000022900D0704730B511790122B0F808C026
:10F630008A401FFA82FE12EA0C0200D030BDD3E9E4
:10F640001554A54212D0234653F8042B00EB810435
:10F650004CEA0E0CE468A0F808C06469A3600023BB
:10F66000C4E90023BDE83040FFF77ABF1B6D002BD3
:10F67000E9D01346EAE700BF0000000000000000E8
:10F6800070B590F87030044613B1002380F87030E4
:10F6900004EB81016268CB681B6A19685B68C4F877
:10F6A0008010C4F88430936853B32046984738B329
:10F6B000A36F94F88010B4F886209A4201D21346C2
:10F6C000A2670A0600F1E080002B00F0938015226B
:10F6D000302384F8702083F3118862892046E36820
:10F6E00042F001029B696281D4E91D510024196036
:10F6F0009D6021465C60FFF7EBFE84F3118870BDCE
:10F7000094F8801011F060061CD194F8812001F06B
:10F710007F0343EA022340F20232934200F0698100
:10F7200047D8B3F5807F00F0138123D9B3F5817FEB
:10F7300000F01D81B3F5407F04D194F88230012B95
:10F7400000F0DA80D4F89000D0F80039626843F411
:10F7500000131268C0F80039D0F8003B43F40013DE
:10F76000C0F8003B12B1062120469047062384F8DA
:10F77000703070BD012B62D0022B52D194F98400FD
:10F7800094F884200028D4F8900002F00F02C0F210
:10F79000AC805832520182581504D5D590024FF0F2
:10F7A00002024CBFA648A748C4E91D020022E26736
:10F7B00081E7B3F5006F00F0148147D9B3F5106FFE
:10F7C00039D12378042B00F0A18094F882304BB11A
:10F7D0000421626884F88B302170136813B1022110
:10F7E00020469847002394F88010C4E91D33E3674E
:10F7F0000B0663D40B22302384F8702083F3118826
:10F8000022890025E368204642F0010229465B690F
:10F8100022819D60C3E90055FFF7A2FE85F31188A0
:10F8200070BD002B8ED1022204F18800E36760676F
:10F830001346A2673FE740F60242934282D1022379
:10F8400081480022C4E91D03E26734E7B3F5A06FE5
:10F8500000F0A980A3F5C063012B3FF673AF616888
:10F860002046B4F884304D6894F8822094F88310D0
:10F87000A84700283FF466AF94F88010D0E9003222
:10F88000E667C4E91D2316E7C3B10922302384F8D3
:10F89000702083F3118822892046E36842F0010238
:10F8A0005B692281D4E91D51002419609D602146C5
:10F8B0005C60FFF755FE84F3118870BD142230237D
:10F8C00084F8702083F3118862890025E36820465C
:10F8D00042F0010229469B6962819D60C3E900559F
:10F8E000FFF7F6FD85F3118870BD4832520182584A
:10F8F00016047FF529AF51E7B4F88830E66743F086
:10F900000203C4E91D66A4F8883071E7302383F34D
:10F910001188A3682022314604F1100003F001137E
:10F92000A360F1F761F9D4E924010B68C4F89830B9
:10F9300009F0E6FA86F311880321636884F88B6086
:10F9400021701B68002B3FF440AF204698473CE7EE
:10F9500094F88230012B7FF4F5AEB4F88830E66776
:10F9600023F00203C4E91D66A4F8883040E794F848
:10F970008230002B7FF4E6AE94F8843013F00F024F
:10F980000CD013F0800FD4F8903003EB421348D121
:10F99000D3F8002B22F40012C3F8002B0023C4E993
:10F9A0001D33E36724E7B4F88030B3F5A06FF5D1D9
:10F9B00094F88200D4F8902084F88A00D2F80038B5
:10F9C00023F4FE6343EA001360680568C2F8003858
:10F9D00025B101212046A84794F880100323237005
:10F9E000DCE7012204F18B00E6671346C4E91D023F
:10F9F00061E694F88230002B7FF4A4AE94F8843052
:10FA000013F00F02CAD013F0800FD4F8903003EB3C
:10FA100042130DD1D3F8002B42F40012C3F8002B8F
:10FA2000BCE7D3F8002922F40012C3F80029B5E797
:10FA3000D3F8002942F40012C3F80029AEE700BF52
:10FA4000689E0308E49D0308609F0308000000000F
:10FA500038B590F870300546152B27D8DFE803F04D
:10FA60002726262626262726260B103E262626264D
:10FA7000262626262727816FB0F88630994234D370
:10FA80001422302385F8702083F311886A890024BA
:10FA9000EB68284642F0010221469B696A819C601E
:10FAA000C3E90044FFF714FD84F3118838BDD0F892
:10FAB00090304168D3F800290C6842F40012C3F872
:10FAC0000029D3F8002B42F40012C3F8002B0CB12C
:10FAD0000621A047062385F8703038BDC36F03B1F7
:10FAE0009847002385F8703038BDC3681C8AB1FB85
:10FAF000F4F304FB1314002CC2D1302383F31188D8
:10FB000002892146C36842F001025B6902819C6060
:10FB1000C3E90044FFF724FD84F311880A2385F824
:10FB2000703038BD00000000000000000000000040
:10FB300038B590F870300546152B22D8DFE803F071
:10FB40000B21212121210B21210B0B0B2121212113
:10FB5000212121213822D0F890304168D3F80029A2
:10FB60000C6842F40012C3F80029D3F8002B42F4C9
:10FB70000012C3F8002B0CB10621A047062385F81C
:10FB8000703038BD0B22302380F8702083F3118849
:10FB900002890024C36842F0010221465B690281A8
:10FBA0009C60C3E90044FFF7DBFC84F3118838BD97
:10FBB000C3689B695B68002BE3D1C36F03B19847AF
:10FBC000002385F8703038BD000000000000000000
:10FBD000F8B5204DB5F8883013F0040410D01E4B52
:10FBE000DB695A6919690A409A61302383F31188E5
:10FBF0001A4B5B6813F4006327D183F31188F8BDB7
:10FC0000302787F311880322D5F88C30144E1A70F0
:10FC10009E6007F005FE84F311880F4AB5F888301E
:10FC2000D26913F004045169106901EA000191617D
:10FC3000DBD187F311880422D5F88C301A709E60CE
:10FC400007F0EEFD84F31188CFE7BDE8F840FDF73B
:10FC500047BD00BFA8C800245811002400ED00E0F3
:10FC6000F49B0308000000000000000000000000FA
:10FC7000F8B5204DB5F8883013F0040410D01E4BB1
:10FC8000DB695A6919690A409A61302383F3118844
:10FC90001A4B5B6813F4006327D183F31188F8BD16
:10FCA000302787F311880322D5F88C30144E1A7050
:10FCB0009E6007F0B5FD84F311880F4AB5F88830CF
:10FCC000D26913F004045169106901EA00019161DD
:10FCD000DBD187F311880422D5F88C301A709E602E
:10FCE00007F09EFD84F31188CFE7BDE8F840FDF7EB
:10FCF000F7BC00BFA8C800248811002400ED00E074
:10FD0000D09B03080000000000000000000000007D
:10FD100070B503780446012B52D0C3696068A16AAC
:10FD2000056921F4F04105F01F020132082A2AD8A2
:10FD3000E26A22F4F042E2620678002E30D041F40A
:10FD4000847142F48472A162E26244691868554980
:10FD500020F00100544A29401860224000204FF44E
:10FD6000807442F0015241F440411C6040245860CC
:10FD70004FF0FF309960DA601C6198611A6842F0B8
:10FD800001021A6070BD102A11D8E26A41F42051B4
:10FD9000067822F4F04242F42052E262002ECED1E4
:10FDA00021F4847122F48472A162E262CDE7E26AF6
:10FDB00041F4A04122F4F04242F4A042E262BBE7E7
:10FDC0003A4B98420ED03A4B98423BD0626AD4E903
:10FDD00007311268096803F13000886003F12001DF
:10FDE00091609BE70146334807F0BAFB0346214682
:10FDF0003148236207F0B4FB304B2525216AD3F844
:10FE00009820606242F480528E688168C3F898201E
:10FE1000D3F8982022F48052C3F89820D3F8982081
:10FE2000D3F8F02042F48052C3F8F020D3F8182120
:10FE300042F48052C3F81821D3F8183126233560D4
:10FE40000B60C3E701461B4807F08AFB03462146C7
:10FE50001948236207F084FB184B5325216AD3F815
:10FE60009820606242F400528E688168C3F898203E
:10FE7000D3F8982022F40052C3F89820D3F89820A1
:10FE8000D3F8F02042F40052C3F8F020D3F8182140
:10FE900042F40052C3F81821D3F8183154233560C6
:10FEA0000B6093E71F3EFFFFFFFFB9DF58110024EF
:10FEB0008811002411E1020821D6020800440258EA
:10FEC000F0B4C5692C68A405FCD4866A046AD0F82D
:10FED00024C046F48067C66A2468DCF8000046F453
:10FEE00080664FF0FF3CC5F818C0E3606160276092
:10FEF000C26041600660236843F001032360036829
:10FF000043F0010303602B6843F400732B60F0BCE3
:10FF1000704700BF0000000000000000000000006B
:10FF2000124BB3F88820D20710B504460FD5002233
:10FF3000A369A16884F824201B689A688A42FBD8C8
:10FF40005A6820462360626014605C6010BD90F8BF
:10FF50002420D3F88C10D300806A43F00103C1E958
:10FF600002400B7007F05CFCE1E700BFA8C800246A
:10FF700070B5154C01222568E0682B685C6085F837
:10FF800024202360E560FFF7CBFFB4F888300646F5
:10FF90009B0705D531462846BDE87040F0F742BAC8
:10FFA00090F82430816ADB00D4F88C2043F00203FF
:10FFB000C2E90251137007F033FC31462846BDE810
:10FFC0007040F0F72FBA00BFA8C80024000000005E
:10FFD00038B5144B01211C68DD6885F824002268BF
:10FFE000536084F82410B3F888101A608A07DC6024
:10FFF00005D529462046BDE83840F0F713BA95F8F4
:020000040803EF
:100000002420D3F88C10D300A86A43F00203C1E97E
:1000100002400B7007F004FC29462046BDE838403A
:10002000F0F700BAA8C8002400000000000000009B
:100030002DE9F0414B1C554D86B0D5F80C8063D0AE
:100040002F46534B06464FF0804E57F8100FCDE920
:100050000338B8424FF000030593DEF824C000F0E7
:100060008580EB698468ACEB0303CB1828BF0B4693
:100070009C4223D902290A4638BF02220CEB020116
:10008000CEF83410DEF82410A1EB0C0C624515D824
:100090000222013202EB010CCEF834C0DEF824C09B
:1000A000ACEB010191426CD2022A07D96A6B42F093
:1000B00001026A6302E000681B1B84689C42FAD359
:1000C00002936C4682680090D31A426801921460D1
:1000D000C0E901434FF0FF33AB613046FFF778FFD3
:1000E000009B63B12A69A24215D09A68DDE901102C
:1000F00002440B60C3E901124FF0FF33AB61D8F843
:10010000280006B0BDE8F081FFF762FFD8F82800AC
:1001100006B0BDE8F0810022BB422B6100925F6017
:100120002BD09A684FF0804002990A449A60EB699C
:10013000416ACC1AA242E2D95B1A1344022B38BF9F
:100140000223CA184263426A511A9942D7D3022342
:100150000133D1184163416A8A1A9A4213D2022BA1
:10016000CDD96B6B43F001036B63C8E76C460A465D
:100170006146204607F024FBAFE74FF08043DA608A
:10018000BDE7614685E70A46E2E700BFA8C800244C
:1001900041D602080000000000000000000000003E
:1001A000F8B5302304460E4683F31188836A13B3EF
:1001B0001E70D4E90A3201339342A36203D20020B5
:1001C00080F31188F8BDE2692369043AA1691A60D5
:1001D000E069E2680344013A8B422361E26007D29E
:1001E0000022236BA262002BE9D020469847E6E765
:1001F000636A2361F4E71546114F08E06268C3E9BA
:10020000004213606360FFF713FF00280ADBE36816
:100210002946042053B9237A7BB9FB68002DEDD120
:100220004FF0FF30002383F31188F8BD2269E169A4
:1002300013180A44C4E90A32BAE76FF00100F1E783
:10024000A8C800240000000000000000000000001A
:100250004FF0FF324430FFF7A3BF00BF00000000A3
:100260004430FFF79DBF00BF000000000000000009
:10027000F8B53023044683F31188836A1BB3C26A3E
:1002800013F8015B9342A36204D2002383F3118825
:100290002846F8BD6369E169E2680B44A169013A47
:1002A0008B426361E2600BD20022236BA262002BBF
:1002B000EBD020469847002383F311882846F8BDE9
:1002C000636A6361F0E70E46124F08E06268C3E9B3
:1002D000004213606360FFF7ABFE051ED5DBE368E9
:1002E000314604205BB9237A83B9FB68002EEDD137
:1002F0004FF0FF35002383F311882846F8BD62696B
:10030000131812681A44C4E90A32B9E76FF00105FC
:10031000BBE700BFA8C800240000000000000000E8
:100320004FF0FF310C30FFF7A3BF00BF000000000B
:100330000C30FFF79DBF00BF000000000000000070
:100340002DE9F047994604460E461746302383F3BD
:1003500011880025DFF8EC80A16A00293AD0E26A12
:10036000A7EB050A521A3046924528BF9246BAF1C9
:10037000400F40D901F1400AD1F800E0103151F8A6
:100380000CCC103051F8082C51F8043C514540F881
:1003900010EC40F80CCC40F8082C40F8043CEBD1B1
:1003A000A26A4036E36A403540329A42A2622DD2B8
:1003B000002383F31188BD421AD2302383F31188BE
:1003C000CAE76268C3E9004213606360FFF730FE6A
:1003D00000280ADBE368494604205BBB237A23B983
:1003E000D8F80C30B9F1000FEBD1002383F311885A
:1003F0002846BDE8F08752465644F0F75BFBA26AF8
:10040000E36A554452449A42A262D1D36369E068D8
:10041000D4E9062101380B44E0609342636101D3C3
:10042000636A63610022236BA262002BC0D0204666
:100430009847BDE7636919181A680A44C4E90A12A3
:100440008EE700BFA8C800240000000000000000E4
:100450004FF0FF330C30FFF773BF00BF0000000008
:100460000C30FFF76DBF00BF00000000000000006F
:100470002DE9F0479846044689461646302383F313
:10048000118800253C4FA06A00283AD0E26AA6EB0A
:10049000050A121A4946924528BF9246BAF1400F02
:1004A00040D909F14009D1F800E0103151F80CCCE5
:1004B000103051F8082C51F8043C494540F810EC34
:1004C00040F80CCC40F8082C40F8043CEBD1A26A70
:1004D0008946E36A403540329A42A2622DD2002317
:1004E00083F31188B5421AD2302383F31188CAE707
:1004F0006268C3E9004213606360FFF799FD00285A
:100500000ADBE36841460420002B2DD1237A1BB976
:10051000FB68B8F1000FEBD1002383F31188284664
:10052000BDE8F0875246D144F0F7C4FAA26AE36A04
:10053000554452449A42A262D1D3E2692369043AF3
:10054000A0691A60E169E2680B44013A83422361C1
:10055000E26001D3636A23610022236BA262002B55
:10056000BDD020469847BAE72069E26902440430CA
:10057000C4E90A028BE700BFA8C8002400000000FD
:100580004FF0FF334430FFF773BF00BF000000009F
:100590004430FFF76DBF00BF000000000000000006
:1005A00070B5302304460D4683F31188164E08E0DB
:1005B0006268C3E9004213606360FFF739FD0028F9
:1005C00008DBA3682946042043B9F368002DEFD166
:1005D0004FF0FF30002383F3118870BDA368A16939
:1005E000013B4A1CA3602369A2619A420D7801D3A2
:1005F000E368A361E3690BB120469847002383F3C6
:100600001188284670BD00BFA8C800240000000063
:100610004FF0FF310C30FFF7C3BF00BF00000000F8
:100620000C30FFF7BDBF00BF00000000000000005D
:100630002DE9F04F83B09946C7694FF0300A019217
:100640008AF3118892B304460E46DDF804B0A2681E
:10065000934532D9A1692269A568A2EB0108A84592
:1006600032D856D2A5EB0803424630460093F0F745
:1006700021FA06EB0800DDF80080E1684246F0F759
:1006800019FAE2684244A261A268521BA2603DB31B
:100690000FB12046B847002383F31188ABEB050B5D
:1006A0002E448AF31188BBF1000FD0D101980023AA
:1006B00083F3118803B0BDE8F08FA1695D4622691C
:1006C000A2EB0108A845CCD92A463046F0F7F2F94A
:1006D000A2692A44A261A268521BA260002DD7D150
:1006E0000F4BDA68B9F1000F0AD061680420C2E943
:1006F00000410A6049466260FFF79AFC0028A6D0D4
:10070000019BA3EB0B00002383F3118803B0BDE82A
:10071000F08F2A463046F0F7CDF9E268A261B3E7E0
:10072000A8C8002400000000000000000000000035
:100730004FF0FF330C30FFF77BBF00BF000000001D
:100740000C30FFF775BF00BF000000000000000084
:100750002DE9F041302304460F46164683F31188F5
:10076000DFF8608008E06568C3E900452B606360DE
:10077000FFF75EFC002809DBA3683146042053B96B
:10078000D8F80C30002EEED14FF0FF30002383F369
:100790001188BDE8F0816269A368511C013B616169
:1007A000A3601770D4E904329A4201D3E36863610D
:1007B000E3690BB120469847002080F31188BDE81B
:1007C000F08100BFA8C80024000000000000000065
:1007D0004FF0FF323030FFF7BBBF00BF000000001A
:1007E0003030FFF7B5BF00BF000000000000000080
:1007F0002DE9F04F83B09946C7694FF0300A019256
:100800008AF3118892B304460E46DDF804B0A2685C
:10081000934532D9A568D4E90420A2EB0008A84585
:1008200032D856D2A5EB0803424631460093F0F782
:1008300041F906EB0801DDF80080E0684246F0F778
:1008400039F9E26842446261A268521BA2603DB37A
:100850000FB12046B847002383F31188ABEB050B9B
:100860002E448AF31188BBF1000FD0D101980023E8
:1008700083F3118803B0BDE8F08FD4E904205D460E
:10088000A2EB0008A845CCD92A463146F0F712F968
:1008900062692A446261A268521BA260002DD7D10E
:1008A0000F4BDA68B9F1000F0AD061680420C2E981
:1008B00000410A6049466260FFF7BAFB0028A6D0F3
:1008C000019BA3EB0B00002383F3118803B0BDE869
:1008D000F08F2A463146F0F7EDF8E2686261B3E73F
:1008E000A8C8002400000000000000000000000074
:1008F0004FF0FF333030FFF77BBF00BF0000000038
:100900003030FFF775BF00BF00000000000000009E
:1009100008B50146302383F311880820FFF788FBD0
:10092000002383F3118808BD0000000000000000D0
:100930002DE9F04141F20D15174C30260746BA6BF0
:100940007B6C9A60DD60596B11F04502FBD011F0B1
:10095000050F9A6319D15B6913EA040812D1C3F336
:100960004323042B0BD0053B022B0BD886F31188B5
:100970000A210820FFF75CFB88F31188DFE7404677
:10098000BDE8F0810120BDE8F0813846FCF7C0FCED
:100990000120BDE8F08100BF08E0FFFD000000007D
:1009A00038B5302383F311880379022B12D0042346
:1009B00004460025037185F31188FFF7B9FF636CC6
:1009C000022218B958601860227138BD5D601D6040
:1009D000227138BD002080F3118838BD000000006E
:1009E000302282F311888268013A002A826004DB97
:1009F0000120002383F3118870470B4A03464FF40C
:100A00007A71D26810B5446805209362C2E9003457
:100A100022605A60FFF70CFBB0FA80F00023400917
:100A200083F3118810BD00BFA8C800240000000097
:100A30001A4A30231A49D26880B5D16183F31188EC
:100A40004FF0804300245A6A84F31188154E012721
:100A5000154D16E02F8302F5FA68302383F31188D1
:100A60004FF080430820596A8A1AA8EB0101B2F5B9
:100A7000FA6F01D2FFF7DCFA002383F31188013407
:100A80004246A6FB0413DB0803EB8303B4EB4303EA
:100A9000E0D0012BDFD16B83DDE700BFA8C80024C5
:100AA00048980308CDCCCCCC0004025800000000CC
:100AB000F8B5302305460F46164683F31188446C7B
:100AC000E36BA3B900232365E363E362606B10F477
:100AD000807008D04FF0FF32A26383F31188012F9A
:100AE00010D81846F8BD80F311880120F8BD104ACF
:100AF00003460320D26843F8402F9362FFF768FA59
:100B00006C6CDFE76A6C41F20C119360D160516B41
:100B100011F04503FBD0936311F0050303D1526933
:100B200018463260F8BD2846FCF7F2FB0120F8BDFC
:100B3000A8C8002400000000000000000000000021
:100B40002DE9F04117461E46884628490546D0E95A
:100B500011245368C3F3090301335B00B4FBF3F4BE
:100B6000A1FB043442F21073A40903FB04F45462A1
:100B7000FFF7DEFE6C6C00BB0123C4F8588046F41E
:100B80008856EA6C23654FF0FF33A3634FF49573E7
:100B9000E36342F20703A762E362069BA360E66099
:100BA000616B11F04503FBD011F0050FA36317D162
:100BB00061690F4B11600B4053B1616B00232846F4
:100BC000A1632365E362FCF7A3FB0120BDE8F0818C
:100BD00001212846FFF76CFF0028F7D06C6CECE78A
:100BE0002846FCF795FB6C6CE7E700BFD34D62101D
:100BF00008E0FFFD00000000000000000000000011
:100C00006F4B0322816C99422DE9F04F027183B042
:100C10000546426C40D96B4BC46A0B446A48616814
:100C20001B0AA0FB030301EB13135360302113686D
:100C300043F00303136081F3118864210820FFF758
:100C4000F7F9002383F311884FF480526C6CA36092
:100C5000E260636B1906FCD580214FF4D57241F236
:100C60000813A163A260E360616B11F04503FBD040
:100C700011F00500A36312D163690122C3F30323BA
:100C80002A63934243D00023022201206360236041
:100C90002A7103B0BDE8F08FC36A5B68C5E72846D8
:100CA000FCF736FB6C6C002241F23713A260E36064
:100CB000616B11F04503FBD011F0050FA36340F009
:100CC0005E816269414B1340002B6CD00223642685
:100CD0004FF030083E4F2B6388F3118864210820C1
:100CE000FFF7A6F9002383F3118841F201136C6C1E
:100CF000A760E360616B11F04503FBD0A3634B0772
:100D000011D46369002B69DB013EE5D1BBE741F2F9
:100D10003713A060E360616B11F04503FBD011F065
:100D2000050FA36304D02846FCF7F2FA6C6CAAE71F
:100D30006269264B1340002BA5D1DFF898904FF045
:100D4000640A002741F23716DFF88080A760E6606A
:100D5000616B11F04503FBD011F0050FA363E2D1E5
:100D6000636913EA080F8ED141F22913C4F8089081
:100D7000E360616B11F04503FBD011F0040BA3633A
:100D8000D1D16369002B29DBBAF1010A3FF47BAFB3
:100D9000302383F3118864210820FFF749F98BF38E
:100DA00011886C6CD2E74FF480522B63A360E26031
:100DB000636B1A06FCD58023DFF81C90A363BEE7A3
:100DC000801A0600FF340C00598B4F0108E0FFFD2C
:100DD0000080FFC00080FF50000010805E0003D53F
:100DE0002B6B43F010032B63002241F20233A2600D
:100DF000E360616B11F04503FBD0A36311F03F0387
:100E000091D1216A41F20312A960E169E960A16907
:100E1000296161696961A360E260616B11F045035A
:100E2000FBD011F0050FA3637FF47DAF626941F23F
:100E30000933AA63A260E360616B11F04503FBD044
:100E40008806A3637FF46FAF216A41F20713A9619B
:100E5000E169E961A169296261696962A260E3608F
:100E6000616B11F04503FBD011F00506A3637FF41D
:100E70005AAF2B6B05F11800626903F00F03022BC8
:100E800000F08180FCF754F9A8626B6A9B0F0ED0CA
:100E9000EC6B002106234022009128462146FFF7F3
:100EA0004FFE20B9A3895BBA9B0700F1DD806C6C13
:100EB0006368814AA86C1A40804B9842EB6A40F202
:100EC000D1807F4901447F48A0FB0101586800EBB5
:100ED00011610A434FF4007142F48052626041F2A2
:100EE0001012A160E260616B11F04502FBD011F0BD
:100EF000050FA2637FF417AF6169734A0A40002AA5
:100F00007FF4C1AE2A6B12F00E0F02F00F0140F019
:100F10008B801B78002B2ED0012B7FF4B4AE63683E
:100F200041F23712A96B23F4404343F480436360DA
:100F3000A160E260616B11F04503FBD011F0050F79
:100F4000A3637FF4F0AE62695F4B1340002B7FF424
:100F50009AAE022241F20613A260E360616B11F0C7
:100F60004503FBD011F0050FA36372D16269564BA4
:100F70001340002B70D1052300202B7189E62846F1
:100F8000FCF7C6F9A2E66B6A002B67DAEC6B30233C
:100F900083F3118864210820FFF74AF886F311884B
:100FA00008234FF40072214628460096FFF7C8FD3B
:100FB000002851D194F8D63094F8D7001B0494F847
:100FC000D42094F8D51003EB006313442A6B02F08D
:100FD0000F0203EB0123022AAB627FF456AF6C6C65
:100FE0003A4A41F20613A260E360616B11F04503D7
:100FF000FBD011F0050FA36349D16269324B134056
:10100000002B7FF455AF63682B4AA86C1A40304B15
:101010009842EB6A26D92F4901442A48A0FB0101D6
:10102000586800EB516154E702297FF42CAE1B781D
:10103000012B39D0022B2FD0002B9CD06368264A7D
:1010400041F20613A260E360616B11F04503FBD02F
:1010500088E72846FCF75CF96C6C14E6FCF768F846
:10106000A862BDE7596834E71C4906234022284698
:1010700000912146FFF764FD00287FF418AF237C20
:1010800003F00F030F2B3FF412AF6C6CBBE7284645
:10109000FCF73EF96C6C0BE76368114A23F440439C
:1010A00043F400436360CBE763680E4A23F4404394
:1010B00043F480436360C3E700ECFFFF40787D01A9
:1010C0007FF0FA02893BE65508E0FFFD0001B90315
:1010D00080F0FA02FFE0F5050000B703F1FFFF80A2
:1010E0000002B7030001B703000000000000000089
:1010F0002DE9F84316469846DFF86CC10D4642F2DA
:1011000010710746D0E911245368C3F30903013372
:101110005B00B4FBF3F4ACFB0434A40901FB04F45E
:101120005462FFF705FC814610B14846BDE8F883DC
:101130007C6C01224FEA4823A66522654FF0FF32FE
:10114000FE6CA2634FF49572E263A3623B6BDB0615
:1011500058BF6D02B8F1010FA56024D941F21213F6
:10116000E360616B11F04503FBD011F0050FA36341
:101170003FD163693B4D33601D40002D3ED142F2AB
:101180009303324641463846E362FFF791FC00285C
:10119000CBD07B6C3846FE6C596B99631D65DD6264
:1011A000FCF7B6F832E041F21113E360616B11F025
:1011B0004503FBD011F0050FA3633CD16369294DB2
:1011C00033601D40002D3AD142F29303324641462E
:1011D0003846E362FFF76CFC03460028A5D07A6C22
:1011E00038469946516B91631565D562FCF790F8C6
:1011F0009BE73846FCF78CF8FE6C7C6C616B002337
:101200003846A1632365E362FCF782F87B6C00211A
:1012100041F20C129960DA60596B11F04502FBD073
:1012200011F0050F9A6317D15B694FF00109336024
:101230004846BDE8F8833846FCF76AF87C6C616B79
:1012400000234FF001093846A1632365E362FCF7F0
:101250005FF84846BDE8F88338464FF00109FCF7CF
:1012600057F862E708E0FFFDD34D62100000000070
:1012700003F1FF3CF8B58C44876A0546BC4506D9A6
:10128000426B012342F0800242631846F8BD4FF0E2
:10129000060C9407164680F804C01FD09E46CBB1BA
:1012A0000C465F1804E0E96BEFF704FCBC4211D078
:1012B00021460123EA6B2846FFF71AFF4FF400721C
:1012C0000346013430461644002BECD005222A7127
:1012D0001846F8BD052200232A71F9E7FFF708FF39
:1012E000052203462A71F3E7000000000000000019
:1012F0002DE9F84316469846DFF86CC10D4642F2D8
:1013000010710746D0E911245368C3F30903013370
:101310005B00B4FBF3F4ACFB0434A40901FB04F45C
:101320005462FFF705FB814610B14846BDE8F883DB
:101330007C6C01224FEA4823A66522654FF0FF32FC
:10134000FE6CA2634FF48D72E263A3623B6BDB061B
:1013500058BF6D02B8F1010FA56024D941F21913ED
:10136000E360616B11F04503FBD011F0050FA3633F
:101370003FD163693B4D33601D40002D3ED142F2A9
:101380009103324641463846E362FFF791FB00285D
:10139000CBD07B6C3846FE6C596B99631D65DD6262
:1013A000FBF7B6FF32E041F21813E360616B11F016
:1013B0004503FBD011F0050FA3633CD16369294DB0
:1013C00033601D40002D3AD142F29103324641462E
:1013D0003846E362FFF76CFB03460028A5D07A6C21
:1013E00038469946516B91631565D562FBF790FFBE
:1013F0009BE73846FBF78CFFFE6C7C6C616B00232F
:101400003846A1632365E362FBF782FF7B6C002112
:1014100041F20C129960DA60596B11F04502FBD071
:1014200011F0050F9A6317D15B694FF00109336022
:101430004846BDE8F8833846FBF76AFF7C6C616B71
:1014400000234FF001093846A1632365E362FBF7EF
:101450005FFF4846BDE8F88338464FF00109FBF7C7
:1014600057FF62E708E0FFFDD34D62100000000067
:1014700003F1FF3CF8B58C44876A0546BC4505D9A5
:10148000436B012043F080036B63F8BD4FF0070C02
:101490009407164680F804C01DD09E46BBB10C468A
:1014A0005F1801E0BC4212D04FF400723146E86B85
:1014B0001644EFF7FFFA21460123EA6B2846013470
:1014C000FFF716FF0028EDD005232B71F8BD05238B
:1014D00000202B71FAE7FFF70BFF05232B71F5E7CF
:1014E00038B5302383F31188124BDC6804F12C05E6
:1014F000E36AA0629D4207D194F8263083B10F20A1
:10150000BDE83840FEF764BD1A681846E262FCF791
:10151000D7FDE36AAB42F7D194F82630002BEED129
:1015200094F825309B07EAD1D4E9043213605A605D
:10153000E5E700BFA8C8002400000000000000008C
:101540002DE9F0410468A0422AD005460E46154F09
:101550004FF000080FE0A369A06884F824801B689E
:101560009A688242FBD25A68C4E9003214605C6017
:101570002C68AC4214D0B7F8882023682B605D60DB
:10158000D307A662E7D494F82430D7F88C20DB0088
:1015900043F00103C2E90246137006F041F9DAE7AD
:1015A000BDE8F081A8C80024000000000000000091
:1015B00070B53023044683F31188314B8068DD68B1
:1015C00040B3AA6883689A4207D990F824308260B1
:1015D000062B3BD0072B25D0ABB1234603E09968FF
:1015E000AA68914202D31B689C42F8D15A6806202F
:1015F0002B606A6015605D60AC62FEF7E9FC002359
:1016000083F3118870BDD0E9003213605A60FCF793
:1016100057FDE2E7EB6BC4E902530023EC6383F36D
:10162000118870BD866AD0E9003213605A60334673
:1016300003E099688268914202D31B689E42F8D108
:101640005A68C0E9003210605860C6E7866AD0E97F
:10165000003213605A60334603E099688268914211
:1016600002D31B689E42F8D15A6803604260106042
:101670005860B068AA6883689A42A6D8ADE700BFF0
:10168000A8C80024000000000000000000000000C6
:1016900038B51A4D8368EC68A34200D038BD0246C5
:1016A000302383F311880168C3688842E36322D042
:1016B000206C4BB119688B4203D08968884238BFCF
:1016C0000846DB68002BF5D1A06010680368C16B89
:1016D00013605A60C2E90201C263FCF7F1FC2A6898
:1016E000EB6892689B689A4201D9FEF741FC00239F
:1016F00083F3118838BD00238360F8E7A8C800246D
:10170000A94B0146A94ADB680E68A9482DE9804823
:10171000DA618DB005F08CFD002800F03F81A54B0B
:10172000A54AA649A64806F063F9A64BA64AA749CA
:10173000A74806F05DF9A74BA74AA449A74806F0B9
:1017400057F9302383F311884FF080420023546A05
:1017500083F31188A24BDFF868829FEDA29A03F110
:101760000C05DFF86CA2DFF874929F4F98F80C30EC
:10177000002B5BD0022309AA1221404605F038FB5A
:10178000BDF82430002B51D06A4603A9404605F02D
:10179000B7FB00284AD0DDED048A38469DED035A98
:1017A0009DED018ADDED005A78EE856A9DED056AB2
:1017B00078EEC58A38EE257ADDED027A38EE658A54
:1017C000B1EE466A66EE896A27EE097AF1EE677A2B
:1017D0008DED0B6A68EE898ACDED0A6A28EE098ADA
:1017E0008DED077ACDED087AFFF7E2FE7F4A0DF125
:1017F000280C7F4B07A892ED097A043252ED017A4A
:1018000078EEC78A7B4938EE678AE3EC018A8B421F
:1018100083ED028A04D0FCEC018AB0EC018AEAE78D
:101820000123734A38461376FFF732FF9AF80C30DB
:10183000002B45D0022309AA1221654805F0D8FAE9
:10184000BDF82430002B3BD06A4603A9604805F060
:1018500057FB002834D0039B3846DDED048A0A93F9
:10186000059BF1EE688A9DED018A0B93009BB1EE1A
:10187000488A0793029B0893FFF79AFE5E4B0DF18F
:10188000280C5E4A07A8194693ED097A0433D1ED76
:10189000007A78EEC78A524938EE678A9942E2ECBC
:1018A000018A82ED028A04D0FCEC018AB0EC018A44
:1018B000E9E701234E4A384682F83430FFF7E8FE64
:1018C00099F80C30002B54D0022309AA1221434866
:1018D00005F08EFABDF82430002B4AD06A4603A9E1
:1018E0003E4805F00DFB002843D09DED036A3846C5
:1018F000DDED056A9DED007AB1EE466ADDED027A16
:10190000F1EE666AB1EE477ADDED048AF1EE677AB0
:101910009DED018AF1EE688A8DED0A6AB1EE488A82
:10192000CDED0B6A8DED077ACDED087AFFF740FE1D
:101930002B4B0DF1280C324A07A8194693ED097A72
:101940000433D1ED007A78EEC78AAB4238EE678A6D
:10195000E2EC018A82ED028A04D0FCEC018AB0EC50
:10196000018AEAE70123224A384682F85030FFF71D
:101970008FFE04EB060B302383F311884FF0804376
:10198000596A0C1BA64204D9ABEB01010820FEF7F3
:101990004FFB002383F311885C46E7E60146802273
:1019A0000348EFF721F9BAE6A8C8002454980308C1
:1019B000E0310024C89A0308E89A0308581100246B
:1019C00060D50024089B0308289B03088811002485
:1019D000C0D50024489B0308689B030820D6002438
:1019E00000320024F304353F380A0024E831002493
:1019F0005CD4002468D40024F431002478D400247A
:101A000094D400240000000000000000000000004A
:101A100001684FF00008DFEDCB7A002507EE101AC1
:101A2000C94BCA4AB8EE477ADB68C94CC94EC7EE03
:101A3000278ADFF86CA32DE98048C74FADF5077DF5
:101A4000DFF860B30C91DA6104F5806944F8508CDA
:101A500040220021A4F1400044F8485C44F8445C72
:101A600008F10108EFF7C0F84FF48062002120462A
:101A7000EFF7BAF84FF4806200214846EFF7B4F868
:101A80004FF07E5304F24440C4F8987144F8283C67
:101A9000B8F1030F23606364C4F888304FF07C53BF
:101AA000C4F8DC71C4F8CC30C4F81031C4F8543137
:101AB000C4F82072C4F86472C4F8A8B2C4F8ECB2D6
:101AC000C4F830B3C4F87463C4F8B863C4F8FC63F2
:101AD000C9F80060066004F59160A04B066004F24E
:101AE000CC409F49C0F800A004F5A2609D4AC0F810
:101AF00000A004F25450C0F800A004F5B3600360E5
:101B000004F2DC50036004F5C460036004F2646016
:101B1000036004F5D563196004F2EC63196004F501
:101B2000E663196004F274731A6004F5F7631A60CF
:101B300004F2FC731A604FF0010304F84C3C04F506
:101B4000A25404F110047FF47FAFDFF85C9209F532
:101B5000506289F8F43C0023156009F6FC42C9F88C
:101B6000F03C156009F6F842156009F60C52156054
:101B700009F60852156009F60452156009F6185264
:101B8000156009F61452156009F55162156009F6E1
:101B90002452156009F55262156009F61C52156051
:101BA00009F55362156009F62C52156009F62852A2
:101BB000156009F64C52156009F55462156009F676
:101BC0003452156009F55562156009F644521560E6
:101BD00009F63852156009F65452156009F6485254
:101BE000156009F63C521560302282F311884FF0DF
:101BF0008042526A0B9283F31188F1EE687A9FED6E
:101C00005ADA38EEA89A0DF1A00B0493CDED177AAD
:101C100056480024FFF7CCFC554B5448D3ED057AC9
:101C20001E7CCDED0D7AD3ED067A93F82C5093ED12
:101C300000BAD3ED01BA93ED02CAD3ED03CACDEDDC
:101C40000F7A1C74D3ED077A83F82C4093F82D306B
:101C5000CDED107A08960793FFF71AFD002E40F09D
:101C6000B185002D40F0AA85049B0133B3F5FA7FBE
:101C7000049301F2F6803F48FFF79AFC54223E4954
:101C800031A8EEF717FF3B48FFF702FD3B48FFF78F
:101C90008FFC3B4A00233948D2ED007A117ECDED0E
:101CA000117AD2ED017A1376CDED127AD2ED027A65
:101CB000537ECDED137AD2ED037A169392ED04AAFA
:101CC000D2ED05AACDED147A1591FFF7E1FC99F854
:101CD000F43C002B00F018832A4FF6EE00DA31AB0B
:101CE0009FED29EAA7F58A6807F5805607F5806A0F
:101CF0000E930393CDF86080039B1B7E002B40F076
:101D0000AE84039B1C33039341F250439A441F4417
:101D10001E441E4B9A45EFD1DDF8608031AEDFEDF9
:101D20001CFA0024DFED18DADFED1A9A9FED1A8A0B
:101D30001A4FCDED068ACDF82480337E002B40F07B
:101D40008D8335E000401C46A8C80024589803083D
:101D50009881002417B7D138CDCCCC3DACC52737FE
:101D600095BFD6335F70893000000000B8090024A9
:101D7000C8090024380A00245CD40024500A002436
:101D8000C4D40024988500240AE81C4188C6002495
:101D90000F5CEB410AD7A33CFFE6DB2E4881002411
:101DA0006F12833A0AD7233C48B10024FFFF7F7F9C
:101DB000013407F5A2571C36032C07F11007BCD1DC
:101DC000DDED068ADDE908381BB1079B002B40F0EA
:101DD000C7871FED0A7A0022D9F8F01C41F250445F
:101DE000B54B187948B1D3ED027AF4EEC77AF1EE2B
:101DF00010FA02D5B0EE677A114601322344032A65
:101E0000EFD100231DACF7EE005ADFEDAC7A1F9343
:101E100022469FEDAB6A41F25045C9F8F01CCDE96E
:101E20001D33A54B187948B193ED027A37EE067A47
:101E3000C5EE876A77EEA67AC2ED006A2B44A14808
:101E400004329842EED19FEDA07AF4EEC77AF1EE1B
:101E500010FA40F3A984DDED1D6A9DED1E7A9DED1B
:101E60001F6A86EEA7BAC7EE276A86EE277A8DED3F
:101E70001DBACDED1E6A8DED1F7A169B002B00F06A
:101E8000A680159B002B00F0A2808B4D8F4F904EAB
:101E9000DDED14BA03942B79BC22002147A84FF042
:101EA0007E5A002B00F08B80EEF79EFED5ED046A83
:101EB0009DED116A23AB95ED057A284676EE666AAC
:101EC0009DED126AD5ED067A46AA36EE477A9DED6B
:101ED000136ACDF800B0032176EE677ACBED006A85
:101EE0008BED017ACDF818A1CBED027ACDF85CA18B
:101EF000CDF8A0A1239724972597FBF771FC2B79A8
:101F0000594646A8C022002B59D0EB6A23AC479310
:101F10002B6B48936B6B4993AB6A4693FBF7F8FACC
:101F2000DBED036A00219BED047ADBED057A6AEEB6
:101F3000266A2AEE077ADBED015A6AEE277A9BEDD4
:101F4000026ADBED004AA5EEAB7A9BED065AE4EEA1
:101F5000AB6ADBED075AE6EE2B7A9BED086AA5EE3D
:101F6000AA7AE5EE2A6AE6EE2A7AF0EE479AB0EE11
:101F700066CAB0EE678AEEF737FED5ED076A2846E7
:101F800095ED087A20ABD5ED097A7CEE666A39EEDC
:101F9000C77A46AA78EE677A03210094CDF824A187
:101FA000CDF868A1CDF8ACA1209621962296CDED72
:101FB000236A8DED247ACDED257AFBF711FC05F52A
:101FC000A255404B1035AB427FF465AF039C414BAB
:101FD00009F6FC4C09F6F8479FED3F4A03F134023D
:101FE00083ED00DA46AE31AB334941F250458CED1A
:101FF00000DA87ED00DA187E002800F0FD8008790D
:10200000002800F0F980D1ED117A93ED036A91ED8B
:10201000125A36EE676AD4ED007AD1ED135AF4EE17
:10202000C47AD3ED046A93ED057A76EEC56A82ED43
:10203000006A37EE657AF1EE10FAC2ED036A82EDBE
:10204000067A16D4D7ED004A9CED005A2148E6EEF8
:10205000274AB0EE456AD0ED005AA6EEA76AF0EE28
:10206000656AC7ED004AE7EE276A8CED006AC0EDAD
:10207000006A1C33043229440434B342BBD1079BA9
:10208000002B40F0FD859FED148A09F60C5309F6EC
:1020900004549FED120AB4EEC8BA83ED00DA09F6D3
:1020A00008531EAA84ED00DAF1EE10FA83ED00DA8F
:1020B0000E9B00F1908013E0488100240000000096
:1020C00017B7D13838BE0024FFE6DB2E6F12833AF3
:1020D0000AD7233C48BE00247D1D90260AE81C41F7
:1020E0001D7E46A95846002D75D0D8F828C0D8F8CE
:1020F0002C70D8F83060D8F83450CBF800C0CBF84A
:102100000470CBF80860CBF80C50FBF701FAD8ED5F
:10211000137A93ED055A09F6085098ED082A09F646
:102120000C5135EE675AD8ED126A98ED0E7AD3ED60
:10213000047A93ED006A22EE453A77EEE67AD8ED1E
:10214000095A36EE476ADDED4C6A98ED117AA7EE32
:10215000A53AD8ED072AA6EE806AD3ED034A62EECF
:10216000E77AD4ED003A74EEC74AD3ED016A9DEDEB
:102170004D1A90ED004AE4EE827A93ED027A65EE14
:10218000E45ADDED4E1A36EE436AF0EE634AE5EEB0
:10219000225A91ED005AE6EE0B4AC4ED004A98ED42
:1021A0000F6A76EEC66AB0EE446AE1EE006A76EE39
:1021B000E56AA6EE8B6A80ED006AD8ED106A37EE0C
:1021C000667AA1EE807A77EE677AB0EE457AA7EE6E
:1021D0008B7A81ED007A08F5A25896491C3308F1F4
:1021E000100841450FD0B2EC01BAB4EEC8BAF1EE16
:1021F00010FA7FF575AFEEE782ED06DA82ED03DACD
:1022000082ED00DA35E709F618518B4B9FED8B6AAA
:1022100009F55162D3ED006A09F6145391ED005AA5
:1022200038EE866AC1ED006A09F6F84176EEC56AB5
:10223000D2ED005A88EE867A93ED006A09F61C50BA
:1022400090ED005AC6EEA84AD1ED006A09F6285171
:10225000C2ED006A09F6FC4276EEE56AD1ED005A5D
:10226000F7EE007AC6EEA83AD2ED006A09F62C52D3
:10227000C3ED006A09F5536377EEC77A76EEC66A56
:1022800092ED006A27EE855A86EEA84AD3ED006AE1
:1022900067EEA55A27EE866AA3EE875A67EEA66A0E
:1022A00080ED005A09F5526090ED005A27EE855AEC
:1022B000A4EE075A80ED005A09F6245090ED005A1A
:1022C00067EE857AE4EE877AC0ED007A09F604506D
:1022D000F0EE657A90ED005AE5EE077AC1ED007AEE
:1022E00009F60851F0EE467AD1ED005AE5EE877A0C
:1022F000C2ED007A09F60C52F0EE667A92ED006AB1
:10230000E6EE077AC3ED007A4D4841F25044FFF7FC
:102310004FF909F628524B491268D9F8F03C0F469C
:102320008A6109F62C52484D126804FB0353CA61B6
:1023300009F553621E69103312683E600A6209F69D
:10234000F8425E6812687E604A6309F6FC429E6845
:102350009D69D8691268BE60DE688A634D628862D2
:10236000FE60196A5A6A1E695B69F9627B61324BC9
:102370003A631B683E61FB6309F61C53479046A80D
:102380001B68489120A93B6409F55263499223AA2E
:102390001B6846957B6409F624532B4D1B682B4E16
:1023A000BB645B46FBF774FDD9F8F03C209A20A98A
:1023B00004FB035346A832609A6A10334692DA69E6
:1023C00047921A6A5B6A489223AA49935B46FBF7D5
:1023D0005FFDD9F8F03C239A20A904FB035346A8DB
:1023E00072609A6A10334692DA6947921A6A5B6A97
:1023F000489223AA49935B46FBF74AFDDBF800307D
:102400000F48B360FFF744F93023DDE90B201418BF
:1024100083F311884FF08043596A8B1A984203D98D
:10242000611A0820FDF704FE002383F311880B9442
:10243000FFF7EEBB38BE002448BE0024899B503B0A
:10244000600A0024F8D400244881002450D40024D9
:10245000CDCCCC3D48E17A3F000000003B79002B19
:102460003FF4A6AC96ED01EAD6ED008A2EEE0E0AF8
:1024700096ED02FAA8EEA80AAFEE0F0AB5EE400AF2
:10248000F1EE10FA00F11C85F1EEC07AF4EEEF7A6D
:10249000F1EE10FA3FF78CAC1FED137AF4EEC77A29
:1024A000F1EE10FA3FF584AC77EEED7A97ED037A12
:1024B0005FED186AB5EE006AFB6AF6EE00EA27EEF9
:1024C000267A594667EEA77A47933B6B46A8C02207
:1024D0000DF18408A7EEA97A48937B6B0DF58C7AF1
:1024E0004993BB6A87ED037AE7EE06EA4693FBF76A
:1024F0000FF8F0EE686ADBED067AB0EE4E7ADBEDAF
:10250000075A9BED086A0021E7EEAD6A97ED0EEAE7
:10251000F0EE4F7AA5EEAD7AD7ED0F5AE6EE2D7AB2
:1025200097ED106A36EECEEA37EE657A8DED20EA49
:1025300077EEC67A8DED217ACDED227AEEF754FB57
:10254000B8EE007AD7ED0D4AB1EE005AD7ED0C7A0D
:1025500097ED0A6A40F2145364EE874AD7ED0B6A8E
:1025600077EEA75A03FB04F3002164EEAD4A05930E
:1025700065EEAD5A4FF07E53CDED4D4ACDED5E4A3E
:1025800067EE874A67EE857ACDED4C5A26EE855A7E
:10259000509366EE876A619326EE077A729336EE61
:1025A000066A66EEAD6A64EEAD4A26EE2D6A67EE07
:1025B000AD7ACDED4F6A25EE2D5ACDED5C6A8DEDED
:1025C0004E6A27EE2D7A1FED5C6ACDED5F4AB0EEC4
:1025D000464A8DED5D7A8DED6D5ACDED6E7A08230C
:1025E0000722F0EE654A0DF1900EB0EE6E5A062508
:1025F0004FEA011CCDE924230923269301F10A03A4
:102600002793059BB0EE657A5FED6D7A24A803EB06
:102610000515062303912B44734A834502EB83037C
:10262000D3ED146AE6EE877A09D050F8043B46A948
:102630000CEB030201EB820292ED007AEBE7DE4540
:10264000A4EEA75A039900F0C0805EF8045B46AA86
:102650000CEB050302EB8303D3ED004AD1E7AAF6A6
:102660004C031B78002B3FF44CAB039BAAF62402CF
:10267000AAF50268AAF61C0593ED007A114693EDBF
:10268000014AAAF5036493ED026A46A8D3ED03EA72
:1026900093ED04FAD3ED05FAAAF60C030692D3EDF6
:1026A000007AAAF608030A947EEEE7EAD3ED007AF0
:1026B000AAF604033FEE67FAD3ED007AAAF61803F0
:1026C0007FEEE7FAD3ED007AAAF6140337EE678AB5
:1026D00093ED000AAAF50163D3ED009AAAF6280348
:1026E00034EE400A1A6876EE699A46920A68AAF6AB
:1026F0002C014792D8F800200591594648922A6843
:102700004992AAF634020992FAF702FFB0EE487A2B
:10271000DBED066AB0EE404A0599B0EE696AD2ED8B
:10272000005AA6EE8E7ADBED076A91ED005A65EE4F
:10273000CF3AA6EE8E4AD4ED007ADBED086AAAF510
:10274000046167EEEF4A5A46A6EE8E6A65EE6E6A3F
:10275000EEEEA73AEFEE054AEFEEA56A36EE636AB3
:1027600037EE647A34EE664A92ED013A31A8D2ED42
:10277000003A0C3267EE837A52ED014AD1ED006ADD
:102780008242E5EEA37AE4EE857AE8EEA76AE1EC10
:10279000016A2DD00998D0ED005A0A98D0ED007A40
:1027A000059890ED005ADFE71DAB03EB81014FF078
:1027B0007E530B609DED1DBAFFF75FBB089B049332
:1027C000FFF759BA0494FFF756BA0131AEEE0E4A3C
:1027D00036EE056A0AF1400A032900F04F83B8EC8F
:1027E00001EADAED065AFAE648810024FFE6DB2E1C
:1027F000099A6FEE2D7A6EEEAD5AD2ED006A2FEE89
:10280000AD5A67EEA84AE8EE876A65EEA85A25EE4B
:10281000285AC2ED006A0A9AD2ED007AE8EE847A6C
:10282000C2ED007A059AD2ED007AE8EE867AC2ED22
:10283000007A069AD3ED003AD2ED007AB0EE636AE0
:1028400098ED004AF0EE676A95ED007A65EE679ABA
:10285000A7EEE56AE3EEA56AE3EEA49A67EEA47A32
:10286000A4EE646AE4EE056AE3EE857A74EE299AD2
:10287000A7EE456AE7EE646AE7EE259AE4EE657A2C
:1028800026EEA60A37EE278AA6EE060AA9EEA90AC0
:10289000A8EE080AB5EE400AF1EE10FA00F1168330
:1028A000F1EEC05A5FED2F7AF4EEE75AF1EE10FA2E
:1028B00000F14D82B7EE005A85EE257A27EE066AC2
:1028C00067EE266A67EE299A67EE087A83ED006A5A
:1028D0004FF4806219930021069B5046C3ED006AB5
:1028E000C8ED009AC5ED007AEEF77EF94FF07E5004
:1028F00052460AF58861199B42F8440B8A420C46FD
:10290000FAD1069A46A923A812682492D8F8002082
:1029100025922A6826921A6823920A46FAF7F8FD49
:102920000AF10C01D2ED006A4FA892ED017A0C3247
:1029300052ED017A66EEA86A27EE287A824267EEA7
:10294000A87A01F1400141ED106A01ED0F7A41EDE5
:102950000E7AE7D1099AF8EE002AD5ED005A002147
:10296000D2ED007AAAF500650A9AD3ED006A92EDDD
:10297000004A059B64EE253A98ED007A93ED005AE3
:102980000AF58068069A27EE873AF0EE634A4046D9
:1029900092ED006AE6EEE73AF0EE431A4FF48062F9
:1029A000D5EE074A36EE061A94EE063AE4EE411AE0
:1029B00069EE244ACAED064A66EE454AE7EEA54AA4
:1029C00069EE244ACAED164A75EEA54A64EE644AD9
:1029D000E7EEA64AE5EE074A69EE244ACAED194A2F
:1029E00067EE224A65EEA22A64EEA74AE4EE064AA2
:1029F000E5EE264A69EE244ACAED084A64EE264A04
:102A0000B0EE642AE7EEA54A97EEA22A67EE862A80
:102A1000E5EE414AF0EE427AB0EE612AE5EE077A41
:102A2000A5EE662A69EE244ACAED274A69EE034AF2
:102A300069EE277A25EE253ACAED264A69EE024A62
:102A4000CAED097A77EE077AB0EE432ACAED174A43
:102A5000F0EE634AF0EE623AA4EE072AE5EE674A2A
:102A60009AED675A68EEAD7AE4EE073AAEEEE75AB1
:102A700029EE024A69EE244A67EEE66A25EEA72AA5
:102A8000CAED284A8AED675A9AED685AAFEE675A3E
:102A90008AED685A9AED695AAFEEE75A8AED695A9B
:102AA0009AED765AAEEEA75A8AED765A9AED785A92
:102AB000AFEEA75A8AED785A9AED795AAFEE675A77
:102AC0008AED795A33EE225ADAED864A66EE272AE3
:102AD00027EEC66A8AED074AEFEE274A9AED873A53
:102AE00025EE095ACAED6D2A29EE234A8AED9E6A1F
:102AF000DAED893AAFEEE73A8AED185A9AED985A2C
:102B0000EEEEA73A8AED294AB0EE456A9AED964A6A
:102B1000CAED864A27EE275ADAED974AAFEEA74A62
:102B2000AEEEE76A8AED873AEFEE274ACAED893AB8
:102B300027EEC77A8AED6E5A67EEE57A8AED6F2A3C
:102B4000CAED7D6A8AED7F7A9DED177A8AED964A05
:102B5000CAED974A8AED986A8AED3A7A8AED4B7AFD
:102B60008AED5C7A8AED7E2ACAED8D7ACAED8E6A8C
:102B7000CAED8F2A8AED9D5ACAED9F6AEEF734F8A6
:102B80000AF50063C446D646CDE9053898462B467B
:102B90007146F1EC017AF5EE407AF1EE10FA60D16F
:102BA0004033BB42F5D10CF1400C0EF1400E4034E5
:102BB000C445ECD1DDF818800AF1400105980AF50A
:102BC0000464A1F14003024653F804CB994242F851
:102BD00040CBF9D104304031A042F2D1AAF5F864DB
:102BE0004FF4806200212846EDF7FEFFA446DDF891
:102BF00014E073464146F1EC017AF5EE407AF1EECD
:102C000010FA1FD14033B342F5D1403508F14008E6
:102C10000CF1400CBD42ECD13946AAF57070A4F11C
:102C200040030A46D3ED007AB2EC017A77EE877A58
:102C3000E3EC017AA342F5D1403440318442EED135
:102C4000FFF75FB818462A4692ED007AF0EC016A69
:102C5000A6EEA77AA2EC017A9445D3D051ED017A81
:102C6000F2E71846624692ED007AF0EC016AA6EEB1
:102C7000A77AA2EC017A944292D051ED017AF2E760
:102C8000D9F8F03C46A9994A584605FB03239A6AAD
:102C90001033CBF80020DA69CBF804201A6A5B6A9B
:102CA000CBF80820CBF80C30FAF732FC9DED0F6A18
:102CB000DDED4B7ADDED496A9DED4A7A66EE277AC5
:102CC000DDED0D4A66EE266A26EE077A9DED486A2E
:102CD0009DED465AE4EE867ADDED475AE4EE856ACC
:102CE0009DED103AA4EEA57ADDED4E4ADFED805A57
:102CF000804BDDED4C3AE4EE837A93ED005A9FED84
:102D00007E6AE3EE836A9DED4D4AA4EE037A67EE98
:102D1000A57A66EEA56AE5EE067A27EE257AC3ED7A
:102D2000007A09F6F843F0EE667AD3ED005AE5EE44
:102D3000867AC3ED007A09F6FC43F0EE477AD3EDCC
:102D4000006AE6EE867AC3ED007AFFF79CB9B7EE2B
:102D5000006AF0EE4D7AF0EE4D9AF0EE4D6AB5E570
:102D60008DED039AB0EE689A9FED64EADFED64DAC8
:102D70005E4C644D2379002B67D094ED0B6AB0EE66
:102D80006C8AD4ED0A5AF0EE4C9A66EE2B7AD4EDAA
:102D90000C8AD4ED0DFAF0EE6BEAB0EE4BFAEBEEE6
:102DA000257AE8EE8C7AEFEEAC7AF5EEC07AF1EEA9
:102DB00010FA07D5B1EE4BFAF1EE6BEAF1EE4C9A50
:102DC000B1EE6C8A4FF48072002146A88DED066A40
:102DD000CDED055AEDF708FF9DED066A79EEE86A3C
:102DE000DDED055A38EE6F7A3EEEC66AD4ED024A42
:102DF0007FEE655A4FF07E56CDF800B0204666EE65
:102E0000067A23AB46AA0421CBED005AE5EEA57A5B
:102E10008BED016ACBED026A8BED037A4C965D96E1
:102E20006E96E6EEA67A7F962395249525952695AF
:102E3000E7EE077A67EE8E7AE4EEAD7AC4ED027AB9
:102E4000FAF7CEFC204603F083FF04F5A2542E4B84
:102E50001034A3428ED1F0EE498A9DED039AFEF71D
:102E6000B8BF2A48FEF7A4FB089C294A274882F8E5
:102E70002D40FEF70DFC0794FEF7FDBEB4EEC86AC8
:102E8000F1EE10FA3EF594AFF3EE097A26EE276ADA
:102E9000B4EEC64AF1EE10FA3EF78AAF20AB3846E0
:102EA00046AACDED23EA009323ABCDED24EACDED88
:102EB00025EAFAF795FC384603F04AFFFEF778BF9B
:102EC000EDF700FBF0EE407AFFF7E0BA1B93CDED93
:102ED0001A6A8DED196AEDF7F5FA1B9BF0EE405A70
:102EE000DDED1A6A9DED196ADCE400BF488100241B
:102EF0009A99993E48BE00243333333FD0CCCC3D21
:102F00006666663F6F12833A38BE0024B809002413
:102F1000C8090024000000000000000000000000BC
:102F20002DE98048844F9FB0006830238349FA68B8
:102F30000290D16183F311884FF080420023526ADE
:102F4000019283F311887E4C0DF140099FED7D9A2B
:102F50009FED7D8A04F108087C4DDFF808B25846E1
:102F6000FEF726FB7A4B5846D3ED048A794B1E7840
:102F7000FEF78EFB0023CDE90633CDE90833CDE91A
:102F80000A33002E00F0D380F5EEC08AF1EE10FA7D
:102F9000C0F2CD800123704A1370F0EE497A0DF132
:102FA0001C0A01266D4B186800280EDD00235FFA0D
:102FB00086FC01E0984208D003EB43020133A95C90
:102FC0006145F7D12A44517829B1062E55D0FAEC43
:102FD000017A0136E6E7B1EE087A6FF05E03482227
:102FE0000CA867EE877ACDE9041167EE887A8DF830
:102FF0001030FDEEE77A17EE903A1BB28DF81430E0
:10300000C3F307238DF81530EDF7EEFDBDF8322040
:1030100006F5A0719DF8363061F38C020DF11101B7
:10302000ADF83220082262F30303A1228DF8363076
:103030000EAB01E011F8012B03F8012B4B45F9D140
:10304000302383F31188237832210420052B05D007
:10305000E26AD2F8C43013F4001337D0FB68E26898
:10306000C3E900821360E360FCF7E2FF0028EAD0C6
:10307000002383F31188062EA9D15846FEF798FA4B
:103080000DF1180EDFF8E0C0DDE901329E18BEE850
:103090000F00ACE80F009EE803008CE803005846E0
:1030A000FEF7F6FA302383F311884FF08043029A3B
:1030B000596A019BCB1A9A4203D9711A0820FCF76E
:1030C000B7FF002383F31188019648E7D2F8C410B4
:1030D0002348C1F3044E9DF8361003930EEBCE0C3B
:1030E00001F00F010C9B4FEACC0C405C216B0CF5FE
:1030F000745C41F80C308C440D9B0CF1080C4CF8BE
:10310000043C58B1039B23F0030104337831984207
:10311000694451F8401C4CF8041BF4D8012303FA0D
:103120000EF3C2F8D030002383F31188A3E7002305
:10313000094A137031E700BFA8C800245C9803084F
:10314000D80A0024000000000000C842308100249A
:10315000B0D400244CD40024686D0024A06700245F
:10316000289E0308600A0024E0D400240000000028
:10317000614A30236149D2682DE9F04FD0F800B0A0
:103180002DED028BD16183B083F311884FF0804223
:103190000023D2F8248083F31188594C594DDFED78
:1031A0005A8A04F13C099FED598A594F4FF0000AA1
:1031B0002868002301220DF10701066A2846B0475E
:1031C00001281ED123789BB1012BF1D1A27E9DF85D
:1031D0000710531C2244DBB25170192BA376E7D1A0
:1031E000617E002968D084F800A084F81AA0DFE787
:1031F0009DF807300F2BDBD140F60173A0762380BA
:10320000D6E7444808EB0B06FEF7D2F9238CA18BD6
:10321000A3F57873E28BAC393E4806EE103A638C26
:1032200007EE901AA2F57872A3F57873B8EEC66A25
:10323000F8EEE77A06EE902A07EE103AE38CC6EE37
:10324000085AA3F57872A38CB3F5787F87EEA85A55
:1032500007EE902A94BF002301232F4A1370F8EE43
:10326000E66AB8EEC77AF8EEE77A86EE886AC7EEC5
:10327000086A87ED005A87EE887AF1EE657A87ED65
:10328000016AC7ED027AC7ED036A87ED047AFEF79B
:10329000FFF9302383F311884FF08043596AA1EB83
:1032A0000808C34503D9711A0820FCF7C1FE0023A2
:1032B00083F31188B04679E7184804EBE1063379C7
:1032C00096F803C01B04B27843EA0C231A4301F0BA
:1032D00007030B3122FA03F3C3F30A0320F8023B7E
:1032E0008145EAD1237EC3F38002C3F3C00384F88F
:1032F0003C2084F83D3076E7A8C800246498030891
:10330000F8090024100C002400E0CC4400C04C4418
:10331000B0D40024600A00244CD40024140A0024F1
:10332000F8B50468A04221D007460D46002604E007
:103330000B291CD02468A74218D0E3682B43E36014
:1033400015B123691D42F5D0D4E90102836B90F8D1
:1033500024101A430A298263EAD1816A0A42E9D019
:103360008662FAF7ADFE2468A742E6D1F8BD816A0D
:1033700031EA0203DED1F3E70000000000000000A4
:1033800001F10B032DE9F04150F823502DB30E4607
:103390000446302383F3118804EB86080821281D96
:1033A000FFF7BEFFD8F80C104A691368BBB9D5E91E
:1033B0001503984244D00120314653F8045BB040D5
:1033C000268930432081204693600023C2E90053C0
:1033D000FCF7C6F8002383F31188BDE8F0812B6D5C
:1033E000286E0133EF6D2B65AB6D034405F144008E
:1033F000BB42AB6501D3AB6EAB656F6CB842D6D048
:103400003B68224A6B6458600023BB62B2F8883084
:1034100013F001032DD00023B96887F82430BB696D
:103420001B689A688A42FBD25A68D8F80C103B6035
:103430007A6017605F604A69D5E915039842BAD18E
:10344000286D0028B7D010680028C3D00B8A013B34
:103450000340BFD1012025893146B040284304F103
:103460008005208120461360C2E90135FCF778F819
:10347000B0E7D2F88C1097F82420CB60D3008F608F
:1034800043F001030B7004F0CBF9C4E7A8C8002493
:10349000133138B550F8214094B1302383F31188AB
:1034A000D4F88C241368527903EB8203DB689B69A0
:1034B0005D6835B9204605F0FBFD002383F31188D4
:1034C00038BD04216018FFF72BFFE369606A04F13F
:1034D0000C011D60A2690132A261A26A13448342F9
:1034E000E36101D3236BE361E0688142E2D00368CA
:1034F0000022E36059608262FAF7E2FDDAE700BF7A
:1035000038B5C36A04461D6DE9071D653AD4EA065D
:1035100022D415F0880F13D1AB0500D438BD302369
:1035200083F31188002104F10800FEF709F8012156
:1035300004F11C00FFF7F4FE002383F3118838BD6B
:10354000302383F31188102104F12000FFF7E8FEF7
:10355000002383F31188DFE7E26A3021536D23F003
:103560001003536581F31188002104F11000FDF769
:10357000E7FF022104F11800FFF7D2FE002383F3D6
:103580001188C6E75A6D302122F001025A6581F395
:10359000118800211030FDF7D3FF012104F118003C
:1035A000FFF7BEFE002383F31188B0E700000000A0
:1035B00038B51C4DB5F8883013F0040412D01A4801
:1035C000FFF79EFFB5F8883013F0040418D03023BD
:1035D00083F31188154B5B6813F400631ED183F3EA
:1035E000118838BD302383F311880321D5F88C303E
:1035F0000F4A19709A6004F013F984F31188DEE71A
:10360000302383F311880421D5F88C30084A1970CF
:103610009A6004F005F984F31188D8E7BDE83840D2
:10362000FAF75EB8A8C80024D80A002400ED00E02C
:10363000A89C03080000000000000000000000003B
:1036400038B51C4DB5F8883013F0040412D01A4870
:10365000FFF756FFB5F8883013F0040418D0302374
:1036600083F31188154B5B6813F400631ED183F359
:10367000118838BD302383F311880321D5F88C30AD
:103680000F4A19709A6004F0CBF884F31188DEE7D2
:10369000302383F311880421D5F88C30084A19703F
:1036A0009A6004F0BDF884F31188D8E7BDE838408B
:1036B000FAF716B8A8C800240C0B002400ED00E0AF
:1036C000909C0308000000000000000000000000C3
:1036D0002DE9F04FD0F854B081B00446DBF800A0DB
:1036E000DBF81C502B07CBF8205040F0B180E905E7
:1036F00000F1A280AA0646D504F10C074FF030086D
:1037000004F1040900261EE0D4E9083293422CD0CB
:103710006269591C0132216262611D70D4E907326D
:103720009A4201D3A3692362E068B84205D00368D6
:10373000E3605F608662FAF7C3FC86F31188DBF80A
:103740001C50AB061FD588F31188DBF8242094F8B1
:103750005C5063691540002BD6D104214846FFF721
:10376000DFFDD4E908329342D2D16269002ACFD07A
:103770004FF400614846FFF7D3FD86F31188DBF86C
:103780001C50AB06DFD41AF0800F38D0280636D58F
:1037900004F130064FF0300800271CE0A16B581CE4
:1037A000226C0131A0649042A1631D7801D3E36BC8
:1037B000A364236BB342184605D01A68226356608F
:1037C0009F62FAF77DFCCBF8285087F31188DBF86D
:1037D0001C502B0613D588F31188D4E911239A4283
:1037E000DCD1A26B002AD9D00821201DFFF798FD5B
:1037F0002AF08003CBF80030002383F311881AF0FD
:10380000400F01D069060CD4EA0607D5226E136971
:1038100023B1506901B0BDE8F04F184701B0BDE8D1
:10382000F08F302383F31188D4E911239A422BD0EF
:10383000002383F31188E7E7302383F311884FF4E3
:103840008061201DFFF76CFD002383F3118851E791
:1038500015F008014FF0300318BF4FF48071EF07E7
:1038600048BF41F02001AE0748BF41F04001680762
:1038700048BF41F0800183F31188201DFFF750FD00
:10388000002383F3118832E7A36B002BD0D01021E3
:10389000201DFFF745FD2AF04003CBF80030C7E7B5
:1038A00038B51C4DB5F8883013F0040412D01A480E
:1038B000FFF70EFFB5F8883013F0040418D030235A
:1038C00083F31188154B5B6813F400631ED183F3F7
:1038D000118838BD302383F311880321D5F88C304B
:1038E0000F4A19709A6003F09BFF84F31188DEE79A
:1038F000302383F311880421D5F88C30084A1970DD
:103900009A6003F08DFF84F31188D8E7BDE8384052
:10391000F9F7E6BEA8C80024480B002400ED00E03B
:10392000609C030800000000000000000000000090
:1039300038B51C4DB5F8883013F0040412D01A487D
:10394000FFF7C6FEB5F8883013F0040418D0302312
:1039500083F31188154B5B6813F400631ED183F366
:10396000118838BD302383F311880321D5F88C30BA
:103970000F4A19709A6003F053FF84F31188DEE751
:10398000302383F311880421D5F88C30084A19704C
:103990009A6003F045FF84F31188D8E7BDE838400A
:1039A000F9F79EBEA8C80024AC0B002400ED00E08F
:1039B000489C030800000000000000000000000018
:1039C00038B51C4DB5F8883013F0040412D01A48ED
:1039D000FFF77EFEB5F8883013F0040418D03023CA
:1039E00083F31188154B5B6813F400631ED183F3D6
:1039F000118838BD302383F311880321D5F88C302A
:103A00000F4A19709A6003F00BFF84F31188DEE708
:103A1000302383F311880421D5F88C30084A1970BB
:103A20009A6003F0FDFE84F31188D8E7BDE83840C2
:103A3000F9F756BEA8C80024100C002400ED00E0E1
:103A4000DC9B0308000000000000000000000000F4
:103A5000EFF30983054968334A6B22F001024A6398
:103A600083F30988002383F31188704700EF00E097
:103A700028B10C2903D001F0FB010B2900D17047BC
:103A800008B5C268302383F3118893680133002B93
:103A9000936003DD002383F3118808BD1068036879
:103AA00013605A6003F06CFFF4E700BF00000000F1
:103AB00070B5C37804463BB92378032B0BD06078EC
:103AC000003818BF012070BDF9F7EAFC0028FAD1D0
:103AD0002378032BF3D12579012DF0D104F134069D
:103AE0004FF4007200213046EDF77EF85523314641
:103AF000722684F832322B466569612084F8186298
:103B0000522284F819622E0A84F8360084F81B02C7
:103B100084F81C52206984F81D622E0C2D0E84F846
:103B2000342084F83520412284F81F52050A84F895
:103B3000372084F81A2284F82002226A84F821525D
:103B4000050C000E013284F81E6284F82302AA20BC
:103B5000226384F8330284F822526078F9F778FC03
:103B600000232371ABE700BF00000000000000004D
:103B70002DE9F047056904462035B5F5001F04D34B
:103B800000230420A361BDE8F0878369002B4FD098
:103B9000C5F308080668B8F1000F37D10F460133A6
:103BA00041698361002938D07389013B13EA5529A3
:103BB0002CD1304603F0CCFF0128824634D9B0F135
:103BC000FF3F2FD0B369834212D8002FD8D061694C
:103BD000206805F09DF8824640B3012824D0B0F15A
:103BE000FF3F1FD001463046F9F7A2FDD0B9B369B7
:103BF000023BC4F814A0AAF1020A9A4504D2B6F80E
:103C00000A90F36A0AFB0939C4F818903436002088
:103C100025614644E661BDE8F0873389B3EB551F63
:103C2000F4D8ADE70120AEE70220ACE70720AAE711
:103C30000420A8E7000000000000000000000000D1
:103C40000146006860B1024612F8013B202B0AD9F8
:103C50003A2BF9D1831C9A4202D10378302B06D03B
:103C60004FF0FF3070473A2BF4D00020704700200F
:103C70000A60704700000000000000000000000023
:103C800070B50E4640B1036804462BB11A781AB1DC
:103C90008188DA88914204D00925002030602846C6
:103CA00070BDD868FCF79CFED0B123685D784DB933
:103CB00012480379052B15D003689B689847236841
:103CC000002BE9D0DA68302383F31188936801333D
:103CD000002B93600BDD002080F311880925DDE7C0
:103CE0000F25DBE703689B6898472068D6E71068D4
:103CF000036813605A6003F043FEECE7740C002481
:103D000070B582B00E46054601A9FFF7B9FF04461B
:103D1000B0B9284603F014FB10F0FB0304460FD1A2
:103D20007372AB691BB13146E86905F071F8002187
:103D30002846FFF71DFF0428044614BF044600244C
:103D400001982146FFF794FE204602B070BD00BFE7
:103D50002DE9F047C37806460C46F3B97778AFB93A
:103D6000DFF8488098F80450052D0FD106F1340A89
:103D7000D8F80000012352462146D0F8149040465E
:103D8000C8476B1E28B113F0FF05F1D101274FF092
:103D9000FF3438463463BDE8F087F9F781FB074606
:103DA0000028DBD03846BDE8F08700BF740C002443
:103DB00070B50446056803F02BFF064648B1042E93
:103DC00008BF0726304670BD01212046FFF7D0FE10
:103DD00040BBA16928462B6B994202D0FFF7B8FF80
:103DE00000BBE0690378E52B01D0002BECD1A16981
:103DF0002B6B994204D02846FFF7AAFFA0B9E069CF
:103E000020220021ECF7F0FE04F12003E2690124F6
:103E100003CB10603046516019889B7811819372F2
:103E2000EC7070BD0646CAE70646304670BD00BF5E
:103E30002DE9F04F0B7883B002680F465C2B0546E6
:103E4000019201D02F2B05D117F8013F2F2BFBD06A
:103E50005C2BF9D00023AB603B781F2B40F2BE8077
:103E600005F12006B8464FF0203373603360C6F882
:103E7000073098F80040202C40F28580C346002788
:103E80004FF008094FF0010A2F2C00F081805C2CC4
:103E90007ED02E2C57D04F4555D2210603D504F0A5
:103EA0007F04584B1C5D21465748EDF76FF90028F9
:103EB00069D1A4F16103192B01D8203CE4B2F45577
:103EC00001371BF8014F0AF1010A202CDCD895F8C4
:103ED0002030D044E52B7AD00423284685F82B30B7
:103EE0002F6803F095FE044698B182E093F80BA08A
:103EF0000AF03F04AC71DC7A14F0080402D1ECF74C
:103F0000A7FD48B300212846FFF732FE04460028EB
:103F10006FD1A96938463B6B994204D0FFF718FF6F
:103F20000446002865D1EB690B2231461C781846FF
:103F3000002CDBD195F82B305A0760D4052420469D
:103F400003B0BDE8F08FB9F10B0F1CD02E2C1AD1A5
:103F500008274FF00B09B4E795F82B305B0713D413
:103F60001AF0100FEAD001992A6901F13403097897
:103F7000C2F30802032913445A8B02D19B8A42EAF6
:103F80000342AA606FE70624204603B0BDE8F08F25
:103F900018F80A3008EB0A022F2B01D05C2B26D12F
:103FA0000AF101034344984613F8012B2F2AFAD053
:103FB0005C2AF8D0002FE6D095F82030E52B06D00B
:103FC00098F80030212B34BF0423002385E7052314
:103FD000202C85F820307FF67FAFF1E7802328463C
:103FE00085F82B3003B0BDE8F04F03F011BE9046CA
:103FF000E0E7042C9ED0204603B0BDE8F08F0424F7
:10400000C2E700BFB49903086C98030800000000E1
:1040100038B54FF0FF33002204469942C270036363
:1040200003D0FFF795FE002857D194F83420B4F858
:10403000325202F11803DBB2012B01D9EB2A13D162
:104040004AF655239D4216D0B4F83F3094F84110FB
:104050005A1E1A4206D129B1B3F5007F02D14B1E78
:104060000B423CD0032038BD4AF65520854214BF90
:104070000320022038BD08221B4904F18600ECF71A
:10408000E7FC0028EFD0B4F83F305A1E1A4222D184
:1040900094F84120FAB1B3F5007F1CD1531E1342AE
:1040A00019D1B4F84230B3B194F84430013B012B3C
:1040B000DAD8B4F84530002BD6D0B4F847307F2B8F
:1040C00003D8636DB3F5803FCED3B4F84A30002BEC
:1040D000CAD0002038BD022038BD042038BDB4F855
:1040E0004230002BE0D1BDE77C98030800000000BF
:1040F00000232DE9F0410B6084B00E461746FFF710
:104100009FFD051EC0F2D8809E4B53F82540002C21
:1041100000F0CD80E068FCF763FC002800F0D1805F
:10412000346007F0FE07237883B90023EEB22370D2
:104130006670BEB994480379052B18D0036803262E
:104140009B689847304604B0BDE8F0816678002E41
:10415000EBD18D480379052B03689B6800F0B8808C
:104160009847E2E70326304604B0BDE8F0810368D3
:104170009B68984790B900212046FFF749FF022825
:1041800010D0042808D0012827D90D26304604B0C5
:10419000BDE8F0810428F8D10126E4E7002FEAD039
:1041A0000A26E0E7D4F80A326D46D4F8FA1104AFD3
:1041B000D4F81A22CDE90013D4F82A32CDE902232B
:1041C00001E0AF42E6D055F8041B03200029F8D0E7
:1041D0002046FFF71DFF0128F3D8B4F83F30B3F5B0
:1041E000007FD2D1B4F84A30002B6FD094F844202D
:1041F000D4F830E0501EE361A2700128C5D894F8CD
:10420000410085B26581002DBFD0411E0142BCD165
:10421000B4F8457039072781B7D1B4F8475005B9CC
:10422000656DB4F842100029AFD003FB02F201EB38
:10423000171C94446545A8D3A5EB0C058542B5FB36
:10424000F0F8A2D3514880459FD84FF6F5708045CD
:1042500049D840F6F57071440EEB0C05C4F820E027
:10426000804508F10200E562A06161625FD8002F1D
:104270008BD00A4400EB4001A26200F0010202EB85
:104280005102012102F2FF12B3EB522FFFF47DAF76
:104290004FF0FF328020CBB22071C4E904223C4AA7
:1042A0002370138801339BB21380E3805BE70C26F5
:1042B000304604B0BDE8F0810B26304604B0BDE8BE
:1042C000F0810F26304604B0BDE8F081A36D8DE784
:1042D000984700283FF447AF002F18BF0A26304602
:1042E00004B0BDE8F081714408F10202C4F820E096
:1042F00061620EEB0C01A261E162B4F85E10394319
:104300007FF443AF9200216E02F2FF12A162B3EB81
:10431000522FFFF43AAF4FF0FF338022C4E9043349
:10432000B4F864302271012B09D00323B7E7002FC2
:104330003FF42BAF11444200A1620221A2E70EF12B
:1043400001012046FFF704FD0028EED14AF655236F
:10435000B4F8322220719A42E7D1626B0D4B9A4237
:10436000E3D103F1FF53D4F8182203F500532033AF
:104370009A42DAD1D4F81C120323D4F82022C4E9DB
:1043800004218CE7400B0024740C0024F5FFFF0F80
:10439000440B002452526141000000000000000064
:1043A00030B58FB00D460022019003A901A8FFF798
:1043B0009FFE58B10446039B2BB10C2C03D004F094
:1043C000FB020B2A17D120460FB030BD019903A87C
:1043D000FFF72EFD04460028EDD19DF93730002B64
:1043E00018DB099B68721BB129460A9804F010FD7E
:1043F000039B002BE7D0DA68302383F3118893689E
:104400000133002B936007DD002383F311882046DE
:104410000FB030BD0624EBE71068036813605A60E4
:1044200003F0AEFAF0E700BF00000000000000005B
:104430002DE9F0418EB006461746019101A802A968
:10444000FFF756FE029B044650B100221D46326023
:1044500028462146FFF70CFB20460EB0BDE8F08150
:10446000019903A80393FFF7E3FC70B99DF9373076
:10447000002B35DB17F01C0F0FD09DF8123013F016
:10448000110F33D10824029BDFE717F01C0F01D076
:1044900004282ED00446029BD7E79DF81230DA0696
:1044A00021D4B80701D5D90720D4029D2B6B3362E4
:1044B0000A9B736229785A8B03294FD0B26000217E
:1044C000DB6906F128004FF400723560F360EB8879
:1044D0003774B3807174F1617161ECF785FBB7E7F4
:1044E0000624029BB1E70424029BAEE70724029B4B
:1044F000ABE703A8FFF75CFC0028CBD10A9B58224E
:104500002121029D9C73DC7319745A740A9B1976DD
:104510005A769C75DC752A780A9B032AB3F81A80B0
:1045200002D19A8A48EA02482022DA7200220A9BC3
:104530009A76DA762978032901D11A755A750A9B79
:1045400000221A775A779A77DA770123EB70B8F15D
:10455000000F07D12B6B47F04807A8E7998A42EA7A
:104560000142ABE72A6B41460398009203F0D0FB6F
:1045700000288FD1029D009A2B6B9A420CD02846BE
:104580001146FFF7E5FB029B08F1FF321D461A6159
:104590000028DFD0044658E708F1FF322A61DAE745
:1045A0002DE9F04383B0054601A9FFF769FB0446F6
:1045B00070B92B7C13F040040AD01B063FD401983D
:1045C000296A036B99420CD0FFF7C2FB044638B14D
:1045D00021460198FFF74CFA204603B0BDE8F0836E
:1045E00001986B6ADA7A42F02002DA72AA682968C6
:1045F000C2F307249A76DC76097803291AD0EA6890
:10460000110A1A775977110C120E99770021DA776F
:1046100001229975D9759974D97421211976582177
:104620005976C270FFF744FA2B7C044623F040030E
:104630002B74CDE7120C110A1A755975DFE7019B2F
:104640005A78BAB9184E3479052C13D105F12809D6
:10465000D5F81C80306801234A46414687693046B8
:10466000B847631EA0B113F0FF04F3D1019B0BB94F
:104670000124B1E7DA68302383F3118893680133AA
:10468000002B936009DD002383F311880124A3E745
:104690002B7C03F07F032B7491E710680368136091
:1046A0005A6003F06DF9EEE7740C0024000000007E
:1046B0005B4B00245B4ADB685B4EDFF888A15B4DF7
:1046C0002DE98048DFF880B1BBB0DA611990302362
:1046D0008BF80840CBF80C40CBE9004483F31188F9
:1046E000534A1379D662012B0DD1D5F8D43043F457
:1046F0008033C5F8D430D5F8FC3043F48033C5F8A6
:10470000FC30D5F8FC304A494FF0FF324FF0020937
:104710004B6C1C65DC621C605C605C6281F8049020
:104720009A6384F311880846FCF76AFA002840F07F
:10473000A98301213F4803F093F8002840F0F0835B
:104740004A461BA91AA8CDF868A0FFF7D1FC03467A
:104750000746002800F0018419461B980127DFF85E
:10476000EC9042F21078FFF783F902E0474500F041
:1047700012843B4620214A461BA8ECF723FC23A9C0
:104780001BA80137FFF70CFE0028EFD006221BA95B
:104790002948FFF74DFE002840F0D283274C40F215
:1047A00001531F221BA9264804F13C08DFF8A09002
:1047B0002E250926A327ABF80830ECF72FFF55224A
:1047C000002124A8ECF710FA9520EB1C802549461F
:1047D00004228DF88D000DF191008DF890308DF848
:1047E0008F608DF88C708DF88E50ECF717FFA168F4
:1047F0000F220DF19500ECF711FFE1683F220DF15A
:10480000A500ECF70BFF592123A802F051FDA045AC
:1048100020D0267D14342569D4F80490CFE700BF5A
:10482000A8C800248C980308709A03080044025812
:10483000740C00240000043034020430789A030819
:1048400090560124909803088056012498980308F4
:1048500088980308302383F311884FF080420023A7
:10486000526A029283F31188DFF880A3302383F326
:1048700011884FF0804300215A6A81F311884FF468
:104880007A7342F20F70E2FB030142F210720023CE
:10489000F7F768F905464C01CB486A0144EAD5644C
:1048A000521B64EB01049300A4005B1944EA927468
:1048B00041EB0401CC0044EA5374DB000193FCF7A4
:1048C00077FEDAED127AC14BCDED037ADAED007A9C
:1048D0001968CDED097ADAED017A5A68CDED0A7AD8
:1048E000DAED027A9B68CDED0F7ADAED037A049364
:1048F000CDED0C7ADAED047AB54BCDED077ADAED31
:10490000057A0691CDED107ADAED067ADAF8349070
:10491000CDED087ADAED077ADAF83880CDED0E7A47
:10492000DAED087ADAF83C70CDED0B7AD3ED007A47
:10493000DAF84060DAF844500592CDED117AD3ED03
:10494000017AA44ACDED127AD3ED027A1278CDED38
:10495000137AD3ED037AA04BCDED147AD3ED007A20
:104960009948CDED157AD3ED017A0D92CDED167AF9
:10497000D3ED027ACDED177AD3ED037ACDED187A27
:10498000FCF786FE049B0699CDF89E30039B059AA2
:10499000CDF8B630019BCDF89610CDF89A20CDF821
:1049A000A290CDF8A680CDF8AA70CDF8AE60CDF873
:1049B000B250CDE923343223ADF894309BF808305F
:1049C000002B00F05C81A32303211BA88DF86C3021
:1049D00095238DF86D3009238DF86E3002F068FC58
:1049E00018B12E2123A802F063FC099B9BF8082034
:1049F000CDF896300A9BCDF89A300F9BCDF89E30BB
:104A00000C9BCDF8A230079BCDF8A630109BCDF8BB
:104A1000AA30089BCDF8AE300E9BCDF8B2300B9B80
:104A2000CDF8B630019BCDE923343223ADF8943074
:104A3000002A00F02481A32303211BA88DF86C30E9
:104A400095238DF86D300A238DF86E3002F030FC1E
:104A500018B12E2123A802F02BFC0D9B9BF80820F7
:104A60008DF8A630129BCDF89630139BCDF89A3076
:104A7000149BCDF89E30119BCDF8A230019BCDE95F
:104A800023343223ADF89430002A00F0F880A323B9
:104A900003211BA88DF86C3095238DF86D3005230C
:104AA0008DF86E3002F004FC18B11B2123A802F02F
:104AB000FFFB019B9BF80820CDE92334159BCDF823
:104AC0009630169BCDF89A30179BCDF89E30189BE8
:104AD000CDF8A2303223ADF89430002A00F0CF8018
:104AE000A32303211BA88DF86C3095238DF86D301E
:104AF00006238DF86E3002F0DBFB18B11A2123A8D3
:104B000002F0D6FB9BF80830002B00F0B880DBE900
:104B10000045AC4238BF04F50044641B002C00F093
:104B2000AE80B4F5805F28BF4FF480542E19B6F5DF
:104B3000004F00F21381294B22462948C6F30E0686
:104B40005919EBF7B7FF23A92648CBF80460FFF704
:104B500097F8002840F01C81234B93F84502002869
:104B600040F0168193F84432990740F19A811E4B28
:104B7000D3F84832DC4202D3DC4300F0CB80239FE1
:104B8000DFF85C80C3F30800002840F0A0807A8939
:104B9000013A12EA53292BD1002B40F05381124BDA
:104BA000D3F83C02002800F06381012800F058810E
:104BB000421C00F0FE810C4AD2F83C32C2F84C0292
:104BC000B3B9C2F83C0213E0600A002450D40024B8
:104BD000B0D400244CD40024E0D4002480D6002497
:104BE0005C0404303402043000000430F8D40024A3
:104BF000B64B93F94432002BC0F2CF80B34BD3F8BD
:104C00004C12BB690239023B994280F009817A89D2
:104C1000FE6A02FB0166002E00F00281B4F5007FFF
:104C20004E4442D309EB5423650A9A427B7838BF3D
:104C3000A2EB0905002B40F07E81A54B93F8049070
:104C4000B9F1050F40F07781A14B4246314609F199
:104C5000FF3918682B4687699D48B847002800F03F
:104C6000D68019F0FF09EFD10123984A239F82F8DB
:104C70004532002F40F0D88000238BF80830199B74
:104C8000302202981B681C1882F311884FF0804272
:104C9000516A0A1A934203D9611A0820FBF7C8F92E
:104CA000002383F311880294E0E5884AD2F8503259
:104CB0009E4200F0E380D2F84802D2F84032984297
:104CC000C0F01081814BC0F30800C3F85062C0F5FA
:104CD0000075804B4146A542184428BF25462A4608
:104CE000EBF7E8FE794A92F8443263F07F0382F8EA
:104CF00044327649A844D1F84832D1F840222B44B6
:104D00009A42C1F8483238BF1A46641BC1F84022A3
:104D10007FF438AF6D4A92F8443243F0400382F892
:104D20004432239B63B1DB68302282F311889A6896
:104D30000132002A9A6040F3D281002383F3118864
:104D4000DBF80C300133632BCBF80C3097D9624879
:104D5000FFF726FC0023CBF80C3090E75F4BC5F53E
:104D600000465F485919A5F500453246EBF7A2FE0B
:104D700025445B4B59492A469819EBF79BFE23A91A
:104D80005548CBF80450FEF77BFF00283FF4E4AE13
:104D900001462398FEF76CFE6EE77B78002B40F00F
:104DA0001E814B4B1D79052D40F01981474BD3F8DF
:104DB0005062474B3146474A013D186801238769D5
:104DC0004348B847D0B115F0FF05F2D101233F4A5F
:104DD000239F82F84532002F3FF44EAFFB6830220C
:104DE00082F311889A680132002A9A6026DC1868DA
:104DF00002681A60536002F0C3FD1FE0334A239F2C
:104E000092F8443203F07F0382F84432F6E62F4BE7
:104E1000D3F85012891B8D4249D86D02239F68E751
:104E200002232A4A82F84532FA68302383F3118834
:104E300093680133002B936040F3A680002383F333
:104E4000118819E7214BD3F84C12D3F8340203F040
:104E50005FFF00283FF45EAF0128239F7FF4A8AED8
:104E600002231A4A82F84532002F3FF405AFB5E716
:104E70004946D3F8340203F04BFFEAE7134BD3F86B
:104E800048021FE78BF8099002F0DAFB302383F326
:104E900011884CF250310820FBF7CAF884F31188CE
:104EA00015E4239B002B3FF4E7AEDA68BDE74FF42F
:104EB000007208EB41210748EBF7FCFD034A92F82A
:104EC000443203F07F0382F84432A6E70000043046
:104ED000740C00245C0204303402043080D60024B8
:104EE0005C0404307B788BB9984B1D79052D0DD16E
:104EF000964B3146964A1868012347699348B8474C
:104F00006B1E00285DD013F0FF05F1D10123914AFB
:104F100082F84532239B002B3FF4AEAEDB685EE7A0
:104F200003238BF80A0089488BF80930FBF738FD1A
:104F300002F086FBAAE70123864A82F8453273E72E
:104F40000021042308468BF8093002F089FC7F48D1
:104F5000FBF726FD02F074FB98E71B9B23A81A9928
:104F60002393FEF765FF034600B304287FF4F4ABF8
:104F7000DDF86C803946404603F0CAFE074628B388
:104F8000012831D14B4622E01068036813605A6053
:104F900002F0F6FC52E7DFF8C0C11BAFBCE80F001F
:104FA0000FC7DCF800303B80FFF7F0BB0823FFF7AA
:104FB000D3BB0123674A82F84532002F3FF45CAE31
:104FC0000CE7644B239FD3F848027BE6072339465E
:104FD0004046019302F09CFE019BFFF7BDBB0123FD
:104FE0005C4A82F84532F9E6431C08BF0123EED043
:104FF00039461B98F8F79CFB03460028E7D11B9B1A
:105000004FF020325A639A63C3F83B202E2219785E
:1050100083F834201022032983F84A0083F83F20C4
:105020004FF0210283F84B0083F84C204FF05802D8
:1050300083F84D20FAB2019283F84E20C7F307227D
:10504000029283F84F2003F134024FD0D2F804C00B
:105050004FF02E099068D168D3F834E0C3F858C0F7
:10506000C3F854E0D8651966D2F810E0D2F814C03D
:105070009069D169D866C3F864E0C3F868C019675D
:1050800083F85590259A83F86E20C2F3072283F89F
:105090006F20012223A8DA70FEF78AFE034600285B
:1050A00095D12A9B21221A76582298755A76D8755E
:1050B0002A9B019A1B989A76029ADA760278032A3A
:1050C00003D13F0C1F753F0A5F752A9B1022DA72CD
:1050D0000123C370FEF7ECFC0346FFF73DBB1868E5
:1050E00002681A60536002F04BFC26E6390CD3F8D4
:1050F00034C04FF02E0983F84810090A83F849108C
:10510000D2F804E09068D168C3F854C0C3F858E0FE
:10511000D8651966D169D2F810C0D2F814E0906948
:10512000C3F868E0D8661967C3F864C083F855907F
:10513000259A110C83F86E20C2F3072283F86810B9
:10514000090A83F86F2083F86910A2E7740C002421
:105150005C02043000000430AC980308000000003A
:105160002DE9F843037804460D461646022B06D077
:10517000032B52D0012B1BD00220BDE8F883416ADB
:10518000036B01EB1521994203D0FEF7E1FD0028E6
:10519000F3D16D0004F13403C6F30722002005F4B7
:1051A000FF755E55591901234A70E370BDE8F88315
:1051B00001EB5107416A036B01EB5721994203D080
:1051C000FEF7C6FD0028D8D1EB0707F1010804F16E
:1051D0003409C7F3080742D519F8073003F00F0365
:1051E00043EA061309F807300123616AE37001EB13
:1051F0005821236B994204D02046FEF7A9FD0028D0
:10520000BBD1C8F30808C6F30712C844012388F8C5
:1052100000200020E370BDE8F883416A036B01EBD6
:10522000D511994203D0FEF793FD0028A5D1AD001A
:1052300004F1340026F0704205F4FE75435941191B
:1052400003F070431A43130C4255100A8B70120E70
:1052500001234870CA700020E370BDE8F88309F8A4
:1052600007600123616AE37001EB5821236B9942C7
:1052700005D02046FEF76CFD00287FF47EAFC8F312
:105280000808C6F30322C84498F8003023F00F063C
:105290003243BBE7000000000000000000000000F7
:1052A000034616224FF0FF301A60704700000000DE
:1052B0000020704700000000000000000000000017
:1052C00018467047000000000000000000000000C9
:1052D00000207047000000000000000000000000F7
:1052E0003023024610B483F311880D4B18685C68B4
:1052F0000144A1420AD8884208D84FF0000C196036
:105300008CF3118828B15DF8044B7047002383F3B8
:1053100011880C234FF0FF305DF8044B1360704789
:1053200080D3002400000000000000000000000006
:1053300008B51346002158221846EBF755FC4FF4E8
:105340000052034600205A6008BD00BF0000000064
:105350000120704700000000000000000000000075
:10536000014808B5F8F73CF9C098030800000000B0
:10537000014808B5F8F734F9C898030800000000A0
:105380000120704700000000000000000000000045
:10539000374A00214FF0FF30364CD2F88030364D7E
:1053A00063F000432DE98048C2F880308DB0D2F818
:1053B000803003F00043C2F88030D2F88030D2F859
:1053C0008430C2F88400D2F88430C2F88410D2F855
:1053D0008430D36F2343294CD367D36F2340284CA9
:1053E000D367D36FD2F888301D430B46C2F888507C
:1053F000D2F88850C5F30A05C2F88850D2F8885010
:10540000D2F89050C2F89000D2F89050C2F89010A4
:10541000D2F89050D2F89450C2F89400D2F8945038
:10542000C2F89410D2F89450D2F89850C2F898006C
:10543000D2F89850C2F89810D2F89850D2F88C5000
:10544000C2F88C00D2F88C50C2F88C10D2F88C5074
:10545000D2F89C50C2F89C000A48D2F89C50C2F87E
:105460009C10094DD2F89C200A46216010E000BF34
:1054700000440258FFEFFF7F00F8FFFF001000809C
:10548000B0D3002410000240E49C030855F8330018
:1054900004EB830102330260202B4A60F6D14FF007
:1054A000FF31CD4CCD48A160CD4BE1604FF480146D
:1054B0008160C160A0214FF4002083F81313C3F86A
:1054C00080011860902083F814134FF08061C3F8B6
:1054D00080411C60C02483F87A03C3F88C11D96022
:1054E0004FF4003183F831037020C3F88411596000
:1054F000402183F81C034FF08050C3F880011860EE
:10550000802083F82643C3F88411596083F8274329
:10551000B449C3F88401586083F847430624C3F8AC
:1055200088019860B04BC1F89840B048C1F89C30F1
:105530000523C1F8A000C1F894304B6A43F48033CE
:105540004B62C1F88420BFF34F8FD1F8805043F6EF
:10555000E076C5F34E30C5F3C905400100EA060206
:105560002C4642EA8473013CC1F87432631CF8D1C2
:10557000203810F1200FF1D10394BFF34F8FBFF308
:105580006F8F4FF000089A499A4B4FF008099A4ADA
:105590004FF0010AC3F80080D1F8943002F1180CE2
:1055A000C2F80480104643F48073DFF8CCB248445C
:1055B000924CC1F89430D1F89430904F23F480731A
:1055C0008F4D904EC1F89430D1F89430C2F818C085
:1055D00002F11C0C82F800A0C2F81CC002F1200CE1
:1055E0008BF800A0C2F820C002F1240CCBF8048094
:1055F000C2F824C002F1280C834BC2F828C0DFF89F
:105600007CC28249C2F82CC00CF5406CDFF8D0E1B6
:10561000C2F830C00BF1180CCBF818C00BF11C0C01
:10562000CBF81CC00BF1200CC2E90200CBF820C063
:1056300010460BF1240C1030CBF824C00BF1280CD1
:10564000C2E90400CBF828C00BEB0900DFF830C238
:105650006F4ACBF82CC00CF5A04CCBE902000BF143
:105660001000CBF830C0DFF81CC2CBE9040044F8CE
:10567000042B684A7C601C46FA61674AC7F81480AC
:105680003A64664AC7F84CC0DA61614ADFF8F8C18B
:1056900044F8042B5C608024C7F854C04FF0800CA1
:1056A000BC6307F10C0487F808A0C7F82880FF62E4
:1056B0003F6583F808A0C3F814805948C7E903443C
:1056C000584CBC61C7E908443C463034C7E90C4437
:1056D000554CFC63C7E91144544CBC6503F10C0400
:1056E000534FC3E90344534C9C61C3E908442C461F
:1056F000C3F82880DB6244F8042B6C604E4C4F4AA0
:10570000EC614F4C1A642C6480241B659C6303F18C
:105710003004C5F8148085F808A0C5F838C06FF0CB
:105720005F0CC3E90C44A2F1800405F10C02C5E949
:105730000322444ADC63AA61C5E9082205F130026C
:10574000C5E90C22404AEA63C5E911223F4AC3E990
:105750001144DA64354C3E4A9C655A653D4BC5E9B7
:105760000A85C5E91335324BAC6583F804A0C3F84C
:105770003480C3F84080384C86F800A0B462C6F884
:105780001480C1F81480C3E90A8806F10C03C6E945
:105790000333324BF3621A4601F10C03C1E90333C0
:1057A0002F4B6B652F4B3B602F4BC6E90188C6E939
:1057B0000888C1E901888EF823C3CEF88491CEF819
:1057C00004907B64294B81F800A0BB64284BFB63E9
:1057D000284BFB645AE000BF000002400004024076
:1057E00000E100E000ED00E0000004301D000C03CB
:1057F00000440258A4C80024D80A0024480B0024FE
:10580000100C002458110024AC0B00248811002433
:10581000109F030840570124C0580124C057012499
:10582000B8110024C05601244058012400E1F505B8
:10583000740C00244057012440580124405901248D
:10584000C0590124C05701244059012461D30208E2
:105850000048004071D30208160001004600010014
:1058600000140140EC9E03080070005280F0FA0220
:105870005C1C04305C1E04300C0B002400A00040B3
:1058800000A4004051D3020800440040CF4BD04F49
:10589000F36103F58063CF4ECB614FF480138EF834
:1058A00054C38C62CA624022CEF88831CEF80830E8
:1058B00000F830ABC1E908884146EBF795F9C648D6
:1058C000C64B52464FF48071C0F89030C44BC0E9CB
:1058D0000188C0F89430C348F7F7AAFC5246034643
:1058E0004FF48070102158833046F7F7A1FC4FF039
:1058F000100306F54060494633831922F7F798FCF8
:105900000446A0F81890524651463046F7F790FCEE
:10591000A6F5806040F29A222021A6F81AA04FF046
:105920000209F7F785FC40F2A2224021F7F780FC3C
:1059300040F29A228021F7F77BFC00F5C050192233
:105940004946A0F81890F7F773FC0423384619224B
:1059500019463B83F7F76CFC19224946A7F81890C3
:10596000F7F766FCA04B4FF08000802119221883C6
:105970001846F7F75DFC0423204640F29A221946A8
:10598000F7F756FC40F2A2222021F7F751FC40F233
:105990009A224021F7F74CFC4FF400413846192277
:1059A0003983F7F745FC4FF4804119223983F7F723
:1059B0003FFC4FF4005119223983F7F739FC4FF0BF
:1059C00010032046102123831922F7F731FCA4F598
:1059D000806040F29A322021F7F72AFC40F2A2328E
:1059E0004021824CF7F724FC40F29A324FF4807148
:1059F000F7F71EFC40F2A2324FF40071F7F718FCE3
:105A0000A0F5406040F21A524FF40061F7F710FC25
:105A100040F21A524FF48051F7F70AFC00F540604B
:105A2000494640F29A42F7F703FC40F2A24251463F
:105A3000F7F7FEFB38464FF4807140F23A62F7F711
:105A4000F7FB40F23A624FF40071F7F7F1FB40F2D6
:105A50003A624FF48061F7F7EBFB40F23A624FF4A1
:105A60000061F7F7E5FB40F21A624FF48051F7F757
:105A7000DFFB042307F5806040F23A62194644F6E2
:105A80001F67F7F7D5FB5A4A5A48D2F8E83043EA7D
:105A90000A03C2F8E830D2F8103143EA0A03C2F828
:105AA0001031D2F810314FF08043C16BA2F5FE32B5
:105AB00041EA0A01C16303999F625746D9620321F3
:105AC000C3F81880C3F83480C3F80C80C3F804808E
:105AD000C3F814A0C3F800A045F25553464813601C
:105AE0000623536040F6FF7393604CF6CC4313607B
:105AF0004AF6AA23136037830494049B5A1E049227
:105B0000002BFAD1A6F81AA00590059B5A1E059203
:105B1000002BFAD10139EED1384E012300220424A2
:105B200033704FF0FF33099106930023CDE907113D
:105B3000C6E90111CDE90A2306A8F7F729FCF7F712
:105B40002FFC013CF8D12E482E4B00F10C022E4FB9
:105B50002E499C605C61DC62446171600C63C0E949
:105B600003220422DA615A63294A1A629A63069A66
:105B7000B260284A3A60284A7A603027274A026091
:105B800003F110021A6114229A6103F124025A628D
:105B900003F128029A621C221A6303F13C02DA63C1
:105BA00003F140021A6403F14402C3E900335A646A
:105BB0001B4BC0E901448B6387F3118862B6194B14
:105BC0004FF6FF0E4C63CC6117482FE000300140C8
:105BD0000008025800040258B811002400000840D0
:105BE0005C9E030800000258000C025800093D00AA
:105BF000004402580010005C801A060088D300247C
:105C000094D3002438D3002480D30024A8C80024CF
:105C100031D40208A05D012400000824F1D3020859
:105C2000E89D030800ED00E00003FA05D44AC1E94D
:105C30000114D3F80CC00CEA0E0C4CEA0000D8603A
:105C4000D3F8FC0040F08070C3F8FC00CD48C2F8E7
:105C5000B00F106840F0010010602022DA7783F85E
:105C600022704FF080430960586A01F11003C1E9C6
:105C700004334FF0FF3302468B6103F50103C1F893
:105C8000883001F19003C1F88C302346C1E9082324
:105C9000C1F8844001EB0413013493F89020802C68
:105CA0006FF3020283F89020F4D1B74B0127B74875
:105CB0004FF0020803F1240203F1400CC0F8C83190
:105CC000C0F8CC218A6203F144024C64CC67002402
:105CD0000B651433C1F868C0DFF808C3C0F8D011F1
:105CE000C1F858C0CC65A1F8607081F86270CB60D3
:105CF00000F5AA734965C0F8C43100F5F273C0F825
:105D00009841C0F8C071C0F8F87180F8DE71A0F851
:105D1000DC81C0F8D801C1E91B2200F5E472C1E9B9
:105D20001D44CA64CA6200F5F4729949C0F894111E
:105D30009849C0F8B4119849C0E97C44C0F8D4111E
:105D4000C0E97932C0F8EC2100F5DC70F8F7B8F959
:105D500086F8008084F311884FF005098F4E4FF0CC
:105D600001083024378384F311884FF47A610820C6
:105D7000FAF75EF94FF0000A8AF31188778384F30B
:105D800011884FF47A710820FAF752F98AF31188D2
:105D9000B9F10109E3D1824E3220824FD6F8D830D2
:105DA000D7F8902043F00063C6F8D830D6F8003119
:105DB00043F00063C6F80031D6F80031D2F8043859
:105DC00043F00203C2F80438FAF7A2FD764B03F160
:105DD000440003F521721946C3F818905A629A6676
:105DE00083F8088083F8148083F84C801B649B67D9
:105DF000C3E911004FF482709862186603F28C4078
:105E0000C3E91522D86503F17C0268481A6341F89A
:105E1000040B59606649C3E9072203F10C02D963F8
:105E20006449C3E9032202225967C3E90D99C3E912
:105E30001B99DA621A655A6684F311881A725E4AEF
:105E40003B633B657B63C3F88C2489F3118884F33F
:105E500011885A4B2422494607F10C007B60EAF76F
:105E6000C3FE3B78012B00F0428102264D4B0024FB
:105E70001E7084F31188D3F8902043F698204FF0D9
:105E80003008D2F8043823F00203C2F80438FAF7D5
:105E90003FFD88F311884A4B0427DFF84C911846E0
:105EA0001E70C3F8049003F05BF8454B1F7084F339
:105EB000118888F311884348CBF804908BF8006070
:105EC00003F04EF88BF8007084F31188012123460B
:105ED0003D4A084601F074F8234631463A4A01200B
:105EE00001F06EF82346384A0321012001F068F8DA
:105EF0002346354A3946012001F062F83349344BD4
:105F00004A689C600F2AC3E9003313DC531C4B60C2
:105F100002F110032F4903FA07F001EB021201EB23
:105F20000313C2F80C412C4C0C502C482C495860DF
:105F3000C2F808110021012001F04AF900210220D5
:105F400001F046F90021032001F042F9002104206C
:105F500001F03EF90121052001F03AF90121062066
:105F600001F036F9302383F311882B7A012B45D1C8
:105F70000B4BD3F8F02042F02002C3F8F02035E0BC
:105F8000001000E055CEACC5D0C8002438D10024A4
:105F900081D302083D040208D09803080004025887
:105FA00000440258B8110024C80C0024389F03088C
:105FB000D1D5020811F60208889B03084C9A030801
:105FC000D80A00240C0B002411640308D8310024E3
:105FD000B0560124307F00240044040080FFFF00FD
:105FE00011660308FC9D03085C9A0308D3F8182186
:105FF00042F02002C3F81821D3F81831A96D4CF2F1
:1060000050336F4C4FF441500B446A6D4FF0FF31E9
:106010005B09A4FB03436B4CDB092C66D3600123B3
:10602000506041F22D5093600223106011622B7278
:1060300085F85C10002585F31188634C9E22634B24
:106040004FF41C616248009402F01AFF614B9C22DD
:106050004FF41C616048009502F012FF211D5F4B58
:1060600099225F4800914FF4CE5102F009FF04F1EC
:1060700008015C4B94225C4800914FF41C6102F0D3
:10608000FFFE04F10C01594B8A22594800914FF44C
:10609000B86102F0F5FE04F11001564B7B22564820
:1060A00000914FF4B86102F0EBFE544B6C224FF4B8
:1060B0008E51534800954AF6AA2502F0E1FE04F1FC
:1060C0001802504B4FF40751009271224E48302471
:1060D0004E4E02F0D5FE356084F3118842F2107105
:1060E0000820F9F7A5FF002383F31188F3E7D6F81A
:1060F000D8302022E021D7F8904043F00063C6F862
:10610000D830D6F8003143F00063C6F80031D6F835
:106110000031D6F8803043F00063C6F88030D6F8FE
:10612000803023F00063C6F88030D6F88030384BDA
:1061300083F86513C3F88C21DA60364BE360364B85
:10614000C4F80038C023C4F8009E23604FF4041341
:10615000A3632369002BFCDA0123304A23615168D1
:1061600053685B1A0B2BFBD92369DB07FCD42B4A42
:10617000516853685B1A112BFBD92369002BFCDA99
:10618000274B002620461F46D3F89410A66002F045
:10619000B7FE7B68C4F81068DB68C4F81468C4F8FC
:1061A0001C684BB11F4BA3614FF0FF336361A368C1
:1061B00043F00103A36058E61B4BA361F4E700BF63
:1061C000C55A7C0A349A0308909B030801170308F8
:1061D000E05D0024C1DD020860320024111A0308CA
:1061E00058120024212F0308A0BE00247131030897
:1061F000A8670024310A0308182C002421DE0208B5
:10620000706D0024B1460308203C0024004800586B
:1062100000E100E04014004003002002001000E014
:10622000B8110024083C30C0003C30C00000000021
:10623000704700BF000000000000000000000000E8
:10624000104AD2F810315B07FBD140F224730E489C
:106250000C49C2F81401C2F80C31D2F80C3143F0E9
:106260008003C2F80C31D1F8103113F00703FAD1D2
:10627000D1F81001044AC1F80C3110420CBF0120C2
:1062800000207047002000520000EA7E000000005D
:10629000022906D0032906D00129074818BF00208B
:1062A000704706487047032A03D8054800EBC20030
:1062B00070470020704700BFACA40308C8A40308BF
:1062C0008CA4030800000000000000000000000093
:1062D00001207047000000000000000000000000E6
:1062E00000207047000000000000000000000000D7
:1062F0002DE9F843054680F8201080F82120BFF3EF
:106300004F8F3D4B00F12006C3F87062BFF34F8FF3
:10631000BFF36F8F006830240C30FBF749F9D5E9E3
:10632000007384F311887B603846F9F7F1FC02238F
:1063300000223B7082F311882B6884F3118859681E
:106340000123C868896883409BB24B8382F311881C
:10635000296884F311880323CA690B70146814F444
:106360000074FBD14B684FF0FF39CF6AD3F81CC0E3
:106370000B6A47F4806E214F18684B6ABCF1000F1E
:1063800018BF6746D1F828804FF0020C1B68C2F88E
:106390001890C760C0F804C0C0F80080DE60C3F881
:1063A00004C0C3F800E0066846F0010606601868FD
:1063B00040F0010018600320136843F40073136079
:1063C0000F4BDB6841F8083F9962F9F701FE84F34F
:1063D000118830222B6882F311885A680123D2E990
:1063E00002218B409BB2138384F311882868BDE897
:1063F000F8430C30FBF74CB900ED00E0F05C0124F1
:10640000A8C80024000000000000000000000000F8
:1064100010B504464E48FBF7CBF86388C3F38A03F4
:10642000013B032B1CD8DFE803F05F3E2002B4F9E8
:106430000830DFED487A07EE103A474BDFED476A48
:10644000B8EEC77A27EE277A83ED077AB4F90A20E7
:1064500007EE902AF8EEE77A67EEA67AC3ED0A7A9D
:106460003B48BDE81040FBF713B9B4F90830DFED45
:10647000397A07EE103A384BDFED386AB8EEC77A52
:10648000334827EE277A83ED067AB4F90A2007EE1F
:10649000902AF8EEE77ABDE8104067EEA67AC3EDE1
:1064A000097AFBF7F5B8B4F9083040F20112DFEDD4
:1064B000297A07EE103A284BDFED286AB8EEC77A42
:1064C000234827EE277A83ED057AB4F90A109A85D6
:1064D00007EE901AF8EEE77ABDE8104067EEA67A6C
:1064E000C3ED087AFBF7D4B8B4F908300122DFED28
:1064F0001C5A06EE103AB4F90A30154806EE903AE6
:10650000B4F90C30B8EEC66A07EE103AB4F90E30A2
:10651000F8EEE66A07EE903AB8EEC77A26EE256AFC
:106520000D4BF8EEE77A66EEA56A1A7427EE257A27
:1065300083F82D2067EEA57A83ED006AC3ED016A2A
:1065400083ED027AC3ED037ABDE81040FBF7A0B8F3
:10655000B80900246F12833AC80900240AD7233CE3
:1065600017B7D13800000000000000000000000054
:10657000837903F00F03072B00D870472DE9F04112
:10658000B0F90A800C46B0F90C60B0F90E50477AA9
:106590001848FBF70DF807EE908A9FED175A04EBA9
:1065A0008401F8EEE76A07EE906A9FED146A012312
:1065B000B8EEE77A07EE905AC6EE855A06EE907A64
:1065C0000F4C0C4804EB8101F8EEE77A0B7427EED0
:1065D000067AF8EE666A67EE867A81ED017AC1ED99
:1065E000036AC1ED007ABDE8F041C1ED025AFBF744
:1065F0004FB800BF8C0A002400001644D40237397B
:10660000005D012400000000000000000000000008
:10661000837903F00F03072B35D970B590F90F304C
:106620000446002B00DB70BD43898589C3F38422B7
:10663000DE0B1F2A3CD03AB3F607C3F309037032CE
:1066400046EA433343EAC256C5F38421EB0B1F29C4
:1066500030D019B3C5F30902DD07703145EA423580
:1066600045EAC1551448FAF7A3FF2268134B0121EC
:1066700002F07F0210481E605D601A725972BDE818
:106680007040FBF705B87047002E9FED0D7ADFEDE7
:106690000D7A47FE877A17EE906AD5E79FED087A64
:1066A000002BDFED087A47FE877A17EE905AD9E77C
:1066B000054EC9E7044DD5E7B0560124800A0024F1
:1066C00000000080000000000000C07F000000000B
:1066D00038B5302383F31188254BD3F88C24106808
:1066E0000178042902D1197A022903D0002383F307
:1066F000118838BD11790122B0F808C08A4012EA29
:106700000C0F1FFA82FEF1D1D3E915429442EDD16C
:106710001C6D002CEAD0DC6E002CE7D0043CA41ADF
:10672000E4D014601C6D1D6E013C15441C65DC6DCD
:106730005D65A54201D39D6E5D650024AA42DC66BD
:1067400010D052F8044B00EB81034CEA0E0CDB68CE
:10675000A0F808C05B699A600022C3E90042F8F71C
:10676000FFFEC3E71B6D002BEBD02246EBE700BF1B
:10677000C80C002400000000000000000000000021
:106780000EB42DE9F04F2DED028B8EB019AA52F800
:10679000049B4B460092079213F8011B002900F05E
:1067A000C4824FF0000BDFF860A29FED958B0DE0E7
:1067B000DAF800200BF1010B93489946D268904714
:1067C0004B4613F8011B002900F0E1802529EFD189
:1067D00099F801202D2A00F0C48000220192197836
:1067E0002B2900F0BA800020302900F0B28020244C
:1067F0002A294DD1597803F10209009E2E2956F815
:10680000042B5BD0002501F0DF034C2B66D119F877
:10681000011B002900F0BB80A1F14403342B00F2DE
:10682000BE80DFE813F0F300BC00BC00BC00BC007D
:10683000F300BC00BC00BC00BC00BC007701290117
:10684000BC00BC00BC00BC006C02BC00BC00290148
:10685000BC00BC00BC00BC00BC00BC00BC00BC0058
:10686000BC00BC000B02F300BC007901BC00BC0002
:10687000F300BC00BC00BC00BC00BC0077012901D7
:10688000BC00BC001D02BC006C02BC00BC002901A5
:1068900003F1010900297AD0002205E019F8011B53
:1068A00003EB4502002972D0A1F1300302EB82050F
:1068B000DBB2092BF2D92E29009EA3D199F8001042
:1068C000002964D02A2951D199F8011009F102094F
:1068D00056F8045B01F0DF034C2B98D0A1F144077C
:1068E000342F5CD8DFE817F092005B005B005B00A0
:1068F0005B0092005B005B005B005B005B001601CD
:10690000C8005B005B005B005B000B025B005B0090
:10691000C8005B005B005B005B005B005B005B0032
:106920005B005B005B00AA0192005B0018015B004A
:106930005B0092005B005B005B005B005B0016018C
:10694000C8005B005B00BC015B000B025B005B00EE
:10695000C80001330C4619784AE759780120013301
:1069600042E7012209F10203019238E709F1010926
:106970000025A1F1300305EB8507DBB2092B3FF6BB
:1069800042AF19F8011B03EB47050029F1D1584626
:106990000EB0BDEC028BBDE8F04F03B07047013A7A
:1069A000019B00968DF8201022EAE276002B40F041
:1069B0005381002A1D460DF12008C6F1000600F3A0
:1069C0009080002D0DDB6F1C4744DAF800305046F4
:1069D00018F8011BDB689847B845F6D10BF1010B9D
:1069E000AB44002E3FF4ECAE3546DAF800302146D9
:1069F0005046DB689847013DF7D1B344E0E600BF5D
:106A00000000000065CDCD41C80C0024334653F88A
:106A1000041B00290093C0F25781002800F07D81FB
:106A20002B230DF121058DF8203008AB029305F1E1
:106A30000B0EDFF808C37046ACFB01630E46DB08A3
:106A4000092E03EB83071946A6EB470303F1300336
:106A5000DBB200F8013DEFDCAEEB0001294401E0C0
:106A600010F8013F05F8013B8D42F9D1029BED1A68
:106A70009846521B013D29E0102733460DF12B0E9D
:106A800053F8040B7146009300E0294606464D1E5C
:106A9000B0FBF7F007FB106C0CF13003392BC8BFCB
:106AA0000CF13703BE42DBB201F8013CEDD208A87D
:106AB000AEEB0505029001E011F8013B714500F8CD
:106AC000013BF9D1521BDDF80880013D019B22EA10
:106AD000E276002B7FF475AF002AC6F100067FF73F
:106AE00070AF98F800102B2918BF2D2902D1302C37
:106AF00000F0FA803746DAF8003021465046DB686D
:106B000098470137F7D1002DABEB060BFFF658AED7
:106B10003E4658E70827B0E7073626F00703B3ECF0
:106B2000027BB7EEC77B0093B5EEC07AF1EE10FAA8
:106B300000F1B580002800F0F4802B230DF1210E28
:106B40008DF8203008AB0293013DB7EEC76A082DDF
:106B500000F2B480784B794853F8253007EE903A2C
:106B60000393A0FB0330B8EE675BC008BDEEC77AA5
:106B70000EF10B08DFF8C4C1454617EE101AACFB46
:106B800001630E46DB08092E03EB83071946A6EBCB
:106B9000470303F13003DBB205F8013DEFD8A8EB62
:106BA000050671460EEB060701E015F8013F01F8F6
:106BB000013BB942F9D1B8EEC77B013E0D462E2309
:106BC0007644039936EE477B05F80C3B0596B31CDB
:106BD000DFF868C127EE057B0495FDEEC77B17EE55
:106BE000906A092998BF3046ACFB06710746ACFB9A
:106BF00000E0C908092F4FEAD00001EB81088E465A
:106C0000A6EB4801764601F13001C9B205F8011D35
:106C1000EAD80498A0EB050E05980EF1020E704418
:106C2000864601E015F8011F03F8011B7345F9D1F1
:106C300002995B1A8846D21A5D1E47E73146013A2F
:106C4000202451F8043B22EAE2768DF82030019BA3
:106C50000091002B3FF4ADAE00250DF12008B2E607
:106C6000334653F8048B0093B8F1000F35D098F8F1
:106C70000030002D45D0002B45D0013D43D4434684
:106C800001E0E84205D413F8011FA8EB0300002936
:106C9000F7D1A3EB08032024D21A5D1E16E72D239B
:106CA000013DB1EE477A0DF1210E8DF82030082D0F
:106CB00008ABB7EEC76A02937FF64CAF204BB0EE3D
:106CC000485B2048039351E72D2349420DF12105EC
:106CD0008DF8203008AB0293A9E6DFF87080002D14
:106CE000CBD147F6FE75CAE7DAF8003008F10108A3
:106CF00015480BF1010BDB68013D9847FAE60A27BE
:106D0000BBE6002BEDD1019B22EAE2761BB9002AFB
:106D1000C6F100060BDC202463E608AB1D46029397
:106D200085E608AB9E4602930EE78B462FE62024AD
:106D30004FF0FF35DEE600BFB4A50308CDCCCCCCC8
:106D400000CA9A3B00E1F505C80C0024649F0308C3
:106D500000B52DED048B90ED0B9A83B0D0ED0A9A1F
:106D600029EE090AD0ED0C8A90ED0D8AA9EEA90A48
:106D7000A8EEA80AA8EE080AB5EE400AF1EE10FA4D
:106D80002AD4F1EEC07A9FED187AF4EEC77AF1EECC
:106D900010FA18D4F7EE006A86EEA77A69EE879AA1
:106DA00029EE079A68EE878A28EE078AC0ED0A9ACC
:106DB00080ED0B9AC0ED0C8A80ED0D8A03B0BDEC1E
:106DC000048B5DF804FB9FED098AF7EE009AF0EE64
:106DD000488AB0EE489AE9E70190E9F773FB019819
:106DE000F0EE407ACFE700BFFFE6DB2E00000000A8
:106DF0002DE9F04F044661F07F00FF211E4604F1AB
:106E0000200BA1462DED028B84F8200083B008EE04
:106E1000102A04F121001A46E9F7E6FEBFF34F8F6E
:106E2000DFF8CCA0CAF870B2BFF34F8FBFF36F8FFB
:106E300059F8400B4FF030080C30FAF7B9FB2568D1
:106E4000A26888F311886A602846F8F761FF022279
:106E500000272A7087F31188226888F31188526806
:106E60000125D2E9022105FA01F189B2518387F3A4
:106E70001188206888F311885A464FF0030B4B465F
:106E8000711980F800B00190F9F71AF801981749C4
:106E900002465846C96842F8081F8A62F9F798F80E
:106EA00087F31188226888F311885268D168926844
:106EB0008D40ADB2158387F3118854F8410B0C3027
:106EC000FAF7E6FBBFF34F8FCAF85C92BFF34F8F20
:106ED000BFF36F8F3246214618EE100A03B0BDECA7
:106EE000028BBDE8F04FE9F7E5BD00BFA8C800245C
:106EF00000ED00E0000000000000000000000000C5
:106F000030B585B0102314460D466A461421FFF7AC
:106F10006FFF9DF8003003F06003602B42D1BDF994
:106F2000013001209FED214A05EE103ABDF90330F2
:106F3000DFED1F4A05EE903ABDF90530B8EEC55AAF
:106F400006EE103ABDF90730F8EEE55A06EE903A33
:106F5000BDF90930B8EEC66A07EE103ABDF90B303C
:106F6000F8EEE66A07EE903AB8EEC77A25EE045AD4
:106F7000F8EEE77A65EE845A26EE046A85ED005A4B
:106F800066EEA46A27EE247AC5ED015A67EEA47A6C
:106F900085ED026AC4ED006A84ED017AC4ED027ADF
:106FA00005B030BD002005B030BD00BF0AE89C3BF5
:106FB000797D8B3A00000000000000000000000016
:106FC00070B40B4D55F820400F2C0FDC04EB001C67
:106FD000084E013445F8204006EB0C104FEA0C1C1B
:106FE0008260002246F80C10C360426070BC70479B
:106FF000D8310024307F0024000000000000000091
:107000002DE9F04FCE7883B08A46054616F040064B
:10701000DFF8AC9100F09580C0EBC0030F68C200B0
:1070200001219800C7F31C07019209EB830359F86B
:1070300000200A4449F80020BAF80220C2F38A026C
:107040009A601974DAF80020C2F31C02019B6FF0F9
:1070500007040AF1100C581BA4EB0A0409EB80008A
:10706000C2609AF80630C3F3030343740AF10803BD
:10707000E21813F8011B02449C459174F8D1002DCD
:1070800076D14D4B1B78002B7BD0DFF838B1B6F1B1
:10709000000CDFF834E1DBF8004018BF4FF0010CC2
:1070A000002C75DD0123714603E09C4267DD0C3145
:1070B00001330A68581EBA42F7D10A7A6245F4D100
:1070C00000EB4000DFF804810EEB800043680133E1
:1070D0004360D8F80030002B30DD384C4FF0000B07
:1070E00004EB052458460AE016B92368BB420FD0CA
:1070F0000BF1010B58F8253010345B4514DD616845
:107100000029F1D0002EF3D023687B400B42EFD151
:1071100050460BF1010BD4E90231984758F825305D
:10712000012010345B45EADC40B1019B5D1B09EB9B
:107130008509D9F804300133C9F8043003B0BDE83B
:10714000F08FC0EBC0034F88C2009800C7F38A07D6
:1071500009EB8303019259F800103246013149F8D6
:107160000010BAF80210C1F38A0199601E746DE72D
:10717000DFF85880D8F80430002BAEDCDEE72F2C87
:1071800006DDDFF84880D8F80030002BA5DCD5E715
:1071900004EB440001230134DFF830804EF8207006
:1071A0000EEB8000CBF800404360D8F8003080F848
:1071B00008C0002B91DCC1E7705A0124307F002405
:1071C000745A0124EC5C0124AC5A0124D831002407
:1071D000124A1368072B17DC03EB430C10B45C1C3A
:1071E00014600F4A02F80C0062444FF0010C517019
:1071F000614582F802C008D100F54071094A0020BB
:107200005DF8044BFFF7DCBE704700F51071064ACD
:1072100000205DF8044BFFF7D3BE00BFA067002439
:10722000308100243162030871650308000000000A
:107230008022002110B50446E9F7D6FC164B174A08
:107240001968914220D15A68012A1DD19E464FF0FB
:10725000FF32134913489EF800304FF0080C5A4093
:1072600042F30003BCF1010C03EA010383EA52027A
:10727000F6D10EF1010E8645EDD10749D2430B6DD3
:10728000934203D0604610BD002010BD80222046EE
:10729000E9F710FC012010BD00001E0843595242BE
:1072A0002083B8ED50001E08000000000000000020
:1072B0002DE9F8431E4E07460D46D6E900439C4291
:1072C00020D347F6FF721A44131BAB421ED3631937
:1072D000B3F5004F1DD9C4F50049DFF85880394691
:1072E0004A4608EB0400E9F7E5FBA4F5004207EB8A
:1072F0000901404615442A46E9F7DCFB01203560C8
:10730000BDE8F883013B1B1BAB42E0D20020BDE887
:10731000F883084839462A462044E9F7CBFB34680D
:1073200001202C44C4F30E043460BDE8F88300BF90
:107330008056012480D600240000000000000000D8
:1073400038B50423044605681EE02B6B934203D036
:10735000FCF7FEFC034608BBE369002120461A78CF
:10736000DAB1DB7AE52A18BF2E2A03F03F0323F0B7
:10737000200CA37104D00F2B02D0BCF1080F09D14F
:10738000FCF7F6FB034648B9A26928461146002AD5
:10739000DBD11BB90023184638BD04230022184650
:1073A000A26138BD000000000000000000000000E5
:1073B0002DE9F047DFF8048104464FEA401AD8F877
:1073C000906006EB4013D3F80859E907C3F8085951
:1073D00003D5D6F81038DA0709D42B0605D50127CE
:1073E000D6F83438A7403B4219D1BDE8F08708EB06
:1073F0008003D9684B691868DA6890424CD301233E
:107400008F6803FA04F2B8F8083023EA0203A8F8F8
:107410000830002FE1D021464046B847DDE708EBB1
:107420008403DA685669D6E90035AB4242D90134A3
:10743000D8F89090B2F81080E4B209EB0A0E09EB8C
:107440000430A3EB050CDEF81839C4459BB228BF05
:10745000C446BCEB830FC8D8B468BCF1040F2368E2
:1074600003600BD9ACF10501234621F0030104317F
:10747000214453F8042F99420260FAD165443368DD
:107480006444AB427560B460DBD8D9F8343823EA81
:107490000707C9F83478A8E7121A00271A605F6056
:1074A000302383F3118821464046F8F759F887F3D3
:1074B000118892E7D8F89090E7E700BFB811002450
:1074C0002DE9F041244F0446D7F8906006EB4013B5
:1074D000D3F8085B2807C3F8085B03D5D6F814383F
:1074E000190731D4EA072DD5D6F81438DB0729D58A
:1074F00007EB8403D9685CB98A69488A5368B3FB8F
:10750000F0F500FB15331BB91068D36898420DD312
:1075100001227B89CD68A24023EA02037B818DB1E1
:1075200021462B460C48BDE8F04118471B1A546011
:107530003021136081F3118807482146F7F7C8FF0F
:1075400084F31188BDE8F08107EB840321463846B7
:10755000DB685B689847C5E7B811002400000000AD
:1075600070B5324D00234FF0010C2C680CFA03F279
:10757000224204D00133102BF8D1002070BD1443F7
:107580005FFA82FC2C6005EBC305294CA9606146BB
:10759000686004EB03101B0171B12649D1F8D85083
:1075A00045F00105C1F8D850D1F8005145F001056A
:1075B000C1F80051D1F8001112F47F4F0ED01D4ACE
:1075C000D2F8D81041F00201C2F8D810D2F8001158
:1075D00041F00201C2F80011D2F80021E1580A6816
:1075E00022F01F020A600A6812F00102FBD1234454
:1075F000114D9C7B5E6893F80CE03D234FEA541CD0
:1076000003FA0EF3336001230A6004F01F022C44D6
:10761000934021224A61A02284F8002305EB8C02CA
:10762000C2F8803145F82C3070BD00BFB0D30024C3
:10763000E49C03080044025800E100E00000000060
:10764000302310B483F31188124B1A79012A18D011
:107650005A6C002010494FF0FF341065D062106062
:10766000506050629463D1F8D42022F48032C1F883
:10767000D420D1F8FC2022F48032C1F8FC20D1F8CB
:10768000FC2000220121DA62197182F311885DF871
:10769000044B7047740C00240044025800000000A2
:1076A000F8B5302304460F4683F31188404E00F1AD
:1076B00010052378052B40D0E36AD3F8A4205106A7
:1076C00037D0D3F8A420520647D0D3F8A4604FF0A7
:1076D000010C226BC6F3052606EBC601C90001F5B5
:1076E000C0610A441046334950F8084B3C60526868
:1076F0007A60C2F303428D5C4DB1002291080432DE
:1077000050F8044B0231AA4247F82140F6D3BCF1AD
:10771000010F3CD0D3F8B82022F03F021643C3F843
:10772000B860D3F8B420510629D0002080F3118826
:10773000F8BDD3F8B4205206C3D1F36805216269BD
:107740000420C3E9005213606361F8F771FC00285C
:10775000AFD0002383F31188F8BDD3F8B4205506C9
:10776000E3D0D3F8B4604FF0020C226BC6F30526C9
:1077700006EBC601C90001F5C0510A44B2E75A6DD3
:10778000002042F010025A6580F31188D0E7D3F848
:10779000A82022F03F021643C3F8A860D3F8A42023
:1077A0005006C2D15A6D42F001025A65BDE700BFD2
:1077B000A8C80024289E0308000000000000000064
:1077C000164B022A30B403F11004D961826038BF2D
:1077D000022244601C69046060608C1818614FF0DC
:1077E00080404463002404610224C460456AA5EB20
:1077F000010C624503D930BC704729461546013457
:1078000021444163426A511BA142F6D2022CF2D9B3
:107810005A6B42F0010230BC5A637047A8C800247A
:107820000C4A4FF08041D2F88C3002F50960496A69
:1078300010B4094C59601968646864F31F2143F857
:10784000101B83425DF8044B28BF02F19003C2F87D
:107850008C307047A8C80024001000E00000000031
:107860002DE9F04F85B0424B019003A80091CDE97E
:107870000233FCF7E5F9071E74DBDFF8FC9059F8DA
:107880002780B8F1000F46D0D8F80C50302383F38E
:1078900011882B684FF0000BDFF8E0A09D42C5F87F
:1078A00008B029D06FF0010610E0A369A06884F841
:1078B00024B01B689A688242FBD25A68C4E900323D
:1078C00014602A685C609542A66215D06C68BAF8AC
:1078D000882063686B601D60D307E6D494F8243079
:1078E000A06ADB00DAF88C2043F00103C2E9024011
:1078F0001370FFF795FFD8E7DAF80020DAF80C30BC
:1079000092689B689A4201D9F8F732FB002383F30F
:10791000118888F80030019B6BB1F9B2002215483C
:10792000012401EB41011A7000EB8102DA6040F89A
:107930002120C2E9012449F82730009B23B9009E89
:10794000304605B0BDE8F08F01A9002202A8FCF77F
:10795000CFFB064601983146FCF78AF8304605B061
:10796000BDE8F08F0B26304605B0BDE8F08F00BFB4
:107970006C9F0308F45C0124400B0024A8C8002479
:1079800070B5194E00228168F36882629A6891424C
:1079900025D904461846F8F7C3FA01230546F460D2
:1079A00084F82430B6F888309B0705D52946204650
:1079B000BDE87040E8F736BD90F82430816ADB00FE
:1079C000D6F88C2043F00203C2E902411370FFF79E
:1079D00027FF29462046BDE87040E8F723BDBDE8F3
:1079E0007040F6F76DBB00BFA8C80024000000007F
:1079F0002DE9F84FC0E9001200264FF6F2728246D8
:107A000083600673044683462AF8202FBFF34F8F06
:107A1000DFF83891C9F870A2BFF34F8FBFF36F8FB3
:107A20005BF8400B30270C30F9F7C2FDD4E9005366
:107A300087F3118828466B60F8F76AF902212970EC
:107A400086F31188236887F311885A684FF001087C
:107A5000D2E9022308FA03F39BB2538386F3118819
:107A6000256887F3118852464FF0030A28465B4683
:107A700085F800A0F8F724FA334B5046DB6845F848
:107A8000083F9D62F8F7A4FA86F31188236887F30C
:107A900011885A68D2E9022308FA03F39BB21383D0
:107AA00086F3118820680C30F9F7F2FDBFF34F8F91
:107AB000C9F85CB2BFF34F8FBFF36F8F94F84130BA
:107AC000E92B637301D0BDE8F88F0F221021204607
:107AD000FEF70EFC0A20F8F71BFF16221C21204699
:107AE000FEF706FC1B2116222046FEF701FCC820EB
:107AF000F8F70EFF324621212046FEF7F9FB324609
:107B00001D212046FEF7F4FB202180222046FEF7AF
:107B1000EFFB0A20F8F7FCFE324620212046FEF754
:107B2000E7FB062221212046FEF7E2FB87221D21EA
:107B30002046FEF7DDFB072221212046FEF7D8FB79
:107B400084F80C80BFE700BFA8C8002400ED00E067
:107B500001290ED9F8B583690C460546994206D22B
:107B60000378022B3ED0032B2BD0012B03D0012016
:107B7000F8BD0120704701EB5106436A026B03EB2D
:107B80005621914204D0FCF7E3F8A0BB6B6A2A6B44
:107B9000771CC6F3080603EB57212E44914296F852
:107BA000346003D02846FCF7D3F820BBC7F308079E
:107BB000E3073D4495F8340046EA002024D5000947
:107BC000F8BD416A036B01EBD411994202D0FCF776
:107BD000BFF880B9A40004F4FE742544686B20F05B
:107BE0007040F8BD416A036B01EB1421994205D046
:107BF000FCF7AEF810B14FF0FF30F8BD640004F4AC
:107C0000FF742544A88EF8BDC0F30B00F8BD00BF7B
:107C100038B58168002304460568036181B92B7873
:107C2000022B09D82B89F3B1AB6AA3616161D3B18F
:107C300034350020E56138BDAB6A002BF2D019461F
:107C40006A892AB111E001280DD9AB6998420AD29C
:107C50002068FFF77DFF431C0146F4D1012038BDA9
:107C60000023C4E90513022038BDA869A1F1020C64
:107C700002388445F4D2EB6A0CFB0233A361D5E7EA
:107C800030B583B01E4B0546002201A9684600931B
:107C9000FCF72EFA044640B100232B6001982146E0
:107CA000FBF7E6FE204603B030BDDDE900132846B1
:107CB0002B60FCF7BDF80446D8B995F92B30002BA2
:107CC0001BDBAB79DB0616D5019BE96918784A8B7B
:107CD000032802D1898A42EA0142AA60DB88284649
:107CE000AB80FFF795FF0428044604D00028D5D0C8
:107CF000D2E70428D0D10524CEE7019BEEE700BFF0
:107D00009098030800000000000000000000000040
:107D100001292CD98369994270B50C46054613D3C5
:107D200023E0AE69B34220D2FDF71AFAF0B9D5E9E3
:107D30000523991E501C8A4204D22A79686142F0B8
:107D400001022A719C4214D221462846FFF700FF07
:107D500001462346002228460C4651B1012C194603
:107D600003D0661C07D0012BDBD8022070BD022097
:107D70007047002070BD012070BD00BF00000000F2
:107D80002DE9F04F864C874B2DED048B2268ADF525
:107D90005D7D9A4277D0844A2368934257D0834AC4
:107DA000934200F08E80824A934200F04682804BDC
:107DB00022689A4200F0A9807E497948E9F754FA8E
:107DC000002800F075857A4B22689A4200F0018302
:107DD000774B22689A4200F04483774B22689A429C
:107DE00000F0CB86754B22689A4240F0BC82744BFF
:107DF00062689A4240F0B782724B734A19689142A6
:107E000040F0B1821B79002B40F0AD826F48F9F74A
:107E1000CFFB6F4A6D48137AD2ED018A92ED008A4A
:107E2000527A25932492F9F733FC6A48F9F7C0FB9C
:107E3000B7EEE86AB7EEC88A67496848DDE92423E7
:107E40008DED026B8DED008BFEF79AFC54E06448DB
:107E5000644B02689A4200F09181634B02689A4237
:107E600000F0AC81614A0368934200F0DB80604A15
:107E7000934200F03E845748F9F79AFB5D49574812
:107E8000FEF77EFC38E02379002B84D15148F9F7C6
:107E90008FFB59495148FEF773FC4E48F9F7F8FB40
:107EA0004FF4FA70F8F734FDBFF34F8F5349544B3A
:107EB000CA6802F4E0621343CB60BFF34F8F00BF88
:107EC000FDE747484F4A0368934200F0FB814E4A62
:107ED000934200F04E824D4B02689A4200F0C284F9
:107EE0004B4B02689A4200F04C853A48F9F760FB28
:107EF00048493A48FEF744FC36480DF55D7DBDEC37
:107F0000048BBDE8F04FF9F7C3BB03F16C53626813
:107F100003F5991303F621039A427FF44DAF294BE1
:107F20001B78002B7FF448AF3B4C2A4822686368DB
:107F3000A668E168217C657C2592EDB2A17C249342
:107F4000E17C217D617DA17DE17D217E617EF9F76E
:107F50002FFB3249019500962048DDE92432FEF7D7
:107F60000FFCE269236A616AA06A94F82C0094F815
:107F70002D00009101902A4994F82E0094F82F00CA
:107F800094F8300094F8310094F8320094F83300FB
:107F900094F8340094F835001048FEF7F1FBABE795
:107FA00064C80024424F4F544C4F472C43414C2C43
:107FB00043414E2CC0A203084D4F544F504F5745DC
:107FC000522C73746CC8002461747573B05601240C
:107FD000800A0024700A00247CA30308C80C002433
:107FE00068C80024737461746C6973746765742C59
:107FF00065726173E0A00308B49F030800ED00E020
:108000000400FA057365742C636F6D6D636C6561B4
:1080100071756572C4A10308745A012430A2030863
:1080200078A203082021974B974A41A8E8F7CAFF96
:1080300041A836A9FCF7B4F9002840F047824CACBF
:10804000012241A92046FCF7F3F9002840F086857B
:108050008E48F9F7ADFA369A8D498E48DFF858A266
:10806000FEF78EFB2EA92046FBF70AFE002840F003
:108070007882607C002840F07482237CDF0740F126
:108080006285E26805466369D71AB7F5006F28BFB5
:108090004FF400679A4200F03C82DFF82082C3F37D
:1080A0000801002940F022822E9AB2F80A9009F1C4
:1080B000FF3919EA532900F05982A06993690238FF
:1080C000023B984280F005845189D66A01FB006624
:1080D000002E00F0FE83B7F5007F4E44C0F08C8286
:1080E00009EB57204FEA572B814238BFA1EB090B10
:1080F0005178002940F03E859AF80490B9F1050FB7
:1081000040F0388524974746A846DAF800303A46CA
:10811000314650465D695B4609F1FF39A8470028A2
:1081200000F0898519F0FF09EFD101232E9A6374BD
:10813000002A40F0E2845548F9F7AAFA2046FCF7F5
:108140002FFA002840F00F812EA92046FBF798FD5A
:10815000002840F008812E9B2060002B00F0038156
:10816000DB68302282F311889A680132002A9A6013
:1081700040F3C385002383F31188F4E0828847F23B
:1081800075339A427FF469AE8379002B7FF465AE34
:10819000414D6E7AAF7A052E00F2E1813F4B53F8E4
:1081A00026403A48F9F704FA2A7A002A00F0CD81ED
:1081B0003B4A3C493748FEF7E3FA9DE60379002B3A
:1081C0007FF450AE4CAC2046FFF75AFD002840F03B
:1081D000CD8341AD2D4EDFF8E8802E4F2946204655
:1081E000FBF78EFDB8B96B7AABB12B7ADB06F5D411
:1081F0003046F9F7DDF941462B680DF20D1238468D
:10820000FEF7BEFA3046F9F743FA29462046FBF757
:1082100077FD0028E7D0204636A9FBF731FD00287E
:1082200000F034841948F9F7C3F91F491948FEF7DB
:10823000A7FA1648F9F72CFA95E01C4B62689A42A7
:108240007FF4B5AD0F4B47F27532198891427FF438
:10825000AEAD9B78002B7FF4AAAD15490B484A6C54
:108260000B6CD1F8A4408D6925922493F9F7A0F9FD
:1082700010490848DDE92432CDE90045FEF780FACF
:108280003AE600BF6CC8002480A00308700A0024EE
:10829000B8A00308C80C0024805601249CA503083C
:1082A00090560124C89F030854A003087374617496
:1082B00000A00040E8A10308740C00245C14043002
:1082C00064A0030800230DF1A0082EAF4FF0FF3289
:1082D00036AE41AD4CAC26922793043026AAA9496C
:1082E000CDE90087C8F800303B6002963360039503
:1082F0002B60236027AB0494E8F7A8FE072828D159
:10830000269B022B25D85A1C03EB4303DDF89CC0A7
:1083100002EB42019C4AD8F800E002EB830330688C
:1083200002EB81023F682D682468C2F800E0D86241
:10833000C3F808C01F611D635C639448F9F738F9FE
:10834000269A93499348FEF71BFA9048F9F7A0F94B
:1083500009E08E48F9F72CF98F498E48FEF710FA9C
:108360008A48F9F795F90DF55D7DBDEC048BBDE804
:10837000F08F828847F269439A427FF4ACAD8379EB
:10838000002B7FF4A8AD4C2284494EA84CACE8F7F2
:1083900091FB012382482C22FF210DF27F162546F6
:1083A000C4E9000361A8E8F71FFC43234FF0FF3244
:1083B0007C485A40082142F30003013903EA0003D4
:1083C00083EA5202F7D1AE4200F0408115F8013F36
:1083D000EFE703F18443626803F5991303F50C7327
:1083E0009A427FF4F5AC704B704A196891427FF461
:1083F000EFAC9B88702B7FF4EBAC6D4A00256D4B86
:108400004CA814686C49302CA1461D70A8BF4FF0D1
:10841000300909EB49029200E8F74CFB5B48F9F799
:10842000C7F8AC4215DD4CACDFF8C881634F644E31
:10843000227A013563683146002A14BF42463A4623
:10844000544800930C3454F80C3CFEF799F94D4510
:10845000EEDB5C494F48FEF793F94C48F9F718F901
:1084600081E7594B62689A427FF4B7AC4E4A574B4A
:1084700012689A427FF4B1AC554B4CAC554A5CAD96
:10848000DE6A18212346544801E052E9020108330C
:10849000715808329D4243F8080C43F8041CF4D18B
:1084A0003A484E4F3B4EF9F783F86368394654F823
:1084B000082B3046FEF764F9AC42F6D148493548FE
:1084C000FEF75EF93148F9F7E3F84CE72F48F9F782
:1084D0006FF844492F48FEF753F92C48F9F7D8F8BC
:1084E00041E75D466169E661C1F30801C1F50076C7
:1084F00056AB4046BE42194428BF3E463246E8F7D6
:10850000D9FA6369BF1B3544B044334463617FF4D7
:10851000C6AD2E9B63B1DB68302282F311889A6866
:108520000132002A9A6040F3E183002383F311882B
:10853000002D3FF400AE174B2A462B491B68154807
:10854000DD6944F62063A8478CE523463246002FB8
:1085500077D0264900970F48FEF712F9CCE4244C57
:108560001FE601462E98FBF783FAE4E5002B40F066
:10857000C081A068012840F27B83461C00F09883EC
:10858000A0619BE508A10308F0590124700A0024AA
:1085900020A10308C80C002430A10308F8590124C5
:1085A000435952422083B8ED6CC800242C73746F79
:1085B000EC5C0124705A0124AC5A0124809F03080A
:1085C00004A30308F4A2030872656764756D700064
:1085D000D80A002464A50308A49F030834A3030851
:1085E0004CA303088CA003085C140430E49F030828
:1085F000709F03089C9F0308E1698E423FF472AFAD
:1086000094F91030002BC0F255825378002B40F0C3
:10861000B1829AF80490B9F1050F40F0AB82AB46F5
:10862000DAF80020012331465046556956AAA8477A
:1086300009F1FF3300283FF454AF13F0FF09EFD1E5
:1086400073E5B549B548FEF79BF855E4D243B44B02
:108650002265D3F80C21D00705D5B249B24AC3F838
:108660000411C3F80421FDF7EBFD002800F0478159
:10867000AE4FAF482744AA4DAE4E2224DFF8E4C2E5
:10868000D5F810315907FBD13A18A0F12003C5F8ED
:108690001461C5F80C4152F8041B43F8041B8342D3
:1086A000F9D1D5F80C3143F04003C5F80C31D5F8B9
:1086B000103113F00703FAD1D5F81021C5F80C31A9
:1086C000324240F01C8120306045D9D1D5F80C31C0
:1086D0008022994943F001039848C5F80C31E8F726
:1086E000E9F99748F8F764FF96498C48FEF748F88F
:1086F00002E48388652B7FF4BEAB93480027037A9E
:10870000002B00F00B822F211030E8F7B9FF06464E
:1087100000B1013636A8FFF7B3FA002840F02681F1
:108720004CAC2EADDFF8408228A936A8FBF7E8FA5A
:1087300038BB9DF8A93023B39DF8A830D906F3D4EF
:108740000DF1A9033EB1184631462493E8F78CFD9C
:10875000249B0028E8D0424620212846E8F732FC36
:10876000022227A926A82695FBF7C2FCE0B1014604
:108770002798FBF77DF928A936A8FBF7C1FA00284E
:10878000D7D0214636A8FBF77BFA002800F0C88135
:108790006B48F8F70DFF3A466C496048FDF7F0FF6B
:1087A0006748F8F775FFDEE50DF58279279B269976
:1087B0004846C9F80030FBF73BFB0028D7D199F9B0
:1087C0002B30002BC0F2C58199F80630DA0700F192
:1087D0002D82279AD9F81C101078B1F81AA0032816
:1087E00002D1898A4AEA014ADB060FD52046226077
:1087F000C4F808A0FFF70CFA0028B8D12046FEF70D
:108800009FFD002800F012820428B0D1D9F800B0F2
:10881000D9F81810DBF83030994204D05846FBF7ED
:1088200097FA0028A3D1D9F81C30E5221A70012349
:108830008BF80330BAF1000F06D05146D9F800008A
:10884000FFF766FA002892D12798FBF731F98146A5
:1088500027984946FBF70CF9B9F1000F7FF464AF94
:10886000013761E78388722B7FF43AAB2C4BD3F846
:108870000C21D20705D52B492B4AC3F80411C3F8A4
:108880000421274CFDF7DCFC80220021D4F80C31B8
:108890002A4843F00103C4F80C31E8F7A5F9284849
:1088A000F8F786FE27491D48FDF76AFFFFF724BB4E
:1088B000274B0146274C4FF4107218602070264851
:1088C000E8F792F901231E482370F8F771FE234957
:1088D0000BE7022130236174D26883F31188936817
:1088E0000133002B936040F3BC81002383F3118894
:1088F00021E4A1692068FFF72BF92E9A3AE6084A8D
:108900000F48D2F80C3143F00103C2F80C31F8F7EC
:108910004FFE1349E9E600BF14A00308C80C002469
:108920000020005223016745AB89EFCDE0FFE1F75E
:1089300020001E080000EA7EF0590124E0310024E6
:10894000700A0024789F030880560124D0A00308F1
:10895000EC5C0124705A0124AC5A0124D0A2030813
:10896000849F0308A0001E0880A00308C348F8F7EE
:108970001FFEC349C348FDF703FFC048F8F788FE50
:10898000F1E48388792B7FF4B0AA802200214CA8DF
:10899000E8F72AF94CA8FEF74BFC0446B748F8F76D
:1089A00007FE9DED5F0A9DED5E1AB7EEC00ADDED94
:1089B0005C8AB7EEC11ADDED4E3A9DED5D2A9DED64
:1089C0005B3AB7EEC22ADDED584ADDED575ADDEDD0
:1089D000566ADDED557A9DED5A9A9DED598A9DEDC9
:1089E000544AB7EEC99A9DED535A9DED526A9DEDDA
:1089F000517A2294A449A3488DED200B8DED1E1BC6
:108A0000B7EEE30AB7EEE81AB7EEC33AB7EEC88A94
:108A100053EC102B8DED1C2BB7EEE40AB7EEE62AD3
:108A2000B7EEC44AB7EEC66A8DED1A1B8DED183B42
:108A3000B7EEE51AB7EEE73AB7EEC55AB7EEC77A22
:108A40008DED120B8DED047B8DED101B8DED0E2B3E
:108A50008DED0C3B8DED0A4B8DED085B8DED066BBE
:108A60008DED169B8DED148B9DED506A9DED4F7A2B
:108A7000B7EEC66AB7EEC77A8DED026B8DED007B5F
:108A8000FDF77EFE7D48F8F703FE6CE4369B206020
:108A9000002B3FF4C7ABDB68302282F311889A6861
:108AA0000132002A9A6040F31A81002383F311886F
:108AB000FFF7B8BB5378002B5CD19AF80490B9F15A
:108AC000050F57D12495A3460D46DAF8002001235F
:108AD00029465046946956AA09F1FF39A047002853
:108AE00000F0EC8019F0FF09EFD101232E9A5C46CB
:108AF0008BF81130002A3FF41EABD368302282F38A
:108B000011889A680132002A9A603FF7EEAE186821
:108B100002681A605360FEF733FFE6E63E46F9E569
:108B200023683690002B3FF433AEDB68302282F3AB
:108B300011889A680132002A9A6040F3C9800023A4
:108B400083F3118824E62E9B002B3FF4F4AADB6804
:108B5000D4E727980621FAF78BFFE5E54748F8F7B1
:108B600027FD4A494748FDF70BFE4448F8F790FDBA
:108B7000FFF7F9BB01236374BFE7454B62689A4274
:108B80007FF430A9434B444A196891427FF42AA9E3
:108B90001B79002B7FF426A94FF001093F4EDFF827
:108BA0000C813F4D3F4F3548F8F702FD3268002AEF
:108BB00035DD00245FFA89F102E0013494422ED0C1
:108BC00004EB440318F803308B42F6D104EB840421
:108BD0002846F8F7EDFC284607EB8403D3ED018A1D
:108BE000D3ED039A93ED008A93ED029A1C7CF8F77B
:108BF0004FFDB7EEE94A4A46B7EEE86A2A49B7EEB2
:108C0000C99A2048B7EEC88A08948DED064B8DEDC1
:108C1000049B8DED026B8DED008BFDF7B1FD09F12D
:108C20000109B9F1070FC1D1FFF766B927980721EC
:108C3000FAF71EFF78E594F910204546B846249FC0
:108C4000002A02DB4FEA4B265BE4E069801B834588
:108C5000F8D908EB40204FF4007256A9E7F72AFF35
:108C6000F0E71068036813605A60FEF789FE3CE67F
:108C700002236374002A3FF45EAA3EE7700A0024D0
:108C800044A00308C80C00245CA10308A0A00308AA
:108C9000522C73746CC8002461747573A06700242F
:108CA0008C0A0024005D0124ACA303083081002459
:108CB00001236374002A3FF43EAA1EE79BF810309C
:108CC0005C46249D03F07F032E9A8BF810309CE4C1
:108CD000186802681A605360FEF752FE2FE71868A2
:108CE00002681A605360FEF74BFEDEE61868026801
:108CF0001A605360FEF744FE17E4186802681A60B1
:108D00005360FEF73DFEFFF735BA00BF00000000DC
:108D1000F8B505460F4600294DD10669002E44D00E
:108D200083699E4228BF01266B69002B41D0AB6945
:108D3000344606E0012837D0431C35D0A64238D04F
:108D4000AB69013428469C4203D3012E4FF0020444
:108D50002FD92146FEF7FCFE0028EBD1012C52D979
:108D6000AB69A3424FD94FF0FF3221462846FCF7AA
:108D7000F7F950B94FB1012F45D0AB699F4242D2AC
:108D8000224639462846FCF7EBF9002839D12C61F8
:108D9000D5E90523023B9A4201D8013A6A612B7951
:108DA000204643F001032B71F8BD6B690126002BAF
:108DB000BDD10020F8BDFEF7CBFE012823D9411C10
:108DC00023D0AB699842EFD36A69002AF1D07C1CAA
:108DD0002846A34298BF02242146FEF7B9FE012887
:108DE000E2D0421CE0D038B12E69012E06D9AB6921
:108DF0009E4228BF3E469BE7002CB1D1AB693E4660
:108E000096E7012801D00120F8BD4FF0FF30F8BDF2
:108E100030B5421E4FF0000E2E2500F10A0407E087
:108E200001EB0E0C0EF1010E8CF80930A24212D0AB
:108E3000944612F8013F202BACF1070CF6D0052B1D
:108E400008BFE5238445EBD101EB0E0C0EF1010EBA
:108E50008CF80950E4E700238E448EF80930C37A79
:108E600003F03F030B72C3690B60C38ACB80038B93
:108E70008B8030BD000000000000000000000000FA
:108E800038B5302484F311884839184C01448A607D
:108E90000A64A1F164020862CA600122049881F8A0
:108EA000262041F8243C41F8200C0220104B114AA6
:108EB000888403F1280501F1100041F8044CCA61CF
:108EC0000024DA6A0D6101F12C054A618B61CC63E3
:108ED0008C63106001F13002D8620846CD62C1E9AE
:108EE0000C22FEF74DFD84F3118838BD3D040208C5
:108EF000A8C80024E0A30308000000000000000050
:108F000070B400224FF0FF348E6800EB421102F182
:108F1000010CD1F800590B46002D05DAD1F80059A3
:108F200045F08045C1F80059D1F8005B002D05DA05
:108F3000D1F8005B45F08045C1F8005BB242C3F850
:108F400008496246C3F8084BDFD14FF0011370BCEB
:108F5000C0F81C38704700BF00000000000000008F
:108F6000F8B54D4B04464D4ED3F8EC2042F48072D8
:108F7000C3F8EC20D3F8142142F48072C3F8142112
:108F80003568D3F814312DB94FF490322946006B6F
:108F9000E7F72AFE424B9C4276D0424B9C426ED071
:108FA000E36A4FF080459A6942F010029A616E6A56
:108FB0009A6910070FD440F6C31705E0F7F738F8A1
:108FC000E36A9A69110706D46B6A012108209B1B8A
:108FD000BB42F3D9F8BD9A694FF0804542F00102D7
:108FE0009A616F6A9A69D2070FD440F6C31605E0FA
:108FF000F7F71EF8E36A9A69D20706D46B6A012173
:109000000820DB1BB342F3D9E4E79969626841F0B9
:1090100002019068156899615168DD61D96040F07E
:1090200003019961010633D412694FF0FF3140F218
:1090300099204FF08045C3F880209A6922F01102F0
:109040009A61012219655865C3F8E010DA659A69DA
:1090500022F001029A616E6A9B69DF07BAD540F679
:10906000C31705E0F6F7E4FFE36A9B69D807B1D5BB
:109070006B6A012108209B1BBB42F3D9F8BD336802
:1090800043F0020333608BE745F00105356084E768
:10909000D1681961C8E700BF00440258A4C8002481
:1090A000D80A00240C0B002400000000000000007F
:1090B000D0F88C2413681978042900D07047017AFD
:1090C0000229FBD1B3F80AC010B5517901228A40B8
:1090D00012EA0C0F1FFA82FE00D010BDD0E907245F
:1090E000A24213D003EB81004CEA0E0C0432C46898
:1090F0001846A3F80AC0A3694FF480749A6000224E
:10910000C3E90042BDE81040F6F7E2B980690028E3
:10911000E8D010BD000000000000000000000000CA
:1091200038B5134C00256FF00101236B04F10C00DE
:10913000A5616563A563C4E90733F8F701FA04F193
:1091400044006FF001012575D4E91923C4E91B55CA
:109150002265C4E91533F8F7F3F9201D012184F8DD
:109160004C50FAF7DDF82046BDE83840FFF7A0BFC5
:10917000C80C0024000000000000000000000000F7
:1091800038B50446052916D8DFE801F0161536165D
:109190001603302383F3118801212A48FAF7C0F817
:1091A000294B00221A7583F84C202378042B46D0D3
:1091B000002383F3118838BD302383F31188224CB8
:1091C000237D1BB194F84C30002BF1D101250221F5
:1091D0001C48FAF7A5F86FF001011C482575F8F74F
:1091E000AFF96FF001011A4884F84C50F8F7A8F96C
:1091F000002383F31188DEE7302383F311880025F1
:10920000144A154B154901610121C2E90055C2E913
:109210000255C3E90055C3E90255F6F7B1F8104B02
:10922000104A022120466261C3E90055C3E9025594
:10923000F6F7A6F8FFF774FF85F3118838BDFFF73E
:109240006FFFB5E7CC0C0024C80C0024D40C00241C
:109250000C0D0024C0590124E059012414A5030871
:10926000D059012438A503080000000000000000C8
:10927000F8B500254C4B20224C4C03F110001D8109
:1092800029469D72DD6043F6F04700262744C3E976
:109290000055E7F7A9FC464B464A9D609D819560C5
:1092A0009581C3E90055444BC2E90055C3E9005517
:1092B0009D609D8140220021204644F8105C04F806
:1092C0000C5C44F8086C44F8046CE7F78DFC4FF430
:1092D0008062002104F14000E7F786FC4FF48062D1
:1092E000002104F58860E7F77FFC4FF480620021DD
:1092F00004F50460E7F778FC4FF48062002104F580
:109300004460E7F771FC04F5825004F5A2544FF471
:10931000806200211034E7F767FCBC42CAD1274BBA
:1093200003F5506203F6F84003F6FC41C3F8F05C25
:10933000166003F60852066003F60450166003F543
:1093400051620E6003F60C51166003F61852066067
:1093500003F614500E6003F61C51166003F55262BA
:1093600083F8F45CC3F8345DC3F84C5DC3F8385D32
:10937000C3F83C5DC3F8405DC3F8445DC3F8485D85
:10938000C3F8505DC3F8545D066003F624500E60C8
:1093900003F62851166003F62C5203F5536306605A
:1093A0000E6016601E60F8BD8056012458810024AE
:1093B000C0D5002460D5002420D6002448B1002464
:1093C000DB0F49BFE4CB1640E4CB16C000000080A1
:1093D000DB0F4940DB0F49C06937AC3168212233CC
:1093E000B40F14336821A2333863ED3EDA0F493FDE
:1093F0005E987B3FDA0FC93F0020202020202020EC
:109400002020282828282820202020202020202034
:109410002020202020202020208810101010101044
:109420001010101010101010100404040404040490
:10943000040404101010101010104141414141412A
:10944000010101010101010101010101010101010C
:10945000010101011010101010104242424242421C
:1094600002020202020202020202020202020202DC
:109470000202020210101010200000000000000084
:1094800000000000000000000000000000000000DC
:1094900000000000000000000000000000000000CC
:1094A00000000000000000000000000000000000BC
:1094B00000000000000000000000000000000000AC
:1094C000000000000000000000000000000000009C
:1094D000000000000000000000000000000000008C
:1094E000000000000000000000000000000000007C
:1094F0000000000000000000000000001000002438
:10950000202020202020202020202020202020205B
:10951000303030303030303030303030303030304B
:109520000A00010002000300040005000600070015
:10953000080009000A000B000C000D000E000F00CF
:1095400010000000000000000500000019000000ED
:109550007D00000000000000000000000000F03F5F
:1095600000000000000024400000000000005940FE
:109570000000000000408F40000000000088C34051
:1095800000000000006AF8400000000080842E41C6
:1095900000000000D01263410000000084D7974112
:1095A0000000000065CDCD41000000205FA0024218
:1095B000000000E876483742000000A2941A6D428D
:1095C000000040E59C30A2420000901EC4BCD64280
:1095D00000003426F56B0C430080E03779C341432B
:1095E00000A0D8855734764300C84E676DC1AB43A1
:1095F000003D9160E458E143408CB5781DAF1544BF
:1096000050EFE2D6E41A4B4492D54D06CFF0804499
:10961000F64AE1C7022DB544B49DD9794378EA44AE
:10962000BC89D897B2D29C3C33A7A8D523F6493938
:109630003DA7F444FD0FA5329D978CCF08BA5B255A
:10964000436FAC642806C80A0080E03779C3414301
:10965000176E05B5B5B89346F5F93FE9034F384D98
:10966000321D30F94877825A3CBF737FDD4F157544
:1096700035000000CEFBFFFFCB030000010000001F
:109680000000000034000000CEFBFFFFCB03000011
:109690000100000000000000BC89D897B2D29C3CB9
:1096A00033A7A8D523F649393DA7F444FD0FA532C9
:1096B0009D978CCF08BA5B25436FAC642806681170
:1096C000202020202020202020202020202020209A
:1096D000303030303030303030303030303030308A
:1096E0000A00010002000300040005000600070054
:1096F000080009000A000B000C000D000E000F000E
:109700001000000000000000000000000000000049
:109710000000000000000000000000000000000049
:109720000000000000000000000000000000000039
:10973000000000001011121314151617181900005C
:1097400000000000001A1B1C1D1E1F00000000006E
:109750000000000000000000000000000000000009
:1097600000000000001A1B1C1D1E1F00000000004E
:1097700000000000000000000000000000000000E9
:1097800000000000000000000000000000000000D9
:1097900000000000000000000000000000000000C9
:1097A00000000000000000000000000000000000B9
:1097B00000000000000000000000000000000000A9
:1097C0000000000000000000000000000000000099
:1097D0000000000000000000000000000000000089
:1097E0000000000000000000000000000000000079
:1097F0000000000000000000000000000000000069
:10980000000000007CA60308809F0308B409002420
:109810002020202020202020202020202020202048
:109820003030303030303030303030303030303038
:10983000444D41206661696C7572650063616E001C
:10984000757362636D64000068656172746265615E
:109850007400000073706900657374006374726C47
:1098600000000000726164696F0000002A2B2C3A2E
:109870003B3C3D3E5B5D7C223F7F000046415433D4
:109880003220202000000000415454006C6F67001B
:109890002F4C4F47530000002F4C4F47532F4C4F36
:1098A00047253034752E42494E0000002F4C4F475B
:1098B000532F4C4F47393939392E42494E00000059
:1098C00065786974000000006B696C6C0000000032
:1098D00069646C65000000005148666666666666ED
:1098E0006666660054696D6555532C526174652C2B
:1098F000526F6C6C2C50697463682C5961772C50D2
:109900002C512C522C50646F742C51646F742C5257
:10991000646F74004C494E0054696D6555532C5268
:109920006174652C582C592C5A2C552C562C572CBC
:1099300055646F742C56646F742C57646F740000F8
:109940005243494E00000000514866666666420078
:1099500054696D6555532C526174652C526F6C6C53
:1099600053746B2C506974636853746B2C59617712
:1099700053746B2C54687253746B2C41726D656414
:10998000000000004F55545000000000514866662A
:109990006666000054696D6555532C526174652CE0
:1099A0005471302C5471312C5471322C5471330059
:1099B00063300000809A45418E418F80454545497E
:1099C00049498E8F9092924F994F555559999A9B2C
:1099D0009C9D9E9F41494F55A5A5A6A7A8A9AAABA6
:1099E000ACADAEAFB0B1B2B3B4B5B6B7B8B9BABB3F
:1099F000BCBDBEBFC0C1C2C3C4C5C6C7C8C9CACB2F
:109A0000CCCDCECFD0D1D2D3D4D5D6D7D8D9DADB1E
:109A1000DCDDDEDFE0E1E2E3E4E5E6E7E8E9EAEB0E
:109A2000ECEDEEEFF0F1F2F3F4F5F6F7F8F9FAFBFE
:109A3000FCFDFEFFA08601000014000000300000C5
:109A400000000000000000000000000081910308F9
:109A500091620308D1D10208D1660308010C040009
:109A600000000000000000000000000000000000F6
:109A700001000000000000000900000088980308B1
:109A8000D8980308E49803082E0000000A0000009C
:109A900014990308D8980308189903082E000000A9
:109AA00005000000409903084899030850990308ED
:109AB0001B00000006000000849903088C9903082D
:109AC000949903081A000000000000000000000044
:109AD00000180258010000000700002000000000EC
:109AE0000000000000000000000000000000000076
:109AF000001802580100000007000050000000009C
:109B00000000000000000000000000000000000055
:109B1000000802580F00000007000030000000009D
:109B20000000000000000000000000000000000035
:109B3000000802580F00000007000060000000004D
:109B40000000000000000000000000000000000015
:109B5000000802580D00000007000030000000005F
:109B600000000000000000000000000000000000F5
:109B7000000802580D00000007000060000000000F
:109B80000000000000000000B811002401010200E4
:109B90000A0000001400000019000000640000002A
:109BA000D0070000E8030000C80000005665637499
:109BB0006F72423000000000566563746F72313579
:109BC00038000000566563746F7231443400000041
:109BD000566563746F7231393000000056656374E6
:109BE0006F72313543000000566563746F72313512
:109BF00034000000566563746F7243430000000038
:109C0000566563746F7238300000000056656374E7
:109C10006F72374300000000566563746F72373807
:109C200000000000566563746F7237340000000056
:109C3000566563746F7237300000000056656374B8
:109C40006F72364300000000566563746F724443C0
:109C500000000000566563746F72313530000000FB
:109C6000566563746F724438000000005665637473
:109C70006F72313330000000566563746F7231309B
:109C800034000000566563746F7231324300000087
:109C9000566563746F723930000000005665637456
:109CA0006F72313238000000566563746F7238434A
:109CB00000000000566563746F723132340000009A
:109CC000566563746F7231323000000056656374FC
:109CD0006F72464300000000566563746F7238343B
:109CE000000000001000024008000240000802408E
:109CF00000000B0028000240080002400408024057
:109D000006010C0040000240080002400808024022
:109D100010020D0058000240080002400C080240EA
:109D200016030E00700002400C00024010080240B2
:109D300000040F00880002400C000240140802409A
:109D400006051000A00002400C0002401808024066
:109D500010061100B80002400C0002401C0802402E
:109D600016072F0010040240080402402008024099
:109D70000008380028040240080402402408024079
:109D80000609390040040240080402402808024045
:109D9000100A3A0058040240080402402C0802400D
:109DA000160B3B00700402400C04024030080240D5
:109DB000000C3C00880402400C04024034080240BD
:109DC000060D4400A00402400C0402403808024082
:109DD000100E4500B80402400C0402403C0802404A
:109DE000160F460000000000B099030800000000B4
:109DF0000000000038D1002438D300246D61696E62
:109E0000002C0438040448080C10141C20242526B7
:109E100000000000000064040100040000000000D5
:109E2000000C00102830340000010203040506076E
:109E3000080C1014182030400000000081F60208C1
:109E400051FA020831FB02084000400034D40024DB
:109E500034D400240100000044D400248000000019
:109E60004001000008000000010000000CB30308DE
:109E7000A05D0124A05D0124A05D01240CB30308B2
:109E80000000003000000030000000300CB3030878
:109E90000000003000000030000000300CB3030868
:109EA000601E0430601E0430601E04300CB30308D2
:109EB0000000003800000038000000380CB3030830
:109EC0000010002000100020001000200CB3030838
:109ED0000000000000000000000000000CB30308B8
:109EE000000080380000803800008038000000004A
:109EF000D1620308E1620308010C0308A109030809
:109F0000711203087114030881D1020891D102086B
:109F100000000000F108030831070308D107030817
:109F200011060308E10703082106030801090308D5
:109F300041070308B1D102080000000081050308B1
:109F400051040308510203082103030861020308B6
:109F5000310303089105030861040308C1D1020815
:109F600000000000286E756C6C2900002F000000B6
:109F7000756E6B6E6F776E0043414C2C4F4B0D0A24
:109F80000000000043414C2C4552522C77726974FA
:109F9000655F6661696C65640D0A00004558543A56
:109FA000000000004343435200000000424F4F5462
:109FB00000000000424F4F542C4F4B0D0A00000090
:109FC0004C4F472C000000004C4F472C5354415439
:109FD00055532C72656164792C66696C653D2573F7
:109FE0000D0A00004C4F472C5354415455532C6ECE
:109FF0006F745F72656164792C6C6173745F6572F4
:10A00000723D2575282573292C66663D25750D0A38
:10A01000000000004C4F472C5354415455532C6EB4
:10A020006F745F72656164792C6C6173745F6572C3
:10A03000723D2575282573290D0A00006C6973741B
:10A04000000000004C4F472C4552522C6E6F5F733E
:10A05000640D0A004C4F472C4C4953542C454E4438
:10A060000D0A00004C4F472C46494C452C25732CBB
:10A07000256C750D0A0000006765742C0000000057
:10A080002F4C4F47532F2573000000004C4F472C97
:10A090004552522C6E6F74666F756E640D0A000027
:10A0A0004C4F472C4552522C6F70656E5F6661694C
:10A0B0006C65640D0A0000004C4F472C53495A450B
:10A0C0002C256C750D0A0000657261736500000037
:10A0D0004C4F472C4552415345442C25640D0A00F2
:10A0E0004C4F472C4552522C756E6B6E6F776E5FDE
:10A0F000636D640D0A00000043414C2C0000000019
:10A100007365742C0000000025642C25662C2566E0
:10A110002C25662C25662C25662C25660000000063
:10A1200043414C2C5345542C25642C4F4B0D0A00B5
:10A1300043414C2C4552522C6261645F61726773DB
:10A140000D0A0000636F6D6D69740000636C6561DA
:10A1500072000000717565727900000043414C2C5B
:10A16000444154412C252E36662C252E36662C254E
:10A170002E36662C252E36662C252E36662C252E60
:10A1800036662C252E36662C252E36662C252E3648
:10A19000662C252E36662C252E36662C252E366608
:10A1A0002C252E36662C252E36662C252E36662C32
:10A1B000252E36662C252E36662C252E36662C2529
:10A1C000640D0A0043414C2C4552522C756E6B6E47
:10A1D0006F776E5F636D640D0A00000043414E2C83
:10A1E000737461747573000043414E2C5354415491
:10A1F00055532C7073723D3078253038782C656358
:10A20000723D3078253038782C72786630733D3066
:10A2100078253038782C636363723D307825303888
:10A22000780D0A0043414E2C64696167000000000C
:10A2300043414E2C444941472C627573312C746F55
:10A2400074616C5F72783D256C752C646973706104
:10A2500074636865643D256C752C6C6173745F7301
:10A2600069643D3078253033782C6C6173745F6499
:10A270006C633D25750D0A0043414E2C444941470E
:10A280002C627573322C746F74616C5F72783D252B
:10A290006C752C646973706174636865643D256CCA
:10A2A000752C6C6173745F7369643D30782530334D
:10A2B000782C6C6173745F646C633D25750D0A00C6
:10A2C00043414E2C7363616E2C7374617274000091
:10A2D00043414E2C5343414E2C7374617274656438
:10A2E0000D0A000043414E2C7363616E2C73746F32
:10A2F0007000000043414E2C5343414E2C454E44C8
:10A300000D0A000043414E2C5343414E2C69643DDD
:10A31000257330782530336C782C636F756E743DFF
:10A32000256C750D0A00000043414E2C7265676470
:10A33000756D700043414E2C5245472C25733D30BE
:10A34000782530386C780D0A0000000043414E2C0F
:10A350005245472C454E440D0A0000004D4F544FC6
:10A36000522C73746174757300000000504F574590
:10A37000522C73746174757300000000504F574580
:10A38000522C5354415455532C76616C69643D25CD
:10A39000642C6E6F64653D25752C763D252E3366E5
:10A3A0002C693D252E33660D0A0000004D4F544F99
:10A3B000522C25752C706F733D252E33662C7665D7
:10A3C0006C3D252E33662C74713D252E33662C741E
:10A3D000656D703D252E31662C763D25640D0A0095
:10A3E0006E6F6E616D6500004E42545000000000BB
:10A3F0005258474643000000525846304300000080
:10A400005258463053000000525845534300000054
:10A4100050535200454352006E6F745F7472696509
:10A420006400000073646353746172740000000080
:10A43000736463436F6E6E6563740000665F6D6F77
:10A44000756E7400665F6F70656E00006F6B000064
:10A45000040309040E034200500052004C002D007A
:10A460004600000020034200500052004C00200033
:10A47000440065006200750067002000550053002D
:10A4800042000000080337003000340004000000E0
:10A4900050A403080E00000054A403081E0000008E
:10A4A00064A403080800000084A40308120000004C
:10A4B000B4A40308120100020200004083044057C4
:10A4C000000201020301000043000000D0A40308C1
:10A4D00009024300020100C0320904000001020227
:10A4E00001000524001001052401000104240202DA
:10A4F0000524060001070582031000FF090401007E
:10A50000020A000000070501024000000705810261
:10A51000400000000200000000000000813303083A
:10A520009134030840004000C0590124E05901243F
:10A530000200000000000000030000000000000016
:10A5400021D202080000000010000000D0590124B0
:10A55000000000000100000000000000A49F0308AC
:10A5600018000000E8A303081C000000F0A3030883
:10A5700080000000F8A30308A000000000A4030866
:10A58000A400000008A40308BC01000010A40308F4
:10A590004400000014A403084000000018A40308AD
:10A5A00024A4030830A403083CA4030844A403081B
:10A5B0004CA403080A00000064000000E803000047
:10A5C00010270000A086010040420F0080969800EE
:10A5D00000E1F50500CA9A3B494E4600696E6600E7
:10A5E0004E414E006E616E003031323334353637B5
:10A5F00038396162636465660000000030313233CF
:10A60000343536373839414243444546000000006E
:10A610003000000065256C64000000004E614E00B3
:10A62000496E66696E6974790000000042616C6C65
:10A630006F63207375636365656465640000000083
:10A640002E2E2F2E2E2F2E2E2F2E2E2F2E2E2F2E25
:10A650002E2F2E2E2F2E2E2F6E65776C69622F6C6B
:10A660006962632F7374646C69622F64746F612E06
:10A6700063000000504F5349580000002E000000B6
:10A680002E2E2F2E2E2F2E2E2F2E2E2F2E2E2F2EE5
:10A690002E2F2E2E2F2E2E2F6E65776C69622F6C2B
:10A6A0006962632F7374646C69622F6D7072656385
:10A6B0002E6300006E660000696E69747900000008
:10A6C000616E00002C2066756E6374696F6E3A20AF
:10A6D00000000000617373657274696F6E2022253B
:10A6E0007322206661696C65643A2066696C652036
:10A6F000222573222C206C696E6520256425732524
:10A70000730A00002E2E2F2E2E2F2E2E2F2E2E2FA0
:10A710002E2E2F2E2E2F2E2E2F2E2E2F6E65776C57
:10A7200069622F6C6962632F7374646C69622F674E
:10A7300064746F612D6765746865782E630000002E
:10A74000C9020181B0B0AF80000000005CB201819D
:10A75000B0AF81C90000000008B10181B0B0008431
:10A760000000000008B10181B0B0008400000000CA
:10A770002414FF7F010000008417FF7FB0A902802E
:10A780001818FF7FB0B0A8806818FF7F0100000094
:10A790007418FF7FB0B0AA80A818FF7FAE71B28096
:10A7A0006C19FF7F010000006819FF7FAB3F388004
:10A7B000C819FF7F01000000D019FF7FB0B0AA8048
:10A7C0000C1AFF7F01000000B81AFF7FAA0DB280AB
:10A7D000341BFF7FB0AF0880D41DFF7F0100000055
:10A7E000D81DFF7FAD3F02805420FF7F0100000095
:10A7F0003022FF7F008404804422FF7F010000009C
:10A800004022FF7FB0AD0480E424FF7FB0A8038026
:10A810000825FF7F44FFFF7F0C25FF7F48FFFF7F58
:10A820001825FF7F010000009835FF7FB0A9128036
:10A83000F035FF7FAB08B1805836FF7F0100000084
:10A840003089FF7FFCFEFF7FD88AFF7F0100000078
:10A85000B0C7FF7FB0AF028078C9FF7F0100000062
:10A8600020D5FF7FE8FEFF7FA4E4FF7F010000000A
:10A87000FF000000000000001000002400000000A5
:10A8800000000000FC02002464030024CC03002428
:10A8900000000000000000000000000000000000B8
:10A8A00000000000000000000000000000000000A8
:10A8B0000000000000000000000000000000000098
:10A8C0000000000000000000000000000000000088
:10A8D0000000000000000000000000000000000078
:10A8E0000000000000000000000000000000000068
:10A8F0000000000000000000000000000000000058
:10A900000000000000000000000000000000000047
:10A910000000000000000000000000000000000037
:10A920000000000000000000010000000000000026
:10A930000E33CDAB34126DE6ECDE05000B000000EB
:10A940000000000000000000000000000000000007
:10A9500000000000000000000000000000000000F7
:10A9600000000000000000000000000000000000E7
:10A9700000000000000000000000000000000000D7
:10A9800000000000000000000000000000000000C7
:10A9900000000000000000000000000000000000B7
:10A9A00000000000000000000000000000000000A7
:10A9B0000000000000000000000000000000000097
:10A9C0000000000000000000000000000000000087
:10A9D0000000000000000000000000000000000077
:10A9E0000000000000000000000000000000000067
:10A9F0000000000000000000000000000000000057
:10AA00000000000000000000000000000000000046
:10AA10000000000000000000000000000000000036
:10AA20000000000000000000000000000000000026
:10AA30000000000000000000000000000000000016
:10AA40000000000000000000000000000000000006
:10AA500000000000000000000000000000000000F6
:10AA600000000000000000000000000000000000E6
:10AA700000000000000000000000000000000000D6
:10AA800000000000000000000000000000000000C6
:10AA900000000000000000000000000000000000B6
:10AAA00000000000000000000000000000000000A6
:10AAB0000000000000000000000000000000000096
:10AAC0000000000000000000000000000000000086
:10AAD0000000000000000000000000000000000076
:10AAE0000000000000000000000000000000000066
:10AAF0000000000000000000000000000000000056
:10AB00000000000000000000000000000000000045
:10AB10000000000000000000000000000000000035
:10AB20000000000000000000000000000000000025
:10AB30000000000000000000000000000000000015
:10AB40000000000000000000000000000000000005
:10AB500000000000000000000000000000000000F5
:10AB600000000000000000000000000000000000E5
:10AB700000000000000000000000000000000000D5
:10AB800000000000000000000000000000000000C5
:10AB900000000000000000000000000000000000B5
:10ABA00000000000000000000000000000000000A5
:10ABB0000000000000000000000000000000000095
:10ABC0000000000000000000000000000000000085
:10ABD0000000000000000000000000000000000075
:10ABE0000000000000000000000000000000000065
:10ABF0000000000000000000000000000000000055
:10AC00000000000000000000000000000000000044
:10AC10000000000000000000000000000000000034
:10AC20000000000000000000000000000000000024
:10AC30000000000000000000000000000000000014
:10AC40000000000000000000000000000000000004
:10AC500000000000000000000000000000000000F4
:10AC600000000000000000000000000000000000E4
:10AC700000000000000000000000000000000000D4
:10AC800000000000000000000000000000000000C4
:10AC900000000000000000000000000000000000B4
:10ACA0000000000000000000430000000000000061
:10ACB0000000000000000000000000000000000094
:10ACC0000000000000000000430000000000000041
:10ACD0000000000000000000000000000000000074
:10ACE0000000000000000000430000000000000021
:10ACF0000000000000000000000000000000000054
:10AD00000000000000000000430000000000000000
:10AD10000000000000000000000000000000000033
:10AD200000000000000000004300000000000000E0
:10AD30000000000000000000000000000000000013
:10AD400000000000000000004300000000000000C0
:10AD500000000000000000000000000000000000F3
:10AD600000000000000000004300000000000000A0
:10AD700000000000000000000000000000000000D3
:10AD80000000000000000000199002089550020821
:10AD900000000000F89303087CA60308809F0308C6
:10ADA000809F0308809F0308809F0308809F0308FB
:10ADB000809F0308809F0308809F0308809F0308EB
:10ADC000FFFFFFFFFFFFFFFFFFFFFFFFFFFF000091
:10ADD0000100415343494900000000000000000009
:10ADE0000000000000000000000000000000000063
:10ADF00000004153434949000000000000000000EA
:10AE00000000000000000000000000000000000042
:10AE1000000000000000000000000000A405002465
:10AE2000A4050024AC050024AC050024B4050024CE
:10AE3000B4050024BC050024BC050024C40500247E
:10AE4000C4050024CC050024CC050024D40500242E
:10AE5000D4050024DC050024DC050024E4050024DE
:10AE6000E4050024EC050024EC050024F40500248E
:10AE7000F4050024FC050024FC050024040600243D
:10AE8000040600240C0600240C06002414060024EA
:10AE9000140600241C0600241C060024240600249A
:10AEA000240600242C0600242C060024340600244A
:10AEB000340600243C0600243C06002444060024FA
:10AEC000440600244C0600244C06002454060024AA
:10AED000540600245C0600245C060024640600245A
:10AEE000640600246C0600246C060024740600240A
:10AEF000740600247C0600247C06002484060024BA
:10AF0000840600248C0600248C0600249406002469
:10AF1000940600249C0600249C060024A406002419
:10AF2000A4060024AC060024AC060024B4060024C9
:10AF3000B4060024BC060024BC060024C406002479
:10AF4000C4060024CC060024CC060024D406002429
:10AF5000D4060024DC060024DC060024E4060024D9
:10AF6000E4060024EC060024EC060024F406002489
:10AF7000F4060024FC060024FC0600240407002438
:10AF8000040700240C0700240C07002414070024E5
:10AF9000140700241C0700241C0700242407002495
:10AFA000240700242C0700242C0700243407002445
:10AFB000340700243C0700243C07002444070024F5
:10AFC000440700244C0700244C07002454070024A5
:10AFD000540700245C0700245C0700246407002455
:10AFE000640700246C0700246C0700247407002405
:10AFF000740700247C0700247C07002484070024B5
:10B00000840700248C0700248C0700249407002464
:10B01000940700249C0700249C070024A407002414
:10B02000A4070024AC070024AC070024B4070024C4
:10B03000B4070024BC070024BC070024C407002474
:10B04000C4070024CC070024CC070024D407002424
:10B05000D4070024DC070024DC070024E4070024D4
:10B06000E4070024EC070024EC070024F407002484
:10B07000F4070024FC070024FC0700240408002433
:10B08000040800240C0800240C08002414080024E0
:10B09000140800241C0800241C0800242408002490
:10B0A000240800242C0800242C0800243408002440
:10B0B000340800243C0800243C08002444080024F0
:10B0C000440800244C0800244C08002454080024A0
:10B0D000540800245C0800245C0800246408002450
:10B0E000640800246C0800246C0800247408002400
:10B0F000740800247C0800247C08002484080024B0
:10B10000840800248C0800248C080024940800245F
:10B11000940800249C0800249C080024A40800240F
:10B12000A4080024AC080024AC080024B4080024BF
:10B13000B4080024BC080024BC080024C40800246F
:10B14000C4080024CC080024CC080024D40800241F
:10B15000D4080024DC080024DC080024E4080024CF
:10B16000E4080024EC080024EC080024F40800247F
:10B17000F4080024FC080024FC080024040900242E
:10B18000040900240C0900240C09002414090024DB
:10B19000140900241C0900241C090024240900248B
:10B1A000240900242C0900242C090024340900243B
:10B1B000340900243C0900243C09002444090024EB
:10B1C000440900244C0900244C090024540900249B
:10B1D000540900245C0900245C090024640900244B
:10B1E000640900246C0900246C09002474090024FB
:10B1F000740900247C0900247C09002484090024AB
:10B20000840900248C0900248C090024940900245A
:10B21000940900249C0900249C090024FFFFFFFFDF
:10B2200000000200FF000000B8090024B809002453
:10B2300000000000000000000000803F000000004F
:10B2400000000000000000000000000000000000FE
:10B2500000000000000000000000000000000000EE
:10B2600000000000000000000000000000000000DE
:10B2700000000000000000000000000000000000CE
:10B2800000000000000000000000000000000000BE
:10B2900000000000000000000000000000000000AE
:10B2A0000000000001010000380A0024380A0024D0
:10B2B00000000000000000000096000000000800F0
:10B2C000500A0024500A0024000000000000000082
:10B2D000600A0024600A0024000000000000000052
:10B2E000700A0024700A0024000000000000000022
:10B2F0000000C07F0000C07F000000008C0A002416
:0CB300008C0A0024000000000000000087
:040000050802041DCC
:00000001FF
